ISO-10303-21;
HEADER;
/* Generated by software containing ST-Developer
 * from STEP Tools, Inc. (www.steptools.com) 
 */
/* OPTION: using custom renumber hook */

FILE_DESCRIPTION(
/* description */ ('STEP AP242 Edition 2',
'CAx-IF Rec.Pracs.---Representation and Presentation of Product Manufa
cturing Information (PMI)---4.0---2014-10-13',
'CAx-IF Rec.Pracs.---3D Tessellated Geometry---0.4---2014-09-14','2;1',
'CAx-IF Rec.Pracs.---User Defined Attributes---1.5---2016-08-15'),
/* implementation_level */ '2;1');

FILE_NAME(
/* name */ 'Part Studio 2',
/* time_stamp */ '2026-10-02T21:52:25Z',
/* author */ (''),
/* organization */ (''),
/* preprocessor_version */ 'ST-DEVELOPER v20',
/* originating_system */ 'ONSHAPE BY PTC INC, 1.221',
/* authorisation */ '  ');

FILE_SCHEMA (('AP242_MANAGED_MODEL_BASED_3D_ENGINEERING_MIM_LF { 1 0 10303 442 3 1 4 }'));
ENDSEC;

DATA;
#10=SHAPE_REPRESENTATION_RELATIONSHIP('','',#408,#11);
#11=ADVANCED_BREP_SHAPE_REPRESENTATION('',(#406),#3506);
#12=B_SPLINE_CURVE_WITH_KNOTS('',3,(#494,#495,#496,#497,#498,#499,#500,
#501,#502,#503,#504,#505,#506,#507,#508,#509,#510,#511),.UNSPECIFIED.,.F.,
 .F.,(4,1,1,1,1,1,1,1,1,1,1,1,1,1,1,4),(-0.00658971853601969,-0.00349695014791016,
-0.000404181759800648,0.00268858662830887,0.00578135501641839,0.0119668917926374,
0.0150596601807469,0.0181524285688564,0.021245196956966,0.0227915811510207,
0.0243379653450755,0.027430733733185,0.0305235021212945,0.0367090388975136,
0.0398018072856231,0.0428945756737326),.UNSPECIFIED.);
#13=B_SPLINE_CURVE_WITH_KNOTS('',3,(#515,#516,#517,#518,#519,#520,#521,
#522,#523,#524,#525,#526,#527,#528,#529,#530,#531,#532),.UNSPECIFIED.,.F.,
 .F.,(4,1,1,1,1,1,1,1,1,1,1,1,1,1,1,4),(-0.00658971853601969,-0.00349695014791016,
-0.000404181759800648,0.00268858662830887,0.00578135501641839,0.0119668917926374,
0.0150596601807469,0.0181524285688564,0.021245196956966,0.0227915811510207,
0.0243379653450755,0.027430733733185,0.0305235021212945,0.0367090388975136,
0.0398018072856231,0.0428945756737326),.UNSPECIFIED.);
#14=B_SPLINE_CURVE_WITH_KNOTS('',3,(#605,#606,#607,#608,#609,#610,#611,
#612,#613,#614,#615,#616,#617,#618,#619,#620,#621,#622,#623,#624,#625,#626,
#627,#628,#629,#630,#631,#632,#633,#634,#635,#636,#637,#638,#639,#640,#641,
#642,#643,#644,#645,#646,#647,#648,#649,#650,#651,#652,#653,#654,#655,#656,
#657,#658,#659,#660,#661,#662,#663,#664,#665,#666,#667,#668,#669,#670),
 .UNSPECIFIED.,.F.,.F.,(4,1,1,1,1,1,1,1,1,1,1,1,1,1,1,1,1,1,1,1,1,1,1,1,
1,1,1,1,1,1,1,1,1,1,1,1,1,1,1,1,1,1,1,1,1,1,1,1,1,1,1,1,1,1,1,1,1,1,1,1,
1,1,1,4),(0.057462407598135,0.0598228070050442,0.0610030067084988,0.0621832064119534,
0.063363406115408,0.0639535059671353,0.0645436058188626,0.0669040052257718,
0.0692644046326809,0.0716248040395901,0.0739852034464993,0.0763456028534085,
0.0810664016672268,0.083426801074136,0.0857872004810452,0.0905079992948635,
0.0952287981086819,0.0999495969225002,0.104670395736319,0.109391194550137,
0.114111993363955,0.118832792177774,0.123553590991592,0.12827438980541,
0.130634789212319,0.132995188619229,0.135355588026138,0.137715987433047,
0.142436786246865,0.144797185653775,0.147157585060684,0.149517984467593,
0.150698184171047,0.151878383874502,0.153058583577957,0.154238783281411,
0.15659918268832,0.158959582095229,0.161319981502139,0.163680380909048,
0.166040780315957,0.168401179722866,0.169581379426321,0.170761579129775,
0.173121978536684,0.175482377943594,0.177842777350503,0.180203176757412,
0.182563576164322,0.18492397557123,0.187284374978139,0.188464574681594,
0.189644774385049,0.190824974088504,0.191415073940231,0.192005173791958,
0.193185373495413,0.194365573198867,0.196725972605776,0.199086372012686,
0.201446771419595,0.203807170826504,0.206167570233413,0.208527969640322),
 .UNSPECIFIED.);
#15=B_SPLINE_CURVE_WITH_KNOTS('',3,(#674,#675,#676,#677,#678,#679,#680,
#681,#682,#683,#684,#685,#686,#687,#688,#689,#690,#691,#692,#693,#694,#695,
#696,#697,#698,#699,#700,#701,#702,#703,#704,#705,#706,#707,#708,#709,#710,
#711,#712,#713,#714,#715,#716,#717,#718,#719,#720,#721,#722,#723,#724,#725,
#726,#727,#728,#729,#730,#731,#732,#733,#734,#735,#736,#737,#738,#739),
 .UNSPECIFIED.,.F.,.F.,(4,1,1,1,1,1,1,1,1,1,1,1,1,1,1,1,1,1,1,1,1,1,1,1,
1,1,1,1,1,1,1,1,1,1,1,1,1,1,1,1,1,1,1,1,1,1,1,1,1,1,1,1,1,1,1,1,1,1,1,1,
1,1,1,4),(0.057462407598135,0.0598228070050442,0.0610030067084988,0.0621832064119534,
0.063363406115408,0.0639535059671353,0.0645436058188626,0.0669040052257718,
0.0692644046326809,0.0716248040395901,0.0739852034464993,0.0763456028534085,
0.0810664016672268,0.083426801074136,0.0857872004810452,0.0905079992948635,
0.0952287981086819,0.0999495969225002,0.104670395736319,0.109391194550137,
0.114111993363955,0.118832792177774,0.123553590991592,0.12827438980541,
0.130634789212319,0.132995188619229,0.135355588026138,0.137715987433047,
0.142436786246865,0.144797185653775,0.147157585060684,0.149517984467593,
0.150698184171047,0.151878383874502,0.153058583577957,0.154238783281411,
0.15659918268832,0.158959582095229,0.161319981502139,0.163680380909048,
0.166040780315957,0.168401179722866,0.169581379426321,0.170761579129775,
0.173121978536684,0.175482377943594,0.177842777350503,0.180203176757412,
0.182563576164322,0.18492397557123,0.187284374978139,0.188464574681594,
0.189644774385049,0.190824974088504,0.191415073940231,0.192005173791958,
0.193185373495413,0.194365573198867,0.196725972605776,0.199086372012686,
0.201446771419595,0.203807170826504,0.206167570233413,0.208527969640322),
 .UNSPECIFIED.);
#16=B_SPLINE_CURVE_WITH_KNOTS('',3,(#800,#801,#802,#803,#804,#805,#806,
#807,#808,#809,#810,#811,#812,#813,#814,#815,#816,#817,#818,#819,#820,#821,
#822,#823,#824,#825,#826,#827,#828,#829,#830,#831,#832,#833,#834,#835,#836,
#837,#838,#839,#840,#841,#842,#843,#844,#845,#846,#847,#848,#849,#850,#851,
#852),.UNSPECIFIED.,.F.,.F.,(4,1,1,1,1,1,1,1,1,1,1,1,1,1,1,1,1,1,1,1,1,
1,1,1,1,1,1,1,1,1,1,1,1,1,1,1,1,1,1,1,1,1,1,1,1,1,1,1,1,1,4),(0.216185305662154,
0.217908401862808,0.219631498063463,0.221354594264118,0.223077690464772,
0.224800786665427,0.225662334765754,0.226523882866082,0.228246979066736,
0.229970075267391,0.231693171468046,0.233416267668701,0.23686246007001,
0.240308652471319,0.243754844872628,0.247201037273938,0.250647229675247,
0.254093422076556,0.257539614477865,0.259262710678521,0.260985806879175,
0.262708903079829,0.264431999280484,0.266155095481139,0.267878191681793,
0.271324384083103,0.273047480283758,0.274770576484412,0.276493672685067,
0.277355220785395,0.278216768885721,0.279939865086377,0.281662961287031,
0.28510915368834,0.28855534608965,0.292001538490959,0.295447730892268,0.298893923293578,
0.302340115694887,0.305786308096196,0.309232500497506,0.312678692898815,
0.316124885300124,0.317847981500779,0.319571077701434,0.321294173902088,
0.323017270102743,0.32387881820307,0.324740366303397,0.325601914403725,
0.326463462504052),.UNSPECIFIED.);
#17=B_SPLINE_CURVE_WITH_KNOTS('',3,(#856,#857,#858,#859,#860,#861,#862,
#863,#864,#865,#866,#867,#868,#869,#870,#871,#872,#873,#874,#875,#876,#877,
#878,#879,#880,#881,#882,#883,#884,#885,#886,#887,#888,#889,#890,#891,#892,
#893,#894,#895,#896,#897,#898,#899,#900,#901,#902,#903,#904,#905,#906,#907,
#908),.UNSPECIFIED.,.F.,.F.,(4,1,1,1,1,1,1,1,1,1,1,1,1,1,1,1,1,1,1,1,1,
1,1,1,1,1,1,1,1,1,1,1,1,1,1,1,1,1,1,1,1,1,1,1,1,1,1,1,1,1,4),(0.216185305662154,
0.217908401862808,0.219631498063463,0.221354594264118,0.223077690464772,
0.224800786665427,0.225662334765754,0.226523882866082,0.228246979066736,
0.229970075267391,0.231693171468046,0.233416267668701,0.23686246007001,
0.240308652471319,0.243754844872628,0.247201037273938,0.250647229675247,
0.254093422076556,0.257539614477865,0.259262710678521,0.260985806879175,
0.262708903079829,0.264431999280484,0.266155095481139,0.267878191681793,
0.271324384083103,0.273047480283758,0.274770576484412,0.276493672685067,
0.277355220785395,0.278216768885721,0.279939865086377,0.281662961287031,
0.28510915368834,0.28855534608965,0.292001538490959,0.295447730892268,0.298893923293578,
0.302340115694887,0.305786308096196,0.309232500497506,0.312678692898815,
0.316124885300124,0.317847981500779,0.319571077701434,0.321294173902088,
0.323017270102743,0.32387881820307,0.324740366303397,0.325601914403725,
0.326463462504052),.UNSPECIFIED.);
#18=B_SPLINE_CURVE_WITH_KNOTS('',3,(#977,#978,#979,#980,#981,#982,#983,
#984,#985,#986,#987,#988,#989,#990,#991,#992,#993,#994,#995,#996,#997,#998,
#999,#1000,#1001,#1002,#1003,#1004,#1005,#1006,#1007,#1008,#1009,#1010,
#1011,#1012,#1013,#1014,#1015,#1016,#1017,#1018,#1019,#1020,#1021,#1022,
#1023,#1024,#1025,#1026,#1027,#1028,#1029,#1030,#1031,#1032,#1033,#1034,
#1035,#1036,#1037),.UNSPECIFIED.,.F.,.F.,(4,1,1,1,1,1,1,1,1,1,1,1,1,1,1,
1,1,1,1,1,1,1,1,1,1,1,1,1,1,1,1,1,1,1,1,1,1,1,1,1,1,1,1,1,1,1,1,1,1,1,1,
1,1,1,1,1,1,1,4),(0.327517178578489,0.329425931934578,0.331334685290666,
0.333243438646754,0.334197815324799,0.334675003663821,0.335152192002843,
0.336106568680887,0.337060945358931,0.338969698715019,0.340878452071108,
0.342787205427196,0.344695958783285,0.346604712139373,0.348513465495462,
0.350422218851551,0.352330972207639,0.354239725563727,0.358057232275904,
0.361874738988081,0.365692245700258,0.369509752412435,0.373327259124612,
0.3752360124807,0.377144765836789,0.379053519192876,0.380962272548965,0.382871025905053,
0.384779779261142,0.38668853261723,0.388597285973319,0.390506039329407,
0.392414792685496,0.39336916936354,0.394323546041584,0.395277922719629,
0.396232299397673,0.398141052753761,0.40004980610985,0.401958559465938,
0.403867312822026,0.405776066178115,0.406730442856159,0.407684819534203,
0.408639196212247,0.409593572890292,0.41150232624638,0.413411079602469,
0.415319832958557,0.419137339670734,0.42295484638291,0.426772353095087,
0.428681106451176,0.430589859807264,0.434407366519441,0.438224873231618,
0.442042379943794,0.445859886655971,0.449677393368148),.UNSPECIFIED.);
#19=B_SPLINE_CURVE_WITH_KNOTS('',3,(#1041,#1042,#1043,#1044,#1045,#1046,
#1047,#1048,#1049,#1050,#1051,#1052,#1053,#1054,#1055,#1056,#1057,#1058,
#1059,#1060,#1061,#1062,#1063,#1064,#1065,#1066,#1067,#1068,#1069,#1070,
#1071,#1072,#1073,#1074,#1075,#1076,#1077,#1078,#1079,#1080,#1081,#1082,
#1083,#1084,#1085,#1086,#1087,#1088,#1089,#1090,#1091,#1092,#1093,#1094,
#1095,#1096,#1097,#1098,#1099,#1100,#1101),.UNSPECIFIED.,.F.,.F.,(4,1,1,
1,1,1,1,1,1,1,1,1,1,1,1,1,1,1,1,1,1,1,1,1,1,1,1,1,1,1,1,1,1,1,1,1,1,1,1,
1,1,1,1,1,1,1,1,1,1,1,1,1,1,1,1,1,1,1,4),(0.327517178578489,0.329425931934578,
0.331334685290666,0.333243438646754,0.334197815324799,0.334675003663821,
0.335152192002843,0.336106568680887,0.337060945358931,0.338969698715019,
0.340878452071108,0.342787205427196,0.344695958783285,0.346604712139373,
0.348513465495462,0.350422218851551,0.352330972207639,0.354239725563727,
0.358057232275904,0.361874738988081,0.365692245700258,0.369509752412435,
0.373327259124612,0.3752360124807,0.377144765836789,0.379053519192876,0.380962272548965,
0.382871025905053,0.384779779261142,0.38668853261723,0.388597285973319,
0.390506039329407,0.392414792685496,0.39336916936354,0.394323546041584,
0.395277922719629,0.396232299397673,0.398141052753761,0.40004980610985,
0.401958559465938,0.403867312822026,0.405776066178115,0.406730442856159,
0.407684819534203,0.408639196212247,0.409593572890292,0.41150232624638,
0.413411079602469,0.415319832958557,0.419137339670734,0.42295484638291,
0.426772353095087,0.428681106451176,0.430589859807264,0.434407366519441,
0.438224873231618,0.442042379943794,0.445859886655971,0.449677393368148),
 .UNSPECIFIED.);
#20=B_SPLINE_CURVE_WITH_KNOTS('',3,(#1130,#1131,#1132,#1133,#1134,#1135,
#1136,#1137,#1138,#1139,#1140,#1141,#1142,#1143,#1144,#1145,#1146,#1147,
#1148,#1149,#1150,#1151,#1152,#1153,#1154,#1155,#1156,#1157,#1158),
 .UNSPECIFIED.,.F.,.F.,(4,1,1,1,1,1,1,1,1,1,1,1,1,1,1,1,1,1,1,1,1,1,1,1,
1,1,4),(0.467604241250602,0.468562779838982,0.469521318427361,0.47143839560412,
0.473355472780879,0.475272549957638,0.479106704311156,0.482940858664674,
0.486775013018192,0.49060916737171,0.492526244548469,0.494443321725228,
0.498277476078746,0.502111630432264,0.505945784785781,0.509779939139299,
0.511697016316058,0.513614093492817,0.515531170669576,0.517448247846335,
0.518406786434715,0.519365325023094,0.521282402199853,0.523199479376612,
0.525116556553371,0.52703363373013,0.528950710906889),.UNSPECIFIED.);
#21=B_SPLINE_CURVE_WITH_KNOTS('',3,(#1162,#1163,#1164,#1165,#1166,#1167,
#1168,#1169,#1170,#1171,#1172,#1173,#1174,#1175,#1176,#1177,#1178,#1179,
#1180,#1181,#1182,#1183,#1184,#1185,#1186,#1187,#1188,#1189,#1190),
 .UNSPECIFIED.,.F.,.F.,(4,1,1,1,1,1,1,1,1,1,1,1,1,1,1,1,1,1,1,1,1,1,1,1,
1,1,4),(0.467604241250602,0.468562779838982,0.469521318427361,0.47143839560412,
0.473355472780879,0.475272549957638,0.479106704311156,0.482940858664674,
0.486775013018192,0.49060916737171,0.492526244548469,0.494443321725228,
0.498277476078746,0.502111630432264,0.505945784785781,0.509779939139299,
0.511697016316058,0.513614093492817,0.515531170669576,0.517448247846335,
0.518406786434715,0.519365325023094,0.521282402199853,0.523199479376612,
0.525116556553371,0.52703363373013,0.528950710906889),.UNSPECIFIED.);
#22=B_SPLINE_CURVE_WITH_KNOTS('',3,(#1369,#1370,#1371,#1372,#1373,#1374,
#1375,#1376,#1377,#1378,#1379,#1380,#1381,#1382,#1383,#1384,#1385,#1386,
#1387,#1388,#1389,#1390,#1391,#1392,#1393,#1394,#1395,#1396,#1397,#1398,
#1399,#1400,#1401,#1402,#1403,#1404,#1405,#1406,#1407,#1408,#1409,#1410,
#1411,#1412,#1413,#1414,#1415,#1416,#1417,#1418,#1419,#1420,#1421,#1422,
#1423,#1424,#1425,#1426,#1427,#1428,#1429,#1430,#1431,#1432,#1433,#1434,
#1435,#1436,#1437,#1438,#1439,#1440,#1441,#1442,#1443,#1444,#1445,#1446,
#1447,#1448,#1449,#1450,#1451,#1452,#1453,#1454,#1455,#1456,#1457,#1458,
#1459,#1460,#1461,#1462,#1463,#1464,#1465,#1466,#1467,#1468,#1469,#1470,
#1471,#1472,#1473,#1474,#1475,#1476,#1477,#1478,#1479,#1480,#1481,#1482,
#1483,#1484,#1485,#1486,#1487,#1488,#1489,#1490,#1491,#1492,#1493,#1494,
#1495,#1496,#1497,#1498,#1499,#1500,#1501,#1502,#1503,#1504,#1505,#1506,
#1507,#1508,#1509,#1510,#1511,#1512,#1513,#1514,#1515,#1516,#1517,#1518,
#1519,#1520,#1521,#1522,#1523,#1524,#1525,#1526,#1527,#1528,#1529,#1530,
#1531,#1532,#1533,#1534,#1535,#1536,#1537,#1538,#1539,#1540,#1541,#1542,
#1543,#1544,#1545,#1546,#1547,#1548,#1549),.UNSPECIFIED.,.F.,.F.,(4,1,1,
1,1,1,1,1,1,1,1,1,1,1,1,1,1,1,1,1,1,1,1,1,1,1,1,1,1,1,1,1,1,1,1,1,1,1,1,
1,1,1,1,1,1,1,1,1,1,1,1,1,1,1,1,1,1,1,1,1,1,1,1,1,1,1,1,1,1,1,1,1,1,1,1,
1,1,1,1,1,1,1,1,1,1,1,1,1,1,1,1,1,1,1,1,1,1,1,1,1,1,1,1,1,1,1,1,1,1,1,1,
1,1,1,1,1,1,1,1,1,1,1,1,1,1,1,1,1,1,1,1,1,1,1,1,1,1,1,1,1,1,1,1,1,1,1,1,
1,1,1,1,1,1,1,1,1,1,1,1,1,1,1,1,1,1,1,1,1,1,1,1,1,1,1,1,1,1,1,4),(0.53799518481674,
0.539821903277589,0.541648621738437,0.545302058660135,0.547128777120984,
0.548955495581833,0.550782214042682,0.552608932503531,0.554435650964379,
0.556262369425228,0.559915806346926,0.563569243268624,0.567222680190321,
0.56904939865117,0.570876117112019,0.574529554033717,0.578182990955414,
0.581836427877112,0.58548986479881,0.587316583259659,0.589143301720507,
0.590056660950932,0.590970020181356,0.592796738642205,0.596450175563903,
0.598276894024752,0.600103612485601,0.601930330946449,0.603757049407298,
0.604670408637723,0.605583767868147,0.607410486328996,0.609237204789845,
0.611063923250694,0.614717360172391,0.618370797094089,0.622024234015787,
0.625677670937484,0.629331107859182,0.63298454478088,0.634811263241729,
0.636637981702577,0.640291418624275,0.643944855545973,0.64759829246767,
0.649425010928519,0.651251729389368,0.654905166311066,0.658558603232764,
0.662212040154461,0.66403875861531,0.665865477076159,0.666778836306583,
0.667692195537008,0.669518913997857,0.671345632458706,0.673172350919554,
0.674999069380403,0.676825787841252,0.678652506302101,0.679565865532525,
0.68047922476295,0.681392583993374,0.682305943223799,0.684132661684647,
0.687786098606345,0.691439535528043,0.693266253988892,0.69509297244974,
0.696919690910589,0.697833050141014,0.698746409371438,0.702399846293136,
0.706053283214834,0.709706720136531,0.71153343859738,0.713360157058229,
0.717013593979927,0.720667030901624,0.724320467823322,0.72797390474502,
0.731627341666717,0.733454060127566,0.735280778588415,0.737107497049264,
0.738020856279688,0.738934215510113,0.740760933970962,0.742587652431811,
0.744414370892659,0.746241089353508,0.748067807814357,0.749894526275206,
0.75080788550563,0.751721244736055,0.753547963196904,0.755374681657752,
0.757201400118601,0.760854837040299,0.764508273961997,0.768161710883694,
0.769988429344543,0.771815147805392,0.772728507035816,0.773641866266241,
0.77546858472709,0.777295303187939,0.779122021648787,0.782775458570485,
0.784602177031334,0.786428895492183,0.788255613953032,0.789168973183456,
0.79008233241388,0.790995691644305,0.791909050874729,0.793735769335578,
0.795562487796427,0.797389206257276,0.801042643178973,0.804696080100671,
0.808349517022369,0.812002953944067,0.815656390865764,0.819309827787462,
0.82296326470916,0.824789983170009,0.826616701630857,0.828443420091706,
0.830270138552555,0.832096857013404,0.833923575474253,0.835750293935102,
0.83757701239595,0.839403730856799,0.841230449317648,0.844883886239346,
0.848537323161044,0.852190760082741,0.855844197004439,0.859497633926137,
0.863151070847834,0.866804507769532,0.87045794469123,0.874111381612927,
0.877764818534625,0.881418255456323,0.88507169237802,0.886898410838869,
0.888725129299718,0.892378566221416,0.896032003143114,0.899685440064811,
0.903338876986509,0.906992313908207,0.910645750829904,0.912472469290753,
0.914299187751602,0.9179526246733,0.921606061594997,0.925259498516695,0.93256637236009,
0.936219809281788,0.939873246203486,0.943526683125183,0.947180120046881,
0.950833556968579,0.954486993890276,0.958140430811974,0.961793867733672,
0.96544730465537,0.969100741577067,0.972754178498765,0.976407615420463,
0.983714489263858,0.991021363107253,0.998328236950649,1.00198167387235,
1.00563511079404),.UNSPECIFIED.);
#23=B_SPLINE_CURVE_WITH_KNOTS('',3,(#1550,#1551,#1552,#1553,#1554,#1555,
#1556,#1557,#1558,#1559,#1560,#1561,#1562,#1563,#1564,#1565,#1566,#1567,
#1568,#1569,#1570,#1571,#1572,#1573,#1574,#1575,#1576,#1577,#1578,#1579,
#1580,#1581,#1582,#1583,#1584,#1585,#1586,#1587,#1588,#1589,#1590,#1591,
#1592,#1593,#1594,#1595,#1596,#1597,#1598,#1599,#1600,#1601,#1602,#1603,
#1604,#1605,#1606,#1607,#1608,#1609,#1610,#1611,#1612,#1613,#1614,#1615,
#1616,#1617,#1618,#1619,#1620,#1621,#1622,#1623,#1624,#1625,#1626,#1627,
#1628,#1629,#1630,#1631,#1632,#1633,#1634,#1635,#1636,#1637,#1638,#1639,
#1640,#1641,#1642,#1643,#1644,#1645,#1646,#1647,#1648,#1649,#1650,#1651,
#1652,#1653,#1654,#1655,#1656,#1657,#1658,#1659,#1660,#1661,#1662,#1663,
#1664,#1665,#1666,#1667,#1668,#1669,#1670,#1671,#1672,#1673,#1674,#1675,
#1676,#1677,#1678,#1679,#1680,#1681,#1682,#1683,#1684,#1685,#1686,#1687,
#1688,#1689,#1690,#1691,#1692,#1693,#1694,#1695,#1696,#1697,#1698,#1699,
#1700,#1701,#1702,#1703,#1704,#1705,#1706,#1707,#1708,#1709,#1710,#1711,
#1712,#1713,#1714,#1715,#1716,#1717,#1718,#1719,#1720,#1721,#1722,#1723,
#1724,#1725,#1726,#1727,#1728,#1729,#1730),.UNSPECIFIED.,.F.,.F.,(4,1,1,
1,1,1,1,1,1,1,1,1,1,1,1,1,1,1,1,1,1,1,1,1,1,1,1,1,1,1,1,1,1,1,1,1,1,1,1,
1,1,1,1,1,1,1,1,1,1,1,1,1,1,1,1,1,1,1,1,1,1,1,1,1,1,1,1,1,1,1,1,1,1,1,1,
1,1,1,1,1,1,1,1,1,1,1,1,1,1,1,1,1,1,1,1,1,1,1,1,1,1,1,1,1,1,1,1,1,1,1,1,
1,1,1,1,1,1,1,1,1,1,1,1,1,1,1,1,1,1,1,1,1,1,1,1,1,1,1,1,1,1,1,1,1,1,1,1,
1,1,1,1,1,1,1,1,1,1,1,1,1,1,1,1,1,1,1,1,1,1,1,1,1,1,1,1,1,1,1,4),(0.53799518481674,
0.539821903277589,0.541648621738437,0.545302058660135,0.547128777120984,
0.548955495581833,0.550782214042682,0.552608932503531,0.554435650964379,
0.556262369425228,0.559915806346926,0.563569243268624,0.567222680190321,
0.56904939865117,0.570876117112019,0.574529554033717,0.578182990955414,
0.581836427877112,0.58548986479881,0.587316583259659,0.589143301720507,
0.590056660950932,0.590970020181356,0.592796738642205,0.596450175563903,
0.598276894024752,0.600103612485601,0.601930330946449,0.603757049407298,
0.604670408637723,0.605583767868147,0.607410486328996,0.609237204789845,
0.611063923250694,0.614717360172391,0.618370797094089,0.622024234015787,
0.625677670937484,0.629331107859182,0.63298454478088,0.634811263241729,
0.636637981702577,0.640291418624275,0.643944855545973,0.64759829246767,
0.649425010928519,0.651251729389368,0.654905166311066,0.658558603232764,
0.662212040154461,0.66403875861531,0.665865477076159,0.666778836306583,
0.667692195537008,0.669518913997857,0.671345632458706,0.673172350919554,
0.674999069380403,0.676825787841252,0.678652506302101,0.679565865532525,
0.68047922476295,0.681392583993374,0.682305943223799,0.684132661684647,
0.687786098606345,0.691439535528043,0.693266253988892,0.69509297244974,
0.696919690910589,0.697833050141014,0.698746409371438,0.702399846293136,
0.706053283214834,0.709706720136531,0.71153343859738,0.713360157058229,
0.717013593979927,0.720667030901624,0.724320467823322,0.72797390474502,
0.731627341666717,0.733454060127566,0.735280778588415,0.737107497049264,
0.738020856279688,0.738934215510113,0.740760933970962,0.742587652431811,
0.744414370892659,0.746241089353508,0.748067807814357,0.749894526275206,
0.75080788550563,0.751721244736055,0.753547963196904,0.755374681657752,
0.757201400118601,0.760854837040299,0.764508273961997,0.768161710883694,
0.769988429344543,0.771815147805392,0.772728507035816,0.773641866266241,
0.77546858472709,0.777295303187939,0.779122021648787,0.782775458570485,
0.784602177031334,0.786428895492183,0.788255613953032,0.789168973183456,
0.79008233241388,0.790995691644305,0.791909050874729,0.793735769335578,
0.795562487796427,0.797389206257276,0.801042643178973,0.804696080100671,
0.808349517022369,0.812002953944067,0.815656390865764,0.819309827787462,
0.82296326470916,0.824789983170009,0.826616701630857,0.828443420091706,
0.830270138552555,0.832096857013404,0.833923575474253,0.835750293935102,
0.83757701239595,0.839403730856799,0.841230449317648,0.844883886239346,
0.848537323161044,0.852190760082741,0.855844197004439,0.859497633926137,
0.863151070847834,0.866804507769532,0.87045794469123,0.874111381612927,
0.877764818534625,0.881418255456323,0.88507169237802,0.886898410838869,
0.888725129299718,0.892378566221416,0.896032003143114,0.899685440064811,
0.903338876986509,0.906992313908207,0.910645750829904,0.912472469290753,
0.914299187751602,0.9179526246733,0.921606061594997,0.925259498516695,0.93256637236009,
0.936219809281788,0.939873246203486,0.943526683125183,0.947180120046881,
0.950833556968579,0.954486993890276,0.958140430811974,0.961793867733672,
0.96544730465537,0.969100741577067,0.972754178498765,0.976407615420463,
0.983714489263858,0.991021363107253,0.998328236950649,1.00198167387235,
1.00563511079404),.UNSPECIFIED.);
#24=B_SPLINE_CURVE_WITH_KNOTS('',3,(#2047,#2048,#2049,#2050,#2051,#2052,
#2053,#2054,#2055,#2056,#2057,#2058,#2059,#2060,#2061,#2062,#2063,#2064,
#2065,#2066,#2067,#2068,#2069,#2070,#2071,#2072,#2073,#2074,#2075,#2076,
#2077,#2078,#2079,#2080,#2081,#2082,#2083,#2084,#2085,#2086,#2087,#2088,
#2089,#2090,#2091,#2092,#2093,#2094,#2095,#2096,#2097,#2098,#2099,#2100,
#2101),.UNSPECIFIED.,.F.,.F.,(4,1,1,1,1,1,1,1,1,1,1,1,1,1,1,1,1,1,1,1,1,
1,1,1,1,1,1,1,1,1,1,1,1,1,1,1,1,1,1,1,1,1,1,1,1,1,1,1,1,1,1,1,4),(0.,0.0230362852817259,
0.0493169673114759,0.0634851972513539,0.0829356787731467,0.10295612418174,
0.129558728040433,0.152241615371861,0.170144940061062,0.191085725731464,
0.210570702251287,0.226318419832244,0.263245525659238,0.277822512354656,
0.29589497104922,0.324672542991758,0.334479569430364,0.349407131520704,
0.364441447239684,0.380167180218927,0.394536560792379,0.407409675269633,
0.428877922359966,0.457375194140808,0.4681855818795,0.492864550373834,0.517542194927418,
0.534026735769308,0.552105043663793,0.57034567550516,0.590557340270776,
0.603934724299038,0.620435883227407,0.634024782978271,0.650318210209704,
0.666978723071936,0.679320615898003,0.697209552629889,0.71317949225338,
0.738111891730412,0.750198179127387,0.771977061549165,0.790141345706471,
0.809757973699253,0.826860222610835,0.840299374101715,0.867080831883685,
0.887994890426278,0.912893582025382,0.939548190281405,0.956978373759595,
0.976643835557056,1.),.UNSPECIFIED.);
#25=B_SPLINE_CURVE_WITH_KNOTS('',3,(#2102,#2103,#2104,#2105,#2106,#2107,
#2108,#2109,#2110,#2111,#2112,#2113,#2114,#2115,#2116,#2117,#2118,#2119,
#2120,#2121,#2122,#2123,#2124,#2125,#2126,#2127,#2128,#2129,#2130,#2131,
#2132,#2133,#2134,#2135,#2136,#2137,#2138,#2139,#2140,#2141,#2142,#2143,
#2144,#2145,#2146,#2147,#2148,#2149,#2150,#2151,#2152,#2153,#2154,#2155,
#2156),.UNSPECIFIED.,.F.,.F.,(4,1,1,1,1,1,1,1,1,1,1,1,1,1,1,1,1,1,1,1,1,
1,1,1,1,1,1,1,1,1,1,1,1,1,1,1,1,1,1,1,1,1,1,1,1,1,1,1,1,1,1,1,4),(0.,0.0230362852817259,
0.0493169673114759,0.0634851972513539,0.0829356787731467,0.10295612418174,
0.129558728040433,0.152241615371861,0.170144940061062,0.191085725731464,
0.210570702251287,0.226318419832244,0.263245525659238,0.277822512354656,
0.29589497104922,0.324672542991758,0.334479569430364,0.349407131520704,
0.364441447239684,0.380167180218927,0.394536560792379,0.407409675269633,
0.428877922359966,0.457375194140808,0.4681855818795,0.492864550373834,0.517542194927418,
0.534026735769308,0.552105043663793,0.57034567550516,0.590557340270776,
0.603934724299038,0.620435883227407,0.634024782978271,0.650318210209704,
0.666978723071936,0.679320615898003,0.697209552629889,0.71317949225338,
0.738111891730412,0.750198179127387,0.771977061549165,0.790141345706471,
0.809757973699253,0.826860222610835,0.840299374101715,0.867080831883685,
0.887994890426278,0.912893582025382,0.939548190281405,0.956978373759595,
0.976643835557056,1.),.UNSPECIFIED.);
#26=B_SPLINE_CURVE_WITH_KNOTS('',3,(#2162,#2163,#2164,#2165,#2166,#2167,
#2168,#2169,#2170,#2171,#2172,#2173,#2174,#2175,#2176,#2177,#2178,#2179,
#2180,#2181,#2182,#2183,#2184,#2185,#2186,#2187,#2188,#2189,#2190,#2191,
#2192,#2193,#2194,#2195,#2196,#2197,#2198,#2199,#2200,#2201,#2202,#2203,
#2204,#2205,#2206,#2207,#2208,#2209,#2210,#2211,#2212,#2213,#2214,#2215,
#2216,#2217,#2218,#2219,#2220,#2221,#2222,#2223,#2224,#2225,#2226,#2227,
#2228,#2229,#2230,#2231,#2232,#2233,#2234,#2235,#2236,#2237,#2238,#2239,
#2240,#2241,#2242,#2243,#2244,#2245,#2246,#2247,#2248,#2249,#2250,#2251,
#2252,#2253,#2254,#2255,#2256,#2257,#2258,#2259,#2260,#2261,#2262),
 .UNSPECIFIED.,.F.,.F.,(4,1,1,1,1,1,1,1,1,1,1,1,1,1,1,1,1,1,1,1,1,1,1,1,
1,1,1,1,1,1,1,1,1,1,1,1,1,1,1,1,1,1,1,1,1,1,1,1,1,1,1,1,1,1,1,1,1,1,1,1,
1,1,1,1,1,1,1,1,1,1,1,1,1,1,1,1,1,1,1,1,1,1,1,1,1,1,1,1,1,1,1,1,1,1,1,1,
1,1,4),(0.747744015833598,0.748773415074826,0.749802814316054,0.750832213557283,
0.751861612798511,0.75289101203974,0.753920411280968,0.755979209763425,
0.758038008245882,0.760096806728339,0.762155605210796,0.764214403693253,
0.76627320217571,0.768332000658167,0.770390799140624,0.771420198381853,
0.772449597623081,0.77347899686431,0.774508396105538,0.776567194587995,
0.778625993070452,0.780684791552909,0.782743590035366,0.784802388517823,
0.78686118700028,0.787890586241508,0.788919985482737,0.789949384723965,
0.790978783965194,0.792008183206422,0.793037582447651,0.795096380930108,
0.797155179412565,0.799213977895022,0.801272776377479,0.803331574859935,
0.805390373342392,0.807449171824849,0.809507970307306,0.81362556727222,
0.817743164237134,0.821860761202048,0.823919559684505,0.825978358166962,
0.828037156649419,0.830095955131876,0.832154753614333,0.83421355209679,
0.836272350579247,0.838331149061704,0.840389947544161,0.842448746026618,
0.844507544509075,0.846566342991532,0.850683939956445,0.854801536921359,
0.858919133886273,0.863036730851187,0.867154327816101,0.871271924781015,
0.875389521745929,0.879507118710843,0.883624715675757,0.885683514158214,
0.887742312640671,0.889801111123128,0.891859909605585,0.893918708088042,
0.895977506570499,0.900095103535413,0.904212700500327,0.908330297465241,
0.910389095947697,0.912447894430154,0.914506692912611,0.916565491395068,
0.918624289877525,0.920683088359982,0.924800685324896,0.92891828228981,
0.933035879254724,0.937153476219638,0.941271073184552,0.945388670149466,
0.94950626711438,0.953623864079294,0.95568266256175,0.957741461044207,0.959800259526664,
0.961859058009121,0.965976654974035,0.970094251938949,0.974211848903863,
0.978329445868777,0.986564639798605,0.994799833728433,0.998917430693347,
1.00303502765826,1.01127022158809),.UNSPECIFIED.);
#27=B_SPLINE_CURVE_WITH_KNOTS('',3,(#2264,#2265,#2266,#2267,#2268,#2269,
#2270,#2271,#2272,#2273,#2274,#2275,#2276,#2277,#2278,#2279,#2280,#2281,
#2282,#2283,#2284,#2285,#2286,#2287,#2288,#2289,#2290),.UNSPECIFIED.,.F.,
 .F.,(4,1,1,1,1,1,1,1,1,1,1,1,1,1,1,1,1,1,1,1,1,1,1,1,4),(0.681709548602483,
0.683392551895468,0.685075555188453,0.686758558481438,0.688441561774422,
0.691807568360392,0.693490571653377,0.695173574946362,0.696856578239346,
0.698539581532331,0.700222584825316,0.701905588118301,0.705271594704271,
0.70863760129024,0.710320604583225,0.71200360787621,0.713686611169194,0.715369614462179,
0.717052617755164,0.718735621048149,0.722101627634118,0.725467634220088,
0.728833640806058,0.732199647392027,0.735565653977997),.UNSPECIFIED.);
#28=B_SPLINE_CURVE_WITH_KNOTS('',3,(#2292,#2293,#2294,#2295,#2296,#2297,
#2298,#2299,#2300,#2301,#2302,#2303,#2304,#2305,#2306,#2307,#2308,#2309,
#2310,#2311,#2312,#2313,#2314,#2315,#2316,#2317,#2318,#2319,#2320,#2321,
#2322,#2323,#2324,#2325,#2326,#2327,#2328,#2329,#2330,#2331,#2332,#2333,
#2334,#2335,#2336,#2337,#2338,#2339,#2340,#2341,#2342,#2343,#2344,#2345,
#2346,#2347,#2348,#2349,#2350,#2351,#2352,#2353,#2354,#2355,#2356,#2357),
 .UNSPECIFIED.,.F.,.F.,(4,1,1,1,1,1,1,1,1,1,1,1,1,1,1,1,1,1,1,1,1,1,1,1,
1,1,1,1,1,1,1,1,1,1,1,1,1,1,1,1,1,1,1,1,1,1,1,1,1,1,1,1,1,1,1,1,1,1,1,1,
1,1,1,4),(0.544572974942998,0.546597347931384,0.54862172091977,0.550646093908156,
0.552670466896542,0.554694839884928,0.556719212873314,0.560767958850085,
0.564816704826857,0.566841077815243,0.568865450803629,0.570889823792015,
0.5729141967804,0.574938569768786,0.576962942757172,0.581011688733944,0.585060434710716,
0.587084807699101,0.589109180687487,0.59012136718168,0.591133553675873,
0.593157926664259,0.595182299652645,0.597206672641031,0.599231045629417,
0.601255418617803,0.603279791606188,0.604291978100381,0.605304164594574,
0.606316351088767,0.60732853758296,0.609352910571346,0.611377283559732,
0.613401656548118,0.617450402524889,0.621499148501661,0.625547894478433,
0.627572267466819,0.629596640455205,0.63162101344359,0.633645386431976,
0.635669759420362,0.637694132408748,0.64174287838552,0.643767251373906,
0.645791624362291,0.647815997350677,0.64882818384487,0.649840370339063,
0.651864743327449,0.653889116315835,0.655913489304221,0.657937862292607,
0.659962235280992,0.661986608269378,0.664010981257764,0.665023167751957,
0.66603535424615,0.667047540740343,0.668059727234536,0.670084100222922,
0.672108473211308,0.6731206597055,0.674132846199693),.UNSPECIFIED.);
#29=B_SPLINE_CURVE_WITH_KNOTS('',3,(#2359,#2360,#2361,#2362,#2363,#2364,
#2365,#2366,#2367,#2368,#2369,#2370,#2371,#2372,#2373,#2374,#2375,#2376,
#2377,#2378,#2379,#2380),.UNSPECIFIED.,.F.,.F.,(4,1,1,1,1,1,1,1,1,1,1,1,
1,1,1,1,1,1,1,4),(0.47203617447465,0.475193469179407,0.478350763884163,
0.484665353293677,0.487822647998433,0.49097994270319,0.492558590055568,
0.494137237407947,0.497294532112703,0.50045182681746,0.503609121522217,
0.506766416226973,0.50992371093173,0.513081005636487,0.516238300341243,
0.517027624017432,0.517816947693622,0.519395595046,0.520974242398378,0.522552889750756),
 .UNSPECIFIED.);
#30=B_SPLINE_CURVE_WITH_KNOTS('',3,(#2382,#2383,#2384,#2385,#2386,#2387,
#2388,#2389,#2390,#2391,#2392,#2393,#2394,#2395,#2396,#2397,#2398),
 .UNSPECIFIED.,.F.,.F.,(4,1,1,1,1,1,1,1,1,1,1,1,1,1,4),(0.412749187472295,
0.414789017872712,0.416828848273129,0.418868678673547,0.420908509073964,
0.422948339474382,0.4249881698748,0.427028000275217,0.429067830675634,0.431107661076051,
0.433147491476469,0.435187321876887,0.437227152277304,0.441306813078139,
0.445386473878974),.UNSPECIFIED.);
#31=B_SPLINE_CURVE_WITH_KNOTS('',3,(#2400,#2401,#2402,#2403,#2404,#2405,
#2406,#2407,#2408,#2409,#2410,#2411,#2412,#2413,#2414,#2415,#2416,#2417,
#2418,#2419,#2420,#2421,#2422,#2423,#2424,#2425,#2426,#2427,#2428,#2429,
#2430,#2431,#2432,#2433,#2434,#2435,#2436,#2437,#2438,#2439,#2440,#2441,
#2442,#2443,#2444,#2445,#2446,#2447,#2448,#2449,#2450),.UNSPECIFIED.,.F.,
 .F.,(4,1,1,1,1,1,1,1,1,1,1,1,1,1,1,1,1,1,1,1,1,1,1,1,1,1,1,1,1,1,1,1,1,
1,1,1,1,1,1,1,1,1,1,1,1,1,1,1,4),(0.331952256322667,0.333060163882244,0.333614117662031,
0.33416807144182,0.334722025221608,0.335275979001396,0.335829932781185,
0.336383886560973,0.33749179412055,0.338599701680126,0.340815516799279,
0.343031331918432,0.345247147037585,0.346355054597161,0.347462962156738,
0.348570869716315,0.349678777275891,0.350786684835467,0.351894592395044,
0.353002499954621,0.354110407514197,0.35632622263335,0.358542037752502,
0.360757852871656,0.362973667990808,0.367405298229114,0.371836928467421,
0.374052743586574,0.376268558705726,0.378484373824879,0.380700188944033,
0.381808096503609,0.382916004063185,0.385131819182338,0.387347634301491,
0.389563449420645,0.391779264539798,0.392887172099374,0.393995079658951,
0.394549033438738,0.395102987218527,0.395656940998315,0.396210894778104,
0.39731880233768,0.398426709897256,0.399534617456833,0.40064252501641,0.401750432575986,
0.402858340135562),.UNSPECIFIED.);
#32=B_SPLINE_CURVE_WITH_KNOTS('',3,(#2452,#2453,#2454,#2455,#2456,#2457,
#2458,#2459,#2460,#2461,#2462,#2463,#2464,#2465,#2466,#2467,#2468,#2469,
#2470,#2471,#2472,#2473,#2474,#2475,#2476,#2477,#2478,#2479,#2480,#2481,
#2482,#2483,#2484,#2485,#2486,#2487,#2488,#2489,#2490,#2491,#2492,#2493,
#2494,#2495,#2496,#2497,#2498,#2499,#2500,#2501,#2502,#2503),
 .UNSPECIFIED.,.F.,.F.,(4,1,1,1,1,1,1,1,1,1,1,1,1,1,1,1,1,1,1,1,1,1,1,1,
1,1,1,1,1,1,1,1,1,1,1,1,1,1,1,1,1,1,1,1,1,1,1,1,1,4),(0.220602509478908,
0.222180180487065,0.22375785149522,0.225335522503376,0.226913193511532,
0.228490864519687,0.230068535527843,0.231646206535998,0.233223877544154,
0.236379219560466,0.239534561576777,0.245845245609399,0.249000587625711,
0.252155929642022,0.255311271658334,0.258466613674645,0.2600442846828,0.261621955690957,
0.262410791195034,0.263199626699112,0.264777297707268,0.266354968715424,
0.267143804219501,0.267932639723579,0.268721475227657,0.269510310731734,
0.270299146235812,0.27108798173989,0.271876817243968,0.272665652748046,
0.273454488252124,0.274243323756201,0.275820994764358,0.276609830268435,
0.277398665772513,0.278187501276591,0.278976336780668,0.280554007788824,
0.28213167879698,0.283709349805136,0.286864691821447,0.290020033837758,
0.29317537585407,0.296330717870381,0.302641401903004,0.308952085935627,
0.312107427951938,0.315262769968249,0.31841811198456,0.321573454000872),
 .UNSPECIFIED.);
#33=B_SPLINE_CURVE_WITH_KNOTS('',3,(#2505,#2506,#2507,#2508,#2509,#2510,
#2511,#2512,#2513,#2514,#2515,#2516,#2517,#2518,#2519,#2520,#2521,#2522,
#2523,#2524,#2525,#2526,#2527,#2528,#2529,#2530,#2531,#2532,#2533,#2534,
#2535,#2536,#2537,#2538,#2539,#2540,#2541,#2542,#2543,#2544,#2545,#2546,
#2547,#2548,#2549,#2550,#2551,#2552,#2553,#2554,#2555,#2556,#2557,#2558,
#2559,#2560,#2561,#2562,#2563,#2564,#2565,#2566,#2567,#2568,#2569,#2570,
#2571,#2572,#2573,#2574,#2575,#2576,#2577,#2578,#2579),.UNSPECIFIED.,.F.,
 .F.,(4,1,1,1,1,1,1,1,1,1,1,1,1,1,1,1,1,1,1,1,1,1,1,1,1,1,1,1,1,1,1,1,1,
1,1,1,1,1,1,1,1,1,1,1,1,1,1,1,1,1,1,1,1,1,1,1,1,1,1,1,1,1,1,1,1,1,1,1,1,
1,1,1,4),(0.0629719505023987,0.0640740681735887,0.0651761858447787,0.0662783035159686,
0.0673804211871586,0.0695846565295386,0.0717888918719186,0.0739931272142986,
0.0761973625566785,0.0784015978990585,0.0806058332414385,0.0828100685838185,
0.0850143039261985,0.0894227746109584,0.0938312452957184,0.0982397159804783,
0.102648186665238,0.104852422007618,0.107056657349998,0.111465128034758,
0.115873598719518,0.120282069404278,0.122486304746658,0.124690540089038,
0.126894775431418,0.129099010773798,0.131303246116178,0.133507481458558,
0.135711716800938,0.137915952143318,0.142324422828078,0.144528658170458,
0.146732893512838,0.148937128855218,0.150039246526408,0.151141364197598,
0.151692423033193,0.152243481868788,0.152794540704383,0.153345599539978,
0.154447717211168,0.155549834882358,0.156651952553547,0.157754070224738,
0.159958305567118,0.162162540909497,0.164366776251878,0.166571011594257,
0.168775246936638,0.170979482279017,0.173183717621398,0.175387952963778,
0.177592188306158,0.179796423648538,0.182000658990917,0.184204894333298,
0.185307012004487,0.186409129675677,0.187511247346867,0.188613365018058,
0.189715482689248,0.190266541524842,0.190817600360437,0.191368659196032,
0.191919718031627,0.193021835702818,0.194123953374008,0.195226071045198,
0.196328188716387,0.197430306387577,0.199634541729958,0.201838777072337,
0.204043012414717),.UNSPECIFIED.);
#34=B_SPLINE_CURVE_WITH_KNOTS('',3,(#2581,#2582,#2583,#2584,#2585,#2586,
#2587,#2588,#2589,#2590,#2591,#2592,#2593,#2594,#2595,#2596,#2597),
 .UNSPECIFIED.,.F.,.F.,(4,1,1,1,1,1,1,1,1,1,1,1,1,1,4),(-0.0131794370720394,
-0.00684247316855343,-0.00367399121681046,-0.000505509265067481,0.00266297268667549,
0.00583145463841847,0.00899993659016144,0.0121684185419044,0.0153369004936474,
0.0185053824453904,0.0216738643971334,0.0248423463488763,0.0280108283006193,
0.0311793102523623,0.0375162741558482),.UNSPECIFIED.);
#35=B_SPLINE_CURVE_WITH_KNOTS('',3,(#2602,#2603,#2604,#2605,#2606,#2607,
#2608,#2609,#2610,#2611,#2612,#2613,#2614,#2615,#2616,#2617,#2618),
 .UNSPECIFIED.,.F.,.F.,(4,1,1,1,1,1,1,1,1,1,1,1,1,1,4),(-0.0131794370720394,
-0.00684247316855343,-0.00367399121681046,-0.000505509265067481,0.00266297268667549,
0.00583145463841847,0.00899993659016144,0.0121684185419044,0.0153369004936474,
0.0185053824453904,0.0216738643971334,0.0248423463488763,0.0280108283006193,
0.0311793102523623,0.0375162741558482),.UNSPECIFIED.);
#36=B_SPLINE_CURVE_WITH_KNOTS('',3,(#2620,#2621,#2622,#2623,#2624,#2625,
#2626,#2627,#2628,#2629,#2630,#2631,#2632,#2633,#2634,#2635,#2636,#2637,
#2638,#2639,#2640,#2641,#2642,#2643,#2644,#2645,#2646,#2647,#2648,#2649,
#2650,#2651,#2652,#2653,#2654,#2655,#2656,#2657,#2658,#2659,#2660,#2661,
#2662,#2663,#2664,#2665,#2666,#2667,#2668,#2669,#2670,#2671,#2672,#2673,
#2674,#2675,#2676,#2677,#2678,#2679,#2680,#2681,#2682,#2683,#2684,#2685,
#2686,#2687,#2688,#2689,#2690,#2691,#2692,#2693,#2694),.UNSPECIFIED.,.F.,
 .F.,(4,1,1,1,1,1,1,1,1,1,1,1,1,1,1,1,1,1,1,1,1,1,1,1,1,1,1,1,1,1,1,1,1,
1,1,1,1,1,1,1,1,1,1,1,1,1,1,1,1,1,1,1,1,1,1,1,1,1,1,1,1,1,1,1,1,1,1,1,1,
1,1,1,4),(0.0629719505023987,0.0640740681735887,0.0651761858447787,0.0662783035159686,
0.0673804211871586,0.0695846565295386,0.0717888918719186,0.0739931272142986,
0.0761973625566785,0.0784015978990585,0.0806058332414385,0.0828100685838185,
0.0850143039261985,0.0894227746109584,0.0938312452957184,0.0982397159804783,
0.102648186665238,0.104852422007618,0.107056657349998,0.111465128034758,
0.115873598719518,0.120282069404278,0.122486304746658,0.124690540089038,
0.126894775431418,0.129099010773798,0.131303246116178,0.133507481458558,
0.135711716800938,0.137915952143318,0.142324422828078,0.144528658170458,
0.146732893512838,0.148937128855218,0.150039246526408,0.151141364197598,
0.151692423033193,0.152243481868788,0.152794540704383,0.153345599539978,
0.154447717211168,0.155549834882358,0.156651952553547,0.157754070224738,
0.159958305567118,0.162162540909497,0.164366776251878,0.166571011594257,
0.168775246936638,0.170979482279017,0.173183717621398,0.175387952963778,
0.177592188306158,0.179796423648538,0.182000658990917,0.184204894333298,
0.185307012004487,0.186409129675677,0.187511247346867,0.188613365018058,
0.189715482689248,0.190266541524842,0.190817600360437,0.191368659196032,
0.191919718031627,0.193021835702818,0.194123953374008,0.195226071045198,
0.196328188716387,0.197430306387577,0.199634541729958,0.201838777072337,
0.204043012414717),.UNSPECIFIED.);
#37=B_SPLINE_CURVE_WITH_KNOTS('',3,(#2696,#2697,#2698,#2699,#2700,#2701,
#2702,#2703,#2704,#2705,#2706,#2707,#2708,#2709,#2710,#2711,#2712,#2713,
#2714,#2715,#2716,#2717,#2718,#2719,#2720,#2721,#2722,#2723,#2724,#2725,
#2726,#2727,#2728,#2729,#2730,#2731,#2732,#2733,#2734,#2735,#2736,#2737,
#2738,#2739,#2740,#2741,#2742,#2743,#2744,#2745,#2746,#2747),
 .UNSPECIFIED.,.F.,.F.,(4,1,1,1,1,1,1,1,1,1,1,1,1,1,1,1,1,1,1,1,1,1,1,1,
1,1,1,1,1,1,1,1,1,1,1,1,1,1,1,1,1,1,1,1,1,1,1,1,1,4),(0.220602509478908,
0.222180180487065,0.22375785149522,0.225335522503376,0.226913193511532,
0.228490864519687,0.230068535527843,0.231646206535998,0.233223877544154,
0.236379219560466,0.239534561576777,0.245845245609399,0.249000587625711,
0.252155929642022,0.255311271658334,0.258466613674645,0.2600442846828,0.261621955690957,
0.262410791195034,0.263199626699112,0.264777297707268,0.266354968715424,
0.267143804219501,0.267932639723579,0.268721475227657,0.269510310731734,
0.270299146235812,0.27108798173989,0.271876817243968,0.272665652748046,
0.273454488252124,0.274243323756201,0.275820994764358,0.276609830268435,
0.277398665772513,0.278187501276591,0.278976336780668,0.280554007788824,
0.28213167879698,0.283709349805136,0.286864691821447,0.290020033837758,
0.29317537585407,0.296330717870381,0.302641401903004,0.308952085935627,
0.312107427951938,0.315262769968249,0.31841811198456,0.321573454000872),
 .UNSPECIFIED.);
#38=B_SPLINE_CURVE_WITH_KNOTS('',3,(#2749,#2750,#2751,#2752,#2753,#2754,
#2755,#2756,#2757,#2758,#2759,#2760,#2761,#2762,#2763,#2764,#2765,#2766,
#2767,#2768,#2769,#2770,#2771,#2772,#2773,#2774,#2775,#2776,#2777,#2778,
#2779,#2780,#2781,#2782,#2783,#2784,#2785,#2786,#2787,#2788,#2789,#2790,
#2791,#2792,#2793,#2794,#2795,#2796,#2797,#2798,#2799),.UNSPECIFIED.,.F.,
 .F.,(4,1,1,1,1,1,1,1,1,1,1,1,1,1,1,1,1,1,1,1,1,1,1,1,1,1,1,1,1,1,1,1,1,
1,1,1,1,1,1,1,1,1,1,1,1,1,1,1,4),(0.331952256322667,0.333060163882244,0.333614117662031,
0.33416807144182,0.334722025221608,0.335275979001396,0.335829932781185,
0.336383886560973,0.33749179412055,0.338599701680126,0.340815516799279,
0.343031331918432,0.345247147037585,0.346355054597161,0.347462962156738,
0.348570869716315,0.349678777275891,0.350786684835467,0.351894592395044,
0.353002499954621,0.354110407514197,0.35632622263335,0.358542037752502,
0.360757852871656,0.362973667990808,0.367405298229114,0.371836928467421,
0.374052743586574,0.376268558705726,0.378484373824879,0.380700188944033,
0.381808096503609,0.382916004063185,0.385131819182338,0.387347634301491,
0.389563449420645,0.391779264539798,0.392887172099374,0.393995079658951,
0.394549033438738,0.395102987218527,0.395656940998315,0.396210894778104,
0.39731880233768,0.398426709897256,0.399534617456833,0.40064252501641,0.401750432575986,
0.402858340135562),.UNSPECIFIED.);
#39=B_SPLINE_CURVE_WITH_KNOTS('',3,(#2801,#2802,#2803,#2804,#2805,#2806,
#2807,#2808,#2809,#2810,#2811,#2812,#2813,#2814,#2815,#2816,#2817),
 .UNSPECIFIED.,.F.,.F.,(4,1,1,1,1,1,1,1,1,1,1,1,1,1,4),(0.412749187472295,
0.414789017872712,0.416828848273129,0.418868678673547,0.420908509073964,
0.422948339474382,0.4249881698748,0.427028000275217,0.429067830675634,0.431107661076051,
0.433147491476469,0.435187321876887,0.437227152277304,0.441306813078139,
0.445386473878974),.UNSPECIFIED.);
#40=B_SPLINE_CURVE_WITH_KNOTS('',3,(#2819,#2820,#2821,#2822,#2823,#2824,
#2825,#2826,#2827,#2828,#2829,#2830,#2831,#2832,#2833,#2834,#2835,#2836,
#2837,#2838,#2839,#2840),.UNSPECIFIED.,.F.,.F.,(4,1,1,1,1,1,1,1,1,1,1,1,
1,1,1,1,1,1,1,4),(0.47203617447465,0.475193469179407,0.478350763884163,
0.484665353293677,0.487822647998433,0.49097994270319,0.492558590055568,
0.494137237407947,0.497294532112703,0.50045182681746,0.503609121522217,
0.506766416226973,0.50992371093173,0.513081005636487,0.516238300341243,
0.517027624017432,0.517816947693622,0.519395595046,0.520974242398378,0.522552889750756),
 .UNSPECIFIED.);
#41=B_SPLINE_CURVE_WITH_KNOTS('',3,(#2842,#2843,#2844,#2845,#2846,#2847,
#2848,#2849,#2850,#2851,#2852,#2853,#2854,#2855,#2856,#2857,#2858,#2859,
#2860,#2861,#2862,#2863,#2864,#2865,#2866,#2867,#2868,#2869,#2870,#2871,
#2872,#2873,#2874,#2875,#2876,#2877,#2878,#2879,#2880,#2881,#2882,#2883,
#2884,#2885,#2886,#2887,#2888,#2889,#2890,#2891,#2892,#2893,#2894,#2895,
#2896,#2897,#2898,#2899,#2900,#2901,#2902,#2903,#2904,#2905,#2906,#2907),
 .UNSPECIFIED.,.F.,.F.,(4,1,1,1,1,1,1,1,1,1,1,1,1,1,1,1,1,1,1,1,1,1,1,1,
1,1,1,1,1,1,1,1,1,1,1,1,1,1,1,1,1,1,1,1,1,1,1,1,1,1,1,1,1,1,1,1,1,1,1,1,
1,1,1,4),(0.544572974942998,0.546597347931384,0.54862172091977,0.550646093908156,
0.552670466896542,0.554694839884928,0.556719212873314,0.560767958850085,
0.564816704826857,0.566841077815243,0.568865450803629,0.570889823792015,
0.5729141967804,0.574938569768786,0.576962942757172,0.581011688733944,0.585060434710716,
0.587084807699101,0.589109180687487,0.59012136718168,0.591133553675873,
0.593157926664259,0.595182299652645,0.597206672641031,0.599231045629417,
0.601255418617803,0.603279791606188,0.604291978100381,0.605304164594574,
0.606316351088767,0.60732853758296,0.609352910571346,0.611377283559732,
0.613401656548118,0.617450402524889,0.621499148501661,0.625547894478433,
0.627572267466819,0.629596640455205,0.63162101344359,0.633645386431976,
0.635669759420362,0.637694132408748,0.64174287838552,0.643767251373906,
0.645791624362291,0.647815997350677,0.64882818384487,0.649840370339063,
0.651864743327449,0.653889116315835,0.655913489304221,0.657937862292607,
0.659962235280992,0.661986608269378,0.664010981257764,0.665023167751957,
0.66603535424615,0.667047540740343,0.668059727234536,0.670084100222922,
0.672108473211308,0.6731206597055,0.674132846199693),.UNSPECIFIED.);
#42=B_SPLINE_CURVE_WITH_KNOTS('',3,(#2909,#2910,#2911,#2912,#2913,#2914,
#2915,#2916,#2917,#2918,#2919,#2920,#2921,#2922,#2923,#2924,#2925,#2926,
#2927,#2928,#2929,#2930,#2931,#2932,#2933,#2934,#2935),.UNSPECIFIED.,.F.,
 .F.,(4,1,1,1,1,1,1,1,1,1,1,1,1,1,1,1,1,1,1,1,1,1,1,1,4),(0.681709548602483,
0.683392551895468,0.685075555188453,0.686758558481438,0.688441561774422,
0.691807568360392,0.693490571653377,0.695173574946362,0.696856578239346,
0.698539581532331,0.700222584825316,0.701905588118301,0.705271594704271,
0.70863760129024,0.710320604583225,0.71200360787621,0.713686611169194,0.715369614462179,
0.717052617755164,0.718735621048149,0.722101627634118,0.725467634220088,
0.728833640806058,0.732199647392027,0.735565653977997),.UNSPECIFIED.);
#43=B_SPLINE_CURVE_WITH_KNOTS('',3,(#2937,#2938,#2939,#2940,#2941,#2942,
#2943,#2944,#2945,#2946,#2947,#2948,#2949,#2950,#2951,#2952,#2953,#2954,
#2955,#2956,#2957,#2958,#2959,#2960,#2961,#2962,#2963,#2964,#2965,#2966,
#2967,#2968,#2969,#2970,#2971,#2972,#2973,#2974,#2975,#2976,#2977,#2978,
#2979,#2980,#2981,#2982,#2983,#2984,#2985,#2986,#2987,#2988,#2989,#2990,
#2991,#2992,#2993,#2994,#2995,#2996,#2997,#2998,#2999,#3000,#3001,#3002,
#3003,#3004,#3005,#3006,#3007,#3008,#3009,#3010,#3011,#3012,#3013,#3014,
#3015,#3016,#3017,#3018,#3019,#3020,#3021,#3022,#3023,#3024,#3025,#3026,
#3027,#3028,#3029,#3030,#3031,#3032,#3033,#3034,#3035,#3036,#3037),
 .UNSPECIFIED.,.F.,.F.,(4,1,1,1,1,1,1,1,1,1,1,1,1,1,1,1,1,1,1,1,1,1,1,1,
1,1,1,1,1,1,1,1,1,1,1,1,1,1,1,1,1,1,1,1,1,1,1,1,1,1,1,1,1,1,1,1,1,1,1,1,
1,1,1,1,1,1,1,1,1,1,1,1,1,1,1,1,1,1,1,1,1,1,1,1,1,1,1,1,1,1,1,1,1,1,1,1,
1,1,4),(0.747744015833598,0.748773415074826,0.749802814316054,0.750832213557283,
0.751861612798511,0.75289101203974,0.753920411280968,0.755979209763425,
0.758038008245882,0.760096806728339,0.762155605210796,0.764214403693253,
0.76627320217571,0.768332000658167,0.770390799140624,0.771420198381853,
0.772449597623081,0.77347899686431,0.774508396105538,0.776567194587995,
0.778625993070452,0.780684791552909,0.782743590035366,0.784802388517823,
0.78686118700028,0.787890586241508,0.788919985482737,0.789949384723965,
0.790978783965194,0.792008183206422,0.793037582447651,0.795096380930108,
0.797155179412565,0.799213977895022,0.801272776377479,0.803331574859935,
0.805390373342392,0.807449171824849,0.809507970307306,0.81362556727222,
0.817743164237134,0.821860761202048,0.823919559684505,0.825978358166962,
0.828037156649419,0.830095955131876,0.832154753614333,0.83421355209679,
0.836272350579247,0.838331149061704,0.840389947544161,0.842448746026618,
0.844507544509075,0.846566342991532,0.850683939956445,0.854801536921359,
0.858919133886273,0.863036730851187,0.867154327816101,0.871271924781015,
0.875389521745929,0.879507118710843,0.883624715675757,0.885683514158214,
0.887742312640671,0.889801111123128,0.891859909605585,0.893918708088042,
0.895977506570499,0.900095103535413,0.904212700500327,0.908330297465241,
0.910389095947697,0.912447894430154,0.914506692912611,0.916565491395068,
0.918624289877525,0.920683088359982,0.924800685324896,0.92891828228981,
0.933035879254724,0.937153476219638,0.941271073184552,0.945388670149466,
0.94950626711438,0.953623864079294,0.95568266256175,0.957741461044207,0.959800259526664,
0.961859058009121,0.965976654974035,0.970094251938949,0.974211848903863,
0.978329445868777,0.986564639798605,0.994799833728433,0.998917430693347,
1.00303502765826,1.01127022158809),.UNSPECIFIED.);
#44=B_SPLINE_SURFACE_WITH_KNOTS('',3,1,((#474,#475),(#476,#477),(#478,#479),
(#480,#481),(#482,#483),(#484,#485),(#486,#487),(#488,#489),(#490,#491),
(#492,#493)),.SURF_OF_LINEAR_EXTRUSION.,.F.,.F.,.F.,(4,1,1,1,1,1,1,4),(2,
2),(-0.00658971853601969,0.00578135501641838,0.0119668917926374,0.0181524285688565,
0.0243379653450755,0.0305235021212945,0.0367090388975136,0.0428945756737326),
(0.,1.),.UNSPECIFIED.);
#45=B_SPLINE_SURFACE_WITH_KNOTS('',3,1,((#533,#534),(#535,#536),(#537,#538),
(#539,#540),(#541,#542),(#543,#544),(#545,#546),(#547,#548),(#549,#550),
(#551,#552),(#553,#554),(#555,#556),(#557,#558),(#559,#560),(#561,#562),
(#563,#564),(#565,#566),(#567,#568),(#569,#570),(#571,#572),(#573,#574),
(#575,#576),(#577,#578),(#579,#580),(#581,#582),(#583,#584),(#585,#586),
(#587,#588),(#589,#590),(#591,#592),(#593,#594),(#595,#596),(#597,#598),
(#599,#600),(#601,#602),(#603,#604)),.SURF_OF_LINEAR_EXTRUSION.,.F.,.F.,
 .F.,(4,1,1,1,1,1,1,1,1,1,1,1,1,1,1,1,1,1,1,1,1,1,1,1,1,1,1,1,1,1,1,1,1,
4),(2,2),(0.057462407598135,0.0621832064119534,0.0645436058188625,0.0669040052257717,
0.0716248040395901,0.0763456028534084,0.0810664016672268,0.0857872004810452,
0.0952287981086819,0.104670395736319,0.114111993363955,0.123553590991592,
0.12827438980541,0.132995188619229,0.137715987433047,0.142436786246865,
0.147157585060684,0.151878383874502,0.154238783281411,0.156599182688321,
0.161319981502139,0.166040780315957,0.170761579129776,0.175482377943594,
0.180203176757412,0.184923975571231,0.18728437497814,0.189644774385049,
0.192005173791958,0.194365573198867,0.196725972605777,0.199086372012686,
0.203807170826504,0.208527969640322),(0.,1.),.UNSPECIFIED.);
#46=B_SPLINE_SURFACE_WITH_KNOTS('',3,1,((#740,#741),(#742,#743),(#744,#745),
(#746,#747),(#748,#749),(#750,#751),(#752,#753),(#754,#755),(#756,#757),
(#758,#759),(#760,#761),(#762,#763),(#764,#765),(#766,#767),(#768,#769),
(#770,#771),(#772,#773),(#774,#775),(#776,#777),(#778,#779),(#780,#781),
(#782,#783),(#784,#785),(#786,#787),(#788,#789),(#790,#791),(#792,#793),
(#794,#795),(#796,#797),(#798,#799)),.SURF_OF_LINEAR_EXTRUSION.,.F.,.F.,
 .F.,(4,1,1,1,1,1,1,1,1,1,1,1,1,1,1,1,1,1,1,1,1,1,1,1,1,1,1,4),(2,2),(0.216185305662154,
0.219631498063463,0.223077690464773,0.226523882866082,0.229970075267391,
0.233416267668701,0.23686246007001,0.243754844872628,0.250647229675247,
0.257539614477866,0.260985806879175,0.264431999280484,0.267878191681794,
0.271324384083103,0.274770576484412,0.278216768885722,0.281662961287031,
0.28510915368834,0.292001538490959,0.295447730892268,0.298893923293578,
0.305786308096196,0.312678692898815,0.316124885300124,0.319571077701433,
0.323017270102743,0.324740366303397,0.326463462504052),(0.,1.),
 .UNSPECIFIED.);
#47=B_SPLINE_SURFACE_WITH_KNOTS('',3,1,((#909,#910),(#911,#912),(#913,#914),
(#915,#916),(#917,#918),(#919,#920),(#921,#922),(#923,#924),(#925,#926),
(#927,#928),(#929,#930),(#931,#932),(#933,#934),(#935,#936),(#937,#938),
(#939,#940),(#941,#942),(#943,#944),(#945,#946),(#947,#948),(#949,#950),
(#951,#952),(#953,#954),(#955,#956),(#957,#958),(#959,#960),(#961,#962),
(#963,#964),(#965,#966),(#967,#968),(#969,#970),(#971,#972),(#973,#974),
(#975,#976)),.SURF_OF_LINEAR_EXTRUSION.,.F.,.F.,.F.,(4,1,1,1,1,1,1,1,1,
1,1,1,1,1,1,1,1,1,1,1,1,1,1,1,1,1,1,1,1,1,1,4),(2,2),(0.327517178578489,
0.331334685290666,0.333243438646754,0.335152192002843,0.33896969871502,
0.342787205427196,0.346604712139373,0.35042221885155,0.354239725563727,
0.358057232275904,0.361874738988081,0.365692245700258,0.373327259124611,
0.377144765836788,0.380962272548965,0.384779779261142,0.388597285973319,
0.392414792685496,0.394323546041584,0.396232299397672,0.400049806109849,
0.403867312822026,0.405776066178115,0.407684819534203,0.409593572890292,
0.41150232624638,0.415319832958557,0.419137339670734,0.426772353095087,
0.434407366519441,0.442042379943795,0.449677393368148),(0.,1.),
 .UNSPECIFIED.);
#48=B_SPLINE_SURFACE_WITH_KNOTS('',3,1,((#1102,#1103),(#1104,#1105),(#1106,
#1107),(#1108,#1109),(#1110,#1111),(#1112,#1113),(#1114,#1115),(#1116,#1117),
(#1118,#1119),(#1120,#1121),(#1122,#1123),(#1124,#1125),(#1126,#1127),(#1128,
#1129)),.SURF_OF_LINEAR_EXTRUSION.,.F.,.F.,.F.,(4,1,1,1,1,1,1,1,1,1,1,4),
(2,2),(0.467604241250602,0.47143839560412,0.475272549957638,0.482940858664674,
0.49060916737171,0.498277476078746,0.505945784785781,0.513614093492817,
0.517448247846335,0.521282402199853,0.525116556553371,0.528950710906889),
(0.,1.),.UNSPECIFIED.);
#49=B_SPLINE_SURFACE_WITH_KNOTS('',3,1,((#1191,#1192),(#1193,#1194),(#1195,
#1196),(#1197,#1198),(#1199,#1200),(#1201,#1202),(#1203,#1204),(#1205,#1206),
(#1207,#1208),(#1209,#1210),(#1211,#1212),(#1213,#1214),(#1215,#1216),(#1217,
#1218),(#1219,#1220),(#1221,#1222),(#1223,#1224),(#1225,#1226),(#1227,#1228),
(#1229,#1230),(#1231,#1232),(#1233,#1234),(#1235,#1236),(#1237,#1238),(#1239,
#1240),(#1241,#1242),(#1243,#1244),(#1245,#1246),(#1247,#1248),(#1249,#1250),
(#1251,#1252),(#1253,#1254),(#1255,#1256),(#1257,#1258),(#1259,#1260),(#1261,
#1262),(#1263,#1264),(#1265,#1266),(#1267,#1268),(#1269,#1270),(#1271,#1272),
(#1273,#1274),(#1275,#1276),(#1277,#1278),(#1279,#1280),(#1281,#1282),(#1283,
#1284),(#1285,#1286),(#1287,#1288),(#1289,#1290),(#1291,#1292),(#1293,#1294),
(#1295,#1296),(#1297,#1298),(#1299,#1300),(#1301,#1302),(#1303,#1304),(#1305,
#1306),(#1307,#1308),(#1309,#1310),(#1311,#1312),(#1313,#1314),(#1315,#1316),
(#1317,#1318),(#1319,#1320),(#1321,#1322),(#1323,#1324),(#1325,#1326),(#1327,
#1328),(#1329,#1330),(#1331,#1332),(#1333,#1334),(#1335,#1336),(#1337,#1338),
(#1339,#1340),(#1341,#1342),(#1343,#1344),(#1345,#1346),(#1347,#1348),(#1349,
#1350),(#1351,#1352),(#1353,#1354),(#1355,#1356),(#1357,#1358),(#1359,#1360),
(#1361,#1362),(#1363,#1364),(#1365,#1366),(#1367,#1368)),
 .SURF_OF_LINEAR_EXTRUSION.,.F.,.F.,.F.,(4,1,1,1,1,1,1,1,1,1,1,1,1,1,1,
1,1,1,1,1,1,1,1,1,1,1,1,1,1,1,1,1,1,1,1,1,1,1,1,1,1,1,1,1,1,1,1,1,1,1,1,
1,1,1,1,1,1,1,1,1,1,1,1,1,1,1,1,1,1,1,1,1,1,1,1,1,1,1,1,1,1,1,1,1,1,1,4),
(2,2),(0.53799518481674,0.541648621738438,0.545302058660135,0.548955495581833,
0.552608932503531,0.559915806346926,0.567222680190322,0.570876117112019,
0.574529554033717,0.581836427877112,0.589143301720508,0.596450175563903,
0.600103612485601,0.603757049407298,0.607410486328996,0.611063923250694,
0.618370797094089,0.625677670937485,0.63298454478088,0.640291418624275,
0.647598292467671,0.651251729389368,0.654905166311066,0.658558603232764,
0.662212040154461,0.665865477076159,0.669518913997857,0.673172350919555,
0.676825787841252,0.68047922476295,0.684132661684648,0.687786098606345,
0.691439535528043,0.695092972449741,0.698746409371438,0.702399846293136,
0.706053283214834,0.713360157058229,0.720667030901624,0.724320467823322,
0.72797390474502,0.731627341666718,0.735280778588415,0.738934215510113,
0.742587652431811,0.746241089353508,0.749894526275206,0.753547963196904,
0.757201400118601,0.764508273961997,0.768161710883694,0.771815147805392,
0.77546858472709,0.779122021648787,0.786428895492183,0.79008233241388,0.793735769335578,
0.801042643178974,0.808349517022369,0.815656390865764,0.82296326470916,
0.826616701630857,0.830270138552555,0.833923575474253,0.83757701239595,
0.844883886239346,0.852190760082741,0.859497633926137,0.866804507769532,
0.874111381612927,0.881418255456323,0.888725129299718,0.896032003143113,
0.903338876986509,0.910645750829904,0.9179526246733,0.925259498516695,0.93256637236009,
0.939873246203486,0.947180120046881,0.954486993890276,0.958140430811974,
0.961793867733672,0.969100741577067,0.976407615420463,0.991021363107253,
1.00563511079404),(0.,1.),.UNSPECIFIED.);
#50=B_SPLINE_SURFACE_WITH_KNOTS('',3,1,((#1731,#1732),(#1733,#1734),(#1735,
#1736),(#1737,#1738),(#1739,#1740),(#1741,#1742),(#1743,#1744),(#1745,#1746),
(#1747,#1748),(#1749,#1750),(#1751,#1752),(#1753,#1754),(#1755,#1756),(#1757,
#1758),(#1759,#1760),(#1761,#1762),(#1763,#1764),(#1765,#1766),(#1767,#1768),
(#1769,#1770),(#1771,#1772),(#1773,#1774),(#1775,#1776),(#1777,#1778),(#1779,
#1780),(#1781,#1782),(#1783,#1784),(#1785,#1786),(#1787,#1788),(#1789,#1790),
(#1791,#1792),(#1793,#1794),(#1795,#1796),(#1797,#1798),(#1799,#1800),(#1801,
#1802),(#1803,#1804),(#1805,#1806),(#1807,#1808),(#1809,#1810),(#1811,#1812),
(#1813,#1814),(#1815,#1816),(#1817,#1818),(#1819,#1820),(#1821,#1822),(#1823,
#1824),(#1825,#1826),(#1827,#1828),(#1829,#1830),(#1831,#1832),(#1833,#1834),
(#1835,#1836),(#1837,#1838),(#1839,#1840),(#1841,#1842),(#1843,#1844),(#1845,
#1846),(#1847,#1848),(#1849,#1850),(#1851,#1852),(#1853,#1854),(#1855,#1856),
(#1857,#1858),(#1859,#1860),(#1861,#1862),(#1863,#1864),(#1865,#1866),(#1867,
#1868),(#1869,#1870),(#1871,#1872),(#1873,#1874),(#1875,#1876),(#1877,#1878),
(#1879,#1880),(#1881,#1882),(#1883,#1884),(#1885,#1886),(#1887,#1888),(#1889,
#1890),(#1891,#1892),(#1893,#1894),(#1895,#1896),(#1897,#1898),(#1899,#1900),
(#1901,#1902),(#1903,#1904),(#1905,#1906),(#1907,#1908),(#1909,#1910),(#1911,
#1912),(#1913,#1914),(#1915,#1916),(#1917,#1918),(#1919,#1920),(#1921,#1922),
(#1923,#1924),(#1925,#1926),(#1927,#1928),(#1929,#1930),(#1931,#1932),(#1933,
#1934),(#1935,#1936),(#1937,#1938),(#1939,#1940),(#1941,#1942),(#1943,#1944),
(#1945,#1946),(#1947,#1948),(#1949,#1950),(#1951,#1952),(#1953,#1954),(#1955,
#1956),(#1957,#1958),(#1959,#1960),(#1961,#1962),(#1963,#1964),(#1965,#1966),
(#1967,#1968),(#1969,#1970),(#1971,#1972),(#1973,#1974),(#1975,#1976),(#1977,
#1978),(#1979,#1980),(#1981,#1982),(#1983,#1984),(#1985,#1986),(#1987,#1988),
(#1989,#1990),(#1991,#1992),(#1993,#1994),(#1995,#1996),(#1997,#1998),(#1999,
#2000),(#2001,#2002),(#2003,#2004),(#2005,#2006),(#2007,#2008),(#2009,#2010),
(#2011,#2012),(#2013,#2014),(#2015,#2016),(#2017,#2018),(#2019,#2020),(#2021,
#2022),(#2023,#2024),(#2025,#2026),(#2027,#2028),(#2029,#2030),(#2031,#2032),
(#2033,#2034),(#2035,#2036),(#2037,#2038),(#2039,#2040),(#2041,#2042),(#2043,
#2044),(#2045,#2046)),.SURF_OF_LINEAR_EXTRUSION.,.F.,.F.,.F.,(4,1,1,1,1,
1,1,1,1,1,1,1,1,1,1,1,1,1,1,1,1,1,1,1,1,1,1,1,1,1,1,1,1,1,1,1,1,1,1,1,1,
1,1,1,1,1,1,1,1,1,1,1,1,1,1,1,1,1,1,1,1,1,1,1,1,1,1,1,1,1,1,1,1,1,1,1,1,
1,1,1,1,1,1,1,1,1,1,1,1,1,1,1,1,1,1,1,1,1,1,1,1,1,1,1,1,1,1,1,1,1,1,1,1,
1,1,1,1,1,1,1,1,1,1,1,1,1,1,1,1,1,1,1,1,1,1,1,1,1,1,1,1,1,1,1,1,1,1,1,1,
1,1,1,1,1,1,4),(2,2),(0.,0.0078125,0.015625,0.0234375,0.03125,0.0390625,
0.04296875,0.046875,0.05078125,0.0546875,0.0625,0.0703125,0.078125,0.0859375,
0.09375,0.1015625,0.109375,0.1171875,0.125,0.1328125,0.140625,0.1484375,
0.15234375,0.15625,0.1640625,0.16796875,0.171875,0.1796875,0.18359375,0.1875,
0.19140625,0.1953125,0.19921875,0.203125,0.2109375,0.21875,0.2265625,0.234375,
0.2421875,0.25,0.2578125,0.26171875,0.265625,0.2734375,0.27734375,0.28125,
0.2890625,0.296875,0.3046875,0.3125,0.31640625,0.3203125,0.32421875,0.328125,
0.33203125,0.3359375,0.33984375,0.34375,0.34765625,0.3515625,0.359375,0.3671875,
0.375,0.3828125,0.390625,0.39453125,0.3984375,0.40625,0.4140625,0.421875,
0.4296875,0.4375,0.4453125,0.44921875,0.453125,0.45703125,0.4609375,0.46484375,
0.46875,0.4765625,0.484375,0.4921875,0.5,0.5078125,0.515625,0.5234375,0.53125,
0.53515625,0.5390625,0.546875,0.55078125,0.5546875,0.5625,0.5703125,0.578125,
0.5859375,0.58984375,0.59375,0.6015625,0.60546875,0.609375,0.6171875,0.625,
0.6328125,0.640625,0.6484375,0.65625,0.6640625,0.66796875,0.671875,0.6796875,
0.6875,0.6953125,0.69921875,0.703125,0.7109375,0.71484375,0.71875,0.7265625,
0.73046875,0.734375,0.73828125,0.7421875,0.75,0.7578125,0.765625,0.7734375,
0.78125,0.7890625,0.796875,0.8046875,0.8125,0.8203125,0.828125,0.8359375,
0.83984375,0.84375,0.8515625,0.859375,0.8671875,0.875,0.8828125,0.890625,
0.8984375,0.90625,0.9140625,0.921875,0.9296875,0.9375,0.9453125,0.953125,
0.9609375,0.96875,0.9765625,0.984375,1.),(0.,1.),.UNSPECIFIED.);
#51=B_SPLINE_SURFACE_WITH_KNOTS('',3,1,((#3041,#3042),(#3043,#3044),(#3045,
#3046),(#3047,#3048),(#3049,#3050),(#3051,#3052),(#3053,#3054),(#3055,#3056),
(#3057,#3058),(#3059,#3060),(#3061,#3062),(#3063,#3064)),
 .SURF_OF_LINEAR_EXTRUSION.,.F.,.F.,.F.,(4,1,1,1,1,1,1,1,1,4),(2,2),(-0.0131794370720394,
-0.00684247316855341,-0.00050550926506747,0.00583145463841847,0.0121684185419044,
0.0185053824453904,0.0216738643971333,0.0248423463488763,0.0311793102523623,
0.0375162741558482),(0.,1.),.UNSPECIFIED.);
#52=B_SPLINE_SURFACE_WITH_KNOTS('',3,1,((#3066,#3067),(#3068,#3069),(#3070,
#3071),(#3072,#3073),(#3074,#3075),(#3076,#3077),(#3078,#3079),(#3080,#3081),
(#3082,#3083),(#3084,#3085),(#3086,#3087),(#3088,#3089),(#3090,#3091),(#3092,
#3093),(#3094,#3095),(#3096,#3097),(#3098,#3099),(#3100,#3101),(#3102,#3103),
(#3104,#3105),(#3106,#3107),(#3108,#3109),(#3110,#3111),(#3112,#3113),(#3114,
#3115),(#3116,#3117),(#3118,#3119),(#3120,#3121),(#3122,#3123),(#3124,#3125),
(#3126,#3127),(#3128,#3129),(#3130,#3131),(#3132,#3133),(#3134,#3135),(#3136,
#3137),(#3138,#3139)),.SURF_OF_LINEAR_EXTRUSION.,.F.,.F.,.F.,(4,1,1,1,1,
1,1,1,1,1,1,1,1,1,1,1,1,1,1,1,1,1,1,1,1,1,1,1,1,1,1,1,1,1,4),(2,2),(0.0629719505023987,
0.0651761858447787,0.0673804211871586,0.0717888918719186,0.0761973625566786,
0.0806058332414385,0.0894227746109584,0.0982397159804783,0.107056657349998,
0.115873598719518,0.124690540089038,0.129099010773798,0.133507481458558,
0.137915952143318,0.142324422828078,0.146732893512838,0.151141364197598,
0.153345599539978,0.155549834882358,0.159958305567118,0.164366776251877,
0.168775246936637,0.173183717621397,0.177592188306157,0.182000658990917,
0.184204894333297,0.186409129675677,0.188613365018057,0.190817600360437,
0.191919718031627,0.193021835702817,0.195226071045197,0.197430306387577,
0.199634541729957,0.204043012414717),(0.,1.),.UNSPECIFIED.);
#53=B_SPLINE_SURFACE_WITH_KNOTS('',3,1,((#3141,#3142),(#3143,#3144),(#3145,
#3146),(#3147,#3148),(#3149,#3150),(#3151,#3152),(#3153,#3154),(#3155,#3156),
(#3157,#3158),(#3159,#3160),(#3161,#3162),(#3163,#3164),(#3165,#3166),(#3167,
#3168),(#3169,#3170),(#3171,#3172),(#3173,#3174),(#3175,#3176),(#3177,#3178),
(#3179,#3180),(#3181,#3182),(#3183,#3184),(#3185,#3186),(#3187,#3188),(#3189,
#3190),(#3191,#3192),(#3193,#3194)),.SURF_OF_LINEAR_EXTRUSION.,.F.,.F.,
 .F.,(4,1,1,1,1,1,1,1,1,1,1,1,1,1,1,1,1,1,1,1,1,1,1,1,4),(2,2),(0.220602509478908,
0.22375785149522,0.226913193511531,0.230068535527843,0.233223877544154,
0.239534561576777,0.245845245609399,0.252155929642022,0.258466613674645,
0.261621955690956,0.264777297707268,0.267932639723579,0.27108798173989,
0.274243323756202,0.277398665772513,0.278976336780669,0.280554007788824,
0.283709349805136,0.286864691821447,0.290020033837758,0.296330717870381,
0.302641401903004,0.308952085935627,0.315262769968249,0.321573454000872),
(0.,1.),.UNSPECIFIED.);
#54=B_SPLINE_SURFACE_WITH_KNOTS('',3,1,((#3196,#3197),(#3198,#3199),(#3200,
#3201),(#3202,#3203),(#3204,#3205),(#3206,#3207),(#3208,#3209),(#3210,#3211),
(#3212,#3213),(#3214,#3215),(#3216,#3217),(#3218,#3219),(#3220,#3221),(#3222,
#3223),(#3224,#3225),(#3226,#3227),(#3228,#3229),(#3230,#3231),(#3232,#3233),
(#3234,#3235),(#3236,#3237),(#3238,#3239),(#3240,#3241),(#3242,#3243),(#3244,
#3245),(#3246,#3247),(#3248,#3249)),.SURF_OF_LINEAR_EXTRUSION.,.F.,.F.,
 .F.,(4,1,1,1,1,1,1,1,1,1,1,1,1,1,1,1,1,1,1,1,1,1,1,1,4),(2,2),(0.331952256322667,
0.33416807144182,0.335275979001396,0.336383886560973,0.338599701680126,
0.340815516799279,0.345247147037585,0.347462962156738,0.349678777275891,
0.351894592395044,0.354110407514197,0.358542037752503,0.362973667990809,
0.367405298229115,0.371836928467421,0.376268558705727,0.380700188944033,
0.385131819182339,0.389563449420645,0.391779264539798,0.393995079658951,
0.396210894778104,0.398426709897256,0.40064252501641,0.402858340135562),
(0.,1.),.UNSPECIFIED.);
#55=B_SPLINE_SURFACE_WITH_KNOTS('',3,1,((#3251,#3252),(#3253,#3254),(#3255,
#3256),(#3257,#3258),(#3259,#3260),(#3261,#3262),(#3263,#3264),(#3265,#3266),
(#3267,#3268)),.SURF_OF_LINEAR_EXTRUSION.,.F.,.F.,.F.,(4,1,1,1,1,1,4),(2,
2),(0.412749187472295,0.420908509073965,0.424988169874799,0.429067830675634,
0.433147491476469,0.437227152277304,0.445386473878974),(0.,1.),
 .UNSPECIFIED.);
#56=B_SPLINE_SURFACE_WITH_KNOTS('',3,1,((#3270,#3271),(#3272,#3273),(#3274,
#3275),(#3276,#3277),(#3278,#3279),(#3280,#3281),(#3282,#3283),(#3284,#3285),
(#3286,#3287),(#3288,#3289),(#3290,#3291),(#3292,#3293)),
 .SURF_OF_LINEAR_EXTRUSION.,.F.,.F.,.F.,(4,1,1,1,1,1,1,1,1,4),(2,2),(0.47203617447465,
0.478350763884163,0.484665353293676,0.49097994270319,0.497294532112703,
0.503609121522216,0.50992371093173,0.516238300341243,0.519395595045999,
0.522552889750756),(0.,1.),.UNSPECIFIED.);
#57=B_SPLINE_SURFACE_WITH_KNOTS('',3,1,((#3295,#3296),(#3297,#3298),(#3299,
#3300),(#3301,#3302),(#3303,#3304),(#3305,#3306),(#3307,#3308),(#3309,#3310),
(#3311,#3312),(#3313,#3314),(#3315,#3316),(#3317,#3318),(#3319,#3320),(#3321,
#3322),(#3323,#3324),(#3325,#3326),(#3327,#3328),(#3329,#3330),(#3331,#3332),
(#3333,#3334),(#3335,#3336),(#3337,#3338),(#3339,#3340),(#3341,#3342),(#3343,
#3344),(#3345,#3346),(#3347,#3348),(#3349,#3350),(#3351,#3352),(#3353,#3354),
(#3355,#3356),(#3357,#3358),(#3359,#3360),(#3361,#3362),(#3363,#3364)),
 .SURF_OF_LINEAR_EXTRUSION.,.F.,.F.,.F.,(4,1,1,1,1,1,1,1,1,1,1,1,1,1,1,
1,1,1,1,1,1,1,1,1,1,1,1,1,1,1,1,1,4),(2,2),(0.544572974942998,0.54862172091977,
0.552670466896541,0.556719212873313,0.560767958850085,0.564816704826857,
0.568865450803628,0.5729141967804,0.576962942757172,0.581011688733944,0.585060434710715,
0.589109180687487,0.593157926664259,0.59720667264103,0.601255418617802,
0.605304164594574,0.609352910571346,0.613401656548117,0.617450402524889,
0.625547894478432,0.629596640455204,0.633645386431976,0.637694132408748,
0.641742878385519,0.645791624362291,0.649840370339063,0.653889116315834,
0.657937862292606,0.661986608269378,0.66603535424615,0.668059727234536,
0.670084100222921,0.674132846199693),(0.,1.),.UNSPECIFIED.);
#58=B_SPLINE_SURFACE_WITH_KNOTS('',3,1,((#3366,#3367),(#3368,#3369),(#3370,
#3371),(#3372,#3373),(#3374,#3375),(#3376,#3377),(#3378,#3379),(#3380,#3381),
(#3382,#3383),(#3384,#3385),(#3386,#3387),(#3388,#3389),(#3390,#3391),(#3392,
#3393),(#3394,#3395)),.SURF_OF_LINEAR_EXTRUSION.,.F.,.F.,.F.,(4,1,1,1,1,
1,1,1,1,1,1,1,4),(2,2),(0.681709548602483,0.688441561774422,0.695173574946361,
0.698539581532331,0.701905588118301,0.70527159470427,0.70863760129024,0.71200360787621,
0.715369614462179,0.718735621048149,0.722101627634119,0.728833640806058,
0.735565653977997),(0.,1.),.UNSPECIFIED.);
#59=B_SPLINE_SURFACE_WITH_KNOTS('',3,1,((#3397,#3398),(#3399,#3400),(#3401,
#3402),(#3403,#3404),(#3405,#3406),(#3407,#3408),(#3409,#3410),(#3411,#3412),
(#3413,#3414),(#3415,#3416),(#3417,#3418),(#3419,#3420),(#3421,#3422),(#3423,
#3424),(#3425,#3426),(#3427,#3428),(#3429,#3430),(#3431,#3432),(#3433,#3434),
(#3435,#3436),(#3437,#3438),(#3439,#3440),(#3441,#3442),(#3443,#3444),(#3445,
#3446),(#3447,#3448),(#3449,#3450),(#3451,#3452),(#3453,#3454),(#3455,#3456),
(#3457,#3458),(#3459,#3460),(#3461,#3462),(#3463,#3464),(#3465,#3466),(#3467,
#3468),(#3469,#3470),(#3471,#3472),(#3473,#3474),(#3475,#3476),(#3477,#3478),
(#3479,#3480),(#3481,#3482),(#3483,#3484),(#3485,#3486),(#3487,#3488),(#3489,
#3490),(#3491,#3492),(#3493,#3494),(#3495,#3496),(#3497,#3498),(#3499,#3500),
(#3501,#3502),(#3503,#3504)),.SURF_OF_LINEAR_EXTRUSION.,.F.,.F.,.F.,(4,
1,1,1,1,1,1,1,1,1,1,1,1,1,1,1,1,1,1,1,1,1,1,1,1,1,1,1,1,1,1,1,1,1,1,1,1,
1,1,1,1,1,1,1,1,1,1,1,1,1,1,4),(2,2),(0.747744015833598,0.751861612798512,
0.755979209763426,0.76009680672834,0.764214403693254,0.768332000658168,
0.770390799140624,0.772449597623081,0.776567194587995,0.780684791552909,
0.784802388517823,0.788919985482737,0.790978783965194,0.793037582447651,
0.797155179412565,0.801272776377479,0.805390373342393,0.81362556727222,
0.821860761202048,0.825978358166962,0.830095955131876,0.83421355209679,
0.838331149061704,0.842448746026618,0.846566342991532,0.850683939956446,
0.85480153692136,0.863036730851187,0.871271924781015,0.879507118710843,
0.883624715675757,0.887742312640671,0.891859909605585,0.895977506570499,
0.904212700500326,0.90833029746524,0.912447894430154,0.916565491395068,
0.920683088359982,0.92891828228981,0.937153476219638,0.945388670149465,
0.949506267114379,0.953623864079293,0.957741461044207,0.961859058009121,
0.965976654974035,0.970094251938949,0.978329445868777,0.986564639798605,
0.994799833728432,1.01127022158809),(0.,1.),.UNSPECIFIED.);
#60=ORIENTED_EDGE('',*,*,#174,.F.);
#61=ORIENTED_EDGE('',*,*,#175,.F.);
#62=ORIENTED_EDGE('',*,*,#176,.T.);
#63=ORIENTED_EDGE('',*,*,#177,.T.);
#64=ORIENTED_EDGE('',*,*,#178,.T.);
#65=ORIENTED_EDGE('',*,*,#179,.F.);
#66=ORIENTED_EDGE('',*,*,#180,.F.);
#67=ORIENTED_EDGE('',*,*,#181,.T.);
#68=ORIENTED_EDGE('',*,*,#182,.T.);
#69=ORIENTED_EDGE('',*,*,#183,.F.);
#70=ORIENTED_EDGE('',*,*,#184,.F.);
#71=ORIENTED_EDGE('',*,*,#179,.T.);
#72=ORIENTED_EDGE('',*,*,#185,.T.);
#73=ORIENTED_EDGE('',*,*,#186,.F.);
#74=ORIENTED_EDGE('',*,*,#187,.F.);
#75=ORIENTED_EDGE('',*,*,#183,.T.);
#76=ORIENTED_EDGE('',*,*,#188,.T.);
#77=ORIENTED_EDGE('',*,*,#189,.F.);
#78=ORIENTED_EDGE('',*,*,#190,.F.);
#79=ORIENTED_EDGE('',*,*,#186,.T.);
#80=ORIENTED_EDGE('',*,*,#191,.T.);
#81=ORIENTED_EDGE('',*,*,#192,.F.);
#82=ORIENTED_EDGE('',*,*,#193,.F.);
#83=ORIENTED_EDGE('',*,*,#189,.T.);
#84=ORIENTED_EDGE('',*,*,#194,.T.);
#85=ORIENTED_EDGE('',*,*,#195,.F.);
#86=ORIENTED_EDGE('',*,*,#196,.F.);
#87=ORIENTED_EDGE('',*,*,#192,.T.);
#88=ORIENTED_EDGE('',*,*,#197,.T.);
#89=ORIENTED_EDGE('',*,*,#181,.F.);
#90=ORIENTED_EDGE('',*,*,#198,.F.);
#91=ORIENTED_EDGE('',*,*,#195,.T.);
#92=ORIENTED_EDGE('',*,*,#199,.F.);
#93=ORIENTED_EDGE('',*,*,#177,.F.);
#94=ORIENTED_EDGE('',*,*,#200,.T.);
#95=ORIENTED_EDGE('',*,*,#175,.T.);
#96=ORIENTED_EDGE('',*,*,#178,.F.);
#97=ORIENTED_EDGE('',*,*,#197,.F.);
#98=ORIENTED_EDGE('',*,*,#194,.F.);
#99=ORIENTED_EDGE('',*,*,#191,.F.);
#100=ORIENTED_EDGE('',*,*,#188,.F.);
#101=ORIENTED_EDGE('',*,*,#185,.F.);
#102=ORIENTED_EDGE('',*,*,#182,.F.);
#103=ORIENTED_EDGE('',*,*,#174,.T.);
#104=ORIENTED_EDGE('',*,*,#199,.T.);
#105=ORIENTED_EDGE('',*,*,#201,.F.);
#106=ORIENTED_EDGE('',*,*,#202,.F.);
#107=ORIENTED_EDGE('',*,*,#203,.F.);
#108=ORIENTED_EDGE('',*,*,#204,.F.);
#109=ORIENTED_EDGE('',*,*,#205,.F.);
#110=ORIENTED_EDGE('',*,*,#206,.F.);
#111=ORIENTED_EDGE('',*,*,#207,.F.);
#112=ORIENTED_EDGE('',*,*,#208,.F.);
#113=ORIENTED_EDGE('',*,*,#209,.F.);
#114=ORIENTED_EDGE('',*,*,#210,.F.);
#115=ORIENTED_EDGE('',*,*,#198,.T.);
#116=ORIENTED_EDGE('',*,*,#180,.T.);
#117=ORIENTED_EDGE('',*,*,#184,.T.);
#118=ORIENTED_EDGE('',*,*,#187,.T.);
#119=ORIENTED_EDGE('',*,*,#190,.T.);
#120=ORIENTED_EDGE('',*,*,#193,.T.);
#121=ORIENTED_EDGE('',*,*,#196,.T.);
#122=ORIENTED_EDGE('',*,*,#176,.F.);
#123=ORIENTED_EDGE('',*,*,#200,.F.);
#124=ORIENTED_EDGE('',*,*,#211,.T.);
#125=ORIENTED_EDGE('',*,*,#212,.T.);
#126=ORIENTED_EDGE('',*,*,#213,.T.);
#127=ORIENTED_EDGE('',*,*,#214,.T.);
#128=ORIENTED_EDGE('',*,*,#215,.T.);
#129=ORIENTED_EDGE('',*,*,#216,.T.);
#130=ORIENTED_EDGE('',*,*,#217,.T.);
#131=ORIENTED_EDGE('',*,*,#218,.T.);
#132=ORIENTED_EDGE('',*,*,#219,.T.);
#133=ORIENTED_EDGE('',*,*,#220,.T.);
#134=ORIENTED_EDGE('',*,*,#201,.T.);
#135=ORIENTED_EDGE('',*,*,#221,.F.);
#136=ORIENTED_EDGE('',*,*,#211,.F.);
#137=ORIENTED_EDGE('',*,*,#222,.T.);
#138=ORIENTED_EDGE('',*,*,#210,.T.);
#139=ORIENTED_EDGE('',*,*,#223,.F.);
#140=ORIENTED_EDGE('',*,*,#212,.F.);
#141=ORIENTED_EDGE('',*,*,#221,.T.);
#142=ORIENTED_EDGE('',*,*,#209,.T.);
#143=ORIENTED_EDGE('',*,*,#224,.F.);
#144=ORIENTED_EDGE('',*,*,#213,.F.);
#145=ORIENTED_EDGE('',*,*,#223,.T.);
#146=ORIENTED_EDGE('',*,*,#208,.T.);
#147=ORIENTED_EDGE('',*,*,#225,.F.);
#148=ORIENTED_EDGE('',*,*,#214,.F.);
#149=ORIENTED_EDGE('',*,*,#224,.T.);
#150=ORIENTED_EDGE('',*,*,#207,.T.);
#151=ORIENTED_EDGE('',*,*,#226,.F.);
#152=ORIENTED_EDGE('',*,*,#215,.F.);
#153=ORIENTED_EDGE('',*,*,#225,.T.);
#154=ORIENTED_EDGE('',*,*,#206,.T.);
#155=ORIENTED_EDGE('',*,*,#227,.F.);
#156=ORIENTED_EDGE('',*,*,#216,.F.);
#157=ORIENTED_EDGE('',*,*,#226,.T.);
#158=ORIENTED_EDGE('',*,*,#205,.T.);
#159=ORIENTED_EDGE('',*,*,#228,.F.);
#160=ORIENTED_EDGE('',*,*,#217,.F.);
#161=ORIENTED_EDGE('',*,*,#227,.T.);
#162=ORIENTED_EDGE('',*,*,#204,.T.);
#163=ORIENTED_EDGE('',*,*,#229,.F.);
#164=ORIENTED_EDGE('',*,*,#218,.F.);
#165=ORIENTED_EDGE('',*,*,#228,.T.);
#166=ORIENTED_EDGE('',*,*,#203,.T.);
#167=ORIENTED_EDGE('',*,*,#230,.F.);
#168=ORIENTED_EDGE('',*,*,#219,.F.);
#169=ORIENTED_EDGE('',*,*,#229,.T.);
#170=ORIENTED_EDGE('',*,*,#202,.T.);
#171=ORIENTED_EDGE('',*,*,#222,.F.);
#172=ORIENTED_EDGE('',*,*,#220,.F.);
#173=ORIENTED_EDGE('',*,*,#230,.T.);
#174=EDGE_CURVE('',#231,#232,#269,.T.);
#175=EDGE_CURVE('',#233,#231,#270,.T.);
#176=EDGE_CURVE('',#233,#234,#271,.T.);
#177=EDGE_CURVE('',#234,#232,#272,.T.);
#178=EDGE_CURVE('',#235,#236,#273,.T.);
#179=EDGE_CURVE('',#237,#236,#274,.T.);
#180=EDGE_CURVE('',#238,#237,#275,.T.);
#181=EDGE_CURVE('',#238,#235,#276,.T.);
#182=EDGE_CURVE('',#236,#239,#12,.T.);
#183=EDGE_CURVE('',#240,#239,#277,.T.);
#184=EDGE_CURVE('',#237,#240,#13,.T.);
#185=EDGE_CURVE('',#239,#241,#14,.T.);
#186=EDGE_CURVE('',#242,#241,#278,.T.);
#187=EDGE_CURVE('',#240,#242,#15,.T.);
#188=EDGE_CURVE('',#241,#243,#16,.T.);
#189=EDGE_CURVE('',#244,#243,#279,.T.);
#190=EDGE_CURVE('',#242,#244,#17,.T.);
#191=EDGE_CURVE('',#243,#245,#18,.T.);
#192=EDGE_CURVE('',#246,#245,#280,.T.);
#193=EDGE_CURVE('',#244,#246,#19,.T.);
#194=EDGE_CURVE('',#245,#247,#20,.T.);
#195=EDGE_CURVE('',#248,#247,#281,.T.);
#196=EDGE_CURVE('',#246,#248,#21,.T.);
#197=EDGE_CURVE('',#247,#235,#22,.T.);
#198=EDGE_CURVE('',#248,#238,#23,.T.);
#199=EDGE_CURVE('',#232,#231,#24,.T.);
#200=EDGE_CURVE('',#234,#233,#25,.T.);
#201=EDGE_CURVE('',#249,#250,#282,.T.);
#202=EDGE_CURVE('',#251,#249,#26,.T.);
#203=EDGE_CURVE('',#252,#251,#27,.T.);
#204=EDGE_CURVE('',#253,#252,#28,.T.);
#205=EDGE_CURVE('',#254,#253,#29,.T.);
#206=EDGE_CURVE('',#255,#254,#30,.T.);
#207=EDGE_CURVE('',#256,#255,#31,.T.);
#208=EDGE_CURVE('',#257,#256,#32,.T.);
#209=EDGE_CURVE('',#258,#257,#33,.T.);
#210=EDGE_CURVE('',#250,#258,#34,.T.);
#211=EDGE_CURVE('',#259,#260,#283,.T.);
#212=EDGE_CURVE('',#260,#261,#35,.T.);
#213=EDGE_CURVE('',#261,#262,#36,.T.);
#214=EDGE_CURVE('',#262,#263,#37,.T.);
#215=EDGE_CURVE('',#263,#264,#38,.T.);
#216=EDGE_CURVE('',#264,#265,#39,.T.);
#217=EDGE_CURVE('',#265,#266,#40,.T.);
#218=EDGE_CURVE('',#266,#267,#41,.T.);
#219=EDGE_CURVE('',#267,#268,#42,.T.);
#220=EDGE_CURVE('',#268,#259,#43,.T.);
#221=EDGE_CURVE('',#260,#250,#284,.T.);
#222=EDGE_CURVE('',#259,#249,#285,.T.);
#223=EDGE_CURVE('',#261,#258,#286,.T.);
#224=EDGE_CURVE('',#262,#257,#287,.T.);
#225=EDGE_CURVE('',#263,#256,#288,.T.);
#226=EDGE_CURVE('',#264,#255,#289,.T.);
#227=EDGE_CURVE('',#265,#254,#290,.T.);
#228=EDGE_CURVE('',#266,#253,#291,.T.);
#229=EDGE_CURVE('',#267,#252,#292,.T.);
#230=EDGE_CURVE('',#268,#251,#293,.T.);
#231=VERTEX_POINT('',#458);
#232=VERTEX_POINT('',#459);
#233=VERTEX_POINT('',#461);
#234=VERTEX_POINT('',#463);
#235=VERTEX_POINT('',#467);
#236=VERTEX_POINT('',#468);
#237=VERTEX_POINT('',#470);
#238=VERTEX_POINT('',#472);
#239=VERTEX_POINT('',#512);
#240=VERTEX_POINT('',#514);
#241=VERTEX_POINT('',#671);
#242=VERTEX_POINT('',#673);
#243=VERTEX_POINT('',#853);
#244=VERTEX_POINT('',#855);
#245=VERTEX_POINT('',#1038);
#246=VERTEX_POINT('',#1040);
#247=VERTEX_POINT('',#1159);
#248=VERTEX_POINT('',#1161);
#249=VERTEX_POINT('',#2160);
#250=VERTEX_POINT('',#2161);
#251=VERTEX_POINT('',#2263);
#252=VERTEX_POINT('',#2291);
#253=VERTEX_POINT('',#2358);
#254=VERTEX_POINT('',#2381);
#255=VERTEX_POINT('',#2399);
#256=VERTEX_POINT('',#2451);
#257=VERTEX_POINT('',#2504);
#258=VERTEX_POINT('',#2580);
#259=VERTEX_POINT('',#2600);
#260=VERTEX_POINT('',#2601);
#261=VERTEX_POINT('',#2619);
#262=VERTEX_POINT('',#2695);
#263=VERTEX_POINT('',#2748);
#264=VERTEX_POINT('',#2800);
#265=VERTEX_POINT('',#2818);
#266=VERTEX_POINT('',#2841);
#267=VERTEX_POINT('',#2908);
#268=VERTEX_POINT('',#2936);
#269=LINE('',#457,#294);
#270=LINE('',#460,#295);
#271=LINE('',#462,#296);
#272=LINE('',#464,#297);
#273=LINE('',#466,#298);
#274=LINE('',#469,#299);
#275=LINE('',#471,#300);
#276=LINE('',#473,#301);
#277=LINE('',#513,#302);
#278=LINE('',#672,#303);
#279=LINE('',#854,#304);
#280=LINE('',#1039,#305);
#281=LINE('',#1160,#306);
#282=LINE('',#2159,#307);
#283=LINE('',#2599,#308);
#284=LINE('',#3039,#309);
#285=LINE('',#3040,#310);
#286=LINE('',#3065,#311);
#287=LINE('',#3140,#312);
#288=LINE('',#3195,#313);
#289=LINE('',#3250,#314);
#290=LINE('',#3269,#315);
#291=LINE('',#3294,#316);
#292=LINE('',#3365,#317);
#293=LINE('',#3396,#318);
#294=VECTOR('',#420,1.);
#295=VECTOR('',#421,1.);
#296=VECTOR('',#422,1.);
#297=VECTOR('',#423,1.);
#298=VECTOR('',#426,1.);
#299=VECTOR('',#427,1.);
#300=VECTOR('',#428,1.);
#301=VECTOR('',#429,1.);
#302=VECTOR('',#430,1.);
#303=VECTOR('',#431,1.);
#304=VECTOR('',#432,1.);
#305=VECTOR('',#433,1.);
#306=VECTOR('',#434,1.);
#307=VECTOR('',#439,1.);
#308=VECTOR('',#442,1.);
#309=VECTOR('',#445,1.);
#310=VECTOR('',#446,1.);
#311=VECTOR('',#447,1.);
#312=VECTOR('',#448,1.);
#313=VECTOR('',#449,1.);
#314=VECTOR('',#450,1.);
#315=VECTOR('',#451,1.);
#316=VECTOR('',#452,1.);
#317=VECTOR('',#453,1.);
#318=VECTOR('',#454,1.);
#319=EDGE_LOOP('',(#60,#61,#62,#63));
#320=EDGE_LOOP('',(#64,#65,#66,#67));
#321=EDGE_LOOP('',(#68,#69,#70,#71));
#322=EDGE_LOOP('',(#72,#73,#74,#75));
#323=EDGE_LOOP('',(#76,#77,#78,#79));
#324=EDGE_LOOP('',(#80,#81,#82,#83));
#325=EDGE_LOOP('',(#84,#85,#86,#87));
#326=EDGE_LOOP('',(#88,#89,#90,#91));
#327=EDGE_LOOP('',(#92,#93,#94,#95));
#328=EDGE_LOOP('',(#96,#97,#98,#99,#100,#101,#102));
#329=EDGE_LOOP('',(#103,#104));
#330=EDGE_LOOP('',(#105,#106,#107,#108,#109,#110,#111,#112,#113,#114));
#331=EDGE_LOOP('',(#115,#116,#117,#118,#119,#120,#121));
#332=EDGE_LOOP('',(#122,#123));
#333=EDGE_LOOP('',(#124,#125,#126,#127,#128,#129,#130,#131,#132,#133));
#334=EDGE_LOOP('',(#134,#135,#136,#137));
#335=EDGE_LOOP('',(#138,#139,#140,#141));
#336=EDGE_LOOP('',(#142,#143,#144,#145));
#337=EDGE_LOOP('',(#146,#147,#148,#149));
#338=EDGE_LOOP('',(#150,#151,#152,#153));
#339=EDGE_LOOP('',(#154,#155,#156,#157));
#340=EDGE_LOOP('',(#158,#159,#160,#161));
#341=EDGE_LOOP('',(#162,#163,#164,#165));
#342=EDGE_LOOP('',(#166,#167,#168,#169));
#343=EDGE_LOOP('',(#170,#171,#172,#173));
#344=FACE_BOUND('',#319,.T.);
#345=FACE_BOUND('',#320,.T.);
#346=FACE_BOUND('',#321,.T.);
#347=FACE_BOUND('',#322,.T.);
#348=FACE_BOUND('',#323,.T.);
#349=FACE_BOUND('',#324,.T.);
#350=FACE_BOUND('',#325,.T.);
#351=FACE_BOUND('',#326,.T.);
#352=FACE_BOUND('',#327,.T.);
#353=FACE_BOUND('',#328,.T.);
#354=FACE_BOUND('',#329,.T.);
#355=FACE_BOUND('',#330,.T.);
#356=FACE_BOUND('',#331,.T.);
#357=FACE_BOUND('',#332,.T.);
#358=FACE_BOUND('',#333,.T.);
#359=FACE_BOUND('',#334,.T.);
#360=FACE_BOUND('',#335,.T.);
#361=FACE_BOUND('',#336,.T.);
#362=FACE_BOUND('',#337,.T.);
#363=FACE_BOUND('',#338,.T.);
#364=FACE_BOUND('',#339,.T.);
#365=FACE_BOUND('',#340,.T.);
#366=FACE_BOUND('',#341,.T.);
#367=FACE_BOUND('',#342,.T.);
#368=FACE_BOUND('',#343,.T.);
#369=PLANE('',#410);
#370=PLANE('',#411);
#371=PLANE('',#412);
#372=PLANE('',#413);
#373=PLANE('',#414);
#374=PLANE('',#415);
#375=ADVANCED_FACE('',(#344),#369,.T.);
#376=ADVANCED_FACE('',(#345),#370,.F.);
#377=ADVANCED_FACE('',(#346),#44,.F.);
#378=ADVANCED_FACE('',(#347),#45,.F.);
#379=ADVANCED_FACE('',(#348),#46,.F.);
#380=ADVANCED_FACE('',(#349),#47,.F.);
#381=ADVANCED_FACE('',(#350),#48,.F.);
#382=ADVANCED_FACE('',(#351),#49,.F.);
#383=ADVANCED_FACE('',(#352),#50,.T.);
#384=ADVANCED_FACE('',(#353,#354),#371,.F.);
#385=ADVANCED_FACE('',(#355,#356),#372,.F.);
#386=ADVANCED_FACE('',(#357,#358),#373,.T.);
#387=ADVANCED_FACE('',(#359),#374,.F.);
#388=ADVANCED_FACE('',(#360),#51,.F.);
#389=ADVANCED_FACE('',(#361),#52,.F.);
#390=ADVANCED_FACE('',(#362),#53,.F.);
#391=ADVANCED_FACE('',(#363),#54,.F.);
#392=ADVANCED_FACE('',(#364),#55,.F.);
#393=ADVANCED_FACE('',(#365),#56,.F.);
#394=ADVANCED_FACE('',(#366),#57,.F.);
#395=ADVANCED_FACE('',(#367),#58,.F.);
#396=ADVANCED_FACE('',(#368),#59,.F.);
#397=CLOSED_SHELL('',(#375,#376,#377,#378,#379,#380,#381,#382,#383,#384,
#385,#386,#387,#388,#389,#390,#391,#392,#393,#394,#395,#396));
#398=STYLED_ITEM('',(#399),#406);
#399=PRESENTATION_STYLE_ASSIGNMENT((#400));
#400=SURFACE_STYLE_USAGE(.BOTH.,#401);
#401=SURFACE_SIDE_STYLE('',(#402));
#402=SURFACE_STYLE_FILL_AREA(#403);
#403=FILL_AREA_STYLE('',(#404));
#404=FILL_AREA_STYLE_COLOUR('',#405);
#405=COLOUR_RGB('',0.615686274509804,0.811764705882353,0.929411764705882);
#406=MANIFOLD_SOLID_BREP('Part 1',#397);
#407=SHAPE_DEFINITION_REPRESENTATION(#3511,#408);
#408=SHAPE_REPRESENTATION('Part 1',(#409),#3506);
#409=AXIS2_PLACEMENT_3D('',#455,#416,#417);
#410=AXIS2_PLACEMENT_3D('',#456,#418,#419);
#411=AXIS2_PLACEMENT_3D('',#465,#424,#425);
#412=AXIS2_PLACEMENT_3D('',#2157,#435,#436);
#413=AXIS2_PLACEMENT_3D('',#2158,#437,#438);
#414=AXIS2_PLACEMENT_3D('',#2598,#440,#441);
#415=AXIS2_PLACEMENT_3D('',#3038,#443,#444);
#416=DIRECTION('',(0.,0.,1.));
#417=DIRECTION('',(1.,0.,0.));
#418=DIRECTION('',(0.,1.,0.));
#419=DIRECTION('',(0.,0.,1.));
#420=DIRECTION('',(1.,0.,0.));
#421=DIRECTION('',(0.,0.,-1.));
#422=DIRECTION('',(1.,0.,0.));
#423=DIRECTION('',(0.,0.,-1.));
#424=DIRECTION('',(0.,1.,0.));
#425=DIRECTION('',(0.,0.,1.));
#426=DIRECTION('',(1.,0.,0.));
#427=DIRECTION('',(0.,0.,-1.));
#428=DIRECTION('',(1.,0.,0.));
#429=DIRECTION('',(0.,0.,-1.));
#430=DIRECTION('',(0.,0.,-1.));
#431=DIRECTION('',(0.,0.,-1.));
#432=DIRECTION('',(0.,0.,-1.));
#433=DIRECTION('',(0.,0.,-1.));
#434=DIRECTION('',(0.,0.,-1.));
#435=DIRECTION('',(0.,0.,1.));
#436=DIRECTION('',(1.,0.,0.));
#437=DIRECTION('',(7.25361748673386E-13,3.67331861236782E-13,1.));
#438=DIRECTION('',(1.,0.,-7.25361748673386E-13));
#439=DIRECTION('',(1.,0.,0.));
#440=DIRECTION('',(7.25361748673386E-13,3.67331861236782E-13,1.));
#441=DIRECTION('',(1.,0.,-7.25361748673386E-13));
#442=DIRECTION('',(1.,0.,0.));
#443=DIRECTION('',(0.,1.,0.));
#444=DIRECTION('',(0.,0.,1.));
#445=DIRECTION('',(0.,0.,-1.));
#446=DIRECTION('',(0.,0.,-1.));
#447=DIRECTION('',(0.,0.,-1.));
#448=DIRECTION('',(0.,0.,-1.));
#449=DIRECTION('',(0.,0.,-1.));
#450=DIRECTION('',(0.,0.,-1.));
#451=DIRECTION('',(0.,0.,-1.));
#452=DIRECTION('',(0.,0.,-1.));
#453=DIRECTION('',(0.,0.,-1.));
#454=DIRECTION('',(0.,0.,-1.));
#455=CARTESIAN_POINT('',(0.,0.,0.));
#456=CARTESIAN_POINT('',(-0.00172289442052566,-0.0490173774972432,0.0255778));
#457=CARTESIAN_POINT('',(-0.00172289442052566,-0.0490173774972432,0.0027178));
#458=CARTESIAN_POINT('',(-0.0430329016589779,-0.0490173774972432,0.0027178));
#459=CARTESIAN_POINT('',(0.0395844243521768,-0.0490173774972432,0.0027178));
#460=CARTESIAN_POINT('',(-0.0430329016589779,-0.0490173774972432,0.0255778));
#461=CARTESIAN_POINT('',(-0.0430329016589779,-0.0490173774972432,0.027178));
#462=CARTESIAN_POINT('',(-0.00172289442052566,-0.0490173774972432,0.027178));
#463=CARTESIAN_POINT('',(0.0395844243521768,-0.0490173774972432,0.027178));
#464=CARTESIAN_POINT('',(0.0395844243521768,-0.0490173774972432,0.0255778));
#465=CARTESIAN_POINT('',(-0.00172289442052566,-0.0501603774972432,0.0255778));
#466=CARTESIAN_POINT('',(-0.00172289442052566,-0.0501603774972432,0.0027178));
#467=CARTESIAN_POINT('',(-0.0449170180608421,-0.0501603774972432,0.0027178));
#468=CARTESIAN_POINT('',(0.0414444604031507,-0.0501603774972432,0.0027178));
#469=CARTESIAN_POINT('',(0.0414444604031507,-0.0501603774972432,0.0255778));
#470=CARTESIAN_POINT('',(0.0414444604031507,-0.0501603774972432,0.0255778));
#471=CARTESIAN_POINT('',(-0.00172289442052566,-0.0501603774972432,0.0255778));
#472=CARTESIAN_POINT('',(-0.0449170180608421,-0.0501603774972432,0.0255778));
#473=CARTESIAN_POINT('',(-0.0449170180608421,-0.0501603774972432,0.0255778));
#474=CARTESIAN_POINT('',(0.0414444604031507,-0.0501603774972432,0.0255778));
#475=CARTESIAN_POINT('',(0.0414444604031507,-0.0501603774972432,0.00271780000000001));
#476=CARTESIAN_POINT('',(0.0409185988195516,-0.0491219707645544,0.0255778));
#477=CARTESIAN_POINT('',(0.0409185988195516,-0.0491219707645544,0.00271780000000001));
#478=CARTESIAN_POINT('',(0.0401888663367413,-0.0475848809520751,0.0255778));
#479=CARTESIAN_POINT('',(0.0401888663367413,-0.0475848809520751,0.00271779999999999));
#480=CARTESIAN_POINT('',(0.0388584299806396,-0.0453480847842111,0.0255778));
#481=CARTESIAN_POINT('',(0.0388584299806396,-0.0453480847842111,0.00271780000000002));
#482=CARTESIAN_POINT('',(0.0374969531727683,-0.0436189086441951,0.0255778));
#483=CARTESIAN_POINT('',(0.0374969531727683,-0.0436189086441951,0.00271780000000001));
#484=CARTESIAN_POINT('',(0.0355836720917287,-0.0418371667724927,0.0255778));
#485=CARTESIAN_POINT('',(0.0355836720917287,-0.0418371667724927,0.00271780000000001));
#486=CARTESIAN_POINT('',(0.0331804877268427,-0.0400839843533626,0.0255778));
#487=CARTESIAN_POINT('',(0.0331804877268427,-0.0400839843533626,0.0027178));
#488=CARTESIAN_POINT('',(0.0308449823822873,-0.0384634595092639,0.0255778));
#489=CARTESIAN_POINT('',(0.0308449823822873,-0.0384634595092639,0.00271780000000002));
#490=CARTESIAN_POINT('',(0.0296726892428516,-0.0375570239257512,0.0255778));
#491=CARTESIAN_POINT('',(0.0296726892428516,-0.0375570239257512,0.00271780000000001));
#492=CARTESIAN_POINT('',(0.0293003134688542,-0.0372097587087175,0.0255778));
#493=CARTESIAN_POINT('',(0.0293003134688542,-0.0372097587087175,0.00271780000000001));
#494=CARTESIAN_POINT('',(0.0414444604031507,-0.0501603774972432,0.0027178));
#495=CARTESIAN_POINT('',(0.0413129950072509,-0.049900775814071,0.0027178));
#496=CARTESIAN_POINT('',(0.0410499773552305,-0.0493813016354348,0.0027178));
#497=CARTESIAN_POINT('',(0.0406559720385256,-0.0486037152412304,0.0027178));
#498=CARTESIAN_POINT('',(0.0402601426571804,-0.0478204417889014,0.0027178));
#499=CARTESIAN_POINT('',(0.0396930296298677,-0.0467443700404433,0.0027178));
#500=CARTESIAN_POINT('',(0.0390258492224399,-0.0456284823980425,0.0027178));
#501=CARTESIAN_POINT('',(0.0381749716247845,-0.0444825281388892,0.0027178));
#502=CARTESIAN_POINT('',(0.0374263518330206,-0.0436116821308735,0.0027178));
#503=CARTESIAN_POINT('',(0.0366956718109823,-0.0428783049143965,0.0027178));
#504=CARTESIAN_POINT('',(0.0360375194388343,-0.0422862901539375,0.0027178));
#505=CARTESIAN_POINT('',(0.0353292969848839,-0.0416929693364035,0.0027178));
#506=CARTESIAN_POINT('',(0.0343790531081885,-0.040960725421503,0.0027178));
#507=CARTESIAN_POINT('',(0.032793171664097,-0.0398141512366737,0.0027178));
#508=CARTESIAN_POINT('',(0.0312327966813399,-0.0387311670476859,0.0027178));
#509=CARTESIAN_POINT('',(0.0299677928561937,-0.0377877341195875,0.0027178));
#510=CARTESIAN_POINT('',(0.0294865013558529,-0.0373833913172344,0.0027178));
#511=CARTESIAN_POINT('',(0.0293003134688542,-0.0372097587087175,0.0027178));
#512=CARTESIAN_POINT('',(0.0293003134688542,-0.0372097587087175,0.0027178));
#513=CARTESIAN_POINT('',(0.0293003134688542,-0.0372097587087175,0.0255778));
#514=CARTESIAN_POINT('',(0.0293003134688542,-0.0372097587087175,0.0255778));
#515=CARTESIAN_POINT('',(0.0414444604031507,-0.0501603774972432,0.0255778));
#516=CARTESIAN_POINT('',(0.0413129950072509,-0.049900775814071,0.0255778));
#517=CARTESIAN_POINT('',(0.0410499773552305,-0.0493813016354348,0.0255778));
#518=CARTESIAN_POINT('',(0.0406559720385256,-0.0486037152412304,0.0255778));
#519=CARTESIAN_POINT('',(0.0402601426571804,-0.0478204417889014,0.0255778));
#520=CARTESIAN_POINT('',(0.0396930296298677,-0.0467443700404433,0.0255778));
#521=CARTESIAN_POINT('',(0.0390258492224399,-0.0456284823980425,0.0255778));
#522=CARTESIAN_POINT('',(0.0381749716247845,-0.0444825281388892,0.0255778));
#523=CARTESIAN_POINT('',(0.0374263518330206,-0.0436116821308735,0.0255778));
#524=CARTESIAN_POINT('',(0.0366956718109823,-0.0428783049143965,0.0255778));
#525=CARTESIAN_POINT('',(0.0360375194388343,-0.0422862901539375,0.0255778));
#526=CARTESIAN_POINT('',(0.0353292969848839,-0.0416929693364035,0.0255778));
#527=CARTESIAN_POINT('',(0.0343790531081885,-0.040960725421503,0.0255778));
#528=CARTESIAN_POINT('',(0.032793171664097,-0.0398141512366737,0.0255778));
#529=CARTESIAN_POINT('',(0.0312327966813399,-0.0387311670476859,0.0255778));
#530=CARTESIAN_POINT('',(0.0299677928561937,-0.0377877341195875,0.0255778));
#531=CARTESIAN_POINT('',(0.0294865013558529,-0.0373833913172344,0.0255778));
#532=CARTESIAN_POINT('',(0.0293003134688542,-0.0372097587087175,0.0255778));
#533=CARTESIAN_POINT('',(0.0293003134688542,-0.0372097587087176,0.0255778));
#534=CARTESIAN_POINT('',(0.0293003134688542,-0.0372097587087176,0.00271780000000004));
#535=CARTESIAN_POINT('',(0.0296272695289885,-0.0370639651566448,0.0255778));
#536=CARTESIAN_POINT('',(0.0296272695289885,-0.0370639651566448,0.00271780000000004));
#537=CARTESIAN_POINT('',(0.0302522111931502,-0.036801449815904,0.0255778));
#538=CARTESIAN_POINT('',(0.0302522111931502,-0.036801449815904,0.00271780000000002));
#539=CARTESIAN_POINT('',(0.0311355196423872,-0.0361406315969865,0.0255778));
#540=CARTESIAN_POINT('',(0.0311355196423872,-0.0361406315969865,0.00271780000000004));
#541=CARTESIAN_POINT('',(0.0318421539816836,-0.0353492335920258,0.0255778));
#542=CARTESIAN_POINT('',(0.0318421539816836,-0.0353492335920258,0.00271780000000003));
#543=CARTESIAN_POINT('',(0.0324647315303822,-0.034224705005837,0.0255778));
#544=CARTESIAN_POINT('',(0.0324647315303822,-0.034224705005837,0.00271780000000003));
#545=CARTESIAN_POINT('',(0.0329429269162467,-0.0327934793130096,0.0255778));
#546=CARTESIAN_POINT('',(0.0329429269162467,-0.0327934793130096,0.00271780000000003));
#547=CARTESIAN_POINT('',(0.0332619012562336,-0.0313627496941151,0.0255778));
#548=CARTESIAN_POINT('',(0.0332619012562336,-0.0313627496941151,0.00271780000000004));
#549=CARTESIAN_POINT('',(0.0335846462636516,-0.0296156965241166,0.0255778));
#550=CARTESIAN_POINT('',(0.0335846462636516,-0.0296156965241166,0.00271780000000003));
#551=CARTESIAN_POINT('',(0.0338990892106253,-0.0275511298966217,0.0255778));
#552=CARTESIAN_POINT('',(0.0338990892106253,-0.0275511298966217,0.00271780000000003));
#553=CARTESIAN_POINT('',(0.0341925866349779,-0.0247871703369657,0.0255778));
#554=CARTESIAN_POINT('',(0.0341925866349779,-0.0247871703369657,0.00271780000000002));
#555=CARTESIAN_POINT('',(0.0344463649192152,-0.0213093825886232,0.0255778));
#556=CARTESIAN_POINT('',(0.0344463649192152,-0.0213093825886232,0.00271780000000004));
#557=CARTESIAN_POINT('',(0.0344215292449859,-0.0181411371243805,0.0255778));
#558=CARTESIAN_POINT('',(0.0344215292449859,-0.0181411371243805,0.00271780000000003));
#559=CARTESIAN_POINT('',(0.0341534599105908,-0.01559226994201,0.0255778));
#560=CARTESIAN_POINT('',(0.0341534599105908,-0.01559226994201,0.00271780000000004));
#561=CARTESIAN_POINT('',(0.0337828048699783,-0.013724630578687,0.0255778));
#562=CARTESIAN_POINT('',(0.0337828048699783,-0.013724630578687,0.00271780000000005));
#563=CARTESIAN_POINT('',(0.0333496174970479,-0.0120293733879401,0.0255778));
#564=CARTESIAN_POINT('',(0.0333496174970479,-0.0120293733879401,0.00271780000000003));
#565=CARTESIAN_POINT('',(0.0329830296861166,-0.0105343742976122,0.0255778));
#566=CARTESIAN_POINT('',(0.0329830296861166,-0.0105343742976122,0.00271780000000003));
#567=CARTESIAN_POINT('',(0.0327968156730194,-0.00930877132758532,0.0255778));
#568=CARTESIAN_POINT('',(0.0327968156730194,-0.00930877132758532,0.00271780000000005));
#569=CARTESIAN_POINT('',(0.0328526945692582,-0.00864278282333161,0.0255778));
#570=CARTESIAN_POINT('',(0.0328526945692582,-0.00864278282333161,0.00271780000000004));
#571=CARTESIAN_POINT('',(0.032976965951061,-0.00832011614969133,0.0255778));
#572=CARTESIAN_POINT('',(0.032976965951061,-0.00832011614969133,0.00271780000000004));
#573=CARTESIAN_POINT('',(0.0332038298794731,-0.00793639424655668,0.0255778));
#574=CARTESIAN_POINT('',(0.0332038298794731,-0.00793639424655668,0.00271780000000002));
#575=CARTESIAN_POINT('',(0.0337294149733848,-0.00734343577289353,0.0255778));
#576=CARTESIAN_POINT('',(0.0337294149733848,-0.00734343577289353,0.00271780000000003));
#577=CARTESIAN_POINT('',(0.0346347095057043,-0.0063928389149873,0.0255778));
#578=CARTESIAN_POINT('',(0.0346347095057043,-0.0063928389149873,0.00271780000000004));
#579=CARTESIAN_POINT('',(0.0355743124175393,-0.0050096446040663,0.0255778));
#580=CARTESIAN_POINT('',(0.0355743124175393,-0.0050096446040663,0.00271780000000004));
#581=CARTESIAN_POINT('',(0.0362284436810861,-0.00325765845209713,0.0255778));
#582=CARTESIAN_POINT('',(0.0362284436810861,-0.00325765845209713,0.00271780000000005));
#583=CARTESIAN_POINT('',(0.036565641959755,-0.00139612721634114,0.0255778));
#584=CARTESIAN_POINT('',(0.036565641959755,-0.00139612721634114,0.00271780000000002));
#585=CARTESIAN_POINT('',(0.0365148997633682,0.00012789188073563,0.0255778));
#586=CARTESIAN_POINT('',(0.0365148997633682,0.00012789188073563,0.00271780000000004));
#587=CARTESIAN_POINT('',(0.0361486876420989,0.00127854828671676,0.0255778));
#588=CARTESIAN_POINT('',(0.0361486876420989,0.00127854828671676,0.00271780000000004));
#589=CARTESIAN_POINT('',(0.0356377046526232,0.00208582164439851,0.0255778));
#590=CARTESIAN_POINT('',(0.0356377046526232,0.00208582164439851,0.00271780000000004));
#591=CARTESIAN_POINT('',(0.0347752158306879,0.00269571686365464,0.0255778));
#592=CARTESIAN_POINT('',(0.0347752158306879,0.00269571686365464,0.00271780000000004));
#593=CARTESIAN_POINT('',(0.0338747234978036,0.00291853038541926,0.0255778));
#594=CARTESIAN_POINT('',(0.0338747234978036,0.00291853038541926,0.00271780000000002));
#595=CARTESIAN_POINT('',(0.0330167624340896,0.00295723014559149,0.0255778));
#596=CARTESIAN_POINT('',(0.0330167624340896,0.00295723014559149,0.00271780000000005));
#597=CARTESIAN_POINT('',(0.0319079199399651,0.00287160736870579,0.0255778));
#598=CARTESIAN_POINT('',(0.0319079199399651,0.00287160736870579,0.00271780000000004));
#599=CARTESIAN_POINT('',(0.030616505125375,0.00264286190348819,0.0255778));
#600=CARTESIAN_POINT('',(0.030616505125375,0.00264286190348819,0.00271780000000005));
#601=CARTESIAN_POINT('',(0.0298463221240933,0.00256551910298364,0.0255778));
#602=CARTESIAN_POINT('',(0.0298463221240933,0.00256551910298364,0.00271780000000004));
#603=CARTESIAN_POINT('',(0.0296579540655616,0.00257385955622131,0.0255778));
#604=CARTESIAN_POINT('',(0.0296579540655616,0.00257385955622131,0.00271780000000004));
#605=CARTESIAN_POINT('',(0.0293003134688542,-0.0372097587087176,0.0027178));
#606=CARTESIAN_POINT('',(0.0294637914989214,-0.0371368619326812,0.0027178));
#607=CARTESIAN_POINT('',(0.0297439550573331,-0.0370129579361182,0.0027178));
#608=CARTESIAN_POINT('',(0.0301554412610738,-0.0368029633453124,0.0027178));
#609=CARTESIAN_POINT('',(0.0304761863847049,-0.036616581142949,0.0027178));
#610=CARTESIAN_POINT('',(0.0307485889652626,-0.0364300841635257,0.0027178));
#611=CARTESIAN_POINT('',(0.0309628731880216,-0.0362589937001527,0.0027178));
#612=CARTESIAN_POINT('',(0.0312664828157144,-0.0359915294891383,0.0027178));
#613=CARTESIAN_POINT('',(0.0316659792122022,-0.035547471981469,0.0027178));
#614=CARTESIAN_POINT('',(0.032091452031961,-0.0348989495433632,0.0027178));
#615=CARTESIAN_POINT('',(0.032431170713916,-0.0342146583932031,0.0027178));
#616=CARTESIAN_POINT('',(0.0327033566220943,-0.0335088555294456,0.0027178));
#617=CARTESIAN_POINT('',(0.0329962475860468,-0.0325550652770515,0.0027178));
#618=CARTESIAN_POINT('',(0.0332095213125008,-0.031601864846838,0.0027178));
#619=CARTESIAN_POINT('',(0.0333815217831012,-0.0307064391518135,0.0027178));
#620=CARTESIAN_POINT('',(0.0335390034946575,-0.0298427234440112,0.0027178));
#621=CARTESIAN_POINT('',(0.0337117714972345,-0.0287894403290772,0.0027178));
#622=CARTESIAN_POINT('',(0.0338888199795334,-0.02751472639658,0.0027178));
#623=CARTESIAN_POINT('',(0.034043649736368,-0.026171953857671,0.0027178));
#624=CARTESIAN_POINT('',(0.0341878903353508,-0.0246979057812412,0.0027178));
#625=CARTESIAN_POINT('',(0.0343205895919809,-0.023045616850472,0.0027178));
#626=CARTESIAN_POINT('',(0.0344106013398094,-0.0212695201498454,0.0027178));
#627=CARTESIAN_POINT('',(0.0344316134707602,-0.0194084912731372,0.0027178));
#628=CARTESIAN_POINT('',(0.0343547178201774,-0.0175032030264729,0.0027178));
#629=CARTESIAN_POINT('',(0.0341861915694854,-0.0159131031612543,0.0027178));
#630=CARTESIAN_POINT('',(0.033969489822755,-0.0146545890422052,0.0027178));
#631=CARTESIAN_POINT('',(0.0337747252481019,-0.0137468544445389,0.0027178));
#632=CARTESIAN_POINT('',(0.0335659060723894,-0.0128781588243373,0.0027178));
#633=CARTESIAN_POINT('',(0.0332886602247234,-0.0117797042155035,0.0027178));
#634=CARTESIAN_POINT('',(0.0330443632259515,-0.0107824320502455,0.0027178));
#635=CARTESIAN_POINT('',(0.0328894752556709,-0.00992363881118167,0.0027178));
#636=CARTESIAN_POINT('',(0.0328288392007372,-0.00936304244532165,0.0027178));
#637=CARTESIAN_POINT('',(0.0328292487568569,-0.00897987052252547,0.0027178));
#638=CARTESIAN_POINT('',(0.03285690980265,-0.0087314584683078,0.0027178));
#639=CARTESIAN_POINT('',(0.0328889354679143,-0.00857509969986143,0.0027178));
#640=CARTESIAN_POINT('',(0.0329297069463524,-0.0084459017266572,0.0027178));
#641=CARTESIAN_POINT('',(0.0330056405635352,-0.00826941807024166,0.0027178));
#642=CARTESIAN_POINT('',(0.0331475504872293,-0.0080329924246073,0.0027178));
#643=CARTESIAN_POINT('',(0.0334120249298654,-0.00769995299834654,0.0027178));
#644=CARTESIAN_POINT('',(0.0337641327335528,-0.00731408391425915,0.0027178));
#645=CARTESIAN_POINT('',(0.0341825263958576,-0.00686527929246771,0.0027178));
#646=CARTESIAN_POINT('',(0.0346393485859691,-0.00633722586407162,0.0027178));
#647=CARTESIAN_POINT('',(0.0350254286593346,-0.0058147487174743,0.0027178));
#648=CARTESIAN_POINT('',(0.0353202677063153,-0.00533930644864543,0.0027178));
#649=CARTESIAN_POINT('',(0.035599874045816,-0.00482181257558201,0.0027178));
#650=CARTESIAN_POINT('',(0.0359008021984474,-0.0041298440349099,0.0027178));
#651=CARTESIAN_POINT('',(0.0361889209520398,-0.0032447177943508,0.0027178));
#652=CARTESIAN_POINT('',(0.0363972430950316,-0.00232769041648352,0.0027178));
#653=CARTESIAN_POINT('',(0.0365164729981902,-0.0014001702112208,0.0027178));
#654=CARTESIAN_POINT('',(0.0365326277564045,-0.000481100355944481,0.0027178));
#655=CARTESIAN_POINT('',(0.0364237788926855,0.000415096287423463,0.0027178));
#656=CARTESIAN_POINT('',(0.0361952363896802,0.001135659101067,0.0027178));
#657=CARTESIAN_POINT('',(0.0358917196970736,0.0016805797473427,0.0027178));
#658=CARTESIAN_POINT('',(0.0355920536396453,0.00206099262840503,0.0027178));
#659=CARTESIAN_POINT('',(0.0352776654629616,0.00233766666056949,0.0027178));
#660=CARTESIAN_POINT('',(0.0349897742052617,0.00252213173694291,0.0027178));
#661=CARTESIAN_POINT('',(0.0346957452218627,0.0026724866888634,0.0027178));
#662=CARTESIAN_POINT('',(0.0343226506598749,0.00280500982660507,0.0027178));
#663=CARTESIAN_POINT('',(0.0337330644627054,0.00292619474204066,0.0027178));
#664=CARTESIAN_POINT('',(0.033016347176258,0.00295686956591645,0.0027178));
#665=CARTESIAN_POINT('',(0.0321851071726319,0.00289292598978112,0.0027178));
#666=CARTESIAN_POINT('',(0.0313918628354186,0.0027808180548782,0.0027178));
#667=CARTESIAN_POINT('',(0.0306640520217402,0.00266370418532627,0.0027178));
#668=CARTESIAN_POINT('',(0.0300453831054562,0.00258001698225016,0.0027178));
#669=CARTESIAN_POINT('',(0.0297521380948275,0.00256968932960247,0.0027178));
#670=CARTESIAN_POINT('',(0.0296579540655616,0.00257385955622131,0.0027178));
#671=CARTESIAN_POINT('',(0.0296579540655616,0.00257385955622131,0.0027178));
#672=CARTESIAN_POINT('',(0.0296579540655616,0.00257385955622131,0.0255778));
#673=CARTESIAN_POINT('',(0.0296579540655616,0.00257385955622131,0.0255778));
#674=CARTESIAN_POINT('',(0.0293003134688542,-0.0372097587087176,0.0255778));
#675=CARTESIAN_POINT('',(0.0294637914989214,-0.0371368619326812,0.0255778));
#676=CARTESIAN_POINT('',(0.0297439550573331,-0.0370129579361182,0.0255778));
#677=CARTESIAN_POINT('',(0.0301554412610738,-0.0368029633453124,0.0255778));
#678=CARTESIAN_POINT('',(0.0304761863847049,-0.036616581142949,0.0255778));
#679=CARTESIAN_POINT('',(0.0307485889652626,-0.0364300841635257,0.0255778));
#680=CARTESIAN_POINT('',(0.0309628731880216,-0.0362589937001527,0.0255778));
#681=CARTESIAN_POINT('',(0.0312664828157144,-0.0359915294891383,0.0255778));
#682=CARTESIAN_POINT('',(0.0316659792122022,-0.035547471981469,0.0255778));
#683=CARTESIAN_POINT('',(0.032091452031961,-0.0348989495433632,0.0255778));
#684=CARTESIAN_POINT('',(0.032431170713916,-0.0342146583932031,0.0255778));
#685=CARTESIAN_POINT('',(0.0327033566220943,-0.0335088555294456,0.0255778));
#686=CARTESIAN_POINT('',(0.0329962475860468,-0.0325550652770515,0.0255778));
#687=CARTESIAN_POINT('',(0.0332095213125008,-0.031601864846838,0.0255778));
#688=CARTESIAN_POINT('',(0.0333815217831012,-0.0307064391518135,0.0255778));
#689=CARTESIAN_POINT('',(0.0335390034946575,-0.0298427234440112,0.0255778));
#690=CARTESIAN_POINT('',(0.0337117714972345,-0.0287894403290772,0.0255778));
#691=CARTESIAN_POINT('',(0.0338888199795334,-0.02751472639658,0.0255778));
#692=CARTESIAN_POINT('',(0.034043649736368,-0.026171953857671,0.0255778));
#693=CARTESIAN_POINT('',(0.0341878903353508,-0.0246979057812412,0.0255778));
#694=CARTESIAN_POINT('',(0.0343205895919809,-0.023045616850472,0.0255778));
#695=CARTESIAN_POINT('',(0.0344106013398094,-0.0212695201498454,0.0255778));
#696=CARTESIAN_POINT('',(0.0344316134707602,-0.0194084912731372,0.0255778));
#697=CARTESIAN_POINT('',(0.0343547178201774,-0.0175032030264729,0.0255778));
#698=CARTESIAN_POINT('',(0.0341861915694854,-0.0159131031612543,0.0255778));
#699=CARTESIAN_POINT('',(0.033969489822755,-0.0146545890422052,0.0255778));
#700=CARTESIAN_POINT('',(0.0337747252481019,-0.0137468544445389,0.0255778));
#701=CARTESIAN_POINT('',(0.0335659060723894,-0.0128781588243373,0.0255778));
#702=CARTESIAN_POINT('',(0.0332886602247234,-0.0117797042155035,0.0255778));
#703=CARTESIAN_POINT('',(0.0330443632259515,-0.0107824320502455,0.0255778));
#704=CARTESIAN_POINT('',(0.0328894752556709,-0.00992363881118167,0.0255778));
#705=CARTESIAN_POINT('',(0.0328288392007372,-0.00936304244532165,0.0255778));
#706=CARTESIAN_POINT('',(0.0328292487568569,-0.00897987052252547,0.0255778));
#707=CARTESIAN_POINT('',(0.03285690980265,-0.0087314584683078,0.0255778));
#708=CARTESIAN_POINT('',(0.0328889354679143,-0.00857509969986143,0.0255778));
#709=CARTESIAN_POINT('',(0.0329297069463524,-0.0084459017266572,0.0255778));
#710=CARTESIAN_POINT('',(0.0330056405635352,-0.00826941807024166,0.0255778));
#711=CARTESIAN_POINT('',(0.0331475504872293,-0.0080329924246073,0.0255778));
#712=CARTESIAN_POINT('',(0.0334120249298654,-0.00769995299834654,0.0255778));
#713=CARTESIAN_POINT('',(0.0337641327335528,-0.00731408391425915,0.0255778));
#714=CARTESIAN_POINT('',(0.0341825263958576,-0.00686527929246771,0.0255778));
#715=CARTESIAN_POINT('',(0.0346393485859691,-0.00633722586407162,0.0255778));
#716=CARTESIAN_POINT('',(0.0350254286593346,-0.0058147487174743,0.0255778));
#717=CARTESIAN_POINT('',(0.0353202677063153,-0.00533930644864543,0.0255778));
#718=CARTESIAN_POINT('',(0.035599874045816,-0.00482181257558201,0.0255778));
#719=CARTESIAN_POINT('',(0.0359008021984474,-0.0041298440349099,0.0255778));
#720=CARTESIAN_POINT('',(0.0361889209520398,-0.0032447177943508,0.0255778));
#721=CARTESIAN_POINT('',(0.0363972430950316,-0.00232769041648352,0.0255778));
#722=CARTESIAN_POINT('',(0.0365164729981902,-0.0014001702112208,0.0255778));
#723=CARTESIAN_POINT('',(0.0365326277564045,-0.000481100355944481,0.0255778));
#724=CARTESIAN_POINT('',(0.0364237788926855,0.000415096287423463,0.0255778));
#725=CARTESIAN_POINT('',(0.0361952363896802,0.001135659101067,0.0255778));
#726=CARTESIAN_POINT('',(0.0358917196970736,0.0016805797473427,0.0255778));
#727=CARTESIAN_POINT('',(0.0355920536396453,0.00206099262840503,0.0255778));
#728=CARTESIAN_POINT('',(0.0352776654629616,0.00233766666056949,0.0255778));
#729=CARTESIAN_POINT('',(0.0349897742052617,0.00252213173694291,0.0255778));
#730=CARTESIAN_POINT('',(0.0346957452218627,0.0026724866888634,0.0255778));
#731=CARTESIAN_POINT('',(0.0343226506598749,0.00280500982660507,0.0255778));
#732=CARTESIAN_POINT('',(0.0337330644627054,0.00292619474204066,0.0255778));
#733=CARTESIAN_POINT('',(0.033016347176258,0.00295686956591645,0.0255778));
#734=CARTESIAN_POINT('',(0.0321851071726319,0.00289292598978112,0.0255778));
#735=CARTESIAN_POINT('',(0.0313918628354186,0.0027808180548782,0.0255778));
#736=CARTESIAN_POINT('',(0.0306640520217402,0.00266370418532627,0.0255778));
#737=CARTESIAN_POINT('',(0.0300453831054562,0.00258001698225016,0.0255778));
#738=CARTESIAN_POINT('',(0.0297521380948275,0.00256968932960247,0.0255778));
#739=CARTESIAN_POINT('',(0.0296579540655616,0.00257385955622131,0.0255778));
#740=CARTESIAN_POINT('',(0.0296579540655616,0.00257385955622131,0.0255778));
#741=CARTESIAN_POINT('',(0.0296579540655616,0.00257385955622131,0.00271780000000004));
#742=CARTESIAN_POINT('',(0.0296110479623878,0.00268654117922065,0.0255778));
#743=CARTESIAN_POINT('',(0.0296110479623878,0.00268654117922065,0.00271780000000004));
#744=CARTESIAN_POINT('',(0.0294787626025063,0.00310860557032832,0.0255778));
#745=CARTESIAN_POINT('',(0.0294787626025063,0.00310860557032832,0.00271780000000005));
#746=CARTESIAN_POINT('',(0.0291390136719535,0.0040917440754403,0.0255778));
#747=CARTESIAN_POINT('',(0.0291390136719535,0.0040917440754403,0.00271780000000002));
#748=CARTESIAN_POINT('',(0.0284327807018839,0.00527378435865244,0.0255778));
#749=CARTESIAN_POINT('',(0.0284327807018839,0.00527378435865244,0.00271780000000003));
#750=CARTESIAN_POINT('',(0.0273284380371017,0.00638831921829419,0.0255778));
#751=CARTESIAN_POINT('',(0.0273284380371017,0.00638831921829419,0.00271780000000004));
#752=CARTESIAN_POINT('',(0.0259635429134323,0.00746291729223529,0.0255778));
#753=CARTESIAN_POINT('',(0.0259635429134323,0.00746291729223529,0.00271780000000004));
#754=CARTESIAN_POINT('',(0.023842432114553,0.00889220481335383,0.0255778));
#755=CARTESIAN_POINT('',(0.023842432114553,0.00889220481335383,0.00271780000000003));
#756=CARTESIAN_POINT('',(0.0207987800689124,0.0106673082583213,0.0255778));
#757=CARTESIAN_POINT('',(0.0207987800689124,0.0106673082583213,0.00271780000000003));
#758=CARTESIAN_POINT('',(0.0170798820643861,0.0127144462271653,0.0255778));
#759=CARTESIAN_POINT('',(0.0170798820643861,0.0127144462271653,0.00271780000000002));
#760=CARTESIAN_POINT('',(0.0144349357795293,0.0142619014661485,0.0255778));
#761=CARTESIAN_POINT('',(0.0144349357795293,0.0142619014661485,0.00271780000000004));
#762=CARTESIAN_POINT('',(0.0129152192827907,0.015329210283151,0.0255778));
#763=CARTESIAN_POINT('',(0.0129152192827907,0.015329210283151,0.00271780000000004));
#764=CARTESIAN_POINT('',(0.0122135748697162,0.0159701896084751,0.0255778));
#765=CARTESIAN_POINT('',(0.0122135748697162,0.0159701896084751,0.00271780000000004));
#766=CARTESIAN_POINT('',(0.0119181142140876,0.0164146344731641,0.0255778));
#767=CARTESIAN_POINT('',(0.0119181142140876,0.0164146344731641,0.00271780000000002));
#768=CARTESIAN_POINT('',(0.0117997598853488,0.0167485360823197,0.0255778));
#769=CARTESIAN_POINT('',(0.0117997598853488,0.0167485360823197,0.00271780000000005));
#770=CARTESIAN_POINT('',(0.011745448039682,0.0171573406129672,0.0255778));
#771=CARTESIAN_POINT('',(0.011745448039682,0.0171573406129672,0.00271780000000004));
#772=CARTESIAN_POINT('',(0.0117215933925955,0.0177964542538137,0.0255778));
#773=CARTESIAN_POINT('',(0.0117215933925955,0.0177964542538137,0.00271780000000003));
#774=CARTESIAN_POINT('',(0.0116466000081777,0.018501352400409,0.0255778));
#775=CARTESIAN_POINT('',(0.0116466000081777,0.018501352400409,0.00271780000000005));
#776=CARTESIAN_POINT('',(0.0115051113185854,0.0194679354644648,0.0255778));
#777=CARTESIAN_POINT('',(0.0115051113185854,0.0194679354644648,0.00271780000000002));
#778=CARTESIAN_POINT('',(0.0113115485346694,0.0206082964948111,0.0255778));
#779=CARTESIAN_POINT('',(0.0113115485346694,0.0206082964948111,0.00271780000000003));
#780=CARTESIAN_POINT('',(0.0110861505919314,0.0221015098870238,0.0255778));
#781=CARTESIAN_POINT('',(0.0110861505919314,0.0221015098870238,0.00271780000000004));
#782=CARTESIAN_POINT('',(0.0108445580411546,0.0239046052250129,0.0255778));
#783=CARTESIAN_POINT('',(0.0108445580411546,0.0239046052250129,0.00271780000000005));
#784=CARTESIAN_POINT('',(0.0105456698733871,0.0265822734346409,0.0255778));
#785=CARTESIAN_POINT('',(0.0105456698733871,0.0265822734346409,0.00271780000000002));
#786=CARTESIAN_POINT('',(0.0103482351064282,0.0292974845436987,0.0255778));
#787=CARTESIAN_POINT('',(0.0103482351064282,0.0292974845436987,0.00271780000000002));
#788=CARTESIAN_POINT('',(0.0103075854665705,0.0311731907404171,0.0255778));
#789=CARTESIAN_POINT('',(0.0103075854665705,0.0311731907404171,0.00271780000000005));
#790=CARTESIAN_POINT('',(0.010345955461002,0.0323368508291322,0.0255778));
#791=CARTESIAN_POINT('',(0.010345955461002,0.0323368508291322,0.00271780000000003));
#792=CARTESIAN_POINT('',(0.0104443275112641,0.0330203415947596,0.0255778));
#793=CARTESIAN_POINT('',(0.0104443275112641,0.0330203415947596,0.00271780000000003));
#794=CARTESIAN_POINT('',(0.0105242894705853,0.033263581129782,0.0255778));
#795=CARTESIAN_POINT('',(0.0105242894705853,0.033263581129782,0.00271780000000003));
#796=CARTESIAN_POINT('',(0.010533553191402,0.0332715777919578,0.0255778));
#797=CARTESIAN_POINT('',(0.010533553191402,0.0332715777919578,0.00271780000000004));
#798=CARTESIAN_POINT('',(0.0105342725039784,0.0332726604068619,0.0255778));
#799=CARTESIAN_POINT('',(0.0105342725039784,0.0332726604068619,0.00271780000000004));
#800=CARTESIAN_POINT('',(0.0296579540655616,0.00257385955622131,0.0027178));
#801=CARTESIAN_POINT('',(0.0296345010139747,0.00263020036772097,0.0027178));
#802=CARTESIAN_POINT('',(0.029575890243924,0.00279209787941488,0.0027178));
#803=CARTESIAN_POINT('',(0.0294618780366033,0.00315204361778813,0.0027178));
#804=CARTESIAN_POINT('',(0.0293078523339702,0.00360140298985269,0.0027178));
#805=CARTESIAN_POINT('',(0.0290921228590962,0.00411737042625352,0.0027178));
#806=CARTESIAN_POINT('',(0.0288413989947237,0.00458496301760478,0.0027178));
#807=CARTESIAN_POINT('',(0.028589129513921,0.00497000759610271,0.0027178));
#808=CARTESIAN_POINT('',(0.0282971458023632,0.00536160793179498,0.0027178));
#809=CARTESIAN_POINT('',(0.0278764765006044,0.00583349245419163,0.0027178));
#810=CARTESIAN_POINT('',(0.0272966252350015,0.0063829417759301,0.0027178));
#811=CARTESIAN_POINT('',(0.0266470983231129,0.00692471896615216,0.0027178));
#812=CARTESIAN_POINT('',(0.025697781384745,0.00764207984514802,0.0027178));
#813=CARTESIAN_POINT('',(0.0243727746844903,0.00853486486368062,0.0027178));
#814=CARTESIAN_POINT('',(0.0226254720040627,0.00960171291970906,0.0027178));
#815=CARTESIAN_POINT('',(0.0207902778919022,0.0106570822181196,0.0027178));
#816=CARTESIAN_POINT('',(0.0189395812920447,0.0116908215926233,0.0027178));
#817=CARTESIAN_POINT('',(0.0171480158440985,0.0126907419544129,0.0027178));
#818=CARTESIAN_POINT('',(0.0154926101805758,0.0136426962706529,0.0027178));
#819=CARTESIAN_POINT('',(0.0142936342305059,0.0143818402163528,0.0027178));
#820=CARTESIAN_POINT('',(0.0134870164477949,0.0149276705240857,0.0027178));
#821=CARTESIAN_POINT('',(0.0129711465794247,0.0153086760487534,0.0027178));
#822=CARTESIAN_POINT('',(0.0125578558907302,0.0156533846923788,0.0027178));
#823=CARTESIAN_POINT('',(0.0122657872001515,0.0159445505077386,0.0027178));
#824=CARTESIAN_POINT('',(0.0120666282844071,0.0161930164668823,0.0027178));
#825=CARTESIAN_POINT('',(0.0118978865878356,0.0164700185130151,0.0027178));
#826=CARTESIAN_POINT('',(0.0118198639703534,0.0166923317082674,0.0027178));
#827=CARTESIAN_POINT('',(0.011772067302505,0.0169539745899832,0.0027178));
#828=CARTESIAN_POINT('',(0.011749297513535,0.0171878594992059,0.0027178));
#829=CARTESIAN_POINT('',(0.0117364563189453,0.0174220934175305,0.0027178));
#830=CARTESIAN_POINT('',(0.01172497784245,0.0176343018097556,0.0027178));
#831=CARTESIAN_POINT('',(0.0117097278357554,0.0178652157374154,0.0027178));
#832=CARTESIAN_POINT('',(0.0116836143115557,0.0181528243860606,0.0027178));
#833=CARTESIAN_POINT('',(0.0116291890018584,0.0186199208079492,0.0027178));
#834=CARTESIAN_POINT('',(0.0115404197162207,0.0192269746829058,0.0027178));
#835=CARTESIAN_POINT('',(0.0114082421748704,0.0200382184092694,0.0027178));
#836=CARTESIAN_POINT('',(0.0112552241655028,0.0209815581155204,0.0027178));
#837=CARTESIAN_POINT('',(0.0110861378776168,0.0221015743667675,0.0027178));
#838=CARTESIAN_POINT('',(0.0109049819195893,0.0234536151988846,0.0027178));
#839=CARTESIAN_POINT('',(0.0107249125254003,0.0249764727956442,0.0027178));
#840=CARTESIAN_POINT('',(0.0105609045686316,0.0265878034926723,0.0027178));
#841=CARTESIAN_POINT('',(0.0104272325213666,0.0282110053208271,0.0027178));
#842=CARTESIAN_POINT('',(0.0103381172480964,0.0297666122978214,0.0027178));
#843=CARTESIAN_POINT('',(0.0103125060012538,0.0309384192995485,0.0027178));
#844=CARTESIAN_POINT('',(0.0103270507599977,0.0317555352430879,0.0027178));
#845=CARTESIAN_POINT('',(0.0103562586924362,0.0322945903082238,0.0027178));
#846=CARTESIAN_POINT('',(0.0104033237021527,0.0327437373288478,0.0027178));
#847=CARTESIAN_POINT('',(0.0104543377469119,0.0330241009420946,0.0027178));
#848=CARTESIAN_POINT('',(0.0104947973981893,0.033175437004636,0.0027178));
#849=CARTESIAN_POINT('',(0.0105184157960237,0.0332419059478059,0.0027178));
#850=CARTESIAN_POINT('',(0.0105312003529619,0.0332679913248294,0.0027178));
#851=CARTESIAN_POINT('',(0.0105339128476902,0.0332721190994099,0.0027178));
#852=CARTESIAN_POINT('',(0.0105342725039784,0.0332726604068619,0.0027178));
#853=CARTESIAN_POINT('',(0.0105342725039784,0.0332726604068619,0.0027178));
#854=CARTESIAN_POINT('',(0.0105342725039784,0.0332726604068619,0.0255778));
#855=CARTESIAN_POINT('',(0.0105342725039784,0.0332726604068619,0.0255778));
#856=CARTESIAN_POINT('',(0.0296579540655616,0.00257385955622131,0.0255778));
#857=CARTESIAN_POINT('',(0.0296345010139747,0.00263020036772097,0.0255778));
#858=CARTESIAN_POINT('',(0.029575890243924,0.00279209787941488,0.0255778));
#859=CARTESIAN_POINT('',(0.0294618780366033,0.00315204361778813,0.0255778));
#860=CARTESIAN_POINT('',(0.0293078523339702,0.00360140298985269,0.0255778));
#861=CARTESIAN_POINT('',(0.0290921228590962,0.00411737042625352,0.0255778));
#862=CARTESIAN_POINT('',(0.0288413989947237,0.00458496301760478,0.0255778));
#863=CARTESIAN_POINT('',(0.028589129513921,0.00497000759610271,0.0255778));
#864=CARTESIAN_POINT('',(0.0282971458023632,0.00536160793179498,0.0255778));
#865=CARTESIAN_POINT('',(0.0278764765006044,0.00583349245419163,0.0255778));
#866=CARTESIAN_POINT('',(0.0272966252350015,0.0063829417759301,0.0255778));
#867=CARTESIAN_POINT('',(0.0266470983231129,0.00692471896615216,0.0255778));
#868=CARTESIAN_POINT('',(0.025697781384745,0.00764207984514802,0.0255778));
#869=CARTESIAN_POINT('',(0.0243727746844903,0.00853486486368062,0.0255778));
#870=CARTESIAN_POINT('',(0.0226254720040627,0.00960171291970906,0.0255778));
#871=CARTESIAN_POINT('',(0.0207902778919022,0.0106570822181196,0.0255778));
#872=CARTESIAN_POINT('',(0.0189395812920447,0.0116908215926233,0.0255778));
#873=CARTESIAN_POINT('',(0.0171480158440985,0.0126907419544129,0.0255778));
#874=CARTESIAN_POINT('',(0.0154926101805758,0.0136426962706529,0.0255778));
#875=CARTESIAN_POINT('',(0.0142936342305059,0.0143818402163528,0.0255778));
#876=CARTESIAN_POINT('',(0.0134870164477949,0.0149276705240857,0.0255778));
#877=CARTESIAN_POINT('',(0.0129711465794247,0.0153086760487534,0.0255778));
#878=CARTESIAN_POINT('',(0.0125578558907302,0.0156533846923788,0.0255778));
#879=CARTESIAN_POINT('',(0.0122657872001515,0.0159445505077386,0.0255778));
#880=CARTESIAN_POINT('',(0.0120666282844071,0.0161930164668823,0.0255778));
#881=CARTESIAN_POINT('',(0.0118978865878356,0.0164700185130151,0.0255778));
#882=CARTESIAN_POINT('',(0.0118198639703534,0.0166923317082674,0.0255778));
#883=CARTESIAN_POINT('',(0.011772067302505,0.0169539745899832,0.0255778));
#884=CARTESIAN_POINT('',(0.011749297513535,0.0171878594992059,0.0255778));
#885=CARTESIAN_POINT('',(0.0117364563189453,0.0174220934175305,0.0255778));
#886=CARTESIAN_POINT('',(0.01172497784245,0.0176343018097556,0.0255778));
#887=CARTESIAN_POINT('',(0.0117097278357554,0.0178652157374154,0.0255778));
#888=CARTESIAN_POINT('',(0.0116836143115557,0.0181528243860606,0.0255778));
#889=CARTESIAN_POINT('',(0.0116291890018584,0.0186199208079492,0.0255778));
#890=CARTESIAN_POINT('',(0.0115404197162207,0.0192269746829058,0.0255778));
#891=CARTESIAN_POINT('',(0.0114082421748704,0.0200382184092694,0.0255778));
#892=CARTESIAN_POINT('',(0.0112552241655028,0.0209815581155204,0.0255778));
#893=CARTESIAN_POINT('',(0.0110861378776168,0.0221015743667675,0.0255778));
#894=CARTESIAN_POINT('',(0.0109049819195893,0.0234536151988846,0.0255778));
#895=CARTESIAN_POINT('',(0.0107249125254003,0.0249764727956442,0.0255778));
#896=CARTESIAN_POINT('',(0.0105609045686316,0.0265878034926723,0.0255778));
#897=CARTESIAN_POINT('',(0.0104272325213666,0.0282110053208271,0.0255778));
#898=CARTESIAN_POINT('',(0.0103381172480964,0.0297666122978214,0.0255778));
#899=CARTESIAN_POINT('',(0.0103125060012538,0.0309384192995485,0.0255778));
#900=CARTESIAN_POINT('',(0.0103270507599977,0.0317555352430879,0.0255778));
#901=CARTESIAN_POINT('',(0.0103562586924362,0.0322945903082238,0.0255778));
#902=CARTESIAN_POINT('',(0.0104033237021527,0.0327437373288478,0.0255778));
#903=CARTESIAN_POINT('',(0.0104543377469119,0.0330241009420946,0.0255778));
#904=CARTESIAN_POINT('',(0.0104947973981893,0.033175437004636,0.0255778));
#905=CARTESIAN_POINT('',(0.0105184157960237,0.0332419059478059,0.0255778));
#906=CARTESIAN_POINT('',(0.0105312003529619,0.0332679913248294,0.0255778));
#907=CARTESIAN_POINT('',(0.0105339128476902,0.0332721190994099,0.0255778));
#908=CARTESIAN_POINT('',(0.0105342725039784,0.0332726604068619,0.0255778));
#909=CARTESIAN_POINT('',(0.0105342725039784,0.0332726604068619,0.0255778));
#910=CARTESIAN_POINT('',(0.0105342725039784,0.0332726604068619,0.00271780000000004));
#911=CARTESIAN_POINT('',(0.0105361930824,0.0332748712503055,0.0255778));
#912=CARTESIAN_POINT('',(0.0105361930824,0.0332748712503055,0.00271780000000004));
#913=CARTESIAN_POINT('',(0.0106070154624078,0.0333327749743637,0.0255778));
#914=CARTESIAN_POINT('',(0.0106070154624078,0.0333327749743637,0.00271780000000004));
#915=CARTESIAN_POINT('',(0.0110223818875739,0.0336589522344438,0.0255778));
#916=CARTESIAN_POINT('',(0.0110223818875739,0.0336589522344438,0.00271780000000005));
#917=CARTESIAN_POINT('',(0.0114829189666138,0.0342081124293262,0.0255778));
#918=CARTESIAN_POINT('',(0.0114829189666138,0.0342081124293262,0.00271780000000004));
#919=CARTESIAN_POINT('',(0.0118323865866693,0.0349753238556482,0.0255778));
#920=CARTESIAN_POINT('',(0.0118323865866693,0.0349753238556482,0.00271780000000005));
#921=CARTESIAN_POINT('',(0.0120908733314778,0.0360508181836815,0.0255778));
#922=CARTESIAN_POINT('',(0.0120908733314778,0.0360508181836815,0.00271780000000004));
#923=CARTESIAN_POINT('',(0.0121303810222918,0.0372137806267999,0.0255778));
#924=CARTESIAN_POINT('',(0.0121303810222918,0.0372137806267999,0.00271780000000005));
#925=CARTESIAN_POINT('',(0.0117845089598519,0.0384750001208841,0.0255778));
#926=CARTESIAN_POINT('',(0.0117845089598519,0.0384750001208841,0.00271780000000004));
#927=CARTESIAN_POINT('',(0.010982694169646,0.0394485992824273,0.0255778));
#928=CARTESIAN_POINT('',(0.010982694169646,0.0394485992824273,0.00271780000000004));
#929=CARTESIAN_POINT('',(0.00998088257696074,0.0400679580096798,0.0255778));
#930=CARTESIAN_POINT('',(0.00998088257696074,0.0400679580096798,0.00271780000000005));
#931=CARTESIAN_POINT('',(0.00887402552679046,0.0404020697486233,0.0255778));
#932=CARTESIAN_POINT('',(0.00887402552679046,0.0404020697486233,0.00271780000000004));
#933=CARTESIAN_POINT('',(0.00733307522030218,0.0404921203706555,0.0255778));
#934=CARTESIAN_POINT('',(0.00733307522030218,0.0404921203706555,0.00271780000000005));
#935=CARTESIAN_POINT('',(0.00585071956894701,0.0400654318657371,0.0255778));
#936=CARTESIAN_POINT('',(0.00585071956894701,0.0400654318657371,0.00271780000000004));
#937=CARTESIAN_POINT('',(0.00460949463512261,0.0391793105042268,0.0255778));
#938=CARTESIAN_POINT('',(0.00460949463512261,0.0391793105042268,0.00271780000000003));
#939=CARTESIAN_POINT('',(0.00385724618106508,0.0382565730386451,0.0255778));
#940=CARTESIAN_POINT('',(0.00385724618106508,0.0382565730386451,0.00271780000000004));
#941=CARTESIAN_POINT('',(0.00340312580656385,0.037188898459915,0.0255778));
#942=CARTESIAN_POINT('',(0.00340312580656385,0.037188898459915,0.00271780000000005));
#943=CARTESIAN_POINT('',(0.00322861147027717,0.0360750923002591,0.0255778));
#944=CARTESIAN_POINT('',(0.00322861147027717,0.0360750923002591,0.00271780000000004));
#945=CARTESIAN_POINT('',(0.00333549161082096,0.0351412494573966,0.0255778));
#946=CARTESIAN_POINT('',(0.00333549161082096,0.0351412494573966,0.00271780000000004));
#947=CARTESIAN_POINT('',(0.00363929774668036,0.0344062252394316,0.0255778));
#948=CARTESIAN_POINT('',(0.00363929774668036,0.0344062252394316,0.00271780000000004));
#949=CARTESIAN_POINT('',(0.00410374758836883,0.0337652947841018,0.0255778));
#950=CARTESIAN_POINT('',(0.00410374758836883,0.0337652947841018,0.00271780000000005));
#951=CARTESIAN_POINT('',(0.0047061305871838,0.0332928159428209,0.0255778));
#952=CARTESIAN_POINT('',(0.0047061305871838,0.0332928159428209,0.00271780000000004));
#953=CARTESIAN_POINT('',(0.0051371448471422,0.0329797815907886,0.0255778));
#954=CARTESIAN_POINT('',(0.0051371448471422,0.0329797815907886,0.00271780000000004));
#955=CARTESIAN_POINT('',(0.0053215245685824,0.0327969208113306,0.0255778));
#956=CARTESIAN_POINT('',(0.0053215245685824,0.0327969208113306,0.00271780000000005));
#957=CARTESIAN_POINT('',(0.00537384303222242,0.03272444542492,0.0255778));
#958=CARTESIAN_POINT('',(0.00537384303222242,0.03272444542492,0.00271780000000004));
#959=CARTESIAN_POINT('',(0.0054210707174695,0.0326253695702279,0.0255778));
#960=CARTESIAN_POINT('',(0.0054210707174695,0.0326253695702279,0.00271780000000005));
#961=CARTESIAN_POINT('',(0.00549009214715897,0.032366730181729,0.0255778));
#962=CARTESIAN_POINT('',(0.00549009214715897,0.032366730181729,0.00271780000000003));
#963=CARTESIAN_POINT('',(0.00552705364727492,0.0318061478933831,0.0255778));
#964=CARTESIAN_POINT('',(0.00552705364727492,0.0318061478933831,0.00271780000000004));
#965=CARTESIAN_POINT('',(0.00543056411687084,0.0304735674660865,0.0255778));
#966=CARTESIAN_POINT('',(0.00543056411687084,0.0304735674660865,0.00271780000000005));
#967=CARTESIAN_POINT('',(0.00509672060173567,0.0281390032763668,0.0255778));
#968=CARTESIAN_POINT('',(0.00509672060173567,0.0281390032763668,0.00271780000000004));
#969=CARTESIAN_POINT('',(0.00487398527036705,0.024320594450794,0.0255778));
#970=CARTESIAN_POINT('',(0.00487398527036705,0.024320594450794,0.00271780000000006));
#971=CARTESIAN_POINT('',(0.00480873305026678,0.0203340646020262,0.0255778));
#972=CARTESIAN_POINT('',(0.00480873305026678,0.0203340646020262,0.00271780000000004));
#973=CARTESIAN_POINT('',(0.00471989459155907,0.0181585207038558,0.0255778));
#974=CARTESIAN_POINT('',(0.00471989459155907,0.0181585207038558,0.00271780000000005));
#975=CARTESIAN_POINT('',(0.00464354498725043,0.0173757010784429,0.0255778));
#976=CARTESIAN_POINT('',(0.00464354498725043,0.0173757010784429,0.00271780000000004));
#977=CARTESIAN_POINT('',(0.0105342725039784,0.0332726604068619,0.0027178));
#978=CARTESIAN_POINT('',(0.0105352327931892,0.0332737658285837,0.0027178));
#979=CARTESIAN_POINT('',(0.0105489245033712,0.0332911228570787,0.0027178));
#980=CARTESIAN_POINT('',(0.0107138191079859,0.0334144164087019,0.0027178));
#981=CARTESIAN_POINT('',(0.0109701446592134,0.0336204138945761,0.0027178));
#982=CARTESIAN_POINT('',(0.0111669459759268,0.0338307928722388,0.0027178));
#983=CARTESIAN_POINT('',(0.0112776694769964,0.0339698890303165,0.0027178));
#984=CARTESIAN_POINT('',(0.0113789495611636,0.0341112165546796,0.0027178));
#985=CARTESIAN_POINT('',(0.0114916732886093,0.0342927027481044,0.0027178));
#986=CARTESIAN_POINT('',(0.0116496670278365,0.03459450654691,0.0027178));
#987=CARTESIAN_POINT('',(0.0118133068525625,0.0349950152970136,0.0027178));
#988=CARTESIAN_POINT('',(0.0119632786476166,0.0355123177653923,0.0027178));
#989=CARTESIAN_POINT('',(0.0120638762983508,0.0360612141178747,0.0027178));
#990=CARTESIAN_POINT('',(0.0121074770938528,0.0366352029802833,0.0027178));
#991=CARTESIAN_POINT('',(0.0120807595442036,0.0372282171325373,0.0027178));
#992=CARTESIAN_POINT('',(0.0119663911098299,0.0378328693013331,0.0027178));
#993=CARTESIAN_POINT('',(0.0117260672992194,0.03844116526882,0.0027178));
#994=CARTESIAN_POINT('',(0.0113804507246378,0.038964850016151,0.0027178));
#995=CARTESIAN_POINT('',(0.0108175455412226,0.0395500616016247,0.0027178));
#996=CARTESIAN_POINT('',(0.00998025704429887,0.0400685836553061,0.0027178));
#997=CARTESIAN_POINT('',(0.00887421858647622,0.0404018092576569,0.0027178));
#998=CARTESIAN_POINT('',(0.0077181660908429,0.0404700240333868,0.0027178));
#999=CARTESIAN_POINT('',(0.00659229115926413,0.0402773713362054,0.0027178));
#1000=CARTESIAN_POINT('',(0.00571574020701923,0.0399170921145646,0.0027178));
#1001=CARTESIAN_POINT('',(0.00507473208136782,0.0395106062884733,0.0027178));
#1002=CARTESIAN_POINT('',(0.00463152765060731,0.0391460548998885,0.0027178));
#1003=CARTESIAN_POINT('',(0.00423479537324915,0.0387228906928844,0.0027178));
#1004=CARTESIAN_POINT('',(0.00389407963805284,0.0382376538883202,0.0027178));
#1005=CARTESIAN_POINT('',(0.00363049124048627,0.0377209948725571,0.0027178));
#1006=CARTESIAN_POINT('',(0.00343797688565026,0.0371834325836072,0.0027178));
#1007=CARTESIAN_POINT('',(0.00331596209451033,0.0366325339715785,0.0027178));
#1008=CARTESIAN_POINT('',(0.00326608423213976,0.0360743301633953,0.0027178));
#1009=CARTESIAN_POINT('',(0.0032941403035329,0.0355138939246162,0.0027178));
#1010=CARTESIAN_POINT('',(0.00339203953224927,0.0350490937837315,0.0027178));
#1011=CARTESIAN_POINT('',(0.00352440572145825,0.0346843451271572,0.0027178));
#1012=CARTESIAN_POINT('',(0.0036541076964809,0.0344156945957292,0.0027178));
#1013=CARTESIAN_POINT('',(0.00381543275207221,0.0341607982484919,0.0027178));
#1014=CARTESIAN_POINT('',(0.00404591045644164,0.0338697952120408,0.0027178));
#1015=CARTESIAN_POINT('',(0.00434598974756968,0.0335794470460674,0.0027178));
#1016=CARTESIAN_POINT('',(0.00467997038758704,0.0333158307553482,0.0027178));
#1017=CARTESIAN_POINT('',(0.00496526973855722,0.0331054589765633,0.0027178));
#1018=CARTESIAN_POINT('',(0.00518354382346252,0.0329331307180746,0.0027178));
#1019=CARTESIAN_POINT('',(0.00529707212836288,0.0328223550178182,0.0027178));
#1020=CARTESIAN_POINT('',(0.00535015194628145,0.0327562323573956,0.0027178));
#1021=CARTESIAN_POINT('',(0.0053728511898907,0.0327217704378913,0.0027178));
#1022=CARTESIAN_POINT('',(0.00539641070909735,0.0326767579722775,0.0027178));
#1023=CARTESIAN_POINT('',(0.00543032672984952,0.0325919913034863,0.0027178));
#1024=CARTESIAN_POINT('',(0.00547241261546017,0.0324315727439489,0.0027178));
#1025=CARTESIAN_POINT('',(0.00550573460905323,0.032143060960844,0.0027178));
#1026=CARTESIAN_POINT('',(0.00551459977116536,0.0316391329570435,0.0027178));
#1027=CARTESIAN_POINT('',(0.00545393135351388,0.0308078755469905,0.0027178));
#1028=CARTESIAN_POINT('',(0.00530036748722791,0.0295358533482078,0.0027178));
#1029=CARTESIAN_POINT('',(0.00515111451298595,0.0282650708079007,0.0027178));
#1030=CARTESIAN_POINT('',(0.0050470206277835,0.0271242458062828,0.0027178));
#1031=CARTESIAN_POINT('',(0.00496399058565005,0.0259078326771085,0.0027178));
#1032=CARTESIAN_POINT('',(0.00489511663634165,0.0242997786880069,0.0027178));
#1033=CARTESIAN_POINT('',(0.00484316281259233,0.0223268874546123,0.0027178));
#1034=CARTESIAN_POINT('',(0.00479964290258068,0.0204237021676241,0.0027178));
#1035=CARTESIAN_POINT('',(0.00474265841072435,0.0187059054885607,0.0027178));
#1036=CARTESIAN_POINT('',(0.00468171978940475,0.0177671108911494,0.0027178));
#1037=CARTESIAN_POINT('',(0.00464354498725043,0.0173757010784429,0.0027178));
#1038=CARTESIAN_POINT('',(0.00464354498725043,0.017375701078443,0.0027178));
#1039=CARTESIAN_POINT('',(0.00464354498725043,0.017375701078443,0.0255778));
#1040=CARTESIAN_POINT('',(0.00464354498725043,0.017375701078443,0.0255778));
#1041=CARTESIAN_POINT('',(0.0105342725039784,0.0332726604068619,0.0255778));
#1042=CARTESIAN_POINT('',(0.0105352327931892,0.0332737658285837,0.0255778));
#1043=CARTESIAN_POINT('',(0.0105489245033712,0.0332911228570787,0.0255778));
#1044=CARTESIAN_POINT('',(0.0107138191079859,0.0334144164087019,0.0255778));
#1045=CARTESIAN_POINT('',(0.0109701446592134,0.0336204138945761,0.0255778));
#1046=CARTESIAN_POINT('',(0.0111669459759268,0.0338307928722388,0.0255778));
#1047=CARTESIAN_POINT('',(0.0112776694769964,0.0339698890303165,0.0255778));
#1048=CARTESIAN_POINT('',(0.0113789495611636,0.0341112165546796,0.0255778));
#1049=CARTESIAN_POINT('',(0.0114916732886093,0.0342927027481044,0.0255778));
#1050=CARTESIAN_POINT('',(0.0116496670278365,0.03459450654691,0.0255778));
#1051=CARTESIAN_POINT('',(0.0118133068525625,0.0349950152970136,0.0255778));
#1052=CARTESIAN_POINT('',(0.0119632786476166,0.0355123177653923,0.0255778));
#1053=CARTESIAN_POINT('',(0.0120638762983508,0.0360612141178747,0.0255778));
#1054=CARTESIAN_POINT('',(0.0121074770938528,0.0366352029802833,0.0255778));
#1055=CARTESIAN_POINT('',(0.0120807595442036,0.0372282171325373,0.0255778));
#1056=CARTESIAN_POINT('',(0.0119663911098299,0.0378328693013331,0.0255778));
#1057=CARTESIAN_POINT('',(0.0117260672992194,0.03844116526882,0.0255778));
#1058=CARTESIAN_POINT('',(0.0113804507246378,0.038964850016151,0.0255778));
#1059=CARTESIAN_POINT('',(0.0108175455412226,0.0395500616016247,0.0255778));
#1060=CARTESIAN_POINT('',(0.00998025704429887,0.0400685836553061,0.0255778));
#1061=CARTESIAN_POINT('',(0.00887421858647622,0.0404018092576569,0.0255778));
#1062=CARTESIAN_POINT('',(0.0077181660908429,0.0404700240333868,0.0255778));
#1063=CARTESIAN_POINT('',(0.00659229115926413,0.0402773713362054,0.0255778));
#1064=CARTESIAN_POINT('',(0.00571574020701923,0.0399170921145646,0.0255778));
#1065=CARTESIAN_POINT('',(0.00507473208136782,0.0395106062884733,0.0255778));
#1066=CARTESIAN_POINT('',(0.00463152765060731,0.0391460548998885,0.0255778));
#1067=CARTESIAN_POINT('',(0.00423479537324915,0.0387228906928844,0.0255778));
#1068=CARTESIAN_POINT('',(0.00389407963805284,0.0382376538883202,0.0255778));
#1069=CARTESIAN_POINT('',(0.00363049124048627,0.0377209948725571,0.0255778));
#1070=CARTESIAN_POINT('',(0.00343797688565026,0.0371834325836072,0.0255778));
#1071=CARTESIAN_POINT('',(0.00331596209451033,0.0366325339715785,0.0255778));
#1072=CARTESIAN_POINT('',(0.00326608423213976,0.0360743301633953,0.0255778));
#1073=CARTESIAN_POINT('',(0.0032941403035329,0.0355138939246162,0.0255778));
#1074=CARTESIAN_POINT('',(0.00339203953224927,0.0350490937837315,0.0255778));
#1075=CARTESIAN_POINT('',(0.00352440572145825,0.0346843451271572,0.0255778));
#1076=CARTESIAN_POINT('',(0.0036541076964809,0.0344156945957292,0.0255778));
#1077=CARTESIAN_POINT('',(0.00381543275207221,0.0341607982484919,0.0255778));
#1078=CARTESIAN_POINT('',(0.00404591045644164,0.0338697952120408,0.0255778));
#1079=CARTESIAN_POINT('',(0.00434598974756968,0.0335794470460674,0.0255778));
#1080=CARTESIAN_POINT('',(0.00467997038758704,0.0333158307553482,0.0255778));
#1081=CARTESIAN_POINT('',(0.00496526973855722,0.0331054589765633,0.0255778));
#1082=CARTESIAN_POINT('',(0.00518354382346252,0.0329331307180746,0.0255778));
#1083=CARTESIAN_POINT('',(0.00529707212836288,0.0328223550178182,0.0255778));
#1084=CARTESIAN_POINT('',(0.00535015194628145,0.0327562323573956,0.0255778));
#1085=CARTESIAN_POINT('',(0.0053728511898907,0.0327217704378913,0.0255778));
#1086=CARTESIAN_POINT('',(0.00539641070909735,0.0326767579722775,0.0255778));
#1087=CARTESIAN_POINT('',(0.00543032672984952,0.0325919913034863,0.0255778));
#1088=CARTESIAN_POINT('',(0.00547241261546017,0.0324315727439489,0.0255778));
#1089=CARTESIAN_POINT('',(0.00550573460905323,0.032143060960844,0.0255778));
#1090=CARTESIAN_POINT('',(0.00551459977116536,0.0316391329570435,0.0255778));
#1091=CARTESIAN_POINT('',(0.00545393135351388,0.0308078755469905,0.0255778));
#1092=CARTESIAN_POINT('',(0.00530036748722791,0.0295358533482078,0.0255778));
#1093=CARTESIAN_POINT('',(0.00515111451298595,0.0282650708079007,0.0255778));
#1094=CARTESIAN_POINT('',(0.0050470206277835,0.0271242458062828,0.0255778));
#1095=CARTESIAN_POINT('',(0.00496399058565005,0.0259078326771085,0.0255778));
#1096=CARTESIAN_POINT('',(0.00489511663634165,0.0242997786880069,0.0255778));
#1097=CARTESIAN_POINT('',(0.00484316281259233,0.0223268874546123,0.0255778));
#1098=CARTESIAN_POINT('',(0.00479964290258068,0.0204237021676241,0.0255778));
#1099=CARTESIAN_POINT('',(0.00474265841072435,0.0187059054885607,0.0255778));
#1100=CARTESIAN_POINT('',(0.00468171978940475,0.0177671108911494,0.0255778));
#1101=CARTESIAN_POINT('',(0.00464354498725043,0.0173757010784429,0.0255778));
#1102=CARTESIAN_POINT('',(0.00464354498725004,0.0173757010784422,0.0255778));
#1103=CARTESIAN_POINT('',(0.00464354498725004,0.0173757010784422,0.00271780000000006));
#1104=CARTESIAN_POINT('',(0.00430347854094995,0.0175710816168815,0.0255778));
#1105=CARTESIAN_POINT('',(0.00430347854094995,0.0175710816168815,0.00271780000000006));
#1106=CARTESIAN_POINT('',(0.0035181730528066,0.0178828944316027,0.0255778));
#1107=CARTESIAN_POINT('',(0.0035181730528066,0.0178828944316027,0.00271780000000006));
#1108=CARTESIAN_POINT('',(0.00184509885571717,0.0182079790262978,0.0255778));
#1109=CARTESIAN_POINT('',(0.00184509885571717,0.0182079790262978,0.00271780000000006));
#1110=CARTESIAN_POINT('',(-0.000542151204446505,0.018330098546382,0.0255778));
#1111=CARTESIAN_POINT('',(-0.000542151204446505,0.018330098546382,0.00271780000000004));
#1112=CARTESIAN_POINT('',(-0.00360564832525507,0.0183127526825714,0.0255778));
#1113=CARTESIAN_POINT('',(-0.00360564832525507,0.0183127526825714,0.00271780000000007));
#1114=CARTESIAN_POINT('',(-0.00648074364126908,0.0184426940787796,0.0255778));
#1115=CARTESIAN_POINT('',(-0.00648074364126908,0.0184426940787796,0.00271780000000006));
#1116=CARTESIAN_POINT('',(-0.00926035217520526,0.018616162149308,0.0255778));
#1117=CARTESIAN_POINT('',(-0.00926035217520526,0.018616162149308,0.00271780000000005));
#1118=CARTESIAN_POINT('',(-0.0114708107550884,0.0185644546162211,0.0255778));
#1119=CARTESIAN_POINT('',(-0.0114708107550884,0.0185644546162211,0.00271780000000005));
#1120=CARTESIAN_POINT('',(-0.0132098433077833,0.0182476652700002,0.0255778));
#1121=CARTESIAN_POINT('',(-0.0132098433077833,0.0182476652700002,0.00271780000000007));
#1122=CARTESIAN_POINT('',(-0.0144108318970375,0.0178453996282216,0.0255778));
#1123=CARTESIAN_POINT('',(-0.0144108318970375,0.0178453996282216,0.00271780000000006));
#1124=CARTESIAN_POINT('',(-0.015381018324357,0.0174700053652751,0.0255778));
#1125=CARTESIAN_POINT('',(-0.015381018324357,0.0174700053652751,0.00271780000000005));
#1126=CARTESIAN_POINT('',(-0.0158402732736448,0.0173406640803235,0.0255778));
#1127=CARTESIAN_POINT('',(-0.0158402732736448,0.0173406640803235,0.00271780000000006));
#1128=CARTESIAN_POINT('',(-0.015977937715195,0.0173184085554972,0.0255778));
#1129=CARTESIAN_POINT('',(-0.015977937715195,0.0173184085554972,0.00271780000000006));
#1130=CARTESIAN_POINT('',(0.00464354498725004,0.0173757010784422,0.0027178));
#1131=CARTESIAN_POINT('',(0.00455852837567497,0.0174245462130521,0.0027178));
#1132=CARTESIAN_POINT('',(0.00437571319158211,0.0175215497740455,0.0027178));
#1133=CARTESIAN_POINT('',(0.0039999161622105,0.0176877191880444,0.0027178));
#1134=CARTESIAN_POINT('',(0.00351021194991411,0.0178540164736204,0.0027178));
#1135=CARTESIAN_POINT('',(0.00289348609691092,0.0180029351881449,0.0027178));
#1136=CARTESIAN_POINT('',(0.00203306875540943,0.0181494961305967,0.0027178));
#1137=CARTESIAN_POINT('',(0.000889554477799928,0.0182562408249807,0.0027178));
#1138=CARTESIAN_POINT('',(-0.000567314366112972,0.0183092311429826,0.0027178));
#1139=CARTESIAN_POINT('',(-0.00207200128863953,0.0183235365934691,0.0027178));
#1140=CARTESIAN_POINT('',(-0.00333020234891224,0.0183313549883594,0.0027178));
#1141=CARTESIAN_POINT('',(-0.00431397958759863,0.018350755379983,0.0027178));
#1142=CARTESIAN_POINT('',(-0.00527783107697441,0.0183848189574038,0.0027178));
#1143=CARTESIAN_POINT('',(-0.00646970027263275,0.0184491910740724,0.0027178));
#1144=CARTESIAN_POINT('',(-0.00787071673716343,0.0185309823166384,0.0027178));
#1145=CARTESIAN_POINT('',(-0.00924380485863666,0.018586742155758,0.0027178));
#1146=CARTESIAN_POINT('',(-0.0103648996776438,0.0185840443975805,0.0027178));
#1147=CARTESIAN_POINT('',(-0.0112483677000157,0.0185342207929494,0.0027178));
#1148=CARTESIAN_POINT('',(-0.0119043996863802,0.0184679651241935,0.0027178));
#1149=CARTESIAN_POINT('',(-0.0125527797584306,0.018367750728396,0.0027178));
#1150=CARTESIAN_POINT('',(-0.01308847384456,0.0182508284743637,0.0027178));
#1151=CARTESIAN_POINT('',(-0.0135080781388223,0.0181356175944102,0.0027178));
#1152=CARTESIAN_POINT('',(-0.0139093361743337,0.0180124134903131,0.0027178));
#1153=CARTESIAN_POINT('',(-0.0143812408494467,0.0178489417589745,0.0027178));
#1154=CARTESIAN_POINT('',(-0.0148942705831928,0.0176583942756828,0.0027178));
#1155=CARTESIAN_POINT('',(-0.0153466101425849,0.0174929490925487,0.0027178));
#1156=CARTESIAN_POINT('',(-0.0157240947892217,0.0173712238812921,0.0027178));
#1157=CARTESIAN_POINT('',(-0.0159091054944199,0.0173295363179104,0.0027178));
#1158=CARTESIAN_POINT('',(-0.015977937715195,0.0173184085554972,0.0027178));
#1159=CARTESIAN_POINT('',(-0.015977937715195,0.0173184085554972,0.0027178));
#1160=CARTESIAN_POINT('',(-0.015977937715195,0.0173184085554972,0.0255778));
#1161=CARTESIAN_POINT('',(-0.015977937715195,0.0173184085554972,0.0255778));
#1162=CARTESIAN_POINT('',(0.00464354498725004,0.0173757010784422,0.0255778));
#1163=CARTESIAN_POINT('',(0.00455852837567497,0.0174245462130521,0.0255778));
#1164=CARTESIAN_POINT('',(0.00437571319158211,0.0175215497740455,0.0255778));
#1165=CARTESIAN_POINT('',(0.0039999161622105,0.0176877191880444,0.0255778));
#1166=CARTESIAN_POINT('',(0.00351021194991411,0.0178540164736204,0.0255778));
#1167=CARTESIAN_POINT('',(0.00289348609691092,0.0180029351881449,0.0255778));
#1168=CARTESIAN_POINT('',(0.00203306875540943,0.0181494961305967,0.0255778));
#1169=CARTESIAN_POINT('',(0.000889554477799928,0.0182562408249807,0.0255778));
#1170=CARTESIAN_POINT('',(-0.000567314366112972,0.0183092311429826,0.0255778));
#1171=CARTESIAN_POINT('',(-0.00207200128863953,0.0183235365934691,0.0255778));
#1172=CARTESIAN_POINT('',(-0.00333020234891224,0.0183313549883594,0.0255778));
#1173=CARTESIAN_POINT('',(-0.00431397958759863,0.018350755379983,0.0255778));
#1174=CARTESIAN_POINT('',(-0.00527783107697441,0.0183848189574038,0.0255778));
#1175=CARTESIAN_POINT('',(-0.00646970027263275,0.0184491910740724,0.0255778));
#1176=CARTESIAN_POINT('',(-0.00787071673716343,0.0185309823166384,0.0255778));
#1177=CARTESIAN_POINT('',(-0.00924380485863666,0.018586742155758,0.0255778));
#1178=CARTESIAN_POINT('',(-0.0103648996776438,0.0185840443975805,0.0255778));
#1179=CARTESIAN_POINT('',(-0.0112483677000157,0.0185342207929494,0.0255778));
#1180=CARTESIAN_POINT('',(-0.0119043996863802,0.0184679651241935,0.0255778));
#1181=CARTESIAN_POINT('',(-0.0125527797584306,0.018367750728396,0.0255778));
#1182=CARTESIAN_POINT('',(-0.01308847384456,0.0182508284743637,0.0255778));
#1183=CARTESIAN_POINT('',(-0.0135080781388223,0.0181356175944102,0.0255778));
#1184=CARTESIAN_POINT('',(-0.0139093361743337,0.0180124134903131,0.0255778));
#1185=CARTESIAN_POINT('',(-0.0143812408494467,0.0178489417589745,0.0255778));
#1186=CARTESIAN_POINT('',(-0.0148942705831928,0.0176583942756828,0.0255778));
#1187=CARTESIAN_POINT('',(-0.0153466101425849,0.0174929490925487,0.0255778));
#1188=CARTESIAN_POINT('',(-0.0157240947892217,0.0173712238812921,0.0255778));
#1189=CARTESIAN_POINT('',(-0.0159091054944199,0.0173295363179104,0.0255778));
#1190=CARTESIAN_POINT('',(-0.015977937715195,0.0173184085554972,0.0255778));
#1191=CARTESIAN_POINT('',(-0.015977937715195,0.0173184085554972,0.0255778));
#1192=CARTESIAN_POINT('',(-0.015977937715195,0.0173184085554972,0.0027178000000002));
#1193=CARTESIAN_POINT('',(-0.0160292072838212,0.017444156826811,0.0255778));
#1194=CARTESIAN_POINT('',(-0.0160292072838212,0.017444156826811,0.0027178000000002));
#1195=CARTESIAN_POINT('',(-0.0161499767043326,0.0178797908708515,0.0255778));
#1196=CARTESIAN_POINT('',(-0.0161499767043326,0.0178797908708515,0.00271780000000021));
#1197=CARTESIAN_POINT('',(-0.0162753011864645,0.0188386800757647,0.0255778));
#1198=CARTESIAN_POINT('',(-0.0162753011864645,0.0188386800757647,0.0027178000000002));
#1199=CARTESIAN_POINT('',(-0.0163786988114805,0.0199371545234953,0.0255778));
#1200=CARTESIAN_POINT('',(-0.0163786988114805,0.0199371545234953,0.0027178000000002));
#1201=CARTESIAN_POINT('',(-0.0165680544823553,0.0214773787609048,0.0255778));
#1202=CARTESIAN_POINT('',(-0.0165680544823553,0.0214773787609048,0.00271780000000021));
#1203=CARTESIAN_POINT('',(-0.0170006968308954,0.0230769632675497,0.0255778));
#1204=CARTESIAN_POINT('',(-0.0170006968308954,0.0230769632675497,0.00271780000000017));
#1205=CARTESIAN_POINT('',(-0.0173522524626066,0.024376106080847,0.0255778));
#1206=CARTESIAN_POINT('',(-0.0173522524626066,0.024376106080847,0.00271780000000021));
#1207=CARTESIAN_POINT('',(-0.0174853675870379,0.0254564021998218,0.0255778));
#1208=CARTESIAN_POINT('',(-0.0174853675870379,0.0254564021998218,0.00271780000000019));
#1209=CARTESIAN_POINT('',(-0.0174988328513761,0.0267148593078486,0.0255778));
#1210=CARTESIAN_POINT('',(-0.0174988328513761,0.0267148593078486,0.00271780000000021));
#1211=CARTESIAN_POINT('',(-0.0173041991291927,0.0284608135312492,0.0255778));
#1212=CARTESIAN_POINT('',(-0.0173041991291927,0.0284608135312492,0.00271780000000019));
#1213=CARTESIAN_POINT('',(-0.0168315552994419,0.0303278453357793,0.0255778));
#1214=CARTESIAN_POINT('',(-0.0168315552994419,0.0303278453357793,0.0027178000000002));
#1215=CARTESIAN_POINT('',(-0.0163634760139618,0.0311990910098983,0.0255778));
#1216=CARTESIAN_POINT('',(-0.0163634760139618,0.0311990910098983,0.0027178000000002));
#1217=CARTESIAN_POINT('',(-0.015926034815922,0.0321587790390846,0.0255778));
#1218=CARTESIAN_POINT('',(-0.015926034815922,0.0321587790390846,0.0027178000000002));
#1219=CARTESIAN_POINT('',(-0.0157325323998366,0.0331131971404307,0.0255778));
#1220=CARTESIAN_POINT('',(-0.0157325323998366,0.0331131971404307,0.0027178000000002));
#1221=CARTESIAN_POINT('',(-0.0158216806862027,0.0341380178599653,0.0255778));
#1222=CARTESIAN_POINT('',(-0.0158216806862027,0.0341380178599653,0.00271780000000019));
#1223=CARTESIAN_POINT('',(-0.0161800000807815,0.0354738597422468,0.0255778));
#1224=CARTESIAN_POINT('',(-0.0161800000807815,0.0354738597422468,0.00271780000000019));
#1225=CARTESIAN_POINT('',(-0.0169853780143092,0.037100701558493,0.0255778));
#1226=CARTESIAN_POINT('',(-0.0169853780143092,0.037100701558493,0.0027178000000002));
#1227=CARTESIAN_POINT('',(-0.018479639104494,0.038602417745448,0.0255778));
#1228=CARTESIAN_POINT('',(-0.018479639104494,0.038602417745448,0.00271780000000019));
#1229=CARTESIAN_POINT('',(-0.0205948696963078,0.0390691289718958,0.0255778));
#1230=CARTESIAN_POINT('',(-0.0205948696963078,0.0390691289718958,0.00271780000000021));
#1231=CARTESIAN_POINT('',(-0.0226208008430761,0.0382646541318882,0.0255778));
#1232=CARTESIAN_POINT('',(-0.0226208008430761,0.0382646541318882,0.00271780000000019));
#1233=CARTESIAN_POINT('',(-0.0239796182582069,0.0369770604309942,0.0255778));
#1234=CARTESIAN_POINT('',(-0.0239796182582069,0.0369770604309942,0.00271780000000021));
#1235=CARTESIAN_POINT('',(-0.0247371985191536,0.0355809732932385,0.0255778));
#1236=CARTESIAN_POINT('',(-0.0247371985191536,0.0355809732932385,0.0027178000000002));
#1237=CARTESIAN_POINT('',(-0.0250519183156695,0.0344609678443005,0.0255778));
#1238=CARTESIAN_POINT('',(-0.0250519183156695,0.0344609678443005,0.00271780000000019));
#1239=CARTESIAN_POINT('',(-0.0251615847060036,0.0333435084462585,0.0255778));
#1240=CARTESIAN_POINT('',(-0.0251615847060036,0.0333435084462585,0.00271780000000021));
#1241=CARTESIAN_POINT('',(-0.025083130034852,0.0322686721293088,0.0255778));
#1242=CARTESIAN_POINT('',(-0.025083130034852,0.0322686721293088,0.0027178000000002));
#1243=CARTESIAN_POINT('',(-0.0248297097021754,0.0312642308608346,0.0255778));
#1244=CARTESIAN_POINT('',(-0.0248297097021754,0.0312642308608346,0.00271780000000019));
#1245=CARTESIAN_POINT('',(-0.0243232086875954,0.0303848820038895,0.0255778));
#1246=CARTESIAN_POINT('',(-0.0243232086875954,0.0303848820038895,0.0027178000000002));
#1247=CARTESIAN_POINT('',(-0.0238780311184116,0.0298739438393599,0.0255778));
#1248=CARTESIAN_POINT('',(-0.0238780311184116,0.0298739438393599,0.00271780000000019));
#1249=CARTESIAN_POINT('',(-0.023686844928041,0.0295712404702064,0.0255778));
#1250=CARTESIAN_POINT('',(-0.023686844928041,0.0295712404702064,0.00271780000000021));
#1251=CARTESIAN_POINT('',(-0.0236266323258038,0.0294134653348351,0.0255778));
#1252=CARTESIAN_POINT('',(-0.0236266323258038,0.0294134653348351,0.0027178000000002));
#1253=CARTESIAN_POINT('',(-0.0236135323230457,0.0287701922437405,0.0255778));
#1254=CARTESIAN_POINT('',(-0.0236135323230457,0.0287701922437405,0.00271780000000021));
#1255=CARTESIAN_POINT('',(-0.0237333713169143,0.0279012629874336,0.0255778));
#1256=CARTESIAN_POINT('',(-0.0237333713169143,0.0279012629874336,0.00271780000000019));
#1257=CARTESIAN_POINT('',(-0.0239077347632815,0.0269162428225469,0.0255778));
#1258=CARTESIAN_POINT('',(-0.0239077347632815,0.0269162428225469,0.00271780000000021));
#1259=CARTESIAN_POINT('',(-0.0240748671671283,0.0259076837834337,0.0255778));
#1260=CARTESIAN_POINT('',(-0.0240748671671283,0.0259076837834337,0.0027178000000002));
#1261=CARTESIAN_POINT('',(-0.0241427351422189,0.0248855221464106,0.0255778));
#1262=CARTESIAN_POINT('',(-0.0241427351422189,0.0248855221464106,0.00271780000000019));
#1263=CARTESIAN_POINT('',(-0.0240552992525873,0.0240137093226164,0.0255778));
#1264=CARTESIAN_POINT('',(-0.0240552992525873,0.0240137093226164,0.00271780000000022));
#1265=CARTESIAN_POINT('',(-0.0238726901422833,0.0230137392053756,0.0255778));
#1266=CARTESIAN_POINT('',(-0.0238726901422833,0.0230137392053756,0.00271780000000019));
#1267=CARTESIAN_POINT('',(-0.0236699166052894,0.0218419526125927,0.0255778));
#1268=CARTESIAN_POINT('',(-0.0236699166052894,0.0218419526125927,0.0027178000000002));
#1269=CARTESIAN_POINT('',(-0.0237478372479177,0.0196717874849704,0.0255778));
#1270=CARTESIAN_POINT('',(-0.0237478372479177,0.0196717874849704,0.00271780000000019));
#1271=CARTESIAN_POINT('',(-0.0239641942503616,0.0177811381558586,0.0255778));
#1272=CARTESIAN_POINT('',(-0.0239641942503616,0.0177811381558586,0.00271780000000021));
#1273=CARTESIAN_POINT('',(-0.0241909916089493,0.0163965377029187,0.0255778));
#1274=CARTESIAN_POINT('',(-0.0241909916089493,0.0163965377029187,0.0027178000000002));
#1275=CARTESIAN_POINT('',(-0.024470705433777,0.015159155719897,0.0255778));
#1276=CARTESIAN_POINT('',(-0.024470705433777,0.015159155719897,0.00271780000000021));
#1277=CARTESIAN_POINT('',(-0.0247818773569602,0.0141754723935804,0.0255778));
#1278=CARTESIAN_POINT('',(-0.0247818773569602,0.0141754723935804,0.00271780000000019));
#1279=CARTESIAN_POINT('',(-0.0250763355945841,0.0136658908604931,0.0255778));
#1280=CARTESIAN_POINT('',(-0.0250763355945841,0.0136658908604931,0.00271780000000019));
#1281=CARTESIAN_POINT('',(-0.0250876588756819,0.0136824285329035,0.0255778));
#1282=CARTESIAN_POINT('',(-0.0250876588756819,0.0136824285329035,0.00271780000000021));
#1283=CARTESIAN_POINT('',(-0.0252793691734858,0.0135840874814764,0.0255778));
#1284=CARTESIAN_POINT('',(-0.0252793691734858,0.0135840874814764,0.0027178000000002));
#1285=CARTESIAN_POINT('',(-0.0259977547860899,0.0134353430757924,0.0255778));
#1286=CARTESIAN_POINT('',(-0.0259977547860899,0.0134353430757924,0.00271780000000019));
#1287=CARTESIAN_POINT('',(-0.026975689633644,0.0131345301157552,0.0255778));
#1288=CARTESIAN_POINT('',(-0.026975689633644,0.0131345301157552,0.0027178000000002));
#1289=CARTESIAN_POINT('',(-0.0284044000817883,0.0125723611271316,0.0255778));
#1290=CARTESIAN_POINT('',(-0.0284044000817883,0.0125723611271316,0.0027178000000002));
#1291=CARTESIAN_POINT('',(-0.0299753935849108,0.0117734549925152,0.0255778));
#1292=CARTESIAN_POINT('',(-0.0299753935849108,0.0117734549925152,0.0027178000000002));
#1293=CARTESIAN_POINT('',(-0.0314233542173495,0.01076238641344,0.0255778));
#1294=CARTESIAN_POINT('',(-0.0314233542173495,0.01076238641344,0.00271780000000019));
#1295=CARTESIAN_POINT('',(-0.0324036604688433,0.00987507131795524,0.0255778));
#1296=CARTESIAN_POINT('',(-0.0324036604688433,0.00987507131795524,0.0027178000000002));
#1297=CARTESIAN_POINT('',(-0.0331517097431594,0.00888201356525077,0.0255778));
#1298=CARTESIAN_POINT('',(-0.0331517097431594,0.00888201356525077,0.00271780000000019));
#1299=CARTESIAN_POINT('',(-0.0338482073071604,0.00764505714535699,0.0255778));
#1300=CARTESIAN_POINT('',(-0.0338482073071604,0.00764505714535699,0.00271780000000021));
#1301=CARTESIAN_POINT('',(-0.0343624419838564,0.0066611862112939,0.0255778));
#1302=CARTESIAN_POINT('',(-0.0343624419838564,0.0066611862112939,0.0027178000000002));
#1303=CARTESIAN_POINT('',(-0.034837338814449,0.0061543626567965,0.0255778));
#1304=CARTESIAN_POINT('',(-0.034837338814449,0.0061543626567965,0.0027178000000002));
#1305=CARTESIAN_POINT('',(-0.0354984753513267,0.00575217840848135,0.0255778));
#1306=CARTESIAN_POINT('',(-0.0354984753513267,0.00575217840848135,0.00271780000000021));
#1307=CARTESIAN_POINT('',(-0.0369472051262234,0.00535520189011298,0.0255778));
#1308=CARTESIAN_POINT('',(-0.0369472051262234,0.00535520189011298,0.00271780000000019));
#1309=CARTESIAN_POINT('',(-0.0390877657055732,0.00510293352328352,0.0255778));
#1310=CARTESIAN_POINT('',(-0.0390877657055732,0.00510293352328352,0.00271780000000022));
#1311=CARTESIAN_POINT('',(-0.0411877838898706,0.00475880474406985,0.0255778));
#1312=CARTESIAN_POINT('',(-0.0411877838898706,0.00475880474406985,0.0027178000000002));
#1313=CARTESIAN_POINT('',(-0.0427123824970057,0.00430476744767963,0.0255778));
#1314=CARTESIAN_POINT('',(-0.0427123824970057,0.00430476744767963,0.0027178000000002));
#1315=CARTESIAN_POINT('',(-0.0437877554873814,0.00376561546441707,0.0255778));
#1316=CARTESIAN_POINT('',(-0.0437877554873814,0.00376561546441707,0.0027178000000002));
#1317=CARTESIAN_POINT('',(-0.0445304615103547,0.00322631067783935,0.0255778));
#1318=CARTESIAN_POINT('',(-0.0445304615103547,0.00322631067783935,0.0027178000000002));
#1319=CARTESIAN_POINT('',(-0.0451654308866896,0.00243607016833977,0.0255778));
#1320=CARTESIAN_POINT('',(-0.0451654308866896,0.00243607016833977,0.0027178000000002));
#1321=CARTESIAN_POINT('',(-0.0456573052743645,0.00109594533297694,0.0255778));
#1322=CARTESIAN_POINT('',(-0.0456573052743645,0.00109594533297694,0.00271780000000019));
#1323=CARTESIAN_POINT('',(-0.0455609320622604,-0.000878775014739861,0.0255778));
#1324=CARTESIAN_POINT('',(-0.0455609320622604,-0.000878775014739861,0.0027178000000002));
#1325=CARTESIAN_POINT('',(-0.0448726234996336,-0.00365957438769337,0.0255778));
#1326=CARTESIAN_POINT('',(-0.0448726234996336,-0.00365957438769337,0.00271780000000021));
#1327=CARTESIAN_POINT('',(-0.0438927667589232,-0.00664564304007175,0.0255778));
#1328=CARTESIAN_POINT('',(-0.0438927667589232,-0.00664564304007175,0.00271780000000019));
#1329=CARTESIAN_POINT('',(-0.0428879463150861,-0.00945545789601448,0.0255778));
#1330=CARTESIAN_POINT('',(-0.0428879463150861,-0.00945545789601448,0.00271780000000022));
#1331=CARTESIAN_POINT('',(-0.0421492943963209,-0.0116384135468085,0.0255778));
#1332=CARTESIAN_POINT('',(-0.0421492943963209,-0.0116384135468085,0.00271780000000021));
#1333=CARTESIAN_POINT('',(-0.0418094649247403,-0.0133748825621872,0.0255778));
#1334=CARTESIAN_POINT('',(-0.0418094649247403,-0.0133748825621872,0.00271780000000019));
#1335=CARTESIAN_POINT('',(-0.0418790427519473,-0.014981445907254,0.0255778));
#1336=CARTESIAN_POINT('',(-0.0418790427519473,-0.014981445907254,0.0027178000000002));
#1337=CARTESIAN_POINT('',(-0.0425000438591209,-0.0170933550684135,0.0255778));
#1338=CARTESIAN_POINT('',(-0.0425000438591209,-0.0170933550684135,0.00271780000000021));
#1339=CARTESIAN_POINT('',(-0.0433365294188778,-0.0196024487900346,0.0255778));
#1340=CARTESIAN_POINT('',(-0.0433365294188778,-0.0196024487900346,0.0027178000000002));
#1341=CARTESIAN_POINT('',(-0.0439831341063223,-0.0224478180459586,0.0255778));
#1342=CARTESIAN_POINT('',(-0.0439831341063223,-0.0224478180459586,0.00271780000000021));
#1343=CARTESIAN_POINT('',(-0.0438777527002168,-0.025586949460516,0.0255778));
#1344=CARTESIAN_POINT('',(-0.0438777527002168,-0.025586949460516,0.00271780000000019));
#1345=CARTESIAN_POINT('',(-0.043125553098067,-0.0285758705205139,0.0255778));
#1346=CARTESIAN_POINT('',(-0.043125553098067,-0.0285758705205139,0.00271780000000021));
#1347=CARTESIAN_POINT('',(-0.0420816591800329,-0.0313198672524153,0.0255778));
#1348=CARTESIAN_POINT('',(-0.0420816591800329,-0.0313198672524153,0.00271780000000021));
#1349=CARTESIAN_POINT('',(-0.0409958411762957,-0.033637292066072,0.0255778));
#1350=CARTESIAN_POINT('',(-0.0409958411762957,-0.033637292066072,0.0027178000000002));
#1351=CARTESIAN_POINT('',(-0.0401691223803934,-0.0353095720776226,0.0255778));
#1352=CARTESIAN_POINT('',(-0.0401691223803934,-0.0353095720776226,0.00271780000000019));
#1353=CARTESIAN_POINT('',(-0.0398287559645878,-0.0363493656922809,0.0255778));
#1354=CARTESIAN_POINT('',(-0.0398287559645878,-0.0363493656922809,0.0027178000000002));
#1355=CARTESIAN_POINT('',(-0.0397447054027852,-0.0371959403879118,0.0255778));
#1356=CARTESIAN_POINT('',(-0.0397447054027852,-0.0371959403879118,0.0027178000000002));
#1357=CARTESIAN_POINT('',(-0.0397904722949402,-0.0382051210051774,0.0255778));
#1358=CARTESIAN_POINT('',(-0.0397904722949402,-0.0382051210051774,0.00271780000000018));
#1359=CARTESIAN_POINT('',(-0.0400936683449667,-0.0396935001158452,0.0255778));
#1360=CARTESIAN_POINT('',(-0.0400936683449667,-0.0396935001158452,0.00271780000000021));
#1361=CARTESIAN_POINT('',(-0.0410000861384993,-0.0423507244184553,0.0255778));
#1362=CARTESIAN_POINT('',(-0.0410000861384993,-0.0423507244184553,0.0027178000000002));
#1363=CARTESIAN_POINT('',(-0.0426338080453021,-0.0458245505121095,0.0255778));
#1364=CARTESIAN_POINT('',(-0.0426338080453021,-0.0458245505121095,0.0027178000000002));
#1365=CARTESIAN_POINT('',(-0.0441646129117272,-0.0487158687727434,0.0255778));
#1366=CARTESIAN_POINT('',(-0.0441646129117272,-0.0487158687727434,0.0027178000000002));
#1367=CARTESIAN_POINT('',(-0.0449170180608421,-0.0501603774972432,0.0255778));
#1368=CARTESIAN_POINT('',(-0.0449170180608421,-0.0501603774972432,0.0027178000000002));
#1369=CARTESIAN_POINT('',(-0.0159779377151949,0.0173184085554972,0.0027178));
#1370=CARTESIAN_POINT('',(-0.0160035724995081,0.0173812826911541,0.0027178));
#1371=CARTESIAN_POINT('',(-0.0160613965774129,0.0175535861567452,0.0027178));
#1372=CARTESIAN_POINT('',(-0.0161697406811596,0.0180394195139646,0.0027178));
#1373=CARTESIAN_POINT('',(-0.0162542900769519,0.0186780855031884,0.0027178));
#1374=CARTESIAN_POINT('',(-0.0163274973258797,0.0193893283396314,0.0027178));
#1375=CARTESIAN_POINT('',(-0.0163838260712666,0.019945317204263,0.0027178));
#1376=CARTESIAN_POINT('',(-0.0164480103860766,0.0205090237146147,0.0027178));
#1377=CARTESIAN_POINT('',(-0.0165305177334425,0.0210763685493006,0.0027178));
#1378=CARTESIAN_POINT('',(-0.0166325911719517,0.0216091599814512,0.0027178));
#1379=CARTESIAN_POINT('',(-0.01678394327997,0.0222740378260212,0.0027178));
#1380=CARTESIAN_POINT('',(-0.0169878779493601,0.0230307146721268,0.0027178));
#1381=CARTESIAN_POINT('',(-0.0172122087816452,0.023855688427973,0.0027178));
#1382=CARTESIAN_POINT('',(-0.0173563593252869,0.0245133857872837,0.0027178));
#1383=CARTESIAN_POINT('',(-0.0174356728440634,0.0250535536961507,0.0027178));
#1384=CARTESIAN_POINT('',(-0.0174869362760811,0.0256124494669167,0.0027178));
#1385=CARTESIAN_POINT('',(-0.0174953796128469,0.0264002711687943,0.0027178));
#1386=CARTESIAN_POINT('',(-0.0174214470305916,0.0274146535186788,0.0027178));
#1387=CARTESIAN_POINT('',(-0.0172742503158821,0.0284327471624242,0.0027178));
#1388=CARTESIAN_POINT('',(-0.0171020943175683,0.0292313959900449,0.0027178));
#1389=CARTESIAN_POINT('',(-0.016943557938247,0.0298076304680563,0.0027178));
#1390=CARTESIAN_POINT('',(-0.0168383680700193,0.0301339161685136,0.0027178));
#1391=CARTESIAN_POINT('',(-0.0167523661282291,0.0303701923126082,0.0027178));
#1392=CARTESIAN_POINT('',(-0.0166666461968228,0.0305862449650974,0.0027178));
#1393=CARTESIAN_POINT('',(-0.0165070555604081,0.03094356342842,0.0027178));
#1394=CARTESIAN_POINT('',(-0.0163023440961522,0.0313411950212924,0.0027178));
#1395=CARTESIAN_POINT('',(-0.0160907366425731,0.0317997297796906,0.0027178));
#1396=CARTESIAN_POINT('',(-0.0159430713838873,0.0321891864176734,0.0027178));
#1397=CARTESIAN_POINT('',(-0.0158277651998541,0.0326308508635792,0.0027178));
#1398=CARTESIAN_POINT('',(-0.0157779425958511,0.0330388029808736,0.0027178));
#1399=CARTESIAN_POINT('',(-0.0157730728382326,0.0333787771920975,0.0027178));
#1400=CARTESIAN_POINT('',(-0.0157892600958283,0.033714702568236,0.0027178));
#1401=CARTESIAN_POINT('',(-0.0158439306641891,0.0341343098278692,0.0027178));
#1402=CARTESIAN_POINT('',(-0.0159556267378716,0.0346371474241818,0.0027178));
#1403=CARTESIAN_POINT('',(-0.0161588905761163,0.0353049252293552,0.0027178));
#1404=CARTESIAN_POINT('',(-0.016505633297952,0.0361254643534352,0.0027178));
#1405=CARTESIAN_POINT('',(-0.0170503549480615,0.0370442311418252,0.0027178));
#1406=CARTESIAN_POINT('',(-0.0177330225656082,0.0378513264376808,0.0027178));
#1407=CARTESIAN_POINT('',(-0.0185590837480531,0.038470630575883,0.0027178));
#1408=CARTESIAN_POINT('',(-0.0195294465707716,0.0388456527709675,0.0027178));
#1409=CARTESIAN_POINT('',(-0.0204059439368808,0.0388990568165883,0.0027178));
#1410=CARTESIAN_POINT('',(-0.0211033709658605,0.0387843610584073,0.0027178));
#1411=CARTESIAN_POINT('',(-0.0217759560051022,0.0385786756643365,0.0027178));
#1412=CARTESIAN_POINT('',(-0.0225700710860636,0.0381742907383431,0.0027178));
#1413=CARTESIAN_POINT('',(-0.0234320374766811,0.0374905715873564,0.0027178));
#1414=CARTESIAN_POINT('',(-0.0240472919032506,0.036769649393713,0.0027178));
#1415=CARTESIAN_POINT('',(-0.0244531386313534,0.0361091296692517,0.0027178));
#1416=CARTESIAN_POINT('',(-0.0247896198994066,0.035391644605369,0.0027178));
#1417=CARTESIAN_POINT('',(-0.025052042037891,0.0344617993649474,0.0027178));
#1418=CARTESIAN_POINT('',(-0.0251611528645615,0.0333435420034573,0.0027178));
#1419=CARTESIAN_POINT('',(-0.0250974702094257,0.0324470123171324,0.0027178));
#1420=CARTESIAN_POINT('',(-0.024954230323915,0.0317678833406347,0.0027178));
#1421=CARTESIAN_POINT('',(-0.0248233667471675,0.0313623448915861,0.0027178));
#1422=CARTESIAN_POINT('',(-0.0246896825558901,0.0310494413152868,0.0027178));
#1423=CARTESIAN_POINT('',(-0.0245357134302123,0.0307491378052114,0.0027178));
#1424=CARTESIAN_POINT('',(-0.024331080501086,0.0304331651241432,0.0027178));
#1425=CARTESIAN_POINT('',(-0.024099613550587,0.0301327098777545,0.0027178));
#1426=CARTESIAN_POINT('',(-0.023910858214566,0.0298994343526911,0.0027178));
#1427=CARTESIAN_POINT('',(-0.0237791316804317,0.0297214505430168,0.0027178));
#1428=CARTESIAN_POINT('',(-0.0237029766381398,0.0295913941448727,0.0027178));
#1429=CARTESIAN_POINT('',(-0.0236680002091804,0.0295030189679065,0.0027178));
#1430=CARTESIAN_POINT('',(-0.0236481056651173,0.029425576242581,0.0027178));
#1431=CARTESIAN_POINT('',(-0.0236337775599226,0.0293373772225912,0.0027178));
#1432=CARTESIAN_POINT('',(-0.0236236906494944,0.0292202089203414,0.0027178));
#1433=CARTESIAN_POINT('',(-0.0236187231709722,0.0290313224991883,0.0027178));
#1434=CARTESIAN_POINT('',(-0.023635706478881,0.0286269943991731,0.0027178));
#1435=CARTESIAN_POINT('',(-0.0237324891066822,0.0279003753688535,0.0027178));
#1436=CARTESIAN_POINT('',(-0.0238791198293926,0.0270814520076181,0.0027178));
#1437=CARTESIAN_POINT('',(-0.0239906752543412,0.0264102703430443,0.0027178));
#1438=CARTESIAN_POINT('',(-0.024062035553317,0.0259052101186921,0.0027178));
#1439=CARTESIAN_POINT('',(-0.0241029401808897,0.025485359423849,0.0027178));
#1440=CARTESIAN_POINT('',(-0.0241173745595787,0.0251499098112755,0.0027178));
#1441=CARTESIAN_POINT('',(-0.0241192646967364,0.024668257634837,0.0027178));
#1442=CARTESIAN_POINT('',(-0.0240560190498183,0.0240131245203387,0.0027178));
#1443=CARTESIAN_POINT('',(-0.023917851794112,0.0232649577505379,0.0027178));
#1444=CARTESIAN_POINT('',(-0.0238136614933886,0.0226614140476999,0.0027178));
#1445=CARTESIAN_POINT('',(-0.023752439865395,0.0221139416181484,0.0027178));
#1446=CARTESIAN_POINT('',(-0.0237125714298451,0.0215025059241933,0.0027178));
#1447=CARTESIAN_POINT('',(-0.0237154894226269,0.0205418921758894,0.0027178));
#1448=CARTESIAN_POINT('',(-0.0238022427457341,0.0191986193906755,0.0027178));
#1449=CARTESIAN_POINT('',(-0.0239641088297791,0.0177811225640573,0.0027178));
#1450=CARTESIAN_POINT('',(-0.0241910170440741,0.0163971058321416,0.0027178));
#1451=CARTESIAN_POINT('',(-0.0244240771022294,0.0153635999676959,0.0027178));
#1452=CARTESIAN_POINT('',(-0.0246263031576808,0.014670415379763,0.0027178));
#1453=CARTESIAN_POINT('',(-0.0247802683197891,0.0142364099600499,0.0027178));
#1454=CARTESIAN_POINT('',(-0.0249026897361019,0.0139651357722999,0.0027178));
#1455=CARTESIAN_POINT('',(-0.0249840480890808,0.0138194681416586,0.0027178));
#1456=CARTESIAN_POINT('',(-0.0250471784326233,0.0137251970257689,0.0027178));
#1457=CARTESIAN_POINT('',(-0.0250923501884333,0.0136795469809279,0.0027178));
#1458=CARTESIAN_POINT('',(-0.0251099273957316,0.0136667968491623,0.0027178));
#1459=CARTESIAN_POINT('',(-0.0251742804994375,0.0136329580960065,0.0027178));
#1460=CARTESIAN_POINT('',(-0.0253479381148219,0.0135779723404925,0.0027178));
#1461=CARTESIAN_POINT('',(-0.0256368573969897,0.0135092740766252,0.0027178));
#1462=CARTESIAN_POINT('',(-0.0259621093666695,0.0134324566162388,0.0027178));
#1463=CARTESIAN_POINT('',(-0.0262638706363413,0.0133497182256457,0.0027178));
#1464=CARTESIAN_POINT('',(-0.0265749061128531,0.0132565027347676,0.0027178));
#1465=CARTESIAN_POINT('',(-0.0269863728586305,0.0131196099844658,0.0027178));
#1466=CARTESIAN_POINT('',(-0.0275096315921982,0.0129240456904094,0.0027178));
#1467=CARTESIAN_POINT('',(-0.0282386219351643,0.0126227526377089,0.0027178));
#1468=CARTESIAN_POINT('',(-0.0291904354875372,0.0121726269903942,0.0027178));
#1469=CARTESIAN_POINT('',(-0.0303366721919134,0.0115212322034515,0.0027178));
#1470=CARTESIAN_POINT('',(-0.0312441635049768,0.0108872804172828,0.0027178));
#1471=CARTESIAN_POINT('',(-0.0319104017932898,0.0103213012179316,0.0027178));
#1472=CARTESIAN_POINT('',(-0.0322962788605015,0.00993945719815186,0.0027178));
#1473=CARTESIAN_POINT('',(-0.0325794706103802,0.0096170594249963,0.0027178));
#1474=CARTESIAN_POINT('',(-0.0328381642030684,0.00929434988541461,0.0027178));
#1475=CARTESIAN_POINT('',(-0.0331226840782994,0.00889078986806036,0.0027178));
#1476=CARTESIAN_POINT('',(-0.0334125858164213,0.00841920046816187,0.0027178));
#1477=CARTESIAN_POINT('',(-0.0337470185607382,0.00782039521135126,0.0027178));
#1478=CARTESIAN_POINT('',(-0.0340272589157641,0.00728507213769038,0.0027178));
#1479=CARTESIAN_POINT('',(-0.0342879999295548,0.00684400938040273,0.0027178));
#1480=CARTESIAN_POINT('',(-0.0344782568145587,0.0065653376702565,0.0027178));
#1481=CARTESIAN_POINT('',(-0.0346349603342482,0.00637759424868529,0.0027178));
#1482=CARTESIAN_POINT('',(-0.0347624029980165,0.00625063508260615,0.0027178));
#1483=CARTESIAN_POINT('',(-0.0348592571040134,0.00616650392045034,0.0027178));
#1484=CARTESIAN_POINT('',(-0.0349642812523374,0.0060880046560083,0.0027178));
#1485=CARTESIAN_POINT('',(-0.0351260457015221,0.00598339820224892,0.0027178));
#1486=CARTESIAN_POINT('',(-0.0353651289181827,0.0058578100873451,0.0027178));
#1487=CARTESIAN_POINT('',(-0.0357093262132424,0.00571889216556112,0.0027178));
#1488=CARTESIAN_POINT('',(-0.0362349544838234,0.00555329136944044,0.0027178));
#1489=CARTESIAN_POINT('',(-0.0369969699757291,0.00538482048164029,0.0027178));
#1490=CARTESIAN_POINT('',(-0.0380148843184549,0.00522904732232896,0.0027178));
#1491=CARTESIAN_POINT('',(-0.0390810845063953,0.00509125566710311,0.0027178));
#1492=CARTESIAN_POINT('',(-0.04014682949435,0.00493167073657555,0.0027178));
#1493=CARTESIAN_POINT('',(-0.0411523923463385,0.00473367310166992,0.0027178));
#1494=CARTESIAN_POINT('',(-0.0420998046037849,0.00448574934470914,0.0027178));
#1495=CARTESIAN_POINT('',(-0.0428341216658845,0.00422314571699023,0.0027178));
#1496=CARTESIAN_POINT('',(-0.0433862208406166,0.0039671456595302,0.0027178));
#1497=CARTESIAN_POINT('',(-0.0437801022616093,0.00374863855403808,0.0027178));
#1498=CARTESIAN_POINT('',(-0.0441560793174257,0.00349705211168924,0.0027178));
#1499=CARTESIAN_POINT('',(-0.0445175811896354,0.00319437187019873,0.0027178));
#1500=CARTESIAN_POINT('',(-0.0448486283395228,0.00283238875162988,0.0027178));
#1501=CARTESIAN_POINT('',(-0.0451317895919076,0.00240907308555912,0.0027178));
#1502=CARTESIAN_POINT('',(-0.0453507350274057,0.00193288679914969,0.0027178));
#1503=CARTESIAN_POINT('',(-0.0454983836432225,0.00141632167710264,0.0027178));
#1504=CARTESIAN_POINT('',(-0.0455772639856996,0.000867860021940968,0.0027178));
#1505=CARTESIAN_POINT('',(-0.0455968596018775,9.28140761774697E-5,0.0027178));
#1506=CARTESIAN_POINT('',(-0.0454894476526023,-0.000928938505094673,0.0027178));
#1507=CARTESIAN_POINT('',(-0.0452167990633186,-0.00226519561618648,0.0027178));
#1508=CARTESIAN_POINT('',(-0.0448362049607657,-0.00368593738552519,0.0027178));
#1509=CARTESIAN_POINT('',(-0.0443825739133369,-0.00515377044729775,0.0027178));
#1510=CARTESIAN_POINT('',(-0.043889483150797,-0.0066239785664232,0.0027178));
#1511=CARTESIAN_POINT('',(-0.0433911303338875,-0.00804791973100385,0.0027178));
#1512=CARTESIAN_POINT('',(-0.0429212894070359,-0.00937708208372352,0.0027178));
#1513=CARTESIAN_POINT('',(-0.0425175584535573,-0.0105496401050397,0.0027178));
#1514=CARTESIAN_POINT('',(-0.0421996208444532,-0.0115820164559937,0.0027178));
#1515=CARTESIAN_POINT('',(-0.0419785469937395,-0.0125062887164215,0.0027178));
#1516=CARTESIAN_POINT('',(-0.041860202481455,-0.0133572507962945,0.0027178));
#1517=CARTESIAN_POINT('',(-0.0418490670199674,-0.0140462899670585,0.0027178));
#1518=CARTESIAN_POINT('',(-0.0418975320924967,-0.0146165499751066,0.0027178));
#1519=CARTESIAN_POINT('',(-0.0419876913314954,-0.0152074335503293,0.0027178));
#1520=CARTESIAN_POINT('',(-0.0421873170331851,-0.0160354013205464,0.0027178));
#1521=CARTESIAN_POINT('',(-0.0425271611067593,-0.0171431278492,0.0027178));
#1522=CARTESIAN_POINT('',(-0.0429197861470865,-0.0183494022535961,0.0027178));
#1523=CARTESIAN_POINT('',(-0.0433136523950165,-0.0196444607520939,0.0027178));
#1524=CARTESIAN_POINT('',(-0.043654899913802,-0.0210237230125398,0.0027178));
#1525=CARTESIAN_POINT('',(-0.0438476170219343,-0.0222403838372535,0.0027178));
#1526=CARTESIAN_POINT('',(-0.0439167186499497,-0.0232528997076281,0.0027178));
#1527=CARTESIAN_POINT('',(-0.0439167434519485,-0.0242852731803226,0.0027178));
#1528=CARTESIAN_POINT('',(-0.0437949873548221,-0.0255659497926286,0.0027178));
#1529=CARTESIAN_POINT('',(-0.0434986539145943,-0.0270785493801603,0.0027178));
#1530=CARTESIAN_POINT('',(-0.0429534109023469,-0.0290347289572918,0.0027178));
#1531=CARTESIAN_POINT('',(-0.0422547565702303,-0.0308632973682883,0.0027178));
#1532=CARTESIAN_POINT('',(-0.0415398387737572,-0.0324768631642965,0.0027178));
#1533=CARTESIAN_POINT('',(-0.0410283322343171,-0.0335570131830893,0.0027178));
#1534=CARTESIAN_POINT('',(-0.0405809785545837,-0.0344736916976719,0.0027178));
#1535=CARTESIAN_POINT('',(-0.0402218791473935,-0.0352557164957235,0.0027178));
#1536=CARTESIAN_POINT('',(-0.0399645182351384,-0.0359363471112095,0.0027178));
#1537=CARTESIAN_POINT('',(-0.0398078536124702,-0.0365602325847936,0.0027178));
#1538=CARTESIAN_POINT('',(-0.0397446485452247,-0.0371961486486995,0.0027178));
#1539=CARTESIAN_POINT('',(-0.0397791477138108,-0.0379527695891051,0.0027178));
#1540=CARTESIAN_POINT('',(-0.0399113390048744,-0.038800489435681,0.0027178));
#1541=CARTESIAN_POINT('',(-0.0401333086045784,-0.0397194734214192,0.0027178));
#1542=CARTESIAN_POINT('',(-0.0404334147317299,-0.0406894808678694,0.0027178));
#1543=CARTESIAN_POINT('',(-0.040920275881068,-0.0420287141394363,0.0027178));
#1544=CARTESIAN_POINT('',(-0.0416533684283681,-0.043742739263159,0.0027178));
#1545=CARTESIAN_POINT('',(-0.0426752607910722,-0.045846054928388,0.0027178));
#1546=CARTESIAN_POINT('',(-0.0435993582073706,-0.0476316176334917,0.0027178));
#1547=CARTESIAN_POINT('',(-0.0443529043675099,-0.0490771698730438,0.0027178));
#1548=CARTESIAN_POINT('',(-0.0447289167735634,-0.0497992503161182,0.0027178));
#1549=CARTESIAN_POINT('',(-0.0449170180608421,-0.0501603774972432,0.0027178));
#1550=CARTESIAN_POINT('',(-0.0159779377151949,0.0173184085554972,0.0255778));
#1551=CARTESIAN_POINT('',(-0.0160035724995081,0.0173812826911541,0.0255778));
#1552=CARTESIAN_POINT('',(-0.0160613965774129,0.0175535861567452,0.0255778));
#1553=CARTESIAN_POINT('',(-0.0161697406811596,0.0180394195139646,0.0255778));
#1554=CARTESIAN_POINT('',(-0.0162542900769519,0.0186780855031884,0.0255778));
#1555=CARTESIAN_POINT('',(-0.0163274973258797,0.0193893283396314,0.0255778));
#1556=CARTESIAN_POINT('',(-0.0163838260712666,0.019945317204263,0.0255778));
#1557=CARTESIAN_POINT('',(-0.0164480103860766,0.0205090237146147,0.0255778));
#1558=CARTESIAN_POINT('',(-0.0165305177334425,0.0210763685493006,0.0255778));
#1559=CARTESIAN_POINT('',(-0.0166325911719517,0.0216091599814512,0.0255778));
#1560=CARTESIAN_POINT('',(-0.01678394327997,0.0222740378260212,0.0255778));
#1561=CARTESIAN_POINT('',(-0.0169878779493601,0.0230307146721268,0.0255778));
#1562=CARTESIAN_POINT('',(-0.0172122087816452,0.023855688427973,0.0255778));
#1563=CARTESIAN_POINT('',(-0.0173563593252869,0.0245133857872837,0.0255778));
#1564=CARTESIAN_POINT('',(-0.0174356728440634,0.0250535536961507,0.0255778));
#1565=CARTESIAN_POINT('',(-0.0174869362760811,0.0256124494669167,0.0255778));
#1566=CARTESIAN_POINT('',(-0.0174953796128469,0.0264002711687943,0.0255778));
#1567=CARTESIAN_POINT('',(-0.0174214470305916,0.0274146535186788,0.0255778));
#1568=CARTESIAN_POINT('',(-0.0172742503158821,0.0284327471624242,0.0255778));
#1569=CARTESIAN_POINT('',(-0.0171020943175683,0.0292313959900449,0.0255778));
#1570=CARTESIAN_POINT('',(-0.016943557938247,0.0298076304680563,0.0255778));
#1571=CARTESIAN_POINT('',(-0.0168383680700193,0.0301339161685136,0.0255778));
#1572=CARTESIAN_POINT('',(-0.0167523661282291,0.0303701923126082,0.0255778));
#1573=CARTESIAN_POINT('',(-0.0166666461968228,0.0305862449650974,0.0255778));
#1574=CARTESIAN_POINT('',(-0.0165070555604081,0.03094356342842,0.0255778));
#1575=CARTESIAN_POINT('',(-0.0163023440961522,0.0313411950212924,0.0255778));
#1576=CARTESIAN_POINT('',(-0.0160907366425731,0.0317997297796906,0.0255778));
#1577=CARTESIAN_POINT('',(-0.0159430713838873,0.0321891864176734,0.0255778));
#1578=CARTESIAN_POINT('',(-0.0158277651998541,0.0326308508635792,0.0255778));
#1579=CARTESIAN_POINT('',(-0.0157779425958511,0.0330388029808736,0.0255778));
#1580=CARTESIAN_POINT('',(-0.0157730728382326,0.0333787771920975,0.0255778));
#1581=CARTESIAN_POINT('',(-0.0157892600958283,0.033714702568236,0.0255778));
#1582=CARTESIAN_POINT('',(-0.0158439306641891,0.0341343098278692,0.0255778));
#1583=CARTESIAN_POINT('',(-0.0159556267378716,0.0346371474241818,0.0255778));
#1584=CARTESIAN_POINT('',(-0.0161588905761163,0.0353049252293552,0.0255778));
#1585=CARTESIAN_POINT('',(-0.016505633297952,0.0361254643534352,0.0255778));
#1586=CARTESIAN_POINT('',(-0.0170503549480615,0.0370442311418252,0.0255778));
#1587=CARTESIAN_POINT('',(-0.0177330225656082,0.0378513264376808,0.0255778));
#1588=CARTESIAN_POINT('',(-0.0185590837480531,0.038470630575883,0.0255778));
#1589=CARTESIAN_POINT('',(-0.0195294465707716,0.0388456527709675,0.0255778));
#1590=CARTESIAN_POINT('',(-0.0204059439368808,0.0388990568165883,0.0255778));
#1591=CARTESIAN_POINT('',(-0.0211033709658605,0.0387843610584073,0.0255778));
#1592=CARTESIAN_POINT('',(-0.0217759560051022,0.0385786756643365,0.0255778));
#1593=CARTESIAN_POINT('',(-0.0225700710860636,0.0381742907383431,0.0255778));
#1594=CARTESIAN_POINT('',(-0.0234320374766811,0.0374905715873564,0.0255778));
#1595=CARTESIAN_POINT('',(-0.0240472919032506,0.036769649393713,0.0255778));
#1596=CARTESIAN_POINT('',(-0.0244531386313534,0.0361091296692517,0.0255778));
#1597=CARTESIAN_POINT('',(-0.0247896198994066,0.035391644605369,0.0255778));
#1598=CARTESIAN_POINT('',(-0.025052042037891,0.0344617993649474,0.0255778));
#1599=CARTESIAN_POINT('',(-0.0251611528645615,0.0333435420034573,0.0255778));
#1600=CARTESIAN_POINT('',(-0.0250974702094257,0.0324470123171324,0.0255778));
#1601=CARTESIAN_POINT('',(-0.024954230323915,0.0317678833406347,0.0255778));
#1602=CARTESIAN_POINT('',(-0.0248233667471675,0.0313623448915861,0.0255778));
#1603=CARTESIAN_POINT('',(-0.0246896825558901,0.0310494413152868,0.0255778));
#1604=CARTESIAN_POINT('',(-0.0245357134302123,0.0307491378052114,0.0255778));
#1605=CARTESIAN_POINT('',(-0.024331080501086,0.0304331651241432,0.0255778));
#1606=CARTESIAN_POINT('',(-0.024099613550587,0.0301327098777545,0.0255778));
#1607=CARTESIAN_POINT('',(-0.023910858214566,0.0298994343526911,0.0255778));
#1608=CARTESIAN_POINT('',(-0.0237791316804317,0.0297214505430168,0.0255778));
#1609=CARTESIAN_POINT('',(-0.0237029766381398,0.0295913941448727,0.0255778));
#1610=CARTESIAN_POINT('',(-0.0236680002091804,0.0295030189679065,0.0255778));
#1611=CARTESIAN_POINT('',(-0.0236481056651173,0.029425576242581,0.0255778));
#1612=CARTESIAN_POINT('',(-0.0236337775599226,0.0293373772225912,0.0255778));
#1613=CARTESIAN_POINT('',(-0.0236236906494944,0.0292202089203414,0.0255778));
#1614=CARTESIAN_POINT('',(-0.0236187231709722,0.0290313224991883,0.0255778));
#1615=CARTESIAN_POINT('',(-0.023635706478881,0.0286269943991731,0.0255778));
#1616=CARTESIAN_POINT('',(-0.0237324891066822,0.0279003753688535,0.0255778));
#1617=CARTESIAN_POINT('',(-0.0238791198293926,0.0270814520076181,0.0255778));
#1618=CARTESIAN_POINT('',(-0.0239906752543412,0.0264102703430443,0.0255778));
#1619=CARTESIAN_POINT('',(-0.024062035553317,0.0259052101186921,0.0255778));
#1620=CARTESIAN_POINT('',(-0.0241029401808897,0.025485359423849,0.0255778));
#1621=CARTESIAN_POINT('',(-0.0241173745595787,0.0251499098112755,0.0255778));
#1622=CARTESIAN_POINT('',(-0.0241192646967364,0.024668257634837,0.0255778));
#1623=CARTESIAN_POINT('',(-0.0240560190498183,0.0240131245203387,0.0255778));
#1624=CARTESIAN_POINT('',(-0.023917851794112,0.0232649577505379,0.0255778));
#1625=CARTESIAN_POINT('',(-0.0238136614933886,0.0226614140476999,0.0255778));
#1626=CARTESIAN_POINT('',(-0.023752439865395,0.0221139416181484,0.0255778));
#1627=CARTESIAN_POINT('',(-0.0237125714298451,0.0215025059241933,0.0255778));
#1628=CARTESIAN_POINT('',(-0.0237154894226269,0.0205418921758894,0.0255778));
#1629=CARTESIAN_POINT('',(-0.0238022427457341,0.0191986193906755,0.0255778));
#1630=CARTESIAN_POINT('',(-0.0239641088297791,0.0177811225640573,0.0255778));
#1631=CARTESIAN_POINT('',(-0.0241910170440741,0.0163971058321416,0.0255778));
#1632=CARTESIAN_POINT('',(-0.0244240771022294,0.0153635999676959,0.0255778));
#1633=CARTESIAN_POINT('',(-0.0246263031576808,0.014670415379763,0.0255778));
#1634=CARTESIAN_POINT('',(-0.0247802683197891,0.0142364099600499,0.0255778));
#1635=CARTESIAN_POINT('',(-0.0249026897361019,0.0139651357722999,0.0255778));
#1636=CARTESIAN_POINT('',(-0.0249840480890808,0.0138194681416586,0.0255778));
#1637=CARTESIAN_POINT('',(-0.0250471784326233,0.0137251970257689,0.0255778));
#1638=CARTESIAN_POINT('',(-0.0250923501884333,0.0136795469809279,0.0255778));
#1639=CARTESIAN_POINT('',(-0.0251099273957316,0.0136667968491623,0.0255778));
#1640=CARTESIAN_POINT('',(-0.0251742804994375,0.0136329580960065,0.0255778));
#1641=CARTESIAN_POINT('',(-0.0253479381148219,0.0135779723404925,0.0255778));
#1642=CARTESIAN_POINT('',(-0.0256368573969897,0.0135092740766252,0.0255778));
#1643=CARTESIAN_POINT('',(-0.0259621093666695,0.0134324566162388,0.0255778));
#1644=CARTESIAN_POINT('',(-0.0262638706363413,0.0133497182256457,0.0255778));
#1645=CARTESIAN_POINT('',(-0.0265749061128531,0.0132565027347676,0.0255778));
#1646=CARTESIAN_POINT('',(-0.0269863728586305,0.0131196099844658,0.0255778));
#1647=CARTESIAN_POINT('',(-0.0275096315921982,0.0129240456904094,0.0255778));
#1648=CARTESIAN_POINT('',(-0.0282386219351643,0.0126227526377089,0.0255778));
#1649=CARTESIAN_POINT('',(-0.0291904354875372,0.0121726269903942,0.0255778));
#1650=CARTESIAN_POINT('',(-0.0303366721919134,0.0115212322034515,0.0255778));
#1651=CARTESIAN_POINT('',(-0.0312441635049768,0.0108872804172828,0.0255778));
#1652=CARTESIAN_POINT('',(-0.0319104017932898,0.0103213012179316,0.0255778));
#1653=CARTESIAN_POINT('',(-0.0322962788605015,0.00993945719815186,0.0255778));
#1654=CARTESIAN_POINT('',(-0.0325794706103802,0.0096170594249963,0.0255778));
#1655=CARTESIAN_POINT('',(-0.0328381642030684,0.00929434988541461,0.0255778));
#1656=CARTESIAN_POINT('',(-0.0331226840782994,0.00889078986806036,0.0255778));
#1657=CARTESIAN_POINT('',(-0.0334125858164213,0.00841920046816187,0.0255778));
#1658=CARTESIAN_POINT('',(-0.0337470185607382,0.00782039521135126,0.0255778));
#1659=CARTESIAN_POINT('',(-0.0340272589157641,0.00728507213769038,0.0255778));
#1660=CARTESIAN_POINT('',(-0.0342879999295548,0.00684400938040273,0.0255778));
#1661=CARTESIAN_POINT('',(-0.0344782568145587,0.0065653376702565,0.0255778));
#1662=CARTESIAN_POINT('',(-0.0346349603342482,0.00637759424868529,0.0255778));
#1663=CARTESIAN_POINT('',(-0.0347624029980165,0.00625063508260615,0.0255778));
#1664=CARTESIAN_POINT('',(-0.0348592571040134,0.00616650392045034,0.0255778));
#1665=CARTESIAN_POINT('',(-0.0349642812523374,0.0060880046560083,0.0255778));
#1666=CARTESIAN_POINT('',(-0.0351260457015221,0.00598339820224892,0.0255778));
#1667=CARTESIAN_POINT('',(-0.0353651289181827,0.0058578100873451,0.0255778));
#1668=CARTESIAN_POINT('',(-0.0357093262132424,0.00571889216556112,0.0255778));
#1669=CARTESIAN_POINT('',(-0.0362349544838234,0.00555329136944044,0.0255778));
#1670=CARTESIAN_POINT('',(-0.0369969699757291,0.00538482048164029,0.0255778));
#1671=CARTESIAN_POINT('',(-0.0380148843184549,0.00522904732232896,0.0255778));
#1672=CARTESIAN_POINT('',(-0.0390810845063953,0.00509125566710311,0.0255778));
#1673=CARTESIAN_POINT('',(-0.04014682949435,0.00493167073657555,0.0255778));
#1674=CARTESIAN_POINT('',(-0.0411523923463385,0.00473367310166992,0.0255778));
#1675=CARTESIAN_POINT('',(-0.0420998046037849,0.00448574934470914,0.0255778));
#1676=CARTESIAN_POINT('',(-0.0428341216658845,0.00422314571699023,0.0255778));
#1677=CARTESIAN_POINT('',(-0.0433862208406166,0.0039671456595302,0.0255778));
#1678=CARTESIAN_POINT('',(-0.0437801022616093,0.00374863855403808,0.0255778));
#1679=CARTESIAN_POINT('',(-0.0441560793174257,0.00349705211168924,0.0255778));
#1680=CARTESIAN_POINT('',(-0.0445175811896354,0.00319437187019873,0.0255778));
#1681=CARTESIAN_POINT('',(-0.0448486283395228,0.00283238875162988,0.0255778));
#1682=CARTESIAN_POINT('',(-0.0451317895919076,0.00240907308555912,0.0255778));
#1683=CARTESIAN_POINT('',(-0.0453507350274057,0.00193288679914969,0.0255778));
#1684=CARTESIAN_POINT('',(-0.0454983836432225,0.00141632167710264,0.0255778));
#1685=CARTESIAN_POINT('',(-0.0455772639856996,0.000867860021940968,0.0255778));
#1686=CARTESIAN_POINT('',(-0.0455968596018775,9.28140761774697E-5,0.0255778));
#1687=CARTESIAN_POINT('',(-0.0454894476526023,-0.000928938505094673,0.0255778));
#1688=CARTESIAN_POINT('',(-0.0452167990633186,-0.00226519561618648,0.0255778));
#1689=CARTESIAN_POINT('',(-0.0448362049607657,-0.00368593738552519,0.0255778));
#1690=CARTESIAN_POINT('',(-0.0443825739133369,-0.00515377044729775,0.0255778));
#1691=CARTESIAN_POINT('',(-0.043889483150797,-0.0066239785664232,0.0255778));
#1692=CARTESIAN_POINT('',(-0.0433911303338875,-0.00804791973100385,0.0255778));
#1693=CARTESIAN_POINT('',(-0.0429212894070359,-0.00937708208372352,0.0255778));
#1694=CARTESIAN_POINT('',(-0.0425175584535573,-0.0105496401050397,0.0255778));
#1695=CARTESIAN_POINT('',(-0.0421996208444532,-0.0115820164559937,0.0255778));
#1696=CARTESIAN_POINT('',(-0.0419785469937395,-0.0125062887164215,0.0255778));
#1697=CARTESIAN_POINT('',(-0.041860202481455,-0.0133572507962945,0.0255778));
#1698=CARTESIAN_POINT('',(-0.0418490670199674,-0.0140462899670585,0.0255778));
#1699=CARTESIAN_POINT('',(-0.0418975320924967,-0.0146165499751066,0.0255778));
#1700=CARTESIAN_POINT('',(-0.0419876913314954,-0.0152074335503293,0.0255778));
#1701=CARTESIAN_POINT('',(-0.0421873170331851,-0.0160354013205464,0.0255778));
#1702=CARTESIAN_POINT('',(-0.0425271611067593,-0.0171431278492,0.0255778));
#1703=CARTESIAN_POINT('',(-0.0429197861470865,-0.0183494022535961,0.0255778));
#1704=CARTESIAN_POINT('',(-0.0433136523950165,-0.0196444607520939,0.0255778));
#1705=CARTESIAN_POINT('',(-0.043654899913802,-0.0210237230125398,0.0255778));
#1706=CARTESIAN_POINT('',(-0.0438476170219343,-0.0222403838372535,0.0255778));
#1707=CARTESIAN_POINT('',(-0.0439167186499497,-0.0232528997076281,0.0255778));
#1708=CARTESIAN_POINT('',(-0.0439167434519485,-0.0242852731803226,0.0255778));
#1709=CARTESIAN_POINT('',(-0.0437949873548221,-0.0255659497926286,0.0255778));
#1710=CARTESIAN_POINT('',(-0.0434986539145943,-0.0270785493801603,0.0255778));
#1711=CARTESIAN_POINT('',(-0.0429534109023469,-0.0290347289572918,0.0255778));
#1712=CARTESIAN_POINT('',(-0.0422547565702303,-0.0308632973682883,0.0255778));
#1713=CARTESIAN_POINT('',(-0.0415398387737572,-0.0324768631642965,0.0255778));
#1714=CARTESIAN_POINT('',(-0.0410283322343171,-0.0335570131830893,0.0255778));
#1715=CARTESIAN_POINT('',(-0.0405809785545837,-0.0344736916976719,0.0255778));
#1716=CARTESIAN_POINT('',(-0.0402218791473935,-0.0352557164957235,0.0255778));
#1717=CARTESIAN_POINT('',(-0.0399645182351384,-0.0359363471112095,0.0255778));
#1718=CARTESIAN_POINT('',(-0.0398078536124702,-0.0365602325847936,0.0255778));
#1719=CARTESIAN_POINT('',(-0.0397446485452247,-0.0371961486486995,0.0255778));
#1720=CARTESIAN_POINT('',(-0.0397791477138108,-0.0379527695891051,0.0255778));
#1721=CARTESIAN_POINT('',(-0.0399113390048744,-0.038800489435681,0.0255778));
#1722=CARTESIAN_POINT('',(-0.0401333086045784,-0.0397194734214192,0.0255778));
#1723=CARTESIAN_POINT('',(-0.0404334147317299,-0.0406894808678694,0.0255778));
#1724=CARTESIAN_POINT('',(-0.040920275881068,-0.0420287141394363,0.0255778));
#1725=CARTESIAN_POINT('',(-0.0416533684283681,-0.043742739263159,0.0255778));
#1726=CARTESIAN_POINT('',(-0.0426752607910722,-0.045846054928388,0.0255778));
#1727=CARTESIAN_POINT('',(-0.0435993582073706,-0.0476316176334917,0.0255778));
#1728=CARTESIAN_POINT('',(-0.0443529043675099,-0.0490771698730438,0.0255778));
#1729=CARTESIAN_POINT('',(-0.0447289167735634,-0.0497992503161182,0.0255778));
#1730=CARTESIAN_POINT('',(-0.0449170180608421,-0.0501603774972432,0.0255778));
#1731=CARTESIAN_POINT('',(0.0395844243521768,-0.0490173774972432,0.0271780000000001));
#1732=CARTESIAN_POINT('',(0.0395844243521768,-0.0490173774972432,0.00271780000000003));
#1733=CARTESIAN_POINT('',(0.0392523356612113,-0.0483616096235218,0.0271780000000001));
#1734=CARTESIAN_POINT('',(0.0392523356612113,-0.0483616096235218,0.00271780000000003));
#1735=CARTESIAN_POINT('',(0.0385894425466486,-0.0470539046014894,0.0271780000000001));
#1736=CARTESIAN_POINT('',(0.0385894425466486,-0.0470539046014894,0.00271780000000003));
#1737=CARTESIAN_POINT('',(0.0372606064170223,-0.0450615777894795,0.0271780000000001));
#1738=CARTESIAN_POINT('',(0.0372606064170223,-0.0450615777894795,0.00271780000000003));
#1739=CARTESIAN_POINT('',(0.0352410780813525,-0.0429922004373428,0.0271780000000001));
#1740=CARTESIAN_POINT('',(0.0352410780813525,-0.0429922004373428,0.00271780000000003));
#1741=CARTESIAN_POINT('',(0.0322373116739118,-0.040813602420895,0.0271780000000001));
#1742=CARTESIAN_POINT('',(0.0322373116739118,-0.040813602420895,0.00271780000000003));
#1743=CARTESIAN_POINT('',(0.029813059854017,-0.0391354373680578,0.027178));
#1744=CARTESIAN_POINT('',(0.029813059854017,-0.0391354373680578,0.00271780000000002));
#1745=CARTESIAN_POINT('',(0.0284374093169371,-0.0380079641791798,0.027178));
#1746=CARTESIAN_POINT('',(0.0284374093169371,-0.0380079641791798,0.00271780000000002));
#1747=CARTESIAN_POINT('',(0.0278111383956356,-0.0373000685946326,0.0271780000000001));
#1748=CARTESIAN_POINT('',(0.0278111383956356,-0.0373000685946326,0.00271780000000003));
#1749=CARTESIAN_POINT('',(0.027749602176608,-0.0367761299965851,0.0271780000000001));
#1750=CARTESIAN_POINT('',(0.027749602176608,-0.0367761299965851,0.00271780000000003));
#1751=CARTESIAN_POINT('',(0.0284203714082353,-0.0362904717869735,0.0271780000000001));
#1752=CARTESIAN_POINT('',(0.0284203714082353,-0.0362904717869735,0.00271780000000003));
#1753=CARTESIAN_POINT('',(0.030044830761575,-0.0357584808335418,0.027178));
#1754=CARTESIAN_POINT('',(0.030044830761575,-0.0357584808335418,0.00271780000000002));
#1755=CARTESIAN_POINT('',(0.0313215439546708,-0.0341767746492455,0.0271780000000001));
#1756=CARTESIAN_POINT('',(0.0313215439546708,-0.0341767746492455,0.00271780000000004));
#1757=CARTESIAN_POINT('',(0.0319893136216312,-0.031987945798706,0.0271780000000001));
#1758=CARTESIAN_POINT('',(0.0319893136216312,-0.031987945798706,0.00271780000000004));
#1759=CARTESIAN_POINT('',(0.0323940361434614,-0.0297898913095745,0.0271780000000001));
#1760=CARTESIAN_POINT('',(0.0323940361434614,-0.0297898913095745,0.00271780000000003));
#1761=CARTESIAN_POINT('',(0.032711079951668,-0.0277841687079841,0.027178));
#1762=CARTESIAN_POINT('',(0.032711079951668,-0.0277841687079841,0.00271780000000002));
#1763=CARTESIAN_POINT('',(0.0329565590050398,-0.0256227625830012,0.027178));
#1764=CARTESIAN_POINT('',(0.0329565590050398,-0.0256227625830012,0.00271780000000002));
#1765=CARTESIAN_POINT('',(0.033191274770374,-0.023011669124597,0.0271780000000001));
#1766=CARTESIAN_POINT('',(0.033191274770374,-0.023011669124597,0.00271780000000003));
#1767=CARTESIAN_POINT('',(0.033313323906894,-0.020071211925528,0.0271780000000001));
#1768=CARTESIAN_POINT('',(0.033313323906894,-0.020071211925528,0.00271780000000003));
#1769=CARTESIAN_POINT('',(0.033213119342555,-0.0170137022708922,0.027178));
#1770=CARTESIAN_POINT('',(0.033213119342555,-0.0170137022708922,0.00271780000000002));
#1771=CARTESIAN_POINT('',(0.0327156489788644,-0.0140296838186307,0.0271780000000001));
#1772=CARTESIAN_POINT('',(0.0327156489788644,-0.0140296838186307,0.00271780000000003));
#1773=CARTESIAN_POINT('',(0.0319611349976461,-0.011305933667194,0.027178));
#1774=CARTESIAN_POINT('',(0.0319611349976461,-0.011305933667194,0.00271780000000002));
#1775=CARTESIAN_POINT('',(0.0316159054361723,-0.00939447052208965,0.0271780000000001));
#1776=CARTESIAN_POINT('',(0.0316159054361723,-0.00939447052208965,0.00271780000000003));
#1777=CARTESIAN_POINT('',(0.0317646217003822,-0.00816762991276516,0.027178));
#1778=CARTESIAN_POINT('',(0.0317646217003822,-0.00816762991276516,0.00271780000000002));
#1779=CARTESIAN_POINT('',(0.0322835623848863,-0.00716898734371199,0.0271780000000001));
#1780=CARTESIAN_POINT('',(0.0322835623848863,-0.00716898734371199,0.00271780000000003));
#1781=CARTESIAN_POINT('',(0.0331744908384328,-0.00631013821808995,0.027178));
#1782=CARTESIAN_POINT('',(0.0331744908384328,-0.00631013821808995,0.00271780000000002));
#1783=CARTESIAN_POINT('',(0.0340854601347308,-0.00520972137974194,0.027178));
#1784=CARTESIAN_POINT('',(0.0340854601347308,-0.00520972137974194,0.00271780000000002));
#1785=CARTESIAN_POINT('',(0.0348861159732146,-0.00378767669586937,0.0271780000000001));
#1786=CARTESIAN_POINT('',(0.0348861159732146,-0.00378767669586937,0.00271780000000003));
#1787=CARTESIAN_POINT('',(0.0353825933898666,-0.00191052645125936,0.0271780000000001));
#1788=CARTESIAN_POINT('',(0.0353825933898666,-0.00191052645125936,0.00271780000000003));
#1789=CARTESIAN_POINT('',(0.0353922319265355,-0.000188147411802003,0.0271780000000001));
#1790=CARTESIAN_POINT('',(0.0353922319265355,-0.000188147411802003,0.00271780000000003));
#1791=CARTESIAN_POINT('',(0.0351085953702795,0.000890633426522454,0.027178));
#1792=CARTESIAN_POINT('',(0.0351085953702795,0.000890633426522454,0.00271780000000002));
#1793=CARTESIAN_POINT('',(0.0344839495005442,0.00160691942800016,0.0271780000000001));
#1794=CARTESIAN_POINT('',(0.0344839495005442,0.00160691942800016,0.00271780000000004));
#1795=CARTESIAN_POINT('',(0.0334832945315961,0.00183665310014219,0.027178));
#1796=CARTESIAN_POINT('',(0.0334832945315961,0.00183665310014219,0.00271780000000002));
#1797=CARTESIAN_POINT('',(0.032280348776773,0.001766219393932,0.0271780000000001));
#1798=CARTESIAN_POINT('',(0.032280348776773,0.001766219393932,0.00271780000000004));
#1799=CARTESIAN_POINT('',(0.0306183345999819,0.00149439961923069,0.027178));
#1800=CARTESIAN_POINT('',(0.0306183345999819,0.00149439961923069,0.00271780000000002));
#1801=CARTESIAN_POINT('',(0.0288644694432949,0.00126726881007253,0.0271780000000001));
#1802=CARTESIAN_POINT('',(0.0288644694432949,0.00126726881007253,0.00271780000000003));
#1803=CARTESIAN_POINT('',(0.0284784204118107,0.00248144995707743,0.0271780000000001));
#1804=CARTESIAN_POINT('',(0.0284784204118107,0.00248144995707743,0.00271780000000003));
#1805=CARTESIAN_POINT('',(0.0278123107602242,0.0045217822937225,0.0271780000000001));
#1806=CARTESIAN_POINT('',(0.0278123107602242,0.0045217822937225,0.00271780000000003));
#1807=CARTESIAN_POINT('',(0.0250487991028564,0.00680649717863608,0.0271780000000001));
#1808=CARTESIAN_POINT('',(0.0250487991028564,0.00680649717863608,0.00271780000000003));
#1809=CARTESIAN_POINT('',(0.0211060802596035,0.00919350423109141,0.027178));
#1810=CARTESIAN_POINT('',(0.0211060802596035,0.00919350423109141,0.00271780000000002));
#1811=CARTESIAN_POINT('',(0.0168423147848919,0.0115350072297041,0.027178));
#1812=CARTESIAN_POINT('',(0.0168423147848919,0.0115350072297041,0.00271780000000002));
#1813=CARTESIAN_POINT('',(0.0137558260723244,0.0133252650659027,0.0271780000000001));
#1814=CARTESIAN_POINT('',(0.0137558260723244,0.0133252650659027,0.00271780000000003));
#1815=CARTESIAN_POINT('',(0.0119914243770395,0.0145896693268321,0.0271780000000001));
#1816=CARTESIAN_POINT('',(0.0119914243770395,0.0145896693268321,0.00271780000000003));
#1817=CARTESIAN_POINT('',(0.0108787130215135,0.0157100674548642,0.027178));
#1818=CARTESIAN_POINT('',(0.0108787130215135,0.0157100674548642,0.00271780000000002));
#1819=CARTESIAN_POINT('',(0.0106218615612565,0.016649578537169,0.0271780000000001));
#1820=CARTESIAN_POINT('',(0.0106218615612565,0.016649578537169,0.00271780000000003));
#1821=CARTESIAN_POINT('',(0.0105906669850329,0.0175625099630586,0.027178));
#1822=CARTESIAN_POINT('',(0.0105906669850329,0.0175625099630586,0.00271780000000002));
#1823=CARTESIAN_POINT('',(0.0105035756598837,0.0185045867719136,0.0271780000000001));
#1824=CARTESIAN_POINT('',(0.0105035756598837,0.0185045867719136,0.00271780000000004));
#1825=CARTESIAN_POINT('',(0.0102744724102632,0.0198722547311836,0.027178));
#1826=CARTESIAN_POINT('',(0.0102744724102632,0.0198722547311836,0.00271780000000002));
#1827=CARTESIAN_POINT('',(0.00988468856635772,0.0223257314048668,0.0271780000000001));
#1828=CARTESIAN_POINT('',(0.00988468856635772,0.0223257314048668,0.00271780000000003));
#1829=CARTESIAN_POINT('',(0.00945500569683056,0.0259321806067584,0.0271780000000001));
#1830=CARTESIAN_POINT('',(0.00945500569683056,0.0259321806067584,0.00271780000000003));
#1831=CARTESIAN_POINT('',(0.00920859944727799,0.0290946316344262,0.0271780000000001));
#1832=CARTESIAN_POINT('',(0.00920859944727799,0.0290946316344262,0.00271780000000003));
#1833=CARTESIAN_POINT('',(0.00916068546950609,0.0312924979278277,0.0271780000000001));
#1834=CARTESIAN_POINT('',(0.00916068546950609,0.0312924979278277,0.00271780000000003));
#1835=CARTESIAN_POINT('',(0.00922074034806708,0.0326614001511183,0.027178));
#1836=CARTESIAN_POINT('',(0.00922074034806708,0.0326614001511183,0.00271780000000002));
#1837=CARTESIAN_POINT('',(0.00939607270349726,0.0336479472258563,0.0271780000000001));
#1838=CARTESIAN_POINT('',(0.00939607270349726,0.0336479472258563,0.00271780000000003));
#1839=CARTESIAN_POINT('',(0.00971322199518138,0.0341179932252851,0.0271780000000001));
#1840=CARTESIAN_POINT('',(0.00971322199518138,0.0341179932252851,0.00271780000000003));
#1841=CARTESIAN_POINT('',(0.0101053095922057,0.0343643600194994,0.027178));
#1842=CARTESIAN_POINT('',(0.0101053095922057,0.0343643600194994,0.00271780000000002));
#1843=CARTESIAN_POINT('',(0.0104939062526542,0.0347787651435222,0.0271780000000001));
#1844=CARTESIAN_POINT('',(0.0104939062526542,0.0347787651435222,0.00271780000000003));
#1845=CARTESIAN_POINT('',(0.0108072750509522,0.0355316649250995,0.0271780000000001));
#1846=CARTESIAN_POINT('',(0.0108072750509522,0.0355316649250995,0.00271780000000003));
#1847=CARTESIAN_POINT('',(0.0109775627008247,0.0364305063066629,0.0271780000000001));
#1848=CARTESIAN_POINT('',(0.0109775627008247,0.0364305063066629,0.00271780000000004));
#1849=CARTESIAN_POINT('',(0.0109415297203303,0.0373530264449309,0.0271780000000001));
#1850=CARTESIAN_POINT('',(0.0109415297203303,0.0373530264449309,0.00271780000000003));
#1851=CARTESIAN_POINT('',(0.0105069410920009,0.0384022358429235,0.0271780000000001));
#1852=CARTESIAN_POINT('',(0.0105069410920009,0.0384022358429235,0.00271780000000003));
#1853=CARTESIAN_POINT('',(0.00928351483736281,0.0392266788803201,0.0271780000000001));
#1854=CARTESIAN_POINT('',(0.00928351483736281,0.0392266788803201,0.00271780000000003));
#1855=CARTESIAN_POINT('',(0.00741780236602587,0.0393881900019554,0.0271780000000001));
#1856=CARTESIAN_POINT('',(0.00741780236602587,0.0393881900019554,0.00271780000000003));
#1857=CARTESIAN_POINT('',(0.00570070716771631,0.0387263432162452,0.0271780000000001));
#1858=CARTESIAN_POINT('',(0.00570070716771631,0.0387263432162452,0.00271780000000004));
#1859=CARTESIAN_POINT('',(0.00454822711843021,0.0373416118080513,0.0271780000000001));
#1860=CARTESIAN_POINT('',(0.00454822711843021,0.0373416118080513,0.00271780000000003));
#1861=CARTESIAN_POINT('',(0.00432905487168375,0.0358565249543271,0.027178));
#1862=CARTESIAN_POINT('',(0.00432905487168375,0.0358565249543271,0.00271780000000002));
#1863=CARTESIAN_POINT('',(0.00463505291804833,0.0349049398860399,0.027178));
#1864=CARTESIAN_POINT('',(0.00463505291804833,0.0349049398860399,0.00271780000000002));
#1865=CARTESIAN_POINT('',(0.00528077261019456,0.0342323655763537,0.0271780000000001));
#1866=CARTESIAN_POINT('',(0.00528077261019456,0.0342323655763537,0.00271780000000003));
#1867=CARTESIAN_POINT('',(0.00636631009617773,0.0336226924680122,0.0271780000000001));
#1868=CARTESIAN_POINT('',(0.00636631009617773,0.0336226924680122,0.00271780000000003));
#1869=CARTESIAN_POINT('',(0.00675735263852325,0.032185611749991,0.027178));
#1870=CARTESIAN_POINT('',(0.00675735263852325,0.032185611749991,0.00271780000000002));
#1871=CARTESIAN_POINT('',(0.00649849026900619,0.0298937529447199,0.0271780000000001));
#1872=CARTESIAN_POINT('',(0.00649849026900619,0.0298937529447199,0.00271780000000003));
#1873=CARTESIAN_POINT('',(0.00611077594312226,0.0267083134363934,0.0271780000000001));
#1874=CARTESIAN_POINT('',(0.00611077594312226,0.0267083134363934,0.00271780000000003));
#1875=CARTESIAN_POINT('',(0.00598900970262504,0.0226527427981513,0.0271780000000001));
#1876=CARTESIAN_POINT('',(0.00598900970262504,0.0226527427981513,0.00271780000000003));
#1877=CARTESIAN_POINT('',(0.0059246550913455,0.0194016812774561,0.0271780000000001));
#1878=CARTESIAN_POINT('',(0.0059246550913455,0.0194016812774561,0.00271780000000003));
#1879=CARTESIAN_POINT('',(0.00580522744739729,0.0173524711920293,0.0271780000000001));
#1880=CARTESIAN_POINT('',(0.00580522744739729,0.0173524711920293,0.00271780000000003));
#1881=CARTESIAN_POINT('',(0.00565732017622133,0.0162148234631603,0.027178));
#1882=CARTESIAN_POINT('',(0.00565732017622133,0.0162148234631603,0.00271780000000002));
#1883=CARTESIAN_POINT('',(0.00542720877528081,0.0155918407130793,0.0271780000000001));
#1884=CARTESIAN_POINT('',(0.00542720877528081,0.0155918407130793,0.00271780000000003));
#1885=CARTESIAN_POINT('',(0.00509253550121647,0.0156234421940236,0.0271780000000001));
#1886=CARTESIAN_POINT('',(0.00509253550121647,0.0156234421940236,0.00271780000000004));
#1887=CARTESIAN_POINT('',(0.00459777290071165,0.0160436540810077,0.0271780000000001));
#1888=CARTESIAN_POINT('',(0.00459777290071165,0.0160436540810077,0.00271780000000003));
#1889=CARTESIAN_POINT('',(0.00364028605367543,0.01670298076,0.0271780000000001));
#1890=CARTESIAN_POINT('',(0.00364028605367543,0.01670298076,0.00271780000000003));
#1891=CARTESIAN_POINT('',(0.00177515049614189,0.0170894577022131,0.0271780000000001));
#1892=CARTESIAN_POINT('',(0.00177515049614189,0.0170894577022131,0.00271780000000004));
#1893=CARTESIAN_POINT('',(-0.00110685455011388,0.0171890822897821,0.027178));
#1894=CARTESIAN_POINT('',(-0.00110685455011388,0.0171890822897821,0.00271780000000002));
#1895=CARTESIAN_POINT('',(-0.00423931229238389,0.0171746569509968,0.0271780000000001));
#1896=CARTESIAN_POINT('',(-0.00423931229238389,0.0171746569509968,0.00271780000000003));
#1897=CARTESIAN_POINT('',(-0.00719906546925354,0.0173517894601249,0.0271780000000001));
#1898=CARTESIAN_POINT('',(-0.00719906546925354,0.0173517894601249,0.00271780000000003));
#1899=CARTESIAN_POINT('',(-0.00993441079489771,0.0174848289642649,0.0271780000000001));
#1900=CARTESIAN_POINT('',(-0.00993441079489771,0.0174848289642649,0.00271780000000004));
#1901=CARTESIAN_POINT('',(-0.0124146008023949,0.0173429135565194,0.027178));
#1902=CARTESIAN_POINT('',(-0.0124146008023949,0.0173429135565194,0.00271780000000002));
#1903=CARTESIAN_POINT('',(-0.0146316126770613,0.0165361299383408,0.0271780000000001));
#1904=CARTESIAN_POINT('',(-0.0146316126770613,0.0165361299383408,0.00271780000000003));
#1905=CARTESIAN_POINT('',(-0.0160658366176029,0.0160230111873644,0.027178));
#1906=CARTESIAN_POINT('',(-0.0160658366176029,0.0160230111873644,0.00271780000000002));
#1907=CARTESIAN_POINT('',(-0.016802137355229,0.0163585266479027,0.0271780000000001));
#1908=CARTESIAN_POINT('',(-0.016802137355229,0.0163585266479027,0.00271780000000003));
#1909=CARTESIAN_POINT('',(-0.0172498656948934,0.0172899908376897,0.027178));
#1910=CARTESIAN_POINT('',(-0.0172498656948934,0.0172899908376897,0.00271780000000002));
#1911=CARTESIAN_POINT('',(-0.017420449691801,0.0187991590337854,0.0271780000000001));
#1912=CARTESIAN_POINT('',(-0.017420449691801,0.0187991590337854,0.00271780000000003));
#1913=CARTESIAN_POINT('',(-0.0175729040011712,0.020382101987188,0.0271780000000001));
#1914=CARTESIAN_POINT('',(-0.0175729040011712,0.020382101987188,0.00271780000000003));
#1915=CARTESIAN_POINT('',(-0.0178189590087023,0.0218112453319186,0.027178));
#1916=CARTESIAN_POINT('',(-0.0178189590087023,0.0218112453319186,0.00271780000000002));
#1917=CARTESIAN_POINT('',(-0.0182727500271751,0.0233174438580343,0.0271780000000001));
#1918=CARTESIAN_POINT('',(-0.0182727500271751,0.0233174438580343,0.00271780000000003));
#1919=CARTESIAN_POINT('',(-0.0186805570056669,0.0251714421693751,0.027178));
#1920=CARTESIAN_POINT('',(-0.0186805570056669,0.0251714421693751,0.00271780000000002));
#1921=CARTESIAN_POINT('',(-0.0186070931049595,0.0275245917126589,0.0271780000000001));
#1922=CARTESIAN_POINT('',(-0.0186070931049595,0.0275245917126589,0.00271780000000003));
#1923=CARTESIAN_POINT('',(-0.0182474740824817,0.0294701360738267,0.027178));
#1924=CARTESIAN_POINT('',(-0.0182474740824817,0.0294701360738267,0.00271780000000002));
#1925=CARTESIAN_POINT('',(-0.0178461673133193,0.0307613110418747,0.027178));
#1926=CARTESIAN_POINT('',(-0.0178461673133193,0.0307613110418747,0.00271780000000002));
#1927=CARTESIAN_POINT('',(-0.0173848623367848,0.0317723489686046,0.0271780000000001));
#1928=CARTESIAN_POINT('',(-0.0173848623367848,0.0317723489686046,0.00271780000000003));
#1929=CARTESIAN_POINT('',(-0.0169615730086404,0.032526132323292,0.027178));
#1930=CARTESIAN_POINT('',(-0.0169615730086404,0.032526132323292,0.00271780000000002));
#1931=CARTESIAN_POINT('',(-0.0168903342098174,0.0334965800176224,0.0271780000000001));
#1932=CARTESIAN_POINT('',(-0.0168903342098174,0.0334965800176224,0.00271780000000003));
#1933=CARTESIAN_POINT('',(-0.0171008463338889,0.034661323636465,0.027178));
#1934=CARTESIAN_POINT('',(-0.0171008463338889,0.034661323636465,0.00271780000000002));
#1935=CARTESIAN_POINT('',(-0.0177831151484133,0.0362259399701855,0.0271780000000001));
#1936=CARTESIAN_POINT('',(-0.0177831151484133,0.0362259399701855,0.00271780000000004));
#1937=CARTESIAN_POINT('',(-0.0189854938974097,0.0375163216456507,0.027178));
#1938=CARTESIAN_POINT('',(-0.0189854938974097,0.0375163216456507,0.00271780000000002));
#1939=CARTESIAN_POINT('',(-0.0204116850766471,0.037886145781315,0.027178));
#1940=CARTESIAN_POINT('',(-0.0204116850766471,0.037886145781315,0.00271780000000002));
#1941=CARTESIAN_POINT('',(-0.0220377391408017,0.037268280950362,0.0271780000000001));
#1942=CARTESIAN_POINT('',(-0.0220377391408017,0.037268280950362,0.00271780000000003));
#1943=CARTESIAN_POINT('',(-0.0234431073865798,0.0358662971763201,0.0271780000000001));
#1944=CARTESIAN_POINT('',(-0.0234431073865798,0.0358662971763201,0.00271780000000003));
#1945=CARTESIAN_POINT('',(-0.024075036954939,0.0339121857372275,0.0271780000000001));
#1946=CARTESIAN_POINT('',(-0.024075036954939,0.0339121857372275,0.00271780000000003));
#1947=CARTESIAN_POINT('',(-0.0239648139330543,0.0322747614119961,0.0271780000000001));
#1948=CARTESIAN_POINT('',(-0.0239648139330543,0.0322747614119961,0.00271780000000003));
#1949=CARTESIAN_POINT('',(-0.0235681870010212,0.031303462923461,0.0271780000000001));
#1950=CARTESIAN_POINT('',(-0.0235681870010212,0.031303462923461,0.00271780000000003));
#1951=CARTESIAN_POINT('',(-0.0230110061581309,0.0306011102881588,0.0271780000000001));
#1952=CARTESIAN_POINT('',(-0.0230110061581309,0.0306011102881588,0.00271780000000004));
#1953=CARTESIAN_POINT('',(-0.0223593388840237,0.0297887822029488,0.027178));
#1954=CARTESIAN_POINT('',(-0.0223593388840237,0.0297887822029488,0.00271780000000002));
#1955=CARTESIAN_POINT('',(-0.0225599665383893,0.0278172853982088,0.0271780000000001));
#1956=CARTESIAN_POINT('',(-0.0225599665383893,0.0278172853982088,0.00271780000000004));
#1957=CARTESIAN_POINT('',(-0.0229350062386679,0.0259878488372726,0.027178));
#1958=CARTESIAN_POINT('',(-0.0229350062386679,0.0259878488372726,0.00271780000000002));
#1959=CARTESIAN_POINT('',(-0.0229940762060669,0.0248056096726414,0.0271780000000001));
#1960=CARTESIAN_POINT('',(-0.0229940762060669,0.0248056096726414,0.00271780000000003));
#1961=CARTESIAN_POINT('',(-0.0228733526933707,0.0237977763016391,0.0271780000000001));
#1962=CARTESIAN_POINT('',(-0.0228733526933707,0.0237977763016391,0.00271780000000004));
#1963=CARTESIAN_POINT('',(-0.0226397748806195,0.0227828913482475,0.0271780000000001));
#1964=CARTESIAN_POINT('',(-0.0226397748806195,0.0227828913482475,0.00271780000000004));
#1965=CARTESIAN_POINT('',(-0.0225557185172497,0.0212650532856459,0.027178));
#1966=CARTESIAN_POINT('',(-0.0225557185172497,0.0212650532856459,0.00271780000000002));
#1967=CARTESIAN_POINT('',(-0.0226200545793523,0.0193751581939061,0.027178));
#1968=CARTESIAN_POINT('',(-0.0226200545793523,0.0193751581939061,0.00271780000000002));
#1969=CARTESIAN_POINT('',(-0.0228689227977162,0.0172175721973067,0.0271780000000001));
#1970=CARTESIAN_POINT('',(-0.0228689227977162,0.0172175721973067,0.00271780000000003));
#1971=CARTESIAN_POINT('',(-0.0232623093432222,0.0152614770710712,0.0271780000000001));
#1972=CARTESIAN_POINT('',(-0.0232623093432222,0.0152614770710712,0.00271780000000003));
#1973=CARTESIAN_POINT('',(-0.0236183367524641,0.014016189576765,0.0271780000000001));
#1974=CARTESIAN_POINT('',(-0.0236183367524641,0.014016189576765,0.00271780000000003));
#1975=CARTESIAN_POINT('',(-0.0240239817713987,0.0131148583986435,0.027178));
#1976=CARTESIAN_POINT('',(-0.0240239817713987,0.0131148583986435,0.00271780000000002));
#1977=CARTESIAN_POINT('',(-0.0246197850691996,0.0125181464449163,0.0271780000000001));
#1978=CARTESIAN_POINT('',(-0.0246197850691996,0.0125181464449163,0.00271780000000004));
#1979=CARTESIAN_POINT('',(-0.0256212311652822,0.0123993021031574,0.027178));
#1980=CARTESIAN_POINT('',(-0.0256212311652822,0.0123993021031574,0.00271780000000002));
#1981=CARTESIAN_POINT('',(-0.0277355234194376,0.0116519831567052,0.0271780000000001));
#1982=CARTESIAN_POINT('',(-0.0277355234194376,0.0116519831567052,0.00271780000000004));
#1983=CARTESIAN_POINT('',(-0.0301092214330069,0.0103988566365007,0.0271780000000001));
#1984=CARTESIAN_POINT('',(-0.0301092214330069,0.0103988566365007,0.00271780000000003));
#1985=CARTESIAN_POINT('',(-0.0319873295610241,0.00875898647609076,0.0271780000000001));
#1986=CARTESIAN_POINT('',(-0.0319873295610241,0.00875898647609076,0.00271780000000003));
#1987=CARTESIAN_POINT('',(-0.0329179611181205,0.00690817155113011,0.0271780000000001));
#1988=CARTESIAN_POINT('',(-0.0329179611181205,0.00690817155113011,0.00271780000000003));
#1989=CARTESIAN_POINT('',(-0.0338241447518937,0.0053086459633341,0.027178));
#1990=CARTESIAN_POINT('',(-0.0338241447518937,0.0053086459633341,0.00271780000000001));
#1991=CARTESIAN_POINT('',(-0.035579119469095,0.00445503307021231,0.0271780000000001));
#1992=CARTESIAN_POINT('',(-0.035579119469095,0.00445503307021231,0.00271780000000003));
#1993=CARTESIAN_POINT('',(-0.0378625924265165,0.0040859539739551,0.027178));
#1994=CARTESIAN_POINT('',(-0.0378625924265165,0.0040859539739551,0.00271780000000002));
#1995=CARTESIAN_POINT('',(-0.0401348855565831,0.00380480558715564,0.0271780000000001));
#1996=CARTESIAN_POINT('',(-0.0401348855565831,0.00380480558715564,0.00271780000000003));
#1997=CARTESIAN_POINT('',(-0.0420469171524114,0.00334811182465318,0.0271780000000001));
#1998=CARTESIAN_POINT('',(-0.0420469171524114,0.00334811182465318,0.00271780000000003));
#1999=CARTESIAN_POINT('',(-0.0435163009874594,0.00266965596823481,0.027178));
#2000=CARTESIAN_POINT('',(-0.0435163009874594,0.00266965596823481,0.00271780000000002));
#2001=CARTESIAN_POINT('',(-0.0442572566941492,0.00180452387377933,0.0271780000000001));
#2002=CARTESIAN_POINT('',(-0.0442572566941492,0.00180452387377933,0.00271780000000004));
#2003=CARTESIAN_POINT('',(-0.0444707781824417,0.000705268408143062,0.027178));
#2004=CARTESIAN_POINT('',(-0.0444707781824417,0.000705268408143062,0.00271780000000002));
#2005=CARTESIAN_POINT('',(-0.0443970694301606,-0.000743440286094461,0.0271780000000001));
#2006=CARTESIAN_POINT('',(-0.0443970694301606,-0.000743440286094461,0.00271780000000003));
#2007=CARTESIAN_POINT('',(-0.0438574255565212,-0.00307989916735324,0.0271780000000001));
#2008=CARTESIAN_POINT('',(-0.0438574255565212,-0.00307989916735324,0.00271780000000003));
#2009=CARTESIAN_POINT('',(-0.0428314996477098,-0.00622352293777022,0.027178));
#2010=CARTESIAN_POINT('',(-0.0428314996477098,-0.00622352293777022,0.00271780000000002));
#2011=CARTESIAN_POINT('',(-0.0417591649795403,-0.00921237901173321,0.0271780000000001));
#2012=CARTESIAN_POINT('',(-0.0417591649795403,-0.00921237901173321,0.00271780000000003));
#2013=CARTESIAN_POINT('',(-0.040975886238621,-0.0115613723421867,0.0271780000000001));
#2014=CARTESIAN_POINT('',(-0.040975886238621,-0.0115613723421867,0.00271780000000003));
#2015=CARTESIAN_POINT('',(-0.0406150507050342,-0.0136227001732049,0.0271780000000001));
#2016=CARTESIAN_POINT('',(-0.0406150507050342,-0.0136227001732049,0.00271780000000003));
#2017=CARTESIAN_POINT('',(-0.0408710788452328,-0.0157758189668254,0.0271780000000001));
#2018=CARTESIAN_POINT('',(-0.0408710788452328,-0.0157758189668254,0.00271780000000003));
#2019=CARTESIAN_POINT('',(-0.0416937521564015,-0.0182512279846856,0.0271780000000001));
#2020=CARTESIAN_POINT('',(-0.0416937521564015,-0.0182512279846856,0.00271780000000004));
#2021=CARTESIAN_POINT('',(-0.0425379051415355,-0.0209606121747881,0.027178));
#2022=CARTESIAN_POINT('',(-0.0425379051415355,-0.0209606121747881,0.00271780000000002));
#2023=CARTESIAN_POINT('',(-0.0429127947467565,-0.0238765658911374,0.0271780000000001));
#2024=CARTESIAN_POINT('',(-0.0429127947467565,-0.0238765658911374,0.00271780000000003));
#2025=CARTESIAN_POINT('',(-0.0424232092527504,-0.0269303480150352,0.027178));
#2026=CARTESIAN_POINT('',(-0.0424232092527504,-0.0269303480150352,0.00271780000000002));
#2027=CARTESIAN_POINT('',(-0.0414517038786558,-0.0298671529870318,0.0271780000000001));
#2028=CARTESIAN_POINT('',(-0.0414517038786558,-0.0298671529870318,0.00271780000000003));
#2029=CARTESIAN_POINT('',(-0.0402993546671263,-0.0324701552727536,0.0271780000000001));
#2030=CARTESIAN_POINT('',(-0.0402993546671263,-0.0324701552727536,0.00271780000000003));
#2031=CARTESIAN_POINT('',(-0.0393112371778431,-0.0344380530065256,0.0271780000000001));
#2032=CARTESIAN_POINT('',(-0.0393112371778431,-0.0344380530065256,0.00271780000000003));
#2033=CARTESIAN_POINT('',(-0.0386703092513659,-0.0360419649226597,0.0271780000000001));
#2034=CARTESIAN_POINT('',(-0.0386703092513659,-0.0360419649226597,0.00271780000000003));
#2035=CARTESIAN_POINT('',(-0.0385511315918292,-0.0378183167229946,0.0271780000000001));
#2036=CARTESIAN_POINT('',(-0.0385511315918292,-0.0378183167229946,0.00271780000000003));
#2037=CARTESIAN_POINT('',(-0.0389590953334965,-0.0399117318632656,0.027178));
#2038=CARTESIAN_POINT('',(-0.0389590953334965,-0.0399117318632656,0.00271780000000002));
#2039=CARTESIAN_POINT('',(-0.0397210972471898,-0.042146705324648,0.0271780000000001));
#2040=CARTESIAN_POINT('',(-0.0397210972471898,-0.042146705324648,0.00271780000000004));
#2041=CARTESIAN_POINT('',(-0.0410285735237053,-0.0451702915328882,0.027178));
#2042=CARTESIAN_POINT('',(-0.0410285735237053,-0.0451702915328882,0.00271780000000002));
#2043=CARTESIAN_POINT('',(-0.0422284310531559,-0.0474729106497204,0.0271780000000001));
#2044=CARTESIAN_POINT('',(-0.0422284310531559,-0.0474729106497204,0.00271780000000003));
#2045=CARTESIAN_POINT('',(-0.0430329016589779,-0.0490173774972432,0.0271780000000001));
#2046=CARTESIAN_POINT('',(-0.0430329016589779,-0.0490173774972432,0.00271780000000003));
#2047=CARTESIAN_POINT('',(0.0395844243521768,-0.0490173774972432,0.0027178));
#2048=CARTESIAN_POINT('',(0.0386052128547156,-0.0470837511525857,0.0027178));
#2049=CARTESIAN_POINT('',(0.0365254452150712,-0.0429808602221451,0.0027178));
#2050=CARTESIAN_POINT('',(0.025251831391085,-0.0367096550728988,0.0027178));
#2051=CARTESIAN_POINT('',(0.0310889375745306,-0.0359350421636299,0.0027178));
#2052=CARTESIAN_POINT('',(0.0323694101699486,-0.0303296591942364,0.0027178));
#2053=CARTESIAN_POINT('',(0.0330852833547154,-0.0251160123861171,0.0027178));
#2054=CARTESIAN_POINT('',(0.0336974252018609,-0.0154675737073743,0.0027178));
#2055=CARTESIAN_POINT('',(0.0304734259255693,-0.00779758743395926,0.0027178));
#2056=CARTESIAN_POINT('',(0.0350941213956307,-0.00546257923788801,0.0027178));
#2057=CARTESIAN_POINT('',(0.0362859749941935,0.00360406953717886,0.0027178));
#2058=CARTESIAN_POINT('',(0.0279631404701506,0.000193626366395332,0.0027178));
#2059=CARTESIAN_POINT('',(0.0293314997514776,0.00603985264416852,0.0027178));
#2060=CARTESIAN_POINT('',(0.0104047036324023,0.0139334341953782,0.0027178));
#2061=CARTESIAN_POINT('',(0.0107182554245806,0.0177821327277382,0.0027178));
#2062=CARTESIAN_POINT('',(0.0098224936008069,0.0217729896773348,0.0027178));
#2063=CARTESIAN_POINT('',(0.00859571059375316,0.0341232428665204,0.0027178));
#2064=CARTESIAN_POINT('',(0.0105888129966289,0.0342823958403955,0.0027178));
#2065=CARTESIAN_POINT('',(0.0115354377800624,0.038162394418663,0.0027178));
#2066=CARTESIAN_POINT('',(0.00802789776606944,0.039846855499192,0.0027178));
#2067=CARTESIAN_POINT('',(0.00452987344420897,0.0382497998815999,0.0027178));
#2068=CARTESIAN_POINT('',(0.00411450684118156,0.0345886750470297,0.0027178));
#2069=CARTESIAN_POINT('',(0.00735808096582121,0.0335090078076959,0.0027178));
#2070=CARTESIAN_POINT('',(0.00566468045728162,0.0274181360517802,0.0027178));
#2071=CARTESIAN_POINT('',(0.00618787791717478,0.013856184195666,0.0027178));
#2072=CARTESIAN_POINT('',(0.00377890589426056,0.017440804235306,0.0027178));
#2073=CARTESIAN_POINT('',(-0.00479531155175544,0.0168934544011958,0.0027178));
#2074=CARTESIAN_POINT('',(-0.0124638951936296,0.0180036814858324,0.0027178));
#2075=CARTESIAN_POINT('',(-0.0174377258723342,0.014853880323646,0.0027178));
#2076=CARTESIAN_POINT('',(-0.017341248340125,0.0212704511204491,0.0027178));
#2077=CARTESIAN_POINT('',(-0.0191013976834171,0.0249366047886217,0.0027178));
#2078=CARTESIAN_POINT('',(-0.0180857591187284,0.0310220311053581,0.0027178));
#2079=CARTESIAN_POINT('',(-0.0163927049018422,0.0330183493695839,0.0027178));
#2080=CARTESIAN_POINT('',(-0.0179826439391704,0.0370824186523614,0.0027178));
#2081=CARTESIAN_POINT('',(-0.0207621886321877,0.0382607650345886,0.0027178));
#2082=CARTESIAN_POINT('',(-0.0241764714377127,0.0356765404733315,0.0027178));
#2083=CARTESIAN_POINT('',(-0.0240741799865435,0.0312540708149973,0.0027178));
#2084=CARTESIAN_POINT('',(-0.0218667700968227,0.0299523302572486,0.0027178));
#2085=CARTESIAN_POINT('',(-0.0234461351666765,0.0248644764152746,0.0027178));
#2086=CARTESIAN_POINT('',(-0.0220730693157998,0.0221940846642294,0.0027178));
#2087=CARTESIAN_POINT('',(-0.0234169444298083,0.0124756428591856,0.0027178));
#2088=CARTESIAN_POINT('',(-0.0258524523291262,0.0125480899405862,0.0027178));
#2089=CARTESIAN_POINT('',(-0.0324057287798364,0.00960942510306955,0.0027178));
#2090=CARTESIAN_POINT('',(-0.0333654725373677,0.00445141816147048,0.0027178));
#2091=CARTESIAN_POINT('',(-0.0393540087911893,0.00404472628989184,0.0027178));
#2092=CARTESIAN_POINT('',(-0.0433689451201106,0.00306108482986752,0.0027178));
#2093=CARTESIAN_POINT('',(-0.0453173309917065,0.000463442226530843,0.0027178));
#2094=CARTESIAN_POINT('',(-0.0416203708756769,-0.00937917227906434,0.0027178));
#2095=CARTESIAN_POINT('',(-0.0399071341727917,-0.0150105644519111,0.0027178));
#2096=CARTESIAN_POINT('',(-0.0443429040269473,-0.0233825559504339,0.0027178));
#2097=CARTESIAN_POINT('',(-0.0401588246912025,-0.0329260762917546,0.0027178));
#2098=CARTESIAN_POINT('',(-0.0380794588280025,-0.0367779280044306,0.0027178));
#2099=CARTESIAN_POINT('',(-0.0396335927871209,-0.0424938616531431,0.0027178));
#2100=CARTESIAN_POINT('',(-0.0418303834023959,-0.0467087169105285,0.0027178));
#2101=CARTESIAN_POINT('',(-0.0430329016589779,-0.0490173774972432,0.0027178));
#2102=CARTESIAN_POINT('',(0.0395844243521768,-0.0490173774972432,0.027178));
#2103=CARTESIAN_POINT('',(0.0386052128547156,-0.0470837511525857,0.027178));
#2104=CARTESIAN_POINT('',(0.0365254452150712,-0.0429808602221451,0.027178));
#2105=CARTESIAN_POINT('',(0.025251831391085,-0.0367096550728988,0.027178));
#2106=CARTESIAN_POINT('',(0.0310889375745306,-0.0359350421636299,0.027178));
#2107=CARTESIAN_POINT('',(0.0323694101699486,-0.0303296591942364,0.027178));
#2108=CARTESIAN_POINT('',(0.0330852833547154,-0.0251160123861171,0.027178));
#2109=CARTESIAN_POINT('',(0.0336974252018609,-0.0154675737073743,0.027178));
#2110=CARTESIAN_POINT('',(0.0304734259255693,-0.00779758743395926,0.027178));
#2111=CARTESIAN_POINT('',(0.0350941213956307,-0.00546257923788801,0.027178));
#2112=CARTESIAN_POINT('',(0.0362859749941935,0.00360406953717886,0.027178));
#2113=CARTESIAN_POINT('',(0.0279631404701506,0.000193626366395332,0.027178));
#2114=CARTESIAN_POINT('',(0.0293314997514776,0.00603985264416852,0.027178));
#2115=CARTESIAN_POINT('',(0.0104047036324023,0.0139334341953782,0.027178));
#2116=CARTESIAN_POINT('',(0.0107182554245806,0.0177821327277382,0.027178));
#2117=CARTESIAN_POINT('',(0.0098224936008069,0.0217729896773348,0.027178));
#2118=CARTESIAN_POINT('',(0.00859571059375316,0.0341232428665204,0.027178));
#2119=CARTESIAN_POINT('',(0.0105888129966289,0.0342823958403955,0.027178));
#2120=CARTESIAN_POINT('',(0.0115354377800624,0.038162394418663,0.027178));
#2121=CARTESIAN_POINT('',(0.00802789776606944,0.039846855499192,0.027178));
#2122=CARTESIAN_POINT('',(0.00452987344420897,0.0382497998815999,0.027178));
#2123=CARTESIAN_POINT('',(0.00411450684118156,0.0345886750470297,0.027178));
#2124=CARTESIAN_POINT('',(0.00735808096582121,0.0335090078076959,0.027178));
#2125=CARTESIAN_POINT('',(0.00566468045728162,0.0274181360517802,0.027178));
#2126=CARTESIAN_POINT('',(0.00618787791717478,0.013856184195666,0.027178));
#2127=CARTESIAN_POINT('',(0.00377890589426056,0.017440804235306,0.027178));
#2128=CARTESIAN_POINT('',(-0.00479531155175544,0.0168934544011958,0.027178));
#2129=CARTESIAN_POINT('',(-0.0124638951936296,0.0180036814858324,0.027178));
#2130=CARTESIAN_POINT('',(-0.0174377258723342,0.014853880323646,0.027178));
#2131=CARTESIAN_POINT('',(-0.017341248340125,0.0212704511204491,0.027178));
#2132=CARTESIAN_POINT('',(-0.0191013976834171,0.0249366047886217,0.027178));
#2133=CARTESIAN_POINT('',(-0.0180857591187284,0.0310220311053581,0.027178));
#2134=CARTESIAN_POINT('',(-0.0163927049018422,0.0330183493695839,0.027178));
#2135=CARTESIAN_POINT('',(-0.0179826439391704,0.0370824186523614,0.027178));
#2136=CARTESIAN_POINT('',(-0.0207621886321877,0.0382607650345886,0.027178));
#2137=CARTESIAN_POINT('',(-0.0241764714377127,0.0356765404733315,0.027178));
#2138=CARTESIAN_POINT('',(-0.0240741799865435,0.0312540708149973,0.027178));
#2139=CARTESIAN_POINT('',(-0.0218667700968227,0.0299523302572486,0.027178));
#2140=CARTESIAN_POINT('',(-0.0234461351666765,0.0248644764152746,0.027178));
#2141=CARTESIAN_POINT('',(-0.0220730693157998,0.0221940846642294,0.027178));
#2142=CARTESIAN_POINT('',(-0.0234169444298083,0.0124756428591856,0.027178));
#2143=CARTESIAN_POINT('',(-0.0258524523291262,0.0125480899405862,0.027178));
#2144=CARTESIAN_POINT('',(-0.0324057287798364,0.00960942510306955,0.027178));
#2145=CARTESIAN_POINT('',(-0.0333654725373677,0.00445141816147048,0.027178));
#2146=CARTESIAN_POINT('',(-0.0393540087911893,0.00404472628989184,0.027178));
#2147=CARTESIAN_POINT('',(-0.0433689451201106,0.00306108482986752,0.027178));
#2148=CARTESIAN_POINT('',(-0.0453173309917065,0.000463442226530843,0.027178));
#2149=CARTESIAN_POINT('',(-0.0416203708756769,-0.00937917227906434,0.027178));
#2150=CARTESIAN_POINT('',(-0.0399071341727917,-0.0150105644519111,0.027178));
#2151=CARTESIAN_POINT('',(-0.0443429040269473,-0.0233825559504339,0.027178));
#2152=CARTESIAN_POINT('',(-0.0401588246912025,-0.0329260762917546,0.027178));
#2153=CARTESIAN_POINT('',(-0.0380794588280025,-0.0367779280044306,0.027178));
#2154=CARTESIAN_POINT('',(-0.0396335927871209,-0.0424938616531431,0.027178));
#2155=CARTESIAN_POINT('',(-0.0418303834023959,-0.0467087169105285,0.027178));
#2156=CARTESIAN_POINT('',(-0.0430329016589779,-0.0490173774972432,0.027178));
#2157=CARTESIAN_POINT('',(0.0374049857939069,-0.0436101476889141,0.0027178));
#2158=CARTESIAN_POINT('',(0.0374049857939069,-0.0436101476889141,0.0255778));
#2159=CARTESIAN_POINT('',(-0.00172289442052566,-0.0513033774972432,0.0255778));
#2160=CARTESIAN_POINT('',(-0.0468011344627062,-0.0513033774972432,0.0255778));
#2161=CARTESIAN_POINT('',(0.0433044964541245,-0.0513033774972432,0.0255778));
#2162=CARTESIAN_POINT('',(-0.0258595830072034,0.0146312528292342,0.0255778));
#2163=CARTESIAN_POINT('',(-0.0259181499009958,0.0146173262630002,0.0255778));
#2164=CARTESIAN_POINT('',(-0.0260518624398732,0.0145859612608571,0.0255778));
#2165=CARTESIAN_POINT('',(-0.026301616634637,0.0145244710655419,0.0255778));
#2166=CARTESIAN_POINT('',(-0.0265863049405317,0.0144467298025315,0.0255778));
#2167=CARTESIAN_POINT('',(-0.0268768913281037,0.0143589685979614,0.0255778));
#2168=CARTESIAN_POINT('',(-0.0271757431203474,0.014261295915132,0.0255778));
#2169=CARTESIAN_POINT('',(-0.0275860147092468,0.0141174664961749,0.0255778));
#2170=CARTESIAN_POINT('',(-0.0281184977092083,0.013912791215445,0.0255778));
#2171=CARTESIAN_POINT('',(-0.0287830869424293,0.0136277771210305,0.0255778));
#2172=CARTESIAN_POINT('',(-0.0294648793917527,0.0133035703762031,0.0255778));
#2173=CARTESIAN_POINT('',(-0.0301542565146844,0.0129404145633287,0.0255778));
#2174=CARTESIAN_POINT('',(-0.0308421714834093,0.012537220736283,0.0255778));
#2175=CARTESIAN_POINT('',(-0.0315191870518819,0.0120922631557812,0.0255778));
#2176=CARTESIAN_POINT('',(-0.032175868355432,0.0116012040244435,0.0255778));
#2177=CARTESIAN_POINT('',(-0.0326982230859947,0.0111482418133238,0.0255778));
#2178=CARTESIAN_POINT('',(-0.0330965469962783,0.010753251344351,0.0255778));
#2179=CARTESIAN_POINT('',(-0.0333829820906374,0.010438390958472,0.0255778));
#2180=CARTESIAN_POINT('',(-0.0336427384318555,0.0101210393566855,0.0255778));
#2181=CARTESIAN_POINT('',(-0.0339529049389029,0.00970380456718081,0.0255778));
#2182=CARTESIAN_POINT('',(-0.0342824621510581,0.00919686483441081,0.0255778));
#2183=CARTESIAN_POINT('',(-0.0346020546695756,0.00863765098697505,0.0255778));
#2184=CARTESIAN_POINT('',(-0.0348660401300427,0.00814591003413197,0.0255778));
#2185=CARTESIAN_POINT('',(-0.0350885082044216,0.00773459620150465,0.0255778));
#2186=CARTESIAN_POINT('',(-0.035275280086919,0.00742137965562548,0.0255778));
#2187=CARTESIAN_POINT('',(-0.0354021160388683,0.00724332682281477,0.0255778));
#2188=CARTESIAN_POINT('',(-0.0354819867126309,0.00714861206234178,0.0255778));
#2189=CARTESIAN_POINT('',(-0.0355328882306752,0.0070960972660562,0.0255778));
#2190=CARTESIAN_POINT('',(-0.035572410347173,0.0070610113136133,0.0255778));
#2191=CARTESIAN_POINT('',(-0.0356127516798058,0.00703017619928149,0.0255778));
#2192=CARTESIAN_POINT('',(-0.0356809710773122,0.00698581800156037,0.0255778));
#2193=CARTESIAN_POINT('',(-0.0358018395029621,0.00691920062538108,0.0255778));
#2194=CARTESIAN_POINT('',(-0.0360157839481718,0.00682415170023839,0.0255778));
#2195=CARTESIAN_POINT('',(-0.0363623215313437,0.00670907370328095,0.0255778));
#2196=CARTESIAN_POINT('',(-0.0367857488713971,0.00660163311375414,0.0255778));
#2197=CARTESIAN_POINT('',(-0.0372710057543168,0.00650440654657292,0.0255778));
#2198=CARTESIAN_POINT('',(-0.0378038207370573,0.00641722819944649,0.0255778));
#2199=CARTESIAN_POINT('',(-0.0383724915260851,0.00633659196124359,0.0255778));
#2200=CARTESIAN_POINT('',(-0.0389689131506216,0.00625735089512103,0.0255778));
#2201=CARTESIAN_POINT('',(-0.0397902605875343,0.00614340332134402,0.0255778));
#2202=CARTESIAN_POINT('',(-0.0408198104229095,0.00597425395810816,0.0255778));
#2203=CARTESIAN_POINT('',(-0.0419954999103675,0.0057081360292739,0.0255778));
#2204=CARTESIAN_POINT('',(-0.0429408446073542,0.00540976860495077,0.0255778));
#2205=CARTESIAN_POINT('',(-0.0436738104570163,0.0051005964892356,0.0255778));
#2206=CARTESIAN_POINT('',(-0.0442113100839391,0.00482441155508024,0.0255778));
#2207=CARTESIAN_POINT('',(-0.0447355858903671,0.0044941072665837,0.0255778));
#2208=CARTESIAN_POINT('',(-0.0452649111016111,0.00407005130630351,0.0255778));
#2209=CARTESIAN_POINT('',(-0.0457669717227994,0.00352839956981859,0.0255778));
#2210=CARTESIAN_POINT('',(-0.0461915265405916,0.00287355426929311,0.0255778));
#2211=CARTESIAN_POINT('',(-0.0464979480979947,0.00213787236420932,0.0255778));
#2212=CARTESIAN_POINT('',(-0.0466761617929929,0.00136822805490019,0.0255778));
#2213=CARTESIAN_POINT('',(-0.0467404633860449,0.000578423983956852,0.0255778));
#2214=CARTESIAN_POINT('',(-0.0467146860170038,-0.000201361754672504,0.0255778));
#2215=CARTESIAN_POINT('',(-0.0466243375509621,-0.00097964424243611,0.0255778));
#2216=CARTESIAN_POINT('',(-0.0464402136139524,-0.00202977099229408,0.0255778));
#2217=CARTESIAN_POINT('',(-0.0461104467121753,-0.00339226799684095,0.0255778));
#2218=CARTESIAN_POINT('',(-0.0456094377647238,-0.00507730771404952,0.0255778));
#2219=CARTESIAN_POINT('',(-0.0450506349117825,-0.00676514315604637,0.0255778));
#2220=CARTESIAN_POINT('',(-0.0444828302550451,-0.00838991628088508,0.0255778));
#2221=CARTESIAN_POINT('',(-0.0439541548835903,-0.00988368901887388,0.0255778));
#2222=CARTESIAN_POINT('',(-0.0435218853472415,-0.0111507559123312,0.0255778));
#2223=CARTESIAN_POINT('',(-0.0432145451458395,-0.0122054686577136,0.0255778));
#2224=CARTESIAN_POINT('',(-0.0430385267510486,-0.0130873954330843,0.0255778));
#2225=CARTESIAN_POINT('',(-0.0429910247253578,-0.0137293258834119,0.0255778));
#2226=CARTESIAN_POINT('',(-0.0430097454749315,-0.0142457779205616,0.0255778));
#2227=CARTESIAN_POINT('',(-0.0430541345749922,-0.0146451394676556,0.0255778));
#2228=CARTESIAN_POINT('',(-0.0431365558266451,-0.0150885748861769,0.0255778));
#2229=CARTESIAN_POINT('',(-0.0432624803251523,-0.0156038677102866,0.0255778));
#2230=CARTESIAN_POINT('',(-0.0434246942091036,-0.0161717513043842,0.0255778));
#2231=CARTESIAN_POINT('',(-0.0436807969909169,-0.0169964033730324,0.0255778));
#2232=CARTESIAN_POINT('',(-0.0440538565413244,-0.0181383692106174,0.0255778));
#2233=CARTESIAN_POINT('',(-0.0445100248729712,-0.0196671213137378,0.0255778));
#2234=CARTESIAN_POINT('',(-0.0448264832038095,-0.0210692137510992,0.0255778));
#2235=CARTESIAN_POINT('',(-0.0449931080511409,-0.0222647132911157,0.0255778));
#2236=CARTESIAN_POINT('',(-0.0450620842278317,-0.0232016028201573,0.0255778));
#2237=CARTESIAN_POINT('',(-0.0450588086263528,-0.024161301892774,0.0255778));
#2238=CARTESIAN_POINT('',(-0.0449888058941252,-0.0251034858190286,0.0255778));
#2239=CARTESIAN_POINT('',(-0.0448627296835859,-0.0260288705811548,0.0255778));
#2240=CARTESIAN_POINT('',(-0.044631488933383,-0.0272398087243768,0.0255778));
#2241=CARTESIAN_POINT('',(-0.0442433233000172,-0.0287026936599876,0.0255778));
#2242=CARTESIAN_POINT('',(-0.0436757298673228,-0.0303570023615011,0.0255778));
#2243=CARTESIAN_POINT('',(-0.0430577412139557,-0.0318842821458812,0.0255778));
#2244=CARTESIAN_POINT('',(-0.0424392764705153,-0.0332573143601276,0.0255778));
#2245=CARTESIAN_POINT('',(-0.0418703110301865,-0.0344378155742615,0.0255778));
#2246=CARTESIAN_POINT('',(-0.0414177522754025,-0.0353749804901662,0.0255778));
#2247=CARTESIAN_POINT('',(-0.0411146450176091,-0.036102089406712,0.0255778));
#2248=CARTESIAN_POINT('',(-0.0409808757696824,-0.0365650645631741,0.0255778));
#2249=CARTESIAN_POINT('',(-0.040923236142679,-0.0369086778371262,0.0255778));
#2250=CARTESIAN_POINT('',(-0.0409016097878689,-0.0371741828389816,0.0255778));
#2251=CARTESIAN_POINT('',(-0.0409022358771507,-0.0374907136270088,0.0255778));
#2252=CARTESIAN_POINT('',(-0.0409377818135847,-0.0379769164849053,0.0255778));
#2253=CARTESIAN_POINT('',(-0.0410525099314128,-0.0386835600057931,0.0255778));
#2254=CARTESIAN_POINT('',(-0.0413005525659298,-0.0396504886804756,0.0255778));
#2255=CARTESIAN_POINT('',(-0.0416453832738329,-0.0406986197650398,0.0255778));
#2256=CARTESIAN_POINT('',(-0.0422081391846358,-0.0421617871137048,0.0255778));
#2257=CARTESIAN_POINT('',(-0.0430618350375587,-0.0440583530017095,0.0255778));
#2258=CARTESIAN_POINT('',(-0.0440542166111966,-0.0460262907394596,0.0255778));
#2259=CARTESIAN_POINT('',(-0.0448919933511878,-0.0476387852708243,0.0255778));
#2260=CARTESIAN_POINT('',(-0.0457418937051354,-0.049269304510604,0.0255778));
#2261=CARTESIAN_POINT('',(-0.0463771362899196,-0.0504893625207607,0.0255778));
#2262=CARTESIAN_POINT('',(-0.0468011344627062,-0.0513033774972432,0.0255778));
#2263=CARTESIAN_POINT('',(-0.0258595830072723,0.0146312528295241,0.0255778));
#2264=CARTESIAN_POINT('',(-0.0247650957716418,0.0291312734780801,0.0255778));
#2265=CARTESIAN_POINT('',(-0.0247635293096992,0.0290847818960498,0.0255778));
#2266=CARTESIAN_POINT('',(-0.0247642658828343,0.0289505793694744,0.0255778));
#2267=CARTESIAN_POINT('',(-0.0247872350099701,0.0286632405783519,0.0255778));
#2268=CARTESIAN_POINT('',(-0.0248326468661638,0.028306580869212,0.0255778));
#2269=CARTESIAN_POINT('',(-0.0249162022091524,0.0277715173557441,0.0255778));
#2270=CARTESIAN_POINT('',(-0.0250247039475729,0.0271658163415125,0.0255778));
#2271=CARTESIAN_POINT('',(-0.0251299336641413,0.0265209551187623,0.0255778));
#2272=CARTESIAN_POINT('',(-0.0251991349361439,0.0260207672353961,0.0255778));
#2273=CARTESIAN_POINT('',(-0.025250481953456,0.0254947217396597,0.0255778));
#2274=CARTESIAN_POINT('',(-0.025266713327648,0.0249496477834215,0.0255778));
#2275=CARTESIAN_POINT('',(-0.0252449806873873,0.0244513225920166,0.0255778));
#2276=CARTESIAN_POINT('',(-0.0251824448490376,0.0238438520695442,0.0255778));
#2277=CARTESIAN_POINT('',(-0.0250700379225138,0.023201775101121,0.0255778));
#2278=CARTESIAN_POINT('',(-0.024975286321432,0.022681459084794,0.0255778));
#2279=CARTESIAN_POINT('',(-0.0249171938411562,0.0222558909985456,0.0255778));
#2280=CARTESIAN_POINT('',(-0.0248835399961523,0.0219137071139421,0.0255778));
#2281=CARTESIAN_POINT('',(-0.0248627947329231,0.0215305168974522,0.0255778));
#2282=CARTESIAN_POINT('',(-0.0248577073870151,0.0210678673559459,0.0255778));
#2283=CARTESIAN_POINT('',(-0.0248692534513218,0.0205463309549238,0.0255778));
#2284=CARTESIAN_POINT('',(-0.0249072431161068,0.0197910415316235,0.0255778));
#2285=CARTESIAN_POINT('',(-0.024995741230639,0.0187683214272669,0.0255778));
#2286=CARTESIAN_POINT('',(-0.0251605377154055,0.0175131250563885,0.0255778));
#2287=CARTESIAN_POINT('',(-0.025374281623084,0.0163220596158049,0.0255778));
#2288=CARTESIAN_POINT('',(-0.0256216671234124,0.0152942850711563,0.0255778));
#2289=CARTESIAN_POINT('',(-0.0257905265411762,0.0147992094983417,0.0255778));
#2290=CARTESIAN_POINT('',(-0.0258595830072723,0.0146312528295241,0.0255778));
#2291=CARTESIAN_POINT('',(-0.0247650957716429,0.0291312734780802,0.0255778));
#2292=CARTESIAN_POINT('',(-0.01511335184476,0.0187963463752505,0.0255778));
#2293=CARTESIAN_POINT('',(-0.0151343844215771,0.0189706066252421,0.0255778));
#2294=CARTESIAN_POINT('',(-0.0151743674013326,0.0193437318018703,0.0255778));
#2295=CARTESIAN_POINT('',(-0.0152359152622771,0.0199591542065979,0.0255778));
#2296=CARTESIAN_POINT('',(-0.0153073716854405,0.02060637306189,0.0255778));
#2297=CARTESIAN_POINT('',(-0.0154054746255586,0.0212870262402426,0.0255778));
#2298=CARTESIAN_POINT('',(-0.0155303731005313,0.0219251923509508,0.0255778));
#2299=CARTESIAN_POINT('',(-0.0157116947427128,0.022698857484928,0.0255778));
#2300=CARTESIAN_POINT('',(-0.0159445068366534,0.0235420151478477,0.0255778));
#2301=CARTESIAN_POINT('',(-0.0161299326387599,0.0242480496363467,0.0255778));
#2302=CARTESIAN_POINT('',(-0.016237111037814,0.0247696966802825,0.0255778));
#2303=CARTESIAN_POINT('',(-0.0162966334224802,0.0251548316359383,0.0255778));
#2304=CARTESIAN_POINT('',(-0.0163335281502441,0.0255438620578315,0.0255778));
#2305=CARTESIAN_POINT('',(-0.0163481322321077,0.0259864718853761,0.0255778));
#2306=CARTESIAN_POINT('',(-0.0163391810631698,0.0264700660164689,0.0255778));
#2307=CARTESIAN_POINT('',(-0.0162959531071459,0.0271477528437246,0.0255778));
#2308=CARTESIAN_POINT('',(-0.0161865522437164,0.028023420021365,0.0255778));
#2309=CARTESIAN_POINT('',(-0.0160176551452487,0.0288534784661504,0.0255778));
#2310=CARTESIAN_POINT('',(-0.0158614236300798,0.0294373229368877,0.0255778));
#2311=CARTESIAN_POINT('',(-0.0157594130955829,0.0297567581494347,0.0255778));
#2312=CARTESIAN_POINT('',(-0.0156797021381933,0.0299752148181271,0.0255778));
#2313=CARTESIAN_POINT('',(-0.0156030087781213,0.0301663490979411,0.0255778));
#2314=CARTESIAN_POINT('',(-0.0154961192994528,0.0304017265215156,0.0255778));
#2315=CARTESIAN_POINT('',(-0.015336082295499,0.0307238820743738,0.0255778));
#2316=CARTESIAN_POINT('',(-0.0151484578849176,0.0311062820231333,0.0255778));
#2317=CARTESIAN_POINT('',(-0.0149391549653057,0.0315901545666237,0.0255778));
#2318=CARTESIAN_POINT('',(-0.014748912856189,0.0321889947332084,0.0255778));
#2319=CARTESIAN_POINT('',(-0.0146507465104597,0.0327710370422607,0.0255778));
#2320=CARTESIAN_POINT('',(-0.014627873332701,0.0332639952690743,0.0255778));
#2321=CARTESIAN_POINT('',(-0.0146377300932626,0.0336223513306329,0.0255778));
#2322=CARTESIAN_POINT('',(-0.0146689007748337,0.0339677640420455,0.0255778));
#2323=CARTESIAN_POINT('',(-0.0147351125913268,0.0344194221755046,0.0255778));
#2324=CARTESIAN_POINT('',(-0.0148579482651426,0.0349676308821324,0.0255778));
#2325=CARTESIAN_POINT('',(-0.0150592487214182,0.0356089054734416,0.0255778));
#2326=CARTESIAN_POINT('',(-0.0153944052541644,0.036444427104282,0.0255778));
#2327=CARTESIAN_POINT('',(-0.0159283464691168,0.0374431794502101,0.0255778));
#2328=CARTESIAN_POINT('',(-0.0167904370974467,0.0385534538071134,0.0255778));
#2329=CARTESIAN_POINT('',(-0.0177501340977823,0.0393152721177304,0.0255778));
#2330=CARTESIAN_POINT('',(-0.0186557902171486,0.0397418326299947,0.0255778));
#2331=CARTESIAN_POINT('',(-0.0193946764422106,0.0399525780455179,0.0255778));
#2332=CARTESIAN_POINT('',(-0.0201616508973546,0.0400345079020485,0.0255778));
#2333=CARTESIAN_POINT('',(-0.0209364097023575,0.0399868279421677,0.0255778));
#2334=CARTESIAN_POINT('',(-0.0216764857109303,0.039819409640137,0.0255778));
#2335=CARTESIAN_POINT('',(-0.022591105869166,0.039473969022135,0.0255778));
#2336=CARTESIAN_POINT('',(-0.0234211701365772,0.0389724888701167,0.0255778));
#2337=CARTESIAN_POINT('',(-0.0241672111047242,0.0383376029735655,0.0255778));
#2338=CARTESIAN_POINT('',(-0.0246804877682073,0.0377952030658086,0.0255778));
#2339=CARTESIAN_POINT('',(-0.0250636941228909,0.0372887809509026,0.0255778));
#2340=CARTESIAN_POINT('',(-0.0253395212744121,0.0368499869149135,0.0255778));
#2341=CARTESIAN_POINT('',(-0.0255931278007608,0.0363856683895383,0.0255778));
#2342=CARTESIAN_POINT('',(-0.025855370196226,0.0357775465778691,0.0255778));
#2343=CARTESIAN_POINT('',(-0.0260749380325608,0.0350408673744228,0.0255778));
#2344=CARTESIAN_POINT('',(-0.0262124964856604,0.0343105168055318,0.0255778));
#2345=CARTESIAN_POINT('',(-0.0262779873339963,0.0335853469308144,0.0255778));
#2346=CARTESIAN_POINT('',(-0.0262755898200937,0.0328725880436624,0.0255778));
#2347=CARTESIAN_POINT('',(-0.0262057574371649,0.0321712952697999,0.0255778));
#2348=CARTESIAN_POINT('',(-0.0260899179769079,0.0316004340839883,0.0255778));
#2349=CARTESIAN_POINT('',(-0.0259564455111057,0.0311479328541649,0.0255778));
#2350=CARTESIAN_POINT('',(-0.0258343170356691,0.0308126817447848,0.0255778));
#2351=CARTESIAN_POINT('',(-0.0256828929482344,0.0304736129122294,0.0255778));
#2352=CARTESIAN_POINT('',(-0.0254547317222293,0.0300539363382046,0.0255778));
#2353=CARTESIAN_POINT('',(-0.0251687146315334,0.0296407513862301,0.0255778));
#2354=CARTESIAN_POINT('',(-0.0249427238587146,0.0293585851204783,0.0255778));
#2355=CARTESIAN_POINT('',(-0.0248202558282106,0.0292046600777639,0.0255778));
#2356=CARTESIAN_POINT('',(-0.0247807399229064,0.0291525680314263,0.0255778));
#2357=CARTESIAN_POINT('',(-0.024765095771644,0.0291312734780817,0.0255778));
#2358=CARTESIAN_POINT('',(-0.0151133518447601,0.0187963463752505,0.0255778));
#2359=CARTESIAN_POINT('',(0.00360395876970557,0.0190036838999888,0.0255778));
#2360=CARTESIAN_POINT('',(0.00321766189088882,0.0191041805812761,0.0255778));
#2361=CARTESIAN_POINT('',(0.00244083891114684,0.0192510551254092,0.0255778));
#2362=CARTESIAN_POINT('',(0.000846009717314836,0.0194153436329667,0.0255778));
#2363=CARTESIAN_POINT('',(-0.000813436514830123,0.019457112437181,0.0255778));
#2364=CARTESIAN_POINT('',(-0.00247943872623697,0.0194684718492748,0.0255778));
#2365=CARTESIAN_POINT('',(-0.00350286624613172,0.0194774136832478,0.0255778));
#2366=CARTESIAN_POINT('',(-0.00429409449352266,0.0194942863244336,0.0255778));
#2367=CARTESIAN_POINT('',(-0.0050697248592551,0.0195207837282239,0.0255778));
#2368=CARTESIAN_POINT('',(-0.0060393216592338,0.0195695641320323,0.0255778));
#2369=CARTESIAN_POINT('',(-0.00720044722901249,0.019637385338925,0.0255778));
#2370=CARTESIAN_POINT('',(-0.00835903490823494,0.0196975567595837,0.0255778));
#2371=CARTESIAN_POINT('',(-0.00951811750673808,0.0197318516599253,0.0255778));
#2372=CARTESIAN_POINT('',(-0.010680344091751,0.0197194458853681,0.0255778));
#2373=CARTESIAN_POINT('',(-0.0118485771177679,0.0196364624092062,0.0255778));
#2374=CARTESIAN_POINT('',(-0.0127307252599052,0.0194997722713049,0.0255778));
#2375=CARTESIAN_POINT('',(-0.0133190899934918,0.0193678496628981,0.0255778));
#2376=CARTESIAN_POINT('',(-0.0137116923410151,0.0192678278433515,0.0255778));
#2377=CARTESIAN_POINT('',(-0.0141741676208321,0.0191288920051692,0.0255778));
#2378=CARTESIAN_POINT('',(-0.0146750534540662,0.0189573171939909,0.0255778));
#2379=CARTESIAN_POINT('',(-0.0149738522383322,0.018847779206137,0.0255778));
#2380=CARTESIAN_POINT('',(-0.0151133518447601,0.0187963463752505,0.0255778));
#2381=CARTESIAN_POINT('',(0.00360395876970558,0.0190036838999889,0.0255778));
#2382=CARTESIAN_POINT('',(0.00435494107182554,0.0321302200371879,0.0255778));
#2383=CARTESIAN_POINT('',(0.00436109538613784,0.0320654177025991,0.0255778));
#2384=CARTESIAN_POINT('',(0.00437011784546237,0.0318864763702658,0.0255778));
#2385=CARTESIAN_POINT('',(0.00435678102090784,0.0314848017978923,0.0255778));
#2386=CARTESIAN_POINT('',(0.00431465144647353,0.0309670357630346,0.0255778));
#2387=CARTESIAN_POINT('',(0.00424760510432709,0.0303522995785638,0.0255778));
#2388=CARTESIAN_POINT('',(0.0041628421864306,0.0296450859284372,0.0255778));
#2389=CARTESIAN_POINT('',(0.00406939614290538,0.0288538705735915,0.0255778));
#2390=CARTESIAN_POINT('',(0.00397619341908218,0.0279825691542766,0.0255778));
#2391=CARTESIAN_POINT('',(0.00389269755401986,0.0270292168866749,0.0255778));
#2392=CARTESIAN_POINT('',(0.0038287058962001,0.0260199889768851,0.0255778));
#2393=CARTESIAN_POINT('',(0.00378030101255128,0.0249829789612878,0.0255778));
#2394=CARTESIAN_POINT('',(0.00374338494593712,0.0239292940979711,0.0255778));
#2395=CARTESIAN_POINT('',(0.00370432051573051,0.0225224408288253,0.0255778));
#2396=CARTESIAN_POINT('',(0.00366595330512196,0.0208026059471688,0.0255778));
#2397=CARTESIAN_POINT('',(0.00362842927519014,0.0195624549502174,0.0255778));
#2398=CARTESIAN_POINT('',(0.00360395876970558,0.0190036838999888,0.0255778));
#2399=CARTESIAN_POINT('',(0.00435494107270761,0.0321302200372717,0.0255778));
#2400=CARTESIAN_POINT('',(0.0115449310166779,0.0326171852832166,0.0255778));
#2401=CARTESIAN_POINT('',(0.0116145163186929,0.0326741469991979,0.0255778));
#2402=CARTESIAN_POINT('',(0.0117386215448805,0.0327804412504446,0.0255778));
#2403=CARTESIAN_POINT('',(0.0119219803928921,0.0329635878059171,0.0255778));
#2404=CARTESIAN_POINT('',(0.0120633318913564,0.0331210173547426,0.0255778));
#2405=CARTESIAN_POINT('',(0.0122022822368699,0.0332960099691668,0.0255778));
#2406=CARTESIAN_POINT('',(0.0123242459840163,0.0334694780117559,0.0255778));
#2407=CARTESIAN_POINT('',(0.012432918741141,0.0336414941072599,0.0255778));
#2408=CARTESIAN_POINT('',(0.0125632154406026,0.0338700508757815,0.0255778));
#2409=CARTESIAN_POINT('',(0.0127038604347256,0.0341560435655536,0.0255778));
#2410=CARTESIAN_POINT('',(0.0128941863733481,0.034623375620521,0.0255778));
#2411=CARTESIAN_POINT('',(0.0130760251922612,0.035226959211935,0.0255778));
#2412=CARTESIAN_POINT('',(0.0132142831304896,0.0359984459563712,0.0255778));
#2413=CARTESIAN_POINT('',(0.0132515603108919,0.0366855056234811,0.0255778));
#2414=CARTESIAN_POINT('',(0.0132181322632959,0.0372626029469555,0.0255778));
#2415=CARTESIAN_POINT('',(0.0131566008638735,0.0377081756021882,0.0255778));
#2416=CARTESIAN_POINT('',(0.0130444980016949,0.0381790914770386,0.0255778));
#2417=CARTESIAN_POINT('',(0.0128767231114498,0.0386480585353111,0.0255778));
#2418=CARTESIAN_POINT('',(0.0126518999180916,0.0391056375738437,0.0255778));
#2419=CARTESIAN_POINT('',(0.0123818716952497,0.0395200766312305,0.0255778));
#2420=CARTESIAN_POINT('',(0.0120793285229731,0.0398895304690645,0.0255778));
#2421=CARTESIAN_POINT('',(0.0116392613738245,0.0403269733561112,0.0255778));
#2422=CARTESIAN_POINT('',(0.0110357824476032,0.0407715887311801,0.0255778));
#2423=CARTESIAN_POINT('',(0.0102698243071794,0.0411559377201928,0.0255778));
#2424=CARTESIAN_POINT('',(0.00947507886842917,0.0414155072684709,0.0255778));
#2425=CARTESIAN_POINT('',(0.00839347772358185,0.0416069544565291,0.0255778));
#2426=CARTESIAN_POINT('',(0.00702088304853331,0.041570601632495,0.0255778));
#2427=CARTESIAN_POINT('',(0.00572789701135209,0.0411898411091487,0.0255778));
#2428=CARTESIAN_POINT('',(0.00476716227611491,0.0406874368890811,0.0255778));
#2429=CARTESIAN_POINT('',(0.00409455123280349,0.0402065154144484,0.0255778));
#2430=CARTESIAN_POINT('',(0.00348602506273164,0.0396210775871555,0.0255778));
#2431=CARTESIAN_POINT('',(0.00304820348100478,0.0390375483942701,0.0255778));
#2432=CARTESIAN_POINT('',(0.00276179355360267,0.0385380112735203,0.0255778));
#2433=CARTESIAN_POINT('',(0.00252141601691491,0.0380300224927859,0.0255778));
#2434=CARTESIAN_POINT('',(0.0022971226194671,0.0373763606711046,0.0255778));
#2435=CARTESIAN_POINT('',(0.00214575503025343,0.0365672895968387,0.0255778));
#2436=CARTESIAN_POINT('',(0.00211812818613446,0.0357342021251942,0.0255778));
#2437=CARTESIAN_POINT('',(0.00221657113114641,0.0350163608710104,0.0255778));
#2438=CARTESIAN_POINT('',(0.0023921625221481,0.034431705542088,0.0255778));
#2439=CARTESIAN_POINT('',(0.00254833001640699,0.0340658007444539,0.0255778));
#2440=CARTESIAN_POINT('',(0.002708970265952,0.0337725255239731,0.0255778));
#2441=CARTESIAN_POINT('',(0.00283935314392034,0.0335673470714772,0.0255778));
#2442=CARTESIAN_POINT('',(0.00297838387638498,0.0333755072604643,0.0255778));
#2443=CARTESIAN_POINT('',(0.00316398076715458,0.0331483861354118,0.0255778));
#2444=CARTESIAN_POINT('',(0.00339503867326901,0.0329060579839228,0.0255778));
#2445=CARTESIAN_POINT('',(0.00365399184990119,0.0326732250371598,0.0255778));
#2446=CARTESIAN_POINT('',(0.00388736384251807,0.0324847365735638,0.0255778));
#2447=CARTESIAN_POINT('',(0.00408371641617005,0.0323358659775276,0.0255778));
#2448=CARTESIAN_POINT('',(0.00424488803270257,0.0322156624468177,0.0255778));
#2449=CARTESIAN_POINT('',(0.00432243553497104,0.0321559935512166,0.0255778));
#2450=CARTESIAN_POINT('',(0.00435494107270763,0.0321302200372717,0.0255778));
#2451=CARTESIAN_POINT('',(0.0115449310166783,0.0326171852832161,0.0255778));
#2452=CARTESIAN_POINT('',(0.0304500075060316,0.00379036762620149,0.0255778));
#2453=CARTESIAN_POINT('',(0.0303954152653374,0.00394438106368575,0.0255778));
#2454=CARTESIAN_POINT('',(0.0302670220917068,0.00428514052165175,0.0255778));
#2455=CARTESIAN_POINT('',(0.029995075313678,0.00486857071777811,0.0255778));
#2456=CARTESIAN_POINT('',(0.0296297882517657,0.00549165494617446,0.0255778));
#2457=CARTESIAN_POINT('',(0.0291471164100555,0.00613577895639683,0.0255778));
#2458=CARTESIAN_POINT('',(0.028604783922138,0.00672126357519126,0.0255778));
#2459=CARTESIAN_POINT('',(0.0280135131714544,0.00727371083838555,0.0255778));
#2460=CARTESIAN_POINT('',(0.0273739673181824,0.00780611072985969,0.0255778));
#2461=CARTESIAN_POINT('',(0.0264626309580233,0.00849898514125144,0.0255778));
#2462=CARTESIAN_POINT('',(0.0252220628583003,0.00934548912554416,0.0255778));
#2463=CARTESIAN_POINT('',(0.023075330367184,0.010676263377486,0.0255778));
#2464=CARTESIAN_POINT('',(0.0207793033533434,0.0119748112551574,0.0255778));
#2465=CARTESIAN_POINT('',(0.0185514274980796,0.0132150985925398,0.0255778));
#2466=CARTESIAN_POINT('',(0.0169744356731015,0.0141048085159075,0.0255778));
#2467=CARTESIAN_POINT('',(0.015554249687454,0.0149403367582624,0.0255778));
#2468=CARTESIAN_POINT('',(0.0145594614690299,0.015574763477029,0.0255778));
#2469=CARTESIAN_POINT('',(0.0139190831619178,0.0160261479875118,0.0255778));
#2470=CARTESIAN_POINT('',(0.0135951336422158,0.0162768682221158,0.0255778));
#2471=CARTESIAN_POINT('',(0.0133886608548446,0.0164516242325836,0.0255778));
#2472=CARTESIAN_POINT('',(0.0132237783207647,0.0166020934382195,0.0255778));
#2473=CARTESIAN_POINT('',(0.0130833704268648,0.0167504169916271,0.0255778));
#2474=CARTESIAN_POINT('',(0.0130066114778754,0.0168517121404899,0.0255778));
#2475=CARTESIAN_POINT('',(0.0129722401094629,0.0169051065009736,0.0255778));
#2476=CARTESIAN_POINT('',(0.0129529519437716,0.0169394402240312,0.0255778));
#2477=CARTESIAN_POINT('',(0.0129412031154455,0.0169636586613327,0.0255778));
#2478=CARTESIAN_POINT('',(0.0129361661269647,0.0169761427455877,0.0255778));
#2479=CARTESIAN_POINT('',(0.0129321543840744,0.0169876325738996,0.0255778));
#2480=CARTESIAN_POINT('',(0.0129263330056537,0.0170080953120595,0.0255778));
#2481=CARTESIAN_POINT('',(0.0129180369259475,0.0170447257959538,0.0255778));
#2482=CARTESIAN_POINT('',(0.012910460345874,0.0170872195382186,0.0255778));
#2483=CARTESIAN_POINT('',(0.0129028622347585,0.0171424645121331,0.0255778));
#2484=CARTESIAN_POINT('',(0.0128926108419151,0.0172417804069586,0.0255778));
#2485=CARTESIAN_POINT('',(0.0128834236708079,0.0173794254505994,0.0255778));
#2486=CARTESIAN_POINT('',(0.0128739044817071,0.0175562555033973,0.0255778));
#2487=CARTESIAN_POINT('',(0.0128653799646752,0.0177114134881033,0.0255778));
#2488=CARTESIAN_POINT('',(0.0128538675774241,0.0178853573040697,0.0255778));
#2489=CARTESIAN_POINT('',(0.0128348734964386,0.0181190036730735,0.0255778));
#2490=CARTESIAN_POINT('',(0.0128056537577834,0.0184057160677512,0.0255778));
#2491=CARTESIAN_POINT('',(0.0127631125591477,0.0187505698505989,0.0255778));
#2492=CARTESIAN_POINT('',(0.0126979620138533,0.0192146486736962,0.0255778));
#2493=CARTESIAN_POINT('',(0.0126033698216623,0.019814020043262,0.0255778));
#2494=CARTESIAN_POINT('',(0.0124731474278088,0.0206081124413847,0.0255778));
#2495=CARTESIAN_POINT('',(0.0123287902673644,0.0215178788151438,0.0255778));
#2496=CARTESIAN_POINT('',(0.0121206124473526,0.022944921038652,0.0255778));
#2497=CARTESIAN_POINT('',(0.011839308511422,0.0252066676225938,0.0255778));
#2498=CARTESIAN_POINT('',(0.0116062753053161,0.0276933801260864,0.0255778));
#2499=CARTESIAN_POINT('',(0.011492571641529,0.0295677518576314,0.0255778));
#2500=CARTESIAN_POINT('',(0.011454013126581,0.0308484744400352,0.0255778));
#2501=CARTESIAN_POINT('',(0.0114699488295993,0.0319262621478155,0.0255778));
#2502=CARTESIAN_POINT('',(0.011518600416325,0.0324420425802741,0.0255778));
#2503=CARTESIAN_POINT('',(0.0115449310166783,0.0326171852832161,0.0255778));
#2504=CARTESIAN_POINT('',(0.0304500075060315,0.00379036762620151,0.0255778));
#2505=CARTESIAN_POINT('',(0.0313575966812418,-0.0373954774832899,0.0255778));
#2506=CARTESIAN_POINT('',(0.0314845779947125,-0.037304999129308,0.0255778));
#2507=CARTESIAN_POINT('',(0.0317432928788806,-0.0371033084890508,0.0255778));
#2508=CARTESIAN_POINT('',(0.0320883606048437,-0.0367795655845259,0.0255778));
#2509=CARTESIAN_POINT('',(0.0323979131453195,-0.0364380157859321,0.0255778));
#2510=CARTESIAN_POINT('',(0.0327648905170262,-0.0359661648557897,0.0255778));
#2511=CARTESIAN_POINT('',(0.0331449348206131,-0.035356996632264,0.0255778));
#2512=CARTESIAN_POINT('',(0.0335025945099192,-0.0346162827512987,0.0255778));
#2513=CARTESIAN_POINT('',(0.0337851558900689,-0.0338768671373065,0.0255778));
#2514=CARTESIAN_POINT('',(0.0340107118925419,-0.0331469988566484,0.0255778));
#2515=CARTESIAN_POINT('',(0.0341936978840272,-0.0324325336966806,0.0255778));
#2516=CARTESIAN_POINT('',(0.0343445158619897,-0.031743204095541,0.0255778));
#2517=CARTESIAN_POINT('',(0.0344720299279581,-0.0310919017841795,0.0255778));
#2518=CARTESIAN_POINT('',(0.0346248360305963,-0.0302662072920211,0.0255778));
#2519=CARTESIAN_POINT('',(0.0347957210347782,-0.0292563971021675,0.0255778));
#2520=CARTESIAN_POINT('',(0.0349716411602575,-0.0280467808642555,0.0255778));
#2521=CARTESIAN_POINT('',(0.0351249571223842,-0.0267951412708417,0.0255778));
#2522=CARTESIAN_POINT('',(0.0352415268695285,-0.0256781140784164,0.0255778));
#2523=CARTESIAN_POINT('',(0.0353303444026935,-0.0247146362619845,0.0255778));
#2524=CARTESIAN_POINT('',(0.035415662219378,-0.0236970814435527,0.0255778));
#2525=CARTESIAN_POINT('',(0.0355074340518372,-0.0223356485572268,0.0255778));
#2526=CARTESIAN_POINT('',(0.0355694693234307,-0.0206006071575874,0.0255778));
#2527=CARTESIAN_POINT('',(0.0355619830537997,-0.019093502449211,0.0255778));
#2528=CARTESIAN_POINT('',(0.0355077731441432,-0.0178676335311019,0.0255778));
#2529=CARTESIAN_POINT('',(0.035440055820581,-0.0169420822701215,0.0255778));
#2530=CARTESIAN_POINT('',(0.0353415781905733,-0.0160129396059351,0.0255778));
#2531=CARTESIAN_POINT('',(0.0352068991673253,-0.0150805073930829,0.0255778));
#2532=CARTESIAN_POINT('',(0.0350358556857948,-0.0141628050697915,0.0255778));
#2533=CARTESIAN_POINT('',(0.0348426668926368,-0.0132947407671596,0.0255778));
#2534=CARTESIAN_POINT('',(0.0346430256334589,-0.0124743905643723,0.0255778));
#2535=CARTESIAN_POINT('',(0.034385124951102,-0.0114532985469079,0.0255778));
#2536=CARTESIAN_POINT('',(0.0341660253767508,-0.0105509365913324,0.0255778));
#2537=CARTESIAN_POINT('',(0.0340307288804331,-0.00981501960988794,0.0255778));
#2538=CARTESIAN_POINT('',(0.0339771097433132,-0.00936409602616793,0.0255778));
#2539=CARTESIAN_POINT('',(0.0339718553412524,-0.00909192453090139,0.0255778));
#2540=CARTESIAN_POINT('',(0.0339821723306246,-0.00894957260219187,0.0255778));
#2541=CARTESIAN_POINT('',(0.0339909881165079,-0.00889283483512961,0.0255778));
#2542=CARTESIAN_POINT('',(0.0339969759251678,-0.00886541366741239,0.0255778));
#2543=CARTESIAN_POINT('',(0.0340000619573351,-0.00885417894796221,0.0255778));
#2544=CARTESIAN_POINT('',(0.0340011415330925,-0.00885076280638309,0.0255778));
#2545=CARTESIAN_POINT('',(0.034006453835966,-0.00883631428754385,0.0255778));
#2546=CARTESIAN_POINT('',(0.0340175087888771,-0.00881130987384684,0.0255778));
#2547=CARTESIAN_POINT('',(0.0340460748821907,-0.00875953697516558,0.0255778));
#2548=CARTESIAN_POINT('',(0.0340957876566759,-0.00868378832303708,0.0255778));
#2549=CARTESIAN_POINT('',(0.034199441482806,-0.00854517016130191,0.0255778));
#2550=CARTESIAN_POINT('',(0.0343973209112435,-0.00831314329335929,0.0255778));
#2551=CARTESIAN_POINT('',(0.0347427553226549,-0.00794157864394289,0.0255778));
#2552=CARTESIAN_POINT('',(0.0351700220552567,-0.00747640443612658,0.0255778));
#2553=CARTESIAN_POINT('',(0.0356485809255386,-0.0069036910912712,0.0255778));
#2554=CARTESIAN_POINT('',(0.0361390857499985,-0.00621541689605339,0.0255778));
#2555=CARTESIAN_POINT('',(0.0366046004028387,-0.00538634240530766,0.0255778));
#2556=CARTESIAN_POINT('',(0.0369796909912673,-0.00450659020555729,0.0255778));
#2557=CARTESIAN_POINT('',(0.037279324316392,-0.00358825995214213,0.0255778));
#2558=CARTESIAN_POINT('',(0.037501799599332,-0.00263840127003029,0.0255778));
#2559=CARTESIAN_POINT('',(0.0376404106435871,-0.00166817141079589,0.0255778));
#2560=CARTESIAN_POINT('',(0.0376822474033854,-0.000683391909309062,0.0255778));
#2561=CARTESIAN_POINT('',(0.0376165728186142,0.0001517147056739,0.0255778));
#2562=CARTESIAN_POINT('',(0.0374804847917119,0.000828519706029798,0.0255778));
#2563=CARTESIAN_POINT('',(0.037324932608395,0.00134674335739973,0.0255778));
#2564=CARTESIAN_POINT('',(0.0371037083128143,0.00186561517346463,0.0255778));
#2565=CARTESIAN_POINT('',(0.0367998558297691,0.00238306129203865,0.0255778));
#2566=CARTESIAN_POINT('',(0.0364632969006171,0.00279672788926653,0.0255778));
#2567=CARTESIAN_POINT('',(0.036141983003601,0.00310085699623909,0.0255778));
#2568=CARTESIAN_POINT('',(0.0358737609160323,0.00331258146350261,0.0255778));
#2569=CARTESIAN_POINT('',(0.035584660565235,0.00349966409993132,0.0255778));
#2570=CARTESIAN_POINT('',(0.0351917447002931,0.00370578782687979,0.0255778));
#2571=CARTESIAN_POINT('',(0.0347110283662929,0.00388489815947849,0.0255778));
#2572=CARTESIAN_POINT('',(0.0341627559309311,0.00400950577973571,0.0255778));
#2573=CARTESIAN_POINT('',(0.0336513991146832,0.00407106332160618,0.0255778));
#2574=CARTESIAN_POINT('',(0.0331651754293905,0.00408882018256843,0.0255778));
#2575=CARTESIAN_POINT('',(0.0325588866337466,0.00407266660113069,0.0255778));
#2576=CARTESIAN_POINT('',(0.0318510649855384,0.00400270367047869,0.0255778));
#2577=CARTESIAN_POINT('',(0.0310871015758602,0.00388941119441273,0.0255778));
#2578=CARTESIAN_POINT('',(0.0306457057750114,0.00381900963710966,0.0255778));
#2579=CARTESIAN_POINT('',(0.0304500075060315,0.00379036762620151,0.0255778));
#2580=CARTESIAN_POINT('',(0.0313575966812418,-0.03739547748329,0.0255778));
#2581=CARTESIAN_POINT('',(0.0433044964541245,-0.0513033774972432,0.0255778));
#2582=CARTESIAN_POINT('',(0.0430351288960568,-0.0507714635971039,0.0255778));
#2583=CARTESIAN_POINT('',(0.0426312721212177,-0.0499740606598939,0.0255778));
#2584=CARTESIAN_POINT('',(0.0420920181723822,-0.0489089850916184,0.0255778));
#2585=CARTESIAN_POINT('',(0.0416892969993553,-0.0481143651710589,0.0255778));
#2586=CARTESIAN_POINT('',(0.0412814834671746,-0.0473068919846943,0.0255778));
#2587=CARTESIAN_POINT('',(0.0408305734742897,-0.0464508724381348,0.0255778));
#2588=CARTESIAN_POINT('',(0.040315240478341,-0.0455564075859903,0.0255778));
#2589=CARTESIAN_POINT('',(0.039712814079463,-0.0446311732022499,0.0255778));
#2590=CARTESIAN_POINT('',(0.0390022528890234,-0.0436843924704563,0.0255778));
#2591=CARTESIAN_POINT('',(0.0381657173921278,-0.0427263216900192,0.0255778));
#2592=CARTESIAN_POINT('',(0.0371900884787001,-0.0417635610650934,0.0255778));
#2593=CARTESIAN_POINT('',(0.0360498799613473,-0.0407978317997427,0.0255778));
#2594=CARTESIAN_POINT('',(0.034833935433371,-0.0398757121217258,0.0255778));
#2595=CARTESIAN_POINT('',(0.0331832295902459,-0.0386920385418253,0.0255778));
#2596=CARTESIAN_POINT('',(0.0320087113508594,-0.0378753009291435,0.0255778));
#2597=CARTESIAN_POINT('',(0.0313575966812417,-0.0373954774832899,0.0255778));
#2598=CARTESIAN_POINT('',(0.0374049857939069,-0.0436101476889141,0.027178));
#2599=CARTESIAN_POINT('',(-0.00172289442052566,-0.0513033774972432,0.027178));
#2600=CARTESIAN_POINT('',(-0.0468011344627062,-0.0513033774972432,0.027178));
#2601=CARTESIAN_POINT('',(0.0433044964541245,-0.0513033774972432,0.027178));
#2602=CARTESIAN_POINT('',(0.0433044964541245,-0.0513033774972432,0.027178));
#2603=CARTESIAN_POINT('',(0.0430351288960568,-0.0507714635971039,0.027178));
#2604=CARTESIAN_POINT('',(0.0426312721212177,-0.0499740606598939,0.027178));
#2605=CARTESIAN_POINT('',(0.0420920181723822,-0.0489089850916184,0.027178));
#2606=CARTESIAN_POINT('',(0.0416892969993553,-0.0481143651710589,0.027178));
#2607=CARTESIAN_POINT('',(0.0412814834671746,-0.0473068919846943,0.027178));
#2608=CARTESIAN_POINT('',(0.0408305734742897,-0.0464508724381348,0.027178));
#2609=CARTESIAN_POINT('',(0.040315240478341,-0.0455564075859903,0.027178));
#2610=CARTESIAN_POINT('',(0.039712814079463,-0.0446311732022499,0.027178));
#2611=CARTESIAN_POINT('',(0.0390022528890234,-0.0436843924704563,0.027178));
#2612=CARTESIAN_POINT('',(0.0381657173921278,-0.0427263216900192,0.027178));
#2613=CARTESIAN_POINT('',(0.0371900884787001,-0.0417635610650934,0.027178));
#2614=CARTESIAN_POINT('',(0.0360498799613473,-0.0407978317997427,0.027178));
#2615=CARTESIAN_POINT('',(0.034833935433371,-0.0398757121217258,0.027178));
#2616=CARTESIAN_POINT('',(0.0331832295902459,-0.0386920385418253,0.027178));
#2617=CARTESIAN_POINT('',(0.0320087113508594,-0.0378753009291435,0.027178));
#2618=CARTESIAN_POINT('',(0.0313575966812417,-0.0373954774832899,0.027178));
#2619=CARTESIAN_POINT('',(0.0313575966812418,-0.03739547748329,0.027178));
#2620=CARTESIAN_POINT('',(0.0313575966812418,-0.0373954774832899,0.027178));
#2621=CARTESIAN_POINT('',(0.0314845779947125,-0.037304999129308,0.027178));
#2622=CARTESIAN_POINT('',(0.0317432928788806,-0.0371033084890508,0.027178));
#2623=CARTESIAN_POINT('',(0.0320883606048437,-0.0367795655845259,0.027178));
#2624=CARTESIAN_POINT('',(0.0323979131453195,-0.0364380157859321,0.027178));
#2625=CARTESIAN_POINT('',(0.0327648905170262,-0.0359661648557897,0.027178));
#2626=CARTESIAN_POINT('',(0.0331449348206131,-0.035356996632264,0.027178));
#2627=CARTESIAN_POINT('',(0.0335025945099192,-0.0346162827512987,0.027178));
#2628=CARTESIAN_POINT('',(0.0337851558900689,-0.0338768671373065,0.027178));
#2629=CARTESIAN_POINT('',(0.0340107118925419,-0.0331469988566484,0.027178));
#2630=CARTESIAN_POINT('',(0.0341936978840272,-0.0324325336966806,0.027178));
#2631=CARTESIAN_POINT('',(0.0343445158619897,-0.031743204095541,0.027178));
#2632=CARTESIAN_POINT('',(0.0344720299279581,-0.0310919017841795,0.027178));
#2633=CARTESIAN_POINT('',(0.0346248360305963,-0.0302662072920211,0.027178));
#2634=CARTESIAN_POINT('',(0.0347957210347782,-0.0292563971021675,0.027178));
#2635=CARTESIAN_POINT('',(0.0349716411602575,-0.0280467808642555,0.027178));
#2636=CARTESIAN_POINT('',(0.0351249571223842,-0.0267951412708417,0.027178));
#2637=CARTESIAN_POINT('',(0.0352415268695285,-0.0256781140784164,0.027178));
#2638=CARTESIAN_POINT('',(0.0353303444026935,-0.0247146362619845,0.027178));
#2639=CARTESIAN_POINT('',(0.035415662219378,-0.0236970814435527,0.027178));
#2640=CARTESIAN_POINT('',(0.0355074340518372,-0.0223356485572268,0.027178));
#2641=CARTESIAN_POINT('',(0.0355694693234307,-0.0206006071575874,0.027178));
#2642=CARTESIAN_POINT('',(0.0355619830537997,-0.019093502449211,0.027178));
#2643=CARTESIAN_POINT('',(0.0355077731441432,-0.0178676335311019,0.027178));
#2644=CARTESIAN_POINT('',(0.035440055820581,-0.0169420822701215,0.027178));
#2645=CARTESIAN_POINT('',(0.0353415781905733,-0.0160129396059351,0.027178));
#2646=CARTESIAN_POINT('',(0.0352068991673253,-0.0150805073930829,0.027178));
#2647=CARTESIAN_POINT('',(0.0350358556857948,-0.0141628050697915,0.027178));
#2648=CARTESIAN_POINT('',(0.0348426668926368,-0.0132947407671596,0.027178));
#2649=CARTESIAN_POINT('',(0.0346430256334589,-0.0124743905643723,0.027178));
#2650=CARTESIAN_POINT('',(0.034385124951102,-0.0114532985469079,0.027178));
#2651=CARTESIAN_POINT('',(0.0341660253767508,-0.0105509365913324,0.027178));
#2652=CARTESIAN_POINT('',(0.0340307288804331,-0.00981501960988794,0.027178));
#2653=CARTESIAN_POINT('',(0.0339771097433132,-0.00936409602616793,0.027178));
#2654=CARTESIAN_POINT('',(0.0339718553412524,-0.00909192453090139,0.027178));
#2655=CARTESIAN_POINT('',(0.0339821723306246,-0.00894957260219187,0.027178));
#2656=CARTESIAN_POINT('',(0.0339909881165079,-0.00889283483512961,0.027178));
#2657=CARTESIAN_POINT('',(0.0339969759251678,-0.00886541366741239,0.027178));
#2658=CARTESIAN_POINT('',(0.0340000619573351,-0.00885417894796221,0.027178));
#2659=CARTESIAN_POINT('',(0.0340011415330925,-0.00885076280638309,0.027178));
#2660=CARTESIAN_POINT('',(0.034006453835966,-0.00883631428754385,0.027178));
#2661=CARTESIAN_POINT('',(0.0340175087888771,-0.00881130987384684,0.027178));
#2662=CARTESIAN_POINT('',(0.0340460748821907,-0.00875953697516558,0.027178));
#2663=CARTESIAN_POINT('',(0.0340957876566759,-0.00868378832303708,0.027178));
#2664=CARTESIAN_POINT('',(0.034199441482806,-0.00854517016130191,0.027178));
#2665=CARTESIAN_POINT('',(0.0343973209112435,-0.00831314329335929,0.027178));
#2666=CARTESIAN_POINT('',(0.0347427553226549,-0.00794157864394289,0.027178));
#2667=CARTESIAN_POINT('',(0.0351700220552567,-0.00747640443612658,0.027178));
#2668=CARTESIAN_POINT('',(0.0356485809255386,-0.0069036910912712,0.027178));
#2669=CARTESIAN_POINT('',(0.0361390857499985,-0.00621541689605339,0.027178));
#2670=CARTESIAN_POINT('',(0.0366046004028387,-0.00538634240530766,0.027178));
#2671=CARTESIAN_POINT('',(0.0369796909912673,-0.00450659020555729,0.027178));
#2672=CARTESIAN_POINT('',(0.037279324316392,-0.00358825995214213,0.027178));
#2673=CARTESIAN_POINT('',(0.037501799599332,-0.00263840127003029,0.027178));
#2674=CARTESIAN_POINT('',(0.0376404106435871,-0.00166817141079589,0.027178));
#2675=CARTESIAN_POINT('',(0.0376822474033854,-0.000683391909309062,0.027178));
#2676=CARTESIAN_POINT('',(0.0376165728186142,0.0001517147056739,0.027178));
#2677=CARTESIAN_POINT('',(0.0374804847917119,0.000828519706029798,0.027178));
#2678=CARTESIAN_POINT('',(0.037324932608395,0.00134674335739973,0.027178));
#2679=CARTESIAN_POINT('',(0.0371037083128143,0.00186561517346463,0.027178));
#2680=CARTESIAN_POINT('',(0.0367998558297691,0.00238306129203865,0.027178));
#2681=CARTESIAN_POINT('',(0.0364632969006171,0.00279672788926653,0.027178));
#2682=CARTESIAN_POINT('',(0.036141983003601,0.00310085699623909,0.027178));
#2683=CARTESIAN_POINT('',(0.0358737609160323,0.00331258146350261,0.027178));
#2684=CARTESIAN_POINT('',(0.035584660565235,0.00349966409993132,0.027178));
#2685=CARTESIAN_POINT('',(0.0351917447002931,0.00370578782687979,0.027178));
#2686=CARTESIAN_POINT('',(0.0347110283662929,0.00388489815947849,0.027178));
#2687=CARTESIAN_POINT('',(0.0341627559309311,0.00400950577973571,0.027178));
#2688=CARTESIAN_POINT('',(0.0336513991146832,0.00407106332160618,0.027178));
#2689=CARTESIAN_POINT('',(0.0331651754293905,0.00408882018256843,0.027178));
#2690=CARTESIAN_POINT('',(0.0325588866337466,0.00407266660113069,0.027178));
#2691=CARTESIAN_POINT('',(0.0318510649855384,0.00400270367047869,0.027178));
#2692=CARTESIAN_POINT('',(0.0310871015758602,0.00388941119441273,0.027178));
#2693=CARTESIAN_POINT('',(0.0306457057750114,0.00381900963710966,0.027178));
#2694=CARTESIAN_POINT('',(0.0304500075060315,0.00379036762620151,0.027178));
#2695=CARTESIAN_POINT('',(0.0304500075060315,0.00379036762620151,0.027178));
#2696=CARTESIAN_POINT('',(0.0304500075060316,0.00379036762620149,0.027178));
#2697=CARTESIAN_POINT('',(0.0303954152653374,0.00394438106368575,0.027178));
#2698=CARTESIAN_POINT('',(0.0302670220917068,0.00428514052165175,0.027178));
#2699=CARTESIAN_POINT('',(0.029995075313678,0.00486857071777811,0.027178));
#2700=CARTESIAN_POINT('',(0.0296297882517657,0.00549165494617446,0.027178));
#2701=CARTESIAN_POINT('',(0.0291471164100555,0.00613577895639683,0.027178));
#2702=CARTESIAN_POINT('',(0.028604783922138,0.00672126357519126,0.027178));
#2703=CARTESIAN_POINT('',(0.0280135131714544,0.00727371083838555,0.027178));
#2704=CARTESIAN_POINT('',(0.0273739673181824,0.00780611072985969,0.027178));
#2705=CARTESIAN_POINT('',(0.0264626309580233,0.00849898514125144,0.027178));
#2706=CARTESIAN_POINT('',(0.0252220628583003,0.00934548912554416,0.027178));
#2707=CARTESIAN_POINT('',(0.023075330367184,0.010676263377486,0.027178));
#2708=CARTESIAN_POINT('',(0.0207793033533434,0.0119748112551574,0.027178));
#2709=CARTESIAN_POINT('',(0.0185514274980796,0.0132150985925398,0.027178));
#2710=CARTESIAN_POINT('',(0.0169744356731015,0.0141048085159075,0.027178));
#2711=CARTESIAN_POINT('',(0.015554249687454,0.0149403367582624,0.027178));
#2712=CARTESIAN_POINT('',(0.0145594614690299,0.015574763477029,0.027178));
#2713=CARTESIAN_POINT('',(0.0139190831619178,0.0160261479875118,0.027178));
#2714=CARTESIAN_POINT('',(0.0135951336422158,0.0162768682221158,0.027178));
#2715=CARTESIAN_POINT('',(0.0133886608548446,0.0164516242325836,0.027178));
#2716=CARTESIAN_POINT('',(0.0132237783207647,0.0166020934382195,0.027178));
#2717=CARTESIAN_POINT('',(0.0130833704268648,0.0167504169916271,0.027178));
#2718=CARTESIAN_POINT('',(0.0130066114778754,0.0168517121404899,0.027178));
#2719=CARTESIAN_POINT('',(0.0129722401094629,0.0169051065009736,0.027178));
#2720=CARTESIAN_POINT('',(0.0129529519437716,0.0169394402240312,0.027178));
#2721=CARTESIAN_POINT('',(0.0129412031154455,0.0169636586613327,0.027178));
#2722=CARTESIAN_POINT('',(0.0129361661269647,0.0169761427455877,0.027178));
#2723=CARTESIAN_POINT('',(0.0129321543840744,0.0169876325738996,0.027178));
#2724=CARTESIAN_POINT('',(0.0129263330056537,0.0170080953120595,0.027178));
#2725=CARTESIAN_POINT('',(0.0129180369259475,0.0170447257959538,0.027178));
#2726=CARTESIAN_POINT('',(0.012910460345874,0.0170872195382186,0.027178));
#2727=CARTESIAN_POINT('',(0.0129028622347585,0.0171424645121331,0.027178));
#2728=CARTESIAN_POINT('',(0.0128926108419151,0.0172417804069586,0.027178));
#2729=CARTESIAN_POINT('',(0.0128834236708079,0.0173794254505994,0.027178));
#2730=CARTESIAN_POINT('',(0.0128739044817071,0.0175562555033973,0.027178));
#2731=CARTESIAN_POINT('',(0.0128653799646752,0.0177114134881033,0.027178));
#2732=CARTESIAN_POINT('',(0.0128538675774241,0.0178853573040697,0.027178));
#2733=CARTESIAN_POINT('',(0.0128348734964386,0.0181190036730735,0.027178));
#2734=CARTESIAN_POINT('',(0.0128056537577834,0.0184057160677512,0.027178));
#2735=CARTESIAN_POINT('',(0.0127631125591477,0.0187505698505989,0.027178));
#2736=CARTESIAN_POINT('',(0.0126979620138533,0.0192146486736962,0.027178));
#2737=CARTESIAN_POINT('',(0.0126033698216623,0.019814020043262,0.027178));
#2738=CARTESIAN_POINT('',(0.0124731474278088,0.0206081124413847,0.027178));
#2739=CARTESIAN_POINT('',(0.0123287902673644,0.0215178788151438,0.027178));
#2740=CARTESIAN_POINT('',(0.0121206124473526,0.022944921038652,0.027178));
#2741=CARTESIAN_POINT('',(0.011839308511422,0.0252066676225938,0.027178));
#2742=CARTESIAN_POINT('',(0.0116062753053161,0.0276933801260864,0.027178));
#2743=CARTESIAN_POINT('',(0.011492571641529,0.0295677518576314,0.027178));
#2744=CARTESIAN_POINT('',(0.011454013126581,0.0308484744400352,0.027178));
#2745=CARTESIAN_POINT('',(0.0114699488295993,0.0319262621478155,0.027178));
#2746=CARTESIAN_POINT('',(0.011518600416325,0.0324420425802741,0.027178));
#2747=CARTESIAN_POINT('',(0.0115449310166783,0.0326171852832161,0.027178));
#2748=CARTESIAN_POINT('',(0.0115449310166783,0.0326171852832161,0.027178));
#2749=CARTESIAN_POINT('',(0.0115449310166779,0.0326171852832166,0.027178));
#2750=CARTESIAN_POINT('',(0.0116145163186929,0.0326741469991979,0.027178));
#2751=CARTESIAN_POINT('',(0.0117386215448805,0.0327804412504446,0.027178));
#2752=CARTESIAN_POINT('',(0.0119219803928921,0.0329635878059171,0.027178));
#2753=CARTESIAN_POINT('',(0.0120633318913564,0.0331210173547426,0.027178));
#2754=CARTESIAN_POINT('',(0.0122022822368699,0.0332960099691668,0.027178));
#2755=CARTESIAN_POINT('',(0.0123242459840163,0.0334694780117559,0.027178));
#2756=CARTESIAN_POINT('',(0.012432918741141,0.0336414941072599,0.027178));
#2757=CARTESIAN_POINT('',(0.0125632154406026,0.0338700508757815,0.027178));
#2758=CARTESIAN_POINT('',(0.0127038604347256,0.0341560435655536,0.027178));
#2759=CARTESIAN_POINT('',(0.0128941863733481,0.034623375620521,0.027178));
#2760=CARTESIAN_POINT('',(0.0130760251922612,0.035226959211935,0.027178));
#2761=CARTESIAN_POINT('',(0.0132142831304896,0.0359984459563712,0.027178));
#2762=CARTESIAN_POINT('',(0.0132515603108919,0.0366855056234811,0.027178));
#2763=CARTESIAN_POINT('',(0.0132181322632959,0.0372626029469555,0.027178));
#2764=CARTESIAN_POINT('',(0.0131566008638735,0.0377081756021882,0.027178));
#2765=CARTESIAN_POINT('',(0.0130444980016949,0.0381790914770386,0.027178));
#2766=CARTESIAN_POINT('',(0.0128767231114498,0.0386480585353111,0.027178));
#2767=CARTESIAN_POINT('',(0.0126518999180916,0.0391056375738437,0.027178));
#2768=CARTESIAN_POINT('',(0.0123818716952497,0.0395200766312305,0.027178));
#2769=CARTESIAN_POINT('',(0.0120793285229731,0.0398895304690645,0.027178));
#2770=CARTESIAN_POINT('',(0.0116392613738245,0.0403269733561112,0.027178));
#2771=CARTESIAN_POINT('',(0.0110357824476032,0.0407715887311801,0.027178));
#2772=CARTESIAN_POINT('',(0.0102698243071794,0.0411559377201928,0.027178));
#2773=CARTESIAN_POINT('',(0.00947507886842917,0.0414155072684709,0.027178));
#2774=CARTESIAN_POINT('',(0.00839347772358185,0.0416069544565291,0.027178));
#2775=CARTESIAN_POINT('',(0.00702088304853331,0.041570601632495,0.027178));
#2776=CARTESIAN_POINT('',(0.00572789701135209,0.0411898411091487,0.027178));
#2777=CARTESIAN_POINT('',(0.00476716227611491,0.0406874368890811,0.027178));
#2778=CARTESIAN_POINT('',(0.00409455123280349,0.0402065154144484,0.027178));
#2779=CARTESIAN_POINT('',(0.00348602506273164,0.0396210775871555,0.027178));
#2780=CARTESIAN_POINT('',(0.00304820348100478,0.0390375483942701,0.027178));
#2781=CARTESIAN_POINT('',(0.00276179355360267,0.0385380112735203,0.027178));
#2782=CARTESIAN_POINT('',(0.00252141601691491,0.0380300224927859,0.027178));
#2783=CARTESIAN_POINT('',(0.0022971226194671,0.0373763606711046,0.027178));
#2784=CARTESIAN_POINT('',(0.00214575503025343,0.0365672895968387,0.027178));
#2785=CARTESIAN_POINT('',(0.00211812818613446,0.0357342021251942,0.027178));
#2786=CARTESIAN_POINT('',(0.00221657113114641,0.0350163608710104,0.027178));
#2787=CARTESIAN_POINT('',(0.0023921625221481,0.034431705542088,0.027178));
#2788=CARTESIAN_POINT('',(0.00254833001640699,0.0340658007444539,0.027178));
#2789=CARTESIAN_POINT('',(0.002708970265952,0.0337725255239731,0.027178));
#2790=CARTESIAN_POINT('',(0.00283935314392034,0.0335673470714772,0.027178));
#2791=CARTESIAN_POINT('',(0.00297838387638498,0.0333755072604643,0.027178));
#2792=CARTESIAN_POINT('',(0.00316398076715458,0.0331483861354118,0.027178));
#2793=CARTESIAN_POINT('',(0.00339503867326901,0.0329060579839228,0.027178));
#2794=CARTESIAN_POINT('',(0.00365399184990119,0.0326732250371598,0.027178));
#2795=CARTESIAN_POINT('',(0.00388736384251807,0.0324847365735638,0.027178));
#2796=CARTESIAN_POINT('',(0.00408371641617005,0.0323358659775276,0.027178));
#2797=CARTESIAN_POINT('',(0.00424488803270257,0.0322156624468177,0.027178));
#2798=CARTESIAN_POINT('',(0.00432243553497104,0.0321559935512166,0.027178));
#2799=CARTESIAN_POINT('',(0.00435494107270763,0.0321302200372717,0.027178));
#2800=CARTESIAN_POINT('',(0.00435494107270761,0.0321302200372717,0.027178));
#2801=CARTESIAN_POINT('',(0.00435494107182554,0.0321302200371879,0.027178));
#2802=CARTESIAN_POINT('',(0.00436109538613784,0.0320654177025991,0.027178));
#2803=CARTESIAN_POINT('',(0.00437011784546237,0.0318864763702658,0.027178));
#2804=CARTESIAN_POINT('',(0.00435678102090784,0.0314848017978923,0.027178));
#2805=CARTESIAN_POINT('',(0.00431465144647353,0.0309670357630346,0.027178));
#2806=CARTESIAN_POINT('',(0.00424760510432709,0.0303522995785638,0.027178));
#2807=CARTESIAN_POINT('',(0.0041628421864306,0.0296450859284372,0.027178));
#2808=CARTESIAN_POINT('',(0.00406939614290538,0.0288538705735915,0.027178));
#2809=CARTESIAN_POINT('',(0.00397619341908218,0.0279825691542766,0.027178));
#2810=CARTESIAN_POINT('',(0.00389269755401986,0.0270292168866749,0.027178));
#2811=CARTESIAN_POINT('',(0.0038287058962001,0.0260199889768851,0.027178));
#2812=CARTESIAN_POINT('',(0.00378030101255128,0.0249829789612878,0.027178));
#2813=CARTESIAN_POINT('',(0.00374338494593712,0.0239292940979711,0.027178));
#2814=CARTESIAN_POINT('',(0.00370432051573051,0.0225224408288253,0.027178));
#2815=CARTESIAN_POINT('',(0.00366595330512196,0.0208026059471688,0.027178));
#2816=CARTESIAN_POINT('',(0.00362842927519014,0.0195624549502174,0.027178));
#2817=CARTESIAN_POINT('',(0.00360395876970558,0.0190036838999888,0.027178));
#2818=CARTESIAN_POINT('',(0.00360395876970558,0.0190036838999889,0.027178));
#2819=CARTESIAN_POINT('',(0.00360395876970557,0.0190036838999888,0.027178));
#2820=CARTESIAN_POINT('',(0.00321766189088882,0.0191041805812761,0.027178));
#2821=CARTESIAN_POINT('',(0.00244083891114684,0.0192510551254092,0.027178));
#2822=CARTESIAN_POINT('',(0.000846009717314836,0.0194153436329667,0.027178));
#2823=CARTESIAN_POINT('',(-0.000813436514830123,0.019457112437181,0.027178));
#2824=CARTESIAN_POINT('',(-0.00247943872623697,0.0194684718492748,0.027178));
#2825=CARTESIAN_POINT('',(-0.00350286624613172,0.0194774136832478,0.027178));
#2826=CARTESIAN_POINT('',(-0.00429409449352266,0.0194942863244336,0.027178));
#2827=CARTESIAN_POINT('',(-0.0050697248592551,0.0195207837282239,0.027178));
#2828=CARTESIAN_POINT('',(-0.0060393216592338,0.0195695641320323,0.027178));
#2829=CARTESIAN_POINT('',(-0.00720044722901249,0.019637385338925,0.027178));
#2830=CARTESIAN_POINT('',(-0.00835903490823494,0.0196975567595837,0.027178));
#2831=CARTESIAN_POINT('',(-0.00951811750673808,0.0197318516599253,0.027178));
#2832=CARTESIAN_POINT('',(-0.010680344091751,0.0197194458853681,0.027178));
#2833=CARTESIAN_POINT('',(-0.0118485771177679,0.0196364624092062,0.027178));
#2834=CARTESIAN_POINT('',(-0.0127307252599052,0.0194997722713049,0.027178));
#2835=CARTESIAN_POINT('',(-0.0133190899934918,0.0193678496628981,0.027178));
#2836=CARTESIAN_POINT('',(-0.0137116923410151,0.0192678278433515,0.027178));
#2837=CARTESIAN_POINT('',(-0.0141741676208321,0.0191288920051692,0.027178));
#2838=CARTESIAN_POINT('',(-0.0146750534540662,0.0189573171939909,0.027178));
#2839=CARTESIAN_POINT('',(-0.0149738522383322,0.018847779206137,0.027178));
#2840=CARTESIAN_POINT('',(-0.0151133518447601,0.0187963463752505,0.027178));
#2841=CARTESIAN_POINT('',(-0.0151133518447601,0.0187963463752505,0.027178));
#2842=CARTESIAN_POINT('',(-0.01511335184476,0.0187963463752505,0.027178));
#2843=CARTESIAN_POINT('',(-0.0151343844215771,0.0189706066252421,0.027178));
#2844=CARTESIAN_POINT('',(-0.0151743674013326,0.0193437318018703,0.027178));
#2845=CARTESIAN_POINT('',(-0.0152359152622771,0.0199591542065979,0.027178));
#2846=CARTESIAN_POINT('',(-0.0153073716854405,0.02060637306189,0.027178));
#2847=CARTESIAN_POINT('',(-0.0154054746255586,0.0212870262402426,0.027178));
#2848=CARTESIAN_POINT('',(-0.0155303731005313,0.0219251923509508,0.027178));
#2849=CARTESIAN_POINT('',(-0.0157116947427128,0.022698857484928,0.027178));
#2850=CARTESIAN_POINT('',(-0.0159445068366534,0.0235420151478477,0.027178));
#2851=CARTESIAN_POINT('',(-0.0161299326387599,0.0242480496363467,0.027178));
#2852=CARTESIAN_POINT('',(-0.016237111037814,0.0247696966802825,0.027178));
#2853=CARTESIAN_POINT('',(-0.0162966334224802,0.0251548316359383,0.027178));
#2854=CARTESIAN_POINT('',(-0.0163335281502441,0.0255438620578315,0.027178));
#2855=CARTESIAN_POINT('',(-0.0163481322321077,0.0259864718853761,0.027178));
#2856=CARTESIAN_POINT('',(-0.0163391810631698,0.0264700660164689,0.027178));
#2857=CARTESIAN_POINT('',(-0.0162959531071459,0.0271477528437246,0.027178));
#2858=CARTESIAN_POINT('',(-0.0161865522437164,0.028023420021365,0.027178));
#2859=CARTESIAN_POINT('',(-0.0160176551452487,0.0288534784661504,0.027178));
#2860=CARTESIAN_POINT('',(-0.0158614236300798,0.0294373229368877,0.027178));
#2861=CARTESIAN_POINT('',(-0.0157594130955829,0.0297567581494347,0.027178));
#2862=CARTESIAN_POINT('',(-0.0156797021381933,0.0299752148181271,0.027178));
#2863=CARTESIAN_POINT('',(-0.0156030087781213,0.0301663490979411,0.027178));
#2864=CARTESIAN_POINT('',(-0.0154961192994528,0.0304017265215156,0.027178));
#2865=CARTESIAN_POINT('',(-0.015336082295499,0.0307238820743738,0.027178));
#2866=CARTESIAN_POINT('',(-0.0151484578849176,0.0311062820231333,0.027178));
#2867=CARTESIAN_POINT('',(-0.0149391549653057,0.0315901545666237,0.027178));
#2868=CARTESIAN_POINT('',(-0.014748912856189,0.0321889947332084,0.027178));
#2869=CARTESIAN_POINT('',(-0.0146507465104597,0.0327710370422607,0.027178));
#2870=CARTESIAN_POINT('',(-0.014627873332701,0.0332639952690743,0.027178));
#2871=CARTESIAN_POINT('',(-0.0146377300932626,0.0336223513306329,0.027178));
#2872=CARTESIAN_POINT('',(-0.0146689007748337,0.0339677640420455,0.027178));
#2873=CARTESIAN_POINT('',(-0.0147351125913268,0.0344194221755046,0.027178));
#2874=CARTESIAN_POINT('',(-0.0148579482651426,0.0349676308821324,0.027178));
#2875=CARTESIAN_POINT('',(-0.0150592487214182,0.0356089054734416,0.027178));
#2876=CARTESIAN_POINT('',(-0.0153944052541644,0.036444427104282,0.027178));
#2877=CARTESIAN_POINT('',(-0.0159283464691168,0.0374431794502101,0.027178));
#2878=CARTESIAN_POINT('',(-0.0167904370974467,0.0385534538071134,0.027178));
#2879=CARTESIAN_POINT('',(-0.0177501340977823,0.0393152721177304,0.027178));
#2880=CARTESIAN_POINT('',(-0.0186557902171486,0.0397418326299947,0.027178));
#2881=CARTESIAN_POINT('',(-0.0193946764422106,0.0399525780455179,0.027178));
#2882=CARTESIAN_POINT('',(-0.0201616508973546,0.0400345079020485,0.027178));
#2883=CARTESIAN_POINT('',(-0.0209364097023575,0.0399868279421677,0.027178));
#2884=CARTESIAN_POINT('',(-0.0216764857109303,0.039819409640137,0.027178));
#2885=CARTESIAN_POINT('',(-0.022591105869166,0.039473969022135,0.027178));
#2886=CARTESIAN_POINT('',(-0.0234211701365772,0.0389724888701167,0.027178));
#2887=CARTESIAN_POINT('',(-0.0241672111047242,0.0383376029735655,0.027178));
#2888=CARTESIAN_POINT('',(-0.0246804877682073,0.0377952030658086,0.027178));
#2889=CARTESIAN_POINT('',(-0.0250636941228909,0.0372887809509026,0.027178));
#2890=CARTESIAN_POINT('',(-0.0253395212744121,0.0368499869149135,0.027178));
#2891=CARTESIAN_POINT('',(-0.0255931278007608,0.0363856683895383,0.027178));
#2892=CARTESIAN_POINT('',(-0.025855370196226,0.0357775465778691,0.027178));
#2893=CARTESIAN_POINT('',(-0.0260749380325608,0.0350408673744228,0.027178));
#2894=CARTESIAN_POINT('',(-0.0262124964856604,0.0343105168055318,0.027178));
#2895=CARTESIAN_POINT('',(-0.0262779873339963,0.0335853469308144,0.027178));
#2896=CARTESIAN_POINT('',(-0.0262755898200937,0.0328725880436624,0.027178));
#2897=CARTESIAN_POINT('',(-0.0262057574371649,0.0321712952697999,0.027178));
#2898=CARTESIAN_POINT('',(-0.0260899179769079,0.0316004340839883,0.027178));
#2899=CARTESIAN_POINT('',(-0.0259564455111057,0.0311479328541649,0.027178));
#2900=CARTESIAN_POINT('',(-0.0258343170356691,0.0308126817447848,0.027178));
#2901=CARTESIAN_POINT('',(-0.0256828929482344,0.0304736129122294,0.027178));
#2902=CARTESIAN_POINT('',(-0.0254547317222293,0.0300539363382046,0.027178));
#2903=CARTESIAN_POINT('',(-0.0251687146315334,0.0296407513862301,0.027178));
#2904=CARTESIAN_POINT('',(-0.0249427238587146,0.0293585851204783,0.027178));
#2905=CARTESIAN_POINT('',(-0.0248202558282106,0.0292046600777639,0.027178));
#2906=CARTESIAN_POINT('',(-0.0247807399229064,0.0291525680314263,0.027178));
#2907=CARTESIAN_POINT('',(-0.024765095771644,0.0291312734780817,0.027178));
#2908=CARTESIAN_POINT('',(-0.0247650957716429,0.0291312734780802,0.027178));
#2909=CARTESIAN_POINT('',(-0.0247650957716418,0.0291312734780801,0.027178));
#2910=CARTESIAN_POINT('',(-0.0247635293096992,0.0290847818960498,0.027178));
#2911=CARTESIAN_POINT('',(-0.0247642658828343,0.0289505793694744,0.027178));
#2912=CARTESIAN_POINT('',(-0.0247872350099701,0.0286632405783519,0.027178));
#2913=CARTESIAN_POINT('',(-0.0248326468661638,0.028306580869212,0.027178));
#2914=CARTESIAN_POINT('',(-0.0249162022091524,0.0277715173557441,0.027178));
#2915=CARTESIAN_POINT('',(-0.0250247039475729,0.0271658163415125,0.027178));
#2916=CARTESIAN_POINT('',(-0.0251299336641413,0.0265209551187623,0.027178));
#2917=CARTESIAN_POINT('',(-0.0251991349361439,0.0260207672353961,0.027178));
#2918=CARTESIAN_POINT('',(-0.025250481953456,0.0254947217396597,0.027178));
#2919=CARTESIAN_POINT('',(-0.025266713327648,0.0249496477834215,0.027178));
#2920=CARTESIAN_POINT('',(-0.0252449806873873,0.0244513225920166,0.027178));
#2921=CARTESIAN_POINT('',(-0.0251824448490376,0.0238438520695442,0.027178));
#2922=CARTESIAN_POINT('',(-0.0250700379225138,0.023201775101121,0.027178));
#2923=CARTESIAN_POINT('',(-0.024975286321432,0.022681459084794,0.027178));
#2924=CARTESIAN_POINT('',(-0.0249171938411562,0.0222558909985456,0.027178));
#2925=CARTESIAN_POINT('',(-0.0248835399961523,0.0219137071139421,0.027178));
#2926=CARTESIAN_POINT('',(-0.0248627947329231,0.0215305168974522,0.027178));
#2927=CARTESIAN_POINT('',(-0.0248577073870151,0.0210678673559459,0.027178));
#2928=CARTESIAN_POINT('',(-0.0248692534513218,0.0205463309549238,0.027178));
#2929=CARTESIAN_POINT('',(-0.0249072431161068,0.0197910415316235,0.027178));
#2930=CARTESIAN_POINT('',(-0.024995741230639,0.0187683214272669,0.027178));
#2931=CARTESIAN_POINT('',(-0.0251605377154055,0.0175131250563885,0.027178));
#2932=CARTESIAN_POINT('',(-0.025374281623084,0.0163220596158049,0.027178));
#2933=CARTESIAN_POINT('',(-0.0256216671234124,0.0152942850711563,0.027178));
#2934=CARTESIAN_POINT('',(-0.0257905265411762,0.0147992094983417,0.027178));
#2935=CARTESIAN_POINT('',(-0.0258595830072723,0.0146312528295241,0.027178));
#2936=CARTESIAN_POINT('',(-0.0258595830072723,0.0146312528295241,0.027178));
#2937=CARTESIAN_POINT('',(-0.0258595830072034,0.0146312528292342,0.027178));
#2938=CARTESIAN_POINT('',(-0.0259181499009958,0.0146173262630002,0.027178));
#2939=CARTESIAN_POINT('',(-0.0260518624398732,0.0145859612608571,0.027178));
#2940=CARTESIAN_POINT('',(-0.026301616634637,0.0145244710655419,0.027178));
#2941=CARTESIAN_POINT('',(-0.0265863049405317,0.0144467298025315,0.027178));
#2942=CARTESIAN_POINT('',(-0.0268768913281037,0.0143589685979614,0.027178));
#2943=CARTESIAN_POINT('',(-0.0271757431203474,0.014261295915132,0.027178));
#2944=CARTESIAN_POINT('',(-0.0275860147092468,0.0141174664961749,0.027178));
#2945=CARTESIAN_POINT('',(-0.0281184977092083,0.013912791215445,0.027178));
#2946=CARTESIAN_POINT('',(-0.0287830869424293,0.0136277771210305,0.027178));
#2947=CARTESIAN_POINT('',(-0.0294648793917527,0.0133035703762031,0.027178));
#2948=CARTESIAN_POINT('',(-0.0301542565146844,0.0129404145633287,0.027178));
#2949=CARTESIAN_POINT('',(-0.0308421714834093,0.012537220736283,0.027178));
#2950=CARTESIAN_POINT('',(-0.0315191870518819,0.0120922631557812,0.027178));
#2951=CARTESIAN_POINT('',(-0.032175868355432,0.0116012040244435,0.027178));
#2952=CARTESIAN_POINT('',(-0.0326982230859947,0.0111482418133238,0.027178));
#2953=CARTESIAN_POINT('',(-0.0330965469962783,0.010753251344351,0.027178));
#2954=CARTESIAN_POINT('',(-0.0333829820906374,0.010438390958472,0.027178));
#2955=CARTESIAN_POINT('',(-0.0336427384318555,0.0101210393566855,0.027178));
#2956=CARTESIAN_POINT('',(-0.0339529049389029,0.00970380456718081,0.027178));
#2957=CARTESIAN_POINT('',(-0.0342824621510581,0.00919686483441081,0.027178));
#2958=CARTESIAN_POINT('',(-0.0346020546695756,0.00863765098697505,0.027178));
#2959=CARTESIAN_POINT('',(-0.0348660401300427,0.00814591003413197,0.027178));
#2960=CARTESIAN_POINT('',(-0.0350885082044216,0.00773459620150465,0.027178));
#2961=CARTESIAN_POINT('',(-0.035275280086919,0.00742137965562548,0.027178));
#2962=CARTESIAN_POINT('',(-0.0354021160388683,0.00724332682281477,0.027178));
#2963=CARTESIAN_POINT('',(-0.0354819867126309,0.00714861206234178,0.027178));
#2964=CARTESIAN_POINT('',(-0.0355328882306752,0.0070960972660562,0.027178));
#2965=CARTESIAN_POINT('',(-0.035572410347173,0.0070610113136133,0.027178));
#2966=CARTESIAN_POINT('',(-0.0356127516798058,0.00703017619928149,0.027178));
#2967=CARTESIAN_POINT('',(-0.0356809710773122,0.00698581800156037,0.027178));
#2968=CARTESIAN_POINT('',(-0.0358018395029621,0.00691920062538108,0.027178));
#2969=CARTESIAN_POINT('',(-0.0360157839481718,0.00682415170023839,0.027178));
#2970=CARTESIAN_POINT('',(-0.0363623215313437,0.00670907370328095,0.027178));
#2971=CARTESIAN_POINT('',(-0.0367857488713971,0.00660163311375414,0.027178));
#2972=CARTESIAN_POINT('',(-0.0372710057543168,0.00650440654657292,0.027178));
#2973=CARTESIAN_POINT('',(-0.0378038207370573,0.00641722819944649,0.027178));
#2974=CARTESIAN_POINT('',(-0.0383724915260851,0.00633659196124359,0.027178));
#2975=CARTESIAN_POINT('',(-0.0389689131506216,0.00625735089512103,0.027178));
#2976=CARTESIAN_POINT('',(-0.0397902605875343,0.00614340332134402,0.027178));
#2977=CARTESIAN_POINT('',(-0.0408198104229095,0.00597425395810816,0.027178));
#2978=CARTESIAN_POINT('',(-0.0419954999103675,0.0057081360292739,0.027178));
#2979=CARTESIAN_POINT('',(-0.0429408446073542,0.00540976860495077,0.027178));
#2980=CARTESIAN_POINT('',(-0.0436738104570163,0.0051005964892356,0.027178));
#2981=CARTESIAN_POINT('',(-0.0442113100839391,0.00482441155508024,0.027178));
#2982=CARTESIAN_POINT('',(-0.0447355858903671,0.0044941072665837,0.027178));
#2983=CARTESIAN_POINT('',(-0.0452649111016111,0.00407005130630351,0.027178));
#2984=CARTESIAN_POINT('',(-0.0457669717227994,0.00352839956981859,0.027178));
#2985=CARTESIAN_POINT('',(-0.0461915265405916,0.00287355426929311,0.027178));
#2986=CARTESIAN_POINT('',(-0.0464979480979947,0.00213787236420932,0.027178));
#2987=CARTESIAN_POINT('',(-0.0466761617929929,0.00136822805490019,0.027178));
#2988=CARTESIAN_POINT('',(-0.0467404633860449,0.000578423983956852,0.027178));
#2989=CARTESIAN_POINT('',(-0.0467146860170038,-0.000201361754672504,0.027178));
#2990=CARTESIAN_POINT('',(-0.0466243375509621,-0.00097964424243611,0.027178));
#2991=CARTESIAN_POINT('',(-0.0464402136139524,-0.00202977099229408,0.027178));
#2992=CARTESIAN_POINT('',(-0.0461104467121753,-0.00339226799684095,0.027178));
#2993=CARTESIAN_POINT('',(-0.0456094377647238,-0.00507730771404952,0.027178));
#2994=CARTESIAN_POINT('',(-0.0450506349117825,-0.00676514315604637,0.027178));
#2995=CARTESIAN_POINT('',(-0.0444828302550451,-0.00838991628088508,0.027178));
#2996=CARTESIAN_POINT('',(-0.0439541548835903,-0.00988368901887388,0.027178));
#2997=CARTESIAN_POINT('',(-0.0435218853472415,-0.0111507559123312,0.027178));
#2998=CARTESIAN_POINT('',(-0.0432145451458395,-0.0122054686577136,0.027178));
#2999=CARTESIAN_POINT('',(-0.0430385267510486,-0.0130873954330843,0.027178));
#3000=CARTESIAN_POINT('',(-0.0429910247253578,-0.0137293258834119,0.027178));
#3001=CARTESIAN_POINT('',(-0.0430097454749315,-0.0142457779205616,0.027178));
#3002=CARTESIAN_POINT('',(-0.0430541345749922,-0.0146451394676556,0.027178));
#3003=CARTESIAN_POINT('',(-0.0431365558266451,-0.0150885748861769,0.027178));
#3004=CARTESIAN_POINT('',(-0.0432624803251523,-0.0156038677102866,0.027178));
#3005=CARTESIAN_POINT('',(-0.0434246942091036,-0.0161717513043842,0.027178));
#3006=CARTESIAN_POINT('',(-0.0436807969909169,-0.0169964033730324,0.027178));
#3007=CARTESIAN_POINT('',(-0.0440538565413244,-0.0181383692106174,0.027178));
#3008=CARTESIAN_POINT('',(-0.0445100248729712,-0.0196671213137378,0.027178));
#3009=CARTESIAN_POINT('',(-0.0448264832038095,-0.0210692137510992,0.027178));
#3010=CARTESIAN_POINT('',(-0.0449931080511409,-0.0222647132911157,0.027178));
#3011=CARTESIAN_POINT('',(-0.0450620842278317,-0.0232016028201573,0.027178));
#3012=CARTESIAN_POINT('',(-0.0450588086263528,-0.024161301892774,0.027178));
#3013=CARTESIAN_POINT('',(-0.0449888058941252,-0.0251034858190286,0.027178));
#3014=CARTESIAN_POINT('',(-0.0448627296835859,-0.0260288705811548,0.027178));
#3015=CARTESIAN_POINT('',(-0.044631488933383,-0.0272398087243768,0.027178));
#3016=CARTESIAN_POINT('',(-0.0442433233000172,-0.0287026936599876,0.027178));
#3017=CARTESIAN_POINT('',(-0.0436757298673228,-0.0303570023615011,0.027178));
#3018=CARTESIAN_POINT('',(-0.0430577412139557,-0.0318842821458812,0.027178));
#3019=CARTESIAN_POINT('',(-0.0424392764705153,-0.0332573143601276,0.027178));
#3020=CARTESIAN_POINT('',(-0.0418703110301865,-0.0344378155742615,0.027178));
#3021=CARTESIAN_POINT('',(-0.0414177522754025,-0.0353749804901662,0.027178));
#3022=CARTESIAN_POINT('',(-0.0411146450176091,-0.036102089406712,0.027178));
#3023=CARTESIAN_POINT('',(-0.0409808757696824,-0.0365650645631741,0.027178));
#3024=CARTESIAN_POINT('',(-0.040923236142679,-0.0369086778371262,0.027178));
#3025=CARTESIAN_POINT('',(-0.0409016097878689,-0.0371741828389816,0.027178));
#3026=CARTESIAN_POINT('',(-0.0409022358771507,-0.0374907136270088,0.027178));
#3027=CARTESIAN_POINT('',(-0.0409377818135847,-0.0379769164849053,0.027178));
#3028=CARTESIAN_POINT('',(-0.0410525099314128,-0.0386835600057931,0.027178));
#3029=CARTESIAN_POINT('',(-0.0413005525659298,-0.0396504886804756,0.027178));
#3030=CARTESIAN_POINT('',(-0.0416453832738329,-0.0406986197650398,0.027178));
#3031=CARTESIAN_POINT('',(-0.0422081391846358,-0.0421617871137048,0.027178));
#3032=CARTESIAN_POINT('',(-0.0430618350375587,-0.0440583530017095,0.027178));
#3033=CARTESIAN_POINT('',(-0.0440542166111966,-0.0460262907394596,0.027178));
#3034=CARTESIAN_POINT('',(-0.0448919933511878,-0.0476387852708243,0.027178));
#3035=CARTESIAN_POINT('',(-0.0457418937051354,-0.049269304510604,0.027178));
#3036=CARTESIAN_POINT('',(-0.0463771362899196,-0.0504893625207607,0.027178));
#3037=CARTESIAN_POINT('',(-0.0468011344627062,-0.0513033774972432,0.027178));
#3038=CARTESIAN_POINT('',(-0.00172289442052566,-0.0513033774972432,0.027178));
#3039=CARTESIAN_POINT('',(0.0433044964541245,-0.0513033774972432,0.027178));
#3040=CARTESIAN_POINT('',(-0.0468011344627062,-0.0513033774972432,0.027178));
#3041=CARTESIAN_POINT('',(0.0433044964541245,-0.0513033774972432,0.027178));
#3042=CARTESIAN_POINT('',(0.0433044964541245,-0.0513033774972432,0.0255778));
#3043=CARTESIAN_POINT('',(0.0430351288960568,-0.0507714635971039,0.027178));
#3044=CARTESIAN_POINT('',(0.0430351288960568,-0.0507714635971039,0.0255778));
#3045=CARTESIAN_POINT('',(0.0424951413825505,-0.0497043814673226,0.027178));
#3046=CARTESIAN_POINT('',(0.0424951413825505,-0.0497043814673226,0.0255778));
#3047=CARTESIAN_POINT('',(0.0416926744965159,-0.0481232842496675,0.027178));
#3048=CARTESIAN_POINT('',(0.0416926744965159,-0.0481232842496675,0.0255778));
#3049=CARTESIAN_POINT('',(0.0408648502683636,-0.0464758192945557,0.027178));
#3050=CARTESIAN_POINT('',(0.0408648502683636,-0.0464758192945557,0.0255778));
#3051=CARTESIAN_POINT('',(0.0397669422727038,-0.0446402278953334,0.027178));
#3052=CARTESIAN_POINT('',(0.0397669422727038,-0.0446402278953334,0.0255778));
#3053=CARTESIAN_POINT('',(0.038491265650482,-0.0430473396405197,0.027178));
#3054=CARTESIAN_POINT('',(0.038491265650482,-0.0430473396405197,0.0255778));
#3055=CARTESIAN_POINT('',(0.0371899388427089,-0.0417633632158112,0.027178));
#3056=CARTESIAN_POINT('',(0.0371899388427089,-0.0417633632158112,0.0255778));
#3057=CARTESIAN_POINT('',(0.0356703696509651,-0.0404770113981274,0.027178));
#3058=CARTESIAN_POINT('',(0.0356703696509651,-0.0404770113981274,0.0255778));
#3059=CARTESIAN_POINT('',(0.0335758383214204,-0.0389665823022717,0.027178));
#3060=CARTESIAN_POINT('',(0.0335758383214204,-0.0389665823022717,0.0255778));
#3061=CARTESIAN_POINT('',(0.0320087113508594,-0.0378753009291434,0.027178));
#3062=CARTESIAN_POINT('',(0.0320087113508594,-0.0378753009291434,0.0255778));
#3063=CARTESIAN_POINT('',(0.0313575966812417,-0.0373954774832899,0.027178));
#3064=CARTESIAN_POINT('',(0.0313575966812417,-0.0373954774832899,0.0255778));
#3065=CARTESIAN_POINT('',(0.0313575966812418,-0.03739547748329,0.027178));
#3066=CARTESIAN_POINT('',(0.0313575966812418,-0.0373954774832899,0.027178));
#3067=CARTESIAN_POINT('',(0.0313575966812418,-0.0373954774832899,0.0255778));
#3068=CARTESIAN_POINT('',(0.0316115593081831,-0.0372145207753261,0.027178));
#3069=CARTESIAN_POINT('',(0.0316115593081831,-0.0372145207753261,0.0255778));
#3070=CARTESIAN_POINT('',(0.0321112303575522,-0.0367856241693281,0.027178));
#3071=CARTESIAN_POINT('',(0.0321112303575522,-0.0367856241693281,0.0255778));
#3072=CARTESIAN_POINT('',(0.0328802608539724,-0.0358556197534892,0.027178));
#3073=CARTESIAN_POINT('',(0.0328802608539724,-0.0358556197534892,0.0255778));
#3074=CARTESIAN_POINT('',(0.0335400157269339,-0.0346138606359889,0.027178));
#3075=CARTESIAN_POINT('',(0.0335400157269339,-0.0346138606359889,0.0255778));
#3076=CARTESIAN_POINT('',(0.034032095963243,-0.0331395806538202,0.027178));
#3077=CARTESIAN_POINT('',(0.034032095963243,-0.0331395806538202,0.0255778));
#3078=CARTESIAN_POINT('',(0.034460370364729,-0.0312537571278082,0.027178));
#3079=CARTESIAN_POINT('',(0.034460370364729,-0.0312537571278082,0.0255778));
#3080=CARTESIAN_POINT('',(0.0348056650510838,-0.0292614122381859,0.027178));
#3081=CARTESIAN_POINT('',(0.0348056650510838,-0.0292614122381859,0.0255778));
#3082=CARTESIAN_POINT('',(0.0351312126973368,-0.0268426635444413,0.027178));
#3083=CARTESIAN_POINT('',(0.0351312126973368,-0.0268426635444413,0.0255778));
#3084=CARTESIAN_POINT('',(0.0354057946283207,-0.0240499881716027,0.027178));
#3085=CARTESIAN_POINT('',(0.0354057946283207,-0.0240499881716027,0.0255778));
#3086=CARTESIAN_POINT('',(0.035605655205263,-0.0206304089127969,0.027178));
#3087=CARTESIAN_POINT('',(0.035605655205263,-0.0206304089127969,0.0255778));
#3088=CARTESIAN_POINT('',(0.0355320939475945,-0.0175705138790679,0.027178));
#3089=CARTESIAN_POINT('',(0.0355320939475945,-0.0175705138790679,0.0255778));
#3090=CARTESIAN_POINT('',(0.0352258871617975,-0.0150714443438799,0.027178));
#3091=CARTESIAN_POINT('',(0.0352258871617975,-0.0150714443438799,0.0255778));
#3092=CARTESIAN_POINT('',(0.0348459396473339,-0.0132662503772676,0.027178));
#3093=CARTESIAN_POINT('',(0.0348459396473339,-0.0132662503772676,0.0255778));
#3094=CARTESIAN_POINT('',(0.034439903138668,-0.011679712849852,0.027178));
#3095=CARTESIAN_POINT('',(0.034439903138668,-0.011679712849852,0.0255778));
#3096=CARTESIAN_POINT('',(0.0341114490821444,-0.0103256925619129,0.027178));
#3097=CARTESIAN_POINT('',(0.0341114490821444,-0.0103256925619129,0.0255778));
#3098=CARTESIAN_POINT('',(0.0339494095877999,-0.00930248346539024,0.027178));
#3099=CARTESIAN_POINT('',(0.0339494095877999,-0.00930248346539024,0.0255778));
#3100=CARTESIAN_POINT('',(0.0339923056656187,-0.00886147018001006,0.027178));
#3101=CARTESIAN_POINT('',(0.0339923056656187,-0.00886147018001006,0.0255778));
#3102=CARTESIAN_POINT('',(0.0340011568853335,-0.00885128787398794,0.027178));
#3103=CARTESIAN_POINT('',(0.0340011568853335,-0.00885128787398794,0.0255778));
#3104=CARTESIAN_POINT('',(0.0340441135439983,-0.0087465105726794,0.027178));
#3105=CARTESIAN_POINT('',(0.0340441135439983,-0.0087465105726794,0.0255778));
#3106=CARTESIAN_POINT('',(0.0343411836131379,-0.00835808071981134,0.027178));
#3107=CARTESIAN_POINT('',(0.0343411836131379,-0.00835808071981134,0.0255778));
#3108=CARTESIAN_POINT('',(0.0351424705820255,-0.00752920792977217,0.027178));
#3109=CARTESIAN_POINT('',(0.0351424705820255,-0.00752920792977217,0.0255778));
#3110=CARTESIAN_POINT('',(0.0361603585279804,-0.00627597504082032,0.027178));
#3111=CARTESIAN_POINT('',(0.0361603585279804,-0.00627597504082032,0.0255778));
#3112=CARTESIAN_POINT('',(0.0370256196344242,-0.00451859298773927,0.027178));
#3113=CARTESIAN_POINT('',(0.0370256196344242,-0.00451859298773927,0.0255778));
#3114=CARTESIAN_POINT('',(0.0375398516186226,-0.00265061618790167,0.027178));
#3115=CARTESIAN_POINT('',(0.0375398516186226,-0.00265061618790167,0.0255778));
#3116=CARTESIAN_POINT('',(0.0377082313100972,-0.00101591828441184,0.027178));
#3117=CARTESIAN_POINT('',(0.0377082313100972,-0.00101591828441184,0.0255778));
#3118=CARTESIAN_POINT('',(0.0376036323974949,0.000317274639840582,0.027178));
#3119=CARTESIAN_POINT('',(0.0376036323974949,0.000317274639840582,0.0255778));
#3120=CARTESIAN_POINT('',(0.0373569195198631,0.00134337708274756,0.027178));
#3121=CARTESIAN_POINT('',(0.0373569195198631,0.00134337708274756,0.0255778));
#3122=CARTESIAN_POINT('',(0.0368526130611589,0.00239032533826198,0.027178));
#3123=CARTESIAN_POINT('',(0.0368526130611589,0.00239032533826198,0.0255778));
#3124=CARTESIAN_POINT('',(0.0360852229953428,0.00320892348515596,0.027178));
#3125=CARTESIAN_POINT('',(0.0360852229953428,0.00320892348515596,0.0255778));
#3126=CARTESIAN_POINT('',(0.0352869196126341,0.00367129613415704,0.027178));
#3127=CARTESIAN_POINT('',(0.0352869196126341,0.00367129613415704,0.0255778));
#3128=CARTESIAN_POINT('',(0.0345186105262437,0.00395546456379626,0.027178));
#3129=CARTESIAN_POINT('',(0.0345186105262437,0.00395546456379626,0.0255778));
#3130=CARTESIAN_POINT('',(0.0336348006086289,0.00409199870007174,0.027178));
#3131=CARTESIAN_POINT('',(0.0336348006086289,0.00409199870007174,0.0255778));
#3132=CARTESIAN_POINT('',(0.0326989528747735,0.00408642671190062,0.027178));
#3133=CARTESIAN_POINT('',(0.0326989528747735,0.00408642671190062,0.0255778));
#3134=CARTESIAN_POINT('',(0.0315698912107583,0.00397467916233266,0.027178));
#3135=CARTESIAN_POINT('',(0.0315698912107583,0.00397467916233266,0.0255778));
#3136=CARTESIAN_POINT('',(0.0308414040439914,0.0038476516480178,0.027178));
#3137=CARTESIAN_POINT('',(0.0308414040439914,0.0038476516480178,0.0255778));
#3138=CARTESIAN_POINT('',(0.0304500075060315,0.00379036762620151,0.027178));
#3139=CARTESIAN_POINT('',(0.0304500075060315,0.00379036762620151,0.0255778));
#3140=CARTESIAN_POINT('',(0.0304500075060315,0.00379036762620151,0.027178));
#3141=CARTESIAN_POINT('',(0.0304500075060316,0.00379036762620149,0.027178));
#3142=CARTESIAN_POINT('',(0.0304500075060316,0.00379036762620149,0.0255778000000002));
#3143=CARTESIAN_POINT('',(0.0303408230246432,0.00409839450116995,0.027178));
#3144=CARTESIAN_POINT('',(0.0303408230246432,0.00409839450116995,0.0255778000000002));
#3145=CARTESIAN_POINT('',(0.0300519036769454,0.00484167727505631,0.027178));
#3146=CARTESIAN_POINT('',(0.0300519036769454,0.00484167727505631,0.0255778000000002));
#3147=CARTESIAN_POINT('',(0.0291842141919107,0.00615761612448611,0.027178));
#3148=CARTESIAN_POINT('',(0.0291842141919107,0.00615761612448611,0.0255778000000002));
#3149=CARTESIAN_POINT('',(0.0280342773695375,0.00728389257395213,0.027178));
#3150=CARTESIAN_POINT('',(0.0280342773695375,0.00728389257395213,0.0255778000000002));
#3151=CARTESIAN_POINT('',(0.0262705478849244,0.00867741079307979,0.027178));
#3152=CARTESIAN_POINT('',(0.0262705478849244,0.00867741079307979,0.0255778000000002));
#3153=CARTESIAN_POINT('',(0.023649260259416,0.0103507490386257,0.027178));
#3154=CARTESIAN_POINT('',(0.023649260259416,0.0103507490386257,0.0255778000000002));
#3155=CARTESIAN_POINT('',(0.0202055872307267,0.0122995664013945,0.027178));
#3156=CARTESIAN_POINT('',(0.0202055872307267,0.0122995664013945,0.0255778000000002));
#3157=CARTESIAN_POINT('',(0.0168964727341316,0.0141311536226692,0.027178));
#3158=CARTESIAN_POINT('',(0.0168964727341316,0.0141311536226692,0.0255778000000002));
#3159=CARTESIAN_POINT('',(0.0146593635479283,0.0154805993724117,0.027178));
#3160=CARTESIAN_POINT('',(0.0146593635479283,0.0154805993724117,0.0255778000000002));
#3161=CARTESIAN_POINT('',(0.0134708148105653,0.0163574800029415,0.027178));
#3162=CARTESIAN_POINT('',(0.0134708148105653,0.0163574800029415,0.0255778000000002));
#3163=CARTESIAN_POINT('',(0.0130419504805847,0.0167806937179783,0.027178));
#3164=CARTESIAN_POINT('',(0.0130419504805847,0.0167806937179783,0.0255778000000002));
#3165=CARTESIAN_POINT('',(0.0129379845621772,0.0169658129894539,0.027178));
#3166=CARTESIAN_POINT('',(0.0129379845621772,0.0169658129894539,0.0255778000000002));
#3167=CARTESIAN_POINT('',(0.0129313622707016,0.0169825803826368,0.027178));
#3168=CARTESIAN_POINT('',(0.0129313622707016,0.0169825803826368,0.0255778000000002));
#3169=CARTESIAN_POINT('',(0.0128920896876529,0.01716860509809,0.027178));
#3170=CARTESIAN_POINT('',(0.0128920896876529,0.01716860509809,0.0255778000000002));
#3171=CARTESIAN_POINT('',(0.012875225973201,0.017581327848785,0.027178));
#3172=CARTESIAN_POINT('',(0.012875225973201,0.017581327848785,0.0255778000000002));
#3173=CARTESIAN_POINT('',(0.0128408212696236,0.0180635222325088,0.027178));
#3174=CARTESIAN_POINT('',(0.0128408212696236,0.0180635222325088,0.0255778000000002));
#3175=CARTESIAN_POINT('',(0.0127939014025778,0.0185194244339012,0.027178));
#3176=CARTESIAN_POINT('',(0.0127939014025778,0.0185194244339012,0.0255778000000002));
#3177=CARTESIAN_POINT('',(0.0127168936148087,0.0190953072216979,0.027178));
#3178=CARTESIAN_POINT('',(0.0127168936148087,0.0190953072216979,0.0255778000000002));
#3179=CARTESIAN_POINT('',(0.0126033588774655,0.0198140061806752,0.027178));
#3180=CARTESIAN_POINT('',(0.0126033588774655,0.0198140061806752,0.0255778000000002));
#3181=CARTESIAN_POINT('',(0.0124297844302833,0.0208721780328636,0.027178));
#3182=CARTESIAN_POINT('',(0.0124297844302833,0.0208721780328636,0.0255778000000002));
#3183=CARTESIAN_POINT('',(0.0121770202407776,0.0224912383607127,0.027178));
#3184=CARTESIAN_POINT('',(0.0121770202407776,0.0224912383607127,0.0255778000000002));
#3185=CARTESIAN_POINT('',(0.0118390905184719,0.0252068210083276,0.027178));
#3186=CARTESIAN_POINT('',(0.0118390905184719,0.0252068210083276,0.0255778000000002));
#3187=CARTESIAN_POINT('',(0.0115603936296562,0.0281914424450004,0.027178));
#3188=CARTESIAN_POINT('',(0.0115603936296562,0.0281914424450004,0.0255778000000002));
#3189=CARTESIAN_POINT('',(0.0114227927496681,0.0309417484298826,0.027178));
#3190=CARTESIAN_POINT('',(0.0114227927496681,0.0309417484298826,0.0255778000000002));
#3191=CARTESIAN_POINT('',(0.0114922698159717,0.0322668998773322,0.027178));
#3192=CARTESIAN_POINT('',(0.0114922698159717,0.0322668998773322,0.0255778000000002));
#3193=CARTESIAN_POINT('',(0.0115449310166783,0.0326171852832161,0.027178));
#3194=CARTESIAN_POINT('',(0.0115449310166783,0.0326171852832161,0.0255778000000002));
#3195=CARTESIAN_POINT('',(0.0115449310166783,0.0326171852832161,0.027178));
#3196=CARTESIAN_POINT('',(0.0115449310166779,0.0326171852832166,0.027178));
#3197=CARTESIAN_POINT('',(0.0115449310166779,0.0326171852832166,0.0255778));
#3198=CARTESIAN_POINT('',(0.011684101620708,0.0327311087151791,0.027178));
#3199=CARTESIAN_POINT('',(0.011684101620708,0.0327311087151791,0.0255778));
#3200=CARTESIAN_POINT('',(0.0119766609280635,0.0329933683574905,0.027178));
#3201=CARTESIAN_POINT('',(0.0119766609280635,0.0329933683574905,0.0255778));
#3202=CARTESIAN_POINT('',(0.0123329930105854,0.0334725167628168,0.027178));
#3203=CARTESIAN_POINT('',(0.0123329930105854,0.0334725167628168,0.0255778));
#3204=CARTESIAN_POINT('',(0.0126016275605259,0.0339254192302095,0.027178));
#3205=CARTESIAN_POINT('',(0.0126016275605259,0.0339254192302095,0.0255778));
#3206=CARTESIAN_POINT('',(0.0128577800081943,0.0345026150979164,0.027178));
#3207=CARTESIAN_POINT('',(0.0128577800081943,0.0345026150979164,0.0255778));
#3208=CARTESIAN_POINT('',(0.0131483197127881,0.0354679051025921,0.027178));
#3209=CARTESIAN_POINT('',(0.0131483197127881,0.0354679051025921,0.0255778));
#3210=CARTESIAN_POINT('',(0.013283046995906,0.0365320873028875,0.027178));
#3211=CARTESIAN_POINT('',(0.013283046995906,0.0365320873028875,0.0255778));
#3212=CARTESIAN_POINT('',(0.0131813852779668,0.0376980732047942,0.027178));
#3213=CARTESIAN_POINT('',(0.0131813852779668,0.0376980732047942,0.0255778));
#3214=CARTESIAN_POINT('',(0.0129058610421966,0.0386585202352056,0.027178));
#3215=CARTESIAN_POINT('',(0.0129058610421966,0.0386585202352056,0.0255778));
#3216=CARTESIAN_POINT('',(0.0123984609188329,0.0395448090465096,0.027178));
#3217=CARTESIAN_POINT('',(0.0123984609188329,0.0395448090465096,0.0255778));
#3218=CARTESIAN_POINT('',(0.0115458603664367,0.0404686878466117,0.027178));
#3219=CARTESIAN_POINT('',(0.0115458603664367,0.0404686878466117,0.0255778));
#3220=CARTESIAN_POINT('',(0.0102807295347962,0.0412197654294485,0.027178));
#3221=CARTESIAN_POINT('',(0.0102807295347962,0.0412197654294485,0.0255778));
#3222=CARTESIAN_POINT('',(0.00866835387279966,0.0416133128325842,0.027178));
#3223=CARTESIAN_POINT('',(0.00866835387279966,0.0416133128325842,0.0255778));
#3224=CARTESIAN_POINT('',(0.0070208857351711,0.0415712744736593,0.027178));
#3225=CARTESIAN_POINT('',(0.0070208857351711,0.0415712744736593,0.0255778));
#3226=CARTESIAN_POINT('',(0.00546893184315635,0.041111909828574,0.027178));
#3227=CARTESIAN_POINT('',(0.00546893184315635,0.041111909828574,0.0255778));
#3228=CARTESIAN_POINT('',(0.00406649390471402,0.04026762863614,0.027178));
#3229=CARTESIAN_POINT('',(0.00406649390471402,0.04026762863614,0.0255778));
#3230=CARTESIAN_POINT('',(0.00289648480804748,0.0389521517608959,0.027178));
#3231=CARTESIAN_POINT('',(0.00289648480804748,0.0389521517608959,0.0255778));
#3232=CARTESIAN_POINT('',(0.00223909652701127,0.0373833921215517,0.027178));
#3233=CARTESIAN_POINT('',(0.00223909652701127,0.0373833921215517,0.0255778));
#3234=CARTESIAN_POINT('',(0.00207955716152998,0.0360203710963222,0.027178));
#3235=CARTESIAN_POINT('',(0.00207955716152998,0.0360203710963222,0.0255778));
#3236=CARTESIAN_POINT('',(0.00223624155131382,0.0348750989612043,0.027178));
#3237=CARTESIAN_POINT('',(0.00223624155131382,0.0348750989612043,0.0255778));
#3238=CARTESIAN_POINT('',(0.00254753792664598,0.0339815421625309,0.027178));
#3239=CARTESIAN_POINT('',(0.00254753792664598,0.0339815421625309,0.0255778));
#3240=CARTESIAN_POINT('',(0.00312240034193048,0.0331533483334875,0.027178));
#3241=CARTESIAN_POINT('',(0.00312240034193048,0.0331533483334875,0.0255778));
#3242=CARTESIAN_POINT('',(0.00366797468946653,0.0326526923054988,0.027178));
#3243=CARTESIAN_POINT('',(0.00366797468946653,0.0326526923054988,0.0255778));
#3244=CARTESIAN_POINT('',(0.00410407081559506,0.0323195771506431,0.027178));
#3245=CARTESIAN_POINT('',(0.00410407081559506,0.0323195771506431,0.0255778));
#3246=CARTESIAN_POINT('',(0.00428992999723446,0.0321817670651614,0.027178));
#3247=CARTESIAN_POINT('',(0.00428992999723446,0.0321817670651614,0.0255778));
#3248=CARTESIAN_POINT('',(0.00435494107270763,0.0321302200372717,0.027178));
#3249=CARTESIAN_POINT('',(0.00435494107270763,0.0321302200372717,0.0255778));
#3250=CARTESIAN_POINT('',(0.00435494107270761,0.0321302200372717,0.027178));
#3251=CARTESIAN_POINT('',(0.00435494107182554,0.0321302200371879,0.027178));
#3252=CARTESIAN_POINT('',(0.00435494107182554,0.0321302200371879,0.0255778));
#3253=CARTESIAN_POINT('',(0.00437955832907473,0.0318710106988326,0.027178));
#3254=CARTESIAN_POINT('',(0.00437955832907473,0.0318710106988326,0.0255778));
#3255=CARTESIAN_POINT('',(0.00432339638459325,0.0308936572899625,0.027178));
#3256=CARTESIAN_POINT('',(0.00432339638459325,0.0308936572899625,0.0255778));
#3257=CARTESIAN_POINT('',(0.00406844360775922,0.0288975609533148,0.027178));
#3258=CARTESIAN_POINT('',(0.00406844360775922,0.0288975609533148,0.0255778));
#3259=CARTESIAN_POINT('',(0.00388318755571272,0.0270582603580202,0.027178));
#3260=CARTESIAN_POINT('',(0.00388318755571272,0.0270582603580202,0.0255778));
#3261=CARTESIAN_POINT('',(0.00377449570075168,0.0249888232924666,0.027178));
#3262=CARTESIAN_POINT('',(0.00377449570075168,0.0249888232924666,0.0255778));
#3263=CARTESIAN_POINT('',(0.00369133414457992,0.022160586092005,0.027178));
#3264=CARTESIAN_POINT('',(0.00369133414457992,0.022160586092005,0.0255778));
#3265=CARTESIAN_POINT('',(0.00365289978067469,0.0201212260004461,0.027178));
#3266=CARTESIAN_POINT('',(0.00365289978067469,0.0201212260004461,0.0255778));
#3267=CARTESIAN_POINT('',(0.00360395876970558,0.0190036838999888,0.027178));
#3268=CARTESIAN_POINT('',(0.00360395876970558,0.0190036838999888,0.0255778));
#3269=CARTESIAN_POINT('',(0.00360395876970558,0.0190036838999889,0.027178));
#3270=CARTESIAN_POINT('',(0.00360395876970557,0.0190036838999888,0.027178));
#3271=CARTESIAN_POINT('',(0.00360395876970557,0.0190036838999888,0.0255778));
#3272=CARTESIAN_POINT('',(0.00283136501207216,0.0192046772625634,0.027178));
#3273=CARTESIAN_POINT('',(0.00283136501207216,0.0192046772625634,0.0255778));
#3274=CARTESIAN_POINT('',(0.00126207821890707,0.0194023606142202,0.027178));
#3275=CARTESIAN_POINT('',(0.00126207821890707,0.0194023606142202,0.0255778));
#3276=CARTESIAN_POINT('',(-0.00122832770880224,0.0194690911411765,0.027178));
#3277=CARTESIAN_POINT('',(-0.00122832770880224,0.0194690911411765,0.0255778));
#3278=CARTESIAN_POINT('',(-0.00373166777942013,0.0194657838662401,0.027178));
#3279=CARTESIAN_POINT('',(-0.00373166777942013,0.0194657838662401,0.0255778));
#3280=CARTESIAN_POINT('',(-0.00603528413713141,0.0195624240421324,0.027178));
#3281=CARTESIAN_POINT('',(-0.00603528413713141,0.0195624240421324,0.0255778));
#3282=CARTESIAN_POINT('',(-0.00836073503726035,0.0197111894797468,0.027178));
#3283=CARTESIAN_POINT('',(-0.00836073503726035,0.0197111894797468,0.0255778));
#3284=CARTESIAN_POINT('',(-0.010676480082516,0.0197522820760652,0.027178));
#3285=CARTESIAN_POINT('',(-0.010676480082516,0.0197522820760652,0.0255778));
#3286=CARTESIAN_POINT('',(-0.0126305930339067,0.0195635302015077,0.027178));
#3287=CARTESIAN_POINT('',(-0.0126305930339067,0.0195635302015077,0.0255778));
#3288=CARTESIAN_POINT('',(-0.0142043859997756,0.0191325425383973,0.027178));
#3289=CARTESIAN_POINT('',(-0.0142043859997756,0.0191325425383973,0.0255778));
#3290=CARTESIAN_POINT('',(-0.0148343526319043,0.0188992120370235,0.027178));
#3291=CARTESIAN_POINT('',(-0.0148343526319043,0.0188992120370235,0.0255778));
#3292=CARTESIAN_POINT('',(-0.0151133518447601,0.0187963463752505,0.027178));
#3293=CARTESIAN_POINT('',(-0.0151133518447601,0.0187963463752505,0.0255778));
#3294=CARTESIAN_POINT('',(-0.0151133518447601,0.0187963463752505,0.027178));
#3295=CARTESIAN_POINT('',(-0.01511335184476,0.0187963463752505,0.027178));
#3296=CARTESIAN_POINT('',(-0.01511335184476,0.0187963463752505,0.0255778000000001));
#3297=CARTESIAN_POINT('',(-0.0151554169983941,0.0191448668752337,0.027178));
#3298=CARTESIAN_POINT('',(-0.0151554169983941,0.0191448668752337,0.0255778000000001));
#3299=CARTESIAN_POINT('',(-0.0152289069283536,0.0199333044578415,0.027178));
#3300=CARTESIAN_POINT('',(-0.0152289069283536,0.0199333044578415,0.0255778000000001));
#3301=CARTESIAN_POINT('',(-0.0153911003890528,0.0213028557748562,0.027178));
#3302=CARTESIAN_POINT('',(-0.0153911003890528,0.0213028557748562,0.0255778000000001));
#3303=CARTESIAN_POINT('',(-0.0156663348036409,0.022534942816543,0.027178));
#3304=CARTESIAN_POINT('',(-0.0156663348036409,0.022534942816543,0.0255778000000001));
#3305=CARTESIAN_POINT('',(-0.0159442104058736,0.0235404506657522,0.027178));
#3306=CARTESIAN_POINT('',(-0.0159442104058736,0.0235404506657522,0.0255778000000001));
#3307=CARTESIAN_POINT('',(-0.0161670010425842,0.0243907975982287,0.027178));
#3308=CARTESIAN_POINT('',(-0.0161670010425842,0.0243907975982287,0.0255778000000001));
#3309=CARTESIAN_POINT('',(-0.0163075677336141,0.0251455370518849,0.027178));
#3310=CARTESIAN_POINT('',(-0.0163075677336141,0.0251455370518849,0.0255778000000001));
#3311=CARTESIAN_POINT('',(-0.0163599009009379,0.0259599394760985,0.027178));
#3312=CARTESIAN_POINT('',(-0.0163599009009379,0.0259599394760985,0.0255778000000001));
#3313=CARTESIAN_POINT('',(-0.0163180668044788,0.0269745206595254,0.027178));
#3314=CARTESIAN_POINT('',(-0.0163180668044788,0.0269745206595254,0.0255778000000001));
#3315=CARTESIAN_POINT('',(-0.0161862460906985,0.0280233881646922,0.027178));
#3316=CARTESIAN_POINT('',(-0.0161862460906985,0.0280233881646922,0.0255778000000001));
#3317=CARTESIAN_POINT('',(-0.0159848668129802,0.0290177163304697,0.027178));
#3318=CARTESIAN_POINT('',(-0.0159848668129802,0.0290177163304697,0.0255778000000001));
#3319=CARTESIAN_POINT('',(-0.0157353133379225,0.0298622828738921,0.027178));
#3320=CARTESIAN_POINT('',(-0.0157353133379225,0.0298622828738921,0.0255778000000001));
#3321=CARTESIAN_POINT('',(-0.0155117407078468,0.0303828403229362,0.027178));
#3322=CARTESIAN_POINT('',(-0.0155117407078468,0.0303828403229362,0.0255778000000001));
#3323=CARTESIAN_POINT('',(-0.0151626699978558,0.0310564176080251,0.027178));
#3324=CARTESIAN_POINT('',(-0.0151626699978558,0.0310564176080251,0.0255778000000001));
#3325=CARTESIAN_POINT('',(-0.0147066481012052,0.0321306539784939,0.027178));
#3326=CARTESIAN_POINT('',(-0.0147066481012052,0.0321306539784939,0.0255778000000001));
#3327=CARTESIAN_POINT('',(-0.0145766572286993,0.0336545454815256,0.027178));
#3328=CARTESIAN_POINT('',(-0.0145766572286993,0.0336545454815256,0.0255778000000001));
#3329=CARTESIAN_POINT('',(-0.0148344174645828,0.034972328729055,0.027178));
#3330=CARTESIAN_POINT('',(-0.0148344174645828,0.034972328729055,0.0255778000000001));
#3331=CARTESIAN_POINT('',(-0.015287260151522,0.0362453490384044,0.027178));
#3332=CARTESIAN_POINT('',(-0.015287260151522,0.0362453490384044,0.0255778000000001));
#3333=CARTESIAN_POINT('',(-0.0161392291158985,0.0378399442134774,0.027178));
#3334=CARTESIAN_POINT('',(-0.0161392291158985,0.0378399442134774,0.0255778000000001));
#3335=CARTESIAN_POINT('',(-0.0174592355527989,0.0392806908381415,0.027178));
#3336=CARTESIAN_POINT('',(-0.0174592355527989,0.0392806908381415,0.0255778000000001));
#3337=CARTESIAN_POINT('',(-0.019375649516273,0.0400188181832149,0.027178));
#3338=CARTESIAN_POINT('',(-0.019375649516273,0.0400188181832149,0.0255778000000001));
#3339=CARTESIAN_POINT('',(-0.0209552097745859,0.040046157306845,0.027178));
#3340=CARTESIAN_POINT('',(-0.0209552097745859,0.040046157306845,0.0255778000000001));
#3341=CARTESIAN_POINT('',(-0.022387286803097,0.0395977819002618,0.027178));
#3342=CARTESIAN_POINT('',(-0.022387286803097,0.0395977819002618,0.0255778000000001));
#3343=CARTESIAN_POINT('',(-0.0236280700452559,0.0388466703849129,0.027178));
#3344=CARTESIAN_POINT('',(-0.0236280700452559,0.0388466703849129,0.0255778000000001));
#3345=CARTESIAN_POINT('',(-0.0247045036379305,0.0378314380636941,0.027178));
#3346=CARTESIAN_POINT('',(-0.0247045036379305,0.0378314380636941,0.0255778000000001));
#3347=CARTESIAN_POINT('',(-0.0255834129744031,0.0365334891250322,0.027178));
#3348=CARTESIAN_POINT('',(-0.0255834129744031,0.0365334891250322,0.0255778000000001));
#3349=CARTESIAN_POINT('',(-0.0261182951745107,0.0350340040994893,0.027178));
#3350=CARTESIAN_POINT('',(-0.0261182951745107,0.0350340040994893,0.0255778000000001));
#3351=CARTESIAN_POINT('',(-0.0263110251396836,0.0335820273581034,0.027178));
#3352=CARTESIAN_POINT('',(-0.0263110251396836,0.0335820273581034,0.0255778000000001));
#3353=CARTESIAN_POINT('',(-0.0262376399084939,0.03216237904055,0.027178));
#3354=CARTESIAN_POINT('',(-0.0262376399084939,0.03216237904055,0.0255778000000001));
#3355=CARTESIAN_POINT('',(-0.0259594273847076,0.0310374693812451,0.027178));
#3356=CARTESIAN_POINT('',(-0.0259594273847076,0.0310374693812451,0.0255778000000001));
#3357=CARTESIAN_POINT('',(-0.0255138060268357,0.0301362156784156,0.027178));
#3358=CARTESIAN_POINT('',(-0.0255138060268357,0.0301362156784156,0.0255778000000001));
#3359=CARTESIAN_POINT('',(-0.0250514777197559,0.0294754994769131,0.027178));
#3360=CARTESIAN_POINT('',(-0.0250514777197559,0.0294754994769131,0.0255778000000001));
#3361=CARTESIAN_POINT('',(-0.0248276723766933,0.0292164516914599,0.027178));
#3362=CARTESIAN_POINT('',(-0.0248276723766933,0.0292164516914599,0.0255778000000001));
#3363=CARTESIAN_POINT('',(-0.024765095771644,0.0291312734780817,0.027178));
#3364=CARTESIAN_POINT('',(-0.024765095771644,0.0291312734780817,0.0255778000000001));
#3365=CARTESIAN_POINT('',(-0.0247650957716429,0.0291312734780802,0.027178));
#3366=CARTESIAN_POINT('',(-0.0247650957716418,0.0291312734780801,0.027178));
#3367=CARTESIAN_POINT('',(-0.0247650957716418,0.0291312734780801,0.0255778));
#3368=CARTESIAN_POINT('',(-0.0247588299238715,0.0289453071499593,0.027178));
#3369=CARTESIAN_POINT('',(-0.0247588299238715,0.0289453071499593,0.0255778));
#3370=CARTESIAN_POINT('',(-0.0248563882023023,0.02796909106931,0.027178));
#3371=CARTESIAN_POINT('',(-0.0248563882023023,0.02796909106931,0.0255778));
#3372=CARTESIAN_POINT('',(-0.0251833562372855,0.0264003495005187,0.027178));
#3373=CARTESIAN_POINT('',(-0.0251833562372855,0.0264003495005187,0.0255778));
#3374=CARTESIAN_POINT('',(-0.0252871588135122,0.024934925585208,0.027178));
#3375=CARTESIAN_POINT('',(-0.0252871588135122,0.024934925585208,0.0255778));
#3376=CARTESIAN_POINT('',(-0.0252043738160441,0.0239709396028392,0.027178));
#3377=CARTESIAN_POINT('',(-0.0252043738160441,0.0239709396028392,0.0255778));
#3378=CARTESIAN_POINT('',(-0.0250701239226269,0.0232025386782761,0.027178));
#3379=CARTESIAN_POINT('',(-0.0250701239226269,0.0232025386782761,0.0255778));
#3380=CARTESIAN_POINT('',(-0.0249565444190618,0.0225756694332983,0.027178));
#3381=CARTESIAN_POINT('',(-0.0249565444190618,0.0225756694332983,0.0255778));
#3382=CARTESIAN_POINT('',(-0.0248771320095993,0.0219405283313288,0.027178));
#3383=CARTESIAN_POINT('',(-0.0248771320095993,0.0219405283313288,0.0255778));
#3384=CARTESIAN_POINT('',(-0.0248490761012295,0.0211034535931525,0.027178));
#3385=CARTESIAN_POINT('',(-0.0248490761012295,0.0211034535931525,0.0255778));
#3386=CARTESIAN_POINT('',(-0.0248894413177883,0.01999397457222,0.027178));
#3387=CARTESIAN_POINT('',(-0.0248894413177883,0.01999397457222,0.0255778));
#3388=CARTESIAN_POINT('',(-0.0250315692147384,0.0183598592926817,0.027178));
#3389=CARTESIAN_POINT('',(-0.0250315692147384,0.0183598592926817,0.0255778));
#3390=CARTESIAN_POINT('',(-0.0253512858063176,0.0162463842996384,0.027178));
#3391=CARTESIAN_POINT('',(-0.0253512858063176,0.0162463842996384,0.0255778));
#3392=CARTESIAN_POINT('',(-0.02572147007508,0.0149671661671593,0.027178));
#3393=CARTESIAN_POINT('',(-0.02572147007508,0.0149671661671593,0.0255778));
#3394=CARTESIAN_POINT('',(-0.0258595830072724,0.0146312528295241,0.027178));
#3395=CARTESIAN_POINT('',(-0.0258595830072724,0.0146312528295241,0.0255778));
#3396=CARTESIAN_POINT('',(-0.0258595830072723,0.0146312528295241,0.027178));
#3397=CARTESIAN_POINT('',(-0.0258595830072034,0.0146312528292342,0.027178));
#3398=CARTESIAN_POINT('',(-0.0258595830072034,0.0146312528292342,0.0255778000000001));
#3399=CARTESIAN_POINT('',(-0.0260938505823731,0.0145755465642983,0.027178));
#3400=CARTESIAN_POINT('',(-0.0260938505823731,0.0145755465642983,0.0255778000000001));
#3401=CARTESIAN_POINT('',(-0.0268646588753089,0.0143852274292051,0.027178));
#3402=CARTESIAN_POINT('',(-0.0268646588753089,0.0143852274292051,0.0255778000000001));
#3403=CARTESIAN_POINT('',(-0.0281025314361541,0.0139322842608437,0.027178));
#3404=CARTESIAN_POINT('',(-0.0281025314361541,0.0139322842608437,0.0255778000000001));
#3405=CARTESIAN_POINT('',(-0.0294618112685929,0.0133229790625509,0.027178));
#3406=CARTESIAN_POINT('',(-0.0294618112685929,0.0133229790625509,0.0255778000000001));
#3407=CARTESIAN_POINT('',(-0.0308470845135999,0.0125582726781235,0.027178));
#3408=CARTESIAN_POINT('',(-0.0308470845135999,0.0125582726781235,0.0255778000000001));
#3409=CARTESIAN_POINT('',(-0.0319678308999433,0.0117809545206842,0.027178));
#3410=CARTESIAN_POINT('',(-0.0319678308999433,0.0117809545206842,0.0255778000000001));
#3411=CARTESIAN_POINT('',(-0.0328011647302411,0.0110599916394708,0.027178));
#3412=CARTESIAN_POINT('',(-0.0328011647302411,0.0110599916394708,0.0255778000000001));
#3413=CARTESIAN_POINT('',(-0.0335945733110242,0.0102333020777497,0.027178));
#3414=CARTESIAN_POINT('',(-0.0335945733110242,0.0102333020777497,0.0255778000000001));
#3415=CARTESIAN_POINT('',(-0.0343210510262848,0.00916995944020945,0.027178));
#3416=CARTESIAN_POINT('',(-0.0343210510262848,0.00916995944020945,0.0255778000000001));
#3417=CARTESIAN_POINT('',(-0.0348854148971687,0.00810449447225704,0.027178));
#3418=CARTESIAN_POINT('',(-0.0348854148971687,0.00810449447225704,0.0255778000000001));
#3419=CARTESIAN_POINT('',(-0.0352920127792079,0.00736794999577008,0.027178));
#3420=CARTESIAN_POINT('',(-0.0352920127792079,0.00736794999577008,0.0255778000000001));
#3421=CARTESIAN_POINT('',(-0.0355183736026639,0.00710427218672982,0.027178));
#3422=CARTESIAN_POINT('',(-0.0355183736026639,0.00710427218672982,0.0255778000000001));
#3423=CARTESIAN_POINT('',(-0.0356014999506158,0.00703572628482223,0.027178));
#3424=CARTESIAN_POINT('',(-0.0356014999506158,0.00703572628482223,0.0255778000000001));
#3425=CARTESIAN_POINT('',(-0.0358118108852527,0.00690474892073627,0.027178));
#3426=CARTESIAN_POINT('',(-0.0358118108852527,0.00690474892073627,0.0255778000000001));
#3427=CARTESIAN_POINT('',(-0.0363233971410387,0.00670467562573232,0.027178));
#3428=CARTESIAN_POINT('',(-0.0363233971410387,0.00670467562573232,0.0255778000000001));
#3429=CARTESIAN_POINT('',(-0.0372477367466932,0.00649861354445009,0.027178));
#3430=CARTESIAN_POINT('',(-0.0372477367466932,0.00649861354445009,0.0255778000000001));
#3431=CARTESIAN_POINT('',(-0.0387297524149824,0.0062836057464628,0.027178));
#3432=CARTESIAN_POINT('',(-0.0387297524149824,0.0062836057464628,0.0255778000000001));
#3433=CARTESIAN_POINT('',(-0.040850294511743,0.00600684790843876,0.027178));
#3434=CARTESIAN_POINT('',(-0.040850294511743,0.00600684790843876,0.0255778000000001));
#3435=CARTESIAN_POINT('',(-0.0427686075685102,0.00551450474130214,0.027178));
#3436=CARTESIAN_POINT('',(-0.0427686075685102,0.00551450474130214,0.0255778000000001));
#3437=CARTESIAN_POINT('',(-0.0442128782066604,0.00485232906797013,0.027178));
#3438=CARTESIAN_POINT('',(-0.0442128782066604,0.00485232906797013,0.0255778000000001));
#3439=CARTESIAN_POINT('',(-0.0452734486284508,0.00413407288129047,0.027178));
#3440=CARTESIAN_POINT('',(-0.0452734486284508,0.00413407288129047,0.0255778000000001));
#3441=CARTESIAN_POINT('',(-0.0462555292991471,0.00291409146848438,0.027178));
#3442=CARTESIAN_POINT('',(-0.0462555292991471,0.00291409146848438,0.0255778000000001));
#3443=CARTESIAN_POINT('',(-0.0467354601581211,0.00137005025597242,0.027178));
#3444=CARTESIAN_POINT('',(-0.0467354601581211,0.00137005025597242,0.0255778000000001));
#3445=CARTESIAN_POINT('',(-0.0467456887243797,-0.000205083924606623,0.027178));
#3446=CARTESIAN_POINT('',(-0.0467456887243797,-0.000205083924606623,0.0255778000000001));
#3447=CARTESIAN_POINT('',(-0.0465053299493826,-0.00175638183471453,0.027178));
#3448=CARTESIAN_POINT('',(-0.0465053299493826,-0.00175638183471453,0.0255778000000001));
#3449=CARTESIAN_POINT('',(-0.0461106142751131,-0.00339275999240176,0.027178));
#3450=CARTESIAN_POINT('',(-0.0461106142751131,-0.00339275999240176,0.0255778000000001));
#3451=CARTESIAN_POINT('',(-0.045442601318826,-0.00563738598716901,0.027178));
#3452=CARTESIAN_POINT('',(-0.045442601318826,-0.00563738598716901,0.0255778000000001));
#3453=CARTESIAN_POINT('',(-0.0444605984621326,-0.00846633117618661,0.027178));
#3454=CARTESIAN_POINT('',(-0.0444605984621326,-0.00846633117618661,0.0255778000000001));
#3455=CARTESIAN_POINT('',(-0.0434547150768581,-0.0112715756443492,0.027178));
#3456=CARTESIAN_POINT('',(-0.0434547150768581,-0.0112715756443492,0.0255778000000001));
#3457=CARTESIAN_POINT('',(-0.043056438053502,-0.0128282189176658,0.027178));
#3458=CARTESIAN_POINT('',(-0.043056438053502,-0.0128282189176658,0.0255778000000001));
#3459=CARTESIAN_POINT('',(-0.0429825567234516,-0.0138612720010957,0.027178));
#3460=CARTESIAN_POINT('',(-0.0429825567234516,-0.0138612720010957,0.0255778000000001));
#3461=CARTESIAN_POINT('',(-0.0430343960467747,-0.0146205170017335,0.027178));
#3462=CARTESIAN_POINT('',(-0.0430343960467747,-0.0146205170017335,0.0255778000000001));
#3463=CARTESIAN_POINT('',(-0.043242698690995,-0.0155715706693309,0.027178));
#3464=CARTESIAN_POINT('',(-0.043242698690995,-0.0155715706693309,0.0255778000000001));
#3465=CARTESIAN_POINT('',(-0.0437270744704727,-0.0171681395804231,0.027178));
#3466=CARTESIAN_POINT('',(-0.0437270744704727,-0.0171681395804231,0.0255778000000001));
#3467=CARTESIAN_POINT('',(-0.0443832843467862,-0.0191085451315773,0.027178));
#3468=CARTESIAN_POINT('',(-0.0443832843467862,-0.0191085451315773,0.0255778000000001));
#3469=CARTESIAN_POINT('',(-0.044889349227099,-0.0213462544767031,0.027178));
#3470=CARTESIAN_POINT('',(-0.044889349227099,-0.0213462544767031,0.0255778000000001));
#3471=CARTESIAN_POINT('',(-0.0450983681099242,-0.0231924542370117,0.027178));
#3472=CARTESIAN_POINT('',(-0.0450983681099242,-0.0231924542370117,0.0255778000000001));
#3473=CARTESIAN_POINT('',(-0.0450174319220249,-0.0251163550397688,0.027178));
#3474=CARTESIAN_POINT('',(-0.0450174319220249,-0.0251163550397688,0.0255778000000001));
#3475=CARTESIAN_POINT('',(-0.0446057441438795,-0.0275562034586861,0.027178));
#3476=CARTESIAN_POINT('',(-0.0446057441438795,-0.0275562034586861,0.0255778000000001));
#3477=CARTESIAN_POINT('',(-0.0437015152133541,-0.0304177187581335,0.027178));
#3478=CARTESIAN_POINT('',(-0.0437015152133541,-0.0304177187581335,0.0255778000000001));
#3479=CARTESIAN_POINT('',(-0.0424113331998634,-0.0333602098205418,0.027178));
#3480=CARTESIAN_POINT('',(-0.0424113331998634,-0.0333602098205418,0.0255778000000001));
#3481=CARTESIAN_POINT('',(-0.0415171472944737,-0.0351373659037167,0.027178));
#3482=CARTESIAN_POINT('',(-0.0415171472944737,-0.0351373659037167,0.0255778000000001));
#3483=CARTESIAN_POINT('',(-0.0411148508046775,-0.0361006128800204,0.027178));
#3484=CARTESIAN_POINT('',(-0.0411148508046775,-0.0361006128800204,0.0255778000000001));
#3485=CARTESIAN_POINT('',(-0.0409544778752017,-0.0366603685436057,0.027178));
#3486=CARTESIAN_POINT('',(-0.0409544778752017,-0.0366603685436057,0.0255778000000001));
#3487=CARTESIAN_POINT('',(-0.0408907207577739,-0.0371503368099203,0.027178));
#3488=CARTESIAN_POINT('',(-0.0408907207577739,-0.0371503368099203,0.0255778000000001));
#3489=CARTESIAN_POINT('',(-0.0409145502650081,-0.0378344070367745,0.027178));
#3490=CARTESIAN_POINT('',(-0.0409145502650081,-0.0378344070367745,0.0255778000000001));
#3491=CARTESIAN_POINT('',(-0.0410525684379652,-0.0386837856449757,0.027178));
#3492=CARTESIAN_POINT('',(-0.0410525684379652,-0.0386837856449757,0.0255778000000001));
#3493=CARTESIAN_POINT('',(-0.0413832831403197,-0.0399730939419395,0.027178));
#3494=CARTESIAN_POINT('',(-0.0413832831403197,-0.0399730939419395,0.0255778000000001));
#3495=CARTESIAN_POINT('',(-0.0420378682197085,-0.0417835625295036,0.027178));
#3496=CARTESIAN_POINT('',(-0.0420378682197085,-0.0417835625295036,0.0255778000000001));
#3497=CARTESIAN_POINT('',(-0.0430609626241019,-0.0440577639976584,0.027178));
#3498=CARTESIAN_POINT('',(-0.0430609626241019,-0.0440577639976584,0.0255778000000001));
#3499=CARTESIAN_POINT('',(-0.0446539649574241,-0.0472089396138651,0.027178));
#3500=CARTESIAN_POINT('',(-0.0446539649574241,-0.0472089396138651,0.0255778000000001));
#3501=CARTESIAN_POINT('',(-0.045953138117133,-0.0496753475442782,0.027178));
#3502=CARTESIAN_POINT('',(-0.045953138117133,-0.0496753475442782,0.0255778000000001));
#3503=CARTESIAN_POINT('',(-0.0468011344627062,-0.0513033774972432,0.027178));
#3504=CARTESIAN_POINT('',(-0.0468011344627062,-0.0513033774972432,0.0255778000000001));
#3505=MECHANICAL_DESIGN_GEOMETRIC_PRESENTATION_REPRESENTATION('',(#398),
#3506);
#3506=(
GEOMETRIC_REPRESENTATION_CONTEXT(3)
GLOBAL_UNCERTAINTY_ASSIGNED_CONTEXT((#3507))
GLOBAL_UNIT_ASSIGNED_CONTEXT((#3510,#3509,#3508))
REPRESENTATION_CONTEXT('Part 1','TOP_LEVEL_ASSEMBLY_PART')
);
#3507=UNCERTAINTY_MEASURE_WITH_UNIT(LENGTH_MEASURE(2.E-5),#3510,
'DISTANCE_ACCURACY_VALUE','Maximum Tolerance applied to model');
#3508=(
NAMED_UNIT(*)
SI_UNIT($,.STERADIAN.)
SOLID_ANGLE_UNIT()
);
#3509=(
NAMED_UNIT(*)
PLANE_ANGLE_UNIT()
SI_UNIT($,.RADIAN.)
);
#3510=(
LENGTH_UNIT()
NAMED_UNIT(*)
SI_UNIT($,.METRE.)
);
#3511=PRODUCT_DEFINITION_SHAPE('','',#3512);
#3512=PRODUCT_DEFINITION('','',#3514,#3513);
#3513=PRODUCT_DEFINITION_CONTEXT('',#3520,'design');
#3514=PRODUCT_DEFINITION_FORMATION_WITH_SPECIFIED_SOURCE('','',#3516,
 .NOT_KNOWN.);
#3515=PRODUCT_RELATED_PRODUCT_CATEGORY('','',(#3516));
#3516=PRODUCT('Part 1','Part 1','Part 1',(#3518));
#3517=PRODUCT_CATEGORY('','');
#3518=PRODUCT_CONTEXT('',#3520,'mechanical');
#3519=APPLICATION_PROTOCOL_DEFINITION('international standard',
'ap242_managed_model_based_3d_engineering',2020,#3520);
#3520=APPLICATION_CONTEXT('managed model based 3d engineering');
ENDSEC;
END-ISO-10303-21;
