ISO-10303-21;
HEADER;
/* Generated by software containing ST-Developer
 * from STEP Tools, Inc. (www.steptools.com) 
 */
/* OPTION: using custom renumber hook */

FILE_DESCRIPTION(
/* description */ ('STEP AP242 Edition 2',
'CAx-IF Rec.Pracs.---Representation and Presentation of Product Manufa
cturing Information (PMI)---4.0---2014-10-13',
'CAx-IF Rec.Pracs.---3D Tessellated Geometry---0.4---2014-09-14','2;1',
'CAx-IF Rec.Pracs.---User Defined Attributes---1.5---2016-08-15'),
/* implementation_level */ '2;1');

FILE_NAME(
/* name */ 'Part Studio 1',
/* time_stamp */ '2026-10-06T19:54:22Z',
/* author */ (''),
/* organization */ (''),
/* preprocessor_version */ 'ST-DEVELOPER v20',
/* originating_system */ 'ONSHAPE BY PTC INC, 1.221',
/* authorisation */ '  ');

FILE_SCHEMA (('AP242_MANAGED_MODEL_BASED_3D_ENGINEERING_MIM_LF { 1 0 10303 442 3 1 4 }'));
ENDSEC;

DATA;
#10=SHAPE_REPRESENTATION_RELATIONSHIP('','',#437,#11);
#11=ADVANCED_BREP_SHAPE_REPRESENTATION('',(#435),#4717);
#12=PLANE('',#439);
#13=PLANE('',#440);
#14=PLANE('',#441);
#15=LINE('',#1025,#35);
#16=LINE('',#1272,#36);
#17=LINE('',#1387,#37);
#18=LINE('',#1536,#38);
#19=LINE('',#1883,#39);
#20=LINE('',#2172,#40);
#21=LINE('',#4044,#41);
#22=LINE('',#4045,#42);
#23=LINE('',#4062,#43);
#24=LINE('',#4165,#44);
#25=LINE('',#4180,#45);
#26=LINE('',#4231,#46);
#27=LINE('',#4248,#47);
#28=LINE('',#4293,#48);
#29=LINE('',#4386,#49);
#30=LINE('',#4419,#50);
#31=LINE('',#4460,#51);
#32=LINE('',#4561,#52);
#33=LINE('',#4616,#53);
#34=LINE('',#4639,#54);
#35=VECTOR('',#444,1.);
#36=VECTOR('',#445,1.);
#37=VECTOR('',#446,1.);
#38=VECTOR('',#447,1.);
#39=VECTOR('',#448,1.);
#40=VECTOR('',#449,1.);
#41=VECTOR('',#456,1.);
#42=VECTOR('',#457,1.);
#43=VECTOR('',#458,1.);
#44=VECTOR('',#459,1.);
#45=VECTOR('',#460,1.);
#46=VECTOR('',#461,1.);
#47=VECTOR('',#462,1.);
#48=VECTOR('',#463,1.);
#49=VECTOR('',#464,1.);
#50=VECTOR('',#465,1.);
#51=VECTOR('',#466,1.);
#52=VECTOR('',#467,1.);
#53=VECTOR('',#468,1.);
#54=VECTOR('',#469,1.);
#55=ORIENTED_EDGE('',*,*,#179,.F.);
#56=ORIENTED_EDGE('',*,*,#180,.F.);
#57=ORIENTED_EDGE('',*,*,#181,.T.);
#58=ORIENTED_EDGE('',*,*,#182,.T.);
#59=ORIENTED_EDGE('',*,*,#183,.F.);
#60=ORIENTED_EDGE('',*,*,#182,.F.);
#61=ORIENTED_EDGE('',*,*,#184,.T.);
#62=ORIENTED_EDGE('',*,*,#185,.T.);
#63=ORIENTED_EDGE('',*,*,#186,.F.);
#64=ORIENTED_EDGE('',*,*,#185,.F.);
#65=ORIENTED_EDGE('',*,*,#187,.T.);
#66=ORIENTED_EDGE('',*,*,#188,.T.);
#67=ORIENTED_EDGE('',*,*,#189,.F.);
#68=ORIENTED_EDGE('',*,*,#188,.F.);
#69=ORIENTED_EDGE('',*,*,#190,.T.);
#70=ORIENTED_EDGE('',*,*,#191,.T.);
#71=ORIENTED_EDGE('',*,*,#192,.F.);
#72=ORIENTED_EDGE('',*,*,#191,.F.);
#73=ORIENTED_EDGE('',*,*,#193,.T.);
#74=ORIENTED_EDGE('',*,*,#194,.T.);
#75=ORIENTED_EDGE('',*,*,#195,.F.);
#76=ORIENTED_EDGE('',*,*,#194,.F.);
#77=ORIENTED_EDGE('',*,*,#196,.T.);
#78=ORIENTED_EDGE('',*,*,#180,.T.);
#79=ORIENTED_EDGE('',*,*,#197,.T.);
#80=ORIENTED_EDGE('',*,*,#198,.F.);
#81=ORIENTED_EDGE('',*,*,#179,.T.);
#82=ORIENTED_EDGE('',*,*,#183,.T.);
#83=ORIENTED_EDGE('',*,*,#186,.T.);
#84=ORIENTED_EDGE('',*,*,#189,.T.);
#85=ORIENTED_EDGE('',*,*,#192,.T.);
#86=ORIENTED_EDGE('',*,*,#195,.T.);
#87=ORIENTED_EDGE('',*,*,#197,.F.);
#88=ORIENTED_EDGE('',*,*,#199,.T.);
#89=ORIENTED_EDGE('',*,*,#200,.T.);
#90=ORIENTED_EDGE('',*,*,#201,.T.);
#91=ORIENTED_EDGE('',*,*,#202,.T.);
#92=ORIENTED_EDGE('',*,*,#203,.T.);
#93=ORIENTED_EDGE('',*,*,#204,.T.);
#94=ORIENTED_EDGE('',*,*,#205,.T.);
#95=ORIENTED_EDGE('',*,*,#206,.T.);
#96=ORIENTED_EDGE('',*,*,#207,.T.);
#97=ORIENTED_EDGE('',*,*,#208,.T.);
#98=ORIENTED_EDGE('',*,*,#209,.T.);
#99=ORIENTED_EDGE('',*,*,#210,.T.);
#100=ORIENTED_EDGE('',*,*,#211,.T.);
#101=ORIENTED_EDGE('',*,*,#212,.T.);
#102=ORIENTED_EDGE('',*,*,#181,.F.);
#103=ORIENTED_EDGE('',*,*,#196,.F.);
#104=ORIENTED_EDGE('',*,*,#193,.F.);
#105=ORIENTED_EDGE('',*,*,#190,.F.);
#106=ORIENTED_EDGE('',*,*,#187,.F.);
#107=ORIENTED_EDGE('',*,*,#184,.F.);
#108=ORIENTED_EDGE('',*,*,#198,.T.);
#109=ORIENTED_EDGE('',*,*,#213,.F.);
#110=ORIENTED_EDGE('',*,*,#214,.F.);
#111=ORIENTED_EDGE('',*,*,#215,.F.);
#112=ORIENTED_EDGE('',*,*,#216,.F.);
#113=ORIENTED_EDGE('',*,*,#217,.F.);
#114=ORIENTED_EDGE('',*,*,#218,.F.);
#115=ORIENTED_EDGE('',*,*,#219,.F.);
#116=ORIENTED_EDGE('',*,*,#220,.F.);
#117=ORIENTED_EDGE('',*,*,#221,.F.);
#118=ORIENTED_EDGE('',*,*,#222,.F.);
#119=ORIENTED_EDGE('',*,*,#223,.F.);
#120=ORIENTED_EDGE('',*,*,#224,.F.);
#121=ORIENTED_EDGE('',*,*,#225,.F.);
#122=ORIENTED_EDGE('',*,*,#226,.F.);
#123=ORIENTED_EDGE('',*,*,#199,.F.);
#124=ORIENTED_EDGE('',*,*,#227,.F.);
#125=ORIENTED_EDGE('',*,*,#213,.T.);
#126=ORIENTED_EDGE('',*,*,#228,.T.);
#127=ORIENTED_EDGE('',*,*,#200,.F.);
#128=ORIENTED_EDGE('',*,*,#228,.F.);
#129=ORIENTED_EDGE('',*,*,#226,.T.);
#130=ORIENTED_EDGE('',*,*,#229,.T.);
#131=ORIENTED_EDGE('',*,*,#201,.F.);
#132=ORIENTED_EDGE('',*,*,#229,.F.);
#133=ORIENTED_EDGE('',*,*,#225,.T.);
#134=ORIENTED_EDGE('',*,*,#230,.T.);
#135=ORIENTED_EDGE('',*,*,#202,.F.);
#136=ORIENTED_EDGE('',*,*,#230,.F.);
#137=ORIENTED_EDGE('',*,*,#224,.T.);
#138=ORIENTED_EDGE('',*,*,#231,.T.);
#139=ORIENTED_EDGE('',*,*,#203,.F.);
#140=ORIENTED_EDGE('',*,*,#231,.F.);
#141=ORIENTED_EDGE('',*,*,#223,.T.);
#142=ORIENTED_EDGE('',*,*,#232,.T.);
#143=ORIENTED_EDGE('',*,*,#204,.F.);
#144=ORIENTED_EDGE('',*,*,#232,.F.);
#145=ORIENTED_EDGE('',*,*,#222,.T.);
#146=ORIENTED_EDGE('',*,*,#233,.T.);
#147=ORIENTED_EDGE('',*,*,#205,.F.);
#148=ORIENTED_EDGE('',*,*,#233,.F.);
#149=ORIENTED_EDGE('',*,*,#221,.T.);
#150=ORIENTED_EDGE('',*,*,#234,.T.);
#151=ORIENTED_EDGE('',*,*,#206,.F.);
#152=ORIENTED_EDGE('',*,*,#234,.F.);
#153=ORIENTED_EDGE('',*,*,#220,.T.);
#154=ORIENTED_EDGE('',*,*,#235,.T.);
#155=ORIENTED_EDGE('',*,*,#207,.F.);
#156=ORIENTED_EDGE('',*,*,#235,.F.);
#157=ORIENTED_EDGE('',*,*,#219,.T.);
#158=ORIENTED_EDGE('',*,*,#236,.T.);
#159=ORIENTED_EDGE('',*,*,#208,.F.);
#160=ORIENTED_EDGE('',*,*,#236,.F.);
#161=ORIENTED_EDGE('',*,*,#218,.T.);
#162=ORIENTED_EDGE('',*,*,#237,.T.);
#163=ORIENTED_EDGE('',*,*,#209,.F.);
#164=ORIENTED_EDGE('',*,*,#237,.F.);
#165=ORIENTED_EDGE('',*,*,#217,.T.);
#166=ORIENTED_EDGE('',*,*,#238,.T.);
#167=ORIENTED_EDGE('',*,*,#210,.F.);
#168=ORIENTED_EDGE('',*,*,#238,.F.);
#169=ORIENTED_EDGE('',*,*,#216,.T.);
#170=ORIENTED_EDGE('',*,*,#239,.T.);
#171=ORIENTED_EDGE('',*,*,#211,.F.);
#172=ORIENTED_EDGE('',*,*,#239,.F.);
#173=ORIENTED_EDGE('',*,*,#215,.T.);
#174=ORIENTED_EDGE('',*,*,#240,.T.);
#175=ORIENTED_EDGE('',*,*,#212,.F.);
#176=ORIENTED_EDGE('',*,*,#240,.F.);
#177=ORIENTED_EDGE('',*,*,#214,.T.);
#178=ORIENTED_EDGE('',*,*,#227,.T.);
#179=EDGE_CURVE('',#241,#242,#283,.T.);
#180=EDGE_CURVE('',#243,#241,#15,.T.);
#181=EDGE_CURVE('',#243,#244,#284,.T.);
#182=EDGE_CURVE('',#244,#242,#16,.T.);
#183=EDGE_CURVE('',#242,#245,#285,.T.);
#184=EDGE_CURVE('',#244,#246,#286,.T.);
#185=EDGE_CURVE('',#246,#245,#17,.T.);
#186=EDGE_CURVE('',#245,#247,#287,.T.);
#187=EDGE_CURVE('',#246,#248,#288,.T.);
#188=EDGE_CURVE('',#248,#247,#18,.T.);
#189=EDGE_CURVE('',#247,#249,#289,.T.);
#190=EDGE_CURVE('',#248,#250,#290,.T.);
#191=EDGE_CURVE('',#250,#249,#19,.T.);
#192=EDGE_CURVE('',#249,#251,#291,.T.);
#193=EDGE_CURVE('',#250,#252,#292,.T.);
#194=EDGE_CURVE('',#252,#251,#20,.T.);
#195=EDGE_CURVE('',#251,#241,#293,.T.);
#196=EDGE_CURVE('',#252,#243,#294,.T.);
#197=EDGE_CURVE('',#253,#253,#295,.T.);
#198=EDGE_CURVE('',#254,#254,#296,.T.);
#199=EDGE_CURVE('',#255,#256,#297,.T.);
#200=EDGE_CURVE('',#256,#257,#298,.T.);
#201=EDGE_CURVE('',#257,#258,#299,.T.);
#202=EDGE_CURVE('',#258,#259,#300,.T.);
#203=EDGE_CURVE('',#259,#260,#301,.T.);
#204=EDGE_CURVE('',#260,#261,#302,.T.);
#205=EDGE_CURVE('',#261,#262,#303,.T.);
#206=EDGE_CURVE('',#262,#263,#304,.T.);
#207=EDGE_CURVE('',#263,#264,#305,.T.);
#208=EDGE_CURVE('',#264,#265,#306,.T.);
#209=EDGE_CURVE('',#265,#266,#307,.T.);
#210=EDGE_CURVE('',#266,#267,#308,.T.);
#211=EDGE_CURVE('',#267,#268,#309,.T.);
#212=EDGE_CURVE('',#268,#255,#310,.T.);
#213=EDGE_CURVE('',#269,#270,#311,.T.);
#214=EDGE_CURVE('',#271,#269,#312,.T.);
#215=EDGE_CURVE('',#272,#271,#313,.T.);
#216=EDGE_CURVE('',#273,#272,#314,.T.);
#217=EDGE_CURVE('',#274,#273,#315,.T.);
#218=EDGE_CURVE('',#275,#274,#316,.T.);
#219=EDGE_CURVE('',#276,#275,#317,.T.);
#220=EDGE_CURVE('',#277,#276,#318,.T.);
#221=EDGE_CURVE('',#278,#277,#319,.T.);
#222=EDGE_CURVE('',#279,#278,#320,.T.);
#223=EDGE_CURVE('',#280,#279,#321,.T.);
#224=EDGE_CURVE('',#281,#280,#322,.T.);
#225=EDGE_CURVE('',#282,#281,#323,.T.);
#226=EDGE_CURVE('',#270,#282,#324,.T.);
#227=EDGE_CURVE('',#269,#255,#21,.T.);
#228=EDGE_CURVE('',#270,#256,#22,.T.);
#229=EDGE_CURVE('',#282,#257,#23,.T.);
#230=EDGE_CURVE('',#281,#258,#24,.T.);
#231=EDGE_CURVE('',#280,#259,#25,.T.);
#232=EDGE_CURVE('',#279,#260,#26,.T.);
#233=EDGE_CURVE('',#278,#261,#27,.T.);
#234=EDGE_CURVE('',#277,#262,#28,.T.);
#235=EDGE_CURVE('',#276,#263,#29,.T.);
#236=EDGE_CURVE('',#275,#264,#30,.T.);
#237=EDGE_CURVE('',#274,#265,#31,.T.);
#238=EDGE_CURVE('',#273,#266,#32,.T.);
#239=EDGE_CURVE('',#272,#267,#33,.T.);
#240=EDGE_CURVE('',#271,#268,#34,.T.);
#241=VERTEX_POINT('',#1023);
#242=VERTEX_POINT('',#1024);
#243=VERTEX_POINT('',#1026);
#244=VERTEX_POINT('',#1271);
#245=VERTEX_POINT('',#1352);
#246=VERTEX_POINT('',#1386);
#247=VERTEX_POINT('',#1490);
#248=VERTEX_POINT('',#1535);
#249=VERTEX_POINT('',#1777);
#250=VERTEX_POINT('',#1882);
#251=VERTEX_POINT('',#2084);
#252=VERTEX_POINT('',#2171);
#253=VERTEX_POINT('',#2403);
#254=VERTEX_POINT('',#2450);
#255=VERTEX_POINT('',#2517);
#256=VERTEX_POINT('',#2518);
#257=VERTEX_POINT('',#2534);
#258=VERTEX_POINT('',#2639);
#259=VERTEX_POINT('',#2654);
#260=VERTEX_POINT('',#2712);
#261=VERTEX_POINT('',#2725);
#262=VERTEX_POINT('',#2778);
#263=VERTEX_POINT('',#2869);
#264=VERTEX_POINT('',#2914);
#265=VERTEX_POINT('',#2962);
#266=VERTEX_POINT('',#3068);
#267=VERTEX_POINT('',#3128);
#268=VERTEX_POINT('',#3143);
#269=VERTEX_POINT('',#3285);
#270=VERTEX_POINT('',#3286);
#271=VERTEX_POINT('',#3363);
#272=VERTEX_POINT('',#3378);
#273=VERTEX_POINT('',#3438);
#274=VERTEX_POINT('',#3544);
#275=VERTEX_POINT('',#3592);
#276=VERTEX_POINT('',#3637);
#277=VERTEX_POINT('',#3728);
#278=VERTEX_POINT('',#3781);
#279=VERTEX_POINT('',#3794);
#280=VERTEX_POINT('',#3852);
#281=VERTEX_POINT('',#3867);
#282=VERTEX_POINT('',#3972);
#283=B_SPLINE_CURVE_WITH_KNOTS('',3,(#779,#780,#781,#782,#783,#784,#785,
#786,#787,#788,#789,#790,#791,#792,#793,#794,#795,#796,#797,#798,#799,#800,
#801,#802,#803,#804,#805,#806,#807,#808,#809,#810,#811,#812,#813,#814,#815,
#816,#817,#818,#819,#820,#821,#822,#823,#824,#825,#826,#827,#828,#829,#830,
#831,#832,#833,#834,#835,#836,#837,#838,#839,#840,#841,#842,#843,#844,#845,
#846,#847,#848,#849,#850,#851,#852,#853,#854,#855,#856,#857,#858,#859,#860,
#861,#862,#863,#864,#865,#866,#867,#868,#869,#870,#871,#872,#873,#874,#875,
#876,#877,#878,#879,#880,#881,#882,#883,#884,#885,#886,#887,#888,#889,#890,
#891,#892,#893,#894,#895,#896,#897,#898,#899,#900,#901,#902,#903,#904,#905,
#906,#907,#908,#909,#910,#911,#912,#913,#914,#915,#916,#917,#918,#919,#920,
#921,#922,#923,#924,#925,#926,#927,#928,#929,#930,#931,#932,#933,#934,#935,
#936,#937,#938,#939,#940,#941,#942,#943,#944,#945,#946,#947,#948,#949,#950,
#951,#952,#953,#954,#955,#956,#957,#958,#959,#960,#961,#962,#963,#964,#965,
#966,#967,#968,#969,#970,#971,#972,#973,#974,#975,#976,#977,#978,#979,#980,
#981,#982,#983,#984,#985,#986,#987,#988,#989,#990,#991,#992,#993,#994,#995,
#996,#997,#998,#999,#1000,#1001,#1002,#1003,#1004,#1005,#1006,#1007,#1008,
#1009,#1010,#1011,#1012,#1013,#1014,#1015,#1016,#1017,#1018,#1019,#1020,
#1021,#1022),.UNSPECIFIED.,.F.,.F.,(4,1,1,1,1,1,1,1,1,1,1,1,1,1,1,1,1,1,
1,1,1,1,1,1,1,1,1,1,1,1,1,1,1,1,1,1,1,1,1,1,1,1,1,1,1,1,1,1,1,1,1,1,1,1,
1,1,1,1,1,1,1,1,1,1,1,1,1,1,1,1,1,1,1,1,1,1,1,1,1,1,1,1,1,1,1,1,1,1,1,1,
1,1,1,1,1,1,1,1,1,1,1,1,1,1,1,1,1,1,1,1,1,1,1,1,1,1,1,1,1,1,1,1,1,1,1,1,
1,1,1,1,1,1,1,1,1,1,1,1,1,1,1,1,1,1,1,1,1,1,1,1,1,1,1,1,1,1,1,1,1,1,1,1,
1,1,1,1,1,1,1,1,1,1,1,1,1,1,1,1,1,1,1,1,1,1,1,1,1,1,1,1,1,1,1,1,1,1,1,1,
1,1,1,1,1,1,1,1,1,1,1,1,1,1,1,1,1,1,1,1,1,1,1,1,1,1,1,1,1,1,1,1,1,1,1,1,
1,1,1,1,1,1,1,4),(0.745258061197921,0.748017866367342,0.750777671536762,
0.753537476706182,0.754917379290893,0.756297281875603,0.757677184460313,
0.759057087045023,0.760436989629734,0.761126940922089,0.761816892214444,
0.762506843506799,0.763196794799154,0.763886746091509,0.764576697383864,
0.764921673030042,0.765266648676219,0.765611624322397,0.765956599968574,
0.766301575614752,0.766474063437841,0.76664655126093,0.766819039084018,
0.766991526907107,0.767164014730196,0.76725025864174,0.767336502553285,
0.767422746464829,0.767508990376373,0.767595234287918,0.767681478199462,
0.767724600155234,0.767767722111006,0.767810844066779,0.767853966022551,
0.767897087978323,0.767940209934095,0.767961770911981,0.767983331889867,
0.768004892867754,0.76802645384564,0.768048014823526,0.768069575801412,
0.768080356290355,0.768091136779298,0.768101917268241,0.768112697757184,
0.768123478246127,0.768128868490599,0.76813425873507,0.768139648979542,
0.768145039224013,0.768150429468485,0.768155819712956,0.768166600201899,
0.768177380690842,0.768188161179785,0.768198941668728,0.768209722157671,
0.768220502646615,0.768242063624501,0.768263624602387,0.768285185580273,
0.768306746558159,0.768328307536045,0.768371429491817,0.768414551447589,
0.768457673403362,0.768500795359134,0.768543917314906,0.768587039270678,
0.76863016122645,0.768716405137995,0.768802649049539,0.768888892961084,
0.768975136872628,0.769061380784172,0.769233868607261,0.76940635643035,
0.769578844253439,0.769751332076528,0.769923819899616,0.770096307722705,
0.770441283368883,0.77078625901506,0.771131234661238,0.771476210307415,
0.771821185953593,0.77216616159977,0.772856112892125,0.773546064184481,
0.774236015476836,0.774925966769191,0.775615918061546,0.776995820646256,
0.778375723230966,0.779065674523321,0.779755625815677,0.781135528400387,
0.782515430985097,0.783895333569807,0.786655138739228,0.789414943908648,
0.792174749078068,0.794934554247489,0.797694359416909,0.80045416458633,
0.805973774925171,0.808733580094591,0.811493385264011,0.817012995602852,
0.822532605941693,0.825292411111113,0.828052216280534,0.830812021449954,
0.832191924034664,0.833571826619375,0.834951729204085,0.836331631788795,
0.839091436958215,0.840471339542926,0.841851242127636,0.843231144712346,
0.844611047297056,0.845990949881767,0.847370852466477,0.848060803758832,
0.848750755051187,0.849440706343542,0.850130657635897,0.850820608928252,
0.851510560220607,0.852200511512963,0.852890462805318,0.854270365390028,
0.855650267974738,0.857030170559448,0.858410073144158,0.859789975728869,
0.861169878313579,0.863929683482999,0.86668948865242,0.86806939123713,0.86944929382184,
0.87082919640655,0.872209098991261,0.874968904160681,0.877728709330101,
0.883248319668942,0.888767930007783,0.891527735177203,0.894287540346624,
0.897047345516044,0.899807150685465,0.905326761024305,0.910846371363146,
0.913606176532567,0.914986079117277,0.916365981701987,0.917745884286697,
0.918435835579053,0.919125786871408,0.920505689456118,0.921885592040828,
0.924645397210248,0.927405202379669,0.928785104964379,0.930165007549089,
0.931544910133799,0.93292481271851,0.93430471530322,0.934994666595575,0.93568461788793,
0.936374569180285,0.93706452047264,0.937754471764995,0.938444423057351,
0.939824325642061,0.941204228226771,0.942584130811481,0.943964033396191,
0.945343935980902,0.946723838565612,0.949483643735032,0.952243448904453,
0.953623351489163,0.955003254073873,0.956383156658583,0.957763059243294,
0.960522864412714,0.966042474751555,0.971562085090395,0.977081695429236,
0.979841500598657,0.982601305768077,0.985361110937498,0.988120916106918,
0.989500818691628,0.990880721276338,0.992260623861049,0.993640526445759,
0.995020429030469,0.996400331615179,0.997090282907534,0.997780234199889,
0.998470185492245,0.9991601367846,0.999850088076955,1.00019506372313,1.00054003936931,
1.00122999066166,1.00191994195402,1.00260989324637,1.00329984453873,1.00467974712344,
1.00605964970815,1.00743955229286,1.00881945487757,1.01019935746228,1.01157926004699,
1.0129591626317,1.01571896780112,1.01847877297054,1.02123857813996,1.02399838330938,
1.0267581884788,1.02951799364822,1.03227779881764,1.03779740915649,1.04331701949533,
1.04883662983417,1.05435624017301,1.05987585051185,1.06539546085069,1.07091507118953,
1.07367487635895,1.07643468152837,1.07919448669779,1.08195429186721,1.08747390220605,
1.09299351254489,1.09851312288373),.UNSPECIFIED.);
#284=B_SPLINE_CURVE_WITH_KNOTS('',3,(#1027,#1028,#1029,#1030,#1031,#1032,
#1033,#1034,#1035,#1036,#1037,#1038,#1039,#1040,#1041,#1042,#1043,#1044,
#1045,#1046,#1047,#1048,#1049,#1050,#1051,#1052,#1053,#1054,#1055,#1056,
#1057,#1058,#1059,#1060,#1061,#1062,#1063,#1064,#1065,#1066,#1067,#1068,
#1069,#1070,#1071,#1072,#1073,#1074,#1075,#1076,#1077,#1078,#1079,#1080,
#1081,#1082,#1083,#1084,#1085,#1086,#1087,#1088,#1089,#1090,#1091,#1092,
#1093,#1094,#1095,#1096,#1097,#1098,#1099,#1100,#1101,#1102,#1103,#1104,
#1105,#1106,#1107,#1108,#1109,#1110,#1111,#1112,#1113,#1114,#1115,#1116,
#1117,#1118,#1119,#1120,#1121,#1122,#1123,#1124,#1125,#1126,#1127,#1128,
#1129,#1130,#1131,#1132,#1133,#1134,#1135,#1136,#1137,#1138,#1139,#1140,
#1141,#1142,#1143,#1144,#1145,#1146,#1147,#1148,#1149,#1150,#1151,#1152,
#1153,#1154,#1155,#1156,#1157,#1158,#1159,#1160,#1161,#1162,#1163,#1164,
#1165,#1166,#1167,#1168,#1169,#1170,#1171,#1172,#1173,#1174,#1175,#1176,
#1177,#1178,#1179,#1180,#1181,#1182,#1183,#1184,#1185,#1186,#1187,#1188,
#1189,#1190,#1191,#1192,#1193,#1194,#1195,#1196,#1197,#1198,#1199,#1200,
#1201,#1202,#1203,#1204,#1205,#1206,#1207,#1208,#1209,#1210,#1211,#1212,
#1213,#1214,#1215,#1216,#1217,#1218,#1219,#1220,#1221,#1222,#1223,#1224,
#1225,#1226,#1227,#1228,#1229,#1230,#1231,#1232,#1233,#1234,#1235,#1236,
#1237,#1238,#1239,#1240,#1241,#1242,#1243,#1244,#1245,#1246,#1247,#1248,
#1249,#1250,#1251,#1252,#1253,#1254,#1255,#1256,#1257,#1258,#1259,#1260,
#1261,#1262,#1263,#1264,#1265,#1266,#1267,#1268,#1269,#1270),
 .UNSPECIFIED.,.F.,.F.,(4,1,1,1,1,1,1,1,1,1,1,1,1,1,1,1,1,1,1,1,1,1,1,1,
1,1,1,1,1,1,1,1,1,1,1,1,1,1,1,1,1,1,1,1,1,1,1,1,1,1,1,1,1,1,1,1,1,1,1,1,
1,1,1,1,1,1,1,1,1,1,1,1,1,1,1,1,1,1,1,1,1,1,1,1,1,1,1,1,1,1,1,1,1,1,1,1,
1,1,1,1,1,1,1,1,1,1,1,1,1,1,1,1,1,1,1,1,1,1,1,1,1,1,1,1,1,1,1,1,1,1,1,1,
1,1,1,1,1,1,1,1,1,1,1,1,1,1,1,1,1,1,1,1,1,1,1,1,1,1,1,1,1,1,1,1,1,1,1,1,
1,1,1,1,1,1,1,1,1,1,1,1,1,1,1,1,1,1,1,1,1,1,1,1,1,1,1,1,1,1,1,1,1,1,1,1,
1,1,1,1,1,1,1,1,1,1,1,1,1,1,1,1,1,1,1,1,1,1,1,1,1,1,1,1,1,1,1,1,1,1,1,1,
1,4),(0.745258061197921,0.748017866367342,0.750777671536762,0.753537476706182,
0.754917379290893,0.756297281875603,0.757677184460313,0.759057087045023,
0.760436989629734,0.761126940922089,0.761816892214444,0.762506843506799,
0.763196794799154,0.763886746091509,0.764576697383864,0.764921673030042,
0.765266648676219,0.765611624322397,0.765956599968574,0.766301575614752,
0.766474063437841,0.76664655126093,0.766819039084018,0.766991526907107,
0.767164014730196,0.76725025864174,0.767336502553285,0.767422746464829,
0.767508990376373,0.767595234287918,0.767681478199462,0.767724600155234,
0.767767722111006,0.767810844066779,0.767853966022551,0.767897087978323,
0.767940209934095,0.767961770911981,0.767983331889867,0.768004892867754,
0.76802645384564,0.768048014823526,0.768069575801412,0.768080356290355,
0.768091136779298,0.768101917268241,0.768112697757184,0.768123478246127,
0.768128868490599,0.76813425873507,0.768139648979542,0.768145039224013,
0.768150429468485,0.768155819712956,0.768166600201899,0.768177380690842,
0.768188161179785,0.768198941668728,0.768209722157671,0.768220502646615,
0.768242063624501,0.768263624602387,0.768285185580273,0.768306746558159,
0.768328307536045,0.768371429491817,0.768414551447589,0.768457673403362,
0.768500795359134,0.768543917314906,0.768587039270678,0.76863016122645,
0.768716405137995,0.768802649049539,0.768888892961084,0.768975136872628,
0.769061380784172,0.769233868607261,0.76940635643035,0.769578844253439,
0.769751332076528,0.769923819899616,0.770096307722705,0.770441283368883,
0.77078625901506,0.771131234661238,0.771476210307415,0.771821185953593,
0.77216616159977,0.772856112892125,0.773546064184481,0.774236015476836,
0.774925966769191,0.775615918061546,0.776995820646256,0.778375723230966,
0.779065674523321,0.779755625815677,0.781135528400387,0.782515430985097,
0.783895333569807,0.786655138739228,0.789414943908648,0.792174749078068,
0.794934554247489,0.797694359416909,0.80045416458633,0.805973774925171,
0.808733580094591,0.811493385264011,0.817012995602852,0.822532605941693,
0.825292411111113,0.828052216280534,0.830812021449954,0.832191924034664,
0.833571826619375,0.834951729204085,0.836331631788795,0.839091436958215,
0.840471339542926,0.841851242127636,0.843231144712346,0.844611047297056,
0.845990949881767,0.847370852466477,0.848060803758832,0.848750755051187,
0.849440706343542,0.850130657635897,0.850820608928252,0.851510560220607,
0.852200511512963,0.852890462805318,0.854270365390028,0.855650267974738,
0.857030170559448,0.858410073144158,0.859789975728869,0.861169878313579,
0.863929683482999,0.86668948865242,0.86806939123713,0.86944929382184,0.87082919640655,
0.872209098991261,0.874968904160681,0.877728709330101,0.883248319668942,
0.888767930007783,0.891527735177203,0.894287540346624,0.897047345516044,
0.899807150685465,0.905326761024305,0.910846371363146,0.913606176532567,
0.914986079117277,0.916365981701987,0.917745884286697,0.918435835579053,
0.919125786871408,0.920505689456118,0.921885592040828,0.924645397210248,
0.927405202379669,0.928785104964379,0.930165007549089,0.931544910133799,
0.93292481271851,0.93430471530322,0.934994666595575,0.93568461788793,0.936374569180285,
0.93706452047264,0.937754471764995,0.938444423057351,0.939824325642061,
0.941204228226771,0.942584130811481,0.943964033396191,0.945343935980902,
0.946723838565612,0.949483643735032,0.952243448904453,0.953623351489163,
0.955003254073873,0.956383156658583,0.957763059243294,0.960522864412714,
0.966042474751555,0.971562085090395,0.977081695429236,0.979841500598657,
0.982601305768077,0.985361110937498,0.988120916106918,0.989500818691628,
0.990880721276338,0.992260623861049,0.993640526445759,0.995020429030469,
0.996400331615179,0.997090282907534,0.997780234199889,0.998470185492245,
0.9991601367846,0.999850088076955,1.00019506372313,1.00054003936931,1.00122999066166,
1.00191994195402,1.00260989324637,1.00329984453873,1.00467974712344,1.00605964970815,
1.00743955229286,1.00881945487757,1.01019935746228,1.01157926004699,1.0129591626317,
1.01571896780112,1.01847877297054,1.02123857813996,1.02399838330938,1.0267581884788,
1.02951799364822,1.03227779881764,1.03779740915649,1.04331701949533,1.04883662983417,
1.05435624017301,1.05987585051185,1.06539546085069,1.07091507118953,1.07367487635895,
1.07643468152837,1.07919448669779,1.08195429186721,1.08747390220605,1.09299351254489,
1.09851312288373),.UNSPECIFIED.);
#285=B_SPLINE_CURVE_WITH_KNOTS('',3,(#1319,#1320,#1321,#1322,#1323,#1324,
#1325,#1326,#1327,#1328,#1329,#1330,#1331,#1332,#1333,#1334,#1335,#1336,
#1337,#1338,#1339,#1340,#1341,#1342,#1343,#1344,#1345,#1346,#1347,#1348,
#1349,#1350,#1351),.UNSPECIFIED.,.F.,.F.,(4,1,1,1,1,1,1,1,1,1,1,1,1,1,1,
1,1,1,1,1,1,1,1,1,1,1,1,1,1,1,4),(0.135252255968516,0.13792068723191,0.140589118495305,
0.1432575497587,0.144591765390397,0.145925981022094,0.147260196653792,0.148594412285489,
0.149928627917187,0.151262843548884,0.151929951364733,0.152597059180582,
0.15326416699643,0.153931274812279,0.154598382628128,0.154931936536052,
0.155265490443976,0.155932598259825,0.156599706075674,0.157266813891522,
0.157933921707371,0.159268137339068,0.160602352970765,0.161936568602463,
0.16327078423416,0.164604999865857,0.167273431129252,0.169941862392647,
0.172610293656041,0.175278724919436,0.177947156182831),.UNSPECIFIED.);
#286=B_SPLINE_CURVE_WITH_KNOTS('',3,(#1353,#1354,#1355,#1356,#1357,#1358,
#1359,#1360,#1361,#1362,#1363,#1364,#1365,#1366,#1367,#1368,#1369,#1370,
#1371,#1372,#1373,#1374,#1375,#1376,#1377,#1378,#1379,#1380,#1381,#1382,
#1383,#1384,#1385),.UNSPECIFIED.,.F.,.F.,(4,1,1,1,1,1,1,1,1,1,1,1,1,1,1,
1,1,1,1,1,1,1,1,1,1,1,1,1,1,1,4),(0.135252255968516,0.13792068723191,0.140589118495305,
0.1432575497587,0.144591765390397,0.145925981022094,0.147260196653792,0.148594412285489,
0.149928627917187,0.151262843548884,0.151929951364733,0.152597059180582,
0.15326416699643,0.153931274812279,0.154598382628128,0.154931936536052,
0.155265490443976,0.155932598259825,0.156599706075674,0.157266813891522,
0.157933921707371,0.159268137339068,0.160602352970765,0.161936568602463,
0.16327078423416,0.164604999865857,0.167273431129252,0.169941862392647,
0.172610293656041,0.175278724919436,0.177947156182831),.UNSPECIFIED.);
#287=B_SPLINE_CURVE_WITH_KNOTS('',3,(#1446,#1447,#1448,#1449,#1450,#1451,
#1452,#1453,#1454,#1455,#1456,#1457,#1458,#1459,#1460,#1461,#1462,#1463,
#1464,#1465,#1466,#1467,#1468,#1469,#1470,#1471,#1472,#1473,#1474,#1475,
#1476,#1477,#1478,#1479,#1480,#1481,#1482,#1483,#1484,#1485,#1486,#1487,
#1488,#1489),.UNSPECIFIED.,.F.,.F.,(4,1,1,1,1,1,1,1,1,1,1,1,1,1,1,1,1,1,
1,1,1,1,1,1,1,1,1,1,1,1,1,1,1,1,1,1,1,1,1,1,1,4),(0.189566671195982,0.193211737923238,
0.196856804650494,0.20050187137775,0.204146938105006,0.205969471468634,
0.207792004832262,0.209614538195889,0.210525804877704,0.211437071559517,
0.213259604923146,0.215082138286773,0.216904671650402,0.21872720501403,
0.220549738377657,0.222372271741286,0.224194805104913,0.225106071786727,
0.226017338468542,0.226928605150356,0.227839871832169,0.228751138513983,
0.229662405195797,0.230573671877612,0.231029305218518,0.231484938559426,
0.231940571900333,0.232396205241239,0.232851838582147,0.233307471923053,
0.23376310526396,0.234218738604867,0.235130005286682,0.236041271968496,
0.236952538650309,0.237863805332123,0.238775072013937,0.240597605377565,
0.242420138741193,0.244242672104821,0.246065205468449,0.247887738832077),
 .UNSPECIFIED.);
#288=B_SPLINE_CURVE_WITH_KNOTS('',3,(#1491,#1492,#1493,#1494,#1495,#1496,
#1497,#1498,#1499,#1500,#1501,#1502,#1503,#1504,#1505,#1506,#1507,#1508,
#1509,#1510,#1511,#1512,#1513,#1514,#1515,#1516,#1517,#1518,#1519,#1520,
#1521,#1522,#1523,#1524,#1525,#1526,#1527,#1528,#1529,#1530,#1531,#1532,
#1533,#1534),.UNSPECIFIED.,.F.,.F.,(4,1,1,1,1,1,1,1,1,1,1,1,1,1,1,1,1,1,
1,1,1,1,1,1,1,1,1,1,1,1,1,1,1,1,1,1,1,1,1,1,1,4),(0.189566671195982,0.193211737923238,
0.196856804650494,0.20050187137775,0.204146938105006,0.205969471468634,
0.207792004832262,0.209614538195889,0.210525804877704,0.211437071559517,
0.213259604923146,0.215082138286773,0.216904671650402,0.21872720501403,
0.220549738377657,0.222372271741286,0.224194805104913,0.225106071786727,
0.226017338468542,0.226928605150356,0.227839871832169,0.228751138513983,
0.229662405195797,0.230573671877612,0.231029305218518,0.231484938559426,
0.231940571900333,0.232396205241239,0.232851838582147,0.233307471923053,
0.23376310526396,0.234218738604867,0.235130005286682,0.236041271968496,
0.236952538650309,0.237863805332123,0.238775072013937,0.240597605377565,
0.242420138741193,0.244242672104821,0.246065205468449,0.247887738832077),
 .UNSPECIFIED.);
#289=B_SPLINE_CURVE_WITH_KNOTS('',3,(#1673,#1674,#1675,#1676,#1677,#1678,
#1679,#1680,#1681,#1682,#1683,#1684,#1685,#1686,#1687,#1688,#1689,#1690,
#1691,#1692,#1693,#1694,#1695,#1696,#1697,#1698,#1699,#1700,#1701,#1702,
#1703,#1704,#1705,#1706,#1707,#1708,#1709,#1710,#1711,#1712,#1713,#1714,
#1715,#1716,#1717,#1718,#1719,#1720,#1721,#1722,#1723,#1724,#1725,#1726,
#1727,#1728,#1729,#1730,#1731,#1732,#1733,#1734,#1735,#1736,#1737,#1738,
#1739,#1740,#1741,#1742,#1743,#1744,#1745,#1746,#1747,#1748,#1749,#1750,
#1751,#1752,#1753,#1754,#1755,#1756,#1757,#1758,#1759,#1760,#1761,#1762,
#1763,#1764,#1765,#1766,#1767,#1768,#1769,#1770,#1771,#1772,#1773,#1774,
#1775,#1776),.UNSPECIFIED.,.F.,.F.,(4,1,1,1,1,1,1,1,1,1,1,1,1,1,1,1,1,1,
1,1,1,1,1,1,1,1,1,1,1,1,1,1,1,1,1,1,1,1,1,1,1,1,1,1,1,1,1,1,1,1,1,1,1,1,
1,1,1,1,1,1,1,1,1,1,1,1,1,1,1,1,1,1,1,1,1,1,1,1,1,1,1,1,1,1,1,1,1,1,1,1,
1,1,1,1,1,1,1,1,1,1,1,4),(0.290103273600818,0.298020498896323,0.305937724191828,
0.309896336839581,0.313854949487333,0.317813562135085,0.321772174782838,
0.329689400078343,0.337606625373848,0.345523850669353,0.353441075964858,
0.361358301260363,0.365316913908115,0.369275526555868,0.37323413920362,
0.377192751851372,0.381151364499125,0.385109977146878,0.38906858979463,
0.391047896118506,0.393027202442383,0.395006508766259,0.396985815090135,
0.398965121414011,0.400944427737887,0.401934080899826,0.402923734061764,
0.403913387223702,0.40490304038564,0.405892693547578,0.406387520128547,
0.406882346709516,0.407377173290486,0.407871999871455,0.408366826452424,
0.408861653033393,0.409356479614362,0.409851306195331,0.410346132776299,
0.410840959357268,0.411335785938237,0.411830612519206,0.412820265681145,
0.413809918843083,0.414799572005021,0.415789225166959,0.416778878328898,
0.418758184652773,0.42073749097665,0.422716797300526,0.424696103624402,
0.426675409948279,0.428654716272155,0.429644369434093,0.430634022596031,
0.432613328919908,0.434592635243783,0.43657194156766,0.440530554215412,
0.444489166863164,0.448447779510917,0.45240639215867,0.456365004806422,
0.45735465796836,0.458344311130298,0.460323617454175,0.462302923778051,
0.464282230101927,0.466261536425803,0.46824084274968,0.470220149073556,
0.471209802235494,0.472199455397432,0.47318910855937,0.474178761721308,
0.475168414883246,0.476158068045185,0.477147721207123,0.478137374369061,
0.480116680692937,0.482095987016813,0.48407529334069,0.486054599664566,
0.488033905988442,0.490013212312318,0.491992518636194,0.493971824960071,
0.495951131283947,0.499909743931699,0.503868356579452,0.507826969227204,
0.511785581874957,0.515744194522709,0.519702807170462,0.523661419818214,
0.527620032465967,0.531578645113719,0.535537257761472,0.537516564085348,
0.539495870409224,0.5414751767331,0.543454483056977),.UNSPECIFIED.);
#290=B_SPLINE_CURVE_WITH_KNOTS('',3,(#1778,#1779,#1780,#1781,#1782,#1783,
#1784,#1785,#1786,#1787,#1788,#1789,#1790,#1791,#1792,#1793,#1794,#1795,
#1796,#1797,#1798,#1799,#1800,#1801,#1802,#1803,#1804,#1805,#1806,#1807,
#1808,#1809,#1810,#1811,#1812,#1813,#1814,#1815,#1816,#1817,#1818,#1819,
#1820,#1821,#1822,#1823,#1824,#1825,#1826,#1827,#1828,#1829,#1830,#1831,
#1832,#1833,#1834,#1835,#1836,#1837,#1838,#1839,#1840,#1841,#1842,#1843,
#1844,#1845,#1846,#1847,#1848,#1849,#1850,#1851,#1852,#1853,#1854,#1855,
#1856,#1857,#1858,#1859,#1860,#1861,#1862,#1863,#1864,#1865,#1866,#1867,
#1868,#1869,#1870,#1871,#1872,#1873,#1874,#1875,#1876,#1877,#1878,#1879,
#1880,#1881),.UNSPECIFIED.,.F.,.F.,(4,1,1,1,1,1,1,1,1,1,1,1,1,1,1,1,1,1,
1,1,1,1,1,1,1,1,1,1,1,1,1,1,1,1,1,1,1,1,1,1,1,1,1,1,1,1,1,1,1,1,1,1,1,1,
1,1,1,1,1,1,1,1,1,1,1,1,1,1,1,1,1,1,1,1,1,1,1,1,1,1,1,1,1,1,1,1,1,1,1,1,
1,1,1,1,1,1,1,1,1,1,1,4),(0.290103273600818,0.298020498896323,0.305937724191828,
0.309896336839581,0.313854949487333,0.317813562135085,0.321772174782838,
0.329689400078343,0.337606625373848,0.345523850669353,0.353441075964858,
0.361358301260363,0.365316913908115,0.369275526555868,0.37323413920362,
0.377192751851372,0.381151364499125,0.385109977146878,0.38906858979463,
0.391047896118506,0.393027202442383,0.395006508766259,0.396985815090135,
0.398965121414011,0.400944427737887,0.401934080899826,0.402923734061764,
0.403913387223702,0.40490304038564,0.405892693547578,0.406387520128547,
0.406882346709516,0.407377173290486,0.407871999871455,0.408366826452424,
0.408861653033393,0.409356479614362,0.409851306195331,0.410346132776299,
0.410840959357268,0.411335785938237,0.411830612519206,0.412820265681145,
0.413809918843083,0.414799572005021,0.415789225166959,0.416778878328898,
0.418758184652773,0.42073749097665,0.422716797300526,0.424696103624402,
0.426675409948279,0.428654716272155,0.429644369434093,0.430634022596031,
0.432613328919908,0.434592635243783,0.43657194156766,0.440530554215412,
0.444489166863164,0.448447779510917,0.45240639215867,0.456365004806422,
0.45735465796836,0.458344311130298,0.460323617454175,0.462302923778051,
0.464282230101927,0.466261536425803,0.46824084274968,0.470220149073556,
0.471209802235494,0.472199455397432,0.47318910855937,0.474178761721308,
0.475168414883246,0.476158068045185,0.477147721207123,0.478137374369061,
0.480116680692937,0.482095987016813,0.48407529334069,0.486054599664566,
0.488033905988442,0.490013212312318,0.491992518636194,0.493971824960071,
0.495951131283947,0.499909743931699,0.503868356579452,0.507826969227204,
0.511785581874957,0.515744194522709,0.519702807170462,0.523661419818214,
0.527620032465967,0.531578645113719,0.535537257761472,0.537516564085348,
0.539495870409224,0.5414751767331,0.543454483056977),.UNSPECIFIED.);
#291=B_SPLINE_CURVE_WITH_KNOTS('',3,(#1998,#1999,#2000,#2001,#2002,#2003,
#2004,#2005,#2006,#2007,#2008,#2009,#2010,#2011,#2012,#2013,#2014,#2015,
#2016,#2017,#2018,#2019,#2020,#2021,#2022,#2023,#2024,#2025,#2026,#2027,
#2028,#2029,#2030,#2031,#2032,#2033,#2034,#2035,#2036,#2037,#2038,#2039,
#2040,#2041,#2042,#2043,#2044,#2045,#2046,#2047,#2048,#2049,#2050,#2051,
#2052,#2053,#2054,#2055,#2056,#2057,#2058,#2059,#2060,#2061,#2062,#2063,
#2064,#2065,#2066,#2067,#2068,#2069,#2070,#2071,#2072,#2073,#2074,#2075,
#2076,#2077,#2078,#2079,#2080,#2081,#2082,#2083),.UNSPECIFIED.,.F.,.F.,
(4,1,1,1,1,1,1,1,1,1,1,1,1,1,1,1,1,1,1,1,1,1,1,1,1,1,1,1,1,1,1,1,1,1,1,
1,1,1,1,1,1,1,1,1,1,1,1,1,1,1,1,1,1,1,1,1,1,1,1,1,1,1,1,1,1,1,1,1,1,1,1,
1,1,1,1,1,1,1,1,1,1,1,1,4),(0.545292604401403,0.545750307912894,0.546208011424384,
0.546665714935875,0.547123418447366,0.547352270203111,0.547581121958856,
0.547809973714602,0.548038825470347,0.548496528981838,0.548954232493328,
0.549411936004819,0.54986963951631,0.5503273430278,0.550785046539291,0.551700453562272,
0.552615860585254,0.553531267608235,0.554446674631216,0.555362081654198,
0.556277488677179,0.558108302723142,0.559939116769104,0.561769930815067,
0.56360074486103,0.565431558906992,0.567262372952955,0.57092400104488,0.572754815090843,
0.574585629136806,0.578247257228731,0.581908885320656,0.585570513412582,
0.589232141504507,0.592893769596432,0.594724583642395,0.596555397688358,
0.59838621173432,0.600217025780283,0.603878653872208,0.607540281964134,
0.611201910056059,0.614863538147984,0.616694352193947,0.618525166239909,
0.619440573262891,0.620355980285872,0.622186794331835,0.624017608377797,
0.624933015400779,0.62584842242376,0.626763829446742,0.627679236469723,
0.628594643492704,0.629510050515685,0.630425457538667,0.630883161050157,
0.631340864561648,0.631798568073139,0.632256271584629,0.63271397509612,
0.633171678607611,0.633629382119101,0.634087085630592,0.634544789142083,
0.635002492653573,0.635917899676555,0.636833306699536,0.637748713722517,
0.638664120745499,0.63957952776848,0.640494934791461,0.642325748837424,
0.644156562883387,0.645987376929349,0.647818190975312,0.649649005021275,
0.651479819067237,0.6533106331132,0.654226040136181,0.655141447159163,0.656972261205125,
0.658803075251088,0.662464703343013),.UNSPECIFIED.);
#292=B_SPLINE_CURVE_WITH_KNOTS('',3,(#2085,#2086,#2087,#2088,#2089,#2090,
#2091,#2092,#2093,#2094,#2095,#2096,#2097,#2098,#2099,#2100,#2101,#2102,
#2103,#2104,#2105,#2106,#2107,#2108,#2109,#2110,#2111,#2112,#2113,#2114,
#2115,#2116,#2117,#2118,#2119,#2120,#2121,#2122,#2123,#2124,#2125,#2126,
#2127,#2128,#2129,#2130,#2131,#2132,#2133,#2134,#2135,#2136,#2137,#2138,
#2139,#2140,#2141,#2142,#2143,#2144,#2145,#2146,#2147,#2148,#2149,#2150,
#2151,#2152,#2153,#2154,#2155,#2156,#2157,#2158,#2159,#2160,#2161,#2162,
#2163,#2164,#2165,#2166,#2167,#2168,#2169,#2170),.UNSPECIFIED.,.F.,.F.,
(4,1,1,1,1,1,1,1,1,1,1,1,1,1,1,1,1,1,1,1,1,1,1,1,1,1,1,1,1,1,1,1,1,1,1,
1,1,1,1,1,1,1,1,1,1,1,1,1,1,1,1,1,1,1,1,1,1,1,1,1,1,1,1,1,1,1,1,1,1,1,1,
1,1,1,1,1,1,1,1,1,1,1,1,4),(0.545292604401403,0.545750307912894,0.546208011424384,
0.546665714935875,0.547123418447366,0.547352270203111,0.547581121958856,
0.547809973714602,0.548038825470347,0.548496528981838,0.548954232493328,
0.549411936004819,0.54986963951631,0.5503273430278,0.550785046539291,0.551700453562272,
0.552615860585254,0.553531267608235,0.554446674631216,0.555362081654198,
0.556277488677179,0.558108302723142,0.559939116769104,0.561769930815067,
0.56360074486103,0.565431558906992,0.567262372952955,0.57092400104488,0.572754815090843,
0.574585629136806,0.578247257228731,0.581908885320656,0.585570513412582,
0.589232141504507,0.592893769596432,0.594724583642395,0.596555397688358,
0.59838621173432,0.600217025780283,0.603878653872208,0.607540281964134,
0.611201910056059,0.614863538147984,0.616694352193947,0.618525166239909,
0.619440573262891,0.620355980285872,0.622186794331835,0.624017608377797,
0.624933015400779,0.62584842242376,0.626763829446742,0.627679236469723,
0.628594643492704,0.629510050515685,0.630425457538667,0.630883161050157,
0.631340864561648,0.631798568073139,0.632256271584629,0.63271397509612,
0.633171678607611,0.633629382119101,0.634087085630592,0.634544789142083,
0.635002492653573,0.635917899676555,0.636833306699536,0.637748713722517,
0.638664120745499,0.63957952776848,0.640494934791461,0.642325748837424,
0.644156562883387,0.645987376929349,0.647818190975312,0.649649005021275,
0.651479819067237,0.6533106331132,0.654226040136181,0.655141447159163,0.656972261205125,
0.658803075251088,0.662464703343013),.UNSPECIFIED.);
#293=B_SPLINE_CURVE_WITH_KNOTS('',3,(#2209,#2210,#2211,#2212,#2213,#2214,
#2215,#2216,#2217,#2218,#2219,#2220,#2221,#2222,#2223,#2224,#2225,#2226,
#2227,#2228,#2229,#2230,#2231,#2232,#2233,#2234,#2235,#2236),
 .UNSPECIFIED.,.F.,.F.,(4,1,1,1,1,1,1,1,1,1,1,1,1,1,1,1,1,1,1,1,1,1,1,1,
1,4),(0.676632084057471,0.679833664925657,0.683035245793844,0.68623682666203,
0.687837617096123,0.689438407530216,0.691039197964309,0.691839593181356,
0.692639988398402,0.694240778832495,0.695841569266588,0.699043150134774,
0.70224473100296,0.705446311871146,0.708647892739333,0.711849473607519,
0.715051054475705,0.716651844909798,0.718252635343891,0.719853425777984,
0.720653820995031,0.721454216212077,0.72305500664617,0.724655797080263,
0.726256587514356,0.727857377948449),.UNSPECIFIED.);
#294=B_SPLINE_CURVE_WITH_KNOTS('',3,(#2237,#2238,#2239,#2240,#2241,#2242,
#2243,#2244,#2245,#2246,#2247,#2248,#2249,#2250,#2251,#2252,#2253,#2254,
#2255,#2256,#2257,#2258,#2259,#2260,#2261,#2262,#2263,#2264),
 .UNSPECIFIED.,.F.,.F.,(4,1,1,1,1,1,1,1,1,1,1,1,1,1,1,1,1,1,1,1,1,1,1,1,
1,4),(0.676632084057471,0.679833664925657,0.683035245793844,0.68623682666203,
0.687837617096123,0.689438407530216,0.691039197964309,0.691839593181356,
0.692639988398402,0.694240778832495,0.695841569266588,0.699043150134774,
0.70224473100296,0.705446311871146,0.708647892739333,0.711849473607519,
0.715051054475705,0.716651844909798,0.718252635343891,0.719853425777984,
0.720653820995031,0.721454216212077,0.72305500664617,0.724655797080263,
0.726256587514356,0.727857377948449),.UNSPECIFIED.);
#295=B_SPLINE_CURVE_WITH_KNOTS('',3,(#2357,#2358,#2359,#2360,#2361,#2362,
#2363,#2364,#2365,#2366,#2367,#2368,#2369,#2370,#2371,#2372,#2373,#2374,
#2375,#2376,#2377,#2378,#2379,#2380,#2381,#2382,#2383,#2384,#2385,#2386,
#2387,#2388,#2389,#2390,#2391,#2392,#2393,#2394,#2395,#2396,#2397,#2398,
#2399,#2400,#2401,#2402),.UNSPECIFIED.,.T.,.F.,(1,3,1,1,1,1,1,1,1,1,1,1,
1,1,1,1,1,1,1,1,1,1,1,1,1,1,1,1,1,1,1,1,1,1,1,1,1,1,1,1,1,1,1,1,3,1),(-0.0213159191159654,
0.,0.0316366664689419,0.0757099676299638,0.114916119896585,0.128540803945725,
0.154786568138453,0.178408382973002,0.18891828177533,0.210112569027804,
0.233734383862353,0.265217484199261,0.27940638660623,0.313929239919937,
0.347013949956574,0.387521382065979,0.409265058924112,0.430365197122421,
0.458063051246003,0.473698878489538,0.491061327336057,0.518070152175922,
0.544503651671946,0.548682503363406,0.571602734147099,0.596539297597293,
0.619149375407644,0.633122205135926,0.653889950599971,0.671741165075627,
0.691590060487731,0.721035026581885,0.739581646056816,0.767107743934672,
0.779372023444008,0.80668626594524,0.834073987631152,0.850589969667788,
0.869783147076514,0.894480290981208,0.918930851261594,0.935978976836433,
0.953027108669703,0.978684080884035,1.,1.03163666646894),.UNSPECIFIED.);
#296=B_SPLINE_CURVE_WITH_KNOTS('',3,(#2404,#2405,#2406,#2407,#2408,#2409,
#2410,#2411,#2412,#2413,#2414,#2415,#2416,#2417,#2418,#2419,#2420,#2421,
#2422,#2423,#2424,#2425,#2426,#2427,#2428,#2429,#2430,#2431,#2432,#2433,
#2434,#2435,#2436,#2437,#2438,#2439,#2440,#2441,#2442,#2443,#2444,#2445,
#2446,#2447,#2448,#2449),.UNSPECIFIED.,.T.,.F.,(1,3,1,1,1,1,1,1,1,1,1,1,
1,1,1,1,1,1,1,1,1,1,1,1,1,1,1,1,1,1,1,1,1,1,1,1,1,1,1,1,1,1,1,1,3,1),(-0.0213159191159654,
0.,0.0316366664689419,0.0757099676299638,0.114916119896585,0.128540803945725,
0.154786568138453,0.178408382973002,0.18891828177533,0.210112569027804,
0.233734383862353,0.265217484199261,0.27940638660623,0.313929239919937,
0.347013949956574,0.387521382065979,0.409265058924112,0.430365197122421,
0.458063051246003,0.473698878489538,0.491061327336057,0.518070152175922,
0.544503651671946,0.548682503363406,0.571602734147099,0.596539297597293,
0.619149375407644,0.633122205135926,0.653889950599971,0.671741165075627,
0.691590060487731,0.721035026581885,0.739581646056816,0.767107743934672,
0.779372023444008,0.80668626594524,0.834073987631152,0.850589969667788,
0.869783147076514,0.894480290981208,0.918930851261594,0.935978976836433,
0.953027108669703,0.978684080884035,1.,1.03163666646894),.UNSPECIFIED.);
#297=B_SPLINE_CURVE_WITH_KNOTS('',3,(#2453,#2454,#2455,#2456,#2457,#2458,
#2459,#2460,#2461,#2462,#2463,#2464,#2465,#2466,#2467,#2468,#2469,#2470,
#2471,#2472,#2473,#2474,#2475,#2476,#2477,#2478,#2479,#2480,#2481,#2482,
#2483,#2484,#2485,#2486,#2487,#2488,#2489,#2490,#2491,#2492,#2493,#2494,
#2495,#2496,#2497,#2498,#2499,#2500,#2501,#2502,#2503,#2504,#2505,#2506,
#2507,#2508,#2509,#2510,#2511,#2512,#2513,#2514,#2515,#2516),
 .UNSPECIFIED.,.F.,.F.,(4,1,1,1,1,1,1,1,1,1,1,1,1,1,1,1,1,1,1,1,1,1,1,1,
1,1,1,1,1,1,1,1,1,1,1,1,1,1,1,1,1,1,1,1,1,1,1,1,1,1,1,1,1,1,1,1,1,1,1,1,
1,4),(0.619733725844825,0.621686959590599,0.622663576463487,0.623640193336374,
0.624616810209261,0.625593427082148,0.626570043955035,0.627058352391479,
0.627546660827923,0.627790815046144,0.628034969264366,0.628279123482588,
0.62852327770081,0.628767431919032,0.629011586137253,0.629255740355475,
0.629377817464586,0.629499894573697,0.629621971682808,0.629744048791919,
0.629988203010141,0.630232357228362,0.630354434337473,0.630476511446584,
0.630598588555695,0.630720665664806,0.630842742773917,0.630964819883028,
0.63120897410125,0.631331051210361,0.631392089764916,0.631453128319471,
0.631697282537693,0.631941436755915,0.632063513865026,0.632185590974137,
0.632307668083248,0.632429745192359,0.632551822301469,0.63267389941058,
0.632734937965136,0.632795976519691,0.632918053628802,0.633040130737913,
0.633162207847024,0.633284284956135,0.633406362065246,0.633528439174357,
0.633589477728912,0.633650516283468,0.633772593392578,0.633894670501689,
0.6340167476108,0.634138824719911,0.634260901829022,0.634382978938133,0.634505056047244,
0.634627133156355,0.634871287374577,0.634993364483688,0.635115441592798,
0.63535959581102),.UNSPECIFIED.);
#298=B_SPLINE_CURVE_WITH_KNOTS('',3,(#2519,#2520,#2521,#2522,#2523,#2524,
#2525,#2526,#2527,#2528,#2529,#2530,#2531,#2532,#2533),.UNSPECIFIED.,.F.,
 .F.,(4,1,1,1,1,1,1,1,1,1,1,1,4),(0.691898794074574,0.693551445115618,0.695204096156661,
0.696856747197704,0.698509398238747,0.70016204927979,0.701814700320834,
0.70512000240292,0.708425304485007,0.711730606567093,0.715035908649179,
0.716688559690223,0.718341210731266),.UNSPECIFIED.);
#299=B_SPLINE_CURVE_WITH_KNOTS('',3,(#2535,#2536,#2537,#2538,#2539,#2540,
#2541,#2542,#2543,#2544,#2545,#2546,#2547,#2548,#2549,#2550,#2551,#2552,
#2553,#2554,#2555,#2556,#2557,#2558,#2559,#2560,#2561,#2562,#2563,#2564,
#2565,#2566,#2567,#2568,#2569,#2570,#2571,#2572,#2573,#2574,#2575,#2576,
#2577,#2578,#2579,#2580,#2581,#2582,#2583,#2584,#2585,#2586,#2587,#2588,
#2589,#2590,#2591,#2592,#2593,#2594,#2595,#2596,#2597,#2598,#2599,#2600,
#2601,#2602,#2603,#2604,#2605,#2606,#2607,#2608,#2609,#2610,#2611,#2612,
#2613,#2614,#2615,#2616,#2617,#2618,#2619,#2620,#2621,#2622,#2623,#2624,
#2625,#2626,#2627,#2628,#2629,#2630,#2631,#2632,#2633,#2634,#2635,#2636,
#2637,#2638),.UNSPECIFIED.,.F.,.F.,(4,1,1,1,1,1,1,1,1,1,1,1,1,1,1,1,1,1,
1,1,1,1,1,1,1,1,1,1,1,1,1,1,1,1,1,1,1,1,1,1,1,1,1,1,1,1,1,1,1,1,1,1,1,1,
1,1,1,1,1,1,1,1,1,1,1,1,1,1,1,1,1,1,1,1,1,1,1,1,1,1,1,1,1,1,1,1,1,1,1,1,
1,1,1,1,1,1,1,1,1,1,1,4),(0.759734778004788,0.760792315638986,0.761321084456084,
0.761849853273183,0.762378622090282,0.762907390907381,0.763436159724479,
0.763964928541578,0.764493697358677,0.764758081767226,0.765022466175775,
0.765286850584325,0.765551234992874,0.765815619401424,0.766080003809973,
0.766344388218522,0.766476580422797,0.766608772627072,0.766740964831346,
0.766873157035621,0.767005349239896,0.76713754144417,0.767269733648445,
0.767335829750582,0.76740192585272,0.767468021954857,0.767534118056994,
0.767600214159132,0.767666310261269,0.767732406363406,0.767765454414475,
0.767798502465544,0.767831550516612,0.767864598567681,0.767881122593215,
0.76789764661875,0.767914170644284,0.767930694669818,0.767947218695353,
0.767963742720887,0.767980266746421,0.767988528759189,0.767996790771956,
0.768005052784723,0.76801331479749,0.768021576810257,0.768029838823024,
0.768038100835792,0.768042231842175,0.768046362848559,0.768050493854942,
0.768054624861326,0.768062886874093,0.768067017880477,0.76807114888686,
0.768075279893244,0.768079410899627,0.768081476402819,0.768083541906011,
0.768087672912395,0.768089738415586,0.768091803918778,0.768095934925162,
0.768100065931545,0.768102131434737,0.768104196937929,0.768108327944312,
0.768110393447504,0.768112458950696,0.768114524453888,0.76811658995708,
0.768120720963463,0.768122786466655,0.768124851969847,0.768126917473039,
0.76812898297623,0.768131048479422,0.768133113982614,0.768135179485806,
0.768137244988998,0.768139310492189,0.768140343243785,0.768141375995381,
0.768143441498573,0.768145507001765,0.768147572504957,0.768149638008148,
0.768153769014532,0.768157900020915,0.768162031027299,0.768164096530491,
0.768166162033683,0.768168227536874,0.768170293040066,0.76817442404645,
0.768176489549642,0.768178555052833,0.768182686059217,0.768186817065601,
0.768188882568792,0.768190948071984,0.768195079078368),.UNSPECIFIED.);
#300=B_SPLINE_CURVE_WITH_KNOTS('',3,(#2640,#2641,#2642,#2643,#2644,#2645,
#2646,#2647,#2648,#2649,#2650,#2651,#2652,#2653),.UNSPECIFIED.,.F.,.F.,
(4,1,1,1,1,1,1,1,1,1,1,4),(0.799040421443689,0.801005677170483,0.802970932897278,
0.804936188624072,0.806901444350867,0.808866700077661,0.810831955804455,
0.814762467258044,0.818692978711633,0.822623490165222,0.826554001618811,
0.8304845130724),.UNSPECIFIED.);
#301=B_SPLINE_CURVE_WITH_KNOTS('',3,(#2655,#2656,#2657,#2658,#2659,#2660,
#2661,#2662,#2663,#2664,#2665,#2666,#2667,#2668,#2669,#2670,#2671,#2672,
#2673,#2674,#2675,#2676,#2677,#2678,#2679,#2680,#2681,#2682,#2683,#2684,
#2685,#2686,#2687,#2688,#2689,#2690,#2691,#2692,#2693,#2694,#2695,#2696,
#2697,#2698,#2699,#2700,#2701,#2702,#2703,#2704,#2705,#2706,#2707,#2708,
#2709,#2710,#2711),.UNSPECIFIED.,.F.,.F.,(4,1,1,1,1,1,1,1,1,1,1,1,1,1,1,
1,1,1,1,1,1,1,1,1,1,1,1,1,1,1,1,1,1,1,1,1,1,1,1,1,1,1,1,1,1,1,1,1,1,1,1,
1,1,1,4),(0.835885749204506,0.836750181813242,0.837614614421979,0.838479047030715,
0.839343479639451,0.841072344856924,0.84193677746566,0.842801210074397,
0.843665642683133,0.844097858987501,0.844530075291869,0.844962291596237,
0.845394507900605,0.845826724204974,0.846042832357158,0.846258940509342,
0.84669115681371,0.847123373118078,0.847555589422446,0.847987805726814,
0.848203913878999,0.848420022031183,0.848852238335551,0.849284454639919,
0.849500562792103,0.849716670944287,0.849932779096471,0.850040833172563,
0.850148887248655,0.850364995400839,0.850581103553023,0.850797211705207,
0.850905265781299,0.851013319857392,0.851229428009576,0.85144553616176,
0.851661644313944,0.851877752466128,0.852093860618312,0.852309968770496,
0.852742185074864,0.852958293227048,0.853174401379232,0.854038833987969,
0.854471050292337,0.854903266596705,0.855335482901073,0.855767699205441,
0.85619991550981,0.856632131814178,0.857496564422914,0.85836099703165,0.860089862249123,
0.861818727466596,0.863547592684068),.UNSPECIFIED.);
#302=B_SPLINE_CURVE_WITH_KNOTS('',3,(#2713,#2714,#2715,#2716,#2717,#2718,
#2719,#2720,#2721,#2722,#2723,#2724),.UNSPECIFIED.,.F.,.F.,(4,1,1,1,1,1,
1,1,1,4),(0.883038049497093,0.886464880845269,0.889891712193445,0.893318543541621,
0.895031959215709,0.896745374889798,0.900172206237974,0.90359903758615,
0.907025868934326,0.910452700282503),.UNSPECIFIED.);
#303=B_SPLINE_CURVE_WITH_KNOTS('',3,(#2726,#2727,#2728,#2729,#2730,#2731,
#2732,#2733,#2734,#2735,#2736,#2737,#2738,#2739,#2740,#2741,#2742,#2743,
#2744,#2745,#2746,#2747,#2748,#2749,#2750,#2751,#2752,#2753,#2754,#2755,
#2756,#2757,#2758,#2759,#2760,#2761,#2762,#2763,#2764,#2765,#2766,#2767,
#2768,#2769,#2770,#2771,#2772,#2773,#2774,#2775,#2776,#2777),
 .UNSPECIFIED.,.F.,.F.,(4,1,1,1,1,1,1,1,1,1,1,1,1,1,1,1,1,1,1,1,1,1,1,1,
1,1,1,1,1,1,1,1,1,1,1,1,1,1,1,1,1,1,1,1,1,1,1,1,1,4),(0.923168968560966,
0.924613921159446,0.926058873757925,0.926781350057165,0.927503826356405,
0.928226302655645,0.928948778954885,0.929671255254125,0.930032493403745,
0.930393731553365,0.931116207852605,0.931477446002225,0.931838684151845,
0.932561160451085,0.932741779525895,0.932922398600705,0.933103017675515,
0.933283636750325,0.934006113049565,0.934367351199185,0.934728589348805,
0.935089827498425,0.935451065648045,0.935631684722855,0.935812303797665,
0.936173541947285,0.936354161022095,0.936534780096905,0.936896018246525,
0.937257256396145,0.937618494545765,0.937979732695385,0.938340970845005,
0.938521589919815,0.938702208994625,0.939063447144245,0.939424685293865,
0.939785923443485,0.939966542518295,0.940147161593105,0.940508399742725,
0.940869637892345,0.941230876041965,0.941592114191585,0.941953352341205,
0.942314590490825,0.942675828640445,0.943398304939685,0.944843257538165,
0.946288210136645),.UNSPECIFIED.);
#304=B_SPLINE_CURVE_WITH_KNOTS('',3,(#2779,#2780,#2781,#2782,#2783,#2784,
#2785,#2786,#2787,#2788,#2789,#2790,#2791,#2792,#2793,#2794,#2795,#2796,
#2797,#2798,#2799,#2800,#2801,#2802,#2803,#2804,#2805,#2806,#2807,#2808,
#2809,#2810,#2811,#2812,#2813,#2814,#2815,#2816,#2817,#2818,#2819,#2820,
#2821,#2822,#2823,#2824,#2825,#2826,#2827,#2828,#2829,#2830,#2831,#2832,
#2833,#2834,#2835,#2836,#2837,#2838,#2839,#2840,#2841,#2842,#2843,#2844,
#2845,#2846,#2847,#2848,#2849,#2850,#2851,#2852,#2853,#2854,#2855,#2856,
#2857,#2858,#2859,#2860,#2861,#2862,#2863,#2864,#2865,#2866,#2867,#2868),
 .UNSPECIFIED.,.F.,.F.,(4,1,1,1,1,1,1,1,1,1,1,1,1,1,1,1,1,1,1,1,1,1,1,1,
1,1,1,1,1,1,1,1,1,1,1,1,1,1,1,1,1,1,1,1,1,1,1,1,1,1,1,1,1,1,1,1,1,1,1,1,
1,1,1,1,1,1,1,1,1,1,1,1,1,1,1,1,1,1,1,1,1,1,1,1,1,1,1,4),(0.966178026105861,
0.96985851885129,0.973539011596719,0.975379257969434,0.977219504342149,
0.979059750714863,0.97997987390122,0.980899997087578,0.982740243460292,
0.984580489833007,0.986420736205722,0.988260982578436,0.990101228951151,
0.991941475323866,0.992861598510223,0.993321660103401,0.99378172169658,
0.994241783289759,0.994701844882937,0.994931875679527,0.995161906476116,
0.995621968069295,0.996082029662473,0.996312060459063,0.996542091255652,
0.996772122052241,0.997002152848831,0.99723218364542,0.997462214442009,
0.997692245238599,0.997922276035188,0.998382337628367,0.998612368424956,
0.998842399221545,0.999072430018135,0.999302460814724,0.999532491611313,
0.999762522407903,0.999877537806197,0.999992553204492,1.00010756860279,
1.00022258400108,1.00045261479767,1.00068264559426,1.00091267639085,1.00114270718744,
1.00137273798403,1.00160276878062,1.00183279957721,1.0020628303738,1.00252289196697,
1.00275292276356,1.00298295356015,1.00321298435674,1.00344301515333,1.00390307674651,
1.00436313833969,1.00459316913628,1.00482319993287,1.00528326152605,1.00574332311922,
1.0062033847124,1.00666344630558,1.00758356949194,1.0085036926783,1.01034393905101,
1.01218418542373,1.01402443179644,1.01586467816915,1.01770492454187,1.01954517091458,
1.0213854172873,1.02506591003273,1.02874640277816,1.03242689552359,1.03610738826902,
1.03978788101444,1.0471488665053,1.05450985199616,1.06187083748702,1.06555133023245,
1.06923182297788,1.07291231572331,1.07475256209602,1.07659280846874,1.07843305484145,
1.08027330121417,1.0839537939596),.UNSPECIFIED.);
#305=B_SPLINE_CURVE_WITH_KNOTS('',3,(#2870,#2871,#2872,#2873,#2874,#2875,
#2876,#2877,#2878,#2879,#2880,#2881,#2882,#2883,#2884,#2885,#2886,#2887,
#2888,#2889,#2890,#2891,#2892,#2893,#2894,#2895,#2896,#2897,#2898,#2899,
#2900,#2901,#2902,#2903,#2904,#2905,#2906,#2907,#2908,#2909,#2910,#2911,
#2912,#2913),.UNSPECIFIED.,.F.,.F.,(4,1,1,1,1,1,1,1,1,1,1,1,1,1,1,1,1,1,
1,1,1,1,1,1,1,1,1,1,1,1,1,1,1,1,1,1,1,1,1,1,1,4),(0.151350753542956,0.151821452958696,
0.152056802666567,0.152292152374437,0.152527502082307,0.152762851790178,
0.153233551205918,0.153468900913788,0.153704250621659,0.153821925475594,
0.153939600329528,0.154174950037399,0.154410299745269,0.154527974599204,
0.154645649453139,0.15488099916101,0.154998674014944,0.15511634886888,0.15535169857675,
0.15558704828462,0.15582239799249,0.15605774770036,0.15629309740823,0.156528447116101,
0.156763796823971,0.156999146531841,0.157234496239712,0.157469845947582,
0.157705195655452,0.157940545363322,0.158175895071193,0.158411244779063,
0.158881944194803,0.159117293902674,0.159352643610544,0.159823343026284,
0.160294042442024,0.160764741857765,0.161706140689246,0.162647539520726,
0.164530337183689,0.16641313484665),.UNSPECIFIED.);
#306=B_SPLINE_CURVE_WITH_KNOTS('',3,(#2915,#2916,#2917,#2918,#2919,#2920,
#2921,#2922,#2923,#2924,#2925,#2926,#2927,#2928,#2929,#2930,#2931,#2932,
#2933,#2934,#2935,#2936,#2937,#2938,#2939,#2940,#2941,#2942,#2943,#2944,
#2945,#2946,#2947,#2948,#2949,#2950,#2951,#2952,#2953,#2954,#2955,#2956,
#2957,#2958,#2959,#2960,#2961),.UNSPECIFIED.,.F.,.F.,(4,1,1,1,1,1,1,1,1,
1,1,1,1,1,1,1,1,1,1,1,1,1,1,1,1,1,1,1,1,1,1,1,1,1,1,1,1,1,1,1,1,1,1,1,4),
(0.22015096542627,0.221952225397129,0.222852855382558,0.223753485367988,
0.224654115353416,0.225554745338846,0.226455375324275,0.226905690316989,
0.227356005309704,0.227581162806061,0.227806320302419,0.228031477798776,
0.228256635295134,0.228481792791491,0.228706950287848,0.228932107784205,
0.229157265280562,0.22938242277692,0.229607580273277,0.229720159021456,
0.229832737769635,0.230057895265992,0.230283052762349,0.230508210258706,
0.230620789006885,0.230733367755064,0.230958525251421,0.231183682747778,
0.231408840244135,0.231521418992314,0.231633997740493,0.23185915523685,
0.231971733985029,0.232084312733207,0.232309470229564,0.232422048977743,
0.232534627725922,0.232759785222279,0.232984942718637,0.233210100214994,
0.233660415207708,0.233885572704066,0.234110730200423,0.23433588769678,
0.234561045193138),.UNSPECIFIED.);
#307=B_SPLINE_CURVE_WITH_KNOTS('',3,(#2963,#2964,#2965,#2966,#2967,#2968,
#2969,#2970,#2971,#2972,#2973,#2974,#2975,#2976,#2977,#2978,#2979,#2980,
#2981,#2982,#2983,#2984,#2985,#2986,#2987,#2988,#2989,#2990,#2991,#2992,
#2993,#2994,#2995,#2996,#2997,#2998,#2999,#3000,#3001,#3002,#3003,#3004,
#3005,#3006,#3007,#3008,#3009,#3010,#3011,#3012,#3013,#3014,#3015,#3016,
#3017,#3018,#3019,#3020,#3021,#3022,#3023,#3024,#3025,#3026,#3027,#3028,
#3029,#3030,#3031,#3032,#3033,#3034,#3035,#3036,#3037,#3038,#3039,#3040,
#3041,#3042,#3043,#3044,#3045,#3046,#3047,#3048,#3049,#3050,#3051,#3052,
#3053,#3054,#3055,#3056,#3057,#3058,#3059,#3060,#3061,#3062,#3063,#3064,
#3065,#3066,#3067),.UNSPECIFIED.,.F.,.F.,(4,1,1,1,1,1,1,1,1,1,1,1,1,1,1,
1,1,1,1,1,1,1,1,1,1,1,1,1,1,1,1,1,1,1,1,1,1,1,1,1,1,1,1,1,1,1,1,1,1,1,1,
1,1,1,1,1,1,1,1,1,1,1,1,1,1,1,1,1,1,1,1,1,1,1,1,1,1,1,1,1,1,1,1,1,1,1,1,
1,1,1,1,1,1,1,1,1,1,1,1,1,1,1,4),(0.305720487530655,0.309578760606008,0.31343703368136,
0.315366170219037,0.317295306756713,0.321153579832066,0.325011852907418,
0.32887012598277,0.336586672133476,0.344303218284181,0.348161491359534,
0.352019764434887,0.355878037510239,0.359736310585592,0.363594583660944,
0.367452856736297,0.37131112981165,0.375169402887002,0.379027675962354,
0.382885949037707,0.38674422211306,0.388673358650736,0.390602495188413,
0.392531631726089,0.394460768263765,0.396389904801442,0.398319041339117,
0.399283609607956,0.400248177876794,0.401212746145632,0.40217731441447,
0.402659598548889,0.403141882683309,0.403624166817728,0.404106450952146,
0.404347593019356,0.404588735086565,0.404829877153775,0.405071019220984,
0.405312161288194,0.405553303355404,0.405794445422614,0.406035587489823,
0.406276729557032,0.406517871624242,0.406759013691452,0.407000155758661,
0.40724129782587,0.40748243989308,0.40772358196029,0.407964724027499,0.408085295061104,
0.408205866094708,0.408326437128314,0.408447008161918,0.408567579195523,
0.408688150229127,0.408808721262732,0.408929292296338,0.409049863329942,
0.409170434363547,0.409291005397151,0.409411576430756,0.409652718497966,
0.40977328953157,0.409893860565176,0.41001443159878,0.410135002632385,0.41025557366599,
0.410376144699594,0.4104967157332,0.410617286766804,0.410737857800409,0.410858428834014,
0.410978999867618,0.411099570901223,0.411220141934828,0.411340712968432,
0.411461284002037,0.411581855035642,0.411822997102852,0.411943568136456,
0.412064139170062,0.412305281237271,0.41254642330448,0.41278756537169,0.413028707438899,
0.413269849506109,0.413510991573318,0.413752133640528,0.414234417774947,
0.414716701909366,0.415198986043785,0.415681270178204,0.416645838447043,
0.417610406715881,0.418574974984719,0.419539543253557,0.421468679791233,
0.423397816328909,0.425326952866586,0.427256089404262,0.429185225941939),
 .UNSPECIFIED.);
#308=B_SPLINE_CURVE_WITH_KNOTS('',3,(#3069,#3070,#3071,#3072,#3073,#3074,
#3075,#3076,#3077,#3078,#3079,#3080,#3081,#3082,#3083,#3084,#3085,#3086,
#3087,#3088,#3089,#3090,#3091,#3092,#3093,#3094,#3095,#3096,#3097,#3098,
#3099,#3100,#3101,#3102,#3103,#3104,#3105,#3106,#3107,#3108,#3109,#3110,
#3111,#3112,#3113,#3114,#3115,#3116,#3117,#3118,#3119,#3120,#3121,#3122,
#3123,#3124,#3125,#3126,#3127),.UNSPECIFIED.,.F.,.F.,(4,1,1,1,1,1,1,1,1,
1,1,1,1,1,1,1,1,1,1,1,1,1,1,1,1,1,1,1,1,1,1,1,1,1,1,1,1,1,1,1,1,1,1,1,1,
1,1,1,1,1,1,1,1,1,1,1,4),(0.432404312123074,0.435708582020785,0.439012851918496,
0.442317121816207,0.445621391713918,0.44892566161163,0.452229931509341,
0.453882066458197,0.455534201407052,0.457186336355908,0.458838471304764,
0.460490606253619,0.462142741202475,0.462968808676903,0.46379487615133,
0.464620943625758,0.465447011100186,0.4658600448374,0.466273078574614,0.466686112311828,
0.467099146049042,0.467925213523469,0.468338247260683,0.468751280997897,
0.469577348472325,0.469990382209539,0.470403415946753,0.470816449683967,
0.471229483421181,0.471642517158394,0.472055550895608,0.472468584632822,
0.472881618370036,0.473088135238643,0.47329465210725,0.473707685844464,
0.474120719581678,0.474327236450285,0.474533753318892,0.474946787056106,
0.47535982079332,0.475772854530533,0.476185888267747,0.476598922004961,
0.477011955742175,0.477424989479389,0.477838023216603,0.478251056953817,
0.478664090691031,0.479490158165459,0.479903191902672,0.480316225639886,
0.481142293114314,0.481968360588742,0.48279442806317,0.483620495537598,
0.485272630486453),.UNSPECIFIED.);
#309=B_SPLINE_CURVE_WITH_KNOTS('',3,(#3129,#3130,#3131,#3132,#3133,#3134,
#3135,#3136,#3137,#3138,#3139,#3140,#3141,#3142),.UNSPECIFIED.,.F.,.F.,
(4,1,1,1,1,1,1,1,1,1,1,4),(0.501243619681289,0.506025173163126,0.510806726644964,
0.515588280126801,0.51797905686772,0.520369833608638,0.522760610349557,
0.525151387090476,0.529932940572313,0.53471449405415,0.537105270795069,
0.539496047535988),.UNSPECIFIED.);
#310=B_SPLINE_CURVE_WITH_KNOTS('',3,(#3144,#3145,#3146,#3147,#3148,#3149,
#3150,#3151,#3152,#3153,#3154,#3155,#3156,#3157,#3158,#3159,#3160,#3161,
#3162,#3163,#3164,#3165,#3166,#3167,#3168,#3169,#3170,#3171,#3172,#3173,
#3174,#3175,#3176,#3177,#3178,#3179,#3180,#3181,#3182,#3183,#3184,#3185,
#3186,#3187,#3188,#3189,#3190,#3191,#3192,#3193,#3194,#3195,#3196,#3197,
#3198,#3199,#3200,#3201,#3202,#3203,#3204,#3205,#3206,#3207,#3208,#3209,
#3210,#3211,#3212,#3213,#3214,#3215,#3216,#3217,#3218,#3219),
 .UNSPECIFIED.,.F.,.F.,(4,1,1,1,1,1,1,1,1,1,1,1,1,1,1,1,1,1,1,1,1,1,1,1,
1,1,1,1,1,1,1,1,1,1,1,1,1,1,1,1,1,1,1,1,1,1,1,1,1,1,1,1,1,1,1,1,1,1,1,1,
1,1,1,1,1,1,1,1,1,1,1,1,1,4),(0.546022997002047,0.54616284313534,0.546232766201986,
0.546302689268633,0.546372612335279,0.546442535401926,0.546582381535219,
0.546722227668512,0.546862073801805,0.547001919935098,0.547071843001744,
0.547141766068391,0.547281612201684,0.547421458334977,0.547491381401623,
0.547561304468269,0.547631227534916,0.547701150601562,0.547771073668209,
0.547840996734855,0.547980842868148,0.548120689001441,0.548260535134734,
0.548400381268027,0.548470304334674,0.54854022740132,0.548680073534613,
0.548819919667906,0.548889842734553,0.548959765801199,0.549029688867846,
0.549099611934492,0.549239458067785,0.549379304201078,0.549519150334371,
0.549658996467664,0.549798842600957,0.54993868873425,0.550218381000836,
0.550498073267422,0.550777765534008,0.551057457800594,0.551616842333766,
0.551896534600352,0.552176226866938,0.552735611400109,0.553854380466453,
0.554973149532797,0.556091918599141,0.557210687665484,0.558329456731828,
0.559448225798172,0.561685763930859,0.563923302063547,0.566160840196234,
0.568398378328922,0.57063591646161,0.571754685527953,0.572873454594297,
0.575110992726984,0.577348530859672,0.57958606899236,0.581823607125047,
0.586298683390422,0.590773759655797,0.595248835921172,0.59748637405386,
0.599723912186547,0.601961450319235,0.604198988451922,0.608674064717297,
0.613149140982672,0.61538667911536,0.617624217248047),.UNSPECIFIED.);
#311=B_SPLINE_CURVE_WITH_KNOTS('',3,(#3221,#3222,#3223,#3224,#3225,#3226,
#3227,#3228,#3229,#3230,#3231,#3232,#3233,#3234,#3235,#3236,#3237,#3238,
#3239,#3240,#3241,#3242,#3243,#3244,#3245,#3246,#3247,#3248,#3249,#3250,
#3251,#3252,#3253,#3254,#3255,#3256,#3257,#3258,#3259,#3260,#3261,#3262,
#3263,#3264,#3265,#3266,#3267,#3268,#3269,#3270,#3271,#3272,#3273,#3274,
#3275,#3276,#3277,#3278,#3279,#3280,#3281,#3282,#3283,#3284),
 .UNSPECIFIED.,.F.,.F.,(4,1,1,1,1,1,1,1,1,1,1,1,1,1,1,1,1,1,1,1,1,1,1,1,
1,1,1,1,1,1,1,1,1,1,1,1,1,1,1,1,1,1,1,1,1,1,1,1,1,1,1,1,1,1,1,1,1,1,1,1,
1,4),(0.619733725844825,0.621686959590599,0.622663576463487,0.623640193336374,
0.624616810209261,0.625593427082148,0.626570043955035,0.627058352391479,
0.627546660827923,0.627790815046144,0.628034969264366,0.628279123482588,
0.62852327770081,0.628767431919032,0.629011586137253,0.629255740355475,
0.629377817464586,0.629499894573697,0.629621971682808,0.629744048791919,
0.629988203010141,0.630232357228362,0.630354434337473,0.630476511446584,
0.630598588555695,0.630720665664806,0.630842742773917,0.630964819883028,
0.63120897410125,0.631331051210361,0.631392089764916,0.631453128319471,
0.631697282537693,0.631941436755915,0.632063513865026,0.632185590974137,
0.632307668083248,0.632429745192359,0.632551822301469,0.63267389941058,
0.632734937965136,0.632795976519691,0.632918053628802,0.633040130737913,
0.633162207847024,0.633284284956135,0.633406362065246,0.633528439174357,
0.633589477728912,0.633650516283468,0.633772593392578,0.633894670501689,
0.6340167476108,0.634138824719911,0.634260901829022,0.634382978938133,0.634505056047244,
0.634627133156355,0.634871287374577,0.634993364483688,0.635115441592798,
0.63535959581102),.UNSPECIFIED.);
#312=B_SPLINE_CURVE_WITH_KNOTS('',3,(#3287,#3288,#3289,#3290,#3291,#3292,
#3293,#3294,#3295,#3296,#3297,#3298,#3299,#3300,#3301,#3302,#3303,#3304,
#3305,#3306,#3307,#3308,#3309,#3310,#3311,#3312,#3313,#3314,#3315,#3316,
#3317,#3318,#3319,#3320,#3321,#3322,#3323,#3324,#3325,#3326,#3327,#3328,
#3329,#3330,#3331,#3332,#3333,#3334,#3335,#3336,#3337,#3338,#3339,#3340,
#3341,#3342,#3343,#3344,#3345,#3346,#3347,#3348,#3349,#3350,#3351,#3352,
#3353,#3354,#3355,#3356,#3357,#3358,#3359,#3360,#3361,#3362),
 .UNSPECIFIED.,.F.,.F.,(4,1,1,1,1,1,1,1,1,1,1,1,1,1,1,1,1,1,1,1,1,1,1,1,
1,1,1,1,1,1,1,1,1,1,1,1,1,1,1,1,1,1,1,1,1,1,1,1,1,1,1,1,1,1,1,1,1,1,1,1,
1,1,1,1,1,1,1,1,1,1,1,1,1,4),(0.546022997002047,0.54616284313534,0.546232766201986,
0.546302689268633,0.546372612335279,0.546442535401926,0.546582381535219,
0.546722227668512,0.546862073801805,0.547001919935098,0.547071843001744,
0.547141766068391,0.547281612201684,0.547421458334977,0.547491381401623,
0.547561304468269,0.547631227534916,0.547701150601562,0.547771073668209,
0.547840996734855,0.547980842868148,0.548120689001441,0.548260535134734,
0.548400381268027,0.548470304334674,0.54854022740132,0.548680073534613,
0.548819919667906,0.548889842734553,0.548959765801199,0.549029688867846,
0.549099611934492,0.549239458067785,0.549379304201078,0.549519150334371,
0.549658996467664,0.549798842600957,0.54993868873425,0.550218381000836,
0.550498073267422,0.550777765534008,0.551057457800594,0.551616842333766,
0.551896534600352,0.552176226866938,0.552735611400109,0.553854380466453,
0.554973149532797,0.556091918599141,0.557210687665484,0.558329456731828,
0.559448225798172,0.561685763930859,0.563923302063547,0.566160840196234,
0.568398378328922,0.57063591646161,0.571754685527953,0.572873454594297,
0.575110992726984,0.577348530859672,0.57958606899236,0.581823607125047,
0.586298683390422,0.590773759655797,0.595248835921172,0.59748637405386,
0.599723912186547,0.601961450319235,0.604198988451922,0.608674064717297,
0.613149140982672,0.61538667911536,0.617624217248047),.UNSPECIFIED.);
#313=B_SPLINE_CURVE_WITH_KNOTS('',3,(#3364,#3365,#3366,#3367,#3368,#3369,
#3370,#3371,#3372,#3373,#3374,#3375,#3376,#3377),.UNSPECIFIED.,.F.,.F.,
(4,1,1,1,1,1,1,1,1,1,1,4),(0.501243619681289,0.506025173163126,0.510806726644964,
0.515588280126801,0.51797905686772,0.520369833608638,0.522760610349557,
0.525151387090476,0.529932940572313,0.53471449405415,0.537105270795069,
0.539496047535988),.UNSPECIFIED.);
#314=B_SPLINE_CURVE_WITH_KNOTS('',3,(#3379,#3380,#3381,#3382,#3383,#3384,
#3385,#3386,#3387,#3388,#3389,#3390,#3391,#3392,#3393,#3394,#3395,#3396,
#3397,#3398,#3399,#3400,#3401,#3402,#3403,#3404,#3405,#3406,#3407,#3408,
#3409,#3410,#3411,#3412,#3413,#3414,#3415,#3416,#3417,#3418,#3419,#3420,
#3421,#3422,#3423,#3424,#3425,#3426,#3427,#3428,#3429,#3430,#3431,#3432,
#3433,#3434,#3435,#3436,#3437),.UNSPECIFIED.,.F.,.F.,(4,1,1,1,1,1,1,1,1,
1,1,1,1,1,1,1,1,1,1,1,1,1,1,1,1,1,1,1,1,1,1,1,1,1,1,1,1,1,1,1,1,1,1,1,1,
1,1,1,1,1,1,1,1,1,1,1,4),(0.432404312123074,0.435708582020785,0.439012851918496,
0.442317121816207,0.445621391713918,0.44892566161163,0.452229931509341,
0.453882066458197,0.455534201407052,0.457186336355908,0.458838471304764,
0.460490606253619,0.462142741202475,0.462968808676903,0.46379487615133,
0.464620943625758,0.465447011100186,0.4658600448374,0.466273078574614,0.466686112311828,
0.467099146049042,0.467925213523469,0.468338247260683,0.468751280997897,
0.469577348472325,0.469990382209539,0.470403415946753,0.470816449683967,
0.471229483421181,0.471642517158394,0.472055550895608,0.472468584632822,
0.472881618370036,0.473088135238643,0.47329465210725,0.473707685844464,
0.474120719581678,0.474327236450285,0.474533753318892,0.474946787056106,
0.47535982079332,0.475772854530533,0.476185888267747,0.476598922004961,
0.477011955742175,0.477424989479389,0.477838023216603,0.478251056953817,
0.478664090691031,0.479490158165459,0.479903191902672,0.480316225639886,
0.481142293114314,0.481968360588742,0.48279442806317,0.483620495537598,
0.485272630486453),.UNSPECIFIED.);
#315=B_SPLINE_CURVE_WITH_KNOTS('',3,(#3439,#3440,#3441,#3442,#3443,#3444,
#3445,#3446,#3447,#3448,#3449,#3450,#3451,#3452,#3453,#3454,#3455,#3456,
#3457,#3458,#3459,#3460,#3461,#3462,#3463,#3464,#3465,#3466,#3467,#3468,
#3469,#3470,#3471,#3472,#3473,#3474,#3475,#3476,#3477,#3478,#3479,#3480,
#3481,#3482,#3483,#3484,#3485,#3486,#3487,#3488,#3489,#3490,#3491,#3492,
#3493,#3494,#3495,#3496,#3497,#3498,#3499,#3500,#3501,#3502,#3503,#3504,
#3505,#3506,#3507,#3508,#3509,#3510,#3511,#3512,#3513,#3514,#3515,#3516,
#3517,#3518,#3519,#3520,#3521,#3522,#3523,#3524,#3525,#3526,#3527,#3528,
#3529,#3530,#3531,#3532,#3533,#3534,#3535,#3536,#3537,#3538,#3539,#3540,
#3541,#3542,#3543),.UNSPECIFIED.,.F.,.F.,(4,1,1,1,1,1,1,1,1,1,1,1,1,1,1,
1,1,1,1,1,1,1,1,1,1,1,1,1,1,1,1,1,1,1,1,1,1,1,1,1,1,1,1,1,1,1,1,1,1,1,1,
1,1,1,1,1,1,1,1,1,1,1,1,1,1,1,1,1,1,1,1,1,1,1,1,1,1,1,1,1,1,1,1,1,1,1,1,
1,1,1,1,1,1,1,1,1,1,1,1,1,1,1,4),(0.305720487530655,0.309578760606008,0.31343703368136,
0.315366170219037,0.317295306756713,0.321153579832066,0.325011852907418,
0.32887012598277,0.336586672133476,0.344303218284181,0.348161491359534,
0.352019764434887,0.355878037510239,0.359736310585592,0.363594583660944,
0.367452856736297,0.37131112981165,0.375169402887002,0.379027675962354,
0.382885949037707,0.38674422211306,0.388673358650736,0.390602495188413,
0.392531631726089,0.394460768263765,0.396389904801442,0.398319041339117,
0.399283609607956,0.400248177876794,0.401212746145632,0.40217731441447,
0.402659598548889,0.403141882683309,0.403624166817728,0.404106450952146,
0.404347593019356,0.404588735086565,0.404829877153775,0.405071019220984,
0.405312161288194,0.405553303355404,0.405794445422614,0.406035587489823,
0.406276729557032,0.406517871624242,0.406759013691452,0.407000155758661,
0.40724129782587,0.40748243989308,0.40772358196029,0.407964724027499,0.408085295061104,
0.408205866094708,0.408326437128314,0.408447008161918,0.408567579195523,
0.408688150229127,0.408808721262732,0.408929292296338,0.409049863329942,
0.409170434363547,0.409291005397151,0.409411576430756,0.409652718497966,
0.40977328953157,0.409893860565176,0.41001443159878,0.410135002632385,0.41025557366599,
0.410376144699594,0.4104967157332,0.410617286766804,0.410737857800409,0.410858428834014,
0.410978999867618,0.411099570901223,0.411220141934828,0.411340712968432,
0.411461284002037,0.411581855035642,0.411822997102852,0.411943568136456,
0.412064139170062,0.412305281237271,0.41254642330448,0.41278756537169,0.413028707438899,
0.413269849506109,0.413510991573318,0.413752133640528,0.414234417774947,
0.414716701909366,0.415198986043785,0.415681270178204,0.416645838447043,
0.417610406715881,0.418574974984719,0.419539543253557,0.421468679791233,
0.423397816328909,0.425326952866586,0.427256089404262,0.429185225941939),
 .UNSPECIFIED.);
#316=B_SPLINE_CURVE_WITH_KNOTS('',3,(#3545,#3546,#3547,#3548,#3549,#3550,
#3551,#3552,#3553,#3554,#3555,#3556,#3557,#3558,#3559,#3560,#3561,#3562,
#3563,#3564,#3565,#3566,#3567,#3568,#3569,#3570,#3571,#3572,#3573,#3574,
#3575,#3576,#3577,#3578,#3579,#3580,#3581,#3582,#3583,#3584,#3585,#3586,
#3587,#3588,#3589,#3590,#3591),.UNSPECIFIED.,.F.,.F.,(4,1,1,1,1,1,1,1,1,
1,1,1,1,1,1,1,1,1,1,1,1,1,1,1,1,1,1,1,1,1,1,1,1,1,1,1,1,1,1,1,1,1,1,1,4),
(0.22015096542627,0.221952225397129,0.222852855382558,0.223753485367988,
0.224654115353416,0.225554745338846,0.226455375324275,0.226905690316989,
0.227356005309704,0.227581162806061,0.227806320302419,0.228031477798776,
0.228256635295134,0.228481792791491,0.228706950287848,0.228932107784205,
0.229157265280562,0.22938242277692,0.229607580273277,0.229720159021456,
0.229832737769635,0.230057895265992,0.230283052762349,0.230508210258706,
0.230620789006885,0.230733367755064,0.230958525251421,0.231183682747778,
0.231408840244135,0.231521418992314,0.231633997740493,0.23185915523685,
0.231971733985029,0.232084312733207,0.232309470229564,0.232422048977743,
0.232534627725922,0.232759785222279,0.232984942718637,0.233210100214994,
0.233660415207708,0.233885572704066,0.234110730200423,0.23433588769678,
0.234561045193138),.UNSPECIFIED.);
#317=B_SPLINE_CURVE_WITH_KNOTS('',3,(#3593,#3594,#3595,#3596,#3597,#3598,
#3599,#3600,#3601,#3602,#3603,#3604,#3605,#3606,#3607,#3608,#3609,#3610,
#3611,#3612,#3613,#3614,#3615,#3616,#3617,#3618,#3619,#3620,#3621,#3622,
#3623,#3624,#3625,#3626,#3627,#3628,#3629,#3630,#3631,#3632,#3633,#3634,
#3635,#3636),.UNSPECIFIED.,.F.,.F.,(4,1,1,1,1,1,1,1,1,1,1,1,1,1,1,1,1,1,
1,1,1,1,1,1,1,1,1,1,1,1,1,1,1,1,1,1,1,1,1,1,1,4),(0.151350753542956,0.151821452958696,
0.152056802666567,0.152292152374437,0.152527502082307,0.152762851790178,
0.153233551205918,0.153468900913788,0.153704250621659,0.153821925475594,
0.153939600329528,0.154174950037399,0.154410299745269,0.154527974599204,
0.154645649453139,0.15488099916101,0.154998674014944,0.15511634886888,0.15535169857675,
0.15558704828462,0.15582239799249,0.15605774770036,0.15629309740823,0.156528447116101,
0.156763796823971,0.156999146531841,0.157234496239712,0.157469845947582,
0.157705195655452,0.157940545363322,0.158175895071193,0.158411244779063,
0.158881944194803,0.159117293902674,0.159352643610544,0.159823343026284,
0.160294042442024,0.160764741857765,0.161706140689246,0.162647539520726,
0.164530337183689,0.16641313484665),.UNSPECIFIED.);
#318=B_SPLINE_CURVE_WITH_KNOTS('',3,(#3638,#3639,#3640,#3641,#3642,#3643,
#3644,#3645,#3646,#3647,#3648,#3649,#3650,#3651,#3652,#3653,#3654,#3655,
#3656,#3657,#3658,#3659,#3660,#3661,#3662,#3663,#3664,#3665,#3666,#3667,
#3668,#3669,#3670,#3671,#3672,#3673,#3674,#3675,#3676,#3677,#3678,#3679,
#3680,#3681,#3682,#3683,#3684,#3685,#3686,#3687,#3688,#3689,#3690,#3691,
#3692,#3693,#3694,#3695,#3696,#3697,#3698,#3699,#3700,#3701,#3702,#3703,
#3704,#3705,#3706,#3707,#3708,#3709,#3710,#3711,#3712,#3713,#3714,#3715,
#3716,#3717,#3718,#3719,#3720,#3721,#3722,#3723,#3724,#3725,#3726,#3727),
 .UNSPECIFIED.,.F.,.F.,(4,1,1,1,1,1,1,1,1,1,1,1,1,1,1,1,1,1,1,1,1,1,1,1,
1,1,1,1,1,1,1,1,1,1,1,1,1,1,1,1,1,1,1,1,1,1,1,1,1,1,1,1,1,1,1,1,1,1,1,1,
1,1,1,1,1,1,1,1,1,1,1,1,1,1,1,1,1,1,1,1,1,1,1,1,1,1,1,4),(0.966178026105861,
0.96985851885129,0.973539011596719,0.975379257969434,0.977219504342149,
0.979059750714863,0.97997987390122,0.980899997087578,0.982740243460292,
0.984580489833007,0.986420736205722,0.988260982578436,0.990101228951151,
0.991941475323866,0.992861598510223,0.993321660103401,0.99378172169658,
0.994241783289759,0.994701844882937,0.994931875679527,0.995161906476116,
0.995621968069295,0.996082029662473,0.996312060459063,0.996542091255652,
0.996772122052241,0.997002152848831,0.99723218364542,0.997462214442009,
0.997692245238599,0.997922276035188,0.998382337628367,0.998612368424956,
0.998842399221545,0.999072430018135,0.999302460814724,0.999532491611313,
0.999762522407903,0.999877537806197,0.999992553204492,1.00010756860279,
1.00022258400108,1.00045261479767,1.00068264559426,1.00091267639085,1.00114270718744,
1.00137273798403,1.00160276878062,1.00183279957721,1.0020628303738,1.00252289196697,
1.00275292276356,1.00298295356015,1.00321298435674,1.00344301515333,1.00390307674651,
1.00436313833969,1.00459316913628,1.00482319993287,1.00528326152605,1.00574332311922,
1.0062033847124,1.00666344630558,1.00758356949194,1.0085036926783,1.01034393905101,
1.01218418542373,1.01402443179644,1.01586467816915,1.01770492454187,1.01954517091458,
1.0213854172873,1.02506591003273,1.02874640277816,1.03242689552359,1.03610738826902,
1.03978788101444,1.0471488665053,1.05450985199616,1.06187083748702,1.06555133023245,
1.06923182297788,1.07291231572331,1.07475256209602,1.07659280846874,1.07843305484145,
1.08027330121417,1.0839537939596),.UNSPECIFIED.);
#319=B_SPLINE_CURVE_WITH_KNOTS('',3,(#3729,#3730,#3731,#3732,#3733,#3734,
#3735,#3736,#3737,#3738,#3739,#3740,#3741,#3742,#3743,#3744,#3745,#3746,
#3747,#3748,#3749,#3750,#3751,#3752,#3753,#3754,#3755,#3756,#3757,#3758,
#3759,#3760,#3761,#3762,#3763,#3764,#3765,#3766,#3767,#3768,#3769,#3770,
#3771,#3772,#3773,#3774,#3775,#3776,#3777,#3778,#3779,#3780),
 .UNSPECIFIED.,.F.,.F.,(4,1,1,1,1,1,1,1,1,1,1,1,1,1,1,1,1,1,1,1,1,1,1,1,
1,1,1,1,1,1,1,1,1,1,1,1,1,1,1,1,1,1,1,1,1,1,1,1,1,4),(0.923168968560966,
0.924613921159446,0.926058873757925,0.926781350057165,0.927503826356405,
0.928226302655645,0.928948778954885,0.929671255254125,0.930032493403745,
0.930393731553365,0.931116207852605,0.931477446002225,0.931838684151845,
0.932561160451085,0.932741779525895,0.932922398600705,0.933103017675515,
0.933283636750325,0.934006113049565,0.934367351199185,0.934728589348805,
0.935089827498425,0.935451065648045,0.935631684722855,0.935812303797665,
0.936173541947285,0.936354161022095,0.936534780096905,0.936896018246525,
0.937257256396145,0.937618494545765,0.937979732695385,0.938340970845005,
0.938521589919815,0.938702208994625,0.939063447144245,0.939424685293865,
0.939785923443485,0.939966542518295,0.940147161593105,0.940508399742725,
0.940869637892345,0.941230876041965,0.941592114191585,0.941953352341205,
0.942314590490825,0.942675828640445,0.943398304939685,0.944843257538165,
0.946288210136645),.UNSPECIFIED.);
#320=B_SPLINE_CURVE_WITH_KNOTS('',3,(#3782,#3783,#3784,#3785,#3786,#3787,
#3788,#3789,#3790,#3791,#3792,#3793),.UNSPECIFIED.,.F.,.F.,(4,1,1,1,1,1,
1,1,1,4),(0.883038049497093,0.886464880845269,0.889891712193445,0.893318543541621,
0.895031959215709,0.896745374889798,0.900172206237974,0.90359903758615,
0.907025868934326,0.910452700282503),.UNSPECIFIED.);
#321=B_SPLINE_CURVE_WITH_KNOTS('',3,(#3795,#3796,#3797,#3798,#3799,#3800,
#3801,#3802,#3803,#3804,#3805,#3806,#3807,#3808,#3809,#3810,#3811,#3812,
#3813,#3814,#3815,#3816,#3817,#3818,#3819,#3820,#3821,#3822,#3823,#3824,
#3825,#3826,#3827,#3828,#3829,#3830,#3831,#3832,#3833,#3834,#3835,#3836,
#3837,#3838,#3839,#3840,#3841,#3842,#3843,#3844,#3845,#3846,#3847,#3848,
#3849,#3850,#3851),.UNSPECIFIED.,.F.,.F.,(4,1,1,1,1,1,1,1,1,1,1,1,1,1,1,
1,1,1,1,1,1,1,1,1,1,1,1,1,1,1,1,1,1,1,1,1,1,1,1,1,1,1,1,1,1,1,1,1,1,1,1,
1,1,1,4),(0.835885749204506,0.836750181813242,0.837614614421979,0.838479047030715,
0.839343479639451,0.841072344856924,0.84193677746566,0.842801210074397,
0.843665642683133,0.844097858987501,0.844530075291869,0.844962291596237,
0.845394507900605,0.845826724204974,0.846042832357158,0.846258940509342,
0.84669115681371,0.847123373118078,0.847555589422446,0.847987805726814,
0.848203913878999,0.848420022031183,0.848852238335551,0.849284454639919,
0.849500562792103,0.849716670944287,0.849932779096471,0.850040833172563,
0.850148887248655,0.850364995400839,0.850581103553023,0.850797211705207,
0.850905265781299,0.851013319857392,0.851229428009576,0.85144553616176,
0.851661644313944,0.851877752466128,0.852093860618312,0.852309968770496,
0.852742185074864,0.852958293227048,0.853174401379232,0.854038833987969,
0.854471050292337,0.854903266596705,0.855335482901073,0.855767699205441,
0.85619991550981,0.856632131814178,0.857496564422914,0.85836099703165,0.860089862249123,
0.861818727466596,0.863547592684068),.UNSPECIFIED.);
#322=B_SPLINE_CURVE_WITH_KNOTS('',3,(#3853,#3854,#3855,#3856,#3857,#3858,
#3859,#3860,#3861,#3862,#3863,#3864,#3865,#3866),.UNSPECIFIED.,.F.,.F.,
(4,1,1,1,1,1,1,1,1,1,1,4),(0.799040421443689,0.801005677170483,0.802970932897278,
0.804936188624072,0.806901444350867,0.808866700077661,0.810831955804455,
0.814762467258044,0.818692978711633,0.822623490165222,0.826554001618811,
0.8304845130724),.UNSPECIFIED.);
#323=B_SPLINE_CURVE_WITH_KNOTS('',3,(#3868,#3869,#3870,#3871,#3872,#3873,
#3874,#3875,#3876,#3877,#3878,#3879,#3880,#3881,#3882,#3883,#3884,#3885,
#3886,#3887,#3888,#3889,#3890,#3891,#3892,#3893,#3894,#3895,#3896,#3897,
#3898,#3899,#3900,#3901,#3902,#3903,#3904,#3905,#3906,#3907,#3908,#3909,
#3910,#3911,#3912,#3913,#3914,#3915,#3916,#3917,#3918,#3919,#3920,#3921,
#3922,#3923,#3924,#3925,#3926,#3927,#3928,#3929,#3930,#3931,#3932,#3933,
#3934,#3935,#3936,#3937,#3938,#3939,#3940,#3941,#3942,#3943,#3944,#3945,
#3946,#3947,#3948,#3949,#3950,#3951,#3952,#3953,#3954,#3955,#3956,#3957,
#3958,#3959,#3960,#3961,#3962,#3963,#3964,#3965,#3966,#3967,#3968,#3969,
#3970,#3971),.UNSPECIFIED.,.F.,.F.,(4,1,1,1,1,1,1,1,1,1,1,1,1,1,1,1,1,1,
1,1,1,1,1,1,1,1,1,1,1,1,1,1,1,1,1,1,1,1,1,1,1,1,1,1,1,1,1,1,1,1,1,1,1,1,
1,1,1,1,1,1,1,1,1,1,1,1,1,1,1,1,1,1,1,1,1,1,1,1,1,1,1,1,1,1,1,1,1,1,1,1,
1,1,1,1,1,1,1,1,1,1,1,4),(0.759734778004788,0.760792315638986,0.761321084456084,
0.761849853273183,0.762378622090282,0.762907390907381,0.763436159724479,
0.763964928541578,0.764493697358677,0.764758081767226,0.765022466175775,
0.765286850584325,0.765551234992874,0.765815619401424,0.766080003809973,
0.766344388218522,0.766476580422797,0.766608772627072,0.766740964831346,
0.766873157035621,0.767005349239896,0.76713754144417,0.767269733648445,
0.767335829750582,0.76740192585272,0.767468021954857,0.767534118056994,
0.767600214159132,0.767666310261269,0.767732406363406,0.767765454414475,
0.767798502465544,0.767831550516612,0.767864598567681,0.767881122593215,
0.76789764661875,0.767914170644284,0.767930694669818,0.767947218695353,
0.767963742720887,0.767980266746421,0.767988528759189,0.767996790771956,
0.768005052784723,0.76801331479749,0.768021576810257,0.768029838823024,
0.768038100835792,0.768042231842175,0.768046362848559,0.768050493854942,
0.768054624861326,0.768062886874093,0.768067017880477,0.76807114888686,
0.768075279893244,0.768079410899627,0.768081476402819,0.768083541906011,
0.768087672912395,0.768089738415586,0.768091803918778,0.768095934925162,
0.768100065931545,0.768102131434737,0.768104196937929,0.768108327944312,
0.768110393447504,0.768112458950696,0.768114524453888,0.76811658995708,
0.768120720963463,0.768122786466655,0.768124851969847,0.768126917473039,
0.76812898297623,0.768131048479422,0.768133113982614,0.768135179485806,
0.768137244988998,0.768139310492189,0.768140343243785,0.768141375995381,
0.768143441498573,0.768145507001765,0.768147572504957,0.768149638008148,
0.768153769014532,0.768157900020915,0.768162031027299,0.768164096530491,
0.768166162033683,0.768168227536874,0.768170293040066,0.76817442404645,
0.768176489549642,0.768178555052833,0.768182686059217,0.768186817065601,
0.768188882568792,0.768190948071984,0.768195079078368),.UNSPECIFIED.);
#324=B_SPLINE_CURVE_WITH_KNOTS('',3,(#3973,#3974,#3975,#3976,#3977,#3978,
#3979,#3980,#3981,#3982,#3983,#3984,#3985,#3986,#3987),.UNSPECIFIED.,.F.,
 .F.,(4,1,1,1,1,1,1,1,1,1,1,1,4),(0.691898794074574,0.693551445115618,0.695204096156661,
0.696856747197704,0.698509398238747,0.70016204927979,0.701814700320834,
0.70512000240292,0.708425304485007,0.711730606567093,0.715035908649179,
0.716688559690223,0.718341210731266),.UNSPECIFIED.);
#325=EDGE_LOOP('',(#55,#56,#57,#58));
#326=EDGE_LOOP('',(#59,#60,#61,#62));
#327=EDGE_LOOP('',(#63,#64,#65,#66));
#328=EDGE_LOOP('',(#67,#68,#69,#70));
#329=EDGE_LOOP('',(#71,#72,#73,#74));
#330=EDGE_LOOP('',(#75,#76,#77,#78));
#331=EDGE_LOOP('',(#79));
#332=EDGE_LOOP('',(#80));
#333=EDGE_LOOP('',(#81,#82,#83,#84,#85,#86));
#334=EDGE_LOOP('',(#87));
#335=EDGE_LOOP('',(#88,#89,#90,#91,#92,#93,#94,#95,#96,#97,#98,#99,#100,
#101));
#336=EDGE_LOOP('',(#102,#103,#104,#105,#106,#107));
#337=EDGE_LOOP('',(#108));
#338=EDGE_LOOP('',(#109,#110,#111,#112,#113,#114,#115,#116,#117,#118,#119,
#120,#121,#122));
#339=EDGE_LOOP('',(#123,#124,#125,#126));
#340=EDGE_LOOP('',(#127,#128,#129,#130));
#341=EDGE_LOOP('',(#131,#132,#133,#134));
#342=EDGE_LOOP('',(#135,#136,#137,#138));
#343=EDGE_LOOP('',(#139,#140,#141,#142));
#344=EDGE_LOOP('',(#143,#144,#145,#146));
#345=EDGE_LOOP('',(#147,#148,#149,#150));
#346=EDGE_LOOP('',(#151,#152,#153,#154));
#347=EDGE_LOOP('',(#155,#156,#157,#158));
#348=EDGE_LOOP('',(#159,#160,#161,#162));
#349=EDGE_LOOP('',(#163,#164,#165,#166));
#350=EDGE_LOOP('',(#167,#168,#169,#170));
#351=EDGE_LOOP('',(#171,#172,#173,#174));
#352=EDGE_LOOP('',(#175,#176,#177,#178));
#353=FACE_BOUND('',#325,.T.);
#354=FACE_BOUND('',#326,.T.);
#355=FACE_BOUND('',#327,.T.);
#356=FACE_BOUND('',#328,.T.);
#357=FACE_BOUND('',#329,.T.);
#358=FACE_BOUND('',#330,.T.);
#359=FACE_BOUND('',#331,.T.);
#360=FACE_BOUND('',#332,.T.);
#361=FACE_BOUND('',#333,.T.);
#362=FACE_BOUND('',#334,.T.);
#363=FACE_BOUND('',#335,.T.);
#364=FACE_BOUND('',#336,.T.);
#365=FACE_BOUND('',#337,.T.);
#366=FACE_BOUND('',#338,.T.);
#367=FACE_BOUND('',#339,.T.);
#368=FACE_BOUND('',#340,.T.);
#369=FACE_BOUND('',#341,.T.);
#370=FACE_BOUND('',#342,.T.);
#371=FACE_BOUND('',#343,.T.);
#372=FACE_BOUND('',#344,.T.);
#373=FACE_BOUND('',#345,.T.);
#374=FACE_BOUND('',#346,.T.);
#375=FACE_BOUND('',#347,.T.);
#376=FACE_BOUND('',#348,.T.);
#377=FACE_BOUND('',#349,.T.);
#378=FACE_BOUND('',#350,.T.);
#379=FACE_BOUND('',#351,.T.);
#380=FACE_BOUND('',#352,.T.);
#381=B_SPLINE_SURFACE_WITH_KNOTS('',3,1,((#471,#472),(#473,#474),(#475,
#476),(#477,#478),(#479,#480),(#481,#482),(#483,#484),(#485,#486),(#487,
#488),(#489,#490),(#491,#492),(#493,#494),(#495,#496),(#497,#498),(#499,
#500),(#501,#502),(#503,#504),(#505,#506),(#507,#508),(#509,#510),(#511,
#512),(#513,#514),(#515,#516),(#517,#518),(#519,#520),(#521,#522),(#523,
#524),(#525,#526),(#527,#528),(#529,#530),(#531,#532),(#533,#534),(#535,
#536),(#537,#538),(#539,#540),(#541,#542),(#543,#544),(#545,#546),(#547,
#548),(#549,#550),(#551,#552),(#553,#554),(#555,#556),(#557,#558),(#559,
#560),(#561,#562),(#563,#564),(#565,#566),(#567,#568),(#569,#570),(#571,
#572),(#573,#574),(#575,#576),(#577,#578),(#579,#580),(#581,#582),(#583,
#584),(#585,#586),(#587,#588),(#589,#590),(#591,#592),(#593,#594),(#595,
#596),(#597,#598),(#599,#600),(#601,#602),(#603,#604),(#605,#606),(#607,
#608),(#609,#610),(#611,#612),(#613,#614),(#615,#616),(#617,#618),(#619,
#620),(#621,#622),(#623,#624),(#625,#626),(#627,#628),(#629,#630),(#631,
#632),(#633,#634),(#635,#636),(#637,#638),(#639,#640),(#641,#642),(#643,
#644),(#645,#646),(#647,#648),(#649,#650),(#651,#652),(#653,#654),(#655,
#656),(#657,#658),(#659,#660),(#661,#662),(#663,#664),(#665,#666),(#667,
#668),(#669,#670),(#671,#672),(#673,#674),(#675,#676),(#677,#678),(#679,
#680),(#681,#682),(#683,#684),(#685,#686),(#687,#688),(#689,#690),(#691,
#692),(#693,#694),(#695,#696),(#697,#698),(#699,#700),(#701,#702),(#703,
#704),(#705,#706),(#707,#708),(#709,#710),(#711,#712),(#713,#714),(#715,
#716),(#717,#718),(#719,#720),(#721,#722),(#723,#724),(#725,#726),(#727,
#728),(#729,#730),(#731,#732),(#733,#734),(#735,#736),(#737,#738),(#739,
#740),(#741,#742),(#743,#744),(#745,#746),(#747,#748),(#749,#750),(#751,
#752),(#753,#754),(#755,#756),(#757,#758),(#759,#760),(#761,#762),(#763,
#764),(#765,#766),(#767,#768),(#769,#770),(#771,#772),(#773,#774),(#775,
#776),(#777,#778)),.UNSPECIFIED.,.F.,.F.,.F.,(4,1,1,1,1,1,1,1,1,1,1,1,1,
1,1,1,1,1,1,1,1,1,1,1,1,1,1,1,1,1,1,1,1,1,1,1,1,1,1,1,1,1,1,1,1,1,1,1,1,
1,1,1,1,1,1,1,1,1,1,1,1,1,1,1,1,1,1,1,1,1,1,1,1,1,1,1,1,1,1,1,1,1,1,1,1,
1,1,1,1,1,1,1,1,1,1,1,1,1,1,1,1,1,1,1,1,1,1,1,1,1,1,1,1,1,1,1,1,1,1,1,1,
1,1,1,1,1,1,1,1,1,1,1,1,1,1,1,1,1,1,1,1,1,1,1,1,1,1,1,1,1,1,4),(2,2),(0.745258061197921,
0.750777671536762,0.753537476706182,0.756297281875603,0.759057087045023,
0.760436989629733,0.761816892214443,0.763196794799154,0.763886746091509,
0.764576697383864,0.765266648676219,0.765956599968574,0.766301575614752,
0.766991526907107,0.767164014730196,0.767336502553284,0.767508990376373,
0.767595234287918,0.767681478199462,0.767767722111006,0.767853966022551,
0.767897087978323,0.767940209934095,0.767983331889867,0.768026453845639,
0.768048014823525,0.768069575801412,0.768091136779298,0.768101917268241,
0.768112697757184,0.768123478246127,0.76813425873507,0.768145039224013,
0.768155819712956,0.768166600201899,0.768177380690842,0.768198941668728,
0.768220502646614,0.7682420636245,0.768263624602387,0.768285185580273,0.768328307536045,
0.768371429491817,0.768414551447589,0.768457673403361,0.768543917314906,
0.76863016122645,0.768716405137995,0.768888892961083,0.769061380784172,
0.769233868607261,0.76940635643035,0.769751332076527,0.770096307722705,
0.770441283368882,0.77078625901506,0.771476210307415,0.77216616159977,0.772856112892125,
0.774236015476835,0.775615918061546,0.776995820646256,0.778375723230966,
0.781135528400386,0.783895333569807,0.786655138739227,0.789414943908648,
0.794934554247489,0.800454164586329,0.80597377492517,0.811493385264011,
0.817012995602852,0.822532605941693,0.828052216280533,0.830812021449954,
0.833571826619374,0.836331631788795,0.839091436958215,0.841851242127636,
0.844611047297056,0.845990949881766,0.847370852466476,0.848750755051187,
0.850130657635897,0.851510560220607,0.852890462805317,0.854270365390027,
0.855650267974738,0.858410073144158,0.861169878313578,0.863929683482999,
0.866689488652419,0.87220909899126,0.877728709330101,0.883248319668942,
0.888767930007783,0.894287540346623,0.899807150685464,0.905326761024305,
0.910846371363146,0.916365981701987,0.919125786871407,0.921885592040828,
0.924645397210248,0.927405202379668,0.930165007549089,0.931544910133799,
0.932924812718509,0.934304715303219,0.93568461788793,0.93706452047264,0.93844442305735,
0.93982432564206,0.941204228226771,0.943964033396191,0.946723838565611,
0.949483643735032,0.952243448904452,0.955003254073872,0.960522864412713,
0.966042474751554,0.971562085090395,0.977081695429236,0.982601305768077,
0.985361110937497,0.988120916106917,0.990880721276338,0.993640526445758,
0.995020429030468,0.996400331615179,0.997780234199889,0.999160136784599,
0.999850088076954,1.00054003936931,1.00191994195402,1.00329984453873,1.00467974712344,
1.00605964970815,1.00743955229286,1.01019935746228,1.0129591626317,1.01571896780112,
1.01847877297054,1.02123857813996,1.0267581884788,1.03227779881764,1.03779740915648,
1.04331701949533,1.05435624017301,1.06539546085069,1.07643468152837,1.09851312288373),
(0.,1.),.UNSPECIFIED.);
#382=B_SPLINE_SURFACE_WITH_KNOTS('',3,1,((#1273,#1274),(#1275,#1276),(#1277,
#1278),(#1279,#1280),(#1281,#1282),(#1283,#1284),(#1285,#1286),(#1287,#1288),
(#1289,#1290),(#1291,#1292),(#1293,#1294),(#1295,#1296),(#1297,#1298),(#1299,
#1300),(#1301,#1302),(#1303,#1304),(#1305,#1306),(#1307,#1308),(#1309,#1310),
(#1311,#1312),(#1313,#1314),(#1315,#1316),(#1317,#1318)),
 .SURF_OF_LINEAR_EXTRUSION.,.F.,.F.,.F.,(4,1,1,1,1,1,1,1,1,1,1,1,1,1,1,
1,1,1,1,1,4),(2,2),(0.135252255968516,0.13792068723191,0.140589118495305,
0.1432575497587,0.145925981022094,0.148594412285489,0.149928627917187,0.151262843548884,
0.152597059180581,0.153931274812279,0.155265490443976,0.156599706075673,
0.157933921707371,0.159268137339068,0.160602352970765,0.161936568602463,
0.164604999865857,0.167273431129252,0.169941862392647,0.172610293656042,
0.177947156182831),(0.,1.),.UNSPECIFIED.);
#383=B_SPLINE_SURFACE_WITH_KNOTS('',3,1,((#1388,#1389),(#1390,#1391),(#1392,
#1393),(#1394,#1395),(#1396,#1397),(#1398,#1399),(#1400,#1401),(#1402,#1403),
(#1404,#1405),(#1406,#1407),(#1408,#1409),(#1410,#1411),(#1412,#1413),(#1414,
#1415),(#1416,#1417),(#1418,#1419),(#1420,#1421),(#1422,#1423),(#1424,#1425),
(#1426,#1427),(#1428,#1429),(#1430,#1431),(#1432,#1433),(#1434,#1435),(#1436,
#1437),(#1438,#1439),(#1440,#1441),(#1442,#1443),(#1444,#1445)),
 .SURF_OF_LINEAR_EXTRUSION.,.F.,.F.,.F.,(4,1,1,1,1,1,1,1,1,1,1,1,1,1,1,
1,1,1,1,1,1,1,1,1,1,1,4),(2,2),(0.189566671195982,0.196856804650494,0.204146938105006,
0.207792004832262,0.211437071559518,0.215082138286774,0.218727205014029,
0.220549738377657,0.222372271741285,0.224194805104913,0.226017338468541,
0.227839871832169,0.228751138513983,0.229662405195797,0.230573671877611,
0.231484938559425,0.232396205241239,0.233307471923053,0.234218738604867,
0.235130005286681,0.236041271968495,0.236952538650309,0.238775072013937,
0.240597605377565,0.242420138741193,0.244242672104821,0.247887738832077),
(0.,1.),.UNSPECIFIED.);
#384=B_SPLINE_SURFACE_WITH_KNOTS('',3,1,((#1537,#1538),(#1539,#1540),(#1541,
#1542),(#1543,#1544),(#1545,#1546),(#1547,#1548),(#1549,#1550),(#1551,#1552),
(#1553,#1554),(#1555,#1556),(#1557,#1558),(#1559,#1560),(#1561,#1562),(#1563,
#1564),(#1565,#1566),(#1567,#1568),(#1569,#1570),(#1571,#1572),(#1573,#1574),
(#1575,#1576),(#1577,#1578),(#1579,#1580),(#1581,#1582),(#1583,#1584),(#1585,
#1586),(#1587,#1588),(#1589,#1590),(#1591,#1592),(#1593,#1594),(#1595,#1596),
(#1597,#1598),(#1599,#1600),(#1601,#1602),(#1603,#1604),(#1605,#1606),(#1607,
#1608),(#1609,#1610),(#1611,#1612),(#1613,#1614),(#1615,#1616),(#1617,#1618),
(#1619,#1620),(#1621,#1622),(#1623,#1624),(#1625,#1626),(#1627,#1628),(#1629,
#1630),(#1631,#1632),(#1633,#1634),(#1635,#1636),(#1637,#1638),(#1639,#1640),
(#1641,#1642),(#1643,#1644),(#1645,#1646),(#1647,#1648),(#1649,#1650),(#1651,
#1652),(#1653,#1654),(#1655,#1656),(#1657,#1658),(#1659,#1660),(#1661,#1662),
(#1663,#1664),(#1665,#1666),(#1667,#1668),(#1669,#1670),(#1671,#1672)),
 .SURF_OF_LINEAR_EXTRUSION.,.F.,.F.,.F.,(4,1,1,1,1,1,1,1,1,1,1,1,1,1,1,
1,1,1,1,1,1,1,1,1,1,1,1,1,1,1,1,1,1,1,1,1,1,1,1,1,1,1,1,1,1,1,1,1,1,1,1,
1,1,1,1,1,1,1,1,1,1,1,1,1,1,4),(2,2),(0.290103273600818,0.298020498896323,
0.305937724191828,0.313854949487333,0.321772174782838,0.337606625373848,
0.345523850669353,0.353441075964858,0.361358301260363,0.369275526555868,
0.377192751851373,0.381151364499125,0.385109977146878,0.38906858979463,
0.393027202442383,0.395006508766259,0.396985815090135,0.398965121414011,
0.400944427737888,0.402923734061764,0.403913387223702,0.40490304038564,
0.405892693547578,0.406882346709516,0.407871999871454,0.408366826452423,
0.408861653033393,0.409356479614362,0.409851306195331,0.410840959357269,
0.411830612519207,0.412820265681145,0.413809918843083,0.414799572005021,
0.416778878328897,0.418758184652774,0.42073749097665,0.424696103624402,
0.428654716272155,0.432613328919907,0.43657194156766,0.440530554215412,
0.448447779510917,0.45240639215867,0.456365004806422,0.460323617454175,
0.464282230101927,0.466261536425803,0.46824084274968,0.470220149073556,
0.472199455397432,0.474178761721308,0.476158068045185,0.478137374369061,
0.480116680692937,0.48407529334069,0.488033905988442,0.491992518636195,
0.495951131283947,0.503868356579452,0.511785581874957,0.519702807170462,
0.527620032465967,0.535537257761472,0.539495870409225,0.543454483056977),
(0.,1.),.UNSPECIFIED.);
#385=B_SPLINE_SURFACE_WITH_KNOTS('',3,1,((#1884,#1885),(#1886,#1887),(#1888,
#1889),(#1890,#1891),(#1892,#1893),(#1894,#1895),(#1896,#1897),(#1898,#1899),
(#1900,#1901),(#1902,#1903),(#1904,#1905),(#1906,#1907),(#1908,#1909),(#1910,
#1911),(#1912,#1913),(#1914,#1915),(#1916,#1917),(#1918,#1919),(#1920,#1921),
(#1922,#1923),(#1924,#1925),(#1926,#1927),(#1928,#1929),(#1930,#1931),(#1932,
#1933),(#1934,#1935),(#1936,#1937),(#1938,#1939),(#1940,#1941),(#1942,#1943),
(#1944,#1945),(#1946,#1947),(#1948,#1949),(#1950,#1951),(#1952,#1953),(#1954,
#1955),(#1956,#1957),(#1958,#1959),(#1960,#1961),(#1962,#1963),(#1964,#1965),
(#1966,#1967),(#1968,#1969),(#1970,#1971),(#1972,#1973),(#1974,#1975),(#1976,
#1977),(#1978,#1979),(#1980,#1981),(#1982,#1983),(#1984,#1985),(#1986,#1987),
(#1988,#1989),(#1990,#1991),(#1992,#1993),(#1994,#1995),(#1996,#1997)),
 .SURF_OF_LINEAR_EXTRUSION.,.F.,.F.,.F.,(4,1,1,1,1,1,1,1,1,1,1,1,1,1,1,
1,1,1,1,1,1,1,1,1,1,1,1,1,1,1,1,1,1,1,1,1,1,1,1,1,1,1,1,1,1,1,1,1,1,1,1,
1,1,1,4),(2,2),(0.545292604401403,0.546208011424384,0.546665714935875,0.547123418447366,
0.547581121958856,0.548038825470347,0.548496528981838,0.548954232493328,
0.54986963951631,0.550785046539291,0.551700453562272,0.552615860585254,
0.554446674631216,0.556277488677179,0.558108302723142,0.559939116769104,
0.56360074486103,0.567262372952955,0.57092400104488,0.574585629136806,0.581908885320656,
0.589232141504507,0.596555397688357,0.603878653872208,0.607540281964133,
0.611201910056059,0.614863538147984,0.618525166239909,0.620355980285872,
0.622186794331835,0.624017608377797,0.62584842242376,0.627679236469723,
0.628594643492704,0.629510050515685,0.630425457538667,0.631340864561648,
0.631798568073139,0.632256271584629,0.63271397509612,0.63317167860761,0.633629382119101,
0.634087085630592,0.635002492653573,0.635917899676554,0.636833306699536,
0.638664120745498,0.640494934791461,0.642325748837424,0.644156562883387,
0.647818190975312,0.651479819067237,0.655141447159162,0.658803075251088,
0.662464703343013),(0.,1.),.UNSPECIFIED.);
#386=B_SPLINE_SURFACE_WITH_KNOTS('',3,1,((#2173,#2174),(#2175,#2176),(#2177,
#2178),(#2179,#2180),(#2181,#2182),(#2183,#2184),(#2185,#2186),(#2187,#2188),
(#2189,#2190),(#2191,#2192),(#2193,#2194),(#2195,#2196),(#2197,#2198),(#2199,
#2200),(#2201,#2202),(#2203,#2204),(#2205,#2206),(#2207,#2208)),
 .SURF_OF_LINEAR_EXTRUSION.,.F.,.F.,.F.,(4,1,1,1,1,1,1,1,1,1,1,1,1,1,1,
4),(2,2),(0.676632084057471,0.683035245793843,0.686236826662029,0.689438407530216,
0.692639988398402,0.695841569266588,0.699043150134774,0.70224473100296,
0.708647892739332,0.711849473607518,0.715051054475704,0.718252635343891,
0.719853425777984,0.721454216212077,0.724655797080263,0.727857377948449),
(0.,1.),.UNSPECIFIED.);
#387=B_SPLINE_SURFACE_WITH_KNOTS('',3,1,((#2265,#2266),(#2267,#2268),(#2269,
#2270),(#2271,#2272),(#2273,#2274),(#2275,#2276),(#2277,#2278),(#2279,#2280),
(#2281,#2282),(#2283,#2284),(#2285,#2286),(#2287,#2288),(#2289,#2290),(#2291,
#2292),(#2293,#2294),(#2295,#2296),(#2297,#2298),(#2299,#2300),(#2301,#2302),
(#2303,#2304),(#2305,#2306),(#2307,#2308),(#2309,#2310),(#2311,#2312),(#2313,
#2314),(#2315,#2316),(#2317,#2318),(#2319,#2320),(#2321,#2322),(#2323,#2324),
(#2325,#2326),(#2327,#2328),(#2329,#2330),(#2331,#2332),(#2333,#2334),(#2335,
#2336),(#2337,#2338),(#2339,#2340),(#2341,#2342),(#2343,#2344),(#2345,#2346),
(#2347,#2348),(#2349,#2350),(#2351,#2352),(#2353,#2354),(#2355,#2356)),
 .SURF_OF_LINEAR_EXTRUSION.,.T.,.F.,.F.,(1,3,1,1,1,1,1,1,1,1,1,1,1,1,1,
1,1,1,1,1,1,1,1,1,1,1,1,1,1,1,1,1,1,1,1,1,1,1,1,1,1,1,1,1,3,1),(2,2),(-0.0213159191159654,
0.,0.0316366664689419,0.0757099676299638,0.114916119896585,0.128540803945725,
0.154786568138453,0.178408382973002,0.18891828177533,0.210112569027804,
0.233734383862353,0.265217484199261,0.27940638660623,0.313929239919937,
0.347013949956574,0.387521382065979,0.409265058924112,0.430365197122421,
0.458063051246003,0.473698878489538,0.491061327336057,0.518070152175922,
0.544503651671946,0.548682503363406,0.571602734147099,0.596539297597293,
0.619149375407644,0.633122205135926,0.653889950599971,0.671741165075627,
0.691590060487731,0.721035026581885,0.739581646056816,0.767107743934672,
0.779372023444008,0.80668626594524,0.834073987631152,0.850589969667788,
0.869783147076514,0.894480290981208,0.918930851261594,0.935978976836433,
0.953027108669703,0.978684080884035,1.,1.03163666646894),(0.,1.),
 .UNSPECIFIED.);
#388=B_SPLINE_SURFACE_WITH_KNOTS('',3,1,((#3988,#3989),(#3990,#3991),(#3992,
#3993),(#3994,#3995),(#3996,#3997),(#3998,#3999),(#4000,#4001),(#4002,#4003),
(#4004,#4005),(#4006,#4007),(#4008,#4009),(#4010,#4011),(#4012,#4013),(#4014,
#4015),(#4016,#4017),(#4018,#4019),(#4020,#4021),(#4022,#4023),(#4024,#4025),
(#4026,#4027),(#4028,#4029),(#4030,#4031),(#4032,#4033),(#4034,#4035),(#4036,
#4037),(#4038,#4039),(#4040,#4041),(#4042,#4043)),
 .SURF_OF_LINEAR_EXTRUSION.,.F.,.F.,.F.,(4,1,1,1,1,1,1,1,1,1,1,1,1,1,1,
1,1,1,1,1,1,1,1,1,1,4),(2,2),(0.619733725844825,0.621686959590599,0.623640193336374,
0.625593427082148,0.626570043955035,0.627546660827923,0.62852327770081,
0.629011586137253,0.629499894573697,0.62998820301014,0.630232357228362,
0.630476511446584,0.630964819883028,0.631453128319471,0.631941436755915,
0.632185590974137,0.632429745192359,0.63267389941058,0.632795976519691,
0.632918053628802,0.633162207847024,0.633406362065246,0.633650516283467,
0.633894670501689,0.634382978938133,0.63535959581102),(0.,1.),
 .UNSPECIFIED.);
#389=B_SPLINE_SURFACE_WITH_KNOTS('',3,1,((#4046,#4047),(#4048,#4049),(#4050,
#4051),(#4052,#4053),(#4054,#4055),(#4056,#4057),(#4058,#4059),(#4060,#4061)),
 .SURF_OF_LINEAR_EXTRUSION.,.F.,.F.,.F.,(4,1,1,1,1,4),(2,2),(0.691898794074574,
0.695204096156661,0.698509398238747,0.70512000240292,0.711730606567093,
0.718341210731266),(0.,1.),.UNSPECIFIED.);
#390=B_SPLINE_SURFACE_WITH_KNOTS('',3,1,((#4063,#4064),(#4065,#4066),(#4067,
#4068),(#4069,#4070),(#4071,#4072),(#4073,#4074),(#4075,#4076),(#4077,#4078),
(#4079,#4080),(#4081,#4082),(#4083,#4084),(#4085,#4086),(#4087,#4088),(#4089,
#4090),(#4091,#4092),(#4093,#4094),(#4095,#4096),(#4097,#4098),(#4099,#4100),
(#4101,#4102),(#4103,#4104),(#4105,#4106),(#4107,#4108),(#4109,#4110),(#4111,
#4112),(#4113,#4114),(#4115,#4116),(#4117,#4118),(#4119,#4120),(#4121,#4122),
(#4123,#4124),(#4125,#4126),(#4127,#4128),(#4129,#4130),(#4131,#4132),(#4133,
#4134),(#4135,#4136),(#4137,#4138),(#4139,#4140),(#4141,#4142),(#4143,#4144),
(#4145,#4146),(#4147,#4148),(#4149,#4150),(#4151,#4152),(#4153,#4154),(#4155,
#4156),(#4157,#4158),(#4159,#4160),(#4161,#4162),(#4163,#4164)),
 .UNSPECIFIED.,.F.,.F.,.F.,(4,1,1,1,1,1,1,1,1,1,1,1,1,1,1,1,1,1,1,1,1,1,
1,1,1,1,1,1,1,1,1,1,1,1,1,1,1,1,1,1,1,1,1,1,1,1,1,1,4),(2,2),(0.759734778004788,
0.760792315638986,0.761849853273183,0.762378622090282,0.76290739090738,
0.763436159724479,0.763964928541578,0.764493697358677,0.765022466175775,
0.765551234992874,0.765815619401424,0.766344388218522,0.766608772627072,
0.766873157035621,0.767005349239896,0.76713754144417,0.767269733648445,
0.76740192585272,0.767534118056994,0.767600214159132,0.767666310261269,
0.767732406363406,0.767798502465544,0.767864598567681,0.76789764661875,
0.767930694669819,0.767963742720887,0.767996790771956,0.768029838823025,
0.768046362848559,0.768054624861326,0.768062886874093,0.768079410899628,
0.768095934925162,0.768104196937929,0.768112458950696,0.76811658995708,
0.768120720963463,0.768128982976231,0.768137244988998,0.768145507001765,
0.768153769014532,0.768157900020916,0.768162031027299,0.768170293040066,
0.76817442404645,0.768178555052834,0.768186817065601,0.768195079078368),
(0.,1.),.UNSPECIFIED.);
#391=B_SPLINE_SURFACE_WITH_KNOTS('',3,1,((#4166,#4167),(#4168,#4169),(#4170,
#4171),(#4172,#4173),(#4174,#4175),(#4176,#4177),(#4178,#4179)),
 .SURF_OF_LINEAR_EXTRUSION.,.F.,.F.,.F.,(4,1,1,1,4),(2,2),(0.799040421443689,
0.806901444350867,0.814762467258044,0.822623490165222,0.8304845130724),
(0.,1.),.UNSPECIFIED.);
#392=B_SPLINE_SURFACE_WITH_KNOTS('',3,1,((#4181,#4182),(#4183,#4184),(#4185,
#4186),(#4187,#4188),(#4189,#4190),(#4191,#4192),(#4193,#4194),(#4195,#4196),
(#4197,#4198),(#4199,#4200),(#4201,#4202),(#4203,#4204),(#4205,#4206),(#4207,
#4208),(#4209,#4210),(#4211,#4212),(#4213,#4214),(#4215,#4216),(#4217,#4218),
(#4219,#4220),(#4221,#4222),(#4223,#4224),(#4225,#4226),(#4227,#4228),(#4229,
#4230)),.SURF_OF_LINEAR_EXTRUSION.,.F.,.F.,.F.,(4,1,1,1,1,1,1,1,1,1,1,1,
1,1,1,1,1,1,1,1,1,1,4),(2,2),(0.835885749204506,0.839343479639451,0.841072344856924,
0.842801210074396,0.844530075291869,0.845394507900605,0.846258940509342,
0.847123373118078,0.847987805726814,0.848852238335551,0.849716670944287,
0.850148887248655,0.850581103553023,0.85144553616176,0.852309968770496,
0.853174401379232,0.854038833987969,0.854903266596705,0.856632131814177,
0.85836099703165,0.860089862249123,0.861818727466595,0.863547592684068),
(0.,1.),.UNSPECIFIED.);
#393=B_SPLINE_SURFACE_WITH_KNOTS('',3,1,((#4232,#4233),(#4234,#4235),(#4236,
#4237),(#4238,#4239),(#4240,#4241),(#4242,#4243),(#4244,#4245),(#4246,#4247)),
 .SURF_OF_LINEAR_EXTRUSION.,.F.,.F.,.F.,(4,1,1,1,1,4),(2,2),(0.883038049497093,
0.889891712193446,0.893318543541622,0.896745374889798,0.90359903758615,
0.910452700282503),(0.,1.),.UNSPECIFIED.);
#394=B_SPLINE_SURFACE_WITH_KNOTS('',3,1,((#4249,#4250),(#4251,#4252),(#4253,
#4254),(#4255,#4256),(#4257,#4258),(#4259,#4260),(#4261,#4262),(#4263,#4264),
(#4265,#4266),(#4267,#4268),(#4269,#4270),(#4271,#4272),(#4273,#4274),(#4275,
#4276),(#4277,#4278),(#4279,#4280),(#4281,#4282),(#4283,#4284),(#4285,#4286),
(#4287,#4288),(#4289,#4290),(#4291,#4292)),.SURF_OF_LINEAR_EXTRUSION.,.F.,
 .F.,.F.,(4,1,1,1,1,1,1,1,1,1,1,1,1,1,1,1,1,1,1,4),(2,2),(0.923168968560966,
0.926058873757926,0.928948778954886,0.930393731553366,0.931838684151846,
0.932561160451086,0.933283636750326,0.934006113049566,0.934728589348806,
0.935451065648045,0.935812303797665,0.936173541947285,0.936896018246525,
0.937618494545765,0.939063447144245,0.939785923443485,0.940508399742725,
0.941953352341205,0.943398304939685,0.946288210136645),(0.,1.),
 .UNSPECIFIED.);
#395=B_SPLINE_SURFACE_WITH_KNOTS('',3,1,((#4294,#4295),(#4296,#4297),(#4298,
#4299),(#4300,#4301),(#4302,#4303),(#4304,#4305),(#4306,#4307),(#4308,#4309),
(#4310,#4311),(#4312,#4313),(#4314,#4315),(#4316,#4317),(#4318,#4319),(#4320,
#4321),(#4322,#4323),(#4324,#4325),(#4326,#4327),(#4328,#4329),(#4330,#4331),
(#4332,#4333),(#4334,#4335),(#4336,#4337),(#4338,#4339),(#4340,#4341),(#4342,
#4343),(#4344,#4345),(#4346,#4347),(#4348,#4349),(#4350,#4351),(#4352,#4353),
(#4354,#4355),(#4356,#4357),(#4358,#4359),(#4360,#4361),(#4362,#4363),(#4364,
#4365),(#4366,#4367),(#4368,#4369),(#4370,#4371),(#4372,#4373),(#4374,#4375),
(#4376,#4377),(#4378,#4379),(#4380,#4381),(#4382,#4383),(#4384,#4385)),
 .SURF_OF_LINEAR_EXTRUSION.,.F.,.F.,.F.,(4,1,1,1,1,1,1,1,1,1,1,1,1,1,1,
1,1,1,1,1,1,1,1,1,1,1,1,1,1,1,1,1,1,1,1,1,1,1,1,1,1,1,1,4),(2,2),(0.966178026105861,
0.96985851885129,0.973539011596719,0.977219504342149,0.980899997087578,
0.984580489833007,0.986420736205722,0.988260982578436,0.990101228951151,
0.991941475323866,0.99378172169658,0.994701844882937,0.995621968069295,
0.996082029662473,0.996542091255652,0.997462214442009,0.998382337628367,
0.998842399221545,0.999302460814724,0.999762522407903,1.00022258400108,
1.00114270718744,1.0020628303738,1.00298295356015,1.00390307674651,1.00482319993287,
1.00666344630558,1.0085036926783,1.01034393905101,1.01218418542373,1.01402443179644,
1.01770492454187,1.0213854172873,1.02506591003273,1.02874640277816,1.03242689552359,
1.03978788101445,1.0471488665053,1.05450985199616,1.06187083748702,1.06923182297788,
1.07291231572331,1.07659280846874,1.0839537939596),(0.,1.),
 .UNSPECIFIED.);
#396=B_SPLINE_SURFACE_WITH_KNOTS('',3,1,((#4387,#4388),(#4389,#4390),(#4391,
#4392),(#4393,#4394),(#4395,#4396),(#4397,#4398),(#4399,#4400),(#4401,#4402),
(#4403,#4404),(#4405,#4406),(#4407,#4408),(#4409,#4410),(#4411,#4412),(#4413,
#4414),(#4415,#4416),(#4417,#4418)),.SURF_OF_LINEAR_EXTRUSION.,.F.,.F.,
 .F.,(4,1,1,1,1,1,1,1,1,1,1,1,1,4),(2,2),(0.151350753542956,0.152292152374437,
0.153233551205918,0.154174950037399,0.154645649453139,0.155116348868879,
0.15605774770036,0.156999146531841,0.157940545363322,0.158881944194803,
0.160764741857765,0.162647539520726,0.164530337183688,0.16641313484665),
(0.,1.),.UNSPECIFIED.);
#397=B_SPLINE_SURFACE_WITH_KNOTS('',3,1,((#4420,#4421),(#4422,#4423),(#4424,
#4425),(#4426,#4427),(#4428,#4429),(#4430,#4431),(#4432,#4433),(#4434,#4435),
(#4436,#4437),(#4438,#4439),(#4440,#4441),(#4442,#4443),(#4444,#4445),(#4446,
#4447),(#4448,#4449),(#4450,#4451),(#4452,#4453),(#4454,#4455),(#4456,#4457),
(#4458,#4459)),.SURF_OF_LINEAR_EXTRUSION.,.F.,.F.,.F.,(4,1,1,1,1,1,1,1,
1,1,1,1,1,1,1,1,1,4),(2,2),(0.22015096542627,0.221952225397129,0.223753485367987,
0.225554745338846,0.227356005309704,0.228256635295133,0.229157265280562,
0.229607580273277,0.230057895265992,0.230508210258706,0.230958525251421,
0.231408840244135,0.23185915523685,0.232309470229565,0.232759785222279,
0.233660415207708,0.234110730200423,0.234561045193138),(0.,1.),
 .UNSPECIFIED.);
#398=B_SPLINE_SURFACE_WITH_KNOTS('',3,1,((#4461,#4462),(#4463,#4464),(#4465,
#4466),(#4467,#4468),(#4469,#4470),(#4471,#4472),(#4473,#4474),(#4475,#4476),
(#4477,#4478),(#4479,#4480),(#4481,#4482),(#4483,#4484),(#4485,#4486),(#4487,
#4488),(#4489,#4490),(#4491,#4492),(#4493,#4494),(#4495,#4496),(#4497,#4498),
(#4499,#4500),(#4501,#4502),(#4503,#4504),(#4505,#4506),(#4507,#4508),(#4509,
#4510),(#4511,#4512),(#4513,#4514),(#4515,#4516),(#4517,#4518),(#4519,#4520),
(#4521,#4522),(#4523,#4524),(#4525,#4526),(#4527,#4528),(#4529,#4530),(#4531,
#4532),(#4533,#4534),(#4535,#4536),(#4537,#4538),(#4539,#4540),(#4541,#4542),
(#4543,#4544),(#4545,#4546),(#4547,#4548),(#4549,#4550),(#4551,#4552),(#4553,
#4554),(#4555,#4556),(#4557,#4558),(#4559,#4560)),
 .SURF_OF_LINEAR_EXTRUSION.,.F.,.F.,.F.,(4,1,1,1,1,1,1,1,1,1,1,1,1,1,1,
1,1,1,1,1,1,1,1,1,1,1,1,1,1,1,1,1,1,1,1,1,1,1,1,1,1,1,1,1,1,1,1,4),(2,2),
(0.305720487530655,0.31343703368136,0.321153579832065,0.336586672133476,
0.344303218284181,0.352019764434886,0.359736310585592,0.367452856736297,
0.375169402887002,0.379027675962355,0.382885949037707,0.38674422211306,
0.390602495188412,0.392531631726089,0.394460768263765,0.396389904801441,
0.398319041339118,0.400248177876794,0.40217731441447,0.403141882683308,
0.404106450952147,0.404588735086566,0.405071019220985,0.405553303355404,
0.406035587489823,0.407000155758661,0.40748243989308,0.407964724027499,
0.408205866094709,0.408447008161918,0.408688150229128,0.408929292296337,
0.409411576430756,0.409652718497966,0.409893860565176,0.410376144699595,
0.410858428834014,0.411822997102852,0.41278756537169,0.413752133640528,
0.414716701909366,0.415681270178204,0.417610406715881,0.419539543253557,
0.421468679791233,0.42339781632891,0.425326952866586,0.429185225941939),
(0.,1.),.UNSPECIFIED.);
#399=B_SPLINE_SURFACE_WITH_KNOTS('',3,1,((#4562,#4563),(#4564,#4565),(#4566,
#4567),(#4568,#4569),(#4570,#4571),(#4572,#4573),(#4574,#4575),(#4576,#4577),
(#4578,#4579),(#4580,#4581),(#4582,#4583),(#4584,#4585),(#4586,#4587),(#4588,
#4589),(#4590,#4591),(#4592,#4593),(#4594,#4595),(#4596,#4597),(#4598,#4599),
(#4600,#4601),(#4602,#4603),(#4604,#4605),(#4606,#4607),(#4608,#4609),(#4610,
#4611),(#4612,#4613),(#4614,#4615)),.SURF_OF_LINEAR_EXTRUSION.,.F.,.F.,
 .F.,(4,1,1,1,1,1,1,1,1,1,1,1,1,1,1,1,1,1,1,1,1,1,1,1,4),(2,2),(0.432404312123074,
0.439012851918496,0.445621391713919,0.452229931509341,0.455534201407052,
0.458838471304764,0.462142741202475,0.465447011100186,0.467099146049041,
0.467925213523469,0.468751280997897,0.469577348472325,0.470403415946753,
0.472055550895608,0.472881618370036,0.47329465210725,0.473707685844464,
0.474120719581678,0.474533753318892,0.475359820793319,0.477011955742175,
0.478664090691031,0.480316225639886,0.481968360588742,0.485272630486453),
(0.,1.),.UNSPECIFIED.);
#400=B_SPLINE_SURFACE_WITH_KNOTS('',3,1,((#4617,#4618),(#4619,#4620),(#4621,
#4622),(#4623,#4624),(#4625,#4626),(#4627,#4628),(#4629,#4630),(#4631,#4632),
(#4633,#4634),(#4635,#4636),(#4637,#4638)),.SURF_OF_LINEAR_EXTRUSION.,.F.,
 .F.,.F.,(4,1,1,1,1,1,1,1,4),(2,2),(0.501243619681289,0.506025173163126,
0.510806726644964,0.515588280126801,0.520369833608639,0.525151387090476,
0.529932940572313,0.534714494054151,0.539496047535988),(0.,1.),
 .UNSPECIFIED.);
#401=B_SPLINE_SURFACE_WITH_KNOTS('',3,1,((#4640,#4641),(#4642,#4643),(#4644,
#4645),(#4646,#4647),(#4648,#4649),(#4650,#4651),(#4652,#4653),(#4654,#4655),
(#4656,#4657),(#4658,#4659),(#4660,#4661),(#4662,#4663),(#4664,#4665),(#4666,
#4667),(#4668,#4669),(#4670,#4671),(#4672,#4673),(#4674,#4675),(#4676,#4677),
(#4678,#4679),(#4680,#4681),(#4682,#4683),(#4684,#4685),(#4686,#4687),(#4688,
#4689),(#4690,#4691),(#4692,#4693),(#4694,#4695),(#4696,#4697),(#4698,#4699),
(#4700,#4701),(#4702,#4703),(#4704,#4705),(#4706,#4707),(#4708,#4709),(#4710,
#4711),(#4712,#4713),(#4714,#4715)),.SURF_OF_LINEAR_EXTRUSION.,.F.,.F.,
 .F.,(4,1,1,1,1,1,1,1,1,1,1,1,1,1,1,1,1,1,1,1,1,1,1,1,1,1,1,1,1,1,1,1,1,
1,1,4),(2,2),(0.546022997002047,0.546302689268633,0.546582381535219,0.546862073801805,
0.547141766068391,0.547421458334977,0.547701150601563,0.547980842868149,
0.548260535134734,0.548400381268027,0.54854022740132,0.548819919667906,
0.549099611934492,0.549379304201078,0.54993868873425,0.550498073267422,
0.551616842333766,0.55273561140011,0.553854380466453,0.554973149532797,
0.557210687665485,0.559448225798172,0.561685763930859,0.563923302063547,
0.566160840196235,0.568398378328922,0.570635916461609,0.572873454594297,
0.577348530859672,0.581823607125047,0.586298683390422,0.590773759655797,
0.595248835921172,0.599723912186547,0.608674064717297,0.617624217248047),
(0.,1.),.UNSPECIFIED.);
#402=ADVANCED_FACE('',(#353),#381,.T.);
#403=ADVANCED_FACE('',(#354),#382,.T.);
#404=ADVANCED_FACE('',(#355),#383,.T.);
#405=ADVANCED_FACE('',(#356),#384,.T.);
#406=ADVANCED_FACE('',(#357),#385,.T.);
#407=ADVANCED_FACE('',(#358),#386,.T.);
#408=ADVANCED_FACE('',(#359,#360),#387,.F.);
#409=ADVANCED_FACE('',(#361,#362),#12,.T.);
#410=ADVANCED_FACE('',(#363,#364),#13,.T.);
#411=ADVANCED_FACE('',(#365,#366),#14,.F.);
#412=ADVANCED_FACE('',(#367),#388,.T.);
#413=ADVANCED_FACE('',(#368),#389,.T.);
#414=ADVANCED_FACE('',(#369),#390,.T.);
#415=ADVANCED_FACE('',(#370),#391,.T.);
#416=ADVANCED_FACE('',(#371),#392,.T.);
#417=ADVANCED_FACE('',(#372),#393,.T.);
#418=ADVANCED_FACE('',(#373),#394,.T.);
#419=ADVANCED_FACE('',(#374),#395,.T.);
#420=ADVANCED_FACE('',(#375),#396,.T.);
#421=ADVANCED_FACE('',(#376),#397,.T.);
#422=ADVANCED_FACE('',(#377),#398,.T.);
#423=ADVANCED_FACE('',(#378),#399,.T.);
#424=ADVANCED_FACE('',(#379),#400,.T.);
#425=ADVANCED_FACE('',(#380),#401,.T.);
#426=CLOSED_SHELL('',(#402,#403,#404,#405,#406,#407,#408,#409,#410,#411,
#412,#413,#414,#415,#416,#417,#418,#419,#420,#421,#422,#423,#424,#425));
#427=STYLED_ITEM('',(#428),#435);
#428=PRESENTATION_STYLE_ASSIGNMENT((#429));
#429=SURFACE_STYLE_USAGE(.BOTH.,#430);
#430=SURFACE_SIDE_STYLE('',(#431));
#431=SURFACE_STYLE_FILL_AREA(#432);
#432=FILL_AREA_STYLE('',(#433));
#433=FILL_AREA_STYLE_COLOUR('',#434);
#434=COLOUR_RGB('',0.615686274509804,0.811764705882353,0.929411764705882);
#435=MANIFOLD_SOLID_BREP('Part 1',#426);
#436=SHAPE_DEFINITION_REPRESENTATION(#4722,#437);
#437=SHAPE_REPRESENTATION('Part 1',(#438),#4717);
#438=AXIS2_PLACEMENT_3D('',#470,#442,#443);
#439=AXIS2_PLACEMENT_3D('',#2451,#450,#451);
#440=AXIS2_PLACEMENT_3D('',#2452,#452,#453);
#441=AXIS2_PLACEMENT_3D('',#3220,#454,#455);
#442=DIRECTION('',(0.,0.,1.));
#443=DIRECTION('',(1.,0.,0.));
#444=DIRECTION('',(0.,0.,-1.));
#445=DIRECTION('',(0.,0.,-1.));
#446=DIRECTION('',(0.,0.,-1.));
#447=DIRECTION('',(0.,0.,-1.));
#448=DIRECTION('',(0.,0.,-1.));
#449=DIRECTION('',(0.,0.,-1.));
#450=DIRECTION('',(0.,0.,-1.));
#451=DIRECTION('',(-1.,0.,0.));
#452=DIRECTION('',(0.,0.,-1.));
#453=DIRECTION('',(-1.,0.,0.));
#454=DIRECTION('',(0.,0.,-1.));
#455=DIRECTION('',(-1.,0.,0.));
#456=DIRECTION('',(0.,0.,-1.));
#457=DIRECTION('',(0.,0.,-1.));
#458=DIRECTION('',(0.,0.,-1.));
#459=DIRECTION('',(0.,0.,-1.));
#460=DIRECTION('',(0.,0.,-1.));
#461=DIRECTION('',(0.,0.,-1.));
#462=DIRECTION('',(0.,0.,-1.));
#463=DIRECTION('',(0.,0.,-1.));
#464=DIRECTION('',(0.,0.,-1.));
#465=DIRECTION('',(0.,0.,-1.));
#466=DIRECTION('',(0.,0.,-1.));
#467=DIRECTION('',(0.,0.,-1.));
#468=DIRECTION('',(0.,0.,-1.));
#469=DIRECTION('',(0.,0.,-1.));
#470=CARTESIAN_POINT('',(0.,0.,0.));
#471=CARTESIAN_POINT('',(0.00449208954955655,-0.0258851569344337,0.0127));
#472=CARTESIAN_POINT('',(0.00449208954955655,-0.0258851569344337,4.85722573273506E-17));
#473=CARTESIAN_POINT('',(0.00422713501323114,-0.0263195415829714,0.0127));
#474=CARTESIAN_POINT('',(0.00422713501323114,-0.0263195415829714,4.85722573273506E-17));
#475=CARTESIAN_POINT('',(0.00376848467142159,-0.0272229565056067,0.0127));
#476=CARTESIAN_POINT('',(0.00376848467142159,-0.0272229565056067,4.33680868994202E-17));
#477=CARTESIAN_POINT('',(0.00319366564660408,-0.0285575122378734,0.0127));
#478=CARTESIAN_POINT('',(0.00319366564660408,-0.0285575122378734,5.20417042793042E-17));
#479=CARTESIAN_POINT('',(0.00279687424742175,-0.0295514267483225,0.0127));
#480=CARTESIAN_POINT('',(0.00279687424742175,-0.0295514267483225,4.5102810375397E-17));
#481=CARTESIAN_POINT('',(0.00251095695499252,-0.0303128578440782,0.0127));
#482=CARTESIAN_POINT('',(0.00251095695499252,-0.0303128578440782,5.55111512312578E-17));
#483=CARTESIAN_POINT('',(0.00231712590693293,-0.0308471342742003,0.0127));
#484=CARTESIAN_POINT('',(0.00231712590693293,-0.0308471342742003,4.33680868994202E-17));
#485=CARTESIAN_POINT('',(0.00219121047741297,-0.0312018136480978,0.0127));
#486=CARTESIAN_POINT('',(0.00219121047741297,-0.0312018136480978,5.03069808033274E-17));
#487=CARTESIAN_POINT('',(0.00210410391153497,-0.0314519590405127,0.0127));
#488=CARTESIAN_POINT('',(0.00210410391153497,-0.0314519590405127,5.55111512312578E-17));
#489=CARTESIAN_POINT('',(0.00204603519556611,-0.0316207072790699,0.0127));
#490=CARTESIAN_POINT('',(0.00204603519556611,-0.0316207072790699,4.16333634234434E-17));
#491=CARTESIAN_POINT('',(0.00200850400090245,-0.031730608799015,0.0127));
#492=CARTESIAN_POINT('',(0.00200850400090245,-0.031730608799015,5.03069808033274E-17));
#493=CARTESIAN_POINT('',(0.00197717554669368,-0.0318229641381365,0.0127));
#494=CARTESIAN_POINT('',(0.00197717554669368,-0.0318229641381365,4.85722573273506E-17));
#495=CARTESIAN_POINT('',(0.00195634617817146,-0.0318846964063206,0.0127));
#496=CARTESIAN_POINT('',(0.00195634617817146,-0.0318846964063206,4.85722573273506E-17));
#497=CARTESIAN_POINT('',(0.00193939163818132,-0.0319350410334188,0.0127));
#498=CARTESIAN_POINT('',(0.00193939163818132,-0.0319350410334188,4.64038529823797E-17));
#499=CARTESIAN_POINT('',(0.00193012131542795,-0.0319625797668853,0.0127));
#500=CARTESIAN_POINT('',(0.00193012131542795,-0.0319625797668853,4.42354486374086E-17));
#501=CARTESIAN_POINT('',(0.00192329894216022,-0.031982723788869,0.0127));
#502=CARTESIAN_POINT('',(0.00192329894216022,-0.031982723788869,5.20417042793042E-17));
#503=CARTESIAN_POINT('',(0.00191923393351599,-0.0319946574843955,0.0127));
#504=CARTESIAN_POINT('',(0.00191923393351599,-0.0319946574843955,4.85722573273506E-17));
#505=CARTESIAN_POINT('',(0.00191448244064644,-0.0320084571438755,0.0127));
#506=CARTESIAN_POINT('',(0.00191448244064644,-0.0320084571438755,4.85722573273506E-17));
#507=CARTESIAN_POINT('',(0.00190861523067216,-0.032025110095702,0.0127));
#508=CARTESIAN_POINT('',(0.00190861523067216,-0.032025110095702,4.85722573273506E-17));
#509=CARTESIAN_POINT('',(0.00190246544644817,-0.0320422328889948,0.0127));
#510=CARTESIAN_POINT('',(0.00190246544644817,-0.0320422328889948,4.85722573273506E-17));
#511=CARTESIAN_POINT('',(0.00189316666970182,-0.0320673196203417,0.0127));
#512=CARTESIAN_POINT('',(0.00189316666970182,-0.0320673196203417,4.85722573273506E-17));
#513=CARTESIAN_POINT('',(0.00188049480502875,-0.0321001954648571,0.0127));
#514=CARTESIAN_POINT('',(0.00188049480502875,-0.0321001954648571,4.85722573273506E-17));
#515=CARTESIAN_POINT('',(0.00186298021828463,-0.0321426392899118,0.0127));
#516=CARTESIAN_POINT('',(0.00186298021828463,-0.0321426392899118,4.85722573273506E-17));
#517=CARTESIAN_POINT('',(0.00184341747246341,-0.032187692478548,0.0127));
#518=CARTESIAN_POINT('',(0.00184341747246341,-0.032187692478548,4.68375338513738E-17));
#519=CARTESIAN_POINT('',(0.00181126974892554,-0.0322559693275625,0.0127));
#520=CARTESIAN_POINT('',(0.00181126974892554,-0.0322559693275625,5.03069808033274E-17));
#521=CARTESIAN_POINT('',(0.00176306329672328,-0.032348951080491,0.0127));
#522=CARTESIAN_POINT('',(0.00176306329672328,-0.032348951080491,5.3776427755281E-17));
#523=CARTESIAN_POINT('',(0.00168528246954859,-0.03247568634676,0.0127));
#524=CARTESIAN_POINT('',(0.00168528246954859,-0.03247568634676,4.85722573273506E-17));
#525=CARTESIAN_POINT('',(0.00158568358172911,-0.0326152116847755,0.0127));
#526=CARTESIAN_POINT('',(0.00158568358172911,-0.0326152116847755,5.20417042793042E-17));
#527=CARTESIAN_POINT('',(0.0014302816560128,-0.0327966691329361,0.0127));
#528=CARTESIAN_POINT('',(0.0014302816560128,-0.0327966691329361,4.68375338513738E-17));
#529=CARTESIAN_POINT('',(0.00118197080696432,-0.0330050758050953,0.0127));
#530=CARTESIAN_POINT('',(0.00118197080696432,-0.0330050758050953,5.20417042793042E-17));
#531=CARTESIAN_POINT('',(0.000884711809434195,-0.0331905720719904,0.0127));
#532=CARTESIAN_POINT('',(0.000884711809434195,-0.0331905720719904,4.5102810375397E-17));
#533=CARTESIAN_POINT('',(0.000405464781327608,-0.0333701553366946,0.0127));
#534=CARTESIAN_POINT('',(0.000405464781327608,-0.0333701553366946,4.68375338513738E-17));
#535=CARTESIAN_POINT('',(-0.000304466963477761,-0.0334097185793921,0.0127));
#536=CARTESIAN_POINT('',(-0.000304466963477761,-0.0334097185793921,4.85722573273506E-17));
#537=CARTESIAN_POINT('',(-0.00105089637433635,-0.0331458998741452,0.0127));
#538=CARTESIAN_POINT('',(-0.00105089637433635,-0.0331458998741452,4.85722573273506E-17));
#539=CARTESIAN_POINT('',(-0.00154330913702198,-0.032717666273549,0.0127));
#540=CARTESIAN_POINT('',(-0.00154330913702198,-0.032717666273549,4.68375338513738E-17));
#541=CARTESIAN_POINT('',(-0.0017964199714199,-0.0323383024794732,0.0127));
#542=CARTESIAN_POINT('',(-0.0017964199714199,-0.0323383024794732,5.03069808033274E-17));
#543=CARTESIAN_POINT('',(-0.00196169534770777,-0.031956308966744,0.0127));
#544=CARTESIAN_POINT('',(-0.00196169534770777,-0.031956308966744,4.16333634234434E-17));
#545=CARTESIAN_POINT('',(-0.00201968260917598,-0.0316673541128405,0.0127));
#546=CARTESIAN_POINT('',(-0.00201968260917598,-0.0316673541128405,5.03069808033274E-17));
#547=CARTESIAN_POINT('',(-0.00203918742481922,-0.0314657530302211,0.0127));
#548=CARTESIAN_POINT('',(-0.00203918742481922,-0.0314657530302211,4.68375338513738E-17));
#549=CARTESIAN_POINT('',(-0.00204108436386394,-0.0313372902891007,0.0127));
#550=CARTESIAN_POINT('',(-0.00204108436386394,-0.0313372902891007,5.20417042793042E-17));
#551=CARTESIAN_POINT('',(-0.00203830770399538,-0.0312494183785419,0.0127));
#552=CARTESIAN_POINT('',(-0.00203830770399538,-0.0312494183785419,4.68375338513738E-17));
#553=CARTESIAN_POINT('',(-0.00203251387743672,-0.0311649716569851,0.0127));
#554=CARTESIAN_POINT('',(-0.00203251387743672,-0.0311649716569851,5.20417042793042E-17));
#555=CARTESIAN_POINT('',(-0.00202498258433533,-0.0310977422770225,0.0127));
#556=CARTESIAN_POINT('',(-0.00202498258433533,-0.0310977422770225,4.68375338513738E-17));
#557=CARTESIAN_POINT('',(-0.00201766068167442,-0.0310456041681557,0.0127));
#558=CARTESIAN_POINT('',(-0.00201766068167442,-0.0310456041681557,5.3776427755281E-17));
#559=CARTESIAN_POINT('',(-0.00201184005369213,-0.0310096893364531,0.0127));
#560=CARTESIAN_POINT('',(-0.00201184005369213,-0.0310096893364531,3.98986399474666E-17));
#561=CARTESIAN_POINT('',(-0.00200568465117053,-0.0309748713341155,0.0127));
#562=CARTESIAN_POINT('',(-0.00200568465117053,-0.0309748713341155,5.55111512312578E-17));
#563=CARTESIAN_POINT('',(-0.0020002261654554,-0.0309469274186034,0.0127));
#564=CARTESIAN_POINT('',(-0.0020002261654554,-0.0309469274186034,4.5102810375397E-17));
#565=CARTESIAN_POINT('',(-0.00199573463957471,-0.0309252046310294,0.0127));
#566=CARTESIAN_POINT('',(-0.00199573463957471,-0.0309252046310294,4.85722573273506E-17));
#567=CARTESIAN_POINT('',(-0.00199144869042524,-0.0309053033462889,0.0127));
#568=CARTESIAN_POINT('',(-0.00199144869042524,-0.0309053033462889,5.03069808033274E-17));
#569=CARTESIAN_POINT('',(-0.00198808557263144,-0.0308902962955605,0.0127));
#570=CARTESIAN_POINT('',(-0.00198808557263144,-0.0308902962955605,4.85722573273506E-17));
#571=CARTESIAN_POINT('',(-0.00198547085429623,-0.0308788148291573,0.0127));
#572=CARTESIAN_POINT('',(-0.00198547085429623,-0.0308788148291573,5.03069808033274E-17));
#573=CARTESIAN_POINT('',(-0.00198358162770716,-0.0308705804442799,0.0127));
#574=CARTESIAN_POINT('',(-0.00198358162770716,-0.0308705804442799,4.68375338513738E-17));
#575=CARTESIAN_POINT('',(-0.00198154690310676,-0.0308617003727887,0.0127));
#576=CARTESIAN_POINT('',(-0.00198154690310676,-0.0308617003727887,5.3776427755281E-17));
#577=CARTESIAN_POINT('',(-0.00197940884895371,-0.030852285195805,0.0127));
#578=CARTESIAN_POINT('',(-0.00197940884895371,-0.030852285195805,4.68375338513738E-17));
#579=CARTESIAN_POINT('',(-0.00197680073882664,-0.0308405245662577,0.0127));
#580=CARTESIAN_POINT('',(-0.00197680073882664,-0.0308405245662577,4.85722573273506E-17));
#581=CARTESIAN_POINT('',(-0.00197394532417674,-0.0308272273118076,0.0127));
#582=CARTESIAN_POINT('',(-0.00197394532417674,-0.0308272273118076,5.03069808033274E-17));
#583=CARTESIAN_POINT('',(-0.00196973171643843,-0.0308068226272952,0.0127));
#584=CARTESIAN_POINT('',(-0.00196973171643843,-0.0308068226272952,5.03069808033274E-17));
#585=CARTESIAN_POINT('',(-0.00196373892388038,-0.0307758731301767,0.0127));
#586=CARTESIAN_POINT('',(-0.00196373892388038,-0.0307758731301767,4.68375338513738E-17));
#587=CARTESIAN_POINT('',(-0.00195589029701982,-0.0307303337260269,0.0127));
#588=CARTESIAN_POINT('',(-0.00195589029701982,-0.0307303337260269,5.03069808033274E-17));
#589=CARTESIAN_POINT('',(-0.00194544982919352,-0.0306600841199051,0.0127));
#590=CARTESIAN_POINT('',(-0.00194544982919352,-0.0306600841199051,4.68375338513738E-17));
#591=CARTESIAN_POINT('',(-0.00193415973408349,-0.0305582535866819,0.0127));
#592=CARTESIAN_POINT('',(-0.00193415973408349,-0.0305582535866819,4.68375338513738E-17));
#593=CARTESIAN_POINT('',(-0.00192828486571196,-0.0304284369833244,0.0127));
#594=CARTESIAN_POINT('',(-0.00192828486571196,-0.0304284369833244,5.03069808033274E-17));
#595=CARTESIAN_POINT('',(-0.00193211759247847,-0.0303077524953716,0.0127));
#596=CARTESIAN_POINT('',(-0.00193211759247847,-0.0303077524953716,4.85722573273506E-17));
#597=CARTESIAN_POINT('',(-0.00195058671741383,-0.0301819625453082,0.0127));
#598=CARTESIAN_POINT('',(-0.00195058671741383,-0.0301819625453082,5.03069808033274E-17));
#599=CARTESIAN_POINT('',(-0.0019657125390415,-0.0301312995229286,0.0127));
#600=CARTESIAN_POINT('',(-0.0019657125390415,-0.0301312995229286,4.85722573273506E-17));
#601=CARTESIAN_POINT('',(-0.00210033341610052,-0.0298905305849442,0.0127));
#602=CARTESIAN_POINT('',(-0.00210033341610052,-0.0298905305849442,5.20417042793042E-17));
#603=CARTESIAN_POINT('',(-0.00238885819701013,-0.0295688247919403,0.0127));
#604=CARTESIAN_POINT('',(-0.00238885819701013,-0.0295688247919403,5.03069808033274E-17));
#605=CARTESIAN_POINT('',(-0.00297692999181576,-0.0290768954083333,0.0127));
#606=CARTESIAN_POINT('',(-0.00297692999181576,-0.0290768954083333,4.85722573273506E-17));
#607=CARTESIAN_POINT('',(-0.00404375855172544,-0.0284450091955621,0.0127));
#608=CARTESIAN_POINT('',(-0.00404375855172544,-0.0284450091955621,5.03069808033274E-17));
#609=CARTESIAN_POINT('',(-0.00565511640184029,-0.027816649272864,0.0127));
#610=CARTESIAN_POINT('',(-0.00565511640184029,-0.027816649272864,4.68375338513738E-17));
#611=CARTESIAN_POINT('',(-0.00739726403294095,-0.027399251484888,0.0127));
#612=CARTESIAN_POINT('',(-0.00739726403294095,-0.027399251484888,4.85722573273506E-17));
#613=CARTESIAN_POINT('',(-0.00908067787672846,-0.0272437545094748,0.0127));
#614=CARTESIAN_POINT('',(-0.00908067787672846,-0.0272437545094748,4.68375338513738E-17));
#615=CARTESIAN_POINT('',(-0.0106782016435307,-0.027326726202995,0.0127));
#616=CARTESIAN_POINT('',(-0.0106782016435307,-0.027326726202995,4.85722573273506E-17));
#617=CARTESIAN_POINT('',(-0.0121225410816906,-0.0276224971895454,0.0127));
#618=CARTESIAN_POINT('',(-0.0121225410816906,-0.0276224971895454,5.3776427755281E-17));
#619=CARTESIAN_POINT('',(-0.0131469993256657,-0.0280149026833498,0.0127));
#620=CARTESIAN_POINT('',(-0.0131469993256657,-0.0280149026833498,4.85722573273506E-17));
#621=CARTESIAN_POINT('',(-0.0138326851392141,-0.0283924881444937,0.0127));
#622=CARTESIAN_POINT('',(-0.0138326851392141,-0.0283924881444937,4.85722573273506E-17));
#623=CARTESIAN_POINT('',(-0.0142680073875933,-0.0286934940807121,0.0127));
#624=CARTESIAN_POINT('',(-0.0142680073875933,-0.0286934940807121,5.03069808033274E-17));
#625=CARTESIAN_POINT('',(-0.0146477828752816,-0.029026009592545,0.0127));
#626=CARTESIAN_POINT('',(-0.0146477828752816,-0.029026009592545,5.03069808033274E-17));
#627=CARTESIAN_POINT('',(-0.0150521140553937,-0.0294397364444644,0.0127));
#628=CARTESIAN_POINT('',(-0.0150521140553937,-0.0294397364444644,5.03069808033274E-17));
#629=CARTESIAN_POINT('',(-0.0154649158629925,-0.0298887889632219,0.0127));
#630=CARTESIAN_POINT('',(-0.0154649158629925,-0.0298887889632219,5.03069808033274E-17));
#631=CARTESIAN_POINT('',(-0.0158501275178497,-0.0302873794104019,0.0127));
#632=CARTESIAN_POINT('',(-0.0158501275178497,-0.0302873794104019,4.85722573273506E-17));
#633=CARTESIAN_POINT('',(-0.0162626490164527,-0.0306341630288166,0.0127));
#634=CARTESIAN_POINT('',(-0.0162626490164527,-0.0306341630288166,4.68375338513738E-17));
#635=CARTESIAN_POINT('',(-0.016680898492805,-0.0309092639464793,0.0127));
#636=CARTESIAN_POINT('',(-0.016680898492805,-0.0309092639464793,5.03069808033274E-17));
#637=CARTESIAN_POINT('',(-0.0172992355630034,-0.0311696360516756,0.0127));
#638=CARTESIAN_POINT('',(-0.0172992355630034,-0.0311696360516756,4.33680868994202E-17));
#639=CARTESIAN_POINT('',(-0.0182173594846782,-0.0312440764271914,0.0127));
#640=CARTESIAN_POINT('',(-0.0182173594846782,-0.0312440764271914,5.3776427755281E-17));
#641=CARTESIAN_POINT('',(-0.0191292101168258,-0.0309047391992454,0.0127));
#642=CARTESIAN_POINT('',(-0.0191292101168258,-0.0309047391992454,4.68375338513738E-17));
#643=CARTESIAN_POINT('',(-0.0196432829767653,-0.0304716777318485,0.0127));
#644=CARTESIAN_POINT('',(-0.0196432829767653,-0.0304716777318485,5.03069808033274E-17));
#645=CARTESIAN_POINT('',(-0.0199713202788432,-0.0300841642348026,0.0127));
#646=CARTESIAN_POINT('',(-0.0199713202788432,-0.0300841642348026,5.03069808033274E-17));
#647=CARTESIAN_POINT('',(-0.0202776841600301,-0.0296177161420765,0.0127));
#648=CARTESIAN_POINT('',(-0.0202776841600301,-0.0296177161420765,4.5102810375397E-17));
#649=CARTESIAN_POINT('',(-0.0205517057509305,-0.0290865528962121,0.0127));
#650=CARTESIAN_POINT('',(-0.0205517057509305,-0.0290865528962121,4.68375338513738E-17));
#651=CARTESIAN_POINT('',(-0.0208419531561921,-0.0284643043195764,0.0127));
#652=CARTESIAN_POINT('',(-0.0208419531561921,-0.0284643043195764,5.20417042793042E-17));
#653=CARTESIAN_POINT('',(-0.0211259337226541,-0.0278669344110581,0.0127));
#654=CARTESIAN_POINT('',(-0.0211259337226541,-0.0278669344110581,4.85722573273506E-17));
#655=CARTESIAN_POINT('',(-0.021522698250749,-0.0271344383783876,0.0127));
#656=CARTESIAN_POINT('',(-0.021522698250749,-0.0271344383783876,5.03069808033274E-17));
#657=CARTESIAN_POINT('',(-0.0219740630303474,-0.0265418546380372,0.0127));
#658=CARTESIAN_POINT('',(-0.0219740630303474,-0.0265418546380372,4.85722573273506E-17));
#659=CARTESIAN_POINT('',(-0.0227695525000412,-0.0259447158107857,0.0127));
#660=CARTESIAN_POINT('',(-0.0227695525000412,-0.0259447158107857,4.5102810375397E-17));
#661=CARTESIAN_POINT('',(-0.0238585387827447,-0.0254483433627344,0.0127));
#662=CARTESIAN_POINT('',(-0.0238585387827447,-0.0254483433627344,5.20417042793042E-17));
#663=CARTESIAN_POINT('',(-0.0251829154432525,-0.0250805070956586,0.0127));
#664=CARTESIAN_POINT('',(-0.0251829154432525,-0.0250805070956586,5.03069808033274E-17));
#665=CARTESIAN_POINT('',(-0.0266763170893089,-0.0248345165572784,0.0127));
#666=CARTESIAN_POINT('',(-0.0266763170893089,-0.0248345165572784,4.68375338513738E-17));
#667=CARTESIAN_POINT('',(-0.0281953099727435,-0.0246919620668352,0.0127));
#668=CARTESIAN_POINT('',(-0.0281953099727435,-0.0246919620668352,5.03069808033274E-17));
#669=CARTESIAN_POINT('',(-0.0296007473135628,-0.0246921356164926,0.0127));
#670=CARTESIAN_POINT('',(-0.0296007473135628,-0.0246921356164926,4.68375338513738E-17));
#671=CARTESIAN_POINT('',(-0.0308387918730616,-0.0248497491355764,0.0127));
#672=CARTESIAN_POINT('',(-0.0308387918730616,-0.0248497491355764,4.85722573273506E-17));
#673=CARTESIAN_POINT('',(-0.0316848853056251,-0.0251181097952037,0.0127));
#674=CARTESIAN_POINT('',(-0.0316848853056251,-0.0251181097952037,4.85722573273506E-17));
#675=CARTESIAN_POINT('',(-0.0322068696593233,-0.0253824164660978,0.0127));
#676=CARTESIAN_POINT('',(-0.0322068696593233,-0.0253824164660978,5.03069808033274E-17));
#677=CARTESIAN_POINT('',(-0.0326094030467265,-0.0256531940202498,0.0127));
#678=CARTESIAN_POINT('',(-0.0326094030467265,-0.0256531940202498,4.68375338513738E-17));
#679=CARTESIAN_POINT('',(-0.0330572299798475,-0.0260065858403402,0.0127));
#680=CARTESIAN_POINT('',(-0.0330572299798475,-0.0260065858403402,5.20417042793042E-17));
#681=CARTESIAN_POINT('',(-0.0335303997816126,-0.0264013072446049,0.0127));
#682=CARTESIAN_POINT('',(-0.0335303997816126,-0.0264013072446049,4.68375338513738E-17));
#683=CARTESIAN_POINT('',(-0.033971559819616,-0.0267494004219737,0.0127));
#684=CARTESIAN_POINT('',(-0.033971559819616,-0.0267494004219737,5.03069808033274E-17));
#685=CARTESIAN_POINT('',(-0.0344172751390207,-0.0270362957721927,0.0127));
#686=CARTESIAN_POINT('',(-0.0344172751390207,-0.0270362957721927,4.85722573273506E-17));
#687=CARTESIAN_POINT('',(-0.0348416150476543,-0.027250034469158,0.0127));
#688=CARTESIAN_POINT('',(-0.0348416150476543,-0.027250034469158,5.20417042793042E-17));
#689=CARTESIAN_POINT('',(-0.0354177334619514,-0.0274324476201643,0.0127));
#690=CARTESIAN_POINT('',(-0.0354177334619514,-0.0274324476201643,5.20417042793042E-17));
#691=CARTESIAN_POINT('',(-0.0362298315906198,-0.0274694562537792,0.0127));
#692=CARTESIAN_POINT('',(-0.0362298315906198,-0.0274694562537792,4.85722573273506E-17));
#693=CARTESIAN_POINT('',(-0.0370854200934373,-0.027169982109857,0.0127));
#694=CARTESIAN_POINT('',(-0.0370854200934373,-0.027169982109857,5.03069808033274E-17));
#695=CARTESIAN_POINT('',(-0.0376201634814267,-0.0267475150017281,0.0127));
#696=CARTESIAN_POINT('',(-0.0376201634814267,-0.0267475150017281,4.85722573273506E-17));
#697=CARTESIAN_POINT('',(-0.0379614090910894,-0.0263546283821477,0.0127));
#698=CARTESIAN_POINT('',(-0.0379614090910894,-0.0263546283821477,5.03069808033274E-17));
#699=CARTESIAN_POINT('',(-0.0382702677620243,-0.0258898558231129,0.0127));
#700=CARTESIAN_POINT('',(-0.0382702677620243,-0.0258898558231129,4.85722573273506E-17));
#701=CARTESIAN_POINT('',(-0.0385263258496693,-0.0253889380749168,0.0127));
#702=CARTESIAN_POINT('',(-0.0385263258496693,-0.0253889380749168,5.55111512312578E-17));
#703=CARTESIAN_POINT('',(-0.0387834618437745,-0.0248453462866695,0.0127));
#704=CARTESIAN_POINT('',(-0.0387834618437745,-0.0248453462866695,4.16333634234434E-17));
#705=CARTESIAN_POINT('',(-0.0390319612129969,-0.0243563217243135,0.0127));
#706=CARTESIAN_POINT('',(-0.0390319612129969,-0.0243563217243135,5.3776427755281E-17));
#707=CARTESIAN_POINT('',(-0.0392825574312537,-0.0239513778655352,0.0127));
#708=CARTESIAN_POINT('',(-0.0392825574312537,-0.0239513778655352,4.85722573273506E-17));
#709=CARTESIAN_POINT('',(-0.0396233148924116,-0.0235360938202635,0.0127));
#710=CARTESIAN_POINT('',(-0.0396233148924116,-0.0235360938202635,5.03069808033274E-17));
#711=CARTESIAN_POINT('',(-0.0402850040977724,-0.0229860163579476,0.0127));
#712=CARTESIAN_POINT('',(-0.0402850040977724,-0.0229860163579476,5.03069808033274E-17));
#713=CARTESIAN_POINT('',(-0.041381923518361,-0.0224333625456258,0.0127));
#714=CARTESIAN_POINT('',(-0.041381923518361,-0.0224333625456258,4.68375338513738E-17));
#715=CARTESIAN_POINT('',(-0.0427195756134457,-0.0220434551155563,0.0127));
#716=CARTESIAN_POINT('',(-0.0427195756134457,-0.0220434551155563,5.03069808033274E-17));
#717=CARTESIAN_POINT('',(-0.0441926004377014,-0.0218620807368437,0.0127));
#718=CARTESIAN_POINT('',(-0.0441926004377014,-0.0218620807368437,4.33680868994202E-17));
#719=CARTESIAN_POINT('',(-0.0454968900937325,-0.0219195754933297,0.0127));
#720=CARTESIAN_POINT('',(-0.0454968900937325,-0.0219195754933297,5.89805981832114E-17));
#721=CARTESIAN_POINT('',(-0.0466062314641911,-0.0220458617076221,0.0127));
#722=CARTESIAN_POINT('',(-0.0466062314641911,-0.0220458617076221,4.5102810375397E-17));
#723=CARTESIAN_POINT('',(-0.0474178384686513,-0.0221541946458529,0.0127));
#724=CARTESIAN_POINT('',(-0.0474178384686513,-0.0221541946458529,5.55111512312578E-17));
#725=CARTESIAN_POINT('',(-0.0481983321443955,-0.0222530748280628,0.0127));
#726=CARTESIAN_POINT('',(-0.0481983321443955,-0.0222530748280628,4.33680868994202E-17));
#727=CARTESIAN_POINT('',(-0.0488264971915637,-0.0223065460936574,0.0127));
#728=CARTESIAN_POINT('',(-0.0488264971915637,-0.0223065460936574,5.03069808033274E-17));
#729=CARTESIAN_POINT('',(-0.0493663383252484,-0.0223056649723961,0.0127));
#730=CARTESIAN_POINT('',(-0.0493663383252484,-0.0223056649723961,5.03069808033274E-17));
#731=CARTESIAN_POINT('',(-0.0498292110603362,-0.0222598163241534,0.0127));
#732=CARTESIAN_POINT('',(-0.0498292110603362,-0.0222598163241534,5.03069808033274E-17));
#733=CARTESIAN_POINT('',(-0.050414990751269,-0.0221140636689372,0.0127));
#734=CARTESIAN_POINT('',(-0.050414990751269,-0.0221140636689372,4.68375338513738E-17));
#735=CARTESIAN_POINT('',(-0.051083902787241,-0.0217289109505049,0.0127));
#736=CARTESIAN_POINT('',(-0.051083902787241,-0.0217289109505049,4.68375338513738E-17));
#737=CARTESIAN_POINT('',(-0.0515673142967669,-0.0211186389056289,0.0127));
#738=CARTESIAN_POINT('',(-0.0515673142967669,-0.0211186389056289,5.20417042793042E-17));
#739=CARTESIAN_POINT('',(-0.051872161182935,-0.0203845839743322,0.0127));
#740=CARTESIAN_POINT('',(-0.051872161182935,-0.0203845839743322,5.03069808033274E-17));
#741=CARTESIAN_POINT('',(-0.0518751674289889,-0.019588867847899,0.0127));
#742=CARTESIAN_POINT('',(-0.0518751674289889,-0.019588867847899,4.5102810375397E-17));
#743=CARTESIAN_POINT('',(-0.0516939427725717,-0.0189765733546312,0.0127));
#744=CARTESIAN_POINT('',(-0.0516939427725717,-0.0189765733546312,5.20417042793042E-17));
#745=CARTESIAN_POINT('',(-0.0514753757669152,-0.018522891211083,0.0127));
#746=CARTESIAN_POINT('',(-0.0514753757669152,-0.018522891211083,4.68375338513738E-17));
#747=CARTESIAN_POINT('',(-0.0512355903845074,-0.0181407939371966,0.0127));
#748=CARTESIAN_POINT('',(-0.0512355903845074,-0.0181407939371966,4.68375338513738E-17));
#749=CARTESIAN_POINT('',(-0.0508870109826869,-0.017668004271859,0.0127));
#750=CARTESIAN_POINT('',(-0.0508870109826869,-0.017668004271859,5.72458747072346E-17));
#751=CARTESIAN_POINT('',(-0.0503874499935194,-0.0170926206905144,0.0127));
#752=CARTESIAN_POINT('',(-0.0503874499935194,-0.0170926206905144,4.85722573273506E-17));
#753=CARTESIAN_POINT('',(-0.0496740316010995,-0.0163678112175975,0.0127));
#754=CARTESIAN_POINT('',(-0.0496740316010995,-0.0163678112175975,4.85722573273506E-17));
#755=CARTESIAN_POINT('',(-0.0488511557192433,-0.0156000842943916,0.0127));
#756=CARTESIAN_POINT('',(-0.0488511557192433,-0.0156000842943916,5.03069808033274E-17));
#757=CARTESIAN_POINT('',(-0.0479301633275662,-0.0147921099212902,0.0127));
#758=CARTESIAN_POINT('',(-0.0479301633275662,-0.0147921099212902,4.85722573273506E-17));
#759=CARTESIAN_POINT('',(-0.0465914448744918,-0.0136728319507423,0.0127));
#760=CARTESIAN_POINT('',(-0.0465914448744918,-0.0136728319507423,4.85722573273506E-17));
#761=CARTESIAN_POINT('',(-0.044749641199604,-0.0122205378118222,0.0127));
#762=CARTESIAN_POINT('',(-0.044749641199604,-0.0122205378118222,5.03069808033274E-17));
#763=CARTESIAN_POINT('',(-0.0424200251197098,-0.0104960255157863,0.0127));
#764=CARTESIAN_POINT('',(-0.0424200251197098,-0.0104960255157863,4.5102810375397E-17));
#765=CARTESIAN_POINT('',(-0.0400846526624525,-0.00887435868103325,0.0127));
#766=CARTESIAN_POINT('',(-0.0400846526624525,-0.00887435868103325,5.20417042793042E-17));
#767=CARTESIAN_POINT('',(-0.0369017012520189,-0.00686171129908543,0.0127));
#768=CARTESIAN_POINT('',(-0.0369017012520189,-0.00686171129908543,4.5102810375397E-17));
#769=CARTESIAN_POINT('',(-0.0327281474598548,-0.00468563199113684,0.0127));
#770=CARTESIAN_POINT('',(-0.0327281474598548,-0.00468563199113684,5.3776427755281E-17));
#771=CARTESIAN_POINT('',(-0.0272187866662709,-0.00279774697851027,0.0127));
#772=CARTESIAN_POINT('',(-0.0272187866662709,-0.00279774697851027,4.68375338513738E-17));
#773=CARTESIAN_POINT('',(-0.0188975555698073,-0.00150504041879831,0.0127));
#774=CARTESIAN_POINT('',(-0.0188975555698073,-0.00150504041879831,5.20417042793042E-17));
#775=CARTESIAN_POINT('',(-0.0117057854708087,-0.0020517768330243,0.0127));
#776=CARTESIAN_POINT('',(-0.0117057854708087,-0.0020517768330243,4.85722573273506E-17));
#777=CARTESIAN_POINT('',(-0.00830170749193486,-0.0023042223203808,0.0127));
#778=CARTESIAN_POINT('',(-0.00830170749193486,-0.0023042223203808,4.85722573273506E-17));
#779=CARTESIAN_POINT('',(0.00449208954955655,-0.0258851569344337,0.));
#780=CARTESIAN_POINT('',(0.00435961228139382,-0.0261023492587026,0.));
#781=CARTESIAN_POINT('',(0.00407165011649602,-0.0266227349146996,0.));
#782=CARTESIAN_POINT('',(0.0036254761131846,-0.0275560465924136,0.));
#783=CARTESIAN_POINT('',(0.00326548127236352,-0.0283907182643444,0.));
#784=CARTESIAN_POINT('',(0.0029951968616362,-0.0290545333749425,0.));
#785=CARTESIAN_POINT('',(0.00280360119426172,-0.0295413869388923,0.));
#786=CARTESIAN_POINT('',(0.00262533449411453,-0.0300082821638813,0.));
#787=CARTESIAN_POINT('',(0.00246249631813656,-0.030446427877139,0.));
#788=CARTESIAN_POINT('',(0.00234135503981152,-0.0307803494911687,0.));
#789=CARTESIAN_POINT('',(0.00225416831377292,-0.0310244741887228,0.));
#790=CARTESIAN_POINT('',(0.00219388414178357,-0.0311949998002152,0.));
#791=CARTESIAN_POINT('',(0.00213894553403647,-0.0313519035960052,0.));
#792=CARTESIAN_POINT('',(0.00208958699326858,-0.0314941453967127,0.));
#793=CARTESIAN_POINT('',(0.00204603515651236,-0.031620707380369,0.));
#794=CARTESIAN_POINT('',(0.0020147591064118,-0.0317122921444428,0.));
#795=CARTESIAN_POINT('',(0.00199283995009102,-0.0317767859705625,0.));
#796=CARTESIAN_POINT('',(0.00197796809062843,-0.0318206769065122,0.));
#797=CARTESIAN_POINT('',(0.00196467417953925,-0.0318600146149075,0.));
#798=CARTESIAN_POINT('',(0.00195295544846775,-0.0318947647716002,0.));
#799=CARTESIAN_POINT('',(0.00194448055728054,-0.0319199301558492,0.));
#800=CARTESIAN_POINT('',(0.00193843353951307,-0.0319378886061909,0.));
#801=CARTESIAN_POINT('',(0.00193423985804261,-0.031950338609235,0.));
#802=CARTESIAN_POINT('',(0.0019303626806857,-0.0319618384836244,0.));
#803=CARTESIAN_POINT('',(0.00192670615307524,-0.0319726635734455,0.));
#804=CARTESIAN_POINT('',(0.00192386602788425,-0.0319810488912709,0.));
#805=CARTESIAN_POINT('',(0.00192126983466876,-0.0319886814898976,0.));
#806=CARTESIAN_POINT('',(0.00191903351821973,-0.0319952254932623,0.));
#807=CARTESIAN_POINT('',(0.00191636291074899,-0.0320029873392755,0.));
#808=CARTESIAN_POINT('',(0.00191302102807058,-0.0320126067109953,0.));
#809=CARTESIAN_POINT('',(0.00190861379804652,-0.0320251147198576,0.));
#810=CARTESIAN_POINT('',(0.00190349045553534,-0.032039375839317,0.));
#811=CARTESIAN_POINT('',(0.00189781626351032,-0.0320547811812695,0.));
#812=CARTESIAN_POINT('',(0.00189244783445915,-0.0320690792068219,0.));
#813=CARTESIAN_POINT('',(0.00188548495600299,-0.0320871839955642,0.));
#814=CARTESIAN_POINT('',(0.00187613660759124,-0.0321107686206764,0.));
#815=CARTESIAN_POINT('',(0.00186297701618485,-0.0321426516231773,0.));
#816=CARTESIAN_POINT('',(0.00184667102904238,-0.0321801760588048,0.));
#817=CARTESIAN_POINT('',(0.00182735667301929,-0.0322218420353476,0.));
#818=CARTESIAN_POINT('',(0.00180818412800332,-0.0322612530759903,0.));
#819=CARTESIAN_POINT('',(0.00178182528941651,-0.0323122628805645,0.));
#820=CARTESIAN_POINT('',(0.00174382445516173,-0.0323805033878165,0.));
#821=CARTESIAN_POINT('',(0.00168497759679391,-0.0324757078825054,0.));
#822=CARTESIAN_POINT('',(0.00160307685571267,-0.0325919988563046,0.));
#823=CARTESIAN_POINT('',(0.00149107517402113,-0.0327240073363714,0.));
#824=CARTESIAN_POINT('',(0.00136860280930748,-0.0328488015165646,0.));
#825=CARTESIAN_POINT('',(0.00118174259695664,-0.0330050317600943,0.));
#826=CARTESIAN_POINT('',(0.000885225783912594,-0.0331907175364026,0.));
#827=CARTESIAN_POINT('',(0.000483901875195596,-0.0333398008594268,0.));
#828=CARTESIAN_POINT('',(5.29834534720523E-5,-0.033390670944838,0.));
#829=CARTESIAN_POINT('',(-0.000309229822406729,-0.0333709872609025,0.));
#830=CARTESIAN_POINT('',(-0.000679363611104193,-0.0332803095399102,0.));
#831=CARTESIAN_POINT('',(-0.00101833791465719,-0.0331250858474289,0.));
#832=CARTESIAN_POINT('',(-0.0012986463281547,-0.0329303314198724,0.));
#833=CARTESIAN_POINT('',(-0.00158462046387794,-0.0326552722120571,0.));
#834=CARTESIAN_POINT('',(-0.0017965664189616,-0.0323380616116249,0.));
#835=CARTESIAN_POINT('',(-0.00192086857761882,-0.0320517227577456,0.));
#836=CARTESIAN_POINT('',(-0.00198277550879743,-0.0318413062418171,0.));
#837=CARTESIAN_POINT('',(-0.00201392039512674,-0.031685282518787,0.));
#838=CARTESIAN_POINT('',(-0.00202955866763257,-0.031566833102144,0.));
#839=CARTESIAN_POINT('',(-0.00203943212091307,-0.0314441816864551,0.));
#840=CARTESIAN_POINT('',(-0.00204110925441634,-0.0313373406181739,0.));
#841=CARTESIAN_POINT('',(-0.00203829887239248,-0.0312494201923455,0.));
#842=CARTESIAN_POINT('',(-0.00203397276993474,-0.0311860257530687,0.));
#843=CARTESIAN_POINT('',(-0.00202946844836552,-0.0311383084284174,0.));
#844=CARTESIAN_POINT('',(-0.00202378128256877,-0.0310889208555181,0.));
#845=CARTESIAN_POINT('',(-0.0020176541027353,-0.0310456471813075,0.));
#846=CARTESIAN_POINT('',(-0.00201184223524818,-0.0310096839705064,0.));
#847=CARTESIAN_POINT('',(-0.00200722135451586,-0.030983554285335,0.));
#848=CARTESIAN_POINT('',(-0.00200350766446871,-0.0309637853313168,0.));
#849=CARTESIAN_POINT('',(-0.00200048138568149,-0.0309483788529778,0.));
#850=CARTESIAN_POINT('',(-0.00199798244251503,-0.0309360736794318,0.));
#851=CARTESIAN_POINT('',(-0.00199519807981652,-0.0309227146406464,0.));
#852=CARTESIAN_POINT('',(-0.00199251732274354,-0.030910261362512,0.));
#853=CARTESIAN_POINT('',(-0.00199011527152755,-0.0308993690806012,0.));
#854=CARTESIAN_POINT('',(-0.0019882600048786,-0.030891094243959,0.));
#855=CARTESIAN_POINT('',(-0.00198677916776398,-0.0308845587113964,0.));
#856=CARTESIAN_POINT('',(-0.00198515538724697,-0.0308774404161712,0.));
#857=CARTESIAN_POINT('',(-0.00198358221976612,-0.0308705828386504,0.));
#858=CARTESIAN_POINT('',(-0.00198205404957409,-0.0308639137106616,0.));
#859=CARTESIAN_POINT('',(-0.00198069722811763,-0.0308579586276247,0.));
#860=CARTESIAN_POINT('',(-0.00197940205930332,-0.0308522209740492,0.));
#861=CARTESIAN_POINT('',(-0.00197810518324794,-0.0308464062338414,0.));
#862=CARTESIAN_POINT('',(-0.00197632459286562,-0.0308383074933951,0.));
#863=CARTESIAN_POINT('',(-0.00197394556906217,-0.0308272283218452,0.));
#864=CARTESIAN_POINT('',(-0.00197078448003158,-0.0308119209968254,0.));
#865=CARTESIAN_POINT('',(-0.00196733690789541,-0.0307944530248017,0.));
#866=CARTESIAN_POINT('',(-0.00196365622208726,-0.0307748202317327,0.));
#867=CARTESIAN_POINT('',(-0.00195981447124687,-0.0307531048217202,0.));
#868=CARTESIAN_POINT('',(-0.00195458522987055,-0.0307215521811627,0.));
#869=CARTESIAN_POINT('',(-0.00194806072020507,-0.0306776426502355,0.));
#870=CARTESIAN_POINT('',(-0.00194093086014573,-0.0306193670300944,0.));
#871=CARTESIAN_POINT('',(-0.00193512813842838,-0.0305572955814208,0.));
#872=CARTESIAN_POINT('',(-0.0019311882364022,-0.0304933522008241,0.));
#873=CARTESIAN_POINT('',(-0.00192891740090456,-0.0304083260548911,0.));
#874=CARTESIAN_POINT('',(-0.00193234418337248,-0.0303076895402364,0.));
#875=CARTESIAN_POINT('',(-0.00194298727548288,-0.0302293194890952,0.));
#876=CARTESIAN_POINT('',(-0.00195247025908798,-0.0301872319930933,0.));
#877=CARTESIAN_POINT('',(-0.00195972462895424,-0.0301620361076511,0.));
#878=CARTESIAN_POINT('',(-0.00198058136207575,-0.0301065543478637,0.));
#879=CARTESIAN_POINT('',(-0.00203286639472201,-0.0300084739753793,0.));
#880=CARTESIAN_POINT('',(-0.0021485119462496,-0.0298383280616866,0.));
#881=CARTESIAN_POINT('',(-0.00238882151127866,-0.0295682942045377,0.));
#882=CARTESIAN_POINT('',(-0.0028299421688974,-0.029200195855673,0.));
#883=CARTESIAN_POINT('',(-0.0034035775983791,-0.0288233991048754,0.));
#884=CARTESIAN_POINT('',(-0.00408517959776015,-0.0284614572554813,0.));
#885=CARTESIAN_POINT('',(-0.00484941889915703,-0.0281307305791992,0.));
#886=CARTESIAN_POINT('',(-0.00594535404806552,-0.0277471504051321,0.));
#887=CARTESIAN_POINT('',(-0.00710782245096971,-0.0274687403910904,0.));
#888=CARTESIAN_POINT('',(-0.00823739740395375,-0.027321621575254,0.));
#889=CARTESIAN_POINT('',(-0.00934783324465944,-0.0272575125836413,0.));
#890=CARTESIAN_POINT('',(-0.0106779567367607,-0.0273267681854138,0.));
#891=CARTESIAN_POINT('',(-0.0118816511555109,-0.0275731466192841,0.));
#892=CARTESIAN_POINT('',(-0.0127375650451052,-0.0278580318198494,0.));
#893=CARTESIAN_POINT('',(-0.0133185706370661,-0.0281094774529827,0.));
#894=CARTESIAN_POINT('',(-0.0137462090146211,-0.0283446489030677,0.));
#895=CARTESIAN_POINT('',(-0.0140516940080202,-0.028544109337543,0.));
#896=CARTESIAN_POINT('',(-0.0142618640219116,-0.0286981079374371,0.));
#897=CARTESIAN_POINT('',(-0.0144533474692023,-0.0288559329725955,0.));
#898=CARTESIAN_POINT('',(-0.0147178018663541,-0.0290971845664316,0.));
#899=CARTESIAN_POINT('',(-0.0149845029469394,-0.0293705139353106,0.));
#900=CARTESIAN_POINT('',(-0.0152582468561923,-0.0296641766384112,0.));
#901=CARTESIAN_POINT('',(-0.0154707572302839,-0.0298923882698365,0.));
#902=CARTESIAN_POINT('',(-0.0156976715788573,-0.0301282600794333,0.));
#903=CARTESIAN_POINT('',(-0.0159528046775033,-0.0303740665544119,0.));
#904=CARTESIAN_POINT('',(-0.0162628331534912,-0.0306338812232884,0.));
#905=CARTESIAN_POINT('',(-0.0166109848252893,-0.0308643134782034,0.));
#906=CARTESIAN_POINT('',(-0.01699039995912,-0.0310378869277811,0.));
#907=CARTESIAN_POINT('',(-0.0173380171178679,-0.0311465212892039,0.));
#908=CARTESIAN_POINT('',(-0.0177527317989066,-0.0312079124957764,0.));
#909=CARTESIAN_POINT('',(-0.0182147964004957,-0.031191685628271,0.));
#910=CARTESIAN_POINT('',(-0.0186859662176545,-0.0310760259508257,0.));
#911=CARTESIAN_POINT('',(-0.0190770406703622,-0.0308931219777948,0.));
#912=CARTESIAN_POINT('',(-0.0193833540296446,-0.0306861970940159,0.));
#913=CARTESIAN_POINT('',(-0.0196996356333829,-0.0304082473050105,0.));
#914=CARTESIAN_POINT('',(-0.01997066490816,-0.0300838246884272,0.));
#915=CARTESIAN_POINT('',(-0.0202015678708047,-0.0297342322542801,0.));
#916=CARTESIAN_POINT('',(-0.0203860494427887,-0.0294059740340174,0.));
#917=CARTESIAN_POINT('',(-0.0205472120585498,-0.0290882077249415,0.));
#918=CARTESIAN_POINT('',(-0.0206967583247768,-0.0287756597618903,0.));
#919=CARTESIAN_POINT('',(-0.0208892207375306,-0.0283647591645286,0.));
#920=CARTESIAN_POINT('',(-0.021126851984225,-0.0278656301737271,0.));
#921=CARTESIAN_POINT('',(-0.0213712192810731,-0.0274130206062592,0.));
#922=CARTESIAN_POINT('',(-0.0215680380772954,-0.027100731293751,0.));
#923=CARTESIAN_POINT('',(-0.0217128305429935,-0.026897964900166,0.));
#924=CARTESIAN_POINT('',(-0.0218543366866545,-0.0267267958183043,0.));
#925=CARTESIAN_POINT('',(-0.022066998968572,-0.026503797248746,0.));
#926=CARTESIAN_POINT('',(-0.0223709006402309,-0.0262445693932431,0.));
#927=CARTESIAN_POINT('',(-0.022951647614901,-0.0258612395567244,0.));
#928=CARTESIAN_POINT('',(-0.0238576977978794,-0.0254486501330509,0.));
#929=CARTESIAN_POINT('',(-0.0249641115533553,-0.025141640341941,0.));
#930=CARTESIAN_POINT('',(-0.0259263184669165,-0.0249577615092197,0.));
#931=CARTESIAN_POINT('',(-0.0266792523681451,-0.0248474916558575,0.));
#932=CARTESIAN_POINT('',(-0.0274401658337359,-0.0247628072589577,0.));
#933=CARTESIAN_POINT('',(-0.0284270935453403,-0.0246922815100271,0.));
#934=CARTESIAN_POINT('',(-0.0296010896578736,-0.0246916812177466,0.));
#935=CARTESIAN_POINT('',(-0.0306338800644199,-0.0248245528937181,0.));
#936=CARTESIAN_POINT('',(-0.0312550664405651,-0.0249858790035963,0.));
#937=CARTESIAN_POINT('',(-0.0315785124655842,-0.025095916582231,0.));
#938=CARTESIAN_POINT('',(-0.0318051768994118,-0.0251869980188994,0.));
#939=CARTESIAN_POINT('',(-0.031980548737311,-0.0252695156625928,0.));
#940=CARTESIAN_POINT('',(-0.032113555581252,-0.0253397136621888,0.));
#941=CARTESIAN_POINT('',(-0.0322397322709305,-0.0254114551655868,0.));
#942=CARTESIAN_POINT('',(-0.0324052893505401,-0.0255159510676971,0.));
#943=CARTESIAN_POINT('',(-0.0326856587823717,-0.0257131631120017,0.));
#944=CARTESIAN_POINT('',(-0.0330569037711475,-0.0260062226220924,0.));
#945=CARTESIAN_POINT('',(-0.0334508988606272,-0.0263355395435676,0.));
#946=CARTESIAN_POINT('',(-0.0337963117633991,-0.0266102012352639,0.));
#947=CARTESIAN_POINT('',(-0.0340825967148908,-0.0268211127391417,0.));
#948=CARTESIAN_POINT('',(-0.0344176269183422,-0.0270363037695024,0.));
#949=CARTESIAN_POINT('',(-0.0348405998649453,-0.0272500140003063,0.));
#950=CARTESIAN_POINT('',(-0.0353246353220467,-0.027402103581936,0.));
#951=CARTESIAN_POINT('',(-0.0358187266903678,-0.0274508513542514,0.));
#952=CARTESIAN_POINT('',(-0.0362338426792836,-0.0274270389532588,0.));
#953=CARTESIAN_POINT('',(-0.036668382510368,-0.0273212475778509,0.));
#954=CARTESIAN_POINT('',(-0.0370430011449182,-0.0271546178593713,0.));
#955=CARTESIAN_POINT('',(-0.0373512883557557,-0.026957180679599,0.));
#956=CARTESIAN_POINT('',(-0.0376779174025954,-0.0266829340540522,0.));
#957=CARTESIAN_POINT('',(-0.0379610093734504,-0.0263543663628243,0.));
#958=CARTESIAN_POINT('',(-0.0381935164378496,-0.0260059644495946,0.));
#959=CARTESIAN_POINT('',(-0.0383712373404857,-0.025690088796265,0.));
#960=CARTESIAN_POINT('',(-0.038520414952921,-0.0253959465046786,0.));
#961=CARTESIAN_POINT('',(-0.0386549242347779,-0.0251172631441088,0.));
#962=CARTESIAN_POINT('',(-0.0388249410775325,-0.0247636585506669,0.));
#963=CARTESIAN_POINT('',(-0.0390312452227305,-0.0243573696882222,0.));
#964=CARTESIAN_POINT('',(-0.0392428766934566,-0.0240159082592143,0.));
#965=CARTESIAN_POINT('',(-0.0394067311397992,-0.0238007652047873,0.));
#966=CARTESIAN_POINT('',(-0.0395503893003036,-0.0236377600613208,0.));
#967=CARTESIAN_POINT('',(-0.039714761773285,-0.0234752945771276,0.));
#968=CARTESIAN_POINT('',(-0.0399618777012625,-0.0232607357143274,0.));
#969=CARTESIAN_POINT('',(-0.0404667331584204,-0.0228957319905561,0.));
#970=CARTESIAN_POINT('',(-0.0413829165107093,-0.0224328597931623,0.));
#971=CARTESIAN_POINT('',(-0.0427171112538626,-0.0220431760533227,0.));
#972=CARTESIAN_POINT('',(-0.0439540726120492,-0.0218936124574215,0.));
#973=CARTESIAN_POINT('',(-0.044963109742134,-0.0218942886197559,0.));
#974=CARTESIAN_POINT('',(-0.0457774570157335,-0.0219517576953927,0.));
#975=CARTESIAN_POINT('',(-0.0466053696358335,-0.0220457080846419,0.));
#976=CARTESIAN_POINT('',(-0.0472826067748862,-0.0221361167551769,0.));
#977=CARTESIAN_POINT('',(-0.0478081926196343,-0.0222037057833015,0.));
#978=CARTESIAN_POINT('',(-0.0481946901113367,-0.0222488286731599,0.));
#979=CARTESIAN_POINT('',(-0.0485763441822507,-0.0222847138289396,0.));
#980=CARTESIAN_POINT('',(-0.0489611269740385,-0.0223065492849893,0.));
#981=CARTESIAN_POINT('',(-0.0493665473194815,-0.0223052148442873,0.));
#982=CARTESIAN_POINT('',(-0.0497516792068731,-0.0222686969448326,0.));
#983=CARTESIAN_POINT('',(-0.0501227546226639,-0.0221847994994174,0.));
#984=CARTESIAN_POINT('',(-0.0504433651394016,-0.0220744202422075,0.));
#985=CARTESIAN_POINT('',(-0.0508106440795792,-0.0218854709384725,0.));
#986=CARTESIAN_POINT('',(-0.0512065793119954,-0.0215754931794677,0.));
#987=CARTESIAN_POINT('',(-0.0515058578857916,-0.0211955314001647,0.));
#988=CARTESIAN_POINT('',(-0.0516831210997192,-0.0208424429782861,0.));
#989=CARTESIAN_POINT('',(-0.0518081061183692,-0.0204856278012704,0.));
#990=CARTESIAN_POINT('',(-0.0518726289953228,-0.0200604530421586,0.));
#991=CARTESIAN_POINT('',(-0.0518526274254022,-0.0196327897176077,0.));
#992=CARTESIAN_POINT('',(-0.0517830337253198,-0.019284160033256,0.));
#993=CARTESIAN_POINT('',(-0.0516583936084359,-0.0189001299922494,0.));
#994=CARTESIAN_POINT('',(-0.0514750746129562,-0.0185231610972467,0.));
#995=CARTESIAN_POINT('',(-0.0512356803653826,-0.018140763975922,0.));
#996=CARTESIAN_POINT('',(-0.0509740970635993,-0.017786051647127,0.));
#997=CARTESIAN_POINT('',(-0.0506873316843157,-0.0174384809648615,0.));
#998=CARTESIAN_POINT('',(-0.0503731607503704,-0.0170881682082756,0.));
#999=CARTESIAN_POINT('',(-0.0500307800699009,-0.0167302211698201,0.));
#1000=CARTESIAN_POINT('',(-0.0495368637945753,-0.0162398543074149,0.));
#1001=CARTESIAN_POINT('',(-0.0488511557922161,-0.015600080022402,0.));
#1002=CARTESIAN_POINT('',(-0.0479301892417256,-0.0147921290624269,0.));
#1003=CARTESIAN_POINT('',(-0.0469260207581494,-0.0139525791508214,0.));
#1004=CARTESIAN_POINT('',(-0.0458551124088198,-0.013092184324268,0.));
#1005=CARTESIAN_POINT('',(-0.0447350531606848,-0.0122230150994132,0.));
#1006=CARTESIAN_POINT('',(-0.0435830704760349,-0.0113572228196797,0.));
#1007=CARTESIAN_POINT('',(-0.0420318041034863,-0.0102263581061818,0.));
#1008=CARTESIAN_POINT('',(-0.0400843965406861,-0.00887415933596517,0.));
#1009=CARTESIAN_POINT('',(-0.0376972030953548,-0.00736489818040456,0.));
#1010=CARTESIAN_POINT('',(-0.0352334798940072,-0.00599137877764366,0.));
#1011=CARTESIAN_POINT('',(-0.0326659733192659,-0.00477592630414229,0.));
#1012=CARTESIAN_POINT('',(-0.0299704153450699,-0.00374211810951937,0.));
#1013=CARTESIAN_POINT('',(-0.0271252443047845,-0.00291307214264096,0.));
#1014=CARTESIAN_POINT('',(-0.0246123448046715,-0.00241087059362334,0.));
#1015=CARTESIAN_POINT('',(-0.0225089341854975,-0.00213163856222061,0.));
#1016=CARTESIAN_POINT('',(-0.020877964992396,-0.00198599792234062,0.));
#1017=CARTESIAN_POINT('',(-0.0192124880573574,-0.00190451632344805,0.));
#1018=CARTESIAN_POINT('',(-0.0169753125684213,-0.00186630405894838,0.));
#1019=CARTESIAN_POINT('',(-0.0141915306008695,-0.00192737912478334,0.));
#1020=CARTESIAN_POINT('',(-0.0110299857832982,-0.00210262665178625,0.));
#1021=CARTESIAN_POINT('',(-0.00915272698665318,-0.00224111094854169,0.));
#1022=CARTESIAN_POINT('',(-0.00830170749193486,-0.0023042223203808,0.));
#1023=CARTESIAN_POINT('',(0.00449208954955657,-0.0258851569344337,0.));
#1024=CARTESIAN_POINT('',(-0.00830170749193476,-0.00230422232038081,0.));
#1025=CARTESIAN_POINT('',(0.00449208954955657,-0.0258851569344337,0.0127));
#1026=CARTESIAN_POINT('',(0.00449208954955657,-0.0258851569344337,0.0127));
#1027=CARTESIAN_POINT('',(0.00449208954955655,-0.0258851569344337,0.0127));
#1028=CARTESIAN_POINT('',(0.00435961228139382,-0.0261023492587026,0.0127));
#1029=CARTESIAN_POINT('',(0.00407165011649602,-0.0266227349146996,0.0127));
#1030=CARTESIAN_POINT('',(0.0036254761131846,-0.0275560465924136,0.0127));
#1031=CARTESIAN_POINT('',(0.00326548127236352,-0.0283907182643444,0.0127));
#1032=CARTESIAN_POINT('',(0.0029951968616362,-0.0290545333749425,0.0127));
#1033=CARTESIAN_POINT('',(0.00280360119426172,-0.0295413869388923,0.0127));
#1034=CARTESIAN_POINT('',(0.00262533449411453,-0.0300082821638813,0.0127));
#1035=CARTESIAN_POINT('',(0.00246249631813656,-0.030446427877139,0.0127));
#1036=CARTESIAN_POINT('',(0.00234135503981152,-0.0307803494911687,0.0127));
#1037=CARTESIAN_POINT('',(0.00225416831377292,-0.0310244741887228,0.0127));
#1038=CARTESIAN_POINT('',(0.00219388414178357,-0.0311949998002152,0.0127));
#1039=CARTESIAN_POINT('',(0.00213894553403647,-0.0313519035960052,0.0127));
#1040=CARTESIAN_POINT('',(0.00208958699326858,-0.0314941453967127,0.0127));
#1041=CARTESIAN_POINT('',(0.00204603515651236,-0.031620707380369,0.0127));
#1042=CARTESIAN_POINT('',(0.0020147591064118,-0.0317122921444428,0.0127));
#1043=CARTESIAN_POINT('',(0.00199283995009102,-0.0317767859705625,0.0127));
#1044=CARTESIAN_POINT('',(0.00197796809062843,-0.0318206769065122,0.0127));
#1045=CARTESIAN_POINT('',(0.00196467417953925,-0.0318600146149075,0.0127));
#1046=CARTESIAN_POINT('',(0.00195295544846775,-0.0318947647716002,0.0127));
#1047=CARTESIAN_POINT('',(0.00194448055728054,-0.0319199301558492,0.0127));
#1048=CARTESIAN_POINT('',(0.00193843353951307,-0.0319378886061909,0.0127));
#1049=CARTESIAN_POINT('',(0.00193423985804261,-0.031950338609235,0.0127));
#1050=CARTESIAN_POINT('',(0.0019303626806857,-0.0319618384836244,0.0127));
#1051=CARTESIAN_POINT('',(0.00192670615307524,-0.0319726635734455,0.0127));
#1052=CARTESIAN_POINT('',(0.00192386602788425,-0.0319810488912709,0.0127));
#1053=CARTESIAN_POINT('',(0.00192126983466876,-0.0319886814898976,0.0127));
#1054=CARTESIAN_POINT('',(0.00191903351821973,-0.0319952254932623,0.0127));
#1055=CARTESIAN_POINT('',(0.00191636291074899,-0.0320029873392755,0.0127));
#1056=CARTESIAN_POINT('',(0.00191302102807058,-0.0320126067109953,0.0127));
#1057=CARTESIAN_POINT('',(0.00190861379804652,-0.0320251147198576,0.0127));
#1058=CARTESIAN_POINT('',(0.00190349045553534,-0.032039375839317,0.0127));
#1059=CARTESIAN_POINT('',(0.00189781626351032,-0.0320547811812695,0.0127));
#1060=CARTESIAN_POINT('',(0.00189244783445915,-0.0320690792068219,0.0127));
#1061=CARTESIAN_POINT('',(0.00188548495600299,-0.0320871839955642,0.0127));
#1062=CARTESIAN_POINT('',(0.00187613660759124,-0.0321107686206764,0.0127));
#1063=CARTESIAN_POINT('',(0.00186297701618485,-0.0321426516231773,0.0127));
#1064=CARTESIAN_POINT('',(0.00184667102904238,-0.0321801760588048,0.0127));
#1065=CARTESIAN_POINT('',(0.00182735667301929,-0.0322218420353476,0.0127));
#1066=CARTESIAN_POINT('',(0.00180818412800332,-0.0322612530759903,0.0127));
#1067=CARTESIAN_POINT('',(0.00178182528941651,-0.0323122628805645,0.0127));
#1068=CARTESIAN_POINT('',(0.00174382445516173,-0.0323805033878165,0.0127));
#1069=CARTESIAN_POINT('',(0.00168497759679391,-0.0324757078825054,0.0127));
#1070=CARTESIAN_POINT('',(0.00160307685571267,-0.0325919988563046,0.0127));
#1071=CARTESIAN_POINT('',(0.00149107517402113,-0.0327240073363714,0.0127));
#1072=CARTESIAN_POINT('',(0.00136860280930748,-0.0328488015165646,0.0127));
#1073=CARTESIAN_POINT('',(0.00118174259695664,-0.0330050317600943,0.0127));
#1074=CARTESIAN_POINT('',(0.000885225783912594,-0.0331907175364026,0.0127));
#1075=CARTESIAN_POINT('',(0.000483901875195596,-0.0333398008594268,0.0127));
#1076=CARTESIAN_POINT('',(5.29834534720523E-5,-0.033390670944838,0.0127));
#1077=CARTESIAN_POINT('',(-0.000309229822406729,-0.0333709872609025,0.0127));
#1078=CARTESIAN_POINT('',(-0.000679363611104193,-0.0332803095399102,0.0127));
#1079=CARTESIAN_POINT('',(-0.00101833791465719,-0.0331250858474289,0.0127));
#1080=CARTESIAN_POINT('',(-0.0012986463281547,-0.0329303314198724,0.0127));
#1081=CARTESIAN_POINT('',(-0.00158462046387794,-0.0326552722120571,0.0127));
#1082=CARTESIAN_POINT('',(-0.0017965664189616,-0.0323380616116249,0.0127));
#1083=CARTESIAN_POINT('',(-0.00192086857761882,-0.0320517227577456,0.0127));
#1084=CARTESIAN_POINT('',(-0.00198277550879743,-0.0318413062418171,0.0127));
#1085=CARTESIAN_POINT('',(-0.00201392039512674,-0.031685282518787,0.0127));
#1086=CARTESIAN_POINT('',(-0.00202955866763257,-0.031566833102144,0.0127));
#1087=CARTESIAN_POINT('',(-0.00203943212091307,-0.0314441816864551,0.0127));
#1088=CARTESIAN_POINT('',(-0.00204110925441634,-0.0313373406181739,0.0127));
#1089=CARTESIAN_POINT('',(-0.00203829887239248,-0.0312494201923455,0.0127));
#1090=CARTESIAN_POINT('',(-0.00203397276993474,-0.0311860257530687,0.0127));
#1091=CARTESIAN_POINT('',(-0.00202946844836552,-0.0311383084284174,0.0127));
#1092=CARTESIAN_POINT('',(-0.00202378128256877,-0.0310889208555181,0.0127));
#1093=CARTESIAN_POINT('',(-0.0020176541027353,-0.0310456471813075,0.0127));
#1094=CARTESIAN_POINT('',(-0.00201184223524818,-0.0310096839705064,0.0127));
#1095=CARTESIAN_POINT('',(-0.00200722135451586,-0.030983554285335,0.0127));
#1096=CARTESIAN_POINT('',(-0.00200350766446871,-0.0309637853313168,0.0127));
#1097=CARTESIAN_POINT('',(-0.00200048138568149,-0.0309483788529778,0.0127));
#1098=CARTESIAN_POINT('',(-0.00199798244251503,-0.0309360736794318,0.0127));
#1099=CARTESIAN_POINT('',(-0.00199519807981652,-0.0309227146406464,0.0127));
#1100=CARTESIAN_POINT('',(-0.00199251732274354,-0.030910261362512,0.0127));
#1101=CARTESIAN_POINT('',(-0.00199011527152755,-0.0308993690806012,0.0127));
#1102=CARTESIAN_POINT('',(-0.0019882600048786,-0.030891094243959,0.0127));
#1103=CARTESIAN_POINT('',(-0.00198677916776398,-0.0308845587113964,0.0127));
#1104=CARTESIAN_POINT('',(-0.00198515538724697,-0.0308774404161712,0.0127));
#1105=CARTESIAN_POINT('',(-0.00198358221976612,-0.0308705828386504,0.0127));
#1106=CARTESIAN_POINT('',(-0.00198205404957409,-0.0308639137106616,0.0127));
#1107=CARTESIAN_POINT('',(-0.00198069722811763,-0.0308579586276247,0.0127));
#1108=CARTESIAN_POINT('',(-0.00197940205930332,-0.0308522209740492,0.0127));
#1109=CARTESIAN_POINT('',(-0.00197810518324794,-0.0308464062338414,0.0127));
#1110=CARTESIAN_POINT('',(-0.00197632459286562,-0.0308383074933951,0.0127));
#1111=CARTESIAN_POINT('',(-0.00197394556906217,-0.0308272283218452,0.0127));
#1112=CARTESIAN_POINT('',(-0.00197078448003158,-0.0308119209968254,0.0127));
#1113=CARTESIAN_POINT('',(-0.00196733690789541,-0.0307944530248017,0.0127));
#1114=CARTESIAN_POINT('',(-0.00196365622208726,-0.0307748202317327,0.0127));
#1115=CARTESIAN_POINT('',(-0.00195981447124687,-0.0307531048217202,0.0127));
#1116=CARTESIAN_POINT('',(-0.00195458522987055,-0.0307215521811627,0.0127));
#1117=CARTESIAN_POINT('',(-0.00194806072020507,-0.0306776426502355,0.0127));
#1118=CARTESIAN_POINT('',(-0.00194093086014573,-0.0306193670300944,0.0127));
#1119=CARTESIAN_POINT('',(-0.00193512813842838,-0.0305572955814208,0.0127));
#1120=CARTESIAN_POINT('',(-0.0019311882364022,-0.0304933522008241,0.0127));
#1121=CARTESIAN_POINT('',(-0.00192891740090456,-0.0304083260548911,0.0127));
#1122=CARTESIAN_POINT('',(-0.00193234418337248,-0.0303076895402364,0.0127));
#1123=CARTESIAN_POINT('',(-0.00194298727548288,-0.0302293194890952,0.0127));
#1124=CARTESIAN_POINT('',(-0.00195247025908798,-0.0301872319930933,0.0127));
#1125=CARTESIAN_POINT('',(-0.00195972462895424,-0.0301620361076511,0.0127));
#1126=CARTESIAN_POINT('',(-0.00198058136207575,-0.0301065543478637,0.0127));
#1127=CARTESIAN_POINT('',(-0.00203286639472201,-0.0300084739753793,0.0127));
#1128=CARTESIAN_POINT('',(-0.0021485119462496,-0.0298383280616866,0.0127));
#1129=CARTESIAN_POINT('',(-0.00238882151127866,-0.0295682942045377,0.0127));
#1130=CARTESIAN_POINT('',(-0.0028299421688974,-0.029200195855673,0.0127));
#1131=CARTESIAN_POINT('',(-0.0034035775983791,-0.0288233991048754,0.0127));
#1132=CARTESIAN_POINT('',(-0.00408517959776015,-0.0284614572554813,0.0127));
#1133=CARTESIAN_POINT('',(-0.00484941889915703,-0.0281307305791992,0.0127));
#1134=CARTESIAN_POINT('',(-0.00594535404806552,-0.0277471504051321,0.0127));
#1135=CARTESIAN_POINT('',(-0.00710782245096971,-0.0274687403910904,0.0127));
#1136=CARTESIAN_POINT('',(-0.00823739740395375,-0.027321621575254,0.0127));
#1137=CARTESIAN_POINT('',(-0.00934783324465944,-0.0272575125836413,0.0127));
#1138=CARTESIAN_POINT('',(-0.0106779567367607,-0.0273267681854138,0.0127));
#1139=CARTESIAN_POINT('',(-0.0118816511555109,-0.0275731466192841,0.0127));
#1140=CARTESIAN_POINT('',(-0.0127375650451052,-0.0278580318198494,0.0127));
#1141=CARTESIAN_POINT('',(-0.0133185706370661,-0.0281094774529827,0.0127));
#1142=CARTESIAN_POINT('',(-0.0137462090146211,-0.0283446489030677,0.0127));
#1143=CARTESIAN_POINT('',(-0.0140516940080202,-0.028544109337543,0.0127));
#1144=CARTESIAN_POINT('',(-0.0142618640219116,-0.0286981079374371,0.0127));
#1145=CARTESIAN_POINT('',(-0.0144533474692023,-0.0288559329725955,0.0127));
#1146=CARTESIAN_POINT('',(-0.0147178018663541,-0.0290971845664316,0.0127));
#1147=CARTESIAN_POINT('',(-0.0149845029469394,-0.0293705139353106,0.0127));
#1148=CARTESIAN_POINT('',(-0.0152582468561923,-0.0296641766384112,0.0127));
#1149=CARTESIAN_POINT('',(-0.0154707572302839,-0.0298923882698365,0.0127));
#1150=CARTESIAN_POINT('',(-0.0156976715788573,-0.0301282600794333,0.0127));
#1151=CARTESIAN_POINT('',(-0.0159528046775033,-0.0303740665544119,0.0127));
#1152=CARTESIAN_POINT('',(-0.0162628331534912,-0.0306338812232884,0.0127));
#1153=CARTESIAN_POINT('',(-0.0166109848252893,-0.0308643134782034,0.0127));
#1154=CARTESIAN_POINT('',(-0.01699039995912,-0.0310378869277811,0.0127));
#1155=CARTESIAN_POINT('',(-0.0173380171178679,-0.0311465212892039,0.0127));
#1156=CARTESIAN_POINT('',(-0.0177527317989066,-0.0312079124957764,0.0127));
#1157=CARTESIAN_POINT('',(-0.0182147964004957,-0.031191685628271,0.0127));
#1158=CARTESIAN_POINT('',(-0.0186859662176545,-0.0310760259508257,0.0127));
#1159=CARTESIAN_POINT('',(-0.0190770406703622,-0.0308931219777948,0.0127));
#1160=CARTESIAN_POINT('',(-0.0193833540296446,-0.0306861970940159,0.0127));
#1161=CARTESIAN_POINT('',(-0.0196996356333829,-0.0304082473050105,0.0127));
#1162=CARTESIAN_POINT('',(-0.01997066490816,-0.0300838246884272,0.0127));
#1163=CARTESIAN_POINT('',(-0.0202015678708047,-0.0297342322542801,0.0127));
#1164=CARTESIAN_POINT('',(-0.0203860494427887,-0.0294059740340174,0.0127));
#1165=CARTESIAN_POINT('',(-0.0205472120585498,-0.0290882077249415,0.0127));
#1166=CARTESIAN_POINT('',(-0.0206967583247768,-0.0287756597618903,0.0127));
#1167=CARTESIAN_POINT('',(-0.0208892207375306,-0.0283647591645286,0.0127));
#1168=CARTESIAN_POINT('',(-0.021126851984225,-0.0278656301737271,0.0127));
#1169=CARTESIAN_POINT('',(-0.0213712192810731,-0.0274130206062592,0.0127));
#1170=CARTESIAN_POINT('',(-0.0215680380772954,-0.027100731293751,0.0127));
#1171=CARTESIAN_POINT('',(-0.0217128305429935,-0.026897964900166,0.0127));
#1172=CARTESIAN_POINT('',(-0.0218543366866545,-0.0267267958183043,0.0127));
#1173=CARTESIAN_POINT('',(-0.022066998968572,-0.026503797248746,0.0127));
#1174=CARTESIAN_POINT('',(-0.0223709006402309,-0.0262445693932431,0.0127));
#1175=CARTESIAN_POINT('',(-0.022951647614901,-0.0258612395567244,0.0127));
#1176=CARTESIAN_POINT('',(-0.0238576977978794,-0.0254486501330509,0.0127));
#1177=CARTESIAN_POINT('',(-0.0249641115533553,-0.025141640341941,0.0127));
#1178=CARTESIAN_POINT('',(-0.0259263184669165,-0.0249577615092197,0.0127));
#1179=CARTESIAN_POINT('',(-0.0266792523681451,-0.0248474916558575,0.0127));
#1180=CARTESIAN_POINT('',(-0.0274401658337359,-0.0247628072589577,0.0127));
#1181=CARTESIAN_POINT('',(-0.0284270935453403,-0.0246922815100271,0.0127));
#1182=CARTESIAN_POINT('',(-0.0296010896578736,-0.0246916812177466,0.0127));
#1183=CARTESIAN_POINT('',(-0.0306338800644199,-0.0248245528937181,0.0127));
#1184=CARTESIAN_POINT('',(-0.0312550664405651,-0.0249858790035963,0.0127));
#1185=CARTESIAN_POINT('',(-0.0315785124655842,-0.025095916582231,0.0127));
#1186=CARTESIAN_POINT('',(-0.0318051768994118,-0.0251869980188994,0.0127));
#1187=CARTESIAN_POINT('',(-0.031980548737311,-0.0252695156625928,0.0127));
#1188=CARTESIAN_POINT('',(-0.032113555581252,-0.0253397136621888,0.0127));
#1189=CARTESIAN_POINT('',(-0.0322397322709305,-0.0254114551655868,0.0127));
#1190=CARTESIAN_POINT('',(-0.0324052893505401,-0.0255159510676971,0.0127));
#1191=CARTESIAN_POINT('',(-0.0326856587823717,-0.0257131631120017,0.0127));
#1192=CARTESIAN_POINT('',(-0.0330569037711475,-0.0260062226220924,0.0127));
#1193=CARTESIAN_POINT('',(-0.0334508988606272,-0.0263355395435676,0.0127));
#1194=CARTESIAN_POINT('',(-0.0337963117633991,-0.0266102012352639,0.0127));
#1195=CARTESIAN_POINT('',(-0.0340825967148908,-0.0268211127391417,0.0127));
#1196=CARTESIAN_POINT('',(-0.0344176269183422,-0.0270363037695024,0.0127));
#1197=CARTESIAN_POINT('',(-0.0348405998649453,-0.0272500140003063,0.0127));
#1198=CARTESIAN_POINT('',(-0.0353246353220467,-0.027402103581936,0.0127));
#1199=CARTESIAN_POINT('',(-0.0358187266903678,-0.0274508513542514,0.0127));
#1200=CARTESIAN_POINT('',(-0.0362338426792836,-0.0274270389532588,0.0127));
#1201=CARTESIAN_POINT('',(-0.036668382510368,-0.0273212475778509,0.0127));
#1202=CARTESIAN_POINT('',(-0.0370430011449182,-0.0271546178593713,0.0127));
#1203=CARTESIAN_POINT('',(-0.0373512883557557,-0.026957180679599,0.0127));
#1204=CARTESIAN_POINT('',(-0.0376779174025954,-0.0266829340540522,0.0127));
#1205=CARTESIAN_POINT('',(-0.0379610093734504,-0.0263543663628243,0.0127));
#1206=CARTESIAN_POINT('',(-0.0381935164378496,-0.0260059644495946,0.0127));
#1207=CARTESIAN_POINT('',(-0.0383712373404857,-0.025690088796265,0.0127));
#1208=CARTESIAN_POINT('',(-0.038520414952921,-0.0253959465046786,0.0127));
#1209=CARTESIAN_POINT('',(-0.0386549242347779,-0.0251172631441088,0.0127));
#1210=CARTESIAN_POINT('',(-0.0388249410775325,-0.0247636585506669,0.0127));
#1211=CARTESIAN_POINT('',(-0.0390312452227305,-0.0243573696882222,0.0127));
#1212=CARTESIAN_POINT('',(-0.0392428766934566,-0.0240159082592143,0.0127));
#1213=CARTESIAN_POINT('',(-0.0394067311397992,-0.0238007652047873,0.0127));
#1214=CARTESIAN_POINT('',(-0.0395503893003036,-0.0236377600613208,0.0127));
#1215=CARTESIAN_POINT('',(-0.039714761773285,-0.0234752945771276,0.0127));
#1216=CARTESIAN_POINT('',(-0.0399618777012625,-0.0232607357143274,0.0127));
#1217=CARTESIAN_POINT('',(-0.0404667331584204,-0.0228957319905561,0.0127));
#1218=CARTESIAN_POINT('',(-0.0413829165107093,-0.0224328597931623,0.0127));
#1219=CARTESIAN_POINT('',(-0.0427171112538626,-0.0220431760533227,0.0127));
#1220=CARTESIAN_POINT('',(-0.0439540726120492,-0.0218936124574215,0.0127));
#1221=CARTESIAN_POINT('',(-0.044963109742134,-0.0218942886197559,0.0127));
#1222=CARTESIAN_POINT('',(-0.0457774570157335,-0.0219517576953927,0.0127));
#1223=CARTESIAN_POINT('',(-0.0466053696358335,-0.0220457080846419,0.0127));
#1224=CARTESIAN_POINT('',(-0.0472826067748862,-0.0221361167551769,0.0127));
#1225=CARTESIAN_POINT('',(-0.0478081926196343,-0.0222037057833015,0.0127));
#1226=CARTESIAN_POINT('',(-0.0481946901113367,-0.0222488286731599,0.0127));
#1227=CARTESIAN_POINT('',(-0.0485763441822507,-0.0222847138289396,0.0127));
#1228=CARTESIAN_POINT('',(-0.0489611269740385,-0.0223065492849893,0.0127));
#1229=CARTESIAN_POINT('',(-0.0493665473194815,-0.0223052148442873,0.0127));
#1230=CARTESIAN_POINT('',(-0.0497516792068731,-0.0222686969448326,0.0127));
#1231=CARTESIAN_POINT('',(-0.0501227546226639,-0.0221847994994174,0.0127));
#1232=CARTESIAN_POINT('',(-0.0504433651394016,-0.0220744202422075,0.0127));
#1233=CARTESIAN_POINT('',(-0.0508106440795792,-0.0218854709384725,0.0127));
#1234=CARTESIAN_POINT('',(-0.0512065793119954,-0.0215754931794677,0.0127));
#1235=CARTESIAN_POINT('',(-0.0515058578857916,-0.0211955314001647,0.0127));
#1236=CARTESIAN_POINT('',(-0.0516831210997192,-0.0208424429782861,0.0127));
#1237=CARTESIAN_POINT('',(-0.0518081061183692,-0.0204856278012704,0.0127));
#1238=CARTESIAN_POINT('',(-0.0518726289953228,-0.0200604530421586,0.0127));
#1239=CARTESIAN_POINT('',(-0.0518526274254022,-0.0196327897176077,0.0127));
#1240=CARTESIAN_POINT('',(-0.0517830337253198,-0.019284160033256,0.0127));
#1241=CARTESIAN_POINT('',(-0.0516583936084359,-0.0189001299922494,0.0127));
#1242=CARTESIAN_POINT('',(-0.0514750746129562,-0.0185231610972467,0.0127));
#1243=CARTESIAN_POINT('',(-0.0512356803653826,-0.018140763975922,0.0127));
#1244=CARTESIAN_POINT('',(-0.0509740970635993,-0.017786051647127,0.0127));
#1245=CARTESIAN_POINT('',(-0.0506873316843157,-0.0174384809648615,0.0127));
#1246=CARTESIAN_POINT('',(-0.0503731607503704,-0.0170881682082756,0.0127));
#1247=CARTESIAN_POINT('',(-0.0500307800699009,-0.0167302211698201,0.0127));
#1248=CARTESIAN_POINT('',(-0.0495368637945753,-0.0162398543074149,0.0127));
#1249=CARTESIAN_POINT('',(-0.0488511557922161,-0.015600080022402,0.0127));
#1250=CARTESIAN_POINT('',(-0.0479301892417256,-0.0147921290624269,0.0127));
#1251=CARTESIAN_POINT('',(-0.0469260207581494,-0.0139525791508214,0.0127));
#1252=CARTESIAN_POINT('',(-0.0458551124088198,-0.013092184324268,0.0127));
#1253=CARTESIAN_POINT('',(-0.0447350531606848,-0.0122230150994132,0.0127));
#1254=CARTESIAN_POINT('',(-0.0435830704760349,-0.0113572228196797,0.0127));
#1255=CARTESIAN_POINT('',(-0.0420318041034863,-0.0102263581061818,0.0127));
#1256=CARTESIAN_POINT('',(-0.0400843965406861,-0.00887415933596517,0.0127));
#1257=CARTESIAN_POINT('',(-0.0376972030953548,-0.00736489818040456,0.0127));
#1258=CARTESIAN_POINT('',(-0.0352334798940072,-0.00599137877764366,0.0127));
#1259=CARTESIAN_POINT('',(-0.0326659733192659,-0.00477592630414229,0.0127));
#1260=CARTESIAN_POINT('',(-0.0299704153450699,-0.00374211810951937,0.0127));
#1261=CARTESIAN_POINT('',(-0.0271252443047845,-0.00291307214264096,0.0127));
#1262=CARTESIAN_POINT('',(-0.0246123448046715,-0.00241087059362334,0.0127));
#1263=CARTESIAN_POINT('',(-0.0225089341854975,-0.00213163856222061,0.0127));
#1264=CARTESIAN_POINT('',(-0.020877964992396,-0.00198599792234062,0.0127));
#1265=CARTESIAN_POINT('',(-0.0192124880573574,-0.00190451632344805,0.0127));
#1266=CARTESIAN_POINT('',(-0.0169753125684213,-0.00186630405894838,0.0127));
#1267=CARTESIAN_POINT('',(-0.0141915306008695,-0.00192737912478334,0.0127));
#1268=CARTESIAN_POINT('',(-0.0110299857832982,-0.00210262665178625,0.0127));
#1269=CARTESIAN_POINT('',(-0.00915272698665318,-0.00224111094854169,0.0127));
#1270=CARTESIAN_POINT('',(-0.00830170749193486,-0.0023042223203808,0.0127));
#1271=CARTESIAN_POINT('',(-0.00830170749193476,-0.00230422232038081,0.0127));
#1272=CARTESIAN_POINT('',(-0.00830170749193476,-0.00230422232038081,0.0127));
#1273=CARTESIAN_POINT('',(-0.00830170749193456,-0.00230422232038066,0.0127));
#1274=CARTESIAN_POINT('',(-0.00830170749193456,-0.00230422232038066,5.20417042793042E-18));
#1275=CARTESIAN_POINT('',(-0.00852981470470051,-0.00201197441233913,0.0127));
#1276=CARTESIAN_POINT('',(-0.00852981470470051,-0.00201197441233913,5.20417042793042E-18));
#1277=CARTESIAN_POINT('',(-0.00898105025558119,-0.00141166735829798,0.0127));
#1278=CARTESIAN_POINT('',(-0.00898105025558119,-0.00141166735829798,6.93889390390723E-18));
#1279=CARTESIAN_POINT('',(-0.00961848886761905,-0.000491334340029654,0.0127));
#1280=CARTESIAN_POINT('',(-0.00961848886761905,-0.000491334340029654,3.46944695195361E-18));
#1281=CARTESIAN_POINT('',(-0.0101923102399503,0.000424198132275797,0.0127));
#1282=CARTESIAN_POINT('',(-0.0101923102399503,0.000424198132275797,6.93889390390723E-18));
#1283=CARTESIAN_POINT('',(-0.0106797759369145,0.00132130554766902,0.0127));
#1284=CARTESIAN_POINT('',(-0.0106797759369145,0.00132130554766902,8.67361737988404E-18));
#1285=CARTESIAN_POINT('',(-0.0109994013186807,0.00206161759803774,0.0127));
#1286=CARTESIAN_POINT('',(-0.0109994013186807,0.00206161759803774,1.73472347597681E-18));
#1287=CARTESIAN_POINT('',(-0.0111874364323204,0.00270818562340865,0.0127));
#1288=CARTESIAN_POINT('',(-0.0111874364323204,0.00270818562340865,6.93889390390723E-18));
#1289=CARTESIAN_POINT('',(-0.0112776836568179,0.0032660716868929,0.0127));
#1290=CARTESIAN_POINT('',(-0.0112776836568179,0.0032660716868929,5.20417042793042E-18));
#1291=CARTESIAN_POINT('',(-0.0112628712306035,0.00396924088075043,0.0127));
#1292=CARTESIAN_POINT('',(-0.0112628712306035,0.00396924088075043,5.20417042793042E-18));
#1293=CARTESIAN_POINT('',(-0.0109506034897196,0.00491762097944437,0.0127));
#1294=CARTESIAN_POINT('',(-0.0109506034897196,0.00491762097944437,5.20417042793042E-18));
#1295=CARTESIAN_POINT('',(-0.0100347452112335,0.00575169763936605,0.0127));
#1296=CARTESIAN_POINT('',(-0.0100347452112335,0.00575169763936605,6.93889390390723E-18));
#1297=CARTESIAN_POINT('',(-0.00916644404688985,0.00598113876526737,0.0127));
#1298=CARTESIAN_POINT('',(-0.00916644404688985,0.00598113876526737,3.46944695195361E-18));
#1299=CARTESIAN_POINT('',(-0.00853512107390021,0.00599754922953306,0.0127));
#1300=CARTESIAN_POINT('',(-0.00853512107390021,0.00599754922953306,6.93889390390723E-18));
#1301=CARTESIAN_POINT('',(-0.00801323700225115,0.00593052722795257,0.0127));
#1302=CARTESIAN_POINT('',(-0.00801323700225115,0.00593052722795257,3.46944695195361E-18));
#1303=CARTESIAN_POINT('',(-0.00754367965122053,0.00582252433676565,0.0127));
#1304=CARTESIAN_POINT('',(-0.00754367965122053,0.00582252433676565,5.20417042793042E-18));
#1305=CARTESIAN_POINT('',(-0.00694345415074582,0.00564067339340647,0.0127));
#1306=CARTESIAN_POINT('',(-0.00694345415074582,0.00564067339340647,1.73472347597681E-18));
#1307=CARTESIAN_POINT('',(-0.00620511867566855,0.00535821424209945,0.0127));
#1308=CARTESIAN_POINT('',(-0.00620511867566855,0.00535821424209945,5.20417042793042E-18));
#1309=CARTESIAN_POINT('',(-0.00531487994216055,0.00496414469820063,0.0127));
#1310=CARTESIAN_POINT('',(-0.00531487994216055,0.00496414469820063,5.20417042793042E-18));
#1311=CARTESIAN_POINT('',(-0.00444373056242413,0.00454780381129353,0.0127));
#1312=CARTESIAN_POINT('',(-0.00444373056242413,0.00454780381129353,5.20417042793042E-18));
#1313=CARTESIAN_POINT('',(-0.00336371884332604,0.00401323931897861,0.0127));
#1314=CARTESIAN_POINT('',(-0.00336371884332604,0.00401323931897861,5.20417042793042E-18));
#1315=CARTESIAN_POINT('',(-0.00269738490840542,0.00368903127210924,0.0127));
#1316=CARTESIAN_POINT('',(-0.00269738490840542,0.00368903127210924,5.20417042793042E-18));
#1317=CARTESIAN_POINT('',(-0.00244505407843577,0.00358098842067675,0.0127));
#1318=CARTESIAN_POINT('',(-0.00244505407843577,0.00358098842067675,5.20417042793042E-18));
#1319=CARTESIAN_POINT('',(-0.00830170749193456,-0.00230422232038066,0.));
#1320=CARTESIAN_POINT('',(-0.00852981470470052,-0.00201197441233912,0.));
#1321=CARTESIAN_POINT('',(-0.0089810449937361,-0.00141166858815954,0.));
#1322=CARTESIAN_POINT('',(-0.00961850728407691,-0.000491330035514148,0.));
#1323=CARTESIAN_POINT('',(-0.0100966194106496,0.000271596780810585,0.));
#1324=CARTESIAN_POINT('',(-0.0104361364861828,0.000872773670015129,0.));
#1325=CARTESIAN_POINT('',(-0.0106668471453325,0.00131988344776909,0.));
#1326=CARTESIAN_POINT('',(-0.0108712153151295,0.00176679286997193,0.));
#1327=CARTESIAN_POINT('',(-0.0110465626510162,0.00222287044100153,0.));
#1328=CARTESIAN_POINT('',(-0.0111871620674631,0.002708442184843,0.));
#1329=CARTESIAN_POINT('',(-0.011263384146512,0.00317260253458596,0.));
#1330=CARTESIAN_POINT('',(-0.0112689972678836,0.00361848362664223,0.));
#1331=CARTESIAN_POINT('',(-0.0112260659087667,0.00400146136622373,0.));
#1332=CARTESIAN_POINT('',(-0.011106511166001,0.00443632709780229,0.));
#1333=CARTESIAN_POINT('',(-0.0108722535159731,0.0049033199240351,0.));
#1334=CARTESIAN_POINT('',(-0.0105657965616804,0.00526873302396556,0.));
#1335=CARTESIAN_POINT('',(-0.0102701285635562,0.00551098182710513,0.));
#1336=CARTESIAN_POINT('',(-0.00996617057865217,0.00570510365287628,0.));
#1337=CARTESIAN_POINT('',(-0.0095938929282085,0.00586303374402775,0.));
#1338=CARTESIAN_POINT('',(-0.00919735896803288,0.00595543852309476,0.));
#1339=CARTESIAN_POINT('',(-0.00885231367235331,0.00598901409356178,0.));
#1340=CARTESIAN_POINT('',(-0.00844725766203428,0.00598656928623117,0.));
#1341=CARTESIAN_POINT('',(-0.00801352604177954,0.00593046323449103,0.));
#1342=CARTESIAN_POINT('',(-0.00754364058092185,0.00582253904356566,0.));
#1343=CARTESIAN_POINT('',(-0.00709337776753063,0.00568614129550773,0.));
#1344=CARTESIAN_POINT('',(-0.00664869006434867,0.00552765436103769,0.));
#1345=CARTESIAN_POINT('',(-0.00605643279651919,0.00529256111139563,0.));
#1346=CARTESIAN_POINT('',(-0.00531484423607381,0.00496409541791655,0.));
#1347=CARTESIAN_POINT('',(-0.00444424155383148,0.00454796092443789,0.));
#1348=CARTESIAN_POINT('',(-0.00363171351355782,0.00414630126976391,0.));
#1349=CARTESIAN_POINT('',(-0.00292701826680898,0.00379926019709491,0.));
#1350=CARTESIAN_POINT('',(-0.00257121949342058,0.00363500984639299,0.));
#1351=CARTESIAN_POINT('',(-0.00244505407843577,0.00358098842067675,0.));
#1352=CARTESIAN_POINT('',(-0.00244505407843578,0.00358098842067675,0.));
#1353=CARTESIAN_POINT('',(-0.00830170749193456,-0.00230422232038066,0.0127));
#1354=CARTESIAN_POINT('',(-0.00852981470470052,-0.00201197441233912,0.0127));
#1355=CARTESIAN_POINT('',(-0.0089810449937361,-0.00141166858815954,0.0127));
#1356=CARTESIAN_POINT('',(-0.00961850728407691,-0.000491330035514148,0.0127));
#1357=CARTESIAN_POINT('',(-0.0100966194106496,0.000271596780810585,0.0127));
#1358=CARTESIAN_POINT('',(-0.0104361364861828,0.000872773670015129,0.0127));
#1359=CARTESIAN_POINT('',(-0.0106668471453325,0.00131988344776909,0.0127));
#1360=CARTESIAN_POINT('',(-0.0108712153151295,0.00176679286997193,0.0127));
#1361=CARTESIAN_POINT('',(-0.0110465626510162,0.00222287044100153,0.0127));
#1362=CARTESIAN_POINT('',(-0.0111871620674631,0.002708442184843,0.0127));
#1363=CARTESIAN_POINT('',(-0.011263384146512,0.00317260253458596,0.0127));
#1364=CARTESIAN_POINT('',(-0.0112689972678836,0.00361848362664223,0.0127));
#1365=CARTESIAN_POINT('',(-0.0112260659087667,0.00400146136622373,0.0127));
#1366=CARTESIAN_POINT('',(-0.011106511166001,0.00443632709780229,0.0127));
#1367=CARTESIAN_POINT('',(-0.0108722535159731,0.0049033199240351,0.0127));
#1368=CARTESIAN_POINT('',(-0.0105657965616804,0.00526873302396556,0.0127));
#1369=CARTESIAN_POINT('',(-0.0102701285635562,0.00551098182710513,0.0127));
#1370=CARTESIAN_POINT('',(-0.00996617057865217,0.00570510365287628,0.0127));
#1371=CARTESIAN_POINT('',(-0.0095938929282085,0.00586303374402775,0.0127));
#1372=CARTESIAN_POINT('',(-0.00919735896803288,0.00595543852309476,0.0127));
#1373=CARTESIAN_POINT('',(-0.00885231367235331,0.00598901409356178,0.0127));
#1374=CARTESIAN_POINT('',(-0.00844725766203428,0.00598656928623117,0.0127));
#1375=CARTESIAN_POINT('',(-0.00801352604177954,0.00593046323449103,0.0127));
#1376=CARTESIAN_POINT('',(-0.00754364058092185,0.00582253904356566,0.0127));
#1377=CARTESIAN_POINT('',(-0.00709337776753063,0.00568614129550773,0.0127));
#1378=CARTESIAN_POINT('',(-0.00664869006434867,0.00552765436103769,0.0127));
#1379=CARTESIAN_POINT('',(-0.00605643279651919,0.00529256111139563,0.0127));
#1380=CARTESIAN_POINT('',(-0.00531484423607381,0.00496409541791655,0.0127));
#1381=CARTESIAN_POINT('',(-0.00444424155383148,0.00454796092443789,0.0127));
#1382=CARTESIAN_POINT('',(-0.00363171351355782,0.00414630126976391,0.0127));
#1383=CARTESIAN_POINT('',(-0.00292701826680898,0.00379926019709491,0.0127));
#1384=CARTESIAN_POINT('',(-0.00257121949342058,0.00363500984639299,0.0127));
#1385=CARTESIAN_POINT('',(-0.00244505407843577,0.00358098842067675,0.0127));
#1386=CARTESIAN_POINT('',(-0.00244505407843578,0.00358098842067675,0.0127));
#1387=CARTESIAN_POINT('',(-0.00244505407843578,0.00358098842067675,0.0127));
#1388=CARTESIAN_POINT('',(-0.0024450540784257,0.00358098842064535,0.0127));
#1389=CARTESIAN_POINT('',(-0.0024450540784257,0.00358098842064535,1.73472347597681E-18));
#1390=CARTESIAN_POINT('',(-0.0021246660719768,0.00368382985117088,0.0127));
#1391=CARTESIAN_POINT('',(-0.0021246660719768,0.00368382985117088,1.73472347597681E-18));
#1392=CARTESIAN_POINT('',(-0.00140423807759732,0.0039279103379919,0.0127));
#1393=CARTESIAN_POINT('',(-0.00140423807759732,0.0039279103379919,1.73472347597681E-18));
#1394=CARTESIAN_POINT('',(-0.000464328206303008,0.00450583245384345,0.0127));
#1395=CARTESIAN_POINT('',(-0.000464328206303008,0.00450583245384345,-3.46944695195361E-18));
#1396=CARTESIAN_POINT('',(0.000149135803651934,0.00518215129056165,0.0127));
#1397=CARTESIAN_POINT('',(0.000149135803651934,0.00518215129056165,0.));
#1398=CARTESIAN_POINT('',(0.000525088972078553,0.00581715313630764,0.0127));
#1399=CARTESIAN_POINT('',(0.000525088972078553,0.00581715313630764,-1.73472347597681E-18));
#1400=CARTESIAN_POINT('',(0.000900808458219866,0.00685488212313551,0.0127));
#1401=CARTESIAN_POINT('',(0.000900808458219866,0.00685488212313551,3.46944695195361E-18));
#1402=CARTESIAN_POINT('',(0.00115997613489927,0.00786303198429906,0.0127));
#1403=CARTESIAN_POINT('',(0.00115997613489927,0.00786303198429906,0.));
#1404=CARTESIAN_POINT('',(0.0013465301956903,0.00867840199969681,0.0127));
#1405=CARTESIAN_POINT('',(0.0013465301956903,0.00867840199969681,-1.73472347597681E-18));
#1406=CARTESIAN_POINT('',(0.00148063457263978,0.00927860686803235,0.0127));
#1407=CARTESIAN_POINT('',(0.00148063457263978,0.00927860686803235,3.46944695195361E-18));
#1408=CARTESIAN_POINT('',(0.00161563997786992,0.00985662064795895,0.0127));
#1409=CARTESIAN_POINT('',(0.00161563997786992,0.00985662064795895,-8.67361737988404E-18));
#1410=CARTESIAN_POINT('',(0.00176367785735263,0.0104115683485693,0.0127));
#1411=CARTESIAN_POINT('',(0.00176367785735263,0.0104115683485693,8.67361737988404E-18));
#1412=CARTESIAN_POINT('',(0.00191631409320261,0.0108707714038243,0.0127));
#1413=CARTESIAN_POINT('',(0.00191631409320261,0.0108707714038243,-1.73472347597681E-18));
#1414=CARTESIAN_POINT('',(0.00210000597875983,0.0112778783752821,0.0127));
#1415=CARTESIAN_POINT('',(0.00210000597875983,0.0112778783752821,1.73472347597681E-18));
#1416=CARTESIAN_POINT('',(0.00230266832442433,0.0116268954800137,0.0127));
#1417=CARTESIAN_POINT('',(0.00230266832442433,0.0116268954800137,3.46944695195361E-18));
#1418=CARTESIAN_POINT('',(0.00264051938696336,0.0120431567177195,0.0127));
#1419=CARTESIAN_POINT('',(0.00264051938696336,0.0120431567177195,0.));
#1420=CARTESIAN_POINT('',(0.0032743569082869,0.012514844853213,0.0127));
#1421=CARTESIAN_POINT('',(0.0032743569082869,0.012514844853213,1.73472347597681E-18));
#1422=CARTESIAN_POINT('',(0.00431231130702371,0.0127293890140721,0.0127));
#1423=CARTESIAN_POINT('',(0.00431231130702371,0.0127293890140721,3.46944695195361E-18));
#1424=CARTESIAN_POINT('',(0.00523161317495629,0.0124558010121715,0.0127));
#1425=CARTESIAN_POINT('',(0.00523161317495629,0.0124558010121715,0.));
#1426=CARTESIAN_POINT('',(0.00576222865723907,0.0120632124869592,0.0127));
#1427=CARTESIAN_POINT('',(0.00576222865723907,0.0120632124869592,1.73472347597681E-18));
#1428=CARTESIAN_POINT('',(0.00607197083381338,0.011730698773716,0.0127));
#1429=CARTESIAN_POINT('',(0.00607197083381338,0.011730698773716,3.46944695195361E-18));
#1430=CARTESIAN_POINT('',(0.00629511206249804,0.0114278922040365,0.0127));
#1431=CARTESIAN_POINT('',(0.00629511206249804,0.0114278922040365,0.));
#1432=CARTESIAN_POINT('',(0.00653690469997919,0.0110389538752675,0.0127));
#1433=CARTESIAN_POINT('',(0.00653690469997919,0.0110389538752675,6.93889390390723E-18));
#1434=CARTESIAN_POINT('',(0.00679245679995219,0.0105422014233931,0.0127));
#1435=CARTESIAN_POINT('',(0.00679245679995219,0.0105422014233931,-5.20417042793042E-18));
#1436=CARTESIAN_POINT('',(0.00708233572664661,0.00988519511696266,0.0127));
#1437=CARTESIAN_POINT('',(0.00708233572664661,0.00988519511696266,6.93889390390723E-18));
#1438=CARTESIAN_POINT('',(0.0073678132433307,0.00916253190354017,0.0127));
#1439=CARTESIAN_POINT('',(0.0073678132433307,0.00916253190354017,1.73472347597681E-18));
#1440=CARTESIAN_POINT('',(0.00774750241424688,0.00812113399804192,0.0127));
#1441=CARTESIAN_POINT('',(0.00774750241424688,0.00812113399804192,0.));
#1442=CARTESIAN_POINT('',(0.00803045985497377,0.00727170273099109,0.0127));
#1443=CARTESIAN_POINT('',(0.00803045985497377,0.00727170273099109,0.));
#1444=CARTESIAN_POINT('',(0.00821504345600069,0.0066967160354525,0.0127));
#1445=CARTESIAN_POINT('',(0.00821504345600069,0.0066967160354525,0.));
#1446=CARTESIAN_POINT('',(-0.0024450540784257,0.00358098842064535,0.));
#1447=CARTESIAN_POINT('',(-0.00228486007520124,0.00363240913590812,0.));
#1448=CARTESIAN_POINT('',(-0.00195173628114732,0.00374174803686993,0.));
#1449=CARTESIAN_POINT('',(-0.00139762414654593,0.00396905593933763,0.));
#1450=CARTESIAN_POINT('',(-0.000835945744268843,0.00427687604252131,0.));
#1451=CARTESIAN_POINT('',(-0.000399058494788549,0.00460867350361024,0.));
#1452=CARTESIAN_POINT('',(-8.20081437397401E-5,0.00492724426007558,0.));
#1453=CARTESIAN_POINT('',(0.00013811822869832,0.0051969622370603,0.));
#1454=CARTESIAN_POINT('',(0.000306524047965174,0.00545414141722716,0.));
#1455=CARTESIAN_POINT('',(0.000429933952802233,0.00568145217925042,0.));
#1456=CARTESIAN_POINT('',(0.000556854239358515,0.00594660580056936,0.));
#1457=CARTESIAN_POINT('',(0.00071439245722703,0.00633740179594253,0.));
#1458=CARTESIAN_POINT('',(0.000892378109710746,0.00687604750956902,0.));
#1459=CARTESIAN_POINT('',(0.00105622757912318,0.00745975175116295,0.));
#1460=CARTESIAN_POINT('',(0.0012066359566387,0.00806688093333132,0.));
#1461=CARTESIAN_POINT('',(0.00134652645462798,0.00867839650763644,0.));
#1462=CARTESIAN_POINT('',(0.00148062823034743,0.00927862239109121,0.));
#1463=CARTESIAN_POINT('',(0.00159316227847599,0.00976024043833537,0.));
#1464=CARTESIAN_POINT('',(0.00168961842340981,0.010134171636997,0.));
#1465=CARTESIAN_POINT('',(0.00176785688044294,0.0104108896082663,0.));
#1466=CARTESIAN_POINT('',(0.00185614680247155,0.0106877759870493,0.));
#1467=CARTESIAN_POINT('',(0.00196197835543603,0.0109723132488515,0.));
#1468=CARTESIAN_POINT('',(0.0021001536117746,0.0112781321613045,0.));
#1469=CARTESIAN_POINT('',(0.00230233650152127,0.0116261152337613,0.));
#1470=CARTESIAN_POINT('',(0.00258513862155467,0.0119760391362162,0.));
#1471=CARTESIAN_POINT('',(0.00295583457117991,0.012275090110111,0.));
#1472=CARTESIAN_POINT('',(0.00332651186441933,0.0124822086347639,0.));
#1473=CARTESIAN_POINT('',(0.00378837629827916,0.0126280004954774,0.));
#1474=CARTESIAN_POINT('',(0.00429701445796778,0.0126669510461993,0.));
#1475=CARTESIAN_POINT('',(0.00477878118118888,0.0125923972413984,0.));
#1476=CARTESIAN_POINT('',(0.00518115142086646,0.0124416475603583,0.));
#1477=CARTESIAN_POINT('',(0.00549760579943417,0.0122568180668854,0.));
#1478=CARTESIAN_POINT('',(0.00581345572892825,0.0120093467112896,0.));
#1479=CARTESIAN_POINT('',(0.00607211603679111,0.0117301635982767,0.));
#1480=CARTESIAN_POINT('',(0.00629503624047109,0.01142806205886,0.));
#1481=CARTESIAN_POINT('',(0.00647661462573905,0.0111360442136047,0.));
#1482=CARTESIAN_POINT('',(0.00663856902147485,0.0108406600151141,0.));
#1483=CARTESIAN_POINT('',(0.00684109109135081,0.0104324656241569,0.));
#1484=CARTESIAN_POINT('',(0.00708222808656815,0.00988527224746141,0.));
#1485=CARTESIAN_POINT('',(0.00736783691128927,0.00916252050544255,0.));
#1486=CARTESIAN_POINT('',(0.007652593089762,0.00838145193630829,0.));
#1487=CARTESIAN_POINT('',(0.00793606516712963,0.00755498403720493,0.));
#1488=CARTESIAN_POINT('',(0.00812275165548723,0.0069842093832218,0.));
#1489=CARTESIAN_POINT('',(0.00821504345600069,0.0066967160354525,0.));
#1490=CARTESIAN_POINT('',(0.00821504345600068,0.00669671603545254,0.));
#1491=CARTESIAN_POINT('',(-0.0024450540784257,0.00358098842064535,0.0127));
#1492=CARTESIAN_POINT('',(-0.00228486007520124,0.00363240913590812,0.0127));
#1493=CARTESIAN_POINT('',(-0.00195173628114732,0.00374174803686993,0.0127));
#1494=CARTESIAN_POINT('',(-0.00139762414654593,0.00396905593933763,0.0127));
#1495=CARTESIAN_POINT('',(-0.000835945744268843,0.00427687604252131,0.0127));
#1496=CARTESIAN_POINT('',(-0.000399058494788549,0.00460867350361024,0.0127));
#1497=CARTESIAN_POINT('',(-8.20081437397401E-5,0.00492724426007558,0.0127));
#1498=CARTESIAN_POINT('',(0.00013811822869832,0.0051969622370603,0.0127));
#1499=CARTESIAN_POINT('',(0.000306524047965174,0.00545414141722716,0.0127));
#1500=CARTESIAN_POINT('',(0.000429933952802233,0.00568145217925042,0.0127));
#1501=CARTESIAN_POINT('',(0.000556854239358515,0.00594660580056936,0.0127));
#1502=CARTESIAN_POINT('',(0.00071439245722703,0.00633740179594253,0.0127));
#1503=CARTESIAN_POINT('',(0.000892378109710746,0.00687604750956902,0.0127));
#1504=CARTESIAN_POINT('',(0.00105622757912318,0.00745975175116295,0.0127));
#1505=CARTESIAN_POINT('',(0.0012066359566387,0.00806688093333132,0.0127));
#1506=CARTESIAN_POINT('',(0.00134652645462798,0.00867839650763644,0.0127));
#1507=CARTESIAN_POINT('',(0.00148062823034743,0.00927862239109121,0.0127));
#1508=CARTESIAN_POINT('',(0.00159316227847599,0.00976024043833537,0.0127));
#1509=CARTESIAN_POINT('',(0.00168961842340981,0.010134171636997,0.0127));
#1510=CARTESIAN_POINT('',(0.00176785688044294,0.0104108896082663,0.0127));
#1511=CARTESIAN_POINT('',(0.00185614680247155,0.0106877759870493,0.0127));
#1512=CARTESIAN_POINT('',(0.00196197835543603,0.0109723132488515,0.0127));
#1513=CARTESIAN_POINT('',(0.0021001536117746,0.0112781321613045,0.0127));
#1514=CARTESIAN_POINT('',(0.00230233650152127,0.0116261152337613,0.0127));
#1515=CARTESIAN_POINT('',(0.00258513862155467,0.0119760391362162,0.0127));
#1516=CARTESIAN_POINT('',(0.00295583457117991,0.012275090110111,0.0127));
#1517=CARTESIAN_POINT('',(0.00332651186441933,0.0124822086347639,0.0127));
#1518=CARTESIAN_POINT('',(0.00378837629827916,0.0126280004954774,0.0127));
#1519=CARTESIAN_POINT('',(0.00429701445796778,0.0126669510461993,0.0127));
#1520=CARTESIAN_POINT('',(0.00477878118118888,0.0125923972413984,0.0127));
#1521=CARTESIAN_POINT('',(0.00518115142086646,0.0124416475603583,0.0127));
#1522=CARTESIAN_POINT('',(0.00549760579943417,0.0122568180668854,0.0127));
#1523=CARTESIAN_POINT('',(0.00581345572892825,0.0120093467112896,0.0127));
#1524=CARTESIAN_POINT('',(0.00607211603679111,0.0117301635982767,0.0127));
#1525=CARTESIAN_POINT('',(0.00629503624047109,0.01142806205886,0.0127));
#1526=CARTESIAN_POINT('',(0.00647661462573905,0.0111360442136047,0.0127));
#1527=CARTESIAN_POINT('',(0.00663856902147485,0.0108406600151141,0.0127));
#1528=CARTESIAN_POINT('',(0.00684109109135081,0.0104324656241569,0.0127));
#1529=CARTESIAN_POINT('',(0.00708222808656815,0.00988527224746141,0.0127));
#1530=CARTESIAN_POINT('',(0.00736783691128927,0.00916252050544255,0.0127));
#1531=CARTESIAN_POINT('',(0.007652593089762,0.00838145193630829,0.0127));
#1532=CARTESIAN_POINT('',(0.00793606516712963,0.00755498403720493,0.0127));
#1533=CARTESIAN_POINT('',(0.00812275165548723,0.0069842093832218,0.0127));
#1534=CARTESIAN_POINT('',(0.00821504345600069,0.0066967160354525,0.0127));
#1535=CARTESIAN_POINT('',(0.00821504345600068,0.00669671603545254,0.0127));
#1536=CARTESIAN_POINT('',(0.00821504345600068,0.00669671603545254,0.0127));
#1537=CARTESIAN_POINT('',(0.00821504345600067,0.00669671603545253,0.0127));
#1538=CARTESIAN_POINT('',(0.00821504345600067,0.00669671603545253,1.38777878078145E-17));
#1539=CARTESIAN_POINT('',(0.00885693048314071,0.00762490252631769,0.0127));
#1540=CARTESIAN_POINT('',(0.00885693048314071,0.00762490252631769,1.38777878078145E-17));
#1541=CARTESIAN_POINT('',(0.0103414460942846,0.00942960894314328,0.0127));
#1542=CARTESIAN_POINT('',(0.0103414460942846,0.00942960894314328,1.04083408558608E-17));
#1543=CARTESIAN_POINT('',(0.0128934641490247,0.0119859763523479,0.0127));
#1544=CARTESIAN_POINT('',(0.0128934641490247,0.0119859763523479,1.56125112837913E-17));
#1545=CARTESIAN_POINT('',(0.0154760821439873,0.0143027228421788,0.0127));
#1546=CARTESIAN_POINT('',(0.0154760821439873,0.0143027228421788,1.04083408558608E-17));
#1547=CARTESIAN_POINT('',(0.0186302730238208,0.0169931446994421,0.0127));
#1548=CARTESIAN_POINT('',(0.0186302730238208,0.0169931446994421,1.38777878078145E-17));
#1549=CARTESIAN_POINT('',(0.0218094315828941,0.0192773289020107,0.0127));
#1550=CARTESIAN_POINT('',(0.0218094315828941,0.0192773289020107,1.21430643318376E-17));
#1551=CARTESIAN_POINT('',(0.025584102235191,0.0212616220386785,0.0127));
#1552=CARTESIAN_POINT('',(0.025584102235191,0.0212616220386785,1.21430643318376E-17));
#1553=CARTESIAN_POINT('',(0.0288645716335239,0.0226462786571114,0.0127));
#1554=CARTESIAN_POINT('',(0.0288645716335239,0.0226462786571114,1.56125112837913E-17));
#1555=CARTESIAN_POINT('',(0.032461144618592,0.0239163980631883,0.0127));
#1556=CARTESIAN_POINT('',(0.032461144618592,0.0239163980631883,6.93889390390723E-18));
#1557=CARTESIAN_POINT('',(0.0362119986887825,0.0250537649449923,0.0127));
#1558=CARTESIAN_POINT('',(0.0362119986887825,0.0250537649449923,1.90819582357449E-17));
#1559=CARTESIAN_POINT('',(0.0393304123991495,0.0258701301430546,0.0127));
#1560=CARTESIAN_POINT('',(0.0393304123991495,0.0258701301430546,1.21430643318376E-17));
#1561=CARTESIAN_POINT('',(0.0417385442822787,0.0264311521565949,0.0127));
#1562=CARTESIAN_POINT('',(0.0417385442822787,0.0264311521565949,1.73472347597681E-17));
#1563=CARTESIAN_POINT('',(0.043480302265278,0.0268022441425902,0.0127));
#1564=CARTESIAN_POINT('',(0.043480302265278,0.0268022441425902,1.38777878078145E-17));
#1565=CARTESIAN_POINT('',(0.0451408144493229,0.0271210420857285,0.0127));
#1566=CARTESIAN_POINT('',(0.0451408144493229,0.0271210420857285,1.73472347597681E-17));
#1567=CARTESIAN_POINT('',(0.0464307352079981,0.0273373143960909,0.0127));
#1568=CARTESIAN_POINT('',(0.0464307352079981,0.0273373143960909,8.67361737988404E-18));
#1569=CARTESIAN_POINT('',(0.0473757621511132,0.0274724548996552,0.0127));
#1570=CARTESIAN_POINT('',(0.0473757621511132,0.0274724548996552,1.56125112837913E-17));
#1571=CARTESIAN_POINT('',(0.0480364385116369,0.0275530211295195,0.0127));
#1572=CARTESIAN_POINT('',(0.0480364385116369,0.0275530211295195,1.04083408558608E-17));
#1573=CARTESIAN_POINT('',(0.0486460782944897,0.0276106743041299,0.0127));
#1574=CARTESIAN_POINT('',(0.0486460782944897,0.0276106743041299,1.73472347597681E-17));
#1575=CARTESIAN_POINT('',(0.0492079009146998,0.0276423067951207,0.0127));
#1576=CARTESIAN_POINT('',(0.0492079009146998,0.0276423067951207,1.90819582357449E-17));
#1577=CARTESIAN_POINT('',(0.0496483756854236,0.0276428789311073,0.0127));
#1578=CARTESIAN_POINT('',(0.0496483756854236,0.0276428789311073,1.21430643318376E-17));
#1579=CARTESIAN_POINT('',(0.0500127727290362,0.0276171411767702,0.0127));
#1580=CARTESIAN_POINT('',(0.0500127727290362,0.0276171411767702,1.21430643318376E-17));
#1581=CARTESIAN_POINT('',(0.0503095417990952,0.0275764045366353,0.0127));
#1582=CARTESIAN_POINT('',(0.0503095417990952,0.0275764045366353,1.73472347597681E-17));
#1583=CARTESIAN_POINT('',(0.0506618784886659,0.027492419037505,0.0127));
#1584=CARTESIAN_POINT('',(0.0506618784886659,0.027492419037505,1.73472347597681E-17));
#1585=CARTESIAN_POINT('',(0.0511215674017799,0.0273111631833565,0.0127));
#1586=CARTESIAN_POINT('',(0.0511215674017799,0.0273111631833565,1.90819582357449E-17));
#1587=CARTESIAN_POINT('',(0.0516634663232984,0.026919668639774,0.0127));
#1588=CARTESIAN_POINT('',(0.0516634663232984,0.026919668639774,1.21430643318376E-17));
#1589=CARTESIAN_POINT('',(0.0520609640044238,0.0263050067987721,0.0127));
#1590=CARTESIAN_POINT('',(0.0520609640044238,0.0263050067987721,1.21430643318376E-17));
#1591=CARTESIAN_POINT('',(0.052235324849134,0.0257298816517698,0.0127));
#1592=CARTESIAN_POINT('',(0.052235324849134,0.0257298816517698,1.21430643318376E-17));
#1593=CARTESIAN_POINT('',(0.0522403962812185,0.0251556761872092,0.0127));
#1594=CARTESIAN_POINT('',(0.0522403962812185,0.0251556761872092,1.56125112837913E-17));
#1595=CARTESIAN_POINT('',(0.0520937639901437,0.0245559174538466,0.0127));
#1596=CARTESIAN_POINT('',(0.0520937639901437,0.0245559174538466,8.67361737988404E-18));
#1597=CARTESIAN_POINT('',(0.0518381548794486,0.0241202307883768,0.0127));
#1598=CARTESIAN_POINT('',(0.0518381548794486,0.0241202307883768,1.73472347597681E-17));
#1599=CARTESIAN_POINT('',(0.0515910048000285,0.0238231581009721,0.0127));
#1600=CARTESIAN_POINT('',(0.0515910048000285,0.0238231581009721,1.73472347597681E-17));
#1601=CARTESIAN_POINT('',(0.0513807296805328,0.0236181608664946,0.0127));
#1602=CARTESIAN_POINT('',(0.0513807296805328,0.0236181608664946,1.56125112837913E-17));
#1603=CARTESIAN_POINT('',(0.0511902994122745,0.0234541845353752,0.0127));
#1604=CARTESIAN_POINT('',(0.0511902994122745,0.0234541845353752,1.38777878078145E-17));
#1605=CARTESIAN_POINT('',(0.0509456748874479,0.0232600190766246,0.0127));
#1606=CARTESIAN_POINT('',(0.0509456748874479,0.0232600190766246,1.21430643318376E-17));
#1607=CARTESIAN_POINT('',(0.0506397411595601,0.0230347783018352,0.0127));
#1608=CARTESIAN_POINT('',(0.0506397411595601,0.0230347783018352,1.38777878078145E-17));
#1609=CARTESIAN_POINT('',(0.0502532803885993,0.0227575876488487,0.0127));
#1610=CARTESIAN_POINT('',(0.0502532803885993,0.0227575876488487,1.38777878078145E-17));
#1611=CARTESIAN_POINT('',(0.0497160294617025,0.0223661276920849,0.0127));
#1612=CARTESIAN_POINT('',(0.0497160294617025,0.0223661276920849,1.04083408558608E-17));
#1613=CARTESIAN_POINT('',(0.0490274598652725,0.021827604568418,0.0127));
#1614=CARTESIAN_POINT('',(0.0490274598652725,0.021827604568418,1.38777878078145E-17));
#1615=CARTESIAN_POINT('',(0.0482833387745391,0.0211117871016625,0.0127));
#1616=CARTESIAN_POINT('',(0.0482833387745391,0.0211117871016625,1.56125112837913E-17));
#1617=CARTESIAN_POINT('',(0.047753314596088,0.0203977506497055,0.0127));
#1618=CARTESIAN_POINT('',(0.047753314596088,0.0203977506497055,8.67361737988404E-18));
#1619=CARTESIAN_POINT('',(0.0473087925182842,0.0195073087549997,0.0127));
#1620=CARTESIAN_POINT('',(0.0473087925182842,0.0195073087549997,1.56125112837913E-17));
#1621=CARTESIAN_POINT('',(0.0468618591893477,0.0181555570427741,0.0127));
#1622=CARTESIAN_POINT('',(0.0468618591893477,0.0181555570427741,1.56125112837913E-17));
#1623=CARTESIAN_POINT('',(0.04663451784179,0.0166364911388074,0.0127));
#1624=CARTESIAN_POINT('',(0.04663451784179,0.0166364911388074,1.38777878078145E-17));
#1625=CARTESIAN_POINT('',(0.046594749787602,0.0151625431067011,0.0127));
#1626=CARTESIAN_POINT('',(0.046594749787602,0.0151625431067011,1.56125112837913E-17));
#1627=CARTESIAN_POINT('',(0.0466405288938946,0.0141291257201549,0.0127));
#1628=CARTESIAN_POINT('',(0.0466405288938946,0.0141291257201549,1.56125112837913E-17));
#1629=CARTESIAN_POINT('',(0.0467453310637845,0.0132385971542337,0.0127));
#1630=CARTESIAN_POINT('',(0.0467453310637845,0.0132385971542337,1.73472347597681E-17));
#1631=CARTESIAN_POINT('',(0.0468609784078772,0.0124979845560511,0.0127));
#1632=CARTESIAN_POINT('',(0.0468609784078772,0.0124979845560511,1.21430643318376E-17));
#1633=CARTESIAN_POINT('',(0.0469277694879497,0.0118616023340889,0.0127));
#1634=CARTESIAN_POINT('',(0.0469277694879497,0.0118616023340889,1.56125112837913E-17));
#1635=CARTESIAN_POINT('',(0.0469443847783041,0.0113242513832069,0.0127));
#1636=CARTESIAN_POINT('',(0.0469443847783041,0.0113242513832069,1.38777878078145E-17));
#1637=CARTESIAN_POINT('',(0.0468741222593285,0.0106705745085806,0.0127));
#1638=CARTESIAN_POINT('',(0.0468741222593285,0.0106705745085806,1.38777878078145E-17));
#1639=CARTESIAN_POINT('',(0.0465894344720506,0.00984641508627937,0.0127));
#1640=CARTESIAN_POINT('',(0.0465894344720506,0.00984641508627937,1.73472347597681E-17));
#1641=CARTESIAN_POINT('',(0.0458527491349014,0.00903407169764295,0.0127));
#1642=CARTESIAN_POINT('',(0.0458527491349014,0.00903407169764295,1.21430643318376E-17));
#1643=CARTESIAN_POINT('',(0.0450837171517402,0.00867618223857589,0.0127));
#1644=CARTESIAN_POINT('',(0.0450837171517402,0.00867618223857589,1.56125112837913E-17));
#1645=CARTESIAN_POINT('',(0.0444901929032897,0.008531438808115,0.0127));
#1646=CARTESIAN_POINT('',(0.0444901929032897,0.008531438808115,1.56125112837913E-17));
#1647=CARTESIAN_POINT('',(0.0438222552955337,0.00844536959724477,0.0127));
#1648=CARTESIAN_POINT('',(0.0438222552955337,0.00844536959724477,1.21430643318376E-17));
#1649=CARTESIAN_POINT('',(0.0431158988385465,0.0084104832394675,0.0127));
#1650=CARTESIAN_POINT('',(0.0431158988385465,0.0084104832394675,1.38777878078145E-17));
#1651=CARTESIAN_POINT('',(0.0423410180620575,0.0083377191257984,0.0127));
#1652=CARTESIAN_POINT('',(0.0423410180620575,0.0083377191257984,1.73472347597681E-17));
#1653=CARTESIAN_POINT('',(0.0417216952974735,0.00819960143170854,0.0127));
#1654=CARTESIAN_POINT('',(0.0417216952974735,0.00819960143170854,1.38777878078145E-17));
#1655=CARTESIAN_POINT('',(0.0408266096262817,0.00781382617887754,0.0127));
#1656=CARTESIAN_POINT('',(0.0408266096262817,0.00781382617887754,1.21430643318376E-17));
#1657=CARTESIAN_POINT('',(0.0396061174923391,0.00690954230778811,0.0127));
#1658=CARTESIAN_POINT('',(0.0396061174923391,0.00690954230778811,1.21430643318376E-17));
#1659=CARTESIAN_POINT('',(0.0383335035136544,0.00521986631522228,0.0127));
#1660=CARTESIAN_POINT('',(0.0383335035136544,0.00521986631522228,1.56125112837913E-17));
#1661=CARTESIAN_POINT('',(0.0375158701994298,0.00310985104634881,0.0127));
#1662=CARTESIAN_POINT('',(0.0375158701994298,0.00310985104634881,5.20417042793042E-18));
#1663=CARTESIAN_POINT('',(0.0372299172415375,0.000389025268893146,0.0127));
#1664=CARTESIAN_POINT('',(0.0372299172415375,0.000389025268893146,1.73472347597681E-17));
#1665=CARTESIAN_POINT('',(0.0373133406339598,-0.00171460868859417,0.0127));
#1666=CARTESIAN_POINT('',(0.0373133406339598,-0.00171460868859417,1.04083408558608E-17));
#1667=CARTESIAN_POINT('',(0.0374465086310224,-0.0028873425431946,0.0127));
#1668=CARTESIAN_POINT('',(0.0374465086310224,-0.0028873425431946,1.21430643318376E-17));
#1669=CARTESIAN_POINT('',(0.0375146777038857,-0.00323692551649535,0.0127));
#1670=CARTESIAN_POINT('',(0.0375146777038857,-0.00323692551649535,1.38777878078145E-17));
#1671=CARTESIAN_POINT('',(0.0375253944879477,-0.00328180239904669,0.0127));
#1672=CARTESIAN_POINT('',(0.0375253944879477,-0.00328180239904669,1.38777878078145E-17));
#1673=CARTESIAN_POINT('',(0.00821504345600067,0.00669671603545253,0.));
#1674=CARTESIAN_POINT('',(0.00885693048314071,0.0076249025263177,0.));
#1675=CARTESIAN_POINT('',(0.0103420085596388,0.00943011893432776,0.));
#1676=CARTESIAN_POINT('',(0.0124665810268443,0.0115585126417234,0.));
#1677=CARTESIAN_POINT('',(0.0141874448569382,0.0131467720553895,0.));
#1678=CARTESIAN_POINT('',(0.0154490291518799,0.0142654756365596,0.));
#1679=CARTESIAN_POINT('',(0.016655956564379,0.0153087323545621,0.));
#1680=CARTESIAN_POINT('',(0.0182398774807024,0.0166245145722214,0.));
#1681=CARTESIAN_POINT('',(0.0202184090087704,0.0181359985357235,0.));
#1682=CARTESIAN_POINT('',(0.0227534850042316,0.0197731981328417,0.));
#1683=CARTESIAN_POINT('',(0.0255840024967258,0.0212616765170253,0.));
#1684=CARTESIAN_POINT('',(0.0288645848291221,0.0226462647970601,0.));
#1685=CARTESIAN_POINT('',(0.0318617571170741,0.0237047099870488,0.));
#1686=CARTESIAN_POINT('',(0.0343364946217795,0.0244850869913285,0.));
#1687=CARTESIAN_POINT('',(0.0362109092461893,0.0250340475646193,0.));
#1688=CARTESIAN_POINT('',(0.0380831029084082,0.025543583776019,0.));
#1689=CARTESIAN_POINT('',(0.0399324350228807,0.0260103866317417,0.));
#1690=CARTESIAN_POINT('',(0.0417385296770776,0.0264311485031973,0.));
#1691=CARTESIAN_POINT('',(0.0434803710331332,0.0268022577708783,0.));
#1692=CARTESIAN_POINT('',(0.0448638568247742,0.0270678689834576,0.));
#1693=CARTESIAN_POINT('',(0.045915123219931,0.0272508749474345,0.));
#1694=CARTESIAN_POINT('',(0.0466668947499888,0.0273710817236014,0.));
#1695=CARTESIAN_POINT('',(0.0473757946108627,0.0274724566176894,0.));
#1696=CARTESIAN_POINT('',(0.0480364058664276,0.0275530320557637,0.));
#1697=CARTESIAN_POINT('',(0.0486461764155775,0.027610628881119,0.));
#1698=CARTESIAN_POINT('',(0.0491139802988939,0.0276371694476198,0.));
#1699=CARTESIAN_POINT('',(0.0494726764753041,0.0276424166395192,0.));
#1700=CARTESIAN_POINT('',(0.0497393543202958,0.0276364851977582,0.));
#1701=CARTESIAN_POINT('',(0.0500127645349906,0.0276172117930227,0.));
#1702=CARTESIAN_POINT('',(0.050309695201309,0.02757608136639,0.));
#1703=CARTESIAN_POINT('',(0.0506026767617652,0.0275073811462594,0.));
#1704=CARTESIAN_POINT('',(0.0508925543663302,0.0274001195984609,0.));
#1705=CARTESIAN_POINT('',(0.0511465173875419,0.0272752226640643,0.));
#1706=CARTESIAN_POINT('',(0.051441370286889,0.0270774312472711,0.));
#1707=CARTESIAN_POINT('',(0.0517642744570885,0.0267656901493094,0.));
#1708=CARTESIAN_POINT('',(0.0520605656181914,0.0263050941295633,0.));
#1709=CARTESIAN_POINT('',(0.0522354846805545,0.0257298453588194,0.));
#1710=CARTESIAN_POINT('',(0.0522401553417692,0.0251557340282187,0.));
#1711=CARTESIAN_POINT('',(0.0521312259892893,0.0247056620661009,0.));
#1712=CARTESIAN_POINT('',(0.0519885455798074,0.0243823652309949,0.));
#1713=CARTESIAN_POINT('',(0.0518462431019374,0.0241480860849839,0.));
#1714=CARTESIAN_POINT('',(0.0517149921425486,0.0239724264704893,0.));
#1715=CARTESIAN_POINT('',(0.0515557214237192,0.0237885699198934,0.));
#1716=CARTESIAN_POINT('',(0.0513808058740227,0.0236182985154127,0.));
#1717=CARTESIAN_POINT('',(0.051190294904685,0.0234541678398857,0.));
#1718=CARTESIAN_POINT('',(0.0510067728555225,0.0233084895743523,0.));
#1719=CARTESIAN_POINT('',(0.0508235385564107,0.0231702229300386,0.));
#1720=CARTESIAN_POINT('',(0.0505751938317042,0.0229884062846732,0.));
#1721=CARTESIAN_POINT('',(0.0502533293822725,0.0227576490071788,0.));
#1722=CARTESIAN_POINT('',(0.0498503206567033,0.0224639678096184,0.));
#1723=CARTESIAN_POINT('',(0.0494406387763509,0.022150756570918,0.));
#1724=CARTESIAN_POINT('',(0.0490375982256984,0.0218186505847983,0.));
#1725=CARTESIAN_POINT('',(0.0486558899374733,0.0214706787820415,0.));
#1726=CARTESIAN_POINT('',(0.0483683981379831,0.0211724419161575,0.));
#1727=CARTESIAN_POINT('',(0.0481627701438942,0.0209317206068949,0.));
#1728=CARTESIAN_POINT('',(0.0479778723822536,0.0206945163292961,0.));
#1729=CARTESIAN_POINT('',(0.0477636068798914,0.0203750451128865,0.));
#1730=CARTESIAN_POINT('',(0.0475302366748836,0.0199515074313596,0.));
#1731=CARTESIAN_POINT('',(0.047253370277472,0.0193389309107867,0.));
#1732=CARTESIAN_POINT('',(0.0469736771053509,0.0184932862474585,0.));
#1733=CARTESIAN_POINT('',(0.0467473337868806,0.0173961078958263,0.));
#1734=CARTESIAN_POINT('',(0.0466248234944614,0.0162681443901297,0.));
#1735=CARTESIAN_POINT('',(0.0465946138514167,0.0151618982642705,0.));
#1736=CARTESIAN_POINT('',(0.0466292721921671,0.014389148188964,0.));
#1737=CARTESIAN_POINT('',(0.0466702673128116,0.013914060896588,0.));
#1738=CARTESIAN_POINT('',(0.0467016813062441,0.0136115842232977,0.));
#1739=CARTESIAN_POINT('',(0.0467498355756893,0.0132386990078196,0.));
#1740=CARTESIAN_POINT('',(0.0468145682706162,0.0127924190758324,0.));
#1741=CARTESIAN_POINT('',(0.0468776935066322,0.0123394088721914,0.));
#1742=CARTESIAN_POINT('',(0.0469278513726262,0.0118613333670574,0.));
#1743=CARTESIAN_POINT('',(0.0469440399108611,0.011324807379702,0.));
#1744=CARTESIAN_POINT('',(0.0468868565221635,0.0107779841379768,0.));
#1745=CARTESIAN_POINT('',(0.046730004421768,0.0102611493276059,0.));
#1746=CARTESIAN_POINT('',(0.0465301766320993,0.00984708395542165,0.));
#1747=CARTESIAN_POINT('',(0.0462338983322675,0.00944082140204883,0.));
#1748=CARTESIAN_POINT('',(0.0458470700580562,0.00909060141910619,0.));
#1749=CARTESIAN_POINT('',(0.0454619695989049,0.00885565703695386,0.));
#1750=CARTESIAN_POINT('',(0.0451068850195394,0.00870248537546551,0.));
#1751=CARTESIAN_POINT('',(0.0447883009680894,0.00860464092124563,0.));
#1752=CARTESIAN_POINT('',(0.0444059686510298,0.00852023253593211,0.));
#1753=CARTESIAN_POINT('',(0.0439890984562145,0.00846676349787857,0.));
#1754=CARTESIAN_POINT('',(0.0435411278910691,0.00843242112704113,0.));
#1755=CARTESIAN_POINT('',(0.0431240588460179,0.00840618547425321,0.));
#1756=CARTESIAN_POINT('',(0.0427307767280338,0.00837483592841467,0.));
#1757=CARTESIAN_POINT('',(0.0423624562079567,0.00833007959331762,0.));
#1758=CARTESIAN_POINT('',(0.0420210648243895,0.00826580687268451,0.));
#1759=CARTESIAN_POINT('',(0.0417172440315128,0.00818123658870796,0.));
#1760=CARTESIAN_POINT('',(0.0413881393455904,0.00805564161720162,0.));
#1761=CARTESIAN_POINT('',(0.0409308223891902,0.00783356088496262,0.));
#1762=CARTESIAN_POINT('',(0.0403359823855786,0.00745172902555704,0.));
#1763=CARTESIAN_POINT('',(0.0396304055335746,0.00683337057279699,0.));
#1764=CARTESIAN_POINT('',(0.0389710770162044,0.00606750718272548,0.));
#1765=CARTESIAN_POINT('',(0.0383915449451738,0.00516977566257709,0.));
#1766=CARTESIAN_POINT('',(0.0379187449494871,0.00415224878199262,0.));
#1767=CARTESIAN_POINT('',(0.0375838866279435,0.00303670087922527,0.));
#1768=CARTESIAN_POINT('',(0.0373726100916502,0.00174924347061726,0.));
#1769=CARTESIAN_POINT('',(0.0372784479395259,0.000413362367938433,0.));
#1770=CARTESIAN_POINT('',(0.0372791626282703,-0.000872076300541119,0.));
#1771=CARTESIAN_POINT('',(0.0373353020875681,-0.00181811217790541,0.));
#1772=CARTESIAN_POINT('',(0.0373971289371808,-0.0024488159485474,0.));
#1773=CARTESIAN_POINT('',(0.037447289320853,-0.00284424840852248,0.));
#1774=CARTESIAN_POINT('',(0.0374951431770395,-0.00314306974553022,0.));
#1775=CARTESIAN_POINT('',(0.0375200360959166,-0.00325936395777101,0.));
#1776=CARTESIAN_POINT('',(0.0375253944879477,-0.00328180239904669,0.));
#1777=CARTESIAN_POINT('',(0.0375253944879477,-0.0032818023990467,0.));
#1778=CARTESIAN_POINT('',(0.00821504345600067,0.00669671603545253,0.0127));
#1779=CARTESIAN_POINT('',(0.00885693048314071,0.0076249025263177,0.0127));
#1780=CARTESIAN_POINT('',(0.0103420085596388,0.00943011893432776,0.0127));
#1781=CARTESIAN_POINT('',(0.0124665810268443,0.0115585126417234,0.0127));
#1782=CARTESIAN_POINT('',(0.0141874448569382,0.0131467720553895,0.0127));
#1783=CARTESIAN_POINT('',(0.0154490291518799,0.0142654756365596,0.0127));
#1784=CARTESIAN_POINT('',(0.016655956564379,0.0153087323545621,0.0127));
#1785=CARTESIAN_POINT('',(0.0182398774807024,0.0166245145722214,0.0127));
#1786=CARTESIAN_POINT('',(0.0202184090087704,0.0181359985357235,0.0127));
#1787=CARTESIAN_POINT('',(0.0227534850042316,0.0197731981328417,0.0127));
#1788=CARTESIAN_POINT('',(0.0255840024967258,0.0212616765170253,0.0127));
#1789=CARTESIAN_POINT('',(0.0288645848291221,0.0226462647970601,0.0127));
#1790=CARTESIAN_POINT('',(0.0318617571170741,0.0237047099870488,0.0127));
#1791=CARTESIAN_POINT('',(0.0343364946217795,0.0244850869913285,0.0127));
#1792=CARTESIAN_POINT('',(0.0362109092461893,0.0250340475646193,0.0127));
#1793=CARTESIAN_POINT('',(0.0380831029084082,0.025543583776019,0.0127));
#1794=CARTESIAN_POINT('',(0.0399324350228807,0.0260103866317417,0.0127));
#1795=CARTESIAN_POINT('',(0.0417385296770776,0.0264311485031973,0.0127));
#1796=CARTESIAN_POINT('',(0.0434803710331332,0.0268022577708783,0.0127));
#1797=CARTESIAN_POINT('',(0.0448638568247742,0.0270678689834576,0.0127));
#1798=CARTESIAN_POINT('',(0.045915123219931,0.0272508749474345,0.0127));
#1799=CARTESIAN_POINT('',(0.0466668947499888,0.0273710817236014,0.0127));
#1800=CARTESIAN_POINT('',(0.0473757946108627,0.0274724566176894,0.0127));
#1801=CARTESIAN_POINT('',(0.0480364058664276,0.0275530320557637,0.0127));
#1802=CARTESIAN_POINT('',(0.0486461764155775,0.027610628881119,0.0127));
#1803=CARTESIAN_POINT('',(0.0491139802988939,0.0276371694476198,0.0127));
#1804=CARTESIAN_POINT('',(0.0494726764753041,0.0276424166395192,0.0127));
#1805=CARTESIAN_POINT('',(0.0497393543202958,0.0276364851977582,0.0127));
#1806=CARTESIAN_POINT('',(0.0500127645349906,0.0276172117930227,0.0127));
#1807=CARTESIAN_POINT('',(0.050309695201309,0.02757608136639,0.0127));
#1808=CARTESIAN_POINT('',(0.0506026767617652,0.0275073811462594,0.0127));
#1809=CARTESIAN_POINT('',(0.0508925543663302,0.0274001195984609,0.0127));
#1810=CARTESIAN_POINT('',(0.0511465173875419,0.0272752226640643,0.0127));
#1811=CARTESIAN_POINT('',(0.051441370286889,0.0270774312472711,0.0127));
#1812=CARTESIAN_POINT('',(0.0517642744570885,0.0267656901493094,0.0127));
#1813=CARTESIAN_POINT('',(0.0520605656181914,0.0263050941295633,0.0127));
#1814=CARTESIAN_POINT('',(0.0522354846805545,0.0257298453588194,0.0127));
#1815=CARTESIAN_POINT('',(0.0522401553417692,0.0251557340282187,0.0127));
#1816=CARTESIAN_POINT('',(0.0521312259892893,0.0247056620661009,0.0127));
#1817=CARTESIAN_POINT('',(0.0519885455798074,0.0243823652309949,0.0127));
#1818=CARTESIAN_POINT('',(0.0518462431019374,0.0241480860849839,0.0127));
#1819=CARTESIAN_POINT('',(0.0517149921425486,0.0239724264704893,0.0127));
#1820=CARTESIAN_POINT('',(0.0515557214237192,0.0237885699198934,0.0127));
#1821=CARTESIAN_POINT('',(0.0513808058740227,0.0236182985154127,0.0127));
#1822=CARTESIAN_POINT('',(0.051190294904685,0.0234541678398857,0.0127));
#1823=CARTESIAN_POINT('',(0.0510067728555225,0.0233084895743523,0.0127));
#1824=CARTESIAN_POINT('',(0.0508235385564107,0.0231702229300386,0.0127));
#1825=CARTESIAN_POINT('',(0.0505751938317042,0.0229884062846732,0.0127));
#1826=CARTESIAN_POINT('',(0.0502533293822725,0.0227576490071788,0.0127));
#1827=CARTESIAN_POINT('',(0.0498503206567033,0.0224639678096184,0.0127));
#1828=CARTESIAN_POINT('',(0.0494406387763509,0.022150756570918,0.0127));
#1829=CARTESIAN_POINT('',(0.0490375982256984,0.0218186505847983,0.0127));
#1830=CARTESIAN_POINT('',(0.0486558899374733,0.0214706787820415,0.0127));
#1831=CARTESIAN_POINT('',(0.0483683981379831,0.0211724419161575,0.0127));
#1832=CARTESIAN_POINT('',(0.0481627701438942,0.0209317206068949,0.0127));
#1833=CARTESIAN_POINT('',(0.0479778723822536,0.0206945163292961,0.0127));
#1834=CARTESIAN_POINT('',(0.0477636068798914,0.0203750451128865,0.0127));
#1835=CARTESIAN_POINT('',(0.0475302366748836,0.0199515074313596,0.0127));
#1836=CARTESIAN_POINT('',(0.047253370277472,0.0193389309107867,0.0127));
#1837=CARTESIAN_POINT('',(0.0469736771053509,0.0184932862474585,0.0127));
#1838=CARTESIAN_POINT('',(0.0467473337868806,0.0173961078958263,0.0127));
#1839=CARTESIAN_POINT('',(0.0466248234944614,0.0162681443901297,0.0127));
#1840=CARTESIAN_POINT('',(0.0465946138514167,0.0151618982642705,0.0127));
#1841=CARTESIAN_POINT('',(0.0466292721921671,0.014389148188964,0.0127));
#1842=CARTESIAN_POINT('',(0.0466702673128116,0.013914060896588,0.0127));
#1843=CARTESIAN_POINT('',(0.0467016813062441,0.0136115842232977,0.0127));
#1844=CARTESIAN_POINT('',(0.0467498355756893,0.0132386990078196,0.0127));
#1845=CARTESIAN_POINT('',(0.0468145682706162,0.0127924190758324,0.0127));
#1846=CARTESIAN_POINT('',(0.0468776935066322,0.0123394088721914,0.0127));
#1847=CARTESIAN_POINT('',(0.0469278513726262,0.0118613333670574,0.0127));
#1848=CARTESIAN_POINT('',(0.0469440399108611,0.011324807379702,0.0127));
#1849=CARTESIAN_POINT('',(0.0468868565221635,0.0107779841379768,0.0127));
#1850=CARTESIAN_POINT('',(0.046730004421768,0.0102611493276059,0.0127));
#1851=CARTESIAN_POINT('',(0.0465301766320993,0.00984708395542165,0.0127));
#1852=CARTESIAN_POINT('',(0.0462338983322675,0.00944082140204883,0.0127));
#1853=CARTESIAN_POINT('',(0.0458470700580562,0.00909060141910619,0.0127));
#1854=CARTESIAN_POINT('',(0.0454619695989049,0.00885565703695386,0.0127));
#1855=CARTESIAN_POINT('',(0.0451068850195394,0.00870248537546551,0.0127));
#1856=CARTESIAN_POINT('',(0.0447883009680894,0.00860464092124563,0.0127));
#1857=CARTESIAN_POINT('',(0.0444059686510298,0.00852023253593211,0.0127));
#1858=CARTESIAN_POINT('',(0.0439890984562145,0.00846676349787857,0.0127));
#1859=CARTESIAN_POINT('',(0.0435411278910691,0.00843242112704113,0.0127));
#1860=CARTESIAN_POINT('',(0.0431240588460179,0.00840618547425321,0.0127));
#1861=CARTESIAN_POINT('',(0.0427307767280338,0.00837483592841467,0.0127));
#1862=CARTESIAN_POINT('',(0.0423624562079567,0.00833007959331762,0.0127));
#1863=CARTESIAN_POINT('',(0.0420210648243895,0.00826580687268451,0.0127));
#1864=CARTESIAN_POINT('',(0.0417172440315128,0.00818123658870796,0.0127));
#1865=CARTESIAN_POINT('',(0.0413881393455904,0.00805564161720162,0.0127));
#1866=CARTESIAN_POINT('',(0.0409308223891902,0.00783356088496262,0.0127));
#1867=CARTESIAN_POINT('',(0.0403359823855786,0.00745172902555704,0.0127));
#1868=CARTESIAN_POINT('',(0.0396304055335746,0.00683337057279699,0.0127));
#1869=CARTESIAN_POINT('',(0.0389710770162044,0.00606750718272548,0.0127));
#1870=CARTESIAN_POINT('',(0.0383915449451738,0.00516977566257709,0.0127));
#1871=CARTESIAN_POINT('',(0.0379187449494871,0.00415224878199262,0.0127));
#1872=CARTESIAN_POINT('',(0.0375838866279435,0.00303670087922527,0.0127));
#1873=CARTESIAN_POINT('',(0.0373726100916502,0.00174924347061726,0.0127));
#1874=CARTESIAN_POINT('',(0.0372784479395259,0.000413362367938433,0.0127));
#1875=CARTESIAN_POINT('',(0.0372791626282703,-0.000872076300541119,0.0127));
#1876=CARTESIAN_POINT('',(0.0373353020875681,-0.00181811217790541,0.0127));
#1877=CARTESIAN_POINT('',(0.0373971289371808,-0.0024488159485474,0.0127));
#1878=CARTESIAN_POINT('',(0.037447289320853,-0.00284424840852248,0.0127));
#1879=CARTESIAN_POINT('',(0.0374951431770395,-0.00314306974553022,0.0127));
#1880=CARTESIAN_POINT('',(0.0375200360959166,-0.00325936395777101,0.0127));
#1881=CARTESIAN_POINT('',(0.0375253944879477,-0.00328180239904669,0.0127));
#1882=CARTESIAN_POINT('',(0.0375253944879477,-0.0032818023990467,0.0127));
#1883=CARTESIAN_POINT('',(0.0375253944879477,-0.0032818023990467,0.0127));
#1884=CARTESIAN_POINT('',(0.037525394487947,-0.00328180239904691,0.0127));
#1885=CARTESIAN_POINT('',(0.037525394487947,-0.00328180239904691,1.38777878078145E-17));
#1886=CARTESIAN_POINT('',(0.0375330210747024,-0.00330508533360823,0.0127));
#1887=CARTESIAN_POINT('',(0.0375330210747024,-0.00330508533360823,1.38777878078145E-17));
#1888=CARTESIAN_POINT('',(0.0375657106696499,-0.0033848627267307,0.0127));
#1889=CARTESIAN_POINT('',(0.0375657106696499,-0.0033848627267307,1.38777878078145E-17));
#1890=CARTESIAN_POINT('',(0.037643673518734,-0.00376336199343498,0.0127));
#1891=CARTESIAN_POINT('',(0.037643673518734,-0.00376336199343498,1.38777878078145E-17));
#1892=CARTESIAN_POINT('',(0.0376563065787516,-0.0042455918007674,0.0127));
#1893=CARTESIAN_POINT('',(0.0376563065787516,-0.0042455918007674,1.21430643318376E-17));
#1894=CARTESIAN_POINT('',(0.037494368794024,-0.00485497278560577,0.0127));
#1895=CARTESIAN_POINT('',(0.037494368794024,-0.00485497278560577,1.21430643318376E-17));
#1896=CARTESIAN_POINT('',(0.0371800003738865,-0.00533919336827015,0.0127));
#1897=CARTESIAN_POINT('',(0.0371800003738865,-0.00533919336827015,1.73472347597681E-17));
#1898=CARTESIAN_POINT('',(0.036887576163376,-0.0056162653691371,0.0127));
#1899=CARTESIAN_POINT('',(0.036887576163376,-0.0056162653691371,1.21430643318376E-17));
#1900=CARTESIAN_POINT('',(0.0366099007359103,-0.0058142424227839,0.0127));
#1901=CARTESIAN_POINT('',(0.0366099007359103,-0.0058142424227839,1.90819582357449E-17));
#1902=CARTESIAN_POINT('',(0.0363899271282592,-0.00592833883163698,0.0127));
#1903=CARTESIAN_POINT('',(0.0363899271282592,-0.00592833883163698,1.38777878078145E-17));
#1904=CARTESIAN_POINT('',(0.0361919326387364,-0.00601619390638544,0.0127));
#1905=CARTESIAN_POINT('',(0.0361919326387364,-0.00601619390638544,1.73472347597681E-17));
#1906=CARTESIAN_POINT('',(0.0360168756034555,-0.006083846928264,0.0127));
#1907=CARTESIAN_POINT('',(0.0360168756034555,-0.006083846928264,1.38777878078145E-17));
#1908=CARTESIAN_POINT('',(0.0357883611056022,-0.00616545601011921,0.0127));
#1909=CARTESIAN_POINT('',(0.0357883611056022,-0.00616545601011921,1.38777878078145E-17));
#1910=CARTESIAN_POINT('',(0.0354902684555299,-0.00626343143923605,0.0127));
#1911=CARTESIAN_POINT('',(0.0354902684555299,-0.00626343143923605,1.90819582357449E-17));
#1912=CARTESIAN_POINT('',(0.0350911387051071,-0.00638943344180756,0.0127));
#1913=CARTESIAN_POINT('',(0.0350911387051071,-0.00638943344180756,1.38777878078145E-17));
#1914=CARTESIAN_POINT('',(0.0346514076679408,-0.00652776811096493,0.0127));
#1915=CARTESIAN_POINT('',(0.0346514076679408,-0.00652776811096493,1.73472347597681E-17));
#1916=CARTESIAN_POINT('',(0.0340193639968096,-0.00673126323104243,0.0127));
#1917=CARTESIAN_POINT('',(0.0340193639968096,-0.00673126323104243,1.38777878078145E-17));
#1918=CARTESIAN_POINT('',(0.0331665092739482,-0.00702330235624859,0.0127));
#1919=CARTESIAN_POINT('',(0.0331665092739482,-0.00702330235624859,1.56125112837913E-17));
#1920=CARTESIAN_POINT('',(0.0321304638367555,-0.00743407712142676,0.0127));
#1921=CARTESIAN_POINT('',(0.0321304638367555,-0.00743407712142676,1.56125112837913E-17));
#1922=CARTESIAN_POINT('',(0.0311880729801411,-0.00789190682563755,0.0127));
#1923=CARTESIAN_POINT('',(0.0311880729801411,-0.00789190682563755,1.21430643318376E-17));
#1924=CARTESIAN_POINT('',(0.0301873508056488,-0.00853443285780726,0.0127));
#1925=CARTESIAN_POINT('',(0.0301873508056488,-0.00853443285780726,2.25514051876985E-17));
#1926=CARTESIAN_POINT('',(0.0291858220419837,-0.00948885895351112,0.0127));
#1927=CARTESIAN_POINT('',(0.0291858220419837,-0.00948885895351112,1.21430643318376E-17));
#1928=CARTESIAN_POINT('',(0.0282756744022555,-0.0108550507496264,0.0127));
#1929=CARTESIAN_POINT('',(0.0282756744022555,-0.0108550507496264,1.21430643318376E-17));
#1930=CARTESIAN_POINT('',(0.0275651298483486,-0.0124657204705528,0.0127));
#1931=CARTESIAN_POINT('',(0.0275651298483486,-0.0124657204705528,1.56125112837913E-17));
#1932=CARTESIAN_POINT('',(0.0271276310086125,-0.013872154266186,0.0127));
#1933=CARTESIAN_POINT('',(0.0271276310086125,-0.013872154266186,1.56125112837913E-17));
#1934=CARTESIAN_POINT('',(0.0269172678057975,-0.0149325490464358,0.0127));
#1935=CARTESIAN_POINT('',(0.0269172678057975,-0.0149325490464358,1.04083408558608E-17));
#1936=CARTESIAN_POINT('',(0.0268302028577003,-0.0156914865054609,0.0127));
#1937=CARTESIAN_POINT('',(0.0268302028577003,-0.0156914865054609,1.56125112837913E-17));
#1938=CARTESIAN_POINT('',(0.026817137538457,-0.016400388857057,0.0127));
#1939=CARTESIAN_POINT('',(0.026817137538457,-0.016400388857057,1.38777878078145E-17));
#1940=CARTESIAN_POINT('',(0.0268663839977105,-0.0169385040302541,0.0127));
#1941=CARTESIAN_POINT('',(0.0268663839977105,-0.0169385040302541,1.38777878078145E-17));
#1942=CARTESIAN_POINT('',(0.026941833930376,-0.0173409565626691,0.0127));
#1943=CARTESIAN_POINT('',(0.026941833930376,-0.0173409565626691,1.73472347597681E-17));
#1944=CARTESIAN_POINT('',(0.0270232329352223,-0.0176794432152544,0.0127));
#1945=CARTESIAN_POINT('',(0.0270232329352223,-0.0176794432152544,1.04083408558608E-17));
#1946=CARTESIAN_POINT('',(0.0271179677444597,-0.0180261889965346,0.0127));
#1947=CARTESIAN_POINT('',(0.0271179677444597,-0.0180261889965346,1.56125112837913E-17));
#1948=CARTESIAN_POINT('',(0.0272175152718297,-0.0183794109691614,0.0127));
#1949=CARTESIAN_POINT('',(0.0272175152718297,-0.0183794109691614,1.38777878078145E-17));
#1950=CARTESIAN_POINT('',(0.0272983953914279,-0.0186858681153738,0.0127));
#1951=CARTESIAN_POINT('',(0.0272983953914279,-0.0186858681153738,1.56125112837913E-17));
#1952=CARTESIAN_POINT('',(0.0273579308886973,-0.0189709184686837,0.0127));
#1953=CARTESIAN_POINT('',(0.0273579308886973,-0.0189709184686837,1.56125112837913E-17));
#1954=CARTESIAN_POINT('',(0.0273970734509475,-0.0192290082829862,0.0127));
#1955=CARTESIAN_POINT('',(0.0273970734509475,-0.0192290082829862,1.73472347597681E-17));
#1956=CARTESIAN_POINT('',(0.0274162286668503,-0.0195769485958448,0.0127));
#1957=CARTESIAN_POINT('',(0.0274162286668503,-0.0195769485958448,1.21430643318376E-17));
#1958=CARTESIAN_POINT('',(0.0273743370268092,-0.0200338483342738,0.0127));
#1959=CARTESIAN_POINT('',(0.0273743370268092,-0.0200338483342738,1.73472347597681E-17));
#1960=CARTESIAN_POINT('',(0.0271722243052408,-0.0205695666750738,0.0127));
#1961=CARTESIAN_POINT('',(0.0271722243052408,-0.0205695666750738,1.56125112837913E-17));
#1962=CARTESIAN_POINT('',(0.0268616969614822,-0.0210320170040436,0.0127));
#1963=CARTESIAN_POINT('',(0.0268616969614822,-0.0210320170040436,1.73472347597681E-17));
#1964=CARTESIAN_POINT('',(0.0263613705577073,-0.0214424682273024,0.0127));
#1965=CARTESIAN_POINT('',(0.0263613705577073,-0.0214424682273024,1.56125112837913E-17));
#1966=CARTESIAN_POINT('',(0.0257727407000064,-0.0216690721734509,0.0127));
#1967=CARTESIAN_POINT('',(0.0257727407000064,-0.0216690721734509,1.56125112837913E-17));
#1968=CARTESIAN_POINT('',(0.0252797258148054,-0.021716373181652,0.0127));
#1969=CARTESIAN_POINT('',(0.0252797258148054,-0.021716373181652,1.38777878078145E-17));
#1970=CARTESIAN_POINT('',(0.0247982444657478,-0.0216708113175919,0.0127));
#1971=CARTESIAN_POINT('',(0.0247982444657478,-0.0216708113175919,1.73472347597681E-17));
#1972=CARTESIAN_POINT('',(0.0244278721706628,-0.0215513179986459,0.0127));
#1973=CARTESIAN_POINT('',(0.0244278721706628,-0.0215513179986459,1.04083408558608E-17));
#1974=CARTESIAN_POINT('',(0.024137834863952,-0.0214181358465197,0.0127));
#1975=CARTESIAN_POINT('',(0.024137834863952,-0.0214181358465197,1.56125112837913E-17));
#1976=CARTESIAN_POINT('',(0.0238395583913767,-0.0212499767716536,0.0127));
#1977=CARTESIAN_POINT('',(0.0238395583913767,-0.0212499767716536,1.21430643318376E-17));
#1978=CARTESIAN_POINT('',(0.0235342317393847,-0.0210465799001341,0.0127));
#1979=CARTESIAN_POINT('',(0.0235342317393847,-0.0210465799001341,1.56125112837913E-17));
#1980=CARTESIAN_POINT('',(0.0231754186381538,-0.0207869266192013,0.0127));
#1981=CARTESIAN_POINT('',(0.0231754186381538,-0.0207869266192013,1.56125112837913E-17));
#1982=CARTESIAN_POINT('',(0.0228049849298366,-0.0205097578921451,0.0127));
#1983=CARTESIAN_POINT('',(0.0228049849298366,-0.0205097578921451,1.56125112837913E-17));
#1984=CARTESIAN_POINT('',(0.022289166966939,-0.020124899000016,0.0127));
#1985=CARTESIAN_POINT('',(0.022289166966939,-0.020124899000016,1.38777878078145E-17));
#1986=CARTESIAN_POINT('',(0.021614566684142,-0.0196416854931632,0.0127));
#1987=CARTESIAN_POINT('',(0.021614566684142,-0.0196416854931632,1.21430643318376E-17));
#1988=CARTESIAN_POINT('',(0.0208098615550808,-0.0191540631998457,0.0127));
#1989=CARTESIAN_POINT('',(0.0208098615550808,-0.0191540631998457,1.73472347597681E-17));
#1990=CARTESIAN_POINT('',(0.0201886948946089,-0.0188904243209759,0.0127));
#1991=CARTESIAN_POINT('',(0.0201886948946089,-0.0188904243209759,1.56125112837913E-17));
#1992=CARTESIAN_POINT('',(0.0196795390705148,-0.0187933030559776,0.0127));
#1993=CARTESIAN_POINT('',(0.0196795390705148,-0.0187933030559776,1.38777878078145E-17));
#1994=CARTESIAN_POINT('',(0.0194384800176215,-0.018804337910762,0.0127));
#1995=CARTESIAN_POINT('',(0.0194384800176215,-0.018804337910762,1.56125112837913E-17));
#1996=CARTESIAN_POINT('',(0.019354759107206,-0.0188169307445238,0.0127));
#1997=CARTESIAN_POINT('',(0.019354759107206,-0.0188169307445238,1.56125112837913E-17));
#1998=CARTESIAN_POINT('',(0.037525394487947,-0.00328180239904691,0.));
#1999=CARTESIAN_POINT('',(0.0375292077813247,-0.00329344386632758,0.));
#2000=CARTESIAN_POINT('',(0.037542534660105,-0.00333349723873612,0.));
#2001=CARTESIAN_POINT('',(0.0375854679204535,-0.0034790106332512,0.));
#2002=CARTESIAN_POINT('',(0.0376439903108503,-0.00376345019330295,0.));
#2003=CARTESIAN_POINT('',(0.0376529757782698,-0.00416533829175926,0.));
#2004=CARTESIAN_POINT('',(0.0375774798508266,-0.00455005202722651,0.));
#2005=CARTESIAN_POINT('',(0.0374748973647403,-0.00483887694523373,0.));
#2006=CARTESIAN_POINT('',(0.0373367128189465,-0.00509911650329844,0.));
#2007=CARTESIAN_POINT('',(0.0371315261712392,-0.00538421387464231,0.));
#2008=CARTESIAN_POINT('',(0.0368875664964797,-0.00561652168128505,0.));
#2009=CARTESIAN_POINT('',(0.0366790405280574,-0.00576516396573681,0.));
#2010=CARTESIAN_POINT('',(0.0365230372186235,-0.00585796144871887,0.));
#2011=CARTESIAN_POINT('',(0.036397880327095,-0.00592264577647313,0.));
#2012=CARTESIAN_POINT('',(0.0362909780822106,-0.00597242781933512,0.));
#2013=CARTESIAN_POINT('',(0.0361627263920883,-0.00602737748556255,0.));
#2014=CARTESIAN_POINT('',(0.0360169052768044,-0.00608386699686756,0.));
#2015=CARTESIAN_POINT('',(0.0358454130602614,-0.00614508778832493,0.));
#2016=CARTESIAN_POINT('',(0.0356694010514406,-0.00620448991848433,0.));
#2017=CARTESIAN_POINT('',(0.0354850206556765,-0.00626452258044634,0.));
#2018=CARTESIAN_POINT('',(0.035290708488697,-0.00632643988277776,0.));
#2019=CARTESIAN_POINT('',(0.0350178469000338,-0.00641248511830725,0.));
#2020=CARTESIAN_POINT('',(0.0346514128159586,-0.00652776781492423,0.));
#2021=CARTESIAN_POINT('',(0.0341773593107804,-0.00668039549800935,0.));
#2022=CARTESIAN_POINT('',(0.0336782793748951,-0.0068480549892205,0.));
#2023=CARTESIAN_POINT('',(0.0331648623358045,-0.00703088544561231,0.));
#2024=CARTESIAN_POINT('',(0.0326487071558168,-0.00722854518075262,0.));
#2025=CARTESIAN_POINT('',(0.0319735647942508,-0.00751028059090305,0.));
#2026=CARTESIAN_POINT('',(0.0313430930191997,-0.00781689047585444,0.));
#2027=CARTESIAN_POINT('',(0.0308163395711338,-0.00813062440639986,0.));
#2028=CARTESIAN_POINT('',(0.0303272399442144,-0.00846530314458915,0.));
#2029=CARTESIAN_POINT('',(0.0297854868399286,-0.00891743846866359,0.));
#2030=CARTESIAN_POINT('',(0.0292225120723849,-0.00951604323491172,0.));
#2031=CARTESIAN_POINT('',(0.0287310839991038,-0.0101724227940272,0.));
#2032=CARTESIAN_POINT('',(0.0283001669373608,-0.0108866672964743,0.));
#2033=CARTESIAN_POINT('',(0.0279849426152327,-0.0115275199182838,0.));
#2034=CARTESIAN_POINT('',(0.0277558734265117,-0.012063580967808,0.));
#2035=CARTESIAN_POINT('',(0.0275941296280425,-0.0124778069215307,0.));
#2036=CARTESIAN_POINT('',(0.0274439330976333,-0.0128965650032198,0.));
#2037=CARTESIAN_POINT('',(0.0272633814551114,-0.0134508527484751,0.));
#2038=CARTESIAN_POINT('',(0.0270754891077802,-0.014136128225348,0.));
#2039=CARTESIAN_POINT('',(0.0269171428262408,-0.01493283108487,0.));
#2040=CARTESIAN_POINT('',(0.0268302538760555,-0.0156914830876249,0.));
#2041=CARTESIAN_POINT('',(0.02681925768317,-0.0162820142562432,0.));
#2042=CARTESIAN_POINT('',(0.0268467785456277,-0.0167236622205286,0.));
#2043=CARTESIAN_POINT('',(0.0268790635024728,-0.0169877071185896,0.));
#2044=CARTESIAN_POINT('',(0.0269130826203699,-0.0171877363309711,0.));
#2045=CARTESIAN_POINT('',(0.0269556639073651,-0.0173986986909493,0.));
#2046=CARTESIAN_POINT('',(0.0270231495758721,-0.0176789966998224,0.));
#2047=CARTESIAN_POINT('',(0.0271021652114559,-0.0179684098931016,0.));
#2048=CARTESIAN_POINT('',(0.0271677822966503,-0.0182028679377294,0.));
#2049=CARTESIAN_POINT('',(0.0272172087307223,-0.0183810467001523,0.));
#2050=CARTESIAN_POINT('',(0.0272659830275865,-0.0185639376794585,0.));
#2051=CARTESIAN_POINT('',(0.0273132617515035,-0.0187569450644561,0.));
#2052=CARTESIAN_POINT('',(0.0273580612616667,-0.0189710086030945,0.));
#2053=CARTESIAN_POINT('',(0.0273965694733117,-0.019228833384588,0.));
#2054=CARTESIAN_POINT('',(0.0274145234159055,-0.0195194372766206,0.));
#2055=CARTESIAN_POINT('',(0.0273885173652826,-0.0198502616993275,0.));
#2056=CARTESIAN_POINT('',(0.0273244990884448,-0.0201679996059462,0.));
#2057=CARTESIAN_POINT('',(0.0271720396546737,-0.0205695066687576,0.));
#2058=CARTESIAN_POINT('',(0.0268617453217227,-0.0210320353428368,0.));
#2059=CARTESIAN_POINT('',(0.0263613617673123,-0.0214424548784459,0.));
#2060=CARTESIAN_POINT('',(0.0257727275013452,-0.0216691072300841,0.));
#2061=CARTESIAN_POINT('',(0.0252797873998425,-0.0217162463039762,0.));
#2062=CARTESIAN_POINT('',(0.0249183816615247,-0.0216826742376768,0.));
#2063=CARTESIAN_POINT('',(0.0246509665286266,-0.02162125105141,0.));
#2064=CARTESIAN_POINT('',(0.0243790210616254,-0.0215301364209076,0.));
#2065=CARTESIAN_POINT('',(0.0241380839806599,-0.0214178115109937,0.));
#2066=CARTESIAN_POINT('',(0.0239137947355332,-0.0212920304782294,0.));
#2067=CARTESIAN_POINT('',(0.0237185097098209,-0.0211688866071341,0.));
#2068=CARTESIAN_POINT('',(0.0235349157697333,-0.0210445588696767,0.));
#2069=CARTESIAN_POINT('',(0.0233547965287138,-0.0209167802798541,0.));
#2070=CARTESIAN_POINT('',(0.0231136991600761,-0.0207407173657181,0.));
#2071=CARTESIAN_POINT('',(0.0228049529703369,-0.0205097529819772,0.));
#2072=CARTESIAN_POINT('',(0.0224182195357924,-0.020221149740455,0.));
#2073=CARTESIAN_POINT('',(0.0220189665008038,-0.0199314744378155,0.));
#2074=CARTESIAN_POINT('',(0.0216145382252034,-0.019652986933623,0.));
#2075=CARTESIAN_POINT('',(0.0212150959135292,-0.019398924701577,0.));
#2076=CARTESIAN_POINT('',(0.0208346627925628,-0.0191830209702368,0.));
#2077=CARTESIAN_POINT('',(0.0205465777281715,-0.0190449651875375,0.));
#2078=CARTESIAN_POINT('',(0.0203490244603441,-0.0189656981708006,0.));
#2079=CARTESIAN_POINT('',(0.0201588792896934,-0.0189001921667346,0.));
#2080=CARTESIAN_POINT('',(0.0199354146011166,-0.0188424384947033,0.));
#2081=CARTESIAN_POINT('',(0.0196184957361586,-0.0187957168859378,0.));
#2082=CARTESIAN_POINT('',(0.0194384800176214,-0.018804337910762,0.));
#2083=CARTESIAN_POINT('',(0.019354759107206,-0.0188169307445238,0.));
#2084=CARTESIAN_POINT('',(0.019354759107206,-0.0188169307445238,0.));
#2085=CARTESIAN_POINT('',(0.037525394487947,-0.00328180239904691,0.0127));
#2086=CARTESIAN_POINT('',(0.0375292077813247,-0.00329344386632758,0.0127));
#2087=CARTESIAN_POINT('',(0.037542534660105,-0.00333349723873612,0.0127));
#2088=CARTESIAN_POINT('',(0.0375854679204535,-0.0034790106332512,0.0127));
#2089=CARTESIAN_POINT('',(0.0376439903108503,-0.00376345019330295,0.0127));
#2090=CARTESIAN_POINT('',(0.0376529757782698,-0.00416533829175926,0.0127));
#2091=CARTESIAN_POINT('',(0.0375774798508266,-0.00455005202722651,0.0127));
#2092=CARTESIAN_POINT('',(0.0374748973647403,-0.00483887694523373,0.0127));
#2093=CARTESIAN_POINT('',(0.0373367128189465,-0.00509911650329844,0.0127));
#2094=CARTESIAN_POINT('',(0.0371315261712392,-0.00538421387464231,0.0127));
#2095=CARTESIAN_POINT('',(0.0368875664964797,-0.00561652168128505,0.0127));
#2096=CARTESIAN_POINT('',(0.0366790405280574,-0.00576516396573681,0.0127));
#2097=CARTESIAN_POINT('',(0.0365230372186235,-0.00585796144871887,0.0127));
#2098=CARTESIAN_POINT('',(0.036397880327095,-0.00592264577647313,0.0127));
#2099=CARTESIAN_POINT('',(0.0362909780822106,-0.00597242781933512,0.0127));
#2100=CARTESIAN_POINT('',(0.0361627263920883,-0.00602737748556255,0.0127));
#2101=CARTESIAN_POINT('',(0.0360169052768044,-0.00608386699686756,0.0127));
#2102=CARTESIAN_POINT('',(0.0358454130602614,-0.00614508778832493,0.0127));
#2103=CARTESIAN_POINT('',(0.0356694010514406,-0.00620448991848433,0.0127));
#2104=CARTESIAN_POINT('',(0.0354850206556765,-0.00626452258044634,0.0127));
#2105=CARTESIAN_POINT('',(0.035290708488697,-0.00632643988277776,0.0127));
#2106=CARTESIAN_POINT('',(0.0350178469000338,-0.00641248511830725,0.0127));
#2107=CARTESIAN_POINT('',(0.0346514128159586,-0.00652776781492423,0.0127));
#2108=CARTESIAN_POINT('',(0.0341773593107804,-0.00668039549800935,0.0127));
#2109=CARTESIAN_POINT('',(0.0336782793748951,-0.0068480549892205,0.0127));
#2110=CARTESIAN_POINT('',(0.0331648623358045,-0.00703088544561231,0.0127));
#2111=CARTESIAN_POINT('',(0.0326487071558168,-0.00722854518075262,0.0127));
#2112=CARTESIAN_POINT('',(0.0319735647942508,-0.00751028059090305,0.0127));
#2113=CARTESIAN_POINT('',(0.0313430930191997,-0.00781689047585444,0.0127));
#2114=CARTESIAN_POINT('',(0.0308163395711338,-0.00813062440639986,0.0127));
#2115=CARTESIAN_POINT('',(0.0303272399442144,-0.00846530314458915,0.0127));
#2116=CARTESIAN_POINT('',(0.0297854868399286,-0.00891743846866359,0.0127));
#2117=CARTESIAN_POINT('',(0.0292225120723849,-0.00951604323491172,0.0127));
#2118=CARTESIAN_POINT('',(0.0287310839991038,-0.0101724227940272,0.0127));
#2119=CARTESIAN_POINT('',(0.0283001669373608,-0.0108866672964743,0.0127));
#2120=CARTESIAN_POINT('',(0.0279849426152327,-0.0115275199182838,0.0127));
#2121=CARTESIAN_POINT('',(0.0277558734265117,-0.012063580967808,0.0127));
#2122=CARTESIAN_POINT('',(0.0275941296280425,-0.0124778069215307,0.0127));
#2123=CARTESIAN_POINT('',(0.0274439330976333,-0.0128965650032198,0.0127));
#2124=CARTESIAN_POINT('',(0.0272633814551114,-0.0134508527484751,0.0127));
#2125=CARTESIAN_POINT('',(0.0270754891077802,-0.014136128225348,0.0127));
#2126=CARTESIAN_POINT('',(0.0269171428262408,-0.01493283108487,0.0127));
#2127=CARTESIAN_POINT('',(0.0268302538760555,-0.0156914830876249,0.0127));
#2128=CARTESIAN_POINT('',(0.02681925768317,-0.0162820142562432,0.0127));
#2129=CARTESIAN_POINT('',(0.0268467785456277,-0.0167236622205286,0.0127));
#2130=CARTESIAN_POINT('',(0.0268790635024728,-0.0169877071185896,0.0127));
#2131=CARTESIAN_POINT('',(0.0269130826203699,-0.0171877363309711,0.0127));
#2132=CARTESIAN_POINT('',(0.0269556639073651,-0.0173986986909493,0.0127));
#2133=CARTESIAN_POINT('',(0.0270231495758721,-0.0176789966998224,0.0127));
#2134=CARTESIAN_POINT('',(0.0271021652114559,-0.0179684098931016,0.0127));
#2135=CARTESIAN_POINT('',(0.0271677822966503,-0.0182028679377294,0.0127));
#2136=CARTESIAN_POINT('',(0.0272172087307223,-0.0183810467001523,0.0127));
#2137=CARTESIAN_POINT('',(0.0272659830275865,-0.0185639376794585,0.0127));
#2138=CARTESIAN_POINT('',(0.0273132617515035,-0.0187569450644561,0.0127));
#2139=CARTESIAN_POINT('',(0.0273580612616667,-0.0189710086030945,0.0127));
#2140=CARTESIAN_POINT('',(0.0273965694733117,-0.019228833384588,0.0127));
#2141=CARTESIAN_POINT('',(0.0274145234159055,-0.0195194372766206,0.0127));
#2142=CARTESIAN_POINT('',(0.0273885173652826,-0.0198502616993275,0.0127));
#2143=CARTESIAN_POINT('',(0.0273244990884448,-0.0201679996059462,0.0127));
#2144=CARTESIAN_POINT('',(0.0271720396546737,-0.0205695066687576,0.0127));
#2145=CARTESIAN_POINT('',(0.0268617453217227,-0.0210320353428368,0.0127));
#2146=CARTESIAN_POINT('',(0.0263613617673123,-0.0214424548784459,0.0127));
#2147=CARTESIAN_POINT('',(0.0257727275013452,-0.0216691072300841,0.0127));
#2148=CARTESIAN_POINT('',(0.0252797873998425,-0.0217162463039762,0.0127));
#2149=CARTESIAN_POINT('',(0.0249183816615247,-0.0216826742376768,0.0127));
#2150=CARTESIAN_POINT('',(0.0246509665286266,-0.02162125105141,0.0127));
#2151=CARTESIAN_POINT('',(0.0243790210616254,-0.0215301364209076,0.0127));
#2152=CARTESIAN_POINT('',(0.0241380839806599,-0.0214178115109937,0.0127));
#2153=CARTESIAN_POINT('',(0.0239137947355332,-0.0212920304782294,0.0127));
#2154=CARTESIAN_POINT('',(0.0237185097098209,-0.0211688866071341,0.0127));
#2155=CARTESIAN_POINT('',(0.0235349157697333,-0.0210445588696767,0.0127));
#2156=CARTESIAN_POINT('',(0.0233547965287138,-0.0209167802798541,0.0127));
#2157=CARTESIAN_POINT('',(0.0231136991600761,-0.0207407173657181,0.0127));
#2158=CARTESIAN_POINT('',(0.0228049529703369,-0.0205097529819772,0.0127));
#2159=CARTESIAN_POINT('',(0.0224182195357924,-0.020221149740455,0.0127));
#2160=CARTESIAN_POINT('',(0.0220189665008038,-0.0199314744378155,0.0127));
#2161=CARTESIAN_POINT('',(0.0216145382252034,-0.019652986933623,0.0127));
#2162=CARTESIAN_POINT('',(0.0212150959135292,-0.019398924701577,0.0127));
#2163=CARTESIAN_POINT('',(0.0208346627925628,-0.0191830209702368,0.0127));
#2164=CARTESIAN_POINT('',(0.0205465777281715,-0.0190449651875375,0.0127));
#2165=CARTESIAN_POINT('',(0.0203490244603441,-0.0189656981708006,0.0127));
#2166=CARTESIAN_POINT('',(0.0201588792896934,-0.0189001921667346,0.0127));
#2167=CARTESIAN_POINT('',(0.0199354146011166,-0.0188424384947033,0.0127));
#2168=CARTESIAN_POINT('',(0.0196184957361586,-0.0187957168859378,0.0127));
#2169=CARTESIAN_POINT('',(0.0194384800176214,-0.018804337910762,0.0127));
#2170=CARTESIAN_POINT('',(0.019354759107206,-0.0188169307445238,0.0127));
#2171=CARTESIAN_POINT('',(0.019354759107206,-0.0188169307445238,0.0127));
#2172=CARTESIAN_POINT('',(0.019354759107206,-0.0188169307445238,0.0127));
#2173=CARTESIAN_POINT('',(0.019354759107206,-0.0188169307445238,0.0127));
#2174=CARTESIAN_POINT('',(0.019354759107206,-0.0188169307445238,1.73472347597681E-18));
#2175=CARTESIAN_POINT('',(0.0193234257220442,-0.0190688402314335,0.0127));
#2176=CARTESIAN_POINT('',(0.0193234257220442,-0.0190688402314335,3.46944695195361E-18));
#2177=CARTESIAN_POINT('',(0.019316425376746,-0.0197913742537947,0.0127));
#2178=CARTESIAN_POINT('',(0.019316425376746,-0.0197913742537947,-5.20417042793042E-18));
#2179=CARTESIAN_POINT('',(0.0191482740148983,-0.0211544280010489,0.0127));
#2180=CARTESIAN_POINT('',(0.0191482740148983,-0.0211544280010489,6.93889390390723E-18));
#2181=CARTESIAN_POINT('',(0.0188055965042211,-0.0223322034582683,0.0127));
#2182=CARTESIAN_POINT('',(0.0188055965042211,-0.0223322034582683,0.));
#2183=CARTESIAN_POINT('',(0.0180774209669392,-0.0235663049547275,0.0127));
#2184=CARTESIAN_POINT('',(0.0180774209669392,-0.0235663049547275,3.46944695195361E-18));
#2185=CARTESIAN_POINT('',(0.0171124277157669,-0.0245513736231731,0.0127));
#2186=CARTESIAN_POINT('',(0.0171124277157669,-0.0245513736231731,0.));
#2187=CARTESIAN_POINT('',(0.0160044154494907,-0.0253787566882166,0.0127));
#2188=CARTESIAN_POINT('',(0.0160044154494907,-0.0253787566882166,3.46944695195361E-18));
#2189=CARTESIAN_POINT('',(0.0143671847449473,-0.0263056919896512,0.0127));
#2190=CARTESIAN_POINT('',(0.0143671847449473,-0.0263056919896512,3.46944695195361E-18));
#2191=CARTESIAN_POINT('',(0.0125542867259403,-0.0269876407198708,0.0127));
#2192=CARTESIAN_POINT('',(0.0125542867259403,-0.0269876407198708,1.73472347597681E-18));
#2193=CARTESIAN_POINT('',(0.0106792741755266,-0.0273852826385847,0.0127));
#2194=CARTESIAN_POINT('',(0.0106792741755266,-0.0273852826385847,0.));
#2195=CARTESIAN_POINT('',(0.00926586937032871,-0.0275185306841795,0.0127));
#2196=CARTESIAN_POINT('',(0.00926586937032871,-0.0275185306841795,3.46944695195361E-18));
#2197=CARTESIAN_POINT('',(0.00809121023677812,-0.0274623818713551,0.0127));
#2198=CARTESIAN_POINT('',(0.00809121023677812,-0.0274623818713551,0.));
#2199=CARTESIAN_POINT('',(0.00716431642810195,-0.0272870487298679,0.0127));
#2200=CARTESIAN_POINT('',(0.00716431642810195,-0.0272870487298679,3.46944695195361E-18));
#2201=CARTESIAN_POINT('',(0.00622753010693058,-0.0269945509188543,0.0127));
#2202=CARTESIAN_POINT('',(0.00622753010693058,-0.0269945509188543,0.));
#2203=CARTESIAN_POINT('',(0.00526397031616494,-0.0264710389784636,0.0127));
#2204=CARTESIAN_POINT('',(0.00526397031616494,-0.0264710389784636,1.73472347597681E-18));
#2205=CARTESIAN_POINT('',(0.00471799772914404,-0.0260594813466485,0.0127));
#2206=CARTESIAN_POINT('',(0.00471799772914404,-0.0260594813466485,1.73472347597681E-18));
#2207=CARTESIAN_POINT('',(0.00449208954955662,-0.0258851569344337,0.0127));
#2208=CARTESIAN_POINT('',(0.00449208954955662,-0.0258851569344337,1.73472347597681E-18));
#2209=CARTESIAN_POINT('',(0.019354759107206,-0.0188169307445238,0.));
#2210=CARTESIAN_POINT('',(0.0193390924146251,-0.0189428854879787,0.));
#2211=CARTESIAN_POINT('',(0.019313480809693,-0.0193142843059218,0.));
#2212=CARTESIAN_POINT('',(0.0192761425281724,-0.0201309612474373,0.));
#2213=CARTESIAN_POINT('',(0.019170078347415,-0.0209839388523775,0.));
#2214=CARTESIAN_POINT('',(0.0189751705190678,-0.0217437443927696,0.));
#2215=CARTESIAN_POINT('',(0.0187557711001775,-0.022340278496122,0.));
#2216=CARTESIAN_POINT('',(0.0185008169158162,-0.0228439534256806,0.));
#2217=CARTESIAN_POINT('',(0.0182469680016896,-0.0232434122045695,0.));
#2218=CARTESIAN_POINT('',(0.0179712627056984,-0.0236219144796601,0.));
#2219=CARTESIAN_POINT('',(0.0175930658596267,-0.0240577009110914,0.));
#2220=CARTESIAN_POINT('',(0.0169288329634334,-0.0246899352975897,0.));
#2221=CARTESIAN_POINT('',(0.0160040422297101,-0.025378468105326,0.));
#2222=CARTESIAN_POINT('',(0.0147766219057945,-0.0260742573829855,0.));
#2223=CARTESIAN_POINT('',(0.0134605910163789,-0.02664575806288,0.));
#2224=CARTESIAN_POINT('',(0.0120855404869028,-0.0270872938611433,0.));
#2225=CARTESIAN_POINT('',(0.0106793913003271,-0.0273852202840898,0.));
#2226=CARTESIAN_POINT('',(0.00950106019385419,-0.0274963179144861,0.));
#2227=CARTESIAN_POINT('',(0.00856172842445164,-0.0274848624391535,0.));
#2228=CARTESIAN_POINT('',(0.00785995229419832,-0.0274188819273816,0.));
#2229=CARTESIAN_POINT('',(0.00727815859527531,-0.0273078922559017,0.));
#2230=CARTESIAN_POINT('',(0.00681656366178438,-0.0271792269924316,0.));
#2231=CARTESIAN_POINT('',(0.00635672681467893,-0.0270197153125461,0.));
#2232=CARTESIAN_POINT('',(0.00583996377801623,-0.0267836681224188,0.));
#2233=CARTESIAN_POINT('',(0.00530644617023013,-0.0264727407673578,0.));
#2234=CARTESIAN_POINT('',(0.00485538630644021,-0.0261624805596777,0.));
#2235=CARTESIAN_POINT('',(0.00460504363935032,-0.0259723191405411,0.));
#2236=CARTESIAN_POINT('',(0.00449208954955662,-0.0258851569344337,0.));
#2237=CARTESIAN_POINT('',(0.019354759107206,-0.0188169307445238,0.0127));
#2238=CARTESIAN_POINT('',(0.0193390924146251,-0.0189428854879787,0.0127));
#2239=CARTESIAN_POINT('',(0.019313480809693,-0.0193142843059218,0.0127));
#2240=CARTESIAN_POINT('',(0.0192761425281724,-0.0201309612474373,0.0127));
#2241=CARTESIAN_POINT('',(0.019170078347415,-0.0209839388523775,0.0127));
#2242=CARTESIAN_POINT('',(0.0189751705190678,-0.0217437443927696,0.0127));
#2243=CARTESIAN_POINT('',(0.0187557711001775,-0.022340278496122,0.0127));
#2244=CARTESIAN_POINT('',(0.0185008169158162,-0.0228439534256806,0.0127));
#2245=CARTESIAN_POINT('',(0.0182469680016896,-0.0232434122045695,0.0127));
#2246=CARTESIAN_POINT('',(0.0179712627056984,-0.0236219144796601,0.0127));
#2247=CARTESIAN_POINT('',(0.0175930658596267,-0.0240577009110914,0.0127));
#2248=CARTESIAN_POINT('',(0.0169288329634334,-0.0246899352975897,0.0127));
#2249=CARTESIAN_POINT('',(0.0160040422297101,-0.025378468105326,0.0127));
#2250=CARTESIAN_POINT('',(0.0147766219057945,-0.0260742573829855,0.0127));
#2251=CARTESIAN_POINT('',(0.0134605910163789,-0.02664575806288,0.0127));
#2252=CARTESIAN_POINT('',(0.0120855404869028,-0.0270872938611433,0.0127));
#2253=CARTESIAN_POINT('',(0.0106793913003271,-0.0273852202840898,0.0127));
#2254=CARTESIAN_POINT('',(0.00950106019385419,-0.0274963179144861,0.0127));
#2255=CARTESIAN_POINT('',(0.00856172842445164,-0.0274848624391535,0.0127));
#2256=CARTESIAN_POINT('',(0.00785995229419832,-0.0274188819273816,0.0127));
#2257=CARTESIAN_POINT('',(0.00727815859527531,-0.0273078922559017,0.0127));
#2258=CARTESIAN_POINT('',(0.00681656366178438,-0.0271792269924316,0.0127));
#2259=CARTESIAN_POINT('',(0.00635672681467893,-0.0270197153125461,0.0127));
#2260=CARTESIAN_POINT('',(0.00583996377801623,-0.0267836681224188,0.0127));
#2261=CARTESIAN_POINT('',(0.00530644617023013,-0.0264727407673578,0.0127));
#2262=CARTESIAN_POINT('',(0.00485538630644021,-0.0261624805596777,0.0127));
#2263=CARTESIAN_POINT('',(0.00460504363935032,-0.0259723191405411,0.0127));
#2264=CARTESIAN_POINT('',(0.00449208954955662,-0.0258851569344337,0.0127));
#2265=CARTESIAN_POINT('',(-0.0497994036311755,-0.0200621833814613,0.0147));
#2266=CARTESIAN_POINT('',(-0.0497994036311755,-0.0200621833814613,3.46944695195361E-18));
#2267=CARTESIAN_POINT('',(-0.0502299069062096,-0.0192248694757202,0.0147));
#2268=CARTESIAN_POINT('',(-0.0502299069062096,-0.0192248694757202,3.46944695195361E-18));
#2269=CARTESIAN_POINT('',(-0.0397508444464338,-0.0103121926000555,0.0147));
#2270=CARTESIAN_POINT('',(-0.0397508444464338,-0.0103121926000555,3.46944695195361E-18));
#2271=CARTESIAN_POINT('',(-0.0240781876588014,-0.00181216525346018,0.0147));
#2272=CARTESIAN_POINT('',(-0.0240781876588014,-0.00181216525346018,3.46944695195361E-18));
#2273=CARTESIAN_POINT('',(-0.00142650302815345,-0.00545521426462272,0.0147));
#2274=CARTESIAN_POINT('',(-0.00142650302815345,-0.00545521426462272,3.46944695195361E-18));
#2275=CARTESIAN_POINT('',(-0.00551451441273514,-0.00308094045394267,0.0147));
#2276=CARTESIAN_POINT('',(-0.00551451441273514,-0.00308094045394267,3.46944695195361E-18));
#2277=CARTESIAN_POINT('',(-0.0125242359917348,0.00689005906356937,0.0147));
#2278=CARTESIAN_POINT('',(-0.0125242359917348,0.00689005906356937,3.46944695195361E-18));
#2279=CARTESIAN_POINT('',(-0.00290401609059403,0.00128659739873198,0.0147));
#2280=CARTESIAN_POINT('',(-0.00290401609059403,0.00128659739873198,3.46944695195361E-18));
#2281=CARTESIAN_POINT('',(-0.00202218131369147,0.00159118866076189,0.0147));
#2282=CARTESIAN_POINT('',(-0.00202218131369147,0.00159118866076189,3.46944695195361E-18));
#2283=CARTESIAN_POINT('',(0.00333925164606443,0.00326428606848185,0.0147));
#2284=CARTESIAN_POINT('',(0.00333925164606443,0.00326428606848185,3.46944695195361E-18));
#2285=CARTESIAN_POINT('',(0.00367552542475934,0.0166132531140524,0.0147));
#2286=CARTESIAN_POINT('',(0.00367552542475934,0.0166132531140524,3.46944695195361E-18));
#2287=CARTESIAN_POINT('',(0.00883900170221323,-0.00320502185295309,0.0147));
#2288=CARTESIAN_POINT('',(0.00883900170221323,-0.00320502185295309,3.46944695195361E-18));
#2289=CARTESIAN_POINT('',(0.00734317633777272,0.00397961958896078,0.0147));
#2290=CARTESIAN_POINT('',(0.00734317633777272,0.00397961958896078,3.46944695195361E-18));
#2291=CARTESIAN_POINT('',(0.0173143343475072,0.0135228864865148,0.0147));
#2292=CARTESIAN_POINT('',(0.0173143343475072,0.0135228864865148,3.46944695195361E-18));
#2293=CARTESIAN_POINT('',(0.0262727096008828,0.020331711244953,0.0147));
#2294=CARTESIAN_POINT('',(0.0262727096008828,0.020331711244953,3.46944695195361E-18));
#2295=CARTESIAN_POINT('',(0.0432764343002384,0.0250338540588043,0.0147));
#2296=CARTESIAN_POINT('',(0.0432764343002384,0.0250338540588043,3.46944695195361E-18));
#2297=CARTESIAN_POINT('',(0.0525820928705711,0.0261021677191775,0.0147));
#2298=CARTESIAN_POINT('',(0.0525820928705711,0.0261021677191775,3.46944695195361E-18));
#2299=CARTESIAN_POINT('',(0.0447747432795629,0.0224161514249646,0.0147));
#2300=CARTESIAN_POINT('',(0.0447747432795629,0.0224161514249646,3.46944695195361E-18));
#2301=CARTESIAN_POINT('',(0.044286837677336,0.0139063350510272,0.0147));
#2302=CARTESIAN_POINT('',(0.044286837677336,0.0139063350510272,3.46944695195361E-18));
#2303=CARTESIAN_POINT('',(0.045443718554553,0.0100774855273532,0.0147));
#2304=CARTESIAN_POINT('',(0.045443718554553,0.0100774855273532,3.46944695195361E-18));
#2305=CARTESIAN_POINT('',(0.0405630432854201,0.0110014832308703,0.0147));
#2306=CARTESIAN_POINT('',(0.0405630432854201,0.0110014832308703,3.46944695195361E-18));
#2307=CARTESIAN_POINT('',(0.0343839415907837,0.00502598957210408,0.0147));
#2308=CARTESIAN_POINT('',(0.0343839415907837,0.00502598957210408,3.46944695195361E-18));
#2309=CARTESIAN_POINT('',(0.0354340991428937,-0.00375834966317399,0.0147));
#2310=CARTESIAN_POINT('',(0.0354340991428937,-0.00375834966317399,3.46944695195361E-18));
#2311=CARTESIAN_POINT('',(0.0357914921447887,-0.00419286234830362,0.0147));
#2312=CARTESIAN_POINT('',(0.0357914921447887,-0.00419286234830362,3.46944695195361E-18));
#2313=CARTESIAN_POINT('',(0.028848441449396,-0.00570835657524669,0.0147));
#2314=CARTESIAN_POINT('',(0.028848441449396,-0.00570835657524669,3.46944695195361E-18));
#2315=CARTESIAN_POINT('',(0.0253841046952242,-0.0114746199043264,0.0147));
#2316=CARTESIAN_POINT('',(0.0253841046952242,-0.0114746199043264,3.46944695195361E-18));
#2317=CARTESIAN_POINT('',(0.0243585142291055,-0.0169640324462921,0.0147));
#2318=CARTESIAN_POINT('',(0.0243585142291055,-0.0169640324462921,3.46944695195361E-18));
#2319=CARTESIAN_POINT('',(0.0262326927640532,-0.0210894118499929,0.0147));
#2320=CARTESIAN_POINT('',(0.0262326927640532,-0.0210894118499929,3.46944695195361E-18));
#2321=CARTESIAN_POINT('',(0.0212955941359261,-0.0161347662495668,0.0147));
#2322=CARTESIAN_POINT('',(0.0212955941359261,-0.0161347662495668,3.46944695195361E-18));
#2323=CARTESIAN_POINT('',(0.0164738870093483,-0.0171065166356016,0.0147));
#2324=CARTESIAN_POINT('',(0.0164738870093483,-0.0171065166356016,3.46944695195361E-18));
#2325=CARTESIAN_POINT('',(0.0185090437677407,-0.0231263301920357,0.0147));
#2326=CARTESIAN_POINT('',(0.0185090437677407,-0.0231263301920357,3.46944695195361E-18));
#2327=CARTESIAN_POINT('',(0.0068618625810813,-0.0272771420186797,0.0147));
#2328=CARTESIAN_POINT('',(0.0068618625810813,-0.0272771420186797,3.46944695195361E-18));
#2329=CARTESIAN_POINT('',(0.00361311582015152,-0.020429733447462,0.0147));
#2330=CARTESIAN_POINT('',(0.00361311582015152,-0.020429733447462,3.46944695195361E-18));
#2331=CARTESIAN_POINT('',(-0.000783555581865715,-0.0337021869530049,0.0147));
#2332=CARTESIAN_POINT('',(-0.000783555581865715,-0.0337021869530049,3.46944695195361E-18));
#2333=CARTESIAN_POINT('',(0.000973743048658389,-0.0283627236644173,0.0147));
#2334=CARTESIAN_POINT('',(0.000973743048658389,-0.0283627236644173,3.46944695195361E-18));
#2335=CARTESIAN_POINT('',(-0.00748613876309463,-0.0241713723922974,0.0147));
#2336=CARTESIAN_POINT('',(-0.00748613876309463,-0.0241713723922974,3.46944695195361E-18));
#2337=CARTESIAN_POINT('',(-0.0156081325387253,-0.0260958053490936,0.0147));
#2338=CARTESIAN_POINT('',(-0.0156081325387253,-0.0260958053490936,3.46944695195361E-18));
#2339=CARTESIAN_POINT('',(-0.0182306934562393,-0.0307081431960184,0.0147));
#2340=CARTESIAN_POINT('',(-0.0182306934562393,-0.0307081431960184,3.46944695195361E-18));
#2341=CARTESIAN_POINT('',(-0.0196485954364309,-0.0243744051255507,0.0147));
#2342=CARTESIAN_POINT('',(-0.0196485954364309,-0.0243744051255507,3.46944695195361E-18));
#2343=CARTESIAN_POINT('',(-0.0264291711418518,-0.0224546650554685,0.0147));
#2344=CARTESIAN_POINT('',(-0.0264291711418518,-0.0224546650554685,3.46944695195361E-18));
#2345=CARTESIAN_POINT('',(-0.0331335038178167,-0.0226286745425723,0.0147));
#2346=CARTESIAN_POINT('',(-0.0331335038178167,-0.0226286745425723,3.46944695195361E-18));
#2347=CARTESIAN_POINT('',(-0.0362808403128691,-0.0267302523997419,0.0147));
#2348=CARTESIAN_POINT('',(-0.0362808403128691,-0.0267302523997419,3.46944695195361E-18));
#2349=CARTESIAN_POINT('',(-0.0372818722018794,-0.0215783981633266,0.0147));
#2350=CARTESIAN_POINT('',(-0.0372818722018794,-0.0215783981633266,3.46944695195361E-18));
#2351=CARTESIAN_POINT('',(-0.0440589122645027,-0.0189814278080138,0.0147));
#2352=CARTESIAN_POINT('',(-0.0440589122645027,-0.0189814278080138,3.46944695195361E-18));
#2353=CARTESIAN_POINT('',(-0.0495093423189702,-0.0206263425512326,0.0147));
#2354=CARTESIAN_POINT('',(-0.0495093423189702,-0.0206263425512326,3.46944695195361E-18));
#2355=CARTESIAN_POINT('',(-0.0497994036311755,-0.0200621833814613,0.0147));
#2356=CARTESIAN_POINT('',(-0.0497994036311755,-0.0200621833814613,3.46944695195361E-18));
#2357=CARTESIAN_POINT('',(-0.0497994036311755,-0.0200621833814613,0.));
#2358=CARTESIAN_POINT('',(-0.0502299069062096,-0.0192248694757202,0.));
#2359=CARTESIAN_POINT('',(-0.0397508444464338,-0.0103121926000555,0.));
#2360=CARTESIAN_POINT('',(-0.0240781876588014,-0.00181216525346018,0.));
#2361=CARTESIAN_POINT('',(-0.00142650302815345,-0.00545521426462272,0.));
#2362=CARTESIAN_POINT('',(-0.00551451441273514,-0.00308094045394267,0.));
#2363=CARTESIAN_POINT('',(-0.0125242359917348,0.00689005906356937,0.));
#2364=CARTESIAN_POINT('',(-0.00290401609059403,0.00128659739873198,0.));
#2365=CARTESIAN_POINT('',(-0.00202218131369147,0.00159118866076189,0.));
#2366=CARTESIAN_POINT('',(0.00333925164606443,0.00326428606848185,0.));
#2367=CARTESIAN_POINT('',(0.00367552542475934,0.0166132531140524,0.));
#2368=CARTESIAN_POINT('',(0.00883900170221323,-0.00320502185295309,0.));
#2369=CARTESIAN_POINT('',(0.00734317633777272,0.00397961958896078,0.));
#2370=CARTESIAN_POINT('',(0.0173143343475072,0.0135228864865148,0.));
#2371=CARTESIAN_POINT('',(0.0262727096008828,0.020331711244953,0.));
#2372=CARTESIAN_POINT('',(0.0432764343002384,0.0250338540588043,0.));
#2373=CARTESIAN_POINT('',(0.0525820928705711,0.0261021677191775,0.));
#2374=CARTESIAN_POINT('',(0.0447747432795629,0.0224161514249646,0.));
#2375=CARTESIAN_POINT('',(0.044286837677336,0.0139063350510272,0.));
#2376=CARTESIAN_POINT('',(0.045443718554553,0.0100774855273532,0.));
#2377=CARTESIAN_POINT('',(0.0405630432854201,0.0110014832308703,0.));
#2378=CARTESIAN_POINT('',(0.0343839415907837,0.00502598957210408,0.));
#2379=CARTESIAN_POINT('',(0.0354340991428937,-0.00375834966317399,0.));
#2380=CARTESIAN_POINT('',(0.0357914921447887,-0.00419286234830362,0.));
#2381=CARTESIAN_POINT('',(0.028848441449396,-0.00570835657524669,0.));
#2382=CARTESIAN_POINT('',(0.0253841046952242,-0.0114746199043264,0.));
#2383=CARTESIAN_POINT('',(0.0243585142291055,-0.0169640324462921,0.));
#2384=CARTESIAN_POINT('',(0.0262326927640532,-0.0210894118499929,0.));
#2385=CARTESIAN_POINT('',(0.0212955941359261,-0.0161347662495668,0.));
#2386=CARTESIAN_POINT('',(0.0164738870093483,-0.0171065166356016,0.));
#2387=CARTESIAN_POINT('',(0.0185090437677407,-0.0231263301920357,0.));
#2388=CARTESIAN_POINT('',(0.0068618625810813,-0.0272771420186797,0.));
#2389=CARTESIAN_POINT('',(0.00361311582015152,-0.020429733447462,0.));
#2390=CARTESIAN_POINT('',(-0.000783555581865715,-0.0337021869530049,0.));
#2391=CARTESIAN_POINT('',(0.000973743048658389,-0.0283627236644173,0.));
#2392=CARTESIAN_POINT('',(-0.00748613876309463,-0.0241713723922974,0.));
#2393=CARTESIAN_POINT('',(-0.0156081325387253,-0.0260958053490936,0.));
#2394=CARTESIAN_POINT('',(-0.0182306934562393,-0.0307081431960184,0.));
#2395=CARTESIAN_POINT('',(-0.0196485954364309,-0.0243744051255507,0.));
#2396=CARTESIAN_POINT('',(-0.0264291711418518,-0.0224546650554685,0.));
#2397=CARTESIAN_POINT('',(-0.0331335038178167,-0.0226286745425723,0.));
#2398=CARTESIAN_POINT('',(-0.0362808403128691,-0.0267302523997419,0.));
#2399=CARTESIAN_POINT('',(-0.0372818722018794,-0.0215783981633266,0.));
#2400=CARTESIAN_POINT('',(-0.0440589122645027,-0.0189814278080138,0.));
#2401=CARTESIAN_POINT('',(-0.0495093423189702,-0.0206263425512326,0.));
#2402=CARTESIAN_POINT('',(-0.0497994036311755,-0.0200621833814613,0.));
#2403=CARTESIAN_POINT('',(-0.0497994036311755,-0.0200621833814613,0.));
#2404=CARTESIAN_POINT('',(-0.0497994036311755,-0.0200621833814613,0.0147));
#2405=CARTESIAN_POINT('',(-0.0502299069062096,-0.0192248694757202,0.0147));
#2406=CARTESIAN_POINT('',(-0.0397508444464338,-0.0103121926000555,0.0147));
#2407=CARTESIAN_POINT('',(-0.0240781876588014,-0.00181216525346018,0.0147));
#2408=CARTESIAN_POINT('',(-0.00142650302815345,-0.00545521426462272,0.0147));
#2409=CARTESIAN_POINT('',(-0.00551451441273514,-0.00308094045394267,0.0147));
#2410=CARTESIAN_POINT('',(-0.0125242359917348,0.00689005906356937,0.0147));
#2411=CARTESIAN_POINT('',(-0.00290401609059403,0.00128659739873198,0.0147));
#2412=CARTESIAN_POINT('',(-0.00202218131369147,0.00159118866076189,0.0147));
#2413=CARTESIAN_POINT('',(0.00333925164606443,0.00326428606848185,0.0147));
#2414=CARTESIAN_POINT('',(0.00367552542475934,0.0166132531140524,0.0147));
#2415=CARTESIAN_POINT('',(0.00883900170221323,-0.00320502185295309,0.0147));
#2416=CARTESIAN_POINT('',(0.00734317633777272,0.00397961958896078,0.0147));
#2417=CARTESIAN_POINT('',(0.0173143343475072,0.0135228864865148,0.0147));
#2418=CARTESIAN_POINT('',(0.0262727096008828,0.020331711244953,0.0147));
#2419=CARTESIAN_POINT('',(0.0432764343002384,0.0250338540588043,0.0147));
#2420=CARTESIAN_POINT('',(0.0525820928705711,0.0261021677191775,0.0147));
#2421=CARTESIAN_POINT('',(0.0447747432795629,0.0224161514249646,0.0147));
#2422=CARTESIAN_POINT('',(0.044286837677336,0.0139063350510272,0.0147));
#2423=CARTESIAN_POINT('',(0.045443718554553,0.0100774855273532,0.0147));
#2424=CARTESIAN_POINT('',(0.0405630432854201,0.0110014832308703,0.0147));
#2425=CARTESIAN_POINT('',(0.0343839415907837,0.00502598957210408,0.0147));
#2426=CARTESIAN_POINT('',(0.0354340991428937,-0.00375834966317399,0.0147));
#2427=CARTESIAN_POINT('',(0.0357914921447887,-0.00419286234830362,0.0147));
#2428=CARTESIAN_POINT('',(0.028848441449396,-0.00570835657524669,0.0147));
#2429=CARTESIAN_POINT('',(0.0253841046952242,-0.0114746199043264,0.0147));
#2430=CARTESIAN_POINT('',(0.0243585142291055,-0.0169640324462921,0.0147));
#2431=CARTESIAN_POINT('',(0.0262326927640532,-0.0210894118499929,0.0147));
#2432=CARTESIAN_POINT('',(0.0212955941359261,-0.0161347662495668,0.0147));
#2433=CARTESIAN_POINT('',(0.0164738870093483,-0.0171065166356016,0.0147));
#2434=CARTESIAN_POINT('',(0.0185090437677407,-0.0231263301920357,0.0147));
#2435=CARTESIAN_POINT('',(0.0068618625810813,-0.0272771420186797,0.0147));
#2436=CARTESIAN_POINT('',(0.00361311582015152,-0.020429733447462,0.0147));
#2437=CARTESIAN_POINT('',(-0.000783555581865715,-0.0337021869530049,0.0147));
#2438=CARTESIAN_POINT('',(0.000973743048658389,-0.0283627236644173,0.0147));
#2439=CARTESIAN_POINT('',(-0.00748613876309463,-0.0241713723922974,0.0147));
#2440=CARTESIAN_POINT('',(-0.0156081325387253,-0.0260958053490936,0.0147));
#2441=CARTESIAN_POINT('',(-0.0182306934562393,-0.0307081431960184,0.0147));
#2442=CARTESIAN_POINT('',(-0.0196485954364309,-0.0243744051255507,0.0147));
#2443=CARTESIAN_POINT('',(-0.0264291711418518,-0.0224546650554685,0.0147));
#2444=CARTESIAN_POINT('',(-0.0331335038178167,-0.0226286745425723,0.0147));
#2445=CARTESIAN_POINT('',(-0.0362808403128691,-0.0267302523997419,0.0147));
#2446=CARTESIAN_POINT('',(-0.0372818722018794,-0.0215783981633266,0.0147));
#2447=CARTESIAN_POINT('',(-0.0440589122645027,-0.0189814278080138,0.0147));
#2448=CARTESIAN_POINT('',(-0.0495093423189702,-0.0206263425512326,0.0147));
#2449=CARTESIAN_POINT('',(-0.0497994036311755,-0.0200621833814613,0.0147));
#2450=CARTESIAN_POINT('',(-0.0497994036311755,-0.0200621833814613,0.0147));
#2451=CARTESIAN_POINT('',(-0.0326169519710129,-0.0256669630645729,0.));
#2452=CARTESIAN_POINT('',(-0.0487729938007347,-0.0116345135521836,0.0127));
#2453=CARTESIAN_POINT('',(0.031830094237928,-0.0162760252400938,0.0127));
#2454=CARTESIAN_POINT('',(0.0318322600214347,-0.0162870615180488,0.0127));
#2455=CARTESIAN_POINT('',(0.0318448204297728,-0.0163459494375143,0.0127));
#2456=CARTESIAN_POINT('',(0.0318805183247913,-0.0164850082018117,0.0127));
#2457=CARTESIAN_POINT('',(0.031917951569095,-0.016623177570126,0.0127));
#2458=CARTESIAN_POINT('',(0.0319649794028031,-0.0167918415733719,0.0127));
#2459=CARTESIAN_POINT('',(0.0320228696230162,-0.0169991179098953,0.0127));
#2460=CARTESIAN_POINT('',(0.0320810661694471,-0.0172138095134555,0.0127));
#2461=CARTESIAN_POINT('',(0.0321337765918148,-0.0174202358986812,0.0127));
#2462=CARTESIAN_POINT('',(0.0321701995443373,-0.0175714647650928,0.0127));
#2463=CARTESIAN_POINT('',(0.0321996953256528,-0.0177014027151322,0.0127));
#2464=CARTESIAN_POINT('',(0.0322237842427645,-0.0178125845381349,0.0127));
#2465=CARTESIAN_POINT('',(0.0322487753386783,-0.0179352549745254,0.0127));
#2466=CARTESIAN_POINT('',(0.0322737380283393,-0.0180672508065475,0.0127));
#2467=CARTESIAN_POINT('',(0.0322983813840871,-0.0182088768550044,0.0127));
#2468=CARTESIAN_POINT('',(0.0323240441324821,-0.0183736540742046,0.0127));
#2469=CARTESIAN_POINT('',(0.0323440353904851,-0.0185225169758035,0.0127));
#2470=CARTESIAN_POINT('',(0.0323586832496709,-0.0186476291209864,0.0127));
#2471=CARTESIAN_POINT('',(0.0323686616084373,-0.0187419729099917,0.0127));
#2472=CARTESIAN_POINT('',(0.0323783604686282,-0.0188443746265931,0.0127));
#2473=CARTESIAN_POINT('',(0.0323914165944757,-0.0190062788063912,0.0127));
#2474=CARTESIAN_POINT('',(0.0324045336095949,-0.0192411873711025,0.0127));
#2475=CARTESIAN_POINT('',(0.0324084165463698,-0.0195038191687706,0.0127));
#2476=CARTESIAN_POINT('',(0.0324042750007445,-0.0197237227436287,0.0127));
#2477=CARTESIAN_POINT('',(0.032397745998467,-0.0198886600836063,0.0127));
#2478=CARTESIAN_POINT('',(0.0323858019263251,-0.0200799263238277,0.0127));
#2479=CARTESIAN_POINT('',(0.03236681800776,-0.0202901607735894,0.0127));
#2480=CARTESIAN_POINT('',(0.0323397884007912,-0.0205138426415702,0.0127));
#2481=CARTESIAN_POINT('',(0.0322922730020198,-0.020827207318766,0.0127));
#2482=CARTESIAN_POINT('',(0.0322159398981229,-0.0212015371349941,0.0127));
#2483=CARTESIAN_POINT('',(0.0321213270423509,-0.0215472253787768,0.0127));
#2484=CARTESIAN_POINT('',(0.0320583720689367,-0.0217512240292364,0.0127));
#2485=CARTESIAN_POINT('',(0.0319495925518008,-0.0220773681947,0.0127));
#2486=CARTESIAN_POINT('',(0.0317319014182812,-0.0226208316862035,0.0127));
#2487=CARTESIAN_POINT('',(0.0313864120069889,-0.0232581823727012,0.0127));
#2488=CARTESIAN_POINT('',(0.0310269418530579,-0.0237882975985652,0.0127));
#2489=CARTESIAN_POINT('',(0.0307110134430655,-0.0241913213972494,0.0127));
#2490=CARTESIAN_POINT('',(0.030337980631486,-0.0245984444132606,0.0127));
#2491=CARTESIAN_POINT('',(0.0299432550629262,-0.0249669682667029,0.0127));
#2492=CARTESIAN_POINT('',(0.0295156954662273,-0.0253104034997889,0.0127));
#2493=CARTESIAN_POINT('',(0.029126174679307,-0.025576923483255,0.0127));
#2494=CARTESIAN_POINT('',(0.0287824914961334,-0.0257811388366848,0.0127));
#2495=CARTESIAN_POINT('',(0.0284429462905547,-0.0259635803532492,0.0127));
#2496=CARTESIAN_POINT('',(0.028028565951008,-0.0261548785780983,0.0127));
#2497=CARTESIAN_POINT('',(0.0275421908236186,-0.0263375877853051,0.0127));
#2498=CARTESIAN_POINT('',(0.0270540925849449,-0.0264827421482884,0.0127));
#2499=CARTESIAN_POINT('',(0.0265648032136006,-0.0265905035473567,0.0127));
#2500=CARTESIAN_POINT('',(0.0261085797585852,-0.0266583931801092,0.0127));
#2501=CARTESIAN_POINT('',(0.0257577778603896,-0.0266885464956845,0.0127));
#2502=CARTESIAN_POINT('',(0.0254989487244279,-0.0267001360427856,0.0127));
#2503=CARTESIAN_POINT('',(0.0252583599056328,-0.0267047764665103,0.0127));
#2504=CARTESIAN_POINT('',(0.0249662777824452,-0.0266996200633484,0.0127));
#2505=CARTESIAN_POINT('',(0.0246364224043819,-0.0266780055580612,0.0127));
#2506=CARTESIAN_POINT('',(0.0243346326211099,-0.0266444929315604,0.0127));
#2507=CARTESIAN_POINT('',(0.0240777018623215,-0.0266059968096213,0.0127));
#2508=CARTESIAN_POINT('',(0.0238315156970381,-0.026560664690579,0.0127));
#2509=CARTESIAN_POINT('',(0.0236013033225065,-0.0265101400349842,0.0127));
#2510=CARTESIAN_POINT('',(0.0233923681123832,-0.0264573860869291,0.0127));
#2511=CARTESIAN_POINT('',(0.023148573787028,-0.0263889123714161,0.0127));
#2512=CARTESIAN_POINT('',(0.0229198107839831,-0.0263150213477324,0.0127));
#2513=CARTESIAN_POINT('',(0.0227288749385556,-0.0262465836470104,0.0127));
#2514=CARTESIAN_POINT('',(0.0225563060482877,-0.0261813092821892,0.0127));
#2515=CARTESIAN_POINT('',(0.0224294644692953,-0.0261293993254251,0.0127));
#2516=CARTESIAN_POINT('',(0.0223496013013784,-0.0260951341333272,0.0127));
#2517=CARTESIAN_POINT('',(0.0318300942379279,-0.0162760252400932,0.0127));
#2518=CARTESIAN_POINT('',(0.0223496013013782,-0.026095134133327,0.0127));
#2519=CARTESIAN_POINT('',(0.0223496013013786,-0.0260951341333265,0.0127));
#2520=CARTESIAN_POINT('',(0.0220893556345567,-0.026473641359433,0.0127));
#2521=CARTESIAN_POINT('',(0.0215528766777303,-0.0271516656081816,0.0127));
#2522=CARTESIAN_POINT('',(0.0207151451232393,-0.0280083449263915,0.0127));
#2523=CARTESIAN_POINT('',(0.0198653055452836,-0.0287362414146984,0.0127));
#2524=CARTESIAN_POINT('',(0.0189953176515471,-0.0293727234548305,0.0127));
#2525=CARTESIAN_POINT('',(0.0181211775067249,-0.029926342349086,0.0127));
#2526=CARTESIAN_POINT('',(0.0169304740359028,-0.0305837020240413,0.0127));
#2527=CARTESIAN_POINT('',(0.015408412846318,-0.031264713697946,0.0127));
#2528=CARTESIAN_POINT('',(0.0135098100940416,-0.0318925507684652,0.0127));
#2529=CARTESIAN_POINT('',(0.011527734853808,-0.0323263529302055,0.0127));
#2530=CARTESIAN_POINT('',(0.00977357822070624,-0.0325008561303967,0.0127));
#2531=CARTESIAN_POINT('',(0.00828224938200524,-0.032483654798649,0.0127));
#2532=CARTESIAN_POINT('',(0.00749529113768828,-0.0324080627037147,0.0127));
#2533=CARTESIAN_POINT('',(0.00709147999497082,-0.0323484383886668,0.0127));
#2534=CARTESIAN_POINT('',(0.00709147999497082,-0.0323484383886668,0.0127));
#2535=CARTESIAN_POINT('',(0.00709147999497098,-0.0323484383886667,0.0127));
#2536=CARTESIAN_POINT('',(0.00705755581211025,-0.0324418392007482,0.0127));
#2537=CARTESIAN_POINT('',(0.00700910779498014,-0.0325764524298533,0.0127));
#2538=CARTESIAN_POINT('',(0.00694988315386921,-0.0327429506119557,0.0127));
#2539=CARTESIAN_POINT('',(0.00690826906475912,-0.0328608417475421,0.0127));
#2540=CARTESIAN_POINT('',(0.00686957379505933,-0.0329712706031412,0.0127));
#2541=CARTESIAN_POINT('',(0.00683390492573357,-0.0330737755325134,0.0127));
#2542=CARTESIAN_POINT('',(0.00680136200847567,-0.0331679175096447,0.0127));
#2543=CARTESIAN_POINT('',(0.00677203106159335,-0.0332532967411403,0.0127));
#2544=CARTESIAN_POINT('',(0.00675032275839541,-0.0333168525731104,0.0127));
#2545=CARTESIAN_POINT('',(0.00673460840521641,-0.0333630340346101,0.0127));
#2546=CARTESIAN_POINT('',(0.00672364654114014,-0.0333953273934125,0.0127));
#2547=CARTESIAN_POINT('',(0.00671349883247586,-0.0334252892756313,0.0127));
#2548=CARTESIAN_POINT('',(0.00670414647504586,-0.0334529580951604,0.0127));
#2549=CARTESIAN_POINT('',(0.00669555419719586,-0.0334784214551443,0.0127));
#2550=CARTESIAN_POINT('',(0.00668766108773583,-0.0335018434130629,0.0127));
#2551=CARTESIAN_POINT('',(0.00668157921306585,-0.033519904661121,0.0127));
#2552=CARTESIAN_POINT('',(0.00667690933005023,-0.0335337727862599,0.0127));
#2553=CARTESIAN_POINT('',(0.00667346224952776,-0.0335440066391071,0.0127));
#2554=CARTESIAN_POINT('',(0.00667004468711534,-0.0335541473083406,0.0127));
#2555=CARTESIAN_POINT('',(0.00666644109963349,-0.033564827684434,0.0127));
#2556=CARTESIAN_POINT('',(0.00666288690698282,-0.0335753463197365,0.0127));
#2557=CARTESIAN_POINT('',(0.00665864347882495,-0.0335878744155279,0.0127));
#2558=CARTESIAN_POINT('',(0.00665412058739584,-0.0336011830947134,0.0127));
#2559=CARTESIAN_POINT('',(0.00664870094462301,-0.0336170329696387,0.0127));
#2560=CARTESIAN_POINT('',(0.00664359313204,-0.0336318885778226,0.0127));
#2561=CARTESIAN_POINT('',(0.00663717637248557,-0.0336504290245314,0.0127));
#2562=CARTESIAN_POINT('',(0.00662866361218046,-0.0336747828592677,0.0127));
#2563=CARTESIAN_POINT('',(0.00661822348414179,-0.0337043322831325,0.0127));
#2564=CARTESIAN_POINT('',(0.00660237109962387,-0.033748434698284,0.0127));
#2565=CARTESIAN_POINT('',(0.00658572589437944,-0.0337937763733527,0.0127));
#2566=CARTESIAN_POINT('',(0.00656679385890816,-0.0338441046769161,0.0127));
#2567=CARTESIAN_POINT('',(0.00654952013917513,-0.0338891773391989,0.0127));
#2568=CARTESIAN_POINT('',(0.00652787680743173,-0.0339444022718687,0.0127));
#2569=CARTESIAN_POINT('',(0.00650516779916274,-0.0340008854840229,0.0127));
#2570=CARTESIAN_POINT('',(0.0064813175569886,-0.0340585540831855,0.0127));
#2571=CARTESIAN_POINT('',(0.00646292892528,-0.0341021919181405,0.0127));
#2572=CARTESIAN_POINT('',(0.00643927347147684,-0.0341572857568347,0.0127));
#2573=CARTESIAN_POINT('',(0.00640939117726818,-0.0342249495629372,0.0127));
#2574=CARTESIAN_POINT('',(0.00637760139161913,-0.0342949076759584,0.0127));
#2575=CARTESIAN_POINT('',(0.00633735380996442,-0.0343809044847364,0.0127));
#2576=CARTESIAN_POINT('',(0.00629370797930711,-0.0344704845537006,0.0127));
#2577=CARTESIAN_POINT('',(0.00625426045334236,-0.0345486828531021,0.0127));
#2578=CARTESIAN_POINT('',(0.00621821860227798,-0.0346183241513751,0.0127));
#2579=CARTESIAN_POINT('',(0.00618054352060656,-0.0346891305029002,0.0127));
#2580=CARTESIAN_POINT('',(0.0061347008994502,-0.0347729820217536,0.0127));
#2581=CARTESIAN_POINT('',(0.0060780317529235,-0.034872787910488,0.0127));
#2582=CARTESIAN_POINT('',(0.00601803009929028,-0.034974642793488,0.0127));
#2583=CARTESIAN_POINT('',(0.00595303264328612,-0.0350804069723928,0.0127));
#2584=CARTESIAN_POINT('',(0.00589632830975291,-0.0351691361427249,0.0127));
#2585=CARTESIAN_POINT('',(0.00585191798860362,-0.0352369187190608,0.0127));
#2586=CARTESIAN_POINT('',(0.00580610747451006,-0.0353053163164307,0.0127));
#2587=CARTESIAN_POINT('',(0.00572383642967077,-0.0354247485723536,0.0127));
#2588=CARTESIAN_POINT('',(0.00562240446023618,-0.0355643240323845,0.0127));
#2589=CARTESIAN_POINT('',(0.00550912343619546,-0.0357103403002718,0.0127));
#2590=CARTESIAN_POINT('',(0.00542318079742528,-0.0358170229498078,0.0127));
#2591=CARTESIAN_POINT('',(0.00531503760618726,-0.0359457472473758,0.0127));
#2592=CARTESIAN_POINT('',(0.00521177223532933,-0.0360622771540866,0.0127));
#2593=CARTESIAN_POINT('',(0.00512413395768692,-0.0361572302274831,0.0127));
#2594=CARTESIAN_POINT('',(0.00502399499019446,-0.0362626534687838,0.0127));
#2595=CARTESIAN_POINT('',(0.00491010832269991,-0.0363769375193217,0.0127));
#2596=CARTESIAN_POINT('',(0.00478559416808884,-0.0364950425549061,0.0127));
#2597=CARTESIAN_POINT('',(0.00465820113431117,-0.0366116679432733,0.0127));
#2598=CARTESIAN_POINT('',(0.00446349822187552,-0.0367804114942343,0.0127));
#2599=CARTESIAN_POINT('',(0.00423201604553107,-0.0369617066764371,0.0127));
#2600=CARTESIAN_POINT('',(0.00403858014982269,-0.0371016100054571,0.0127));
#2601=CARTESIAN_POINT('',(0.00381780095220369,-0.0372529708518025,0.0127));
#2602=CARTESIAN_POINT('',(0.00354721511324184,-0.0374212214249383,0.0127));
#2603=CARTESIAN_POINT('',(0.00324480994638527,-0.0375860398201201,0.0127));
#2604=CARTESIAN_POINT('',(0.00300719291620874,-0.0377043014338337,0.0127));
#2605=CARTESIAN_POINT('',(0.00275129231731964,-0.0378200088267298,0.0127));
#2606=CARTESIAN_POINT('',(0.00236044677069685,-0.0379773394093242,0.0127));
#2607=CARTESIAN_POINT('',(0.00191197073889819,-0.038122894097294,0.0127));
#2608=CARTESIAN_POINT('',(0.00141706988639588,-0.0382394891315649,0.0127));
#2609=CARTESIAN_POINT('',(0.00102667675105456,-0.038309084218172,0.0127));
#2610=CARTESIAN_POINT('',(0.000608404599524462,-0.0383591761014822,0.0127));
#2611=CARTESIAN_POINT('',(0.000158201042483739,-0.0383848573618192,0.0127));
#2612=CARTESIAN_POINT('',(-0.000307336221015492,-0.0383805443146525,0.0127));
#2613=CARTESIAN_POINT('',(-0.000781346303109085,-0.0383448789753025,0.0127));
#2614=CARTESIAN_POINT('',(-0.00127659478077385,-0.038272404303713,0.0127));
#2615=CARTESIAN_POINT('',(-0.00175640693336169,-0.0381667713374108,0.0127));
#2616=CARTESIAN_POINT('',(-0.00215399048952296,-0.0380501301921608,0.0127));
#2617=CARTESIAN_POINT('',(-0.0024731310625042,-0.0379372157529773,0.0127));
#2618=CARTESIAN_POINT('',(-0.00277959756333474,-0.0378161614708975,0.0127));
#2619=CARTESIAN_POINT('',(-0.0031449919449322,-0.0376494655962003,0.0127));
#2620=CARTESIAN_POINT('',(-0.00356714408544338,-0.0374208758055384,0.0127));
#2621=CARTESIAN_POINT('',(-0.00395665909227462,-0.0371743563455469,0.0127));
#2622=CARTESIAN_POINT('',(-0.00443106642389307,-0.0368302541982455,0.0127));
#2623=CARTESIAN_POINT('',(-0.0049481706227675,-0.0363735187262698,0.0127));
#2624=CARTESIAN_POINT('',(-0.00542316949743228,-0.0358532422662938,0.0127));
#2625=CARTESIAN_POINT('',(-0.00575204542034818,-0.0354160987845669,0.0127));
#2626=CARTESIAN_POINT('',(-0.00596577010414061,-0.0350893944945427,0.0127));
#2627=CARTESIAN_POINT('',(-0.00610110734584708,-0.0348634738702415,0.0127));
#2628=CARTESIAN_POINT('',(-0.00621456559400132,-0.0346586616298644,0.0127));
#2629=CARTESIAN_POINT('',(-0.006356123557,-0.0343824898778082,0.0127));
#2630=CARTESIAN_POINT('',(-0.00647448629410695,-0.034119163544874,0.0127));
#2631=CARTESIAN_POINT('',(-0.00656826282315282,-0.0338846796545261,0.0127));
#2632=CARTESIAN_POINT('',(-0.00664434036799193,-0.0336803030309163,0.0127));
#2633=CARTESIAN_POINT('',(-0.00672889953840773,-0.0334271017870575,0.0127));
#2634=CARTESIAN_POINT('',(-0.00679450605062837,-0.0331960346870621,0.0127));
#2635=CARTESIAN_POINT('',(-0.0068344109171955,-0.0330401504061113,0.0127));
#2636=CARTESIAN_POINT('',(-0.00687068452381718,-0.0328883529389388,0.0127));
#2637=CARTESIAN_POINT('',(-0.00689387513142375,-0.0327790664875423,0.0127));
#2638=CARTESIAN_POINT('',(-0.00690739449110257,-0.0327105006142333,0.0127));
#2639=CARTESIAN_POINT('',(-0.00690739449110144,-0.0327105006142389,0.0127));
#2640=CARTESIAN_POINT('',(-0.00690739449111027,-0.032710500614264,0.0127));
#2641=CARTESIAN_POINT('',(-0.00702394479132396,-0.0326696139904263,0.0127));
#2642=CARTESIAN_POINT('',(-0.00726514761025998,-0.0325914885751677,0.0127));
#2643=CARTESIAN_POINT('',(-0.00764391833967843,-0.0324888226411429,0.0127));
#2644=CARTESIAN_POINT('',(-0.00802392153991665,-0.0324053164452997,0.0127));
#2645=CARTESIAN_POINT('',(-0.00838239068184159,-0.0323449862592374,0.0127));
#2646=CARTESIAN_POINT('',(-0.00872890040788211,-0.0323047105029652,0.0127));
#2647=CARTESIAN_POINT('',(-0.00918096085969468,-0.0322754333288447,0.0127));
#2648=CARTESIAN_POINT('',(-0.00971578518031163,-0.0322830500077861,0.0127));
#2649=CARTESIAN_POINT('',(-0.0102799749696919,-0.0323508103406115,0.0127));
#2650=CARTESIAN_POINT('',(-0.0107409324413809,-0.0324589054058218,0.0127));
#2651=CARTESIAN_POINT('',(-0.0110627000389847,-0.0325774424414779,0.0127));
#2652=CARTESIAN_POINT('',(-0.0111690478325048,-0.0326357042579499,0.0127));
#2653=CARTESIAN_POINT('',(-0.0111921458420085,-0.0326495472287211,0.0127));
#2654=CARTESIAN_POINT('',(-0.0111921458420085,-0.0326495472287211,0.0127));
#2655=CARTESIAN_POINT('',(-0.0111921458420083,-0.0326495472287209,0.0127));
#2656=CARTESIAN_POINT('',(-0.011201105670425,-0.0326578366104756,0.0127));
#2657=CARTESIAN_POINT('',(-0.0112238917583222,-0.0326793347011513,0.0127));
#2658=CARTESIAN_POINT('',(-0.0112800747412824,-0.0327349315896176,0.0127));
#2659=CARTESIAN_POINT('',(-0.0113551979618912,-0.0328120374130147,0.0127));
#2660=CARTESIAN_POINT('',(-0.0114770417478489,-0.0329402720297952,0.0127));
#2661=CARTESIAN_POINT('',(-0.0116402980691551,-0.0331163069165455,0.0127));
#2662=CARTESIAN_POINT('',(-0.0118537546217224,-0.0333440338091665,0.0127));
#2663=CARTESIAN_POINT('',(-0.0120498752407691,-0.033548541693355,0.0127));
#2664=CARTESIAN_POINT('',(-0.0122441910254259,-0.0337437445449226,0.0127));
#2665=CARTESIAN_POINT('',(-0.012435561533675,-0.0339270571950995,0.0127));
#2666=CARTESIAN_POINT('',(-0.0125936089224172,-0.0340727647644053,0.0127));
#2667=CARTESIAN_POINT('',(-0.0127704906037596,-0.0342291999416793,0.0127));
#2668=CARTESIAN_POINT('',(-0.01298008518293,-0.0344049889341344,0.0127));
#2669=CARTESIAN_POINT('',(-0.0131771773892412,-0.0345597681224468,0.0127));
#2670=CARTESIAN_POINT('',(-0.0133431112499593,-0.0346833284954941,0.0127));
#2671=CARTESIAN_POINT('',(-0.0135297599332508,-0.034817181945615,0.0127));
#2672=CARTESIAN_POINT('',(-0.0138041184050209,-0.0350014227937673,0.0127));
#2673=CARTESIAN_POINT('',(-0.0141895174890779,-0.0352308575316799,0.0127));
#2674=CARTESIAN_POINT('',(-0.0146103614580339,-0.0354504341288999,0.0127));
#2675=CARTESIAN_POINT('',(-0.0150408446230954,-0.0356406688599848,0.0127));
#2676=CARTESIAN_POINT('',(-0.0154226184297927,-0.0357824384707795,0.0127));
#2677=CARTESIAN_POINT('',(-0.015839446743091,-0.0359179838281146,0.0127));
#2678=CARTESIAN_POINT('',(-0.0164177374525874,-0.0360645593413519,0.0127));
#2679=CARTESIAN_POINT('',(-0.0170602195826541,-0.0361611400790973,0.0127));
#2680=CARTESIAN_POINT('',(-0.017618784141632,-0.0361974838450069,0.0127));
#2681=CARTESIAN_POINT('',(-0.018049400896459,-0.0362006462392374,0.0127));
#2682=CARTESIAN_POINT('',(-0.0184196412269273,-0.0361815760756675,0.0127));
#2683=CARTESIAN_POINT('',(-0.0187226466882848,-0.0361518558408334,0.0127));
#2684=CARTESIAN_POINT('',(-0.0190339442681997,-0.0361112389836096,0.0127));
#2685=CARTESIAN_POINT('',(-0.01940872337809,-0.0360436518121386,0.0127));
#2686=CARTESIAN_POINT('',(-0.0198382215700672,-0.0359395726501647,0.0127));
#2687=CARTESIAN_POINT('',(-0.0201917775429795,-0.0358317841629942,0.0127));
#2688=CARTESIAN_POINT('',(-0.020474735532096,-0.0357310202065736,0.0127));
#2689=CARTESIAN_POINT('',(-0.0207443593042139,-0.03562565722832,0.0127));
#2690=CARTESIAN_POINT('',(-0.0210616630241884,-0.0354852732213643,0.0127));
#2691=CARTESIAN_POINT('',(-0.0214092012575915,-0.035308411736438,0.0127));
#2692=CARTESIAN_POINT('',(-0.0217261120924519,-0.0351267805769492,0.0127));
#2693=CARTESIAN_POINT('',(-0.0220207464388314,-0.0349389418429487,0.0127));
#2694=CARTESIAN_POINT('',(-0.0222896615994096,-0.0347498886826228,0.0127));
#2695=CARTESIAN_POINT('',(-0.0226118209650672,-0.0345031180903259,0.0127));
#2696=CARTESIAN_POINT('',(-0.0228961289457204,-0.0342569194481251,0.0127));
#2697=CARTESIAN_POINT('',(-0.0231307002692389,-0.0340337248391892,0.0127));
#2698=CARTESIAN_POINT('',(-0.0234607706001774,-0.0337014192242571,0.0127));
#2699=CARTESIAN_POINT('',(-0.0237849739492133,-0.0333181139563948,0.0127));
#2700=CARTESIAN_POINT('',(-0.0240398625000989,-0.0329782860590246,0.0127));
#2701=CARTESIAN_POINT('',(-0.0242132595587654,-0.0327314060395909,0.0127));
#2702=CARTESIAN_POINT('',(-0.0243650494026845,-0.0324996618016185,0.0127));
#2703=CARTESIAN_POINT('',(-0.0244923815325116,-0.0322937775620159,0.0127));
#2704=CARTESIAN_POINT('',(-0.0246065079773831,-0.0321001431579551,0.0127));
#2705=CARTESIAN_POINT('',(-0.0247432158034104,-0.031857320618576,0.0127));
#2706=CARTESIAN_POINT('',(-0.0248834653309974,-0.0315930005854844,0.0127));
#2707=CARTESIAN_POINT('',(-0.0250737788912737,-0.0312144852905595,0.0127));
#2708=CARTESIAN_POINT('',(-0.0252579656455153,-0.0308258114178586,0.0127));
#2709=CARTESIAN_POINT('',(-0.0254311330121428,-0.0304558299957846,0.0127));
#2710=CARTESIAN_POINT('',(-0.0255239128078802,-0.0302637637126977,0.0127));
#2711=CARTESIAN_POINT('',(-0.0255635410604937,-0.0301842248155428,0.0127));
#2712=CARTESIAN_POINT('',(-0.0255635410604937,-0.0301842248155428,0.0127));
#2713=CARTESIAN_POINT('',(-0.0255635410604938,-0.0301842248155429,0.0127));
#2714=CARTESIAN_POINT('',(-0.0256581072577668,-0.0301497714765171,0.0127));
#2715=CARTESIAN_POINT('',(-0.0259133969217747,-0.0300681748856063,0.0127));
#2716=CARTESIAN_POINT('',(-0.0264436772886674,-0.0299447214206466,0.0127));
#2717=CARTESIAN_POINT('',(-0.0269904182178799,-0.0298532450212206,0.0127));
#2718=CARTESIAN_POINT('',(-0.0274780981784327,-0.029789760400595,0.0127));
#2719=CARTESIAN_POINT('',(-0.0279546834719916,-0.0297383687624462,0.0127));
#2720=CARTESIAN_POINT('',(-0.0284991426580452,-0.0297001934913937,0.0127));
#2721=CARTESIAN_POINT('',(-0.0290629891706097,-0.029694577219254,0.0127));
#2722=CARTESIAN_POINT('',(-0.0294919920807525,-0.0297219085319129,0.0127));
#2723=CARTESIAN_POINT('',(-0.0296837594446738,-0.0297522635744552,0.0127));
#2724=CARTESIAN_POINT('',(-0.0297466964132409,-0.0297647669867464,0.0127));
#2725=CARTESIAN_POINT('',(-0.0297466964132409,-0.0297647669867464,0.0127));
#2726=CARTESIAN_POINT('',(-0.0297466964132409,-0.0297647669867465,0.0127));
#2727=CARTESIAN_POINT('',(-0.0297890710843187,-0.0297977851255094,0.0127));
#2728=CARTESIAN_POINT('',(-0.0298920216884303,-0.0298798229934964,0.0127));
#2729=CARTESIAN_POINT('',(-0.0300736622045579,-0.0300295797269952,0.0127));
#2730=CARTESIAN_POINT('',(-0.0302600853078745,-0.0301828388945619,0.0127));
#2731=CARTESIAN_POINT('',(-0.0304156875945649,-0.0303094734999611,0.0127));
#2732=CARTESIAN_POINT('',(-0.0305985724446157,-0.0304555759733259,0.0127));
#2733=CARTESIAN_POINT('',(-0.0308079630585268,-0.0306178468236317,0.0127));
#2734=CARTESIAN_POINT('',(-0.0310176674790352,-0.0307734689388953,0.0127));
#2735=CARTESIAN_POINT('',(-0.0312067048943401,-0.0309071199782113,0.0127));
#2736=CARTESIAN_POINT('',(-0.0314090091757381,-0.0310454356947416,0.0127));
#2737=CARTESIAN_POINT('',(-0.0316532662302304,-0.0312028421563975,0.0127));
#2738=CARTESIAN_POINT('',(-0.0319265642055947,-0.0313642243068853,0.0127));
#2739=CARTESIAN_POINT('',(-0.0322265539604532,-0.0315311718058905,0.0127));
#2740=CARTESIAN_POINT('',(-0.0325552627700353,-0.0316948839069945,0.0127));
#2741=CARTESIAN_POINT('',(-0.0328670878064174,-0.0318294673851289,0.0127));
#2742=CARTESIAN_POINT('',(-0.0330272962520683,-0.0318947658162868,0.0127));
#2743=CARTESIAN_POINT('',(-0.0331976710182092,-0.0319600598154342,0.0127));
#2744=CARTESIAN_POINT('',(-0.0335708931974609,-0.0320932502755992,0.0127));
#2745=CARTESIAN_POINT('',(-0.0340887422753637,-0.0322429514545156,0.0127));
#2746=CARTESIAN_POINT('',(-0.0347512038332322,-0.0323643467563262,0.0127));
#2747=CARTESIAN_POINT('',(-0.0352979493169626,-0.0324269614292648,0.0127));
#2748=CARTESIAN_POINT('',(-0.0359011443494559,-0.0324496663944966,0.0127));
#2749=CARTESIAN_POINT('',(-0.0364371271485847,-0.0324253121343454,0.0127));
#2750=CARTESIAN_POINT('',(-0.0368887447135548,-0.032373875907407,0.0127));
#2751=CARTESIAN_POINT('',(-0.0373501667038315,-0.0322986670607496,0.0127));
#2752=CARTESIAN_POINT('',(-0.0377807592087621,-0.0321977330394669,0.0127));
#2753=CARTESIAN_POINT('',(-0.0382169712786947,-0.0320649129181466,0.0127));
#2754=CARTESIAN_POINT('',(-0.0386504620145097,-0.0319099853999877,0.0127));
#2755=CARTESIAN_POINT('',(-0.0391417301447191,-0.0316946803779845,0.0127));
#2756=CARTESIAN_POINT('',(-0.0396669234485511,-0.0314114693739941,0.0127));
#2757=CARTESIAN_POINT('',(-0.0401339299106868,-0.0311118124184323,0.0127));
#2758=CARTESIAN_POINT('',(-0.0405434325620113,-0.0308068244888553,0.0127));
#2759=CARTESIAN_POINT('',(-0.0408388258690688,-0.0305560395079182,0.0127));
#2760=CARTESIAN_POINT('',(-0.0410437380165779,-0.0303675535791751,0.0127));
#2761=CARTESIAN_POINT('',(-0.0412389271459187,-0.0301786407668822,0.0127));
#2762=CARTESIAN_POINT('',(-0.0414627215719482,-0.0299445874583242,0.0127));
#2763=CARTESIAN_POINT('',(-0.0416963043128383,-0.029676128970505,0.0127));
#2764=CARTESIAN_POINT('',(-0.0418589297148207,-0.0294729356201203,0.0127));
#2765=CARTESIAN_POINT('',(-0.0419708228581276,-0.0293262297327163,0.0127));
#2766=CARTESIAN_POINT('',(-0.0420790603303486,-0.0291797084525173,0.0127));
#2767=CARTESIAN_POINT('',(-0.04220348523386,-0.0290028011328184,0.0127));
#2768=CARTESIAN_POINT('',(-0.0423359589545852,-0.028802789544923,0.0127));
#2769=CARTESIAN_POINT('',(-0.0424484606299704,-0.0286237323460668,0.0127));
#2770=CARTESIAN_POINT('',(-0.04254813941237,-0.0284580359157723,0.0127));
#2771=CARTESIAN_POINT('',(-0.0426393041195087,-0.0283001345840823,0.0127));
#2772=CARTESIAN_POINT('',(-0.0427208334826117,-0.0281535016477231,0.0127));
#2773=CARTESIAN_POINT('',(-0.0428157074158075,-0.027977454795532,0.0127));
#2774=CARTESIAN_POINT('',(-0.0429611231038863,-0.0276962528797261,0.0127));
#2775=CARTESIAN_POINT('',(-0.0431148098784689,-0.0273805144709876,0.0127));
#2776=CARTESIAN_POINT('',(-0.0432035041143831,-0.027195495426036,0.0127));
#2777=CARTESIAN_POINT('',(-0.0432411385412232,-0.027117869367207,0.0127));
#2778=CARTESIAN_POINT('',(-0.0432411385412232,-0.027117869367207,0.0127));
#2779=CARTESIAN_POINT('',(-0.0432411385412231,-0.027117869367207,0.0127));
#2780=CARTESIAN_POINT('',(-0.0433233730435729,-0.027086357054984,0.0127));
#2781=CARTESIAN_POINT('',(-0.0435379875307342,-0.0270164450236906,0.0127));
#2782=CARTESIAN_POINT('',(-0.0438811353478221,-0.0269472987560674,0.0127));
#2783=CARTESIAN_POINT('',(-0.0441881838191866,-0.0269117438612175,0.0127));
#2784=CARTESIAN_POINT('',(-0.0444205268405243,-0.0268972653483098,0.0127));
#2785=CARTESIAN_POINT('',(-0.0446214508361194,-0.0268953312515853,0.0127));
#2786=CARTESIAN_POINT('',(-0.0448067527004076,-0.0269005144203527,0.0127));
#2787=CARTESIAN_POINT('',(-0.0450223134643137,-0.0269115008558221,0.0127));
#2788=CARTESIAN_POINT('',(-0.0453420853148085,-0.0269367572995107,0.0127));
#2789=CARTESIAN_POINT('',(-0.0457823312658104,-0.0269841029273657,0.0127));
#2790=CARTESIAN_POINT('',(-0.0462682840920748,-0.0270450483625575,0.0127));
#2791=CARTESIAN_POINT('',(-0.0468005897216318,-0.0271155891281817,0.0127));
#2792=CARTESIAN_POINT('',(-0.0473834422065226,-0.0271899296526665,0.0127));
#2793=CARTESIAN_POINT('',(-0.0479380353358923,-0.0272493611739211,0.0127));
#2794=CARTESIAN_POINT('',(-0.0483865525886678,-0.0272823454374066,0.0127));
#2795=CARTESIAN_POINT('',(-0.0486756469036671,-0.0272964691081534,0.0127));
#2796=CARTESIAN_POINT('',(-0.0489029851148305,-0.0273034133735475,0.0127));
#2797=CARTESIAN_POINT('',(-0.0491559714035069,-0.0273058026923702,0.0127));
#2798=CARTESIAN_POINT('',(-0.049385823967188,-0.0273020093158396,0.0127));
#2799=CARTESIAN_POINT('',(-0.0495785172215614,-0.0272945454461008,0.0127));
#2800=CARTESIAN_POINT('',(-0.0497767335472386,-0.0272840011359553,0.0127));
#2801=CARTESIAN_POINT('',(-0.0500709950198795,-0.027261201564073,0.0127));
#2802=CARTESIAN_POINT('',(-0.0504051112620641,-0.0272199297547579,0.0127));
#2803=CARTESIAN_POINT('',(-0.0506877645464595,-0.0271736615639874,0.0127));
#2804=CARTESIAN_POINT('',(-0.0509055024555914,-0.027132326882955,0.0127));
#2805=CARTESIAN_POINT('',(-0.051150922937218,-0.0270784307900173,0.0127));
#2806=CARTESIAN_POINT('',(-0.0514134029747104,-0.0270114542160203,0.0127));
#2807=CARTESIAN_POINT('',(-0.051689110515641,-0.0269307971843123,0.0127));
#2808=CARTESIAN_POINT('',(-0.0519948097252652,-0.0268282282154998,0.0127));
#2809=CARTESIAN_POINT('',(-0.0523177208442539,-0.026703484001949,0.0127));
#2810=CARTESIAN_POINT('',(-0.0527640239301652,-0.0265073248202178,0.0127));
#2811=CARTESIAN_POINT('',(-0.0532718266261076,-0.0262372637322068,0.0127));
#2812=CARTESIAN_POINT('',(-0.053792358423293,-0.0258924572094229,0.0127));
#2813=CARTESIAN_POINT('',(-0.0541968219190753,-0.0255847596447519,0.0127));
#2814=CARTESIAN_POINT('',(-0.0546067495931689,-0.0252235929032345,0.0127));
#2815=CARTESIAN_POINT('',(-0.055011736401794,-0.0248057461336812,0.0127));
#2816=CARTESIAN_POINT('',(-0.0553843686679951,-0.0243537595897699,0.0127));
#2817=CARTESIAN_POINT('',(-0.0556749037010401,-0.0239379012311568,0.0127));
#2818=CARTESIAN_POINT('',(-0.055895994909286,-0.0235718464763139,0.0127));
#2819=CARTESIAN_POINT('',(-0.0560467169267367,-0.0232949624228346,0.0127));
#2820=CARTESIAN_POINT('',(-0.0561829711238751,-0.0230172911039946,0.0127));
#2821=CARTESIAN_POINT('',(-0.0563498048689215,-0.0226370749653802,0.0127));
#2822=CARTESIAN_POINT('',(-0.0565218017838607,-0.0221646164882362,0.0127));
#2823=CARTESIAN_POINT('',(-0.05667561105775,-0.021603885151885,0.0127));
#2824=CARTESIAN_POINT('',(-0.0567787027724543,-0.0210684528414985,0.0127));
#2825=CARTESIAN_POINT('',(-0.0568393131351209,-0.020560394519451,0.0127));
#2826=CARTESIAN_POINT('',(-0.0568642064651488,-0.0200804253278336,0.0127));
#2827=CARTESIAN_POINT('',(-0.0568590246225952,-0.0196273552082609,0.0127));
#2828=CARTESIAN_POINT('',(-0.0568295071952116,-0.0192113544664191,0.0127));
#2829=CARTESIAN_POINT('',(-0.056768575864429,-0.0187153541277836,0.0127));
#2830=CARTESIAN_POINT('',(-0.056677114585189,-0.0182579056424634,0.0127));
#2831=CARTESIAN_POINT('',(-0.0565755853222665,-0.0178716635681344,0.0127));
#2832=CARTESIAN_POINT('',(-0.0564929482169246,-0.0175982294268186,0.0127));
#2833=CARTESIAN_POINT('',(-0.056408004659534,-0.0173494418033866,0.0127));
#2834=CARTESIAN_POINT('',(-0.0562974054105739,-0.0170544569034373,0.0127));
#2835=CARTESIAN_POINT('',(-0.0561479990125493,-0.0167027213526802,0.0127));
#2836=CARTESIAN_POINT('',(-0.0559968740380438,-0.0163941706867502,0.0127));
#2837=CARTESIAN_POINT('',(-0.0558823887978873,-0.0161780815047798,0.0127));
#2838=CARTESIAN_POINT('',(-0.0557749669345156,-0.0159840948478354,0.0127));
#2839=CARTESIAN_POINT('',(-0.0556375032209896,-0.0157504290093197,0.0127));
#2840=CARTESIAN_POINT('',(-0.0554743487934392,-0.0154929661760808,0.0127));
#2841=CARTESIAN_POINT('',(-0.0553187356443036,-0.0152620246523947,0.0127));
#2842=CARTESIAN_POINT('',(-0.0551127859934962,-0.014971991083903,0.0127));
#2843=CARTESIAN_POINT('',(-0.0548637520079225,-0.0146456410083598,0.0127));
#2844=CARTESIAN_POINT('',(-0.0544735157825634,-0.0141697071055299,0.0127));
#2845=CARTESIAN_POINT('',(-0.0539916749093764,-0.0136323240982586,0.0127));
#2846=CARTESIAN_POINT('',(-0.0534000168875778,-0.0130240631226347,0.0127));
#2847=CARTESIAN_POINT('',(-0.0527846261999367,-0.0124297360838267,0.0127));
#2848=CARTESIAN_POINT('',(-0.05213987062451,-0.0118370355786053,0.0127));
#2849=CARTESIAN_POINT('',(-0.0514649206604127,-0.0112411131198086,0.0127));
#2850=CARTESIAN_POINT('',(-0.0507602792034598,-0.0106398353274704,0.0127));
#2851=CARTESIAN_POINT('',(-0.0497841844184416,-0.00983123858869704,0.0127));
#2852=CARTESIAN_POINT('',(-0.0485038601325749,-0.00881109790489437,0.0127));
#2853=CARTESIAN_POINT('',(-0.0468995647804166,-0.00758865635698465,0.0127));
#2854=CARTESIAN_POINT('',(-0.0452712082474185,-0.00639731979279179,0.0127));
#2855=CARTESIAN_POINT('',(-0.0436197115553753,-0.00523997673617262,0.0127));
#2856=CARTESIAN_POINT('',(-0.0413582915436152,-0.00374216214254581,0.0127));
#2857=CARTESIAN_POINT('',(-0.03840194948677,-0.00197907952147097,0.0127));
#2858=CARTESIAN_POINT('',(-0.034579446990521,-0.000115790424188591,0.0127));
#2859=CARTESIAN_POINT('',(-0.0311294258538573,0.00115042498829514,0.0127));
#2860=CARTESIAN_POINT('',(-0.0282025832583278,0.00194875986163584,0.0127));
#2861=CARTESIAN_POINT('',(-0.0259244359282674,0.00243114982384844,0.0127));
#2862=CARTESIAN_POINT('',(-0.0239585927280214,0.00273062462553475,0.0127));
#2863=CARTESIAN_POINT('',(-0.0223402785870159,0.00290574816675221,0.0127));
#2864=CARTESIAN_POINT('',(-0.0211101235303768,0.0030041197382945,0.0127));
#2865=CARTESIAN_POINT('',(-0.0198791829624069,0.00306972026944101,0.0127));
#2866=CARTESIAN_POINT('',(-0.0182527490270907,0.00311963455726981,0.0127));
#2867=CARTESIAN_POINT('',(-0.0170478714836652,0.00312114806292612,0.0127));
#2868=CARTESIAN_POINT('',(-0.0162573894938191,0.00311057819753951,0.0127));
#2869=CARTESIAN_POINT('',(-0.0162573894938188,0.0031105781975395,0.0127));
#2870=CARTESIAN_POINT('',(-0.0162573894938187,0.00311057819753949,0.0127));
#2871=CARTESIAN_POINT('',(-0.0162659219256609,0.003302866820245,0.0127));
#2872=CARTESIAN_POINT('',(-0.0162695348247734,0.0036210566888649,0.0127));
#2873=CARTESIAN_POINT('',(-0.0162444837464471,0.00408108722263404,0.0127));
#2874=CARTESIAN_POINT('',(-0.0162064082699263,0.00445898127563083,0.0127));
#2875=CARTESIAN_POINT('',(-0.0161449474636264,0.00485959908428084,0.0127));
#2876=CARTESIAN_POINT('',(-0.016028286115646,0.00541866281820549,0.0127));
#2877=CARTESIAN_POINT('',(-0.0158414183553083,0.00604152736168261,0.0127));
#2878=CARTESIAN_POINT('',(-0.0155690676056001,0.00668842805962202,0.0127));
#2879=CARTESIAN_POINT('',(-0.0153595775882863,0.00710034712263648,0.0127));
#2880=CARTESIAN_POINT('',(-0.0151651594716862,0.00743310707242387,0.0127));
#2881=CARTESIAN_POINT('',(-0.0149499367701501,0.00776968335706829,0.0127));
#2882=CARTESIAN_POINT('',(-0.0146534910591705,0.00817585961644357,0.0127));
#2883=CARTESIAN_POINT('',(-0.0143216808680405,0.00856057402354989,0.0127));
#2884=CARTESIAN_POINT('',(-0.0140305807020956,0.0088582025580609,0.0127));
#2885=CARTESIAN_POINT('',(-0.013717764625707,0.00915106677929407,0.0127));
#2886=CARTESIAN_POINT('',(-0.0134017541621822,0.00941052121786971,0.0127));
#2887=CARTESIAN_POINT('',(-0.0130704787428904,0.00965017590262417,0.0127));
#2888=CARTESIAN_POINT('',(-0.0127412565773741,0.00986815854979441,0.0127));
#2889=CARTESIAN_POINT('',(-0.0123323353266054,0.0101051103511321,0.0127));
#2890=CARTESIAN_POINT('',(-0.0118517399718181,0.0103379011085649,0.0127));
#2891=CARTESIAN_POINT('',(-0.0113900680726938,0.0105232857312148,0.0127));
#2892=CARTESIAN_POINT('',(-0.0109554809149483,0.01066686598245,0.0127));
#2893=CARTESIAN_POINT('',(-0.0105372352335157,0.0107784354486797,0.0127));
#2894=CARTESIAN_POINT('',(-0.0101479249470593,0.0108595613026349,0.0127));
#2895=CARTESIAN_POINT('',(-0.00979443725995183,0.0109158040862844,0.0127));
#2896=CARTESIAN_POINT('',(-0.00945388886571551,0.0109546551494983,0.0127));
#2897=CARTESIAN_POINT('',(-0.00914005714602534,0.0109771013215944,0.0127));
#2898=CARTESIAN_POINT('',(-0.00885203030384439,0.0109871711055774,0.0127));
#2899=CARTESIAN_POINT('',(-0.00857783385182632,0.0109873498012033,0.0127));
#2900=CARTESIAN_POINT('',(-0.00832918143016254,0.0109797045500521,0.0127));
#2901=CARTESIAN_POINT('',(-0.00809600976485707,0.0109662282674838,0.0127));
#2902=CARTESIAN_POINT('',(-0.00779388443091849,0.0109407504679291,0.0127));
#2903=CARTESIAN_POINT('',(-0.00751404361958662,0.0109061024986457,0.0127));
#2904=CARTESIAN_POINT('',(-0.00726108744299737,0.0108666768298585,0.0127));
#2905=CARTESIAN_POINT('',(-0.00703104680130404,0.0108264349045143,0.0127));
#2906=CARTESIAN_POINT('',(-0.00675597384437735,0.0107711028346933,0.0127));
#2907=CARTESIAN_POINT('',(-0.00644744459244644,0.0106989191733719,0.0127));
#2908=CARTESIAN_POINT('',(-0.00607207720111824,0.0106004382243198,0.0127));
#2909=CARTESIAN_POINT('',(-0.00563916368339639,0.0104702345475497,0.0127));
#2910=CARTESIAN_POINT('',(-0.00501833718828524,0.0102585752966915,0.0127));
#2911=CARTESIAN_POINT('',(-0.00431809304140581,0.00998532999678348,0.0127));
#2912=CARTESIAN_POINT('',(-0.00380678924215993,0.00976388066044979,0.0127));
#2913=CARTESIAN_POINT('',(-0.00355987425240997,0.00965335160488357,0.0127));
#2914=CARTESIAN_POINT('',(-0.00355987425240992,0.00965335160488355,0.0127));
#2915=CARTESIAN_POINT('',(-0.00355987425240992,0.00965335160488357,0.0127));
#2916=CARTESIAN_POINT('',(-0.00351716547303452,0.00984099604910186,0.0127));
#2917=CARTESIAN_POINT('',(-0.0034512318182264,0.0101360993340023,0.0127));
#2918=CARTESIAN_POINT('',(-0.00335560057857561,0.010555656511039,0.0127));
#2919=CARTESIAN_POINT('',(-0.00327681777142157,0.0108899213312161,0.0127));
#2920=CARTESIAN_POINT('',(-0.00318894322750831,0.0112432355294874,0.0127));
#2921=CARTESIAN_POINT('',(-0.00308552765408344,0.0116283808951368,0.0127));
#2922=CARTESIAN_POINT('',(-0.00297908064657765,0.0119863706415654,0.0127));
#2923=CARTESIAN_POINT('',(-0.00287311858810246,0.0123067109083716,0.0127));
#2924=CARTESIAN_POINT('',(-0.00279529374438377,0.0125248516162599,0.0127));
#2925=CARTESIAN_POINT('',(-0.00272262850559555,0.0127149849560672,0.0127));
#2926=CARTESIAN_POINT('',(-0.00266372712013996,0.0128620554289939,0.0127));
#2927=CARTESIAN_POINT('',(-0.00259875300134635,0.0130168759379122,0.0127));
#2928=CARTESIAN_POINT('',(-0.00252344983998697,0.0131870627820391,0.0127));
#2929=CARTESIAN_POINT('',(-0.00243873260818668,0.0133676400173124,0.0127));
#2930=CARTESIAN_POINT('',(-0.00234548887326227,0.0135547018962096,0.0127));
#2931=CARTESIAN_POINT('',(-0.00224105066029282,0.0137521389880395,0.0127));
#2932=CARTESIAN_POINT('',(-0.00211383257755285,0.0139765244748927,0.0127));
#2933=CARTESIAN_POINT('',(-0.00196832508859415,0.0142139273672851,0.0127));
#2934=CARTESIAN_POINT('',(-0.00183218522770469,0.0144188438693877,0.0127));
#2935=CARTESIAN_POINT('',(-0.00171683327223452,0.0145824885482658,0.0127));
#2936=CARTESIAN_POINT('',(-0.00158319786506551,0.0147643952524839,0.0127));
#2937=CARTESIAN_POINT('',(-0.00138523164570495,0.0150156105849591,0.0127));
#2938=CARTESIAN_POINT('',(-0.00110164092892092,0.0153372432097527,0.0127));
#2939=CARTESIAN_POINT('',(-0.000830269278265842,0.0156094657018919,0.0127));
#2940=CARTESIAN_POINT('',(-0.000598107494232613,0.0158214398217929,0.0127));
#2941=CARTESIAN_POINT('',(-0.000338781251038551,0.0160433962927124,0.0127));
#2942=CARTESIAN_POINT('',(3.46330280223626E-5,0.0163303774885741,0.0127));
#2943=CARTESIAN_POINT('',(0.000554950417135566,0.0166668927546319,0.0127));
#2944=CARTESIAN_POINT('',(0.00105469893972461,0.0169306095419214,0.0127));
#2945=CARTESIAN_POINT('',(0.00149722385300537,0.0171231220607798,0.0127));
#2946=CARTESIAN_POINT('',(0.00195603175786082,0.0172955137639532,0.0127));
#2947=CARTESIAN_POINT('',(0.00244140517619947,0.0174378789941246,0.0127));
#2948=CARTESIAN_POINT('',(0.0029717198550518,0.0175460612353212,0.0127));
#2949=CARTESIAN_POINT('',(0.00350012599094652,0.0176225316562569,0.0127));
#2950=CARTESIAN_POINT('',(0.00402317412102062,0.0176556904433723,0.0127));
#2951=CARTESIAN_POINT('',(0.0045672553829813,0.017644620405126,0.0127));
#2952=CARTESIAN_POINT('',(0.00509505636882771,0.0176034188969478,0.0127));
#2953=CARTESIAN_POINT('',(0.00571358243043228,0.0175046330159637,0.0127));
#2954=CARTESIAN_POINT('',(0.0064198413163927,0.0173162900541168,0.0127));
#2955=CARTESIAN_POINT('',(0.00725485405957007,0.0170035764372267,0.0127));
#2956=CARTESIAN_POINT('',(0.00794469524087959,0.0166310933026137,0.0127));
#2957=CARTESIAN_POINT('',(0.00849193277829535,0.016260334415357,0.0127));
#2958=CARTESIAN_POINT('',(0.00884684632758781,0.0159851367333382,0.0127));
#2959=CARTESIAN_POINT('',(0.00912475316785314,0.0157453727305092,0.0127));
#2960=CARTESIAN_POINT('',(0.00929892203122173,0.0155812041291313,0.0127));
#2961=CARTESIAN_POINT('',(0.00938065690395875,0.0155005490255518,0.0127));
#2962=CARTESIAN_POINT('',(0.00938065690395887,0.0155005490255516,0.0127));
#2963=CARTESIAN_POINT('',(0.00938065690395899,0.0155005490255515,0.0127));
#2964=CARTESIAN_POINT('',(0.00983101391189809,0.0159292499893491,0.0127));
#2965=CARTESIAN_POINT('',(0.0107273509425661,0.016759131508083,0.0127));
#2966=CARTESIAN_POINT('',(0.0118059261311863,0.0177183853562631,0.0127));
#2967=CARTESIAN_POINT('',(0.0126335135502136,0.0184406366266909,0.0127));
#2968=CARTESIAN_POINT('',(0.013459543766866,0.0191509628237184,0.0127));
#2969=CARTESIAN_POINT('',(0.0144942884748578,0.0200163733814396,0.0127));
#2970=CARTESIAN_POINT('',(0.0157625007848451,0.0210241174108667,0.0127));
#2971=CARTESIAN_POINT('',(0.0175112007403226,0.0223253201544499,0.0127));
#2972=CARTESIAN_POINT('',(0.019842985651156,0.0238650256518952,0.0127));
#2973=CARTESIAN_POINT('',(0.022426518746699,0.0252649567678461,0.0127));
#2974=CARTESIAN_POINT('',(0.0246831890105725,0.0263044229429665,0.0127));
#2975=CARTESIAN_POINT('',(0.0264429729321751,0.0270379868699561,0.0127));
#2976=CARTESIAN_POINT('',(0.028263705366497,0.0277320841022992,0.0127));
#2977=CARTESIAN_POINT('',(0.030130636098145,0.0283876510372367,0.0127));
#2978=CARTESIAN_POINT('',(0.0320290005413223,0.0290055133554305,0.0127));
#2979=CARTESIAN_POINT('',(0.0339454888362662,0.0295855723714604,0.0127));
#2980=CARTESIAN_POINT('',(0.0358631140625978,0.0301259317219333,0.0127));
#2981=CARTESIAN_POINT('',(0.0377658014932382,0.0306247900872558,0.0127));
#2982=CARTESIAN_POINT('',(0.0396371843365975,0.0310798720118894,0.0127));
#2983=CARTESIAN_POINT('',(0.041461030400174,0.0314886007067964,0.0127));
#2984=CARTESIAN_POINT('',(0.0429288386959246,0.0317885653086923,0.0127));
#2985=CARTESIAN_POINT('',(0.0440662092320877,0.0320028519937488,0.0127));
#2986=CARTESIAN_POINT('',(0.044899111207628,0.0321501234189337,0.0127));
#2987=CARTESIAN_POINT('',(0.0457099819257236,0.0322827461609139,0.0127));
#2988=CARTESIAN_POINT('',(0.0464952152196321,0.0323988622200359,0.0127));
#2989=CARTESIAN_POINT('',(0.0472569950328395,0.032496988988675,0.0127));
#2990=CARTESIAN_POINT('',(0.0478807906574563,0.0325621281948623,0.0127));
#2991=CARTESIAN_POINT('',(0.0483802043122542,0.0326020730984354,0.0127));
#2992=CARTESIAN_POINT('',(0.0487669641818477,0.0326253988363835,0.0127));
#2993=CARTESIAN_POINT('',(0.0491661958129154,0.0326397791865929,0.0127));
#2994=CARTESIAN_POINT('',(0.049522997292959,0.0326423450141433,0.0127));
#2995=CARTESIAN_POINT('',(0.0498373519102179,0.0326351799858245,0.0127));
#2996=CARTESIAN_POINT('',(0.050083874924539,0.0326242380532234,0.0127));
#2997=CARTESIAN_POINT('',(0.0503629842998804,0.0326045404405866,0.0127));
#2998=CARTESIAN_POINT('',(0.0506103415602811,0.0325795718355648,0.0127));
#2999=CARTESIAN_POINT('',(0.0508340628308642,0.0325507638566782,0.0127));
#3000=CARTESIAN_POINT('',(0.0510118164765237,0.0325241640141175,0.0127));
#3001=CARTESIAN_POINT('',(0.0511961756929768,0.0324924522258938,0.0127));
#3002=CARTESIAN_POINT('',(0.0513888039784972,0.032455108896565,0.0127));
#3003=CARTESIAN_POINT('',(0.0516198530377232,0.0324039466747925,0.0127));
#3004=CARTESIAN_POINT('',(0.0518720904221418,0.0323393913573718,0.0127));
#3005=CARTESIAN_POINT('',(0.05213901696216,0.0322607619302891,0.0127));
#3006=CARTESIAN_POINT('',(0.0524131313205216,0.03216960766132,0.0127));
#3007=CARTESIAN_POINT('',(0.0527371803253329,0.0320465246664424,0.0127));
#3008=CARTESIAN_POINT('',(0.0530797663329733,0.0318976108495126,0.0127));
#3009=CARTESIAN_POINT('',(0.0534766078483859,0.0316979886309526,0.0127));
#3010=CARTESIAN_POINT('',(0.0538863784534467,0.0314594266738932,0.0127));
#3011=CARTESIAN_POINT('',(0.0543568524314993,0.0311384108473174,0.0127));
#3012=CARTESIAN_POINT('',(0.0548349112560136,0.0307513303265884,0.0127));
#3013=CARTESIAN_POINT('',(0.0553494037068596,0.0302515242464966,0.0127));
#3014=CARTESIAN_POINT('',(0.0557735154656434,0.0297394547209344,0.0127));
#3015=CARTESIAN_POINT('',(0.056089314698246,0.0292820450542089,0.0127));
#3016=CARTESIAN_POINT('',(0.0563150338011316,0.0289100486257225,0.0127));
#3017=CARTESIAN_POINT('',(0.0565275231408442,0.0285053368914897,0.0127));
#3018=CARTESIAN_POINT('',(0.0567211436139099,0.0280670112367175,0.0127));
#3019=CARTESIAN_POINT('',(0.0568800662427956,0.0276306255893979,0.0127));
#3020=CARTESIAN_POINT('',(0.0570116605621271,0.0271820600239219,0.0127));
#3021=CARTESIAN_POINT('',(0.0571157314124019,0.0267180277267702,0.0127));
#3022=CARTESIAN_POINT('',(0.0571901183885521,0.026227187240799,0.0127));
#3023=CARTESIAN_POINT('',(0.0572276473804694,0.0257670269703177,0.0127));
#3024=CARTESIAN_POINT('',(0.0572363394791817,0.025324771174288,0.0127));
#3025=CARTESIAN_POINT('',(0.0572192845670052,0.0248983507939632,0.0127));
#3026=CARTESIAN_POINT('',(0.057163121040072,0.0243353812163132,0.0127));
#3027=CARTESIAN_POINT('',(0.0570646016499733,0.0238235746525037,0.0127));
#3028=CARTESIAN_POINT('',(0.0569429262815213,0.0233734566026602,0.0127));
#3029=CARTESIAN_POINT('',(0.0568469387723758,0.0230731927946511,0.0127));
#3030=CARTESIAN_POINT('',(0.0567427455674352,0.0227887422857638,0.0127));
#3031=CARTESIAN_POINT('',(0.0566329982170311,0.0225235173312134,0.0127));
#3032=CARTESIAN_POINT('',(0.0565211114857755,0.0222803424775414,0.0127));
#3033=CARTESIAN_POINT('',(0.0564144985458689,0.0220681642473667,0.0127));
#3034=CARTESIAN_POINT('',(0.0563069371590933,0.0218694266395234,0.0127));
#3035=CARTESIAN_POINT('',(0.0561985223299783,0.0216828409925683,0.0127));
#3036=CARTESIAN_POINT('',(0.0560919935298272,0.0215110793958514,0.0127));
#3037=CARTESIAN_POINT('',(0.0559926004140281,0.021359663002781,0.0127));
#3038=CARTESIAN_POINT('',(0.0558956031287137,0.0212189519486253,0.0127));
#3039=CARTESIAN_POINT('',(0.0557991851545185,0.021085564836739,0.0127));
#3040=CARTESIAN_POINT('',(0.0557056705369341,0.0209618694462612,0.0127));
#3041=CARTESIAN_POINT('',(0.0556180230524668,0.0208505167664374,0.0127));
#3042=CARTESIAN_POINT('',(0.0555342303167533,0.0207477670374797,0.0127));
#3043=CARTESIAN_POINT('',(0.0554243217797376,0.0206175117631815,0.0127));
#3044=CARTESIAN_POINT('',(0.0553225023001267,0.0205027066345337,0.0127));
#3045=CARTESIAN_POINT('',(0.0552296232004772,0.0204017903826717,0.0127));
#3046=CARTESIAN_POINT('',(0.055136271718057,0.0203028450550562,0.0127));
#3047=CARTESIAN_POINT('',(0.0550229719502889,0.0201872106264602,0.0127));
#3048=CARTESIAN_POINT('',(0.0548950544406748,0.0200624906806093,0.0127));
#3049=CARTESIAN_POINT('',(0.0547816041078098,0.0199561744946712,0.0127));
#3050=CARTESIAN_POINT('',(0.0546816222516152,0.019865244083273,0.0127));
#3051=CARTESIAN_POINT('',(0.0545823393244724,0.0197774116227928,0.0127));
#3052=CARTESIAN_POINT('',(0.054488245708928,0.0196963972923199,0.0127));
#3053=CARTESIAN_POINT('',(0.0543708575420297,0.0195977122036533,0.0127));
#3054=CARTESIAN_POINT('',(0.0542370295096432,0.0194887178186702,0.0127));
#3055=CARTESIAN_POINT('',(0.0540888450314765,0.0193720453898976,0.0127));
#3056=CARTESIAN_POINT('',(0.0539562458906949,0.0192703295610152,0.0127));
#3057=CARTESIAN_POINT('',(0.0537892116917848,0.0191447915363479,0.0127));
#3058=CARTESIAN_POINT('',(0.0536021720580331,0.0190076069479817,0.0127));
#3059=CARTESIAN_POINT('',(0.0533989420327651,0.0188607288065274,0.0127));
#3060=CARTESIAN_POINT('',(0.0532114144742943,0.0187257452765208,0.0127));
#3061=CARTESIAN_POINT('',(0.0529807615484803,0.0185586692450569,0.0127));
#3062=CARTESIAN_POINT('',(0.0527201600928128,0.0183655484430497,0.0127));
#3063=CARTESIAN_POINT('',(0.0524541956615554,0.0181566362129301,0.0127));
#3064=CARTESIAN_POINT('',(0.0522430791138134,0.0179762888433034,0.0127));
#3065=CARTESIAN_POINT('',(0.0520971526069706,0.0178366456605537,0.0127));
#3066=CARTESIAN_POINT('',(0.0520519908532611,0.0177859454096597,0.0127));
#3067=CARTESIAN_POINT('',(0.0520419243931824,0.017774122453032,0.0127));
#3068=CARTESIAN_POINT('',(0.0520419243931826,0.0177741224530323,0.0127));
#3069=CARTESIAN_POINT('',(0.0520419243931825,0.0177741224530325,0.0127));
#3070=CARTESIAN_POINT('',(0.0520335105916004,0.0177605654207301,0.0127));
#3071=CARTESIAN_POINT('',(0.0519867132962447,0.0176799134283164,0.0127));
#3072=CARTESIAN_POINT('',(0.0518756191093701,0.0173946840682726,0.0127));
#3073=CARTESIAN_POINT('',(0.0517621909196766,0.0169691108793901,0.0127));
#3074=CARTESIAN_POINT('',(0.0516714242530643,0.0164385551620929,0.0127));
#3075=CARTESIAN_POINT('',(0.0516165111809574,0.0158472888046606,0.0127));
#3076=CARTESIAN_POINT('',(0.051603601279734,0.0153399770558568,0.0127));
#3077=CARTESIAN_POINT('',(0.0516112890467065,0.014949405615779,0.0127));
#3078=CARTESIAN_POINT('',(0.0516249380606543,0.0146694156334088,0.0127));
#3079=CARTESIAN_POINT('',(0.0516454870945421,0.0144070782672941,0.0127));
#3080=CARTESIAN_POINT('',(0.0516697052613493,0.0141803624052946,0.0127));
#3081=CARTESIAN_POINT('',(0.0517067691043148,0.0138977663553959,0.0127));
#3082=CARTESIAN_POINT('',(0.0517488607818257,0.0136055393934333,0.0127));
#3083=CARTESIAN_POINT('',(0.0517879062058172,0.0133305837982376,0.0127));
#3084=CARTESIAN_POINT('',(0.0518198521897614,0.013094535440814,0.0127));
#3085=CARTESIAN_POINT('',(0.051852157336738,0.0128344909126433,0.0127));
#3086=CARTESIAN_POINT('',(0.0518795217564669,0.0125788160431939,0.0127));
#3087=CARTESIAN_POINT('',(0.0518992176880006,0.0123527735482103,0.0127));
#3088=CARTESIAN_POINT('',(0.0519121708094747,0.0121754636298599,0.0127));
#3089=CARTESIAN_POINT('',(0.0519233062429886,0.0119817370012945,0.0127));
#3090=CARTESIAN_POINT('',(0.0519343329712477,0.0116947711052946,0.0127));
#3091=CARTESIAN_POINT('',(0.0519359154474507,0.0113701033104349,0.0127));
#3092=CARTESIAN_POINT('',(0.0519236982078166,0.0110280480453855,0.0127));
#3093=CARTESIAN_POINT('',(0.0518985960226221,0.0106378875683885,0.0127));
#3094=CARTESIAN_POINT('',(0.0518447523169117,0.0101772176833602,0.0127));
#3095=CARTESIAN_POINT('',(0.0517487832874935,0.0096734196490416,0.0127));
#3096=CARTESIAN_POINT('',(0.0516554220514566,0.00928404881539346,0.0127));
#3097=CARTESIAN_POINT('',(0.0515289516254252,0.00885521319466505,0.0127));
#3098=CARTESIAN_POINT('',(0.0513631681021731,0.00839631867339526,0.0127));
#3099=CARTESIAN_POINT('',(0.0511556671389604,0.00792087004630175,0.0127));
#3100=CARTESIAN_POINT('',(0.0509019832627371,0.00743369721033553,0.0127));
#3101=CARTESIAN_POINT('',(0.0505961630726816,0.00693941855851788,0.0127));
#3102=CARTESIAN_POINT('',(0.050301002526189,0.0065356964129361,0.0127));
#3103=CARTESIAN_POINT('',(0.0500357615671965,0.00621567163399816,0.0127));
#3104=CARTESIAN_POINT('',(0.0497477160986637,0.0058971919411764,0.0127));
#3105=CARTESIAN_POINT('',(0.0493884356448455,0.00554742621992151,0.0127));
#3106=CARTESIAN_POINT('',(0.0490146910276821,0.00523368782008338,0.0127));
#3107=CARTESIAN_POINT('',(0.0486975581677021,0.00499758805363999,0.0127));
#3108=CARTESIAN_POINT('',(0.0483871050487593,0.00478454169623267,0.0127));
#3109=CARTESIAN_POINT('',(0.0480097520281219,0.00455543899219265,0.0127));
#3110=CARTESIAN_POINT('',(0.0475965455697363,0.0043388758880033,0.0127));
#3111=CARTESIAN_POINT('',(0.0471979436859806,0.00415750748914048,0.0127));
#3112=CARTESIAN_POINT('',(0.0468307806483377,0.00401301796485171,0.0127));
#3113=CARTESIAN_POINT('',(0.0464889945282128,0.00389589836356331,0.0127));
#3114=CARTESIAN_POINT('',(0.0461708907199594,0.00380152312322071,0.0127));
#3115=CARTESIAN_POINT('',(0.0458876582923393,0.00372827725789914,0.0127));
#3116=CARTESIAN_POINT('',(0.0456212128665528,0.00366816227632552,0.0127));
#3117=CARTESIAN_POINT('',(0.0453863220837285,0.00362187130861737,0.0127));
#3118=CARTESIAN_POINT('',(0.0450912192296836,0.00357058420191367,0.0127));
#3119=CARTESIAN_POINT('',(0.0448231612853593,0.00353321310431822,0.0127));
#3120=CARTESIAN_POINT('',(0.0445920754130738,0.003506448775571,0.0127));
#3121=CARTESIAN_POINT('',(0.0443903703541277,0.00348557487306454,0.0127));
#3122=CARTESIAN_POINT('',(0.0441584123675582,0.00346510276998062,0.0127));
#3123=CARTESIAN_POINT('',(0.0439217785622912,0.00344760093660759,0.0127));
#3124=CARTESIAN_POINT('',(0.0437247483968696,0.0034342987705278,0.0127));
#3125=CARTESIAN_POINT('',(0.0434997787028153,0.00341942071903866,0.0127));
#3126=CARTESIAN_POINT('',(0.043378982419872,0.00341047074001221,0.0127));
#3127=CARTESIAN_POINT('',(0.0433133849187217,0.00340486053616086,0.0127));
#3128=CARTESIAN_POINT('',(0.0433133849187216,0.00340486053616085,0.0127));
#3129=CARTESIAN_POINT('',(0.0433133849187216,0.00340486053616092,0.0127));
#3130=CARTESIAN_POINT('',(0.0432524141368705,0.00335368593243649,0.0127));
#3131=CARTESIAN_POINT('',(0.043092690279025,0.00319969016369112,0.0127));
#3132=CARTESIAN_POINT('',(0.0428340174550965,0.00284316735062267,0.0127));
#3133=CARTESIAN_POINT('',(0.0426482537383987,0.00246506561408226,0.0127));
#3134=CARTESIAN_POINT('',(0.0425374575350334,0.00213709308456222,0.0127));
#3135=CARTESIAN_POINT('',(0.0424578192290542,0.00182067157630187,0.0127));
#3136=CARTESIAN_POINT('',(0.0423792999912885,0.00136473479542288,0.0127));
#3137=CARTESIAN_POINT('',(0.0423020713882531,0.000661372629577331,0.0127));
#3138=CARTESIAN_POINT('',(0.0422670996212186,-0.000329028932604652,0.0127));
#3139=CARTESIAN_POINT('',(0.0423075980720378,-0.00125773977008514,0.0127));
#3140=CARTESIAN_POINT('',(0.0423601931653659,-0.00183999837779404,0.0127));
#3141=CARTESIAN_POINT('',(0.0423870880952843,-0.00205324737815991,0.0127));
#3142=CARTESIAN_POINT('',(0.0423978110391579,-0.00212919848947368,0.0127));
#3143=CARTESIAN_POINT('',(0.0423978110391584,-0.00212919848947704,0.0127));
#3144=CARTESIAN_POINT('',(0.042397811039158,-0.00212919848947719,0.0127));
#3145=CARTESIAN_POINT('',(0.042412043513562,-0.00218219477961375,0.0127));
#3146=CARTESIAN_POINT('',(0.0424340886530564,-0.00226824570754296,0.0127));
#3147=CARTESIAN_POINT('',(0.0424613765160873,-0.00238265828525716,0.0127));
#3148=CARTESIAN_POINT('',(0.0424870049308074,-0.00249643187049156,0.0127));
#3149=CARTESIAN_POINT('',(0.042514939449417,-0.00263208731842743,0.0127));
#3150=CARTESIAN_POINT('',(0.0425523690841446,-0.00283524106777688,0.0127));
#3151=CARTESIAN_POINT('',(0.0425950696931865,-0.00312322974208063,0.0127));
#3152=CARTESIAN_POINT('',(0.0426311184764222,-0.00349222296625439,0.0127));
#3153=CARTESIAN_POINT('',(0.0426499587359247,-0.00393161401885128,0.0127));
#3154=CARTESIAN_POINT('',(0.04264000177894,-0.00434919712620659,0.0127));
#3155=CARTESIAN_POINT('',(0.0426107363865513,-0.00470989915042367,0.0127));
#3156=CARTESIAN_POINT('',(0.0425643839617781,-0.00509022022460083,0.0127));
#3157=CARTESIAN_POINT('',(0.0424771238245033,-0.00556857037593914,0.0127));
#3158=CARTESIAN_POINT('',(0.0423366757447296,-0.00608114864599449,0.0127));
#3159=CARTESIAN_POINT('',(0.0422009511729281,-0.00647046264980487,0.0127));
#3160=CARTESIAN_POINT('',(0.0420858650615515,-0.00676031211096733,0.0127));
#3161=CARTESIAN_POINT('',(0.0419561176343029,-0.00704837707991239,0.0127));
#3162=CARTESIAN_POINT('',(0.0418200978001809,-0.00731803100111569,0.0127));
#3163=CARTESIAN_POINT('',(0.041676414183747,-0.00757584279967135,0.0127));
#3164=CARTESIAN_POINT('',(0.0414719585601178,-0.00790904040422199,0.0127));
#3165=CARTESIAN_POINT('',(0.0412130877202418,-0.00827716603112139,0.0127));
#3166=CARTESIAN_POINT('',(0.0409063660438699,-0.00865391374089102,0.0127));
#3167=CARTESIAN_POINT('',(0.0405995550984273,-0.00898382428187733,0.0127));
#3168=CARTESIAN_POINT('',(0.0403598664250708,-0.00921194674880409,0.0127));
#3169=CARTESIAN_POINT('',(0.0401881678454047,-0.0093638126624272,0.0127));
#3170=CARTESIAN_POINT('',(0.040034620830904,-0.00949392604119412,0.0127));
#3171=CARTESIAN_POINT('',(0.0398389763755665,-0.00964958992763549,0.0127));
#3172=CARTESIAN_POINT('',(0.039655759792657,-0.00978325346559063,0.0127));
#3173=CARTESIAN_POINT('',(0.0395251034889575,-0.00987353289367709,0.0127));
#3174=CARTESIAN_POINT('',(0.0394415216836252,-0.00992945492034514,0.0127));
#3175=CARTESIAN_POINT('',(0.0393639724810522,-0.00998001633528174,0.0127));
#3176=CARTESIAN_POINT('',(0.0392599417086446,-0.0100460511738068,0.0127));
#3177=CARTESIAN_POINT('',(0.0391343549587567,-0.0101224950583646,0.0127));
#3178=CARTESIAN_POINT('',(0.0389972505125657,-0.0102016693147742,0.0127));
#3179=CARTESIAN_POINT('',(0.0388795735595018,-0.0102667269122651,0.0127));
#3180=CARTESIAN_POINT('',(0.0387641740384745,-0.010328014770815,0.0127));
#3181=CARTESIAN_POINT('',(0.0386585794983344,-0.0103818239858393,0.0127));
#3182=CARTESIAN_POINT('',(0.0385371702288184,-0.0104416573658743,0.0127));
#3183=CARTESIAN_POINT('',(0.0383926707029239,-0.0105095144367396,0.0127));
#3184=CARTESIAN_POINT('',(0.0382465797834261,-0.0105743618816521,0.0127));
#3185=CARTESIAN_POINT('',(0.0381153428534583,-0.0106300046279732,0.0127));
#3186=CARTESIAN_POINT('',(0.0379603620763716,-0.0106931517729304,0.0127));
#3187=CARTESIAN_POINT('',(0.0378176950056893,-0.0107480297960082,0.0127));
#3188=CARTESIAN_POINT('',(0.0376988201650384,-0.0107920120477689,0.0127));
#3189=CARTESIAN_POINT('',(0.0375825292894289,-0.0108340745624418,0.0127));
#3190=CARTESIAN_POINT('',(0.0373957650540403,-0.0108994031658691,0.0127));
#3191=CARTESIAN_POINT('',(0.0371569018351407,-0.0109789496048713,0.0127));
#3192=CARTESIAN_POINT('',(0.0368897359189727,-0.0110648280221708,0.0127));
#3193=CARTESIAN_POINT('',(0.0366297421455705,-0.0111469371065955,0.0127));
#3194=CARTESIAN_POINT('',(0.0363710550985083,-0.0112283347056841,0.0127));
#3195=CARTESIAN_POINT('',(0.0361115751810716,-0.0113105482181087,0.0127));
#3196=CARTESIAN_POINT('',(0.0357639751042628,-0.0114224240349938,0.0127));
#3197=CARTESIAN_POINT('',(0.0353283212682794,-0.011567578183647,0.0127));
#3198=CARTESIAN_POINT('',(0.0348207641752877,-0.011749103017075,0.0127));
#3199=CARTESIAN_POINT('',(0.0343494080519973,-0.0119341248493839,0.0127));
#3200=CARTESIAN_POINT('',(0.0339513656801415,-0.0121093051382717,0.0127));
#3201=CARTESIAN_POINT('',(0.0336957333036292,-0.012239103672171,0.0127));
#3202=CARTESIAN_POINT('',(0.0335753536366468,-0.0123077818625497,0.0127));
#3203=CARTESIAN_POINT('',(0.0334786792899735,-0.0123675244187735,0.0127));
#3204=CARTESIAN_POINT('',(0.0333712772530528,-0.012443108648717,0.0127));
#3205=CARTESIAN_POINT('',(0.0332662853944399,-0.0125295354723722,0.0127));
#3206=CARTESIAN_POINT('',(0.0331656034406338,-0.0126254889143982,0.0127));
#3207=CARTESIAN_POINT('',(0.0330346552630081,-0.0127697509400655,0.0127));
#3208=CARTESIAN_POINT('',(0.032857681302043,-0.0130061721757862,0.0127));
#3209=CARTESIAN_POINT('',(0.0326157305961776,-0.013427801400962,0.0127));
#3210=CARTESIAN_POINT('',(0.0324003010054831,-0.0139079571208748,0.0127));
#3211=CARTESIAN_POINT('',(0.0322221746685014,-0.0143795985105886,0.0127));
#3212=CARTESIAN_POINT('',(0.0321077763014804,-0.0147179948693027,0.0127));
#3213=CARTESIAN_POINT('',(0.0320133451945586,-0.0150366226663122,0.0127));
#3214=CARTESIAN_POINT('',(0.0319143556883677,-0.0154282558873297,0.0127));
#3215=CARTESIAN_POINT('',(0.0318408109216556,-0.0158430515030519,0.0127));
#3216=CARTESIAN_POINT('',(0.031823498770806,-0.0161209239080574,0.0127));
#3217=CARTESIAN_POINT('',(0.0318266697392597,-0.0162454466696412,0.0127));
#3218=CARTESIAN_POINT('',(0.0318294027565564,-0.0162703789447879,0.0127));
#3219=CARTESIAN_POINT('',(0.0318300942379279,-0.0162760252400931,0.0127));
#3220=CARTESIAN_POINT('',(-0.0487729938007347,-0.0116345135521836,0.0147));
#3221=CARTESIAN_POINT('',(0.031830094237928,-0.0162760252400938,0.0147));
#3222=CARTESIAN_POINT('',(0.0318322600214347,-0.0162870615180488,0.0147));
#3223=CARTESIAN_POINT('',(0.0318448204297728,-0.0163459494375143,0.0147));
#3224=CARTESIAN_POINT('',(0.0318805183247913,-0.0164850082018117,0.0147));
#3225=CARTESIAN_POINT('',(0.031917951569095,-0.016623177570126,0.0147));
#3226=CARTESIAN_POINT('',(0.0319649794028031,-0.0167918415733719,0.0147));
#3227=CARTESIAN_POINT('',(0.0320228696230162,-0.0169991179098953,0.0147));
#3228=CARTESIAN_POINT('',(0.0320810661694471,-0.0172138095134555,0.0147));
#3229=CARTESIAN_POINT('',(0.0321337765918148,-0.0174202358986812,0.0147));
#3230=CARTESIAN_POINT('',(0.0321701995443373,-0.0175714647650928,0.0147));
#3231=CARTESIAN_POINT('',(0.0321996953256528,-0.0177014027151322,0.0147));
#3232=CARTESIAN_POINT('',(0.0322237842427645,-0.0178125845381349,0.0147));
#3233=CARTESIAN_POINT('',(0.0322487753386783,-0.0179352549745254,0.0147));
#3234=CARTESIAN_POINT('',(0.0322737380283393,-0.0180672508065475,0.0147));
#3235=CARTESIAN_POINT('',(0.0322983813840871,-0.0182088768550044,0.0147));
#3236=CARTESIAN_POINT('',(0.0323240441324821,-0.0183736540742046,0.0147));
#3237=CARTESIAN_POINT('',(0.0323440353904851,-0.0185225169758035,0.0147));
#3238=CARTESIAN_POINT('',(0.0323586832496709,-0.0186476291209864,0.0147));
#3239=CARTESIAN_POINT('',(0.0323686616084373,-0.0187419729099917,0.0147));
#3240=CARTESIAN_POINT('',(0.0323783604686282,-0.0188443746265931,0.0147));
#3241=CARTESIAN_POINT('',(0.0323914165944757,-0.0190062788063912,0.0147));
#3242=CARTESIAN_POINT('',(0.0324045336095949,-0.0192411873711025,0.0147));
#3243=CARTESIAN_POINT('',(0.0324084165463698,-0.0195038191687706,0.0147));
#3244=CARTESIAN_POINT('',(0.0324042750007445,-0.0197237227436287,0.0147));
#3245=CARTESIAN_POINT('',(0.032397745998467,-0.0198886600836063,0.0147));
#3246=CARTESIAN_POINT('',(0.0323858019263251,-0.0200799263238277,0.0147));
#3247=CARTESIAN_POINT('',(0.03236681800776,-0.0202901607735894,0.0147));
#3248=CARTESIAN_POINT('',(0.0323397884007912,-0.0205138426415702,0.0147));
#3249=CARTESIAN_POINT('',(0.0322922730020198,-0.020827207318766,0.0147));
#3250=CARTESIAN_POINT('',(0.0322159398981229,-0.0212015371349941,0.0147));
#3251=CARTESIAN_POINT('',(0.0321213270423509,-0.0215472253787768,0.0147));
#3252=CARTESIAN_POINT('',(0.0320583720689367,-0.0217512240292364,0.0147));
#3253=CARTESIAN_POINT('',(0.0319495925518008,-0.0220773681947,0.0147));
#3254=CARTESIAN_POINT('',(0.0317319014182812,-0.0226208316862035,0.0147));
#3255=CARTESIAN_POINT('',(0.0313864120069889,-0.0232581823727012,0.0147));
#3256=CARTESIAN_POINT('',(0.0310269418530579,-0.0237882975985652,0.0147));
#3257=CARTESIAN_POINT('',(0.0307110134430655,-0.0241913213972494,0.0147));
#3258=CARTESIAN_POINT('',(0.030337980631486,-0.0245984444132606,0.0147));
#3259=CARTESIAN_POINT('',(0.0299432550629262,-0.0249669682667029,0.0147));
#3260=CARTESIAN_POINT('',(0.0295156954662273,-0.0253104034997889,0.0147));
#3261=CARTESIAN_POINT('',(0.029126174679307,-0.025576923483255,0.0147));
#3262=CARTESIAN_POINT('',(0.0287824914961334,-0.0257811388366848,0.0147));
#3263=CARTESIAN_POINT('',(0.0284429462905547,-0.0259635803532492,0.0147));
#3264=CARTESIAN_POINT('',(0.028028565951008,-0.0261548785780983,0.0147));
#3265=CARTESIAN_POINT('',(0.0275421908236186,-0.0263375877853051,0.0147));
#3266=CARTESIAN_POINT('',(0.0270540925849449,-0.0264827421482884,0.0147));
#3267=CARTESIAN_POINT('',(0.0265648032136006,-0.0265905035473567,0.0147));
#3268=CARTESIAN_POINT('',(0.0261085797585852,-0.0266583931801092,0.0147));
#3269=CARTESIAN_POINT('',(0.0257577778603896,-0.0266885464956845,0.0147));
#3270=CARTESIAN_POINT('',(0.0254989487244279,-0.0267001360427856,0.0147));
#3271=CARTESIAN_POINT('',(0.0252583599056328,-0.0267047764665103,0.0147));
#3272=CARTESIAN_POINT('',(0.0249662777824452,-0.0266996200633484,0.0147));
#3273=CARTESIAN_POINT('',(0.0246364224043819,-0.0266780055580612,0.0147));
#3274=CARTESIAN_POINT('',(0.0243346326211099,-0.0266444929315604,0.0147));
#3275=CARTESIAN_POINT('',(0.0240777018623215,-0.0266059968096213,0.0147));
#3276=CARTESIAN_POINT('',(0.0238315156970381,-0.026560664690579,0.0147));
#3277=CARTESIAN_POINT('',(0.0236013033225065,-0.0265101400349842,0.0147));
#3278=CARTESIAN_POINT('',(0.0233923681123832,-0.0264573860869291,0.0147));
#3279=CARTESIAN_POINT('',(0.023148573787028,-0.0263889123714161,0.0147));
#3280=CARTESIAN_POINT('',(0.0229198107839831,-0.0263150213477324,0.0147));
#3281=CARTESIAN_POINT('',(0.0227288749385556,-0.0262465836470104,0.0147));
#3282=CARTESIAN_POINT('',(0.0225563060482877,-0.0261813092821892,0.0147));
#3283=CARTESIAN_POINT('',(0.0224294644692953,-0.0261293993254251,0.0147));
#3284=CARTESIAN_POINT('',(0.0223496013013784,-0.0260951341333272,0.0147));
#3285=CARTESIAN_POINT('',(0.0318300942379279,-0.0162760252400932,0.0147));
#3286=CARTESIAN_POINT('',(0.0223496013013782,-0.026095134133327,0.0147));
#3287=CARTESIAN_POINT('',(0.042397811039158,-0.00212919848947719,0.0147));
#3288=CARTESIAN_POINT('',(0.042412043513562,-0.00218219477961375,0.0147));
#3289=CARTESIAN_POINT('',(0.0424340886530564,-0.00226824570754296,0.0147));
#3290=CARTESIAN_POINT('',(0.0424613765160873,-0.00238265828525716,0.0147));
#3291=CARTESIAN_POINT('',(0.0424870049308074,-0.00249643187049156,0.0147));
#3292=CARTESIAN_POINT('',(0.042514939449417,-0.00263208731842743,0.0147));
#3293=CARTESIAN_POINT('',(0.0425523690841446,-0.00283524106777688,0.0147));
#3294=CARTESIAN_POINT('',(0.0425950696931865,-0.00312322974208063,0.0147));
#3295=CARTESIAN_POINT('',(0.0426311184764222,-0.00349222296625439,0.0147));
#3296=CARTESIAN_POINT('',(0.0426499587359247,-0.00393161401885128,0.0147));
#3297=CARTESIAN_POINT('',(0.04264000177894,-0.00434919712620659,0.0147));
#3298=CARTESIAN_POINT('',(0.0426107363865513,-0.00470989915042367,0.0147));
#3299=CARTESIAN_POINT('',(0.0425643839617781,-0.00509022022460083,0.0147));
#3300=CARTESIAN_POINT('',(0.0424771238245033,-0.00556857037593914,0.0147));
#3301=CARTESIAN_POINT('',(0.0423366757447296,-0.00608114864599449,0.0147));
#3302=CARTESIAN_POINT('',(0.0422009511729281,-0.00647046264980487,0.0147));
#3303=CARTESIAN_POINT('',(0.0420858650615515,-0.00676031211096733,0.0147));
#3304=CARTESIAN_POINT('',(0.0419561176343029,-0.00704837707991239,0.0147));
#3305=CARTESIAN_POINT('',(0.0418200978001809,-0.00731803100111569,0.0147));
#3306=CARTESIAN_POINT('',(0.041676414183747,-0.00757584279967135,0.0147));
#3307=CARTESIAN_POINT('',(0.0414719585601178,-0.00790904040422199,0.0147));
#3308=CARTESIAN_POINT('',(0.0412130877202418,-0.00827716603112139,0.0147));
#3309=CARTESIAN_POINT('',(0.0409063660438699,-0.00865391374089102,0.0147));
#3310=CARTESIAN_POINT('',(0.0405995550984273,-0.00898382428187733,0.0147));
#3311=CARTESIAN_POINT('',(0.0403598664250708,-0.00921194674880409,0.0147));
#3312=CARTESIAN_POINT('',(0.0401881678454047,-0.0093638126624272,0.0147));
#3313=CARTESIAN_POINT('',(0.040034620830904,-0.00949392604119412,0.0147));
#3314=CARTESIAN_POINT('',(0.0398389763755665,-0.00964958992763549,0.0147));
#3315=CARTESIAN_POINT('',(0.039655759792657,-0.00978325346559063,0.0147));
#3316=CARTESIAN_POINT('',(0.0395251034889575,-0.00987353289367709,0.0147));
#3317=CARTESIAN_POINT('',(0.0394415216836252,-0.00992945492034514,0.0147));
#3318=CARTESIAN_POINT('',(0.0393639724810522,-0.00998001633528174,0.0147));
#3319=CARTESIAN_POINT('',(0.0392599417086446,-0.0100460511738068,0.0147));
#3320=CARTESIAN_POINT('',(0.0391343549587567,-0.0101224950583646,0.0147));
#3321=CARTESIAN_POINT('',(0.0389972505125657,-0.0102016693147742,0.0147));
#3322=CARTESIAN_POINT('',(0.0388795735595018,-0.0102667269122651,0.0147));
#3323=CARTESIAN_POINT('',(0.0387641740384745,-0.010328014770815,0.0147));
#3324=CARTESIAN_POINT('',(0.0386585794983344,-0.0103818239858393,0.0147));
#3325=CARTESIAN_POINT('',(0.0385371702288184,-0.0104416573658743,0.0147));
#3326=CARTESIAN_POINT('',(0.0383926707029239,-0.0105095144367396,0.0147));
#3327=CARTESIAN_POINT('',(0.0382465797834261,-0.0105743618816521,0.0147));
#3328=CARTESIAN_POINT('',(0.0381153428534583,-0.0106300046279732,0.0147));
#3329=CARTESIAN_POINT('',(0.0379603620763716,-0.0106931517729304,0.0147));
#3330=CARTESIAN_POINT('',(0.0378176950056893,-0.0107480297960082,0.0147));
#3331=CARTESIAN_POINT('',(0.0376988201650384,-0.0107920120477689,0.0147));
#3332=CARTESIAN_POINT('',(0.0375825292894289,-0.0108340745624418,0.0147));
#3333=CARTESIAN_POINT('',(0.0373957650540403,-0.0108994031658691,0.0147));
#3334=CARTESIAN_POINT('',(0.0371569018351407,-0.0109789496048713,0.0147));
#3335=CARTESIAN_POINT('',(0.0368897359189727,-0.0110648280221708,0.0147));
#3336=CARTESIAN_POINT('',(0.0366297421455705,-0.0111469371065955,0.0147));
#3337=CARTESIAN_POINT('',(0.0363710550985083,-0.0112283347056841,0.0147));
#3338=CARTESIAN_POINT('',(0.0361115751810716,-0.0113105482181087,0.0147));
#3339=CARTESIAN_POINT('',(0.0357639751042628,-0.0114224240349938,0.0147));
#3340=CARTESIAN_POINT('',(0.0353283212682794,-0.011567578183647,0.0147));
#3341=CARTESIAN_POINT('',(0.0348207641752877,-0.011749103017075,0.0147));
#3342=CARTESIAN_POINT('',(0.0343494080519973,-0.0119341248493839,0.0147));
#3343=CARTESIAN_POINT('',(0.0339513656801415,-0.0121093051382717,0.0147));
#3344=CARTESIAN_POINT('',(0.0336957333036292,-0.012239103672171,0.0147));
#3345=CARTESIAN_POINT('',(0.0335753536366468,-0.0123077818625497,0.0147));
#3346=CARTESIAN_POINT('',(0.0334786792899735,-0.0123675244187735,0.0147));
#3347=CARTESIAN_POINT('',(0.0333712772530528,-0.012443108648717,0.0147));
#3348=CARTESIAN_POINT('',(0.0332662853944399,-0.0125295354723722,0.0147));
#3349=CARTESIAN_POINT('',(0.0331656034406338,-0.0126254889143982,0.0147));
#3350=CARTESIAN_POINT('',(0.0330346552630081,-0.0127697509400655,0.0147));
#3351=CARTESIAN_POINT('',(0.032857681302043,-0.0130061721757862,0.0147));
#3352=CARTESIAN_POINT('',(0.0326157305961776,-0.013427801400962,0.0147));
#3353=CARTESIAN_POINT('',(0.0324003010054831,-0.0139079571208748,0.0147));
#3354=CARTESIAN_POINT('',(0.0322221746685014,-0.0143795985105886,0.0147));
#3355=CARTESIAN_POINT('',(0.0321077763014804,-0.0147179948693027,0.0147));
#3356=CARTESIAN_POINT('',(0.0320133451945586,-0.0150366226663122,0.0147));
#3357=CARTESIAN_POINT('',(0.0319143556883677,-0.0154282558873297,0.0147));
#3358=CARTESIAN_POINT('',(0.0318408109216556,-0.0158430515030519,0.0147));
#3359=CARTESIAN_POINT('',(0.031823498770806,-0.0161209239080574,0.0147));
#3360=CARTESIAN_POINT('',(0.0318266697392597,-0.0162454466696412,0.0147));
#3361=CARTESIAN_POINT('',(0.0318294027565564,-0.0162703789447879,0.0147));
#3362=CARTESIAN_POINT('',(0.0318300942379279,-0.0162760252400931,0.0147));
#3363=CARTESIAN_POINT('',(0.0423978110391584,-0.00212919848947704,0.0147));
#3364=CARTESIAN_POINT('',(0.0433133849187216,0.00340486053616092,0.0147));
#3365=CARTESIAN_POINT('',(0.0432524141368705,0.00335368593243649,0.0147));
#3366=CARTESIAN_POINT('',(0.043092690279025,0.00319969016369112,0.0147));
#3367=CARTESIAN_POINT('',(0.0428340174550965,0.00284316735062267,0.0147));
#3368=CARTESIAN_POINT('',(0.0426482537383987,0.00246506561408226,0.0147));
#3369=CARTESIAN_POINT('',(0.0425374575350334,0.00213709308456222,0.0147));
#3370=CARTESIAN_POINT('',(0.0424578192290542,0.00182067157630187,0.0147));
#3371=CARTESIAN_POINT('',(0.0423792999912885,0.00136473479542288,0.0147));
#3372=CARTESIAN_POINT('',(0.0423020713882531,0.000661372629577331,0.0147));
#3373=CARTESIAN_POINT('',(0.0422670996212186,-0.000329028932604652,0.0147));
#3374=CARTESIAN_POINT('',(0.0423075980720378,-0.00125773977008514,0.0147));
#3375=CARTESIAN_POINT('',(0.0423601931653659,-0.00183999837779404,0.0147));
#3376=CARTESIAN_POINT('',(0.0423870880952843,-0.00205324737815991,0.0147));
#3377=CARTESIAN_POINT('',(0.0423978110391579,-0.00212919848947368,0.0147));
#3378=CARTESIAN_POINT('',(0.0433133849187216,0.00340486053616085,0.0147));
#3379=CARTESIAN_POINT('',(0.0520419243931825,0.0177741224530325,0.0147));
#3380=CARTESIAN_POINT('',(0.0520335105916004,0.0177605654207301,0.0147));
#3381=CARTESIAN_POINT('',(0.0519867132962447,0.0176799134283164,0.0147));
#3382=CARTESIAN_POINT('',(0.0518756191093701,0.0173946840682726,0.0147));
#3383=CARTESIAN_POINT('',(0.0517621909196766,0.0169691108793901,0.0147));
#3384=CARTESIAN_POINT('',(0.0516714242530643,0.0164385551620929,0.0147));
#3385=CARTESIAN_POINT('',(0.0516165111809574,0.0158472888046606,0.0147));
#3386=CARTESIAN_POINT('',(0.051603601279734,0.0153399770558568,0.0147));
#3387=CARTESIAN_POINT('',(0.0516112890467065,0.014949405615779,0.0147));
#3388=CARTESIAN_POINT('',(0.0516249380606543,0.0146694156334088,0.0147));
#3389=CARTESIAN_POINT('',(0.0516454870945421,0.0144070782672941,0.0147));
#3390=CARTESIAN_POINT('',(0.0516697052613493,0.0141803624052946,0.0147));
#3391=CARTESIAN_POINT('',(0.0517067691043148,0.0138977663553959,0.0147));
#3392=CARTESIAN_POINT('',(0.0517488607818257,0.0136055393934333,0.0147));
#3393=CARTESIAN_POINT('',(0.0517879062058172,0.0133305837982376,0.0147));
#3394=CARTESIAN_POINT('',(0.0518198521897614,0.013094535440814,0.0147));
#3395=CARTESIAN_POINT('',(0.051852157336738,0.0128344909126433,0.0147));
#3396=CARTESIAN_POINT('',(0.0518795217564669,0.0125788160431939,0.0147));
#3397=CARTESIAN_POINT('',(0.0518992176880006,0.0123527735482103,0.0147));
#3398=CARTESIAN_POINT('',(0.0519121708094747,0.0121754636298599,0.0147));
#3399=CARTESIAN_POINT('',(0.0519233062429886,0.0119817370012945,0.0147));
#3400=CARTESIAN_POINT('',(0.0519343329712477,0.0116947711052946,0.0147));
#3401=CARTESIAN_POINT('',(0.0519359154474507,0.0113701033104349,0.0147));
#3402=CARTESIAN_POINT('',(0.0519236982078166,0.0110280480453855,0.0147));
#3403=CARTESIAN_POINT('',(0.0518985960226221,0.0106378875683885,0.0147));
#3404=CARTESIAN_POINT('',(0.0518447523169117,0.0101772176833602,0.0147));
#3405=CARTESIAN_POINT('',(0.0517487832874935,0.0096734196490416,0.0147));
#3406=CARTESIAN_POINT('',(0.0516554220514566,0.00928404881539346,0.0147));
#3407=CARTESIAN_POINT('',(0.0515289516254252,0.00885521319466505,0.0147));
#3408=CARTESIAN_POINT('',(0.0513631681021731,0.00839631867339526,0.0147));
#3409=CARTESIAN_POINT('',(0.0511556671389604,0.00792087004630175,0.0147));
#3410=CARTESIAN_POINT('',(0.0509019832627371,0.00743369721033553,0.0147));
#3411=CARTESIAN_POINT('',(0.0505961630726816,0.00693941855851788,0.0147));
#3412=CARTESIAN_POINT('',(0.050301002526189,0.0065356964129361,0.0147));
#3413=CARTESIAN_POINT('',(0.0500357615671965,0.00621567163399816,0.0147));
#3414=CARTESIAN_POINT('',(0.0497477160986637,0.0058971919411764,0.0147));
#3415=CARTESIAN_POINT('',(0.0493884356448455,0.00554742621992151,0.0147));
#3416=CARTESIAN_POINT('',(0.0490146910276821,0.00523368782008338,0.0147));
#3417=CARTESIAN_POINT('',(0.0486975581677021,0.00499758805363999,0.0147));
#3418=CARTESIAN_POINT('',(0.0483871050487593,0.00478454169623267,0.0147));
#3419=CARTESIAN_POINT('',(0.0480097520281219,0.00455543899219265,0.0147));
#3420=CARTESIAN_POINT('',(0.0475965455697363,0.0043388758880033,0.0147));
#3421=CARTESIAN_POINT('',(0.0471979436859806,0.00415750748914048,0.0147));
#3422=CARTESIAN_POINT('',(0.0468307806483377,0.00401301796485171,0.0147));
#3423=CARTESIAN_POINT('',(0.0464889945282128,0.00389589836356331,0.0147));
#3424=CARTESIAN_POINT('',(0.0461708907199594,0.00380152312322071,0.0147));
#3425=CARTESIAN_POINT('',(0.0458876582923393,0.00372827725789914,0.0147));
#3426=CARTESIAN_POINT('',(0.0456212128665528,0.00366816227632552,0.0147));
#3427=CARTESIAN_POINT('',(0.0453863220837285,0.00362187130861737,0.0147));
#3428=CARTESIAN_POINT('',(0.0450912192296836,0.00357058420191367,0.0147));
#3429=CARTESIAN_POINT('',(0.0448231612853593,0.00353321310431822,0.0147));
#3430=CARTESIAN_POINT('',(0.0445920754130738,0.003506448775571,0.0147));
#3431=CARTESIAN_POINT('',(0.0443903703541277,0.00348557487306454,0.0147));
#3432=CARTESIAN_POINT('',(0.0441584123675582,0.00346510276998062,0.0147));
#3433=CARTESIAN_POINT('',(0.0439217785622912,0.00344760093660759,0.0147));
#3434=CARTESIAN_POINT('',(0.0437247483968696,0.0034342987705278,0.0147));
#3435=CARTESIAN_POINT('',(0.0434997787028153,0.00341942071903866,0.0147));
#3436=CARTESIAN_POINT('',(0.043378982419872,0.00341047074001221,0.0147));
#3437=CARTESIAN_POINT('',(0.0433133849187217,0.00340486053616086,0.0147));
#3438=CARTESIAN_POINT('',(0.0520419243931826,0.0177741224530323,0.0147));
#3439=CARTESIAN_POINT('',(0.00938065690395899,0.0155005490255515,0.0147));
#3440=CARTESIAN_POINT('',(0.00983101391189809,0.0159292499893491,0.0147));
#3441=CARTESIAN_POINT('',(0.0107273509425661,0.016759131508083,0.0147));
#3442=CARTESIAN_POINT('',(0.0118059261311863,0.0177183853562631,0.0147));
#3443=CARTESIAN_POINT('',(0.0126335135502136,0.0184406366266909,0.0147));
#3444=CARTESIAN_POINT('',(0.013459543766866,0.0191509628237184,0.0147));
#3445=CARTESIAN_POINT('',(0.0144942884748578,0.0200163733814396,0.0147));
#3446=CARTESIAN_POINT('',(0.0157625007848451,0.0210241174108667,0.0147));
#3447=CARTESIAN_POINT('',(0.0175112007403226,0.0223253201544499,0.0147));
#3448=CARTESIAN_POINT('',(0.019842985651156,0.0238650256518952,0.0147));
#3449=CARTESIAN_POINT('',(0.022426518746699,0.0252649567678461,0.0147));
#3450=CARTESIAN_POINT('',(0.0246831890105725,0.0263044229429665,0.0147));
#3451=CARTESIAN_POINT('',(0.0264429729321751,0.0270379868699561,0.0147));
#3452=CARTESIAN_POINT('',(0.028263705366497,0.0277320841022992,0.0147));
#3453=CARTESIAN_POINT('',(0.030130636098145,0.0283876510372367,0.0147));
#3454=CARTESIAN_POINT('',(0.0320290005413223,0.0290055133554305,0.0147));
#3455=CARTESIAN_POINT('',(0.0339454888362662,0.0295855723714604,0.0147));
#3456=CARTESIAN_POINT('',(0.0358631140625978,0.0301259317219333,0.0147));
#3457=CARTESIAN_POINT('',(0.0377658014932382,0.0306247900872558,0.0147));
#3458=CARTESIAN_POINT('',(0.0396371843365975,0.0310798720118894,0.0147));
#3459=CARTESIAN_POINT('',(0.041461030400174,0.0314886007067964,0.0147));
#3460=CARTESIAN_POINT('',(0.0429288386959246,0.0317885653086923,0.0147));
#3461=CARTESIAN_POINT('',(0.0440662092320877,0.0320028519937488,0.0147));
#3462=CARTESIAN_POINT('',(0.044899111207628,0.0321501234189337,0.0147));
#3463=CARTESIAN_POINT('',(0.0457099819257236,0.0322827461609139,0.0147));
#3464=CARTESIAN_POINT('',(0.0464952152196321,0.0323988622200359,0.0147));
#3465=CARTESIAN_POINT('',(0.0472569950328395,0.032496988988675,0.0147));
#3466=CARTESIAN_POINT('',(0.0478807906574563,0.0325621281948623,0.0147));
#3467=CARTESIAN_POINT('',(0.0483802043122542,0.0326020730984354,0.0147));
#3468=CARTESIAN_POINT('',(0.0487669641818477,0.0326253988363835,0.0147));
#3469=CARTESIAN_POINT('',(0.0491661958129154,0.0326397791865929,0.0147));
#3470=CARTESIAN_POINT('',(0.049522997292959,0.0326423450141433,0.0147));
#3471=CARTESIAN_POINT('',(0.0498373519102179,0.0326351799858245,0.0147));
#3472=CARTESIAN_POINT('',(0.050083874924539,0.0326242380532234,0.0147));
#3473=CARTESIAN_POINT('',(0.0503629842998804,0.0326045404405866,0.0147));
#3474=CARTESIAN_POINT('',(0.0506103415602811,0.0325795718355648,0.0147));
#3475=CARTESIAN_POINT('',(0.0508340628308642,0.0325507638566782,0.0147));
#3476=CARTESIAN_POINT('',(0.0510118164765237,0.0325241640141175,0.0147));
#3477=CARTESIAN_POINT('',(0.0511961756929768,0.0324924522258938,0.0147));
#3478=CARTESIAN_POINT('',(0.0513888039784972,0.032455108896565,0.0147));
#3479=CARTESIAN_POINT('',(0.0516198530377232,0.0324039466747925,0.0147));
#3480=CARTESIAN_POINT('',(0.0518720904221418,0.0323393913573718,0.0147));
#3481=CARTESIAN_POINT('',(0.05213901696216,0.0322607619302891,0.0147));
#3482=CARTESIAN_POINT('',(0.0524131313205216,0.03216960766132,0.0147));
#3483=CARTESIAN_POINT('',(0.0527371803253329,0.0320465246664424,0.0147));
#3484=CARTESIAN_POINT('',(0.0530797663329733,0.0318976108495126,0.0147));
#3485=CARTESIAN_POINT('',(0.0534766078483859,0.0316979886309526,0.0147));
#3486=CARTESIAN_POINT('',(0.0538863784534467,0.0314594266738932,0.0147));
#3487=CARTESIAN_POINT('',(0.0543568524314993,0.0311384108473174,0.0147));
#3488=CARTESIAN_POINT('',(0.0548349112560136,0.0307513303265884,0.0147));
#3489=CARTESIAN_POINT('',(0.0553494037068596,0.0302515242464966,0.0147));
#3490=CARTESIAN_POINT('',(0.0557735154656434,0.0297394547209344,0.0147));
#3491=CARTESIAN_POINT('',(0.056089314698246,0.0292820450542089,0.0147));
#3492=CARTESIAN_POINT('',(0.0563150338011316,0.0289100486257225,0.0147));
#3493=CARTESIAN_POINT('',(0.0565275231408442,0.0285053368914897,0.0147));
#3494=CARTESIAN_POINT('',(0.0567211436139099,0.0280670112367175,0.0147));
#3495=CARTESIAN_POINT('',(0.0568800662427956,0.0276306255893979,0.0147));
#3496=CARTESIAN_POINT('',(0.0570116605621271,0.0271820600239219,0.0147));
#3497=CARTESIAN_POINT('',(0.0571157314124019,0.0267180277267702,0.0147));
#3498=CARTESIAN_POINT('',(0.0571901183885521,0.026227187240799,0.0147));
#3499=CARTESIAN_POINT('',(0.0572276473804694,0.0257670269703177,0.0147));
#3500=CARTESIAN_POINT('',(0.0572363394791817,0.025324771174288,0.0147));
#3501=CARTESIAN_POINT('',(0.0572192845670052,0.0248983507939632,0.0147));
#3502=CARTESIAN_POINT('',(0.057163121040072,0.0243353812163132,0.0147));
#3503=CARTESIAN_POINT('',(0.0570646016499733,0.0238235746525037,0.0147));
#3504=CARTESIAN_POINT('',(0.0569429262815213,0.0233734566026602,0.0147));
#3505=CARTESIAN_POINT('',(0.0568469387723758,0.0230731927946511,0.0147));
#3506=CARTESIAN_POINT('',(0.0567427455674352,0.0227887422857638,0.0147));
#3507=CARTESIAN_POINT('',(0.0566329982170311,0.0225235173312134,0.0147));
#3508=CARTESIAN_POINT('',(0.0565211114857755,0.0222803424775414,0.0147));
#3509=CARTESIAN_POINT('',(0.0564144985458689,0.0220681642473667,0.0147));
#3510=CARTESIAN_POINT('',(0.0563069371590933,0.0218694266395234,0.0147));
#3511=CARTESIAN_POINT('',(0.0561985223299783,0.0216828409925683,0.0147));
#3512=CARTESIAN_POINT('',(0.0560919935298272,0.0215110793958514,0.0147));
#3513=CARTESIAN_POINT('',(0.0559926004140281,0.021359663002781,0.0147));
#3514=CARTESIAN_POINT('',(0.0558956031287137,0.0212189519486253,0.0147));
#3515=CARTESIAN_POINT('',(0.0557991851545185,0.021085564836739,0.0147));
#3516=CARTESIAN_POINT('',(0.0557056705369341,0.0209618694462612,0.0147));
#3517=CARTESIAN_POINT('',(0.0556180230524668,0.0208505167664374,0.0147));
#3518=CARTESIAN_POINT('',(0.0555342303167533,0.0207477670374797,0.0147));
#3519=CARTESIAN_POINT('',(0.0554243217797376,0.0206175117631815,0.0147));
#3520=CARTESIAN_POINT('',(0.0553225023001267,0.0205027066345337,0.0147));
#3521=CARTESIAN_POINT('',(0.0552296232004772,0.0204017903826717,0.0147));
#3522=CARTESIAN_POINT('',(0.055136271718057,0.0203028450550562,0.0147));
#3523=CARTESIAN_POINT('',(0.0550229719502889,0.0201872106264602,0.0147));
#3524=CARTESIAN_POINT('',(0.0548950544406748,0.0200624906806093,0.0147));
#3525=CARTESIAN_POINT('',(0.0547816041078098,0.0199561744946712,0.0147));
#3526=CARTESIAN_POINT('',(0.0546816222516152,0.019865244083273,0.0147));
#3527=CARTESIAN_POINT('',(0.0545823393244724,0.0197774116227928,0.0147));
#3528=CARTESIAN_POINT('',(0.054488245708928,0.0196963972923199,0.0147));
#3529=CARTESIAN_POINT('',(0.0543708575420297,0.0195977122036533,0.0147));
#3530=CARTESIAN_POINT('',(0.0542370295096432,0.0194887178186702,0.0147));
#3531=CARTESIAN_POINT('',(0.0540888450314765,0.0193720453898976,0.0147));
#3532=CARTESIAN_POINT('',(0.0539562458906949,0.0192703295610152,0.0147));
#3533=CARTESIAN_POINT('',(0.0537892116917848,0.0191447915363479,0.0147));
#3534=CARTESIAN_POINT('',(0.0536021720580331,0.0190076069479817,0.0147));
#3535=CARTESIAN_POINT('',(0.0533989420327651,0.0188607288065274,0.0147));
#3536=CARTESIAN_POINT('',(0.0532114144742943,0.0187257452765208,0.0147));
#3537=CARTESIAN_POINT('',(0.0529807615484803,0.0185586692450569,0.0147));
#3538=CARTESIAN_POINT('',(0.0527201600928128,0.0183655484430497,0.0147));
#3539=CARTESIAN_POINT('',(0.0524541956615554,0.0181566362129301,0.0147));
#3540=CARTESIAN_POINT('',(0.0522430791138134,0.0179762888433034,0.0147));
#3541=CARTESIAN_POINT('',(0.0520971526069706,0.0178366456605537,0.0147));
#3542=CARTESIAN_POINT('',(0.0520519908532611,0.0177859454096597,0.0147));
#3543=CARTESIAN_POINT('',(0.0520419243931824,0.017774122453032,0.0147));
#3544=CARTESIAN_POINT('',(0.00938065690395887,0.0155005490255516,0.0147));
#3545=CARTESIAN_POINT('',(-0.00355987425240992,0.00965335160488357,0.0147));
#3546=CARTESIAN_POINT('',(-0.00351716547303452,0.00984099604910186,0.0147));
#3547=CARTESIAN_POINT('',(-0.0034512318182264,0.0101360993340023,0.0147));
#3548=CARTESIAN_POINT('',(-0.00335560057857561,0.010555656511039,0.0147));
#3549=CARTESIAN_POINT('',(-0.00327681777142157,0.0108899213312161,0.0147));
#3550=CARTESIAN_POINT('',(-0.00318894322750831,0.0112432355294874,0.0147));
#3551=CARTESIAN_POINT('',(-0.00308552765408344,0.0116283808951368,0.0147));
#3552=CARTESIAN_POINT('',(-0.00297908064657765,0.0119863706415654,0.0147));
#3553=CARTESIAN_POINT('',(-0.00287311858810246,0.0123067109083716,0.0147));
#3554=CARTESIAN_POINT('',(-0.00279529374438377,0.0125248516162599,0.0147));
#3555=CARTESIAN_POINT('',(-0.00272262850559555,0.0127149849560672,0.0147));
#3556=CARTESIAN_POINT('',(-0.00266372712013996,0.0128620554289939,0.0147));
#3557=CARTESIAN_POINT('',(-0.00259875300134635,0.0130168759379122,0.0147));
#3558=CARTESIAN_POINT('',(-0.00252344983998697,0.0131870627820391,0.0147));
#3559=CARTESIAN_POINT('',(-0.00243873260818668,0.0133676400173124,0.0147));
#3560=CARTESIAN_POINT('',(-0.00234548887326227,0.0135547018962096,0.0147));
#3561=CARTESIAN_POINT('',(-0.00224105066029282,0.0137521389880395,0.0147));
#3562=CARTESIAN_POINT('',(-0.00211383257755285,0.0139765244748927,0.0147));
#3563=CARTESIAN_POINT('',(-0.00196832508859415,0.0142139273672851,0.0147));
#3564=CARTESIAN_POINT('',(-0.00183218522770469,0.0144188438693877,0.0147));
#3565=CARTESIAN_POINT('',(-0.00171683327223452,0.0145824885482658,0.0147));
#3566=CARTESIAN_POINT('',(-0.00158319786506551,0.0147643952524839,0.0147));
#3567=CARTESIAN_POINT('',(-0.00138523164570495,0.0150156105849591,0.0147));
#3568=CARTESIAN_POINT('',(-0.00110164092892092,0.0153372432097527,0.0147));
#3569=CARTESIAN_POINT('',(-0.000830269278265842,0.0156094657018919,0.0147));
#3570=CARTESIAN_POINT('',(-0.000598107494232613,0.0158214398217929,0.0147));
#3571=CARTESIAN_POINT('',(-0.000338781251038551,0.0160433962927124,0.0147));
#3572=CARTESIAN_POINT('',(3.46330280223626E-5,0.0163303774885741,0.0147));
#3573=CARTESIAN_POINT('',(0.000554950417135566,0.0166668927546319,0.0147));
#3574=CARTESIAN_POINT('',(0.00105469893972461,0.0169306095419214,0.0147));
#3575=CARTESIAN_POINT('',(0.00149722385300537,0.0171231220607798,0.0147));
#3576=CARTESIAN_POINT('',(0.00195603175786082,0.0172955137639532,0.0147));
#3577=CARTESIAN_POINT('',(0.00244140517619947,0.0174378789941246,0.0147));
#3578=CARTESIAN_POINT('',(0.0029717198550518,0.0175460612353212,0.0147));
#3579=CARTESIAN_POINT('',(0.00350012599094652,0.0176225316562569,0.0147));
#3580=CARTESIAN_POINT('',(0.00402317412102062,0.0176556904433723,0.0147));
#3581=CARTESIAN_POINT('',(0.0045672553829813,0.017644620405126,0.0147));
#3582=CARTESIAN_POINT('',(0.00509505636882771,0.0176034188969478,0.0147));
#3583=CARTESIAN_POINT('',(0.00571358243043228,0.0175046330159637,0.0147));
#3584=CARTESIAN_POINT('',(0.0064198413163927,0.0173162900541168,0.0147));
#3585=CARTESIAN_POINT('',(0.00725485405957007,0.0170035764372267,0.0147));
#3586=CARTESIAN_POINT('',(0.00794469524087959,0.0166310933026137,0.0147));
#3587=CARTESIAN_POINT('',(0.00849193277829535,0.016260334415357,0.0147));
#3588=CARTESIAN_POINT('',(0.00884684632758781,0.0159851367333382,0.0147));
#3589=CARTESIAN_POINT('',(0.00912475316785314,0.0157453727305092,0.0147));
#3590=CARTESIAN_POINT('',(0.00929892203122173,0.0155812041291313,0.0147));
#3591=CARTESIAN_POINT('',(0.00938065690395875,0.0155005490255518,0.0147));
#3592=CARTESIAN_POINT('',(-0.00355987425240992,0.00965335160488355,0.0147));
#3593=CARTESIAN_POINT('',(-0.0162573894938187,0.00311057819753949,0.0147));
#3594=CARTESIAN_POINT('',(-0.0162659219256609,0.003302866820245,0.0147));
#3595=CARTESIAN_POINT('',(-0.0162695348247734,0.0036210566888649,0.0147));
#3596=CARTESIAN_POINT('',(-0.0162444837464471,0.00408108722263404,0.0147));
#3597=CARTESIAN_POINT('',(-0.0162064082699263,0.00445898127563083,0.0147));
#3598=CARTESIAN_POINT('',(-0.0161449474636264,0.00485959908428084,0.0147));
#3599=CARTESIAN_POINT('',(-0.016028286115646,0.00541866281820549,0.0147));
#3600=CARTESIAN_POINT('',(-0.0158414183553083,0.00604152736168261,0.0147));
#3601=CARTESIAN_POINT('',(-0.0155690676056001,0.00668842805962202,0.0147));
#3602=CARTESIAN_POINT('',(-0.0153595775882863,0.00710034712263648,0.0147));
#3603=CARTESIAN_POINT('',(-0.0151651594716862,0.00743310707242387,0.0147));
#3604=CARTESIAN_POINT('',(-0.0149499367701501,0.00776968335706829,0.0147));
#3605=CARTESIAN_POINT('',(-0.0146534910591705,0.00817585961644357,0.0147));
#3606=CARTESIAN_POINT('',(-0.0143216808680405,0.00856057402354989,0.0147));
#3607=CARTESIAN_POINT('',(-0.0140305807020956,0.0088582025580609,0.0147));
#3608=CARTESIAN_POINT('',(-0.013717764625707,0.00915106677929407,0.0147));
#3609=CARTESIAN_POINT('',(-0.0134017541621822,0.00941052121786971,0.0147));
#3610=CARTESIAN_POINT('',(-0.0130704787428904,0.00965017590262417,0.0147));
#3611=CARTESIAN_POINT('',(-0.0127412565773741,0.00986815854979441,0.0147));
#3612=CARTESIAN_POINT('',(-0.0123323353266054,0.0101051103511321,0.0147));
#3613=CARTESIAN_POINT('',(-0.0118517399718181,0.0103379011085649,0.0147));
#3614=CARTESIAN_POINT('',(-0.0113900680726938,0.0105232857312148,0.0147));
#3615=CARTESIAN_POINT('',(-0.0109554809149483,0.01066686598245,0.0147));
#3616=CARTESIAN_POINT('',(-0.0105372352335157,0.0107784354486797,0.0147));
#3617=CARTESIAN_POINT('',(-0.0101479249470593,0.0108595613026349,0.0147));
#3618=CARTESIAN_POINT('',(-0.00979443725995183,0.0109158040862844,0.0147));
#3619=CARTESIAN_POINT('',(-0.00945388886571551,0.0109546551494983,0.0147));
#3620=CARTESIAN_POINT('',(-0.00914005714602534,0.0109771013215944,0.0147));
#3621=CARTESIAN_POINT('',(-0.00885203030384439,0.0109871711055774,0.0147));
#3622=CARTESIAN_POINT('',(-0.00857783385182632,0.0109873498012033,0.0147));
#3623=CARTESIAN_POINT('',(-0.00832918143016254,0.0109797045500521,0.0147));
#3624=CARTESIAN_POINT('',(-0.00809600976485707,0.0109662282674838,0.0147));
#3625=CARTESIAN_POINT('',(-0.00779388443091849,0.0109407504679291,0.0147));
#3626=CARTESIAN_POINT('',(-0.00751404361958662,0.0109061024986457,0.0147));
#3627=CARTESIAN_POINT('',(-0.00726108744299737,0.0108666768298585,0.0147));
#3628=CARTESIAN_POINT('',(-0.00703104680130404,0.0108264349045143,0.0147));
#3629=CARTESIAN_POINT('',(-0.00675597384437735,0.0107711028346933,0.0147));
#3630=CARTESIAN_POINT('',(-0.00644744459244644,0.0106989191733719,0.0147));
#3631=CARTESIAN_POINT('',(-0.00607207720111824,0.0106004382243198,0.0147));
#3632=CARTESIAN_POINT('',(-0.00563916368339639,0.0104702345475497,0.0147));
#3633=CARTESIAN_POINT('',(-0.00501833718828524,0.0102585752966915,0.0147));
#3634=CARTESIAN_POINT('',(-0.00431809304140581,0.00998532999678348,0.0147));
#3635=CARTESIAN_POINT('',(-0.00380678924215993,0.00976388066044979,0.0147));
#3636=CARTESIAN_POINT('',(-0.00355987425240997,0.00965335160488357,0.0147));
#3637=CARTESIAN_POINT('',(-0.0162573894938188,0.0031105781975395,0.0147));
#3638=CARTESIAN_POINT('',(-0.0432411385412231,-0.027117869367207,0.0147));
#3639=CARTESIAN_POINT('',(-0.0433233730435729,-0.027086357054984,0.0147));
#3640=CARTESIAN_POINT('',(-0.0435379875307342,-0.0270164450236906,0.0147));
#3641=CARTESIAN_POINT('',(-0.0438811353478221,-0.0269472987560674,0.0147));
#3642=CARTESIAN_POINT('',(-0.0441881838191866,-0.0269117438612175,0.0147));
#3643=CARTESIAN_POINT('',(-0.0444205268405243,-0.0268972653483098,0.0147));
#3644=CARTESIAN_POINT('',(-0.0446214508361194,-0.0268953312515853,0.0147));
#3645=CARTESIAN_POINT('',(-0.0448067527004076,-0.0269005144203527,0.0147));
#3646=CARTESIAN_POINT('',(-0.0450223134643137,-0.0269115008558221,0.0147));
#3647=CARTESIAN_POINT('',(-0.0453420853148085,-0.0269367572995107,0.0147));
#3648=CARTESIAN_POINT('',(-0.0457823312658104,-0.0269841029273657,0.0147));
#3649=CARTESIAN_POINT('',(-0.0462682840920748,-0.0270450483625575,0.0147));
#3650=CARTESIAN_POINT('',(-0.0468005897216318,-0.0271155891281817,0.0147));
#3651=CARTESIAN_POINT('',(-0.0473834422065226,-0.0271899296526665,0.0147));
#3652=CARTESIAN_POINT('',(-0.0479380353358923,-0.0272493611739211,0.0147));
#3653=CARTESIAN_POINT('',(-0.0483865525886678,-0.0272823454374066,0.0147));
#3654=CARTESIAN_POINT('',(-0.0486756469036671,-0.0272964691081534,0.0147));
#3655=CARTESIAN_POINT('',(-0.0489029851148305,-0.0273034133735475,0.0147));
#3656=CARTESIAN_POINT('',(-0.0491559714035069,-0.0273058026923702,0.0147));
#3657=CARTESIAN_POINT('',(-0.049385823967188,-0.0273020093158396,0.0147));
#3658=CARTESIAN_POINT('',(-0.0495785172215614,-0.0272945454461008,0.0147));
#3659=CARTESIAN_POINT('',(-0.0497767335472386,-0.0272840011359553,0.0147));
#3660=CARTESIAN_POINT('',(-0.0500709950198795,-0.027261201564073,0.0147));
#3661=CARTESIAN_POINT('',(-0.0504051112620641,-0.0272199297547579,0.0147));
#3662=CARTESIAN_POINT('',(-0.0506877645464595,-0.0271736615639874,0.0147));
#3663=CARTESIAN_POINT('',(-0.0509055024555914,-0.027132326882955,0.0147));
#3664=CARTESIAN_POINT('',(-0.051150922937218,-0.0270784307900173,0.0147));
#3665=CARTESIAN_POINT('',(-0.0514134029747104,-0.0270114542160203,0.0147));
#3666=CARTESIAN_POINT('',(-0.051689110515641,-0.0269307971843123,0.0147));
#3667=CARTESIAN_POINT('',(-0.0519948097252652,-0.0268282282154998,0.0147));
#3668=CARTESIAN_POINT('',(-0.0523177208442539,-0.026703484001949,0.0147));
#3669=CARTESIAN_POINT('',(-0.0527640239301652,-0.0265073248202178,0.0147));
#3670=CARTESIAN_POINT('',(-0.0532718266261076,-0.0262372637322068,0.0147));
#3671=CARTESIAN_POINT('',(-0.053792358423293,-0.0258924572094229,0.0147));
#3672=CARTESIAN_POINT('',(-0.0541968219190753,-0.0255847596447519,0.0147));
#3673=CARTESIAN_POINT('',(-0.0546067495931689,-0.0252235929032345,0.0147));
#3674=CARTESIAN_POINT('',(-0.055011736401794,-0.0248057461336812,0.0147));
#3675=CARTESIAN_POINT('',(-0.0553843686679951,-0.0243537595897699,0.0147));
#3676=CARTESIAN_POINT('',(-0.0556749037010401,-0.0239379012311568,0.0147));
#3677=CARTESIAN_POINT('',(-0.055895994909286,-0.0235718464763139,0.0147));
#3678=CARTESIAN_POINT('',(-0.0560467169267367,-0.0232949624228346,0.0147));
#3679=CARTESIAN_POINT('',(-0.0561829711238751,-0.0230172911039946,0.0147));
#3680=CARTESIAN_POINT('',(-0.0563498048689215,-0.0226370749653802,0.0147));
#3681=CARTESIAN_POINT('',(-0.0565218017838607,-0.0221646164882362,0.0147));
#3682=CARTESIAN_POINT('',(-0.05667561105775,-0.021603885151885,0.0147));
#3683=CARTESIAN_POINT('',(-0.0567787027724543,-0.0210684528414985,0.0147));
#3684=CARTESIAN_POINT('',(-0.0568393131351209,-0.020560394519451,0.0147));
#3685=CARTESIAN_POINT('',(-0.0568642064651488,-0.0200804253278336,0.0147));
#3686=CARTESIAN_POINT('',(-0.0568590246225952,-0.0196273552082609,0.0147));
#3687=CARTESIAN_POINT('',(-0.0568295071952116,-0.0192113544664191,0.0147));
#3688=CARTESIAN_POINT('',(-0.056768575864429,-0.0187153541277836,0.0147));
#3689=CARTESIAN_POINT('',(-0.056677114585189,-0.0182579056424634,0.0147));
#3690=CARTESIAN_POINT('',(-0.0565755853222665,-0.0178716635681344,0.0147));
#3691=CARTESIAN_POINT('',(-0.0564929482169246,-0.0175982294268186,0.0147));
#3692=CARTESIAN_POINT('',(-0.056408004659534,-0.0173494418033866,0.0147));
#3693=CARTESIAN_POINT('',(-0.0562974054105739,-0.0170544569034373,0.0147));
#3694=CARTESIAN_POINT('',(-0.0561479990125493,-0.0167027213526802,0.0147));
#3695=CARTESIAN_POINT('',(-0.0559968740380438,-0.0163941706867502,0.0147));
#3696=CARTESIAN_POINT('',(-0.0558823887978873,-0.0161780815047798,0.0147));
#3697=CARTESIAN_POINT('',(-0.0557749669345156,-0.0159840948478354,0.0147));
#3698=CARTESIAN_POINT('',(-0.0556375032209896,-0.0157504290093197,0.0147));
#3699=CARTESIAN_POINT('',(-0.0554743487934392,-0.0154929661760808,0.0147));
#3700=CARTESIAN_POINT('',(-0.0553187356443036,-0.0152620246523947,0.0147));
#3701=CARTESIAN_POINT('',(-0.0551127859934962,-0.014971991083903,0.0147));
#3702=CARTESIAN_POINT('',(-0.0548637520079225,-0.0146456410083598,0.0147));
#3703=CARTESIAN_POINT('',(-0.0544735157825634,-0.0141697071055299,0.0147));
#3704=CARTESIAN_POINT('',(-0.0539916749093764,-0.0136323240982586,0.0147));
#3705=CARTESIAN_POINT('',(-0.0534000168875778,-0.0130240631226347,0.0147));
#3706=CARTESIAN_POINT('',(-0.0527846261999367,-0.0124297360838267,0.0147));
#3707=CARTESIAN_POINT('',(-0.05213987062451,-0.0118370355786053,0.0147));
#3708=CARTESIAN_POINT('',(-0.0514649206604127,-0.0112411131198086,0.0147));
#3709=CARTESIAN_POINT('',(-0.0507602792034598,-0.0106398353274704,0.0147));
#3710=CARTESIAN_POINT('',(-0.0497841844184416,-0.00983123858869704,0.0147));
#3711=CARTESIAN_POINT('',(-0.0485038601325749,-0.00881109790489437,0.0147));
#3712=CARTESIAN_POINT('',(-0.0468995647804166,-0.00758865635698465,0.0147));
#3713=CARTESIAN_POINT('',(-0.0452712082474185,-0.00639731979279179,0.0147));
#3714=CARTESIAN_POINT('',(-0.0436197115553753,-0.00523997673617262,0.0147));
#3715=CARTESIAN_POINT('',(-0.0413582915436152,-0.00374216214254581,0.0147));
#3716=CARTESIAN_POINT('',(-0.03840194948677,-0.00197907952147097,0.0147));
#3717=CARTESIAN_POINT('',(-0.034579446990521,-0.000115790424188591,0.0147));
#3718=CARTESIAN_POINT('',(-0.0311294258538573,0.00115042498829514,0.0147));
#3719=CARTESIAN_POINT('',(-0.0282025832583278,0.00194875986163584,0.0147));
#3720=CARTESIAN_POINT('',(-0.0259244359282674,0.00243114982384844,0.0147));
#3721=CARTESIAN_POINT('',(-0.0239585927280214,0.00273062462553475,0.0147));
#3722=CARTESIAN_POINT('',(-0.0223402785870159,0.00290574816675221,0.0147));
#3723=CARTESIAN_POINT('',(-0.0211101235303768,0.0030041197382945,0.0147));
#3724=CARTESIAN_POINT('',(-0.0198791829624069,0.00306972026944101,0.0147));
#3725=CARTESIAN_POINT('',(-0.0182527490270907,0.00311963455726981,0.0147));
#3726=CARTESIAN_POINT('',(-0.0170478714836652,0.00312114806292612,0.0147));
#3727=CARTESIAN_POINT('',(-0.0162573894938191,0.00311057819753951,0.0147));
#3728=CARTESIAN_POINT('',(-0.0432411385412232,-0.027117869367207,0.0147));
#3729=CARTESIAN_POINT('',(-0.0297466964132409,-0.0297647669867465,0.0147));
#3730=CARTESIAN_POINT('',(-0.0297890710843187,-0.0297977851255094,0.0147));
#3731=CARTESIAN_POINT('',(-0.0298920216884303,-0.0298798229934964,0.0147));
#3732=CARTESIAN_POINT('',(-0.0300736622045579,-0.0300295797269952,0.0147));
#3733=CARTESIAN_POINT('',(-0.0302600853078745,-0.0301828388945619,0.0147));
#3734=CARTESIAN_POINT('',(-0.0304156875945649,-0.0303094734999611,0.0147));
#3735=CARTESIAN_POINT('',(-0.0305985724446157,-0.0304555759733259,0.0147));
#3736=CARTESIAN_POINT('',(-0.0308079630585268,-0.0306178468236317,0.0147));
#3737=CARTESIAN_POINT('',(-0.0310176674790352,-0.0307734689388953,0.0147));
#3738=CARTESIAN_POINT('',(-0.0312067048943401,-0.0309071199782113,0.0147));
#3739=CARTESIAN_POINT('',(-0.0314090091757381,-0.0310454356947416,0.0147));
#3740=CARTESIAN_POINT('',(-0.0316532662302304,-0.0312028421563975,0.0147));
#3741=CARTESIAN_POINT('',(-0.0319265642055947,-0.0313642243068853,0.0147));
#3742=CARTESIAN_POINT('',(-0.0322265539604532,-0.0315311718058905,0.0147));
#3743=CARTESIAN_POINT('',(-0.0325552627700353,-0.0316948839069945,0.0147));
#3744=CARTESIAN_POINT('',(-0.0328670878064174,-0.0318294673851289,0.0147));
#3745=CARTESIAN_POINT('',(-0.0330272962520683,-0.0318947658162868,0.0147));
#3746=CARTESIAN_POINT('',(-0.0331976710182092,-0.0319600598154342,0.0147));
#3747=CARTESIAN_POINT('',(-0.0335708931974609,-0.0320932502755992,0.0147));
#3748=CARTESIAN_POINT('',(-0.0340887422753637,-0.0322429514545156,0.0147));
#3749=CARTESIAN_POINT('',(-0.0347512038332322,-0.0323643467563262,0.0147));
#3750=CARTESIAN_POINT('',(-0.0352979493169626,-0.0324269614292648,0.0147));
#3751=CARTESIAN_POINT('',(-0.0359011443494559,-0.0324496663944966,0.0147));
#3752=CARTESIAN_POINT('',(-0.0364371271485847,-0.0324253121343454,0.0147));
#3753=CARTESIAN_POINT('',(-0.0368887447135548,-0.032373875907407,0.0147));
#3754=CARTESIAN_POINT('',(-0.0373501667038315,-0.0322986670607496,0.0147));
#3755=CARTESIAN_POINT('',(-0.0377807592087621,-0.0321977330394669,0.0147));
#3756=CARTESIAN_POINT('',(-0.0382169712786947,-0.0320649129181466,0.0147));
#3757=CARTESIAN_POINT('',(-0.0386504620145097,-0.0319099853999877,0.0147));
#3758=CARTESIAN_POINT('',(-0.0391417301447191,-0.0316946803779845,0.0147));
#3759=CARTESIAN_POINT('',(-0.0396669234485511,-0.0314114693739941,0.0147));
#3760=CARTESIAN_POINT('',(-0.0401339299106868,-0.0311118124184323,0.0147));
#3761=CARTESIAN_POINT('',(-0.0405434325620113,-0.0308068244888553,0.0147));
#3762=CARTESIAN_POINT('',(-0.0408388258690688,-0.0305560395079182,0.0147));
#3763=CARTESIAN_POINT('',(-0.0410437380165779,-0.0303675535791751,0.0147));
#3764=CARTESIAN_POINT('',(-0.0412389271459187,-0.0301786407668822,0.0147));
#3765=CARTESIAN_POINT('',(-0.0414627215719482,-0.0299445874583242,0.0147));
#3766=CARTESIAN_POINT('',(-0.0416963043128383,-0.029676128970505,0.0147));
#3767=CARTESIAN_POINT('',(-0.0418589297148207,-0.0294729356201203,0.0147));
#3768=CARTESIAN_POINT('',(-0.0419708228581276,-0.0293262297327163,0.0147));
#3769=CARTESIAN_POINT('',(-0.0420790603303486,-0.0291797084525173,0.0147));
#3770=CARTESIAN_POINT('',(-0.04220348523386,-0.0290028011328184,0.0147));
#3771=CARTESIAN_POINT('',(-0.0423359589545852,-0.028802789544923,0.0147));
#3772=CARTESIAN_POINT('',(-0.0424484606299704,-0.0286237323460668,0.0147));
#3773=CARTESIAN_POINT('',(-0.04254813941237,-0.0284580359157723,0.0147));
#3774=CARTESIAN_POINT('',(-0.0426393041195087,-0.0283001345840823,0.0147));
#3775=CARTESIAN_POINT('',(-0.0427208334826117,-0.0281535016477231,0.0147));
#3776=CARTESIAN_POINT('',(-0.0428157074158075,-0.027977454795532,0.0147));
#3777=CARTESIAN_POINT('',(-0.0429611231038863,-0.0276962528797261,0.0147));
#3778=CARTESIAN_POINT('',(-0.0431148098784689,-0.0273805144709876,0.0147));
#3779=CARTESIAN_POINT('',(-0.0432035041143831,-0.027195495426036,0.0147));
#3780=CARTESIAN_POINT('',(-0.0432411385412232,-0.027117869367207,0.0147));
#3781=CARTESIAN_POINT('',(-0.0297466964132409,-0.0297647669867464,0.0147));
#3782=CARTESIAN_POINT('',(-0.0255635410604938,-0.0301842248155429,0.0147));
#3783=CARTESIAN_POINT('',(-0.0256581072577668,-0.0301497714765171,0.0147));
#3784=CARTESIAN_POINT('',(-0.0259133969217747,-0.0300681748856063,0.0147));
#3785=CARTESIAN_POINT('',(-0.0264436772886674,-0.0299447214206466,0.0147));
#3786=CARTESIAN_POINT('',(-0.0269904182178799,-0.0298532450212206,0.0147));
#3787=CARTESIAN_POINT('',(-0.0274780981784327,-0.029789760400595,0.0147));
#3788=CARTESIAN_POINT('',(-0.0279546834719916,-0.0297383687624462,0.0147));
#3789=CARTESIAN_POINT('',(-0.0284991426580452,-0.0297001934913937,0.0147));
#3790=CARTESIAN_POINT('',(-0.0290629891706097,-0.029694577219254,0.0147));
#3791=CARTESIAN_POINT('',(-0.0294919920807525,-0.0297219085319129,0.0147));
#3792=CARTESIAN_POINT('',(-0.0296837594446738,-0.0297522635744552,0.0147));
#3793=CARTESIAN_POINT('',(-0.0297466964132409,-0.0297647669867464,0.0147));
#3794=CARTESIAN_POINT('',(-0.0255635410604937,-0.0301842248155428,0.0147));
#3795=CARTESIAN_POINT('',(-0.0111921458420083,-0.0326495472287209,0.0147));
#3796=CARTESIAN_POINT('',(-0.011201105670425,-0.0326578366104756,0.0147));
#3797=CARTESIAN_POINT('',(-0.0112238917583222,-0.0326793347011513,0.0147));
#3798=CARTESIAN_POINT('',(-0.0112800747412824,-0.0327349315896176,0.0147));
#3799=CARTESIAN_POINT('',(-0.0113551979618912,-0.0328120374130147,0.0147));
#3800=CARTESIAN_POINT('',(-0.0114770417478489,-0.0329402720297952,0.0147));
#3801=CARTESIAN_POINT('',(-0.0116402980691551,-0.0331163069165455,0.0147));
#3802=CARTESIAN_POINT('',(-0.0118537546217224,-0.0333440338091665,0.0147));
#3803=CARTESIAN_POINT('',(-0.0120498752407691,-0.033548541693355,0.0147));
#3804=CARTESIAN_POINT('',(-0.0122441910254259,-0.0337437445449226,0.0147));
#3805=CARTESIAN_POINT('',(-0.012435561533675,-0.0339270571950995,0.0147));
#3806=CARTESIAN_POINT('',(-0.0125936089224172,-0.0340727647644053,0.0147));
#3807=CARTESIAN_POINT('',(-0.0127704906037596,-0.0342291999416793,0.0147));
#3808=CARTESIAN_POINT('',(-0.01298008518293,-0.0344049889341344,0.0147));
#3809=CARTESIAN_POINT('',(-0.0131771773892412,-0.0345597681224468,0.0147));
#3810=CARTESIAN_POINT('',(-0.0133431112499593,-0.0346833284954941,0.0147));
#3811=CARTESIAN_POINT('',(-0.0135297599332508,-0.034817181945615,0.0147));
#3812=CARTESIAN_POINT('',(-0.0138041184050209,-0.0350014227937673,0.0147));
#3813=CARTESIAN_POINT('',(-0.0141895174890779,-0.0352308575316799,0.0147));
#3814=CARTESIAN_POINT('',(-0.0146103614580339,-0.0354504341288999,0.0147));
#3815=CARTESIAN_POINT('',(-0.0150408446230954,-0.0356406688599848,0.0147));
#3816=CARTESIAN_POINT('',(-0.0154226184297927,-0.0357824384707795,0.0147));
#3817=CARTESIAN_POINT('',(-0.015839446743091,-0.0359179838281146,0.0147));
#3818=CARTESIAN_POINT('',(-0.0164177374525874,-0.0360645593413519,0.0147));
#3819=CARTESIAN_POINT('',(-0.0170602195826541,-0.0361611400790973,0.0147));
#3820=CARTESIAN_POINT('',(-0.017618784141632,-0.0361974838450069,0.0147));
#3821=CARTESIAN_POINT('',(-0.018049400896459,-0.0362006462392374,0.0147));
#3822=CARTESIAN_POINT('',(-0.0184196412269273,-0.0361815760756675,0.0147));
#3823=CARTESIAN_POINT('',(-0.0187226466882848,-0.0361518558408334,0.0147));
#3824=CARTESIAN_POINT('',(-0.0190339442681997,-0.0361112389836096,0.0147));
#3825=CARTESIAN_POINT('',(-0.01940872337809,-0.0360436518121386,0.0147));
#3826=CARTESIAN_POINT('',(-0.0198382215700672,-0.0359395726501647,0.0147));
#3827=CARTESIAN_POINT('',(-0.0201917775429795,-0.0358317841629942,0.0147));
#3828=CARTESIAN_POINT('',(-0.020474735532096,-0.0357310202065736,0.0147));
#3829=CARTESIAN_POINT('',(-0.0207443593042139,-0.03562565722832,0.0147));
#3830=CARTESIAN_POINT('',(-0.0210616630241884,-0.0354852732213643,0.0147));
#3831=CARTESIAN_POINT('',(-0.0214092012575915,-0.035308411736438,0.0147));
#3832=CARTESIAN_POINT('',(-0.0217261120924519,-0.0351267805769492,0.0147));
#3833=CARTESIAN_POINT('',(-0.0220207464388314,-0.0349389418429487,0.0147));
#3834=CARTESIAN_POINT('',(-0.0222896615994096,-0.0347498886826228,0.0147));
#3835=CARTESIAN_POINT('',(-0.0226118209650672,-0.0345031180903259,0.0147));
#3836=CARTESIAN_POINT('',(-0.0228961289457204,-0.0342569194481251,0.0147));
#3837=CARTESIAN_POINT('',(-0.0231307002692389,-0.0340337248391892,0.0147));
#3838=CARTESIAN_POINT('',(-0.0234607706001774,-0.0337014192242571,0.0147));
#3839=CARTESIAN_POINT('',(-0.0237849739492133,-0.0333181139563948,0.0147));
#3840=CARTESIAN_POINT('',(-0.0240398625000989,-0.0329782860590246,0.0147));
#3841=CARTESIAN_POINT('',(-0.0242132595587654,-0.0327314060395909,0.0147));
#3842=CARTESIAN_POINT('',(-0.0243650494026845,-0.0324996618016185,0.0147));
#3843=CARTESIAN_POINT('',(-0.0244923815325116,-0.0322937775620159,0.0147));
#3844=CARTESIAN_POINT('',(-0.0246065079773831,-0.0321001431579551,0.0147));
#3845=CARTESIAN_POINT('',(-0.0247432158034104,-0.031857320618576,0.0147));
#3846=CARTESIAN_POINT('',(-0.0248834653309974,-0.0315930005854844,0.0147));
#3847=CARTESIAN_POINT('',(-0.0250737788912737,-0.0312144852905595,0.0147));
#3848=CARTESIAN_POINT('',(-0.0252579656455153,-0.0308258114178586,0.0147));
#3849=CARTESIAN_POINT('',(-0.0254311330121428,-0.0304558299957846,0.0147));
#3850=CARTESIAN_POINT('',(-0.0255239128078802,-0.0302637637126977,0.0147));
#3851=CARTESIAN_POINT('',(-0.0255635410604937,-0.0301842248155428,0.0147));
#3852=CARTESIAN_POINT('',(-0.0111921458420085,-0.0326495472287211,0.0147));
#3853=CARTESIAN_POINT('',(-0.00690739449111027,-0.032710500614264,0.0147));
#3854=CARTESIAN_POINT('',(-0.00702394479132396,-0.0326696139904263,0.0147));
#3855=CARTESIAN_POINT('',(-0.00726514761025998,-0.0325914885751677,0.0147));
#3856=CARTESIAN_POINT('',(-0.00764391833967843,-0.0324888226411429,0.0147));
#3857=CARTESIAN_POINT('',(-0.00802392153991665,-0.0324053164452997,0.0147));
#3858=CARTESIAN_POINT('',(-0.00838239068184159,-0.0323449862592374,0.0147));
#3859=CARTESIAN_POINT('',(-0.00872890040788211,-0.0323047105029652,0.0147));
#3860=CARTESIAN_POINT('',(-0.00918096085969468,-0.0322754333288447,0.0147));
#3861=CARTESIAN_POINT('',(-0.00971578518031163,-0.0322830500077861,0.0147));
#3862=CARTESIAN_POINT('',(-0.0102799749696919,-0.0323508103406115,0.0147));
#3863=CARTESIAN_POINT('',(-0.0107409324413809,-0.0324589054058218,0.0147));
#3864=CARTESIAN_POINT('',(-0.0110627000389847,-0.0325774424414779,0.0147));
#3865=CARTESIAN_POINT('',(-0.0111690478325048,-0.0326357042579499,0.0147));
#3866=CARTESIAN_POINT('',(-0.0111921458420085,-0.0326495472287211,0.0147));
#3867=CARTESIAN_POINT('',(-0.00690739449110144,-0.0327105006142389,0.0147));
#3868=CARTESIAN_POINT('',(0.00709147999497098,-0.0323484383886667,0.0147));
#3869=CARTESIAN_POINT('',(0.00705755581211025,-0.0324418392007482,0.0147));
#3870=CARTESIAN_POINT('',(0.00700910779498014,-0.0325764524298533,0.0147));
#3871=CARTESIAN_POINT('',(0.00694988315386921,-0.0327429506119557,0.0147));
#3872=CARTESIAN_POINT('',(0.00690826906475912,-0.0328608417475421,0.0147));
#3873=CARTESIAN_POINT('',(0.00686957379505933,-0.0329712706031412,0.0147));
#3874=CARTESIAN_POINT('',(0.00683390492573357,-0.0330737755325134,0.0147));
#3875=CARTESIAN_POINT('',(0.00680136200847567,-0.0331679175096447,0.0147));
#3876=CARTESIAN_POINT('',(0.00677203106159335,-0.0332532967411403,0.0147));
#3877=CARTESIAN_POINT('',(0.00675032275839541,-0.0333168525731104,0.0147));
#3878=CARTESIAN_POINT('',(0.00673460840521641,-0.0333630340346101,0.0147));
#3879=CARTESIAN_POINT('',(0.00672364654114014,-0.0333953273934125,0.0147));
#3880=CARTESIAN_POINT('',(0.00671349883247586,-0.0334252892756313,0.0147));
#3881=CARTESIAN_POINT('',(0.00670414647504586,-0.0334529580951604,0.0147));
#3882=CARTESIAN_POINT('',(0.00669555419719586,-0.0334784214551443,0.0147));
#3883=CARTESIAN_POINT('',(0.00668766108773583,-0.0335018434130629,0.0147));
#3884=CARTESIAN_POINT('',(0.00668157921306585,-0.033519904661121,0.0147));
#3885=CARTESIAN_POINT('',(0.00667690933005023,-0.0335337727862599,0.0147));
#3886=CARTESIAN_POINT('',(0.00667346224952776,-0.0335440066391071,0.0147));
#3887=CARTESIAN_POINT('',(0.00667004468711534,-0.0335541473083406,0.0147));
#3888=CARTESIAN_POINT('',(0.00666644109963349,-0.033564827684434,0.0147));
#3889=CARTESIAN_POINT('',(0.00666288690698282,-0.0335753463197365,0.0147));
#3890=CARTESIAN_POINT('',(0.00665864347882495,-0.0335878744155279,0.0147));
#3891=CARTESIAN_POINT('',(0.00665412058739584,-0.0336011830947134,0.0147));
#3892=CARTESIAN_POINT('',(0.00664870094462301,-0.0336170329696387,0.0147));
#3893=CARTESIAN_POINT('',(0.00664359313204,-0.0336318885778226,0.0147));
#3894=CARTESIAN_POINT('',(0.00663717637248557,-0.0336504290245314,0.0147));
#3895=CARTESIAN_POINT('',(0.00662866361218046,-0.0336747828592677,0.0147));
#3896=CARTESIAN_POINT('',(0.00661822348414179,-0.0337043322831325,0.0147));
#3897=CARTESIAN_POINT('',(0.00660237109962387,-0.033748434698284,0.0147));
#3898=CARTESIAN_POINT('',(0.00658572589437944,-0.0337937763733527,0.0147));
#3899=CARTESIAN_POINT('',(0.00656679385890816,-0.0338441046769161,0.0147));
#3900=CARTESIAN_POINT('',(0.00654952013917513,-0.0338891773391989,0.0147));
#3901=CARTESIAN_POINT('',(0.00652787680743173,-0.0339444022718687,0.0147));
#3902=CARTESIAN_POINT('',(0.00650516779916274,-0.0340008854840229,0.0147));
#3903=CARTESIAN_POINT('',(0.0064813175569886,-0.0340585540831855,0.0147));
#3904=CARTESIAN_POINT('',(0.00646292892528,-0.0341021919181405,0.0147));
#3905=CARTESIAN_POINT('',(0.00643927347147684,-0.0341572857568347,0.0147));
#3906=CARTESIAN_POINT('',(0.00640939117726818,-0.0342249495629372,0.0147));
#3907=CARTESIAN_POINT('',(0.00637760139161913,-0.0342949076759584,0.0147));
#3908=CARTESIAN_POINT('',(0.00633735380996442,-0.0343809044847364,0.0147));
#3909=CARTESIAN_POINT('',(0.00629370797930711,-0.0344704845537006,0.0147));
#3910=CARTESIAN_POINT('',(0.00625426045334236,-0.0345486828531021,0.0147));
#3911=CARTESIAN_POINT('',(0.00621821860227798,-0.0346183241513751,0.0147));
#3912=CARTESIAN_POINT('',(0.00618054352060656,-0.0346891305029002,0.0147));
#3913=CARTESIAN_POINT('',(0.0061347008994502,-0.0347729820217536,0.0147));
#3914=CARTESIAN_POINT('',(0.0060780317529235,-0.034872787910488,0.0147));
#3915=CARTESIAN_POINT('',(0.00601803009929028,-0.034974642793488,0.0147));
#3916=CARTESIAN_POINT('',(0.00595303264328612,-0.0350804069723928,0.0147));
#3917=CARTESIAN_POINT('',(0.00589632830975291,-0.0351691361427249,0.0147));
#3918=CARTESIAN_POINT('',(0.00585191798860362,-0.0352369187190608,0.0147));
#3919=CARTESIAN_POINT('',(0.00580610747451006,-0.0353053163164307,0.0147));
#3920=CARTESIAN_POINT('',(0.00572383642967077,-0.0354247485723536,0.0147));
#3921=CARTESIAN_POINT('',(0.00562240446023618,-0.0355643240323845,0.0147));
#3922=CARTESIAN_POINT('',(0.00550912343619546,-0.0357103403002718,0.0147));
#3923=CARTESIAN_POINT('',(0.00542318079742528,-0.0358170229498078,0.0147));
#3924=CARTESIAN_POINT('',(0.00531503760618726,-0.0359457472473758,0.0147));
#3925=CARTESIAN_POINT('',(0.00521177223532933,-0.0360622771540866,0.0147));
#3926=CARTESIAN_POINT('',(0.00512413395768692,-0.0361572302274831,0.0147));
#3927=CARTESIAN_POINT('',(0.00502399499019446,-0.0362626534687838,0.0147));
#3928=CARTESIAN_POINT('',(0.00491010832269991,-0.0363769375193217,0.0147));
#3929=CARTESIAN_POINT('',(0.00478559416808884,-0.0364950425549061,0.0147));
#3930=CARTESIAN_POINT('',(0.00465820113431117,-0.0366116679432733,0.0147));
#3931=CARTESIAN_POINT('',(0.00446349822187552,-0.0367804114942343,0.0147));
#3932=CARTESIAN_POINT('',(0.00423201604553107,-0.0369617066764371,0.0147));
#3933=CARTESIAN_POINT('',(0.00403858014982269,-0.0371016100054571,0.0147));
#3934=CARTESIAN_POINT('',(0.00381780095220369,-0.0372529708518025,0.0147));
#3935=CARTESIAN_POINT('',(0.00354721511324184,-0.0374212214249383,0.0147));
#3936=CARTESIAN_POINT('',(0.00324480994638527,-0.0375860398201201,0.0147));
#3937=CARTESIAN_POINT('',(0.00300719291620874,-0.0377043014338337,0.0147));
#3938=CARTESIAN_POINT('',(0.00275129231731964,-0.0378200088267298,0.0147));
#3939=CARTESIAN_POINT('',(0.00236044677069685,-0.0379773394093242,0.0147));
#3940=CARTESIAN_POINT('',(0.00191197073889819,-0.038122894097294,0.0147));
#3941=CARTESIAN_POINT('',(0.00141706988639588,-0.0382394891315649,0.0147));
#3942=CARTESIAN_POINT('',(0.00102667675105456,-0.038309084218172,0.0147));
#3943=CARTESIAN_POINT('',(0.000608404599524462,-0.0383591761014822,0.0147));
#3944=CARTESIAN_POINT('',(0.000158201042483739,-0.0383848573618192,0.0147));
#3945=CARTESIAN_POINT('',(-0.000307336221015492,-0.0383805443146525,0.0147));
#3946=CARTESIAN_POINT('',(-0.000781346303109085,-0.0383448789753025,0.0147));
#3947=CARTESIAN_POINT('',(-0.00127659478077385,-0.038272404303713,0.0147));
#3948=CARTESIAN_POINT('',(-0.00175640693336169,-0.0381667713374108,0.0147));
#3949=CARTESIAN_POINT('',(-0.00215399048952296,-0.0380501301921608,0.0147));
#3950=CARTESIAN_POINT('',(-0.0024731310625042,-0.0379372157529773,0.0147));
#3951=CARTESIAN_POINT('',(-0.00277959756333474,-0.0378161614708975,0.0147));
#3952=CARTESIAN_POINT('',(-0.0031449919449322,-0.0376494655962003,0.0147));
#3953=CARTESIAN_POINT('',(-0.00356714408544338,-0.0374208758055384,0.0147));
#3954=CARTESIAN_POINT('',(-0.00395665909227462,-0.0371743563455469,0.0147));
#3955=CARTESIAN_POINT('',(-0.00443106642389307,-0.0368302541982455,0.0147));
#3956=CARTESIAN_POINT('',(-0.0049481706227675,-0.0363735187262698,0.0147));
#3957=CARTESIAN_POINT('',(-0.00542316949743228,-0.0358532422662938,0.0147));
#3958=CARTESIAN_POINT('',(-0.00575204542034818,-0.0354160987845669,0.0147));
#3959=CARTESIAN_POINT('',(-0.00596577010414061,-0.0350893944945427,0.0147));
#3960=CARTESIAN_POINT('',(-0.00610110734584708,-0.0348634738702415,0.0147));
#3961=CARTESIAN_POINT('',(-0.00621456559400132,-0.0346586616298644,0.0147));
#3962=CARTESIAN_POINT('',(-0.006356123557,-0.0343824898778082,0.0147));
#3963=CARTESIAN_POINT('',(-0.00647448629410695,-0.034119163544874,0.0147));
#3964=CARTESIAN_POINT('',(-0.00656826282315282,-0.0338846796545261,0.0147));
#3965=CARTESIAN_POINT('',(-0.00664434036799193,-0.0336803030309163,0.0147));
#3966=CARTESIAN_POINT('',(-0.00672889953840773,-0.0334271017870575,0.0147));
#3967=CARTESIAN_POINT('',(-0.00679450605062837,-0.0331960346870621,0.0147));
#3968=CARTESIAN_POINT('',(-0.0068344109171955,-0.0330401504061113,0.0147));
#3969=CARTESIAN_POINT('',(-0.00687068452381718,-0.0328883529389388,0.0147));
#3970=CARTESIAN_POINT('',(-0.00689387513142375,-0.0327790664875423,0.0147));
#3971=CARTESIAN_POINT('',(-0.00690739449110257,-0.0327105006142333,0.0147));
#3972=CARTESIAN_POINT('',(0.00709147999497082,-0.0323484383886668,0.0147));
#3973=CARTESIAN_POINT('',(0.0223496013013786,-0.0260951341333265,0.0147));
#3974=CARTESIAN_POINT('',(0.0220893556345567,-0.026473641359433,0.0147));
#3975=CARTESIAN_POINT('',(0.0215528766777303,-0.0271516656081816,0.0147));
#3976=CARTESIAN_POINT('',(0.0207151451232393,-0.0280083449263915,0.0147));
#3977=CARTESIAN_POINT('',(0.0198653055452836,-0.0287362414146984,0.0147));
#3978=CARTESIAN_POINT('',(0.0189953176515471,-0.0293727234548305,0.0147));
#3979=CARTESIAN_POINT('',(0.0181211775067249,-0.029926342349086,0.0147));
#3980=CARTESIAN_POINT('',(0.0169304740359028,-0.0305837020240413,0.0147));
#3981=CARTESIAN_POINT('',(0.015408412846318,-0.031264713697946,0.0147));
#3982=CARTESIAN_POINT('',(0.0135098100940416,-0.0318925507684652,0.0147));
#3983=CARTESIAN_POINT('',(0.011527734853808,-0.0323263529302055,0.0147));
#3984=CARTESIAN_POINT('',(0.00977357822070624,-0.0325008561303967,0.0147));
#3985=CARTESIAN_POINT('',(0.00828224938200524,-0.032483654798649,0.0147));
#3986=CARTESIAN_POINT('',(0.00749529113768828,-0.0324080627037147,0.0147));
#3987=CARTESIAN_POINT('',(0.00709147999497082,-0.0323484383886668,0.0147));
#3988=CARTESIAN_POINT('',(0.031830094237928,-0.0162760252400938,0.0147));
#3989=CARTESIAN_POINT('',(0.031830094237928,-0.0162760252400938,0.0127));
#3990=CARTESIAN_POINT('',(0.0318322600214347,-0.0162870615180488,0.0147));
#3991=CARTESIAN_POINT('',(0.0318322600214347,-0.0162870615180488,0.0127));
#3992=CARTESIAN_POINT('',(0.0318487639238802,-0.0163647199645309,0.0147));
#3993=CARTESIAN_POINT('',(0.0318487639238802,-0.0163647199645309,0.0127));
#3994=CARTESIAN_POINT('',(0.0319128809973822,-0.016607443387772,0.0147));
#3995=CARTESIAN_POINT('',(0.0319128809973822,-0.016607443387772,0.0127));
#3996=CARTESIAN_POINT('',(0.0319996602417013,-0.0169137960146855,0.0147));
#3997=CARTESIAN_POINT('',(0.0319996602417013,-0.0169137960146855,0.0127));
#3998=CARTESIAN_POINT('',(0.0320926170522618,-0.0172562090195721,0.0147));
#3999=CARTESIAN_POINT('',(0.0320926170522618,-0.0172562090195721,0.0127));
#4000=CARTESIAN_POINT('',(0.0321751715894574,-0.0175855978655659,0.0147));
#4001=CARTESIAN_POINT('',(0.0321751715894574,-0.0175855978655659,0.0127));
#4002=CARTESIAN_POINT('',(0.0322561254628715,-0.0179555766961235,0.0147));
#4003=CARTESIAN_POINT('',(0.0322561254628715,-0.0179555766961235,0.0127));
#4004=CARTESIAN_POINT('',(0.0323249942670013,-0.0183694099017246,0.0147));
#4005=CARTESIAN_POINT('',(0.0323249942670013,-0.0183694099017246,0.0127));
#4006=CARTESIAN_POINT('',(0.032369271824192,-0.0187191081035229,0.0147));
#4007=CARTESIAN_POINT('',(0.032369271824192,-0.0187191081035229,0.0127));
#4008=CARTESIAN_POINT('',(0.0324028857942645,-0.0191315622436944,0.0147));
#4009=CARTESIAN_POINT('',(0.0324028857942645,-0.0191315622436944,0.0127));
#4010=CARTESIAN_POINT('',(0.0324090115872636,-0.0195595623937257,0.0147));
#4011=CARTESIAN_POINT('',(0.0324090115872636,-0.0195595623937257,0.0127));
#4012=CARTESIAN_POINT('',(0.0323972620318317,-0.0199879559849795,0.0147));
#4013=CARTESIAN_POINT('',(0.0323972620318317,-0.0199879559849795,0.0127));
#4014=CARTESIAN_POINT('',(0.03233223607954,-0.0207063076712693,0.0147));
#4015=CARTESIAN_POINT('',(0.03233223607954,-0.0207063076712693,0.0127));
#4016=CARTESIAN_POINT('',(0.0320712907172641,-0.0218541631335121,0.0147));
#4017=CARTESIAN_POINT('',(0.0320712907172641,-0.0218541631335121,0.0127));
#4018=CARTESIAN_POINT('',(0.0315112362300246,-0.0231174017158009,0.0147));
#4019=CARTESIAN_POINT('',(0.0315112362300246,-0.0231174017158009,0.0127));
#4020=CARTESIAN_POINT('',(0.030734380391799,-0.0241950364915212,0.0147));
#4021=CARTESIAN_POINT('',(0.030734380391799,-0.0241950364915212,0.0127));
#4022=CARTESIAN_POINT('',(0.0299544324191502,-0.0249850712249974,0.0147));
#4023=CARTESIAN_POINT('',(0.0299544324191502,-0.0249850712249974,0.0127));
#4024=CARTESIAN_POINT('',(0.0292212273040379,-0.0255320115277935,0.0147));
#4025=CARTESIAN_POINT('',(0.0292212273040379,-0.0255320115277935,0.0127));
#4026=CARTESIAN_POINT('',(0.0285236493810335,-0.0259270468114739,0.0147));
#4027=CARTESIAN_POINT('',(0.0285236493810335,-0.0259270468114739,0.0127));
#4028=CARTESIAN_POINT('',(0.0278648977679716,-0.0262298654384444,0.0147));
#4029=CARTESIAN_POINT('',(0.0278648977679716,-0.0262298654384444,0.0127));
#4030=CARTESIAN_POINT('',(0.0270533656483901,-0.0265020340115688,0.0147));
#4031=CARTESIAN_POINT('',(0.0270533656483901,-0.0265020340115688,0.0127));
#4032=CARTESIAN_POINT('',(0.0260826975915553,-0.0266754921557193,0.0147));
#4033=CARTESIAN_POINT('',(0.0260826975915553,-0.0266754921557193,0.0127));
#4034=CARTESIAN_POINT('',(0.0253025837140912,-0.0267146507921457,0.0147));
#4035=CARTESIAN_POINT('',(0.0253025837140912,-0.0267146507921457,0.0127));
#4036=CARTESIAN_POINT('',(0.024394434460898,-0.0266727431573454,0.0147));
#4037=CARTESIAN_POINT('',(0.024394434460898,-0.0266727431573454,0.0127));
#4038=CARTESIAN_POINT('',(0.0232173660834781,-0.0264482567045263,0.0147));
#4039=CARTESIAN_POINT('',(0.0232173660834781,-0.0264482567045263,0.0127));
#4040=CARTESIAN_POINT('',(0.0226690539730454,-0.0262321949017188,0.0147));
#4041=CARTESIAN_POINT('',(0.0226690539730454,-0.0262321949017188,0.0127));
#4042=CARTESIAN_POINT('',(0.0223496013013784,-0.0260951341333272,0.0147));
#4043=CARTESIAN_POINT('',(0.0223496013013784,-0.0260951341333272,0.0127));
#4044=CARTESIAN_POINT('',(0.0318300942379279,-0.0162760252400932,0.0147));
#4045=CARTESIAN_POINT('',(0.0223496013013782,-0.026095134133327,0.0147));
#4046=CARTESIAN_POINT('',(0.0223496013013786,-0.0260951341333265,0.0147));
#4047=CARTESIAN_POINT('',(0.0223496013013786,-0.0260951341333265,0.0127));
#4048=CARTESIAN_POINT('',(0.0218291099677351,-0.0268521485855393,0.0147));
#4049=CARTESIAN_POINT('',(0.0218291099677351,-0.0268521485855393,0.0127));
#4050=CARTESIAN_POINT('',(0.0207236014121706,-0.0280671730013283,0.0147));
#4051=CARTESIAN_POINT('',(0.0207236014121706,-0.0280671730013283,0.0127));
#4052=CARTESIAN_POINT('',(0.0184287899583069,-0.0298548867935399,0.0147));
#4053=CARTESIAN_POINT('',(0.0184287899583069,-0.0298548867935399,0.0127));
#4054=CARTESIAN_POINT('',(0.0154422674598765,-0.0313538478092667,0.0147));
#4055=CARTESIAN_POINT('',(0.0154422674598765,-0.0313538478092667,0.0127));
#4056=CARTESIAN_POINT('',(0.0115831834556345,-0.0324284194220479,0.0147));
#4057=CARTESIAN_POINT('',(0.0115831834556345,-0.0324284194220479,0.0127));
#4058=CARTESIAN_POINT('',(0.00870672456584118,-0.0325869356488585,0.0147));
#4059=CARTESIAN_POINT('',(0.00870672456584118,-0.0325869356488585,0.0127));
#4060=CARTESIAN_POINT('',(0.00709147999497082,-0.0323484383886668,0.0147));
#4061=CARTESIAN_POINT('',(0.00709147999497082,-0.0323484383886668,0.0127));
#4062=CARTESIAN_POINT('',(0.00709147999497082,-0.0323484383886668,0.0147));
#4063=CARTESIAN_POINT('',(0.00709147999497098,-0.0323484383886667,0.0147));
#4064=CARTESIAN_POINT('',(0.00709147999497098,-0.0323484383886667,0.0127));
#4065=CARTESIAN_POINT('',(0.00705755581211026,-0.0324418392007481,0.0147));
#4066=CARTESIAN_POINT('',(0.00705755581211026,-0.0324418392007481,0.0127));
#4067=CARTESIAN_POINT('',(0.00699295808299779,-0.0326213245052749,0.0147));
#4068=CARTESIAN_POINT('',(0.00699295808299779,-0.0326213245052749,0.0127));
#4069=CARTESIAN_POINT('',(0.00692116731140623,-0.0328240326017159,0.0147));
#4070=CARTESIAN_POINT('',(0.00692116731140623,-0.0328240326017159,0.0127));
#4071=CARTESIAN_POINT('',(0.00686957382685177,-0.032971270518489,0.0147));
#4072=CARTESIAN_POINT('',(0.00686957382685177,-0.032971270518489,0.0127));
#4073=CARTESIAN_POINT('',(0.00683390492305528,-0.0330737755377554,0.0147));
#4074=CARTESIAN_POINT('',(0.00683390492305528,-0.0330737755377554,0.0127));
#4075=CARTESIAN_POINT('',(0.00680136198739627,-0.0331679175733293,0.0147));
#4076=CARTESIAN_POINT('',(0.00680136198739627,-0.0331679175733293,0.0127));
#4077=CARTESIAN_POINT('',(0.00677203114858918,-0.0332532964811602,0.0147));
#4078=CARTESIAN_POINT('',(0.00677203114858918,-0.0332532964811602,0.0127));
#4079=CARTESIAN_POINT('',(0.00674598077085197,-0.0333295647157402,0.0147));
#4080=CARTESIAN_POINT('',(0.00674598077085197,-0.0333295647157402,0.0127));
#4081=CARTESIAN_POINT('',(0.00672323693329654,-0.0333965006847527,0.0147));
#4082=CARTESIAN_POINT('',(0.00672323693329654,-0.0333965006847527,0.0127));
#4083=CARTESIAN_POINT('',(0.0067070102373949,-0.0334444713050761,0.0147));
#4084=CARTESIAN_POINT('',(0.0067070102373949,-0.0334444713050761,0.0127));
#4085=CARTESIAN_POINT('',(0.00669268950434808,-0.0334869110107574,0.0147));
#4086=CARTESIAN_POINT('',(0.00669268950434808,-0.0334869110107574,0.0127));
#4087=CARTESIAN_POINT('',(0.00668264008494334,-0.0335167539810241,0.0147));
#4088=CARTESIAN_POINT('',(0.00668264008494334,-0.0335167539810241,0.0127));
#4089=CARTESIAN_POINT('',(0.00667349217522599,-0.0335439209853022,0.0147));
#4090=CARTESIAN_POINT('',(0.00667349217522599,-0.0335439209853022,0.0127));
#4091=CARTESIAN_POINT('',(0.0066676497015865,-0.0335612509789892,0.0147));
#4092=CARTESIAN_POINT('',(0.0066676497015865,-0.0335612509789892,0.0127));
#4093=CARTESIAN_POINT('',(0.00666288009841519,-0.0335753662236655,0.0147));
#4094=CARTESIAN_POINT('',(0.00666288009841519,-0.0335753662236655,0.0127));
#4095=CARTESIAN_POINT('',(0.00665865451193531,-0.0335878426940875,0.0147));
#4096=CARTESIAN_POINT('',(0.00665865451193531,-0.0335878426940875,0.0127));
#4097=CARTESIAN_POINT('',(0.00665317868523611,-0.0336039518123834,0.0147));
#4098=CARTESIAN_POINT('',(0.00665317868523611,-0.0336039518123834,0.0127));
#4099=CARTESIAN_POINT('',(0.0066443241425213,-0.0336298249028356,0.0147));
#4100=CARTESIAN_POINT('',(0.0066443241425213,-0.0336298249028356,0.0127));
#4101=CARTESIAN_POINT('',(0.00663219951537639,-0.0336647748852511,0.0147));
#4102=CARTESIAN_POINT('',(0.00663219951537639,-0.0336647748852511,0.0127));
#4103=CARTESIAN_POINT('',(0.00661820319649286,-0.0337043865983482,0.0147));
#4104=CARTESIAN_POINT('',(0.00661820319649286,-0.0337043865983482,0.0127));
#4105=CARTESIAN_POINT('',(0.00660241542674461,-0.0337483224831631,0.0147));
#4106=CARTESIAN_POINT('',(0.00660241542674461,-0.0337483224831631,0.0127));
#4107=CARTESIAN_POINT('',(0.00658223983249602,-0.0338032392536354,0.0147));
#4108=CARTESIAN_POINT('',(0.00658223983249602,-0.0338032392536354,0.0127));
#4109=CARTESIAN_POINT('',(0.00655177462070299,-0.0338838986795113,0.0147));
#4110=CARTESIAN_POINT('',(0.00655177462070299,-0.0338838986795113,0.0127));
#4111=CARTESIAN_POINT('',(0.00651147319322773,-0.0339859683915013,0.0147));
#4112=CARTESIAN_POINT('',(0.00651147319322773,-0.0339859683915013,0.0127));
#4113=CARTESIAN_POINT('',(0.00646518828501674,-0.0340975055681974,0.0147));
#4114=CARTESIAN_POINT('',(0.00646518828501674,-0.0340975055681974,0.0127));
#4115=CARTESIAN_POINT('',(0.00641165162333929,-0.0342207325541274,0.0147));
#4116=CARTESIAN_POINT('',(0.00641165162333929,-0.0342207325541274,0.0127));
#4117=CARTESIAN_POINT('',(0.00634264479379688,-0.0343715558998303,0.0147));
#4118=CARTESIAN_POINT('',(0.00634264479379688,-0.0343715558998303,0.0127));
#4119=CARTESIAN_POINT('',(0.00622976464611474,-0.0345999700289714,0.0147));
#4120=CARTESIAN_POINT('',(0.00622976464611474,-0.0345999700289714,0.0127));
#4121=CARTESIAN_POINT('',(0.00607660661169286,-0.0348830566263119,0.0147));
#4122=CARTESIAN_POINT('',(0.00607660661169286,-0.0348830566263119,0.0127));
#4123=CARTESIAN_POINT('',(0.00588816766965918,-0.0351839751523218,0.0147));
#4124=CARTESIAN_POINT('',(0.00588816766965918,-0.0351839751523218,0.0127));
#4125=CARTESIAN_POINT('',(0.0057517986811421,-0.0353861017239389,0.0147));
#4126=CARTESIAN_POINT('',(0.0057517986811421,-0.0353861017239389,0.0127));
#4127=CARTESIAN_POINT('',(0.0055434998207502,-0.035671967373841,0.0147));
#4128=CARTESIAN_POINT('',(0.0055434998207502,-0.035671967373841,0.0127));
#4129=CARTESIAN_POINT('',(0.0052459599526906,-0.0360422575158741,0.0147));
#4130=CARTESIAN_POINT('',(0.0052459599526906,-0.0360422575158741,0.0127));
#4131=CARTESIAN_POINT('',(0.00466583949195395,-0.0366320576691547,0.0147));
#4132=CARTESIAN_POINT('',(0.00466583949195395,-0.0366320576691547,0.0127));
#4133=CARTESIAN_POINT('',(0.00392072403109614,-0.0372026101539017,0.0147));
#4134=CARTESIAN_POINT('',(0.00392072403109614,-0.0372026101539017,0.0127));
#4135=CARTESIAN_POINT('',(0.00319563270320003,-0.0376288452747328,0.0147));
#4136=CARTESIAN_POINT('',(0.00319563270320003,-0.0376288452747328,0.0127));
#4137=CARTESIAN_POINT('',(0.00247615329212312,-0.0379391836658725,0.0147));
#4138=CARTESIAN_POINT('',(0.00247615329212312,-0.0379391836658725,0.0127));
#4139=CARTESIAN_POINT('',(0.00157429247986413,-0.0382322562428612,0.0147));
#4140=CARTESIAN_POINT('',(0.00157429247986413,-0.0382322562428612,0.0127));
#4141=CARTESIAN_POINT('',(0.000216253080557933,-0.038458218755892,0.0147));
#4142=CARTESIAN_POINT('',(0.000216253080557933,-0.038458218755892,0.0127));
#4143=CARTESIAN_POINT('',(-0.00177704013381137,-0.0382592110995994,0.0147));
#4144=CARTESIAN_POINT('',(-0.00177704013381137,-0.0382592110995994,0.0127));
#4145=CARTESIAN_POINT('',(-0.00364382226055246,-0.0374712284621117,0.0147));
#4146=CARTESIAN_POINT('',(-0.00364382226055246,-0.0374712284621117,0.0127));
#4147=CARTESIAN_POINT('',(-0.00478888554607418,-0.0365478715901221,0.0147));
#4148=CARTESIAN_POINT('',(-0.00478888554607418,-0.0365478715901221,0.0127));
#4149=CARTESIAN_POINT('',(-0.00542299035140631,-0.0358540446772274,0.0147));
#4150=CARTESIAN_POINT('',(-0.00542299035140631,-0.0358540446772274,0.0127));
#4151=CARTESIAN_POINT('',(-0.00595139796864605,-0.0351480708528342,0.0147));
#4152=CARTESIAN_POINT('',(-0.00595139796864605,-0.0351480708528342,0.0127));
#4153=CARTESIAN_POINT('',(-0.00626459585543859,-0.0345834083605068,0.0147));
#4154=CARTESIAN_POINT('',(-0.00626459585543859,-0.0345834083605068,0.0127));
#4155=CARTESIAN_POINT('',(-0.00650551115315329,-0.0340498274580401,0.0147));
#4156=CARTESIAN_POINT('',(-0.00650551115315329,-0.0340498274580401,0.0127));
#4157=CARTESIAN_POINT('',(-0.00666938983112792,-0.0336211957648111,0.0147));
#4158=CARTESIAN_POINT('',(-0.00666938983112792,-0.0336211957648111,0.0127));
#4159=CARTESIAN_POINT('',(-0.00681721272032133,-0.03313332816405,0.0147));
#4160=CARTESIAN_POINT('',(-0.00681721272032133,-0.03313332816405,0.0127));
#4161=CARTESIAN_POINT('',(-0.00688035577174602,-0.0328476323608457,0.0147));
#4162=CARTESIAN_POINT('',(-0.00688035577174602,-0.0328476323608457,0.0127));
#4163=CARTESIAN_POINT('',(-0.00690739449110257,-0.0327105006142333,0.0147));
#4164=CARTESIAN_POINT('',(-0.00690739449110257,-0.0327105006142333,0.0127));
#4165=CARTESIAN_POINT('',(-0.00690739449110144,-0.0327105006142389,0.0147));
#4166=CARTESIAN_POINT('',(-0.00690739449111027,-0.032710500614264,0.0147));
#4167=CARTESIAN_POINT('',(-0.00690739449111027,-0.032710500614264,0.0127));
#4168=CARTESIAN_POINT('',(-0.00737359569196512,-0.032546954118913,0.0147));
#4169=CARTESIAN_POINT('',(-0.00737359569196512,-0.032546954118913,0.0127));
#4170=CARTESIAN_POINT('',(-0.00842174937906523,-0.0322901402782559,0.0147));
#4171=CARTESIAN_POINT('',(-0.00842174937906523,-0.0322901402782559,0.0127));
#4172=CARTESIAN_POINT('',(-0.00974586831048902,-0.0322540498329492,0.0147));
#4173=CARTESIAN_POINT('',(-0.00974586831048902,-0.0322540498329492,0.0127));
#4174=CARTESIAN_POINT('',(-0.0108118890654885,-0.0324505807547597,0.0147));
#4175=CARTESIAN_POINT('',(-0.0108118890654885,-0.0324505807547597,0.0127));
#4176=CARTESIAN_POINT('',(-0.011145949823001,-0.0326218612871788,0.0147));
#4177=CARTESIAN_POINT('',(-0.011145949823001,-0.0326218612871788,0.0127));
#4178=CARTESIAN_POINT('',(-0.0111921458420085,-0.0326495472287211,0.0147));
#4179=CARTESIAN_POINT('',(-0.0111921458420085,-0.0326495472287211,0.0127));
#4180=CARTESIAN_POINT('',(-0.0111921458420085,-0.0326495472287211,0.0147));
#4181=CARTESIAN_POINT('',(-0.0111921458420083,-0.0326495472287209,0.0147));
#4182=CARTESIAN_POINT('',(-0.0111921458420083,-0.0326495472287209,0.0127));
#4183=CARTESIAN_POINT('',(-0.0112279851556751,-0.0326827047557399,0.0147));
#4184=CARTESIAN_POINT('',(-0.0112279851556751,-0.0326827047557399,0.0127));
#4185=CARTESIAN_POINT('',(-0.0113564842083687,-0.0328098448464329,0.0147));
#4186=CARTESIAN_POINT('',(-0.0113564842083687,-0.0328098448464329,0.0127));
#4187=CARTESIAN_POINT('',(-0.0116799601387428,-0.0331592805316579,0.0147));
#4188=CARTESIAN_POINT('',(-0.0116799601387428,-0.0331592805316579,0.0127));
#4189=CARTESIAN_POINT('',(-0.0120298796134786,-0.033530951946769,0.0147));
#4190=CARTESIAN_POINT('',(-0.0120298796134786,-0.033530951946769,0.0127));
#4191=CARTESIAN_POINT('',(-0.0124523392476622,-0.0339534064737022,0.0147));
#4192=CARTESIAN_POINT('',(-0.0124523392476622,-0.0339534064737022,0.0127));
#4193=CARTESIAN_POINT('',(-0.0129700573450642,-0.0344013360551824,0.0147));
#4194=CARTESIAN_POINT('',(-0.0129700573450642,-0.0344013360551824,0.0127));
#4195=CARTESIAN_POINT('',(-0.013445429013714,-0.0347691465485244,0.0147));
#4196=CARTESIAN_POINT('',(-0.013445429013714,-0.0347691465485244,0.0127));
#4197=CARTESIAN_POINT('',(-0.0141632322217091,-0.0352311588634286,0.0147));
#4198=CARTESIAN_POINT('',(-0.0141632322217091,-0.0352311588634286,0.0127));
#4199=CARTESIAN_POINT('',(-0.015074191918816,-0.0356815050471478,0.0147));
#4200=CARTESIAN_POINT('',(-0.015074191918816,-0.0356815050471478,0.0127));
#4201=CARTESIAN_POINT('',(-0.0163764221889691,-0.0360942794370445,0.0147));
#4202=CARTESIAN_POINT('',(-0.0163764221889691,-0.0360942794370445,0.0127));
#4203=CARTESIAN_POINT('',(-0.0177323818194229,-0.0362396628413363,0.0147));
#4204=CARTESIAN_POINT('',(-0.0177323818194229,-0.0362396628413363,0.0127));
#4205=CARTESIAN_POINT('',(-0.0189614667974891,-0.0361386664206407,0.0147));
#4206=CARTESIAN_POINT('',(-0.0189614667974891,-0.0361386664206407,0.0127));
#4207=CARTESIAN_POINT('',(-0.0201401268534104,-0.0358905156315079,0.0147));
#4208=CARTESIAN_POINT('',(-0.0201401268534104,-0.0358905156315079,0.0127));
#4209=CARTESIAN_POINT('',(-0.0214917703216703,-0.035322449409118,0.0147));
#4210=CARTESIAN_POINT('',(-0.0214917703216703,-0.035322449409118,0.0127));
#4211=CARTESIAN_POINT('',(-0.0225877007005634,-0.0345517742316091,0.0147));
#4212=CARTESIAN_POINT('',(-0.0225877007005634,-0.0345517742316091,0.0127));
#4213=CARTESIAN_POINT('',(-0.0233261879254904,-0.0338596040698944,0.0147));
#4214=CARTESIAN_POINT('',(-0.0233261879254904,-0.0338596040698944,0.0127));
#4215=CARTESIAN_POINT('',(-0.0238715238565147,-0.0332159933276468,0.0147));
#4216=CARTESIAN_POINT('',(-0.0238715238565147,-0.0332159933276468,0.0127));
#4217=CARTESIAN_POINT('',(-0.0243389298997069,-0.0325606450838291,0.0147));
#4218=CARTESIAN_POINT('',(-0.0243389298997069,-0.0325606450838291,0.0127));
#4219=CARTESIAN_POINT('',(-0.024736886964676,-0.0318831576548215,0.0147));
#4220=CARTESIAN_POINT('',(-0.024736886964676,-0.0318831576548215,0.0127));
#4221=CARTESIAN_POINT('',(-0.0250350926340256,-0.0312950675880609,0.0147));
#4222=CARTESIAN_POINT('',(-0.0250350926340256,-0.0312950675880609,0.0127));
#4223=CARTESIAN_POINT('',(-0.0252584634280076,-0.0308250447770614,0.0147));
#4224=CARTESIAN_POINT('',(-0.0252584634280076,-0.0308250447770614,0.0127));
#4225=CARTESIAN_POINT('',(-0.0254309907885736,-0.0304560490360124,0.0147));
#4226=CARTESIAN_POINT('',(-0.0254309907885736,-0.0304560490360124,0.0127));
#4227=CARTESIAN_POINT('',(-0.0255239128078802,-0.0302637637126977,0.0147));
#4228=CARTESIAN_POINT('',(-0.0255239128078802,-0.0302637637126977,0.0127));
#4229=CARTESIAN_POINT('',(-0.0255635410604938,-0.0301842248155428,0.0147));
#4230=CARTESIAN_POINT('',(-0.0255635410604938,-0.0301842248155428,0.0127));
#4231=CARTESIAN_POINT('',(-0.0255635410604937,-0.0301842248155428,0.0147));
#4232=CARTESIAN_POINT('',(-0.0255635410604938,-0.0301842248155429,0.0147));
#4233=CARTESIAN_POINT('',(-0.0255635410604938,-0.0301842248155429,0.0127));
#4234=CARTESIAN_POINT('',(-0.0257526734550399,-0.0301153181374912,0.0147));
#4235=CARTESIAN_POINT('',(-0.0257526734550399,-0.0301153181374912,0.0127));
#4236=CARTESIAN_POINT('',(-0.0262244975097403,-0.0299806611533066,0.0147));
#4237=CARTESIAN_POINT('',(-0.0262244975097403,-0.0299806611533066,0.0127));
#4238=CARTESIAN_POINT('',(-0.0271022159055034,-0.0298347971867559,0.0147));
#4239=CARTESIAN_POINT('',(-0.0271022159055034,-0.0298347971867559,0.0127));
#4240=CARTESIAN_POINT('',(-0.0280944375328408,-0.0297160109872815,0.0147));
#4241=CARTESIAN_POINT('',(-0.0280944375328408,-0.0297160109872815,0.0127));
#4242=CARTESIAN_POINT('',(-0.0291207674750509,-0.0296762295370724,0.0147));
#4243=CARTESIAN_POINT('',(-0.0291207674750509,-0.0296762295370724,0.0127));
#4244=CARTESIAN_POINT('',(-0.0296208224761067,-0.029739760162164,0.0147));
#4245=CARTESIAN_POINT('',(-0.0296208224761067,-0.029739760162164,0.0127));
#4246=CARTESIAN_POINT('',(-0.0297466964132409,-0.0297647669867464,0.0147));
#4247=CARTESIAN_POINT('',(-0.0297466964132409,-0.0297647669867464,0.0127));
#4248=CARTESIAN_POINT('',(-0.0297466964132409,-0.0297647669867464,0.0147));
#4249=CARTESIAN_POINT('',(-0.0297466964132409,-0.0297647669867465,0.0147));
#4250=CARTESIAN_POINT('',(-0.0297466964132409,-0.0297647669867465,0.0127));
#4251=CARTESIAN_POINT('',(-0.0298314457553965,-0.0298308032642722,0.0147));
#4252=CARTESIAN_POINT('',(-0.0298314457553965,-0.0298308032642722,0.0127));
#4253=CARTESIAN_POINT('',(-0.0300786762275467,-0.0300314412129221,0.0147));
#4254=CARTESIAN_POINT('',(-0.0300786762275467,-0.0300314412129221,0.0127));
#4255=CARTESIAN_POINT('',(-0.0306128025362759,-0.0304784442538785,0.0147));
#4256=CARTESIAN_POINT('',(-0.0306128025362759,-0.0304784442538785,0.0127));
#4257=CARTESIAN_POINT('',(-0.0313262367101244,-0.0309982904153351,0.0147));
#4258=CARTESIAN_POINT('',(-0.0313262367101244,-0.0309982904153351,0.0127));
#4259=CARTESIAN_POINT('',(-0.0319505953672239,-0.0313939804947511,0.0147));
#4260=CARTESIAN_POINT('',(-0.0319505953672239,-0.0313939804947511,0.0127));
#4261=CARTESIAN_POINT('',(-0.032697269926212,-0.0317645198310776,0.0147));
#4262=CARTESIAN_POINT('',(-0.032697269926212,-0.0317645198310776,0.0127));
#4263=CARTESIAN_POINT('',(-0.0333467229431746,-0.0320272109872368,0.0147));
#4264=CARTESIAN_POINT('',(-0.0333467229431746,-0.0320272109872368,0.0127));
#4265=CARTESIAN_POINT('',(-0.0342356606398962,-0.0322855914602873,0.0147));
#4266=CARTESIAN_POINT('',(-0.0342356606398962,-0.0322855914602873,0.0127));
#4267=CARTESIAN_POINT('',(-0.035272097506361,-0.0324453789715201,0.0147));
#4268=CARTESIAN_POINT('',(-0.035272097506361,-0.0324453789715201,0.0127));
#4269=CARTESIAN_POINT('',(-0.0363120952387264,-0.0324531894298485,0.0147));
#4270=CARTESIAN_POINT('',(-0.0363120952387264,-0.0324531894298485,0.0127));
#4271=CARTESIAN_POINT('',(-0.0372396115199203,-0.0323245542600965,0.0147));
#4272=CARTESIAN_POINT('',(-0.0372396115199203,-0.0323245542600965,0.0127));
#4273=CARTESIAN_POINT('',(-0.0381081723016246,-0.0321220890724659,0.0147));
#4274=CARTESIAN_POINT('',(-0.0381081723016246,-0.0321220890724659,0.0127));
#4275=CARTESIAN_POINT('',(-0.0391825995357067,-0.0317064895593305,0.0147));
#4276=CARTESIAN_POINT('',(-0.0391825995357067,-0.0317064895593305,0.0127));
#4277=CARTESIAN_POINT('',(-0.0404889567124467,-0.0309139302507625,0.0147));
#4278=CARTESIAN_POINT('',(-0.0404889567124467,-0.0309139302507625,0.0127));
#4279=CARTESIAN_POINT('',(-0.0413390561766699,-0.0301076170804947,0.0147));
#4280=CARTESIAN_POINT('',(-0.0413390561766699,-0.0301076170804947,0.0127));
#4281=CARTESIAN_POINT('',(-0.0419050919433893,-0.0294231526626399,0.0147));
#4282=CARTESIAN_POINT('',(-0.0419050919433893,-0.0294231526626399,0.0127));
#4283=CARTESIAN_POINT('',(-0.0423134780493216,-0.0288541059917559,0.0147));
#4284=CARTESIAN_POINT('',(-0.0423134780493216,-0.0288541059917559,0.0127));
#4285=CARTESIAN_POINT('',(-0.0426634259383375,-0.028269992742632,0.0147));
#4286=CARTESIAN_POINT('',(-0.0426634259383375,-0.028269992742632,0.0127));
#4287=CARTESIAN_POINT('',(-0.0430175208847516,-0.0275915708027445,0.0147));
#4288=CARTESIAN_POINT('',(-0.0430175208847516,-0.0275915708027445,0.0127));
#4289=CARTESIAN_POINT('',(-0.0431658696875431,-0.0272731214848649,0.0147));
#4290=CARTESIAN_POINT('',(-0.0431658696875431,-0.0272731214848649,0.0127));
#4291=CARTESIAN_POINT('',(-0.0432411385412232,-0.027117869367207,0.0147));
#4292=CARTESIAN_POINT('',(-0.0432411385412232,-0.027117869367207,0.0127));
#4293=CARTESIAN_POINT('',(-0.0432411385412232,-0.027117869367207,0.0147));
#4294=CARTESIAN_POINT('',(-0.0432411385412231,-0.027117869367207,0.0147));
#4295=CARTESIAN_POINT('',(-0.0432411385412231,-0.027117869367207,0.0127));
#4296=CARTESIAN_POINT('',(-0.043323373043573,-0.027086357054984,0.0147));
#4297=CARTESIAN_POINT('',(-0.043323373043573,-0.027086357054984,0.0127));
#4298=CARTESIAN_POINT('',(-0.0435372287187303,-0.0270165481240487,0.0147));
#4299=CARTESIAN_POINT('',(-0.0435372287187303,-0.0270165481240487,0.0127));
#4300=CARTESIAN_POINT('',(-0.0439524207532538,-0.0269331086512895,0.0147));
#4301=CARTESIAN_POINT('',(-0.0439524207532538,-0.0269331086512895,0.0127));
#4302=CARTESIAN_POINT('',(-0.0444167381710809,-0.0268913585245474,0.0147));
#4303=CARTESIAN_POINT('',(-0.0444167381710809,-0.0268913585245474,0.0127));
#4304=CARTESIAN_POINT('',(-0.044912553378945,-0.026897206937218,0.0147));
#4305=CARTESIAN_POINT('',(-0.044912553378945,-0.026897206937218,0.0127));
#4306=CARTESIAN_POINT('',(-0.0456218558226637,-0.0269636582962446,0.0147));
#4307=CARTESIAN_POINT('',(-0.0456218558226637,-0.0269636582962446,0.0127000000000001));
#4308=CARTESIAN_POINT('',(-0.046267996078479,-0.0270450823650815,0.0147));
#4309=CARTESIAN_POINT('',(-0.046267996078479,-0.0270450823650815,0.0127));
#4310=CARTESIAN_POINT('',(-0.0468006821552082,-0.0271155417319976,0.0147));
#4311=CARTESIAN_POINT('',(-0.0468006821552082,-0.0271155417319976,0.0127000000000001));
#4312=CARTESIAN_POINT('',(-0.0473833604858138,-0.0271900852348791,0.0147));
#4313=CARTESIAN_POINT('',(-0.0473833604858138,-0.0271900852348791,0.0127));
#4314=CARTESIAN_POINT('',(-0.0480491884110253,-0.0272606725455058,0.0147));
#4315=CARTESIAN_POINT('',(-0.0480491884110253,-0.0272606725455058,0.0127));
#4316=CARTESIAN_POINT('',(-0.0487177338399621,-0.0273059551078967,0.0147));
#4317=CARTESIAN_POINT('',(-0.0487177338399621,-0.0273059551078967,0.0127));
#4318=CARTESIAN_POINT('',(-0.0494200207891118,-0.0273051089440417,0.0147));
#4319=CARTESIAN_POINT('',(-0.0494200207891118,-0.0273051089440417,0.0127));
#4320=CARTESIAN_POINT('',(-0.0499325039254415,-0.0272779066265674,0.0147));
#4321=CARTESIAN_POINT('',(-0.0499325039254415,-0.0272779066265674,0.0127));
#4322=CARTESIAN_POINT('',(-0.0504743866977483,-0.0272112676331296,0.0147));
#4323=CARTESIAN_POINT('',(-0.0504743866977483,-0.0272112676331296,0.0127));
#4324=CARTESIAN_POINT('',(-0.051037612747139,-0.0271125554022976,0.0147));
#4325=CARTESIAN_POINT('',(-0.051037612747139,-0.0271125554022976,0.0127000000000001));
#4326=CARTESIAN_POINT('',(-0.0519412950521093,-0.0268841629282364,0.0147));
#4327=CARTESIAN_POINT('',(-0.0519412950521093,-0.0268841629282364,0.0127));
#4328=CARTESIAN_POINT('',(-0.0531268939806629,-0.0263576175198768,0.0147));
#4329=CARTESIAN_POINT('',(-0.0531268939806629,-0.0263576175198768,0.0127000000000001));
#4330=CARTESIAN_POINT('',(-0.0541923928259049,-0.0256139558244154,0.0147));
#4331=CARTESIAN_POINT('',(-0.0541923928259049,-0.0256139558244154,0.0127));
#4332=CARTESIAN_POINT('',(-0.055023555697172,-0.0248275632979901,0.0147));
#4333=CARTESIAN_POINT('',(-0.055023555697172,-0.0248275632979901,0.0127));
#4334=CARTESIAN_POINT('',(-0.0557514482537489,-0.0238761280113514,0.0147));
#4335=CARTESIAN_POINT('',(-0.0557514482537489,-0.0238761280113514,0.0127000000000001));
#4336=CARTESIAN_POINT('',(-0.0565442397785473,-0.0223473784992865,0.0147));
#4337=CARTESIAN_POINT('',(-0.0565442397785473,-0.0223473784992865,0.0127));
#4338=CARTESIAN_POINT('',(-0.0569295019478764,-0.0204777001462557,0.0147));
#4339=CARTESIAN_POINT('',(-0.0569295019478764,-0.0204777001462557,0.0127000000000001));
#4340=CARTESIAN_POINT('',(-0.0568149666418994,-0.0187583414922238,0.0147));
#4341=CARTESIAN_POINT('',(-0.0568149666418994,-0.0187583414922238,0.0127));
#4342=CARTESIAN_POINT('',(-0.0564982186930441,-0.0175443350861549,0.0147));
#4343=CARTESIAN_POINT('',(-0.0564982186930441,-0.0175443350861549,0.0127000000000001));
#4344=CARTESIAN_POINT('',(-0.0561475414354223,-0.016678341241949,0.0147));
#4345=CARTESIAN_POINT('',(-0.0561475414354223,-0.016678341241949,0.0127));
#4346=CARTESIAN_POINT('',(-0.0556808826532385,-0.0157878194845776,0.0147));
#4347=CARTESIAN_POINT('',(-0.0556808826532385,-0.0157878194845776,0.0127));
#4348=CARTESIAN_POINT('',(-0.0551584985648132,-0.0150156085928019,0.0147));
#4349=CARTESIAN_POINT('',(-0.0551584985648132,-0.0150156085928019,0.0127));
#4350=CARTESIAN_POINT('',(-0.0545696479381854,-0.0142767775760425,0.0147));
#4351=CARTESIAN_POINT('',(-0.0545696479381854,-0.0142767775760425,0.0127000000000001));
#4352=CARTESIAN_POINT('',(-0.0539917404792668,-0.0136324383389562,0.0147));
#4353=CARTESIAN_POINT('',(-0.0539917404792668,-0.0136324383389562,0.0127));
#4354=CARTESIAN_POINT('',(-0.0533999906270321,-0.0130240122907864,0.0147));
#4355=CARTESIAN_POINT('',(-0.0533999906270321,-0.0130240122907864,0.0127));
#4356=CARTESIAN_POINT('',(-0.0525795573539622,-0.0122317627971021,0.0147));
#4357=CARTESIAN_POINT('',(-0.0525795573539622,-0.0122317627971021,0.0127000000000001));
#4358=CARTESIAN_POINT('',(-0.0514800114587615,-0.0112441809635116,0.0147));
#4359=CARTESIAN_POINT('',(-0.0514800114587615,-0.0112441809635116,0.0127));
#4360=CARTESIAN_POINT('',(-0.0500403201015697,-0.0100353203674413,0.0147));
#4361=CARTESIAN_POINT('',(-0.0500403201015697,-0.0100353203674413,0.0127));
#4362=CARTESIAN_POINT('',(-0.0485038745012986,-0.00881110630293079,0.0147));
#4363=CARTESIAN_POINT('',(-0.0485038745012986,-0.00881110630293079,0.0127000000000001));
#4364=CARTESIAN_POINT('',(-0.0468994364795668,-0.00758856912285495,0.0147));
#4365=CARTESIAN_POINT('',(-0.0468994364795668,-0.00758856912285495,0.0127));
#4366=CARTESIAN_POINT('',(-0.0447291306162681,-0.0060006907340793,0.0147));
#4367=CARTESIAN_POINT('',(-0.0447291306162681,-0.0060006907340793,0.0127000000000001));
#4368=CARTESIAN_POINT('',(-0.0419509153694128,-0.00409571843981863,0.0147));
#4369=CARTESIAN_POINT('',(-0.0419509153694128,-0.00409571843981863,0.0127000000000001));
#4370=CARTESIAN_POINT('',(-0.0384016173191791,-0.00197881004188987,0.0147));
#4371=CARTESIAN_POINT('',(-0.0384016173191791,-0.00197881004188987,0.0127));
#4372=CARTESIAN_POINT('',(-0.0345794202464533,-0.000115928569453686,0.0147));
#4373=CARTESIAN_POINT('',(-0.0345794202464533,-0.000115928569453686,0.0127000000000001));
#4374=CARTESIAN_POINT('',(-0.0304398607703848,0.00140395117227185,0.0147));
#4375=CARTESIAN_POINT('',(-0.0304398607703848,0.00140395117227185,0.0127));
#4376=CARTESIAN_POINT('',(-0.026709989344027,0.00231137302190014,0.0147));
#4377=CARTESIAN_POINT('',(-0.026709989344027,0.00231137302190014,0.0127000000000001));
#4378=CARTESIAN_POINT('',(-0.0235669225563611,0.00279067769757587,0.0147));
#4379=CARTESIAN_POINT('',(-0.0235669225563611,0.00279067769757587,0.0127));
#4380=CARTESIAN_POINT('',(-0.0202901624727594,0.00309683401260335,0.0147));
#4381=CARTESIAN_POINT('',(-0.0202901624727594,0.00309683401260335,0.0127000000000001));
#4382=CARTESIAN_POINT('',(-0.0178383534735112,0.00313171792831273,0.0147));
#4383=CARTESIAN_POINT('',(-0.0178383534735112,0.00313171792831273,0.0127));
#4384=CARTESIAN_POINT('',(-0.0162573894938191,0.00311057819753951,0.0147));
#4385=CARTESIAN_POINT('',(-0.0162573894938191,0.00311057819753951,0.0127));
#4386=CARTESIAN_POINT('',(-0.0162573894938188,0.0031105781975395,0.0147));
#4387=CARTESIAN_POINT('',(-0.0162573894938187,0.00311057819753949,0.0147));
#4388=CARTESIAN_POINT('',(-0.0162573894938187,0.00311057819753949,0.0127));
#4389=CARTESIAN_POINT('',(-0.0162744543575032,0.00349515544295047,0.0147));
#4390=CARTESIAN_POINT('',(-0.0162744543575032,0.00349515544295047,0.0127));
#4391=CARTESIAN_POINT('',(-0.016261605602415,0.00439436177051248,0.0147));
#4392=CARTESIAN_POINT('',(-0.016261605602415,0.00439436177051248,0.0127));
#4393=CARTESIAN_POINT('',(-0.0158877631450715,0.00615361204821798,0.0147));
#4394=CARTESIAN_POINT('',(-0.0158877631450715,0.00615361204821798,0.0127));
#4395=CARTESIAN_POINT('',(-0.0149684474657633,0.00787787145041167,0.0147));
#4396=CARTESIAN_POINT('',(-0.0149684474657633,0.00787787145041167,0.0127));
#4397=CARTESIAN_POINT('',(-0.0138184964220336,0.00910381071758406,0.0147));
#4398=CARTESIAN_POINT('',(-0.0138184964220336,0.00910381071758406,0.0127));
#4399=CARTESIAN_POINT('',(-0.012486193569046,0.0100997968475303,0.0147));
#4400=CARTESIAN_POINT('',(-0.012486193569046,0.0100997968475303,0.0127));
#4401=CARTESIAN_POINT('',(-0.0108878140058479,0.0107521915967062,0.0147));
#4402=CARTESIAN_POINT('',(-0.0108878140058479,0.0107521915967062,0.0127));
#4403=CARTESIAN_POINT('',(-0.00939210146092761,0.0109911008251738,0.0147));
#4404=CARTESIAN_POINT('',(-0.00939210146092761,0.0109911008251738,0.0127));
#4405=CARTESIAN_POINT('',(-0.00829383001928113,0.0109949311084705,0.0147));
#4406=CARTESIAN_POINT('',(-0.00829383001928113,0.0109949311084705,0.0127));
#4407=CARTESIAN_POINT('',(-0.00713292039261722,0.0108704509769628,0.0147));
#4408=CARTESIAN_POINT('',(-0.00713292039261722,0.0108704509769628,0.0127));
#4409=CARTESIAN_POINT('',(-0.00613024079505951,0.0106290047623363,0.0147));
#4410=CARTESIAN_POINT('',(-0.00613024079505951,0.0106290047623363,0.0127));
#4411=CARTESIAN_POINT('',(-0.00515561308991149,0.010312750504082,0.0147));
#4412=CARTESIAN_POINT('',(-0.00515561308991149,0.010312750504082,0.0127));
#4413=CARTESIAN_POINT('',(-0.00431888530647715,0.00998546538323808,0.0147));
#4414=CARTESIAN_POINT('',(-0.00431888530647715,0.00998546538323808,0.0127));
#4415=CARTESIAN_POINT('',(-0.00380678924215995,0.0097638806604498,0.0147));
#4416=CARTESIAN_POINT('',(-0.00380678924215995,0.0097638806604498,0.0127));
#4417=CARTESIAN_POINT('',(-0.00355987425240997,0.00965335160488357,0.0147));
#4418=CARTESIAN_POINT('',(-0.00355987425240997,0.00965335160488357,0.0127));
#4419=CARTESIAN_POINT('',(-0.00355987425240992,0.00965335160488355,0.0147));
#4420=CARTESIAN_POINT('',(-0.00355987425240992,0.00965335160488357,0.0147));
#4421=CARTESIAN_POINT('',(-0.00355987425240992,0.00965335160488357,0.0127));
#4422=CARTESIAN_POINT('',(-0.00351716547303452,0.00984099604910185,0.0147));
#4423=CARTESIAN_POINT('',(-0.00351716547303452,0.00984099604910185,0.0127));
#4424=CARTESIAN_POINT('',(-0.00342935046484349,0.0102337557916567,0.0147));
#4425=CARTESIAN_POINT('',(-0.00342935046484349,0.0102337557916567,0.0127));
#4426=CARTESIAN_POINT('',(-0.00328160936342496,0.0108793354903688,0.0147));
#4427=CARTESIAN_POINT('',(-0.00328160936342496,0.0108793354903688,0.0127));
#4428=CARTESIAN_POINT('',(-0.00309602697322697,0.0116074796122582,0.0147));
#4429=CARTESIAN_POINT('',(-0.00309602697322697,0.0116074796122582,0.0127));
#4430=CARTESIAN_POINT('',(-0.00286861102269278,0.0123558080699461,0.0147));
#4431=CARTESIAN_POINT('',(-0.00286861102269278,0.0123558080699461,0.0127));
#4432=CARTESIAN_POINT('',(-0.00254607572761446,0.0131591095986548,0.0147));
#4433=CARTESIAN_POINT('',(-0.00254607572761446,0.0131591095986548,0.0127));
#4434=CARTESIAN_POINT('',(-0.0022235166713524,0.0138095976303078,0.0147));
#4435=CARTESIAN_POINT('',(-0.0022235166713524,0.0138095976303078,0.0127));
#4436=CARTESIAN_POINT('',(-0.00182080787559222,0.0144469844731624,0.0147));
#4437=CARTESIAN_POINT('',(-0.00182080787559222,0.0144469844731624,0.0127));
#4438=CARTESIAN_POINT('',(-0.00141079242486254,0.0150015037395699,0.0147));
#4439=CARTESIAN_POINT('',(-0.00141079242486254,0.0150015037395699,0.0127));
#4440=CARTESIAN_POINT('',(-0.000801381045635997,0.0156608383041359,0.0147));
#4441=CARTESIAN_POINT('',(-0.000801381045635997,0.0156608383041359,0.0127));
#4442=CARTESIAN_POINT('',(-9.52415438537787E-6,0.0163269964981829,0.0147));
#4443=CARTESIAN_POINT('',(-9.52415438537787E-6,0.0163269964981829,0.0127));
#4444=CARTESIAN_POINT('',(0.00111949608554964,0.0170055784655994,0.0147));
#4445=CARTESIAN_POINT('',(0.00111949608554964,0.0170055784655994,0.0127));
#4446=CARTESIAN_POINT('',(0.00254488386805962,0.0175138852137487,0.0147));
#4447=CARTESIAN_POINT('',(0.00254488386805962,0.0175138852137487,0.0127));
#4448=CARTESIAN_POINT('',(0.00416734214794334,0.0177113365114606,0.0147));
#4449=CARTESIAN_POINT('',(0.00416734214794334,0.0177113365114606,0.0127));
#4450=CARTESIAN_POINT('',(0.00627946025091564,0.0174778104036361,0.0147));
#4451=CARTESIAN_POINT('',(0.00627946025091564,0.0174778104036361,0.0127));
#4452=CARTESIAN_POINT('',(0.00786545404107024,0.0167259775109384,0.0147));
#4453=CARTESIAN_POINT('',(0.00786545404107024,0.0167259775109384,0.0127));
#4454=CARTESIAN_POINT('',(0.00887445333012533,0.0159757285591864,0.0147));
#4455=CARTESIAN_POINT('',(0.00887445333012533,0.0159757285591864,0.0127));
#4456=CARTESIAN_POINT('',(0.00921718715848444,0.015661859232711,0.0147));
#4457=CARTESIAN_POINT('',(0.00921718715848444,0.015661859232711,0.0127));
#4458=CARTESIAN_POINT('',(0.00938065690395875,0.0155005490255518,0.0147));
#4459=CARTESIAN_POINT('',(0.00938065690395875,0.0155005490255518,0.0127));
#4460=CARTESIAN_POINT('',(0.00938065690395887,0.0155005490255516,0.0147));
#4461=CARTESIAN_POINT('',(0.00938065690395899,0.0155005490255515,0.0147));
#4462=CARTESIAN_POINT('',(0.00938065690395899,0.0155005490255515,0.0127000000000001));
#4463=CARTESIAN_POINT('',(0.0102813709198371,0.0163579509531466,0.0147));
#4464=CARTESIAN_POINT('',(0.0102813709198371,0.0163579509531466,0.0127000000000001));
#4465=CARTESIAN_POINT('',(0.0120463684817431,0.017944830586318,0.0147));
#4466=CARTESIAN_POINT('',(0.0120463684817431,0.017944830586318,0.0127000000000001));
#4467=CARTESIAN_POINT('',(0.0152844844845759,0.020721429347666,0.0147));
#4468=CARTESIAN_POINT('',(0.0152844844845759,0.020721429347666,0.0127000000000001));
#4469=CARTESIAN_POINT('',(0.0188076337000835,0.0233056555186641,0.0147));
#4470=CARTESIAN_POINT('',(0.0188076337000835,0.0233056555186641,0.0127000000000001));
#4471=CARTESIAN_POINT('',(0.022945525768004,0.0255459578322105,0.0147));
#4472=CARTESIAN_POINT('',(0.022945525768004,0.0255459578322105,0.0127000000000001));
#4473=CARTESIAN_POINT('',(0.0264148299806447,0.0270591380850444,0.0147));
#4474=CARTESIAN_POINT('',(0.0264148299806447,0.0270591380850444,0.0127000000000001));
#4475=CARTESIAN_POINT('',(0.0301139404151865,0.0284059443527016,0.0147));
#4476=CARTESIAN_POINT('',(0.0301139404151865,0.0284059443527016,0.0127000000000001));
#4477=CARTESIAN_POINT('',(0.0339446586590092,0.0296052861108261,0.0147));
#4478=CARTESIAN_POINT('',(0.0339446586590092,0.0296052861108261,0.0127000000000001));
#4479=CARTESIAN_POINT('',(0.0371420221913025,0.0304730858244701,0.0147));
#4480=CARTESIAN_POINT('',(0.0371420221913025,0.0304730858244701,0.0127000000000001));
#4481=CARTESIAN_POINT('',(0.0396371805099278,0.0310798703352117,0.0147));
#4482=CARTESIAN_POINT('',(0.0396371805099278,0.0310798703352117,0.0127000000000001));
#4483=CARTESIAN_POINT('',(0.0414610354291323,0.0314886155486075,0.0147));
#4484=CARTESIAN_POINT('',(0.0414610354291323,0.0314886155486075,0.0127000000000001));
#4485=CARTESIAN_POINT('',(0.0432223840659116,0.0318485005385047,0.0147));
#4486=CARTESIAN_POINT('',(0.0432223840659116,0.0318485005385047,0.0127000000000001));
#4487=CARTESIAN_POINT('',(0.0446287958749818,0.0321058848221526,0.0147));
#4488=CARTESIAN_POINT('',(0.0446287958749818,0.0321058848221526,0.0127000000000001));
#4489=CARTESIAN_POINT('',(0.0457100086060125,0.0322827531276232,0.0147));
#4490=CARTESIAN_POINT('',(0.0457100086060125,0.0322827531276232,0.0127000000000001));
#4491=CARTESIAN_POINT('',(0.0464951206483654,0.0323988558736123,0.0147));
#4492=CARTESIAN_POINT('',(0.0464951206483654,0.0323988558736123,0.0127000000000001));
#4493=CARTESIAN_POINT('',(0.0472573466376176,0.03249700740766,0.0147));
#4494=CARTESIAN_POINT('',(0.0472573466376176,0.03249700740766,0.0127000000000001));
#4495=CARTESIAN_POINT('',(0.0480042379345343,0.0325750887065831,0.0147));
#4496=CARTESIAN_POINT('',(0.0480042379345343,0.0325750887065831,0.0127000000000001));
#4497=CARTESIAN_POINT('',(0.0487597546287317,0.0326292410598524,0.0147));
#4498=CARTESIAN_POINT('',(0.0487597546287317,0.0326292410598524,0.0127000000000001));
#4499=CARTESIAN_POINT('',(0.0494357927740382,0.0326477024137834,0.0147));
#4500=CARTESIAN_POINT('',(0.0494357927740382,0.0326477024137834,0.0127000000000001));
#4501=CARTESIAN_POINT('',(0.0500756082811126,0.0326276442918205,0.0147));
#4502=CARTESIAN_POINT('',(0.0500756082811126,0.0326276442918205,0.0127000000000001));
#4503=CARTESIAN_POINT('',(0.0505439814910161,0.0325907803725786,0.0147));
#4504=CARTESIAN_POINT('',(0.0505439814910161,0.0325907803725786,0.0127000000000001));
#4505=CARTESIAN_POINT('',(0.051010986159295,0.0325259677198065,0.0147));
#4506=CARTESIAN_POINT('',(0.051010986159295,0.0325259677198065,0.0127000000000001));
#4507=CARTESIAN_POINT('',(0.0513728271346704,0.0324614240504302,0.0147));
#4508=CARTESIAN_POINT('',(0.0513728271346704,0.0324614240504302,0.0127000000000001));
#4509=CARTESIAN_POINT('',(0.0518689499467123,0.032345170565419,0.0147));
#4510=CARTESIAN_POINT('',(0.0518689499467123,0.032345170565419,0.0127000000000001));
#4511=CARTESIAN_POINT('',(0.0525751563736695,0.0321251667748105,0.0147));
#4512=CARTESIAN_POINT('',(0.0525751563736695,0.0321251667748105,0.0127000000000001));
#4513=CARTESIAN_POINT('',(0.0535555507366243,0.0317145847986731,0.0147));
#4514=CARTESIAN_POINT('',(0.0535555507366243,0.0317145847986731,0.0127000000000001));
#4515=CARTESIAN_POINT('',(0.0548234841643254,0.0308052379955413,0.0147));
#4516=CARTESIAN_POINT('',(0.0548234841643254,0.0308052379955413,0.0127000000000001));
#4517=CARTESIAN_POINT('',(0.055703439370356,0.0298734199326838,0.0147));
#4518=CARTESIAN_POINT('',(0.055703439370356,0.0298734199326838,0.0127000000000001));
#4519=CARTESIAN_POINT('',(0.056320635578271,0.02893016492325,0.0147));
#4520=CARTESIAN_POINT('',(0.056320635578271,0.02893016492325,0.0127000000000001));
#4521=CARTESIAN_POINT('',(0.056736692308198,0.0280693105752634,0.0147));
#4522=CARTESIAN_POINT('',(0.056736692308198,0.0280693105752634,0.0127000000000001));
#4523=CARTESIAN_POINT('',(0.0570247590282164,0.0271966002034539,0.0147));
#4524=CARTESIAN_POINT('',(0.0570247590282164,0.0271966002034539,0.0127000000000001));
#4525=CARTESIAN_POINT('',(0.057267362300785,0.0258960426292148,0.0147));
#4526=CARTESIAN_POINT('',(0.057267362300785,0.0258960426292148,0.0127000000000001));
#4527=CARTESIAN_POINT('',(0.0572371324757973,0.0247289081022585,0.0147));
#4528=CARTESIAN_POINT('',(0.0572371324757973,0.0247289081022585,0.0127000000000001));
#4529=CARTESIAN_POINT('',(0.057039074391783,0.0236915617493822,0.0147));
#4530=CARTESIAN_POINT('',(0.057039074391783,0.0236915617493822,0.0127000000000001));
#4531=CARTESIAN_POINT('',(0.056786446317485,0.0228512081977686,0.0147));
#4532=CARTESIAN_POINT('',(0.056786446317485,0.0228512081977686,0.0127000000000001));
#4533=CARTESIAN_POINT('',(0.0564101785298667,0.0220187426407352,0.0147));
#4534=CARTESIAN_POINT('',(0.0564101785298667,0.0220187426407352,0.0127000000000001));
#4535=CARTESIAN_POINT('',(0.055841445601871,0.0211000914323112,0.0147));
#4536=CARTESIAN_POINT('',(0.055841445601871,0.0211000914323112,0.0127000000000001));
#4537=CARTESIAN_POINT('',(0.0552710927204634,0.0204271722945278,0.0147));
#4538=CARTESIAN_POINT('',(0.0552710927204634,0.0204271722945278,0.0127000000000001));
#4539=CARTESIAN_POINT('',(0.0547602782812598,0.019928445429822,0.0147));
#4540=CARTESIAN_POINT('',(0.0547602782812598,0.019928445429822,0.0127000000000001));
#4541=CARTESIAN_POINT('',(0.0543908872780274,0.0196114787287517,0.0147));
#4542=CARTESIAN_POINT('',(0.0543908872780274,0.0196114787287517,0.0127000000000001));
#4543=CARTESIAN_POINT('',(0.0540825629796511,0.0193656853004308,0.0147));
#4544=CARTESIAN_POINT('',(0.0540825629796511,0.0193656853004308,0.0127000000000001));
#4545=CARTESIAN_POINT('',(0.0537425007796,0.0191087835782575,0.0147));
#4546=CARTESIAN_POINT('',(0.0537425007796,0.0191087835782575,0.0127000000000001));
#4547=CARTESIAN_POINT('',(0.0533909848229153,0.0188548998737177,0.0147));
#4548=CARTESIAN_POINT('',(0.0533909848229153,0.0188548998737177,0.0127000000000001));
#4549=CARTESIAN_POINT('',(0.0530326114007896,0.0185971076365756,0.0147));
#4550=CARTESIAN_POINT('',(0.0530326114007896,0.0185971076365756,0.0127000000000001));
#4551=CARTESIAN_POINT('',(0.0527202041341689,0.018365588792446,0.0147));
#4552=CARTESIAN_POINT('',(0.0527202041341689,0.018365588792446,0.0127000000000001));
#4553=CARTESIAN_POINT('',(0.0524542899349551,0.0181566605842273,0.0147));
#4554=CARTESIAN_POINT('',(0.0524542899349551,0.0181566605842273,0.0127000000000001));
#4555=CARTESIAN_POINT('',(0.0521721139934928,0.0179159811502153,0.0147));
#4556=CARTESIAN_POINT('',(0.0521721139934928,0.0179159811502153,0.0127000000000001));
#4557=CARTESIAN_POINT('',(0.0520620573133398,0.0177977683662875,0.0147));
#4558=CARTESIAN_POINT('',(0.0520620573133398,0.0177977683662875,0.0127000000000001));
#4559=CARTESIAN_POINT('',(0.0520419243931824,0.017774122453032,0.0147));
#4560=CARTESIAN_POINT('',(0.0520419243931824,0.017774122453032,0.0127000000000001));
#4561=CARTESIAN_POINT('',(0.0520419243931826,0.0177741224530323,0.0147));
#4562=CARTESIAN_POINT('',(0.0520419243931825,0.0177741224530325,0.0147));
#4563=CARTESIAN_POINT('',(0.0520419243931825,0.0177741224530325,0.0127));
#4564=CARTESIAN_POINT('',(0.0520250967900183,0.0177470083884276,0.0147));
#4565=CARTESIAN_POINT('',(0.0520250967900183,0.0177470083884276,0.0127));
#4566=CARTESIAN_POINT('',(0.0518747717345432,0.0174684720404803,0.0147));
#4567=CARTESIAN_POINT('',(0.0518747717345432,0.0174684720404803,0.0127));
#4568=CARTESIAN_POINT('',(0.0516520343974731,0.0164675958564741,0.0147));
#4569=CARTESIAN_POINT('',(0.0516520343974731,0.0164675958564741,0.0127));
#4570=CARTESIAN_POINT('',(0.0515932472232919,0.0154377366977836,0.0147));
#4571=CARTESIAN_POINT('',(0.0515932472232919,0.0154377366977836,0.0127));
#4572=CARTESIAN_POINT('',(0.0516228217049992,0.014649376849948,0.0147));
#4573=CARTESIAN_POINT('',(0.0516228217049992,0.014649376849948,0.0127));
#4574=CARTESIAN_POINT('',(0.0516646007201502,0.0141959922810918,0.0147));
#4575=CARTESIAN_POINT('',(0.0516646007201502,0.0141959922810918,0.0127));
#4576=CARTESIAN_POINT('',(0.051749852658654,0.0135929482695534,0.0147));
#4577=CARTESIAN_POINT('',(0.051749852658654,0.0135929482695534,0.0127));
#4578=CARTESIAN_POINT('',(0.0518669817040813,0.0127925168746657,0.0147));
#4579=CARTESIAN_POINT('',(0.0518669817040813,0.0127925168746657,0.0127));
#4580=CARTESIAN_POINT('',(0.0519328420911828,0.0119384326169897,0.0147));
#4581=CARTESIAN_POINT('',(0.0519328420911828,0.0119384326169897,0.0127));
#4582=CARTESIAN_POINT('',(0.0519360922488979,0.0112912349923789,0.0147));
#4583=CARTESIAN_POINT('',(0.0519360922488979,0.0112912349923789,0.0127));
#4584=CARTESIAN_POINT('',(0.0519122433411312,0.0107572700495877,0.0147));
#4585=CARTESIAN_POINT('',(0.0519122433411312,0.0107572700495877,0.0127));
#4586=CARTESIAN_POINT('',(0.0518297930398436,0.0100569962310801,0.0147));
#4587=CARTESIAN_POINT('',(0.0518297930398436,0.0100569962310801,0.0127));
#4588=CARTESIAN_POINT('',(0.0516195119133635,0.0090487212564807,0.0147));
#4589=CARTESIAN_POINT('',(0.0516195119133635,0.0090487212564807,0.0127));
#4590=CARTESIAN_POINT('',(0.0511430906845726,0.00776062249087891,0.0147));
#4591=CARTESIAN_POINT('',(0.0511430906845726,0.00776062249087891,0.0127));
#4592=CARTESIAN_POINT('',(0.0503831569211547,0.00661756323004186,0.0147));
#4593=CARTESIAN_POINT('',(0.0503831569211547,0.00661756323004186,0.0127));
#4594=CARTESIAN_POINT('',(0.049821922920361,0.00596938824878327,0.0147));
#4595=CARTESIAN_POINT('',(0.049821922920361,0.00596938824878327,0.0127));
#4596=CARTESIAN_POINT('',(0.0493881352451205,0.00554713226433999,0.0147));
#4597=CARTESIAN_POINT('',(0.0493881352451205,0.00554713226433999,0.0127));
#4598=CARTESIAN_POINT('',(0.0489387929722166,0.00516987279908659,0.0147));
#4599=CARTESIAN_POINT('',(0.0489387929722166,0.00516987279908659,0.0127));
#4600=CARTESIAN_POINT('',(0.0483004972212779,0.00471510811612265,0.0147));
#4601=CARTESIAN_POINT('',(0.0483004972212779,0.00471510811612265,0.0127));
#4602=CARTESIAN_POINT('',(0.0472960689455318,0.00416044123388608,0.0147));
#4603=CARTESIAN_POINT('',(0.0472960689455318,0.00416044123388608,0.0127));
#4604=CARTESIAN_POINT('',(0.0461001395980558,0.00375542276761004,0.0147));
#4605=CARTESIAN_POINT('',(0.0461001395980558,0.00375542276761004,0.0127));
#4606=CARTESIAN_POINT('',(0.0451244024931392,0.00356713211676379,0.0147));
#4607=CARTESIAN_POINT('',(0.0451244024931392,0.00356713211676379,0.0127));
#4608=CARTESIAN_POINT('',(0.0444057425434174,0.0034834426414266,0.0147));
#4609=CARTESIAN_POINT('',(0.0444057425434174,0.0034834426414266,0.0127));
#4610=CARTESIAN_POINT('',(0.043738720993823,0.00343365981245296,0.0147));
#4611=CARTESIAN_POINT('',(0.043738720993823,0.00343365981245296,0.0127));
#4612=CARTESIAN_POINT('',(0.0434445799210223,0.00341608094386356,0.0147));
#4613=CARTESIAN_POINT('',(0.0434445799210223,0.00341608094386356,0.0127));
#4614=CARTESIAN_POINT('',(0.0433133849187217,0.00340486053616086,0.0147));
#4615=CARTESIAN_POINT('',(0.0433133849187217,0.00340486053616086,0.0127));
#4616=CARTESIAN_POINT('',(0.0433133849187216,0.00340486053616085,0.0147));
#4617=CARTESIAN_POINT('',(0.0433133849187216,0.00340486053616092,0.0147));
#4618=CARTESIAN_POINT('',(0.0433133849187216,0.00340486053616092,0.0127));
#4619=CARTESIAN_POINT('',(0.0432524141368705,0.00335368593243649,0.0147));
#4620=CARTESIAN_POINT('',(0.0432524141368705,0.00335368593243649,0.0127));
#4621=CARTESIAN_POINT('',(0.0430928302764107,0.00319968754139336,0.0147));
#4622=CARTESIAN_POINT('',(0.0430928302764107,0.00319968754139336,0.0127));
#4623=CARTESIAN_POINT('',(0.0428335274642466,0.00284317652866467,0.0147));
#4624=CARTESIAN_POINT('',(0.0428335274642466,0.00284317652866467,0.0127));
#4625=CARTESIAN_POINT('',(0.0426129209610731,0.00238941117690361,0.0147));
#4626=CARTESIAN_POINT('',(0.0426129209610731,0.00238941117690361,0.0127));
#4627=CARTESIAN_POINT('',(0.0424570242018019,0.00188486808379037,0.0147));
#4628=CARTESIAN_POINT('',(0.0424570242018019,0.00188486808379037,0.0127));
#4629=CARTESIAN_POINT('',(0.0423070166742582,0.000855630673127204,0.0147));
#4630=CARTESIAN_POINT('',(0.0423070166742582,0.000855630673127204,0.0127));
#4631=CARTESIAN_POINT('',(0.042267805929941,-0.000328591292017556,0.0147));
#4632=CARTESIAN_POINT('',(0.042267805929941,-0.000328591292017556,0.0127));
#4633=CARTESIAN_POINT('',(0.0423149215947138,-0.00144141023104295,0.0147));
#4634=CARTESIAN_POINT('',(0.0423149215947138,-0.00144141023104295,0.0127));
#4635=CARTESIAN_POINT('',(0.0423763651514107,-0.00197729626684616,0.0147));
#4636=CARTESIAN_POINT('',(0.0423763651514107,-0.00197729626684616,0.0127));
#4637=CARTESIAN_POINT('',(0.0423978110391579,-0.00212919848947368,0.0147));
#4638=CARTESIAN_POINT('',(0.0423978110391579,-0.00212919848947368,0.0127));
#4639=CARTESIAN_POINT('',(0.0423978110391584,-0.00212919848947704,0.0147));
#4640=CARTESIAN_POINT('',(0.042397811039158,-0.00212919848947719,0.0147));
#4641=CARTESIAN_POINT('',(0.042397811039158,-0.00212919848947719,0.0127));
#4642=CARTESIAN_POINT('',(0.042426275987966,-0.00223519106975035,0.0147));
#4643=CARTESIAN_POINT('',(0.042426275987966,-0.00223519106975035,0.0127));
#4644=CARTESIAN_POINT('',(0.0424806485014541,-0.00244003454752504,0.0147));
#4645=CARTESIAN_POINT('',(0.0424806485014541,-0.00244003454752504,0.0127));
#4646=CARTESIAN_POINT('',(0.042602651951697,-0.00310756556469351,0.0147));
#4647=CARTESIAN_POINT('',(0.042602651951697,-0.00310756556469351,0.0127));
#4648=CARTESIAN_POINT('',(0.0426639699032614,-0.00389248846118773,0.0147));
#4649=CARTESIAN_POINT('',(0.0426639699032614,-0.00389248846118773,0.0127));
#4650=CARTESIAN_POINT('',(0.0426104322429215,-0.00497387337989553,0.0147));
#4651=CARTESIAN_POINT('',(0.0426104322429215,-0.00497387337989553,0.0127));
#4652=CARTESIAN_POINT('',(0.0423384056903573,-0.00618403727901826,0.0147));
#4653=CARTESIAN_POINT('',(0.0423384056903573,-0.00618403727901826,0.0127));
#4654=CARTESIAN_POINT('',(0.0418407295523313,-0.00735046607960273,0.0147));
#4655=CARTESIAN_POINT('',(0.0418407295523313,-0.00735046607960273,0.0127));
#4656=CARTESIAN_POINT('',(0.041211599119091,-0.00831044228661786,0.0147));
#4657=CARTESIAN_POINT('',(0.041211599119091,-0.00831044228661786,0.0127));
#4658=CARTESIAN_POINT('',(0.0406980362067011,-0.00888987197956965,0.0147));
#4659=CARTESIAN_POINT('',(0.0406980362067011,-0.00888987197956965,0.0127));
#4660=CARTESIAN_POINT('',(0.0403094725681041,-0.00925953303475107,0.0147));
#4661=CARTESIAN_POINT('',(0.0403094725681041,-0.00925953303475107,0.0127));
#4662=CARTESIAN_POINT('',(0.0399940308652481,-0.00953181425633001,0.0147));
#4663=CARTESIAN_POINT('',(0.0399940308652481,-0.00953181425633001,0.0127));
#4664=CARTESIAN_POINT('',(0.0395977624529595,-0.00982999412980443,0.0147));
#4665=CARTESIAN_POINT('',(0.0395977624529595,-0.00982999412980443,0.0127));
#4666=CARTESIAN_POINT('',(0.0392821984221566,-0.0100344594336863,0.0147));
#4667=CARTESIAN_POINT('',(0.0392821984221566,-0.0100344594336863,0.0127));
#4668=CARTESIAN_POINT('',(0.0388938284661332,-0.0102644909288595,0.0147));
#4669=CARTESIAN_POINT('',(0.0388938284661332,-0.0102644909288595,0.0127));
#4670=CARTESIAN_POINT('',(0.0385518781153163,-0.0104370325461526,0.0147));
#4671=CARTESIAN_POINT('',(0.0385518781153163,-0.0104370325461526,0.0127));
#4672=CARTESIAN_POINT('',(0.0381337861002596,-0.0106267324492964,0.0147));
#4673=CARTESIAN_POINT('',(0.0381337861002596,-0.0106267324492964,0.0127));
#4674=CARTESIAN_POINT('',(0.0377723662463006,-0.0107666617038719,0.0147));
#4675=CARTESIAN_POINT('',(0.0377723662463006,-0.0107666617038719,0.0127));
#4676=CARTESIAN_POINT('',(0.0374442188319214,-0.0108833108541626,0.0147));
#4677=CARTESIAN_POINT('',(0.0374442188319214,-0.0108833108541626,0.0127));
#4678=CARTESIAN_POINT('',(0.0371566931435836,-0.0109790099281741,0.0147));
#4679=CARTESIAN_POINT('',(0.0371566931435836,-0.0109790099281741,0.0127));
#4680=CARTESIAN_POINT('',(0.0368009550202718,-0.0110933563610965,0.0147));
#4681=CARTESIAN_POINT('',(0.0368009550202718,-0.0110933563610965,0.0127));
#4682=CARTESIAN_POINT('',(0.0363719082411399,-0.0112277401096367,0.0147));
#4683=CARTESIAN_POINT('',(0.0363719082411399,-0.0112277401096367,0.0127));
#4684=CARTESIAN_POINT('',(0.0358511403800171,-0.0113933840975057,0.0147));
#4685=CARTESIAN_POINT('',(0.0358511403800171,-0.0113933840975057,0.0127));
#4686=CARTESIAN_POINT('',(0.0353283194835931,-0.0115675777359946,0.0147));
#4687=CARTESIAN_POINT('',(0.0353283194835931,-0.0115675777359946,0.0127));
#4688=CARTESIAN_POINT('',(0.0348207368054747,-0.0117491139154424,0.0147));
#4689=CARTESIAN_POINT('',(0.0348207368054747,-0.0117491139154424,0.0127));
#4690=CARTESIAN_POINT('',(0.0343495193159358,-0.0119340817035668,0.0147));
#4691=CARTESIAN_POINT('',(0.0343495193159358,-0.0119340817035668,0.0127));
#4692=CARTESIAN_POINT('',(0.0339509479941998,-0.0121094668231729,0.0147));
#4693=CARTESIAN_POINT('',(0.0339509479941998,-0.0121094668231729,0.0127));
#4694=CARTESIAN_POINT('',(0.033646166308155,-0.0122644597851628,0.0147));
#4695=CARTESIAN_POINT('',(0.033646166308155,-0.0122644597851628,0.0127));
#4696=CARTESIAN_POINT('',(0.0334516515127417,-0.0123821841201449,0.0147));
#4697=CARTESIAN_POINT('',(0.0334516515127417,-0.0123821841201449,0.0127));
#4698=CARTESIAN_POINT('',(0.0332604638905973,-0.0125277817233094,0.0147));
#4699=CARTESIAN_POINT('',(0.0332604638905973,-0.0125277817233094,0.0127));
#4700=CARTESIAN_POINT('',(0.0330702776718865,-0.0127225479598546,0.0147));
#4701=CARTESIAN_POINT('',(0.0330702776718865,-0.0127225479598546,0.0127));
#4702=CARTESIAN_POINT('',(0.0328574637707708,-0.0130065765206191,0.0147));
#4703=CARTESIAN_POINT('',(0.0328574637707708,-0.0130065765206191,0.0127));
#4704=CARTESIAN_POINT('',(0.0326163731045813,-0.013426102754697,0.0147));
#4705=CARTESIAN_POINT('',(0.0326163731045813,-0.013426102754697,0.0127));
#4706=CARTESIAN_POINT('',(0.0323548625850015,-0.0140103785050845,0.0147));
#4707=CARTESIAN_POINT('',(0.0323548625850015,-0.0140103785050845,0.0127));
#4708=CARTESIAN_POINT('',(0.0320095814725008,-0.0149716690872063,0.0147));
#4709=CARTESIAN_POINT('',(0.0320095814725008,-0.0149716690872063,0.0127));
#4710=CARTESIAN_POINT('',(0.0318060164949408,-0.0159235873249985,0.0147));
#4711=CARTESIAN_POINT('',(0.0318060164949408,-0.0159235873249985,0.0127));
#4712=CARTESIAN_POINT('',(0.0318273283124421,-0.0162534400588723,0.0147));
#4713=CARTESIAN_POINT('',(0.0318273283124421,-0.0162534400588723,0.0127));
#4714=CARTESIAN_POINT('',(0.0318300942379279,-0.0162760252400931,0.0147));
#4715=CARTESIAN_POINT('',(0.0318300942379279,-0.0162760252400931,0.0127));
#4716=MECHANICAL_DESIGN_GEOMETRIC_PRESENTATION_REPRESENTATION('',(#427),
#4717);
#4717=(
GEOMETRIC_REPRESENTATION_CONTEXT(3)
GLOBAL_UNCERTAINTY_ASSIGNED_CONTEXT((#4718))
GLOBAL_UNIT_ASSIGNED_CONTEXT((#4721,#4720,#4719))
REPRESENTATION_CONTEXT('Part 1','TOP_LEVEL_ASSEMBLY_PART')
);
#4718=UNCERTAINTY_MEASURE_WITH_UNIT(LENGTH_MEASURE(2.E-5),#4721,
'DISTANCE_ACCURACY_VALUE','Maximum Tolerance applied to model');
#4719=(
NAMED_UNIT(*)
SI_UNIT($,.STERADIAN.)
SOLID_ANGLE_UNIT()
);
#4720=(
NAMED_UNIT(*)
PLANE_ANGLE_UNIT()
SI_UNIT($,.RADIAN.)
);
#4721=(
LENGTH_UNIT()
NAMED_UNIT(*)
SI_UNIT($,.METRE.)
);
#4722=PRODUCT_DEFINITION_SHAPE('','',#4723);
#4723=PRODUCT_DEFINITION('','',#4725,#4724);
#4724=PRODUCT_DEFINITION_CONTEXT('',#4731,'design');
#4725=PRODUCT_DEFINITION_FORMATION_WITH_SPECIFIED_SOURCE('','',#4727,
 .NOT_KNOWN.);
#4726=PRODUCT_RELATED_PRODUCT_CATEGORY('','',(#4727));
#4727=PRODUCT('Part 1','Part 1','Part 1',(#4729));
#4728=PRODUCT_CATEGORY('','');
#4729=PRODUCT_CONTEXT('',#4731,'mechanical');
#4730=APPLICATION_PROTOCOL_DEFINITION('international standard',
'ap242_managed_model_based_3d_engineering',2020,#4731);
#4731=APPLICATION_CONTEXT('managed model based 3d engineering');
ENDSEC;
END-ISO-10303-21;
