ISO-10303-21;
HEADER;
/* Generated by software containing ST-Developer
 * from STEP Tools, Inc. (www.steptools.com) 
 */
/* OPTION: using custom renumber hook */

FILE_DESCRIPTION(
/* description */ ('STEP AP242 Edition 2',
'CAx-IF Rec.Pracs.---Representation and Presentation of Product Manufa
cturing Information (PMI)---4.0---2014-10-13',
'CAx-IF Rec.Pracs.---3D Tessellated Geometry---0.4---2014-09-14','2;1',
'CAx-IF Rec.Pracs.---User Defined Attributes---1.5---2016-08-15'),
/* implementation_level */ '2;1');

FILE_NAME(
/* name */ 'Part Studio 1',
/* time_stamp */ '2026-09-28T22:53:00Z',
/* author */ (''),
/* organization */ (''),
/* preprocessor_version */ 'ST-DEVELOPER v20',
/* originating_system */ 'ONSHAPE BY PTC INC, 1.221',
/* authorisation */ '  ');

FILE_SCHEMA (('AP242_MANAGED_MODEL_BASED_3D_ENGINEERING_MIM_LF { 1 0 10303 442 3 1 4 }'));
ENDSEC;

DATA;
#10=SHAPE_REPRESENTATION_RELATIONSHIP('','',#2381,#11);
#11=ADVANCED_BREP_SHAPE_REPRESENTATION('',(#2379),#3767);
#12=CIRCLE('',#2386,0.0148212764367496);
#13=CIRCLE('',#2387,0.0148212764367496);
#14=CIRCLE('',#2424,0.0179177903610175);
#15=CIRCLE('',#2425,0.0179177903610175);
#16=CIRCLE('',#2461,0.0168532764367496);
#17=CIRCLE('',#2462,0.0168532764367496);
#18=CIRCLE('',#2465,0.0199497903610175);
#19=CIRCLE('',#2466,0.0199497903610175);
#20=CIRCLE('',#2469,0.0129177903610174);
#21=CIRCLE('',#2470,0.0218532764367496);
#22=CIRCLE('',#2472,0.0218532764367496);
#23=CIRCLE('',#2473,0.0129177903610174);
#24=CYLINDRICAL_SURFACE('',#2385,0.0148212764367496);
#25=CYLINDRICAL_SURFACE('',#2423,0.0179177903610175);
#26=CYLINDRICAL_SURFACE('',#2460,0.0168532764367496);
#27=CYLINDRICAL_SURFACE('',#2464,0.0199497903610175);
#28=CYLINDRICAL_SURFACE('',#2475,0.0129177903610174);
#29=CYLINDRICAL_SURFACE('',#2508,0.0218532764367496);
#30=ORIENTED_EDGE('',*,*,#702,.F.);
#31=ORIENTED_EDGE('',*,*,#703,.F.);
#32=ORIENTED_EDGE('',*,*,#704,.T.);
#33=ORIENTED_EDGE('',*,*,#705,.T.);
#34=ORIENTED_EDGE('',*,*,#706,.F.);
#35=ORIENTED_EDGE('',*,*,#705,.F.);
#36=ORIENTED_EDGE('',*,*,#707,.T.);
#37=ORIENTED_EDGE('',*,*,#708,.T.);
#38=ORIENTED_EDGE('',*,*,#709,.F.);
#39=ORIENTED_EDGE('',*,*,#708,.F.);
#40=ORIENTED_EDGE('',*,*,#710,.T.);
#41=ORIENTED_EDGE('',*,*,#711,.T.);
#42=ORIENTED_EDGE('',*,*,#712,.F.);
#43=ORIENTED_EDGE('',*,*,#711,.F.);
#44=ORIENTED_EDGE('',*,*,#713,.T.);
#45=ORIENTED_EDGE('',*,*,#714,.T.);
#46=ORIENTED_EDGE('',*,*,#715,.F.);
#47=ORIENTED_EDGE('',*,*,#714,.F.);
#48=ORIENTED_EDGE('',*,*,#716,.T.);
#49=ORIENTED_EDGE('',*,*,#717,.T.);
#50=ORIENTED_EDGE('',*,*,#718,.F.);
#51=ORIENTED_EDGE('',*,*,#717,.F.);
#52=ORIENTED_EDGE('',*,*,#719,.T.);
#53=ORIENTED_EDGE('',*,*,#720,.T.);
#54=ORIENTED_EDGE('',*,*,#721,.F.);
#55=ORIENTED_EDGE('',*,*,#720,.F.);
#56=ORIENTED_EDGE('',*,*,#722,.T.);
#57=ORIENTED_EDGE('',*,*,#723,.T.);
#58=ORIENTED_EDGE('',*,*,#724,.F.);
#59=ORIENTED_EDGE('',*,*,#723,.F.);
#60=ORIENTED_EDGE('',*,*,#725,.T.);
#61=ORIENTED_EDGE('',*,*,#726,.T.);
#62=ORIENTED_EDGE('',*,*,#727,.F.);
#63=ORIENTED_EDGE('',*,*,#726,.F.);
#64=ORIENTED_EDGE('',*,*,#728,.T.);
#65=ORIENTED_EDGE('',*,*,#729,.T.);
#66=ORIENTED_EDGE('',*,*,#730,.F.);
#67=ORIENTED_EDGE('',*,*,#729,.F.);
#68=ORIENTED_EDGE('',*,*,#731,.T.);
#69=ORIENTED_EDGE('',*,*,#732,.T.);
#70=ORIENTED_EDGE('',*,*,#733,.F.);
#71=ORIENTED_EDGE('',*,*,#732,.F.);
#72=ORIENTED_EDGE('',*,*,#734,.T.);
#73=ORIENTED_EDGE('',*,*,#735,.T.);
#74=ORIENTED_EDGE('',*,*,#736,.F.);
#75=ORIENTED_EDGE('',*,*,#735,.F.);
#76=ORIENTED_EDGE('',*,*,#737,.T.);
#77=ORIENTED_EDGE('',*,*,#738,.T.);
#78=ORIENTED_EDGE('',*,*,#739,.F.);
#79=ORIENTED_EDGE('',*,*,#738,.F.);
#80=ORIENTED_EDGE('',*,*,#740,.T.);
#81=ORIENTED_EDGE('',*,*,#741,.T.);
#82=ORIENTED_EDGE('',*,*,#742,.F.);
#83=ORIENTED_EDGE('',*,*,#741,.F.);
#84=ORIENTED_EDGE('',*,*,#743,.T.);
#85=ORIENTED_EDGE('',*,*,#744,.T.);
#86=ORIENTED_EDGE('',*,*,#745,.F.);
#87=ORIENTED_EDGE('',*,*,#744,.F.);
#88=ORIENTED_EDGE('',*,*,#746,.T.);
#89=ORIENTED_EDGE('',*,*,#747,.T.);
#90=ORIENTED_EDGE('',*,*,#748,.F.);
#91=ORIENTED_EDGE('',*,*,#747,.F.);
#92=ORIENTED_EDGE('',*,*,#749,.T.);
#93=ORIENTED_EDGE('',*,*,#750,.T.);
#94=ORIENTED_EDGE('',*,*,#751,.F.);
#95=ORIENTED_EDGE('',*,*,#750,.F.);
#96=ORIENTED_EDGE('',*,*,#752,.T.);
#97=ORIENTED_EDGE('',*,*,#753,.T.);
#98=ORIENTED_EDGE('',*,*,#754,.F.);
#99=ORIENTED_EDGE('',*,*,#753,.F.);
#100=ORIENTED_EDGE('',*,*,#755,.T.);
#101=ORIENTED_EDGE('',*,*,#756,.T.);
#102=ORIENTED_EDGE('',*,*,#757,.F.);
#103=ORIENTED_EDGE('',*,*,#756,.F.);
#104=ORIENTED_EDGE('',*,*,#758,.T.);
#105=ORIENTED_EDGE('',*,*,#759,.T.);
#106=ORIENTED_EDGE('',*,*,#760,.F.);
#107=ORIENTED_EDGE('',*,*,#759,.F.);
#108=ORIENTED_EDGE('',*,*,#761,.T.);
#109=ORIENTED_EDGE('',*,*,#762,.T.);
#110=ORIENTED_EDGE('',*,*,#763,.F.);
#111=ORIENTED_EDGE('',*,*,#762,.F.);
#112=ORIENTED_EDGE('',*,*,#764,.T.);
#113=ORIENTED_EDGE('',*,*,#765,.T.);
#114=ORIENTED_EDGE('',*,*,#766,.F.);
#115=ORIENTED_EDGE('',*,*,#765,.F.);
#116=ORIENTED_EDGE('',*,*,#767,.T.);
#117=ORIENTED_EDGE('',*,*,#768,.T.);
#118=ORIENTED_EDGE('',*,*,#769,.F.);
#119=ORIENTED_EDGE('',*,*,#768,.F.);
#120=ORIENTED_EDGE('',*,*,#770,.T.);
#121=ORIENTED_EDGE('',*,*,#771,.T.);
#122=ORIENTED_EDGE('',*,*,#772,.F.);
#123=ORIENTED_EDGE('',*,*,#771,.F.);
#124=ORIENTED_EDGE('',*,*,#773,.T.);
#125=ORIENTED_EDGE('',*,*,#774,.T.);
#126=ORIENTED_EDGE('',*,*,#775,.F.);
#127=ORIENTED_EDGE('',*,*,#774,.F.);
#128=ORIENTED_EDGE('',*,*,#776,.T.);
#129=ORIENTED_EDGE('',*,*,#777,.T.);
#130=ORIENTED_EDGE('',*,*,#778,.F.);
#131=ORIENTED_EDGE('',*,*,#777,.F.);
#132=ORIENTED_EDGE('',*,*,#779,.T.);
#133=ORIENTED_EDGE('',*,*,#780,.T.);
#134=ORIENTED_EDGE('',*,*,#781,.F.);
#135=ORIENTED_EDGE('',*,*,#780,.F.);
#136=ORIENTED_EDGE('',*,*,#782,.T.);
#137=ORIENTED_EDGE('',*,*,#783,.T.);
#138=ORIENTED_EDGE('',*,*,#784,.F.);
#139=ORIENTED_EDGE('',*,*,#783,.F.);
#140=ORIENTED_EDGE('',*,*,#785,.T.);
#141=ORIENTED_EDGE('',*,*,#786,.T.);
#142=ORIENTED_EDGE('',*,*,#787,.F.);
#143=ORIENTED_EDGE('',*,*,#786,.F.);
#144=ORIENTED_EDGE('',*,*,#788,.T.);
#145=ORIENTED_EDGE('',*,*,#789,.T.);
#146=ORIENTED_EDGE('',*,*,#790,.F.);
#147=ORIENTED_EDGE('',*,*,#789,.F.);
#148=ORIENTED_EDGE('',*,*,#791,.T.);
#149=ORIENTED_EDGE('',*,*,#792,.T.);
#150=ORIENTED_EDGE('',*,*,#793,.F.);
#151=ORIENTED_EDGE('',*,*,#792,.F.);
#152=ORIENTED_EDGE('',*,*,#794,.T.);
#153=ORIENTED_EDGE('',*,*,#795,.T.);
#154=ORIENTED_EDGE('',*,*,#796,.F.);
#155=ORIENTED_EDGE('',*,*,#795,.F.);
#156=ORIENTED_EDGE('',*,*,#797,.T.);
#157=ORIENTED_EDGE('',*,*,#798,.T.);
#158=ORIENTED_EDGE('',*,*,#799,.F.);
#159=ORIENTED_EDGE('',*,*,#798,.F.);
#160=ORIENTED_EDGE('',*,*,#800,.T.);
#161=ORIENTED_EDGE('',*,*,#801,.T.);
#162=ORIENTED_EDGE('',*,*,#802,.F.);
#163=ORIENTED_EDGE('',*,*,#801,.F.);
#164=ORIENTED_EDGE('',*,*,#803,.T.);
#165=ORIENTED_EDGE('',*,*,#804,.T.);
#166=ORIENTED_EDGE('',*,*,#805,.F.);
#167=ORIENTED_EDGE('',*,*,#804,.F.);
#168=ORIENTED_EDGE('',*,*,#806,.T.);
#169=ORIENTED_EDGE('',*,*,#807,.T.);
#170=ORIENTED_EDGE('',*,*,#808,.F.);
#171=ORIENTED_EDGE('',*,*,#807,.F.);
#172=ORIENTED_EDGE('',*,*,#809,.T.);
#173=ORIENTED_EDGE('',*,*,#810,.T.);
#174=ORIENTED_EDGE('',*,*,#811,.F.);
#175=ORIENTED_EDGE('',*,*,#810,.F.);
#176=ORIENTED_EDGE('',*,*,#812,.T.);
#177=ORIENTED_EDGE('',*,*,#813,.T.);
#178=ORIENTED_EDGE('',*,*,#814,.T.);
#179=ORIENTED_EDGE('',*,*,#815,.F.);
#180=ORIENTED_EDGE('',*,*,#816,.F.);
#181=ORIENTED_EDGE('',*,*,#817,.T.);
#182=ORIENTED_EDGE('',*,*,#818,.T.);
#183=ORIENTED_EDGE('',*,*,#817,.F.);
#184=ORIENTED_EDGE('',*,*,#819,.F.);
#185=ORIENTED_EDGE('',*,*,#820,.T.);
#186=ORIENTED_EDGE('',*,*,#821,.T.);
#187=ORIENTED_EDGE('',*,*,#820,.F.);
#188=ORIENTED_EDGE('',*,*,#822,.F.);
#189=ORIENTED_EDGE('',*,*,#823,.T.);
#190=ORIENTED_EDGE('',*,*,#824,.T.);
#191=ORIENTED_EDGE('',*,*,#823,.F.);
#192=ORIENTED_EDGE('',*,*,#825,.F.);
#193=ORIENTED_EDGE('',*,*,#826,.T.);
#194=ORIENTED_EDGE('',*,*,#827,.T.);
#195=ORIENTED_EDGE('',*,*,#826,.F.);
#196=ORIENTED_EDGE('',*,*,#828,.F.);
#197=ORIENTED_EDGE('',*,*,#829,.T.);
#198=ORIENTED_EDGE('',*,*,#830,.T.);
#199=ORIENTED_EDGE('',*,*,#829,.F.);
#200=ORIENTED_EDGE('',*,*,#831,.F.);
#201=ORIENTED_EDGE('',*,*,#832,.T.);
#202=ORIENTED_EDGE('',*,*,#833,.T.);
#203=ORIENTED_EDGE('',*,*,#832,.F.);
#204=ORIENTED_EDGE('',*,*,#834,.F.);
#205=ORIENTED_EDGE('',*,*,#835,.T.);
#206=ORIENTED_EDGE('',*,*,#836,.T.);
#207=ORIENTED_EDGE('',*,*,#835,.F.);
#208=ORIENTED_EDGE('',*,*,#837,.F.);
#209=ORIENTED_EDGE('',*,*,#838,.T.);
#210=ORIENTED_EDGE('',*,*,#839,.T.);
#211=ORIENTED_EDGE('',*,*,#838,.F.);
#212=ORIENTED_EDGE('',*,*,#840,.F.);
#213=ORIENTED_EDGE('',*,*,#841,.T.);
#214=ORIENTED_EDGE('',*,*,#842,.T.);
#215=ORIENTED_EDGE('',*,*,#841,.F.);
#216=ORIENTED_EDGE('',*,*,#843,.F.);
#217=ORIENTED_EDGE('',*,*,#844,.T.);
#218=ORIENTED_EDGE('',*,*,#845,.T.);
#219=ORIENTED_EDGE('',*,*,#844,.F.);
#220=ORIENTED_EDGE('',*,*,#846,.F.);
#221=ORIENTED_EDGE('',*,*,#847,.T.);
#222=ORIENTED_EDGE('',*,*,#848,.T.);
#223=ORIENTED_EDGE('',*,*,#847,.F.);
#224=ORIENTED_EDGE('',*,*,#849,.F.);
#225=ORIENTED_EDGE('',*,*,#850,.T.);
#226=ORIENTED_EDGE('',*,*,#851,.T.);
#227=ORIENTED_EDGE('',*,*,#850,.F.);
#228=ORIENTED_EDGE('',*,*,#852,.F.);
#229=ORIENTED_EDGE('',*,*,#853,.T.);
#230=ORIENTED_EDGE('',*,*,#854,.T.);
#231=ORIENTED_EDGE('',*,*,#853,.F.);
#232=ORIENTED_EDGE('',*,*,#855,.F.);
#233=ORIENTED_EDGE('',*,*,#856,.T.);
#234=ORIENTED_EDGE('',*,*,#857,.T.);
#235=ORIENTED_EDGE('',*,*,#856,.F.);
#236=ORIENTED_EDGE('',*,*,#858,.F.);
#237=ORIENTED_EDGE('',*,*,#859,.T.);
#238=ORIENTED_EDGE('',*,*,#860,.T.);
#239=ORIENTED_EDGE('',*,*,#859,.F.);
#240=ORIENTED_EDGE('',*,*,#861,.F.);
#241=ORIENTED_EDGE('',*,*,#862,.T.);
#242=ORIENTED_EDGE('',*,*,#863,.T.);
#243=ORIENTED_EDGE('',*,*,#862,.F.);
#244=ORIENTED_EDGE('',*,*,#864,.F.);
#245=ORIENTED_EDGE('',*,*,#865,.T.);
#246=ORIENTED_EDGE('',*,*,#866,.T.);
#247=ORIENTED_EDGE('',*,*,#865,.F.);
#248=ORIENTED_EDGE('',*,*,#867,.F.);
#249=ORIENTED_EDGE('',*,*,#868,.T.);
#250=ORIENTED_EDGE('',*,*,#869,.T.);
#251=ORIENTED_EDGE('',*,*,#868,.F.);
#252=ORIENTED_EDGE('',*,*,#870,.F.);
#253=ORIENTED_EDGE('',*,*,#871,.T.);
#254=ORIENTED_EDGE('',*,*,#872,.T.);
#255=ORIENTED_EDGE('',*,*,#871,.F.);
#256=ORIENTED_EDGE('',*,*,#873,.F.);
#257=ORIENTED_EDGE('',*,*,#874,.T.);
#258=ORIENTED_EDGE('',*,*,#875,.T.);
#259=ORIENTED_EDGE('',*,*,#874,.F.);
#260=ORIENTED_EDGE('',*,*,#876,.F.);
#261=ORIENTED_EDGE('',*,*,#877,.T.);
#262=ORIENTED_EDGE('',*,*,#878,.T.);
#263=ORIENTED_EDGE('',*,*,#877,.F.);
#264=ORIENTED_EDGE('',*,*,#879,.F.);
#265=ORIENTED_EDGE('',*,*,#880,.T.);
#266=ORIENTED_EDGE('',*,*,#881,.T.);
#267=ORIENTED_EDGE('',*,*,#880,.F.);
#268=ORIENTED_EDGE('',*,*,#882,.F.);
#269=ORIENTED_EDGE('',*,*,#883,.T.);
#270=ORIENTED_EDGE('',*,*,#884,.T.);
#271=ORIENTED_EDGE('',*,*,#883,.F.);
#272=ORIENTED_EDGE('',*,*,#885,.F.);
#273=ORIENTED_EDGE('',*,*,#886,.T.);
#274=ORIENTED_EDGE('',*,*,#887,.T.);
#275=ORIENTED_EDGE('',*,*,#886,.F.);
#276=ORIENTED_EDGE('',*,*,#888,.F.);
#277=ORIENTED_EDGE('',*,*,#889,.T.);
#278=ORIENTED_EDGE('',*,*,#890,.T.);
#279=ORIENTED_EDGE('',*,*,#889,.F.);
#280=ORIENTED_EDGE('',*,*,#891,.F.);
#281=ORIENTED_EDGE('',*,*,#892,.T.);
#282=ORIENTED_EDGE('',*,*,#893,.T.);
#283=ORIENTED_EDGE('',*,*,#892,.F.);
#284=ORIENTED_EDGE('',*,*,#894,.F.);
#285=ORIENTED_EDGE('',*,*,#895,.T.);
#286=ORIENTED_EDGE('',*,*,#896,.T.);
#287=ORIENTED_EDGE('',*,*,#895,.F.);
#288=ORIENTED_EDGE('',*,*,#897,.F.);
#289=ORIENTED_EDGE('',*,*,#898,.T.);
#290=ORIENTED_EDGE('',*,*,#899,.T.);
#291=ORIENTED_EDGE('',*,*,#898,.F.);
#292=ORIENTED_EDGE('',*,*,#900,.F.);
#293=ORIENTED_EDGE('',*,*,#901,.T.);
#294=ORIENTED_EDGE('',*,*,#902,.T.);
#295=ORIENTED_EDGE('',*,*,#901,.F.);
#296=ORIENTED_EDGE('',*,*,#903,.F.);
#297=ORIENTED_EDGE('',*,*,#904,.T.);
#298=ORIENTED_EDGE('',*,*,#905,.T.);
#299=ORIENTED_EDGE('',*,*,#904,.F.);
#300=ORIENTED_EDGE('',*,*,#906,.F.);
#301=ORIENTED_EDGE('',*,*,#907,.T.);
#302=ORIENTED_EDGE('',*,*,#908,.T.);
#303=ORIENTED_EDGE('',*,*,#907,.F.);
#304=ORIENTED_EDGE('',*,*,#909,.F.);
#305=ORIENTED_EDGE('',*,*,#910,.T.);
#306=ORIENTED_EDGE('',*,*,#911,.T.);
#307=ORIENTED_EDGE('',*,*,#910,.F.);
#308=ORIENTED_EDGE('',*,*,#912,.F.);
#309=ORIENTED_EDGE('',*,*,#913,.T.);
#310=ORIENTED_EDGE('',*,*,#914,.T.);
#311=ORIENTED_EDGE('',*,*,#913,.F.);
#312=ORIENTED_EDGE('',*,*,#915,.F.);
#313=ORIENTED_EDGE('',*,*,#916,.T.);
#314=ORIENTED_EDGE('',*,*,#917,.T.);
#315=ORIENTED_EDGE('',*,*,#916,.F.);
#316=ORIENTED_EDGE('',*,*,#918,.F.);
#317=ORIENTED_EDGE('',*,*,#919,.T.);
#318=ORIENTED_EDGE('',*,*,#920,.T.);
#319=ORIENTED_EDGE('',*,*,#919,.F.);
#320=ORIENTED_EDGE('',*,*,#921,.F.);
#321=ORIENTED_EDGE('',*,*,#922,.T.);
#322=ORIENTED_EDGE('',*,*,#923,.T.);
#323=ORIENTED_EDGE('',*,*,#922,.F.);
#324=ORIENTED_EDGE('',*,*,#924,.F.);
#325=ORIENTED_EDGE('',*,*,#925,.T.);
#326=ORIENTED_EDGE('',*,*,#926,.T.);
#327=ORIENTED_EDGE('',*,*,#925,.F.);
#328=ORIENTED_EDGE('',*,*,#927,.F.);
#329=ORIENTED_EDGE('',*,*,#815,.T.);
#330=ORIENTED_EDGE('',*,*,#928,.F.);
#331=ORIENTED_EDGE('',*,*,#813,.F.);
#332=ORIENTED_EDGE('',*,*,#929,.T.);
#333=ORIENTED_EDGE('',*,*,#703,.T.);
#334=ORIENTED_EDGE('',*,*,#814,.F.);
#335=ORIENTED_EDGE('',*,*,#818,.F.);
#336=ORIENTED_EDGE('',*,*,#821,.F.);
#337=ORIENTED_EDGE('',*,*,#824,.F.);
#338=ORIENTED_EDGE('',*,*,#827,.F.);
#339=ORIENTED_EDGE('',*,*,#830,.F.);
#340=ORIENTED_EDGE('',*,*,#833,.F.);
#341=ORIENTED_EDGE('',*,*,#836,.F.);
#342=ORIENTED_EDGE('',*,*,#839,.F.);
#343=ORIENTED_EDGE('',*,*,#842,.F.);
#344=ORIENTED_EDGE('',*,*,#845,.F.);
#345=ORIENTED_EDGE('',*,*,#848,.F.);
#346=ORIENTED_EDGE('',*,*,#851,.F.);
#347=ORIENTED_EDGE('',*,*,#854,.F.);
#348=ORIENTED_EDGE('',*,*,#857,.F.);
#349=ORIENTED_EDGE('',*,*,#860,.F.);
#350=ORIENTED_EDGE('',*,*,#863,.F.);
#351=ORIENTED_EDGE('',*,*,#866,.F.);
#352=ORIENTED_EDGE('',*,*,#869,.F.);
#353=ORIENTED_EDGE('',*,*,#872,.F.);
#354=ORIENTED_EDGE('',*,*,#875,.F.);
#355=ORIENTED_EDGE('',*,*,#878,.F.);
#356=ORIENTED_EDGE('',*,*,#881,.F.);
#357=ORIENTED_EDGE('',*,*,#884,.F.);
#358=ORIENTED_EDGE('',*,*,#887,.F.);
#359=ORIENTED_EDGE('',*,*,#890,.F.);
#360=ORIENTED_EDGE('',*,*,#893,.F.);
#361=ORIENTED_EDGE('',*,*,#896,.F.);
#362=ORIENTED_EDGE('',*,*,#899,.F.);
#363=ORIENTED_EDGE('',*,*,#902,.F.);
#364=ORIENTED_EDGE('',*,*,#905,.F.);
#365=ORIENTED_EDGE('',*,*,#908,.F.);
#366=ORIENTED_EDGE('',*,*,#911,.F.);
#367=ORIENTED_EDGE('',*,*,#914,.F.);
#368=ORIENTED_EDGE('',*,*,#917,.F.);
#369=ORIENTED_EDGE('',*,*,#920,.F.);
#370=ORIENTED_EDGE('',*,*,#923,.F.);
#371=ORIENTED_EDGE('',*,*,#926,.F.);
#372=ORIENTED_EDGE('',*,*,#702,.T.);
#373=ORIENTED_EDGE('',*,*,#706,.T.);
#374=ORIENTED_EDGE('',*,*,#709,.T.);
#375=ORIENTED_EDGE('',*,*,#712,.T.);
#376=ORIENTED_EDGE('',*,*,#715,.T.);
#377=ORIENTED_EDGE('',*,*,#718,.T.);
#378=ORIENTED_EDGE('',*,*,#721,.T.);
#379=ORIENTED_EDGE('',*,*,#724,.T.);
#380=ORIENTED_EDGE('',*,*,#727,.T.);
#381=ORIENTED_EDGE('',*,*,#730,.T.);
#382=ORIENTED_EDGE('',*,*,#733,.T.);
#383=ORIENTED_EDGE('',*,*,#736,.T.);
#384=ORIENTED_EDGE('',*,*,#739,.T.);
#385=ORIENTED_EDGE('',*,*,#742,.T.);
#386=ORIENTED_EDGE('',*,*,#745,.T.);
#387=ORIENTED_EDGE('',*,*,#748,.T.);
#388=ORIENTED_EDGE('',*,*,#751,.T.);
#389=ORIENTED_EDGE('',*,*,#754,.T.);
#390=ORIENTED_EDGE('',*,*,#757,.T.);
#391=ORIENTED_EDGE('',*,*,#760,.T.);
#392=ORIENTED_EDGE('',*,*,#763,.T.);
#393=ORIENTED_EDGE('',*,*,#766,.T.);
#394=ORIENTED_EDGE('',*,*,#769,.T.);
#395=ORIENTED_EDGE('',*,*,#772,.T.);
#396=ORIENTED_EDGE('',*,*,#775,.T.);
#397=ORIENTED_EDGE('',*,*,#778,.T.);
#398=ORIENTED_EDGE('',*,*,#781,.T.);
#399=ORIENTED_EDGE('',*,*,#784,.T.);
#400=ORIENTED_EDGE('',*,*,#787,.T.);
#401=ORIENTED_EDGE('',*,*,#790,.T.);
#402=ORIENTED_EDGE('',*,*,#793,.T.);
#403=ORIENTED_EDGE('',*,*,#796,.T.);
#404=ORIENTED_EDGE('',*,*,#799,.T.);
#405=ORIENTED_EDGE('',*,*,#802,.T.);
#406=ORIENTED_EDGE('',*,*,#805,.T.);
#407=ORIENTED_EDGE('',*,*,#808,.T.);
#408=ORIENTED_EDGE('',*,*,#811,.T.);
#409=ORIENTED_EDGE('',*,*,#928,.T.);
#410=ORIENTED_EDGE('',*,*,#930,.F.);
#411=ORIENTED_EDGE('',*,*,#931,.F.);
#412=ORIENTED_EDGE('',*,*,#932,.F.);
#413=ORIENTED_EDGE('',*,*,#933,.F.);
#414=ORIENTED_EDGE('',*,*,#934,.F.);
#415=ORIENTED_EDGE('',*,*,#935,.F.);
#416=ORIENTED_EDGE('',*,*,#936,.F.);
#417=ORIENTED_EDGE('',*,*,#937,.F.);
#418=ORIENTED_EDGE('',*,*,#938,.F.);
#419=ORIENTED_EDGE('',*,*,#939,.F.);
#420=ORIENTED_EDGE('',*,*,#940,.F.);
#421=ORIENTED_EDGE('',*,*,#941,.F.);
#422=ORIENTED_EDGE('',*,*,#942,.F.);
#423=ORIENTED_EDGE('',*,*,#943,.F.);
#424=ORIENTED_EDGE('',*,*,#944,.F.);
#425=ORIENTED_EDGE('',*,*,#945,.F.);
#426=ORIENTED_EDGE('',*,*,#946,.F.);
#427=ORIENTED_EDGE('',*,*,#947,.F.);
#428=ORIENTED_EDGE('',*,*,#948,.F.);
#429=ORIENTED_EDGE('',*,*,#949,.F.);
#430=ORIENTED_EDGE('',*,*,#950,.F.);
#431=ORIENTED_EDGE('',*,*,#951,.F.);
#432=ORIENTED_EDGE('',*,*,#952,.F.);
#433=ORIENTED_EDGE('',*,*,#953,.F.);
#434=ORIENTED_EDGE('',*,*,#954,.F.);
#435=ORIENTED_EDGE('',*,*,#955,.F.);
#436=ORIENTED_EDGE('',*,*,#956,.F.);
#437=ORIENTED_EDGE('',*,*,#957,.F.);
#438=ORIENTED_EDGE('',*,*,#958,.F.);
#439=ORIENTED_EDGE('',*,*,#959,.F.);
#440=ORIENTED_EDGE('',*,*,#960,.F.);
#441=ORIENTED_EDGE('',*,*,#961,.F.);
#442=ORIENTED_EDGE('',*,*,#962,.F.);
#443=ORIENTED_EDGE('',*,*,#963,.F.);
#444=ORIENTED_EDGE('',*,*,#964,.F.);
#445=ORIENTED_EDGE('',*,*,#965,.F.);
#446=ORIENTED_EDGE('',*,*,#816,.T.);
#447=ORIENTED_EDGE('',*,*,#927,.T.);
#448=ORIENTED_EDGE('',*,*,#924,.T.);
#449=ORIENTED_EDGE('',*,*,#921,.T.);
#450=ORIENTED_EDGE('',*,*,#918,.T.);
#451=ORIENTED_EDGE('',*,*,#915,.T.);
#452=ORIENTED_EDGE('',*,*,#912,.T.);
#453=ORIENTED_EDGE('',*,*,#909,.T.);
#454=ORIENTED_EDGE('',*,*,#906,.T.);
#455=ORIENTED_EDGE('',*,*,#903,.T.);
#456=ORIENTED_EDGE('',*,*,#900,.T.);
#457=ORIENTED_EDGE('',*,*,#897,.T.);
#458=ORIENTED_EDGE('',*,*,#894,.T.);
#459=ORIENTED_EDGE('',*,*,#891,.T.);
#460=ORIENTED_EDGE('',*,*,#888,.T.);
#461=ORIENTED_EDGE('',*,*,#885,.T.);
#462=ORIENTED_EDGE('',*,*,#882,.T.);
#463=ORIENTED_EDGE('',*,*,#879,.T.);
#464=ORIENTED_EDGE('',*,*,#876,.T.);
#465=ORIENTED_EDGE('',*,*,#873,.T.);
#466=ORIENTED_EDGE('',*,*,#870,.T.);
#467=ORIENTED_EDGE('',*,*,#867,.T.);
#468=ORIENTED_EDGE('',*,*,#864,.T.);
#469=ORIENTED_EDGE('',*,*,#861,.T.);
#470=ORIENTED_EDGE('',*,*,#858,.T.);
#471=ORIENTED_EDGE('',*,*,#855,.T.);
#472=ORIENTED_EDGE('',*,*,#852,.T.);
#473=ORIENTED_EDGE('',*,*,#849,.T.);
#474=ORIENTED_EDGE('',*,*,#846,.T.);
#475=ORIENTED_EDGE('',*,*,#843,.T.);
#476=ORIENTED_EDGE('',*,*,#840,.T.);
#477=ORIENTED_EDGE('',*,*,#837,.T.);
#478=ORIENTED_EDGE('',*,*,#834,.T.);
#479=ORIENTED_EDGE('',*,*,#831,.T.);
#480=ORIENTED_EDGE('',*,*,#828,.T.);
#481=ORIENTED_EDGE('',*,*,#825,.T.);
#482=ORIENTED_EDGE('',*,*,#822,.T.);
#483=ORIENTED_EDGE('',*,*,#819,.T.);
#484=ORIENTED_EDGE('',*,*,#704,.F.);
#485=ORIENTED_EDGE('',*,*,#929,.F.);
#486=ORIENTED_EDGE('',*,*,#812,.F.);
#487=ORIENTED_EDGE('',*,*,#809,.F.);
#488=ORIENTED_EDGE('',*,*,#806,.F.);
#489=ORIENTED_EDGE('',*,*,#803,.F.);
#490=ORIENTED_EDGE('',*,*,#800,.F.);
#491=ORIENTED_EDGE('',*,*,#797,.F.);
#492=ORIENTED_EDGE('',*,*,#794,.F.);
#493=ORIENTED_EDGE('',*,*,#791,.F.);
#494=ORIENTED_EDGE('',*,*,#788,.F.);
#495=ORIENTED_EDGE('',*,*,#785,.F.);
#496=ORIENTED_EDGE('',*,*,#782,.F.);
#497=ORIENTED_EDGE('',*,*,#779,.F.);
#498=ORIENTED_EDGE('',*,*,#776,.F.);
#499=ORIENTED_EDGE('',*,*,#773,.F.);
#500=ORIENTED_EDGE('',*,*,#770,.F.);
#501=ORIENTED_EDGE('',*,*,#767,.F.);
#502=ORIENTED_EDGE('',*,*,#764,.F.);
#503=ORIENTED_EDGE('',*,*,#761,.F.);
#504=ORIENTED_EDGE('',*,*,#758,.F.);
#505=ORIENTED_EDGE('',*,*,#755,.F.);
#506=ORIENTED_EDGE('',*,*,#752,.F.);
#507=ORIENTED_EDGE('',*,*,#749,.F.);
#508=ORIENTED_EDGE('',*,*,#746,.F.);
#509=ORIENTED_EDGE('',*,*,#743,.F.);
#510=ORIENTED_EDGE('',*,*,#740,.F.);
#511=ORIENTED_EDGE('',*,*,#737,.F.);
#512=ORIENTED_EDGE('',*,*,#734,.F.);
#513=ORIENTED_EDGE('',*,*,#731,.F.);
#514=ORIENTED_EDGE('',*,*,#728,.F.);
#515=ORIENTED_EDGE('',*,*,#725,.F.);
#516=ORIENTED_EDGE('',*,*,#722,.F.);
#517=ORIENTED_EDGE('',*,*,#719,.F.);
#518=ORIENTED_EDGE('',*,*,#716,.F.);
#519=ORIENTED_EDGE('',*,*,#713,.F.);
#520=ORIENTED_EDGE('',*,*,#710,.F.);
#521=ORIENTED_EDGE('',*,*,#707,.F.);
#522=ORIENTED_EDGE('',*,*,#966,.T.);
#523=ORIENTED_EDGE('',*,*,#967,.T.);
#524=ORIENTED_EDGE('',*,*,#968,.T.);
#525=ORIENTED_EDGE('',*,*,#969,.T.);
#526=ORIENTED_EDGE('',*,*,#970,.T.);
#527=ORIENTED_EDGE('',*,*,#971,.T.);
#528=ORIENTED_EDGE('',*,*,#972,.T.);
#529=ORIENTED_EDGE('',*,*,#973,.T.);
#530=ORIENTED_EDGE('',*,*,#974,.T.);
#531=ORIENTED_EDGE('',*,*,#975,.T.);
#532=ORIENTED_EDGE('',*,*,#976,.T.);
#533=ORIENTED_EDGE('',*,*,#977,.T.);
#534=ORIENTED_EDGE('',*,*,#978,.T.);
#535=ORIENTED_EDGE('',*,*,#979,.T.);
#536=ORIENTED_EDGE('',*,*,#980,.T.);
#537=ORIENTED_EDGE('',*,*,#981,.T.);
#538=ORIENTED_EDGE('',*,*,#982,.T.);
#539=ORIENTED_EDGE('',*,*,#983,.T.);
#540=ORIENTED_EDGE('',*,*,#984,.T.);
#541=ORIENTED_EDGE('',*,*,#985,.T.);
#542=ORIENTED_EDGE('',*,*,#986,.T.);
#543=ORIENTED_EDGE('',*,*,#987,.T.);
#544=ORIENTED_EDGE('',*,*,#988,.T.);
#545=ORIENTED_EDGE('',*,*,#989,.T.);
#546=ORIENTED_EDGE('',*,*,#990,.T.);
#547=ORIENTED_EDGE('',*,*,#991,.T.);
#548=ORIENTED_EDGE('',*,*,#992,.T.);
#549=ORIENTED_EDGE('',*,*,#993,.T.);
#550=ORIENTED_EDGE('',*,*,#994,.T.);
#551=ORIENTED_EDGE('',*,*,#995,.T.);
#552=ORIENTED_EDGE('',*,*,#996,.T.);
#553=ORIENTED_EDGE('',*,*,#997,.T.);
#554=ORIENTED_EDGE('',*,*,#998,.T.);
#555=ORIENTED_EDGE('',*,*,#999,.T.);
#556=ORIENTED_EDGE('',*,*,#1000,.T.);
#557=ORIENTED_EDGE('',*,*,#1001,.T.);
#558=ORIENTED_EDGE('',*,*,#930,.T.);
#559=ORIENTED_EDGE('',*,*,#1002,.F.);
#560=ORIENTED_EDGE('',*,*,#966,.F.);
#561=ORIENTED_EDGE('',*,*,#1003,.T.);
#562=ORIENTED_EDGE('',*,*,#931,.T.);
#563=ORIENTED_EDGE('',*,*,#1003,.F.);
#564=ORIENTED_EDGE('',*,*,#1001,.F.);
#565=ORIENTED_EDGE('',*,*,#1004,.T.);
#566=ORIENTED_EDGE('',*,*,#932,.T.);
#567=ORIENTED_EDGE('',*,*,#1004,.F.);
#568=ORIENTED_EDGE('',*,*,#1000,.F.);
#569=ORIENTED_EDGE('',*,*,#1005,.T.);
#570=ORIENTED_EDGE('',*,*,#933,.T.);
#571=ORIENTED_EDGE('',*,*,#1005,.F.);
#572=ORIENTED_EDGE('',*,*,#999,.F.);
#573=ORIENTED_EDGE('',*,*,#1006,.T.);
#574=ORIENTED_EDGE('',*,*,#934,.T.);
#575=ORIENTED_EDGE('',*,*,#1006,.F.);
#576=ORIENTED_EDGE('',*,*,#998,.F.);
#577=ORIENTED_EDGE('',*,*,#1007,.T.);
#578=ORIENTED_EDGE('',*,*,#935,.T.);
#579=ORIENTED_EDGE('',*,*,#1007,.F.);
#580=ORIENTED_EDGE('',*,*,#997,.F.);
#581=ORIENTED_EDGE('',*,*,#1008,.T.);
#582=ORIENTED_EDGE('',*,*,#936,.T.);
#583=ORIENTED_EDGE('',*,*,#1008,.F.);
#584=ORIENTED_EDGE('',*,*,#996,.F.);
#585=ORIENTED_EDGE('',*,*,#1009,.T.);
#586=ORIENTED_EDGE('',*,*,#937,.T.);
#587=ORIENTED_EDGE('',*,*,#1009,.F.);
#588=ORIENTED_EDGE('',*,*,#995,.F.);
#589=ORIENTED_EDGE('',*,*,#1010,.T.);
#590=ORIENTED_EDGE('',*,*,#938,.T.);
#591=ORIENTED_EDGE('',*,*,#1010,.F.);
#592=ORIENTED_EDGE('',*,*,#994,.F.);
#593=ORIENTED_EDGE('',*,*,#1011,.T.);
#594=ORIENTED_EDGE('',*,*,#939,.T.);
#595=ORIENTED_EDGE('',*,*,#1011,.F.);
#596=ORIENTED_EDGE('',*,*,#993,.F.);
#597=ORIENTED_EDGE('',*,*,#1012,.T.);
#598=ORIENTED_EDGE('',*,*,#940,.T.);
#599=ORIENTED_EDGE('',*,*,#1012,.F.);
#600=ORIENTED_EDGE('',*,*,#992,.F.);
#601=ORIENTED_EDGE('',*,*,#1013,.T.);
#602=ORIENTED_EDGE('',*,*,#941,.T.);
#603=ORIENTED_EDGE('',*,*,#1013,.F.);
#604=ORIENTED_EDGE('',*,*,#991,.F.);
#605=ORIENTED_EDGE('',*,*,#1014,.T.);
#606=ORIENTED_EDGE('',*,*,#942,.T.);
#607=ORIENTED_EDGE('',*,*,#1014,.F.);
#608=ORIENTED_EDGE('',*,*,#990,.F.);
#609=ORIENTED_EDGE('',*,*,#1015,.T.);
#610=ORIENTED_EDGE('',*,*,#943,.T.);
#611=ORIENTED_EDGE('',*,*,#1015,.F.);
#612=ORIENTED_EDGE('',*,*,#989,.F.);
#613=ORIENTED_EDGE('',*,*,#1016,.T.);
#614=ORIENTED_EDGE('',*,*,#944,.T.);
#615=ORIENTED_EDGE('',*,*,#1016,.F.);
#616=ORIENTED_EDGE('',*,*,#988,.F.);
#617=ORIENTED_EDGE('',*,*,#1017,.T.);
#618=ORIENTED_EDGE('',*,*,#945,.T.);
#619=ORIENTED_EDGE('',*,*,#1017,.F.);
#620=ORIENTED_EDGE('',*,*,#987,.F.);
#621=ORIENTED_EDGE('',*,*,#1018,.T.);
#622=ORIENTED_EDGE('',*,*,#946,.T.);
#623=ORIENTED_EDGE('',*,*,#1018,.F.);
#624=ORIENTED_EDGE('',*,*,#986,.F.);
#625=ORIENTED_EDGE('',*,*,#1019,.T.);
#626=ORIENTED_EDGE('',*,*,#947,.T.);
#627=ORIENTED_EDGE('',*,*,#1019,.F.);
#628=ORIENTED_EDGE('',*,*,#985,.F.);
#629=ORIENTED_EDGE('',*,*,#1020,.T.);
#630=ORIENTED_EDGE('',*,*,#948,.T.);
#631=ORIENTED_EDGE('',*,*,#1020,.F.);
#632=ORIENTED_EDGE('',*,*,#984,.F.);
#633=ORIENTED_EDGE('',*,*,#1021,.T.);
#634=ORIENTED_EDGE('',*,*,#949,.T.);
#635=ORIENTED_EDGE('',*,*,#1021,.F.);
#636=ORIENTED_EDGE('',*,*,#983,.F.);
#637=ORIENTED_EDGE('',*,*,#1022,.T.);
#638=ORIENTED_EDGE('',*,*,#950,.T.);
#639=ORIENTED_EDGE('',*,*,#1022,.F.);
#640=ORIENTED_EDGE('',*,*,#982,.F.);
#641=ORIENTED_EDGE('',*,*,#1023,.T.);
#642=ORIENTED_EDGE('',*,*,#951,.T.);
#643=ORIENTED_EDGE('',*,*,#1023,.F.);
#644=ORIENTED_EDGE('',*,*,#981,.F.);
#645=ORIENTED_EDGE('',*,*,#1024,.T.);
#646=ORIENTED_EDGE('',*,*,#952,.T.);
#647=ORIENTED_EDGE('',*,*,#1024,.F.);
#648=ORIENTED_EDGE('',*,*,#980,.F.);
#649=ORIENTED_EDGE('',*,*,#1025,.T.);
#650=ORIENTED_EDGE('',*,*,#953,.T.);
#651=ORIENTED_EDGE('',*,*,#1025,.F.);
#652=ORIENTED_EDGE('',*,*,#979,.F.);
#653=ORIENTED_EDGE('',*,*,#1026,.T.);
#654=ORIENTED_EDGE('',*,*,#954,.T.);
#655=ORIENTED_EDGE('',*,*,#1026,.F.);
#656=ORIENTED_EDGE('',*,*,#978,.F.);
#657=ORIENTED_EDGE('',*,*,#1027,.T.);
#658=ORIENTED_EDGE('',*,*,#955,.T.);
#659=ORIENTED_EDGE('',*,*,#1027,.F.);
#660=ORIENTED_EDGE('',*,*,#977,.F.);
#661=ORIENTED_EDGE('',*,*,#1028,.T.);
#662=ORIENTED_EDGE('',*,*,#956,.T.);
#663=ORIENTED_EDGE('',*,*,#1028,.F.);
#664=ORIENTED_EDGE('',*,*,#976,.F.);
#665=ORIENTED_EDGE('',*,*,#1029,.T.);
#666=ORIENTED_EDGE('',*,*,#957,.T.);
#667=ORIENTED_EDGE('',*,*,#1029,.F.);
#668=ORIENTED_EDGE('',*,*,#975,.F.);
#669=ORIENTED_EDGE('',*,*,#1030,.T.);
#670=ORIENTED_EDGE('',*,*,#958,.T.);
#671=ORIENTED_EDGE('',*,*,#1030,.F.);
#672=ORIENTED_EDGE('',*,*,#974,.F.);
#673=ORIENTED_EDGE('',*,*,#1031,.T.);
#674=ORIENTED_EDGE('',*,*,#959,.T.);
#675=ORIENTED_EDGE('',*,*,#1031,.F.);
#676=ORIENTED_EDGE('',*,*,#973,.F.);
#677=ORIENTED_EDGE('',*,*,#1032,.T.);
#678=ORIENTED_EDGE('',*,*,#960,.T.);
#679=ORIENTED_EDGE('',*,*,#1032,.F.);
#680=ORIENTED_EDGE('',*,*,#972,.F.);
#681=ORIENTED_EDGE('',*,*,#1033,.T.);
#682=ORIENTED_EDGE('',*,*,#961,.T.);
#683=ORIENTED_EDGE('',*,*,#1033,.F.);
#684=ORIENTED_EDGE('',*,*,#971,.F.);
#685=ORIENTED_EDGE('',*,*,#1034,.T.);
#686=ORIENTED_EDGE('',*,*,#962,.T.);
#687=ORIENTED_EDGE('',*,*,#1034,.F.);
#688=ORIENTED_EDGE('',*,*,#970,.F.);
#689=ORIENTED_EDGE('',*,*,#1035,.T.);
#690=ORIENTED_EDGE('',*,*,#963,.T.);
#691=ORIENTED_EDGE('',*,*,#1035,.F.);
#692=ORIENTED_EDGE('',*,*,#969,.F.);
#693=ORIENTED_EDGE('',*,*,#1036,.T.);
#694=ORIENTED_EDGE('',*,*,#964,.T.);
#695=ORIENTED_EDGE('',*,*,#1036,.F.);
#696=ORIENTED_EDGE('',*,*,#968,.F.);
#697=ORIENTED_EDGE('',*,*,#1037,.T.);
#698=ORIENTED_EDGE('',*,*,#965,.T.);
#699=ORIENTED_EDGE('',*,*,#1037,.F.);
#700=ORIENTED_EDGE('',*,*,#967,.F.);
#701=ORIENTED_EDGE('',*,*,#1002,.T.);
#702=EDGE_CURVE('',#1038,#1039,#1262,.F.);
#703=EDGE_CURVE('',#1040,#1038,#1263,.T.);
#704=EDGE_CURVE('',#1040,#1041,#1264,.F.);
#705=EDGE_CURVE('',#1041,#1039,#1265,.T.);
#706=EDGE_CURVE('',#1039,#1042,#1266,.T.);
#707=EDGE_CURVE('',#1041,#1043,#1267,.T.);
#708=EDGE_CURVE('',#1043,#1042,#1268,.T.);
#709=EDGE_CURVE('',#1042,#1044,#12,.T.);
#710=EDGE_CURVE('',#1043,#1045,#13,.T.);
#711=EDGE_CURVE('',#1045,#1044,#1269,.T.);
#712=EDGE_CURVE('',#1044,#1046,#1270,.T.);
#713=EDGE_CURVE('',#1045,#1047,#1271,.T.);
#714=EDGE_CURVE('',#1047,#1046,#1272,.T.);
#715=EDGE_CURVE('',#1046,#1048,#1273,.T.);
#716=EDGE_CURVE('',#1047,#1049,#1274,.T.);
#717=EDGE_CURVE('',#1049,#1048,#1275,.T.);
#718=EDGE_CURVE('',#1048,#1050,#1276,.T.);
#719=EDGE_CURVE('',#1049,#1051,#1277,.T.);
#720=EDGE_CURVE('',#1051,#1050,#1278,.T.);
#721=EDGE_CURVE('',#1050,#1052,#1279,.T.);
#722=EDGE_CURVE('',#1051,#1053,#1280,.T.);
#723=EDGE_CURVE('',#1053,#1052,#1281,.T.);
#724=EDGE_CURVE('',#1052,#1054,#1282,.T.);
#725=EDGE_CURVE('',#1053,#1055,#1283,.T.);
#726=EDGE_CURVE('',#1055,#1054,#1284,.T.);
#727=EDGE_CURVE('',#1054,#1056,#1285,.T.);
#728=EDGE_CURVE('',#1055,#1057,#1286,.T.);
#729=EDGE_CURVE('',#1057,#1056,#1287,.T.);
#730=EDGE_CURVE('',#1056,#1058,#1288,.T.);
#731=EDGE_CURVE('',#1057,#1059,#1289,.T.);
#732=EDGE_CURVE('',#1059,#1058,#1290,.T.);
#733=EDGE_CURVE('',#1058,#1060,#1291,.T.);
#734=EDGE_CURVE('',#1059,#1061,#1292,.T.);
#735=EDGE_CURVE('',#1061,#1060,#1293,.T.);
#736=EDGE_CURVE('',#1060,#1062,#1294,.T.);
#737=EDGE_CURVE('',#1061,#1063,#1295,.T.);
#738=EDGE_CURVE('',#1063,#1062,#1296,.T.);
#739=EDGE_CURVE('',#1062,#1064,#1297,.T.);
#740=EDGE_CURVE('',#1063,#1065,#1298,.T.);
#741=EDGE_CURVE('',#1065,#1064,#1299,.T.);
#742=EDGE_CURVE('',#1064,#1066,#1300,.T.);
#743=EDGE_CURVE('',#1065,#1067,#1301,.T.);
#744=EDGE_CURVE('',#1067,#1066,#1302,.T.);
#745=EDGE_CURVE('',#1066,#1068,#1303,.T.);
#746=EDGE_CURVE('',#1067,#1069,#1304,.T.);
#747=EDGE_CURVE('',#1069,#1068,#1305,.T.);
#748=EDGE_CURVE('',#1068,#1070,#1306,.T.);
#749=EDGE_CURVE('',#1069,#1071,#1307,.T.);
#750=EDGE_CURVE('',#1071,#1070,#1308,.T.);
#751=EDGE_CURVE('',#1070,#1072,#1309,.T.);
#752=EDGE_CURVE('',#1071,#1073,#1310,.T.);
#753=EDGE_CURVE('',#1073,#1072,#1311,.T.);
#754=EDGE_CURVE('',#1072,#1074,#1312,.T.);
#755=EDGE_CURVE('',#1073,#1075,#1313,.T.);
#756=EDGE_CURVE('',#1075,#1074,#1314,.T.);
#757=EDGE_CURVE('',#1074,#1076,#1315,.T.);
#758=EDGE_CURVE('',#1075,#1077,#1316,.T.);
#759=EDGE_CURVE('',#1077,#1076,#1317,.T.);
#760=EDGE_CURVE('',#1076,#1078,#1318,.T.);
#761=EDGE_CURVE('',#1077,#1079,#1319,.T.);
#762=EDGE_CURVE('',#1079,#1078,#1320,.T.);
#763=EDGE_CURVE('',#1078,#1080,#1321,.T.);
#764=EDGE_CURVE('',#1079,#1081,#1322,.T.);
#765=EDGE_CURVE('',#1081,#1080,#1323,.T.);
#766=EDGE_CURVE('',#1080,#1082,#1324,.T.);
#767=EDGE_CURVE('',#1081,#1083,#1325,.T.);
#768=EDGE_CURVE('',#1083,#1082,#1326,.T.);
#769=EDGE_CURVE('',#1082,#1084,#1327,.T.);
#770=EDGE_CURVE('',#1083,#1085,#1328,.T.);
#771=EDGE_CURVE('',#1085,#1084,#1329,.T.);
#772=EDGE_CURVE('',#1084,#1086,#1330,.T.);
#773=EDGE_CURVE('',#1085,#1087,#1331,.T.);
#774=EDGE_CURVE('',#1087,#1086,#1332,.T.);
#775=EDGE_CURVE('',#1086,#1088,#1333,.T.);
#776=EDGE_CURVE('',#1087,#1089,#1334,.T.);
#777=EDGE_CURVE('',#1089,#1088,#1335,.T.);
#778=EDGE_CURVE('',#1088,#1090,#1336,.T.);
#779=EDGE_CURVE('',#1089,#1091,#1337,.T.);
#780=EDGE_CURVE('',#1091,#1090,#1338,.T.);
#781=EDGE_CURVE('',#1090,#1092,#1339,.T.);
#782=EDGE_CURVE('',#1091,#1093,#1340,.T.);
#783=EDGE_CURVE('',#1093,#1092,#1341,.T.);
#784=EDGE_CURVE('',#1092,#1094,#1342,.T.);
#785=EDGE_CURVE('',#1093,#1095,#1343,.T.);
#786=EDGE_CURVE('',#1095,#1094,#1344,.T.);
#787=EDGE_CURVE('',#1094,#1096,#1345,.T.);
#788=EDGE_CURVE('',#1095,#1097,#1346,.T.);
#789=EDGE_CURVE('',#1097,#1096,#1347,.T.);
#790=EDGE_CURVE('',#1096,#1098,#1348,.T.);
#791=EDGE_CURVE('',#1097,#1099,#1349,.T.);
#792=EDGE_CURVE('',#1099,#1098,#1350,.T.);
#793=EDGE_CURVE('',#1098,#1100,#1351,.T.);
#794=EDGE_CURVE('',#1099,#1101,#1352,.T.);
#795=EDGE_CURVE('',#1101,#1100,#1353,.T.);
#796=EDGE_CURVE('',#1100,#1102,#1354,.T.);
#797=EDGE_CURVE('',#1101,#1103,#1355,.T.);
#798=EDGE_CURVE('',#1103,#1102,#1356,.T.);
#799=EDGE_CURVE('',#1102,#1104,#1357,.T.);
#800=EDGE_CURVE('',#1103,#1105,#1358,.T.);
#801=EDGE_CURVE('',#1105,#1104,#1359,.T.);
#802=EDGE_CURVE('',#1104,#1106,#1360,.T.);
#803=EDGE_CURVE('',#1105,#1107,#1361,.T.);
#804=EDGE_CURVE('',#1107,#1106,#1362,.T.);
#805=EDGE_CURVE('',#1106,#1108,#1363,.T.);
#806=EDGE_CURVE('',#1107,#1109,#1364,.T.);
#807=EDGE_CURVE('',#1109,#1108,#1365,.T.);
#808=EDGE_CURVE('',#1108,#1110,#1366,.T.);
#809=EDGE_CURVE('',#1109,#1111,#1367,.T.);
#810=EDGE_CURVE('',#1111,#1110,#1368,.T.);
#811=EDGE_CURVE('',#1110,#1112,#1369,.T.);
#812=EDGE_CURVE('',#1111,#1113,#1370,.T.);
#813=EDGE_CURVE('',#1113,#1112,#1371,.T.);
#814=EDGE_CURVE('',#1114,#1115,#1372,.F.);
#815=EDGE_CURVE('',#1116,#1115,#1373,.T.);
#816=EDGE_CURVE('',#1117,#1116,#1374,.F.);
#817=EDGE_CURVE('',#1117,#1114,#1375,.T.);
#818=EDGE_CURVE('',#1118,#1114,#14,.T.);
#819=EDGE_CURVE('',#1119,#1117,#15,.T.);
#820=EDGE_CURVE('',#1119,#1118,#1376,.T.);
#821=EDGE_CURVE('',#1120,#1118,#1377,.T.);
#822=EDGE_CURVE('',#1121,#1119,#1378,.T.);
#823=EDGE_CURVE('',#1121,#1120,#1379,.T.);
#824=EDGE_CURVE('',#1122,#1120,#1380,.T.);
#825=EDGE_CURVE('',#1123,#1121,#1381,.T.);
#826=EDGE_CURVE('',#1123,#1122,#1382,.T.);
#827=EDGE_CURVE('',#1124,#1122,#1383,.T.);
#828=EDGE_CURVE('',#1125,#1123,#1384,.T.);
#829=EDGE_CURVE('',#1125,#1124,#1385,.T.);
#830=EDGE_CURVE('',#1126,#1124,#1386,.T.);
#831=EDGE_CURVE('',#1127,#1125,#1387,.T.);
#832=EDGE_CURVE('',#1127,#1126,#1388,.T.);
#833=EDGE_CURVE('',#1128,#1126,#1389,.T.);
#834=EDGE_CURVE('',#1129,#1127,#1390,.T.);
#835=EDGE_CURVE('',#1129,#1128,#1391,.T.);
#836=EDGE_CURVE('',#1130,#1128,#1392,.T.);
#837=EDGE_CURVE('',#1131,#1129,#1393,.T.);
#838=EDGE_CURVE('',#1131,#1130,#1394,.T.);
#839=EDGE_CURVE('',#1132,#1130,#1395,.T.);
#840=EDGE_CURVE('',#1133,#1131,#1396,.T.);
#841=EDGE_CURVE('',#1133,#1132,#1397,.T.);
#842=EDGE_CURVE('',#1134,#1132,#1398,.T.);
#843=EDGE_CURVE('',#1135,#1133,#1399,.T.);
#844=EDGE_CURVE('',#1135,#1134,#1400,.T.);
#845=EDGE_CURVE('',#1136,#1134,#1401,.T.);
#846=EDGE_CURVE('',#1137,#1135,#1402,.T.);
#847=EDGE_CURVE('',#1137,#1136,#1403,.T.);
#848=EDGE_CURVE('',#1138,#1136,#1404,.T.);
#849=EDGE_CURVE('',#1139,#1137,#1405,.T.);
#850=EDGE_CURVE('',#1139,#1138,#1406,.T.);
#851=EDGE_CURVE('',#1140,#1138,#1407,.T.);
#852=EDGE_CURVE('',#1141,#1139,#1408,.T.);
#853=EDGE_CURVE('',#1141,#1140,#1409,.T.);
#854=EDGE_CURVE('',#1142,#1140,#1410,.T.);
#855=EDGE_CURVE('',#1143,#1141,#1411,.T.);
#856=EDGE_CURVE('',#1143,#1142,#1412,.T.);
#857=EDGE_CURVE('',#1144,#1142,#1413,.T.);
#858=EDGE_CURVE('',#1145,#1143,#1414,.T.);
#859=EDGE_CURVE('',#1145,#1144,#1415,.T.);
#860=EDGE_CURVE('',#1146,#1144,#1416,.T.);
#861=EDGE_CURVE('',#1147,#1145,#1417,.T.);
#862=EDGE_CURVE('',#1147,#1146,#1418,.T.);
#863=EDGE_CURVE('',#1148,#1146,#1419,.T.);
#864=EDGE_CURVE('',#1149,#1147,#1420,.T.);
#865=EDGE_CURVE('',#1149,#1148,#1421,.T.);
#866=EDGE_CURVE('',#1150,#1148,#1422,.T.);
#867=EDGE_CURVE('',#1151,#1149,#1423,.T.);
#868=EDGE_CURVE('',#1151,#1150,#1424,.T.);
#869=EDGE_CURVE('',#1152,#1150,#1425,.T.);
#870=EDGE_CURVE('',#1153,#1151,#1426,.T.);
#871=EDGE_CURVE('',#1153,#1152,#1427,.T.);
#872=EDGE_CURVE('',#1154,#1152,#1428,.T.);
#873=EDGE_CURVE('',#1155,#1153,#1429,.T.);
#874=EDGE_CURVE('',#1155,#1154,#1430,.T.);
#875=EDGE_CURVE('',#1156,#1154,#1431,.T.);
#876=EDGE_CURVE('',#1157,#1155,#1432,.T.);
#877=EDGE_CURVE('',#1157,#1156,#1433,.T.);
#878=EDGE_CURVE('',#1158,#1156,#1434,.T.);
#879=EDGE_CURVE('',#1159,#1157,#1435,.T.);
#880=EDGE_CURVE('',#1159,#1158,#1436,.T.);
#881=EDGE_CURVE('',#1160,#1158,#1437,.T.);
#882=EDGE_CURVE('',#1161,#1159,#1438,.T.);
#883=EDGE_CURVE('',#1161,#1160,#1439,.T.);
#884=EDGE_CURVE('',#1162,#1160,#1440,.T.);
#885=EDGE_CURVE('',#1163,#1161,#1441,.T.);
#886=EDGE_CURVE('',#1163,#1162,#1442,.T.);
#887=EDGE_CURVE('',#1164,#1162,#1443,.T.);
#888=EDGE_CURVE('',#1165,#1163,#1444,.T.);
#889=EDGE_CURVE('',#1165,#1164,#1445,.T.);
#890=EDGE_CURVE('',#1166,#1164,#1446,.T.);
#891=EDGE_CURVE('',#1167,#1165,#1447,.T.);
#892=EDGE_CURVE('',#1167,#1166,#1448,.T.);
#893=EDGE_CURVE('',#1168,#1166,#1449,.T.);
#894=EDGE_CURVE('',#1169,#1167,#1450,.T.);
#895=EDGE_CURVE('',#1169,#1168,#1451,.T.);
#896=EDGE_CURVE('',#1170,#1168,#1452,.T.);
#897=EDGE_CURVE('',#1171,#1169,#1453,.T.);
#898=EDGE_CURVE('',#1171,#1170,#1454,.T.);
#899=EDGE_CURVE('',#1172,#1170,#1455,.T.);
#900=EDGE_CURVE('',#1173,#1171,#1456,.T.);
#901=EDGE_CURVE('',#1173,#1172,#1457,.T.);
#902=EDGE_CURVE('',#1174,#1172,#1458,.T.);
#903=EDGE_CURVE('',#1175,#1173,#1459,.T.);
#904=EDGE_CURVE('',#1175,#1174,#1460,.T.);
#905=EDGE_CURVE('',#1176,#1174,#1461,.T.);
#906=EDGE_CURVE('',#1177,#1175,#1462,.T.);
#907=EDGE_CURVE('',#1177,#1176,#1463,.T.);
#908=EDGE_CURVE('',#1178,#1176,#1464,.T.);
#909=EDGE_CURVE('',#1179,#1177,#1465,.T.);
#910=EDGE_CURVE('',#1179,#1178,#1466,.T.);
#911=EDGE_CURVE('',#1180,#1178,#1467,.T.);
#912=EDGE_CURVE('',#1181,#1179,#1468,.T.);
#913=EDGE_CURVE('',#1181,#1180,#1469,.T.);
#914=EDGE_CURVE('',#1182,#1180,#1470,.T.);
#915=EDGE_CURVE('',#1183,#1181,#1471,.T.);
#916=EDGE_CURVE('',#1183,#1182,#1472,.T.);
#917=EDGE_CURVE('',#1184,#1182,#1473,.T.);
#918=EDGE_CURVE('',#1185,#1183,#1474,.T.);
#919=EDGE_CURVE('',#1185,#1184,#1475,.T.);
#920=EDGE_CURVE('',#1186,#1184,#1476,.T.);
#921=EDGE_CURVE('',#1187,#1185,#1477,.T.);
#922=EDGE_CURVE('',#1187,#1186,#1478,.T.);
#923=EDGE_CURVE('',#1188,#1186,#16,.T.);
#924=EDGE_CURVE('',#1189,#1187,#17,.T.);
#925=EDGE_CURVE('',#1189,#1188,#1479,.T.);
#926=EDGE_CURVE('',#1115,#1188,#1480,.T.);
#927=EDGE_CURVE('',#1116,#1189,#1481,.T.);
#928=EDGE_CURVE('',#1112,#1038,#18,.T.);
#929=EDGE_CURVE('',#1113,#1040,#19,.T.);
#930=EDGE_CURVE('',#1190,#1191,#1482,.F.);
#931=EDGE_CURVE('',#1192,#1190,#20,.T.);
#932=EDGE_CURVE('',#1193,#1192,#1483,.T.);
#933=EDGE_CURVE('',#1194,#1193,#1484,.T.);
#934=EDGE_CURVE('',#1195,#1194,#1485,.T.);
#935=EDGE_CURVE('',#1196,#1195,#1486,.T.);
#936=EDGE_CURVE('',#1197,#1196,#1487,.T.);
#937=EDGE_CURVE('',#1198,#1197,#1488,.T.);
#938=EDGE_CURVE('',#1199,#1198,#1489,.T.);
#939=EDGE_CURVE('',#1200,#1199,#1490,.T.);
#940=EDGE_CURVE('',#1201,#1200,#1491,.T.);
#941=EDGE_CURVE('',#1202,#1201,#1492,.T.);
#942=EDGE_CURVE('',#1203,#1202,#1493,.T.);
#943=EDGE_CURVE('',#1204,#1203,#1494,.T.);
#944=EDGE_CURVE('',#1205,#1204,#1495,.T.);
#945=EDGE_CURVE('',#1206,#1205,#1496,.T.);
#946=EDGE_CURVE('',#1207,#1206,#1497,.T.);
#947=EDGE_CURVE('',#1208,#1207,#1498,.T.);
#948=EDGE_CURVE('',#1209,#1208,#1499,.T.);
#949=EDGE_CURVE('',#1210,#1209,#1500,.T.);
#950=EDGE_CURVE('',#1211,#1210,#1501,.T.);
#951=EDGE_CURVE('',#1212,#1211,#1502,.T.);
#952=EDGE_CURVE('',#1213,#1212,#1503,.T.);
#953=EDGE_CURVE('',#1214,#1213,#1504,.T.);
#954=EDGE_CURVE('',#1215,#1214,#1505,.T.);
#955=EDGE_CURVE('',#1216,#1215,#1506,.T.);
#956=EDGE_CURVE('',#1217,#1216,#1507,.T.);
#957=EDGE_CURVE('',#1218,#1217,#1508,.T.);
#958=EDGE_CURVE('',#1219,#1218,#1509,.T.);
#959=EDGE_CURVE('',#1220,#1219,#1510,.T.);
#960=EDGE_CURVE('',#1221,#1220,#1511,.T.);
#961=EDGE_CURVE('',#1222,#1221,#1512,.T.);
#962=EDGE_CURVE('',#1223,#1222,#1513,.T.);
#963=EDGE_CURVE('',#1224,#1223,#1514,.T.);
#964=EDGE_CURVE('',#1225,#1224,#21,.T.);
#965=EDGE_CURVE('',#1191,#1225,#1515,.T.);
#966=EDGE_CURVE('',#1226,#1227,#1516,.F.);
#967=EDGE_CURVE('',#1227,#1228,#1517,.T.);
#968=EDGE_CURVE('',#1228,#1229,#22,.T.);
#969=EDGE_CURVE('',#1229,#1230,#1518,.T.);
#970=EDGE_CURVE('',#1230,#1231,#1519,.T.);
#971=EDGE_CURVE('',#1231,#1232,#1520,.T.);
#972=EDGE_CURVE('',#1232,#1233,#1521,.T.);
#973=EDGE_CURVE('',#1233,#1234,#1522,.T.);
#974=EDGE_CURVE('',#1234,#1235,#1523,.T.);
#975=EDGE_CURVE('',#1235,#1236,#1524,.T.);
#976=EDGE_CURVE('',#1236,#1237,#1525,.T.);
#977=EDGE_CURVE('',#1237,#1238,#1526,.T.);
#978=EDGE_CURVE('',#1238,#1239,#1527,.T.);
#979=EDGE_CURVE('',#1239,#1240,#1528,.T.);
#980=EDGE_CURVE('',#1240,#1241,#1529,.T.);
#981=EDGE_CURVE('',#1241,#1242,#1530,.T.);
#982=EDGE_CURVE('',#1242,#1243,#1531,.T.);
#983=EDGE_CURVE('',#1243,#1244,#1532,.T.);
#984=EDGE_CURVE('',#1244,#1245,#1533,.T.);
#985=EDGE_CURVE('',#1245,#1246,#1534,.T.);
#986=EDGE_CURVE('',#1246,#1247,#1535,.T.);
#987=EDGE_CURVE('',#1247,#1248,#1536,.T.);
#988=EDGE_CURVE('',#1248,#1249,#1537,.T.);
#989=EDGE_CURVE('',#1249,#1250,#1538,.T.);
#990=EDGE_CURVE('',#1250,#1251,#1539,.T.);
#991=EDGE_CURVE('',#1251,#1252,#1540,.T.);
#992=EDGE_CURVE('',#1252,#1253,#1541,.T.);
#993=EDGE_CURVE('',#1253,#1254,#1542,.T.);
#994=EDGE_CURVE('',#1254,#1255,#1543,.T.);
#995=EDGE_CURVE('',#1255,#1256,#1544,.T.);
#996=EDGE_CURVE('',#1256,#1257,#1545,.T.);
#997=EDGE_CURVE('',#1257,#1258,#1546,.T.);
#998=EDGE_CURVE('',#1258,#1259,#1547,.T.);
#999=EDGE_CURVE('',#1259,#1260,#1548,.T.);
#1000=EDGE_CURVE('',#1260,#1261,#1549,.T.);
#1001=EDGE_CURVE('',#1261,#1226,#23,.T.);
#1002=EDGE_CURVE('',#1227,#1191,#1550,.T.);
#1003=EDGE_CURVE('',#1226,#1190,#1551,.T.);
#1004=EDGE_CURVE('',#1261,#1192,#1552,.T.);
#1005=EDGE_CURVE('',#1260,#1193,#1553,.T.);
#1006=EDGE_CURVE('',#1259,#1194,#1554,.T.);
#1007=EDGE_CURVE('',#1258,#1195,#1555,.T.);
#1008=EDGE_CURVE('',#1257,#1196,#1556,.T.);
#1009=EDGE_CURVE('',#1256,#1197,#1557,.T.);
#1010=EDGE_CURVE('',#1255,#1198,#1558,.T.);
#1011=EDGE_CURVE('',#1254,#1199,#1559,.T.);
#1012=EDGE_CURVE('',#1253,#1200,#1560,.T.);
#1013=EDGE_CURVE('',#1252,#1201,#1561,.T.);
#1014=EDGE_CURVE('',#1251,#1202,#1562,.T.);
#1015=EDGE_CURVE('',#1250,#1203,#1563,.T.);
#1016=EDGE_CURVE('',#1249,#1204,#1564,.T.);
#1017=EDGE_CURVE('',#1248,#1205,#1565,.T.);
#1018=EDGE_CURVE('',#1247,#1206,#1566,.T.);
#1019=EDGE_CURVE('',#1246,#1207,#1567,.T.);
#1020=EDGE_CURVE('',#1245,#1208,#1568,.T.);
#1021=EDGE_CURVE('',#1244,#1209,#1569,.T.);
#1022=EDGE_CURVE('',#1243,#1210,#1570,.T.);
#1023=EDGE_CURVE('',#1242,#1211,#1571,.T.);
#1024=EDGE_CURVE('',#1241,#1212,#1572,.T.);
#1025=EDGE_CURVE('',#1240,#1213,#1573,.T.);
#1026=EDGE_CURVE('',#1239,#1214,#1574,.T.);
#1027=EDGE_CURVE('',#1238,#1215,#1575,.T.);
#1028=EDGE_CURVE('',#1237,#1216,#1576,.T.);
#1029=EDGE_CURVE('',#1236,#1217,#1577,.T.);
#1030=EDGE_CURVE('',#1235,#1218,#1578,.T.);
#1031=EDGE_CURVE('',#1234,#1219,#1579,.T.);
#1032=EDGE_CURVE('',#1233,#1220,#1580,.T.);
#1033=EDGE_CURVE('',#1232,#1221,#1581,.T.);
#1034=EDGE_CURVE('',#1231,#1222,#1582,.T.);
#1035=EDGE_CURVE('',#1230,#1223,#1583,.T.);
#1036=EDGE_CURVE('',#1229,#1224,#1584,.T.);
#1037=EDGE_CURVE('',#1228,#1225,#1585,.T.);
#1038=VERTEX_POINT('',#3093);
#1039=VERTEX_POINT('',#3094);
#1040=VERTEX_POINT('',#3096);
#1041=VERTEX_POINT('',#3098);
#1042=VERTEX_POINT('',#3102);
#1043=VERTEX_POINT('',#3104);
#1044=VERTEX_POINT('',#3108);
#1045=VERTEX_POINT('',#3110);
#1046=VERTEX_POINT('',#3114);
#1047=VERTEX_POINT('',#3116);
#1048=VERTEX_POINT('',#3120);
#1049=VERTEX_POINT('',#3122);
#1050=VERTEX_POINT('',#3126);
#1051=VERTEX_POINT('',#3128);
#1052=VERTEX_POINT('',#3132);
#1053=VERTEX_POINT('',#3134);
#1054=VERTEX_POINT('',#3138);
#1055=VERTEX_POINT('',#3140);
#1056=VERTEX_POINT('',#3144);
#1057=VERTEX_POINT('',#3146);
#1058=VERTEX_POINT('',#3150);
#1059=VERTEX_POINT('',#3152);
#1060=VERTEX_POINT('',#3156);
#1061=VERTEX_POINT('',#3158);
#1062=VERTEX_POINT('',#3162);
#1063=VERTEX_POINT('',#3164);
#1064=VERTEX_POINT('',#3168);
#1065=VERTEX_POINT('',#3170);
#1066=VERTEX_POINT('',#3174);
#1067=VERTEX_POINT('',#3176);
#1068=VERTEX_POINT('',#3180);
#1069=VERTEX_POINT('',#3182);
#1070=VERTEX_POINT('',#3186);
#1071=VERTEX_POINT('',#3188);
#1072=VERTEX_POINT('',#3192);
#1073=VERTEX_POINT('',#3194);
#1074=VERTEX_POINT('',#3198);
#1075=VERTEX_POINT('',#3200);
#1076=VERTEX_POINT('',#3204);
#1077=VERTEX_POINT('',#3206);
#1078=VERTEX_POINT('',#3210);
#1079=VERTEX_POINT('',#3212);
#1080=VERTEX_POINT('',#3216);
#1081=VERTEX_POINT('',#3218);
#1082=VERTEX_POINT('',#3222);
#1083=VERTEX_POINT('',#3224);
#1084=VERTEX_POINT('',#3228);
#1085=VERTEX_POINT('',#3230);
#1086=VERTEX_POINT('',#3234);
#1087=VERTEX_POINT('',#3236);
#1088=VERTEX_POINT('',#3240);
#1089=VERTEX_POINT('',#3242);
#1090=VERTEX_POINT('',#3246);
#1091=VERTEX_POINT('',#3248);
#1092=VERTEX_POINT('',#3252);
#1093=VERTEX_POINT('',#3254);
#1094=VERTEX_POINT('',#3258);
#1095=VERTEX_POINT('',#3260);
#1096=VERTEX_POINT('',#3264);
#1097=VERTEX_POINT('',#3266);
#1098=VERTEX_POINT('',#3270);
#1099=VERTEX_POINT('',#3272);
#1100=VERTEX_POINT('',#3276);
#1101=VERTEX_POINT('',#3278);
#1102=VERTEX_POINT('',#3282);
#1103=VERTEX_POINT('',#3284);
#1104=VERTEX_POINT('',#3288);
#1105=VERTEX_POINT('',#3290);
#1106=VERTEX_POINT('',#3294);
#1107=VERTEX_POINT('',#3296);
#1108=VERTEX_POINT('',#3300);
#1109=VERTEX_POINT('',#3302);
#1110=VERTEX_POINT('',#3306);
#1111=VERTEX_POINT('',#3308);
#1112=VERTEX_POINT('',#3312);
#1113=VERTEX_POINT('',#3314);
#1114=VERTEX_POINT('',#3318);
#1115=VERTEX_POINT('',#3319);
#1116=VERTEX_POINT('',#3321);
#1117=VERTEX_POINT('',#3323);
#1118=VERTEX_POINT('',#3327);
#1119=VERTEX_POINT('',#3329);
#1120=VERTEX_POINT('',#3333);
#1121=VERTEX_POINT('',#3335);
#1122=VERTEX_POINT('',#3339);
#1123=VERTEX_POINT('',#3341);
#1124=VERTEX_POINT('',#3345);
#1125=VERTEX_POINT('',#3347);
#1126=VERTEX_POINT('',#3351);
#1127=VERTEX_POINT('',#3353);
#1128=VERTEX_POINT('',#3357);
#1129=VERTEX_POINT('',#3359);
#1130=VERTEX_POINT('',#3363);
#1131=VERTEX_POINT('',#3365);
#1132=VERTEX_POINT('',#3369);
#1133=VERTEX_POINT('',#3371);
#1134=VERTEX_POINT('',#3375);
#1135=VERTEX_POINT('',#3377);
#1136=VERTEX_POINT('',#3381);
#1137=VERTEX_POINT('',#3383);
#1138=VERTEX_POINT('',#3387);
#1139=VERTEX_POINT('',#3389);
#1140=VERTEX_POINT('',#3393);
#1141=VERTEX_POINT('',#3395);
#1142=VERTEX_POINT('',#3399);
#1143=VERTEX_POINT('',#3401);
#1144=VERTEX_POINT('',#3405);
#1145=VERTEX_POINT('',#3407);
#1146=VERTEX_POINT('',#3411);
#1147=VERTEX_POINT('',#3413);
#1148=VERTEX_POINT('',#3417);
#1149=VERTEX_POINT('',#3419);
#1150=VERTEX_POINT('',#3423);
#1151=VERTEX_POINT('',#3425);
#1152=VERTEX_POINT('',#3429);
#1153=VERTEX_POINT('',#3431);
#1154=VERTEX_POINT('',#3435);
#1155=VERTEX_POINT('',#3437);
#1156=VERTEX_POINT('',#3441);
#1157=VERTEX_POINT('',#3443);
#1158=VERTEX_POINT('',#3447);
#1159=VERTEX_POINT('',#3449);
#1160=VERTEX_POINT('',#3453);
#1161=VERTEX_POINT('',#3455);
#1162=VERTEX_POINT('',#3459);
#1163=VERTEX_POINT('',#3461);
#1164=VERTEX_POINT('',#3465);
#1165=VERTEX_POINT('',#3467);
#1166=VERTEX_POINT('',#3471);
#1167=VERTEX_POINT('',#3473);
#1168=VERTEX_POINT('',#3477);
#1169=VERTEX_POINT('',#3479);
#1170=VERTEX_POINT('',#3483);
#1171=VERTEX_POINT('',#3485);
#1172=VERTEX_POINT('',#3489);
#1173=VERTEX_POINT('',#3491);
#1174=VERTEX_POINT('',#3495);
#1175=VERTEX_POINT('',#3497);
#1176=VERTEX_POINT('',#3501);
#1177=VERTEX_POINT('',#3503);
#1178=VERTEX_POINT('',#3507);
#1179=VERTEX_POINT('',#3509);
#1180=VERTEX_POINT('',#3513);
#1181=VERTEX_POINT('',#3515);
#1182=VERTEX_POINT('',#3519);
#1183=VERTEX_POINT('',#3521);
#1184=VERTEX_POINT('',#3525);
#1185=VERTEX_POINT('',#3527);
#1186=VERTEX_POINT('',#3531);
#1187=VERTEX_POINT('',#3533);
#1188=VERTEX_POINT('',#3537);
#1189=VERTEX_POINT('',#3539);
#1190=VERTEX_POINT('',#3550);
#1191=VERTEX_POINT('',#3551);
#1192=VERTEX_POINT('',#3553);
#1193=VERTEX_POINT('',#3555);
#1194=VERTEX_POINT('',#3557);
#1195=VERTEX_POINT('',#3559);
#1196=VERTEX_POINT('',#3561);
#1197=VERTEX_POINT('',#3563);
#1198=VERTEX_POINT('',#3565);
#1199=VERTEX_POINT('',#3567);
#1200=VERTEX_POINT('',#3569);
#1201=VERTEX_POINT('',#3571);
#1202=VERTEX_POINT('',#3573);
#1203=VERTEX_POINT('',#3575);
#1204=VERTEX_POINT('',#3577);
#1205=VERTEX_POINT('',#3579);
#1206=VERTEX_POINT('',#3581);
#1207=VERTEX_POINT('',#3583);
#1208=VERTEX_POINT('',#3585);
#1209=VERTEX_POINT('',#3587);
#1210=VERTEX_POINT('',#3589);
#1211=VERTEX_POINT('',#3591);
#1212=VERTEX_POINT('',#3593);
#1213=VERTEX_POINT('',#3595);
#1214=VERTEX_POINT('',#3597);
#1215=VERTEX_POINT('',#3599);
#1216=VERTEX_POINT('',#3601);
#1217=VERTEX_POINT('',#3603);
#1218=VERTEX_POINT('',#3605);
#1219=VERTEX_POINT('',#3607);
#1220=VERTEX_POINT('',#3609);
#1221=VERTEX_POINT('',#3611);
#1222=VERTEX_POINT('',#3613);
#1223=VERTEX_POINT('',#3615);
#1224=VERTEX_POINT('',#3617);
#1225=VERTEX_POINT('',#3619);
#1226=VERTEX_POINT('',#3623);
#1227=VERTEX_POINT('',#3624);
#1228=VERTEX_POINT('',#3626);
#1229=VERTEX_POINT('',#3628);
#1230=VERTEX_POINT('',#3630);
#1231=VERTEX_POINT('',#3632);
#1232=VERTEX_POINT('',#3634);
#1233=VERTEX_POINT('',#3636);
#1234=VERTEX_POINT('',#3638);
#1235=VERTEX_POINT('',#3640);
#1236=VERTEX_POINT('',#3642);
#1237=VERTEX_POINT('',#3644);
#1238=VERTEX_POINT('',#3646);
#1239=VERTEX_POINT('',#3648);
#1240=VERTEX_POINT('',#3650);
#1241=VERTEX_POINT('',#3652);
#1242=VERTEX_POINT('',#3654);
#1243=VERTEX_POINT('',#3656);
#1244=VERTEX_POINT('',#3658);
#1245=VERTEX_POINT('',#3660);
#1246=VERTEX_POINT('',#3662);
#1247=VERTEX_POINT('',#3664);
#1248=VERTEX_POINT('',#3666);
#1249=VERTEX_POINT('',#3668);
#1250=VERTEX_POINT('',#3670);
#1251=VERTEX_POINT('',#3672);
#1252=VERTEX_POINT('',#3674);
#1253=VERTEX_POINT('',#3676);
#1254=VERTEX_POINT('',#3678);
#1255=VERTEX_POINT('',#3680);
#1256=VERTEX_POINT('',#3682);
#1257=VERTEX_POINT('',#3684);
#1258=VERTEX_POINT('',#3686);
#1259=VERTEX_POINT('',#3688);
#1260=VERTEX_POINT('',#3690);
#1261=VERTEX_POINT('',#3692);
#1262=LINE('',#3092,#1586);
#1263=LINE('',#3095,#1587);
#1264=LINE('',#3097,#1588);
#1265=LINE('',#3099,#1589);
#1266=LINE('',#3101,#1590);
#1267=LINE('',#3103,#1591);
#1268=LINE('',#3105,#1592);
#1269=LINE('',#3111,#1593);
#1270=LINE('',#3113,#1594);
#1271=LINE('',#3115,#1595);
#1272=LINE('',#3117,#1596);
#1273=LINE('',#3119,#1597);
#1274=LINE('',#3121,#1598);
#1275=LINE('',#3123,#1599);
#1276=LINE('',#3125,#1600);
#1277=LINE('',#3127,#1601);
#1278=LINE('',#3129,#1602);
#1279=LINE('',#3131,#1603);
#1280=LINE('',#3133,#1604);
#1281=LINE('',#3135,#1605);
#1282=LINE('',#3137,#1606);
#1283=LINE('',#3139,#1607);
#1284=LINE('',#3141,#1608);
#1285=LINE('',#3143,#1609);
#1286=LINE('',#3145,#1610);
#1287=LINE('',#3147,#1611);
#1288=LINE('',#3149,#1612);
#1289=LINE('',#3151,#1613);
#1290=LINE('',#3153,#1614);
#1291=LINE('',#3155,#1615);
#1292=LINE('',#3157,#1616);
#1293=LINE('',#3159,#1617);
#1294=LINE('',#3161,#1618);
#1295=LINE('',#3163,#1619);
#1296=LINE('',#3165,#1620);
#1297=LINE('',#3167,#1621);
#1298=LINE('',#3169,#1622);
#1299=LINE('',#3171,#1623);
#1300=LINE('',#3173,#1624);
#1301=LINE('',#3175,#1625);
#1302=LINE('',#3177,#1626);
#1303=LINE('',#3179,#1627);
#1304=LINE('',#3181,#1628);
#1305=LINE('',#3183,#1629);
#1306=LINE('',#3185,#1630);
#1307=LINE('',#3187,#1631);
#1308=LINE('',#3189,#1632);
#1309=LINE('',#3191,#1633);
#1310=LINE('',#3193,#1634);
#1311=LINE('',#3195,#1635);
#1312=LINE('',#3197,#1636);
#1313=LINE('',#3199,#1637);
#1314=LINE('',#3201,#1638);
#1315=LINE('',#3203,#1639);
#1316=LINE('',#3205,#1640);
#1317=LINE('',#3207,#1641);
#1318=LINE('',#3209,#1642);
#1319=LINE('',#3211,#1643);
#1320=LINE('',#3213,#1644);
#1321=LINE('',#3215,#1645);
#1322=LINE('',#3217,#1646);
#1323=LINE('',#3219,#1647);
#1324=LINE('',#3221,#1648);
#1325=LINE('',#3223,#1649);
#1326=LINE('',#3225,#1650);
#1327=LINE('',#3227,#1651);
#1328=LINE('',#3229,#1652);
#1329=LINE('',#3231,#1653);
#1330=LINE('',#3233,#1654);
#1331=LINE('',#3235,#1655);
#1332=LINE('',#3237,#1656);
#1333=LINE('',#3239,#1657);
#1334=LINE('',#3241,#1658);
#1335=LINE('',#3243,#1659);
#1336=LINE('',#3245,#1660);
#1337=LINE('',#3247,#1661);
#1338=LINE('',#3249,#1662);
#1339=LINE('',#3251,#1663);
#1340=LINE('',#3253,#1664);
#1341=LINE('',#3255,#1665);
#1342=LINE('',#3257,#1666);
#1343=LINE('',#3259,#1667);
#1344=LINE('',#3261,#1668);
#1345=LINE('',#3263,#1669);
#1346=LINE('',#3265,#1670);
#1347=LINE('',#3267,#1671);
#1348=LINE('',#3269,#1672);
#1349=LINE('',#3271,#1673);
#1350=LINE('',#3273,#1674);
#1351=LINE('',#3275,#1675);
#1352=LINE('',#3277,#1676);
#1353=LINE('',#3279,#1677);
#1354=LINE('',#3281,#1678);
#1355=LINE('',#3283,#1679);
#1356=LINE('',#3285,#1680);
#1357=LINE('',#3287,#1681);
#1358=LINE('',#3289,#1682);
#1359=LINE('',#3291,#1683);
#1360=LINE('',#3293,#1684);
#1361=LINE('',#3295,#1685);
#1362=LINE('',#3297,#1686);
#1363=LINE('',#3299,#1687);
#1364=LINE('',#3301,#1688);
#1365=LINE('',#3303,#1689);
#1366=LINE('',#3305,#1690);
#1367=LINE('',#3307,#1691);
#1368=LINE('',#3309,#1692);
#1369=LINE('',#3311,#1693);
#1370=LINE('',#3313,#1694);
#1371=LINE('',#3315,#1695);
#1372=LINE('',#3317,#1696);
#1373=LINE('',#3320,#1697);
#1374=LINE('',#3322,#1698);
#1375=LINE('',#3324,#1699);
#1376=LINE('',#3330,#1700);
#1377=LINE('',#3332,#1701);
#1378=LINE('',#3334,#1702);
#1379=LINE('',#3336,#1703);
#1380=LINE('',#3338,#1704);
#1381=LINE('',#3340,#1705);
#1382=LINE('',#3342,#1706);
#1383=LINE('',#3344,#1707);
#1384=LINE('',#3346,#1708);
#1385=LINE('',#3348,#1709);
#1386=LINE('',#3350,#1710);
#1387=LINE('',#3352,#1711);
#1388=LINE('',#3354,#1712);
#1389=LINE('',#3356,#1713);
#1390=LINE('',#3358,#1714);
#1391=LINE('',#3360,#1715);
#1392=LINE('',#3362,#1716);
#1393=LINE('',#3364,#1717);
#1394=LINE('',#3366,#1718);
#1395=LINE('',#3368,#1719);
#1396=LINE('',#3370,#1720);
#1397=LINE('',#3372,#1721);
#1398=LINE('',#3374,#1722);
#1399=LINE('',#3376,#1723);
#1400=LINE('',#3378,#1724);
#1401=LINE('',#3380,#1725);
#1402=LINE('',#3382,#1726);
#1403=LINE('',#3384,#1727);
#1404=LINE('',#3386,#1728);
#1405=LINE('',#3388,#1729);
#1406=LINE('',#3390,#1730);
#1407=LINE('',#3392,#1731);
#1408=LINE('',#3394,#1732);
#1409=LINE('',#3396,#1733);
#1410=LINE('',#3398,#1734);
#1411=LINE('',#3400,#1735);
#1412=LINE('',#3402,#1736);
#1413=LINE('',#3404,#1737);
#1414=LINE('',#3406,#1738);
#1415=LINE('',#3408,#1739);
#1416=LINE('',#3410,#1740);
#1417=LINE('',#3412,#1741);
#1418=LINE('',#3414,#1742);
#1419=LINE('',#3416,#1743);
#1420=LINE('',#3418,#1744);
#1421=LINE('',#3420,#1745);
#1422=LINE('',#3422,#1746);
#1423=LINE('',#3424,#1747);
#1424=LINE('',#3426,#1748);
#1425=LINE('',#3428,#1749);
#1426=LINE('',#3430,#1750);
#1427=LINE('',#3432,#1751);
#1428=LINE('',#3434,#1752);
#1429=LINE('',#3436,#1753);
#1430=LINE('',#3438,#1754);
#1431=LINE('',#3440,#1755);
#1432=LINE('',#3442,#1756);
#1433=LINE('',#3444,#1757);
#1434=LINE('',#3446,#1758);
#1435=LINE('',#3448,#1759);
#1436=LINE('',#3450,#1760);
#1437=LINE('',#3452,#1761);
#1438=LINE('',#3454,#1762);
#1439=LINE('',#3456,#1763);
#1440=LINE('',#3458,#1764);
#1441=LINE('',#3460,#1765);
#1442=LINE('',#3462,#1766);
#1443=LINE('',#3464,#1767);
#1444=LINE('',#3466,#1768);
#1445=LINE('',#3468,#1769);
#1446=LINE('',#3470,#1770);
#1447=LINE('',#3472,#1771);
#1448=LINE('',#3474,#1772);
#1449=LINE('',#3476,#1773);
#1450=LINE('',#3478,#1774);
#1451=LINE('',#3480,#1775);
#1452=LINE('',#3482,#1776);
#1453=LINE('',#3484,#1777);
#1454=LINE('',#3486,#1778);
#1455=LINE('',#3488,#1779);
#1456=LINE('',#3490,#1780);
#1457=LINE('',#3492,#1781);
#1458=LINE('',#3494,#1782);
#1459=LINE('',#3496,#1783);
#1460=LINE('',#3498,#1784);
#1461=LINE('',#3500,#1785);
#1462=LINE('',#3502,#1786);
#1463=LINE('',#3504,#1787);
#1464=LINE('',#3506,#1788);
#1465=LINE('',#3508,#1789);
#1466=LINE('',#3510,#1790);
#1467=LINE('',#3512,#1791);
#1468=LINE('',#3514,#1792);
#1469=LINE('',#3516,#1793);
#1470=LINE('',#3518,#1794);
#1471=LINE('',#3520,#1795);
#1472=LINE('',#3522,#1796);
#1473=LINE('',#3524,#1797);
#1474=LINE('',#3526,#1798);
#1475=LINE('',#3528,#1799);
#1476=LINE('',#3530,#1800);
#1477=LINE('',#3532,#1801);
#1478=LINE('',#3534,#1802);
#1479=LINE('',#3540,#1803);
#1480=LINE('',#3542,#1804);
#1481=LINE('',#3543,#1805);
#1482=LINE('',#3549,#1806);
#1483=LINE('',#3554,#1807);
#1484=LINE('',#3556,#1808);
#1485=LINE('',#3558,#1809);
#1486=LINE('',#3560,#1810);
#1487=LINE('',#3562,#1811);
#1488=LINE('',#3564,#1812);
#1489=LINE('',#3566,#1813);
#1490=LINE('',#3568,#1814);
#1491=LINE('',#3570,#1815);
#1492=LINE('',#3572,#1816);
#1493=LINE('',#3574,#1817);
#1494=LINE('',#3576,#1818);
#1495=LINE('',#3578,#1819);
#1496=LINE('',#3580,#1820);
#1497=LINE('',#3582,#1821);
#1498=LINE('',#3584,#1822);
#1499=LINE('',#3586,#1823);
#1500=LINE('',#3588,#1824);
#1501=LINE('',#3590,#1825);
#1502=LINE('',#3592,#1826);
#1503=LINE('',#3594,#1827);
#1504=LINE('',#3596,#1828);
#1505=LINE('',#3598,#1829);
#1506=LINE('',#3600,#1830);
#1507=LINE('',#3602,#1831);
#1508=LINE('',#3604,#1832);
#1509=LINE('',#3606,#1833);
#1510=LINE('',#3608,#1834);
#1511=LINE('',#3610,#1835);
#1512=LINE('',#3612,#1836);
#1513=LINE('',#3614,#1837);
#1514=LINE('',#3616,#1838);
#1515=LINE('',#3620,#1839);
#1516=LINE('',#3622,#1840);
#1517=LINE('',#3625,#1841);
#1518=LINE('',#3629,#1842);
#1519=LINE('',#3631,#1843);
#1520=LINE('',#3633,#1844);
#1521=LINE('',#3635,#1845);
#1522=LINE('',#3637,#1846);
#1523=LINE('',#3639,#1847);
#1524=LINE('',#3641,#1848);
#1525=LINE('',#3643,#1849);
#1526=LINE('',#3645,#1850);
#1527=LINE('',#3647,#1851);
#1528=LINE('',#3649,#1852);
#1529=LINE('',#3651,#1853);
#1530=LINE('',#3653,#1854);
#1531=LINE('',#3655,#1855);
#1532=LINE('',#3657,#1856);
#1533=LINE('',#3659,#1857);
#1534=LINE('',#3661,#1858);
#1535=LINE('',#3663,#1859);
#1536=LINE('',#3665,#1860);
#1537=LINE('',#3667,#1861);
#1538=LINE('',#3669,#1862);
#1539=LINE('',#3671,#1863);
#1540=LINE('',#3673,#1864);
#1541=LINE('',#3675,#1865);
#1542=LINE('',#3677,#1866);
#1543=LINE('',#3679,#1867);
#1544=LINE('',#3681,#1868);
#1545=LINE('',#3683,#1869);
#1546=LINE('',#3685,#1870);
#1547=LINE('',#3687,#1871);
#1548=LINE('',#3689,#1872);
#1549=LINE('',#3691,#1873);
#1550=LINE('',#3695,#1874);
#1551=LINE('',#3696,#1875);
#1552=LINE('',#3698,#1876);
#1553=LINE('',#3700,#1877);
#1554=LINE('',#3702,#1878);
#1555=LINE('',#3704,#1879);
#1556=LINE('',#3706,#1880);
#1557=LINE('',#3708,#1881);
#1558=LINE('',#3710,#1882);
#1559=LINE('',#3712,#1883);
#1560=LINE('',#3714,#1884);
#1561=LINE('',#3716,#1885);
#1562=LINE('',#3718,#1886);
#1563=LINE('',#3720,#1887);
#1564=LINE('',#3722,#1888);
#1565=LINE('',#3724,#1889);
#1566=LINE('',#3726,#1890);
#1567=LINE('',#3728,#1891);
#1568=LINE('',#3730,#1892);
#1569=LINE('',#3732,#1893);
#1570=LINE('',#3734,#1894);
#1571=LINE('',#3736,#1895);
#1572=LINE('',#3738,#1896);
#1573=LINE('',#3740,#1897);
#1574=LINE('',#3742,#1898);
#1575=LINE('',#3744,#1899);
#1576=LINE('',#3746,#1900);
#1577=LINE('',#3748,#1901);
#1578=LINE('',#3750,#1902);
#1579=LINE('',#3752,#1903);
#1580=LINE('',#3754,#1904);
#1581=LINE('',#3756,#1905);
#1582=LINE('',#3758,#1906);
#1583=LINE('',#3760,#1907);
#1584=LINE('',#3762,#1908);
#1585=LINE('',#3764,#1909);
#1586=VECTOR('',#2514,1.);
#1587=VECTOR('',#2515,1.);
#1588=VECTOR('',#2516,1.);
#1589=VECTOR('',#2517,1.);
#1590=VECTOR('',#2520,1.);
#1591=VECTOR('',#2521,1.);
#1592=VECTOR('',#2522,1.);
#1593=VECTOR('',#2529,1.);
#1594=VECTOR('',#2532,1.);
#1595=VECTOR('',#2533,1.);
#1596=VECTOR('',#2534,1.);
#1597=VECTOR('',#2537,1.);
#1598=VECTOR('',#2538,1.);
#1599=VECTOR('',#2539,1.);
#1600=VECTOR('',#2542,1.);
#1601=VECTOR('',#2543,1.);
#1602=VECTOR('',#2544,1.);
#1603=VECTOR('',#2547,1.);
#1604=VECTOR('',#2548,1.);
#1605=VECTOR('',#2549,1.);
#1606=VECTOR('',#2552,1.);
#1607=VECTOR('',#2553,1.);
#1608=VECTOR('',#2554,1.);
#1609=VECTOR('',#2557,1.);
#1610=VECTOR('',#2558,1.);
#1611=VECTOR('',#2559,1.);
#1612=VECTOR('',#2562,1.);
#1613=VECTOR('',#2563,1.);
#1614=VECTOR('',#2564,1.);
#1615=VECTOR('',#2567,1.);
#1616=VECTOR('',#2568,1.);
#1617=VECTOR('',#2569,1.);
#1618=VECTOR('',#2572,1.);
#1619=VECTOR('',#2573,1.);
#1620=VECTOR('',#2574,1.);
#1621=VECTOR('',#2577,1.);
#1622=VECTOR('',#2578,1.);
#1623=VECTOR('',#2579,1.);
#1624=VECTOR('',#2582,1.);
#1625=VECTOR('',#2583,1.);
#1626=VECTOR('',#2584,1.);
#1627=VECTOR('',#2587,1.);
#1628=VECTOR('',#2588,1.);
#1629=VECTOR('',#2589,1.);
#1630=VECTOR('',#2592,1.);
#1631=VECTOR('',#2593,1.);
#1632=VECTOR('',#2594,1.);
#1633=VECTOR('',#2597,1.);
#1634=VECTOR('',#2598,1.);
#1635=VECTOR('',#2599,1.);
#1636=VECTOR('',#2602,1.);
#1637=VECTOR('',#2603,1.);
#1638=VECTOR('',#2604,1.);
#1639=VECTOR('',#2607,1.);
#1640=VECTOR('',#2608,1.);
#1641=VECTOR('',#2609,1.);
#1642=VECTOR('',#2612,1.);
#1643=VECTOR('',#2613,1.);
#1644=VECTOR('',#2614,1.);
#1645=VECTOR('',#2617,1.);
#1646=VECTOR('',#2618,1.);
#1647=VECTOR('',#2619,1.);
#1648=VECTOR('',#2622,1.);
#1649=VECTOR('',#2623,1.);
#1650=VECTOR('',#2624,1.);
#1651=VECTOR('',#2627,1.);
#1652=VECTOR('',#2628,1.);
#1653=VECTOR('',#2629,1.);
#1654=VECTOR('',#2632,1.);
#1655=VECTOR('',#2633,1.);
#1656=VECTOR('',#2634,1.);
#1657=VECTOR('',#2637,1.);
#1658=VECTOR('',#2638,1.);
#1659=VECTOR('',#2639,1.);
#1660=VECTOR('',#2642,1.);
#1661=VECTOR('',#2643,1.);
#1662=VECTOR('',#2644,1.);
#1663=VECTOR('',#2647,1.);
#1664=VECTOR('',#2648,1.);
#1665=VECTOR('',#2649,1.);
#1666=VECTOR('',#2652,1.);
#1667=VECTOR('',#2653,1.);
#1668=VECTOR('',#2654,1.);
#1669=VECTOR('',#2657,1.);
#1670=VECTOR('',#2658,1.);
#1671=VECTOR('',#2659,1.);
#1672=VECTOR('',#2662,1.);
#1673=VECTOR('',#2663,1.);
#1674=VECTOR('',#2664,1.);
#1675=VECTOR('',#2667,1.);
#1676=VECTOR('',#2668,1.);
#1677=VECTOR('',#2669,1.);
#1678=VECTOR('',#2672,1.);
#1679=VECTOR('',#2673,1.);
#1680=VECTOR('',#2674,1.);
#1681=VECTOR('',#2677,1.);
#1682=VECTOR('',#2678,1.);
#1683=VECTOR('',#2679,1.);
#1684=VECTOR('',#2682,1.);
#1685=VECTOR('',#2683,1.);
#1686=VECTOR('',#2684,1.);
#1687=VECTOR('',#2687,1.);
#1688=VECTOR('',#2688,1.);
#1689=VECTOR('',#2689,1.);
#1690=VECTOR('',#2692,1.);
#1691=VECTOR('',#2693,1.);
#1692=VECTOR('',#2694,1.);
#1693=VECTOR('',#2697,1.);
#1694=VECTOR('',#2698,1.);
#1695=VECTOR('',#2699,1.);
#1696=VECTOR('',#2702,1.);
#1697=VECTOR('',#2703,1.);
#1698=VECTOR('',#2704,1.);
#1699=VECTOR('',#2705,1.);
#1700=VECTOR('',#2712,1.);
#1701=VECTOR('',#2715,1.);
#1702=VECTOR('',#2716,1.);
#1703=VECTOR('',#2717,1.);
#1704=VECTOR('',#2720,1.);
#1705=VECTOR('',#2721,1.);
#1706=VECTOR('',#2722,1.);
#1707=VECTOR('',#2725,1.);
#1708=VECTOR('',#2726,1.);
#1709=VECTOR('',#2727,1.);
#1710=VECTOR('',#2730,1.);
#1711=VECTOR('',#2731,1.);
#1712=VECTOR('',#2732,1.);
#1713=VECTOR('',#2735,1.);
#1714=VECTOR('',#2736,1.);
#1715=VECTOR('',#2737,1.);
#1716=VECTOR('',#2740,1.);
#1717=VECTOR('',#2741,1.);
#1718=VECTOR('',#2742,1.);
#1719=VECTOR('',#2745,1.);
#1720=VECTOR('',#2746,1.);
#1721=VECTOR('',#2747,1.);
#1722=VECTOR('',#2750,1.);
#1723=VECTOR('',#2751,1.);
#1724=VECTOR('',#2752,1.);
#1725=VECTOR('',#2755,1.);
#1726=VECTOR('',#2756,1.);
#1727=VECTOR('',#2757,1.);
#1728=VECTOR('',#2760,1.);
#1729=VECTOR('',#2761,1.);
#1730=VECTOR('',#2762,1.);
#1731=VECTOR('',#2765,1.);
#1732=VECTOR('',#2766,1.);
#1733=VECTOR('',#2767,1.);
#1734=VECTOR('',#2770,1.);
#1735=VECTOR('',#2771,1.);
#1736=VECTOR('',#2772,1.);
#1737=VECTOR('',#2775,1.);
#1738=VECTOR('',#2776,1.);
#1739=VECTOR('',#2777,1.);
#1740=VECTOR('',#2780,1.);
#1741=VECTOR('',#2781,1.);
#1742=VECTOR('',#2782,1.);
#1743=VECTOR('',#2785,1.);
#1744=VECTOR('',#2786,1.);
#1745=VECTOR('',#2787,1.);
#1746=VECTOR('',#2790,1.);
#1747=VECTOR('',#2791,1.);
#1748=VECTOR('',#2792,1.);
#1749=VECTOR('',#2795,1.);
#1750=VECTOR('',#2796,1.);
#1751=VECTOR('',#2797,1.);
#1752=VECTOR('',#2800,1.);
#1753=VECTOR('',#2801,1.);
#1754=VECTOR('',#2802,1.);
#1755=VECTOR('',#2805,1.);
#1756=VECTOR('',#2806,1.);
#1757=VECTOR('',#2807,1.);
#1758=VECTOR('',#2810,1.);
#1759=VECTOR('',#2811,1.);
#1760=VECTOR('',#2812,1.);
#1761=VECTOR('',#2815,1.);
#1762=VECTOR('',#2816,1.);
#1763=VECTOR('',#2817,1.);
#1764=VECTOR('',#2820,1.);
#1765=VECTOR('',#2821,1.);
#1766=VECTOR('',#2822,1.);
#1767=VECTOR('',#2825,1.);
#1768=VECTOR('',#2826,1.);
#1769=VECTOR('',#2827,1.);
#1770=VECTOR('',#2830,1.);
#1771=VECTOR('',#2831,1.);
#1772=VECTOR('',#2832,1.);
#1773=VECTOR('',#2835,1.);
#1774=VECTOR('',#2836,1.);
#1775=VECTOR('',#2837,1.);
#1776=VECTOR('',#2840,1.);
#1777=VECTOR('',#2841,1.);
#1778=VECTOR('',#2842,1.);
#1779=VECTOR('',#2845,1.);
#1780=VECTOR('',#2846,1.);
#1781=VECTOR('',#2847,1.);
#1782=VECTOR('',#2850,1.);
#1783=VECTOR('',#2851,1.);
#1784=VECTOR('',#2852,1.);
#1785=VECTOR('',#2855,1.);
#1786=VECTOR('',#2856,1.);
#1787=VECTOR('',#2857,1.);
#1788=VECTOR('',#2860,1.);
#1789=VECTOR('',#2861,1.);
#1790=VECTOR('',#2862,1.);
#1791=VECTOR('',#2865,1.);
#1792=VECTOR('',#2866,1.);
#1793=VECTOR('',#2867,1.);
#1794=VECTOR('',#2870,1.);
#1795=VECTOR('',#2871,1.);
#1796=VECTOR('',#2872,1.);
#1797=VECTOR('',#2875,1.);
#1798=VECTOR('',#2876,1.);
#1799=VECTOR('',#2877,1.);
#1800=VECTOR('',#2880,1.);
#1801=VECTOR('',#2881,1.);
#1802=VECTOR('',#2882,1.);
#1803=VECTOR('',#2889,1.);
#1804=VECTOR('',#2892,1.);
#1805=VECTOR('',#2893,1.);
#1806=VECTOR('',#2904,1.);
#1807=VECTOR('',#2907,1.);
#1808=VECTOR('',#2908,1.);
#1809=VECTOR('',#2909,1.);
#1810=VECTOR('',#2910,1.);
#1811=VECTOR('',#2911,1.);
#1812=VECTOR('',#2912,1.);
#1813=VECTOR('',#2913,1.);
#1814=VECTOR('',#2914,1.);
#1815=VECTOR('',#2915,1.);
#1816=VECTOR('',#2916,1.);
#1817=VECTOR('',#2917,1.);
#1818=VECTOR('',#2918,1.);
#1819=VECTOR('',#2919,1.);
#1820=VECTOR('',#2920,1.);
#1821=VECTOR('',#2921,1.);
#1822=VECTOR('',#2922,1.);
#1823=VECTOR('',#2923,1.);
#1824=VECTOR('',#2924,1.);
#1825=VECTOR('',#2925,1.);
#1826=VECTOR('',#2926,1.);
#1827=VECTOR('',#2927,1.);
#1828=VECTOR('',#2928,1.);
#1829=VECTOR('',#2929,1.);
#1830=VECTOR('',#2930,1.);
#1831=VECTOR('',#2931,1.);
#1832=VECTOR('',#2932,1.);
#1833=VECTOR('',#2933,1.);
#1834=VECTOR('',#2934,1.);
#1835=VECTOR('',#2935,1.);
#1836=VECTOR('',#2936,1.);
#1837=VECTOR('',#2937,1.);
#1838=VECTOR('',#2938,1.);
#1839=VECTOR('',#2941,1.);
#1840=VECTOR('',#2944,1.);
#1841=VECTOR('',#2945,1.);
#1842=VECTOR('',#2948,1.);
#1843=VECTOR('',#2949,1.);
#1844=VECTOR('',#2950,1.);
#1845=VECTOR('',#2951,1.);
#1846=VECTOR('',#2952,1.);
#1847=VECTOR('',#2953,1.);
#1848=VECTOR('',#2954,1.);
#1849=VECTOR('',#2955,1.);
#1850=VECTOR('',#2956,1.);
#1851=VECTOR('',#2957,1.);
#1852=VECTOR('',#2958,1.);
#1853=VECTOR('',#2959,1.);
#1854=VECTOR('',#2960,1.);
#1855=VECTOR('',#2961,1.);
#1856=VECTOR('',#2962,1.);
#1857=VECTOR('',#2963,1.);
#1858=VECTOR('',#2964,1.);
#1859=VECTOR('',#2965,1.);
#1860=VECTOR('',#2966,1.);
#1861=VECTOR('',#2967,1.);
#1862=VECTOR('',#2968,1.);
#1863=VECTOR('',#2969,1.);
#1864=VECTOR('',#2970,1.);
#1865=VECTOR('',#2971,1.);
#1866=VECTOR('',#2972,1.);
#1867=VECTOR('',#2973,1.);
#1868=VECTOR('',#2974,1.);
#1869=VECTOR('',#2975,1.);
#1870=VECTOR('',#2976,1.);
#1871=VECTOR('',#2977,1.);
#1872=VECTOR('',#2978,1.);
#1873=VECTOR('',#2979,1.);
#1874=VECTOR('',#2984,1.);
#1875=VECTOR('',#2985,1.);
#1876=VECTOR('',#2988,1.);
#1877=VECTOR('',#2991,1.);
#1878=VECTOR('',#2994,1.);
#1879=VECTOR('',#2997,1.);
#1880=VECTOR('',#3000,1.);
#1881=VECTOR('',#3003,1.);
#1882=VECTOR('',#3006,1.);
#1883=VECTOR('',#3009,1.);
#1884=VECTOR('',#3012,1.);
#1885=VECTOR('',#3015,1.);
#1886=VECTOR('',#3018,1.);
#1887=VECTOR('',#3021,1.);
#1888=VECTOR('',#3024,1.);
#1889=VECTOR('',#3027,1.);
#1890=VECTOR('',#3030,1.);
#1891=VECTOR('',#3033,1.);
#1892=VECTOR('',#3036,1.);
#1893=VECTOR('',#3039,1.);
#1894=VECTOR('',#3042,1.);
#1895=VECTOR('',#3045,1.);
#1896=VECTOR('',#3048,1.);
#1897=VECTOR('',#3051,1.);
#1898=VECTOR('',#3054,1.);
#1899=VECTOR('',#3057,1.);
#1900=VECTOR('',#3060,1.);
#1901=VECTOR('',#3063,1.);
#1902=VECTOR('',#3066,1.);
#1903=VECTOR('',#3069,1.);
#1904=VECTOR('',#3072,1.);
#1905=VECTOR('',#3075,1.);
#1906=VECTOR('',#3078,1.);
#1907=VECTOR('',#3081,1.);
#1908=VECTOR('',#3084,1.);
#1909=VECTOR('',#3087,1.);
#1910=EDGE_LOOP('',(#30,#31,#32,#33));
#1911=EDGE_LOOP('',(#34,#35,#36,#37));
#1912=EDGE_LOOP('',(#38,#39,#40,#41));
#1913=EDGE_LOOP('',(#42,#43,#44,#45));
#1914=EDGE_LOOP('',(#46,#47,#48,#49));
#1915=EDGE_LOOP('',(#50,#51,#52,#53));
#1916=EDGE_LOOP('',(#54,#55,#56,#57));
#1917=EDGE_LOOP('',(#58,#59,#60,#61));
#1918=EDGE_LOOP('',(#62,#63,#64,#65));
#1919=EDGE_LOOP('',(#66,#67,#68,#69));
#1920=EDGE_LOOP('',(#70,#71,#72,#73));
#1921=EDGE_LOOP('',(#74,#75,#76,#77));
#1922=EDGE_LOOP('',(#78,#79,#80,#81));
#1923=EDGE_LOOP('',(#82,#83,#84,#85));
#1924=EDGE_LOOP('',(#86,#87,#88,#89));
#1925=EDGE_LOOP('',(#90,#91,#92,#93));
#1926=EDGE_LOOP('',(#94,#95,#96,#97));
#1927=EDGE_LOOP('',(#98,#99,#100,#101));
#1928=EDGE_LOOP('',(#102,#103,#104,#105));
#1929=EDGE_LOOP('',(#106,#107,#108,#109));
#1930=EDGE_LOOP('',(#110,#111,#112,#113));
#1931=EDGE_LOOP('',(#114,#115,#116,#117));
#1932=EDGE_LOOP('',(#118,#119,#120,#121));
#1933=EDGE_LOOP('',(#122,#123,#124,#125));
#1934=EDGE_LOOP('',(#126,#127,#128,#129));
#1935=EDGE_LOOP('',(#130,#131,#132,#133));
#1936=EDGE_LOOP('',(#134,#135,#136,#137));
#1937=EDGE_LOOP('',(#138,#139,#140,#141));
#1938=EDGE_LOOP('',(#142,#143,#144,#145));
#1939=EDGE_LOOP('',(#146,#147,#148,#149));
#1940=EDGE_LOOP('',(#150,#151,#152,#153));
#1941=EDGE_LOOP('',(#154,#155,#156,#157));
#1942=EDGE_LOOP('',(#158,#159,#160,#161));
#1943=EDGE_LOOP('',(#162,#163,#164,#165));
#1944=EDGE_LOOP('',(#166,#167,#168,#169));
#1945=EDGE_LOOP('',(#170,#171,#172,#173));
#1946=EDGE_LOOP('',(#174,#175,#176,#177));
#1947=EDGE_LOOP('',(#178,#179,#180,#181));
#1948=EDGE_LOOP('',(#182,#183,#184,#185));
#1949=EDGE_LOOP('',(#186,#187,#188,#189));
#1950=EDGE_LOOP('',(#190,#191,#192,#193));
#1951=EDGE_LOOP('',(#194,#195,#196,#197));
#1952=EDGE_LOOP('',(#198,#199,#200,#201));
#1953=EDGE_LOOP('',(#202,#203,#204,#205));
#1954=EDGE_LOOP('',(#206,#207,#208,#209));
#1955=EDGE_LOOP('',(#210,#211,#212,#213));
#1956=EDGE_LOOP('',(#214,#215,#216,#217));
#1957=EDGE_LOOP('',(#218,#219,#220,#221));
#1958=EDGE_LOOP('',(#222,#223,#224,#225));
#1959=EDGE_LOOP('',(#226,#227,#228,#229));
#1960=EDGE_LOOP('',(#230,#231,#232,#233));
#1961=EDGE_LOOP('',(#234,#235,#236,#237));
#1962=EDGE_LOOP('',(#238,#239,#240,#241));
#1963=EDGE_LOOP('',(#242,#243,#244,#245));
#1964=EDGE_LOOP('',(#246,#247,#248,#249));
#1965=EDGE_LOOP('',(#250,#251,#252,#253));
#1966=EDGE_LOOP('',(#254,#255,#256,#257));
#1967=EDGE_LOOP('',(#258,#259,#260,#261));
#1968=EDGE_LOOP('',(#262,#263,#264,#265));
#1969=EDGE_LOOP('',(#266,#267,#268,#269));
#1970=EDGE_LOOP('',(#270,#271,#272,#273));
#1971=EDGE_LOOP('',(#274,#275,#276,#277));
#1972=EDGE_LOOP('',(#278,#279,#280,#281));
#1973=EDGE_LOOP('',(#282,#283,#284,#285));
#1974=EDGE_LOOP('',(#286,#287,#288,#289));
#1975=EDGE_LOOP('',(#290,#291,#292,#293));
#1976=EDGE_LOOP('',(#294,#295,#296,#297));
#1977=EDGE_LOOP('',(#298,#299,#300,#301));
#1978=EDGE_LOOP('',(#302,#303,#304,#305));
#1979=EDGE_LOOP('',(#306,#307,#308,#309));
#1980=EDGE_LOOP('',(#310,#311,#312,#313));
#1981=EDGE_LOOP('',(#314,#315,#316,#317));
#1982=EDGE_LOOP('',(#318,#319,#320,#321));
#1983=EDGE_LOOP('',(#322,#323,#324,#325));
#1984=EDGE_LOOP('',(#326,#327,#328,#329));
#1985=EDGE_LOOP('',(#330,#331,#332,#333));
#1986=EDGE_LOOP('',(#334,#335,#336,#337,#338,#339,#340,#341,#342,#343,#344,
#345,#346,#347,#348,#349,#350,#351,#352,#353,#354,#355,#356,#357,#358,#359,
#360,#361,#362,#363,#364,#365,#366,#367,#368,#369,#370,#371));
#1987=EDGE_LOOP('',(#372,#373,#374,#375,#376,#377,#378,#379,#380,#381,#382,
#383,#384,#385,#386,#387,#388,#389,#390,#391,#392,#393,#394,#395,#396,#397,
#398,#399,#400,#401,#402,#403,#404,#405,#406,#407,#408,#409));
#1988=EDGE_LOOP('',(#410,#411,#412,#413,#414,#415,#416,#417,#418,#419,#420,
#421,#422,#423,#424,#425,#426,#427,#428,#429,#430,#431,#432,#433,#434,#435,
#436,#437,#438,#439,#440,#441,#442,#443,#444,#445));
#1989=EDGE_LOOP('',(#446,#447,#448,#449,#450,#451,#452,#453,#454,#455,#456,
#457,#458,#459,#460,#461,#462,#463,#464,#465,#466,#467,#468,#469,#470,#471,
#472,#473,#474,#475,#476,#477,#478,#479,#480,#481,#482,#483));
#1990=EDGE_LOOP('',(#484,#485,#486,#487,#488,#489,#490,#491,#492,#493,#494,
#495,#496,#497,#498,#499,#500,#501,#502,#503,#504,#505,#506,#507,#508,#509,
#510,#511,#512,#513,#514,#515,#516,#517,#518,#519,#520,#521));
#1991=EDGE_LOOP('',(#522,#523,#524,#525,#526,#527,#528,#529,#530,#531,#532,
#533,#534,#535,#536,#537,#538,#539,#540,#541,#542,#543,#544,#545,#546,#547,
#548,#549,#550,#551,#552,#553,#554,#555,#556,#557));
#1992=EDGE_LOOP('',(#558,#559,#560,#561));
#1993=EDGE_LOOP('',(#562,#563,#564,#565));
#1994=EDGE_LOOP('',(#566,#567,#568,#569));
#1995=EDGE_LOOP('',(#570,#571,#572,#573));
#1996=EDGE_LOOP('',(#574,#575,#576,#577));
#1997=EDGE_LOOP('',(#578,#579,#580,#581));
#1998=EDGE_LOOP('',(#582,#583,#584,#585));
#1999=EDGE_LOOP('',(#586,#587,#588,#589));
#2000=EDGE_LOOP('',(#590,#591,#592,#593));
#2001=EDGE_LOOP('',(#594,#595,#596,#597));
#2002=EDGE_LOOP('',(#598,#599,#600,#601));
#2003=EDGE_LOOP('',(#602,#603,#604,#605));
#2004=EDGE_LOOP('',(#606,#607,#608,#609));
#2005=EDGE_LOOP('',(#610,#611,#612,#613));
#2006=EDGE_LOOP('',(#614,#615,#616,#617));
#2007=EDGE_LOOP('',(#618,#619,#620,#621));
#2008=EDGE_LOOP('',(#622,#623,#624,#625));
#2009=EDGE_LOOP('',(#626,#627,#628,#629));
#2010=EDGE_LOOP('',(#630,#631,#632,#633));
#2011=EDGE_LOOP('',(#634,#635,#636,#637));
#2012=EDGE_LOOP('',(#638,#639,#640,#641));
#2013=EDGE_LOOP('',(#642,#643,#644,#645));
#2014=EDGE_LOOP('',(#646,#647,#648,#649));
#2015=EDGE_LOOP('',(#650,#651,#652,#653));
#2016=EDGE_LOOP('',(#654,#655,#656,#657));
#2017=EDGE_LOOP('',(#658,#659,#660,#661));
#2018=EDGE_LOOP('',(#662,#663,#664,#665));
#2019=EDGE_LOOP('',(#666,#667,#668,#669));
#2020=EDGE_LOOP('',(#670,#671,#672,#673));
#2021=EDGE_LOOP('',(#674,#675,#676,#677));
#2022=EDGE_LOOP('',(#678,#679,#680,#681));
#2023=EDGE_LOOP('',(#682,#683,#684,#685));
#2024=EDGE_LOOP('',(#686,#687,#688,#689));
#2025=EDGE_LOOP('',(#690,#691,#692,#693));
#2026=EDGE_LOOP('',(#694,#695,#696,#697));
#2027=EDGE_LOOP('',(#698,#699,#700,#701));
#2028=FACE_BOUND('',#1910,.T.);
#2029=FACE_BOUND('',#1911,.T.);
#2030=FACE_BOUND('',#1912,.T.);
#2031=FACE_BOUND('',#1913,.T.);
#2032=FACE_BOUND('',#1914,.T.);
#2033=FACE_BOUND('',#1915,.T.);
#2034=FACE_BOUND('',#1916,.T.);
#2035=FACE_BOUND('',#1917,.T.);
#2036=FACE_BOUND('',#1918,.T.);
#2037=FACE_BOUND('',#1919,.T.);
#2038=FACE_BOUND('',#1920,.T.);
#2039=FACE_BOUND('',#1921,.T.);
#2040=FACE_BOUND('',#1922,.T.);
#2041=FACE_BOUND('',#1923,.T.);
#2042=FACE_BOUND('',#1924,.T.);
#2043=FACE_BOUND('',#1925,.T.);
#2044=FACE_BOUND('',#1926,.T.);
#2045=FACE_BOUND('',#1927,.T.);
#2046=FACE_BOUND('',#1928,.T.);
#2047=FACE_BOUND('',#1929,.T.);
#2048=FACE_BOUND('',#1930,.T.);
#2049=FACE_BOUND('',#1931,.T.);
#2050=FACE_BOUND('',#1932,.T.);
#2051=FACE_BOUND('',#1933,.T.);
#2052=FACE_BOUND('',#1934,.T.);
#2053=FACE_BOUND('',#1935,.T.);
#2054=FACE_BOUND('',#1936,.T.);
#2055=FACE_BOUND('',#1937,.T.);
#2056=FACE_BOUND('',#1938,.T.);
#2057=FACE_BOUND('',#1939,.T.);
#2058=FACE_BOUND('',#1940,.T.);
#2059=FACE_BOUND('',#1941,.T.);
#2060=FACE_BOUND('',#1942,.T.);
#2061=FACE_BOUND('',#1943,.T.);
#2062=FACE_BOUND('',#1944,.T.);
#2063=FACE_BOUND('',#1945,.T.);
#2064=FACE_BOUND('',#1946,.T.);
#2065=FACE_BOUND('',#1947,.T.);
#2066=FACE_BOUND('',#1948,.T.);
#2067=FACE_BOUND('',#1949,.T.);
#2068=FACE_BOUND('',#1950,.T.);
#2069=FACE_BOUND('',#1951,.T.);
#2070=FACE_BOUND('',#1952,.T.);
#2071=FACE_BOUND('',#1953,.T.);
#2072=FACE_BOUND('',#1954,.T.);
#2073=FACE_BOUND('',#1955,.T.);
#2074=FACE_BOUND('',#1956,.T.);
#2075=FACE_BOUND('',#1957,.T.);
#2076=FACE_BOUND('',#1958,.T.);
#2077=FACE_BOUND('',#1959,.T.);
#2078=FACE_BOUND('',#1960,.T.);
#2079=FACE_BOUND('',#1961,.T.);
#2080=FACE_BOUND('',#1962,.T.);
#2081=FACE_BOUND('',#1963,.T.);
#2082=FACE_BOUND('',#1964,.T.);
#2083=FACE_BOUND('',#1965,.T.);
#2084=FACE_BOUND('',#1966,.T.);
#2085=FACE_BOUND('',#1967,.T.);
#2086=FACE_BOUND('',#1968,.T.);
#2087=FACE_BOUND('',#1969,.T.);
#2088=FACE_BOUND('',#1970,.T.);
#2089=FACE_BOUND('',#1971,.T.);
#2090=FACE_BOUND('',#1972,.T.);
#2091=FACE_BOUND('',#1973,.T.);
#2092=FACE_BOUND('',#1974,.T.);
#2093=FACE_BOUND('',#1975,.T.);
#2094=FACE_BOUND('',#1976,.T.);
#2095=FACE_BOUND('',#1977,.T.);
#2096=FACE_BOUND('',#1978,.T.);
#2097=FACE_BOUND('',#1979,.T.);
#2098=FACE_BOUND('',#1980,.T.);
#2099=FACE_BOUND('',#1981,.T.);
#2100=FACE_BOUND('',#1982,.T.);
#2101=FACE_BOUND('',#1983,.T.);
#2102=FACE_BOUND('',#1984,.T.);
#2103=FACE_BOUND('',#1985,.T.);
#2104=FACE_BOUND('',#1986,.T.);
#2105=FACE_BOUND('',#1987,.T.);
#2106=FACE_BOUND('',#1988,.T.);
#2107=FACE_BOUND('',#1989,.T.);
#2108=FACE_BOUND('',#1990,.T.);
#2109=FACE_BOUND('',#1991,.T.);
#2110=FACE_BOUND('',#1992,.T.);
#2111=FACE_BOUND('',#1993,.T.);
#2112=FACE_BOUND('',#1994,.T.);
#2113=FACE_BOUND('',#1995,.T.);
#2114=FACE_BOUND('',#1996,.T.);
#2115=FACE_BOUND('',#1997,.T.);
#2116=FACE_BOUND('',#1998,.T.);
#2117=FACE_BOUND('',#1999,.T.);
#2118=FACE_BOUND('',#2000,.T.);
#2119=FACE_BOUND('',#2001,.T.);
#2120=FACE_BOUND('',#2002,.T.);
#2121=FACE_BOUND('',#2003,.T.);
#2122=FACE_BOUND('',#2004,.T.);
#2123=FACE_BOUND('',#2005,.T.);
#2124=FACE_BOUND('',#2006,.T.);
#2125=FACE_BOUND('',#2007,.T.);
#2126=FACE_BOUND('',#2008,.T.);
#2127=FACE_BOUND('',#2009,.T.);
#2128=FACE_BOUND('',#2010,.T.);
#2129=FACE_BOUND('',#2011,.T.);
#2130=FACE_BOUND('',#2012,.T.);
#2131=FACE_BOUND('',#2013,.T.);
#2132=FACE_BOUND('',#2014,.T.);
#2133=FACE_BOUND('',#2015,.T.);
#2134=FACE_BOUND('',#2016,.T.);
#2135=FACE_BOUND('',#2017,.T.);
#2136=FACE_BOUND('',#2018,.T.);
#2137=FACE_BOUND('',#2019,.T.);
#2138=FACE_BOUND('',#2020,.T.);
#2139=FACE_BOUND('',#2021,.T.);
#2140=FACE_BOUND('',#2022,.T.);
#2141=FACE_BOUND('',#2023,.T.);
#2142=FACE_BOUND('',#2024,.T.);
#2143=FACE_BOUND('',#2025,.T.);
#2144=FACE_BOUND('',#2026,.T.);
#2145=FACE_BOUND('',#2027,.T.);
#2146=PLANE('',#2383);
#2147=PLANE('',#2384);
#2148=PLANE('',#2388);
#2149=PLANE('',#2389);
#2150=PLANE('',#2390);
#2151=PLANE('',#2391);
#2152=PLANE('',#2392);
#2153=PLANE('',#2393);
#2154=PLANE('',#2394);
#2155=PLANE('',#2395);
#2156=PLANE('',#2396);
#2157=PLANE('',#2397);
#2158=PLANE('',#2398);
#2159=PLANE('',#2399);
#2160=PLANE('',#2400);
#2161=PLANE('',#2401);
#2162=PLANE('',#2402);
#2163=PLANE('',#2403);
#2164=PLANE('',#2404);
#2165=PLANE('',#2405);
#2166=PLANE('',#2406);
#2167=PLANE('',#2407);
#2168=PLANE('',#2408);
#2169=PLANE('',#2409);
#2170=PLANE('',#2410);
#2171=PLANE('',#2411);
#2172=PLANE('',#2412);
#2173=PLANE('',#2413);
#2174=PLANE('',#2414);
#2175=PLANE('',#2415);
#2176=PLANE('',#2416);
#2177=PLANE('',#2417);
#2178=PLANE('',#2418);
#2179=PLANE('',#2419);
#2180=PLANE('',#2420);
#2181=PLANE('',#2421);
#2182=PLANE('',#2422);
#2183=PLANE('',#2426);
#2184=PLANE('',#2427);
#2185=PLANE('',#2428);
#2186=PLANE('',#2429);
#2187=PLANE('',#2430);
#2188=PLANE('',#2431);
#2189=PLANE('',#2432);
#2190=PLANE('',#2433);
#2191=PLANE('',#2434);
#2192=PLANE('',#2435);
#2193=PLANE('',#2436);
#2194=PLANE('',#2437);
#2195=PLANE('',#2438);
#2196=PLANE('',#2439);
#2197=PLANE('',#2440);
#2198=PLANE('',#2441);
#2199=PLANE('',#2442);
#2200=PLANE('',#2443);
#2201=PLANE('',#2444);
#2202=PLANE('',#2445);
#2203=PLANE('',#2446);
#2204=PLANE('',#2447);
#2205=PLANE('',#2448);
#2206=PLANE('',#2449);
#2207=PLANE('',#2450);
#2208=PLANE('',#2451);
#2209=PLANE('',#2452);
#2210=PLANE('',#2453);
#2211=PLANE('',#2454);
#2212=PLANE('',#2455);
#2213=PLANE('',#2456);
#2214=PLANE('',#2457);
#2215=PLANE('',#2458);
#2216=PLANE('',#2459);
#2217=PLANE('',#2463);
#2218=PLANE('',#2467);
#2219=PLANE('',#2468);
#2220=PLANE('',#2471);
#2221=PLANE('',#2474);
#2222=PLANE('',#2476);
#2223=PLANE('',#2477);
#2224=PLANE('',#2478);
#2225=PLANE('',#2479);
#2226=PLANE('',#2480);
#2227=PLANE('',#2481);
#2228=PLANE('',#2482);
#2229=PLANE('',#2483);
#2230=PLANE('',#2484);
#2231=PLANE('',#2485);
#2232=PLANE('',#2486);
#2233=PLANE('',#2487);
#2234=PLANE('',#2488);
#2235=PLANE('',#2489);
#2236=PLANE('',#2490);
#2237=PLANE('',#2491);
#2238=PLANE('',#2492);
#2239=PLANE('',#2493);
#2240=PLANE('',#2494);
#2241=PLANE('',#2495);
#2242=PLANE('',#2496);
#2243=PLANE('',#2497);
#2244=PLANE('',#2498);
#2245=PLANE('',#2499);
#2246=PLANE('',#2500);
#2247=PLANE('',#2501);
#2248=PLANE('',#2502);
#2249=PLANE('',#2503);
#2250=PLANE('',#2504);
#2251=PLANE('',#2505);
#2252=PLANE('',#2506);
#2253=PLANE('',#2507);
#2254=PLANE('',#2509);
#2255=ADVANCED_FACE('',(#2028),#2146,.T.);
#2256=ADVANCED_FACE('',(#2029),#2147,.T.);
#2257=ADVANCED_FACE('',(#2030),#24,.F.);
#2258=ADVANCED_FACE('',(#2031),#2148,.T.);
#2259=ADVANCED_FACE('',(#2032),#2149,.T.);
#2260=ADVANCED_FACE('',(#2033),#2150,.T.);
#2261=ADVANCED_FACE('',(#2034),#2151,.T.);
#2262=ADVANCED_FACE('',(#2035),#2152,.T.);
#2263=ADVANCED_FACE('',(#2036),#2153,.T.);
#2264=ADVANCED_FACE('',(#2037),#2154,.T.);
#2265=ADVANCED_FACE('',(#2038),#2155,.T.);
#2266=ADVANCED_FACE('',(#2039),#2156,.T.);
#2267=ADVANCED_FACE('',(#2040),#2157,.T.);
#2268=ADVANCED_FACE('',(#2041),#2158,.T.);
#2269=ADVANCED_FACE('',(#2042),#2159,.T.);
#2270=ADVANCED_FACE('',(#2043),#2160,.T.);
#2271=ADVANCED_FACE('',(#2044),#2161,.T.);
#2272=ADVANCED_FACE('',(#2045),#2162,.T.);
#2273=ADVANCED_FACE('',(#2046),#2163,.T.);
#2274=ADVANCED_FACE('',(#2047),#2164,.T.);
#2275=ADVANCED_FACE('',(#2048),#2165,.T.);
#2276=ADVANCED_FACE('',(#2049),#2166,.T.);
#2277=ADVANCED_FACE('',(#2050),#2167,.T.);
#2278=ADVANCED_FACE('',(#2051),#2168,.T.);
#2279=ADVANCED_FACE('',(#2052),#2169,.T.);
#2280=ADVANCED_FACE('',(#2053),#2170,.T.);
#2281=ADVANCED_FACE('',(#2054),#2171,.T.);
#2282=ADVANCED_FACE('',(#2055),#2172,.T.);
#2283=ADVANCED_FACE('',(#2056),#2173,.T.);
#2284=ADVANCED_FACE('',(#2057),#2174,.T.);
#2285=ADVANCED_FACE('',(#2058),#2175,.T.);
#2286=ADVANCED_FACE('',(#2059),#2176,.T.);
#2287=ADVANCED_FACE('',(#2060),#2177,.T.);
#2288=ADVANCED_FACE('',(#2061),#2178,.T.);
#2289=ADVANCED_FACE('',(#2062),#2179,.T.);
#2290=ADVANCED_FACE('',(#2063),#2180,.T.);
#2291=ADVANCED_FACE('',(#2064),#2181,.T.);
#2292=ADVANCED_FACE('',(#2065),#2182,.F.);
#2293=ADVANCED_FACE('',(#2066),#25,.F.);
#2294=ADVANCED_FACE('',(#2067),#2183,.F.);
#2295=ADVANCED_FACE('',(#2068),#2184,.F.);
#2296=ADVANCED_FACE('',(#2069),#2185,.F.);
#2297=ADVANCED_FACE('',(#2070),#2186,.F.);
#2298=ADVANCED_FACE('',(#2071),#2187,.F.);
#2299=ADVANCED_FACE('',(#2072),#2188,.F.);
#2300=ADVANCED_FACE('',(#2073),#2189,.F.);
#2301=ADVANCED_FACE('',(#2074),#2190,.F.);
#2302=ADVANCED_FACE('',(#2075),#2191,.F.);
#2303=ADVANCED_FACE('',(#2076),#2192,.F.);
#2304=ADVANCED_FACE('',(#2077),#2193,.F.);
#2305=ADVANCED_FACE('',(#2078),#2194,.F.);
#2306=ADVANCED_FACE('',(#2079),#2195,.F.);
#2307=ADVANCED_FACE('',(#2080),#2196,.F.);
#2308=ADVANCED_FACE('',(#2081),#2197,.F.);
#2309=ADVANCED_FACE('',(#2082),#2198,.F.);
#2310=ADVANCED_FACE('',(#2083),#2199,.F.);
#2311=ADVANCED_FACE('',(#2084),#2200,.F.);
#2312=ADVANCED_FACE('',(#2085),#2201,.F.);
#2313=ADVANCED_FACE('',(#2086),#2202,.F.);
#2314=ADVANCED_FACE('',(#2087),#2203,.F.);
#2315=ADVANCED_FACE('',(#2088),#2204,.F.);
#2316=ADVANCED_FACE('',(#2089),#2205,.F.);
#2317=ADVANCED_FACE('',(#2090),#2206,.F.);
#2318=ADVANCED_FACE('',(#2091),#2207,.F.);
#2319=ADVANCED_FACE('',(#2092),#2208,.F.);
#2320=ADVANCED_FACE('',(#2093),#2209,.F.);
#2321=ADVANCED_FACE('',(#2094),#2210,.F.);
#2322=ADVANCED_FACE('',(#2095),#2211,.F.);
#2323=ADVANCED_FACE('',(#2096),#2212,.F.);
#2324=ADVANCED_FACE('',(#2097),#2213,.F.);
#2325=ADVANCED_FACE('',(#2098),#2214,.F.);
#2326=ADVANCED_FACE('',(#2099),#2215,.F.);
#2327=ADVANCED_FACE('',(#2100),#2216,.F.);
#2328=ADVANCED_FACE('',(#2101),#26,.T.);
#2329=ADVANCED_FACE('',(#2102),#2217,.F.);
#2330=ADVANCED_FACE('',(#2103),#27,.T.);
#2331=ADVANCED_FACE('',(#2104,#2105),#2218,.T.);
#2332=ADVANCED_FACE('',(#2106,#2107),#2219,.T.);
#2333=ADVANCED_FACE('',(#2108,#2109),#2220,.F.);
#2334=ADVANCED_FACE('',(#2110),#2221,.F.);
#2335=ADVANCED_FACE('',(#2111),#28,.F.);
#2336=ADVANCED_FACE('',(#2112),#2222,.F.);
#2337=ADVANCED_FACE('',(#2113),#2223,.F.);
#2338=ADVANCED_FACE('',(#2114),#2224,.F.);
#2339=ADVANCED_FACE('',(#2115),#2225,.F.);
#2340=ADVANCED_FACE('',(#2116),#2226,.F.);
#2341=ADVANCED_FACE('',(#2117),#2227,.F.);
#2342=ADVANCED_FACE('',(#2118),#2228,.F.);
#2343=ADVANCED_FACE('',(#2119),#2229,.F.);
#2344=ADVANCED_FACE('',(#2120),#2230,.F.);
#2345=ADVANCED_FACE('',(#2121),#2231,.F.);
#2346=ADVANCED_FACE('',(#2122),#2232,.F.);
#2347=ADVANCED_FACE('',(#2123),#2233,.F.);
#2348=ADVANCED_FACE('',(#2124),#2234,.F.);
#2349=ADVANCED_FACE('',(#2125),#2235,.F.);
#2350=ADVANCED_FACE('',(#2126),#2236,.F.);
#2351=ADVANCED_FACE('',(#2127),#2237,.F.);
#2352=ADVANCED_FACE('',(#2128),#2238,.F.);
#2353=ADVANCED_FACE('',(#2129),#2239,.F.);
#2354=ADVANCED_FACE('',(#2130),#2240,.F.);
#2355=ADVANCED_FACE('',(#2131),#2241,.F.);
#2356=ADVANCED_FACE('',(#2132),#2242,.F.);
#2357=ADVANCED_FACE('',(#2133),#2243,.F.);
#2358=ADVANCED_FACE('',(#2134),#2244,.F.);
#2359=ADVANCED_FACE('',(#2135),#2245,.F.);
#2360=ADVANCED_FACE('',(#2136),#2246,.F.);
#2361=ADVANCED_FACE('',(#2137),#2247,.F.);
#2362=ADVANCED_FACE('',(#2138),#2248,.F.);
#2363=ADVANCED_FACE('',(#2139),#2249,.F.);
#2364=ADVANCED_FACE('',(#2140),#2250,.F.);
#2365=ADVANCED_FACE('',(#2141),#2251,.F.);
#2366=ADVANCED_FACE('',(#2142),#2252,.F.);
#2367=ADVANCED_FACE('',(#2143),#2253,.F.);
#2368=ADVANCED_FACE('',(#2144),#29,.T.);
#2369=ADVANCED_FACE('',(#2145),#2254,.F.);
#2370=CLOSED_SHELL('',(#2255,#2256,#2257,#2258,#2259,#2260,#2261,#2262,
#2263,#2264,#2265,#2266,#2267,#2268,#2269,#2270,#2271,#2272,#2273,#2274,
#2275,#2276,#2277,#2278,#2279,#2280,#2281,#2282,#2283,#2284,#2285,#2286,
#2287,#2288,#2289,#2290,#2291,#2292,#2293,#2294,#2295,#2296,#2297,#2298,
#2299,#2300,#2301,#2302,#2303,#2304,#2305,#2306,#2307,#2308,#2309,#2310,
#2311,#2312,#2313,#2314,#2315,#2316,#2317,#2318,#2319,#2320,#2321,#2322,
#2323,#2324,#2325,#2326,#2327,#2328,#2329,#2330,#2331,#2332,#2333,#2334,
#2335,#2336,#2337,#2338,#2339,#2340,#2341,#2342,#2343,#2344,#2345,#2346,
#2347,#2348,#2349,#2350,#2351,#2352,#2353,#2354,#2355,#2356,#2357,#2358,
#2359,#2360,#2361,#2362,#2363,#2364,#2365,#2366,#2367,#2368,#2369));
#2371=STYLED_ITEM('',(#2372),#2379);
#2372=PRESENTATION_STYLE_ASSIGNMENT((#2373));
#2373=SURFACE_STYLE_USAGE(.BOTH.,#2374);
#2374=SURFACE_SIDE_STYLE('',(#2375));
#2375=SURFACE_STYLE_FILL_AREA(#2376);
#2376=FILL_AREA_STYLE('',(#2377));
#2377=FILL_AREA_STYLE_COLOUR('',#2378);
#2378=COLOUR_RGB('',0.615686274509804,0.811764705882353,0.929411764705882);
#2379=MANIFOLD_SOLID_BREP('Part 1',#2370);
#2380=SHAPE_DEFINITION_REPRESENTATION(#3772,#2381);
#2381=SHAPE_REPRESENTATION('Part 1',(#2382),#3767);
#2382=AXIS2_PLACEMENT_3D('',#3090,#2510,#2511);
#2383=AXIS2_PLACEMENT_3D('',#3091,#2512,#2513);
#2384=AXIS2_PLACEMENT_3D('',#3100,#2518,#2519);
#2385=AXIS2_PLACEMENT_3D('',#3106,#2523,#2524);
#2386=AXIS2_PLACEMENT_3D('',#3107,#2525,#2526);
#2387=AXIS2_PLACEMENT_3D('',#3109,#2527,#2528);
#2388=AXIS2_PLACEMENT_3D('',#3112,#2530,#2531);
#2389=AXIS2_PLACEMENT_3D('',#3118,#2535,#2536);
#2390=AXIS2_PLACEMENT_3D('',#3124,#2540,#2541);
#2391=AXIS2_PLACEMENT_3D('',#3130,#2545,#2546);
#2392=AXIS2_PLACEMENT_3D('',#3136,#2550,#2551);
#2393=AXIS2_PLACEMENT_3D('',#3142,#2555,#2556);
#2394=AXIS2_PLACEMENT_3D('',#3148,#2560,#2561);
#2395=AXIS2_PLACEMENT_3D('',#3154,#2565,#2566);
#2396=AXIS2_PLACEMENT_3D('',#3160,#2570,#2571);
#2397=AXIS2_PLACEMENT_3D('',#3166,#2575,#2576);
#2398=AXIS2_PLACEMENT_3D('',#3172,#2580,#2581);
#2399=AXIS2_PLACEMENT_3D('',#3178,#2585,#2586);
#2400=AXIS2_PLACEMENT_3D('',#3184,#2590,#2591);
#2401=AXIS2_PLACEMENT_3D('',#3190,#2595,#2596);
#2402=AXIS2_PLACEMENT_3D('',#3196,#2600,#2601);
#2403=AXIS2_PLACEMENT_3D('',#3202,#2605,#2606);
#2404=AXIS2_PLACEMENT_3D('',#3208,#2610,#2611);
#2405=AXIS2_PLACEMENT_3D('',#3214,#2615,#2616);
#2406=AXIS2_PLACEMENT_3D('',#3220,#2620,#2621);
#2407=AXIS2_PLACEMENT_3D('',#3226,#2625,#2626);
#2408=AXIS2_PLACEMENT_3D('',#3232,#2630,#2631);
#2409=AXIS2_PLACEMENT_3D('',#3238,#2635,#2636);
#2410=AXIS2_PLACEMENT_3D('',#3244,#2640,#2641);
#2411=AXIS2_PLACEMENT_3D('',#3250,#2645,#2646);
#2412=AXIS2_PLACEMENT_3D('',#3256,#2650,#2651);
#2413=AXIS2_PLACEMENT_3D('',#3262,#2655,#2656);
#2414=AXIS2_PLACEMENT_3D('',#3268,#2660,#2661);
#2415=AXIS2_PLACEMENT_3D('',#3274,#2665,#2666);
#2416=AXIS2_PLACEMENT_3D('',#3280,#2670,#2671);
#2417=AXIS2_PLACEMENT_3D('',#3286,#2675,#2676);
#2418=AXIS2_PLACEMENT_3D('',#3292,#2680,#2681);
#2419=AXIS2_PLACEMENT_3D('',#3298,#2685,#2686);
#2420=AXIS2_PLACEMENT_3D('',#3304,#2690,#2691);
#2421=AXIS2_PLACEMENT_3D('',#3310,#2695,#2696);
#2422=AXIS2_PLACEMENT_3D('',#3316,#2700,#2701);
#2423=AXIS2_PLACEMENT_3D('',#3325,#2706,#2707);
#2424=AXIS2_PLACEMENT_3D('',#3326,#2708,#2709);
#2425=AXIS2_PLACEMENT_3D('',#3328,#2710,#2711);
#2426=AXIS2_PLACEMENT_3D('',#3331,#2713,#2714);
#2427=AXIS2_PLACEMENT_3D('',#3337,#2718,#2719);
#2428=AXIS2_PLACEMENT_3D('',#3343,#2723,#2724);
#2429=AXIS2_PLACEMENT_3D('',#3349,#2728,#2729);
#2430=AXIS2_PLACEMENT_3D('',#3355,#2733,#2734);
#2431=AXIS2_PLACEMENT_3D('',#3361,#2738,#2739);
#2432=AXIS2_PLACEMENT_3D('',#3367,#2743,#2744);
#2433=AXIS2_PLACEMENT_3D('',#3373,#2748,#2749);
#2434=AXIS2_PLACEMENT_3D('',#3379,#2753,#2754);
#2435=AXIS2_PLACEMENT_3D('',#3385,#2758,#2759);
#2436=AXIS2_PLACEMENT_3D('',#3391,#2763,#2764);
#2437=AXIS2_PLACEMENT_3D('',#3397,#2768,#2769);
#2438=AXIS2_PLACEMENT_3D('',#3403,#2773,#2774);
#2439=AXIS2_PLACEMENT_3D('',#3409,#2778,#2779);
#2440=AXIS2_PLACEMENT_3D('',#3415,#2783,#2784);
#2441=AXIS2_PLACEMENT_3D('',#3421,#2788,#2789);
#2442=AXIS2_PLACEMENT_3D('',#3427,#2793,#2794);
#2443=AXIS2_PLACEMENT_3D('',#3433,#2798,#2799);
#2444=AXIS2_PLACEMENT_3D('',#3439,#2803,#2804);
#2445=AXIS2_PLACEMENT_3D('',#3445,#2808,#2809);
#2446=AXIS2_PLACEMENT_3D('',#3451,#2813,#2814);
#2447=AXIS2_PLACEMENT_3D('',#3457,#2818,#2819);
#2448=AXIS2_PLACEMENT_3D('',#3463,#2823,#2824);
#2449=AXIS2_PLACEMENT_3D('',#3469,#2828,#2829);
#2450=AXIS2_PLACEMENT_3D('',#3475,#2833,#2834);
#2451=AXIS2_PLACEMENT_3D('',#3481,#2838,#2839);
#2452=AXIS2_PLACEMENT_3D('',#3487,#2843,#2844);
#2453=AXIS2_PLACEMENT_3D('',#3493,#2848,#2849);
#2454=AXIS2_PLACEMENT_3D('',#3499,#2853,#2854);
#2455=AXIS2_PLACEMENT_3D('',#3505,#2858,#2859);
#2456=AXIS2_PLACEMENT_3D('',#3511,#2863,#2864);
#2457=AXIS2_PLACEMENT_3D('',#3517,#2868,#2869);
#2458=AXIS2_PLACEMENT_3D('',#3523,#2873,#2874);
#2459=AXIS2_PLACEMENT_3D('',#3529,#2878,#2879);
#2460=AXIS2_PLACEMENT_3D('',#3535,#2883,#2884);
#2461=AXIS2_PLACEMENT_3D('',#3536,#2885,#2886);
#2462=AXIS2_PLACEMENT_3D('',#3538,#2887,#2888);
#2463=AXIS2_PLACEMENT_3D('',#3541,#2890,#2891);
#2464=AXIS2_PLACEMENT_3D('',#3544,#2894,#2895);
#2465=AXIS2_PLACEMENT_3D('',#3545,#2896,#2897);
#2466=AXIS2_PLACEMENT_3D('',#3546,#2898,#2899);
#2467=AXIS2_PLACEMENT_3D('',#3547,#2900,#2901);
#2468=AXIS2_PLACEMENT_3D('',#3548,#2902,#2903);
#2469=AXIS2_PLACEMENT_3D('',#3552,#2905,#2906);
#2470=AXIS2_PLACEMENT_3D('',#3618,#2939,#2940);
#2471=AXIS2_PLACEMENT_3D('',#3621,#2942,#2943);
#2472=AXIS2_PLACEMENT_3D('',#3627,#2946,#2947);
#2473=AXIS2_PLACEMENT_3D('',#3693,#2980,#2981);
#2474=AXIS2_PLACEMENT_3D('',#3694,#2982,#2983);
#2475=AXIS2_PLACEMENT_3D('',#3697,#2986,#2987);
#2476=AXIS2_PLACEMENT_3D('',#3699,#2989,#2990);
#2477=AXIS2_PLACEMENT_3D('',#3701,#2992,#2993);
#2478=AXIS2_PLACEMENT_3D('',#3703,#2995,#2996);
#2479=AXIS2_PLACEMENT_3D('',#3705,#2998,#2999);
#2480=AXIS2_PLACEMENT_3D('',#3707,#3001,#3002);
#2481=AXIS2_PLACEMENT_3D('',#3709,#3004,#3005);
#2482=AXIS2_PLACEMENT_3D('',#3711,#3007,#3008);
#2483=AXIS2_PLACEMENT_3D('',#3713,#3010,#3011);
#2484=AXIS2_PLACEMENT_3D('',#3715,#3013,#3014);
#2485=AXIS2_PLACEMENT_3D('',#3717,#3016,#3017);
#2486=AXIS2_PLACEMENT_3D('',#3719,#3019,#3020);
#2487=AXIS2_PLACEMENT_3D('',#3721,#3022,#3023);
#2488=AXIS2_PLACEMENT_3D('',#3723,#3025,#3026);
#2489=AXIS2_PLACEMENT_3D('',#3725,#3028,#3029);
#2490=AXIS2_PLACEMENT_3D('',#3727,#3031,#3032);
#2491=AXIS2_PLACEMENT_3D('',#3729,#3034,#3035);
#2492=AXIS2_PLACEMENT_3D('',#3731,#3037,#3038);
#2493=AXIS2_PLACEMENT_3D('',#3733,#3040,#3041);
#2494=AXIS2_PLACEMENT_3D('',#3735,#3043,#3044);
#2495=AXIS2_PLACEMENT_3D('',#3737,#3046,#3047);
#2496=AXIS2_PLACEMENT_3D('',#3739,#3049,#3050);
#2497=AXIS2_PLACEMENT_3D('',#3741,#3052,#3053);
#2498=AXIS2_PLACEMENT_3D('',#3743,#3055,#3056);
#2499=AXIS2_PLACEMENT_3D('',#3745,#3058,#3059);
#2500=AXIS2_PLACEMENT_3D('',#3747,#3061,#3062);
#2501=AXIS2_PLACEMENT_3D('',#3749,#3064,#3065);
#2502=AXIS2_PLACEMENT_3D('',#3751,#3067,#3068);
#2503=AXIS2_PLACEMENT_3D('',#3753,#3070,#3071);
#2504=AXIS2_PLACEMENT_3D('',#3755,#3073,#3074);
#2505=AXIS2_PLACEMENT_3D('',#3757,#3076,#3077);
#2506=AXIS2_PLACEMENT_3D('',#3759,#3079,#3080);
#2507=AXIS2_PLACEMENT_3D('',#3761,#3082,#3083);
#2508=AXIS2_PLACEMENT_3D('',#3763,#3085,#3086);
#2509=AXIS2_PLACEMENT_3D('',#3765,#3088,#3089);
#2510=DIRECTION('',(0.,0.,1.));
#2511=DIRECTION('',(1.,0.,0.));
#2512=DIRECTION('',(-0.580995576425108,-0.813906714663576,0.));
#2513=DIRECTION('',(0.813906714663576,-0.580995576425108,0.));
#2514=DIRECTION('',(0.813906714663576,-0.580995576425108,0.));
#2515=DIRECTION('',(0.,0.,-1.));
#2516=DIRECTION('',(0.813906714663576,-0.580995576425108,0.));
#2517=DIRECTION('',(0.,0.,-1.));
#2518=DIRECTION('',(-0.773905606310818,-0.633300965197974,0.));
#2519=DIRECTION('',(0.633300965197974,-0.773905606310818,0.));
#2520=DIRECTION('',(-0.633300965197974,0.773905606310818,0.));
#2521=DIRECTION('',(-0.633300965197974,0.773905606310818,0.));
#2522=DIRECTION('',(0.,0.,-1.));
#2523=DIRECTION('',(0.,0.,-1.));
#2524=DIRECTION('',(-1.,0.,0.));
#2525=DIRECTION('',(0.,0.,1.));
#2526=DIRECTION('',(0.773905606310818,0.633300965197974,0.));
#2527=DIRECTION('',(0.,0.,1.));
#2528=DIRECTION('',(0.773905606310818,0.633300965197974,0.));
#2529=DIRECTION('',(0.,0.,-1.));
#2530=DIRECTION('',(-0.206847867904995,-0.978373118775837,0.));
#2531=DIRECTION('',(0.978373118775837,-0.206847867904995,0.));
#2532=DIRECTION('',(-0.978373118775837,0.206847867904995,0.));
#2533=DIRECTION('',(-0.978373118775837,0.206847867904995,0.));
#2534=DIRECTION('',(0.,0.,-1.));
#2535=DIRECTION('',(0.76782169892148,-0.640663592430015,0.));
#2536=DIRECTION('',(0.640663592430015,0.76782169892148,0.));
#2537=DIRECTION('',(-0.640663592430015,-0.76782169892148,0.));
#2538=DIRECTION('',(-0.640663592430015,-0.76782169892148,0.));
#2539=DIRECTION('',(0.,0.,-1.));
#2540=DIRECTION('',(0.932568022037753,-0.360994299501521,0.));
#2541=DIRECTION('',(0.360994299501521,0.932568022037753,0.));
#2542=DIRECTION('',(-0.360994299501521,-0.932568022037753,0.));
#2543=DIRECTION('',(-0.360994299501521,-0.932568022037753,0.));
#2544=DIRECTION('',(0.,0.,-1.));
#2545=DIRECTION('',(1.,0.,0.));
#2546=DIRECTION('',(0.,0.,-1.));
#2547=DIRECTION('',(0.,-1.,0.));
#2548=DIRECTION('',(0.,-1.,0.));
#2549=DIRECTION('',(0.,0.,-1.));
#2550=DIRECTION('',(0.613940473441588,0.789352326322232,0.));
#2551=DIRECTION('',(-0.789352326322232,0.613940473441588,0.));
#2552=DIRECTION('',(0.789352326322232,-0.613940473441588,0.));
#2553=DIRECTION('',(0.789352326322232,-0.613940473441588,0.));
#2554=DIRECTION('',(0.,0.,-1.));
#2555=DIRECTION('',(1.,0.,0.));
#2556=DIRECTION('',(0.,0.,-1.));
#2557=DIRECTION('',(0.,-1.,0.));
#2558=DIRECTION('',(0.,-1.,0.));
#2559=DIRECTION('',(0.,0.,-1.));
#2560=DIRECTION('',(0.754605460353082,0.656178786006766,0.));
#2561=DIRECTION('',(-0.656178786006766,0.754605460353082,0.));
#2562=DIRECTION('',(0.656178786006766,-0.754605460353082,0.));
#2563=DIRECTION('',(0.656178786006766,-0.754605460353082,0.));
#2564=DIRECTION('',(0.,0.,-1.));
#2565=DIRECTION('',(0.868243183598591,0.496138865777096,0.));
#2566=DIRECTION('',(-0.496138865777096,0.868243183598591,0.));
#2567=DIRECTION('',(0.496138865777096,-0.868243183598591,0.));
#2568=DIRECTION('',(0.496138865777096,-0.868243183598591,0.));
#2569=DIRECTION('',(0.,0.,-1.));
#2570=DIRECTION('',(1.,0.,0.));
#2571=DIRECTION('',(0.,0.,-1.));
#2572=DIRECTION('',(0.,-1.,0.));
#2573=DIRECTION('',(0.,-1.,0.));
#2574=DIRECTION('',(0.,0.,-1.));
#2575=DIRECTION('',(0.644597248998941,-0.764522325758377,0.));
#2576=DIRECTION('',(0.764522325758377,0.644597248998941,0.));
#2577=DIRECTION('',(-0.764522325758377,-0.644597248998941,0.));
#2578=DIRECTION('',(-0.764522325758377,-0.644597248998941,0.));
#2579=DIRECTION('',(0.,0.,-1.));
#2580=DIRECTION('',(0.529998769247392,-0.847998410727432,0.));
#2581=DIRECTION('',(0.847998410727432,0.529998769247392,0.));
#2582=DIRECTION('',(-0.847998410727432,-0.529998769247392,0.));
#2583=DIRECTION('',(-0.847998410727432,-0.529998769247392,0.));
#2584=DIRECTION('',(0.,0.,-1.));
#2585=DIRECTION('',(0.621394873243752,-0.783497550415049,0.));
#2586=DIRECTION('',(0.783497550415049,0.621394873243752,0.));
#2587=DIRECTION('',(-0.783497550415049,-0.621394873243752,0.));
#2588=DIRECTION('',(-0.783497550415049,-0.621394873243752,0.));
#2589=DIRECTION('',(0.,0.,-1.));
#2590=DIRECTION('',(0.937994529496937,-0.346650057888094,0.));
#2591=DIRECTION('',(0.346650057888094,0.937994529496938,0.));
#2592=DIRECTION('',(-0.346650057888094,-0.937994529496938,0.));
#2593=DIRECTION('',(-0.346650057888094,-0.937994529496938,0.));
#2594=DIRECTION('',(0.,0.,-1.));
#2595=DIRECTION('',(0.954592354575833,-0.297915149976242,0.));
#2596=DIRECTION('',(0.297915149976242,0.954592354575833,0.));
#2597=DIRECTION('',(-0.297915149976242,-0.954592354575833,0.));
#2598=DIRECTION('',(-0.297915149976242,-0.954592354575833,0.));
#2599=DIRECTION('',(0.,0.,-1.));
#2600=DIRECTION('',(0.947088819176814,0.320971600909284,0.));
#2601=DIRECTION('',(-0.320971600909284,0.947088819176814,0.));
#2602=DIRECTION('',(0.320971600909284,-0.947088819176814,0.));
#2603=DIRECTION('',(0.320971600909284,-0.947088819176814,0.));
#2604=DIRECTION('',(0.,0.,-1.));
#2605=DIRECTION('',(0.76353659432046,0.645764561689098,0.));
#2606=DIRECTION('',(-0.645764561689098,0.76353659432046,0.));
#2607=DIRECTION('',(0.645764561689098,-0.76353659432046,0.));
#2608=DIRECTION('',(0.645764561689098,-0.76353659432046,0.));
#2609=DIRECTION('',(0.,0.,-1.));
#2610=DIRECTION('',(-0.645764561689098,0.76353659432046,0.));
#2611=DIRECTION('',(-0.76353659432046,-0.645764561689098,0.));
#2612=DIRECTION('',(0.76353659432046,0.645764561689098,0.));
#2613=DIRECTION('',(0.76353659432046,0.645764561689098,0.));
#2614=DIRECTION('',(0.,0.,-1.));
#2615=DIRECTION('',(0.947088819176814,0.320971600909284,0.));
#2616=DIRECTION('',(-0.320971600909284,0.947088819176814,0.));
#2617=DIRECTION('',(0.320971600909284,-0.947088819176814,0.));
#2618=DIRECTION('',(0.320971600909284,-0.947088819176814,0.));
#2619=DIRECTION('',(0.,0.,-1.));
#2620=DIRECTION('',(0.981712299881919,0.190370586647603,0.));
#2621=DIRECTION('',(-0.190370586647603,0.981712299881919,0.));
#2622=DIRECTION('',(0.190370586647603,-0.981712299881919,0.));
#2623=DIRECTION('',(0.190370586647603,-0.981712299881919,0.));
#2624=DIRECTION('',(0.,0.,-1.));
#2625=DIRECTION('',(0.947088819176814,0.320971600909284,0.));
#2626=DIRECTION('',(-0.320971600909284,0.947088819176814,0.));
#2627=DIRECTION('',(0.320971600909284,-0.947088819176814,0.));
#2628=DIRECTION('',(0.320971600909284,-0.947088819176814,0.));
#2629=DIRECTION('',(0.,0.,-1.));
#2630=DIRECTION('',(-0.780360691993725,0.625329665369456,0.));
#2631=DIRECTION('',(-0.625329665369456,-0.780360691993725,0.));
#2632=DIRECTION('',(0.625329665369456,0.780360691993725,0.));
#2633=DIRECTION('',(0.625329665369456,0.780360691993725,0.));
#2634=DIRECTION('',(0.,0.,-1.));
#2635=DIRECTION('',(-0.963514374518353,0.267656589861909,0.));
#2636=DIRECTION('',(-0.267656589861909,-0.963514374518353,0.));
#2637=DIRECTION('',(0.267656589861909,0.963514374518353,0.));
#2638=DIRECTION('',(0.267656589861909,0.963514374518353,0.));
#2639=DIRECTION('',(0.,0.,-1.));
#2640=DIRECTION('',(-1.,0.,0.));
#2641=DIRECTION('',(0.,0.,1.));
#2642=DIRECTION('',(0.,1.,0.));
#2643=DIRECTION('',(0.,1.,0.));
#2644=DIRECTION('',(0.,0.,-1.));
#2645=DIRECTION('',(-0.930421600890287,-0.366490988425032,0.));
#2646=DIRECTION('',(0.366490988425032,-0.930421600890287,0.));
#2647=DIRECTION('',(-0.366490988425032,0.930421600890287,0.));
#2648=DIRECTION('',(-0.366490988425032,0.930421600890287,0.));
#2649=DIRECTION('',(0.,0.,-1.));
#2650=DIRECTION('',(-0.870022110517094,-0.49301270491883,0.));
#2651=DIRECTION('',(0.49301270491883,-0.870022110517094,0.));
#2652=DIRECTION('',(-0.49301270491883,0.870022110517094,0.));
#2653=DIRECTION('',(-0.49301270491883,0.870022110517094,0.));
#2654=DIRECTION('',(0.,0.,-1.));
#2655=DIRECTION('',(-0.325079816287086,0.945686582881852,0.));
#2656=DIRECTION('',(-0.945686582881852,-0.325079816287086,0.));
#2657=DIRECTION('',(0.945686582881852,0.325079816287086,0.));
#2658=DIRECTION('',(0.945686582881852,0.325079816287086,0.));
#2659=DIRECTION('',(0.,0.,-1.));
#2660=DIRECTION('',(0.,1.,0.));
#2661=DIRECTION('',(0.,0.,1.));
#2662=DIRECTION('',(1.,0.,0.));
#2663=DIRECTION('',(1.,0.,0.));
#2664=DIRECTION('',(0.,0.,-1.));
#2665=DIRECTION('',(-0.164398950180346,0.986393930019645,0.));
#2666=DIRECTION('',(-0.986393930019645,-0.164398950180346,0.));
#2667=DIRECTION('',(0.986393930019645,0.164398950180346,0.));
#2668=DIRECTION('',(0.986393930019645,0.164398950180346,0.));
#2669=DIRECTION('',(0.,0.,-1.));
#2670=DIRECTION('',(-0.325079816287086,0.945686582881852,0.));
#2671=DIRECTION('',(-0.945686582881852,-0.325079816287086,0.));
#2672=DIRECTION('',(0.945686582881852,0.325079816287086,0.));
#2673=DIRECTION('',(0.945686582881852,0.325079816287086,0.));
#2674=DIRECTION('',(0.,0.,-1.));
#2675=DIRECTION('',(-0.679456955050402,0.733715371403405,0.));
#2676=DIRECTION('',(-0.733715371403405,-0.679456955050402,0.));
#2677=DIRECTION('',(0.733715371403405,0.679456955050402,0.));
#2678=DIRECTION('',(0.733715371403405,0.679456955050402,0.));
#2679=DIRECTION('',(0.,0.,-1.));
#2680=DIRECTION('',(-0.928476515287984,0.37139111534699,0.));
#2681=DIRECTION('',(-0.37139111534699,-0.928476515287984,0.));
#2682=DIRECTION('',(0.37139111534699,0.928476515287984,0.));
#2683=DIRECTION('',(0.37139111534699,0.928476515287984,0.));
#2684=DIRECTION('',(0.,0.,-1.));
#2685=DIRECTION('',(-0.945686582881852,-0.325079816287086,0.));
#2686=DIRECTION('',(0.325079816287086,-0.945686582881852,0.));
#2687=DIRECTION('',(-0.325079816287086,0.945686582881852,0.));
#2688=DIRECTION('',(-0.325079816287086,0.945686582881852,0.));
#2689=DIRECTION('',(0.,0.,-1.));
#2690=DIRECTION('',(-0.665205294334817,-0.746660509461248,0.));
#2691=DIRECTION('',(0.746660509461248,-0.665205294334817,0.));
#2692=DIRECTION('',(-0.746660509461248,0.665205294334817,0.));
#2693=DIRECTION('',(-0.746660509461248,0.665205294334817,0.));
#2694=DIRECTION('',(0.,0.,-1.));
#2695=DIRECTION('',(-0.819231902928392,-0.573462369492826,0.));
#2696=DIRECTION('',(0.573462369492826,-0.819231902928392,0.));
#2697=DIRECTION('',(-0.573462369492826,0.819231902928391,0.));
#2698=DIRECTION('',(-0.573462369492826,0.819231902928391,0.));
#2699=DIRECTION('',(0.,0.,-1.));
#2700=DIRECTION('',(-0.580995576425108,-0.813906714663576,0.));
#2701=DIRECTION('',(0.813906714663576,-0.580995576425108,0.));
#2702=DIRECTION('',(0.813906714663576,-0.580995576425108,0.));
#2703=DIRECTION('',(0.,0.,-1.));
#2704=DIRECTION('',(0.813906714663576,-0.580995576425108,0.));
#2705=DIRECTION('',(0.,0.,-1.));
#2706=DIRECTION('',(0.,0.,-1.));
#2707=DIRECTION('',(-1.,0.,0.));
#2708=DIRECTION('',(0.,0.,-1.));
#2709=DIRECTION('',(-0.819231902928392,-0.573462369492826,0.));
#2710=DIRECTION('',(0.,0.,-1.));
#2711=DIRECTION('',(-0.819231902928392,-0.573462369492826,0.));
#2712=DIRECTION('',(0.,0.,-1.));
#2713=DIRECTION('',(-0.819231902928392,-0.573462369492826,0.));
#2714=DIRECTION('',(0.573462369492826,-0.819231902928392,0.));
#2715=DIRECTION('',(-0.573462369492826,0.819231902928391,0.));
#2716=DIRECTION('',(-0.573462369492826,0.819231902928391,0.));
#2717=DIRECTION('',(0.,0.,-1.));
#2718=DIRECTION('',(-0.665205294334817,-0.746660509461248,0.));
#2719=DIRECTION('',(0.746660509461248,-0.665205294334817,0.));
#2720=DIRECTION('',(-0.746660509461248,0.665205294334817,0.));
#2721=DIRECTION('',(-0.746660509461248,0.665205294334817,0.));
#2722=DIRECTION('',(0.,0.,-1.));
#2723=DIRECTION('',(-0.945686582881852,-0.325079816287086,0.));
#2724=DIRECTION('',(0.325079816287086,-0.945686582881852,0.));
#2725=DIRECTION('',(-0.325079816287086,0.945686582881852,0.));
#2726=DIRECTION('',(-0.325079816287086,0.945686582881852,0.));
#2727=DIRECTION('',(0.,0.,-1.));
#2728=DIRECTION('',(-0.928476515287984,0.37139111534699,0.));
#2729=DIRECTION('',(-0.37139111534699,-0.928476515287984,0.));
#2730=DIRECTION('',(0.37139111534699,0.928476515287984,0.));
#2731=DIRECTION('',(0.37139111534699,0.928476515287984,0.));
#2732=DIRECTION('',(0.,0.,-1.));
#2733=DIRECTION('',(-0.679456955050402,0.733715371403405,0.));
#2734=DIRECTION('',(-0.733715371403405,-0.679456955050402,0.));
#2735=DIRECTION('',(0.733715371403405,0.679456955050402,0.));
#2736=DIRECTION('',(0.733715371403405,0.679456955050402,0.));
#2737=DIRECTION('',(0.,0.,-1.));
#2738=DIRECTION('',(-0.325079816287086,0.945686582881852,0.));
#2739=DIRECTION('',(-0.945686582881852,-0.325079816287086,0.));
#2740=DIRECTION('',(0.945686582881852,0.325079816287086,0.));
#2741=DIRECTION('',(0.945686582881852,0.325079816287086,0.));
#2742=DIRECTION('',(0.,0.,-1.));
#2743=DIRECTION('',(-0.164398950180346,0.986393930019645,0.));
#2744=DIRECTION('',(-0.986393930019645,-0.164398950180346,0.));
#2745=DIRECTION('',(0.986393930019645,0.164398950180346,0.));
#2746=DIRECTION('',(0.986393930019645,0.164398950180346,0.));
#2747=DIRECTION('',(0.,0.,-1.));
#2748=DIRECTION('',(0.,1.,0.));
#2749=DIRECTION('',(0.,0.,1.));
#2750=DIRECTION('',(1.,0.,0.));
#2751=DIRECTION('',(1.,0.,0.));
#2752=DIRECTION('',(0.,0.,-1.));
#2753=DIRECTION('',(-0.325079816287086,0.945686582881852,0.));
#2754=DIRECTION('',(-0.945686582881852,-0.325079816287086,0.));
#2755=DIRECTION('',(0.945686582881852,0.325079816287086,0.));
#2756=DIRECTION('',(0.945686582881852,0.325079816287086,0.));
#2757=DIRECTION('',(0.,0.,-1.));
#2758=DIRECTION('',(-0.870022110517094,-0.49301270491883,0.));
#2759=DIRECTION('',(0.49301270491883,-0.870022110517094,0.));
#2760=DIRECTION('',(-0.49301270491883,0.870022110517094,0.));
#2761=DIRECTION('',(-0.49301270491883,0.870022110517094,0.));
#2762=DIRECTION('',(0.,0.,-1.));
#2763=DIRECTION('',(-0.930421600890287,-0.366490988425032,0.));
#2764=DIRECTION('',(0.366490988425032,-0.930421600890287,0.));
#2765=DIRECTION('',(-0.366490988425032,0.930421600890287,0.));
#2766=DIRECTION('',(-0.366490988425032,0.930421600890287,0.));
#2767=DIRECTION('',(0.,0.,-1.));
#2768=DIRECTION('',(-1.,0.,0.));
#2769=DIRECTION('',(0.,0.,1.));
#2770=DIRECTION('',(0.,1.,0.));
#2771=DIRECTION('',(0.,1.,0.));
#2772=DIRECTION('',(0.,0.,-1.));
#2773=DIRECTION('',(-0.963514374518353,0.267656589861909,0.));
#2774=DIRECTION('',(-0.267656589861909,-0.963514374518353,0.));
#2775=DIRECTION('',(0.267656589861909,0.963514374518353,0.));
#2776=DIRECTION('',(0.267656589861909,0.963514374518353,0.));
#2777=DIRECTION('',(0.,0.,-1.));
#2778=DIRECTION('',(-0.780360691993725,0.625329665369456,0.));
#2779=DIRECTION('',(-0.625329665369456,-0.780360691993725,0.));
#2780=DIRECTION('',(0.625329665369456,0.780360691993725,0.));
#2781=DIRECTION('',(0.625329665369456,0.780360691993725,0.));
#2782=DIRECTION('',(0.,0.,-1.));
#2783=DIRECTION('',(0.947088819176814,0.320971600909284,0.));
#2784=DIRECTION('',(-0.320971600909284,0.947088819176814,0.));
#2785=DIRECTION('',(0.320971600909284,-0.947088819176814,0.));
#2786=DIRECTION('',(0.320971600909284,-0.947088819176814,0.));
#2787=DIRECTION('',(0.,0.,-1.));
#2788=DIRECTION('',(0.981712299881919,0.190370586647603,0.));
#2789=DIRECTION('',(-0.190370586647603,0.981712299881919,0.));
#2790=DIRECTION('',(0.190370586647603,-0.981712299881919,0.));
#2791=DIRECTION('',(0.190370586647603,-0.981712299881919,0.));
#2792=DIRECTION('',(0.,0.,-1.));
#2793=DIRECTION('',(0.947088819176814,0.320971600909284,0.));
#2794=DIRECTION('',(-0.320971600909284,0.947088819176814,0.));
#2795=DIRECTION('',(0.320971600909284,-0.947088819176814,0.));
#2796=DIRECTION('',(0.320971600909284,-0.947088819176814,0.));
#2797=DIRECTION('',(0.,0.,-1.));
#2798=DIRECTION('',(-0.645764561689098,0.76353659432046,0.));
#2799=DIRECTION('',(-0.76353659432046,-0.645764561689098,0.));
#2800=DIRECTION('',(0.76353659432046,0.645764561689098,0.));
#2801=DIRECTION('',(0.76353659432046,0.645764561689098,0.));
#2802=DIRECTION('',(0.,0.,-1.));
#2803=DIRECTION('',(0.76353659432046,0.645764561689098,0.));
#2804=DIRECTION('',(-0.645764561689098,0.76353659432046,0.));
#2805=DIRECTION('',(0.645764561689098,-0.76353659432046,0.));
#2806=DIRECTION('',(0.645764561689098,-0.76353659432046,0.));
#2807=DIRECTION('',(0.,0.,-1.));
#2808=DIRECTION('',(0.947088819176814,0.320971600909284,0.));
#2809=DIRECTION('',(-0.320971600909284,0.947088819176814,0.));
#2810=DIRECTION('',(0.320971600909284,-0.947088819176814,0.));
#2811=DIRECTION('',(0.320971600909284,-0.947088819176814,0.));
#2812=DIRECTION('',(0.,0.,-1.));
#2813=DIRECTION('',(0.954592354575833,-0.297915149976242,0.));
#2814=DIRECTION('',(0.297915149976242,0.954592354575833,0.));
#2815=DIRECTION('',(-0.297915149976242,-0.954592354575833,0.));
#2816=DIRECTION('',(-0.297915149976242,-0.954592354575833,0.));
#2817=DIRECTION('',(0.,0.,-1.));
#2818=DIRECTION('',(0.937994529496937,-0.346650057888094,0.));
#2819=DIRECTION('',(0.346650057888094,0.937994529496938,0.));
#2820=DIRECTION('',(-0.346650057888094,-0.937994529496938,0.));
#2821=DIRECTION('',(-0.346650057888094,-0.937994529496938,0.));
#2822=DIRECTION('',(0.,0.,-1.));
#2823=DIRECTION('',(0.621394873243752,-0.783497550415049,0.));
#2824=DIRECTION('',(0.783497550415049,0.621394873243752,0.));
#2825=DIRECTION('',(-0.783497550415049,-0.621394873243752,0.));
#2826=DIRECTION('',(-0.783497550415049,-0.621394873243752,0.));
#2827=DIRECTION('',(0.,0.,-1.));
#2828=DIRECTION('',(0.529998769247392,-0.847998410727432,0.));
#2829=DIRECTION('',(0.847998410727432,0.529998769247392,0.));
#2830=DIRECTION('',(-0.847998410727432,-0.529998769247392,0.));
#2831=DIRECTION('',(-0.847998410727432,-0.529998769247392,0.));
#2832=DIRECTION('',(0.,0.,-1.));
#2833=DIRECTION('',(0.644597248998941,-0.764522325758377,0.));
#2834=DIRECTION('',(0.764522325758377,0.644597248998941,0.));
#2835=DIRECTION('',(-0.764522325758377,-0.644597248998941,0.));
#2836=DIRECTION('',(-0.764522325758377,-0.644597248998941,0.));
#2837=DIRECTION('',(0.,0.,-1.));
#2838=DIRECTION('',(1.,0.,0.));
#2839=DIRECTION('',(0.,0.,-1.));
#2840=DIRECTION('',(0.,-1.,0.));
#2841=DIRECTION('',(0.,-1.,0.));
#2842=DIRECTION('',(0.,0.,-1.));
#2843=DIRECTION('',(0.868243183598591,0.496138865777096,0.));
#2844=DIRECTION('',(-0.496138865777096,0.868243183598591,0.));
#2845=DIRECTION('',(0.496138865777096,-0.868243183598591,0.));
#2846=DIRECTION('',(0.496138865777096,-0.868243183598591,0.));
#2847=DIRECTION('',(0.,0.,-1.));
#2848=DIRECTION('',(0.754605460353082,0.656178786006766,0.));
#2849=DIRECTION('',(-0.656178786006766,0.754605460353082,0.));
#2850=DIRECTION('',(0.656178786006766,-0.754605460353082,0.));
#2851=DIRECTION('',(0.656178786006766,-0.754605460353082,0.));
#2852=DIRECTION('',(0.,0.,-1.));
#2853=DIRECTION('',(1.,0.,0.));
#2854=DIRECTION('',(0.,0.,-1.));
#2855=DIRECTION('',(0.,-1.,0.));
#2856=DIRECTION('',(0.,-1.,0.));
#2857=DIRECTION('',(0.,0.,-1.));
#2858=DIRECTION('',(0.613940473441588,0.789352326322232,0.));
#2859=DIRECTION('',(-0.789352326322232,0.613940473441588,0.));
#2860=DIRECTION('',(0.789352326322232,-0.613940473441588,0.));
#2861=DIRECTION('',(0.789352326322232,-0.613940473441588,0.));
#2862=DIRECTION('',(0.,0.,-1.));
#2863=DIRECTION('',(1.,0.,0.));
#2864=DIRECTION('',(0.,0.,-1.));
#2865=DIRECTION('',(0.,-1.,0.));
#2866=DIRECTION('',(0.,-1.,0.));
#2867=DIRECTION('',(0.,0.,-1.));
#2868=DIRECTION('',(0.932568022037753,-0.360994299501521,0.));
#2869=DIRECTION('',(0.360994299501521,0.932568022037753,0.));
#2870=DIRECTION('',(-0.360994299501521,-0.932568022037753,0.));
#2871=DIRECTION('',(-0.360994299501521,-0.932568022037753,0.));
#2872=DIRECTION('',(0.,0.,-1.));
#2873=DIRECTION('',(0.76782169892148,-0.640663592430015,0.));
#2874=DIRECTION('',(0.640663592430015,0.76782169892148,0.));
#2875=DIRECTION('',(-0.640663592430015,-0.76782169892148,0.));
#2876=DIRECTION('',(-0.640663592430015,-0.76782169892148,0.));
#2877=DIRECTION('',(0.,0.,-1.));
#2878=DIRECTION('',(-0.206847867904995,-0.978373118775837,0.));
#2879=DIRECTION('',(0.978373118775837,-0.206847867904995,0.));
#2880=DIRECTION('',(-0.978373118775837,0.206847867904995,0.));
#2881=DIRECTION('',(-0.978373118775837,0.206847867904995,0.));
#2882=DIRECTION('',(0.,0.,-1.));
#2883=DIRECTION('',(0.,0.,-1.));
#2884=DIRECTION('',(-1.,0.,0.));
#2885=DIRECTION('',(0.,0.,1.));
#2886=DIRECTION('',(0.773905606310818,0.633300965197974,0.));
#2887=DIRECTION('',(0.,0.,1.));
#2888=DIRECTION('',(0.773905606310818,0.633300965197974,0.));
#2889=DIRECTION('',(0.,0.,-1.));
#2890=DIRECTION('',(-0.773905606310818,-0.633300965197974,0.));
#2891=DIRECTION('',(0.633300965197974,-0.773905606310818,0.));
#2892=DIRECTION('',(-0.633300965197974,0.773905606310818,0.));
#2893=DIRECTION('',(-0.633300965197974,0.773905606310818,0.));
#2894=DIRECTION('',(0.,0.,-1.));
#2895=DIRECTION('',(-1.,0.,0.));
#2896=DIRECTION('',(0.,0.,-1.));
#2897=DIRECTION('',(-0.819231902928392,-0.573462369492826,0.));
#2898=DIRECTION('',(0.,0.,-1.));
#2899=DIRECTION('',(-0.819231902928392,-0.573462369492826,0.));
#2900=DIRECTION('',(0.,0.,-1.));
#2901=DIRECTION('',(-1.,0.,0.));
#2902=DIRECTION('',(0.,0.,-1.));
#2903=DIRECTION('',(-1.,0.,0.));
#2904=DIRECTION('',(0.813906714663576,-0.580995576425108,0.));
#2905=DIRECTION('',(0.,0.,-1.));
#2906=DIRECTION('',(-0.819231902928392,-0.573462369492826,0.));
#2907=DIRECTION('',(-0.573462369492826,0.819231902928391,0.));
#2908=DIRECTION('',(-0.746660509461248,0.665205294334817,0.));
#2909=DIRECTION('',(-0.325079816287086,0.945686582881852,0.));
#2910=DIRECTION('',(0.37139111534699,0.928476515287984,0.));
#2911=DIRECTION('',(0.733715371403405,0.679456955050402,0.));
#2912=DIRECTION('',(0.945686582881852,0.325079816287086,0.));
#2913=DIRECTION('',(0.986393930019645,0.164398950180346,0.));
#2914=DIRECTION('',(1.,0.,0.));
#2915=DIRECTION('',(0.945686582881852,0.325079816287086,0.));
#2916=DIRECTION('',(-0.366490988425032,0.930421600890287,0.));
#2917=DIRECTION('',(0.,1.,0.));
#2918=DIRECTION('',(0.267656589861909,0.963514374518353,0.));
#2919=DIRECTION('',(0.625329665369456,0.780360691993725,0.));
#2920=DIRECTION('',(0.320971600909284,-0.947088819176814,0.));
#2921=DIRECTION('',(0.190370586647603,-0.981712299881919,0.));
#2922=DIRECTION('',(0.320971600909284,-0.947088819176814,0.));
#2923=DIRECTION('',(0.76353659432046,0.645764561689098,0.));
#2924=DIRECTION('',(0.645764561689098,-0.76353659432046,0.));
#2925=DIRECTION('',(0.320971600909284,-0.947088819176814,0.));
#2926=DIRECTION('',(-0.297915149976242,-0.954592354575833,0.));
#2927=DIRECTION('',(-0.346650057888094,-0.937994529496938,0.));
#2928=DIRECTION('',(-0.783497550415049,-0.621394873243752,0.));
#2929=DIRECTION('',(-0.847998410727432,-0.529998769247392,0.));
#2930=DIRECTION('',(-0.764522325758377,-0.644597248998941,0.));
#2931=DIRECTION('',(0.496138865777096,-0.868243183598591,0.));
#2932=DIRECTION('',(0.656178786006766,-0.754605460353082,0.));
#2933=DIRECTION('',(0.,-1.,0.));
#2934=DIRECTION('',(0.789352326322232,-0.613940473441588,0.));
#2935=DIRECTION('',(0.,-1.,0.));
#2936=DIRECTION('',(-0.360994299501521,-0.932568022037753,0.));
#2937=DIRECTION('',(-0.640663592430015,-0.76782169892148,0.));
#2938=DIRECTION('',(-0.978373118775837,0.206847867904995,0.));
#2939=DIRECTION('',(0.,0.,1.));
#2940=DIRECTION('',(0.773905606310818,0.633300965197974,0.));
#2941=DIRECTION('',(-0.633300965197974,0.773905606310818,0.));
#2942=DIRECTION('',(0.,0.,-1.));
#2943=DIRECTION('',(-1.,0.,0.));
#2944=DIRECTION('',(0.813906714663576,-0.580995576425108,0.));
#2945=DIRECTION('',(-0.633300965197974,0.773905606310818,0.));
#2946=DIRECTION('',(0.,0.,1.));
#2947=DIRECTION('',(0.773905606310818,0.633300965197974,0.));
#2948=DIRECTION('',(-0.978373118775837,0.206847867904995,0.));
#2949=DIRECTION('',(-0.640663592430015,-0.76782169892148,0.));
#2950=DIRECTION('',(-0.360994299501521,-0.932568022037753,0.));
#2951=DIRECTION('',(0.,-1.,0.));
#2952=DIRECTION('',(0.789352326322232,-0.613940473441588,0.));
#2953=DIRECTION('',(0.,-1.,0.));
#2954=DIRECTION('',(0.656178786006766,-0.754605460353082,0.));
#2955=DIRECTION('',(0.496138865777096,-0.868243183598591,0.));
#2956=DIRECTION('',(-0.764522325758377,-0.644597248998941,0.));
#2957=DIRECTION('',(-0.847998410727432,-0.529998769247392,0.));
#2958=DIRECTION('',(-0.783497550415049,-0.621394873243752,0.));
#2959=DIRECTION('',(-0.346650057888094,-0.937994529496938,0.));
#2960=DIRECTION('',(-0.297915149976242,-0.954592354575833,0.));
#2961=DIRECTION('',(0.320971600909284,-0.947088819176814,0.));
#2962=DIRECTION('',(0.645764561689098,-0.76353659432046,0.));
#2963=DIRECTION('',(0.76353659432046,0.645764561689098,0.));
#2964=DIRECTION('',(0.320971600909284,-0.947088819176814,0.));
#2965=DIRECTION('',(0.190370586647603,-0.981712299881919,0.));
#2966=DIRECTION('',(0.320971600909284,-0.947088819176814,0.));
#2967=DIRECTION('',(0.625329665369456,0.780360691993725,0.));
#2968=DIRECTION('',(0.267656589861909,0.963514374518353,0.));
#2969=DIRECTION('',(0.,1.,0.));
#2970=DIRECTION('',(-0.366490988425032,0.930421600890287,0.));
#2971=DIRECTION('',(0.945686582881852,0.325079816287086,0.));
#2972=DIRECTION('',(1.,0.,0.));
#2973=DIRECTION('',(0.986393930019645,0.164398950180346,0.));
#2974=DIRECTION('',(0.945686582881852,0.325079816287086,0.));
#2975=DIRECTION('',(0.733715371403405,0.679456955050402,0.));
#2976=DIRECTION('',(0.37139111534699,0.928476515287984,0.));
#2977=DIRECTION('',(-0.325079816287086,0.945686582881852,0.));
#2978=DIRECTION('',(-0.746660509461248,0.665205294334817,0.));
#2979=DIRECTION('',(-0.573462369492826,0.819231902928391,0.));
#2980=DIRECTION('',(0.,0.,-1.));
#2981=DIRECTION('',(-0.819231902928392,-0.573462369492826,0.));
#2982=DIRECTION('',(-0.580995576425108,-0.813906714663576,0.));
#2983=DIRECTION('',(0.813906714663576,-0.580995576425108,0.));
#2984=DIRECTION('',(0.,0.,-1.));
#2985=DIRECTION('',(0.,0.,-1.));
#2986=DIRECTION('',(0.,0.,-1.));
#2987=DIRECTION('',(-1.,0.,0.));
#2988=DIRECTION('',(0.,0.,-1.));
#2989=DIRECTION('',(-0.819231902928391,-0.573462369492826,0.));
#2990=DIRECTION('',(0.573462369492826,-0.819231902928391,0.));
#2991=DIRECTION('',(0.,0.,-1.));
#2992=DIRECTION('',(-0.665205294334817,-0.746660509461248,0.));
#2993=DIRECTION('',(0.746660509461248,-0.665205294334817,0.));
#2994=DIRECTION('',(0.,0.,-1.));
#2995=DIRECTION('',(-0.945686582881852,-0.325079816287086,0.));
#2996=DIRECTION('',(0.325079816287086,-0.945686582881852,0.));
#2997=DIRECTION('',(0.,0.,-1.));
#2998=DIRECTION('',(-0.928476515287984,0.37139111534699,0.));
#2999=DIRECTION('',(-0.37139111534699,-0.928476515287984,0.));
#3000=DIRECTION('',(0.,0.,-1.));
#3001=DIRECTION('',(-0.679456955050402,0.733715371403405,0.));
#3002=DIRECTION('',(-0.733715371403405,-0.679456955050402,0.));
#3003=DIRECTION('',(0.,0.,-1.));
#3004=DIRECTION('',(-0.325079816287086,0.945686582881852,0.));
#3005=DIRECTION('',(-0.945686582881852,-0.325079816287086,0.));
#3006=DIRECTION('',(0.,0.,-1.));
#3007=DIRECTION('',(-0.164398950180346,0.986393930019645,0.));
#3008=DIRECTION('',(-0.986393930019645,-0.164398950180346,0.));
#3009=DIRECTION('',(0.,0.,-1.));
#3010=DIRECTION('',(0.,1.,0.));
#3011=DIRECTION('',(0.,0.,1.));
#3012=DIRECTION('',(0.,0.,-1.));
#3013=DIRECTION('',(-0.325079816287086,0.945686582881852,0.));
#3014=DIRECTION('',(-0.945686582881852,-0.325079816287086,0.));
#3015=DIRECTION('',(0.,0.,-1.));
#3016=DIRECTION('',(-0.930421600890287,-0.366490988425032,0.));
#3017=DIRECTION('',(0.366490988425032,-0.930421600890287,0.));
#3018=DIRECTION('',(0.,0.,-1.));
#3019=DIRECTION('',(-1.,0.,0.));
#3020=DIRECTION('',(0.,0.,1.));
#3021=DIRECTION('',(0.,0.,-1.));
#3022=DIRECTION('',(-0.963514374518353,0.267656589861909,0.));
#3023=DIRECTION('',(-0.267656589861909,-0.963514374518353,0.));
#3024=DIRECTION('',(0.,0.,-1.));
#3025=DIRECTION('',(-0.780360691993725,0.625329665369456,0.));
#3026=DIRECTION('',(-0.625329665369456,-0.780360691993725,0.));
#3027=DIRECTION('',(0.,0.,-1.));
#3028=DIRECTION('',(0.947088819176814,0.320971600909284,0.));
#3029=DIRECTION('',(-0.320971600909284,0.947088819176814,0.));
#3030=DIRECTION('',(0.,0.,-1.));
#3031=DIRECTION('',(0.981712299881919,0.190370586647603,0.));
#3032=DIRECTION('',(-0.190370586647603,0.981712299881919,0.));
#3033=DIRECTION('',(0.,0.,-1.));
#3034=DIRECTION('',(0.947088819176814,0.320971600909284,0.));
#3035=DIRECTION('',(-0.320971600909284,0.947088819176814,0.));
#3036=DIRECTION('',(0.,0.,-1.));
#3037=DIRECTION('',(-0.645764561689098,0.76353659432046,0.));
#3038=DIRECTION('',(-0.76353659432046,-0.645764561689098,0.));
#3039=DIRECTION('',(0.,0.,-1.));
#3040=DIRECTION('',(0.76353659432046,0.645764561689098,0.));
#3041=DIRECTION('',(-0.645764561689098,0.76353659432046,0.));
#3042=DIRECTION('',(0.,0.,-1.));
#3043=DIRECTION('',(0.947088819176814,0.320971600909284,0.));
#3044=DIRECTION('',(-0.320971600909284,0.947088819176814,0.));
#3045=DIRECTION('',(0.,0.,-1.));
#3046=DIRECTION('',(0.954592354575833,-0.297915149976242,0.));
#3047=DIRECTION('',(0.297915149976242,0.954592354575833,0.));
#3048=DIRECTION('',(0.,0.,-1.));
#3049=DIRECTION('',(0.937994529496938,-0.346650057888094,0.));
#3050=DIRECTION('',(0.346650057888094,0.937994529496938,0.));
#3051=DIRECTION('',(0.,0.,-1.));
#3052=DIRECTION('',(0.621394873243752,-0.783497550415048,0.));
#3053=DIRECTION('',(0.783497550415048,0.621394873243752,0.));
#3054=DIRECTION('',(0.,0.,-1.));
#3055=DIRECTION('',(0.529998769247392,-0.847998410727432,0.));
#3056=DIRECTION('',(0.847998410727432,0.529998769247392,0.));
#3057=DIRECTION('',(0.,0.,-1.));
#3058=DIRECTION('',(0.644597248998941,-0.764522325758377,0.));
#3059=DIRECTION('',(0.764522325758377,0.644597248998941,0.));
#3060=DIRECTION('',(0.,0.,-1.));
#3061=DIRECTION('',(0.868243183598591,0.496138865777096,0.));
#3062=DIRECTION('',(-0.496138865777096,0.868243183598591,0.));
#3063=DIRECTION('',(0.,0.,-1.));
#3064=DIRECTION('',(0.754605460353082,0.656178786006766,0.));
#3065=DIRECTION('',(-0.656178786006766,0.754605460353082,0.));
#3066=DIRECTION('',(0.,0.,-1.));
#3067=DIRECTION('',(1.,0.,0.));
#3068=DIRECTION('',(0.,0.,-1.));
#3069=DIRECTION('',(0.,0.,-1.));
#3070=DIRECTION('',(0.613940473441588,0.789352326322232,0.));
#3071=DIRECTION('',(-0.789352326322232,0.613940473441588,0.));
#3072=DIRECTION('',(0.,0.,-1.));
#3073=DIRECTION('',(1.,0.,0.));
#3074=DIRECTION('',(0.,0.,-1.));
#3075=DIRECTION('',(0.,0.,-1.));
#3076=DIRECTION('',(0.932568022037753,-0.360994299501521,0.));
#3077=DIRECTION('',(0.360994299501521,0.932568022037753,0.));
#3078=DIRECTION('',(0.,0.,-1.));
#3079=DIRECTION('',(0.76782169892148,-0.640663592430015,0.));
#3080=DIRECTION('',(0.640663592430015,0.76782169892148,0.));
#3081=DIRECTION('',(0.,0.,-1.));
#3082=DIRECTION('',(-0.206847867904995,-0.978373118775837,0.));
#3083=DIRECTION('',(0.978373118775837,-0.206847867904995,0.));
#3084=DIRECTION('',(0.,0.,-1.));
#3085=DIRECTION('',(0.,0.,-1.));
#3086=DIRECTION('',(-1.,0.,0.));
#3087=DIRECTION('',(0.,0.,-1.));
#3088=DIRECTION('',(-0.773905606310818,-0.633300965197974,0.));
#3089=DIRECTION('',(0.633300965197974,-0.773905606310818,0.));
#3090=CARTESIAN_POINT('',(0.,0.,0.));
#3091=CARTESIAN_POINT('',(0.029239354455558,0.0448462924117061,0.0127));
#3092=CARTESIAN_POINT('',(0.029239354455558,0.0448462924117061,0.));
#3093=CARTESIAN_POINT('',(0.0305560508724357,0.0439063876536811,0.));
#3094=CARTESIAN_POINT('',(0.0279226580386801,0.0457861971697311,0.));
#3095=CARTESIAN_POINT('',(0.0305560508724357,0.0439063876536811,0.0127));
#3096=CARTESIAN_POINT('',(0.0305560508724357,0.0439063876536811,0.0147));
#3097=CARTESIAN_POINT('',(0.029239354455558,0.0448462924117061,0.0147));
#3098=CARTESIAN_POINT('',(0.0279226580386801,0.0457861971697311,0.0147));
#3099=CARTESIAN_POINT('',(0.0279226580386801,0.0457861971697311,0.0127));
#3100=CARTESIAN_POINT('',(0.0262898511285411,0.047781517706444,0.0127));
#3101=CARTESIAN_POINT('',(0.0262898511285411,0.047781517706444,0.));
#3102=CARTESIAN_POINT('',(0.0249039261861395,0.0494751438680832,0.));
#3103=CARTESIAN_POINT('',(0.0262898511285411,0.047781517706444,0.0147));
#3104=CARTESIAN_POINT('',(0.0249039261861395,0.0494751438680832,0.0147));
#3105=CARTESIAN_POINT('',(0.0249039261861395,0.0494751438680832,0.0127));
#3106=CARTESIAN_POINT('',(0.0134336572590565,0.0400888151952236,0.0127));
#3107=CARTESIAN_POINT('',(0.0134336572590565,0.0400888151952236,0.));
#3108=CARTESIAN_POINT('',(0.0146702083773388,0.0548584183228105,0.));
#3109=CARTESIAN_POINT('',(0.0134336572590565,0.0400888151952236,0.0147));
#3110=CARTESIAN_POINT('',(0.0146702083773388,0.0548584183228105,0.0147));
#3111=CARTESIAN_POINT('',(0.0146702083773388,0.0548584183228105,0.0127));
#3112=CARTESIAN_POINT('',(0.00894977501031199,0.0560678336499023,0.0127));
#3113=CARTESIAN_POINT('',(0.00894977501031199,0.0560678336499023,0.));
#3114=CARTESIAN_POINT('',(1.3010426069826E-18,0.0579599971237197,0.));
#3115=CARTESIAN_POINT('',(0.00894977501031199,0.0560678336499023,0.0147));
#3116=CARTESIAN_POINT('',(1.3010426069826E-18,0.0579599971237197,0.0147));
#3117=CARTESIAN_POINT('',(1.3010426069826E-18,0.0579599971237197,0.0127));
#3118=CARTESIAN_POINT('',(-0.00183565140839043,0.0557600079255323,0.0127));
#3119=CARTESIAN_POINT('',(-0.00183565140839043,0.0557600079255323,0.));
#3120=CARTESIAN_POINT('',(-0.00367130281678085,0.053560018727345,0.));
#3121=CARTESIAN_POINT('',(-0.00183565140839043,0.0557600079255323,0.0147));
#3122=CARTESIAN_POINT('',(-0.00367130281678085,0.053560018727345,0.0147));
#3123=CARTESIAN_POINT('',(-0.00367130281678085,0.053560018727345,0.0127));
#3124=CARTESIAN_POINT('',(-0.00461415548436731,0.0511243175306827,0.0127));
#3125=CARTESIAN_POINT('',(-0.00461415548436731,0.0511243175306827,0.));
#3126=CARTESIAN_POINT('',(-0.00555700815195377,0.0486886163340204,0.));
#3127=CARTESIAN_POINT('',(-0.00461415548436731,0.0511243175306827,0.0147));
#3128=CARTESIAN_POINT('',(-0.00555700815195377,0.0486886163340204,0.0147));
#3129=CARTESIAN_POINT('',(-0.00555700815195377,0.0486886163340204,0.0127));
#3130=CARTESIAN_POINT('',(-0.00555700815195377,0.0460172002627682,0.0127));
#3131=CARTESIAN_POINT('',(-0.00555700815195377,0.0460172002627682,0.));
#3132=CARTESIAN_POINT('',(-0.00555700815195377,0.0433457841915161,0.));
#3133=CARTESIAN_POINT('',(-0.00555700815195377,0.0460172002627682,0.0147));
#3134=CARTESIAN_POINT('',(-0.00555700815195377,0.0433457841915161,0.0147));
#3135=CARTESIAN_POINT('',(-0.00555700815195377,0.0433457841915161,0.0127));
#3136=CARTESIAN_POINT('',(-0.0034355901442165,0.0416957930119043,0.0127));
#3137=CARTESIAN_POINT('',(-0.0034355901442165,0.0416957930119043,0.));
#3138=CARTESIAN_POINT('',(-0.00131417213647922,0.0400458018322925,0.));
#3139=CARTESIAN_POINT('',(-0.0034355901442165,0.0416957930119043,0.0147));
#3140=CARTESIAN_POINT('',(-0.00131417213647922,0.0400458018322925,0.0147));
#3141=CARTESIAN_POINT('',(-0.00131417213647922,0.0400458018322925,0.0127));
#3142=CARTESIAN_POINT('',(-0.00131417213647922,0.0387886649421772,0.0127));
#3143=CARTESIAN_POINT('',(-0.00131417213647922,0.0387886649421772,0.));
#3144=CARTESIAN_POINT('',(-0.00131417213647922,0.037531528052062,0.));
#3145=CARTESIAN_POINT('',(-0.00131417213647922,0.0387886649421772,0.0147));
#3146=CARTESIAN_POINT('',(-0.00131417213647922,0.037531528052062,0.0147));
#3147=CARTESIAN_POINT('',(-0.00131417213647922,0.037531528052062,0.0127));
#3148=CARTESIAN_POINT('',(0.000257248571711217,0.0357243945814286,0.0127));
#3149=CARTESIAN_POINT('',(0.000257248571711217,0.0357243945814286,0.));
#3150=CARTESIAN_POINT('',(0.00182866927990165,0.0339172611107952,0.));
#3151=CARTESIAN_POINT('',(0.000257248571711217,0.0357243945814286,0.0147));
#3152=CARTESIAN_POINT('',(0.00182866927990165,0.0339172611107952,0.0147));
#3153=CARTESIAN_POINT('',(0.00182866927990165,0.0339172611107952,0.0127));
#3154=CARTESIAN_POINT('',(0.00308580572062397,0.0317172719126078,0.0127));
#3155=CARTESIAN_POINT('',(0.00308580572062397,0.0317172719126078,0.));
#3156=CARTESIAN_POINT('',(0.00434294216134629,0.0295172827144205,0.));
#3157=CARTESIAN_POINT('',(0.00308580572062397,0.0317172719126078,0.0147));
#3158=CARTESIAN_POINT('',(0.00434294216134629,0.0295172827144205,0.0147));
#3159=CARTESIAN_POINT('',(0.00434294216134629,0.0295172827144205,0.0127));
#3160=CARTESIAN_POINT('',(0.00434294216134629,0.0281815746787943,0.0127));
#3161=CARTESIAN_POINT('',(0.00434294216134629,0.0281815746787943,0.));
#3162=CARTESIAN_POINT('',(0.00434294216134629,0.0268458666431683,0.));
#3163=CARTESIAN_POINT('',(0.00434294216134629,0.0281815746787943,0.0147));
#3164=CARTESIAN_POINT('',(0.00434294216134629,0.0268458666431683,0.0147));
#3165=CARTESIAN_POINT('',(0.00434294216134629,0.0268458666431683,0.0127));
#3166=CARTESIAN_POINT('',(0.000335819672282717,0.0234673124194052,0.0127));
#3167=CARTESIAN_POINT('',(0.000335819672282717,0.0234673124194052,0.));
#3168=CARTESIAN_POINT('',(-0.00367130281678085,0.020088758195642,0.));
#3169=CARTESIAN_POINT('',(0.000335819672282717,0.0234673124194052,0.0147));
#3170=CARTESIAN_POINT('',(-0.00367130281678085,0.020088758195642,0.0147));
#3171=CARTESIAN_POINT('',(-0.00367130281678085,0.020088758195642,0.0127));
#3172=CARTESIAN_POINT('',(-0.00744271258834077,0.0177316281444906,0.0127));
#3173=CARTESIAN_POINT('',(-0.00744271258834077,0.0177316281444906,0.));
#3174=CARTESIAN_POINT('',(-0.0112141223599007,0.0153744980933391,0.));
#3175=CARTESIAN_POINT('',(-0.00744271258834077,0.0177316281444906,0.0147));
#3176=CARTESIAN_POINT('',(-0.0112141223599007,0.0153744980933391,0.0147));
#3177=CARTESIAN_POINT('',(-0.0112141223599007,0.0153744980933391,0.0127));
#3178=CARTESIAN_POINT('',(-0.0134926823440845,0.0135673635441626,0.0127));
#3179=CARTESIAN_POINT('',(-0.0134926823440845,0.0135673635441626,0.));
#3180=CARTESIAN_POINT('',(-0.0157712423282683,0.0117602289949861,0.));
#3181=CARTESIAN_POINT('',(-0.0134926823440845,0.0135673635441626,0.0147));
#3182=CARTESIAN_POINT('',(-0.0157712423282683,0.0117602289949861,0.0147));
#3183=CARTESIAN_POINT('',(-0.0157712423282683,0.0117602289949861,0.0127));
#3184=CARTESIAN_POINT('',(-0.0171069496448657,0.00814596115493341,0.0127));
#3185=CARTESIAN_POINT('',(-0.0171069496448657,0.00814596115493341,0.));
#3186=CARTESIAN_POINT('',(-0.018442656961463,0.00453169331488072,0.));
#3187=CARTESIAN_POINT('',(-0.0171069496448657,0.00814596115493341,0.0147));
#3188=CARTESIAN_POINT('',(-0.018442656961463,0.00453169331488072,0.0147));
#3189=CARTESIAN_POINT('',(-0.018442656961463,0.00453169331488072,0.0127));
#3190=CARTESIAN_POINT('',(-0.0191497965520314,0.00226584665744036,0.0127));
#3191=CARTESIAN_POINT('',(-0.0191497965520314,0.00226584665744036,0.));
#3192=CARTESIAN_POINT('',(-0.0198569361425999,-4.33680868994202E-19,0.));
#3193=CARTESIAN_POINT('',(-0.0191497965520314,0.00226584665744036,0.0147));
#3194=CARTESIAN_POINT('',(-0.0198569361425999,-4.33680868994202E-19,0.0147));
#3195=CARTESIAN_POINT('',(-0.0198569361425999,-4.33680868994202E-19,0.0127));
#3196=CARTESIAN_POINT('',(-0.0185212281069737,-0.00394126502981058,0.0127));
#3197=CARTESIAN_POINT('',(-0.0185212281069737,-0.00394126502981058,0.));
#3198=CARTESIAN_POINT('',(-0.0171855200713477,-0.00788253005962117,0.));
#3199=CARTESIAN_POINT('',(-0.0185212281069737,-0.00394126502981058,0.0147));
#3200=CARTESIAN_POINT('',(-0.0171855200713477,-0.00788253005962117,0.0147));
#3201=CARTESIAN_POINT('',(-0.0171855200713477,-0.00788253005962117,0.0127));
#3202=CARTESIAN_POINT('',(-0.0141998212156242,-0.0114127490762899,0.0127));
#3203=CARTESIAN_POINT('',(-0.0141998212156242,-0.0114127490762899,0.));
#3204=CARTESIAN_POINT('',(-0.0112141223599007,-0.0149429680929587,0.));
#3205=CARTESIAN_POINT('',(-0.0141998212156242,-0.0114127490762899,0.0147));
#3206=CARTESIAN_POINT('',(-0.0112141223599007,-0.0149429680929587,0.0147));
#3207=CARTESIAN_POINT('',(-0.0112141223599007,-0.0149429680929587,0.0127));
#3208=CARTESIAN_POINT('',(-0.00954315081180648,-0.0135297362748945,0.0127));
#3209=CARTESIAN_POINT('',(-0.00954315081180648,-0.0135297362748945,0.));
#3210=CARTESIAN_POINT('',(-0.00787217926371228,-0.0121165044568304,0.));
#3211=CARTESIAN_POINT('',(-0.00954315081180648,-0.0135297362748945,0.0147));
#3212=CARTESIAN_POINT('',(-0.00787217926371228,-0.0121165044568304,0.0147));
#3213=CARTESIAN_POINT('',(-0.00787217926371228,-0.0121165044568304,0.0127));
#3214=CARTESIAN_POINT('',(-0.00577174104024657,-0.0183142538875603,0.0127));
#3215=CARTESIAN_POINT('',(-0.00577174104024657,-0.0183142538875603,0.));
#3216=CARTESIAN_POINT('',(-0.00131417213647922,-0.0314671735150557,0.));
#3217=CARTESIAN_POINT('',(-0.00577174104024657,-0.0183142538875603,0.0147));
#3218=CARTESIAN_POINT('',(-0.00131417213647922,-0.0314671735150557,0.0147));
#3219=CARTESIAN_POINT('',(-0.00131417213647922,-0.0314671735150557,0.0127));
#3220=CARTESIAN_POINT('',(-0.000657086068239602,-0.0348556669090796,0.0127));
#3221=CARTESIAN_POINT('',(-0.000657086068239602,-0.0348556669090796,0.));
#3222=CARTESIAN_POINT('',(1.24683249835833E-17,-0.0382441603031037,0.));
#3223=CARTESIAN_POINT('',(-0.000657086068239602,-0.0348556669090796,0.0147));
#3224=CARTESIAN_POINT('',(1.24683249835833E-17,-0.0382441603031037,0.0147));
#3225=CARTESIAN_POINT('',(1.24683249835833E-17,-0.0382441603031037,0.0127));
#3226=CARTESIAN_POINT('',(0.000914334639950827,-0.040942081589692,0.0127));
#3227=CARTESIAN_POINT('',(0.000914334639950827,-0.040942081589692,0.));
#3228=CARTESIAN_POINT('',(0.00182866927990166,-0.0436400028762803,0.));
#3229=CARTESIAN_POINT('',(0.000914334639950827,-0.040942081589692,0.0147));
#3230=CARTESIAN_POINT('',(0.00182866927990166,-0.0436400028762803,0.0147));
#3231=CARTESIAN_POINT('',(0.00182866927990166,-0.0436400028762803,0.0127));
#3232=CARTESIAN_POINT('',(0.00420262235638509,-0.0406775020257397,0.0127));
#3233=CARTESIAN_POINT('',(0.00420262235638509,-0.0406775020257397,0.));
#3234=CARTESIAN_POINT('',(0.00657657543286854,-0.0377150011751992,0.));
#3235=CARTESIAN_POINT('',(0.00420262235638509,-0.0406775020257397,0.0147));
#3236=CARTESIAN_POINT('',(0.00657657543286854,-0.0377150011751992,0.0147));
#3237=CARTESIAN_POINT('',(0.00657657543286854,-0.0377150011751992,0.0127));
#3238=CARTESIAN_POINT('',(0.00794853653757858,-0.0327761941525505,0.0127));
#3239=CARTESIAN_POINT('',(0.00794853653757858,-0.0327761941525505,0.));
#3240=CARTESIAN_POINT('',(0.00932049764228862,-0.0278373871299018,0.));
#3241=CARTESIAN_POINT('',(0.00794853653757858,-0.0327761941525505,0.0147));
#3242=CARTESIAN_POINT('',(0.00932049764228862,-0.0278373871299018,0.0147));
#3243=CARTESIAN_POINT('',(0.00932049764228862,-0.0278373871299018,0.0127));
#3244=CARTESIAN_POINT('',(0.00932049764228862,-0.0236041256111257,0.0127));
#3245=CARTESIAN_POINT('',(0.00932049764228862,-0.0236041256111257,0.));
#3246=CARTESIAN_POINT('',(0.00932049764228862,-0.0193708640923496,0.));
#3247=CARTESIAN_POINT('',(0.00932049764228862,-0.0236041256111257,0.0147));
#3248=CARTESIAN_POINT('',(0.00932049764228862,-0.0193708640923496,0.0147));
#3249=CARTESIAN_POINT('',(0.00932049764228862,-0.0193708640923496,0.0127));
#3250=CARTESIAN_POINT('',(0.00773891018242216,-0.0153556408458496,0.0127));
#3251=CARTESIAN_POINT('',(0.00773891018242216,-0.0153556408458496,0.));
#3252=CARTESIAN_POINT('',(0.00615732272255569,-0.0113404175993495,0.));
#3253=CARTESIAN_POINT('',(0.00773891018242216,-0.0153556408458496,0.0147));
#3254=CARTESIAN_POINT('',(0.00615732272255569,-0.0113404175993495,0.0147));
#3255=CARTESIAN_POINT('',(0.00615732272255569,-0.0113404175993495,0.0127));
#3256=CARTESIAN_POINT('',(0.00437436668286831,-0.00819402570897542,0.0127));
#3257=CARTESIAN_POINT('',(0.00437436668286831,-0.00819402570897542,0.));
#3258=CARTESIAN_POINT('',(0.00259141064318093,-0.0050476338186013,0.));
#3259=CARTESIAN_POINT('',(0.00437436668286831,-0.00819402570897542,0.0147));
#3260=CARTESIAN_POINT('',(0.00259141064318093,-0.0050476338186013,0.0147));
#3261=CARTESIAN_POINT('',(0.00259141064318093,-0.0050476338186013,0.0127));
#3262=CARTESIAN_POINT('',(0.00930371452305122,-0.00274027898072058,0.0127));
#3263=CARTESIAN_POINT('',(0.00930371452305122,-0.00274027898072058,0.));
#3264=CARTESIAN_POINT('',(0.0160160184029215,-0.000432924142839851,0.));
#3265=CARTESIAN_POINT('',(0.00930371452305122,-0.00274027898072058,0.0147));
#3266=CARTESIAN_POINT('',(0.0160160184029215,-0.000432924142839851,0.0147));
#3267=CARTESIAN_POINT('',(0.0160160184029215,-0.000432924142839851,0.0127));
#3268=CARTESIAN_POINT('',(0.0181136135956949,-0.000432924142839851,0.0127));
#3269=CARTESIAN_POINT('',(0.0181136135956949,-0.000432924142839851,0.));
#3270=CARTESIAN_POINT('',(0.0202112087884683,-0.000432924142839851,0.));
#3271=CARTESIAN_POINT('',(0.0181136135956949,-0.000432924142839851,0.0147));
#3272=CARTESIAN_POINT('',(0.0202112087884683,-0.000432924142839851,0.0147));
#3273=CARTESIAN_POINT('',(0.0202112087884683,-0.000432924142839851,0.0127));
#3274=CARTESIAN_POINT('',(0.02524543739493,0.000406113763500169,0.0127));
#3275=CARTESIAN_POINT('',(0.02524543739493,0.000406113763500169,0.));
#3276=CARTESIAN_POINT('',(0.0302796660013918,0.00124515166984019,0.));
#3277=CARTESIAN_POINT('',(0.02524543739493,0.000406113763500169,0.0147));
#3278=CARTESIAN_POINT('',(0.0302796660013918,0.00124515166984019,0.0147));
#3279=CARTESIAN_POINT('',(0.0302796660013918,0.00124515166984019,0.0127));
#3280=CARTESIAN_POINT('',(0.0355498501852468,0.00305677778075087,0.0127));
#3281=CARTESIAN_POINT('',(0.0355498501852468,0.00305677778075087,0.));
#3282=CARTESIAN_POINT('',(0.0408200343691017,0.00486840389166155,0.));
#3283=CARTESIAN_POINT('',(0.0355498501852468,0.00305677778075087,0.0147));
#3284=CARTESIAN_POINT('',(0.0408200343691017,0.00486840389166155,0.0147));
#3285=CARTESIAN_POINT('',(0.0408200343691017,0.00486840389166155,0.0127));
#3286=CARTESIAN_POINT('',(0.0429072268238198,0.00680124799601,0.0127));
#3287=CARTESIAN_POINT('',(0.0429072268238198,0.00680124799601,0.));
#3288=CARTESIAN_POINT('',(0.0452755023299505,0.00899438899704717,0.));
#3289=CARTESIAN_POINT('',(0.0429072268238198,0.00680124799601,0.0147));
#3290=CARTESIAN_POINT('',(0.0452755023299505,0.00899438899704717,0.0147));
#3291=CARTESIAN_POINT('',(0.0452755023299505,0.00899438899704717,0.0127));
#3292=CARTESIAN_POINT('',(0.0467438208343665,0.0126651802248862,0.0127));
#3293=CARTESIAN_POINT('',(0.0467438208343665,0.0126651802248862,0.));
#3294=CARTESIAN_POINT('',(0.0482121393387826,0.0163359714527252,0.));
#3295=CARTESIAN_POINT('',(0.0467438208343665,0.0126651802248862,0.0147));
#3296=CARTESIAN_POINT('',(0.0482121393387826,0.0163359714527252,0.0147));
#3297=CARTESIAN_POINT('',(0.0482121393387826,0.0163359714527252,0.0127));
#3298=CARTESIAN_POINT('',(0.0473506595408579,0.0188420940893937,0.0127));
#3299=CARTESIAN_POINT('',(0.0473506595408579,0.0188420940893937,0.));
#3300=CARTESIAN_POINT('',(0.0452755023299505,0.0248789140745281,0.));
#3301=CARTESIAN_POINT('',(0.0473506595408579,0.0188420940893937,0.0147));
#3302=CARTESIAN_POINT('',(0.0452755023299505,0.0248789140745281,0.0147));
#3303=CARTESIAN_POINT('',(0.0452755023299505,0.0248789140745281,0.0127));
#3304=CARTESIAN_POINT('',(0.0426535094175268,0.0272148666861254,0.0127));
#3305=CARTESIAN_POINT('',(0.0426535094175268,0.0272148666861254,0.));
#3306=CARTESIAN_POINT('',(0.0400315165051033,0.0295508192977227,0.));
#3307=CARTESIAN_POINT('',(0.0426535094175268,0.0272148666861254,0.0147));
#3308=CARTESIAN_POINT('',(0.0400315165051033,0.0295508192977227,0.0147));
#3309=CARTESIAN_POINT('',(0.0400315165051033,0.0295508192977227,0.0127));
#3310=CARTESIAN_POINT('',(0.0378290409055653,0.0326972128059115,0.0127));
#3311=CARTESIAN_POINT('',(0.0378290409055653,0.0326972128059115,0.));
#3312=CARTESIAN_POINT('',(0.032639292152272,0.0401111391122546,0.));
#3313=CARTESIAN_POINT('',(0.0378290409055653,0.0326972128059115,0.0147));
#3314=CARTESIAN_POINT('',(0.032639292152272,0.0401111391122546,0.0147));
#3315=CARTESIAN_POINT('',(0.032639292152272,0.0401111391122546,0.0127));
#3316=CARTESIAN_POINT('',(0.0304199374668538,0.0465001508559025,0.0127));
#3317=CARTESIAN_POINT('',(0.0304199374668538,0.0465001508559025,0.));
#3318=CARTESIAN_POINT('',(0.0322238408252263,0.0452124604454037,0.));
#3319=CARTESIAN_POINT('',(0.0293236972335191,0.047282686145011,0.));
#3320=CARTESIAN_POINT('',(0.0293236972335191,0.047282686145011,0.0127));
#3321=CARTESIAN_POINT('',(0.0293236972335191,0.047282686145011,0.0127));
#3322=CARTESIAN_POINT('',(0.0304199374668538,0.0465001508559025,0.0127));
#3323=CARTESIAN_POINT('',(0.0322238408252263,0.0452124604454037,0.0127));
#3324=CARTESIAN_POINT('',(0.0322238408252263,0.0452124604454037,0.0127));
#3325=CARTESIAN_POINT('',(0.0489827968727508,0.0515515931635689,0.0127));
#3326=CARTESIAN_POINT('',(0.0489827968727508,0.0515515931635689,0.));
#3327=CARTESIAN_POINT('',(0.0343039713790224,0.0412764146470641,0.));
#3328=CARTESIAN_POINT('',(0.0489827968727508,0.0515515931635689,0.0127));
#3329=CARTESIAN_POINT('',(0.0343039713790224,0.0412764146470641,0.0127));
#3330=CARTESIAN_POINT('',(0.0343039713790224,0.0412764146470641,0.0127));
#3331=CARTESIAN_POINT('',(0.0363895609704987,0.0382970011394894,0.0127));
#3332=CARTESIAN_POINT('',(0.0363895609704987,0.0382970011394894,0.));
#3333=CARTESIAN_POINT('',(0.0415602360863047,0.0309103228849204,0.));
#3334=CARTESIAN_POINT('',(0.0363895609704987,0.0382970011394894,0.0127));
#3335=CARTESIAN_POINT('',(0.0415602360863047,0.0309103228849204,0.0127));
#3336=CARTESIAN_POINT('',(0.0415602360863047,0.0309103228849204,0.0127));
#3337=CARTESIAN_POINT('',(0.0440052065756152,0.0287320808413506,0.0127));
#3338=CARTESIAN_POINT('',(0.0440052065756152,0.0287320808413506,0.));
#3339=CARTESIAN_POINT('',(0.0470242641230401,0.0260423804500743,0.));
#3340=CARTESIAN_POINT('',(0.0440052065756152,0.0287320808413506,0.0127));
#3341=CARTESIAN_POINT('',(0.0470242641230401,0.0260423804500743,0.0127));
#3342=CARTESIAN_POINT('',(0.0470242641230401,0.0260423804500743,0.0127));
#3343=CARTESIAN_POINT('',(0.0478039761728578,0.0237741275869905,0.0127));
#3344=CARTESIAN_POINT('',(0.0478039761728578,0.0237741275869905,0.));
#3345=CARTESIAN_POINT('',(0.0503792506357414,0.0162824212897391,0.));
#3346=CARTESIAN_POINT('',(0.0478039761728578,0.0237741275869905,0.0127));
#3347=CARTESIAN_POINT('',(0.0503792506357414,0.0162824212897391,0.0127));
#3348=CARTESIAN_POINT('',(0.0503792506357414,0.0162824212897391,0.0127));
#3349=CARTESIAN_POINT('',(0.0486304851134317,0.0119105134785011,0.0127));
#3350=CARTESIAN_POINT('',(0.0486304851134317,0.0119105134785011,0.));
#3351=CARTESIAN_POINT('',(0.0469921135113605,0.00781459008944361,0.));
#3352=CARTESIAN_POINT('',(0.0486304851134317,0.0119105134785011,0.0127));
#3353=CARTESIAN_POINT('',(0.0469921135113605,0.00781459008944361,0.0127));
#3354=CARTESIAN_POINT('',(0.0469921135113605,0.00781459008944361,0.0127));
#3355=CARTESIAN_POINT('',(0.0442878833564821,0.00531033836131828,0.0127));
#3356=CARTESIAN_POINT('',(0.0442878833564821,0.00531033836131828,0.));
#3357=CARTESIAN_POINT('',(0.041886088260539,0.00308615655165674,0.));
#3358=CARTESIAN_POINT('',(0.0442878833564821,0.00531033836131828,0.0127));
#3359=CARTESIAN_POINT('',(0.041886088260539,0.00308615655165674,0.0127));
#3360=CARTESIAN_POINT('',(0.041886088260539,0.00308615655165674,0.0127));
#3361=CARTESIAN_POINT('',(0.0362104123719421,0.00113514264433495,0.0127));
#3362=CARTESIAN_POINT('',(0.0362104123719421,0.00113514264433495,0.));
#3363=CARTESIAN_POINT('',(0.0307804160084193,-0.00073141891236428,0.));
#3364=CARTESIAN_POINT('',(0.0362104123719421,0.00113514264433495,0.0127));
#3365=CARTESIAN_POINT('',(0.0307804160084193,-0.00073141891236428,0.0127));
#3366=CARTESIAN_POINT('',(0.0307804160084193,-0.00073141891236428,0.0127));
#3367=CARTESIAN_POINT('',(0.0255794960616965,-0.00159823870229975,0.0127));
#3368=CARTESIAN_POINT('',(0.0255794960616965,-0.00159823870229975,0.));
#3369=CARTESIAN_POINT('',(0.020379382211533,-0.00246492414283985,0.));
#3370=CARTESIAN_POINT('',(0.0255794960616965,-0.00159823870229975,0.0127));
#3371=CARTESIAN_POINT('',(0.020379382211533,-0.00246492414283985,0.0127));
#3372=CARTESIAN_POINT('',(0.020379382211533,-0.00246492414283985,0.0127));
#3373=CARTESIAN_POINT('',(0.0181136135956949,-0.00246492414283985,0.0127));
#3374=CARTESIAN_POINT('',(0.0181136135956949,-0.00246492414283985,0.));
#3375=CARTESIAN_POINT('',(0.0163555192210425,-0.00246492414283985,0.));
#3376=CARTESIAN_POINT('',(0.0181136135956949,-0.00246492414283985,0.0127));
#3377=CARTESIAN_POINT('',(0.0163555192210425,-0.00246492414283985,0.0127));
#3378=CARTESIAN_POINT('',(0.0163555192210425,-0.00246492414283985,0.0127));
#3379=CARTESIAN_POINT('',(0.00996427670974658,-0.0046619141171365,0.0127));
#3380=CARTESIAN_POINT('',(0.00996427670974658,-0.0046619141171365,0.));
#3381=CARTESIAN_POINT('',(0.00556529443045919,-0.00617406452413826,0.));
#3382=CARTESIAN_POINT('',(0.00996427670974658,-0.0046619141171365,0.0127));
#3383=CARTESIAN_POINT('',(0.00556529443045919,-0.00617406452413826,0.0127));
#3384=CARTESIAN_POINT('',(0.00556529443045919,-0.00617406452413826,0.0127));
#3385=CARTESIAN_POINT('',(0.00614225161143904,-0.00719222389258036,0.0127));
#3386=CARTESIAN_POINT('',(0.00614225161143904,-0.00719222389258036,0.));
#3387=CARTESIAN_POINT('',(0.00799560678917988,-0.0104628495117342,0.));
#3388=CARTESIAN_POINT('',(0.00614225161143904,-0.00719222389258036,0.0127));
#3389=CARTESIAN_POINT('',(0.00799560678917988,-0.0104628495117342,0.0127));
#3390=CARTESIAN_POINT('',(0.00799560678917988,-0.0104628495117342,0.0127));
#3391=CARTESIAN_POINT('',(0.00962952687543122,-0.0146109311573699,0.0127));
#3392=CARTESIAN_POINT('',(0.00962952687543122,-0.0146109311573699,0.));
#3393=CARTESIAN_POINT('',(0.0113524976422886,-0.0189850884213065,0.));
#3394=CARTESIAN_POINT('',(0.00962952687543122,-0.0146109311573699,0.0127));
#3395=CARTESIAN_POINT('',(0.0113524976422886,-0.0189850884213065,0.0127));
#3396=CARTESIAN_POINT('',(0.0113524976422886,-0.0189850884213065,0.0127));
#3397=CARTESIAN_POINT('',(0.0113524976422886,-0.0236041256111257,0.0127));
#3398=CARTESIAN_POINT('',(0.0113524976422886,-0.0236041256111257,0.));
#3399=CARTESIAN_POINT('',(0.0113524976422886,-0.0281143793422622,0.));
#3400=CARTESIAN_POINT('',(0.0113524976422886,-0.0236041256111257,0.0127));
#3401=CARTESIAN_POINT('',(0.0113524976422886,-0.0281143793422622,0.0127));
#3402=CARTESIAN_POINT('',(0.0113524976422886,-0.0281143793422622,0.0127));
#3403=CARTESIAN_POINT('',(0.00990639774659987,-0.0333200723431499,0.0127));
#3404=CARTESIAN_POINT('',(0.00990639774659987,-0.0333200723431499,0.));
#3405=CARTESIAN_POINT('',(0.00842288588411551,-0.0386604415266982,0.));
#3406=CARTESIAN_POINT('',(0.00990639774659987,-0.0333200723431499,0.0127));
#3407=CARTESIAN_POINT('',(0.00842288588411551,-0.0386604415266982,0.0127));
#3408=CARTESIAN_POINT('',(0.00842288588411551,-0.0386604415266982,0.0127));
#3409=CARTESIAN_POINT('',(0.00578831528251634,-0.0419481719057705,0.0127));
#3410=CARTESIAN_POINT('',(0.00578831528251634,-0.0419481719057705,0.));
#3411=CARTESIAN_POINT('',(0.00109478582868114,-0.04780531589769,0.));
#3412=CARTESIAN_POINT('',(0.00578831528251634,-0.0419481719057705,0.0127));
#3413=CARTESIAN_POINT('',(0.00109478582868114,-0.04780531589769,0.0127));
#3414=CARTESIAN_POINT('',(0.00109478582868114,-0.04780531589769,0.0127));
#3415=CARTESIAN_POINT('',(-0.00101014984061646,-0.0415942958827396,0.0127));
#3416=CARTESIAN_POINT('',(-0.00101014984061646,-0.0415942958827396,0.));
#3417=CARTESIAN_POINT('',(-0.0019686465496092,-0.0387660658657128,0.));
#3418=CARTESIAN_POINT('',(-0.00101014984061646,-0.0415942958827396,0.0127));
#3419=CARTESIAN_POINT('',(-0.0019686465496092,-0.0387660658657128,0.0127));
#3420=CARTESIAN_POINT('',(-0.0019686465496092,-0.0387660658657128,0.0127));
#3421=CARTESIAN_POINT('',(-0.00265192546159967,-0.0352424999411476,0.0127));
#3422=CARTESIAN_POINT('',(-0.00265192546159967,-0.0352424999411476,0.));
#3423=CARTESIAN_POINT('',(-0.00328281868608839,-0.0319890790776648,0.));
#3424=CARTESIAN_POINT('',(-0.00265192546159967,-0.0352424999411476,0.0127));
#3425=CARTESIAN_POINT('',(-0.00328281868608839,-0.0319890790776648,0.0127));
#3426=CARTESIAN_POINT('',(-0.00328281868608839,-0.0319890790776648,0.0127));
#3427=CARTESIAN_POINT('',(-0.00441722195719733,-0.0286418027097206,0.0127));
#3428=CARTESIAN_POINT('',(-0.00441722195719733,-0.0286418027097206,0.));
#3429=CARTESIAN_POINT('',(-0.00883873484498714,-0.0155952733345082,0.));
#3430=CARTESIAN_POINT('',(-0.00441722195719733,-0.0286418027097206,0.0127));
#3431=CARTESIAN_POINT('',(-0.00883873484498714,-0.0155952733345082,0.0127));
#3432=CARTESIAN_POINT('',(-0.00883873484498714,-0.0155952733345082,0.0127));
#3433=CARTESIAN_POINT('',(-0.00823095722245423,-0.0150812426345537,0.0127));
#3434=CARTESIAN_POINT('',(-0.00823095722245423,-0.0150812426345537,0.));
#3435=CARTESIAN_POINT('',(-0.0114534351302076,-0.0178066680419701,0.));
#3436=CARTESIAN_POINT('',(-0.00823095722245423,-0.0150812426345537,0.0127));
#3437=CARTESIAN_POINT('',(-0.0114534351302076,-0.0178066680419701,0.0127));
#3438=CARTESIAN_POINT('',(-0.0114534351302076,-0.0178066680419701,0.0127));
#3439=CARTESIAN_POINT('',(-0.0157513275752834,-0.0127249426656422,0.0127));
#3440=CARTESIAN_POINT('',(-0.0157513275752834,-0.0127249426656422,0.));
#3441=CARTESIAN_POINT('',(-0.018986169953393,-0.00890014229864017,0.));
#3442=CARTESIAN_POINT('',(-0.0157513275752834,-0.0127249426656422,0.0127));
#3443=CARTESIAN_POINT('',(-0.018986169953393,-0.00890014229864017,0.0127));
#3444=CARTESIAN_POINT('',(-0.018986169953393,-0.00890014229864017,0.0127));
#3445=CARTESIAN_POINT('',(-0.0204457125875411,-0.00459347932285825,0.0127));
#3446=CARTESIAN_POINT('',(-0.0204457125875411,-0.00459347932285825,0.));
#3447=CARTESIAN_POINT('',(-0.0219936784875644,-2.59063904681882E-5,0.));
#3448=CARTESIAN_POINT('',(-0.0204457125875411,-0.00459347932285825,0.0127));
#3449=CARTESIAN_POINT('',(-0.0219936784875644,-2.59063904681882E-5,0.0127));
#3450=CARTESIAN_POINT('',(-0.0219936784875644,-2.59063904681882E-5,0.0127));
#3451=CARTESIAN_POINT('',(-0.0210895282165295,0.00287121024219208,0.0127));
#3452=CARTESIAN_POINT('',(-0.0210895282165295,0.00287121024219208,0.));
#3453=CARTESIAN_POINT('',(-0.0203668002591578,0.00518700580545995,0.));
#3454=CARTESIAN_POINT('',(-0.0210895282165295,0.00287121024219208,0.0127));
#3455=CARTESIAN_POINT('',(-0.0203668002591578,0.00518700580545995,0.0127));
#3456=CARTESIAN_POINT('',(-0.0203668002591578,0.00518700580545995,0.0127));
#3457=CARTESIAN_POINT('',(-0.0190129545288034,0.00885035407256201,0.0127));
#3458=CARTESIAN_POINT('',(-0.0190129545288034,0.00885035407256201,0.));
#3459=CARTESIAN_POINT('',(-0.0174799185146537,0.0129985702983283,0.));
#3460=CARTESIAN_POINT('',(-0.0190129545288034,0.00885035407256201,0.0127));
#3461=CARTESIAN_POINT('',(-0.0174799185146537,0.0129985702983283,0.0127));
#3462=CARTESIAN_POINT('',(-0.0174799185146537,0.0129985702983283,0.0127));
#3463=CARTESIAN_POINT('',(-0.0147553567265158,0.0151594305666059,0.0127));
#3464=CARTESIAN_POINT('',(-0.0147553567265158,0.0151594305666059,0.));
#3465=CARTESIAN_POINT('',(-0.0123876094402376,0.0170372999027011,0.));
#3466=CARTESIAN_POINT('',(-0.0147553567265158,0.0151594305666059,0.0127));
#3467=CARTESIAN_POINT('',(-0.0123876094402376,0.0170372999027011,0.0127));
#3468=CARTESIAN_POINT('',(-0.0123876094402376,0.0170372999027011,0.0127));
#3469=CARTESIAN_POINT('',(-0.00851967008745147,0.0194547609150887,0.0127));
#3470=CARTESIAN_POINT('',(-0.00851967008745147,0.0194547609150887,0.));
#3471=CARTESIAN_POINT('',(-0.00487071976180904,0.021735353846833,0.));
#3472=CARTESIAN_POINT('',(-0.00851967008745147,0.0194547609150887,0.0127));
#3473=CARTESIAN_POINT('',(-0.00487071976180904,0.021735353846833,0.0127));
#3474=CARTESIAN_POINT('',(-0.00487071976180904,0.021735353846833,0.0127));
#3475=CARTESIAN_POINT('',(-0.00097400193768313,0.0250208217853462,0.0127));
#3476=CARTESIAN_POINT('',(-0.00097400193768313,0.0250208217853462,0.));
#3477=CARTESIAN_POINT('',(0.00231094216134629,0.0277904805095034,0.));
#3478=CARTESIAN_POINT('',(-0.00097400193768313,0.0250208217853462,0.0127));
#3479=CARTESIAN_POINT('',(0.00231094216134629,0.0277904805095034,0.0127));
#3480=CARTESIAN_POINT('',(0.00231094216134629,0.0277904805095034,0.0127));
#3481=CARTESIAN_POINT('',(0.00231094216134629,0.0281815746787943,0.0127));
#3482=CARTESIAN_POINT('',(0.00231094216134629,0.0281815746787943,0.));
#3483=CARTESIAN_POINT('',(0.00231094216134629,0.0289776558692058,0.));
#3484=CARTESIAN_POINT('',(0.00231094216134629,0.0281815746787943,0.0127));
#3485=CARTESIAN_POINT('',(0.00231094216134629,0.0289776558692058,0.0127));
#3486=CARTESIAN_POINT('',(0.00231094216134629,0.0289776558692058,0.0127));
#3487=CARTESIAN_POINT('',(0.00132153557155164,0.0307091177373487,0.0127));
#3488=CARTESIAN_POINT('',(0.00132153557155164,0.0307091177373487,0.));
#3489=CARTESIAN_POINT('',(0.000163819932879515,0.032735120498185,0.));
#3490=CARTESIAN_POINT('',(0.00132153557155164,0.0307091177373487,0.0127));
#3491=CARTESIAN_POINT('',(0.000163819932879515,0.032735120498185,0.0127));
#3492=CARTESIAN_POINT('',(0.000163819932879515,0.032735120498185,0.0127));
#3493=CARTESIAN_POINT('',(-0.00127610972372625,0.0343910392882628,0.0127));
#3494=CARTESIAN_POINT('',(-0.00127610972372625,0.0343910392882628,0.));
#3495=CARTESIAN_POINT('',(-0.00334617213647922,0.0367716106100534,0.));
#3496=CARTESIAN_POINT('',(-0.00127610972372625,0.0343910392882628,0.0127));
#3497=CARTESIAN_POINT('',(-0.00334617213647922,0.0367716106100534,0.0127));
#3498=CARTESIAN_POINT('',(-0.00334617213647922,0.0367716106100534,0.0127));
#3499=CARTESIAN_POINT('',(-0.00334617213647922,0.0387886649421772,0.0127));
#3500=CARTESIAN_POINT('',(-0.00334617213647922,0.0387886649421772,0.));
#3501=CARTESIAN_POINT('',(-0.00334617213647922,0.0390519833157605,0.));
#3502=CARTESIAN_POINT('',(-0.00334617213647922,0.0387886649421772,0.0127));
#3503=CARTESIAN_POINT('',(-0.00334617213647922,0.0390519833157605,0.0127));
#3504=CARTESIAN_POINT('',(-0.00334617213647922,0.0390519833157605,0.0127));
#3505=CARTESIAN_POINT('',(-0.0046831171862498,0.0400918290848175,0.0127));
#3506=CARTESIAN_POINT('',(-0.0046831171862498,0.0400918290848175,0.));
#3507=CARTESIAN_POINT('',(-0.00758900815195377,0.042351965674984,0.));
#3508=CARTESIAN_POINT('',(-0.0046831171862498,0.0400918290848175,0.0127));
#3509=CARTESIAN_POINT('',(-0.00758900815195377,0.042351965674984,0.0127));
#3510=CARTESIAN_POINT('',(-0.00758900815195377,0.042351965674984,0.0127));
#3511=CARTESIAN_POINT('',(-0.00758900815195377,0.0460172002627682,0.0127));
#3512=CARTESIAN_POINT('',(-0.00758900815195377,0.0460172002627682,0.));
#3513=CARTESIAN_POINT('',(-0.00758900815195377,0.0490681840430077,0.));
#3514=CARTESIAN_POINT('',(-0.00758900815195377,0.0460172002627682,0.0127));
#3515=CARTESIAN_POINT('',(-0.00758900815195377,0.0490681840430077,0.0127));
#3516=CARTESIAN_POINT('',(-0.00758900815195377,0.0490681840430077,0.0127));
#3517=CARTESIAN_POINT('',(-0.00650913370514803,0.0518578579472698,0.0127));
#3518=CARTESIAN_POINT('',(-0.00650913370514803,0.0518578579472698,0.));
#3519=CARTESIAN_POINT('',(-0.00544563297252525,0.0546052331164268,0.));
#3520=CARTESIAN_POINT('',(-0.00650913370514803,0.0518578579472698,0.0127));
#3521=CARTESIAN_POINT('',(-0.00544563297252525,0.0546052331164268,0.0127));
#3522=CARTESIAN_POINT('',(-0.00544563297252525,0.0546052331164268,0.0127));
#3523=CARTESIAN_POINT('',(-0.00339586510059888,0.0570618363453501,0.0127));
#3524=CARTESIAN_POINT('',(-0.00339586510059888,0.0570618363453501,0.));
#3525=CARTESIAN_POINT('',(-0.000776505371548338,0.0602010833089831,0.));
#3526=CARTESIAN_POINT('',(-0.00339586510059888,0.0570618363453501,0.0127));
#3527=CARTESIAN_POINT('',(-0.000776505371548338,0.0602010833089831,0.0127));
#3528=CARTESIAN_POINT('',(-0.000776505371548338,0.0602010833089831,0.0127));
#3529=CARTESIAN_POINT('',(0.00937008987789494,0.0580558878272548,0.0127));
#3530=CARTESIAN_POINT('',(0.00937008987789494,0.0580558878272548,0.));
#3531=CARTESIAN_POINT('',(0.014970287172846,0.056871892837943,0.));
#3532=CARTESIAN_POINT('',(0.00937008987789494,0.0580558878272548,0.0127));
#3533=CARTESIAN_POINT('',(0.014970287172846,0.056871892837943,0.0127));
#3534=CARTESIAN_POINT('',(0.014970287172846,0.056871892837943,0.0127));
#3535=CARTESIAN_POINT('',(0.0134336572590565,0.0400888151952236,0.0127));
#3536=CARTESIAN_POINT('',(0.0134336572590565,0.0400888151952236,0.));
#3537=CARTESIAN_POINT('',(0.026476502378163,0.0507620114293655,0.));
#3538=CARTESIAN_POINT('',(0.0134336572590565,0.0400888151952236,0.0127));
#3539=CARTESIAN_POINT('',(0.026476502378163,0.0507620114293655,0.0127));
#3540=CARTESIAN_POINT('',(0.026476502378163,0.0507620114293655,0.0127));
#3541=CARTESIAN_POINT('',(0.0278624273205648,0.0490683852677262,0.0127));
#3542=CARTESIAN_POINT('',(0.0278624273205648,0.0490683852677262,0.));
#3543=CARTESIAN_POINT('',(0.0278624273205648,0.0490683852677262,0.0127));
#3544=CARTESIAN_POINT('',(0.0489827968727508,0.0515515931635689,0.0127));
#3545=CARTESIAN_POINT('',(0.0489827968727508,0.0515515931635689,0.));
#3546=CARTESIAN_POINT('',(0.0489827968727508,0.0515515931635689,0.0147));
#3547=CARTESIAN_POINT('',(0.0489827968727508,0.0515515931635689,0.));
#3548=CARTESIAN_POINT('',(0.0489827968727508,0.0515515931635689,0.0127));
#3549=CARTESIAN_POINT('',(0.0333249153489793,0.0505696844292204,0.0127));
#3550=CARTESIAN_POINT('',(0.0364755948389118,0.0483206172899466,0.0127));
#3551=CARTESIAN_POINT('',(0.0327711361971978,0.0509649916944203,0.0127));
#3552=CARTESIAN_POINT('',(0.0489827968727508,0.0515515931635689,0.0127));
#3553=CARTESIAN_POINT('',(0.0384001308936645,0.0441437264945282,0.0127));
#3554=CARTESIAN_POINT('',(0.0404857204851407,0.0411643129869535,0.0127));
#3555=CARTESIAN_POINT('',(0.0453218492290249,0.0342555580896393,0.0127));
#3556=CARTESIAN_POINT('',(0.0473312330472893,0.0324653833886569,0.0127));
#3557=CARTESIAN_POINT('',(0.0513273197162723,0.0289052406261231,0.0127));
#3558=CARTESIAN_POINT('',(0.052532409087267,0.025399526668426,0.0127));
#3559=CARTESIAN_POINT('',(0.0557117095357386,0.0161506541564071,0.0127));
#3560=CARTESIAN_POINT('',(0.0532728676898716,0.0100535579017661,0.0127));
#3561=CARTESIAN_POINT('',(0.0512160583475071,0.00491154159632459,0.0127));
#3562=CARTESIAN_POINT('',(0.0476851681317342,0.00164176150430126,0.0127));
#3563=CARTESIAN_POINT('',(0.0445092523634852,-0.00129929458024486,0.0127));
#3564=CARTESIAN_POINT('',(0.0378358114533776,-0.00359329027007432,0.0127));
#3565=CARTESIAN_POINT('',(0.0320125764587825,-0.00559502762841852,0.0127));
#3566=CARTESIAN_POINT('',(0.0264014908125982,-0.00653020835239798,0.0127));
#3567=CARTESIAN_POINT('',(0.0207931947682868,-0.00746492414283986,0.0127));
#3568=CARTESIAN_POINT('',(0.0181136135956949,-0.00746492414283985,0.0127));
#3569=CARTESIAN_POINT('',(0.0171909050924031,-0.00746492414283985,0.0127));
#3570=CARTESIAN_POINT('',(0.011589675791182,-0.00939034703154576,0.0127));
#3571=CARTESIAN_POINT('',(0.0127851837481861,-0.00897939110379185,0.0127));
#3572=CARTESIAN_POINT('',(0.0142816348798826,-0.0127784762152447,0.0127));
#3573=CARTESIAN_POINT('',(0.0163524976422886,-0.0180358372622435,0.0127));
#3574=CARTESIAN_POINT('',(0.0163524976422886,-0.0236041256111257,0.0127));
#3575=CARTESIAN_POINT('',(0.0163524976422886,-0.0287959546679523,0.0127));
#3576=CARTESIAN_POINT('',(0.0147239696191916,-0.0346583552924594,0.0127));
#3577=CARTESIAN_POINT('',(0.0129659726243886,-0.0409868203443631,0.0127));
#3578=CARTESIAN_POINT('',(0.00969011874248497,-0.0450748202326178,0.0127));
#3579=CARTESIAN_POINT('',(-0.000711029750109475,-0.058054609749584,0.0127));
#3580=CARTESIAN_POINT('',(-0.00574559393650053,-0.0431991538872861,0.0127));
#3581=CARTESIAN_POINT('',(-0.00681275715396252,-0.0400502823091408,0.0127));
#3582=CARTESIAN_POINT('',(-0.00756048696100926,-0.0361943528743856,0.0127));
#3583=CARTESIAN_POINT('',(-0.00812692929044175,-0.0332732955210928,0.0127));
#3584=CARTESIAN_POINT('',(-0.00915266605308139,-0.030246660714267,0.0127));
#3585=CARTESIAN_POINT('',(-0.0112170704288328,-0.0241552361240697,0.0127));
#3586=CARTESIAN_POINT('',(-0.00500213441400874,-0.018898925606156,0.0127));
#3587=CARTESIAN_POINT('',(-0.0120422952933644,-0.0248531738220179,0.0127));
#3588=CARTESIAN_POINT('',(-0.0195690105468856,-0.0159537654740876,0.0127));
#3589=CARTESIAN_POINT('',(-0.0234169029308668,-0.0114041094222105,0.0127));
#3590=CARTESIAN_POINT('',(-0.0251811566834251,-0.00619833732740467,0.0127));
#3591=CARTESIAN_POINT('',(-0.0272514106356074,-8.96524300060355E-5,0.0127));
#3592=CARTESIAN_POINT('',(-0.0258624899894087,0.00436078599207329,0.0127));
#3593=CARTESIAN_POINT('',(-0.0251014048302572,0.0067994873275545,0.0127));
#3594=CARTESIAN_POINT('',(-0.0237029271762881,0.0105836043620025,0.0127));
#3595=CARTESIAN_POINT('',(-0.0216843382646177,0.0160456699620642,0.0127));
#3596=CARTESIAN_POINT('',(-0.0178623310927345,0.0190769183186812,0.0127));
#3597=CARTESIAN_POINT('',(-0.0152751268623261,0.0211288397879426,0.0127));
#3598=CARTESIAN_POINT('',(-0.0111696639336884,0.0236947529687259,0.0127));
#3599=CARTESIAN_POINT('',(-0.00782204098481162,0.0257870163743696,0.0127));
#3600=CARTESIAN_POINT('',(-0.00419698818267784,0.0288434334141381,0.0127));
#3601=CARTESIAN_POINT('',(-0.00363964054519449,0.0293133539668197,0.0127));
#3602=CARTESIAN_POINT('',(-0.00301968034644132,0.0282284234084633,0.0127));
#3603=CARTESIAN_POINT('',(-0.00393275818479322,0.0298263099356601,0.0127));
#3604=CARTESIAN_POINT('',(-0.00504913702549166,0.031110145358229,0.0127));
#3605=CARTESIAN_POINT('',(-0.00834617213647922,0.0349017350145599,0.0127));
#3606=CARTESIAN_POINT('',(-0.00834617213647922,0.0387886649421772,0.0127));
#3607=CARTESIAN_POINT('',(-0.00834617213647922,0.0366065637376795,0.0127));
#3608=CARTESIAN_POINT('',(-0.00775281955345774,0.0361450674532064,0.0127));
#3609=CARTESIAN_POINT('',(-0.0125890081519538,0.0399065460969032,0.0127));
#3610=CARTESIAN_POINT('',(-0.0125890081519538,0.0460172002627682,0.0127));
#3611=CARTESIAN_POINT('',(-0.0125890081519538,0.0500021597048861,0.0127));
#3612=CARTESIAN_POINT('',(-0.0111719738153368,0.0536628294447774,0.0127));
#3613=CARTESIAN_POINT('',(-0.00981160284394354,0.057177118916333,0.0127));
#3614=CARTESIAN_POINT('',(-0.00723497359520628,0.0602651543075002,0.0127));
#3615=CARTESIAN_POINT('',(-0.00268719772279918,0.0657155670325642,0.0127));
#3616=CARTESIAN_POINT('',(0.0104043292174199,0.062947753421134,0.0127));
#3617=CARTESIAN_POINT('',(0.0157365531323774,0.061820413424936,0.0127));
#3618=CARTESIAN_POINT('',(0.0134336572590565,0.0400888151952236,0.0127));
#3619=CARTESIAN_POINT('',(0.0303460304097172,0.0539285162553553,0.0127));
#3620=CARTESIAN_POINT('',(0.0317319553521189,0.0522348900937161,0.0127));
#3621=CARTESIAN_POINT('',(0.0489827968727508,0.0515515931635689,0.0147));
#3622=CARTESIAN_POINT('',(0.0333249153489793,0.0505696844292204,0.0147));
#3623=CARTESIAN_POINT('',(0.0364755948389118,0.0483206172899466,0.0147));
#3624=CARTESIAN_POINT('',(0.0327711361971978,0.0509649916944203,0.0147));
#3625=CARTESIAN_POINT('',(0.0317319553521189,0.0522348900937161,0.0147));
#3626=CARTESIAN_POINT('',(0.0303460304097172,0.0539285162553553,0.0147));
#3627=CARTESIAN_POINT('',(0.0134336572590565,0.0400888151952236,0.0147));
#3628=CARTESIAN_POINT('',(0.0157365531323774,0.061820413424936,0.0147));
#3629=CARTESIAN_POINT('',(0.0104043292174199,0.062947753421134,0.0147));
#3630=CARTESIAN_POINT('',(-0.00268719772279918,0.0657155670325642,0.0147));
#3631=CARTESIAN_POINT('',(-0.00723497359520628,0.0602651543075002,0.0147));
#3632=CARTESIAN_POINT('',(-0.00981160284394354,0.057177118916333,0.0147));
#3633=CARTESIAN_POINT('',(-0.0111719738153368,0.0536628294447774,0.0147));
#3634=CARTESIAN_POINT('',(-0.0125890081519538,0.0500021597048861,0.0147));
#3635=CARTESIAN_POINT('',(-0.0125890081519538,0.0460172002627682,0.0147));
#3636=CARTESIAN_POINT('',(-0.0125890081519538,0.0399065460969032,0.0147));
#3637=CARTESIAN_POINT('',(-0.00775281955345774,0.0361450674532064,0.0147));
#3638=CARTESIAN_POINT('',(-0.00834617213647922,0.0366065637376795,0.0147));
#3639=CARTESIAN_POINT('',(-0.00834617213647922,0.0387886649421772,0.0147));
#3640=CARTESIAN_POINT('',(-0.00834617213647922,0.0349017350145599,0.0147));
#3641=CARTESIAN_POINT('',(-0.00504913702549166,0.031110145358229,0.0147));
#3642=CARTESIAN_POINT('',(-0.00393275818479322,0.0298263099356601,0.0147));
#3643=CARTESIAN_POINT('',(-0.00301968034644132,0.0282284234084633,0.0147));
#3644=CARTESIAN_POINT('',(-0.00363964054519449,0.0293133539668197,0.0147));
#3645=CARTESIAN_POINT('',(-0.00419698818267784,0.0288434334141381,0.0147));
#3646=CARTESIAN_POINT('',(-0.00782204098481162,0.0257870163743696,0.0147));
#3647=CARTESIAN_POINT('',(-0.0111696639336884,0.0236947529687259,0.0147));
#3648=CARTESIAN_POINT('',(-0.0152751268623261,0.0211288397879426,0.0147));
#3649=CARTESIAN_POINT('',(-0.0178623310927345,0.0190769183186812,0.0147));
#3650=CARTESIAN_POINT('',(-0.0216843382646177,0.0160456699620642,0.0147));
#3651=CARTESIAN_POINT('',(-0.0237029271762881,0.0105836043620025,0.0147));
#3652=CARTESIAN_POINT('',(-0.0251014048302572,0.0067994873275545,0.0147));
#3653=CARTESIAN_POINT('',(-0.0258624899894087,0.00436078599207329,0.0147));
#3654=CARTESIAN_POINT('',(-0.0272514106356074,-8.96524300060355E-5,0.0147));
#3655=CARTESIAN_POINT('',(-0.0251811566834251,-0.00619833732740467,0.0147));
#3656=CARTESIAN_POINT('',(-0.0234169029308668,-0.0114041094222105,0.0147));
#3657=CARTESIAN_POINT('',(-0.0195690105468856,-0.0159537654740876,0.0147));
#3658=CARTESIAN_POINT('',(-0.0120422952933644,-0.0248531738220179,0.0147));
#3659=CARTESIAN_POINT('',(-0.00500213441400874,-0.018898925606156,0.0147));
#3660=CARTESIAN_POINT('',(-0.0112170704288328,-0.0241552361240697,0.0147));
#3661=CARTESIAN_POINT('',(-0.00915266605308139,-0.030246660714267,0.0147));
#3662=CARTESIAN_POINT('',(-0.00812692929044175,-0.0332732955210928,0.0147));
#3663=CARTESIAN_POINT('',(-0.00756048696100926,-0.0361943528743856,0.0147));
#3664=CARTESIAN_POINT('',(-0.00681275715396252,-0.0400502823091408,0.0147));
#3665=CARTESIAN_POINT('',(-0.00574559393650053,-0.0431991538872861,0.0147));
#3666=CARTESIAN_POINT('',(-0.000711029750109475,-0.058054609749584,0.0147));
#3667=CARTESIAN_POINT('',(0.00969011874248497,-0.0450748202326178,0.0147));
#3668=CARTESIAN_POINT('',(0.0129659726243886,-0.0409868203443631,0.0147));
#3669=CARTESIAN_POINT('',(0.0147239696191916,-0.0346583552924594,0.0147));
#3670=CARTESIAN_POINT('',(0.0163524976422886,-0.0287959546679523,0.0147));
#3671=CARTESIAN_POINT('',(0.0163524976422886,-0.0236041256111257,0.0147));
#3672=CARTESIAN_POINT('',(0.0163524976422886,-0.0180358372622435,0.0147));
#3673=CARTESIAN_POINT('',(0.0142816348798826,-0.0127784762152447,0.0147));
#3674=CARTESIAN_POINT('',(0.0127851837481861,-0.00897939110379185,0.0147));
#3675=CARTESIAN_POINT('',(0.011589675791182,-0.00939034703154576,0.0147));
#3676=CARTESIAN_POINT('',(0.0171909050924031,-0.00746492414283985,0.0147));
#3677=CARTESIAN_POINT('',(0.0181136135956949,-0.00746492414283985,0.0147));
#3678=CARTESIAN_POINT('',(0.0207931947682868,-0.00746492414283986,0.0147));
#3679=CARTESIAN_POINT('',(0.0264014908125982,-0.00653020835239798,0.0147));
#3680=CARTESIAN_POINT('',(0.0320125764587825,-0.00559502762841852,0.0147));
#3681=CARTESIAN_POINT('',(0.0378358114533776,-0.00359329027007432,0.0147));
#3682=CARTESIAN_POINT('',(0.0445092523634852,-0.00129929458024486,0.0147));
#3683=CARTESIAN_POINT('',(0.0476851681317342,0.00164176150430126,0.0147));
#3684=CARTESIAN_POINT('',(0.0512160583475071,0.00491154159632459,0.0147));
#3685=CARTESIAN_POINT('',(0.0532728676898716,0.0100535579017661,0.0147));
#3686=CARTESIAN_POINT('',(0.0557117095357386,0.0161506541564071,0.0147));
#3687=CARTESIAN_POINT('',(0.052532409087267,0.025399526668426,0.0147));
#3688=CARTESIAN_POINT('',(0.0513273197162723,0.0289052406261231,0.0147));
#3689=CARTESIAN_POINT('',(0.0473312330472893,0.0324653833886569,0.0147));
#3690=CARTESIAN_POINT('',(0.0453218492290249,0.0342555580896393,0.0147));
#3691=CARTESIAN_POINT('',(0.0404857204851407,0.0411643129869535,0.0147));
#3692=CARTESIAN_POINT('',(0.0384001308936645,0.0441437264945282,0.0147));
#3693=CARTESIAN_POINT('',(0.0489827968727508,0.0515515931635689,0.0147));
#3694=CARTESIAN_POINT('',(0.0333249153489793,0.0505696844292204,0.0147));
#3695=CARTESIAN_POINT('',(0.0327711361971978,0.0509649916944203,0.0147));
#3696=CARTESIAN_POINT('',(0.0364755948389118,0.0483206172899466,0.0147));
#3697=CARTESIAN_POINT('',(0.0489827968727508,0.0515515931635689,0.0147));
#3698=CARTESIAN_POINT('',(0.0384001308936645,0.0441437264945282,0.0147));
#3699=CARTESIAN_POINT('',(0.0404857204851407,0.0411643129869535,0.0147));
#3700=CARTESIAN_POINT('',(0.0453218492290249,0.0342555580896393,0.0147));
#3701=CARTESIAN_POINT('',(0.0473312330472893,0.0324653833886569,0.0147));
#3702=CARTESIAN_POINT('',(0.0513273197162723,0.0289052406261231,0.0147));
#3703=CARTESIAN_POINT('',(0.052532409087267,0.025399526668426,0.0147));
#3704=CARTESIAN_POINT('',(0.0557117095357386,0.0161506541564071,0.0147));
#3705=CARTESIAN_POINT('',(0.0532728676898716,0.0100535579017661,0.0147));
#3706=CARTESIAN_POINT('',(0.0512160583475071,0.00491154159632459,0.0147));
#3707=CARTESIAN_POINT('',(0.0476851681317342,0.00164176150430126,0.0147));
#3708=CARTESIAN_POINT('',(0.0445092523634852,-0.00129929458024486,0.0147));
#3709=CARTESIAN_POINT('',(0.0378358114533776,-0.00359329027007432,0.0147));
#3710=CARTESIAN_POINT('',(0.0320125764587825,-0.00559502762841852,0.0147));
#3711=CARTESIAN_POINT('',(0.0264014908125982,-0.00653020835239798,0.0147));
#3712=CARTESIAN_POINT('',(0.0207931947682868,-0.00746492414283986,0.0147));
#3713=CARTESIAN_POINT('',(0.0181136135956949,-0.00746492414283985,0.0147));
#3714=CARTESIAN_POINT('',(0.0171909050924031,-0.00746492414283985,0.0147));
#3715=CARTESIAN_POINT('',(0.011589675791182,-0.00939034703154576,0.0147));
#3716=CARTESIAN_POINT('',(0.0127851837481861,-0.00897939110379185,0.0147));
#3717=CARTESIAN_POINT('',(0.0142816348798826,-0.0127784762152447,0.0147));
#3718=CARTESIAN_POINT('',(0.0163524976422886,-0.0180358372622435,0.0147));
#3719=CARTESIAN_POINT('',(0.0163524976422886,-0.0236041256111257,0.0147));
#3720=CARTESIAN_POINT('',(0.0163524976422886,-0.0287959546679523,0.0147));
#3721=CARTESIAN_POINT('',(0.0147239696191916,-0.0346583552924594,0.0147));
#3722=CARTESIAN_POINT('',(0.0129659726243886,-0.0409868203443631,0.0147));
#3723=CARTESIAN_POINT('',(0.00969011874248497,-0.0450748202326178,0.0147));
#3724=CARTESIAN_POINT('',(-0.000711029750109475,-0.058054609749584,0.0147));
#3725=CARTESIAN_POINT('',(-0.00574559393650053,-0.0431991538872861,0.0147));
#3726=CARTESIAN_POINT('',(-0.00681275715396252,-0.0400502823091408,0.0147));
#3727=CARTESIAN_POINT('',(-0.00756048696100926,-0.0361943528743856,0.0147));
#3728=CARTESIAN_POINT('',(-0.00812692929044175,-0.0332732955210928,0.0147));
#3729=CARTESIAN_POINT('',(-0.00915266605308139,-0.030246660714267,0.0147));
#3730=CARTESIAN_POINT('',(-0.0112170704288328,-0.0241552361240697,0.0147));
#3731=CARTESIAN_POINT('',(-0.00500213441400874,-0.018898925606156,0.0147));
#3732=CARTESIAN_POINT('',(-0.0120422952933644,-0.0248531738220179,0.0147));
#3733=CARTESIAN_POINT('',(-0.0195690105468856,-0.0159537654740876,0.0147));
#3734=CARTESIAN_POINT('',(-0.0234169029308668,-0.0114041094222105,0.0147));
#3735=CARTESIAN_POINT('',(-0.0251811566834251,-0.00619833732740467,0.0147));
#3736=CARTESIAN_POINT('',(-0.0272514106356074,-8.96524300060355E-5,0.0147));
#3737=CARTESIAN_POINT('',(-0.0258624899894087,0.00436078599207329,0.0147));
#3738=CARTESIAN_POINT('',(-0.0251014048302572,0.0067994873275545,0.0147));
#3739=CARTESIAN_POINT('',(-0.0237029271762881,0.0105836043620025,0.0147));
#3740=CARTESIAN_POINT('',(-0.0216843382646177,0.0160456699620642,0.0147));
#3741=CARTESIAN_POINT('',(-0.0178623310927345,0.0190769183186812,0.0147));
#3742=CARTESIAN_POINT('',(-0.0152751268623261,0.0211288397879426,0.0147));
#3743=CARTESIAN_POINT('',(-0.0111696639336884,0.0236947529687259,0.0147));
#3744=CARTESIAN_POINT('',(-0.00782204098481162,0.0257870163743696,0.0147));
#3745=CARTESIAN_POINT('',(-0.00419698818267784,0.0288434334141381,0.0147));
#3746=CARTESIAN_POINT('',(-0.00363964054519449,0.0293133539668197,0.0147));
#3747=CARTESIAN_POINT('',(-0.00301968034644132,0.0282284234084633,0.0147));
#3748=CARTESIAN_POINT('',(-0.00393275818479322,0.0298263099356601,0.0147));
#3749=CARTESIAN_POINT('',(-0.00504913702549166,0.031110145358229,0.0147));
#3750=CARTESIAN_POINT('',(-0.00834617213647922,0.0349017350145599,0.0147));
#3751=CARTESIAN_POINT('',(-0.00834617213647922,0.0387886649421772,0.0147));
#3752=CARTESIAN_POINT('',(-0.00834617213647922,0.0366065637376795,0.0147));
#3753=CARTESIAN_POINT('',(-0.00775281955345774,0.0361450674532064,0.0147));
#3754=CARTESIAN_POINT('',(-0.0125890081519538,0.0399065460969032,0.0147));
#3755=CARTESIAN_POINT('',(-0.0125890081519538,0.0460172002627682,0.0147));
#3756=CARTESIAN_POINT('',(-0.0125890081519538,0.0500021597048861,0.0147));
#3757=CARTESIAN_POINT('',(-0.0111719738153368,0.0536628294447774,0.0147));
#3758=CARTESIAN_POINT('',(-0.00981160284394354,0.057177118916333,0.0147));
#3759=CARTESIAN_POINT('',(-0.00723497359520628,0.0602651543075002,0.0147));
#3760=CARTESIAN_POINT('',(-0.00268719772279918,0.0657155670325642,0.0147));
#3761=CARTESIAN_POINT('',(0.0104043292174199,0.062947753421134,0.0147));
#3762=CARTESIAN_POINT('',(0.0157365531323774,0.061820413424936,0.0147));
#3763=CARTESIAN_POINT('',(0.0134336572590565,0.0400888151952236,0.0147));
#3764=CARTESIAN_POINT('',(0.0303460304097172,0.0539285162553553,0.0147));
#3765=CARTESIAN_POINT('',(0.0317319553521189,0.0522348900937161,0.0147));
#3766=MECHANICAL_DESIGN_GEOMETRIC_PRESENTATION_REPRESENTATION('',(#2371),
#3767);
#3767=(
GEOMETRIC_REPRESENTATION_CONTEXT(3)
GLOBAL_UNCERTAINTY_ASSIGNED_CONTEXT((#3768))
GLOBAL_UNIT_ASSIGNED_CONTEXT((#3771,#3770,#3769))
REPRESENTATION_CONTEXT('Part 1','TOP_LEVEL_ASSEMBLY_PART')
);
#3768=UNCERTAINTY_MEASURE_WITH_UNIT(LENGTH_MEASURE(1.E-8),#3771,
'DISTANCE_ACCURACY_VALUE','Maximum Tolerance applied to model');
#3769=(
NAMED_UNIT(*)
SI_UNIT($,.STERADIAN.)
SOLID_ANGLE_UNIT()
);
#3770=(
NAMED_UNIT(*)
PLANE_ANGLE_UNIT()
SI_UNIT($,.RADIAN.)
);
#3771=(
LENGTH_UNIT()
NAMED_UNIT(*)
SI_UNIT($,.METRE.)
);
#3772=PRODUCT_DEFINITION_SHAPE('','',#3773);
#3773=PRODUCT_DEFINITION('','',#3775,#3774);
#3774=PRODUCT_DEFINITION_CONTEXT('',#3781,'design');
#3775=PRODUCT_DEFINITION_FORMATION_WITH_SPECIFIED_SOURCE('','',#3777,
 .NOT_KNOWN.);
#3776=PRODUCT_RELATED_PRODUCT_CATEGORY('','',(#3777));
#3777=PRODUCT('Part 1','Part 1','Part 1',(#3779));
#3778=PRODUCT_CATEGORY('','');
#3779=PRODUCT_CONTEXT('',#3781,'mechanical');
#3780=APPLICATION_PROTOCOL_DEFINITION('international standard',
'ap242_managed_model_based_3d_engineering',2020,#3781);
#3781=APPLICATION_CONTEXT('managed model based 3d engineering');
ENDSEC;
END-ISO-10303-21;
