ISO-10303-21;
HEADER;
/* Generated by software containing ST-Developer
 * from STEP Tools, Inc. (www.steptools.com) 
 */
/* OPTION: using custom renumber hook */

FILE_DESCRIPTION(
/* description */ ('STEP AP242 Edition 2',
'CAx-IF Rec.Pracs.---Representation and Presentation of Product Manufa
cturing Information (PMI)---4.0---2014-10-13',
'CAx-IF Rec.Pracs.---3D Tessellated Geometry---0.4---2014-09-14','2;1',
'CAx-IF Rec.Pracs.---User Defined Attributes---1.5---2016-08-15'),
/* implementation_level */ '2;1');

FILE_NAME(
/* name */ 'Part Studio 1',
/* time_stamp */ '2026-10-08T14:56:55Z',
/* author */ (''),
/* organization */ (''),
/* preprocessor_version */ 'ST-DEVELOPER v20',
/* originating_system */ 'ONSHAPE BY PTC INC, 1.221',
/* authorisation */ '  ');

FILE_SCHEMA (('AP242_MANAGED_MODEL_BASED_3D_ENGINEERING_MIM_LF { 1 0 10303 442 3 1 4 }'));
ENDSEC;

DATA;
#10=SHAPE_REPRESENTATION_RELATIONSHIP('','',#266,#11);
#11=ADVANCED_BREP_SHAPE_REPRESENTATION('',(#264),#2128);
#12=CYLINDRICAL_SURFACE('',#273,0.0436519639707232);
#13=CIRCLE('',#270,0.0436519639707232);
#14=CIRCLE('',#272,0.0436519639707232);
#15=PLANE('',#268);
#16=PLANE('',#269);
#17=PLANE('',#271);
#18=LINE('',#403,#29);
#19=LINE('',#455,#30);
#20=LINE('',#584,#31);
#21=LINE('',#674,#32);
#22=LINE('',#825,#33);
#23=LINE('',#1894,#34);
#24=LINE('',#1895,#35);
#25=LINE('',#1920,#36);
#26=LINE('',#1973,#37);
#27=LINE('',#1975,#38);
#28=LINE('',#2060,#39);
#29=VECTOR('',#276,1.);
#30=VECTOR('',#277,1.);
#31=VECTOR('',#278,1.);
#32=VECTOR('',#279,1.);
#33=VECTOR('',#280,1.);
#34=VECTOR('',#291,1.);
#35=VECTOR('',#292,1.);
#36=VECTOR('',#293,1.);
#37=VECTOR('',#294,1.);
#38=VECTOR('',#297,1.);
#39=VECTOR('',#298,1.);
#40=ORIENTED_EDGE('',*,*,#110,.T.);
#41=ORIENTED_EDGE('',*,*,#111,.F.);
#42=ORIENTED_EDGE('',*,*,#112,.F.);
#43=ORIENTED_EDGE('',*,*,#113,.T.);
#44=ORIENTED_EDGE('',*,*,#114,.T.);
#45=ORIENTED_EDGE('',*,*,#115,.F.);
#46=ORIENTED_EDGE('',*,*,#116,.F.);
#47=ORIENTED_EDGE('',*,*,#111,.T.);
#48=ORIENTED_EDGE('',*,*,#117,.T.);
#49=ORIENTED_EDGE('',*,*,#118,.F.);
#50=ORIENTED_EDGE('',*,*,#119,.F.);
#51=ORIENTED_EDGE('',*,*,#115,.T.);
#52=ORIENTED_EDGE('',*,*,#120,.T.);
#53=ORIENTED_EDGE('',*,*,#121,.F.);
#54=ORIENTED_EDGE('',*,*,#122,.F.);
#55=ORIENTED_EDGE('',*,*,#118,.T.);
#56=ORIENTED_EDGE('',*,*,#123,.T.);
#57=ORIENTED_EDGE('',*,*,#113,.F.);
#58=ORIENTED_EDGE('',*,*,#124,.F.);
#59=ORIENTED_EDGE('',*,*,#121,.T.);
#60=ORIENTED_EDGE('',*,*,#125,.F.);
#61=ORIENTED_EDGE('',*,*,#126,.T.);
#62=ORIENTED_EDGE('',*,*,#110,.F.);
#63=ORIENTED_EDGE('',*,*,#123,.F.);
#64=ORIENTED_EDGE('',*,*,#120,.F.);
#65=ORIENTED_EDGE('',*,*,#117,.F.);
#66=ORIENTED_EDGE('',*,*,#114,.F.);
#67=ORIENTED_EDGE('',*,*,#125,.T.);
#68=ORIENTED_EDGE('',*,*,#126,.F.);
#69=ORIENTED_EDGE('',*,*,#127,.T.);
#70=ORIENTED_EDGE('',*,*,#128,.T.);
#71=ORIENTED_EDGE('',*,*,#129,.T.);
#72=ORIENTED_EDGE('',*,*,#130,.T.);
#73=ORIENTED_EDGE('',*,*,#131,.T.);
#74=ORIENTED_EDGE('',*,*,#132,.T.);
#75=ORIENTED_EDGE('',*,*,#124,.T.);
#76=ORIENTED_EDGE('',*,*,#112,.T.);
#77=ORIENTED_EDGE('',*,*,#116,.T.);
#78=ORIENTED_EDGE('',*,*,#119,.T.);
#79=ORIENTED_EDGE('',*,*,#122,.T.);
#80=ORIENTED_EDGE('',*,*,#133,.F.);
#81=ORIENTED_EDGE('',*,*,#134,.F.);
#82=ORIENTED_EDGE('',*,*,#135,.F.);
#83=ORIENTED_EDGE('',*,*,#136,.F.);
#84=ORIENTED_EDGE('',*,*,#137,.F.);
#85=ORIENTED_EDGE('',*,*,#138,.F.);
#86=ORIENTED_EDGE('',*,*,#133,.T.);
#87=ORIENTED_EDGE('',*,*,#139,.F.);
#88=ORIENTED_EDGE('',*,*,#127,.F.);
#89=ORIENTED_EDGE('',*,*,#140,.T.);
#90=ORIENTED_EDGE('',*,*,#138,.T.);
#91=ORIENTED_EDGE('',*,*,#141,.F.);
#92=ORIENTED_EDGE('',*,*,#128,.F.);
#93=ORIENTED_EDGE('',*,*,#139,.T.);
#94=ORIENTED_EDGE('',*,*,#137,.T.);
#95=ORIENTED_EDGE('',*,*,#142,.F.);
#96=ORIENTED_EDGE('',*,*,#129,.F.);
#97=ORIENTED_EDGE('',*,*,#141,.T.);
#98=ORIENTED_EDGE('',*,*,#136,.T.);
#99=ORIENTED_EDGE('',*,*,#143,.F.);
#100=ORIENTED_EDGE('',*,*,#130,.F.);
#101=ORIENTED_EDGE('',*,*,#142,.T.);
#102=ORIENTED_EDGE('',*,*,#135,.T.);
#103=ORIENTED_EDGE('',*,*,#144,.F.);
#104=ORIENTED_EDGE('',*,*,#131,.F.);
#105=ORIENTED_EDGE('',*,*,#143,.T.);
#106=ORIENTED_EDGE('',*,*,#134,.T.);
#107=ORIENTED_EDGE('',*,*,#140,.F.);
#108=ORIENTED_EDGE('',*,*,#132,.F.);
#109=ORIENTED_EDGE('',*,*,#144,.T.);
#110=EDGE_CURVE('',#145,#146,#169,.T.);
#111=EDGE_CURVE('',#147,#146,#18,.T.);
#112=EDGE_CURVE('',#148,#147,#170,.T.);
#113=EDGE_CURVE('',#148,#145,#19,.T.);
#114=EDGE_CURVE('',#146,#149,#171,.T.);
#115=EDGE_CURVE('',#150,#149,#20,.T.);
#116=EDGE_CURVE('',#147,#150,#172,.T.);
#117=EDGE_CURVE('',#149,#151,#173,.T.);
#118=EDGE_CURVE('',#152,#151,#21,.T.);
#119=EDGE_CURVE('',#150,#152,#174,.T.);
#120=EDGE_CURVE('',#151,#153,#175,.T.);
#121=EDGE_CURVE('',#154,#153,#22,.T.);
#122=EDGE_CURVE('',#152,#154,#176,.T.);
#123=EDGE_CURVE('',#153,#145,#177,.T.);
#124=EDGE_CURVE('',#154,#148,#178,.T.);
#125=EDGE_CURVE('',#155,#155,#179,.T.);
#126=EDGE_CURVE('',#156,#156,#180,.T.);
#127=EDGE_CURVE('',#157,#158,#181,.T.);
#128=EDGE_CURVE('',#158,#159,#182,.T.);
#129=EDGE_CURVE('',#159,#160,#183,.T.);
#130=EDGE_CURVE('',#160,#161,#13,.F.);
#131=EDGE_CURVE('',#161,#162,#184,.T.);
#132=EDGE_CURVE('',#162,#157,#185,.T.);
#133=EDGE_CURVE('',#163,#164,#186,.T.);
#134=EDGE_CURVE('',#165,#163,#187,.T.);
#135=EDGE_CURVE('',#166,#165,#188,.T.);
#136=EDGE_CURVE('',#167,#166,#14,.F.);
#137=EDGE_CURVE('',#168,#167,#189,.T.);
#138=EDGE_CURVE('',#164,#168,#190,.T.);
#139=EDGE_CURVE('',#158,#164,#23,.T.);
#140=EDGE_CURVE('',#157,#163,#24,.T.);
#141=EDGE_CURVE('',#159,#168,#25,.T.);
#142=EDGE_CURVE('',#160,#167,#26,.T.);
#143=EDGE_CURVE('',#161,#166,#27,.T.);
#144=EDGE_CURVE('',#162,#165,#28,.T.);
#145=VERTEX_POINT('',#401);
#146=VERTEX_POINT('',#402);
#147=VERTEX_POINT('',#404);
#148=VERTEX_POINT('',#454);
#149=VERTEX_POINT('',#583);
#150=VERTEX_POINT('',#585);
#151=VERTEX_POINT('',#673);
#152=VERTEX_POINT('',#675);
#153=VERTEX_POINT('',#824);
#154=VERTEX_POINT('',#826);
#155=VERTEX_POINT('',#1176);
#156=VERTEX_POINT('',#1220);
#157=VERTEX_POINT('',#1288);
#158=VERTEX_POINT('',#1289);
#159=VERTEX_POINT('',#1312);
#160=VERTEX_POINT('',#1368);
#161=VERTEX_POINT('',#1370);
#162=VERTEX_POINT('',#1460);
#163=VERTEX_POINT('',#1593);
#164=VERTEX_POINT('',#1594);
#165=VERTEX_POINT('',#1661);
#166=VERTEX_POINT('',#1751);
#167=VERTEX_POINT('',#1753);
#168=VERTEX_POINT('',#1809);
#169=B_SPLINE_CURVE_WITH_KNOTS('',3,(#352,#353,#354,#355,#356,#357,#358,
#359,#360,#361,#362,#363,#364,#365,#366,#367,#368,#369,#370,#371,#372,#373,
#374,#375,#376,#377,#378,#379,#380,#381,#382,#383,#384,#385,#386,#387,#388,
#389,#390,#391,#392,#393,#394,#395,#396,#397,#398,#399,#400),
 .UNSPECIFIED.,.F.,.F.,(4,1,1,1,1,1,1,1,1,1,1,1,1,1,1,1,1,1,1,1,1,1,1,1,
1,1,1,1,1,1,1,1,1,1,1,1,1,1,1,1,1,1,1,1,1,1,4),(0.880907581078047,0.89629017945362,
0.903981478641407,0.911672777829193,0.91936407701698,0.927055376204767,
0.94243797458034,0.950129273768127,0.957820572955913,0.9655118721437,0.973203171331487,
0.97704882092538,0.980894470519273,0.98858576970706,0.992431419300953,0.996277068894847,
0.998199893691794,1.00012271848874,1.00204554328569,1.00396836808263,1.01165966727042,
1.01550531686431,1.01935096645821,1.0231966160521,1.02704226564599,1.03088791523989,
1.03473356483378,1.04242486402157,1.04627051361546,1.05011616320935,1.05780746239714,
1.06165311199103,1.06549876158493,1.06934441117882,1.07126723597577,1.07319006077271,
1.0808813599605,1.08857265914829,1.09241830874218,1.09626395833607,1.09818678313302,
1.10010960792997,1.10395525752386,1.10780090711775,1.11164655671165,1.11933785589943,
1.12702915508722),.UNSPECIFIED.);
#170=B_SPLINE_CURVE_WITH_KNOTS('',3,(#405,#406,#407,#408,#409,#410,#411,
#412,#413,#414,#415,#416,#417,#418,#419,#420,#421,#422,#423,#424,#425,#426,
#427,#428,#429,#430,#431,#432,#433,#434,#435,#436,#437,#438,#439,#440,#441,
#442,#443,#444,#445,#446,#447,#448,#449,#450,#451,#452,#453),
 .UNSPECIFIED.,.F.,.F.,(4,1,1,1,1,1,1,1,1,1,1,1,1,1,1,1,1,1,1,1,1,1,1,1,
1,1,1,1,1,1,1,1,1,1,1,1,1,1,1,1,1,1,1,1,1,1,4),(0.880907581078047,0.89629017945362,
0.903981478641407,0.911672777829193,0.91936407701698,0.927055376204767,
0.94243797458034,0.950129273768127,0.957820572955913,0.9655118721437,0.973203171331487,
0.97704882092538,0.980894470519273,0.98858576970706,0.992431419300953,0.996277068894847,
0.998199893691794,1.00012271848874,1.00204554328569,1.00396836808263,1.01165966727042,
1.01550531686431,1.01935096645821,1.0231966160521,1.02704226564599,1.03088791523989,
1.03473356483378,1.04242486402157,1.04627051361546,1.05011616320935,1.05780746239714,
1.06165311199103,1.06549876158493,1.06934441117882,1.07126723597577,1.07319006077271,
1.0808813599605,1.08857265914829,1.09241830874218,1.09626395833607,1.09818678313302,
1.10010960792997,1.10395525752386,1.10780090711775,1.11164655671165,1.11933785589943,
1.12702915508722),.UNSPECIFIED.);
#171=B_SPLINE_CURVE_WITH_KNOTS('',3,(#520,#521,#522,#523,#524,#525,#526,
#527,#528,#529,#530,#531,#532,#533,#534,#535,#536,#537,#538,#539,#540,#541,
#542,#543,#544,#545,#546,#547,#548,#549,#550,#551,#552,#553,#554,#555,#556,
#557,#558,#559,#560,#561,#562,#563,#564,#565,#566,#567,#568,#569,#570,#571,
#572,#573,#574,#575,#576,#577,#578,#579,#580,#581,#582),.UNSPECIFIED.,.F.,
 .F.,(4,1,1,1,1,1,1,1,1,1,1,1,1,1,1,1,1,1,1,1,1,1,1,1,1,1,1,1,1,1,1,1,1,
1,1,1,1,1,1,1,1,1,1,1,1,1,1,1,1,1,1,1,1,1,1,1,1,1,1,1,4),(0.142918690017659,
0.148622275429104,0.15432586084055,0.160029446251995,0.165733031663441,
0.168584824369164,0.171436617074887,0.174288409780609,0.177140202486332,
0.179991995192055,0.181417891544916,0.182843787897778,0.184269684250639,
0.185695580603501,0.187121476956362,0.188547373309223,0.189973269662085,
0.191399166014946,0.192112114191377,0.192825062367808,0.193538010544238,
0.194250958720669,0.19567685507353,0.197102751426392,0.198528647779253,
0.199954544132115,0.202806336837837,0.20565812954356,0.207084025896422,
0.208509922249283,0.211361714955006,0.214213507660729,0.217065300366451,
0.222768885777897,0.228472471189343,0.234176056600788,0.239879642012234,
0.245583227423679,0.248435020129402,0.251286812835125,0.25699039824657,
0.262693983658016,0.265545776363739,0.268397569069462,0.271249361775185,
0.274101154480907,0.275527050833769,0.27695294718663,0.279804739892353,
0.282656532598076,0.285508325303798,0.288360118009521,0.291211910715244,
0.294063703420967,0.29691549612669,0.299767288832412,0.302619081538135,
0.308322666949581,0.314026252361026,0.319729837772472,0.325433423183918),
 .UNSPECIFIED.);
#172=B_SPLINE_CURVE_WITH_KNOTS('',3,(#586,#587,#588,#589,#590,#591,#592,
#593,#594,#595,#596,#597,#598,#599,#600,#601,#602,#603,#604,#605,#606,#607,
#608,#609,#610,#611,#612,#613,#614,#615,#616,#617,#618,#619,#620,#621,#622,
#623,#624,#625,#626,#627,#628,#629,#630,#631,#632,#633,#634,#635,#636,#637,
#638,#639,#640,#641,#642,#643,#644,#645,#646,#647,#648),.UNSPECIFIED.,.F.,
 .F.,(4,1,1,1,1,1,1,1,1,1,1,1,1,1,1,1,1,1,1,1,1,1,1,1,1,1,1,1,1,1,1,1,1,
1,1,1,1,1,1,1,1,1,1,1,1,1,1,1,1,1,1,1,1,1,1,1,1,1,1,1,4),(0.142918690017659,
0.148622275429104,0.15432586084055,0.160029446251995,0.165733031663441,
0.168584824369164,0.171436617074887,0.174288409780609,0.177140202486332,
0.179991995192055,0.181417891544916,0.182843787897778,0.184269684250639,
0.185695580603501,0.187121476956362,0.188547373309223,0.189973269662085,
0.191399166014946,0.192112114191377,0.192825062367808,0.193538010544238,
0.194250958720669,0.19567685507353,0.197102751426392,0.198528647779253,
0.199954544132115,0.202806336837837,0.20565812954356,0.207084025896422,
0.208509922249283,0.211361714955006,0.214213507660729,0.217065300366451,
0.222768885777897,0.228472471189343,0.234176056600788,0.239879642012234,
0.245583227423679,0.248435020129402,0.251286812835125,0.25699039824657,
0.262693983658016,0.265545776363739,0.268397569069462,0.271249361775185,
0.274101154480907,0.275527050833769,0.27695294718663,0.279804739892353,
0.282656532598076,0.285508325303798,0.288360118009521,0.291211910715244,
0.294063703420967,0.29691549612669,0.299767288832412,0.302619081538135,
0.308322666949581,0.314026252361026,0.319729837772472,0.325433423183918),
 .UNSPECIFIED.);
#173=B_SPLINE_CURVE_WITH_KNOTS('',3,(#663,#664,#665,#666,#667,#668,#669,
#670,#671,#672),.UNSPECIFIED.,.F.,.F.,(4,1,1,1,1,1,1,4),(0.350908430933762,
0.360100016171785,0.364695808790797,0.36929160140981,0.373887394028822,
0.378483186647834,0.383078979266846,0.387674771885858),.UNSPECIFIED.);
#174=B_SPLINE_CURVE_WITH_KNOTS('',3,(#676,#677,#678,#679,#680,#681,#682,
#683,#684,#685),.UNSPECIFIED.,.F.,.F.,(4,1,1,1,1,1,1,4),(0.350908430933762,
0.360100016171785,0.364695808790797,0.36929160140981,0.373887394028822,
0.378483186647834,0.383078979266846,0.387674771885858),.UNSPECIFIED.);
#175=B_SPLINE_CURVE_WITH_KNOTS('',3,(#752,#753,#754,#755,#756,#757,#758,
#759,#760,#761,#762,#763,#764,#765,#766,#767,#768,#769,#770,#771,#772,#773,
#774,#775,#776,#777,#778,#779,#780,#781,#782,#783,#784,#785,#786,#787,#788,
#789,#790,#791,#792,#793,#794,#795,#796,#797,#798,#799,#800,#801,#802,#803,
#804,#805,#806,#807,#808,#809,#810,#811,#812,#813,#814,#815,#816,#817,#818,
#819,#820,#821,#822,#823),.UNSPECIFIED.,.F.,.F.,(4,1,1,1,1,1,1,1,1,1,1,
1,1,1,1,1,1,1,1,1,1,1,1,1,1,1,1,1,1,1,1,1,1,1,1,1,1,1,1,1,1,1,1,1,1,1,1,
1,1,1,1,1,1,1,1,1,1,1,1,1,1,1,1,1,1,1,1,1,1,4),(0.418493864583258,0.420052910879612,
0.421611957175966,0.42317100347232,0.424730049768674,0.427848142361381,
0.430966234954089,0.434084327546797,0.437202420139504,0.44343860532492,
0.449674790510335,0.452792883103043,0.454351929399397,0.455910975695751,
0.459029068288459,0.462147160881167,0.465265253473874,0.468383346066582,
0.47150143865929,0.473060484955644,0.474619531251997,0.477737623844705,
0.480855716437413,0.483973809030121,0.487091901622828,0.490209994215536,
0.49176904051189,0.493328086808244,0.499564271993659,0.505800457179075,
0.508918549771783,0.51203664236449,0.515154734957198,0.518272827549906,
0.524509012735321,0.527627105328029,0.530745197920737,0.533863290513444,
0.535422336809798,0.536981383106152,0.538540429402506,0.54009947569886,
0.543217568291568,0.546335660884275,0.549453753476983,0.552571846069691,
0.555689938662399,0.558808031255106,0.561926123847814,0.563485170144168,
0.565044216440522,0.566603262736876,0.568162309033229,0.569721355329583,
0.571280401625937,0.572839447922291,0.574398494218645,0.577516586811353,
0.579075633107707,0.58063467940406,0.582193725700414,0.583752771996768,
0.586870864589476,0.589988957182184,0.593107049774891,0.599343234960307,
0.605579420145722,0.611815605331138,0.614933697923845,0.618051790516553),
 .UNSPECIFIED.);
#176=B_SPLINE_CURVE_WITH_KNOTS('',3,(#827,#828,#829,#830,#831,#832,#833,
#834,#835,#836,#837,#838,#839,#840,#841,#842,#843,#844,#845,#846,#847,#848,
#849,#850,#851,#852,#853,#854,#855,#856,#857,#858,#859,#860,#861,#862,#863,
#864,#865,#866,#867,#868,#869,#870,#871,#872,#873,#874,#875,#876,#877,#878,
#879,#880,#881,#882,#883,#884,#885,#886,#887,#888,#889,#890,#891,#892,#893,
#894,#895,#896,#897,#898),.UNSPECIFIED.,.F.,.F.,(4,1,1,1,1,1,1,1,1,1,1,
1,1,1,1,1,1,1,1,1,1,1,1,1,1,1,1,1,1,1,1,1,1,1,1,1,1,1,1,1,1,1,1,1,1,1,1,
1,1,1,1,1,1,1,1,1,1,1,1,1,1,1,1,1,1,1,1,1,1,4),(0.418493864583258,0.420052910879612,
0.421611957175966,0.42317100347232,0.424730049768674,0.427848142361381,
0.430966234954089,0.434084327546797,0.437202420139504,0.44343860532492,
0.449674790510335,0.452792883103043,0.454351929399397,0.455910975695751,
0.459029068288459,0.462147160881167,0.465265253473874,0.468383346066582,
0.47150143865929,0.473060484955644,0.474619531251997,0.477737623844705,
0.480855716437413,0.483973809030121,0.487091901622828,0.490209994215536,
0.49176904051189,0.493328086808244,0.499564271993659,0.505800457179075,
0.508918549771783,0.51203664236449,0.515154734957198,0.518272827549906,
0.524509012735321,0.527627105328029,0.530745197920737,0.533863290513444,
0.535422336809798,0.536981383106152,0.538540429402506,0.54009947569886,
0.543217568291568,0.546335660884275,0.549453753476983,0.552571846069691,
0.555689938662399,0.558808031255106,0.561926123847814,0.563485170144168,
0.565044216440522,0.566603262736876,0.568162309033229,0.569721355329583,
0.571280401625937,0.572839447922291,0.574398494218645,0.577516586811353,
0.579075633107707,0.58063467940406,0.582193725700414,0.583752771996768,
0.586870864589476,0.589988957182184,0.593107049774891,0.599343234960307,
0.605579420145722,0.611815605331138,0.614933697923845,0.618051790516553),
 .UNSPECIFIED.);
#177=B_SPLINE_CURVE_WITH_KNOTS('',3,(#951,#952,#953,#954,#955,#956,#957,
#958,#959,#960,#961,#962,#963,#964,#965,#966,#967,#968,#969,#970,#971,#972,
#973,#974,#975,#976,#977,#978,#979,#980,#981,#982,#983,#984,#985,#986,#987,
#988,#989,#990,#991,#992,#993,#994,#995,#996,#997,#998),.UNSPECIFIED.,.F.,
 .F.,(4,1,1,1,1,1,1,1,1,1,1,1,1,1,1,1,1,1,1,1,1,1,1,1,1,1,1,1,1,1,1,1,1,
1,1,1,1,1,1,1,1,1,1,1,1,4),(0.6347512857449,0.638597477859481,0.642443669974061,
0.646289862088641,0.650136054203222,0.652059150260512,0.653982246317802,
0.657828438432383,0.661674630546963,0.665520822661543,0.669367014776124,
0.673213206890704,0.677059399005285,0.680905591119865,0.684751783234445,
0.688597975349026,0.696290359578187,0.700136551692767,0.703982743807348,
0.707828935921928,0.711675128036508,0.719367512265669,0.72705989649483,
0.734752280723991,0.742444664953152,0.750137049182313,0.757829433411473,
0.761675625526054,0.765521817640634,0.773214201869795,0.780906586098956,
0.788598970328117,0.796291354557278,0.800137546671858,0.803983738786438,
0.811676123015599,0.81936850724476,0.827060891473921,0.834753275703082,
0.842445659932243,0.850138044161403,0.857830428390564,0.865522812619725,
0.869369004734306,0.873215196848886,0.880907581078047),.UNSPECIFIED.);
#178=B_SPLINE_CURVE_WITH_KNOTS('',3,(#999,#1000,#1001,#1002,#1003,#1004,
#1005,#1006,#1007,#1008,#1009,#1010,#1011,#1012,#1013,#1014,#1015,#1016,
#1017,#1018,#1019,#1020,#1021,#1022,#1023,#1024,#1025,#1026,#1027,#1028,
#1029,#1030,#1031,#1032,#1033,#1034,#1035,#1036,#1037,#1038,#1039,#1040,
#1041,#1042,#1043,#1044,#1045,#1046),.UNSPECIFIED.,.F.,.F.,(4,1,1,1,1,1,
1,1,1,1,1,1,1,1,1,1,1,1,1,1,1,1,1,1,1,1,1,1,1,1,1,1,1,1,1,1,1,1,1,1,1,1,
1,1,1,4),(0.6347512857449,0.638597477859481,0.642443669974061,0.646289862088641,
0.650136054203222,0.652059150260512,0.653982246317802,0.657828438432383,
0.661674630546963,0.665520822661543,0.669367014776124,0.673213206890704,
0.677059399005285,0.680905591119865,0.684751783234445,0.688597975349026,
0.696290359578187,0.700136551692767,0.703982743807348,0.707828935921928,
0.711675128036508,0.719367512265669,0.72705989649483,0.734752280723991,
0.742444664953152,0.750137049182313,0.757829433411473,0.761675625526054,
0.765521817640634,0.773214201869795,0.780906586098956,0.788598970328117,
0.796291354557278,0.800137546671858,0.803983738786438,0.811676123015599,
0.81936850724476,0.827060891473921,0.834753275703082,0.842445659932243,
0.850138044161403,0.857830428390564,0.865522812619725,0.869369004734306,
0.873215196848886,0.880907581078047),.UNSPECIFIED.);
#179=B_SPLINE_CURVE_WITH_KNOTS('',3,(#1133,#1134,#1135,#1136,#1137,#1138,
#1139,#1140,#1141,#1142,#1143,#1144,#1145,#1146,#1147,#1148,#1149,#1150,
#1151,#1152,#1153,#1154,#1155,#1156,#1157,#1158,#1159,#1160,#1161,#1162,
#1163,#1164,#1165,#1166,#1167,#1168,#1169,#1170,#1171,#1172,#1173,#1174,
#1175),.UNSPECIFIED.,.T.,.F.,(1,1,1,1,1,1,1,1,1,1,1,1,1,1,1,1,1,1,1,1,1,
1,1,1,1,1,1,1,1,1,1,1,1,1,1,1,1,1,1,1,1,1,1,1,1,1,1),(-0.0931119569289893,
-0.0559144809318093,-0.0244633207990075,0.,0.0205966925718144,0.0455888990139041,
0.0701909785169447,0.100106754680628,0.134405339741828,0.137765324828486,
0.180531502057389,0.191877034353869,0.207471418245644,0.22936301751988,
0.250359967577297,0.274260015701546,0.298328657042246,0.335746423092315,
0.341566102831453,0.371449524334173,0.400417748307027,0.408214939223372,
0.419381733636396,0.453150106024606,0.472792730573726,0.490908333380265,
0.512384309535546,0.536880210526533,0.564121948968115,0.579519391113429,
0.622285159931578,0.627036914605756,0.650939293094244,0.678648030458207,
0.702571384455172,0.732247287636299,0.761544128785971,0.797893350616099,
0.836847011684207,0.869555926535903,0.906888043071011,0.944085519068191,
0.975536679200993,1.,1.02059669257181,1.0455888990139,1.07019097851694),
 .UNSPECIFIED.);
#180=B_SPLINE_CURVE_WITH_KNOTS('',3,(#1177,#1178,#1179,#1180,#1181,#1182,
#1183,#1184,#1185,#1186,#1187,#1188,#1189,#1190,#1191,#1192,#1193,#1194,
#1195,#1196,#1197,#1198,#1199,#1200,#1201,#1202,#1203,#1204,#1205,#1206,
#1207,#1208,#1209,#1210,#1211,#1212,#1213,#1214,#1215,#1216,#1217,#1218,
#1219),.UNSPECIFIED.,.T.,.F.,(1,1,1,1,1,1,1,1,1,1,1,1,1,1,1,1,1,1,1,1,1,
1,1,1,1,1,1,1,1,1,1,1,1,1,1,1,1,1,1,1,1,1,1,1,1,1,1),(-0.0931119569289893,
-0.0559144809318093,-0.0244633207990075,0.,0.0205966925718144,0.0455888990139041,
0.0701909785169447,0.100106754680628,0.134405339741828,0.137765324828486,
0.180531502057389,0.191877034353869,0.207471418245644,0.22936301751988,
0.250359967577297,0.274260015701546,0.298328657042246,0.335746423092315,
0.341566102831453,0.371449524334173,0.400417748307027,0.408214939223372,
0.419381733636396,0.453150106024606,0.472792730573726,0.490908333380265,
0.512384309535546,0.536880210526533,0.564121948968115,0.579519391113429,
0.622285159931578,0.627036914605756,0.650939293094244,0.678648030458207,
0.702571384455172,0.732247287636299,0.761544128785971,0.797893350616099,
0.836847011684207,0.869555926535903,0.906888043071011,0.944085519068191,
0.975536679200993,1.,1.02059669257181,1.0455888990139,1.07019097851694),
 .UNSPECIFIED.);
#181=B_SPLINE_CURVE_WITH_KNOTS('',3,(#1223,#1224,#1225,#1226,#1227,#1228,
#1229,#1230,#1231,#1232,#1233,#1234,#1235,#1236,#1237,#1238,#1239,#1240,
#1241,#1242,#1243,#1244,#1245,#1246,#1247,#1248,#1249,#1250,#1251,#1252,
#1253,#1254,#1255,#1256,#1257,#1258,#1259,#1260,#1261,#1262,#1263,#1264,
#1265,#1266,#1267,#1268,#1269,#1270,#1271,#1272,#1273,#1274,#1275,#1276,
#1277,#1278,#1279,#1280,#1281,#1282,#1283,#1284,#1285,#1286,#1287),
 .UNSPECIFIED.,.F.,.F.,(4,1,1,1,1,1,1,1,1,1,1,1,1,1,1,1,1,1,1,1,1,1,1,1,
1,1,1,1,1,1,1,1,1,1,1,1,1,1,1,1,1,1,1,1,1,1,1,1,1,1,1,1,1,1,1,1,1,1,1,1,
1,1,4),(0.880907581078047,0.888354502865681,0.895801424653315,0.90324834644095,
0.906971807334767,0.910695268228584,0.914418729122401,0.918142190016218,
0.925589111803852,0.940482955379121,0.947929877166755,0.955376798954389,
0.962823720742024,0.966547181635841,0.970270642529658,0.973994103423475,
0.977717564317292,0.981441025211109,0.985164486104926,0.988887946998743,
0.992611407892561,0.994473138339469,0.996334868786378,0.998196599233286,
1.00005832968019,1.0019200601271,1.00378179057401,1.00750525146783,1.01122871236165,
1.01495217325546,1.01867563414928,1.02053736459619,1.0223990950431,1.02426082549001,
1.02612255593691,1.02984601683073,1.03356947772455,1.03729293861837,1.04101639951218,
1.044739860406,1.04846332129982,1.05218678219363,1.05963370398127,1.06335716487509,
1.0670806257689,1.06894235621581,1.07080408666272,1.07266581710963,1.07452754755654,
1.07825100845035,1.08197446934417,1.08569793023799,1.08942139113181,1.09314485202562,
1.09500658247253,1.09686831291944,1.09873004336635,1.10059177381326,1.10245350426017,
1.10431523470707,1.10803869560089,1.11176215649471,1.11920907828234),
 .UNSPECIFIED.);
#182=B_SPLINE_CURVE_WITH_KNOTS('',3,(#1290,#1291,#1292,#1293,#1294,#1295,
#1296,#1297,#1298,#1299,#1300,#1301,#1302,#1303,#1304,#1305,#1306,#1307,
#1308,#1309,#1310,#1311),.UNSPECIFIED.,.F.,.F.,(4,1,1,1,1,1,1,1,1,1,1,1,
1,1,1,1,1,1,1,4),(0.149613199200046,0.15444994239922,0.159286685598394,
0.164123428797567,0.168960171996742,0.171378543596329,0.173796915195916,
0.176215286795502,0.178633658395089,0.181052029994676,0.182261215794469,
0.183470401594263,0.184679587394057,0.185284180293954,0.18588877319385,
0.186493366093747,0.187097958993644,0.187400255443592,0.18770255189354,
0.188307144793437),.UNSPECIFIED.);
#183=B_SPLINE_CURVE_WITH_KNOTS('',3,(#1313,#1314,#1315,#1316,#1317,#1318,
#1319,#1320,#1321,#1322,#1323,#1324,#1325,#1326,#1327,#1328,#1329,#1330,
#1331,#1332,#1333,#1334,#1335,#1336,#1337,#1338,#1339,#1340,#1341,#1342,
#1343,#1344,#1345,#1346,#1347,#1348,#1349,#1350,#1351,#1352,#1353,#1354,
#1355,#1356,#1357,#1358,#1359,#1360,#1361,#1362,#1363,#1364,#1365,#1366,
#1367),.UNSPECIFIED.,.F.,.F.,(4,1,1,1,1,1,1,1,1,1,1,1,1,1,1,1,1,1,1,1,1,
1,1,1,1,1,1,1,1,1,1,1,1,1,1,1,1,1,1,1,1,1,1,1,1,1,1,1,1,1,1,1,4),(0.195880921472993,
0.197719525802036,0.199558130131078,0.20139673446012,0.203235338789163,
0.205073943118205,0.205993245282727,0.206912547447248,0.20783184961177,
0.208751151776291,0.210589756105334,0.212428360434376,0.214266964763418,
0.216105569092461,0.217944173421503,0.221621382079589,0.225298590737674,
0.227137195066716,0.228975799395759,0.232653008053844,0.236330216711929,
0.238168821040972,0.240007425370014,0.2436846340281,0.247361842686184,0.249200447015227,
0.25103905134427,0.254716260002355,0.25839346866044,0.262070677318525,0.26574788597661,
0.269425094634695,0.273102303292781,0.274940907621823,0.276779511950865,
0.278618116279908,0.28045672060895,0.282295324937994,0.284133929267036,
0.285972533596078,0.287811137925121,0.289649742254164,0.291488346583206,
0.293326950912248,0.295165555241292,0.297004159570334,0.298842763899377,
0.300681368228419,0.302519972557462,0.304358576886504,0.306197181215547,
0.309874389873632,0.313551598531717),.UNSPECIFIED.);
#184=B_SPLINE_CURVE_WITH_KNOTS('',3,(#1371,#1372,#1373,#1374,#1375,#1376,
#1377,#1378,#1379,#1380,#1381,#1382,#1383,#1384,#1385,#1386,#1387,#1388,
#1389,#1390,#1391,#1392,#1393,#1394,#1395,#1396,#1397,#1398,#1399,#1400,
#1401,#1402,#1403,#1404,#1405,#1406,#1407,#1408,#1409,#1410,#1411,#1412,
#1413,#1414,#1415,#1416,#1417,#1418,#1419,#1420,#1421,#1422,#1423,#1424,
#1425,#1426,#1427,#1428,#1429,#1430,#1431,#1432,#1433,#1434,#1435,#1436,
#1437,#1438,#1439,#1440,#1441,#1442,#1443,#1444,#1445,#1446,#1447,#1448,
#1449,#1450,#1451,#1452,#1453,#1454,#1455,#1456,#1457,#1458,#1459),
 .UNSPECIFIED.,.F.,.F.,(4,1,1,1,1,1,1,1,1,1,1,1,1,1,1,1,1,1,1,1,1,1,1,1,
1,1,1,1,1,1,1,1,1,1,1,1,1,1,1,1,1,1,1,1,1,1,1,1,1,1,1,1,1,1,1,1,1,1,1,1,
1,1,1,1,1,1,1,1,1,1,1,1,1,1,1,1,1,1,1,1,1,1,1,1,1,1,4),(0.43705704389161,
0.442501179822612,0.445223247788112,0.447945315753613,0.449306349736363,
0.450667383719113,0.452028417701863,0.453389451684614,0.454750485667364,
0.456111519650114,0.458833587615615,0.461555655581115,0.462916689563866,
0.464277723546616,0.466999791512117,0.468360825494867,0.469721859477617,
0.471082893460367,0.472443927443118,0.473804961425868,0.475165995408618,
0.476527029391369,0.477888063374119,0.48061013133962,0.48333219930512,0.486054267270621,
0.488776335236121,0.490137369218872,0.491498403201622,0.492859437184372,
0.494220471167122,0.496942539132623,0.499664607098124,0.502386675063624,
0.505108743029125,0.507830810994626,0.510552878960126,0.513274946925627,
0.515997014891127,0.518719082856628,0.524163218787629,0.52688528675313,
0.52960735471863,0.532329422684131,0.535051490649631,0.536412524632382,
0.537773558615132,0.540495626580632,0.543217694546133,0.545939762511634,
0.548661830477134,0.551383898442635,0.554105966408135,0.556828034373636,
0.559550102339137,0.560911136321887,0.562272170304637,0.562952687296012,
0.563633204287388,0.564994238270138,0.565674755261513,0.566355272252888,
0.567035789244263,0.567716306235638,0.568396823227014,0.569077340218389,
0.569757857209764,0.570438374201139,0.571799408183889,0.572479925175264,
0.573160442166639,0.573840959158015,0.57452147614939,0.57588251013214,0.57724354411489,
0.578604578097641,0.579965612080391,0.581326646063141,0.582687680045892,
0.584048714028642,0.586770781994143,0.589492849959643,0.592214917925144,
0.594936985890644,0.600381121821645,0.605825257752647,0.611269393683648),
 .UNSPECIFIED.);
#185=B_SPLINE_CURVE_WITH_KNOTS('',3,(#1461,#1462,#1463,#1464,#1465,#1466,
#1467,#1468,#1469,#1470,#1471,#1472,#1473,#1474,#1475,#1476,#1477,#1478,
#1479,#1480,#1481,#1482,#1483,#1484,#1485,#1486,#1487,#1488,#1489,#1490,
#1491,#1492,#1493,#1494,#1495,#1496,#1497,#1498,#1499,#1500,#1501,#1502,
#1503,#1504,#1505,#1506,#1507,#1508,#1509,#1510,#1511,#1512,#1513,#1514,
#1515,#1516,#1517,#1518,#1519,#1520,#1521,#1522,#1523,#1524,#1525,#1526),
 .UNSPECIFIED.,.F.,.F.,(4,1,1,1,1,1,1,1,1,1,1,1,1,1,1,1,1,1,1,1,1,1,1,1,
1,1,1,1,1,1,1,1,1,1,1,1,1,1,1,1,1,1,1,1,1,1,1,1,1,1,1,1,1,1,1,1,1,1,1,1,
1,1,1,4),(0.643222604451362,0.645079518331258,0.646936432211154,0.64879334609105,
0.650650259970946,0.652507173850842,0.654364087730738,0.656221001610634,
0.65807791549053,0.661791743250322,0.665505571010114,0.669219398769906,
0.672933226529698,0.674790140409594,0.67664705428949,0.678503968169386,
0.680360882049282,0.682217795929178,0.684074709809074,0.687788537568866,
0.691502365328657,0.695216193088449,0.698930020848241,0.702643848608033,
0.706357676367825,0.710071504127617,0.713785331887409,0.717499159647201,
0.721212987406993,0.724926815166785,0.728640642926577,0.732354470686369,
0.734211384566265,0.736068298446161,0.739782126205953,0.743495953965745,
0.747209781725537,0.75463743724512,0.758351265004913,0.762065092764704,
0.765778920524496,0.769492748284288,0.77320657604408,0.776920403803872,
0.784348059323456,0.788061887083248,0.79177571484304,0.795489542602832,
0.799203370362624,0.802917198122416,0.806631025882208,0.814058681401792,
0.821486336921376,0.825200164681168,0.828913992440959,0.832627820200751,
0.836341647960543,0.843769303480127,0.851196958999711,0.858624614519295,
0.866052270038879,0.869766097798671,0.873479925558463,0.880907581078047),
 .UNSPECIFIED.);
#186=B_SPLINE_CURVE_WITH_KNOTS('',3,(#1528,#1529,#1530,#1531,#1532,#1533,
#1534,#1535,#1536,#1537,#1538,#1539,#1540,#1541,#1542,#1543,#1544,#1545,
#1546,#1547,#1548,#1549,#1550,#1551,#1552,#1553,#1554,#1555,#1556,#1557,
#1558,#1559,#1560,#1561,#1562,#1563,#1564,#1565,#1566,#1567,#1568,#1569,
#1570,#1571,#1572,#1573,#1574,#1575,#1576,#1577,#1578,#1579,#1580,#1581,
#1582,#1583,#1584,#1585,#1586,#1587,#1588,#1589,#1590,#1591,#1592),
 .UNSPECIFIED.,.F.,.F.,(4,1,1,1,1,1,1,1,1,1,1,1,1,1,1,1,1,1,1,1,1,1,1,1,
1,1,1,1,1,1,1,1,1,1,1,1,1,1,1,1,1,1,1,1,1,1,1,1,1,1,1,1,1,1,1,1,1,1,1,1,
1,1,4),(0.880907581078047,0.888354502865681,0.895801424653315,0.90324834644095,
0.906971807334767,0.910695268228584,0.914418729122401,0.918142190016218,
0.925589111803852,0.940482955379121,0.947929877166755,0.955376798954389,
0.962823720742024,0.966547181635841,0.970270642529658,0.973994103423475,
0.977717564317292,0.981441025211109,0.985164486104926,0.988887946998743,
0.992611407892561,0.994473138339469,0.996334868786378,0.998196599233286,
1.00005832968019,1.0019200601271,1.00378179057401,1.00750525146783,1.01122871236165,
1.01495217325546,1.01867563414928,1.02053736459619,1.0223990950431,1.02426082549001,
1.02612255593691,1.02984601683073,1.03356947772455,1.03729293861837,1.04101639951218,
1.044739860406,1.04846332129982,1.05218678219363,1.05963370398127,1.06335716487509,
1.0670806257689,1.06894235621581,1.07080408666272,1.07266581710963,1.07452754755654,
1.07825100845035,1.08197446934417,1.08569793023799,1.08942139113181,1.09314485202562,
1.09500658247253,1.09686831291944,1.09873004336635,1.10059177381326,1.10245350426017,
1.10431523470707,1.10803869560089,1.11176215649471,1.11920907828234),
 .UNSPECIFIED.);
#187=B_SPLINE_CURVE_WITH_KNOTS('',3,(#1595,#1596,#1597,#1598,#1599,#1600,
#1601,#1602,#1603,#1604,#1605,#1606,#1607,#1608,#1609,#1610,#1611,#1612,
#1613,#1614,#1615,#1616,#1617,#1618,#1619,#1620,#1621,#1622,#1623,#1624,
#1625,#1626,#1627,#1628,#1629,#1630,#1631,#1632,#1633,#1634,#1635,#1636,
#1637,#1638,#1639,#1640,#1641,#1642,#1643,#1644,#1645,#1646,#1647,#1648,
#1649,#1650,#1651,#1652,#1653,#1654,#1655,#1656,#1657,#1658,#1659,#1660),
 .UNSPECIFIED.,.F.,.F.,(4,1,1,1,1,1,1,1,1,1,1,1,1,1,1,1,1,1,1,1,1,1,1,1,
1,1,1,1,1,1,1,1,1,1,1,1,1,1,1,1,1,1,1,1,1,1,1,1,1,1,1,1,1,1,1,1,1,1,1,1,
1,1,1,4),(0.643222604451362,0.645079518331258,0.646936432211154,0.64879334609105,
0.650650259970946,0.652507173850842,0.654364087730738,0.656221001610634,
0.65807791549053,0.661791743250322,0.665505571010114,0.669219398769906,
0.672933226529698,0.674790140409594,0.67664705428949,0.678503968169386,
0.680360882049282,0.682217795929178,0.684074709809074,0.687788537568866,
0.691502365328657,0.695216193088449,0.698930020848241,0.702643848608033,
0.706357676367825,0.710071504127617,0.713785331887409,0.717499159647201,
0.721212987406993,0.724926815166785,0.728640642926577,0.732354470686369,
0.734211384566265,0.736068298446161,0.739782126205953,0.743495953965745,
0.747209781725537,0.75463743724512,0.758351265004913,0.762065092764704,
0.765778920524496,0.769492748284288,0.77320657604408,0.776920403803872,
0.784348059323456,0.788061887083248,0.79177571484304,0.795489542602832,
0.799203370362624,0.802917198122416,0.806631025882208,0.814058681401792,
0.821486336921376,0.825200164681168,0.828913992440959,0.832627820200751,
0.836341647960543,0.843769303480127,0.851196958999711,0.858624614519295,
0.866052270038879,0.869766097798671,0.873479925558463,0.880907581078047),
 .UNSPECIFIED.);
#188=B_SPLINE_CURVE_WITH_KNOTS('',3,(#1662,#1663,#1664,#1665,#1666,#1667,
#1668,#1669,#1670,#1671,#1672,#1673,#1674,#1675,#1676,#1677,#1678,#1679,
#1680,#1681,#1682,#1683,#1684,#1685,#1686,#1687,#1688,#1689,#1690,#1691,
#1692,#1693,#1694,#1695,#1696,#1697,#1698,#1699,#1700,#1701,#1702,#1703,
#1704,#1705,#1706,#1707,#1708,#1709,#1710,#1711,#1712,#1713,#1714,#1715,
#1716,#1717,#1718,#1719,#1720,#1721,#1722,#1723,#1724,#1725,#1726,#1727,
#1728,#1729,#1730,#1731,#1732,#1733,#1734,#1735,#1736,#1737,#1738,#1739,
#1740,#1741,#1742,#1743,#1744,#1745,#1746,#1747,#1748,#1749,#1750),
 .UNSPECIFIED.,.F.,.F.,(4,1,1,1,1,1,1,1,1,1,1,1,1,1,1,1,1,1,1,1,1,1,1,1,
1,1,1,1,1,1,1,1,1,1,1,1,1,1,1,1,1,1,1,1,1,1,1,1,1,1,1,1,1,1,1,1,1,1,1,1,
1,1,1,1,1,1,1,1,1,1,1,1,1,1,1,1,1,1,1,1,1,1,1,1,1,1,4),(0.43705704389161,
0.442501179822612,0.445223247788112,0.447945315753613,0.449306349736363,
0.450667383719113,0.452028417701863,0.453389451684614,0.454750485667364,
0.456111519650114,0.458833587615615,0.461555655581115,0.462916689563866,
0.464277723546616,0.466999791512117,0.468360825494867,0.469721859477617,
0.471082893460367,0.472443927443118,0.473804961425868,0.475165995408618,
0.476527029391369,0.477888063374119,0.48061013133962,0.48333219930512,0.486054267270621,
0.488776335236121,0.490137369218872,0.491498403201622,0.492859437184372,
0.494220471167122,0.496942539132623,0.499664607098124,0.502386675063624,
0.505108743029125,0.507830810994626,0.510552878960126,0.513274946925627,
0.515997014891127,0.518719082856628,0.524163218787629,0.52688528675313,
0.52960735471863,0.532329422684131,0.535051490649631,0.536412524632382,
0.537773558615132,0.540495626580632,0.543217694546133,0.545939762511634,
0.548661830477134,0.551383898442635,0.554105966408135,0.556828034373636,
0.559550102339137,0.560911136321887,0.562272170304637,0.562952687296012,
0.563633204287388,0.564994238270138,0.565674755261513,0.566355272252888,
0.567035789244263,0.567716306235638,0.568396823227014,0.569077340218389,
0.569757857209764,0.570438374201139,0.571799408183889,0.572479925175264,
0.573160442166639,0.573840959158015,0.57452147614939,0.57588251013214,0.57724354411489,
0.578604578097641,0.579965612080391,0.581326646063141,0.582687680045892,
0.584048714028642,0.586770781994143,0.589492849959643,0.592214917925144,
0.594936985890644,0.600381121821645,0.605825257752647,0.611269393683648),
 .UNSPECIFIED.);
#189=B_SPLINE_CURVE_WITH_KNOTS('',3,(#1754,#1755,#1756,#1757,#1758,#1759,
#1760,#1761,#1762,#1763,#1764,#1765,#1766,#1767,#1768,#1769,#1770,#1771,
#1772,#1773,#1774,#1775,#1776,#1777,#1778,#1779,#1780,#1781,#1782,#1783,
#1784,#1785,#1786,#1787,#1788,#1789,#1790,#1791,#1792,#1793,#1794,#1795,
#1796,#1797,#1798,#1799,#1800,#1801,#1802,#1803,#1804,#1805,#1806,#1807,
#1808),.UNSPECIFIED.,.F.,.F.,(4,1,1,1,1,1,1,1,1,1,1,1,1,1,1,1,1,1,1,1,1,
1,1,1,1,1,1,1,1,1,1,1,1,1,1,1,1,1,1,1,1,1,1,1,1,1,1,1,1,1,1,1,4),(0.195880921472993,
0.197719525802036,0.199558130131078,0.20139673446012,0.203235338789163,
0.205073943118205,0.205993245282727,0.206912547447248,0.20783184961177,
0.208751151776291,0.210589756105334,0.212428360434376,0.214266964763418,
0.216105569092461,0.217944173421503,0.221621382079589,0.225298590737674,
0.227137195066716,0.228975799395759,0.232653008053844,0.236330216711929,
0.238168821040972,0.240007425370014,0.2436846340281,0.247361842686184,0.249200447015227,
0.25103905134427,0.254716260002355,0.25839346866044,0.262070677318525,0.26574788597661,
0.269425094634695,0.273102303292781,0.274940907621823,0.276779511950865,
0.278618116279908,0.28045672060895,0.282295324937994,0.284133929267036,
0.285972533596078,0.287811137925121,0.289649742254164,0.291488346583206,
0.293326950912248,0.295165555241292,0.297004159570334,0.298842763899377,
0.300681368228419,0.302519972557462,0.304358576886504,0.306197181215547,
0.309874389873632,0.313551598531717),.UNSPECIFIED.);
#190=B_SPLINE_CURVE_WITH_KNOTS('',3,(#1810,#1811,#1812,#1813,#1814,#1815,
#1816,#1817,#1818,#1819,#1820,#1821,#1822,#1823,#1824,#1825,#1826,#1827,
#1828,#1829,#1830,#1831),.UNSPECIFIED.,.F.,.F.,(4,1,1,1,1,1,1,1,1,1,1,1,
1,1,1,1,1,1,1,4),(0.149613199200046,0.15444994239922,0.159286685598394,
0.164123428797567,0.168960171996742,0.171378543596329,0.173796915195916,
0.176215286795502,0.178633658395089,0.181052029994676,0.182261215794469,
0.183470401594263,0.184679587394057,0.185284180293954,0.18588877319385,
0.186493366093747,0.187097958993644,0.187400255443592,0.18770255189354,
0.188307144793437),.UNSPECIFIED.);
#191=EDGE_LOOP('',(#40,#41,#42,#43));
#192=EDGE_LOOP('',(#44,#45,#46,#47));
#193=EDGE_LOOP('',(#48,#49,#50,#51));
#194=EDGE_LOOP('',(#52,#53,#54,#55));
#195=EDGE_LOOP('',(#56,#57,#58,#59));
#196=EDGE_LOOP('',(#60));
#197=EDGE_LOOP('',(#61));
#198=EDGE_LOOP('',(#62,#63,#64,#65,#66));
#199=EDGE_LOOP('',(#67));
#200=EDGE_LOOP('',(#68));
#201=EDGE_LOOP('',(#69,#70,#71,#72,#73,#74));
#202=EDGE_LOOP('',(#75,#76,#77,#78,#79));
#203=EDGE_LOOP('',(#80,#81,#82,#83,#84,#85));
#204=EDGE_LOOP('',(#86,#87,#88,#89));
#205=EDGE_LOOP('',(#90,#91,#92,#93));
#206=EDGE_LOOP('',(#94,#95,#96,#97));
#207=EDGE_LOOP('',(#98,#99,#100,#101));
#208=EDGE_LOOP('',(#102,#103,#104,#105));
#209=EDGE_LOOP('',(#106,#107,#108,#109));
#210=FACE_BOUND('',#191,.T.);
#211=FACE_BOUND('',#192,.T.);
#212=FACE_BOUND('',#193,.T.);
#213=FACE_BOUND('',#194,.T.);
#214=FACE_BOUND('',#195,.T.);
#215=FACE_BOUND('',#196,.T.);
#216=FACE_BOUND('',#197,.T.);
#217=FACE_BOUND('',#198,.T.);
#218=FACE_BOUND('',#199,.T.);
#219=FACE_BOUND('',#200,.T.);
#220=FACE_BOUND('',#201,.T.);
#221=FACE_BOUND('',#202,.T.);
#222=FACE_BOUND('',#203,.T.);
#223=FACE_BOUND('',#204,.T.);
#224=FACE_BOUND('',#205,.T.);
#225=FACE_BOUND('',#206,.T.);
#226=FACE_BOUND('',#207,.T.);
#227=FACE_BOUND('',#208,.T.);
#228=FACE_BOUND('',#209,.T.);
#229=B_SPLINE_SURFACE_WITH_KNOTS('',3,1,((#300,#301),(#302,#303),(#304,
#305),(#306,#307),(#308,#309),(#310,#311),(#312,#313),(#314,#315),(#316,
#317),(#318,#319),(#320,#321),(#322,#323),(#324,#325),(#326,#327),(#328,
#329),(#330,#331),(#332,#333),(#334,#335),(#336,#337),(#338,#339),(#340,
#341),(#342,#343),(#344,#345),(#346,#347),(#348,#349),(#350,#351)),
 .SURF_OF_LINEAR_EXTRUSION.,.F.,.F.,.F.,(4,1,1,1,1,1,1,1,1,1,1,1,1,1,1,
1,1,1,1,1,1,1,1,4),(2,2),(0.880907581078047,0.89629017945362,0.911672777829194,
0.927055376204767,0.94243797458034,0.957820572955913,0.973203171331487,
0.98858576970706,0.996277068894847,1.00396836808263,1.01165966727042,1.01935096645821,
1.02704226564599,1.03473356483378,1.04242486402157,1.05011616320935,1.06549876158493,
1.07319006077271,1.0808813599605,1.08857265914829,1.09626395833607,1.10395525752386,
1.11164655671165,1.12702915508722),(0.,1.),.UNSPECIFIED.);
#230=B_SPLINE_SURFACE_WITH_KNOTS('',3,1,((#456,#457),(#458,#459),(#460,
#461),(#462,#463),(#464,#465),(#466,#467),(#468,#469),(#470,#471),(#472,
#473),(#474,#475),(#476,#477),(#478,#479),(#480,#481),(#482,#483),(#484,
#485),(#486,#487),(#488,#489),(#490,#491),(#492,#493),(#494,#495),(#496,
#497),(#498,#499),(#500,#501),(#502,#503),(#504,#505),(#506,#507),(#508,
#509),(#510,#511),(#512,#513),(#514,#515),(#516,#517),(#518,#519)),
 .SURF_OF_LINEAR_EXTRUSION.,.F.,.F.,.F.,(4,1,1,1,1,1,1,1,1,1,1,1,1,1,1,
1,1,1,1,1,1,1,1,1,1,1,1,1,1,4),(2,2),(0.142918690017659,0.15432586084055,
0.165733031663441,0.171436617074887,0.177140202486333,0.179991995192055,
0.182843787897778,0.185695580603501,0.188547373309224,0.191399166014947,
0.192825062367808,0.194250958720669,0.197102751426392,0.199954544132115,
0.205658129543561,0.211361714955006,0.217065300366452,0.222768885777897,
0.234176056600788,0.24558322742368,0.256990398246571,0.268397569069462,
0.274101154480908,0.279804739892353,0.285508325303799,0.291211910715244,
0.29691549612669,0.302619081538136,0.314026252361027,0.325433423183918),
(0.,1.),.UNSPECIFIED.);
#231=B_SPLINE_SURFACE_WITH_KNOTS('',3,1,((#649,#650),(#651,#652),(#653,
#654),(#655,#656),(#657,#658),(#659,#660),(#661,#662)),
 .SURF_OF_LINEAR_EXTRUSION.,.F.,.F.,.F.,(4,1,1,1,4),(2,2),(0.350908430933762,
0.360100016171786,0.36929160140981,0.378483186647834,0.387674771885858),
(0.,1.),.UNSPECIFIED.);
#232=B_SPLINE_SURFACE_WITH_KNOTS('',3,1,((#686,#687),(#688,#689),(#690,
#691),(#692,#693),(#694,#695),(#696,#697),(#698,#699),(#700,#701),(#702,
#703),(#704,#705),(#706,#707),(#708,#709),(#710,#711),(#712,#713),(#714,
#715),(#716,#717),(#718,#719),(#720,#721),(#722,#723),(#724,#725),(#726,
#727),(#728,#729),(#730,#731),(#732,#733),(#734,#735),(#736,#737),(#738,
#739),(#740,#741),(#742,#743),(#744,#745),(#746,#747),(#748,#749),(#750,
#751)),.SURF_OF_LINEAR_EXTRUSION.,.F.,.F.,.F.,(4,1,1,1,1,1,1,1,1,1,1,1,
1,1,1,1,1,1,1,1,1,1,1,1,1,1,1,1,1,1,4),(2,2),(0.418493864583258,0.421611957175966,
0.424730049768673,0.430966234954089,0.44343860532492,0.455910975695751,
0.462147160881166,0.468383346066582,0.474619531251997,0.480855716437413,
0.487091901622828,0.493328086808244,0.505800457179075,0.518272827549906,
0.524509012735321,0.530745197920736,0.536981383106152,0.543217568291567,
0.549453753476983,0.555689938662398,0.561926123847814,0.565044216440522,
0.568162309033229,0.571280401625937,0.574398494218645,0.577516586811353,
0.58063467940406,0.586870864589476,0.593107049774891,0.605579420145722,
0.618051790516553),(0.,1.),.UNSPECIFIED.);
#233=B_SPLINE_SURFACE_WITH_KNOTS('',3,1,((#899,#900),(#901,#902),(#903,
#904),(#905,#906),(#907,#908),(#909,#910),(#911,#912),(#913,#914),(#915,
#916),(#917,#918),(#919,#920),(#921,#922),(#923,#924),(#925,#926),(#927,
#928),(#929,#930),(#931,#932),(#933,#934),(#935,#936),(#937,#938),(#939,
#940),(#941,#942),(#943,#944),(#945,#946),(#947,#948),(#949,#950)),
 .SURF_OF_LINEAR_EXTRUSION.,.F.,.F.,.F.,(4,1,1,1,1,1,1,1,1,1,1,1,1,1,1,
1,1,1,1,1,1,1,1,4),(2,2),(0.6347512857449,0.642443669974061,0.650136054203222,
0.657828438432383,0.665520822661543,0.673213206890704,0.680905591119865,
0.688597975349026,0.696290359578187,0.703982743807348,0.711675128036508,
0.72705989649483,0.734752280723991,0.742444664953152,0.757829433411473,
0.765521817640634,0.773214201869795,0.788598970328117,0.803983738786439,
0.81936850724476,0.834753275703082,0.850138044161404,0.865522812619725,
0.880907581078047),(0.,1.),.UNSPECIFIED.);
#234=B_SPLINE_SURFACE_WITH_KNOTS('',3,1,((#1047,#1048),(#1049,#1050),(#1051,
#1052),(#1053,#1054),(#1055,#1056),(#1057,#1058),(#1059,#1060),(#1061,#1062),
(#1063,#1064),(#1065,#1066),(#1067,#1068),(#1069,#1070),(#1071,#1072),(#1073,
#1074),(#1075,#1076),(#1077,#1078),(#1079,#1080),(#1081,#1082),(#1083,#1084),
(#1085,#1086),(#1087,#1088),(#1089,#1090),(#1091,#1092),(#1093,#1094),(#1095,
#1096),(#1097,#1098),(#1099,#1100),(#1101,#1102),(#1103,#1104),(#1105,#1106),
(#1107,#1108),(#1109,#1110),(#1111,#1112),(#1113,#1114),(#1115,#1116),(#1117,
#1118),(#1119,#1120),(#1121,#1122),(#1123,#1124),(#1125,#1126),(#1127,#1128),
(#1129,#1130),(#1131,#1132)),.SURF_OF_LINEAR_EXTRUSION.,.T.,.F.,.F.,(1,
1,1,1,1,1,1,1,1,1,1,1,1,1,1,1,1,1,1,1,1,1,1,1,1,1,1,1,1,1,1,1,1,1,1,1,1,
1,1,1,1,1,1,1,1,1,1),(2,2),(-0.0931119569289893,-0.0559144809318093,-0.0244633207990075,
0.,0.0205966925718144,0.0455888990139041,0.0701909785169447,0.100106754680628,
0.134405339741828,0.137765324828486,0.180531502057389,0.191877034353869,
0.207471418245644,0.22936301751988,0.250359967577297,0.274260015701546,
0.298328657042246,0.335746423092315,0.341566102831453,0.371449524334173,
0.400417748307027,0.408214939223372,0.419381733636396,0.453150106024606,
0.472792730573726,0.490908333380265,0.512384309535546,0.536880210526533,
0.564121948968115,0.579519391113429,0.622285159931578,0.627036914605756,
0.650939293094244,0.678648030458207,0.702571384455172,0.732247287636299,
0.761544128785971,0.797893350616099,0.836847011684207,0.869555926535903,
0.906888043071011,0.944085519068191,0.975536679200993,1.,1.02059669257181,
1.0455888990139,1.07019097851694),(0.,1.),.UNSPECIFIED.);
#235=B_SPLINE_SURFACE_WITH_KNOTS('',3,1,((#1832,#1833),(#1834,#1835),(#1836,
#1837),(#1838,#1839),(#1840,#1841),(#1842,#1843),(#1844,#1845),(#1846,#1847),
(#1848,#1849),(#1850,#1851),(#1852,#1853),(#1854,#1855),(#1856,#1857),(#1858,
#1859),(#1860,#1861),(#1862,#1863),(#1864,#1865),(#1866,#1867),(#1868,#1869),
(#1870,#1871),(#1872,#1873),(#1874,#1875),(#1876,#1877),(#1878,#1879),(#1880,
#1881),(#1882,#1883),(#1884,#1885),(#1886,#1887),(#1888,#1889),(#1890,#1891),
(#1892,#1893)),.SURF_OF_LINEAR_EXTRUSION.,.F.,.F.,.F.,(4,1,1,1,1,1,1,1,
1,1,1,1,1,1,1,1,1,1,1,1,1,1,1,1,1,1,1,1,4),(2,2),(0.880907581078047,0.895801424653315,
0.910695268228584,0.925589111803852,0.940482955379121,0.955376798954389,
0.970270642529658,0.977717564317292,0.985164486104926,0.99261140789256,
0.996334868786377,1.00005832968019,1.00378179057401,1.00750525146783,1.01495217325546,
1.0223990950431,1.02984601683073,1.03729293861837,1.044739860406,1.05218678219363,
1.05963370398127,1.0670806257689,1.07452754755654,1.08197446934417,1.0894213911318,
1.09686831291944,1.10431523470707,1.11176215649471,1.11920907828234),(0.,
1.),.UNSPECIFIED.);
#236=B_SPLINE_SURFACE_WITH_KNOTS('',3,1,((#1896,#1897),(#1898,#1899),(#1900,
#1901),(#1902,#1903),(#1904,#1905),(#1906,#1907),(#1908,#1909),(#1910,#1911),
(#1912,#1913),(#1914,#1915),(#1916,#1917),(#1918,#1919)),
 .SURF_OF_LINEAR_EXTRUSION.,.F.,.F.,.F.,(4,1,1,1,1,1,1,1,1,4),(2,2),(0.149613199200046,
0.159286685598394,0.164123428797568,0.168960171996742,0.173796915195915,
0.178633658395089,0.181052029994676,0.183470401594263,0.18588877319385,
0.188307144793437),(0.,1.),.UNSPECIFIED.);
#237=B_SPLINE_SURFACE_WITH_KNOTS('',3,1,((#1921,#1922),(#1923,#1924),(#1925,
#1926),(#1927,#1928),(#1929,#1930),(#1931,#1932),(#1933,#1934),(#1935,#1936),
(#1937,#1938),(#1939,#1940),(#1941,#1942),(#1943,#1944),(#1945,#1946),(#1947,
#1948),(#1949,#1950),(#1951,#1952),(#1953,#1954),(#1955,#1956),(#1957,#1958),
(#1959,#1960),(#1961,#1962),(#1963,#1964),(#1965,#1966),(#1967,#1968),(#1969,
#1970),(#1971,#1972)),.SURF_OF_LINEAR_EXTRUSION.,.F.,.F.,.F.,(4,1,1,1,1,
1,1,1,1,1,1,1,1,1,1,1,1,1,1,1,1,1,1,4),(2,2),(0.195880921472993,0.199558130131078,
0.203235338789163,0.206912547447248,0.208751151776291,0.210589756105333,
0.214266964763419,0.217944173421504,0.225298590737674,0.232653008053844,
0.240007425370014,0.247361842686185,0.254716260002355,0.262070677318525,
0.269425094634695,0.273102303292781,0.276779511950866,0.280456720608951,
0.284133929267036,0.287811137925121,0.291488346583206,0.298842763899376,
0.306197181215547,0.313551598531717),(0.,1.),.UNSPECIFIED.);
#238=B_SPLINE_SURFACE_WITH_KNOTS('',3,1,((#1976,#1977),(#1978,#1979),(#1980,
#1981),(#1982,#1983),(#1984,#1985),(#1986,#1987),(#1988,#1989),(#1990,#1991),
(#1992,#1993),(#1994,#1995),(#1996,#1997),(#1998,#1999),(#2000,#2001),(#2002,
#2003),(#2004,#2005),(#2006,#2007),(#2008,#2009),(#2010,#2011),(#2012,#2013),
(#2014,#2015),(#2016,#2017),(#2018,#2019),(#2020,#2021),(#2022,#2023),(#2024,
#2025),(#2026,#2027),(#2028,#2029),(#2030,#2031),(#2032,#2033),(#2034,#2035),
(#2036,#2037),(#2038,#2039),(#2040,#2041),(#2042,#2043),(#2044,#2045),(#2046,
#2047),(#2048,#2049),(#2050,#2051),(#2052,#2053),(#2054,#2055),(#2056,#2057),
(#2058,#2059)),.SURF_OF_LINEAR_EXTRUSION.,.F.,.F.,.F.,(4,1,1,1,1,1,1,1,
1,1,1,1,1,1,1,1,1,1,1,1,1,1,1,1,1,1,1,1,1,1,1,1,1,1,1,1,1,1,1,4),(2,2),
(0.43705704389161,0.442501179822611,0.447945315753612,0.453389451684614,
0.458833587615615,0.464277723546616,0.469721859477617,0.472443927443118,
0.475165995408618,0.480610131339619,0.486054267270621,0.488776335236121,
0.491498403201622,0.496942539132623,0.502386675063624,0.507830810994625,
0.513274946925627,0.518719082856628,0.524163218787629,0.52960735471863,
0.535051490649631,0.537773558615132,0.540495626580633,0.545939762511634,
0.551383898442635,0.556828034373636,0.559550102339137,0.562272170304637,
0.564994238270138,0.567716306235639,0.570438374201139,0.57316044216664,
0.57588251013214,0.578604578097641,0.581326646063141,0.584048714028642,
0.589492849959643,0.594936985890644,0.600381121821646,0.611269393683648),
(0.,1.),.UNSPECIFIED.);
#239=B_SPLINE_SURFACE_WITH_KNOTS('',3,1,((#2061,#2062),(#2063,#2064),(#2065,
#2066),(#2067,#2068),(#2069,#2070),(#2071,#2072),(#2073,#2074),(#2075,#2076),
(#2077,#2078),(#2079,#2080),(#2081,#2082),(#2083,#2084),(#2085,#2086),(#2087,
#2088),(#2089,#2090),(#2091,#2092),(#2093,#2094),(#2095,#2096),(#2097,#2098),
(#2099,#2100),(#2101,#2102),(#2103,#2104),(#2105,#2106),(#2107,#2108),(#2109,
#2110),(#2111,#2112),(#2113,#2114),(#2115,#2116),(#2117,#2118),(#2119,#2120),
(#2121,#2122),(#2123,#2124),(#2125,#2126)),.SURF_OF_LINEAR_EXTRUSION.,.F.,
 .F.,.F.,(4,1,1,1,1,1,1,1,1,1,1,1,1,1,1,1,1,1,1,1,1,1,1,1,1,1,1,1,1,1,4),
(2,2),(0.643222604451362,0.646936432211154,0.650650259970946,0.654364087730738,
0.65807791549053,0.665505571010114,0.672933226529698,0.67664705428949,0.680360882049281,
0.687788537568865,0.695216193088449,0.702643848608033,0.710071504127617,
0.717499159647201,0.724926815166785,0.732354470686369,0.739782126205953,
0.747209781725537,0.754637437245121,0.762065092764704,0.769492748284288,
0.776920403803872,0.79177571484304,0.799203370362624,0.806631025882208,
0.821486336921376,0.82891399244096,0.836341647960544,0.851196958999711,
0.866052270038879,0.880907581078047),(0.,1.),.UNSPECIFIED.);
#240=ADVANCED_FACE('',(#210),#229,.F.);
#241=ADVANCED_FACE('',(#211),#230,.F.);
#242=ADVANCED_FACE('',(#212),#231,.F.);
#243=ADVANCED_FACE('',(#213),#232,.F.);
#244=ADVANCED_FACE('',(#214),#233,.F.);
#245=ADVANCED_FACE('',(#215,#216),#234,.T.);
#246=ADVANCED_FACE('',(#217,#218),#15,.T.);
#247=ADVANCED_FACE('',(#219,#220),#16,.F.);
#248=ADVANCED_FACE('',(#221,#222),#17,.T.);
#249=ADVANCED_FACE('',(#223),#235,.F.);
#250=ADVANCED_FACE('',(#224),#236,.F.);
#251=ADVANCED_FACE('',(#225),#237,.F.);
#252=ADVANCED_FACE('',(#226),#12,.T.);
#253=ADVANCED_FACE('',(#227),#238,.F.);
#254=ADVANCED_FACE('',(#228),#239,.F.);
#255=CLOSED_SHELL('',(#240,#241,#242,#243,#244,#245,#246,#247,#248,#249,
#250,#251,#252,#253,#254));
#256=STYLED_ITEM('',(#257),#264);
#257=PRESENTATION_STYLE_ASSIGNMENT((#258));
#258=SURFACE_STYLE_USAGE(.BOTH.,#259);
#259=SURFACE_SIDE_STYLE('',(#260));
#260=SURFACE_STYLE_FILL_AREA(#261);
#261=FILL_AREA_STYLE('',(#262));
#262=FILL_AREA_STYLE_COLOUR('',#263);
#263=COLOUR_RGB('',0.615686274509804,0.811764705882353,0.929411764705882);
#264=MANIFOLD_SOLID_BREP('Part 1',#255);
#265=SHAPE_DEFINITION_REPRESENTATION(#2133,#266);
#266=SHAPE_REPRESENTATION('Part 1',(#267),#2128);
#267=AXIS2_PLACEMENT_3D('',#299,#274,#275);
#268=AXIS2_PLACEMENT_3D('',#1221,#281,#282);
#269=AXIS2_PLACEMENT_3D('',#1222,#283,#284);
#270=AXIS2_PLACEMENT_3D('',#1369,#285,#286);
#271=AXIS2_PLACEMENT_3D('',#1527,#287,#288);
#272=AXIS2_PLACEMENT_3D('',#1752,#289,#290);
#273=AXIS2_PLACEMENT_3D('',#1974,#295,#296);
#274=DIRECTION('',(0.,0.,1.));
#275=DIRECTION('',(1.,0.,0.));
#276=DIRECTION('',(0.,0.,-1.));
#277=DIRECTION('',(0.,0.,-1.));
#278=DIRECTION('',(0.,0.,-1.));
#279=DIRECTION('',(0.,0.,-1.));
#280=DIRECTION('',(0.,0.,-1.));
#281=DIRECTION('',(0.,0.,-1.));
#282=DIRECTION('',(-1.,0.,0.));
#283=DIRECTION('',(0.,0.,-1.));
#284=DIRECTION('',(-1.,0.,0.));
#285=DIRECTION('',(0.,0.,-1.));
#286=DIRECTION('',(-1.,0.,0.));
#287=DIRECTION('',(0.,0.,-1.));
#288=DIRECTION('',(-1.,0.,0.));
#289=DIRECTION('',(0.,0.,-1.));
#290=DIRECTION('',(-1.,0.,0.));
#291=DIRECTION('',(0.,0.,-1.));
#292=DIRECTION('',(0.,0.,-1.));
#293=DIRECTION('',(0.,0.,-1.));
#294=DIRECTION('',(0.,0.,-1.));
#295=DIRECTION('',(0.,0.,-1.));
#296=DIRECTION('',(0.0515309384200962,-0.998671398601935,0.));
#297=DIRECTION('',(0.,0.,-1.));
#298=DIRECTION('',(0.,0.,-1.));
#299=CARTESIAN_POINT('',(0.,0.,0.));
#300=CARTESIAN_POINT('',(-0.0190809948599542,0.0299196643731016,0.01143));
#301=CARTESIAN_POINT('',(-0.0190809948599542,0.0299196643731016,8.67361737988404E-18));
#302=CARTESIAN_POINT('',(-0.0209592529926621,0.0298147043619688,0.01143));
#303=CARTESIAN_POINT('',(-0.0209592529926621,0.0298147043619688,8.67361737988404E-18));
#304=CARTESIAN_POINT('',(-0.0248598685169458,0.0294378632401679,0.01143));
#305=CARTESIAN_POINT('',(-0.0248598685169458,0.0294378632401679,1.04083408558608E-17));
#306=CARTESIAN_POINT('',(-0.030791693428993,0.0282063691734418,0.01143));
#307=CARTESIAN_POINT('',(-0.030791693428993,0.0282063691734418,5.20417042793042E-18));
#308=CARTESIAN_POINT('',(-0.0363951211040268,0.0262670975078653,0.01143));
#309=CARTESIAN_POINT('',(-0.0363951211040268,0.0262670975078653,6.93889390390723E-18));
#310=CARTESIAN_POINT('',(-0.041511868753854,0.0237866865990374,0.01143));
#311=CARTESIAN_POINT('',(-0.041511868753854,0.0237866865990374,1.04083408558608E-17));
#312=CARTESIAN_POINT('',(-0.0459536930508874,0.0208841995293949,0.01143));
#313=CARTESIAN_POINT('',(-0.0459536930508874,0.0208841995293949,6.93889390390723E-18));
#314=CARTESIAN_POINT('',(-0.0495966058243516,0.0176904969716841,0.01143));
#315=CARTESIAN_POINT('',(-0.0495966058243516,0.0176904969716841,1.04083408558608E-17));
#316=CARTESIAN_POINT('',(-0.051783318029527,0.0148962961759843,0.01143));
#317=CARTESIAN_POINT('',(-0.051783318029527,0.0148962961759843,6.93889390390723E-18));
#318=CARTESIAN_POINT('',(-0.0531011735857192,0.0128379260441354,0.01143));
#319=CARTESIAN_POINT('',(-0.0531011735857192,0.0128379260441354,8.67361737988404E-18));
#320=CARTESIAN_POINT('',(-0.053933951640224,0.0114639193672493,0.01143));
#321=CARTESIAN_POINT('',(-0.053933951640224,0.0114639193672493,5.20417042793042E-18));
#322=CARTESIAN_POINT('',(-0.0547254995243426,0.0100153089106071,0.01143));
#323=CARTESIAN_POINT('',(-0.0547254995243426,0.0100153089106071,1.04083408558608E-17));
#324=CARTESIAN_POINT('',(-0.0553918107215812,0.00834767495224096,0.01143));
#325=CARTESIAN_POINT('',(-0.0553918107215812,0.00834767495224096,1.73472347597681E-18));
#326=CARTESIAN_POINT('',(-0.0558398570795951,0.00641636044038402,0.01143));
#327=CARTESIAN_POINT('',(-0.0558398570795951,0.00641636044038402,1.21430643318376E-17));
#328=CARTESIAN_POINT('',(-0.0560922668434441,0.00437890518876422,0.01143));
#329=CARTESIAN_POINT('',(-0.0560922668434441,0.00437890518876422,6.93889390390723E-18));
#330=CARTESIAN_POINT('',(-0.0561901936353709,0.00229330055857431,0.01143));
#331=CARTESIAN_POINT('',(-0.0561901936353709,0.00229330055857431,1.04083408558608E-17));
#332=CARTESIAN_POINT('',(-0.056146653411726,-0.000392195134674407,0.01143));
#333=CARTESIAN_POINT('',(-0.056146653411726,-0.000392195134674407,6.93889390390723E-18));
#334=CARTESIAN_POINT('',(-0.055819078914344,-0.00297895704167411,0.01143));
#335=CARTESIAN_POINT('',(-0.055819078914344,-0.00297895704167411,6.93889390390723E-18));
#336=CARTESIAN_POINT('',(-0.0551625083738288,-0.00555254731403833,0.01143));
#337=CARTESIAN_POINT('',(-0.0551625083738288,-0.00555254731403833,8.67361737988404E-18));
#338=CARTESIAN_POINT('',(-0.054413499392679,-0.00761049376942977,0.01143));
#339=CARTESIAN_POINT('',(-0.054413499392679,-0.00761049376942977,8.67361737988404E-18));
#340=CARTESIAN_POINT('',(-0.0532409642260106,-0.00975651733469044,0.01143));
#341=CARTESIAN_POINT('',(-0.0532409642260106,-0.00975651733469044,6.93889390390723E-18));
#342=CARTESIAN_POINT('',(-0.0515546626554128,-0.01194767402249,0.01143));
#343=CARTESIAN_POINT('',(-0.0515546626554128,-0.01194767402249,6.93889390390723E-18));
#344=CARTESIAN_POINT('',(-0.0491864651788234,-0.0142074148015454,0.01143));
#345=CARTESIAN_POINT('',(-0.0491864651788234,-0.0142074148015454,8.67361737988404E-18));
#346=CARTESIAN_POINT('',(-0.0455016161406391,-0.0171072279929144,0.01143));
#347=CARTESIAN_POINT('',(-0.0455016161406391,-0.0171072279929144,6.93889390390723E-18));
#348=CARTESIAN_POINT('',(-0.0428878825315351,-0.0188793830256173,0.01143));
#349=CARTESIAN_POINT('',(-0.0428878825315351,-0.0188793830256173,6.93889390390723E-18));
#350=CARTESIAN_POINT('',(-0.0418957764676645,-0.0195553520974421,0.01143));
#351=CARTESIAN_POINT('',(-0.0418957764676645,-0.0195553520974421,8.67361737988404E-18));
#352=CARTESIAN_POINT('',(-0.0190809948599542,0.0299196643731016,0.));
#353=CARTESIAN_POINT('',(-0.0209592529926621,0.0298147043619688,0.));
#354=CARTESIAN_POINT('',(-0.02388533000623,0.0295292213199192,0.));
#355=CARTESIAN_POINT('',(-0.0278247553557112,0.0288268698746363,0.));
#356=CARTESIAN_POINT('',(-0.0307510540220421,0.0281171319201231,0.));
#357=CARTESIAN_POINT('',(-0.0335927918930643,0.0272350398866721,0.));
#358=CARTESIAN_POINT('',(-0.0372484166180723,0.0258546203174541,0.));
#359=CARTESIAN_POINT('',(-0.0406580092991423,0.0242003898390148,0.));
#360=CARTESIAN_POINT('',(-0.0437345241571478,0.0223346844190656,0.));
#361=CARTESIAN_POINT('',(-0.0458544334001409,0.0208477235850698,0.));
#362=CARTESIAN_POINT('',(-0.0477709890240429,0.0192884029289569,0.));
#363=CARTESIAN_POINT('',(-0.0491836281128938,0.0179418725165892,0.));
#364=CARTESIAN_POINT('',(-0.0501956600014105,0.0168387706008359,0.));
#365=CARTESIAN_POINT('',(-0.051115970584825,0.0157372873489529,0.));
#366=CARTESIAN_POINT('',(-0.0519116989953442,0.0146530180250323,0.));
#367=CARTESIAN_POINT('',(-0.0526060013156793,0.0136122551741998,0.));
#368=CARTESIAN_POINT('',(-0.0530023971900945,0.0129858120221147,0.));
#369=CARTESIAN_POINT('',(-0.053300198745532,0.0125017509187601,0.));
#370=CARTESIAN_POINT('',(-0.0535134743045422,0.0121499705727389,0.));
#371=CARTESIAN_POINT('',(-0.0537218069276223,0.0118026852544122,0.));
#372=CARTESIAN_POINT('',(-0.0541335006633413,0.0111019108648345,0.));
#373=CARTESIAN_POINT('',(-0.0545937252604037,0.0102558977953259,0.));
#374=CARTESIAN_POINT('',(-0.0550579224507982,0.00918290137044789,0.));
#375=CARTESIAN_POINT('',(-0.0553641932034448,0.00831552802006211,0.));
#376=CARTESIAN_POINT('',(-0.0556179042256847,0.00737735570925944,0.));
#377=CARTESIAN_POINT('',(-0.0558150409858466,0.00640402902964675,0.));
#378=CARTESIAN_POINT('',(-0.0559654377143343,0.00539855007469531,0.));
#379=CARTESIAN_POINT('',(-0.0561088727068011,0.00403061430070235,0.));
#380=CARTESIAN_POINT('',(-0.0561743763725393,0.00264206310433607,0.));
#381=CARTESIAN_POINT('',(-0.0561729130976384,0.0012843790980863,0.));
#382=CARTESIAN_POINT('',(-0.056128630059884,-4.75894732179983E-5,0.));
#383=CARTESIAN_POINT('',(-0.0560143645281679,-0.00135551082991595,0.));
#384=CARTESIAN_POINT('',(-0.0558210839167185,-0.00265170174107401,0.));
#385=CARTESIAN_POINT('',(-0.0556347404571127,-0.00362116284345012,0.));
#386=CARTESIAN_POINT('',(-0.0554433516666482,-0.00442951774590723,0.));
#387=CARTESIAN_POINT('',(-0.0552683378727859,-0.00507758498429508,0.));
#388=CARTESIAN_POINT('',(-0.0549768084082612,-0.00606750831050707,0.));
#389=CARTESIAN_POINT('',(-0.0544122416419856,-0.00761057643188482,0.));
#390=CARTESIAN_POINT('',(-0.0534382955005479,-0.00939808084603061,0.));
#391=CARTESIAN_POINT('',(-0.052394629246684,-0.0108534577561084,0.));
#392=CARTESIAN_POINT('',(-0.0516216985916823,-0.0117731604800229,0.));
#393=CARTESIAN_POINT('',(-0.0509250566988781,-0.0125149336978346,0.));
#394=CARTESIAN_POINT('',(-0.0501720881148042,-0.0132629276826203,0.));
#395=CARTESIAN_POINT('',(-0.0491353435694359,-0.0141972373580632,0.));
#396=CARTESIAN_POINT('',(-0.0478025404692705,-0.0152945927439587,0.));
#397=CARTESIAN_POINT('',(-0.0459793522633418,-0.0167005710095433,0.));
#398=CARTESIAN_POINT('',(-0.0437653919022405,-0.0182848428523585,0.));
#399=CARTESIAN_POINT('',(-0.0423918294995997,-0.0192173675615297,0.));
#400=CARTESIAN_POINT('',(-0.0418957764676645,-0.0195553520974421,0.));
#401=CARTESIAN_POINT('',(-0.0190809948599542,0.0299196643731016,0.));
#402=CARTESIAN_POINT('',(-0.0418957764676645,-0.0195553520974421,0.));
#403=CARTESIAN_POINT('',(-0.0418957764676645,-0.0195553520974421,0.01143));
#404=CARTESIAN_POINT('',(-0.0418957764676645,-0.0195553520974421,0.01143));
#405=CARTESIAN_POINT('',(-0.0190809948599542,0.0299196643731016,0.01143));
#406=CARTESIAN_POINT('',(-0.0209592529926621,0.0298147043619688,0.01143));
#407=CARTESIAN_POINT('',(-0.02388533000623,0.0295292213199192,0.01143));
#408=CARTESIAN_POINT('',(-0.0278247553557112,0.0288268698746363,0.01143));
#409=CARTESIAN_POINT('',(-0.0307510540220421,0.0281171319201231,0.01143));
#410=CARTESIAN_POINT('',(-0.0335927918930643,0.0272350398866721,0.01143));
#411=CARTESIAN_POINT('',(-0.0372484166180723,0.0258546203174541,0.01143));
#412=CARTESIAN_POINT('',(-0.0406580092991423,0.0242003898390148,0.01143));
#413=CARTESIAN_POINT('',(-0.0437345241571478,0.0223346844190656,0.01143));
#414=CARTESIAN_POINT('',(-0.0458544334001409,0.0208477235850698,0.01143));
#415=CARTESIAN_POINT('',(-0.0477709890240429,0.0192884029289569,0.01143));
#416=CARTESIAN_POINT('',(-0.0491836281128938,0.0179418725165892,0.01143));
#417=CARTESIAN_POINT('',(-0.0501956600014105,0.0168387706008359,0.01143));
#418=CARTESIAN_POINT('',(-0.051115970584825,0.0157372873489529,0.01143));
#419=CARTESIAN_POINT('',(-0.0519116989953442,0.0146530180250323,0.01143));
#420=CARTESIAN_POINT('',(-0.0526060013156793,0.0136122551741998,0.01143));
#421=CARTESIAN_POINT('',(-0.0530023971900945,0.0129858120221147,0.01143));
#422=CARTESIAN_POINT('',(-0.053300198745532,0.0125017509187601,0.01143));
#423=CARTESIAN_POINT('',(-0.0535134743045422,0.0121499705727389,0.01143));
#424=CARTESIAN_POINT('',(-0.0537218069276223,0.0118026852544122,0.01143));
#425=CARTESIAN_POINT('',(-0.0541335006633413,0.0111019108648345,0.01143));
#426=CARTESIAN_POINT('',(-0.0545937252604037,0.0102558977953259,0.01143));
#427=CARTESIAN_POINT('',(-0.0550579224507982,0.00918290137044789,0.01143));
#428=CARTESIAN_POINT('',(-0.0553641932034448,0.00831552802006211,0.01143));
#429=CARTESIAN_POINT('',(-0.0556179042256847,0.00737735570925944,0.01143));
#430=CARTESIAN_POINT('',(-0.0558150409858466,0.00640402902964675,0.01143));
#431=CARTESIAN_POINT('',(-0.0559654377143343,0.00539855007469531,0.01143));
#432=CARTESIAN_POINT('',(-0.0561088727068011,0.00403061430070235,0.01143));
#433=CARTESIAN_POINT('',(-0.0561743763725393,0.00264206310433607,0.01143));
#434=CARTESIAN_POINT('',(-0.0561729130976384,0.0012843790980863,0.01143));
#435=CARTESIAN_POINT('',(-0.056128630059884,-4.75894732179983E-5,0.01143));
#436=CARTESIAN_POINT('',(-0.0560143645281679,-0.00135551082991595,0.01143));
#437=CARTESIAN_POINT('',(-0.0558210839167185,-0.00265170174107401,0.01143));
#438=CARTESIAN_POINT('',(-0.0556347404571127,-0.00362116284345012,0.01143));
#439=CARTESIAN_POINT('',(-0.0554433516666482,-0.00442951774590723,0.01143));
#440=CARTESIAN_POINT('',(-0.0552683378727859,-0.00507758498429508,0.01143));
#441=CARTESIAN_POINT('',(-0.0549768084082612,-0.00606750831050707,0.01143));
#442=CARTESIAN_POINT('',(-0.0544122416419856,-0.00761057643188482,0.01143));
#443=CARTESIAN_POINT('',(-0.0534382955005479,-0.00939808084603061,0.01143));
#444=CARTESIAN_POINT('',(-0.052394629246684,-0.0108534577561084,0.01143));
#445=CARTESIAN_POINT('',(-0.0516216985916823,-0.0117731604800229,0.01143));
#446=CARTESIAN_POINT('',(-0.0509250566988781,-0.0125149336978346,0.01143));
#447=CARTESIAN_POINT('',(-0.0501720881148042,-0.0132629276826203,0.01143));
#448=CARTESIAN_POINT('',(-0.0491353435694359,-0.0141972373580632,0.01143));
#449=CARTESIAN_POINT('',(-0.0478025404692705,-0.0152945927439587,0.01143));
#450=CARTESIAN_POINT('',(-0.0459793522633418,-0.0167005710095433,0.01143));
#451=CARTESIAN_POINT('',(-0.0437653919022405,-0.0182848428523585,0.01143));
#452=CARTESIAN_POINT('',(-0.0423918294995997,-0.0192173675615297,0.01143));
#453=CARTESIAN_POINT('',(-0.0418957764676645,-0.0195553520974421,0.01143));
#454=CARTESIAN_POINT('',(-0.0190809948599542,0.0299196643731016,0.01143));
#455=CARTESIAN_POINT('',(-0.0190809948599542,0.0299196643731016,0.01143));
#456=CARTESIAN_POINT('',(-0.0418957764676646,-0.0195553520974424,0.01143));
#457=CARTESIAN_POINT('',(-0.0418957764676646,-0.0195553520974424,5.20417042793042E-18));
#458=CARTESIAN_POINT('',(-0.0419397245713002,-0.0205989190058748,0.01143));
#459=CARTESIAN_POINT('',(-0.0419397245713002,-0.0205989190058748,5.20417042793042E-18));
#460=CARTESIAN_POINT('',(-0.0419935091632413,-0.0239917586679983,0.01143));
#461=CARTESIAN_POINT('',(-0.0419935091632413,-0.0239917586679983,1.04083408558608E-17));
#462=CARTESIAN_POINT('',(-0.0419742016557,-0.0295502949689273,0.01143));
#463=CARTESIAN_POINT('',(-0.0419742016557,-0.0295502949689273,-1.73472347597681E-18));
#464=CARTESIAN_POINT('',(-0.0418945805979053,-0.0334660668414678,0.01143));
#465=CARTESIAN_POINT('',(-0.0418945805979053,-0.0334660668414678,6.93889390390723E-18));
#466=CARTESIAN_POINT('',(-0.0418157580144083,-0.0354278196071445,0.01143));
#467=CARTESIAN_POINT('',(-0.0418157580144083,-0.0354278196071445,5.20417042793042E-18));
#468=CARTESIAN_POINT('',(-0.0417303990369968,-0.0365809244919725,0.01143));
#469=CARTESIAN_POINT('',(-0.0417303990369968,-0.0365809244919725,1.73472347597681E-18));
#470=CARTESIAN_POINT('',(-0.0416454056474765,-0.0372428092906683,0.01143));
#471=CARTESIAN_POINT('',(-0.0416454056474765,-0.0372428092906683,8.67361737988404E-18));
#472=CARTESIAN_POINT('',(-0.0415140083681017,-0.0378041932015524,0.01143));
#473=CARTESIAN_POINT('',(-0.0415140083681017,-0.0378041932015524,5.20417042793042E-18));
#474=CARTESIAN_POINT('',(-0.0413118820651963,-0.0382780329200185,0.01143));
#475=CARTESIAN_POINT('',(-0.0413118820651963,-0.0382780329200185,5.20417042793042E-18));
#476=CARTESIAN_POINT('',(-0.0412665045837698,-0.0383659381827448,0.01143));
#477=CARTESIAN_POINT('',(-0.0412665045837698,-0.0383659381827448,6.93889390390723E-18));
#478=CARTESIAN_POINT('',(-0.041257283720403,-0.0383909555478002,0.01143));
#479=CARTESIAN_POINT('',(-0.041257283720403,-0.0383909555478002,6.93889390390723E-18));
#480=CARTESIAN_POINT('',(-0.0412088502641949,-0.0385285005811734,0.01143));
#481=CARTESIAN_POINT('',(-0.0412088502641949,-0.0385285005811734,3.46944695195361E-18));
#482=CARTESIAN_POINT('',(-0.0411214085875406,-0.038806432371578,0.01143));
#483=CARTESIAN_POINT('',(-0.0411214085875406,-0.038806432371578,8.67361737988404E-18));
#484=CARTESIAN_POINT('',(-0.0409219429359417,-0.0394129244576551,0.01143));
#485=CARTESIAN_POINT('',(-0.0409219429359417,-0.0394129244576551,-1.73472347597681E-18));
#486=CARTESIAN_POINT('',(-0.0405460969273072,-0.0403873775004158,0.01143));
#487=CARTESIAN_POINT('',(-0.0405460969273072,-0.0403873775004158,3.46944695195361E-18));
#488=CARTESIAN_POINT('',(-0.0397406873709652,-0.0416698438884262,0.01143));
#489=CARTESIAN_POINT('',(-0.0397406873709652,-0.0416698438884262,3.46944695195361E-18));
#490=CARTESIAN_POINT('',(-0.0387557226225058,-0.0427604908287089,0.01143));
#491=CARTESIAN_POINT('',(-0.0387557226225058,-0.0427604908287089,5.20417042793042E-18));
#492=CARTESIAN_POINT('',(-0.0372480304671896,-0.0440612483870878,0.01143));
#493=CARTESIAN_POINT('',(-0.0372480304671896,-0.0440612483870878,-1.73472347597681E-18));
#494=CARTESIAN_POINT('',(-0.0351652483709192,-0.0453194188321192,0.01143));
#495=CARTESIAN_POINT('',(-0.0351652483709192,-0.0453194188321192,6.93889390390723E-18));
#496=CARTESIAN_POINT('',(-0.0323189809544123,-0.0460520890619363,0.01143));
#497=CARTESIAN_POINT('',(-0.0323189809544123,-0.0460520890619363,1.04083408558608E-17));
#498=CARTESIAN_POINT('',(-0.0292039865045904,-0.0457077214034749,0.01143));
#499=CARTESIAN_POINT('',(-0.0292039865045904,-0.0457077214034749,0.));
#500=CARTESIAN_POINT('',(-0.0267380448331956,-0.0448134423624637,0.01143));
#501=CARTESIAN_POINT('',(-0.0267380448331956,-0.0448134423624637,1.04083408558608E-17));
#502=CARTESIAN_POINT('',(-0.024990631801937,-0.0439136024692934,0.01143));
#503=CARTESIAN_POINT('',(-0.024990631801937,-0.0439136024692934,0.));
#504=CARTESIAN_POINT('',(-0.0237519476712502,-0.0431250034364348,0.01143));
#505=CARTESIAN_POINT('',(-0.0237519476712502,-0.0431250034364348,8.67361737988404E-18));
#506=CARTESIAN_POINT('',(-0.0225543134222988,-0.0419706045788462,0.01143));
#507=CARTESIAN_POINT('',(-0.0225543134222988,-0.0419706045788462,3.46944695195361E-18));
#508=CARTESIAN_POINT('',(-0.0216383435424023,-0.0404064492673412,0.01143));
#509=CARTESIAN_POINT('',(-0.0216383435424023,-0.0404064492673412,5.20417042793042E-18));
#510=CARTESIAN_POINT('',(-0.0210640844666237,-0.0384902361673705,0.01143));
#511=CARTESIAN_POINT('',(-0.0210640844666237,-0.0384902361673705,6.93889390390723E-18));
#512=CARTESIAN_POINT('',(-0.0206887626814234,-0.035361416153194,0.01143));
#513=CARTESIAN_POINT('',(-0.0206887626814234,-0.035361416153194,1.73472347597681E-18));
#514=CARTESIAN_POINT('',(-0.0206893200984768,-0.0307222502176924,0.01143));
#515=CARTESIAN_POINT('',(-0.0206893200984768,-0.0307222502176924,3.46944695195361E-18));
#516=CARTESIAN_POINT('',(-0.0208262876594833,-0.0273631396377537,0.01143));
#517=CARTESIAN_POINT('',(-0.0208262876594833,-0.0273631396377537,5.20417042793042E-18));
#518=CARTESIAN_POINT('',(-0.0208537375828097,-0.0261352987263378,0.01143));
#519=CARTESIAN_POINT('',(-0.0208537375828097,-0.0261352987263378,5.20417042793042E-18));
#520=CARTESIAN_POINT('',(-0.0418957764676646,-0.0195553520974424,0.));
#521=CARTESIAN_POINT('',(-0.0419177505194824,-0.0200771355516586,0.));
#522=CARTESIAN_POINT('',(-0.041952536067315,-0.0214386838166464,0.));
#523=CARTESIAN_POINT('',(-0.0419806631685406,-0.024190970585397,0.));
#524=CARTESIAN_POINT('',(-0.0419820203410095,-0.0273289699176845,0.));
#525=CARTESIAN_POINT('',(-0.0419588874591877,-0.0299955120541535,0.));
#526=CARTESIAN_POINT('',(-0.0419244439160738,-0.0319972338381232,0.));
#527=CARTESIAN_POINT('',(-0.0418902365808731,-0.0333930152672247,0.));
#528=CARTESIAN_POINT('',(-0.041847222041015,-0.0346443805561912,0.));
#529=CARTESIAN_POINT('',(-0.0417943823574809,-0.0357162326856296,0.));
#530=CARTESIAN_POINT('',(-0.0417412368046527,-0.0364353012872236,0.));
#531=CARTESIAN_POINT('',(-0.0416876073128884,-0.0369145126893263,0.));
#532=CARTESIAN_POINT('',(-0.0416395981171767,-0.0372303057322733,0.));
#533=CARTESIAN_POINT('',(-0.0415800302134091,-0.0375206192377785,0.));
#534=CARTESIAN_POINT('',(-0.041504566406676,-0.0377939805785917,0.));
#535=CARTESIAN_POINT('',(-0.0414150253449663,-0.0380410734647508,0.));
#536=CARTESIAN_POINT('',(-0.0413308661241973,-0.0382306743944207,0.));
#537=CARTESIAN_POINT('',(-0.041280475874616,-0.0383360730744828,0.));
#538=CARTESIAN_POINT('',(-0.0412668389877654,-0.0383673875938846,0.));
#539=CARTESIAN_POINT('',(-0.041262963031327,-0.0383767385768557,0.));
#540=CARTESIAN_POINT('',(-0.0412532211683969,-0.0384023495222838,0.));
#541=CARTESIAN_POINT('',(-0.0412384451728725,-0.038443992372049,0.));
#542=CARTESIAN_POINT('',(-0.0412134672553518,-0.0385176302381842,0.));
#543=CARTESIAN_POINT('',(-0.0411740484047819,-0.0386390813372371,0.));
#544=CARTESIAN_POINT('',(-0.0411157866255136,-0.0388216358171984,0.));
#545=CARTESIAN_POINT('',(-0.0410465873916932,-0.0390343205395094,0.));
#546=CARTESIAN_POINT('',(-0.0409385681774047,-0.0393514722603009,0.));
#547=CARTESIAN_POINT('',(-0.0407705757333768,-0.0398010064369464,0.));
#548=CARTESIAN_POINT('',(-0.0405463361068139,-0.0402999475049256,0.));
#549=CARTESIAN_POINT('',(-0.0403235734699908,-0.0407185870733408,0.));
#550=CARTESIAN_POINT('',(-0.0400698197010792,-0.0411426055193313,0.));
#551=CARTESIAN_POINT('',(-0.0397190040780633,-0.0416432737311202,0.));
#552=CARTESIAN_POINT('',(-0.0392485698957383,-0.0422116770813751,0.));
#553=CARTESIAN_POINT('',(-0.0385667967914465,-0.0429250549754795,0.));
#554=CARTESIAN_POINT('',(-0.037627307815808,-0.0437357853156969,0.));
#555=CARTESIAN_POINT('',(-0.0364065284254556,-0.0445631932135581,0.));
#556=CARTESIAN_POINT('',(-0.0351230066800686,-0.0452223427946252,0.));
#557=CARTESIAN_POINT('',(-0.0337460061788031,-0.0456868142964355,0.));
#558=CARTESIAN_POINT('',(-0.0325278514844953,-0.0458770201836746,0.));
#559=CARTESIAN_POINT('',(-0.0315232454387274,-0.0459017490517682,0.));
#560=CARTESIAN_POINT('',(-0.0304978782089667,-0.0458402540054903,0.));
#561=CARTESIAN_POINT('',(-0.0292241729295283,-0.0456154432229764,0.));
#562=CARTESIAN_POINT('',(-0.0279794225621908,-0.0452447173506617,0.));
#563=CARTESIAN_POINT('',(-0.0270165111540506,-0.044880266633334,0.));
#564=CARTESIAN_POINT('',(-0.026315729563444,-0.0445774445516595,0.));
#565=CARTESIAN_POINT('',(-0.0256403901973879,-0.044248641164874,0.));
#566=CARTESIAN_POINT('',(-0.0251050967264847,-0.043956982196788,0.));
#567=CARTESIAN_POINT('',(-0.0246905810800396,-0.0437116516641964,0.));
#568=CARTESIAN_POINT('',(-0.024273754494395,-0.0434477638968592,0.));
#569=CARTESIAN_POINT('',(-0.0237558278691796,-0.0430784312090084,0.));
#570=CARTESIAN_POINT('',(-0.0231520846130805,-0.0425488655234161,0.));
#571=CARTESIAN_POINT('',(-0.0225901704776515,-0.0419192052028065,0.));
#572=CARTESIAN_POINT('',(-0.0220947783791613,-0.0411881846845189,0.));
#573=CARTESIAN_POINT('',(-0.0216812584387276,-0.0403628529309694,0.));
#574=CARTESIAN_POINT('',(-0.0213519599244599,-0.0394470414071854,0.));
#575=CARTESIAN_POINT('',(-0.0211008561494458,-0.0384373015446814,0.));
#576=CARTESIAN_POINT('',(-0.0209218900143774,-0.0373147675076508,0.));
#577=CARTESIAN_POINT('',(-0.0207675521072559,-0.0357046035578759,0.));
#578=CARTESIAN_POINT('',(-0.0206911875272151,-0.0335109068741534,0.));
#579=CARTESIAN_POINT('',(-0.0207144393238654,-0.0307862872695272,0.));
#580=CARTESIAN_POINT('',(-0.0207917582092297,-0.0282057786065868,0.));
#581=CARTESIAN_POINT('',(-0.0208400126211465,-0.0267492191820458,0.));
#582=CARTESIAN_POINT('',(-0.0208537375828097,-0.0261352987263378,0.));
#583=CARTESIAN_POINT('',(-0.0208537375828097,-0.0261352987263377,0.));
#584=CARTESIAN_POINT('',(-0.0208537375828097,-0.0261352987263377,0.01143));
#585=CARTESIAN_POINT('',(-0.0208537375828097,-0.0261352987263377,0.01143));
#586=CARTESIAN_POINT('',(-0.0418957764676646,-0.0195553520974424,0.01143));
#587=CARTESIAN_POINT('',(-0.0419177505194824,-0.0200771355516586,0.01143));
#588=CARTESIAN_POINT('',(-0.041952536067315,-0.0214386838166464,0.01143));
#589=CARTESIAN_POINT('',(-0.0419806631685406,-0.024190970585397,0.01143));
#590=CARTESIAN_POINT('',(-0.0419820203410095,-0.0273289699176845,0.01143));
#591=CARTESIAN_POINT('',(-0.0419588874591877,-0.0299955120541535,0.01143));
#592=CARTESIAN_POINT('',(-0.0419244439160738,-0.0319972338381232,0.01143));
#593=CARTESIAN_POINT('',(-0.0418902365808731,-0.0333930152672247,0.01143));
#594=CARTESIAN_POINT('',(-0.041847222041015,-0.0346443805561912,0.01143));
#595=CARTESIAN_POINT('',(-0.0417943823574809,-0.0357162326856296,0.01143));
#596=CARTESIAN_POINT('',(-0.0417412368046527,-0.0364353012872236,0.01143));
#597=CARTESIAN_POINT('',(-0.0416876073128884,-0.0369145126893263,0.01143));
#598=CARTESIAN_POINT('',(-0.0416395981171767,-0.0372303057322733,0.01143));
#599=CARTESIAN_POINT('',(-0.0415800302134091,-0.0375206192377785,0.01143));
#600=CARTESIAN_POINT('',(-0.041504566406676,-0.0377939805785917,0.01143));
#601=CARTESIAN_POINT('',(-0.0414150253449663,-0.0380410734647508,0.01143));
#602=CARTESIAN_POINT('',(-0.0413308661241973,-0.0382306743944207,0.01143));
#603=CARTESIAN_POINT('',(-0.041280475874616,-0.0383360730744828,0.01143));
#604=CARTESIAN_POINT('',(-0.0412668389877654,-0.0383673875938846,0.01143));
#605=CARTESIAN_POINT('',(-0.041262963031327,-0.0383767385768557,0.01143));
#606=CARTESIAN_POINT('',(-0.0412532211683969,-0.0384023495222838,0.01143));
#607=CARTESIAN_POINT('',(-0.0412384451728725,-0.038443992372049,0.01143));
#608=CARTESIAN_POINT('',(-0.0412134672553518,-0.0385176302381842,0.01143));
#609=CARTESIAN_POINT('',(-0.0411740484047819,-0.0386390813372371,0.01143));
#610=CARTESIAN_POINT('',(-0.0411157866255136,-0.0388216358171984,0.01143));
#611=CARTESIAN_POINT('',(-0.0410465873916932,-0.0390343205395094,0.01143));
#612=CARTESIAN_POINT('',(-0.0409385681774047,-0.0393514722603009,0.01143));
#613=CARTESIAN_POINT('',(-0.0407705757333768,-0.0398010064369464,0.01143));
#614=CARTESIAN_POINT('',(-0.0405463361068139,-0.0402999475049256,0.01143));
#615=CARTESIAN_POINT('',(-0.0403235734699908,-0.0407185870733408,0.01143));
#616=CARTESIAN_POINT('',(-0.0400698197010792,-0.0411426055193313,0.01143));
#617=CARTESIAN_POINT('',(-0.0397190040780633,-0.0416432737311202,0.01143));
#618=CARTESIAN_POINT('',(-0.0392485698957383,-0.0422116770813751,0.01143));
#619=CARTESIAN_POINT('',(-0.0385667967914465,-0.0429250549754795,0.01143));
#620=CARTESIAN_POINT('',(-0.037627307815808,-0.0437357853156969,0.01143));
#621=CARTESIAN_POINT('',(-0.0364065284254556,-0.0445631932135581,0.01143));
#622=CARTESIAN_POINT('',(-0.0351230066800686,-0.0452223427946252,0.01143));
#623=CARTESIAN_POINT('',(-0.0337460061788031,-0.0456868142964355,0.01143));
#624=CARTESIAN_POINT('',(-0.0325278514844953,-0.0458770201836746,0.01143));
#625=CARTESIAN_POINT('',(-0.0315232454387274,-0.0459017490517682,0.01143));
#626=CARTESIAN_POINT('',(-0.0304978782089667,-0.0458402540054903,0.01143));
#627=CARTESIAN_POINT('',(-0.0292241729295283,-0.0456154432229764,0.01143));
#628=CARTESIAN_POINT('',(-0.0279794225621908,-0.0452447173506617,0.01143));
#629=CARTESIAN_POINT('',(-0.0270165111540506,-0.044880266633334,0.01143));
#630=CARTESIAN_POINT('',(-0.026315729563444,-0.0445774445516595,0.01143));
#631=CARTESIAN_POINT('',(-0.0256403901973879,-0.044248641164874,0.01143));
#632=CARTESIAN_POINT('',(-0.0251050967264847,-0.043956982196788,0.01143));
#633=CARTESIAN_POINT('',(-0.0246905810800396,-0.0437116516641964,0.01143));
#634=CARTESIAN_POINT('',(-0.024273754494395,-0.0434477638968592,0.01143));
#635=CARTESIAN_POINT('',(-0.0237558278691796,-0.0430784312090084,0.01143));
#636=CARTESIAN_POINT('',(-0.0231520846130805,-0.0425488655234161,0.01143));
#637=CARTESIAN_POINT('',(-0.0225901704776515,-0.0419192052028065,0.01143));
#638=CARTESIAN_POINT('',(-0.0220947783791613,-0.0411881846845189,0.01143));
#639=CARTESIAN_POINT('',(-0.0216812584387276,-0.0403628529309694,0.01143));
#640=CARTESIAN_POINT('',(-0.0213519599244599,-0.0394470414071854,0.01143));
#641=CARTESIAN_POINT('',(-0.0211008561494458,-0.0384373015446814,0.01143));
#642=CARTESIAN_POINT('',(-0.0209218900143774,-0.0373147675076508,0.01143));
#643=CARTESIAN_POINT('',(-0.0207675521072559,-0.0357046035578759,0.01143));
#644=CARTESIAN_POINT('',(-0.0206911875272151,-0.0335109068741534,0.01143));
#645=CARTESIAN_POINT('',(-0.0207144393238654,-0.0307862872695272,0.01143));
#646=CARTESIAN_POINT('',(-0.0207917582092297,-0.0282057786065868,0.01143));
#647=CARTESIAN_POINT('',(-0.0208400126211465,-0.0267492191820458,0.01143));
#648=CARTESIAN_POINT('',(-0.0208537375828097,-0.0261352987263378,0.01143));
#649=CARTESIAN_POINT('',(-0.0208537375828097,-0.0261352987263377,0.01143));
#650=CARTESIAN_POINT('',(-0.0208537375828097,-0.0261352987263377,0.));
#651=CARTESIAN_POINT('',(-0.0200401784865497,-0.0262347892765892,0.01143));
#652=CARTESIAN_POINT('',(-0.0200401784865497,-0.0262347892765892,0.));
#653=CARTESIAN_POINT('',(-0.0180713102101574,-0.026392096243951,0.01143));
#654=CARTESIAN_POINT('',(-0.0180713102101574,-0.026392096243951,0.));
#655=CARTESIAN_POINT('',(-0.0144289440150199,-0.0264018203986184,0.01143));
#656=CARTESIAN_POINT('',(-0.0144289440150199,-0.0264018203986184,0.));
#657=CARTESIAN_POINT('',(-0.0105243121555537,-0.02598961395902,0.01143));
#658=CARTESIAN_POINT('',(-0.0105243121555537,-0.02598961395902,-1.73472347597681E-18));
#659=CARTESIAN_POINT('',(-0.00832681072786233,-0.0256472637488961,0.01143));
#660=CARTESIAN_POINT('',(-0.00832681072786233,-0.0256472637488961,0.));
#661=CARTESIAN_POINT('',(-0.00746753469524605,-0.0255325379301875,0.01143));
#662=CARTESIAN_POINT('',(-0.00746753469524605,-0.0255325379301875,0.));
#663=CARTESIAN_POINT('',(-0.0208537375828097,-0.0261352987263377,0.));
#664=CARTESIAN_POINT('',(-0.0200401784865497,-0.0262347892765892,0.));
#665=CARTESIAN_POINT('',(-0.0185633032159883,-0.0263543630049902,0.));
#666=CARTESIAN_POINT('',(-0.0162505005513674,-0.0263943024831519,0.));
#667=CARTESIAN_POINT('',(-0.0143980891595005,-0.0263485106813755,0.));
#668=CARTESIAN_POINT('',(-0.0124685412364216,-0.0262006465887907,0.));
#669=CARTESIAN_POINT('',(-0.0106014118900567,-0.0259758840806375,0.));
#670=CARTESIAN_POINT('',(-0.00888006385460295,-0.0257321819671918,0.));
#671=CARTESIAN_POINT('',(-0.00789717271155418,-0.0255899008395418,0.));
#672=CARTESIAN_POINT('',(-0.00746753469524605,-0.0255325379301875,0.));
#673=CARTESIAN_POINT('',(-0.0074675346952461,-0.0255325379301875,0.));
#674=CARTESIAN_POINT('',(-0.0074675346952461,-0.0255325379301875,0.01143));
#675=CARTESIAN_POINT('',(-0.0074675346952461,-0.0255325379301875,0.01143));
#676=CARTESIAN_POINT('',(-0.0208537375828097,-0.0261352987263377,0.01143));
#677=CARTESIAN_POINT('',(-0.0200401784865497,-0.0262347892765892,0.01143));
#678=CARTESIAN_POINT('',(-0.0185633032159883,-0.0263543630049902,0.01143));
#679=CARTESIAN_POINT('',(-0.0162505005513674,-0.0263943024831519,0.01143));
#680=CARTESIAN_POINT('',(-0.0143980891595005,-0.0263485106813755,0.01143));
#681=CARTESIAN_POINT('',(-0.0124685412364216,-0.0262006465887907,0.01143));
#682=CARTESIAN_POINT('',(-0.0106014118900567,-0.0259758840806375,0.01143));
#683=CARTESIAN_POINT('',(-0.00888006385460295,-0.0257321819671918,0.01143));
#684=CARTESIAN_POINT('',(-0.00789717271155418,-0.0255899008395418,0.01143));
#685=CARTESIAN_POINT('',(-0.00746753469524605,-0.0255325379301875,0.01143));
#686=CARTESIAN_POINT('',(-0.00746753469524611,-0.0255325379301877,0.01143));
#687=CARTESIAN_POINT('',(-0.00746753469524611,-0.0255325379301877,8.84708972748172E-17));
#688=CARTESIAN_POINT('',(-0.00745207229612531,-0.0256456729234975,0.01143));
#689=CARTESIAN_POINT('',(-0.00745207229612531,-0.0256456729234975,8.84708972748172E-17));
#690=CARTESIAN_POINT('',(-0.00742492997768669,-0.0259390777627881,0.01143));
#691=CARTESIAN_POINT('',(-0.00742492997768669,-0.0259390777627881,8.50014503228635E-17));
#692=CARTESIAN_POINT('',(-0.00739669929881234,-0.0269052239949918,0.01143));
#693=CARTESIAN_POINT('',(-0.00739669929881234,-0.0269052239949918,9.36750677027476E-17));
#694=CARTESIAN_POINT('',(-0.00742580224274576,-0.0291899380689608,0.01143));
#695=CARTESIAN_POINT('',(-0.00742580224274576,-0.0291899380689608,8.67361737988404E-17));
#696=CARTESIAN_POINT('',(-0.00755757981423592,-0.0333905397969498,0.01143));
#697=CARTESIAN_POINT('',(-0.00755757981423592,-0.0333905397969498,8.84708972748172E-17));
#698=CARTESIAN_POINT('',(-0.00740786294688973,-0.0370892321189066,0.01143));
#699=CARTESIAN_POINT('',(-0.00740786294688973,-0.0370892321189066,8.67361737988404E-17));
#700=CARTESIAN_POINT('',(-0.00680480705171296,-0.0391606813940044,0.01143));
#701=CARTESIAN_POINT('',(-0.00680480705171296,-0.0391606813940044,8.84708972748172E-17));
#702=CARTESIAN_POINT('',(-0.00615924113850316,-0.0403886910805355,0.01143));
#703=CARTESIAN_POINT('',(-0.00615924113850316,-0.0403886910805355,8.50014503228635E-17));
#704=CARTESIAN_POINT('',(-0.00557630424282933,-0.0412519941999186,0.01143));
#705=CARTESIAN_POINT('',(-0.00557630424282933,-0.0412519941999186,9.0205620750794E-17));
#706=CARTESIAN_POINT('',(-0.00488485509686566,-0.0422379600274781,0.01143));
#707=CARTESIAN_POINT('',(-0.00488485509686566,-0.0422379600274781,8.84708972748172E-17));
#708=CARTESIAN_POINT('',(-0.00398793800429567,-0.0432659137109912,0.01143));
#709=CARTESIAN_POINT('',(-0.00398793800429567,-0.0432659137109912,8.50014503228635E-17));
#710=CARTESIAN_POINT('',(-0.00239909888283157,-0.0445570518636589,0.01143));
#711=CARTESIAN_POINT('',(-0.00239909888283157,-0.0445570518636589,9.19403442267708E-17));
#712=CARTESIAN_POINT('',(1.2884548338747E-5,-0.0455896132833871,0.01143));
#713=CARTESIAN_POINT('',(1.2884548338747E-5,-0.0455896132833871,8.67361737988404E-17));
#714=CARTESIAN_POINT('',(0.00270878342549601,-0.0460729109606826,0.01143));
#715=CARTESIAN_POINT('',(0.00270878342549601,-0.0460729109606826,8.84708972748172E-17));
#716=CARTESIAN_POINT('',(0.00516197363955982,-0.0459514559553015,0.01143));
#717=CARTESIAN_POINT('',(0.00516197363955982,-0.0459514559553015,9.0205620750794E-17));
#718=CARTESIAN_POINT('',(0.00706208141634867,-0.0454350233204409,0.01143));
#719=CARTESIAN_POINT('',(0.00706208141634867,-0.0454350233204409,9.0205620750794E-17));
#720=CARTESIAN_POINT('',(0.00892889953962786,-0.0443377773583692,0.01143));
#721=CARTESIAN_POINT('',(0.00892889953962786,-0.0443377773583692,8.50014503228635E-17));
#722=CARTESIAN_POINT('',(0.010472542095162,-0.0427396581701785,0.01143));
#723=CARTESIAN_POINT('',(0.010472542095162,-0.0427396581701785,9.0205620750794E-17));
#724=CARTESIAN_POINT('',(0.0117034203027773,-0.0409900558465364,0.01143));
#725=CARTESIAN_POINT('',(0.0117034203027773,-0.0409900558465364,9.19403442267708E-17));
#726=CARTESIAN_POINT('',(0.0126599981323183,-0.0392571493165533,0.01143));
#727=CARTESIAN_POINT('',(0.0126599981323183,-0.0392571493165533,8.67361737988404E-17));
#728=CARTESIAN_POINT('',(0.0132011120142306,-0.0379985757648715,0.01143));
#729=CARTESIAN_POINT('',(0.0132011120142306,-0.0379985757648715,8.50014503228635E-17));
#730=CARTESIAN_POINT('',(0.0134751424555527,-0.0371550120409452,0.01143));
#731=CARTESIAN_POINT('',(0.0134751424555527,-0.0371550120409452,8.67361737988404E-17));
#732=CARTESIAN_POINT('',(0.0136042131844763,-0.036486279606182,0.01143));
#733=CARTESIAN_POINT('',(0.0136042131844763,-0.036486279606182,8.50014503228635E-17));
#734=CARTESIAN_POINT('',(0.0136067070419875,-0.0358454398919693,0.01143));
#735=CARTESIAN_POINT('',(0.0136067070419875,-0.0358454398919693,8.67361737988404E-17));
#736=CARTESIAN_POINT('',(0.013558621864213,-0.0353683734263439,0.01143));
#737=CARTESIAN_POINT('',(0.013558621864213,-0.0353683734263439,8.67361737988404E-17));
#738=CARTESIAN_POINT('',(0.0135095899021012,-0.0348794339448577,0.01143));
#739=CARTESIAN_POINT('',(0.0135095899021012,-0.0348794339448577,9.0205620750794E-17));
#740=CARTESIAN_POINT('',(0.0134511093036457,-0.033958580808209,0.01143));
#741=CARTESIAN_POINT('',(0.0134511093036457,-0.033958580808209,8.50014503228635E-17));
#742=CARTESIAN_POINT('',(0.0134191401109405,-0.0320156050535627,0.01143));
#743=CARTESIAN_POINT('',(0.0134191401109405,-0.0320156050535627,9.19403442267708E-17));
#744=CARTESIAN_POINT('',(0.0134355324849335,-0.0279710855717635,0.01143));
#745=CARTESIAN_POINT('',(0.0134355324849335,-0.0279710855717635,8.67361737988404E-17));
#746=CARTESIAN_POINT('',(0.0135261294470526,-0.0220699071770674,0.01143));
#747=CARTESIAN_POINT('',(0.0135261294470526,-0.0220699071770674,8.67361737988404E-17));
#748=CARTESIAN_POINT('',(0.0135567049705781,-0.0185214029584506,0.01143));
#749=CARTESIAN_POINT('',(0.0135567049705781,-0.0185214029584506,8.84708972748172E-17));
#750=CARTESIAN_POINT('',(0.0135272784316813,-0.0174547369691599,0.01143));
#751=CARTESIAN_POINT('',(0.0135272784316813,-0.0174547369691599,8.84708972748172E-17));
#752=CARTESIAN_POINT('',(-0.00746753469524611,-0.0255325379301877,0.));
#753=CARTESIAN_POINT('',(-0.00745980349568571,-0.0255891054268426,0.));
#754=CARTESIAN_POINT('',(-0.00744593926487967,-0.0257096813779816,0.));
#755=CARTESIAN_POINT('',(-0.00742726520579618,-0.0259763408542655,0.));
#756=CARTESIAN_POINT('',(-0.0074141202465579,-0.0263039241969019,0.));
#757=CARTESIAN_POINT('',(-0.0074040877349438,-0.0268114189098538,0.));
#758=CARTESIAN_POINT('',(-0.00740503984636844,-0.0275571762149296,0.));
#759=CARTESIAN_POINT('',(-0.00742202851668127,-0.0285839465897144,0.));
#760=CARTESIAN_POINT('',(-0.00744784955727216,-0.0297047029335308,0.));
#761=CARTESIAN_POINT('',(-0.00748436067509581,-0.0312783749914415,0.));
#762=CARTESIAN_POINT('',(-0.0075152812173486,-0.0333129015378718,0.));
#763=CARTESIAN_POINT('',(-0.00747620030520164,-0.0352337099736601,0.));
#764=CARTESIAN_POINT('',(-0.00737961156173594,-0.0364394806249115,0.));
#765=CARTESIAN_POINT('',(-0.00729590697491533,-0.0370840996032604,0.));
#766=CARTESIAN_POINT('',(-0.00719360620424066,-0.0376884365211664,0.));
#767=CARTESIAN_POINT('',(-0.00703039088206534,-0.0383806091303328,0.));
#768=CARTESIAN_POINT('',(-0.00677994403657149,-0.0391209060208582,0.));
#769=CARTESIAN_POINT('',(-0.00648540129009897,-0.0397742778804688,0.));
#770=CARTESIAN_POINT('',(-0.0061693611456989,-0.0403403562160869,0.));
#771=CARTESIAN_POINT('',(-0.0059075851706666,-0.0407498403453884,0.));
#772=CARTESIAN_POINT('',(-0.00571154213992741,-0.041045001899373,0.));
#773=CARTESIAN_POINT('',(-0.00550920605695903,-0.0413463042921826,0.));
#774=CARTESIAN_POINT('',(-0.00523271780444656,-0.0417448216427126,0.));
#775=CARTESIAN_POINT('',(-0.00485911698797465,-0.0422432353692674,0.));
#776=CARTESIAN_POINT('',(-0.00443447687824247,-0.04275198490104,0.));
#777=CARTESIAN_POINT('',(-0.00395008867962453,-0.0432586361958283,0.));
#778=CARTESIAN_POINT('',(-0.00349008493035839,-0.0436675664597896,0.));
#779=CARTESIAN_POINT('',(-0.0030843160003381,-0.0439791039027762,0.));
#780=CARTESIAN_POINT('',(-0.00245494102108791,-0.0444164591641054,0.));
#781=CARTESIAN_POINT('',(-0.00143368182599668,-0.0449702688850833,0.));
#782=CARTESIAN_POINT('',(-0.000194779553443457,-0.0454205179805971,0.));
#783=CARTESIAN_POINT('',(0.000846342474006325,-0.0456882954626103,0.));
#784=CARTESIAN_POINT('',(0.00164647167703404,-0.0458429420284643,0.));
#785=CARTESIAN_POINT('',(0.00247278802642074,-0.0459542584535835,0.));
#786=CARTESIAN_POINT('',(0.00363082782782726,-0.0460311866749095,0.));
#787=CARTESIAN_POINT('',(0.0048544959600088,-0.0459671328261294,0.));
#788=CARTESIAN_POINT('',(0.00611295358982766,-0.0456914180610382,0.));
#789=CARTESIAN_POINT('',(0.0070590656474372,-0.0453612192882486,0.));
#790=CARTESIAN_POINT('',(0.00783482982874504,-0.0449710626992092,0.));
#791=CARTESIAN_POINT('',(0.00843667552126811,-0.0445864867447527,0.));
#792=CARTESIAN_POINT('',(0.00887863255494421,-0.0442593874962924,0.));
#793=CARTESIAN_POINT('',(0.00929901592897663,-0.0439017541941745,0.));
#794=CARTESIAN_POINT('',(0.00982624363992391,-0.0433974564970869,0.));
#795=CARTESIAN_POINT('',(0.0104328038549096,-0.0427218315109976,0.));
#796=CARTESIAN_POINT('',(0.0110863412064888,-0.0418665583473234,0.));
#797=CARTESIAN_POINT('',(0.0116694822662139,-0.0409918432899043,0.));
#798=CARTESIAN_POINT('',(0.0121819511672447,-0.0401230993659372,0.));
#799=CARTESIAN_POINT('',(0.0126214688983115,-0.0392852726835443,0.));
#800=CARTESIAN_POINT('',(0.0129849208621732,-0.0385013240671691,0.));
#801=CARTESIAN_POINT('',(0.0132221498890785,-0.0379082398702622,0.));
#802=CARTESIAN_POINT('',(0.0133722897348555,-0.0374687817011188,0.));
#803=CARTESIAN_POINT('',(0.0134655991406912,-0.0371502354476134,0.));
#804=CARTESIAN_POINT('',(0.0135397163336282,-0.0368242891122796,0.));
#805=CARTESIAN_POINT('',(0.0135881298916288,-0.0364895824705131,0.));
#806=CARTESIAN_POINT('',(0.0136064663353018,-0.0361629513633106,0.));
#807=CARTESIAN_POINT('',(0.0136003788958061,-0.0358667693283967,0.));
#808=CARTESIAN_POINT('',(0.013581681298113,-0.0356063839235052,0.));
#809=CARTESIAN_POINT('',(0.0135509950677319,-0.0352873519259215,0.));
#810=CARTESIAN_POINT('',(0.0135178781353064,-0.0349597359089338,0.));
#811=CARTESIAN_POINT('',(0.0134873199592194,-0.0345360758269581,0.));
#812=CARTESIAN_POINT('',(0.0134678634337542,-0.0341496631107982,0.));
#813=CARTESIAN_POINT('',(0.0134520556474669,-0.0336812725505416,0.));
#814=CARTESIAN_POINT('',(0.0134361381500274,-0.032968489235454,0.));
#815=CARTESIAN_POINT('',(0.0134254887526554,-0.0319288549759057,0.));
#816=CARTESIAN_POINT('',(0.0134252749372607,-0.0304999756246159,0.));
#817=CARTESIAN_POINT('',(0.0134381418610059,-0.0284195059646744,0.));
#818=CARTESIAN_POINT('',(0.0134719709308,-0.025612270785597,0.));
#819=CARTESIAN_POINT('',(0.0135184332011081,-0.0222925279634531,0.));
#820=CARTESIAN_POINT('',(0.0135432554317085,-0.0198785198011621,0.));
#821=CARTESIAN_POINT('',(0.0135432681749841,-0.0183367530192373,0.));
#822=CARTESIAN_POINT('',(0.0135346350664055,-0.0177214034664826,0.));
#823=CARTESIAN_POINT('',(0.0135272784316813,-0.0174547369691599,0.));
#824=CARTESIAN_POINT('',(0.0135272784316813,-0.01745473696916,0.));
#825=CARTESIAN_POINT('',(0.0135272784316813,-0.01745473696916,0.01143));
#826=CARTESIAN_POINT('',(0.0135272784316813,-0.01745473696916,0.01143));
#827=CARTESIAN_POINT('',(-0.00746753469524611,-0.0255325379301877,0.01143));
#828=CARTESIAN_POINT('',(-0.00745980349568571,-0.0255891054268426,0.01143));
#829=CARTESIAN_POINT('',(-0.00744593926487967,-0.0257096813779816,0.01143));
#830=CARTESIAN_POINT('',(-0.00742726520579618,-0.0259763408542655,0.01143));
#831=CARTESIAN_POINT('',(-0.0074141202465579,-0.0263039241969019,0.01143));
#832=CARTESIAN_POINT('',(-0.0074040877349438,-0.0268114189098538,0.01143));
#833=CARTESIAN_POINT('',(-0.00740503984636844,-0.0275571762149296,0.01143));
#834=CARTESIAN_POINT('',(-0.00742202851668127,-0.0285839465897144,0.01143));
#835=CARTESIAN_POINT('',(-0.00744784955727216,-0.0297047029335308,0.01143));
#836=CARTESIAN_POINT('',(-0.00748436067509581,-0.0312783749914415,0.01143));
#837=CARTESIAN_POINT('',(-0.0075152812173486,-0.0333129015378718,0.01143));
#838=CARTESIAN_POINT('',(-0.00747620030520164,-0.0352337099736601,0.01143));
#839=CARTESIAN_POINT('',(-0.00737961156173594,-0.0364394806249115,0.01143));
#840=CARTESIAN_POINT('',(-0.00729590697491533,-0.0370840996032604,0.01143));
#841=CARTESIAN_POINT('',(-0.00719360620424066,-0.0376884365211664,0.01143));
#842=CARTESIAN_POINT('',(-0.00703039088206534,-0.0383806091303328,0.01143));
#843=CARTESIAN_POINT('',(-0.00677994403657149,-0.0391209060208582,0.01143));
#844=CARTESIAN_POINT('',(-0.00648540129009897,-0.0397742778804688,0.01143));
#845=CARTESIAN_POINT('',(-0.0061693611456989,-0.0403403562160869,0.01143));
#846=CARTESIAN_POINT('',(-0.0059075851706666,-0.0407498403453884,0.01143));
#847=CARTESIAN_POINT('',(-0.00571154213992741,-0.041045001899373,0.01143));
#848=CARTESIAN_POINT('',(-0.00550920605695903,-0.0413463042921826,0.01143));
#849=CARTESIAN_POINT('',(-0.00523271780444656,-0.0417448216427126,0.01143));
#850=CARTESIAN_POINT('',(-0.00485911698797465,-0.0422432353692674,0.01143));
#851=CARTESIAN_POINT('',(-0.00443447687824247,-0.04275198490104,0.01143));
#852=CARTESIAN_POINT('',(-0.00395008867962453,-0.0432586361958283,0.01143));
#853=CARTESIAN_POINT('',(-0.00349008493035839,-0.0436675664597896,0.01143));
#854=CARTESIAN_POINT('',(-0.0030843160003381,-0.0439791039027762,0.01143));
#855=CARTESIAN_POINT('',(-0.00245494102108791,-0.0444164591641054,0.01143));
#856=CARTESIAN_POINT('',(-0.00143368182599668,-0.0449702688850833,0.01143));
#857=CARTESIAN_POINT('',(-0.000194779553443457,-0.0454205179805971,0.01143));
#858=CARTESIAN_POINT('',(0.000846342474006325,-0.0456882954626103,0.01143));
#859=CARTESIAN_POINT('',(0.00164647167703404,-0.0458429420284643,0.01143));
#860=CARTESIAN_POINT('',(0.00247278802642074,-0.0459542584535835,0.01143));
#861=CARTESIAN_POINT('',(0.00363082782782726,-0.0460311866749095,0.01143));
#862=CARTESIAN_POINT('',(0.0048544959600088,-0.0459671328261294,0.01143));
#863=CARTESIAN_POINT('',(0.00611295358982766,-0.0456914180610382,0.01143));
#864=CARTESIAN_POINT('',(0.0070590656474372,-0.0453612192882486,0.01143));
#865=CARTESIAN_POINT('',(0.00783482982874504,-0.0449710626992092,0.01143));
#866=CARTESIAN_POINT('',(0.00843667552126811,-0.0445864867447527,0.01143));
#867=CARTESIAN_POINT('',(0.00887863255494421,-0.0442593874962924,0.01143));
#868=CARTESIAN_POINT('',(0.00929901592897663,-0.0439017541941745,0.01143));
#869=CARTESIAN_POINT('',(0.00982624363992391,-0.0433974564970869,0.01143));
#870=CARTESIAN_POINT('',(0.0104328038549096,-0.0427218315109976,0.01143));
#871=CARTESIAN_POINT('',(0.0110863412064888,-0.0418665583473234,0.01143));
#872=CARTESIAN_POINT('',(0.0116694822662139,-0.0409918432899043,0.01143));
#873=CARTESIAN_POINT('',(0.0121819511672447,-0.0401230993659372,0.01143));
#874=CARTESIAN_POINT('',(0.0126214688983115,-0.0392852726835443,0.01143));
#875=CARTESIAN_POINT('',(0.0129849208621732,-0.0385013240671691,0.01143));
#876=CARTESIAN_POINT('',(0.0132221498890785,-0.0379082398702622,0.01143));
#877=CARTESIAN_POINT('',(0.0133722897348555,-0.0374687817011188,0.01143));
#878=CARTESIAN_POINT('',(0.0134655991406912,-0.0371502354476134,0.01143));
#879=CARTESIAN_POINT('',(0.0135397163336282,-0.0368242891122796,0.01143));
#880=CARTESIAN_POINT('',(0.0135881298916288,-0.0364895824705131,0.01143));
#881=CARTESIAN_POINT('',(0.0136064663353018,-0.0361629513633106,0.01143));
#882=CARTESIAN_POINT('',(0.0136003788958061,-0.0358667693283967,0.01143));
#883=CARTESIAN_POINT('',(0.013581681298113,-0.0356063839235052,0.01143));
#884=CARTESIAN_POINT('',(0.0135509950677319,-0.0352873519259215,0.01143));
#885=CARTESIAN_POINT('',(0.0135178781353064,-0.0349597359089338,0.01143));
#886=CARTESIAN_POINT('',(0.0134873199592194,-0.0345360758269581,0.01143));
#887=CARTESIAN_POINT('',(0.0134678634337542,-0.0341496631107982,0.01143));
#888=CARTESIAN_POINT('',(0.0134520556474669,-0.0336812725505416,0.01143));
#889=CARTESIAN_POINT('',(0.0134361381500274,-0.032968489235454,0.01143));
#890=CARTESIAN_POINT('',(0.0134254887526554,-0.0319288549759057,0.01143));
#891=CARTESIAN_POINT('',(0.0134252749372607,-0.0304999756246159,0.01143));
#892=CARTESIAN_POINT('',(0.0134381418610059,-0.0284195059646744,0.01143));
#893=CARTESIAN_POINT('',(0.0134719709308,-0.025612270785597,0.01143));
#894=CARTESIAN_POINT('',(0.0135184332011081,-0.0222925279634531,0.01143));
#895=CARTESIAN_POINT('',(0.0135432554317085,-0.0198785198011621,0.01143));
#896=CARTESIAN_POINT('',(0.0135432681749841,-0.0183367530192373,0.01143));
#897=CARTESIAN_POINT('',(0.0135346350664055,-0.0177214034664826,0.01143));
#898=CARTESIAN_POINT('',(0.0135272784316813,-0.0174547369691599,0.01143));
#899=CARTESIAN_POINT('',(0.013527278431726,-0.0174547369692232,0.01143));
#900=CARTESIAN_POINT('',(0.013527278431726,-0.0174547369692232,6.93889390390723E-18));
#901=CARTESIAN_POINT('',(0.0139534262406533,-0.0171536104850206,0.01143));
#902=CARTESIAN_POINT('',(0.0139534262406533,-0.0171536104850206,6.93889390390723E-18));
#903=CARTESIAN_POINT('',(0.0150955504797748,-0.0163486468103806,0.01143));
#904=CARTESIAN_POINT('',(0.0150955504797748,-0.0163486468103806,6.93889390390723E-18));
#905=CARTESIAN_POINT('',(0.0171255953662752,-0.014739321416633,0.01143));
#906=CARTESIAN_POINT('',(0.0171255953662752,-0.014739321416633,6.93889390390723E-18));
#907=CARTESIAN_POINT('',(0.0188908867994991,-0.0128938719933963,0.01143));
#908=CARTESIAN_POINT('',(0.0188908867994991,-0.0128938719933963,5.20417042793042E-18));
#909=CARTESIAN_POINT('',(0.0202680070537607,-0.011035129183772,0.01143));
#910=CARTESIAN_POINT('',(0.0202680070537607,-0.011035129183772,6.93889390390723E-18));
#911=CARTESIAN_POINT('',(0.0213846002807872,-0.00920522893688229,0.01143));
#912=CARTESIAN_POINT('',(0.0213846002807872,-0.00920522893688229,8.67361737988404E-18));
#913=CARTESIAN_POINT('',(0.0222897844357014,-0.00754597317917647,0.01143));
#914=CARTESIAN_POINT('',(0.0222897844357014,-0.00754597317917647,3.46944695195361E-18));
#915=CARTESIAN_POINT('',(0.0231249327536088,-0.00590517722075378,0.01143));
#916=CARTESIAN_POINT('',(0.0231249327536088,-0.00590517722075378,3.46944695195361E-18));
#917=CARTESIAN_POINT('',(0.0238462351661539,-0.00411144606425682,0.01143));
#918=CARTESIAN_POINT('',(0.0238462351661539,-0.00411144606425682,8.67361737988404E-18));
#919=CARTESIAN_POINT('',(0.0243956892666621,-0.00206501643959613,0.01143));
#920=CARTESIAN_POINT('',(0.0243956892666621,-0.00206501643959613,1.73472347597681E-18));
#921=CARTESIAN_POINT('',(0.024845137252916,0.00102554106132684,0.01143));
#922=CARTESIAN_POINT('',(0.024845137252916,0.00102554106132684,1.04083408558608E-17));
#923=CARTESIAN_POINT('',(0.0248528608619584,0.00441782667579067,0.01143));
#924=CARTESIAN_POINT('',(0.0248528608619584,0.00441782667579067,5.20417042793042E-18));
#925=CARTESIAN_POINT('',(0.0242662677044086,0.0077029915033667,0.01143));
#926=CARTESIAN_POINT('',(0.0242662677044086,0.0077029915033667,6.93889390390723E-18));
#927=CARTESIAN_POINT('',(0.02323990958927,0.0107478569474325,0.01143));
#928=CARTESIAN_POINT('',(0.02323990958927,0.0107478569474325,5.20417042793042E-18));
#929=CARTESIAN_POINT('',(0.0216139917517462,0.0134853557371749,0.01143));
#930=CARTESIAN_POINT('',(0.0216139917517462,0.0134853557371749,6.93889390390723E-18));
#931=CARTESIAN_POINT('',(0.0195037707899496,0.016129652549005,0.01143));
#932=CARTESIAN_POINT('',(0.0195037707899496,0.016129652549005,6.93889390390723E-18));
#933=CARTESIAN_POINT('',(0.0170370528892022,0.0187916430662072,0.01143));
#934=CARTESIAN_POINT('',(0.0170370528892022,0.0187916430662072,5.20417042793042E-18));
#935=CARTESIAN_POINT('',(0.0133368367892053,0.0219931561007114,0.01143));
#936=CARTESIAN_POINT('',(0.0133368367892053,0.0219931561007114,6.93889390390723E-18));
#937=CARTESIAN_POINT('',(0.00789937327229918,0.0251754889795555,0.01143));
#938=CARTESIAN_POINT('',(0.00789937327229918,0.0251754889795555,5.20417042793042E-18));
#939=CARTESIAN_POINT('',(0.0019788800645749,0.0273711828179324,0.01143));
#940=CARTESIAN_POINT('',(0.0019788800645749,0.0273711828179324,6.93889390390723E-18));
#941=CARTESIAN_POINT('',(-0.00379420765344777,0.0288348813807926,0.01143));
#942=CARTESIAN_POINT('',(-0.00379420765344777,0.0288348813807926,5.20417042793042E-18));
#943=CARTESIAN_POINT('',(-0.00880228030709585,0.0297088733668479,0.01143));
#944=CARTESIAN_POINT('',(-0.00880228030709585,0.0297088733668479,6.93889390390723E-18));
#945=CARTESIAN_POINT('',(-0.0136289402438778,0.0300710447662388,0.01143));
#946=CARTESIAN_POINT('',(-0.0136289402438778,0.0300710447662388,6.93889390390723E-18));
#947=CARTESIAN_POINT('',(-0.0172024717540949,0.0300246391913499,0.01143));
#948=CARTESIAN_POINT('',(-0.0172024717540949,0.0300246391913499,6.93889390390723E-18));
#949=CARTESIAN_POINT('',(-0.0190809948599542,0.0299196643731016,0.01143));
#950=CARTESIAN_POINT('',(-0.0190809948599542,0.0299196643731016,6.93889390390723E-18));
#951=CARTESIAN_POINT('',(0.013527278431726,-0.0174547369692232,0.));
#952=CARTESIAN_POINT('',(0.0137403523361897,-0.0173041737271219,0.));
#953=CARTESIAN_POINT('',(0.0142412446842005,-0.0169508857769123,0.));
#954=CARTESIAN_POINT('',(0.0151357474493801,-0.0162982976153131,0.));
#955=CARTESIAN_POINT('',(0.0161059269247465,-0.0155459247423314,0.));
#956=CARTESIAN_POINT('',(0.0169253038783491,-0.0148512174085204,0.));
#957=CARTESIAN_POINT('',(0.0175576770062096,-0.0142585259513517,0.));
#958=CARTESIAN_POINT('',(0.0181541032611475,-0.013658153645508,0.));
#959=CARTESIAN_POINT('',(0.0188407748019524,-0.0128933645401588,0.));
#960=CARTESIAN_POINT('',(0.0195772814572362,-0.0119653689467774,0.));
#961=CARTESIAN_POINT('',(0.020235994227914,-0.0110380302255467,0.));
#962=CARTESIAN_POINT('',(0.0208262569264366,-0.0101221278164032,0.));
#963=CARTESIAN_POINT('',(0.0213576493821084,-0.00922844804822419,0.));
#964=CARTESIAN_POINT('',(0.021839338157741,-0.00836609810117787,0.));
#965=CARTESIAN_POINT('',(0.0222805111500645,-0.00755009289333579,0.));
#966=CARTESIAN_POINT('',(0.0227072880192024,-0.00672782919982134,0.));
#967=CARTESIAN_POINT('',(0.0232451897299492,-0.00560519967414612,0.));
#968=CARTESIAN_POINT('',(0.0237260210461261,-0.00440854173458945,0.));
#969=CARTESIAN_POINT('',(0.0241209470792354,-0.00309174100462054,0.));
#970=CARTESIAN_POINT('',(0.0243691571527673,-0.0020305133371722,0.));
#971=CARTESIAN_POINT('',(0.0245641917988501,-0.000904815783235955,0.));
#972=CARTESIAN_POINT('',(0.0247524414277305,0.0006636863477791,0.));
#973=CARTESIAN_POINT('',(0.0248465415299479,0.0027215872195333,0.));
#974=CARTESIAN_POINT('',(0.0247068687796391,0.00523908028049175,0.));
#975=CARTESIAN_POINT('',(0.0242661004036251,0.00770323856116444,0.));
#976=CARTESIAN_POINT('',(0.0234965121141203,0.00998568995741799,0.));
#977=CARTESIAN_POINT('',(0.0224270659870287,0.0121201618004982,0.));
#978=CARTESIAN_POINT('',(0.0213098576298744,0.013809259001161,0.));
#979=CARTESIAN_POINT('',(0.0202950768216435,0.0151352907637295,0.));
#980=CARTESIAN_POINT('',(0.0191953439549199,0.0164639079782079,0.));
#981=CARTESIAN_POINT('',(0.0176546503862154,0.0181263383101283,0.));
#982=CARTESIAN_POINT('',(0.0155535824831871,0.0200697074243029,0.));
#983=CARTESIAN_POINT('',(0.0132093020235819,0.0219095370739467,0.));
#984=CARTESIAN_POINT('',(0.0110624053046036,0.0233112546136723,0.));
#985=CARTESIAN_POINT('',(0.00923224145685595,0.0243242409110313,0.));
#986=CARTESIAN_POINT('',(0.00735395854022294,0.0252528221804556,0.));
#987=CARTESIAN_POINT('',(0.00493619071115902,0.0262691329129054,0.));
#988=CARTESIAN_POINT('',(0.00199732301286109,0.0272802963292448,0.));
#989=CARTESIAN_POINT('',(-0.000904796885451702,0.0281047834021927,0.));
#990=CARTESIAN_POINT('',(-0.00369914804500579,0.0287612668856396,0.));
#991=CARTESIAN_POINT('',(-0.00629884179083661,0.0292697307631994,0.));
#992=CARTESIAN_POINT('',(-0.00877839701988718,0.0296450393905663,0.));
#993=CARTESIAN_POINT('',(-0.0112198392553222,0.0298915312889581,0.));
#994=CARTESIAN_POINT('',(-0.0132857431873242,0.0299965378395664,0.));
#995=CARTESIAN_POINT('',(-0.0149953338076569,0.0300251700488431,0.));
#996=CARTESIAN_POINT('',(-0.0167597957713028,0.0300188787935244,0.));
#997=CARTESIAN_POINT('',(-0.0181417333070245,0.0299721517822258,0.));
#998=CARTESIAN_POINT('',(-0.0190809948599542,0.0299196643731016,0.));
#999=CARTESIAN_POINT('',(0.013527278431726,-0.0174547369692232,0.01143));
#1000=CARTESIAN_POINT('',(0.0137403523361897,-0.0173041737271219,0.01143));
#1001=CARTESIAN_POINT('',(0.0142412446842005,-0.0169508857769123,0.01143));
#1002=CARTESIAN_POINT('',(0.0151357474493801,-0.0162982976153131,0.01143));
#1003=CARTESIAN_POINT('',(0.0161059269247465,-0.0155459247423314,0.01143));
#1004=CARTESIAN_POINT('',(0.0169253038783491,-0.0148512174085204,0.01143));
#1005=CARTESIAN_POINT('',(0.0175576770062096,-0.0142585259513517,0.01143));
#1006=CARTESIAN_POINT('',(0.0181541032611475,-0.013658153645508,0.01143));
#1007=CARTESIAN_POINT('',(0.0188407748019524,-0.0128933645401588,0.01143));
#1008=CARTESIAN_POINT('',(0.0195772814572362,-0.0119653689467774,0.01143));
#1009=CARTESIAN_POINT('',(0.020235994227914,-0.0110380302255467,0.01143));
#1010=CARTESIAN_POINT('',(0.0208262569264366,-0.0101221278164032,0.01143));
#1011=CARTESIAN_POINT('',(0.0213576493821084,-0.00922844804822419,0.01143));
#1012=CARTESIAN_POINT('',(0.021839338157741,-0.00836609810117787,0.01143));
#1013=CARTESIAN_POINT('',(0.0222805111500645,-0.00755009289333579,0.01143));
#1014=CARTESIAN_POINT('',(0.0227072880192024,-0.00672782919982134,0.01143));
#1015=CARTESIAN_POINT('',(0.0232451897299492,-0.00560519967414612,0.01143));
#1016=CARTESIAN_POINT('',(0.0237260210461261,-0.00440854173458945,0.01143));
#1017=CARTESIAN_POINT('',(0.0241209470792354,-0.00309174100462054,0.01143));
#1018=CARTESIAN_POINT('',(0.0243691571527673,-0.0020305133371722,0.01143));
#1019=CARTESIAN_POINT('',(0.0245641917988501,-0.000904815783235955,0.01143));
#1020=CARTESIAN_POINT('',(0.0247524414277305,0.0006636863477791,0.01143));
#1021=CARTESIAN_POINT('',(0.0248465415299479,0.0027215872195333,0.01143));
#1022=CARTESIAN_POINT('',(0.0247068687796391,0.00523908028049175,0.01143));
#1023=CARTESIAN_POINT('',(0.0242661004036251,0.00770323856116444,0.01143));
#1024=CARTESIAN_POINT('',(0.0234965121141203,0.00998568995741799,0.01143));
#1025=CARTESIAN_POINT('',(0.0224270659870287,0.0121201618004982,0.01143));
#1026=CARTESIAN_POINT('',(0.0213098576298744,0.013809259001161,0.01143));
#1027=CARTESIAN_POINT('',(0.0202950768216435,0.0151352907637295,0.01143));
#1028=CARTESIAN_POINT('',(0.0191953439549199,0.0164639079782079,0.01143));
#1029=CARTESIAN_POINT('',(0.0176546503862154,0.0181263383101283,0.01143));
#1030=CARTESIAN_POINT('',(0.0155535824831871,0.0200697074243029,0.01143));
#1031=CARTESIAN_POINT('',(0.0132093020235819,0.0219095370739467,0.01143));
#1032=CARTESIAN_POINT('',(0.0110624053046036,0.0233112546136723,0.01143));
#1033=CARTESIAN_POINT('',(0.00923224145685595,0.0243242409110313,0.01143));
#1034=CARTESIAN_POINT('',(0.00735395854022294,0.0252528221804556,0.01143));
#1035=CARTESIAN_POINT('',(0.00493619071115902,0.0262691329129054,0.01143));
#1036=CARTESIAN_POINT('',(0.00199732301286109,0.0272802963292448,0.01143));
#1037=CARTESIAN_POINT('',(-0.000904796885451702,0.0281047834021927,0.01143));
#1038=CARTESIAN_POINT('',(-0.00369914804500579,0.0287612668856396,0.01143));
#1039=CARTESIAN_POINT('',(-0.00629884179083661,0.0292697307631994,0.01143));
#1040=CARTESIAN_POINT('',(-0.00877839701988718,0.0296450393905663,0.01143));
#1041=CARTESIAN_POINT('',(-0.0112198392553222,0.0298915312889581,0.01143));
#1042=CARTESIAN_POINT('',(-0.0132857431873242,0.0299965378395664,0.01143));
#1043=CARTESIAN_POINT('',(-0.0149953338076569,0.0300251700488431,0.01143));
#1044=CARTESIAN_POINT('',(-0.0167597957713028,0.0300188787935244,0.01143));
#1045=CARTESIAN_POINT('',(-0.0181417333070245,0.0299721517822258,0.01143));
#1046=CARTESIAN_POINT('',(-0.0190809948599542,0.0299196643731016,0.01143));
#1047=CARTESIAN_POINT('',(-0.0486633980135103,0.0164252577742817,0.0130302));
#1048=CARTESIAN_POINT('',(-0.0486633980135103,0.0164252577742817,1.73472347597681E-18));
#1049=CARTESIAN_POINT('',(-0.0519431848608967,0.0112931678546836,0.0130302));
#1050=CARTESIAN_POINT('',(-0.0519431848608967,0.0112931678546836,1.73472347597681E-18));
#1051=CARTESIAN_POINT('',(-0.0540209291398752,0.00761818566454916,0.0130302));
#1052=CARTESIAN_POINT('',(-0.0540209291398752,0.00761818566454916,1.73472347597681E-18));
#1053=CARTESIAN_POINT('',(-0.0545500333866549,0.00135550436080468,0.0130302));
#1054=CARTESIAN_POINT('',(-0.0545500333866549,0.00135550436080468,1.73472347597681E-18));
#1055=CARTESIAN_POINT('',(-0.0538136518834817,-0.00468857321407176,0.0130302));
#1056=CARTESIAN_POINT('',(-0.0538136518834817,-0.00468857321407176,1.73472347597681E-18));
#1057=CARTESIAN_POINT('',(-0.0506902053188279,-0.0118072072875376,0.0130302));
#1058=CARTESIAN_POINT('',(-0.0506902053188279,-0.0118072072875376,1.73472347597681E-18));
#1059=CARTESIAN_POINT('',(-0.0397974619154007,-0.0186792429081386,0.0130302));
#1060=CARTESIAN_POINT('',(-0.0397974619154007,-0.0186792429081386,1.73472347597681E-18));
#1061=CARTESIAN_POINT('',(-0.0402039473318706,-0.018686183748972,0.0130302));
#1062=CARTESIAN_POINT('',(-0.0402039473318706,-0.018686183748972,1.73472347597681E-18));
#1063=CARTESIAN_POINT('',(-0.0402345110825668,-0.0370341045500897,0.0130302));
#1064=CARTESIAN_POINT('',(-0.0402345110825668,-0.0370341045500897,1.73472347597681E-18));
#1065=CARTESIAN_POINT('',(-0.0395353258169465,-0.0374813234660283,0.0130302));
#1066=CARTESIAN_POINT('',(-0.0395353258169465,-0.0374813234660283,1.73472347597681E-18));
#1067=CARTESIAN_POINT('',(-0.0389222198979479,-0.0402615696560703,0.0130302));
#1068=CARTESIAN_POINT('',(-0.0389222198979479,-0.0402615696560703,1.73472347597681E-18));
#1069=CARTESIAN_POINT('',(-0.0353843602312844,-0.043423471763121,0.0130302));
#1070=CARTESIAN_POINT('',(-0.0353843602312844,-0.043423471763121,1.73472347597681E-18));
#1071=CARTESIAN_POINT('',(-0.0311477431694553,-0.0445633365478771,0.0130302));
#1072=CARTESIAN_POINT('',(-0.0311477431694553,-0.0445633365478771,1.73472347597681E-18));
#1073=CARTESIAN_POINT('',(-0.0254137881971182,-0.0424370337538486,0.0130302));
#1074=CARTESIAN_POINT('',(-0.0254137881971182,-0.0424370337538486,1.73472347597681E-18));
#1075=CARTESIAN_POINT('',(-0.021591766773842,-0.0387292114581502,0.0130302));
#1076=CARTESIAN_POINT('',(-0.021591766773842,-0.0387292114581502,1.73472347597681E-18));
#1077=CARTESIAN_POINT('',(-0.0230867985086678,-0.0234985446938416,0.0130302));
#1078=CARTESIAN_POINT('',(-0.0230867985086678,-0.0234985446938416,1.73472347597681E-18));
#1079=CARTESIAN_POINT('',(-0.0220299954373537,-0.0242631757404524,0.0130302));
#1080=CARTESIAN_POINT('',(-0.0220299954373537,-0.0242631757404524,1.73472347597681E-18));
#1081=CARTESIAN_POINT('',(-0.0139552719182693,-0.025135607037486,0.0130302));
#1082=CARTESIAN_POINT('',(-0.0139552719182693,-0.025135607037486,1.73472347597681E-18));
#1083=CARTESIAN_POINT('',(-0.00469209793413648,-0.0229788124566075,0.0130302));
#1084=CARTESIAN_POINT('',(-0.00469209793413648,-0.0229788124566075,1.73472347597681E-18));
#1085=CARTESIAN_POINT('',(-0.00596374540359385,-0.024351694477935,0.0130302));
#1086=CARTESIAN_POINT('',(-0.00596374540359385,-0.024351694477935,1.73472347597681E-18));
#1087=CARTESIAN_POINT('',(-0.00525755149246271,-0.0255023553016349,0.0130302));
#1088=CARTESIAN_POINT('',(-0.00525755149246271,-0.0255023553016349,1.73472347597681E-18));
#1089=CARTESIAN_POINT('',(-0.0061771970031032,-0.0368730856196201,0.0130302));
#1090=CARTESIAN_POINT('',(-0.0061771970031032,-0.0368730856196201,1.73472347597681E-18));
#1091=CARTESIAN_POINT('',(-0.00434509119000876,-0.0398561289350974,0.0130302));
#1092=CARTESIAN_POINT('',(-0.00434509119000876,-0.0398561289350974,1.73472347597681E-18));
#1093=CARTESIAN_POINT('',(-0.00229518707631376,-0.0427557563658939,0.0130302));
#1094=CARTESIAN_POINT('',(-0.00229518707631376,-0.0427557563658939,1.73472347597681E-18));
#1095=CARTESIAN_POINT('',(0.002063608418125,-0.0444275281528019,0.0130302));
#1096=CARTESIAN_POINT('',(0.002063608418125,-0.0444275281528019,1.73472347597681E-18));
#1097=CARTESIAN_POINT('',(0.00825630840008762,-0.0441093956523703,0.0130302));
#1098=CARTESIAN_POINT('',(0.00825630840008762,-0.0441093956523703,1.73472347597681E-18));
#1099=CARTESIAN_POINT('',(0.0121503515679057,-0.0363978544511981,0.0130302));
#1100=CARTESIAN_POINT('',(0.0121503515679057,-0.0363978544511981,1.73472347597681E-18));
#1101=CARTESIAN_POINT('',(0.011306664452197,-0.035334661604688,0.0130302));
#1102=CARTESIAN_POINT('',(0.011306664452197,-0.035334661604688,1.73472347597681E-18));
#1103=CARTESIAN_POINT('',(0.0119027225525999,-0.0167407988947038,0.0130302));
#1104=CARTESIAN_POINT('',(0.0119027225525999,-0.0167407988947038,1.73472347597681E-18));
#1105=CARTESIAN_POINT('',(0.0114530971968403,-0.0165730523276784,0.0130302));
#1106=CARTESIAN_POINT('',(0.0114530971968403,-0.0165730523276784,1.73472347597681E-18));
#1107=CARTESIAN_POINT('',(0.0169814614113791,-0.0131434211576883,0.0130302));
#1108=CARTESIAN_POINT('',(0.0169814614113791,-0.0131434211576883,1.73472347597681E-18));
#1109=CARTESIAN_POINT('',(0.0204717249655969,-0.00720983457804972,0.0130302));
#1110=CARTESIAN_POINT('',(0.0204717249655969,-0.00720983457804972,1.73472347597681E-18));
#1111=CARTESIAN_POINT('',(0.0229445434838002,-0.00217278005327503,0.0130302));
#1112=CARTESIAN_POINT('',(0.0229445434838002,-0.00217278005327503,1.73472347597681E-18));
#1113=CARTESIAN_POINT('',(0.0233050975198368,0.00695174938907147,0.0130302));
#1114=CARTESIAN_POINT('',(0.0233050975198368,0.00695174938907147,1.73472347597681E-18));
#1115=CARTESIAN_POINT('',(0.0192131218985206,0.0144322860251026,0.0130302));
#1116=CARTESIAN_POINT('',(0.0192131218985206,0.0144322860251026,1.73472347597681E-18));
#1117=CARTESIAN_POINT('',(0.00963180604275486,0.0233232643708282,0.0130302));
#1118=CARTESIAN_POINT('',(0.00963180604275486,0.0233232643708282,1.73472347597681E-18));
#1119=CARTESIAN_POINT('',(-0.00476679058047705,0.0274583311683295,0.0130302));
#1120=CARTESIAN_POINT('',(-0.00476679058047705,0.0274583311683295,1.73472347597681E-18));
#1121=CARTESIAN_POINT('',(-0.0149831697777389,0.0285451656165476,0.0130302));
#1122=CARTESIAN_POINT('',(-0.0149831697777389,0.0285451656165476,1.73472347597681E-18));
#1123=CARTESIAN_POINT('',(-0.028725106193072,0.0274615736984568,0.0130302));
#1124=CARTESIAN_POINT('',(-0.028725106193072,0.0274615736984568,1.73472347597681E-18));
#1125=CARTESIAN_POINT('',(-0.0409980635952385,0.0224765275676905,0.0130302));
#1126=CARTESIAN_POINT('',(-0.0409980635952385,0.0224765275676905,1.73472347597681E-18));
#1127=CARTESIAN_POINT('',(-0.0486633980135103,0.0164252577742817,0.0130302));
#1128=CARTESIAN_POINT('',(-0.0486633980135103,0.0164252577742817,1.73472347597681E-18));
#1129=CARTESIAN_POINT('',(-0.0519431848608967,0.0112931678546836,0.0130302));
#1130=CARTESIAN_POINT('',(-0.0519431848608967,0.0112931678546836,1.73472347597681E-18));
#1131=CARTESIAN_POINT('',(-0.0540209291398752,0.00761818566454916,0.0130302));
#1132=CARTESIAN_POINT('',(-0.0540209291398752,0.00761818566454916,1.73472347597681E-18));
#1133=CARTESIAN_POINT('',(-0.0486633980135103,0.0164252577742817,0.));
#1134=CARTESIAN_POINT('',(-0.0519431848608967,0.0112931678546836,0.));
#1135=CARTESIAN_POINT('',(-0.0540209291398752,0.00761818566454916,0.));
#1136=CARTESIAN_POINT('',(-0.0545500333866549,0.00135550436080468,0.));
#1137=CARTESIAN_POINT('',(-0.0538136518834817,-0.00468857321407176,0.));
#1138=CARTESIAN_POINT('',(-0.0506902053188279,-0.0118072072875376,0.));
#1139=CARTESIAN_POINT('',(-0.0397974619154007,-0.0186792429081386,0.));
#1140=CARTESIAN_POINT('',(-0.0402039473318706,-0.018686183748972,0.));
#1141=CARTESIAN_POINT('',(-0.0402345110825668,-0.0370341045500897,0.));
#1142=CARTESIAN_POINT('',(-0.0395353258169465,-0.0374813234660283,0.));
#1143=CARTESIAN_POINT('',(-0.0389222198979479,-0.0402615696560703,0.));
#1144=CARTESIAN_POINT('',(-0.0353843602312844,-0.043423471763121,0.));
#1145=CARTESIAN_POINT('',(-0.0311477431694553,-0.0445633365478771,0.));
#1146=CARTESIAN_POINT('',(-0.0254137881971182,-0.0424370337538486,0.));
#1147=CARTESIAN_POINT('',(-0.021591766773842,-0.0387292114581502,0.));
#1148=CARTESIAN_POINT('',(-0.0230867985086678,-0.0234985446938416,0.));
#1149=CARTESIAN_POINT('',(-0.0220299954373537,-0.0242631757404524,0.));
#1150=CARTESIAN_POINT('',(-0.0139552719182693,-0.025135607037486,0.));
#1151=CARTESIAN_POINT('',(-0.00469209793413648,-0.0229788124566075,0.));
#1152=CARTESIAN_POINT('',(-0.00596374540359385,-0.024351694477935,0.));
#1153=CARTESIAN_POINT('',(-0.00525755149246271,-0.0255023553016349,0.));
#1154=CARTESIAN_POINT('',(-0.0061771970031032,-0.0368730856196201,0.));
#1155=CARTESIAN_POINT('',(-0.00434509119000876,-0.0398561289350974,0.));
#1156=CARTESIAN_POINT('',(-0.00229518707631376,-0.0427557563658939,0.));
#1157=CARTESIAN_POINT('',(0.002063608418125,-0.0444275281528019,0.));
#1158=CARTESIAN_POINT('',(0.00825630840008762,-0.0441093956523703,0.));
#1159=CARTESIAN_POINT('',(0.0121503515679057,-0.0363978544511981,0.));
#1160=CARTESIAN_POINT('',(0.011306664452197,-0.035334661604688,0.));
#1161=CARTESIAN_POINT('',(0.0119027225525999,-0.0167407988947038,0.));
#1162=CARTESIAN_POINT('',(0.0114530971968403,-0.0165730523276784,0.));
#1163=CARTESIAN_POINT('',(0.0169814614113791,-0.0131434211576883,0.));
#1164=CARTESIAN_POINT('',(0.0204717249655969,-0.00720983457804972,0.));
#1165=CARTESIAN_POINT('',(0.0229445434838002,-0.00217278005327503,0.));
#1166=CARTESIAN_POINT('',(0.0233050975198368,0.00695174938907147,0.));
#1167=CARTESIAN_POINT('',(0.0192131218985206,0.0144322860251026,0.));
#1168=CARTESIAN_POINT('',(0.00963180604275486,0.0233232643708282,0.));
#1169=CARTESIAN_POINT('',(-0.00476679058047705,0.0274583311683295,0.));
#1170=CARTESIAN_POINT('',(-0.0149831697777389,0.0285451656165476,0.));
#1171=CARTESIAN_POINT('',(-0.028725106193072,0.0274615736984568,0.));
#1172=CARTESIAN_POINT('',(-0.0409980635952385,0.0224765275676905,0.));
#1173=CARTESIAN_POINT('',(-0.0486633980135103,0.0164252577742817,0.));
#1174=CARTESIAN_POINT('',(-0.0519431848608967,0.0112931678546836,0.));
#1175=CARTESIAN_POINT('',(-0.0540209291398752,0.00761818566454916,0.));
#1176=CARTESIAN_POINT('',(-0.0519335312253903,0.0112279240481013,0.));
#1177=CARTESIAN_POINT('',(-0.0486633980135103,0.0164252577742817,0.0130302));
#1178=CARTESIAN_POINT('',(-0.0519431848608967,0.0112931678546836,0.0130302));
#1179=CARTESIAN_POINT('',(-0.0540209291398752,0.00761818566454916,0.0130302));
#1180=CARTESIAN_POINT('',(-0.0545500333866549,0.00135550436080468,0.0130302));
#1181=CARTESIAN_POINT('',(-0.0538136518834817,-0.00468857321407176,0.0130302));
#1182=CARTESIAN_POINT('',(-0.0506902053188279,-0.0118072072875376,0.0130302));
#1183=CARTESIAN_POINT('',(-0.0397974619154007,-0.0186792429081386,0.0130302));
#1184=CARTESIAN_POINT('',(-0.0402039473318706,-0.018686183748972,0.0130302));
#1185=CARTESIAN_POINT('',(-0.0402345110825668,-0.0370341045500897,0.0130302));
#1186=CARTESIAN_POINT('',(-0.0395353258169465,-0.0374813234660283,0.0130302));
#1187=CARTESIAN_POINT('',(-0.0389222198979479,-0.0402615696560703,0.0130302));
#1188=CARTESIAN_POINT('',(-0.0353843602312844,-0.043423471763121,0.0130302));
#1189=CARTESIAN_POINT('',(-0.0311477431694553,-0.0445633365478771,0.0130302));
#1190=CARTESIAN_POINT('',(-0.0254137881971182,-0.0424370337538486,0.0130302));
#1191=CARTESIAN_POINT('',(-0.021591766773842,-0.0387292114581502,0.0130302));
#1192=CARTESIAN_POINT('',(-0.0230867985086678,-0.0234985446938416,0.0130302));
#1193=CARTESIAN_POINT('',(-0.0220299954373537,-0.0242631757404524,0.0130302));
#1194=CARTESIAN_POINT('',(-0.0139552719182693,-0.025135607037486,0.0130302));
#1195=CARTESIAN_POINT('',(-0.00469209793413648,-0.0229788124566075,0.0130302));
#1196=CARTESIAN_POINT('',(-0.00596374540359385,-0.024351694477935,0.0130302));
#1197=CARTESIAN_POINT('',(-0.00525755149246271,-0.0255023553016349,0.0130302));
#1198=CARTESIAN_POINT('',(-0.0061771970031032,-0.0368730856196201,0.0130302));
#1199=CARTESIAN_POINT('',(-0.00434509119000876,-0.0398561289350974,0.0130302));
#1200=CARTESIAN_POINT('',(-0.00229518707631376,-0.0427557563658939,0.0130302));
#1201=CARTESIAN_POINT('',(0.002063608418125,-0.0444275281528019,0.0130302));
#1202=CARTESIAN_POINT('',(0.00825630840008762,-0.0441093956523703,0.0130302));
#1203=CARTESIAN_POINT('',(0.0121503515679057,-0.0363978544511981,0.0130302));
#1204=CARTESIAN_POINT('',(0.011306664452197,-0.035334661604688,0.0130302));
#1205=CARTESIAN_POINT('',(0.0119027225525999,-0.0167407988947038,0.0130302));
#1206=CARTESIAN_POINT('',(0.0114530971968403,-0.0165730523276784,0.0130302));
#1207=CARTESIAN_POINT('',(0.0169814614113791,-0.0131434211576883,0.0130302));
#1208=CARTESIAN_POINT('',(0.0204717249655969,-0.00720983457804972,0.0130302));
#1209=CARTESIAN_POINT('',(0.0229445434838002,-0.00217278005327503,0.0130302));
#1210=CARTESIAN_POINT('',(0.0233050975198368,0.00695174938907147,0.0130302));
#1211=CARTESIAN_POINT('',(0.0192131218985206,0.0144322860251026,0.0130302));
#1212=CARTESIAN_POINT('',(0.00963180604275486,0.0233232643708282,0.0130302));
#1213=CARTESIAN_POINT('',(-0.00476679058047705,0.0274583311683295,0.0130302));
#1214=CARTESIAN_POINT('',(-0.0149831697777389,0.0285451656165476,0.0130302));
#1215=CARTESIAN_POINT('',(-0.028725106193072,0.0274615736984568,0.0130302));
#1216=CARTESIAN_POINT('',(-0.0409980635952385,0.0224765275676905,0.0130302));
#1217=CARTESIAN_POINT('',(-0.0486633980135103,0.0164252577742817,0.0130302));
#1218=CARTESIAN_POINT('',(-0.0519431848608967,0.0112931678546836,0.0130302));
#1219=CARTESIAN_POINT('',(-0.0540209291398752,0.00761818566454916,0.0130302));
#1220=CARTESIAN_POINT('',(-0.0519335312253903,0.0112279240481013,0.0130302));
#1221=CARTESIAN_POINT('',(-0.0539270799451596,0.0114514854039566,0.));
#1222=CARTESIAN_POINT('',(-0.0560136872557306,0.013314290441292,0.0130302));
#1223=CARTESIAN_POINT('',(-0.0193360874080339,0.0344845424428768,0.0130302));
#1224=CARTESIAN_POINT('',(-0.0203089594049837,0.0344301768294116,0.0130302));
#1225=CARTESIAN_POINT('',(-0.0222932558830623,0.0342785393779884,0.0130302));
#1226=CARTESIAN_POINT('',(-0.0253480753350466,0.0339050516177742,0.0130302));
#1227=CARTESIAN_POINT('',(-0.0279349533555175,0.0334560253367549,0.0130302));
#1228=CARTESIAN_POINT('',(-0.0300104261072991,0.0330002868690568,0.0130302));
#1229=CARTESIAN_POINT('',(-0.0315536099920978,0.0326125764389302,0.0130302));
#1230=CARTESIAN_POINT('',(-0.0330799060136992,0.0321793473581118,0.0130302));
#1231=CARTESIAN_POINT('',(-0.0350788607523077,0.0315463821402466,0.0130302));
#1232=CARTESIAN_POINT('',(-0.0384863792366879,0.0303000974941757,0.0130302));
#1233=CARTESIAN_POINT('',(-0.0421493453466112,0.0285849279308341,0.0130302));
#1234=CARTESIAN_POINT('',(-0.0455148324257908,0.0266238779961012,0.0130302));
#1235=CARTESIAN_POINT('',(-0.0478709287186169,0.0250429216847975,0.0130302));
#1236=CARTESIAN_POINT('',(-0.0496842149579614,0.0236406356646781,0.0130302));
#1237=CARTESIAN_POINT('',(-0.0510383614839817,0.0224704286212432,0.0130302));
#1238=CARTESIAN_POINT('',(-0.052005547370561,0.0215671089356131,0.0130302));
#1239=CARTESIAN_POINT('',(-0.0529237124244695,0.0206352923195071,0.0130302));
#1240=CARTESIAN_POINT('',(-0.0537849036696114,0.0196798206153166,0.0130302));
#1241=CARTESIAN_POINT('',(-0.0545645718635917,0.0187333675664467,0.0130302));
#1242=CARTESIAN_POINT('',(-0.0552669696120118,0.0178096567451808,0.0130302));
#1243=CARTESIAN_POINT('',(-0.0558997721394454,0.0169151323573369,0.0130302));
#1244=CARTESIAN_POINT('',(-0.0563727979825777,0.016203329597893,0.0130302));
#1245=CARTESIAN_POINT('',(-0.0567213797293137,0.0156589730858719,0.0130302));
#1246=CARTESIAN_POINT('',(-0.0569686054043293,0.0152643169155979,0.0130302));
#1247=CARTESIAN_POINT('',(-0.0572024202832069,0.0148841580083424,0.0130302));
#1248=CARTESIAN_POINT('',(-0.0574207349675325,0.0145241309022703,0.0130302));
#1249=CARTESIAN_POINT('',(-0.0576364665414958,0.0141647873174277,0.0130302));
#1250=CARTESIAN_POINT('',(-0.057935651350114,0.0136566615414357,0.0130302));
#1251=CARTESIAN_POINT('',(-0.0583232233608908,0.0129702298992995,0.0130302));
#1252=CARTESIAN_POINT('',(-0.0587961787806912,0.0120450505050779,0.0130302));
#1253=CARTESIAN_POINT('',(-0.059251408291411,0.0110167214685435,0.0130302));
#1254=CARTESIAN_POINT('',(-0.0595959308956431,0.0100764362031154,0.0130302));
#1255=CARTESIAN_POINT('',(-0.0598393023486917,0.00927745775295179,0.0130302));
#1256=CARTESIAN_POINT('',(-0.0599990862026613,0.00867897347553761,0.0130302));
#1257=CARTESIAN_POINT('',(-0.0601394242924953,0.00807713033680108,0.0130302));
#1258=CARTESIAN_POINT('',(-0.0602999762161749,0.00728287241736821,0.0130302));
#1259=CARTESIAN_POINT('',(-0.0604588797714187,0.00630013740324235,0.0130302));
#1260=CARTESIAN_POINT('',(-0.0605962911912451,0.00512394887303593,0.0130302));
#1261=CARTESIAN_POINT('',(-0.0606870966939009,0.00395782889337622,0.0130302));
#1262=CARTESIAN_POINT('',(-0.0607369462301018,0.00280314440767486,0.0130302));
#1263=CARTESIAN_POINT('',(-0.0607495296982433,0.0016683641202831,0.0130302));
#1264=CARTESIAN_POINT('',(-0.060727675897777,0.000551471341412358,0.0130302));
#1265=CARTESIAN_POINT('',(-0.0606492348430791,-0.000941476609160654,0.0130302));
#1266=CARTESIAN_POINT('',(-0.0604888827198299,-0.00243713657757205,0.0130302));
#1267=CARTESIAN_POINT('',(-0.0602364305379446,-0.00393391919961618,0.0130302));
#1268=CARTESIAN_POINT('',(-0.0600386419538947,-0.00487053572904682,0.0130302));
#1269=CARTESIAN_POINT('',(-0.059856767346356,-0.00561700961455258,0.0130302));
#1270=CARTESIAN_POINT('',(-0.05970838095955,-0.00617707485043437,0.0130302));
#1271=CARTESIAN_POINT('',(-0.0595425124054403,-0.00675353450787916,0.0130302));
#1272=CARTESIAN_POINT('',(-0.0592903253267742,-0.0075548242144529,0.0130302));
#1273=CARTESIAN_POINT('',(-0.0589138339843266,-0.0085991501679218,0.0130302));
#1274=CARTESIAN_POINT('',(-0.0583407469718891,-0.00990946896555095,0.0130302));
#1275=CARTESIAN_POINT('',(-0.0576361311759451,-0.0112446028044627,0.0130302));
#1276=CARTESIAN_POINT('',(-0.0567886053671159,-0.0125913259390151,0.0130302));
#1277=CARTESIAN_POINT('',(-0.0559616746030733,-0.0137050723035761,0.0130302));
#1278=CARTESIAN_POINT('',(-0.0552274305928779,-0.0145866528694535,0.0130302));
#1279=CARTESIAN_POINT('',(-0.0546399224082877,-0.0152429305803577,0.0130302));
#1280=CARTESIAN_POINT('',(-0.0540150184050757,-0.0158943753117478,0.0130302));
#1281=CARTESIAN_POINT('',(-0.0533503846950867,-0.0165424619469905,0.0130302));
#1282=CARTESIAN_POINT('',(-0.0526658993143272,-0.0171700084372648,0.0130302));
#1283=CARTESIAN_POINT('',(-0.0517376829345947,-0.0179793552017402,0.0130302));
#1284=CARTESIAN_POINT('',(-0.0505552745719839,-0.0189468322346952,0.0130302));
#1285=CARTESIAN_POINT('',(-0.0486662252813034,-0.020399743093693,0.0130302));
#1286=CARTESIAN_POINT('',(-0.0473207842580169,-0.0213626308103169,0.0130302));
#1287=CARTESIAN_POINT('',(-0.0465266718825303,-0.0219186471025106,0.0130302));
#1288=CARTESIAN_POINT('',(-0.0193360874080339,0.0344845424428768,0.0130302));
#1289=CARTESIAN_POINT('',(-0.0465266718825304,-0.0219186471025106,0.0130302));
#1290=CARTESIAN_POINT('',(-0.0465266718825304,-0.0219186471025106,0.0130302));
#1291=CARTESIAN_POINT('',(-0.0465370775533979,-0.0226471718944256,0.0130302));
#1292=CARTESIAN_POINT('',(-0.0465517279463037,-0.0242531698840701,0.0130302));
#1293=CARTESIAN_POINT('',(-0.0465541159629713,-0.0269281471360361,0.0130302));
#1294=CARTESIAN_POINT('',(-0.0465355300259528,-0.0296796012737444,0.0130302));
#1295=CARTESIAN_POINT('',(-0.0465010832227641,-0.0318778004341512,0.0130302));
#1296=CARTESIAN_POINT('',(-0.0464607884478005,-0.0334897412031087,0.0130302));
#1297=CARTESIAN_POINT('',(-0.0464236498769962,-0.0346064568934178,0.0130302));
#1298=CARTESIAN_POINT('',(-0.0463781852529505,-0.0356177167078891,0.0130302));
#1299=CARTESIAN_POINT('',(-0.0463225178933415,-0.0365165780604524,0.0130302));
#1300=CARTESIAN_POINT('',(-0.0462586724242929,-0.0372192283120426,0.0130302));
#1301=CARTESIAN_POINT('',(-0.0461788446794342,-0.03780604345654,0.0130302));
#1302=CARTESIAN_POINT('',(-0.0460992296268628,-0.0382581323772223,0.0130302));
#1303=CARTESIAN_POINT('',(-0.0460059706210249,-0.0386671705584249,0.0130302));
#1304=CARTESIAN_POINT('',(-0.0459148616876105,-0.0389975880407943,0.0130302));
#1305=CARTESIAN_POINT('',(-0.0458349009789655,-0.0392550197976454,0.0130302));
#1306=CARTESIAN_POINT('',(-0.0457525866689289,-0.039492180666962,0.0130302));
#1307=CARTESIAN_POINT('',(-0.0456818349918028,-0.0396783443790691,0.0130302));
#1308=CARTESIAN_POINT('',(-0.0456248133317929,-0.039819059367222,0.0130302));
#1309=CARTESIAN_POINT('',(-0.045572203748315,-0.0399440728690279,0.0130302));
#1310=CARTESIAN_POINT('',(-0.0455374910888606,-0.0400225636248677,0.0130302));
#1311=CARTESIAN_POINT('',(-0.0455178506003181,-0.0400662253515814,0.0130302));
#1312=CARTESIAN_POINT('',(-0.0455178506003174,-0.0400662253515829,0.0130302));
#1313=CARTESIAN_POINT('',(-0.0455178506003179,-0.0400662253515816,0.0130302));
#1314=CARTESIAN_POINT('',(-0.0454962640211043,-0.0401334860087988,0.0130302));
#1315=CARTESIAN_POINT('',(-0.0454383162612914,-0.040315332304814,0.0130302));
#1316=CARTESIAN_POINT('',(-0.0453139562483517,-0.0406903427981256,0.0130302));
#1317=CARTESIAN_POINT('',(-0.0451494895201288,-0.0411489266484343,0.0130302));
#1318=CARTESIAN_POINT('',(-0.0449396161948458,-0.0416762837040938,0.0130302));
#1319=CARTESIAN_POINT('',(-0.0447190967909653,-0.0421664153336908,0.0130302));
#1320=CARTESIAN_POINT('',(-0.044511818342723,-0.0425810851858182,0.0130302));
#1321=CARTESIAN_POINT('',(-0.0443370821513564,-0.0429068811053318,0.0130302));
#1322=CARTESIAN_POINT('',(-0.0441449311814806,-0.0432388901901606,0.0130302));
#1323=CARTESIAN_POINT('',(-0.0438783721902256,-0.0436678372678745,0.0130302));
#1324=CARTESIAN_POINT('',(-0.0435284350163639,-0.0441768809704793,0.0130302));
#1325=CARTESIAN_POINT('',(-0.0430966009362194,-0.04473709612657,0.0130302));
#1326=CARTESIAN_POINT('',(-0.0426465540941206,-0.0452653938313953,0.0130302));
#1327=CARTESIAN_POINT('',(-0.0421823916733952,-0.0457619179294233,0.0130302));
#1328=CARTESIAN_POINT('',(-0.0415480068655144,-0.0463850053572415,0.0130302));
#1329=CARTESIAN_POINT('',(-0.0407200662923831,-0.0471043002003212,0.0130302));
#1330=CARTESIAN_POINT('',(-0.0398549686372767,-0.0477481161080792,0.0130302));
#1331=CARTESIAN_POINT('',(-0.0391330337091862,-0.0482244078637887,0.0130302));
#1332=CARTESIAN_POINT('',(-0.0383958362362827,-0.0486711305730197,0.0130302));
#1333=CARTESIAN_POINT('',(-0.0374175935572747,-0.0491874654996589,0.0130302));
#1334=CARTESIAN_POINT('',(-0.0363572743466916,-0.04962741730425,0.0130302));
#1335=CARTESIAN_POINT('',(-0.0354636831911258,-0.0499200324424897,0.0130302));
#1336=CARTESIAN_POINT('',(-0.0345379987628147,-0.0501695331571056,0.0130302));
#1337=CARTESIAN_POINT('',(-0.0333430577377664,-0.0503880170797059,0.0130302));
#1338=CARTESIAN_POINT('',(-0.0321171421438238,-0.050473441804354,0.0130302));
#1339=CARTESIAN_POINT('',(-0.0311288764263497,-0.0504596481890527,0.0130302));
#1340=CARTESIAN_POINT('',(-0.0301573570237671,-0.050394429494964,0.0130302));
#1341=CARTESIAN_POINT('',(-0.0289846957366669,-0.0502258756738069,0.0130302));
#1342=CARTESIAN_POINT('',(-0.0276749790280502,-0.0499250160343273,0.0130302));
#1343=CARTESIAN_POINT('',(-0.026423497562008,-0.0495441206200178,0.0130302));
#1344=CARTESIAN_POINT('',(-0.0252313547056394,-0.0490968157288389,0.0130302));
#1345=CARTESIAN_POINT('',(-0.0240911229379575,-0.0485908467400188,0.0130302));
#1346=CARTESIAN_POINT('',(-0.0231809599406189,-0.0481212966851044,0.0130302));
#1347=CARTESIAN_POINT('',(-0.0224830215804479,-0.0477214463770655,0.0130302));
#1348=CARTESIAN_POINT('',(-0.0219224478333017,-0.0473745359016858,0.0130302));
#1349=CARTESIAN_POINT('',(-0.0213210624617208,-0.0469623439115267,0.0130302));
#1350=CARTESIAN_POINT('',(-0.0206944730064702,-0.046476835925572,0.0130302));
#1351=CARTESIAN_POINT('',(-0.0200575631079913,-0.0459096587700288,0.0130302));
#1352=CARTESIAN_POINT('',(-0.0194310776404621,-0.0452582594996067,0.0130302));
#1353=CARTESIAN_POINT('',(-0.018836748613325,-0.0445270702992372,0.0130302));
#1354=CARTESIAN_POINT('',(-0.0182982231225399,-0.0437339831307356,0.0130302));
#1355=CARTESIAN_POINT('',(-0.0178237883382485,-0.0428884614550601,0.0130302));
#1356=CARTESIAN_POINT('',(-0.0174223333390943,-0.0420120386730052,0.0130302));
#1357=CARTESIAN_POINT('',(-0.0170912803553511,-0.0411150708960795,0.0130302));
#1358=CARTESIAN_POINT('',(-0.0168249724256016,-0.0402076556803357,0.0130302));
#1359=CARTESIAN_POINT('',(-0.0166134472400075,-0.039278248003125,0.0130302));
#1360=CARTESIAN_POINT('',(-0.0164538696248267,-0.0383436960102284,0.0130302));
#1361=CARTESIAN_POINT('',(-0.0163367377033886,-0.0374095460659457,0.0130302));
#1362=CARTESIAN_POINT('',(-0.0162540341979542,-0.0364836764565228,0.0130302));
#1363=CARTESIAN_POINT('',(-0.0161964527212147,-0.035558316156867,0.0130302));
#1364=CARTESIAN_POINT('',(-0.0161466863431165,-0.0343178909269536,0.0130302));
#1365=CARTESIAN_POINT('',(-0.0161259371033123,-0.0327678805145536,0.0130302));
#1366=CARTESIAN_POINT('',(-0.0161379470202325,-0.0315483559022312,0.0130302));
#1367=CARTESIAN_POINT('',(-0.0161481278583042,-0.0309533159496931,0.0130302));
#1368=CARTESIAN_POINT('',(-0.0161481278583042,-0.0309533159496931,0.0130302));
#1369=CARTESIAN_POINT('',(-0.016373360821586,0.0126980668307162,0.0130302));
#1370=CARTESIAN_POINT('',(-0.0120441249480957,-0.0307391203886853,0.0130302));
#1371=CARTESIAN_POINT('',(-0.0120441249480957,-0.0307391203886853,0.0130302));
#1372=CARTESIAN_POINT('',(-0.0120587869707973,-0.0314467890950434,0.0130302));
#1373=CARTESIAN_POINT('',(-0.0120769415001185,-0.0325484761817733,0.0130302));
#1374=CARTESIAN_POINT('',(-0.0120714151908337,-0.034025887696605,0.0130302));
#1375=CARTESIAN_POINT('',(-0.0120494770813311,-0.034949035386719,0.0130302));
#1376=CARTESIAN_POINT('',(-0.012016096552859,-0.03568411918709,0.0130302));
#1377=CARTESIAN_POINT('',(-0.0119817303829946,-0.0362345003124129,0.0130302));
#1378=CARTESIAN_POINT('',(-0.0119352546498612,-0.0367910679633949,0.0130302));
#1379=CARTESIAN_POINT('',(-0.0118731341878315,-0.037355521880475,0.0130302));
#1380=CARTESIAN_POINT('',(-0.011793466362032,-0.0379181990592449,0.0130302));
#1381=CARTESIAN_POINT('',(-0.0116634213549501,-0.0386532273532778,0.0130302));
#1382=CARTESIAN_POINT('',(-0.0114535939768806,-0.039547984113654,0.0130302));
#1383=CARTESIAN_POINT('',(-0.0111779321224001,-0.040400987150467,0.0130302));
#1384=CARTESIAN_POINT('',(-0.0109232296048269,-0.0410459989114327,0.0130302));
#1385=CARTESIAN_POINT('',(-0.010654784680097,-0.0416513483420674,0.0130302));
#1386=CARTESIAN_POINT('',(-0.0103705807989287,-0.042199472642482,0.0130302));
#1387=CARTESIAN_POINT('',(-0.0100986168306446,-0.042669250556716,0.0130302));
#1388=CARTESIAN_POINT('',(-0.00990567061136029,-0.0429835115101449,0.0130302));
#1389=CARTESIAN_POINT('',(-0.00972963085246608,-0.0432577762535789,0.0130302));
#1390=CARTESIAN_POINT('',(-0.00957584486772558,-0.0434908180897273,0.0130302));
#1391=CARTESIAN_POINT('',(-0.00943612977264195,-0.0436999150568549,0.0130302));
#1392=CARTESIAN_POINT('',(-0.00927737739477678,-0.0439344911828801,0.0130302));
#1393=CARTESIAN_POINT('',(-0.00910332372125753,-0.0441858932946122,0.0130302));
#1394=CARTESIAN_POINT('',(-0.0088497236723565,-0.0445419726215123,0.0130302));
#1395=CARTESIAN_POINT('',(-0.00848955202422734,-0.0450230899649681,0.0130302));
#1396=CARTESIAN_POINT('',(-0.00797911465519743,-0.0456451634574235,0.0130302));
#1397=CARTESIAN_POINT('',(-0.00737936176633063,-0.0462974465660559,0.0130302));
#1398=CARTESIAN_POINT('',(-0.00679932742602718,-0.046849323107678,0.0130302));
#1399=CARTESIAN_POINT('',(-0.00627905968250617,-0.0472886584555285,0.0130302));
#1400=CARTESIAN_POINT('',(-0.00586602855928942,-0.0476092086052991,0.0130302));
#1401=CARTESIAN_POINT('',(-0.00543989156389956,-0.0479123606885672,0.0130302));
#1402=CARTESIAN_POINT('',(-0.00487005325871724,-0.0482845552002231,0.0130302));
#1403=CARTESIAN_POINT('',(-0.00414165373666422,-0.0487032936577653,0.0130302));
#1404=CARTESIAN_POINT('',(-0.00325452079885577,-0.0491335257112487,0.0130302));
#1405=CARTESIAN_POINT('',(-0.00235481220711758,-0.0495002749359097,0.0130302));
#1406=CARTESIAN_POINT('',(-0.00144357139077997,-0.0498085761093102,0.0130302));
#1407=CARTESIAN_POINT('',(-0.000525028439588522,-0.0500623665257333,0.0130302));
#1408=CARTESIAN_POINT('',(0.00040449013071287,-0.0502655160271589,0.0130302));
#1409=CARTESIAN_POINT('',(0.00133390554207403,-0.0504202333110036,0.0130302));
#1410=CARTESIAN_POINT('',(0.00232953133647116,-0.0505330067725429,0.0130302));
#1411=CARTESIAN_POINT('',(0.00375526341803056,-0.0506054622740282,0.0130302));
#1412=CARTESIAN_POINT('',(0.00532905447282539,-0.0505208576286526,0.0130302));
#1413=CARTESIAN_POINT('',(0.00700742858524735,-0.0501874620514083,0.0130302));
#1414=CARTESIAN_POINT('',(0.008302645595506,-0.0497890189984386,0.0130302));
#1415=CARTESIAN_POINT('',(0.00960272894686839,-0.0492244976631318,0.0130302));
#1416=CARTESIAN_POINT('',(0.0106599183077574,-0.0486102450014277,0.0130302));
#1417=CARTESIAN_POINT('',(0.0114744053837375,-0.048033024650865,0.0130302));
#1418=CARTESIAN_POINT('',(0.0122558086109142,-0.0474050154409653,0.0130302));
#1419=CARTESIAN_POINT('',(0.0130953347809794,-0.0466054904900428,0.0130302));
#1420=CARTESIAN_POINT('',(0.0139591219722375,-0.0456323047824264,0.0130302));
#1421=CARTESIAN_POINT('',(0.0147079520695511,-0.0446610347854259,0.0130302));
#1422=CARTESIAN_POINT('',(0.0153654843693249,-0.0436989300607564,0.0130302));
#1423=CARTESIAN_POINT('',(0.0159441112404426,-0.0427548176659569,0.0130302));
#1424=CARTESIAN_POINT('',(0.0164516149575534,-0.041837278257952,0.0130302));
#1425=CARTESIAN_POINT('',(0.0168939230037248,-0.0409503609330521,0.0130302));
#1426=CARTESIAN_POINT('',(0.0172103323342322,-0.0402412975274584,0.0130302));
#1427=CARTESIAN_POINT('',(0.0174383855313692,-0.0396757438561149,0.0130302));
#1428=CARTESIAN_POINT('',(0.0175696094827137,-0.0393223187615128,0.0130302));
#1429=CARTESIAN_POINT('',(0.0176700041497044,-0.0390304391576881,0.0130302));
#1430=CARTESIAN_POINT('',(0.0177662072816033,-0.0387336626686959,0.0130302));
#1431=CARTESIAN_POINT('',(0.017861099818004,-0.0384088982493508,0.0130302));
#1432=CARTESIAN_POINT('',(0.0179492187895015,-0.0380537056153055,0.0130302));
#1433=CARTESIAN_POINT('',(0.0180110975340455,-0.0377680828276917,0.0130302));
#1434=CARTESIAN_POINT('',(0.018066003491343,-0.0374646111223058,0.0130302));
#1435=CARTESIAN_POINT('',(0.0181102869278876,-0.0371587862553112,0.0130302));
#1436=CARTESIAN_POINT('',(0.0181444791161342,-0.0368387930316577,0.0130302));
#1437=CARTESIAN_POINT('',(0.0181653927703251,-0.036533992035987,0.0130302));
#1438=CARTESIAN_POINT('',(0.0181754591158786,-0.0362393526433902,0.0130302));
#1439=CARTESIAN_POINT('',(0.0181756205761955,-0.0358715879670015,0.0130302));
#1440=CARTESIAN_POINT('',(0.0181620351263794,-0.0355656816640424,0.0130302));
#1441=CARTESIAN_POINT('',(0.0181441154799866,-0.0353115322710376,0.0130302));
#1442=CARTESIAN_POINT('',(0.0181308720764247,-0.0351545144281674,0.0130302));
#1443=CARTESIAN_POINT('',(0.0181179917687764,-0.0350157035357256,0.0130302));
#1444=CARTESIAN_POINT('',(0.0181027730655978,-0.0348601670041043,0.0130302));
#1445=CARTESIAN_POINT('',(0.0180866503868574,-0.03469692969138,0.0130302));
#1446=CARTESIAN_POINT('',(0.0180705913617517,-0.0345194333732467,0.0130302));
#1447=CARTESIAN_POINT('',(0.0180561343082356,-0.0343304528613989,0.0130302));
#1448=CARTESIAN_POINT('',(0.0180428898853471,-0.0341032679249367,0.0130302));
#1449=CARTESIAN_POINT('',(0.0180299979021618,-0.0337930091410603,0.0130302));
#1450=CARTESIAN_POINT('',(0.0180187675836935,-0.0334069983484821,0.0130302));
#1451=CARTESIAN_POINT('',(0.0180069018307255,-0.0328145696260577,0.0130302));
#1452=CARTESIAN_POINT('',(0.0179981946245238,-0.0319437090717326,0.0130302));
#1453=CARTESIAN_POINT('',(0.0179969982956584,-0.0307433094128493,0.0130302));
#1454=CARTESIAN_POINT('',(0.0180035203498208,-0.0294260633728478,0.0130302));
#1455=CARTESIAN_POINT('',(0.0180202176731509,-0.0275620869694002,0.0130302));
#1456=CARTESIAN_POINT('',(0.0180515462977549,-0.0251141790126795,0.0130302));
#1457=CARTESIAN_POINT('',(0.0180909920802743,-0.0222444358433753,0.0130302));
#1458=CARTESIAN_POINT('',(0.0181085537753744,-0.0205383290555562,0.0130302));
#1459=CARTESIAN_POINT('',(0.0181125231425883,-0.0197717675164594,0.0130302));
#1460=CARTESIAN_POINT('',(0.0181125231425883,-0.0197717675164595,0.0130302));
#1461=CARTESIAN_POINT('',(0.0181125231425882,-0.0197717675164595,0.0130302));
#1462=CARTESIAN_POINT('',(0.0182835530270183,-0.019641232153071,0.0130302));
#1463=CARTESIAN_POINT('',(0.0186342385648655,-0.0193693860804055,0.0130302));
#1464=CARTESIAN_POINT('',(0.019178561675655,-0.0189309412050084,0.0130302));
#1465=CARTESIAN_POINT('',(0.0197389688727129,-0.0184583603275788,0.0130302));
#1466=CARTESIAN_POINT('',(0.0203116396508097,-0.017947216739465,0.0130302));
#1467=CARTESIAN_POINT('',(0.020877215691499,-0.0174076976501196,0.0130302));
#1468=CARTESIAN_POINT('',(0.021409238804341,-0.0168640832248337,0.0130302));
#1469=CARTESIAN_POINT('',(0.0219107434633174,-0.0163180364686245,0.0130302));
#1470=CARTESIAN_POINT('',(0.0225420868116546,-0.0155869311937085,0.0130302));
#1471=CARTESIAN_POINT('',(0.0232610166550341,-0.0146758045939863,0.0130302));
#1472=CARTESIAN_POINT('',(0.0240218829854684,-0.0136028525362485,0.0130302));
#1473=CARTESIAN_POINT('',(0.0246909372116057,-0.0125663553738302,0.0130302));
#1474=CARTESIAN_POINT('',(0.0251815852681209,-0.0117442997231467,0.0130302));
#1475=CARTESIAN_POINT('',(0.0255389963452828,-0.0111177775631112,0.0130302));
#1476=CARTESIAN_POINT('',(0.0257883154147325,-0.0106697312201398,0.0130302));
#1477=CARTESIAN_POINT('',(0.0260222030571415,-0.0102424252149387,0.0130302));
#1478=CARTESIAN_POINT('',(0.0262519322742984,-0.00981541138127981,0.0130302));
#1479=CARTESIAN_POINT('',(0.0264787054489755,-0.00938591087412941,0.0130302));
#1480=CARTESIAN_POINT('',(0.0267870807511201,-0.00878683206526732,0.0130302));
#1481=CARTESIAN_POINT('',(0.0271742955528542,-0.00799396902952528,0.0130302));
#1482=CARTESIAN_POINT('',(0.0276262227842522,-0.00696605271252847,0.0130302));
#1483=CARTESIAN_POINT('',(0.0280498408580891,-0.00585824117924041,0.0130302));
#1484=CARTESIAN_POINT('',(0.0284300982573276,-0.00466873590188614,0.0130302));
#1485=CARTESIAN_POINT('',(0.0287525955014599,-0.00340424873074474,0.0130302));
#1486=CARTESIAN_POINT('',(0.029007745423762,-0.00208992090724498,0.0130302));
#1487=CARTESIAN_POINT('',(0.0291961942370314,-0.000747958034676508,0.0130302));
#1488=CARTESIAN_POINT('',(0.0293219221814816,0.00062898908925176,0.0130302));
#1489=CARTESIAN_POINT('',(0.0293827279748256,0.00203504889126443,0.0130302));
#1490=CARTESIAN_POINT('',(0.0293760244320634,0.00346247879799,0.0130302));
#1491=CARTESIAN_POINT('',(0.0292958534136086,0.00491469929998098,0.0130302));
#1492=CARTESIAN_POINT('',(0.029132259571489,0.00638488377367358,0.0130302));
#1493=CARTESIAN_POINT('',(0.0289196601473263,0.00761142656945066,0.0130302));
#1494=CARTESIAN_POINT('',(0.0286991735088699,0.00859001203884501,0.0130302));
#1495=CARTESIAN_POINT('',(0.0284431466383251,0.00956372213215565,0.0130302));
#1496=CARTESIAN_POINT('',(0.028063436904248,0.0107447970007617,0.0130302));
#1497=CARTESIAN_POINT('',(0.0275182416454901,0.0121079768569146,0.0130302));
#1498=CARTESIAN_POINT('',(0.0266841457498095,0.0138487702708814,0.0130302));
#1499=CARTESIAN_POINT('',(0.0257075271662931,0.0154755585700026,0.0130302));
#1500=CARTESIAN_POINT('',(0.0246291794724285,0.0170002786232317,0.0130302));
#1501=CARTESIAN_POINT('',(0.0237785178992355,0.0181005203125473,0.0130302));
#1502=CARTESIAN_POINT('',(0.0228705418522107,0.0191903016503477,0.0130302));
#1503=CARTESIAN_POINT('',(0.0218947820335684,0.0202777946831285,0.0130302));
#1504=CARTESIAN_POINT('',(0.0208538549077637,0.021355570806789,0.0130302));
#1505=CARTESIAN_POINT('',(0.019378667709401,0.0227736196915353,0.0130302));
#1506=CARTESIAN_POINT('',(0.017772494753272,0.0241523849055961,0.0130302));
#1507=CARTESIAN_POINT('',(0.0160362025365415,0.0254678394846309,0.0130302));
#1508=CARTESIAN_POINT('',(0.014668890079692,0.0264165697873075,0.0130302));
#1509=CARTESIAN_POINT('',(0.0132340472824725,0.0273218267740437,0.0130302));
#1510=CARTESIAN_POINT('',(0.0117343624667455,0.0281733171995951,0.0130302));
#1511=CARTESIAN_POINT('',(0.0102033780051173,0.0289522843774374,0.0130302));
#1512=CARTESIAN_POINT('',(0.00815085965673471,0.0298929443699235,0.0130302));
#1513=CARTESIAN_POINT('',(0.005564225892056,0.0309097782363826,0.0130302));
#1514=CARTESIAN_POINT('',(0.00300507613128334,0.0317415924521089,0.0130302));
#1515=CARTESIAN_POINT('',(0.00100093997792941,0.0323117292816053,0.0130302));
#1516=CARTESIAN_POINT('',(-0.000473547290662161,0.0326944832614693,0.0130302));
#1517=CARTESIAN_POINT('',(-0.00191002005155218,0.0330349392619094,0.0130302));
#1518=CARTESIAN_POINT('',(-0.00375778004104596,0.0334361328623843,0.0130302));
#1519=CARTESIAN_POINT('',(-0.00597512618370136,0.033852736445611,0.0130302));
#1520=CARTESIAN_POINT('',(-0.00857037721954255,0.0342263623314734,0.0130302));
#1521=CARTESIAN_POINT('',(-0.0111535808992398,0.0344712401653099,0.0130302));
#1522=CARTESIAN_POINT('',(-0.0133313449500907,0.0345726292674046,0.0130302));
#1523=CARTESIAN_POINT('',(-0.0151111896530406,0.0345978546316641,0.0130302));
#1524=CARTESIAN_POINT('',(-0.0169383245097914,0.0345881366592682,0.0130302));
#1525=CARTESIAN_POINT('',(-0.0183657388067544,0.0345387670450332,0.0130302));
#1526=CARTESIAN_POINT('',(-0.0193360874080339,0.0344845424428768,0.0130302));
#1527=CARTESIAN_POINT('',(-0.0560136872557306,0.013314290441292,0.01143));
#1528=CARTESIAN_POINT('',(-0.0193360874080339,0.0344845424428768,0.01143));
#1529=CARTESIAN_POINT('',(-0.0203089594049837,0.0344301768294116,0.01143));
#1530=CARTESIAN_POINT('',(-0.0222932558830623,0.0342785393779884,0.01143));
#1531=CARTESIAN_POINT('',(-0.0253480753350466,0.0339050516177742,0.01143));
#1532=CARTESIAN_POINT('',(-0.0279349533555175,0.0334560253367549,0.01143));
#1533=CARTESIAN_POINT('',(-0.0300104261072991,0.0330002868690568,0.01143));
#1534=CARTESIAN_POINT('',(-0.0315536099920978,0.0326125764389302,0.01143));
#1535=CARTESIAN_POINT('',(-0.0330799060136992,0.0321793473581118,0.01143));
#1536=CARTESIAN_POINT('',(-0.0350788607523077,0.0315463821402466,0.01143));
#1537=CARTESIAN_POINT('',(-0.0384863792366879,0.0303000974941757,0.01143));
#1538=CARTESIAN_POINT('',(-0.0421493453466112,0.0285849279308341,0.01143));
#1539=CARTESIAN_POINT('',(-0.0455148324257908,0.0266238779961012,0.01143));
#1540=CARTESIAN_POINT('',(-0.0478709287186169,0.0250429216847975,0.01143));
#1541=CARTESIAN_POINT('',(-0.0496842149579614,0.0236406356646781,0.01143));
#1542=CARTESIAN_POINT('',(-0.0510383614839817,0.0224704286212432,0.01143));
#1543=CARTESIAN_POINT('',(-0.052005547370561,0.0215671089356131,0.01143));
#1544=CARTESIAN_POINT('',(-0.0529237124244695,0.0206352923195071,0.01143));
#1545=CARTESIAN_POINT('',(-0.0537849036696114,0.0196798206153166,0.01143));
#1546=CARTESIAN_POINT('',(-0.0545645718635917,0.0187333675664467,0.01143));
#1547=CARTESIAN_POINT('',(-0.0552669696120118,0.0178096567451808,0.01143));
#1548=CARTESIAN_POINT('',(-0.0558997721394454,0.0169151323573369,0.01143));
#1549=CARTESIAN_POINT('',(-0.0563727979825777,0.016203329597893,0.01143));
#1550=CARTESIAN_POINT('',(-0.0567213797293137,0.0156589730858719,0.01143));
#1551=CARTESIAN_POINT('',(-0.0569686054043293,0.0152643169155979,0.01143));
#1552=CARTESIAN_POINT('',(-0.0572024202832069,0.0148841580083424,0.01143));
#1553=CARTESIAN_POINT('',(-0.0574207349675325,0.0145241309022703,0.01143));
#1554=CARTESIAN_POINT('',(-0.0576364665414958,0.0141647873174277,0.01143));
#1555=CARTESIAN_POINT('',(-0.057935651350114,0.0136566615414357,0.01143));
#1556=CARTESIAN_POINT('',(-0.0583232233608908,0.0129702298992995,0.01143));
#1557=CARTESIAN_POINT('',(-0.0587961787806912,0.0120450505050779,0.01143));
#1558=CARTESIAN_POINT('',(-0.059251408291411,0.0110167214685435,0.01143));
#1559=CARTESIAN_POINT('',(-0.0595959308956431,0.0100764362031154,0.01143));
#1560=CARTESIAN_POINT('',(-0.0598393023486917,0.00927745775295179,0.01143));
#1561=CARTESIAN_POINT('',(-0.0599990862026613,0.00867897347553761,0.01143));
#1562=CARTESIAN_POINT('',(-0.0601394242924953,0.00807713033680108,0.01143));
#1563=CARTESIAN_POINT('',(-0.0602999762161749,0.00728287241736821,0.01143));
#1564=CARTESIAN_POINT('',(-0.0604588797714187,0.00630013740324235,0.01143));
#1565=CARTESIAN_POINT('',(-0.0605962911912451,0.00512394887303593,0.01143));
#1566=CARTESIAN_POINT('',(-0.0606870966939009,0.00395782889337622,0.01143));
#1567=CARTESIAN_POINT('',(-0.0607369462301018,0.00280314440767486,0.01143));
#1568=CARTESIAN_POINT('',(-0.0607495296982433,0.0016683641202831,0.01143));
#1569=CARTESIAN_POINT('',(-0.060727675897777,0.000551471341412358,0.01143));
#1570=CARTESIAN_POINT('',(-0.0606492348430791,-0.000941476609160654,0.01143));
#1571=CARTESIAN_POINT('',(-0.0604888827198299,-0.00243713657757205,0.01143));
#1572=CARTESIAN_POINT('',(-0.0602364305379446,-0.00393391919961618,0.01143));
#1573=CARTESIAN_POINT('',(-0.0600386419538947,-0.00487053572904682,0.01143));
#1574=CARTESIAN_POINT('',(-0.059856767346356,-0.00561700961455258,0.01143));
#1575=CARTESIAN_POINT('',(-0.05970838095955,-0.00617707485043437,0.01143));
#1576=CARTESIAN_POINT('',(-0.0595425124054403,-0.00675353450787916,0.01143));
#1577=CARTESIAN_POINT('',(-0.0592903253267742,-0.0075548242144529,0.01143));
#1578=CARTESIAN_POINT('',(-0.0589138339843266,-0.0085991501679218,0.01143));
#1579=CARTESIAN_POINT('',(-0.0583407469718891,-0.00990946896555095,0.01143));
#1580=CARTESIAN_POINT('',(-0.0576361311759451,-0.0112446028044627,0.01143));
#1581=CARTESIAN_POINT('',(-0.0567886053671159,-0.0125913259390151,0.01143));
#1582=CARTESIAN_POINT('',(-0.0559616746030733,-0.0137050723035761,0.01143));
#1583=CARTESIAN_POINT('',(-0.0552274305928779,-0.0145866528694535,0.01143));
#1584=CARTESIAN_POINT('',(-0.0546399224082877,-0.0152429305803577,0.01143));
#1585=CARTESIAN_POINT('',(-0.0540150184050757,-0.0158943753117478,0.01143));
#1586=CARTESIAN_POINT('',(-0.0533503846950867,-0.0165424619469905,0.01143));
#1587=CARTESIAN_POINT('',(-0.0526658993143272,-0.0171700084372648,0.01143));
#1588=CARTESIAN_POINT('',(-0.0517376829345947,-0.0179793552017402,0.01143));
#1589=CARTESIAN_POINT('',(-0.0505552745719839,-0.0189468322346952,0.01143));
#1590=CARTESIAN_POINT('',(-0.0486662252813034,-0.020399743093693,0.01143));
#1591=CARTESIAN_POINT('',(-0.0473207842580169,-0.0213626308103169,0.01143));
#1592=CARTESIAN_POINT('',(-0.0465266718825303,-0.0219186471025106,0.01143));
#1593=CARTESIAN_POINT('',(-0.0193360874080339,0.0344845424428768,0.01143));
#1594=CARTESIAN_POINT('',(-0.0465266718825304,-0.0219186471025106,0.01143));
#1595=CARTESIAN_POINT('',(0.0181125231425882,-0.0197717675164595,0.01143));
#1596=CARTESIAN_POINT('',(0.0182835530270183,-0.019641232153071,0.01143));
#1597=CARTESIAN_POINT('',(0.0186342385648655,-0.0193693860804055,0.01143));
#1598=CARTESIAN_POINT('',(0.019178561675655,-0.0189309412050084,0.01143));
#1599=CARTESIAN_POINT('',(0.0197389688727129,-0.0184583603275788,0.01143));
#1600=CARTESIAN_POINT('',(0.0203116396508097,-0.017947216739465,0.01143));
#1601=CARTESIAN_POINT('',(0.020877215691499,-0.0174076976501196,0.01143));
#1602=CARTESIAN_POINT('',(0.021409238804341,-0.0168640832248337,0.01143));
#1603=CARTESIAN_POINT('',(0.0219107434633174,-0.0163180364686245,0.01143));
#1604=CARTESIAN_POINT('',(0.0225420868116546,-0.0155869311937085,0.01143));
#1605=CARTESIAN_POINT('',(0.0232610166550341,-0.0146758045939863,0.01143));
#1606=CARTESIAN_POINT('',(0.0240218829854684,-0.0136028525362485,0.01143));
#1607=CARTESIAN_POINT('',(0.0246909372116057,-0.0125663553738302,0.01143));
#1608=CARTESIAN_POINT('',(0.0251815852681209,-0.0117442997231467,0.01143));
#1609=CARTESIAN_POINT('',(0.0255389963452828,-0.0111177775631112,0.01143));
#1610=CARTESIAN_POINT('',(0.0257883154147325,-0.0106697312201398,0.01143));
#1611=CARTESIAN_POINT('',(0.0260222030571415,-0.0102424252149387,0.01143));
#1612=CARTESIAN_POINT('',(0.0262519322742984,-0.00981541138127981,0.01143));
#1613=CARTESIAN_POINT('',(0.0264787054489755,-0.00938591087412941,0.01143));
#1614=CARTESIAN_POINT('',(0.0267870807511201,-0.00878683206526732,0.01143));
#1615=CARTESIAN_POINT('',(0.0271742955528542,-0.00799396902952528,0.01143));
#1616=CARTESIAN_POINT('',(0.0276262227842522,-0.00696605271252847,0.01143));
#1617=CARTESIAN_POINT('',(0.0280498408580891,-0.00585824117924041,0.01143));
#1618=CARTESIAN_POINT('',(0.0284300982573276,-0.00466873590188614,0.01143));
#1619=CARTESIAN_POINT('',(0.0287525955014599,-0.00340424873074474,0.01143));
#1620=CARTESIAN_POINT('',(0.029007745423762,-0.00208992090724498,0.01143));
#1621=CARTESIAN_POINT('',(0.0291961942370314,-0.000747958034676508,0.01143));
#1622=CARTESIAN_POINT('',(0.0293219221814816,0.00062898908925176,0.01143));
#1623=CARTESIAN_POINT('',(0.0293827279748256,0.00203504889126443,0.01143));
#1624=CARTESIAN_POINT('',(0.0293760244320634,0.00346247879799,0.01143));
#1625=CARTESIAN_POINT('',(0.0292958534136086,0.00491469929998098,0.01143));
#1626=CARTESIAN_POINT('',(0.029132259571489,0.00638488377367358,0.01143));
#1627=CARTESIAN_POINT('',(0.0289196601473263,0.00761142656945066,0.01143));
#1628=CARTESIAN_POINT('',(0.0286991735088699,0.00859001203884501,0.01143));
#1629=CARTESIAN_POINT('',(0.0284431466383251,0.00956372213215565,0.01143));
#1630=CARTESIAN_POINT('',(0.028063436904248,0.0107447970007617,0.01143));
#1631=CARTESIAN_POINT('',(0.0275182416454901,0.0121079768569146,0.01143));
#1632=CARTESIAN_POINT('',(0.0266841457498095,0.0138487702708814,0.01143));
#1633=CARTESIAN_POINT('',(0.0257075271662931,0.0154755585700026,0.01143));
#1634=CARTESIAN_POINT('',(0.0246291794724285,0.0170002786232317,0.01143));
#1635=CARTESIAN_POINT('',(0.0237785178992355,0.0181005203125473,0.01143));
#1636=CARTESIAN_POINT('',(0.0228705418522107,0.0191903016503477,0.01143));
#1637=CARTESIAN_POINT('',(0.0218947820335684,0.0202777946831285,0.01143));
#1638=CARTESIAN_POINT('',(0.0208538549077637,0.021355570806789,0.01143));
#1639=CARTESIAN_POINT('',(0.019378667709401,0.0227736196915353,0.01143));
#1640=CARTESIAN_POINT('',(0.017772494753272,0.0241523849055961,0.01143));
#1641=CARTESIAN_POINT('',(0.0160362025365415,0.0254678394846309,0.01143));
#1642=CARTESIAN_POINT('',(0.014668890079692,0.0264165697873075,0.01143));
#1643=CARTESIAN_POINT('',(0.0132340472824725,0.0273218267740437,0.01143));
#1644=CARTESIAN_POINT('',(0.0117343624667455,0.0281733171995951,0.01143));
#1645=CARTESIAN_POINT('',(0.0102033780051173,0.0289522843774374,0.01143));
#1646=CARTESIAN_POINT('',(0.00815085965673471,0.0298929443699235,0.01143));
#1647=CARTESIAN_POINT('',(0.005564225892056,0.0309097782363826,0.01143));
#1648=CARTESIAN_POINT('',(0.00300507613128334,0.0317415924521089,0.01143));
#1649=CARTESIAN_POINT('',(0.00100093997792941,0.0323117292816053,0.01143));
#1650=CARTESIAN_POINT('',(-0.000473547290662161,0.0326944832614693,0.01143));
#1651=CARTESIAN_POINT('',(-0.00191002005155218,0.0330349392619094,0.01143));
#1652=CARTESIAN_POINT('',(-0.00375778004104596,0.0334361328623843,0.01143));
#1653=CARTESIAN_POINT('',(-0.00597512618370136,0.033852736445611,0.01143));
#1654=CARTESIAN_POINT('',(-0.00857037721954255,0.0342263623314734,0.01143));
#1655=CARTESIAN_POINT('',(-0.0111535808992398,0.0344712401653099,0.01143));
#1656=CARTESIAN_POINT('',(-0.0133313449500907,0.0345726292674046,0.01143));
#1657=CARTESIAN_POINT('',(-0.0151111896530406,0.0345978546316641,0.01143));
#1658=CARTESIAN_POINT('',(-0.0169383245097914,0.0345881366592682,0.01143));
#1659=CARTESIAN_POINT('',(-0.0183657388067544,0.0345387670450332,0.01143));
#1660=CARTESIAN_POINT('',(-0.0193360874080339,0.0344845424428768,0.01143));
#1661=CARTESIAN_POINT('',(0.0181125231425883,-0.0197717675164595,0.01143));
#1662=CARTESIAN_POINT('',(-0.0120441249480957,-0.0307391203886853,0.01143));
#1663=CARTESIAN_POINT('',(-0.0120587869707973,-0.0314467890950434,0.01143));
#1664=CARTESIAN_POINT('',(-0.0120769415001185,-0.0325484761817733,0.01143));
#1665=CARTESIAN_POINT('',(-0.0120714151908337,-0.034025887696605,0.01143));
#1666=CARTESIAN_POINT('',(-0.0120494770813311,-0.034949035386719,0.01143));
#1667=CARTESIAN_POINT('',(-0.012016096552859,-0.03568411918709,0.01143));
#1668=CARTESIAN_POINT('',(-0.0119817303829946,-0.0362345003124129,0.01143));
#1669=CARTESIAN_POINT('',(-0.0119352546498612,-0.0367910679633949,0.01143));
#1670=CARTESIAN_POINT('',(-0.0118731341878315,-0.037355521880475,0.01143));
#1671=CARTESIAN_POINT('',(-0.011793466362032,-0.0379181990592449,0.01143));
#1672=CARTESIAN_POINT('',(-0.0116634213549501,-0.0386532273532778,0.01143));
#1673=CARTESIAN_POINT('',(-0.0114535939768806,-0.039547984113654,0.01143));
#1674=CARTESIAN_POINT('',(-0.0111779321224001,-0.040400987150467,0.01143));
#1675=CARTESIAN_POINT('',(-0.0109232296048269,-0.0410459989114327,0.01143));
#1676=CARTESIAN_POINT('',(-0.010654784680097,-0.0416513483420674,0.01143));
#1677=CARTESIAN_POINT('',(-0.0103705807989287,-0.042199472642482,0.01143));
#1678=CARTESIAN_POINT('',(-0.0100986168306446,-0.042669250556716,0.01143));
#1679=CARTESIAN_POINT('',(-0.00990567061136029,-0.0429835115101449,0.01143));
#1680=CARTESIAN_POINT('',(-0.00972963085246608,-0.0432577762535789,0.01143));
#1681=CARTESIAN_POINT('',(-0.00957584486772558,-0.0434908180897273,0.01143));
#1682=CARTESIAN_POINT('',(-0.00943612977264195,-0.0436999150568549,0.01143));
#1683=CARTESIAN_POINT('',(-0.00927737739477678,-0.0439344911828801,0.01143));
#1684=CARTESIAN_POINT('',(-0.00910332372125753,-0.0441858932946122,0.01143));
#1685=CARTESIAN_POINT('',(-0.0088497236723565,-0.0445419726215123,0.01143));
#1686=CARTESIAN_POINT('',(-0.00848955202422734,-0.0450230899649681,0.01143));
#1687=CARTESIAN_POINT('',(-0.00797911465519743,-0.0456451634574235,0.01143));
#1688=CARTESIAN_POINT('',(-0.00737936176633063,-0.0462974465660559,0.01143));
#1689=CARTESIAN_POINT('',(-0.00679932742602718,-0.046849323107678,0.01143));
#1690=CARTESIAN_POINT('',(-0.00627905968250617,-0.0472886584555285,0.01143));
#1691=CARTESIAN_POINT('',(-0.00586602855928942,-0.0476092086052991,0.01143));
#1692=CARTESIAN_POINT('',(-0.00543989156389956,-0.0479123606885672,0.01143));
#1693=CARTESIAN_POINT('',(-0.00487005325871724,-0.0482845552002231,0.01143));
#1694=CARTESIAN_POINT('',(-0.00414165373666422,-0.0487032936577653,0.01143));
#1695=CARTESIAN_POINT('',(-0.00325452079885577,-0.0491335257112487,0.01143));
#1696=CARTESIAN_POINT('',(-0.00235481220711758,-0.0495002749359097,0.01143));
#1697=CARTESIAN_POINT('',(-0.00144357139077997,-0.0498085761093102,0.01143));
#1698=CARTESIAN_POINT('',(-0.000525028439588522,-0.0500623665257333,0.01143));
#1699=CARTESIAN_POINT('',(0.00040449013071287,-0.0502655160271589,0.01143));
#1700=CARTESIAN_POINT('',(0.00133390554207403,-0.0504202333110036,0.01143));
#1701=CARTESIAN_POINT('',(0.00232953133647116,-0.0505330067725429,0.01143));
#1702=CARTESIAN_POINT('',(0.00375526341803056,-0.0506054622740282,0.01143));
#1703=CARTESIAN_POINT('',(0.00532905447282539,-0.0505208576286526,0.01143));
#1704=CARTESIAN_POINT('',(0.00700742858524735,-0.0501874620514083,0.01143));
#1705=CARTESIAN_POINT('',(0.008302645595506,-0.0497890189984386,0.01143));
#1706=CARTESIAN_POINT('',(0.00960272894686839,-0.0492244976631318,0.01143));
#1707=CARTESIAN_POINT('',(0.0106599183077574,-0.0486102450014277,0.01143));
#1708=CARTESIAN_POINT('',(0.0114744053837375,-0.048033024650865,0.01143));
#1709=CARTESIAN_POINT('',(0.0122558086109142,-0.0474050154409653,0.01143));
#1710=CARTESIAN_POINT('',(0.0130953347809794,-0.0466054904900428,0.01143));
#1711=CARTESIAN_POINT('',(0.0139591219722375,-0.0456323047824264,0.01143));
#1712=CARTESIAN_POINT('',(0.0147079520695511,-0.0446610347854259,0.01143));
#1713=CARTESIAN_POINT('',(0.0153654843693249,-0.0436989300607564,0.01143));
#1714=CARTESIAN_POINT('',(0.0159441112404426,-0.0427548176659569,0.01143));
#1715=CARTESIAN_POINT('',(0.0164516149575534,-0.041837278257952,0.01143));
#1716=CARTESIAN_POINT('',(0.0168939230037248,-0.0409503609330521,0.01143));
#1717=CARTESIAN_POINT('',(0.0172103323342322,-0.0402412975274584,0.01143));
#1718=CARTESIAN_POINT('',(0.0174383855313692,-0.0396757438561149,0.01143));
#1719=CARTESIAN_POINT('',(0.0175696094827137,-0.0393223187615128,0.01143));
#1720=CARTESIAN_POINT('',(0.0176700041497044,-0.0390304391576881,0.01143));
#1721=CARTESIAN_POINT('',(0.0177662072816033,-0.0387336626686959,0.01143));
#1722=CARTESIAN_POINT('',(0.017861099818004,-0.0384088982493508,0.01143));
#1723=CARTESIAN_POINT('',(0.0179492187895015,-0.0380537056153055,0.01143));
#1724=CARTESIAN_POINT('',(0.0180110975340455,-0.0377680828276917,0.01143));
#1725=CARTESIAN_POINT('',(0.018066003491343,-0.0374646111223058,0.01143));
#1726=CARTESIAN_POINT('',(0.0181102869278876,-0.0371587862553112,0.01143));
#1727=CARTESIAN_POINT('',(0.0181444791161342,-0.0368387930316577,0.01143));
#1728=CARTESIAN_POINT('',(0.0181653927703251,-0.036533992035987,0.01143));
#1729=CARTESIAN_POINT('',(0.0181754591158786,-0.0362393526433902,0.01143));
#1730=CARTESIAN_POINT('',(0.0181756205761955,-0.0358715879670015,0.01143));
#1731=CARTESIAN_POINT('',(0.0181620351263794,-0.0355656816640424,0.01143));
#1732=CARTESIAN_POINT('',(0.0181441154799866,-0.0353115322710376,0.01143));
#1733=CARTESIAN_POINT('',(0.0181308720764247,-0.0351545144281674,0.01143));
#1734=CARTESIAN_POINT('',(0.0181179917687764,-0.0350157035357256,0.01143));
#1735=CARTESIAN_POINT('',(0.0181027730655978,-0.0348601670041043,0.01143));
#1736=CARTESIAN_POINT('',(0.0180866503868574,-0.03469692969138,0.01143));
#1737=CARTESIAN_POINT('',(0.0180705913617517,-0.0345194333732467,0.01143));
#1738=CARTESIAN_POINT('',(0.0180561343082356,-0.0343304528613989,0.01143));
#1739=CARTESIAN_POINT('',(0.0180428898853471,-0.0341032679249367,0.01143));
#1740=CARTESIAN_POINT('',(0.0180299979021618,-0.0337930091410603,0.01143));
#1741=CARTESIAN_POINT('',(0.0180187675836935,-0.0334069983484821,0.01143));
#1742=CARTESIAN_POINT('',(0.0180069018307255,-0.0328145696260577,0.01143));
#1743=CARTESIAN_POINT('',(0.0179981946245238,-0.0319437090717326,0.01143));
#1744=CARTESIAN_POINT('',(0.0179969982956584,-0.0307433094128493,0.01143));
#1745=CARTESIAN_POINT('',(0.0180035203498208,-0.0294260633728478,0.01143));
#1746=CARTESIAN_POINT('',(0.0180202176731509,-0.0275620869694002,0.01143));
#1747=CARTESIAN_POINT('',(0.0180515462977549,-0.0251141790126795,0.01143));
#1748=CARTESIAN_POINT('',(0.0180909920802743,-0.0222444358433753,0.01143));
#1749=CARTESIAN_POINT('',(0.0181085537753744,-0.0205383290555562,0.01143));
#1750=CARTESIAN_POINT('',(0.0181125231425883,-0.0197717675164594,0.01143));
#1751=CARTESIAN_POINT('',(-0.0120441249480957,-0.0307391203886853,0.01143));
#1752=CARTESIAN_POINT('',(-0.016373360821586,0.0126980668307162,0.01143));
#1753=CARTESIAN_POINT('',(-0.0161481278583042,-0.0309533159496931,0.01143));
#1754=CARTESIAN_POINT('',(-0.0455178506003179,-0.0400662253515816,0.01143));
#1755=CARTESIAN_POINT('',(-0.0454962640211043,-0.0401334860087988,0.01143));
#1756=CARTESIAN_POINT('',(-0.0454383162612914,-0.040315332304814,0.01143));
#1757=CARTESIAN_POINT('',(-0.0453139562483517,-0.0406903427981256,0.01143));
#1758=CARTESIAN_POINT('',(-0.0451494895201288,-0.0411489266484343,0.01143));
#1759=CARTESIAN_POINT('',(-0.0449396161948458,-0.0416762837040938,0.01143));
#1760=CARTESIAN_POINT('',(-0.0447190967909653,-0.0421664153336908,0.01143));
#1761=CARTESIAN_POINT('',(-0.044511818342723,-0.0425810851858182,0.01143));
#1762=CARTESIAN_POINT('',(-0.0443370821513564,-0.0429068811053318,0.01143));
#1763=CARTESIAN_POINT('',(-0.0441449311814806,-0.0432388901901606,0.01143));
#1764=CARTESIAN_POINT('',(-0.0438783721902256,-0.0436678372678745,0.01143));
#1765=CARTESIAN_POINT('',(-0.0435284350163639,-0.0441768809704793,0.01143));
#1766=CARTESIAN_POINT('',(-0.0430966009362194,-0.04473709612657,0.01143));
#1767=CARTESIAN_POINT('',(-0.0426465540941206,-0.0452653938313953,0.01143));
#1768=CARTESIAN_POINT('',(-0.0421823916733952,-0.0457619179294233,0.01143));
#1769=CARTESIAN_POINT('',(-0.0415480068655144,-0.0463850053572415,0.01143));
#1770=CARTESIAN_POINT('',(-0.0407200662923831,-0.0471043002003212,0.01143));
#1771=CARTESIAN_POINT('',(-0.0398549686372767,-0.0477481161080792,0.01143));
#1772=CARTESIAN_POINT('',(-0.0391330337091862,-0.0482244078637887,0.01143));
#1773=CARTESIAN_POINT('',(-0.0383958362362827,-0.0486711305730197,0.01143));
#1774=CARTESIAN_POINT('',(-0.0374175935572747,-0.0491874654996589,0.01143));
#1775=CARTESIAN_POINT('',(-0.0363572743466916,-0.04962741730425,0.01143));
#1776=CARTESIAN_POINT('',(-0.0354636831911258,-0.0499200324424897,0.01143));
#1777=CARTESIAN_POINT('',(-0.0345379987628147,-0.0501695331571056,0.01143));
#1778=CARTESIAN_POINT('',(-0.0333430577377664,-0.0503880170797059,0.01143));
#1779=CARTESIAN_POINT('',(-0.0321171421438238,-0.050473441804354,0.01143));
#1780=CARTESIAN_POINT('',(-0.0311288764263497,-0.0504596481890527,0.01143));
#1781=CARTESIAN_POINT('',(-0.0301573570237671,-0.050394429494964,0.01143));
#1782=CARTESIAN_POINT('',(-0.0289846957366669,-0.0502258756738069,0.01143));
#1783=CARTESIAN_POINT('',(-0.0276749790280502,-0.0499250160343273,0.01143));
#1784=CARTESIAN_POINT('',(-0.026423497562008,-0.0495441206200178,0.01143));
#1785=CARTESIAN_POINT('',(-0.0252313547056394,-0.0490968157288389,0.01143));
#1786=CARTESIAN_POINT('',(-0.0240911229379575,-0.0485908467400188,0.01143));
#1787=CARTESIAN_POINT('',(-0.0231809599406189,-0.0481212966851044,0.01143));
#1788=CARTESIAN_POINT('',(-0.0224830215804479,-0.0477214463770655,0.01143));
#1789=CARTESIAN_POINT('',(-0.0219224478333017,-0.0473745359016858,0.01143));
#1790=CARTESIAN_POINT('',(-0.0213210624617208,-0.0469623439115267,0.01143));
#1791=CARTESIAN_POINT('',(-0.0206944730064702,-0.046476835925572,0.01143));
#1792=CARTESIAN_POINT('',(-0.0200575631079913,-0.0459096587700288,0.01143));
#1793=CARTESIAN_POINT('',(-0.0194310776404621,-0.0452582594996067,0.01143));
#1794=CARTESIAN_POINT('',(-0.018836748613325,-0.0445270702992372,0.01143));
#1795=CARTESIAN_POINT('',(-0.0182982231225399,-0.0437339831307356,0.01143));
#1796=CARTESIAN_POINT('',(-0.0178237883382485,-0.0428884614550601,0.01143));
#1797=CARTESIAN_POINT('',(-0.0174223333390943,-0.0420120386730052,0.01143));
#1798=CARTESIAN_POINT('',(-0.0170912803553511,-0.0411150708960795,0.01143));
#1799=CARTESIAN_POINT('',(-0.0168249724256016,-0.0402076556803357,0.01143));
#1800=CARTESIAN_POINT('',(-0.0166134472400075,-0.039278248003125,0.01143));
#1801=CARTESIAN_POINT('',(-0.0164538696248267,-0.0383436960102284,0.01143));
#1802=CARTESIAN_POINT('',(-0.0163367377033886,-0.0374095460659457,0.01143));
#1803=CARTESIAN_POINT('',(-0.0162540341979542,-0.0364836764565228,0.01143));
#1804=CARTESIAN_POINT('',(-0.0161964527212147,-0.035558316156867,0.01143));
#1805=CARTESIAN_POINT('',(-0.0161466863431165,-0.0343178909269536,0.01143));
#1806=CARTESIAN_POINT('',(-0.0161259371033123,-0.0327678805145536,0.01143));
#1807=CARTESIAN_POINT('',(-0.0161379470202325,-0.0315483559022312,0.01143));
#1808=CARTESIAN_POINT('',(-0.0161481278583042,-0.0309533159496931,0.01143));
#1809=CARTESIAN_POINT('',(-0.0455178506003174,-0.0400662253515829,0.01143));
#1810=CARTESIAN_POINT('',(-0.0465266718825304,-0.0219186471025106,0.01143));
#1811=CARTESIAN_POINT('',(-0.0465370775533979,-0.0226471718944256,0.01143));
#1812=CARTESIAN_POINT('',(-0.0465517279463037,-0.0242531698840701,0.01143));
#1813=CARTESIAN_POINT('',(-0.0465541159629713,-0.0269281471360361,0.01143));
#1814=CARTESIAN_POINT('',(-0.0465355300259528,-0.0296796012737444,0.01143));
#1815=CARTESIAN_POINT('',(-0.0465010832227641,-0.0318778004341512,0.01143));
#1816=CARTESIAN_POINT('',(-0.0464607884478005,-0.0334897412031087,0.01143));
#1817=CARTESIAN_POINT('',(-0.0464236498769962,-0.0346064568934178,0.01143));
#1818=CARTESIAN_POINT('',(-0.0463781852529505,-0.0356177167078891,0.01143));
#1819=CARTESIAN_POINT('',(-0.0463225178933415,-0.0365165780604524,0.01143));
#1820=CARTESIAN_POINT('',(-0.0462586724242929,-0.0372192283120426,0.01143));
#1821=CARTESIAN_POINT('',(-0.0461788446794342,-0.03780604345654,0.01143));
#1822=CARTESIAN_POINT('',(-0.0460992296268628,-0.0382581323772223,0.01143));
#1823=CARTESIAN_POINT('',(-0.0460059706210249,-0.0386671705584249,0.01143));
#1824=CARTESIAN_POINT('',(-0.0459148616876105,-0.0389975880407943,0.01143));
#1825=CARTESIAN_POINT('',(-0.0458349009789655,-0.0392550197976454,0.01143));
#1826=CARTESIAN_POINT('',(-0.0457525866689289,-0.039492180666962,0.01143));
#1827=CARTESIAN_POINT('',(-0.0456818349918028,-0.0396783443790691,0.01143));
#1828=CARTESIAN_POINT('',(-0.0456248133317929,-0.039819059367222,0.01143));
#1829=CARTESIAN_POINT('',(-0.045572203748315,-0.0399440728690279,0.01143));
#1830=CARTESIAN_POINT('',(-0.0455374910888606,-0.0400225636248677,0.01143));
#1831=CARTESIAN_POINT('',(-0.0455178506003181,-0.0400662253515814,0.01143));
#1832=CARTESIAN_POINT('',(-0.0193360874080339,0.0344845424428768,0.0130302));
#1833=CARTESIAN_POINT('',(-0.0193360874080339,0.0344845424428768,0.01143));
#1834=CARTESIAN_POINT('',(-0.0212818314019336,0.0343758112159463,0.0130302));
#1835=CARTESIAN_POINT('',(-0.0212818314019336,0.0343758112159463,0.01143));
#1836=CARTESIAN_POINT('',(-0.0253176211691655,0.033992437837616,0.0130302));
#1837=CARTESIAN_POINT('',(-0.0253176211691655,0.033992437837616,0.01143));
#1838=CARTESIAN_POINT('',(-0.0316034649878801,0.0327277166740611,0.0130302));
#1839=CARTESIAN_POINT('',(-0.0316034649878801,0.0327277166740611,0.01143));
#1840=CARTESIAN_POINT('',(-0.0375732909687039,0.030726635449029,0.0130302));
#1841=CARTESIAN_POINT('',(-0.0375732909687039,0.030726635449029,0.01143));
#1842=CARTESIAN_POINT('',(-0.0430645159338096,0.0281573923327971,0.0130302));
#1843=CARTESIAN_POINT('',(-0.0430645159338096,0.0281573923327971,0.01143));
#1844=CARTESIAN_POINT('',(-0.0479642084791215,0.0250888477169926,0.0130302));
#1845=CARTESIAN_POINT('',(-0.0479642084791215,0.0250888477169926,0.01143));
#1846=CARTESIAN_POINT('',(-0.0514307594596804,0.0222172746154806,0.0130302));
#1847=CARTESIAN_POINT('',(-0.0514307594596804,0.0222172746154806,0.01143));
#1848=CARTESIAN_POINT('',(-0.0538239229720984,0.0196782144903377,0.0130302));
#1849=CARTESIAN_POINT('',(-0.0538239229720984,0.0196782144903377,0.01143));
#1850=CARTESIAN_POINT('',(-0.0553031567403282,0.0177925748016742,0.0130302));
#1851=CARTESIAN_POINT('',(-0.0553031567403282,0.0177925748016742,0.01143));
#1852=CARTESIAN_POINT('',(-0.0562969198881152,0.0163309401398395,0.0130302));
#1853=CARTESIAN_POINT('',(-0.0562969198881152,0.0163309401398395,0.01143));
#1854=CARTESIAN_POINT('',(-0.0569772833791696,0.0152537856215007,0.0130302));
#1855=CARTESIAN_POINT('',(-0.0569772833791696,0.0152537856215007,0.01143));
#1856=CARTESIAN_POINT('',(-0.0574220773522803,0.0145236047603489,0.0130302));
#1857=CARTESIAN_POINT('',(-0.0574220773522803,0.0145236047603489,0.01143));
#1858=CARTESIAN_POINT('',(-0.0578562339065419,0.0137972642719549,0.0130302));
#1859=CARTESIAN_POINT('',(-0.0578562339065419,0.0137972642719549,0.01143));
#1860=CARTESIAN_POINT('',(-0.0584793277768985,0.0126928936367846,0.0130302));
#1861=CARTESIAN_POINT('',(-0.0584793277768985,0.0126928936367846,0.01143));
#1862=CARTESIAN_POINT('',(-0.0592729034057363,0.0110774308395125,0.0130302));
#1863=CARTESIAN_POINT('',(-0.0592729034057363,0.0110774308395125,0.01143));
#1864=CARTESIAN_POINT('',(-0.060054421088749,0.00867460597499182,0.0130302));
#1865=CARTESIAN_POINT('',(-0.060054421088749,0.00867460597499182,0.01143));
#1866=CARTESIAN_POINT('',(-0.0604844836910999,0.00629462725242416,0.0130302));
#1867=CARTESIAN_POINT('',(-0.0604844836910999,0.00629462725242416,0.01143));
#1868=CARTESIAN_POINT('',(-0.0607076499288973,0.00395080292151272,0.0130302));
#1869=CARTESIAN_POINT('',(-0.0607076499288973,0.00395080292151272,0.01143));
#1870=CARTESIAN_POINT('',(-0.0607665407902613,0.00166056991574115,0.0130302));
#1871=CARTESIAN_POINT('',(-0.0607665407902613,0.00166056991574115,0.01143));
#1872=CARTESIAN_POINT('',(-0.0606889278309094,-0.00056501035425838,0.0130302));
#1873=CARTESIAN_POINT('',(-0.0606889278309094,-0.00056501035425838,0.01143));
#1874=CARTESIAN_POINT('',(-0.0604498629923471,-0.00281132223673017,0.0130302));
#1875=CARTESIAN_POINT('',(-0.0604498629923471,-0.00281132223673017,0.01143));
#1876=CARTESIAN_POINT('',(-0.0600201882165359,-0.00505825542413515,0.0130302));
#1877=CARTESIAN_POINT('',(-0.0600201882165359,-0.00505825542413515,0.01143));
#1878=CARTESIAN_POINT('',(-0.0594166020834201,-0.00729717160024928,0.0130302));
#1879=CARTESIAN_POINT('',(-0.0594166020834201,-0.00729717160024928,0.01143));
#1880=CARTESIAN_POINT('',(-0.0584091330307826,-0.00989715442982393,0.0130302));
#1881=CARTESIAN_POINT('',(-0.0584091330307826,-0.00989715442982393,0.01143));
#1882=CARTESIAN_POINT('',(-0.0568598188412788,-0.0125958395150412,0.0130302));
#1883=CARTESIAN_POINT('',(-0.0568598188412788,-0.0125958395150412,0.01143));
#1884=CARTESIAN_POINT('',(-0.0547384326987786,-0.0152572156470186,0.0130302));
#1885=CARTESIAN_POINT('',(-0.0547384326987786,-0.0152572156470186,0.01143));
#1886=CARTESIAN_POINT('',(-0.0519885889947135,-0.0178280483995139,0.0130302));
#1887=CARTESIAN_POINT('',(-0.0519885889947135,-0.0178280483995139,0.01143));
#1888=CARTESIAN_POINT('',(-0.0491167783443581,-0.0200750192495966,0.0130302));
#1889=CARTESIAN_POINT('',(-0.0491167783443581,-0.0200750192495966,0.01143));
#1890=CARTESIAN_POINT('',(-0.0473207842580171,-0.0213626308103167,0.0130302));
#1891=CARTESIAN_POINT('',(-0.0473207842580171,-0.0213626308103167,0.01143));
#1892=CARTESIAN_POINT('',(-0.0465266718825303,-0.0219186471025106,0.0130302));
#1893=CARTESIAN_POINT('',(-0.0465266718825303,-0.0219186471025106,0.01143));
#1894=CARTESIAN_POINT('',(-0.0465266718825304,-0.0219186471025106,0.0130302));
#1895=CARTESIAN_POINT('',(-0.0193360874080339,0.0344845424428768,0.0130302));
#1896=CARTESIAN_POINT('',(-0.0465266718825304,-0.0219186471025106,0.0130302));
#1897=CARTESIAN_POINT('',(-0.0465266718825304,-0.0219186471025106,0.01143));
#1898=CARTESIAN_POINT('',(-0.0465474832242654,-0.0233756966863405,0.0130302));
#1899=CARTESIAN_POINT('',(-0.0465474832242654,-0.0233756966863405,0.01143));
#1900=CARTESIAN_POINT('',(-0.0465603305011679,-0.0260104789755343,0.0130302));
#1901=CARTESIAN_POINT('',(-0.0465603305011679,-0.0260104789755343,0.01143));
#1902=CARTESIAN_POINT('',(-0.0465354823353692,-0.0296799826629755,0.0130302));
#1903=CARTESIAN_POINT('',(-0.0465354823353692,-0.0296799826629755,0.01143));
#1904=CARTESIAN_POINT('',(-0.0464943821277138,-0.0323162069479492,0.0130302));
#1905=CARTESIAN_POINT('',(-0.0464943821277138,-0.0323162069479492,0.01143));
#1906=CARTESIAN_POINT('',(-0.0464266776617083,-0.0346665940238871,0.0130302));
#1907=CARTESIAN_POINT('',(-0.0464266776617083,-0.0346665940238871,0.01143));
#1908=CARTESIAN_POINT('',(-0.0463481799721087,-0.0362366843716233,0.0130302));
#1909=CARTESIAN_POINT('',(-0.0463481799721087,-0.0362366843716233,0.01143));
#1910=CARTESIAN_POINT('',(-0.0462450205962625,-0.03736254298233,0.0130302));
#1911=CARTESIAN_POINT('',(-0.0462450205962625,-0.03736254298233,0.01143));
#1912=CARTESIAN_POINT('',(-0.0461154447304624,-0.0382396191069945,0.0130302));
#1913=CARTESIAN_POINT('',(-0.0461154447304624,-0.0382396191069945,0.01143));
#1914=CARTESIAN_POINT('',(-0.0458562824886306,-0.0392665317497868,0.0130302));
#1915=CARTESIAN_POINT('',(-0.0458562824886306,-0.0392665317497868,0.01143));
#1916=CARTESIAN_POINT('',(-0.0455964125544881,-0.0398915784447265,0.0130302));
#1917=CARTESIAN_POINT('',(-0.0455964125544881,-0.0398915784447265,0.01143));
#1918=CARTESIAN_POINT('',(-0.0455178506003181,-0.0400662253515814,0.0130302));
#1919=CARTESIAN_POINT('',(-0.0455178506003181,-0.0400662253515814,0.01143));
#1920=CARTESIAN_POINT('',(-0.0455178506003174,-0.0400662253515829,0.0130302));
#1921=CARTESIAN_POINT('',(-0.0455178506003179,-0.0400662253515816,0.0130302));
#1922=CARTESIAN_POINT('',(-0.0455178506003179,-0.0400662253515816,0.01143));
#1923=CARTESIAN_POINT('',(-0.0454746774418907,-0.040200746666016,0.0130302));
#1924=CARTESIAN_POINT('',(-0.0454746774418907,-0.040200746666016,0.01143));
#1925=CARTESIAN_POINT('',(-0.0453326704801804,-0.040651399267449,0.0130302));
#1926=CARTESIAN_POINT('',(-0.0453326704801804,-0.040651399267449,0.01143));
#1927=CARTESIAN_POINT('',(-0.0449672679313596,-0.0416446127106555,0.0130302));
#1928=CARTESIAN_POINT('',(-0.0449672679313596,-0.0416446127106555,0.01143));
#1929=CARTESIAN_POINT('',(-0.0444788821586286,-0.0426813129637332,0.0130302));
#1930=CARTESIAN_POINT('',(-0.0444788821586286,-0.0426813129637332,0.01143));
#1931=CARTESIAN_POINT('',(-0.0439470975930112,-0.0435684640218024,0.0130302));
#1932=CARTESIAN_POINT('',(-0.0439470975930112,-0.0435684640218024,0.01143));
#1933=CARTESIAN_POINT('',(-0.043389700622396,-0.0443782321492682,0.0130302));
#1934=CARTESIAN_POINT('',(-0.043389700622396,-0.0443782321492682,0.01143));
#1935=CARTESIAN_POINT('',(-0.0426539580000627,-0.0452802118871768,0.0130302));
#1936=CARTESIAN_POINT('',(-0.0426539580000627,-0.0452802118871768,0.01143));
#1937=CARTESIAN_POINT('',(-0.0413987177852901,-0.0465624702125157,0.0130302));
#1938=CARTESIAN_POINT('',(-0.0413987177852901,-0.0465624702125157,0.01143));
#1939=CARTESIAN_POINT('',(-0.0397058363810628,-0.0479156467140874,0.0130302));
#1940=CARTESIAN_POINT('',(-0.0397058363810628,-0.0479156467140874,0.01143));
#1941=CARTESIAN_POINT('',(-0.037471341439135,-0.0492293320282403,0.0130302));
#1942=CARTESIAN_POINT('',(-0.037471341439135,-0.0492293320282403,0.01143));
#1943=CARTESIAN_POINT('',(-0.0348158673681545,-0.0502001584244471,0.0130302));
#1944=CARTESIAN_POINT('',(-0.0348158673681545,-0.0502001584244471,0.01143));
#1945=CARTESIAN_POINT('',(-0.031866574111738,-0.050575625356413,0.0130302));
#1946=CARTESIAN_POINT('',(-0.031866574111738,-0.050575625356413,0.01143));
#1947=CARTESIAN_POINT('',(-0.0289345238504651,-0.0502762338555631,0.0130302));
#1948=CARTESIAN_POINT('',(-0.0289345238504651,-0.0502762338555631,0.01143));
#1949=CARTESIAN_POINT('',(-0.026400981742306,-0.0495760982100848,0.0130302));
#1950=CARTESIAN_POINT('',(-0.026400981742306,-0.0495760982100848,0.01143));
#1951=CARTESIAN_POINT('',(-0.0244517245920776,-0.0487774226577933,0.0130302));
#1952=CARTESIAN_POINT('',(-0.0244517245920776,-0.0487774226577933,0.01143));
#1953=CARTESIAN_POINT('',(-0.0230040862851095,-0.048029214255473,0.0130302));
#1954=CARTESIAN_POINT('',(-0.0230040862851095,-0.048029214255473,0.01143));
#1955=CARTESIAN_POINT('',(-0.0219477879665332,-0.0474086719374091,0.0130302));
#1956=CARTESIAN_POINT('',(-0.0219477879665332,-0.0474086719374091,0.01143));
#1957=CARTESIAN_POINT('',(-0.0206986372241327,-0.0465180318902258,0.0130302));
#1958=CARTESIAN_POINT('',(-0.0206986372241327,-0.0465180318902258,0.01143));
#1959=CARTESIAN_POINT('',(-0.0194141807325282,-0.045298546885531,0.0130302));
#1960=CARTESIAN_POINT('',(-0.0194141807325282,-0.045298546885531,0.01143));
#1961=CARTESIAN_POINT('',(-0.0182632621289189,-0.043757547635343,0.0130302));
#1962=CARTESIAN_POINT('',(-0.0182632621289189,-0.043757547635343,0.01143));
#1963=CARTESIAN_POINT('',(-0.017093846215066,-0.0414444532553337,0.0130302));
#1964=CARTESIAN_POINT('',(-0.017093846215066,-0.0414444532553337,0.01143));
#1965=CARTESIAN_POINT('',(-0.016350078544752,-0.0383414001331795,0.0130302));
#1966=CARTESIAN_POINT('',(-0.016350078544752,-0.0383414001331795,0.01143));
#1967=CARTESIAN_POINT('',(-0.0161227495145659,-0.0346319136975012,0.0130302));
#1968=CARTESIAN_POINT('',(-0.0161227495145659,-0.0346319136975012,0.01143));
#1969=CARTESIAN_POINT('',(-0.0161277661821607,-0.0321433958547693,0.0130302));
#1970=CARTESIAN_POINT('',(-0.0161277661821607,-0.0321433958547693,0.01143));
#1971=CARTESIAN_POINT('',(-0.0161481278583042,-0.0309533159496931,0.0130302));
#1972=CARTESIAN_POINT('',(-0.0161481278583042,-0.0309533159496931,0.01143));
#1973=CARTESIAN_POINT('',(-0.0161481278583042,-0.030953315949693,0.0130302));
#1974=CARTESIAN_POINT('',(-0.016373360821586,0.0126980668307162,0.0130302000000001));
#1975=CARTESIAN_POINT('',(-0.0120441249480957,-0.0307391203886853,0.0130302));
#1976=CARTESIAN_POINT('',(-0.0120441249480957,-0.0307391203886853,0.0130302));
#1977=CARTESIAN_POINT('',(-0.0120441249480957,-0.0307391203886853,0.01143));
#1978=CARTESIAN_POINT('',(-0.0120587869707973,-0.0314467890950434,0.0130302));
#1979=CARTESIAN_POINT('',(-0.0120587869707973,-0.0314467890950434,0.01143));
#1980=CARTESIAN_POINT('',(-0.0120829838109662,-0.0329173117133762,0.0130302));
#1981=CARTESIAN_POINT('',(-0.0120829838109662,-0.0329173117133762,0.01143));
#1982=CARTESIAN_POINT('',(-0.0120598695680163,-0.0351304474231016,0.0130302));
#1983=CARTESIAN_POINT('',(-0.0120598695680163,-0.0351304474231016,0.01143));
#1984=CARTESIAN_POINT('',(-0.011916414591812,-0.0373560194392274,0.0130302));
#1985=CARTESIAN_POINT('',(-0.011916414591812,-0.0373560194392274,0.01143));
#1986=CARTESIAN_POINT('',(-0.011495729827955,-0.0395768293645288,0.0130302));
#1987=CARTESIAN_POINT('',(-0.011495729827955,-0.0395768293645288,0.01143));
#1988=CARTESIAN_POINT('',(-0.0107432285859585,-0.0415744633163059,0.0130302));
#1989=CARTESIAN_POINT('',(-0.0107432285859585,-0.0415744633163059,0.01143));
#1990=CARTESIAN_POINT('',(-0.0100029146123839,-0.0428430528123759,0.0130302));
#1991=CARTESIAN_POINT('',(-0.0100029146123839,-0.0428430528123759,0.01143));
#1992=CARTESIAN_POINT('',(-0.0095715730447933,-0.0434981486998994,0.0130302));
#1993=CARTESIAN_POINT('',(-0.0095715730447933,-0.0434981486998994,0.01143));
#1994=CARTESIAN_POINT('',(-0.00919316724686998,-0.0440626732140183,0.0130302));
#1995=CARTESIAN_POINT('',(-0.00919316724686998,-0.0440626732140183,0.01143));
#1996=CARTESIAN_POINT('',(-0.00852603723671986,-0.0450046302818074,0.0130302));
#1997=CARTESIAN_POINT('',(-0.00852603723671986,-0.0450046302818074,0.01143));
#1998=CARTESIAN_POINT('',(-0.00761128833804494,-0.04607616299899,0.0130302));
#1999=CARTESIAN_POINT('',(-0.00761128833804494,-0.04607616299899,0.01143));
#2000=CARTESIAN_POINT('',(-0.0066844146834183,-0.0469593046142814,0.0130302));
#2001=CARTESIAN_POINT('',(-0.0066844146834183,-0.0469593046142814,0.01143));
#2002=CARTESIAN_POINT('',(-0.00559881396843511,-0.0478398209488154,0.0130302));
#2003=CARTESIAN_POINT('',(-0.00559881396843511,-0.0478398209488154,0.01143));
#2004=CARTESIAN_POINT('',(-0.00414626457590195,-0.0487397223024842,0.0130302));
#2005=CARTESIAN_POINT('',(-0.00414626457590195,-0.0487397223024842,0.01143));
#2006=CARTESIAN_POINT('',(-0.00236248675809041,-0.0495287779630063,0.0130302));
#2007=CARTESIAN_POINT('',(-0.00236248675809041,-0.0495287779630063,0.01143));
#2008=CARTESIAN_POINT('',(-0.000521129409842306,-0.0500883674096883,0.0130302));
#2009=CARTESIAN_POINT('',(-0.000521129409842306,-0.0500883674096883,0.01143));
#2010=CARTESIAN_POINT('',(0.00130780937903852,-0.0504413106376427,0.0130302));
#2011=CARTESIAN_POINT('',(0.00130780937903852,-0.0504413106376427,0.01143));
#2012=CARTESIAN_POINT('',(0.00335953552916904,-0.0506258460834572,0.0130302));
#2013=CARTESIAN_POINT('',(0.00335953552916904,-0.0506258460834572,0.01143));
#2014=CARTESIAN_POINT('',(0.00572106037674769,-0.0505008653470394,0.0130302));
#2015=CARTESIAN_POINT('',(0.00572106037674769,-0.0505008653470394,0.01143));
#2016=CARTESIAN_POINT('',(0.00830040249823857,-0.0498713494685,0.0130302));
#2017=CARTESIAN_POINT('',(0.00830040249823857,-0.0498713494685,0.01143));
#2018=CARTESIAN_POINT('',(0.0104651250367383,-0.0487967019841291,0.0130302));
#2019=CARTESIAN_POINT('',(0.0104651250367383,-0.0487967019841291,0.01143));
#2020=CARTESIAN_POINT('',(0.0120854985612983,-0.0475680317209285,0.0130302));
#2021=CARTESIAN_POINT('',(0.0120854985612983,-0.0475680317209285,0.01143));
#2022=CARTESIAN_POINT('',(0.0134323578343481,-0.0462835091372636,0.0130302));
#2023=CARTESIAN_POINT('',(0.0134323578343481,-0.0462835091372636,0.01143));
#2024=CARTESIAN_POINT('',(0.0147521978670174,-0.0446562270943517,0.0130302));
#2025=CARTESIAN_POINT('',(0.0147521978670174,-0.0446562270943517,0.01143));
#2026=CARTESIAN_POINT('',(0.0159792333238828,-0.0427415000616342,0.0130302));
#2027=CARTESIAN_POINT('',(0.0159792333238828,-0.0427415000616342,0.01143));
#2028=CARTESIAN_POINT('',(0.0167668831590644,-0.0412346263783114,0.0130302));
#2029=CARTESIAN_POINT('',(0.0167668831590644,-0.0412346263783114,0.01143));
#2030=CARTESIAN_POINT('',(0.0172742242353008,-0.0400984759249622,0.0130302));
#2031=CARTESIAN_POINT('',(0.0172742242353008,-0.0400984759249622,0.01143));
#2032=CARTESIAN_POINT('',(0.0176009212981371,-0.0392558107194784,0.0130302));
#2033=CARTESIAN_POINT('',(0.0176009212981371,-0.0392558107194784,0.01143));
#2034=CARTESIAN_POINT('',(0.0178880472218769,-0.0383698045963917,0.0130302));
#2035=CARTESIAN_POINT('',(0.0178880472218769,-0.0383698045963917,0.01143));
#2036=CARTESIAN_POINT('',(0.0181422803971736,-0.0371703573326427,0.0130302));
#2037=CARTESIAN_POINT('',(0.0181422803971736,-0.0371703573326427,0.01143));
#2038=CARTESIAN_POINT('',(0.0181944615084566,-0.0358873152482464,0.0130302));
#2039=CARTESIAN_POINT('',(0.0181944615084566,-0.0358873152482464,0.01143));
#2040=CARTESIAN_POINT('',(0.0181264813806313,-0.0350924856776789,0.0130302));
#2041=CARTESIAN_POINT('',(0.0181264813806313,-0.0350924856776789,0.01143));
#2042=CARTESIAN_POINT('',(0.0180852085234801,-0.0346880355604702,0.0130302));
#2043=CARTESIAN_POINT('',(0.0180852085234801,-0.0346880355604702,0.01143));
#2044=CARTESIAN_POINT('',(0.0180558750359756,-0.0343553386858562,0.0130302));
#2045=CARTESIAN_POINT('',(0.0180558750359756,-0.0343553386858562,0.01143));
#2046=CARTESIAN_POINT('',(0.0180293098126586,-0.0338351224398839,0.0130302));
#2047=CARTESIAN_POINT('',(0.0180293098126586,-0.0338351224398839,0.01143));
#2048=CARTESIAN_POINT('',(0.018001609783884,-0.03270359170973,0.0130302));
#2049=CARTESIAN_POINT('',(0.018001609783884,-0.03270359170973,0.01143));
#2050=CARTESIAN_POINT('',(0.0179931119012714,-0.0308018898616728,0.0130302));
#2051=CARTESIAN_POINT('',(0.0179931119012714,-0.0308018898616728,0.01143));
#2052=CARTESIAN_POINT('',(0.018013951191486,-0.0280515185699458,0.0130302));
#2053=CARTESIAN_POINT('',(0.018013951191486,-0.0280515185699458,0.01143));
#2054=CARTESIAN_POINT('',(0.0180640511693335,-0.0241339568755527,0.0130302));
#2055=CARTESIAN_POINT('',(0.0180640511693335,-0.0241339568755527,0.01143));
#2056=CARTESIAN_POINT('',(0.0181045844081605,-0.0213048905946531,0.0130302));
#2057=CARTESIAN_POINT('',(0.0181045844081605,-0.0213048905946531,0.01143));
#2058=CARTESIAN_POINT('',(0.0181125231425883,-0.0197717675164594,0.0130302));
#2059=CARTESIAN_POINT('',(0.0181125231425883,-0.0197717675164594,0.01143));
#2060=CARTESIAN_POINT('',(0.0181125231425883,-0.0197717675164595,0.0130302));
#2061=CARTESIAN_POINT('',(0.0181125231425882,-0.0197717675164595,0.0130302));
#2062=CARTESIAN_POINT('',(0.0181125231425882,-0.0197717675164595,0.01143));
#2063=CARTESIAN_POINT('',(0.0184545829114483,-0.0195106967896826,0.0130302));
#2064=CARTESIAN_POINT('',(0.0184545829114483,-0.0195106967896826,0.01143));
#2065=CARTESIAN_POINT('',(0.0191682500816551,-0.0189499900700868,0.0130302));
#2066=CARTESIAN_POINT('',(0.0191682500816551,-0.0189499900700868,0.01143));
#2067=CARTESIAN_POINT('',(0.0203167044872324,-0.0179605007981912,0.0130302));
#2068=CARTESIAN_POINT('',(0.0203167044872324,-0.0179605007981912,0.01143));
#2069=CARTESIAN_POINT('',(0.0214276751368664,-0.0168629316727066,0.0130302));
#2070=CARTESIAN_POINT('',(0.0214276751368664,-0.0168629316727066,0.01143));
#2071=CARTESIAN_POINT('',(0.0227207874043532,-0.0154054754811809,0.0130302));
#2072=CARTESIAN_POINT('',(0.0227207874043532,-0.0154054754811809,0.01143));
#2073=CARTESIAN_POINT('',(0.0240680529530007,-0.013584429986327,0.0130302));
#2074=CARTESIAN_POINT('',(0.0240680529530007,-0.013584429986327,0.01143));
#2075=CARTESIAN_POINT('',(0.0251079585770729,-0.0118858763205136,0.0130302));
#2076=CARTESIAN_POINT('',(0.0251079585770729,-0.0118858763205136,0.01143));
#2077=CARTESIAN_POINT('',(0.0257961012408899,-0.010659324765352,0.0130302));
#2078=CARTESIAN_POINT('',(0.0257961012408899,-0.010659324765352,0.01143));
#2079=CARTESIAN_POINT('',(0.0264013820593924,-0.00954367863218824,0.0130302));
#2080=CARTESIAN_POINT('',(0.0264013820593924,-0.00954367863218824,0.01143));
#2081=CARTESIAN_POINT('',(0.027178649269295,-0.00803522251901501,0.0130302));
#2082=CARTESIAN_POINT('',(0.027178649269295,-0.00803522251901501,0.01143));
#2083=CARTESIAN_POINT('',(0.02807251709185,-0.0059010735721632,0.0130302));
#2084=CARTESIAN_POINT('',(0.02807251709185,-0.0059010735721632,0.01143));
#2085=CARTESIAN_POINT('',(0.0287869668372414,-0.00342823652370741,0.0130302));
#2086=CARTESIAN_POINT('',(0.0287869668372414,-0.00342823652370741,0.01143));
#2087=CARTESIAN_POINT('',(0.0292278412461138,-0.000761632065116844,0.0130302));
#2088=CARTESIAN_POINT('',(0.0292278412461138,-0.000761632065116844,0.01143));
#2089=CARTESIAN_POINT('',(0.0294161127316726,0.0020220008274765,0.0130302));
#2090=CARTESIAN_POINT('',(0.0294161127316726,0.0020220008274765,0.01143));
#2091=CARTESIAN_POINT('',(0.0293365663400433,0.0049052922075098,0.0130302));
#2092=CARTESIAN_POINT('',(0.0293365663400433,0.0049052922075098,0.01143));
#2093=CARTESIAN_POINT('',(0.0289293195661409,0.00786299011407233,0.0130302));
#2094=CARTESIAN_POINT('',(0.0289293195661409,0.00786299011407233,0.01143));
#2095=CARTESIAN_POINT('',(0.0281081827721031,0.0107778605733816,0.0130302));
#2096=CARTESIAN_POINT('',(0.0281081827721031,0.0107778605733816,0.01143));
#2097=CARTESIAN_POINT('',(0.0269290271930694,0.0134402396107975,0.0130302));
#2098=CARTESIAN_POINT('',(0.0269290271930694,0.0134402396107975,0.01143));
#2099=CARTESIAN_POINT('',(0.0254604654540796,0.0158856099303431,0.0130302));
#2100=CARTESIAN_POINT('',(0.0254604654540796,0.0158856099303431,0.01143));
#2101=CARTESIAN_POINT('',(0.0238058878923992,0.0181067180447438,0.0130302));
#2102=CARTESIAN_POINT('',(0.0238058878923992,0.0181067180447438,0.01143));
#2103=CARTESIAN_POINT('',(0.0219297758979046,0.0202801794144506,0.0130302));
#2104=CARTESIAN_POINT('',(0.0219297758979046,0.0202801794144506,0.01143));
#2105=CARTESIAN_POINT('',(0.0190614525810037,0.0231460941779909,0.0130302));
#2106=CARTESIAN_POINT('',(0.0190614525810037,0.0231460941779909,0.01143));
#2107=CARTESIAN_POINT('',(0.0156893166914892,0.025846629069761,0.0130302));
#2108=CARTESIAN_POINT('',(0.0156893166914892,0.025846629069761,0.01143));
#2109=CARTESIAN_POINT('',(0.0117512377135342,0.0282098482873727,0.0130302));
#2110=CARTESIAN_POINT('',(0.0117512377135342,0.0282098482873727,0.01143));
#2111=CARTESIAN_POINT('',(0.00763642390006677,0.030184121139152,0.0130302));
#2112=CARTESIAN_POINT('',(0.00763642390006677,0.030184121139152,0.01143));
#2113=CARTESIAN_POINT('',(0.00349116410800128,0.0316379184387496,0.0130302));
#2114=CARTESIAN_POINT('',(0.00349116410800128,0.0316379184387496,0.01143));
#2115=CARTESIAN_POINT('',(-0.000495720971368122,0.0327161637900779,0.0130302));
#2116=CARTESIAN_POINT('',(-0.000495720971368122,0.0327161637900779,0.01143));
#2117=CARTESIAN_POINT('',(-0.00425453059482307,0.0335645676066392,0.0130302));
#2118=CARTESIAN_POINT('',(-0.00425453059482307,0.0335645676066392,0.01143));
#2119=CARTESIAN_POINT('',(-0.00857586660062941,0.034290701106475,0.0130302));
#2120=CARTESIAN_POINT('',(-0.00857586660062941,0.034290701106475,0.01143));
#2121=CARTESIAN_POINT('',(-0.0137164861649321,0.0346472806042426,0.0130302));
#2122=CARTESIAN_POINT('',(-0.0137164861649321,0.0346472806042426,0.01143));
#2123=CARTESIAN_POINT('',(-0.0173953902054748,0.0345929916471896,0.0130302));
#2124=CARTESIAN_POINT('',(-0.0173953902054748,0.0345929916471896,0.01143));
#2125=CARTESIAN_POINT('',(-0.0193360874080339,0.0344845424428768,0.0130302));
#2126=CARTESIAN_POINT('',(-0.0193360874080339,0.0344845424428768,0.01143));
#2127=MECHANICAL_DESIGN_GEOMETRIC_PRESENTATION_REPRESENTATION('',(#256),
#2128);
#2128=(
GEOMETRIC_REPRESENTATION_CONTEXT(3)
GLOBAL_UNCERTAINTY_ASSIGNED_CONTEXT((#2129))
GLOBAL_UNIT_ASSIGNED_CONTEXT((#2132,#2131,#2130))
REPRESENTATION_CONTEXT('Part 1','TOP_LEVEL_ASSEMBLY_PART')
);
#2129=UNCERTAINTY_MEASURE_WITH_UNIT(LENGTH_MEASURE(2.E-5),#2132,
'DISTANCE_ACCURACY_VALUE','Maximum Tolerance applied to model');
#2130=(
NAMED_UNIT(*)
SI_UNIT($,.STERADIAN.)
SOLID_ANGLE_UNIT()
);
#2131=(
NAMED_UNIT(*)
PLANE_ANGLE_UNIT()
SI_UNIT($,.RADIAN.)
);
#2132=(
LENGTH_UNIT()
NAMED_UNIT(*)
SI_UNIT($,.METRE.)
);
#2133=PRODUCT_DEFINITION_SHAPE('','',#2134);
#2134=PRODUCT_DEFINITION('','',#2136,#2135);
#2135=PRODUCT_DEFINITION_CONTEXT('',#2142,'design');
#2136=PRODUCT_DEFINITION_FORMATION_WITH_SPECIFIED_SOURCE('','',#2138,
 .NOT_KNOWN.);
#2137=PRODUCT_RELATED_PRODUCT_CATEGORY('','',(#2138));
#2138=PRODUCT('Part 1','Part 1','Part 1',(#2140));
#2139=PRODUCT_CATEGORY('','');
#2140=PRODUCT_CONTEXT('',#2142,'mechanical');
#2141=APPLICATION_PROTOCOL_DEFINITION('international standard',
'ap242_managed_model_based_3d_engineering',2020,#2142);
#2142=APPLICATION_CONTEXT('managed model based 3d engineering');
ENDSEC;
END-ISO-10303-21;
