ISO-10303-21;
HEADER;
/* Generated by software containing ST-Developer
 * from STEP Tools, Inc. (www.steptools.com) 
 */
/* OPTION: using custom renumber hook */

FILE_DESCRIPTION(
/* description */ ('STEP AP242 Edition 2',
'CAx-IF Rec.Pracs.---Representation and Presentation of Product Manufa
cturing Information (PMI)---4.0---2014-10-13',
'CAx-IF Rec.Pracs.---3D Tessellated Geometry---0.4---2014-09-14','2;1',
'CAx-IF Rec.Pracs.---User Defined Attributes---1.5---2016-08-15'),
/* implementation_level */ '2;1');

FILE_NAME(
/* name */ 'Part Studio 1',
/* time_stamp */ '2026-10-02T03:12:15Z',
/* author */ (''),
/* organization */ (''),
/* preprocessor_version */ 'ST-DEVELOPER v20',
/* originating_system */ 'ONSHAPE BY PTC INC, 1.221',
/* authorisation */ '  ');

FILE_SCHEMA (('AP242_MANAGED_MODEL_BASED_3D_ENGINEERING_MIM_LF { 1 0 10303 442 3 1 4 }'));
ENDSEC;

DATA;
#10=SHAPE_REPRESENTATION_RELATIONSHIP('','',#342,#11);
#11=ADVANCED_BREP_SHAPE_REPRESENTATION('',(#340),#2934);
#12=CYLINDRICAL_SURFACE('',#351,0.0245299060488175);
#13=CYLINDRICAL_SURFACE('',#352,0.00821406945899559);
#14=CIRCLE('',#346,0.00821406945899559);
#15=CIRCLE('',#347,0.0245299060488175);
#16=CIRCLE('',#349,0.0245299060488175);
#17=CIRCLE('',#350,0.00821406945899559);
#18=PLANE('',#344);
#19=PLANE('',#345);
#20=PLANE('',#348);
#21=LINE('',#418,#36);
#22=LINE('',#432,#37);
#23=LINE('',#699,#38);
#24=LINE('',#932,#39);
#25=LINE('',#1087,#40);
#26=LINE('',#1144,#41);
#27=LINE('',#1287,#42);
#28=LINE('',#1308,#43);
#29=LINE('',#2652,#44);
#30=LINE('',#2653,#45);
#31=LINE('',#2655,#46);
#32=LINE('',#2756,#47);
#33=LINE('',#2831,#48);
#34=LINE('',#2890,#49);
#35=LINE('',#2892,#50);
#36=VECTOR('',#355,1.);
#37=VECTOR('',#356,1.);
#38=VECTOR('',#357,1.);
#39=VECTOR('',#358,1.);
#40=VECTOR('',#359,1.);
#41=VECTOR('',#360,1.);
#42=VECTOR('',#361,1.);
#43=VECTOR('',#362,1.);
#44=VECTOR('',#377,1.);
#45=VECTOR('',#378,1.);
#46=VECTOR('',#381,1.);
#47=VECTOR('',#382,1.);
#48=VECTOR('',#383,1.);
#49=VECTOR('',#384,1.);
#50=VECTOR('',#387,1.);
#51=ORIENTED_EDGE('',*,*,#145,.F.);
#52=ORIENTED_EDGE('',*,*,#146,.F.);
#53=ORIENTED_EDGE('',*,*,#147,.T.);
#54=ORIENTED_EDGE('',*,*,#148,.T.);
#55=ORIENTED_EDGE('',*,*,#149,.F.);
#56=ORIENTED_EDGE('',*,*,#148,.F.);
#57=ORIENTED_EDGE('',*,*,#150,.T.);
#58=ORIENTED_EDGE('',*,*,#151,.T.);
#59=ORIENTED_EDGE('',*,*,#152,.F.);
#60=ORIENTED_EDGE('',*,*,#151,.F.);
#61=ORIENTED_EDGE('',*,*,#153,.T.);
#62=ORIENTED_EDGE('',*,*,#154,.T.);
#63=ORIENTED_EDGE('',*,*,#155,.F.);
#64=ORIENTED_EDGE('',*,*,#154,.F.);
#65=ORIENTED_EDGE('',*,*,#156,.T.);
#66=ORIENTED_EDGE('',*,*,#157,.T.);
#67=ORIENTED_EDGE('',*,*,#158,.F.);
#68=ORIENTED_EDGE('',*,*,#157,.F.);
#69=ORIENTED_EDGE('',*,*,#159,.T.);
#70=ORIENTED_EDGE('',*,*,#160,.T.);
#71=ORIENTED_EDGE('',*,*,#161,.F.);
#72=ORIENTED_EDGE('',*,*,#160,.F.);
#73=ORIENTED_EDGE('',*,*,#162,.T.);
#74=ORIENTED_EDGE('',*,*,#163,.T.);
#75=ORIENTED_EDGE('',*,*,#164,.F.);
#76=ORIENTED_EDGE('',*,*,#163,.F.);
#77=ORIENTED_EDGE('',*,*,#165,.T.);
#78=ORIENTED_EDGE('',*,*,#166,.T.);
#79=ORIENTED_EDGE('',*,*,#167,.F.);
#80=ORIENTED_EDGE('',*,*,#166,.F.);
#81=ORIENTED_EDGE('',*,*,#168,.T.);
#82=ORIENTED_EDGE('',*,*,#146,.T.);
#83=ORIENTED_EDGE('',*,*,#169,.F.);
#84=ORIENTED_EDGE('',*,*,#170,.T.);
#85=ORIENTED_EDGE('',*,*,#147,.F.);
#86=ORIENTED_EDGE('',*,*,#168,.F.);
#87=ORIENTED_EDGE('',*,*,#165,.F.);
#88=ORIENTED_EDGE('',*,*,#162,.F.);
#89=ORIENTED_EDGE('',*,*,#159,.F.);
#90=ORIENTED_EDGE('',*,*,#156,.F.);
#91=ORIENTED_EDGE('',*,*,#153,.F.);
#92=ORIENTED_EDGE('',*,*,#150,.F.);
#93=ORIENTED_EDGE('',*,*,#169,.T.);
#94=ORIENTED_EDGE('',*,*,#171,.F.);
#95=ORIENTED_EDGE('',*,*,#172,.F.);
#96=ORIENTED_EDGE('',*,*,#173,.F.);
#97=ORIENTED_EDGE('',*,*,#174,.F.);
#98=ORIENTED_EDGE('',*,*,#175,.F.);
#99=ORIENTED_EDGE('',*,*,#176,.F.);
#100=ORIENTED_EDGE('',*,*,#177,.F.);
#101=ORIENTED_EDGE('',*,*,#167,.T.);
#102=ORIENTED_EDGE('',*,*,#145,.T.);
#103=ORIENTED_EDGE('',*,*,#149,.T.);
#104=ORIENTED_EDGE('',*,*,#152,.T.);
#105=ORIENTED_EDGE('',*,*,#155,.T.);
#106=ORIENTED_EDGE('',*,*,#158,.T.);
#107=ORIENTED_EDGE('',*,*,#161,.T.);
#108=ORIENTED_EDGE('',*,*,#164,.T.);
#109=ORIENTED_EDGE('',*,*,#170,.F.);
#110=ORIENTED_EDGE('',*,*,#178,.T.);
#111=ORIENTED_EDGE('',*,*,#179,.T.);
#112=ORIENTED_EDGE('',*,*,#180,.T.);
#113=ORIENTED_EDGE('',*,*,#181,.T.);
#114=ORIENTED_EDGE('',*,*,#182,.T.);
#115=ORIENTED_EDGE('',*,*,#183,.T.);
#116=ORIENTED_EDGE('',*,*,#184,.T.);
#117=ORIENTED_EDGE('',*,*,#171,.T.);
#118=ORIENTED_EDGE('',*,*,#185,.F.);
#119=ORIENTED_EDGE('',*,*,#178,.F.);
#120=ORIENTED_EDGE('',*,*,#186,.T.);
#121=ORIENTED_EDGE('',*,*,#177,.T.);
#122=ORIENTED_EDGE('',*,*,#187,.F.);
#123=ORIENTED_EDGE('',*,*,#179,.F.);
#124=ORIENTED_EDGE('',*,*,#185,.T.);
#125=ORIENTED_EDGE('',*,*,#176,.T.);
#126=ORIENTED_EDGE('',*,*,#188,.F.);
#127=ORIENTED_EDGE('',*,*,#180,.F.);
#128=ORIENTED_EDGE('',*,*,#187,.T.);
#129=ORIENTED_EDGE('',*,*,#175,.T.);
#130=ORIENTED_EDGE('',*,*,#189,.F.);
#131=ORIENTED_EDGE('',*,*,#181,.F.);
#132=ORIENTED_EDGE('',*,*,#188,.T.);
#133=ORIENTED_EDGE('',*,*,#174,.T.);
#134=ORIENTED_EDGE('',*,*,#190,.F.);
#135=ORIENTED_EDGE('',*,*,#182,.F.);
#136=ORIENTED_EDGE('',*,*,#189,.T.);
#137=ORIENTED_EDGE('',*,*,#173,.T.);
#138=ORIENTED_EDGE('',*,*,#191,.F.);
#139=ORIENTED_EDGE('',*,*,#183,.F.);
#140=ORIENTED_EDGE('',*,*,#190,.T.);
#141=ORIENTED_EDGE('',*,*,#172,.T.);
#142=ORIENTED_EDGE('',*,*,#186,.F.);
#143=ORIENTED_EDGE('',*,*,#184,.F.);
#144=ORIENTED_EDGE('',*,*,#191,.T.);
#145=EDGE_CURVE('',#192,#193,#224,.T.);
#146=EDGE_CURVE('',#194,#192,#21,.T.);
#147=EDGE_CURVE('',#194,#195,#225,.T.);
#148=EDGE_CURVE('',#195,#193,#22,.T.);
#149=EDGE_CURVE('',#193,#196,#226,.T.);
#150=EDGE_CURVE('',#195,#197,#227,.T.);
#151=EDGE_CURVE('',#197,#196,#23,.T.);
#152=EDGE_CURVE('',#196,#198,#228,.T.);
#153=EDGE_CURVE('',#197,#199,#229,.T.);
#154=EDGE_CURVE('',#199,#198,#24,.T.);
#155=EDGE_CURVE('',#198,#200,#230,.T.);
#156=EDGE_CURVE('',#199,#201,#231,.T.);
#157=EDGE_CURVE('',#201,#200,#25,.T.);
#158=EDGE_CURVE('',#200,#202,#232,.T.);
#159=EDGE_CURVE('',#201,#203,#233,.T.);
#160=EDGE_CURVE('',#203,#202,#26,.T.);
#161=EDGE_CURVE('',#202,#204,#234,.T.);
#162=EDGE_CURVE('',#203,#205,#235,.T.);
#163=EDGE_CURVE('',#205,#204,#27,.T.);
#164=EDGE_CURVE('',#204,#206,#236,.T.);
#165=EDGE_CURVE('',#205,#207,#237,.T.);
#166=EDGE_CURVE('',#207,#206,#28,.T.);
#167=EDGE_CURVE('',#206,#192,#238,.T.);
#168=EDGE_CURVE('',#207,#194,#239,.T.);
#169=EDGE_CURVE('',#208,#208,#240,.T.);
#170=EDGE_CURVE('',#209,#209,#241,.T.);
#171=EDGE_CURVE('',#210,#211,#242,.T.);
#172=EDGE_CURVE('',#212,#210,#243,.T.);
#173=EDGE_CURVE('',#213,#212,#14,.F.);
#174=EDGE_CURVE('',#214,#213,#244,.T.);
#175=EDGE_CURVE('',#215,#214,#245,.T.);
#176=EDGE_CURVE('',#216,#215,#246,.T.);
#177=EDGE_CURVE('',#211,#216,#15,.F.);
#178=EDGE_CURVE('',#217,#218,#247,.T.);
#179=EDGE_CURVE('',#218,#219,#16,.F.);
#180=EDGE_CURVE('',#219,#220,#248,.T.);
#181=EDGE_CURVE('',#220,#221,#249,.T.);
#182=EDGE_CURVE('',#221,#222,#250,.T.);
#183=EDGE_CURVE('',#222,#223,#17,.F.);
#184=EDGE_CURVE('',#223,#217,#251,.T.);
#185=EDGE_CURVE('',#218,#211,#29,.T.);
#186=EDGE_CURVE('',#217,#210,#30,.T.);
#187=EDGE_CURVE('',#219,#216,#31,.T.);
#188=EDGE_CURVE('',#220,#215,#32,.T.);
#189=EDGE_CURVE('',#221,#214,#33,.T.);
#190=EDGE_CURVE('',#222,#213,#34,.T.);
#191=EDGE_CURVE('',#223,#212,#35,.T.);
#192=VERTEX_POINT('',#416);
#193=VERTEX_POINT('',#417);
#194=VERTEX_POINT('',#419);
#195=VERTEX_POINT('',#431);
#196=VERTEX_POINT('',#610);
#197=VERTEX_POINT('',#698);
#198=VERTEX_POINT('',#852);
#199=VERTEX_POINT('',#931);
#200=VERTEX_POINT('',#1036);
#201=VERTEX_POINT('',#1086);
#202=VERTEX_POINT('',#1125);
#203=VERTEX_POINT('',#1143);
#204=VERTEX_POINT('',#1239);
#205=VERTEX_POINT('',#1286);
#206=VERTEX_POINT('',#1301);
#207=VERTEX_POINT('',#1307);
#208=VERTEX_POINT('',#1717);
#209=VERTEX_POINT('',#1780);
#210=VERTEX_POINT('',#1875);
#211=VERTEX_POINT('',#1876);
#212=VERTEX_POINT('',#1919);
#213=VERTEX_POINT('',#1921);
#214=VERTEX_POINT('',#1988);
#215=VERTEX_POINT('',#2071);
#216=VERTEX_POINT('',#2175);
#217=VERTEX_POINT('',#2270);
#218=VERTEX_POINT('',#2271);
#219=VERTEX_POINT('',#2273);
#220=VERTEX_POINT('',#2377);
#221=VERTEX_POINT('',#2460);
#222=VERTEX_POINT('',#2527);
#223=VERTEX_POINT('',#2529);
#224=B_SPLINE_CURVE_WITH_KNOTS('',3,(#405,#406,#407,#408,#409,#410,#411,
#412,#413,#414,#415),.UNSPECIFIED.,.F.,.F.,(4,1,1,1,1,1,1,1,4),(0.563986695439744,
0.565868498320538,0.567750301201333,0.568691202641731,0.569632104082128,
0.571513906962923,0.573395709843718,0.575277512724512,0.579041118486102),
 .UNSPECIFIED.);
#225=B_SPLINE_CURVE_WITH_KNOTS('',3,(#420,#421,#422,#423,#424,#425,#426,
#427,#428,#429,#430),.UNSPECIFIED.,.F.,.F.,(4,1,1,1,1,1,1,1,4),(0.563986695439744,
0.565868498320538,0.567750301201333,0.568691202641731,0.569632104082128,
0.571513906962923,0.573395709843718,0.575277512724512,0.579041118486102),
 .UNSPECIFIED.);
#226=B_SPLINE_CURVE_WITH_KNOTS('',3,(#523,#524,#525,#526,#527,#528,#529,
#530,#531,#532,#533,#534,#535,#536,#537,#538,#539,#540,#541,#542,#543,#544,
#545,#546,#547,#548,#549,#550,#551,#552,#553,#554,#555,#556,#557,#558,#559,
#560,#561,#562,#563,#564,#565,#566,#567,#568,#569,#570,#571,#572,#573,#574,
#575,#576,#577,#578,#579,#580,#581,#582,#583,#584,#585,#586,#587,#588,#589,
#590,#591,#592,#593,#594,#595,#596,#597,#598,#599,#600,#601,#602,#603,#604,
#605,#606,#607,#608,#609),.UNSPECIFIED.,.F.,.F.,(4,1,1,1,1,1,1,1,1,1,1,
1,1,1,1,1,1,1,1,1,1,1,1,1,1,1,1,1,1,1,1,1,1,1,1,1,1,1,1,1,1,1,1,1,1,1,1,
1,1,1,1,1,1,1,1,1,1,1,1,1,1,1,1,1,1,1,1,1,1,1,1,1,1,1,1,1,1,1,1,1,1,1,1,
1,4),(0.599587588552976,0.603536481910961,0.607485375268946,0.615383161984915,
0.6193320553429,0.621306502021892,0.623280948700884,0.627229842058869,0.631178735416853,
0.635127628774838,0.639076522132823,0.641050968811815,0.643025415490807,
0.6449998621698,0.646974308848792,0.650923202206777,0.654872095564761,0.658820988922746,
0.660795435601738,0.662769882280731,0.664744328959723,0.666718775638715,
0.6706676689967,0.674616562354684,0.678565455712669,0.682514349070654,0.686463242428638,
0.690412135786623,0.694361029144608,0.6963354758236,0.698309922502592,0.700284369181585,
0.701271592521081,0.702258815860577,0.704233262539569,0.706207709218562,
0.708182155897554,0.710156602576546,0.712131049255538,0.714105495934531,
0.715092719274027,0.716079942613523,0.717067165953019,0.718054389292515,
0.719041612632012,0.720028835971508,0.7220032826505,0.723977729329492,0.725952176008485,
0.727926622687477,0.729901069366469,0.731875516045462,0.733849962724454,
0.735824409403446,0.737798856082438,0.741747749440423,0.745696642798408,
0.749645536156392,0.753594429514377,0.757543322872362,0.761492216230346,
0.765441109588331,0.769390002946315,0.7733388963043,0.777287789662285,0.781236683020269,
0.789134469736239,0.797032256452208,0.800981149810192,0.804930043168177,
0.808878936526162,0.812827829884146,0.816776723242131,0.820725616600116,
0.822700063279108,0.8246745099581,0.828623403316085,0.83257229667407,0.836521190032054,
0.838495636711047,0.840470083390039,0.842444530069031,0.844418976748024,
0.848367870106008,0.852316763463993),.UNSPECIFIED.);
#227=B_SPLINE_CURVE_WITH_KNOTS('',3,(#611,#612,#613,#614,#615,#616,#617,
#618,#619,#620,#621,#622,#623,#624,#625,#626,#627,#628,#629,#630,#631,#632,
#633,#634,#635,#636,#637,#638,#639,#640,#641,#642,#643,#644,#645,#646,#647,
#648,#649,#650,#651,#652,#653,#654,#655,#656,#657,#658,#659,#660,#661,#662,
#663,#664,#665,#666,#667,#668,#669,#670,#671,#672,#673,#674,#675,#676,#677,
#678,#679,#680,#681,#682,#683,#684,#685,#686,#687,#688,#689,#690,#691,#692,
#693,#694,#695,#696,#697),.UNSPECIFIED.,.F.,.F.,(4,1,1,1,1,1,1,1,1,1,1,
1,1,1,1,1,1,1,1,1,1,1,1,1,1,1,1,1,1,1,1,1,1,1,1,1,1,1,1,1,1,1,1,1,1,1,1,
1,1,1,1,1,1,1,1,1,1,1,1,1,1,1,1,1,1,1,1,1,1,1,1,1,1,1,1,1,1,1,1,1,1,1,1,
1,4),(0.599587588552976,0.603536481910961,0.607485375268946,0.615383161984915,
0.6193320553429,0.621306502021892,0.623280948700884,0.627229842058869,0.631178735416853,
0.635127628774838,0.639076522132823,0.641050968811815,0.643025415490807,
0.6449998621698,0.646974308848792,0.650923202206777,0.654872095564761,0.658820988922746,
0.660795435601738,0.662769882280731,0.664744328959723,0.666718775638715,
0.6706676689967,0.674616562354684,0.678565455712669,0.682514349070654,0.686463242428638,
0.690412135786623,0.694361029144608,0.6963354758236,0.698309922502592,0.700284369181585,
0.701271592521081,0.702258815860577,0.704233262539569,0.706207709218562,
0.708182155897554,0.710156602576546,0.712131049255538,0.714105495934531,
0.715092719274027,0.716079942613523,0.717067165953019,0.718054389292515,
0.719041612632012,0.720028835971508,0.7220032826505,0.723977729329492,0.725952176008485,
0.727926622687477,0.729901069366469,0.731875516045462,0.733849962724454,
0.735824409403446,0.737798856082438,0.741747749440423,0.745696642798408,
0.749645536156392,0.753594429514377,0.757543322872362,0.761492216230346,
0.765441109588331,0.769390002946315,0.7733388963043,0.777287789662285,0.781236683020269,
0.789134469736239,0.797032256452208,0.800981149810192,0.804930043168177,
0.808878936526162,0.812827829884146,0.816776723242131,0.820725616600116,
0.822700063279108,0.8246745099581,0.828623403316085,0.83257229667407,0.836521190032054,
0.838495636711047,0.840470083390039,0.842444530069031,0.844418976748024,
0.848367870106008,0.852316763463993),.UNSPECIFIED.);
#228=B_SPLINE_CURVE_WITH_KNOTS('',3,(#774,#775,#776,#777,#778,#779,#780,
#781,#782,#783,#784,#785,#786,#787,#788,#789,#790,#791,#792,#793,#794,#795,
#796,#797,#798,#799,#800,#801,#802,#803,#804,#805,#806,#807,#808,#809,#810,
#811,#812,#813,#814,#815,#816,#817,#818,#819,#820,#821,#822,#823,#824,#825,
#826,#827,#828,#829,#830,#831,#832,#833,#834,#835,#836,#837,#838,#839,#840,
#841,#842,#843,#844,#845,#846,#847,#848,#849,#850,#851),.UNSPECIFIED.,.F.,
 .F.,(4,1,1,1,1,1,1,1,1,1,1,1,1,1,1,1,1,1,1,1,1,1,1,1,1,1,1,1,1,1,1,1,1,
1,1,1,1,1,1,1,1,1,1,1,1,1,1,1,1,1,1,1,1,1,1,1,1,1,1,1,1,1,1,1,1,1,1,1,1,
1,1,1,1,1,1,4),(0.880262272122696,0.886320573733374,0.889349724538714,0.892378875344053,
0.895408026149392,0.898437176954732,0.901466327760071,0.90449547856541,
0.90752462937075,0.909039204773419,0.910553780176089,0.912068355578759,
0.913582930981428,0.916612081786768,0.919641232592107,0.922670383397446,
0.925699534202786,0.928728685008125,0.934786986618804,0.940845288229482,
0.942359863632152,0.943874439034822,0.946903589840161,0.9499327406455,0.95296189145084,
0.955991042256179,0.959020193061518,0.960534768464188,0.962049343866858,
0.965078494672197,0.968107645477536,0.971136796282876,0.974165947088215,
0.975680522490885,0.977195097893554,0.978709673296224,0.980224248698894,
0.983253399504233,0.986282550309572,0.989311701114912,0.992340851920251,
0.995370002725591,0.99839915353093,1.00142830433627,1.00445745514161,1.00748660594695,
1.01051575675229,1.01354490755763,1.01657405836297,1.0196032091683,1.02263235997364,
1.02566151077898,1.02869066158432,1.03171981238966,1.03323438779233,1.034748963195,
1.03777811400034,1.04080726480568,1.04383641561102,1.04535099101369,1.04686556641636,
1.04838014181903,1.0498947172217,1.05292386802704,1.05595301883238,1.05898216963772,
1.06049674504039,1.06201132044306,1.06352589584572,1.06504047124839,1.06579775894973,
1.06655504665106,1.06806962205373,1.0695841974564,1.07109877285907,1.07412792366441),
 .UNSPECIFIED.);
#229=B_SPLINE_CURVE_WITH_KNOTS('',3,(#853,#854,#855,#856,#857,#858,#859,
#860,#861,#862,#863,#864,#865,#866,#867,#868,#869,#870,#871,#872,#873,#874,
#875,#876,#877,#878,#879,#880,#881,#882,#883,#884,#885,#886,#887,#888,#889,
#890,#891,#892,#893,#894,#895,#896,#897,#898,#899,#900,#901,#902,#903,#904,
#905,#906,#907,#908,#909,#910,#911,#912,#913,#914,#915,#916,#917,#918,#919,
#920,#921,#922,#923,#924,#925,#926,#927,#928,#929,#930),.UNSPECIFIED.,.F.,
 .F.,(4,1,1,1,1,1,1,1,1,1,1,1,1,1,1,1,1,1,1,1,1,1,1,1,1,1,1,1,1,1,1,1,1,
1,1,1,1,1,1,1,1,1,1,1,1,1,1,1,1,1,1,1,1,1,1,1,1,1,1,1,1,1,1,1,1,1,1,1,1,
1,1,1,1,1,1,4),(0.880262272122696,0.886320573733374,0.889349724538714,0.892378875344053,
0.895408026149392,0.898437176954732,0.901466327760071,0.90449547856541,
0.90752462937075,0.909039204773419,0.910553780176089,0.912068355578759,
0.913582930981428,0.916612081786768,0.919641232592107,0.922670383397446,
0.925699534202786,0.928728685008125,0.934786986618804,0.940845288229482,
0.942359863632152,0.943874439034822,0.946903589840161,0.9499327406455,0.95296189145084,
0.955991042256179,0.959020193061518,0.960534768464188,0.962049343866858,
0.965078494672197,0.968107645477536,0.971136796282876,0.974165947088215,
0.975680522490885,0.977195097893554,0.978709673296224,0.980224248698894,
0.983253399504233,0.986282550309572,0.989311701114912,0.992340851920251,
0.995370002725591,0.99839915353093,1.00142830433627,1.00445745514161,1.00748660594695,
1.01051575675229,1.01354490755763,1.01657405836297,1.0196032091683,1.02263235997364,
1.02566151077898,1.02869066158432,1.03171981238966,1.03323438779233,1.034748963195,
1.03777811400034,1.04080726480568,1.04383641561102,1.04535099101369,1.04686556641636,
1.04838014181903,1.0498947172217,1.05292386802704,1.05595301883238,1.05898216963772,
1.06049674504039,1.06201132044306,1.06352589584572,1.06504047124839,1.06579775894973,
1.06655504665106,1.06806962205373,1.0695841974564,1.07109877285907,1.07412792366441),
 .UNSPECIFIED.);
#230=B_SPLINE_CURVE_WITH_KNOTS('',3,(#987,#988,#989,#990,#991,#992,#993,
#994,#995,#996,#997,#998,#999,#1000,#1001,#1002,#1003,#1004,#1005,#1006,
#1007,#1008,#1009,#1010,#1011,#1012,#1013,#1014,#1015,#1016,#1017,#1018,
#1019,#1020,#1021,#1022,#1023,#1024,#1025,#1026,#1027,#1028,#1029,#1030,
#1031,#1032,#1033,#1034,#1035),.UNSPECIFIED.,.F.,.F.,(4,1,1,1,1,1,1,1,1,
1,1,1,1,1,1,1,1,1,1,1,1,1,1,1,1,1,1,1,1,1,1,1,1,1,1,1,1,1,1,1,1,1,1,1,1,
1,4),(0.0946722134339419,0.10039672061005,0.103258974198105,0.106121227786159,
0.108983481374213,0.111845734962268,0.114707988550322,0.116139115344349,
0.117570242138376,0.12043249572643,0.121863622520457,0.123294749314485,
0.124725876108512,0.126157002902539,0.127588129696566,0.12830369309358,
0.129019256490593,0.13045038328462,0.131881510078647,0.134743763666702,
0.137606017254756,0.14046827084281,0.141183834239824,0.141899397636837,
0.143330524430865,0.146192778018919,0.149055031606973,0.150486158401,0.151917285195028,
0.153348411989055,0.154063975386068,0.154779538783081,0.155495102180096,
0.156210665577109,0.157641792371136,0.159072919165163,0.160504045959191,
0.163366299547245,0.166228553135299,0.169090806723353,0.171953060311408,
0.174815313899462,0.176246440693489,0.177677567487516,0.18053982107557,
0.183402074663624,0.186264328251679),.UNSPECIFIED.);
#231=B_SPLINE_CURVE_WITH_KNOTS('',3,(#1037,#1038,#1039,#1040,#1041,#1042,
#1043,#1044,#1045,#1046,#1047,#1048,#1049,#1050,#1051,#1052,#1053,#1054,
#1055,#1056,#1057,#1058,#1059,#1060,#1061,#1062,#1063,#1064,#1065,#1066,
#1067,#1068,#1069,#1070,#1071,#1072,#1073,#1074,#1075,#1076,#1077,#1078,
#1079,#1080,#1081,#1082,#1083,#1084,#1085),.UNSPECIFIED.,.F.,.F.,(4,1,1,
1,1,1,1,1,1,1,1,1,1,1,1,1,1,1,1,1,1,1,1,1,1,1,1,1,1,1,1,1,1,1,1,1,1,1,1,
1,1,1,1,1,1,1,4),(0.0946722134339419,0.10039672061005,0.103258974198105,
0.106121227786159,0.108983481374213,0.111845734962268,0.114707988550322,
0.116139115344349,0.117570242138376,0.12043249572643,0.121863622520457,
0.123294749314485,0.124725876108512,0.126157002902539,0.127588129696566,
0.12830369309358,0.129019256490593,0.13045038328462,0.131881510078647,0.134743763666702,
0.137606017254756,0.14046827084281,0.141183834239824,0.141899397636837,
0.143330524430865,0.146192778018919,0.149055031606973,0.150486158401,0.151917285195028,
0.153348411989055,0.154063975386068,0.154779538783081,0.155495102180096,
0.156210665577109,0.157641792371136,0.159072919165163,0.160504045959191,
0.163366299547245,0.166228553135299,0.169090806723353,0.171953060311408,
0.174815313899462,0.176246440693489,0.177677567487516,0.18053982107557,
0.183402074663624,0.186264328251679),.UNSPECIFIED.);
#232=B_SPLINE_CURVE_WITH_KNOTS('',3,(#1108,#1109,#1110,#1111,#1112,#1113,
#1114,#1115,#1116,#1117,#1118,#1119,#1120,#1121,#1122,#1123,#1124),
 .UNSPECIFIED.,.F.,.F.,(4,1,1,1,1,1,1,1,1,1,1,1,1,1,4),(0.20866159209222,
0.210964029640268,0.213266467188317,0.214417685962341,0.215568904736366,
0.21672012351039,0.217295732897402,0.217871342284414,0.218446951671426,
0.219022561058439,0.220173779832463,0.221324998606487,0.222476217380512,
0.22477865492856,0.227081092476609),.UNSPECIFIED.);
#233=B_SPLINE_CURVE_WITH_KNOTS('',3,(#1126,#1127,#1128,#1129,#1130,#1131,
#1132,#1133,#1134,#1135,#1136,#1137,#1138,#1139,#1140,#1141,#1142),
 .UNSPECIFIED.,.F.,.F.,(4,1,1,1,1,1,1,1,1,1,1,1,1,1,4),(0.20866159209222,
0.210964029640268,0.213266467188317,0.214417685962341,0.215568904736366,
0.21672012351039,0.217295732897402,0.217871342284414,0.218446951671426,
0.219022561058439,0.220173779832463,0.221324998606487,0.222476217380512,
0.22477865492856,0.227081092476609),.UNSPECIFIED.);
#234=B_SPLINE_CURVE_WITH_KNOTS('',3,(#1193,#1194,#1195,#1196,#1197,#1198,
#1199,#1200,#1201,#1202,#1203,#1204,#1205,#1206,#1207,#1208,#1209,#1210,
#1211,#1212,#1213,#1214,#1215,#1216,#1217,#1218,#1219,#1220,#1221,#1222,
#1223,#1224,#1225,#1226,#1227,#1228,#1229,#1230,#1231,#1232,#1233,#1234,
#1235,#1236,#1237,#1238),.UNSPECIFIED.,.F.,.F.,(4,1,1,1,1,1,1,1,1,1,1,1,
1,1,1,1,1,1,1,1,1,1,1,1,1,1,1,1,1,1,1,1,1,1,1,1,1,1,1,1,1,1,1,4),(0.237964931248347,
0.240349587823474,0.242734244398601,0.245118900973727,0.247503557548854,
0.24988821412398,0.252272870699107,0.25704218384936,0.258234512136923,0.259426840424486,
0.261811496999613,0.264196153574739,0.266580810149866,0.271350123300119,
0.276119436450372,0.278504093025499,0.280888749600625,0.285658062750878,
0.290427375901131,0.295196689051384,0.297581345626511,0.299966002201637,
0.304735315351891,0.309504628502143,0.314273941652397,0.31904325480265,
0.323812567952902,0.328581881103156,0.333351194253409,0.335735850828535,
0.338120507403662,0.342889820553915,0.347659133704168,0.35242844685442,
0.357197760004674,0.361967073154927,0.36673638630518,0.371505699455433,
0.373890356030559,0.376275012605686,0.378659669180812,0.381044325755939,
0.385813638906192,0.390582952056445),.UNSPECIFIED.);
#235=B_SPLINE_CURVE_WITH_KNOTS('',3,(#1240,#1241,#1242,#1243,#1244,#1245,
#1246,#1247,#1248,#1249,#1250,#1251,#1252,#1253,#1254,#1255,#1256,#1257,
#1258,#1259,#1260,#1261,#1262,#1263,#1264,#1265,#1266,#1267,#1268,#1269,
#1270,#1271,#1272,#1273,#1274,#1275,#1276,#1277,#1278,#1279,#1280,#1281,
#1282,#1283,#1284,#1285),.UNSPECIFIED.,.F.,.F.,(4,1,1,1,1,1,1,1,1,1,1,1,
1,1,1,1,1,1,1,1,1,1,1,1,1,1,1,1,1,1,1,1,1,1,1,1,1,1,1,1,1,1,1,4),(0.237964931248347,
0.240349587823474,0.242734244398601,0.245118900973727,0.247503557548854,
0.24988821412398,0.252272870699107,0.25704218384936,0.258234512136923,0.259426840424486,
0.261811496999613,0.264196153574739,0.266580810149866,0.271350123300119,
0.276119436450372,0.278504093025499,0.280888749600625,0.285658062750878,
0.290427375901131,0.295196689051384,0.297581345626511,0.299966002201637,
0.304735315351891,0.309504628502143,0.314273941652397,0.31904325480265,
0.323812567952902,0.328581881103156,0.333351194253409,0.335735850828535,
0.338120507403662,0.342889820553915,0.347659133704168,0.35242844685442,
0.357197760004674,0.361967073154927,0.36673638630518,0.371505699455433,
0.373890356030559,0.376275012605686,0.378659669180812,0.381044325755939,
0.385813638906192,0.390582952056445),.UNSPECIFIED.);
#236=B_SPLINE_CURVE_WITH_KNOTS('',3,(#1296,#1297,#1298,#1299,#1300),
 .UNSPECIFIED.,.F.,.F.,(4,1,4),(0.408863261947574,0.412742976317836,0.416622690688099),
 .QUASI_UNIFORM_KNOTS.);
#237=B_SPLINE_CURVE_WITH_KNOTS('',3,(#1302,#1303,#1304,#1305,#1306),
 .UNSPECIFIED.,.F.,.F.,(4,1,4),(0.408863261947574,0.412742976317836,0.416622690688099),
 .QUASI_UNIFORM_KNOTS.);
#238=B_SPLINE_CURVE_WITH_KNOTS('',3,(#1389,#1390,#1391,#1392,#1393,#1394,
#1395,#1396,#1397,#1398,#1399,#1400,#1401,#1402,#1403,#1404,#1405,#1406,
#1407,#1408,#1409,#1410,#1411,#1412,#1413,#1414,#1415,#1416,#1417,#1418,
#1419,#1420,#1421,#1422,#1423,#1424,#1425,#1426,#1427,#1428,#1429,#1430,
#1431,#1432,#1433,#1434,#1435,#1436,#1437,#1438,#1439,#1440,#1441,#1442,
#1443,#1444,#1445,#1446,#1447,#1448,#1449,#1450,#1451,#1452,#1453,#1454,
#1455,#1456,#1457,#1458,#1459),.UNSPECIFIED.,.F.,.F.,(4,1,1,1,1,1,1,1,1,
1,1,1,1,1,1,1,1,1,1,1,1,1,1,1,1,1,1,1,1,1,1,1,1,1,1,1,1,1,1,1,1,1,1,1,1,
1,1,1,1,1,1,1,1,1,1,1,1,1,1,1,1,1,1,1,1,1,1,1,4),(0.438043166040838,0.441836674329799,
0.44563018261876,0.449423690907721,0.451320445052202,0.453217199196683,
0.454165576268923,0.455113953341163,0.457010707485644,0.458907461630124,
0.460804215774605,0.462700969919085,0.464597724063566,0.465546101135806,
0.466494478208047,0.467442855280287,0.468391232352527,0.470287986497008,
0.472184740641488,0.474081494785969,0.475978248930449,0.47692662600269,
0.47787500307493,0.47834919161105,0.47882338014717,0.479771757219411,0.480720134291651,
0.481668511363891,0.483565265508372,0.485462019652852,0.487358773797333,
0.491152282086294,0.494945790375255,0.496842544519736,0.498739298664216,
0.502532806953178,0.506326315242139,0.5101198235311,0.513913331820061,0.515810085964542,
0.517706840109022,0.521500348397983,0.523397102542464,0.525293856686945,
0.527190610831425,0.529087364975906,0.530984119120386,0.532880873264867,
0.534777627409347,0.536674381553828,0.538571135698309,0.540467889842789,
0.54141626691503,0.54236464398727,0.54283883252339,0.54331302105951,0.54378720959563,
0.54426139813175,0.545209775203991,0.546158152276231,0.548054906420712,
0.549951660565192,0.551848414709673,0.553745168854153,0.555641922998634,
0.556590300070874,0.557538677143114,0.558487054215355,0.559435431287595),
 .UNSPECIFIED.);
#239=B_SPLINE_CURVE_WITH_KNOTS('',3,(#1460,#1461,#1462,#1463,#1464,#1465,
#1466,#1467,#1468,#1469,#1470,#1471,#1472,#1473,#1474,#1475,#1476,#1477,
#1478,#1479,#1480,#1481,#1482,#1483,#1484,#1485,#1486,#1487,#1488,#1489,
#1490,#1491,#1492,#1493,#1494,#1495,#1496,#1497,#1498,#1499,#1500,#1501,
#1502,#1503,#1504,#1505,#1506,#1507,#1508,#1509,#1510,#1511,#1512,#1513,
#1514,#1515,#1516,#1517,#1518,#1519,#1520,#1521,#1522,#1523,#1524,#1525,
#1526,#1527,#1528,#1529,#1530),.UNSPECIFIED.,.F.,.F.,(4,1,1,1,1,1,1,1,1,
1,1,1,1,1,1,1,1,1,1,1,1,1,1,1,1,1,1,1,1,1,1,1,1,1,1,1,1,1,1,1,1,1,1,1,1,
1,1,1,1,1,1,1,1,1,1,1,1,1,1,1,1,1,1,1,1,1,1,1,4),(0.438043166040838,0.441836674329799,
0.44563018261876,0.449423690907721,0.451320445052202,0.453217199196683,
0.454165576268923,0.455113953341163,0.457010707485644,0.458907461630124,
0.460804215774605,0.462700969919085,0.464597724063566,0.465546101135806,
0.466494478208047,0.467442855280287,0.468391232352527,0.470287986497008,
0.472184740641488,0.474081494785969,0.475978248930449,0.47692662600269,
0.47787500307493,0.47834919161105,0.47882338014717,0.479771757219411,0.480720134291651,
0.481668511363891,0.483565265508372,0.485462019652852,0.487358773797333,
0.491152282086294,0.494945790375255,0.496842544519736,0.498739298664216,
0.502532806953178,0.506326315242139,0.5101198235311,0.513913331820061,0.515810085964542,
0.517706840109022,0.521500348397983,0.523397102542464,0.525293856686945,
0.527190610831425,0.529087364975906,0.530984119120386,0.532880873264867,
0.534777627409347,0.536674381553828,0.538571135698309,0.540467889842789,
0.54141626691503,0.54236464398727,0.54283883252339,0.54331302105951,0.54378720959563,
0.54426139813175,0.545209775203991,0.546158152276231,0.548054906420712,
0.549951660565192,0.551848414709673,0.553745168854153,0.555641922998634,
0.556590300070874,0.557538677143114,0.558487054215355,0.559435431287595),
 .UNSPECIFIED.);
#240=B_SPLINE_CURVE_WITH_KNOTS('',3,(#1655,#1656,#1657,#1658,#1659,#1660,
#1661,#1662,#1663,#1664,#1665,#1666,#1667,#1668,#1669,#1670,#1671,#1672,
#1673,#1674,#1675,#1676,#1677,#1678,#1679,#1680,#1681,#1682,#1683,#1684,
#1685,#1686,#1687,#1688,#1689,#1690,#1691,#1692,#1693,#1694,#1695,#1696,
#1697,#1698,#1699,#1700,#1701,#1702,#1703,#1704,#1705,#1706,#1707,#1708,
#1709,#1710,#1711,#1712,#1713,#1714,#1715,#1716),.UNSPECIFIED.,.T.,.F.,
(1,1,1,1,1,1,1,1,1,1,1,1,1,1,1,1,1,1,1,1,1,1,1,1,1,1,1,1,1,1,1,1,1,1,1,
1,1,1,1,1,1,1,1,1,1,1,1,1,1,1,1,1,1,1,1,1,1,1,1,1,1,1,1,1,1,1),(-0.0567626313081052,
-0.0394774456121497,-0.0229201248992017,0.,0.0160963448508482,0.0325249690378267,
0.049090629124569,0.0652028352706377,0.0827710502153107,0.0924206339862876,
0.117236168075954,0.128472394373045,0.141746443106044,0.15468416654378,
0.177176613221886,0.195249820788908,0.20481400719628,0.217956614982179,
0.231278965264526,0.243856639815147,0.259086591612226,0.277316484607391,
0.296632760460246,0.316366101634147,0.336496266559991,0.358065863051266,
0.377313481691199,0.397935862707435,0.40732202819185,0.425550365175844,
0.434507356985696,0.453411371853033,0.465222491099019,0.478116281868716,
0.495658255019958,0.514386083360219,0.528421683241555,0.543387623020171,
0.558476286443515,0.569032744660441,0.587766336716246,0.596710130005089,
0.621590443906419,0.642429549367434,0.662638162848537,0.683715802124159,
0.701965972173105,0.717567911003151,0.734098062561742,0.755348435343839,
0.775804773907953,0.799809674570338,0.821577431121352,0.84046882479895,
0.862725511119301,0.87110149548919,0.891156981213506,0.910570509031477,
0.927180820165773,0.943237368691895,0.96052255438785,0.977079875100798,
1.,1.01609634485085,1.03252496903783,1.04909062912457),.UNSPECIFIED.);
#241=B_SPLINE_CURVE_WITH_KNOTS('',3,(#1718,#1719,#1720,#1721,#1722,#1723,
#1724,#1725,#1726,#1727,#1728,#1729,#1730,#1731,#1732,#1733,#1734,#1735,
#1736,#1737,#1738,#1739,#1740,#1741,#1742,#1743,#1744,#1745,#1746,#1747,
#1748,#1749,#1750,#1751,#1752,#1753,#1754,#1755,#1756,#1757,#1758,#1759,
#1760,#1761,#1762,#1763,#1764,#1765,#1766,#1767,#1768,#1769,#1770,#1771,
#1772,#1773,#1774,#1775,#1776,#1777,#1778,#1779),.UNSPECIFIED.,.T.,.F.,
(1,1,1,1,1,1,1,1,1,1,1,1,1,1,1,1,1,1,1,1,1,1,1,1,1,1,1,1,1,1,1,1,1,1,1,
1,1,1,1,1,1,1,1,1,1,1,1,1,1,1,1,1,1,1,1,1,1,1,1,1,1,1,1,1,1,1),(-0.0567626313081052,
-0.0394774456121497,-0.0229201248992017,0.,0.0160963448508482,0.0325249690378267,
0.049090629124569,0.0652028352706377,0.0827710502153107,0.0924206339862876,
0.117236168075954,0.128472394373045,0.141746443106044,0.15468416654378,
0.177176613221886,0.195249820788908,0.20481400719628,0.217956614982179,
0.231278965264526,0.243856639815147,0.259086591612226,0.277316484607391,
0.296632760460246,0.316366101634147,0.336496266559991,0.358065863051266,
0.377313481691199,0.397935862707435,0.40732202819185,0.425550365175844,
0.434507356985696,0.453411371853033,0.465222491099019,0.478116281868716,
0.495658255019958,0.514386083360219,0.528421683241555,0.543387623020171,
0.558476286443515,0.569032744660441,0.587766336716246,0.596710130005089,
0.621590443906419,0.642429549367434,0.662638162848537,0.683715802124159,
0.701965972173105,0.717567911003151,0.734098062561742,0.755348435343839,
0.775804773907953,0.799809674570338,0.821577431121352,0.84046882479895,
0.862725511119301,0.87110149548919,0.891156981213506,0.910570509031477,
0.927180820165773,0.943237368691895,0.96052255438785,0.977079875100798,
1.,1.01609634485085,1.03252496903783,1.04909062912457),.UNSPECIFIED.);
#242=B_SPLINE_CURVE_WITH_KNOTS('',3,(#1783,#1784,#1785,#1786,#1787,#1788,
#1789,#1790,#1791,#1792,#1793,#1794,#1795,#1796,#1797,#1798,#1799,#1800,
#1801,#1802,#1803,#1804,#1805,#1806,#1807,#1808,#1809,#1810,#1811,#1812,
#1813,#1814,#1815,#1816,#1817,#1818,#1819,#1820,#1821,#1822,#1823,#1824,
#1825,#1826,#1827,#1828,#1829,#1830,#1831,#1832,#1833,#1834,#1835,#1836,
#1837,#1838,#1839,#1840,#1841,#1842,#1843,#1844,#1845,#1846,#1847,#1848,
#1849,#1850,#1851,#1852,#1853,#1854,#1855,#1856,#1857,#1858,#1859,#1860,
#1861,#1862,#1863,#1864,#1865,#1866,#1867,#1868,#1869,#1870,#1871,#1872,
#1873,#1874),.UNSPECIFIED.,.F.,.F.,(4,1,1,1,1,1,1,1,1,1,1,1,1,1,1,1,1,1,
1,1,1,1,1,1,1,1,1,1,1,1,1,1,1,1,1,1,1,1,1,1,1,1,1,1,1,1,1,1,1,1,1,1,1,1,
1,1,1,1,1,1,1,1,1,1,1,1,1,1,1,1,1,1,1,1,1,1,1,1,1,1,1,1,1,1,1,1,1,1,1,4),
(0.459761705731099,0.461242643534785,0.462723581338471,0.463464050240314,
0.464204519142157,0.464944988043999,0.465315222494921,0.465685456945842,
0.466425925847685,0.467166394749528,0.468647332553214,0.4701282703569,0.470868739258743,
0.471609208160586,0.472349677062429,0.473090145964272,0.473830614866115,
0.474571083767958,0.476052021571644,0.476792490473487,0.47753295937533,
0.478273428277173,0.478643662728094,0.479013897179016,0.479754366080859,
0.480494834982702,0.481235303884545,0.481975772786387,0.48271624168823,
0.483456710590073,0.484197179491916,0.484937648393759,0.486418586197445,
0.487899524001131,0.489380461804817,0.492342337412189,0.493823275215875,
0.495304213019561,0.496785150823247,0.498266088626932,0.499747026430618,
0.501227964234304,0.504189839841676,0.507151715449048,0.51011359105642,
0.513075466663792,0.516037342271163,0.518999217878535,0.521961093485907,
0.523442031289593,0.524922969093279,0.526403906896965,0.527884844700651,
0.529365782504337,0.530846720308023,0.532327658111709,0.533808595915394,
0.534549064817237,0.53528953371908,0.536030002620923,0.536770471522766,
0.537510940424609,0.538251409326452,0.538991878228295,0.539732347130138,
0.540102581581059,0.540472816031981,0.540843050482902,0.541213284933824,
0.541953753835667,0.54269422273751,0.543064457188431,0.543249574413892,
0.543434691639353,0.543804926090274,0.544175160541196,0.544545394992117,
0.544915629443039,0.545656098344882,0.546026332795803,0.546396567246725,
0.547137036148568,0.54787750505041,0.548247739501332,0.548617973952253,
0.549358442854096,0.550098911755939,0.551579849559625,0.553060787363311,
0.554541725166997),.UNSPECIFIED.);
#243=B_SPLINE_CURVE_WITH_KNOTS('',3,(#1877,#1878,#1879,#1880,#1881,#1882,
#1883,#1884,#1885,#1886,#1887,#1888,#1889,#1890,#1891,#1892,#1893,#1894,
#1895,#1896,#1897,#1898,#1899,#1900,#1901,#1902,#1903,#1904,#1905,#1906,
#1907,#1908,#1909,#1910,#1911,#1912,#1913,#1914,#1915,#1916,#1917,#1918),
 .UNSPECIFIED.,.F.,.F.,(4,1,1,1,1,1,1,1,1,1,1,1,1,1,1,1,1,1,1,1,1,1,1,1,
1,1,1,1,1,1,1,1,1,1,1,1,1,1,1,4),(0.247800979023691,0.251402072401811,0.253202619090872,
0.255003165779932,0.256803712468993,0.258604259158053,0.260404805847113,
0.262205352536173,0.264005899225234,0.265806445914294,0.269407539292415,
0.273008632670535,0.274809179359596,0.276609726048656,0.278410272737717,
0.280210819426777,0.283811912804897,0.287413006183018,0.291014099561139,
0.294615192939259,0.29821628631738,0.3018173796955,0.305418473073621,0.309019566451742,
0.312620659829863,0.316221753207983,0.318022299897044,0.319822846586103,
0.323423939964224,0.327025033342345,0.330626126720466,0.334227220098586,
0.337828313476706,0.341429406854827,0.345030500232948,0.348631593611068,
0.35223268698919,0.35583378036731,0.35943487374543,0.363035967123551),
 .UNSPECIFIED.);
#244=B_SPLINE_CURVE_WITH_KNOTS('',3,(#1922,#1923,#1924,#1925,#1926,#1927,
#1928,#1929,#1930,#1931,#1932,#1933,#1934,#1935,#1936,#1937,#1938,#1939,
#1940,#1941,#1942,#1943,#1944,#1945,#1946,#1947,#1948,#1949,#1950,#1951,
#1952,#1953,#1954,#1955,#1956,#1957,#1958,#1959,#1960,#1961,#1962,#1963,
#1964,#1965,#1966,#1967,#1968,#1969,#1970,#1971,#1972,#1973,#1974,#1975,
#1976,#1977,#1978,#1979,#1980,#1981,#1982,#1983,#1984,#1985,#1986,#1987),
 .UNSPECIFIED.,.F.,.F.,(4,1,1,1,1,1,1,1,1,1,1,1,1,1,1,1,1,1,1,1,1,1,1,1,
1,1,1,1,1,1,1,1,1,1,1,1,1,1,1,1,1,1,1,1,1,1,1,1,1,1,1,1,1,1,1,1,1,1,1,1,
1,1,1,4),(0.101584757488687,0.103955944884922,0.106327132281157,0.108698319677392,
0.111069507073628,0.112255100771745,0.113440694469863,0.11462628816798,
0.115811881866098,0.116997475564215,0.118183069262333,0.11936866296045,
0.120554256658568,0.121147053507627,0.121739850356686,0.122332647205744,
0.122925444054803,0.123518240903862,0.124111037752921,0.124703834601979,
0.125296631451038,0.126482225149156,0.127667818847273,0.128853412545391,
0.130039006243508,0.131224599941626,0.132410193639744,0.133595787337861,
0.134781381035979,0.137152568432214,0.138338162130331,0.139523755828449,
0.140709349526566,0.141894943224684,0.143080536922801,0.144266130620919,
0.145451724319037,0.146637318017154,0.149008505413389,0.150194099111507,
0.150786895960565,0.151379692809624,0.151972489658683,0.152565286507742,
0.153158083356801,0.15375088020586,0.154343677054918,0.154640075479447,
0.154936473903977,0.155529270753036,0.156122067602094,0.156714864451153,
0.157307661300212,0.15849325499833,0.159678848696447,0.160864442394565,
0.1632356297908,0.164421223488918,0.165606817187035,0.16797800458327,0.170349191979505,
0.172720379375741,0.175091566771976,0.177462754168211),.UNSPECIFIED.);
#245=B_SPLINE_CURVE_WITH_KNOTS('',3,(#1989,#1990,#1991,#1992,#1993,#1994,
#1995,#1996,#1997,#1998,#1999,#2000,#2001,#2002,#2003,#2004,#2005,#2006,
#2007,#2008,#2009,#2010,#2011,#2012,#2013,#2014,#2015,#2016,#2017,#2018,
#2019,#2020,#2021,#2022,#2023,#2024,#2025,#2026,#2027,#2028,#2029,#2030,
#2031,#2032,#2033,#2034,#2035,#2036,#2037,#2038,#2039,#2040,#2041,#2042,
#2043,#2044,#2045,#2046,#2047,#2048,#2049,#2050,#2051,#2052,#2053,#2054,
#2055,#2056,#2057,#2058,#2059,#2060,#2061,#2062,#2063,#2064,#2065,#2066,
#2067,#2068,#2069,#2070),.UNSPECIFIED.,.F.,.F.,(4,1,1,1,1,1,1,1,1,1,1,1,
1,1,1,1,1,1,1,1,1,1,1,1,1,1,1,1,1,1,1,1,1,1,1,1,1,1,1,1,1,1,1,1,1,1,1,1,
1,1,1,1,1,1,1,1,1,1,1,1,1,1,1,1,1,1,1,1,1,1,1,1,1,1,1,1,1,1,1,4),(0.900441009663161,
0.903036335022382,0.905631660381602,0.908226985740823,0.909524648420433,
0.910822311100044,0.912119973779654,0.913417636459264,0.916012961818485,
0.918608287177705,0.921203612536926,0.923798937896147,0.926394263255367,
0.928989588614588,0.931584913973809,0.93677556469225,0.939370890051471,
0.941966215410691,0.944561540769912,0.947156866129133,0.949752191488353,
0.952347516847574,0.954942842206795,0.957538167566015,0.958835830245626,
0.960133492925236,0.961431155604846,0.962728818284457,0.964026480964067,
0.965324143643677,0.967919469002898,0.970514794362119,0.971812457041729,
0.973110119721339,0.97570544508056,0.97700310776017,0.977651939099975,0.97830077043978,
0.980896095799001,0.983491421158222,0.986086746517442,0.988682071876663,
0.993872722595104,0.996468047954325,0.999063373313546,1.00165869867277,
1.00425402403199,1.00684934939121,1.00944467475043,1.01204000010965,1.01463532546887,
1.01593298814848,1.01723065082809,1.01982597618731,1.02242130154653,1.02501662690575,
1.02761195226497,1.03020727762419,1.0315049403038,1.03280260298341,1.03410026566302,
1.03539792834263,1.03799325370185,1.04058857906108,1.0431839044203,1.04577922977952,
1.04707689245913,1.04837455513874,1.04967221781835,1.05096988049796,1.05226754317757,
1.05356520585718,1.0561605312164,1.05875585657562,1.06135118193484,1.06264884461445,
1.06394650729406,1.06459533863387,1.06524416997367,1.06654183265328),
 .UNSPECIFIED.);
#246=B_SPLINE_CURVE_WITH_KNOTS('',3,(#2072,#2073,#2074,#2075,#2076,#2077,
#2078,#2079,#2080,#2081,#2082,#2083,#2084,#2085,#2086,#2087,#2088,#2089,
#2090,#2091,#2092,#2093,#2094,#2095,#2096,#2097,#2098,#2099,#2100,#2101,
#2102,#2103,#2104,#2105,#2106,#2107,#2108,#2109,#2110,#2111,#2112,#2113,
#2114,#2115,#2116,#2117,#2118,#2119,#2120,#2121,#2122,#2123,#2124,#2125,
#2126,#2127,#2128,#2129,#2130,#2131,#2132,#2133,#2134,#2135,#2136,#2137,
#2138,#2139,#2140,#2141,#2142,#2143,#2144,#2145,#2146,#2147,#2148,#2149,
#2150,#2151,#2152,#2153,#2154,#2155,#2156,#2157,#2158,#2159,#2160,#2161,
#2162,#2163,#2164,#2165,#2166,#2167,#2168,#2169,#2170,#2171,#2172,#2173,
#2174),.UNSPECIFIED.,.F.,.F.,(4,1,1,1,1,1,1,1,1,1,1,1,1,1,1,1,1,1,1,1,1,
1,1,1,1,1,1,1,1,1,1,1,1,1,1,1,1,1,1,1,1,1,1,1,1,1,1,1,1,1,1,1,1,1,1,1,1,
1,1,1,1,1,1,1,1,1,1,1,1,1,1,1,1,1,1,1,1,1,1,1,1,1,1,1,1,1,1,1,1,1,1,1,1,
1,1,1,1,1,1,1,4),(0.606679500779634,0.610269116777561,0.613858732775489,
0.617448348773416,0.621037964771343,0.622832772770307,0.62462758076927,
0.628217196767197,0.631806812765125,0.635396428763052,0.637191236762016,
0.638986044760979,0.640780852759943,0.642575660758906,0.64437046875787,
0.646165276756834,0.647960084755797,0.649754892754761,0.653344508752688,
0.656934124750615,0.660523740748543,0.662318548747506,0.663215952746988,
0.66411335674647,0.667702972744397,0.671292588742324,0.674882204740251,
0.678471820738179,0.685651052734033,0.68924066873196,0.692830284729887,
0.696419900727815,0.698214708726778,0.700009516725742,0.700906920725224,
0.701804324724705,0.702701728724187,0.703599132723669,0.705393940722633,
0.707188748721596,0.70898355672056,0.709880960720042,0.710778364719523,
0.711675768719005,0.712573172718487,0.713470576717969,0.714367980717451,
0.715265384716933,0.715714086716674,0.716162788716414,0.716611490716155,
0.717060192715896,0.717508894715637,0.717957596715378,0.718406298715119,
0.71885500071486,0.719752404714342,0.720649808713823,0.721547212713305,
0.722444616712787,0.723342020712269,0.724239424711751,0.725136828711232,
0.726931636710196,0.72872644470916,0.730521252708123,0.732316060707087,
0.734110868706051,0.735905676705014,0.739495292702941,0.743084908700868,
0.746674524698796,0.750264140696723,0.752058948695687,0.75385375669465,
0.757443372692577,0.761032988690505,0.764622604688432,0.768212220686359,
0.771801836684286,0.775391452682213,0.778981068680141,0.786160300675995,
0.789749916673922,0.79333953267185,0.796929148669777,0.800518764667704,
0.804108380665631,0.807697996663559,0.811287612661486,0.814877228659413,
0.816672036658377,0.81846684465734,0.820261652656304,0.822056460655267,
0.823851268654231,0.825646076653195,0.827440884652158,0.829235692651122,
0.832825308649049,0.836414924646976),.UNSPECIFIED.);
#247=B_SPLINE_CURVE_WITH_KNOTS('',3,(#2178,#2179,#2180,#2181,#2182,#2183,
#2184,#2185,#2186,#2187,#2188,#2189,#2190,#2191,#2192,#2193,#2194,#2195,
#2196,#2197,#2198,#2199,#2200,#2201,#2202,#2203,#2204,#2205,#2206,#2207,
#2208,#2209,#2210,#2211,#2212,#2213,#2214,#2215,#2216,#2217,#2218,#2219,
#2220,#2221,#2222,#2223,#2224,#2225,#2226,#2227,#2228,#2229,#2230,#2231,
#2232,#2233,#2234,#2235,#2236,#2237,#2238,#2239,#2240,#2241,#2242,#2243,
#2244,#2245,#2246,#2247,#2248,#2249,#2250,#2251,#2252,#2253,#2254,#2255,
#2256,#2257,#2258,#2259,#2260,#2261,#2262,#2263,#2264,#2265,#2266,#2267,
#2268,#2269),.UNSPECIFIED.,.F.,.F.,(4,1,1,1,1,1,1,1,1,1,1,1,1,1,1,1,1,1,
1,1,1,1,1,1,1,1,1,1,1,1,1,1,1,1,1,1,1,1,1,1,1,1,1,1,1,1,1,1,1,1,1,1,1,1,
1,1,1,1,1,1,1,1,1,1,1,1,1,1,1,1,1,1,1,1,1,1,1,1,1,1,1,1,1,1,1,1,1,1,1,4),
(0.459761705731099,0.461242643534785,0.462723581338471,0.463464050240314,
0.464204519142157,0.464944988043999,0.465315222494921,0.465685456945842,
0.466425925847685,0.467166394749528,0.468647332553214,0.4701282703569,0.470868739258743,
0.471609208160586,0.472349677062429,0.473090145964272,0.473830614866115,
0.474571083767958,0.476052021571644,0.476792490473487,0.47753295937533,
0.478273428277173,0.478643662728094,0.479013897179016,0.479754366080859,
0.480494834982702,0.481235303884545,0.481975772786387,0.48271624168823,
0.483456710590073,0.484197179491916,0.484937648393759,0.486418586197445,
0.487899524001131,0.489380461804817,0.492342337412189,0.493823275215875,
0.495304213019561,0.496785150823247,0.498266088626932,0.499747026430618,
0.501227964234304,0.504189839841676,0.507151715449048,0.51011359105642,
0.513075466663792,0.516037342271163,0.518999217878535,0.521961093485907,
0.523442031289593,0.524922969093279,0.526403906896965,0.527884844700651,
0.529365782504337,0.530846720308023,0.532327658111709,0.533808595915394,
0.534549064817237,0.53528953371908,0.536030002620923,0.536770471522766,
0.537510940424609,0.538251409326452,0.538991878228295,0.539732347130138,
0.540102581581059,0.540472816031981,0.540843050482902,0.541213284933824,
0.541953753835667,0.54269422273751,0.543064457188431,0.543249574413892,
0.543434691639353,0.543804926090274,0.544175160541196,0.544545394992117,
0.544915629443039,0.545656098344882,0.546026332795803,0.546396567246725,
0.547137036148568,0.54787750505041,0.548247739501332,0.548617973952253,
0.549358442854096,0.550098911755939,0.551579849559625,0.553060787363311,
0.554541725166997),.UNSPECIFIED.);
#248=B_SPLINE_CURVE_WITH_KNOTS('',3,(#2274,#2275,#2276,#2277,#2278,#2279,
#2280,#2281,#2282,#2283,#2284,#2285,#2286,#2287,#2288,#2289,#2290,#2291,
#2292,#2293,#2294,#2295,#2296,#2297,#2298,#2299,#2300,#2301,#2302,#2303,
#2304,#2305,#2306,#2307,#2308,#2309,#2310,#2311,#2312,#2313,#2314,#2315,
#2316,#2317,#2318,#2319,#2320,#2321,#2322,#2323,#2324,#2325,#2326,#2327,
#2328,#2329,#2330,#2331,#2332,#2333,#2334,#2335,#2336,#2337,#2338,#2339,
#2340,#2341,#2342,#2343,#2344,#2345,#2346,#2347,#2348,#2349,#2350,#2351,
#2352,#2353,#2354,#2355,#2356,#2357,#2358,#2359,#2360,#2361,#2362,#2363,
#2364,#2365,#2366,#2367,#2368,#2369,#2370,#2371,#2372,#2373,#2374,#2375,
#2376),.UNSPECIFIED.,.F.,.F.,(4,1,1,1,1,1,1,1,1,1,1,1,1,1,1,1,1,1,1,1,1,
1,1,1,1,1,1,1,1,1,1,1,1,1,1,1,1,1,1,1,1,1,1,1,1,1,1,1,1,1,1,1,1,1,1,1,1,
1,1,1,1,1,1,1,1,1,1,1,1,1,1,1,1,1,1,1,1,1,1,1,1,1,1,1,1,1,1,1,1,1,1,1,1,
1,1,1,1,1,1,1,4),(0.606679500779634,0.610269116777561,0.613858732775489,
0.617448348773416,0.621037964771343,0.622832772770307,0.62462758076927,
0.628217196767197,0.631806812765125,0.635396428763052,0.637191236762016,
0.638986044760979,0.640780852759943,0.642575660758906,0.64437046875787,
0.646165276756834,0.647960084755797,0.649754892754761,0.653344508752688,
0.656934124750615,0.660523740748543,0.662318548747506,0.663215952746988,
0.66411335674647,0.667702972744397,0.671292588742324,0.674882204740251,
0.678471820738179,0.685651052734033,0.68924066873196,0.692830284729887,
0.696419900727815,0.698214708726778,0.700009516725742,0.700906920725224,
0.701804324724705,0.702701728724187,0.703599132723669,0.705393940722633,
0.707188748721596,0.70898355672056,0.709880960720042,0.710778364719523,
0.711675768719005,0.712573172718487,0.713470576717969,0.714367980717451,
0.715265384716933,0.715714086716674,0.716162788716414,0.716611490716155,
0.717060192715896,0.717508894715637,0.717957596715378,0.718406298715119,
0.71885500071486,0.719752404714342,0.720649808713823,0.721547212713305,
0.722444616712787,0.723342020712269,0.724239424711751,0.725136828711232,
0.726931636710196,0.72872644470916,0.730521252708123,0.732316060707087,
0.734110868706051,0.735905676705014,0.739495292702941,0.743084908700868,
0.746674524698796,0.750264140696723,0.752058948695687,0.75385375669465,
0.757443372692577,0.761032988690505,0.764622604688432,0.768212220686359,
0.771801836684286,0.775391452682213,0.778981068680141,0.786160300675995,
0.789749916673922,0.79333953267185,0.796929148669777,0.800518764667704,
0.804108380665631,0.807697996663559,0.811287612661486,0.814877228659413,
0.816672036658377,0.81846684465734,0.820261652656304,0.822056460655267,
0.823851268654231,0.825646076653195,0.827440884652158,0.829235692651122,
0.832825308649049,0.836414924646976),.UNSPECIFIED.);
#249=B_SPLINE_CURVE_WITH_KNOTS('',3,(#2378,#2379,#2380,#2381,#2382,#2383,
#2384,#2385,#2386,#2387,#2388,#2389,#2390,#2391,#2392,#2393,#2394,#2395,
#2396,#2397,#2398,#2399,#2400,#2401,#2402,#2403,#2404,#2405,#2406,#2407,
#2408,#2409,#2410,#2411,#2412,#2413,#2414,#2415,#2416,#2417,#2418,#2419,
#2420,#2421,#2422,#2423,#2424,#2425,#2426,#2427,#2428,#2429,#2430,#2431,
#2432,#2433,#2434,#2435,#2436,#2437,#2438,#2439,#2440,#2441,#2442,#2443,
#2444,#2445,#2446,#2447,#2448,#2449,#2450,#2451,#2452,#2453,#2454,#2455,
#2456,#2457,#2458,#2459),.UNSPECIFIED.,.F.,.F.,(4,1,1,1,1,1,1,1,1,1,1,1,
1,1,1,1,1,1,1,1,1,1,1,1,1,1,1,1,1,1,1,1,1,1,1,1,1,1,1,1,1,1,1,1,1,1,1,1,
1,1,1,1,1,1,1,1,1,1,1,1,1,1,1,1,1,1,1,1,1,1,1,1,1,1,1,1,1,1,1,4),(0.900441009663161,
0.903036335022382,0.905631660381602,0.908226985740823,0.909524648420433,
0.910822311100044,0.912119973779654,0.913417636459264,0.916012961818485,
0.918608287177705,0.921203612536926,0.923798937896147,0.926394263255367,
0.928989588614588,0.931584913973809,0.93677556469225,0.939370890051471,
0.941966215410691,0.944561540769912,0.947156866129133,0.949752191488353,
0.952347516847574,0.954942842206795,0.957538167566015,0.958835830245626,
0.960133492925236,0.961431155604846,0.962728818284457,0.964026480964067,
0.965324143643677,0.967919469002898,0.970514794362119,0.971812457041729,
0.973110119721339,0.97570544508056,0.97700310776017,0.977651939099975,0.97830077043978,
0.980896095799001,0.983491421158222,0.986086746517442,0.988682071876663,
0.993872722595104,0.996468047954325,0.999063373313546,1.00165869867277,
1.00425402403199,1.00684934939121,1.00944467475043,1.01204000010965,1.01463532546887,
1.01593298814848,1.01723065082809,1.01982597618731,1.02242130154653,1.02501662690575,
1.02761195226497,1.03020727762419,1.0315049403038,1.03280260298341,1.03410026566302,
1.03539792834263,1.03799325370185,1.04058857906108,1.0431839044203,1.04577922977952,
1.04707689245913,1.04837455513874,1.04967221781835,1.05096988049796,1.05226754317757,
1.05356520585718,1.0561605312164,1.05875585657562,1.06135118193484,1.06264884461445,
1.06394650729406,1.06459533863387,1.06524416997367,1.06654183265328),
 .UNSPECIFIED.);
#250=B_SPLINE_CURVE_WITH_KNOTS('',3,(#2461,#2462,#2463,#2464,#2465,#2466,
#2467,#2468,#2469,#2470,#2471,#2472,#2473,#2474,#2475,#2476,#2477,#2478,
#2479,#2480,#2481,#2482,#2483,#2484,#2485,#2486,#2487,#2488,#2489,#2490,
#2491,#2492,#2493,#2494,#2495,#2496,#2497,#2498,#2499,#2500,#2501,#2502,
#2503,#2504,#2505,#2506,#2507,#2508,#2509,#2510,#2511,#2512,#2513,#2514,
#2515,#2516,#2517,#2518,#2519,#2520,#2521,#2522,#2523,#2524,#2525,#2526),
 .UNSPECIFIED.,.F.,.F.,(4,1,1,1,1,1,1,1,1,1,1,1,1,1,1,1,1,1,1,1,1,1,1,1,
1,1,1,1,1,1,1,1,1,1,1,1,1,1,1,1,1,1,1,1,1,1,1,1,1,1,1,1,1,1,1,1,1,1,1,1,
1,1,1,4),(0.101584757488687,0.103955944884922,0.106327132281157,0.108698319677392,
0.111069507073628,0.112255100771745,0.113440694469863,0.11462628816798,
0.115811881866098,0.116997475564215,0.118183069262333,0.11936866296045,
0.120554256658568,0.121147053507627,0.121739850356686,0.122332647205744,
0.122925444054803,0.123518240903862,0.124111037752921,0.124703834601979,
0.125296631451038,0.126482225149156,0.127667818847273,0.128853412545391,
0.130039006243508,0.131224599941626,0.132410193639744,0.133595787337861,
0.134781381035979,0.137152568432214,0.138338162130331,0.139523755828449,
0.140709349526566,0.141894943224684,0.143080536922801,0.144266130620919,
0.145451724319037,0.146637318017154,0.149008505413389,0.150194099111507,
0.150786895960565,0.151379692809624,0.151972489658683,0.152565286507742,
0.153158083356801,0.15375088020586,0.154343677054918,0.154640075479447,
0.154936473903977,0.155529270753036,0.156122067602094,0.156714864451153,
0.157307661300212,0.15849325499833,0.159678848696447,0.160864442394565,
0.1632356297908,0.164421223488918,0.165606817187035,0.16797800458327,0.170349191979505,
0.172720379375741,0.175091566771976,0.177462754168211),.UNSPECIFIED.);
#251=B_SPLINE_CURVE_WITH_KNOTS('',3,(#2530,#2531,#2532,#2533,#2534,#2535,
#2536,#2537,#2538,#2539,#2540,#2541,#2542,#2543,#2544,#2545,#2546,#2547,
#2548,#2549,#2550,#2551,#2552,#2553,#2554,#2555,#2556,#2557,#2558,#2559,
#2560,#2561,#2562,#2563,#2564,#2565,#2566,#2567,#2568,#2569,#2570,#2571),
 .UNSPECIFIED.,.F.,.F.,(4,1,1,1,1,1,1,1,1,1,1,1,1,1,1,1,1,1,1,1,1,1,1,1,
1,1,1,1,1,1,1,1,1,1,1,1,1,1,1,4),(0.247800979023691,0.251402072401811,0.253202619090872,
0.255003165779932,0.256803712468993,0.258604259158053,0.260404805847113,
0.262205352536173,0.264005899225234,0.265806445914294,0.269407539292415,
0.273008632670535,0.274809179359596,0.276609726048656,0.278410272737717,
0.280210819426777,0.283811912804897,0.287413006183018,0.291014099561139,
0.294615192939259,0.29821628631738,0.3018173796955,0.305418473073621,0.309019566451742,
0.312620659829863,0.316221753207983,0.318022299897044,0.319822846586103,
0.323423939964224,0.327025033342345,0.330626126720466,0.334227220098586,
0.337828313476706,0.341429406854827,0.345030500232948,0.348631593611068,
0.35223268698919,0.35583378036731,0.35943487374543,0.363035967123551),
 .UNSPECIFIED.);
#252=EDGE_LOOP('',(#51,#52,#53,#54));
#253=EDGE_LOOP('',(#55,#56,#57,#58));
#254=EDGE_LOOP('',(#59,#60,#61,#62));
#255=EDGE_LOOP('',(#63,#64,#65,#66));
#256=EDGE_LOOP('',(#67,#68,#69,#70));
#257=EDGE_LOOP('',(#71,#72,#73,#74));
#258=EDGE_LOOP('',(#75,#76,#77,#78));
#259=EDGE_LOOP('',(#79,#80,#81,#82));
#260=EDGE_LOOP('',(#83));
#261=EDGE_LOOP('',(#84));
#262=EDGE_LOOP('',(#85,#86,#87,#88,#89,#90,#91,#92));
#263=EDGE_LOOP('',(#93));
#264=EDGE_LOOP('',(#94,#95,#96,#97,#98,#99,#100));
#265=EDGE_LOOP('',(#101,#102,#103,#104,#105,#106,#107,#108));
#266=EDGE_LOOP('',(#109));
#267=EDGE_LOOP('',(#110,#111,#112,#113,#114,#115,#116));
#268=EDGE_LOOP('',(#117,#118,#119,#120));
#269=EDGE_LOOP('',(#121,#122,#123,#124));
#270=EDGE_LOOP('',(#125,#126,#127,#128));
#271=EDGE_LOOP('',(#129,#130,#131,#132));
#272=EDGE_LOOP('',(#133,#134,#135,#136));
#273=EDGE_LOOP('',(#137,#138,#139,#140));
#274=EDGE_LOOP('',(#141,#142,#143,#144));
#275=FACE_BOUND('',#252,.T.);
#276=FACE_BOUND('',#253,.T.);
#277=FACE_BOUND('',#254,.T.);
#278=FACE_BOUND('',#255,.T.);
#279=FACE_BOUND('',#256,.T.);
#280=FACE_BOUND('',#257,.T.);
#281=FACE_BOUND('',#258,.T.);
#282=FACE_BOUND('',#259,.T.);
#283=FACE_BOUND('',#260,.T.);
#284=FACE_BOUND('',#261,.T.);
#285=FACE_BOUND('',#262,.T.);
#286=FACE_BOUND('',#263,.T.);
#287=FACE_BOUND('',#264,.T.);
#288=FACE_BOUND('',#265,.T.);
#289=FACE_BOUND('',#266,.T.);
#290=FACE_BOUND('',#267,.T.);
#291=FACE_BOUND('',#268,.T.);
#292=FACE_BOUND('',#269,.T.);
#293=FACE_BOUND('',#270,.T.);
#294=FACE_BOUND('',#271,.T.);
#295=FACE_BOUND('',#272,.T.);
#296=FACE_BOUND('',#273,.T.);
#297=FACE_BOUND('',#274,.T.);
#298=B_SPLINE_SURFACE_WITH_KNOTS('',3,1,((#389,#390),(#391,#392),(#393,
#394),(#395,#396),(#397,#398),(#399,#400),(#401,#402),(#403,#404)),
 .SURF_OF_LINEAR_EXTRUSION.,.F.,.F.,.F.,(4,1,1,1,1,4),(2,2),(0.563986695439744,
0.567750301201334,0.569632104082128,0.571513906962923,0.575277512724513,
0.579041118486102),(0.,1.),.UNSPECIFIED.);
#299=B_SPLINE_SURFACE_WITH_KNOTS('',3,1,((#433,#434),(#435,#436),(#437,
#438),(#439,#440),(#441,#442),(#443,#444),(#445,#446),(#447,#448),(#449,
#450),(#451,#452),(#453,#454),(#455,#456),(#457,#458),(#459,#460),(#461,
#462),(#463,#464),(#465,#466),(#467,#468),(#469,#470),(#471,#472),(#473,
#474),(#475,#476),(#477,#478),(#479,#480),(#481,#482),(#483,#484),(#485,
#486),(#487,#488),(#489,#490),(#491,#492),(#493,#494),(#495,#496),(#497,
#498),(#499,#500),(#501,#502),(#503,#504),(#505,#506),(#507,#508),(#509,
#510),(#511,#512),(#513,#514),(#515,#516),(#517,#518),(#519,#520),(#521,
#522)),.SURF_OF_LINEAR_EXTRUSION.,.F.,.F.,.F.,(4,1,1,1,1,1,1,1,1,1,1,1,
1,1,1,1,1,1,1,1,1,1,1,1,1,1,1,1,1,1,1,1,1,1,1,1,1,1,1,1,1,1,4),(2,2),(0.599587588552976,
0.607485375268945,0.615383161984915,0.623280948700884,0.631178735416853,
0.639076522132822,0.643025415490807,0.646974308848792,0.654872095564761,
0.658820988922746,0.66276988228073,0.670667668996699,0.678565455712669,
0.686463242428638,0.694361029144607,0.698309922502592,0.702258815860577,
0.706207709218561,0.710156602576546,0.714105495934531,0.716079942613523,
0.718054389292515,0.720028835971508,0.7220032826505,0.725952176008484,0.729901069366469,
0.733849962724454,0.741747749440423,0.749645536156392,0.757543322872362,
0.765441109588331,0.7733388963043,0.781236683020269,0.789134469736239,0.804930043168177,
0.812827829884147,0.820725616600116,0.824674509958101,0.828623403316085,
0.836521190032054,0.840470083390039,0.844418976748024,0.852316763463993),
(0.,1.),.UNSPECIFIED.);
#300=B_SPLINE_SURFACE_WITH_KNOTS('',3,1,((#700,#701),(#702,#703),(#704,
#705),(#706,#707),(#708,#709),(#710,#711),(#712,#713),(#714,#715),(#716,
#717),(#718,#719),(#720,#721),(#722,#723),(#724,#725),(#726,#727),(#728,
#729),(#730,#731),(#732,#733),(#734,#735),(#736,#737),(#738,#739),(#740,
#741),(#742,#743),(#744,#745),(#746,#747),(#748,#749),(#750,#751),(#752,
#753),(#754,#755),(#756,#757),(#758,#759),(#760,#761),(#762,#763),(#764,
#765),(#766,#767),(#768,#769),(#770,#771),(#772,#773)),
 .SURF_OF_LINEAR_EXTRUSION.,.F.,.F.,.F.,(4,1,1,1,1,1,1,1,1,1,1,1,1,1,1,
1,1,1,1,1,1,1,1,1,1,1,1,1,1,1,1,1,1,1,4),(2,2),(0.880262272122696,0.886320573733375,
0.892378875344053,0.898437176954732,0.90449547856541,0.910553780176089,
0.916612081786768,0.922670383397446,0.928728685008125,0.940845288229482,
0.946903589840161,0.952961891450839,0.959020193061518,0.962049343866857,
0.965078494672197,0.971136796282875,0.977195097893554,0.983253399504233,
0.989311701114911,0.99537000272559,1.00142830433627,1.00748660594695,1.01354490755763,
1.0196032091683,1.02566151077898,1.03171981238966,1.03777811400034,1.04383641561102,
1.04686556641636,1.0498947172217,1.05595301883238,1.06201132044305,1.06504047124839,
1.06806962205373,1.07412792366441),(0.,1.),.UNSPECIFIED.);
#301=B_SPLINE_SURFACE_WITH_KNOTS('',3,1,((#933,#934),(#935,#936),(#937,
#938),(#939,#940),(#941,#942),(#943,#944),(#945,#946),(#947,#948),(#949,
#950),(#951,#952),(#953,#954),(#955,#956),(#957,#958),(#959,#960),(#961,
#962),(#963,#964),(#965,#966),(#967,#968),(#969,#970),(#971,#972),(#973,
#974),(#975,#976),(#977,#978),(#979,#980),(#981,#982),(#983,#984),(#985,
#986)),.SURF_OF_LINEAR_EXTRUSION.,.F.,.F.,.F.,(4,1,1,1,1,1,1,1,1,1,1,1,
1,1,1,1,1,1,1,1,1,1,1,1,4),(2,2),(0.0946722134339419,0.10039672061005,0.106121227786159,
0.111845734962268,0.114707988550322,0.117570242138376,0.12043249572643,
0.123294749314485,0.126157002902539,0.129019256490593,0.131881510078648,
0.134743763666702,0.14046827084281,0.143330524430865,0.146192778018919,
0.149055031606973,0.151917285195028,0.154779538783082,0.157641792371136,
0.16050404595919,0.163366299547245,0.169090806723353,0.174815313899462,
0.18053982107557,0.186264328251679),(0.,1.),.UNSPECIFIED.);
#302=B_SPLINE_SURFACE_WITH_KNOTS('',3,1,((#1088,#1089),(#1090,#1091),(#1092,
#1093),(#1094,#1095),(#1096,#1097),(#1098,#1099),(#1100,#1101),(#1102,#1103),
(#1104,#1105),(#1106,#1107)),.SURF_OF_LINEAR_EXTRUSION.,.F.,.F.,.F.,(4,
1,1,1,1,1,1,4),(2,2),(0.20866159209222,0.213266467188317,0.215568904736366,
0.217871342284414,0.220173779832463,0.222476217380512,0.22477865492856,
0.227081092476609),(0.,1.),.UNSPECIFIED.);
#303=B_SPLINE_SURFACE_WITH_KNOTS('',3,1,((#1145,#1146),(#1147,#1148),(#1149,
#1150),(#1151,#1152),(#1153,#1154),(#1155,#1156),(#1157,#1158),(#1159,#1160),
(#1161,#1162),(#1163,#1164),(#1165,#1166),(#1167,#1168),(#1169,#1170),(#1171,
#1172),(#1173,#1174),(#1175,#1176),(#1177,#1178),(#1179,#1180),(#1181,#1182),
(#1183,#1184),(#1185,#1186),(#1187,#1188),(#1189,#1190),(#1191,#1192)),
 .SURF_OF_LINEAR_EXTRUSION.,.F.,.F.,.F.,(4,1,1,1,1,1,1,1,1,1,1,1,1,1,1,
1,1,1,1,1,1,4),(2,2),(0.237964931248347,0.242734244398601,0.247503557548854,
0.252272870699107,0.25704218384936,0.261811496999613,0.266580810149866,
0.276119436450372,0.285658062750878,0.295196689051384,0.30473531535189,
0.314273941652396,0.323812567952902,0.333351194253408,0.342889820553915,
0.352428446854421,0.357197760004674,0.361967073154927,0.371505699455433,
0.376275012605686,0.381044325755939,0.390582952056445),(0.,1.),
 .UNSPECIFIED.);
#304=B_SPLINE_SURFACE_WITH_KNOTS('',3,1,((#1288,#1289),(#1290,#1291),(#1292,
#1293),(#1294,#1295)),.SURF_OF_LINEAR_EXTRUSION.,.F.,.F.,.F.,(4,4),(2,2),
(0.408863261947574,0.416622690688099),(0.,1.),.PIECEWISE_BEZIER_KNOTS.);
#305=B_SPLINE_SURFACE_WITH_KNOTS('',3,1,((#1309,#1310),(#1311,#1312),(#1313,
#1314),(#1315,#1316),(#1317,#1318),(#1319,#1320),(#1321,#1322),(#1323,#1324),
(#1325,#1326),(#1327,#1328),(#1329,#1330),(#1331,#1332),(#1333,#1334),(#1335,
#1336),(#1337,#1338),(#1339,#1340),(#1341,#1342),(#1343,#1344),(#1345,#1346),
(#1347,#1348),(#1349,#1350),(#1351,#1352),(#1353,#1354),(#1355,#1356),(#1357,
#1358),(#1359,#1360),(#1361,#1362),(#1363,#1364),(#1365,#1366),(#1367,#1368),
(#1369,#1370),(#1371,#1372),(#1373,#1374),(#1375,#1376),(#1377,#1378),(#1379,
#1380),(#1381,#1382),(#1383,#1384),(#1385,#1386),(#1387,#1388)),
 .SURF_OF_LINEAR_EXTRUSION.,.F.,.F.,.F.,(4,1,1,1,1,1,1,1,1,1,1,1,1,1,1,
1,1,1,1,1,1,1,1,1,1,1,1,1,1,1,1,1,1,1,1,1,1,4),(2,2),(0.438043166040838,
0.44563018261876,0.449423690907721,0.453217199196683,0.457010707485644,
0.460804215774605,0.464597724063566,0.466494478208047,0.468391232352527,
0.472184740641488,0.474081494785969,0.47597824893045,0.47787500307493,0.479771757219411,
0.481668511363891,0.483565265508372,0.487358773797333,0.491152282086294,
0.494945790375255,0.498739298664217,0.506326315242139,0.513913331820061,
0.521500348397983,0.525293856686945,0.529087364975906,0.532880873264867,
0.536674381553828,0.538571135698309,0.540467889842789,0.54236464398727,
0.54426139813175,0.546158152276231,0.548054906420712,0.549951660565192,
0.551848414709673,0.555641922998634,0.557538677143114,0.559435431287595),
(0.,1.),.UNSPECIFIED.);
#306=B_SPLINE_SURFACE_WITH_KNOTS('',3,1,((#1531,#1532),(#1533,#1534),(#1535,
#1536),(#1537,#1538),(#1539,#1540),(#1541,#1542),(#1543,#1544),(#1545,#1546),
(#1547,#1548),(#1549,#1550),(#1551,#1552),(#1553,#1554),(#1555,#1556),(#1557,
#1558),(#1559,#1560),(#1561,#1562),(#1563,#1564),(#1565,#1566),(#1567,#1568),
(#1569,#1570),(#1571,#1572),(#1573,#1574),(#1575,#1576),(#1577,#1578),(#1579,
#1580),(#1581,#1582),(#1583,#1584),(#1585,#1586),(#1587,#1588),(#1589,#1590),
(#1591,#1592),(#1593,#1594),(#1595,#1596),(#1597,#1598),(#1599,#1600),(#1601,
#1602),(#1603,#1604),(#1605,#1606),(#1607,#1608),(#1609,#1610),(#1611,#1612),
(#1613,#1614),(#1615,#1616),(#1617,#1618),(#1619,#1620),(#1621,#1622),(#1623,
#1624),(#1625,#1626),(#1627,#1628),(#1629,#1630),(#1631,#1632),(#1633,#1634),
(#1635,#1636),(#1637,#1638),(#1639,#1640),(#1641,#1642),(#1643,#1644),(#1645,
#1646),(#1647,#1648),(#1649,#1650),(#1651,#1652),(#1653,#1654)),
 .SURF_OF_LINEAR_EXTRUSION.,.T.,.F.,.F.,(1,1,1,1,1,1,1,1,1,1,1,1,1,1,1,
1,1,1,1,1,1,1,1,1,1,1,1,1,1,1,1,1,1,1,1,1,1,1,1,1,1,1,1,1,1,1,1,1,1,1,1,
1,1,1,1,1,1,1,1,1,1,1,1,1,1,1),(2,2),(-0.0567626313081052,-0.0394774456121497,
-0.0229201248992017,0.,0.0160963448508482,0.0325249690378267,0.049090629124569,
0.0652028352706377,0.0827710502153107,0.0924206339862876,0.117236168075954,
0.128472394373045,0.141746443106044,0.15468416654378,0.177176613221886,
0.195249820788908,0.20481400719628,0.217956614982179,0.231278965264526,
0.243856639815147,0.259086591612226,0.277316484607391,0.296632760460246,
0.316366101634147,0.336496266559991,0.358065863051266,0.377313481691199,
0.397935862707435,0.40732202819185,0.425550365175844,0.434507356985696,
0.453411371853033,0.465222491099019,0.478116281868716,0.495658255019958,
0.514386083360219,0.528421683241555,0.543387623020171,0.558476286443515,
0.569032744660441,0.587766336716246,0.596710130005089,0.621590443906419,
0.642429549367434,0.662638162848537,0.683715802124159,0.701965972173105,
0.717567911003151,0.734098062561742,0.755348435343839,0.775804773907953,
0.799809674570338,0.821577431121352,0.84046882479895,0.862725511119301,
0.87110149548919,0.891156981213506,0.910570509031477,0.927180820165773,
0.943237368691895,0.96052255438785,0.977079875100798,1.,1.01609634485085,
1.03252496903783,1.04909062912457),(0.,1.),.UNSPECIFIED.);
#307=B_SPLINE_SURFACE_WITH_KNOTS('',3,1,((#2572,#2573),(#2574,#2575),(#2576,
#2577),(#2578,#2579),(#2580,#2581),(#2582,#2583),(#2584,#2585),(#2586,#2587),
(#2588,#2589),(#2590,#2591),(#2592,#2593),(#2594,#2595),(#2596,#2597),(#2598,
#2599),(#2600,#2601),(#2602,#2603),(#2604,#2605),(#2606,#2607),(#2608,#2609),
(#2610,#2611),(#2612,#2613),(#2614,#2615),(#2616,#2617),(#2618,#2619),(#2620,
#2621),(#2622,#2623),(#2624,#2625),(#2626,#2627),(#2628,#2629),(#2630,#2631),
(#2632,#2633),(#2634,#2635),(#2636,#2637),(#2638,#2639),(#2640,#2641),(#2642,
#2643),(#2644,#2645),(#2646,#2647),(#2648,#2649),(#2650,#2651)),
 .SURF_OF_LINEAR_EXTRUSION.,.F.,.F.,.F.,(4,1,1,1,1,1,1,1,1,1,1,1,1,1,1,
1,1,1,1,1,1,1,1,1,1,1,1,1,1,1,1,1,1,1,1,1,1,4),(2,2),(0.459761705731099,
0.462723581338471,0.464204519142157,0.465685456945843,0.468647332553214,
0.471609208160586,0.474571083767958,0.476052021571644,0.47753295937533,
0.479013897179016,0.480494834982702,0.481975772786388,0.483456710590074,
0.486418586197445,0.489380461804817,0.492342337412189,0.495304213019561,
0.498266088626933,0.501227964234304,0.507151715449048,0.513075466663792,
0.518999217878535,0.524922969093279,0.527884844700651,0.530846720308022,
0.533808595915394,0.536770471522766,0.538251409326452,0.539732347130138,
0.541213284933824,0.54269422273751,0.544175160541196,0.545656098344882,
0.547137036148567,0.548617973952253,0.550098911755939,0.551579849559625,
0.554541725166997),(0.,1.),.UNSPECIFIED.);
#308=B_SPLINE_SURFACE_WITH_KNOTS('',3,1,((#2656,#2657),(#2658,#2659),(#2660,
#2661),(#2662,#2663),(#2664,#2665),(#2666,#2667),(#2668,#2669),(#2670,#2671),
(#2672,#2673),(#2674,#2675),(#2676,#2677),(#2678,#2679),(#2680,#2681),(#2682,
#2683),(#2684,#2685),(#2686,#2687),(#2688,#2689),(#2690,#2691),(#2692,#2693),
(#2694,#2695),(#2696,#2697),(#2698,#2699),(#2700,#2701),(#2702,#2703),(#2704,
#2705),(#2706,#2707),(#2708,#2709),(#2710,#2711),(#2712,#2713),(#2714,#2715),
(#2716,#2717),(#2718,#2719),(#2720,#2721),(#2722,#2723),(#2724,#2725),(#2726,
#2727),(#2728,#2729),(#2730,#2731),(#2732,#2733),(#2734,#2735),(#2736,#2737),
(#2738,#2739),(#2740,#2741),(#2742,#2743),(#2744,#2745),(#2746,#2747),(#2748,
#2749),(#2750,#2751),(#2752,#2753),(#2754,#2755)),
 .SURF_OF_LINEAR_EXTRUSION.,.F.,.F.,.F.,(4,1,1,1,1,1,1,1,1,1,1,1,1,1,1,
1,1,1,1,1,1,1,1,1,1,1,1,1,1,1,1,1,1,1,1,1,1,1,1,1,1,1,1,1,1,1,1,4),(2,2),
(0.606679500779634,0.613858732775489,0.621037964771343,0.628217196767197,
0.635396428763052,0.638986044760979,0.642575660758906,0.646165276756834,
0.649754892754761,0.653344508752688,0.656934124750615,0.660523740748542,
0.66411335674647,0.671292588742324,0.678471820738178,0.685651052734033,
0.692830284729887,0.700009516725742,0.703599132723669,0.707188748721596,
0.710778364719523,0.712573172718487,0.714367980717451,0.716162788716414,
0.717957596715378,0.719752404714341,0.721547212713305,0.723342020712269,
0.725136828711232,0.728726444709159,0.732316060707087,0.735905676705014,
0.743084908700868,0.750264140696723,0.757443372692577,0.764622604688432,
0.771801836684286,0.77898106868014,0.786160300675995,0.793339532671849,
0.800518764667704,0.807697996663558,0.814877228659413,0.81846684465734,
0.822056460655267,0.825646076653194,0.829235692651122,0.836414924646976),
(0.,1.),.UNSPECIFIED.);
#309=B_SPLINE_SURFACE_WITH_KNOTS('',3,1,((#2757,#2758),(#2759,#2760),(#2761,
#2762),(#2763,#2764),(#2765,#2766),(#2767,#2768),(#2769,#2770),(#2771,#2772),
(#2773,#2774),(#2775,#2776),(#2777,#2778),(#2779,#2780),(#2781,#2782),(#2783,
#2784),(#2785,#2786),(#2787,#2788),(#2789,#2790),(#2791,#2792),(#2793,#2794),
(#2795,#2796),(#2797,#2798),(#2799,#2800),(#2801,#2802),(#2803,#2804),(#2805,
#2806),(#2807,#2808),(#2809,#2810),(#2811,#2812),(#2813,#2814),(#2815,#2816),
(#2817,#2818),(#2819,#2820),(#2821,#2822),(#2823,#2824),(#2825,#2826),(#2827,
#2828),(#2829,#2830)),.SURF_OF_LINEAR_EXTRUSION.,.F.,.F.,.F.,(4,1,1,1,1,
1,1,1,1,1,1,1,1,1,1,1,1,1,1,1,1,1,1,1,1,1,1,1,1,1,1,1,1,1,4),(2,2),(0.900441009663161,
0.905631660381602,0.910822311100044,0.916012961818485,0.921203612536926,
0.931584913973809,0.941966215410691,0.947156866129133,0.952347516847574,
0.957538167566015,0.960133492925236,0.962728818284456,0.967919469002898,
0.973110119721339,0.97570544508056,0.97830077043978,0.983491421158222,0.988682071876663,
0.993872722595104,0.999063373313545,1.00425402403199,1.00944467475043,1.01463532546887,
1.01982597618731,1.02501662690575,1.03020727762419,1.03539792834263,1.04058857906108,
1.04577922977952,1.04837455513874,1.05096988049796,1.0561605312164,1.06135118193484,
1.06394650729406,1.06654183265328),(0.,1.),.UNSPECIFIED.);
#310=B_SPLINE_SURFACE_WITH_KNOTS('',3,1,((#2832,#2833),(#2834,#2835),(#2836,
#2837),(#2838,#2839),(#2840,#2841),(#2842,#2843),(#2844,#2845),(#2846,#2847),
(#2848,#2849),(#2850,#2851),(#2852,#2853),(#2854,#2855),(#2856,#2857),(#2858,
#2859),(#2860,#2861),(#2862,#2863),(#2864,#2865),(#2866,#2867),(#2868,#2869),
(#2870,#2871),(#2872,#2873),(#2874,#2875),(#2876,#2877),(#2878,#2879),(#2880,
#2881),(#2882,#2883),(#2884,#2885),(#2886,#2887),(#2888,#2889)),
 .SURF_OF_LINEAR_EXTRUSION.,.F.,.F.,.F.,(4,1,1,1,1,1,1,1,1,1,1,1,1,1,1,
1,1,1,1,1,1,1,1,1,1,1,4),(2,2),(0.101584757488687,0.106327132281157,0.111069507073628,
0.113440694469863,0.115811881866098,0.118183069262333,0.120554256658568,
0.122925444054803,0.125296631451038,0.127667818847273,0.130039006243508,
0.132410193639744,0.134781381035979,0.139523755828449,0.144266130620919,
0.146637318017154,0.149008505413389,0.151379692809624,0.153750880205859,
0.154936473903977,0.156122067602095,0.15849325499833,0.160864442394565,
0.1632356297908,0.16797800458327,0.17272037937574,0.177462754168211),(0.,
1.),.UNSPECIFIED.);
#311=B_SPLINE_SURFACE_WITH_KNOTS('',3,1,((#2893,#2894),(#2895,#2896),(#2897,
#2898),(#2899,#2900),(#2901,#2902),(#2903,#2904),(#2905,#2906),(#2907,#2908),
(#2909,#2910),(#2911,#2912),(#2913,#2914),(#2915,#2916),(#2917,#2918),(#2919,
#2920),(#2921,#2922),(#2923,#2924),(#2925,#2926),(#2927,#2928),(#2929,#2930),
(#2931,#2932)),.SURF_OF_LINEAR_EXTRUSION.,.F.,.F.,.F.,(4,1,1,1,1,1,1,1,
1,1,1,1,1,1,1,1,1,4),(2,2),(0.247800979023691,0.255003165779932,0.258604259158053,
0.262205352536173,0.269407539292415,0.276609726048656,0.283811912804897,
0.291014099561139,0.29821628631738,0.305418473073621,0.312620659829862,
0.319822846586103,0.327025033342345,0.334227220098586,0.341429406854827,
0.348631593611069,0.35583378036731,0.363035967123551),(0.,1.),
 .UNSPECIFIED.);
#312=ADVANCED_FACE('',(#275),#298,.T.);
#313=ADVANCED_FACE('',(#276),#299,.T.);
#314=ADVANCED_FACE('',(#277),#300,.T.);
#315=ADVANCED_FACE('',(#278),#301,.T.);
#316=ADVANCED_FACE('',(#279),#302,.T.);
#317=ADVANCED_FACE('',(#280),#303,.T.);
#318=ADVANCED_FACE('',(#281),#304,.T.);
#319=ADVANCED_FACE('',(#282),#305,.T.);
#320=ADVANCED_FACE('',(#283,#284),#306,.F.);
#321=ADVANCED_FACE('',(#285,#286),#18,.F.);
#322=ADVANCED_FACE('',(#287,#288),#19,.F.);
#323=ADVANCED_FACE('',(#289,#290),#20,.T.);
#324=ADVANCED_FACE('',(#291),#307,.F.);
#325=ADVANCED_FACE('',(#292),#12,.T.);
#326=ADVANCED_FACE('',(#293),#308,.F.);
#327=ADVANCED_FACE('',(#294),#309,.F.);
#328=ADVANCED_FACE('',(#295),#310,.F.);
#329=ADVANCED_FACE('',(#296),#13,.T.);
#330=ADVANCED_FACE('',(#297),#311,.F.);
#331=CLOSED_SHELL('',(#312,#313,#314,#315,#316,#317,#318,#319,#320,#321,
#322,#323,#324,#325,#326,#327,#328,#329,#330));
#332=STYLED_ITEM('',(#333),#340);
#333=PRESENTATION_STYLE_ASSIGNMENT((#334));
#334=SURFACE_STYLE_USAGE(.BOTH.,#335);
#335=SURFACE_SIDE_STYLE('',(#336));
#336=SURFACE_STYLE_FILL_AREA(#337);
#337=FILL_AREA_STYLE('',(#338));
#338=FILL_AREA_STYLE_COLOUR('',#339);
#339=COLOUR_RGB('',0.615686274509804,0.811764705882353,0.929411764705882);
#340=MANIFOLD_SOLID_BREP('Part 1',#331);
#341=SHAPE_DEFINITION_REPRESENTATION(#2939,#342);
#342=SHAPE_REPRESENTATION('Part 1',(#343),#2934);
#343=AXIS2_PLACEMENT_3D('',#388,#353,#354);
#344=AXIS2_PLACEMENT_3D('',#1781,#363,#364);
#345=AXIS2_PLACEMENT_3D('',#1782,#365,#366);
#346=AXIS2_PLACEMENT_3D('',#1920,#367,#368);
#347=AXIS2_PLACEMENT_3D('',#2176,#369,#370);
#348=AXIS2_PLACEMENT_3D('',#2177,#371,#372);
#349=AXIS2_PLACEMENT_3D('',#2272,#373,#374);
#350=AXIS2_PLACEMENT_3D('',#2528,#375,#376);
#351=AXIS2_PLACEMENT_3D('',#2654,#379,#380);
#352=AXIS2_PLACEMENT_3D('',#2891,#385,#386);
#353=DIRECTION('',(0.,0.,1.));
#354=DIRECTION('',(1.,0.,0.));
#355=DIRECTION('',(0.,0.,-1.));
#356=DIRECTION('',(0.,0.,-1.));
#357=DIRECTION('',(0.,0.,-1.));
#358=DIRECTION('',(0.,0.,-1.));
#359=DIRECTION('',(0.,0.,-1.));
#360=DIRECTION('',(0.,0.,-1.));
#361=DIRECTION('',(0.,0.,-1.));
#362=DIRECTION('',(0.,0.,-1.));
#363=DIRECTION('',(0.,0.,-1.));
#364=DIRECTION('',(-1.,0.,0.));
#365=DIRECTION('',(0.,0.,-1.));
#366=DIRECTION('',(-1.,0.,0.));
#367=DIRECTION('',(0.,0.,1.));
#368=DIRECTION('',(1.,0.,0.));
#369=DIRECTION('',(0.,0.,1.));
#370=DIRECTION('',(1.,0.,0.));
#371=DIRECTION('',(0.,0.,-1.));
#372=DIRECTION('',(-1.,0.,0.));
#373=DIRECTION('',(0.,0.,1.));
#374=DIRECTION('',(1.,0.,0.));
#375=DIRECTION('',(0.,0.,1.));
#376=DIRECTION('',(1.,0.,0.));
#377=DIRECTION('',(0.,0.,1.));
#378=DIRECTION('',(0.,0.,1.));
#379=DIRECTION('',(0.,0.,1.));
#380=DIRECTION('',(-0.999992182839473,0.00395401820251187,0.));
#381=DIRECTION('',(0.,0.,1.));
#382=DIRECTION('',(0.,0.,1.));
#383=DIRECTION('',(0.,0.,1.));
#384=DIRECTION('',(0.,0.,1.));
#385=DIRECTION('',(0.,0.,1.));
#386=DIRECTION('',(0.895588072364338,-0.44488425982353,0.));
#387=DIRECTION('',(0.,0.,1.));
#388=CARTESIAN_POINT('',(0.,0.,0.));
#389=CARTESIAN_POINT('',(-0.0126090039622547,-0.0345105241217736,0.01143));
#390=CARTESIAN_POINT('',(-0.0126090039622547,-0.0345105241217736,3.46944695195361E-18));
#391=CARTESIAN_POINT('',(-0.0126066510924914,-0.0344596663053116,0.01143));
#392=CARTESIAN_POINT('',(-0.0126066510924914,-0.0344596663053116,3.46944695195361E-18));
#393=CARTESIAN_POINT('',(-0.0126133344894152,-0.0341947329482881,0.01143));
#394=CARTESIAN_POINT('',(-0.0126133344894152,-0.0341947329482881,3.46944695195361E-18));
#395=CARTESIAN_POINT('',(-0.0126203727637795,-0.0334818665352276,0.01143));
#396=CARTESIAN_POINT('',(-0.0126203727637795,-0.0334818665352276,1.73472347597681E-18));
#397=CARTESIAN_POINT('',(-0.0126036017817313,-0.0326887498218025,0.01143));
#398=CARTESIAN_POINT('',(-0.0126036017817313,-0.0326887498218025,6.93889390390723E-18));
#399=CARTESIAN_POINT('',(-0.0125669054583792,-0.0315620902178242,0.01143));
#400=CARTESIAN_POINT('',(-0.0125669054583792,-0.0315620902178242,3.46944695195361E-18));
#401=CARTESIAN_POINT('',(-0.0125489900061308,-0.0306403514286511,0.01143));
#402=CARTESIAN_POINT('',(-0.0125489900061308,-0.0306403514286511,3.46944695195361E-18));
#403=CARTESIAN_POINT('',(-0.0125498992740472,-0.0302174885776991,0.01143));
#404=CARTESIAN_POINT('',(-0.0125498992740472,-0.0302174885776991,3.46944695195361E-18));
#405=CARTESIAN_POINT('',(-0.0126090039622547,-0.0345105241217736,0.));
#406=CARTESIAN_POINT('',(-0.0126078275273731,-0.0344850952135426,0.));
#407=CARTESIAN_POINT('',(-0.0126060625797972,-0.0343739430985424,0.));
#408=CARTESIAN_POINT('',(-0.0126139512057782,-0.0340737275564073,0.));
#409=CARTESIAN_POINT('',(-0.0126184892572751,-0.0337521453295702,0.));
#410=CARTESIAN_POINT('',(-0.0126178464892821,-0.0333810390877039,0.));
#411=CARTESIAN_POINT('',(-0.0126078844110046,-0.0328874502780449,0.));
#412=CARTESIAN_POINT('',(-0.0125890975761873,-0.0322385105542587,0.));
#413=CARTESIAN_POINT('',(-0.012562322001039,-0.0313314007761025,0.));
#414=CARTESIAN_POINT('',(-0.0125489900061308,-0.0306403514286512,0.));
#415=CARTESIAN_POINT('',(-0.0125498992740472,-0.0302174885776991,0.));
#416=CARTESIAN_POINT('',(-0.0126090039622547,-0.0345105241217736,0.));
#417=CARTESIAN_POINT('',(-0.0125498992740472,-0.030217488577699,0.));
#418=CARTESIAN_POINT('',(-0.0126090039622547,-0.0345105241217736,0.01143));
#419=CARTESIAN_POINT('',(-0.0126090039622547,-0.0345105241217736,0.01143));
#420=CARTESIAN_POINT('',(-0.0126090039622547,-0.0345105241217736,0.01143));
#421=CARTESIAN_POINT('',(-0.0126078275273731,-0.0344850952135426,0.01143));
#422=CARTESIAN_POINT('',(-0.0126060625797972,-0.0343739430985424,0.01143));
#423=CARTESIAN_POINT('',(-0.0126139512057782,-0.0340737275564073,0.01143));
#424=CARTESIAN_POINT('',(-0.0126184892572751,-0.0337521453295702,0.01143));
#425=CARTESIAN_POINT('',(-0.0126178464892821,-0.0333810390877039,0.01143));
#426=CARTESIAN_POINT('',(-0.0126078844110046,-0.0328874502780449,0.01143));
#427=CARTESIAN_POINT('',(-0.0125890975761873,-0.0322385105542587,0.01143));
#428=CARTESIAN_POINT('',(-0.012562322001039,-0.0313314007761025,0.01143));
#429=CARTESIAN_POINT('',(-0.0125489900061308,-0.0306403514286512,0.01143));
#430=CARTESIAN_POINT('',(-0.0125498992740472,-0.0302174885776991,0.01143));
#431=CARTESIAN_POINT('',(-0.0125498992740472,-0.030217488577699,0.01143));
#432=CARTESIAN_POINT('',(-0.0125498992740472,-0.030217488577699,0.01143));
#433=CARTESIAN_POINT('',(-0.0125498992740472,-0.030217488577699,0.01143));
#434=CARTESIAN_POINT('',(-0.0125498992740472,-0.030217488577699,2.08166817117217E-17));
#435=CARTESIAN_POINT('',(-0.0135578001576924,-0.0302678107061854,0.01143));
#436=CARTESIAN_POINT('',(-0.0135578001576924,-0.0302678107061854,2.08166817117217E-17));
#437=CARTESIAN_POINT('',(-0.0158294922680681,-0.0301582400339542,0.01143));
#438=CARTESIAN_POINT('',(-0.0158294922680681,-0.0301582400339542,2.42861286636753E-17));
#439=CARTESIAN_POINT('',(-0.0197404062798147,-0.029610313383667,0.01143));
#440=CARTESIAN_POINT('',(-0.0197404062798147,-0.029610313383667,2.08166817117217E-17));
#441=CARTESIAN_POINT('',(-0.0234332337506352,-0.0287906968948118,0.01143));
#442=CARTESIAN_POINT('',(-0.0234332337506352,-0.0287906968948118,2.25514051876985E-17));
#443=CARTESIAN_POINT('',(-0.0263314708347068,-0.0278019077741058,0.01143));
#444=CARTESIAN_POINT('',(-0.0263314708347068,-0.0278019077741058,2.25514051876985E-17));
#445=CARTESIAN_POINT('',(-0.0283618773445046,-0.026896964551194,0.01143));
#446=CARTESIAN_POINT('',(-0.0283618773445046,-0.026896964551194,1.38777878078145E-17));
#447=CARTESIAN_POINT('',(-0.0298714072349485,-0.0261842389738929,0.01143));
#448=CARTESIAN_POINT('',(-0.0298714072349485,-0.0261842389738929,2.42861286636753E-17));
#449=CARTESIAN_POINT('',(-0.0314566687022096,-0.0254346139711518,0.01143));
#450=CARTESIAN_POINT('',(-0.0314566687022096,-0.0254346139711518,2.08166817117217E-17));
#451=CARTESIAN_POINT('',(-0.0331543995683568,-0.0245523069190191,0.01143));
#452=CARTESIAN_POINT('',(-0.0331543995683568,-0.0245523069190191,2.60208521396521E-17));
#453=CARTESIAN_POINT('',(-0.0348480058217921,-0.0234358355631142,0.01143));
#454=CARTESIAN_POINT('',(-0.0348480058217921,-0.0234358355631142,1.90819582357449E-17));
#455=CARTESIAN_POINT('',(-0.0365197967233822,-0.0221012860909293,0.01143));
#456=CARTESIAN_POINT('',(-0.0365197967233822,-0.0221012860909293,2.25514051876985E-17));
#457=CARTESIAN_POINT('',(-0.0383327565272267,-0.0200988838792046,0.01143));
#458=CARTESIAN_POINT('',(-0.0383327565272267,-0.0200988838792046,2.08166817117217E-17));
#459=CARTESIAN_POINT('',(-0.0400622026298174,-0.0175304078256659,0.01143));
#460=CARTESIAN_POINT('',(-0.0400622026298174,-0.0175304078256659,2.08166817117217E-17));
#461=CARTESIAN_POINT('',(-0.0414049386505073,-0.0150235840538669,0.01143));
#462=CARTESIAN_POINT('',(-0.0414049386505073,-0.0150235840538669,2.25514051876985E-17));
#463=CARTESIAN_POINT('',(-0.0422416990220473,-0.0131645204062717,0.01143));
#464=CARTESIAN_POINT('',(-0.0422416990220473,-0.0131645204062717,2.08166817117217E-17));
#465=CARTESIAN_POINT('',(-0.0428656538004335,-0.0117680994863129,0.01143));
#466=CARTESIAN_POINT('',(-0.0428656538004335,-0.0117680994863129,2.08166817117217E-17));
#467=CARTESIAN_POINT('',(-0.0433194224286337,-0.0107919281986993,0.01143));
#468=CARTESIAN_POINT('',(-0.0433194224286337,-0.0107919281986993,2.42861286636753E-17));
#469=CARTESIAN_POINT('',(-0.0438531303149221,-0.00972401145408943,0.01143));
#470=CARTESIAN_POINT('',(-0.0438531303149221,-0.00972401145408943,1.90819582357449E-17));
#471=CARTESIAN_POINT('',(-0.0443888080153414,-0.00849525662019669,0.01143));
#472=CARTESIAN_POINT('',(-0.0443888080153414,-0.00849525662019669,2.25514051876985E-17));
#473=CARTESIAN_POINT('',(-0.0447161999627076,-0.00727017136250943,0.01143));
#474=CARTESIAN_POINT('',(-0.0447161999627076,-0.00727017136250943,1.90819582357449E-17));
#475=CARTESIAN_POINT('',(-0.0447312709227227,-0.00608078811991869,0.01143));
#476=CARTESIAN_POINT('',(-0.0447312709227227,-0.00608078811991869,2.08166817117217E-17));
#477=CARTESIAN_POINT('',(-0.0445035924340441,-0.00507874182032159,0.01143));
#478=CARTESIAN_POINT('',(-0.0445035924340441,-0.00507874182032159,1.73472347597681E-17));
#479=CARTESIAN_POINT('',(-0.0440483592785946,-0.00421871040455999,0.01143));
#480=CARTESIAN_POINT('',(-0.0440483592785946,-0.00421871040455999,2.25514051876985E-17));
#481=CARTESIAN_POINT('',(-0.0433057726700316,-0.00332116457051759,0.01143));
#482=CARTESIAN_POINT('',(-0.0433057726700316,-0.00332116457051759,1.73472347597681E-17));
#483=CARTESIAN_POINT('',(-0.0422705903404913,-0.00253734630707933,0.01143));
#484=CARTESIAN_POINT('',(-0.0422705903404913,-0.00253734630707933,2.08166817117217E-17));
#485=CARTESIAN_POINT('',(-0.0409722690623283,-0.00184077492617654,0.01143));
#486=CARTESIAN_POINT('',(-0.0409722690623283,-0.00184077492617654,2.08166817117217E-17));
#487=CARTESIAN_POINT('',(-0.0392147542071566,-0.00107701123656322,0.01143));
#488=CARTESIAN_POINT('',(-0.0392147542071566,-0.00107701123656322,1.90819582357449E-17));
#489=CARTESIAN_POINT('',(-0.0369959800991638,-0.000230403048808308,0.01143));
#490=CARTESIAN_POINT('',(-0.0369959800991638,-0.000230403048808308,2.08166817117217E-17));
#491=CARTESIAN_POINT('',(-0.0342700155707083,0.000715688031389028,0.01143));
#492=CARTESIAN_POINT('',(-0.0342700155707083,0.000715688031389028,2.08166817117217E-17));
#493=CARTESIAN_POINT('',(-0.0317234862832041,0.00159192182432163,0.01143));
#494=CARTESIAN_POINT('',(-0.0317234862832041,0.00159192182432163,2.25514051876985E-17));
#495=CARTESIAN_POINT('',(-0.0292381831556362,0.0024622962941104,0.01143));
#496=CARTESIAN_POINT('',(-0.0292381831556362,0.0024622962941104,2.42861286636753E-17));
#497=CARTESIAN_POINT('',(-0.0265497092990274,0.00326424393455115,0.01143));
#498=CARTESIAN_POINT('',(-0.0265497092990274,0.00326424393455115,1.90819582357449E-17));
#499=CARTESIAN_POINT('',(-0.0234798504500883,0.0038971467066336,0.01143));
#500=CARTESIAN_POINT('',(-0.0234798504500883,0.0038971467066336,2.25514051876985E-17));
#501=CARTESIAN_POINT('',(-0.019105194459078,0.00448306332220837,0.01143));
#502=CARTESIAN_POINT('',(-0.019105194459078,0.00448306332220837,2.25514051876985E-17));
#503=CARTESIAN_POINT('',(-0.0145771927024109,0.0046969739330755,0.01143));
#504=CARTESIAN_POINT('',(-0.0145771927024109,0.0046969739330755,1.21430643318376E-17));
#505=CARTESIAN_POINT('',(-0.0106207416924002,0.00468115399080215,0.01143));
#506=CARTESIAN_POINT('',(-0.0106207416924002,0.00468115399080215,2.94902990916057E-17));
#507=CARTESIAN_POINT('',(-0.00847267451905304,0.00469343211185442,0.01143));
#508=CARTESIAN_POINT('',(-0.00847267451905304,0.00469343211185442,1.56125112837913E-17));
#509=CARTESIAN_POINT('',(-0.00700685791540374,0.00476681245892044,0.01143));
#510=CARTESIAN_POINT('',(-0.00700685791540374,0.00476681245892044,1.90819582357449E-17));
#511=CARTESIAN_POINT('',(-0.00547831165352367,0.00486087922389823,0.01143));
#512=CARTESIAN_POINT('',(-0.00547831165352367,0.00486087922389823,1.90819582357449E-17));
#513=CARTESIAN_POINT('',(-0.00375674499148829,0.00490680580837432,0.01143));
#514=CARTESIAN_POINT('',(-0.00375674499148829,0.00490680580837432,2.42861286636753E-17));
#515=CARTESIAN_POINT('',(-0.0016524763828067,0.00473382662497121,0.01143));
#516=CARTESIAN_POINT('',(-0.0016524763828067,0.00473382662497121,1.90819582357449E-17));
#517=CARTESIAN_POINT('',(0.00066778516936036,0.00438490107569348,0.01143));
#518=CARTESIAN_POINT('',(0.00066778516936036,0.00438490107569348,2.25514051876985E-17));
#519=CARTESIAN_POINT('',(0.00243726290147373,0.00405491824130785,0.01143));
#520=CARTESIAN_POINT('',(0.00243726290147373,0.00405491824130785,2.08166817117217E-17));
#521=CARTESIAN_POINT('',(0.0034459226365145,0.00390063053202434,0.01143));
#522=CARTESIAN_POINT('',(0.0034459226365145,0.00390063053202434,2.08166817117217E-17));
#523=CARTESIAN_POINT('',(-0.0125498992740472,-0.030217488577699,0.));
#524=CARTESIAN_POINT('',(-0.0130538497158698,-0.0302426496419422,0.));
#525=CARTESIAN_POINT('',(-0.0141185482068441,-0.0302377303114419,0.));
#526=CARTESIAN_POINT('',(-0.0164857378940475,-0.0300685054056442,0.));
#527=CARTESIAN_POINT('',(-0.0190863008234758,-0.0297012800382918,0.));
#528=CARTESIAN_POINT('',(-0.0212767879255229,-0.0292632977164198,0.));
#529=CARTESIAN_POINT('',(-0.0224635436214317,-0.0289852167646602,0.));
#530=CARTESIAN_POINT('',(-0.0235905277255907,-0.0286905435973816,0.));
#531=CARTESIAN_POINT('',(-0.0248795626551817,-0.0282965456428141,0.));
#532=CARTESIAN_POINT('',(-0.0262746221420132,-0.0277895125345307,0.));
#533=CARTESIAN_POINT('',(-0.0275490245126921,-0.0272597081169093,0.));
#534=CARTESIAN_POINT('',(-0.0285389539708541,-0.0268099782828538,0.));
#535=CARTESIAN_POINT('',(-0.0293091585719224,-0.0264492541883444,0.));
#536=CARTESIAN_POINT('',(-0.029877862183564,-0.0261811334884199,0.));
#537=CARTESIAN_POINT('',(-0.030464634786127,-0.0259039711322527,0.));
#538=CARTESIAN_POINT('',(-0.0312685647757689,-0.0255168309576874,0.));
#539=CARTESIAN_POINT('',(-0.0323056298669714,-0.0249931164853643,0.));
#540=CARTESIAN_POINT('',(-0.0335771770703508,-0.0242738660853527,0.));
#541=CARTESIAN_POINT('',(-0.0346382014580281,-0.0235735372655554,0.));
#542=CARTESIAN_POINT('',(-0.0354716386699142,-0.0229385871006669,0.));
#543=CARTESIAN_POINT('',(-0.0360877779696826,-0.0224185129629838,0.));
#544=CARTESIAN_POINT('',(-0.0366776319100069,-0.0218632156526531,0.));
#545=CARTESIAN_POINT('',(-0.0374205120566855,-0.0210925822927375,0.));
#546=CARTESIAN_POINT('',(-0.0382763870493442,-0.0200790013379544,0.));
#547=CARTESIAN_POINT('',(-0.0391955482458069,-0.0188164060402468,0.));
#548=CARTESIAN_POINT('',(-0.0400137420315338,-0.0175383402923005,0.));
#549=CARTESIAN_POINT('',(-0.040735989325061,-0.0162743320262871,0.));
#550=CARTESIAN_POINT('',(-0.0413621004285479,-0.0150588498720145,0.));
#551=CARTESIAN_POINT('',(-0.0419066172889491,-0.013907720203541,0.));
#552=CARTESIAN_POINT('',(-0.0423164201542447,-0.0129965026343493,0.));
#553=CARTESIAN_POINT('',(-0.0426308200347899,-0.0122937042458383,0.));
#554=CARTESIAN_POINT('',(-0.0428633265390607,-0.0117781884205672,0.));
#555=CARTESIAN_POINT('',(-0.0430568870531597,-0.0113574342301989,0.));
#556=CARTESIAN_POINT('',(-0.0432137091687311,-0.0110242289053148,0.));
#557=CARTESIAN_POINT('',(-0.0433709318469268,-0.0106962639397068,0.));
#558=CARTESIAN_POINT('',(-0.0435842521087298,-0.0102620393540641,0.));
#559=CARTESIAN_POINT('',(-0.0438537349417965,-0.00970350089866204,0.));
#560=CARTESIAN_POINT('',(-0.0441215598277482,-0.00910718768654038,0.));
#561=CARTESIAN_POINT('',(-0.0443715016128226,-0.00846523418117907,0.));
#562=CARTESIAN_POINT('',(-0.0445824744494298,-0.00776206783459224,0.));
#563=CARTESIAN_POINT('',(-0.0446982554369914,-0.00710452272390516,0.));
#564=CARTESIAN_POINT('',(-0.0447248377821943,-0.00652559342652666,0.));
#565=CARTESIAN_POINT('',(-0.0447005834096214,-0.00606571016229702,0.));
#566=CARTESIAN_POINT('',(-0.0446214724069664,-0.00558628577614286,0.));
#567=CARTESIAN_POINT('',(-0.0444744648968609,-0.00509529638963618,0.));
#568=CARTESIAN_POINT('',(-0.0442746679430839,-0.00464699447107789,0.));
#569=CARTESIAN_POINT('',(-0.04395621957592,-0.00410754810262292,0.));
#570=CARTESIAN_POINT('',(-0.0434918062777854,-0.00354493088997615,0.));
#571=CARTESIAN_POINT('',(-0.0428894089588103,-0.00300875668075745,0.));
#572=CARTESIAN_POINT('',(-0.0422638414018114,-0.00256735932208392,0.));
#573=CARTESIAN_POINT('',(-0.0416226649941775,-0.00218989440860621,0.));
#574=CARTESIAN_POINT('',(-0.0409701346358912,-0.00185629887120391,0.));
#575=CARTESIAN_POINT('',(-0.0403105959730103,-0.00155330827732965,0.));
#576=CARTESIAN_POINT('',(-0.0396522073591644,-0.00127293785795134,0.));
#577=CARTESIAN_POINT('',(-0.038996619900418,-0.00100589181436906,0.));
#578=CARTESIAN_POINT('',(-0.0381086022029656,-0.000657425686609175,0.));
#579=CARTESIAN_POINT('',(-0.0369863514685354,-0.000238517404657451,0.));
#580=CARTESIAN_POINT('',(-0.0356339867721248,0.000243019923671126,0.));
#581=CARTESIAN_POINT('',(-0.0342949911274702,0.000706541169689215,0.));
#582=CARTESIAN_POINT('',(-0.0329855773831957,0.00115508629864129,0.));
#583=CARTESIAN_POINT('',(-0.0317331120250497,0.00159085669769966,0.));
#584=CARTESIAN_POINT('',(-0.0304841183757666,0.00202715853334595,0.));
#585=CARTESIAN_POINT('',(-0.0292124490338333,0.00245389491186879,0.));
#586=CARTESIAN_POINT('',(-0.0278920136936776,0.00286261275449302,0.));
#587=CARTESIAN_POINT('',(-0.0265025119579475,0.00324262126560364,0.));
#588=CARTESIAN_POINT('',(-0.0250148092763679,0.00358332092204067,0.));
#589=CARTESIAN_POINT('',(-0.0229331893972038,0.00396915287104497,0.));
#590=CARTESIAN_POINT('',(-0.0201971729338566,0.00433455687389219,0.));
#591=CARTESIAN_POINT('',(-0.0174056900163564,0.00455509484689031,0.));
#592=CARTESIAN_POINT('',(-0.015212569067812,0.00464726058774242,0.));
#593=CARTESIAN_POINT('',(-0.0136240474015162,0.00467762791688398,0.));
#594=CARTESIAN_POINT('',(-0.0121054963989029,0.00468547615319436,0.));
#595=CARTESIAN_POINT('',(-0.0106694295479574,0.00468469158252906,0.));
#596=CARTESIAN_POINT('',(-0.00933089321316127,0.00468928016347002,0.));
#597=CARTESIAN_POINT('',(-0.00830858809377644,0.00470817210065343,0.));
#598=CARTESIAN_POINT('',(-0.00756018317674968,0.00473865524454865,0.));
#599=CARTESIAN_POINT('',(-0.00681367447504463,0.00477893961013515,0.));
#600=CARTESIAN_POINT('',(-0.005861264462723,0.0048372412034316,0.));
#601=CARTESIAN_POINT('',(-0.00461696478548435,0.00488386100046954,0.));
#602=CARTESIAN_POINT('',(-0.00345948856545817,0.00486659317278496,0.));
#603=CARTESIAN_POINT('',(-0.00244588565637012,0.00479931668449396,0.));
#604=CARTESIAN_POINT('',(-0.00163221668426747,0.0047173504294585,0.));
#605=CARTESIAN_POINT('',(-0.000778111195785325,0.00460228157309322,0.));
#606=CARTESIAN_POINT('',(0.000379223506243326,0.00442128654016417,0.));
#607=CARTESIAN_POINT('',(0.00184214375582708,0.00416518576420482,0.));
#608=CARTESIAN_POINT('',(0.0029415927689941,0.00397777438666609,0.));
#609=CARTESIAN_POINT('',(0.0034459226365145,0.00390063053202434,0.));
#610=CARTESIAN_POINT('',(0.00344592263651463,0.00390063053202432,0.));
#611=CARTESIAN_POINT('',(-0.0125498992740472,-0.030217488577699,0.01143));
#612=CARTESIAN_POINT('',(-0.0130538497158698,-0.0302426496419422,0.01143));
#613=CARTESIAN_POINT('',(-0.0141185482068441,-0.0302377303114419,0.01143));
#614=CARTESIAN_POINT('',(-0.0164857378940475,-0.0300685054056442,0.01143));
#615=CARTESIAN_POINT('',(-0.0190863008234758,-0.0297012800382918,0.01143));
#616=CARTESIAN_POINT('',(-0.0212767879255229,-0.0292632977164198,0.01143));
#617=CARTESIAN_POINT('',(-0.0224635436214317,-0.0289852167646602,0.01143));
#618=CARTESIAN_POINT('',(-0.0235905277255907,-0.0286905435973816,0.01143));
#619=CARTESIAN_POINT('',(-0.0248795626551817,-0.0282965456428141,0.01143));
#620=CARTESIAN_POINT('',(-0.0262746221420132,-0.0277895125345307,0.01143));
#621=CARTESIAN_POINT('',(-0.0275490245126921,-0.0272597081169093,0.01143));
#622=CARTESIAN_POINT('',(-0.0285389539708541,-0.0268099782828538,0.01143));
#623=CARTESIAN_POINT('',(-0.0293091585719224,-0.0264492541883444,0.01143));
#624=CARTESIAN_POINT('',(-0.029877862183564,-0.0261811334884199,0.01143));
#625=CARTESIAN_POINT('',(-0.030464634786127,-0.0259039711322527,0.01143));
#626=CARTESIAN_POINT('',(-0.0312685647757689,-0.0255168309576874,0.01143));
#627=CARTESIAN_POINT('',(-0.0323056298669714,-0.0249931164853643,0.01143));
#628=CARTESIAN_POINT('',(-0.0335771770703508,-0.0242738660853527,0.01143));
#629=CARTESIAN_POINT('',(-0.0346382014580281,-0.0235735372655554,0.01143));
#630=CARTESIAN_POINT('',(-0.0354716386699142,-0.0229385871006669,0.01143));
#631=CARTESIAN_POINT('',(-0.0360877779696826,-0.0224185129629838,0.01143));
#632=CARTESIAN_POINT('',(-0.0366776319100069,-0.0218632156526531,0.01143));
#633=CARTESIAN_POINT('',(-0.0374205120566855,-0.0210925822927375,0.01143));
#634=CARTESIAN_POINT('',(-0.0382763870493442,-0.0200790013379544,0.01143));
#635=CARTESIAN_POINT('',(-0.0391955482458069,-0.0188164060402468,0.01143));
#636=CARTESIAN_POINT('',(-0.0400137420315338,-0.0175383402923005,0.01143));
#637=CARTESIAN_POINT('',(-0.040735989325061,-0.0162743320262871,0.01143));
#638=CARTESIAN_POINT('',(-0.0413621004285479,-0.0150588498720145,0.01143));
#639=CARTESIAN_POINT('',(-0.0419066172889491,-0.013907720203541,0.01143));
#640=CARTESIAN_POINT('',(-0.0423164201542447,-0.0129965026343493,0.01143));
#641=CARTESIAN_POINT('',(-0.0426308200347899,-0.0122937042458383,0.01143));
#642=CARTESIAN_POINT('',(-0.0428633265390607,-0.0117781884205672,0.01143));
#643=CARTESIAN_POINT('',(-0.0430568870531597,-0.0113574342301989,0.01143));
#644=CARTESIAN_POINT('',(-0.0432137091687311,-0.0110242289053148,0.01143));
#645=CARTESIAN_POINT('',(-0.0433709318469268,-0.0106962639397068,0.01143));
#646=CARTESIAN_POINT('',(-0.0435842521087298,-0.0102620393540641,0.01143));
#647=CARTESIAN_POINT('',(-0.0438537349417965,-0.00970350089866204,0.01143));
#648=CARTESIAN_POINT('',(-0.0441215598277482,-0.00910718768654038,0.01143));
#649=CARTESIAN_POINT('',(-0.0443715016128226,-0.00846523418117907,0.01143));
#650=CARTESIAN_POINT('',(-0.0445824744494298,-0.00776206783459224,0.01143));
#651=CARTESIAN_POINT('',(-0.0446982554369914,-0.00710452272390516,0.01143));
#652=CARTESIAN_POINT('',(-0.0447248377821943,-0.00652559342652666,0.01143));
#653=CARTESIAN_POINT('',(-0.0447005834096214,-0.00606571016229702,0.01143));
#654=CARTESIAN_POINT('',(-0.0446214724069664,-0.00558628577614286,0.01143));
#655=CARTESIAN_POINT('',(-0.0444744648968609,-0.00509529638963618,0.01143));
#656=CARTESIAN_POINT('',(-0.0442746679430839,-0.00464699447107789,0.01143));
#657=CARTESIAN_POINT('',(-0.04395621957592,-0.00410754810262292,0.01143));
#658=CARTESIAN_POINT('',(-0.0434918062777854,-0.00354493088997615,0.01143));
#659=CARTESIAN_POINT('',(-0.0428894089588103,-0.00300875668075745,0.01143));
#660=CARTESIAN_POINT('',(-0.0422638414018114,-0.00256735932208392,0.01143));
#661=CARTESIAN_POINT('',(-0.0416226649941775,-0.00218989440860621,0.01143));
#662=CARTESIAN_POINT('',(-0.0409701346358912,-0.00185629887120391,0.01143));
#663=CARTESIAN_POINT('',(-0.0403105959730103,-0.00155330827732965,0.01143));
#664=CARTESIAN_POINT('',(-0.0396522073591644,-0.00127293785795134,0.01143));
#665=CARTESIAN_POINT('',(-0.038996619900418,-0.00100589181436906,0.01143));
#666=CARTESIAN_POINT('',(-0.0381086022029656,-0.000657425686609175,0.01143));
#667=CARTESIAN_POINT('',(-0.0369863514685354,-0.000238517404657451,0.01143));
#668=CARTESIAN_POINT('',(-0.0356339867721248,0.000243019923671126,0.01143));
#669=CARTESIAN_POINT('',(-0.0342949911274702,0.000706541169689215,0.01143));
#670=CARTESIAN_POINT('',(-0.0329855773831957,0.00115508629864129,0.01143));
#671=CARTESIAN_POINT('',(-0.0317331120250497,0.00159085669769966,0.01143));
#672=CARTESIAN_POINT('',(-0.0304841183757666,0.00202715853334595,0.01143));
#673=CARTESIAN_POINT('',(-0.0292124490338333,0.00245389491186879,0.01143));
#674=CARTESIAN_POINT('',(-0.0278920136936776,0.00286261275449302,0.01143));
#675=CARTESIAN_POINT('',(-0.0265025119579475,0.00324262126560364,0.01143));
#676=CARTESIAN_POINT('',(-0.0250148092763679,0.00358332092204067,0.01143));
#677=CARTESIAN_POINT('',(-0.0229331893972038,0.00396915287104497,0.01143));
#678=CARTESIAN_POINT('',(-0.0201971729338566,0.00433455687389219,0.01143));
#679=CARTESIAN_POINT('',(-0.0174056900163564,0.00455509484689031,0.01143));
#680=CARTESIAN_POINT('',(-0.015212569067812,0.00464726058774242,0.01143));
#681=CARTESIAN_POINT('',(-0.0136240474015162,0.00467762791688398,0.01143));
#682=CARTESIAN_POINT('',(-0.0121054963989029,0.00468547615319436,0.01143));
#683=CARTESIAN_POINT('',(-0.0106694295479574,0.00468469158252906,0.01143));
#684=CARTESIAN_POINT('',(-0.00933089321316127,0.00468928016347002,0.01143));
#685=CARTESIAN_POINT('',(-0.00830858809377644,0.00470817210065343,0.01143));
#686=CARTESIAN_POINT('',(-0.00756018317674968,0.00473865524454865,0.01143));
#687=CARTESIAN_POINT('',(-0.00681367447504463,0.00477893961013515,0.01143));
#688=CARTESIAN_POINT('',(-0.005861264462723,0.0048372412034316,0.01143));
#689=CARTESIAN_POINT('',(-0.00461696478548435,0.00488386100046954,0.01143));
#690=CARTESIAN_POINT('',(-0.00345948856545817,0.00486659317278496,0.01143));
#691=CARTESIAN_POINT('',(-0.00244588565637012,0.00479931668449396,0.01143));
#692=CARTESIAN_POINT('',(-0.00163221668426747,0.0047173504294585,0.01143));
#693=CARTESIAN_POINT('',(-0.000778111195785325,0.00460228157309322,0.01143));
#694=CARTESIAN_POINT('',(0.000379223506243326,0.00442128654016417,0.01143));
#695=CARTESIAN_POINT('',(0.00184214375582708,0.00416518576420482,0.01143));
#696=CARTESIAN_POINT('',(0.0029415927689941,0.00397777438666609,0.01143));
#697=CARTESIAN_POINT('',(0.0034459226365145,0.00390063053202434,0.01143));
#698=CARTESIAN_POINT('',(0.00344592263651463,0.00390063053202432,0.01143));
#699=CARTESIAN_POINT('',(0.00344592263651463,0.00390063053202432,0.01143));
#700=CARTESIAN_POINT('',(0.00344592263651463,0.00390063053202426,0.01143));
#701=CARTESIAN_POINT('',(0.00344592263651463,0.00390063053202426,0.));
#702=CARTESIAN_POINT('',(0.00312850772271668,0.00446274499714979,0.01143));
#703=CARTESIAN_POINT('',(0.00312850772271668,0.00446274499714979,0.));
#704=CARTESIAN_POINT('',(0.00237745389774532,0.00569663888348262,0.01143));
#705=CARTESIAN_POINT('',(0.00237745389774532,0.00569663888348262,0.));
#706=CARTESIAN_POINT('',(0.00114787681077397,0.00753923777959756,0.01143));
#707=CARTESIAN_POINT('',(0.00114787681077397,0.00753923777959756,0.));
#708=CARTESIAN_POINT('',(-4.47537749879119E-5,0.0092403214729915,0.01143));
#709=CARTESIAN_POINT('',(-4.47537749879119E-5,0.0092403214729915,1.73472347597681E-18));
#710=CARTESIAN_POINT('',(-0.00116819448695561,0.0109462203823912,0.01143));
#711=CARTESIAN_POINT('',(-0.00116819448695561,0.0109462203823912,-1.73472347597681E-18));
#712=CARTESIAN_POINT('',(-0.00215111593661887,0.0127950437884255,0.01143));
#713=CARTESIAN_POINT('',(-0.00215111593661887,0.0127950437884255,3.46944695195361E-18));
#714=CARTESIAN_POINT('',(-0.00281860025627323,0.0147904702620747,0.01143));
#715=CARTESIAN_POINT('',(-0.00281860025627323,0.0147904702620747,0.));
#716=CARTESIAN_POINT('',(-0.00315028711233962,0.016775660685816,0.01143));
#717=CARTESIAN_POINT('',(-0.00315028711233962,0.016775660685816,-1.73472347597681E-18));
#718=CARTESIAN_POINT('',(-0.00321012398348683,0.0193711323110675,0.01143));
#719=CARTESIAN_POINT('',(-0.00321012398348683,0.0193711323110675,3.46944695195361E-18));
#720=CARTESIAN_POINT('',(-0.00271743252889654,0.0219214128398786,0.01143));
#721=CARTESIAN_POINT('',(-0.00271743252889654,0.0219214128398786,3.46944695195361E-18));
#722=CARTESIAN_POINT('',(-0.00161622822688537,0.0243775974462357,0.01143));
#723=CARTESIAN_POINT('',(-0.00161622822688537,0.0243775974462357,-1.73472347597681E-18));
#724=CARTESIAN_POINT('',(-0.000643583738970276,0.0260483061398551,0.01143));
#725=CARTESIAN_POINT('',(-0.000643583738970276,0.0260483061398551,1.73472347597681E-18));
#726=CARTESIAN_POINT('',(0.000192556351101719,0.0273266723708351,0.01143));
#727=CARTESIAN_POINT('',(0.000192556351101719,0.0273266723708351,0.));
#728=CARTESIAN_POINT('',(0.000798850449633738,0.0282460224215455,0.01143));
#729=CARTESIAN_POINT('',(0.000798850449633738,0.0282460224215455,-1.73472347597681E-18));
#730=CARTESIAN_POINT('',(0.00147003008948752,0.0292320839856847,0.01143));
#731=CARTESIAN_POINT('',(0.00147003008948752,0.0292320839856847,0.));
#732=CARTESIAN_POINT('',(0.00253180073069649,0.0305538524370453,0.01143));
#733=CARTESIAN_POINT('',(0.00253180073069649,0.0305538524370453,1.73472347597681E-18));
#734=CARTESIAN_POINT('',(0.00449533102771228,0.0320013380988038,0.01143));
#735=CARTESIAN_POINT('',(0.00449533102771228,0.0320013380988038,1.73472347597681E-18));
#736=CARTESIAN_POINT('',(0.00694050015963437,0.032958853726652,0.01143));
#737=CARTESIAN_POINT('',(0.00694050015963437,0.032958853726652,0.));
#738=CARTESIAN_POINT('',(0.00955062428923945,0.0336211868466037,0.01143));
#739=CARTESIAN_POINT('',(0.00955062428923945,0.0336211868466037,0.));
#740=CARTESIAN_POINT('',(0.0121611891173304,0.0340510215533569,0.01143));
#741=CARTESIAN_POINT('',(0.0121611891173304,0.0340510215533569,0.));
#742=CARTESIAN_POINT('',(0.0144586688314343,0.03427025497673,0.01143));
#743=CARTESIAN_POINT('',(0.0144586688314343,0.03427025497673,0.));
#744=CARTESIAN_POINT('',(0.0163926557428359,0.0342863030169292,0.01143));
#745=CARTESIAN_POINT('',(0.0163926557428359,0.0342863030169292,-3.46944695195361E-18));
#746=CARTESIAN_POINT('',(0.0181972822753127,0.0340418809198912,0.01143));
#747=CARTESIAN_POINT('',(0.0181972822753127,0.0340418809198912,0.));
#748=CARTESIAN_POINT('',(0.0199267365647265,0.0335615531062457,0.01143));
#749=CARTESIAN_POINT('',(0.0199267365647265,0.0335615531062457,-6.93889390390723E-18));
#750=CARTESIAN_POINT('',(0.0217209506767837,0.0328456163917952,0.01143));
#751=CARTESIAN_POINT('',(0.0217209506767837,0.0328456163917952,0.));
#752=CARTESIAN_POINT('',(0.023491200966962,0.0318717238223545,0.01143));
#753=CARTESIAN_POINT('',(0.023491200966962,0.0318717238223545,-3.46944695195361E-18));
#754=CARTESIAN_POINT('',(0.0250931614387892,0.0306397876813751,0.01143));
#755=CARTESIAN_POINT('',(0.0250931614387892,0.0306397876813751,5.20417042793042E-18));
#756=CARTESIAN_POINT('',(0.0261995031741109,0.0295789538214377,0.01143));
#757=CARTESIAN_POINT('',(0.0261995031741109,0.0295789538214377,-3.46944695195361E-18));
#758=CARTESIAN_POINT('',(0.0270089054944287,0.0287431170107164,0.01143));
#759=CARTESIAN_POINT('',(0.0270089054944287,0.0287431170107164,0.));
#760=CARTESIAN_POINT('',(0.027744772319168,0.0279656784016457,0.01143));
#761=CARTESIAN_POINT('',(0.027744772319168,0.0279656784016457,1.73472347597681E-18));
#762=CARTESIAN_POINT('',(0.0287839625585525,0.0268459684332688,0.01143));
#763=CARTESIAN_POINT('',(0.0287839625585525,0.0268459684332688,-5.20417042793042E-18));
#764=CARTESIAN_POINT('',(0.0297616600923059,0.0252440753920808,0.01143));
#765=CARTESIAN_POINT('',(0.0297616600923059,0.0252440753920808,0.));
#766=CARTESIAN_POINT('',(0.0302523846660581,0.0236154332513109,0.01143));
#767=CARTESIAN_POINT('',(0.0302523846660581,0.0236154332513109,-1.73472347597681E-18));
#768=CARTESIAN_POINT('',(0.0304748235036722,0.0219272989346151,0.01143));
#769=CARTESIAN_POINT('',(0.0304748235036722,0.0219272989346151,1.73472347597681E-18));
#770=CARTESIAN_POINT('',(0.0304763513238455,0.0207822706178809,0.01143));
#771=CARTESIAN_POINT('',(0.0304763513238455,0.0207822706178809,0.));
#772=CARTESIAN_POINT('',(0.0304831113314664,0.0201325001125029,0.01143));
#773=CARTESIAN_POINT('',(0.0304831113314664,0.0201325001125029,0.));
#774=CARTESIAN_POINT('',(0.00344592263651463,0.00390063053202426,0.));
#775=CARTESIAN_POINT('',(0.00312850772271671,0.00446274499714974,0.));
#776=CARTESIAN_POINT('',(0.0025672925175018,0.00538449828948305,0.));
#777=CARTESIAN_POINT('',(0.00175920674840385,0.00662405020223359,0.));
#778=CARTESIAN_POINT('',(0.0011529926925822,0.00752068774433332,0.));
#779=CARTESIAN_POINT('',(0.000553029847120651,0.00838711029529741,0.));
#780=CARTESIAN_POINT('',(-3.62891271818742E-5,0.00924107187763253,0.));
#781=CARTESIAN_POINT('',(-0.000607206114525898,0.0100953462481264,0.));
#782=CARTESIAN_POINT('',(-0.00115110055596686,0.0109649189593226,0.));
#783=CARTESIAN_POINT('',(-0.00157271619352457,0.0117151737478581,0.));
#784=CARTESIAN_POINT('',(-0.00188353359797294,0.012337330018781,0.));
#785=CARTESIAN_POINT('',(-0.00210184748187984,0.0128179492133915,0.));
#786=CARTESIAN_POINT('',(-0.00230033496421163,0.0133077389258199,0.));
#787=CARTESIAN_POINT('',(-0.0025352904271429,0.0139630584750795,0.));
#788=CARTESIAN_POINT('',(-0.00277617650470566,0.0147883788796291,0.));
#789=CARTESIAN_POINT('',(-0.00298398484359849,0.0157810756098545,0.));
#790=CARTESIAN_POINT('',(-0.00311471608323322,0.0167705787747958,0.));
#791=CARTESIAN_POINT('',(-0.0031720642948003,0.0177519867010549,0.));
#792=CARTESIAN_POINT('',(-0.00315685524983394,0.0190413908054634,0.));
#793=CARTESIAN_POINT('',(-0.00296479235582157,0.0206450264463223,0.));
#794=CARTESIAN_POINT('',(-0.00257103981257166,0.0220631785685428,0.));
#795=CARTESIAN_POINT('',(-0.00221785015073474,0.0229930915454032,0.));
#796=CARTESIAN_POINT('',(-0.00195759881581482,0.0236101770640865,0.));
#797=CARTESIAN_POINT('',(-0.00159793513964897,0.0243552818858286,0.));
#798=CARTESIAN_POINT('',(-0.00112935599026182,0.0252118712732126,0.));
#799=CARTESIAN_POINT('',(-0.000639392832755921,0.0260319150692061,0.));
#800=CARTESIAN_POINT('',(-0.000143851492364315,0.0268136360726511,0.));
#801=CARTESIAN_POINT('',(0.000262694362861751,0.027433070792177,0.));
#802=CARTESIAN_POINT('',(0.000572655579144427,0.0279014392765708,0.));
#803=CARTESIAN_POINT('',(0.000882100607875933,0.028369113238857,0.));
#804=CARTESIAN_POINT('',(0.00130223376787923,0.028986204878295,0.));
#805=CARTESIAN_POINT('',(0.00189552046630945,0.0297585737422253,0.));
#806=CARTESIAN_POINT('',(0.00262035266601384,0.0305371312746254,0.));
#807=CARTESIAN_POINT('',(0.00335612442881838,0.0311540046304964,0.));
#808=CARTESIAN_POINT('',(0.00402532311300166,0.031606924626798,0.));
#809=CARTESIAN_POINT('',(0.00457096946759223,0.0319249592383523,0.));
#810=CARTESIAN_POINT('',(0.00514442401781106,0.0322112969787062,0.));
#811=CARTESIAN_POINT('',(0.00593151551614901,0.0325536059768738,0.));
#812=CARTESIAN_POINT('',(0.00695967305214411,0.0329221352605249,0.));
#813=CARTESIAN_POINT('',(0.00824337973796283,0.0332894986897723,0.));
#814=CARTESIAN_POINT('',(0.00955156357861217,0.0335922473395555,0.));
#815=CARTESIAN_POINT('',(0.0108545523815127,0.0338361346184302,0.));
#816=CARTESIAN_POINT('',(0.0121202124495427,0.034024748940905,0.));
#817=CARTESIAN_POINT('',(0.0133186474103131,0.0341603976547114,0.));
#818=CARTESIAN_POINT('',(0.0144121960431698,0.0342449505992861,0.));
#819=CARTESIAN_POINT('',(0.015421088602915,0.0342781444253507,0.));
#820=CARTESIAN_POINT('',(0.0163772416659768,0.0342534448527412,0.));
#821=CARTESIAN_POINT('',(0.0172965188112697,0.0341654241280225,0.));
#822=CARTESIAN_POINT('',(0.0181889280552767,0.034012244285281,0.));
#823=CARTESIAN_POINT('',(0.0190562903764363,0.0338009785335937,0.));
#824=CARTESIAN_POINT('',(0.0199356059710507,0.0335323735172555,0.));
#825=CARTESIAN_POINT('',(0.0208264649503631,0.0332032371340538,0.));
#826=CARTESIAN_POINT('',(0.0217182481243805,0.0328131873686162,0.));
#827=CARTESIAN_POINT('',(0.022602282790939,0.0323597558872621,0.));
#828=CARTESIAN_POINT('',(0.0233233357308204,0.03192736839052,0.));
#829=CARTESIAN_POINT('',(0.0238869971180459,0.0315449354009059,0.));
#830=CARTESIAN_POINT('',(0.0244257708141174,0.0311494591354937,0.));
#831=CARTESIAN_POINT('',(0.0250573579965989,0.0306355496430765,0.));
#832=CARTESIAN_POINT('',(0.0257557328792765,0.0300032219910222,0.));
#833=CARTESIAN_POINT('',(0.0262950194083868,0.0294748671546508,0.));
#834=CARTESIAN_POINT('',(0.026704461984635,0.029057786149003,0.));
#835=CARTESIAN_POINT('',(0.027001246251219,0.0287495077684798,0.));
#836=CARTESIAN_POINT('',(0.0272888343553789,0.0284466834926125,0.));
#837=CARTESIAN_POINT('',(0.027658926281552,0.028055492386847,0.));
#838=CARTESIAN_POINT('',(0.0281569325923516,0.0275198101569692,0.));
#839=CARTESIAN_POINT('',(0.0287752505605278,0.0267732665342478,0.));
#840=CARTESIAN_POINT('',(0.0292725828185003,0.0260324732709404,0.));
#841=CARTESIAN_POINT('',(0.0296284211606784,0.0253591907317403,0.));
#842=CARTESIAN_POINT('',(0.0298661498929373,0.0248142609193889,0.));
#843=CARTESIAN_POINT('',(0.0300673099554104,0.024231690878125,0.));
#844=CARTESIAN_POINT('',(0.0302002009411812,0.0237155718621047,0.));
#845=CARTESIAN_POINT('',(0.0302827231619144,0.023289622660547,0.));
#846=CARTESIAN_POINT('',(0.0303483003864157,0.0228725132206873,0.));
#847=CARTESIAN_POINT('',(0.0304055052367576,0.022359904460108,0.));
#848=CARTESIAN_POINT('',(0.0304462015302098,0.0217620572166903,0.));
#849=CARTESIAN_POINT('',(0.0304752170792502,0.0209929943398442,0.));
#850=CARTESIAN_POINT('',(0.030479731327656,0.0204573853651917,0.));
#851=CARTESIAN_POINT('',(0.0304831113314664,0.0201325001125029,0.));
#852=CARTESIAN_POINT('',(0.0304831113314664,0.0201325001125028,0.));
#853=CARTESIAN_POINT('',(0.00344592263651463,0.00390063053202426,0.01143));
#854=CARTESIAN_POINT('',(0.00312850772271671,0.00446274499714974,0.01143));
#855=CARTESIAN_POINT('',(0.0025672925175018,0.00538449828948305,0.01143));
#856=CARTESIAN_POINT('',(0.00175920674840385,0.00662405020223359,0.01143));
#857=CARTESIAN_POINT('',(0.0011529926925822,0.00752068774433332,0.01143));
#858=CARTESIAN_POINT('',(0.000553029847120651,0.00838711029529741,0.01143));
#859=CARTESIAN_POINT('',(-3.62891271818742E-5,0.00924107187763253,0.01143));
#860=CARTESIAN_POINT('',(-0.000607206114525898,0.0100953462481264,0.01143));
#861=CARTESIAN_POINT('',(-0.00115110055596686,0.0109649189593226,0.01143));
#862=CARTESIAN_POINT('',(-0.00157271619352457,0.0117151737478581,0.01143));
#863=CARTESIAN_POINT('',(-0.00188353359797294,0.012337330018781,0.01143));
#864=CARTESIAN_POINT('',(-0.00210184748187984,0.0128179492133915,0.01143));
#865=CARTESIAN_POINT('',(-0.00230033496421163,0.0133077389258199,0.01143));
#866=CARTESIAN_POINT('',(-0.0025352904271429,0.0139630584750795,0.01143));
#867=CARTESIAN_POINT('',(-0.00277617650470566,0.0147883788796291,0.01143));
#868=CARTESIAN_POINT('',(-0.00298398484359849,0.0157810756098545,0.01143));
#869=CARTESIAN_POINT('',(-0.00311471608323322,0.0167705787747958,0.01143));
#870=CARTESIAN_POINT('',(-0.0031720642948003,0.0177519867010549,0.01143));
#871=CARTESIAN_POINT('',(-0.00315685524983394,0.0190413908054634,0.01143));
#872=CARTESIAN_POINT('',(-0.00296479235582157,0.0206450264463223,0.01143));
#873=CARTESIAN_POINT('',(-0.00257103981257166,0.0220631785685428,0.01143));
#874=CARTESIAN_POINT('',(-0.00221785015073474,0.0229930915454032,0.01143));
#875=CARTESIAN_POINT('',(-0.00195759881581482,0.0236101770640865,0.01143));
#876=CARTESIAN_POINT('',(-0.00159793513964897,0.0243552818858286,0.01143));
#877=CARTESIAN_POINT('',(-0.00112935599026182,0.0252118712732126,0.01143));
#878=CARTESIAN_POINT('',(-0.000639392832755921,0.0260319150692061,0.01143));
#879=CARTESIAN_POINT('',(-0.000143851492364315,0.0268136360726511,0.01143));
#880=CARTESIAN_POINT('',(0.000262694362861751,0.027433070792177,0.01143));
#881=CARTESIAN_POINT('',(0.000572655579144427,0.0279014392765708,0.01143));
#882=CARTESIAN_POINT('',(0.000882100607875933,0.028369113238857,0.01143));
#883=CARTESIAN_POINT('',(0.00130223376787923,0.028986204878295,0.01143));
#884=CARTESIAN_POINT('',(0.00189552046630945,0.0297585737422253,0.01143));
#885=CARTESIAN_POINT('',(0.00262035266601384,0.0305371312746254,0.01143));
#886=CARTESIAN_POINT('',(0.00335612442881838,0.0311540046304964,0.01143));
#887=CARTESIAN_POINT('',(0.00402532311300166,0.031606924626798,0.01143));
#888=CARTESIAN_POINT('',(0.00457096946759223,0.0319249592383523,0.01143));
#889=CARTESIAN_POINT('',(0.00514442401781106,0.0322112969787062,0.01143));
#890=CARTESIAN_POINT('',(0.00593151551614901,0.0325536059768738,0.01143));
#891=CARTESIAN_POINT('',(0.00695967305214411,0.0329221352605249,0.01143));
#892=CARTESIAN_POINT('',(0.00824337973796283,0.0332894986897723,0.01143));
#893=CARTESIAN_POINT('',(0.00955156357861217,0.0335922473395555,0.01143));
#894=CARTESIAN_POINT('',(0.0108545523815127,0.0338361346184302,0.01143));
#895=CARTESIAN_POINT('',(0.0121202124495427,0.034024748940905,0.01143));
#896=CARTESIAN_POINT('',(0.0133186474103131,0.0341603976547114,0.01143));
#897=CARTESIAN_POINT('',(0.0144121960431698,0.0342449505992861,0.01143));
#898=CARTESIAN_POINT('',(0.015421088602915,0.0342781444253507,0.01143));
#899=CARTESIAN_POINT('',(0.0163772416659768,0.0342534448527412,0.01143));
#900=CARTESIAN_POINT('',(0.0172965188112697,0.0341654241280225,0.01143));
#901=CARTESIAN_POINT('',(0.0181889280552767,0.034012244285281,0.01143));
#902=CARTESIAN_POINT('',(0.0190562903764363,0.0338009785335937,0.01143));
#903=CARTESIAN_POINT('',(0.0199356059710507,0.0335323735172555,0.01143));
#904=CARTESIAN_POINT('',(0.0208264649503631,0.0332032371340538,0.01143));
#905=CARTESIAN_POINT('',(0.0217182481243805,0.0328131873686162,0.01143));
#906=CARTESIAN_POINT('',(0.022602282790939,0.0323597558872621,0.01143));
#907=CARTESIAN_POINT('',(0.0233233357308204,0.03192736839052,0.01143));
#908=CARTESIAN_POINT('',(0.0238869971180459,0.0315449354009059,0.01143));
#909=CARTESIAN_POINT('',(0.0244257708141174,0.0311494591354937,0.01143));
#910=CARTESIAN_POINT('',(0.0250573579965989,0.0306355496430765,0.01143));
#911=CARTESIAN_POINT('',(0.0257557328792765,0.0300032219910222,0.01143));
#912=CARTESIAN_POINT('',(0.0262950194083868,0.0294748671546508,0.01143));
#913=CARTESIAN_POINT('',(0.026704461984635,0.029057786149003,0.01143));
#914=CARTESIAN_POINT('',(0.027001246251219,0.0287495077684798,0.01143));
#915=CARTESIAN_POINT('',(0.0272888343553789,0.0284466834926125,0.01143));
#916=CARTESIAN_POINT('',(0.027658926281552,0.028055492386847,0.01143));
#917=CARTESIAN_POINT('',(0.0281569325923516,0.0275198101569692,0.01143));
#918=CARTESIAN_POINT('',(0.0287752505605278,0.0267732665342478,0.01143));
#919=CARTESIAN_POINT('',(0.0292725828185003,0.0260324732709404,0.01143));
#920=CARTESIAN_POINT('',(0.0296284211606784,0.0253591907317403,0.01143));
#921=CARTESIAN_POINT('',(0.0298661498929373,0.0248142609193889,0.01143));
#922=CARTESIAN_POINT('',(0.0300673099554104,0.024231690878125,0.01143));
#923=CARTESIAN_POINT('',(0.0302002009411812,0.0237155718621047,0.01143));
#924=CARTESIAN_POINT('',(0.0302827231619144,0.023289622660547,0.01143));
#925=CARTESIAN_POINT('',(0.0303483003864157,0.0228725132206873,0.01143));
#926=CARTESIAN_POINT('',(0.0304055052367576,0.022359904460108,0.01143));
#927=CARTESIAN_POINT('',(0.0304462015302098,0.0217620572166903,0.01143));
#928=CARTESIAN_POINT('',(0.0304752170792502,0.0209929943398442,0.01143));
#929=CARTESIAN_POINT('',(0.030479731327656,0.0204573853651917,0.01143));
#930=CARTESIAN_POINT('',(0.0304831113314664,0.0201325001125029,0.01143));
#931=CARTESIAN_POINT('',(0.0304831113314664,0.0201325001125028,0.01143));
#932=CARTESIAN_POINT('',(0.0304831113314664,0.0201325001125028,0.01143));
#933=CARTESIAN_POINT('',(0.0304831113314664,0.0201325001125029,0.01143));
#934=CARTESIAN_POINT('',(0.0304831113314664,0.0201325001125029,-5.20417042793042E-18));
#935=CARTESIAN_POINT('',(0.0311997920349206,0.0201815449638487,0.01143));
#936=CARTESIAN_POINT('',(0.0311997920349206,0.0201815449638487,-5.20417042793042E-18));
#937=CARTESIAN_POINT('',(0.0328844799135717,0.0202489530682099,0.01143));
#938=CARTESIAN_POINT('',(0.0328844799135717,0.0202489530682099,-1.04083408558608E-17));
#939=CARTESIAN_POINT('',(0.0357764260031464,0.0202291344203981,0.01143));
#940=CARTESIAN_POINT('',(0.0357764260031464,0.0202291344203981,-5.20417042793042E-18));
#941=CARTESIAN_POINT('',(0.0381166733726828,0.0200765754830946,0.01143));
#942=CARTESIAN_POINT('',(0.0381166733726828,0.0200765754830946,-8.67361737988404E-18));
#943=CARTESIAN_POINT('',(0.0397696454854869,0.0198340097135566,0.01143));
#944=CARTESIAN_POINT('',(0.0397696454854869,0.0198340097135566,-8.67361737988404E-18));
#945=CARTESIAN_POINT('',(0.0409159918623265,0.0195579602202011,0.01143));
#946=CARTESIAN_POINT('',(0.0409159918623265,0.0195579602202011,-1.04083408558608E-17));
#947=CARTESIAN_POINT('',(0.0420084657466886,0.019081585688665,0.01143));
#948=CARTESIAN_POINT('',(0.0420084657466886,0.019081585688665,-5.20417042793042E-18));
#949=CARTESIAN_POINT('',(0.0429683599407231,0.0182762330382491,0.01143));
#950=CARTESIAN_POINT('',(0.0429683599407231,0.0182762330382491,-3.46944695195361E-18));
#951=CARTESIAN_POINT('',(0.043544973228178,0.0173323602294139,0.01143));
#952=CARTESIAN_POINT('',(0.043544973228178,0.0173323602294139,-5.20417042793042E-18));
#953=CARTESIAN_POINT('',(0.043809515127131,0.0166410636738414,0.01143));
#954=CARTESIAN_POINT('',(0.043809515127131,0.0166410636738414,-3.46944695195361E-18));
#955=CARTESIAN_POINT('',(0.0440310013750259,0.0159612283560912,0.01143));
#956=CARTESIAN_POINT('',(0.0440310013750259,0.0159612283560912,-5.20417042793042E-18));
#957=CARTESIAN_POINT('',(0.0442804895010066,0.014982541818261,0.01143));
#958=CARTESIAN_POINT('',(0.0442804895010066,0.014982541818261,-6.93889390390723E-18));
#959=CARTESIAN_POINT('',(0.0444558522335121,0.0139345073464395,0.01143));
#960=CARTESIAN_POINT('',(0.0444558522335121,0.0139345073464395,-3.46944695195361E-18));
#961=CARTESIAN_POINT('',(0.0445454306991272,0.0128538051878418,0.01143));
#962=CARTESIAN_POINT('',(0.0445454306991272,0.0128538051878418,-5.20417042793042E-18));
#963=CARTESIAN_POINT('',(0.0445411857979279,0.0118982958510699,0.01143));
#964=CARTESIAN_POINT('',(0.0445411857979279,0.0118982958510699,-8.67361737988404E-18));
#965=CARTESIAN_POINT('',(0.0443518769858839,0.0107996358039221,0.01143));
#966=CARTESIAN_POINT('',(0.0443518769858839,0.0107996358039221,-8.67361737988404E-18));
#967=CARTESIAN_POINT('',(0.0438132167255104,0.00959969645786739,0.01143));
#968=CARTESIAN_POINT('',(0.0438132167255104,0.00959969645786739,-3.46944695195361E-18));
#969=CARTESIAN_POINT('',(0.0427704801496403,0.00853591226231329,0.01143));
#970=CARTESIAN_POINT('',(0.0427704801496403,0.00853591226231329,-5.20417042793042E-18));
#971=CARTESIAN_POINT('',(0.0415595820068096,0.007932704410459,0.01143));
#972=CARTESIAN_POINT('',(0.0415595820068096,0.007932704410459,-1.73472347597681E-18));
#973=CARTESIAN_POINT('',(0.0403671757966321,0.00759609030380611,0.01143));
#974=CARTESIAN_POINT('',(0.0403671757966321,0.00759609030380611,-6.93889390390723E-18));
#975=CARTESIAN_POINT('',(0.0387110364667786,0.00734179614202798,0.01143));
#976=CARTESIAN_POINT('',(0.0387110364667786,0.00734179614202798,-5.20417042793042E-18));
#977=CARTESIAN_POINT('',(0.0365209139902673,0.00728120571610899,0.01143));
#978=CARTESIAN_POINT('',(0.0365209139902673,0.00728120571610899,-8.67361737988404E-18));
#979=CARTESIAN_POINT('',(0.0338276736985828,0.00745103432290881,0.01143));
#980=CARTESIAN_POINT('',(0.0338276736985828,0.00745103432290881,-1.73472347597681E-18));
#981=CARTESIAN_POINT('',(0.0313147054905875,0.0077877961797019,0.01143));
#982=CARTESIAN_POINT('',(0.0313147054905875,0.0077877961797019,-8.67361737988404E-18));
#983=CARTESIAN_POINT('',(0.0300074646751557,0.00798586448040691,0.01143));
#984=CARTESIAN_POINT('',(0.0300074646751557,0.00798586448040691,-5.20417042793042E-18));
#985=CARTESIAN_POINT('',(0.0294972898753573,0.00803956979347417,0.01143));
#986=CARTESIAN_POINT('',(0.0294972898753573,0.00803956979347417,-5.20417042793042E-18));
#987=CARTESIAN_POINT('',(0.0304831113314664,0.0201325001125029,0.));
#988=CARTESIAN_POINT('',(0.0311997920349206,0.0201815449638487,0.));
#989=CARTESIAN_POINT('',(0.0324631547303916,0.0202320357561727,0.));
#990=CARTESIAN_POINT('',(0.0343307083142212,0.0202391525542156,0.));
#991=CARTESIAN_POINT('',(0.0357656636573062,0.0202088325322534,0.));
#992=CARTESIAN_POINT('',(0.0371815438293015,0.020137071762207,0.));
#993=CARTESIAN_POINT('',(0.0385291131687661,0.0200160971827426,0.));
#994=CARTESIAN_POINT('',(0.0395647597027316,0.0198642532314868,0.));
#995=CARTESIAN_POINT('',(0.0403398550039089,0.019696091304344,0.));
#996=CARTESIAN_POINT('',(0.0410998112950337,0.0194788169120603,0.));
#997=CARTESIAN_POINT('',(0.0418260582820913,0.019158788964254,0.));
#998=CARTESIAN_POINT('',(0.0424885525774837,0.0186826830910956,0.));
#999=CARTESIAN_POINT('',(0.0429197931826408,0.018258086140505,0.));
#1000=CARTESIAN_POINT('',(0.043259153429712,0.0178038504179602,0.));
#1001=CARTESIAN_POINT('',(0.0435049992195865,0.0173667834832267,0.));
#1002=CARTESIAN_POINT('',(0.0436496812636878,0.0170409249796039,0.));
#1003=CARTESIAN_POINT('',(0.0437415982599527,0.0168080687609276,0.));
#1004=CARTESIAN_POINT('',(0.0438229900039395,0.0165889068448573,0.));
#1005=CARTESIAN_POINT('',(0.0439201864441006,0.0163041027938234,0.));
#1006=CARTESIAN_POINT('',(0.04406223942746,0.0158372361649305,0.));
#1007=CARTESIAN_POINT('',(0.0442180081742216,0.01522733692382,0.));
#1008=CARTESIAN_POINT('',(0.0443685237453369,0.014460043040883,0.));
#1009=CARTESIAN_POINT('',(0.0444512256678029,0.0138640366285958,0.));
#1010=CARTESIAN_POINT('',(0.0444919325059992,0.0134596521611393,0.));
#1011=CARTESIAN_POINT('',(0.0445149569294796,0.013190383989728,0.));
#1012=CARTESIAN_POINT('',(0.0445454494646807,0.0126931811993472,0.));
#1013=CARTESIAN_POINT('',(0.0445408391636433,0.0118989254300315,0.));
#1014=CARTESIAN_POINT('',(0.044383742108325,0.0109822295072612,0.));
#1015=CARTESIAN_POINT('',(0.0440820516057732,0.0102004695632363,0.));
#1016=CARTESIAN_POINT('',(0.0437481766697966,0.00961615817293491,0.));
#1017=CARTESIAN_POINT('',(0.0433750842388048,0.0091603860644299,0.));
#1018=CARTESIAN_POINT('',(0.0430278980472549,0.00883315901427642,0.));
#1019=CARTESIAN_POINT('',(0.0427439503742037,0.00860773860992282,0.));
#1020=CARTESIAN_POINT('',(0.0424510197868119,0.00841193646361212,0.));
#1021=CARTESIAN_POINT('',(0.0420581572661403,0.00818826060720912,0.));
#1022=CARTESIAN_POINT('',(0.0415633190603615,0.00796613192617366,0.));
#1023=CARTESIAN_POINT('',(0.0409655828247688,0.00776560615984457,0.));
#1024=CARTESIAN_POINT('',(0.0401589377044839,0.00756363421127842,0.));
#1025=CARTESIAN_POINT('',(0.0391250377672512,0.00740534956966128,0.));
#1026=CARTESIAN_POINT('',(0.037836579708839,0.00731843958710957,0.));
#1027=CARTESIAN_POINT('',(0.0365123419749084,0.00731111841517724,0.));
#1028=CARTESIAN_POINT('',(0.0351744430132604,0.00736685816673801,0.));
#1029=CARTESIAN_POINT('',(0.0340708815963817,0.00745493961924423,0.));
#1030=CARTESIAN_POINT('',(0.0332106816614543,0.00754430664573581,0.));
#1031=CARTESIAN_POINT('',(0.0323687753084455,0.00764496206463704,0.));
#1032=CARTESIAN_POINT('',(0.0313842990129443,0.0077831383722945,0.));
#1033=CARTESIAN_POINT('',(0.0303374733090501,0.00793723738019221,0.));
#1034=CARTESIAN_POINT('',(0.0297523772752566,0.00801271713694054,0.));
#1035=CARTESIAN_POINT('',(0.0294972898753573,0.00803956979347417,0.));
#1036=CARTESIAN_POINT('',(0.0294972898753573,0.00803956979347417,0.));
#1037=CARTESIAN_POINT('',(0.0304831113314664,0.0201325001125029,0.01143));
#1038=CARTESIAN_POINT('',(0.0311997920349206,0.0201815449638487,0.01143));
#1039=CARTESIAN_POINT('',(0.0324631547303916,0.0202320357561727,0.01143));
#1040=CARTESIAN_POINT('',(0.0343307083142212,0.0202391525542156,0.01143));
#1041=CARTESIAN_POINT('',(0.0357656636573062,0.0202088325322534,0.01143));
#1042=CARTESIAN_POINT('',(0.0371815438293015,0.020137071762207,0.01143));
#1043=CARTESIAN_POINT('',(0.0385291131687661,0.0200160971827426,0.01143));
#1044=CARTESIAN_POINT('',(0.0395647597027316,0.0198642532314868,0.01143));
#1045=CARTESIAN_POINT('',(0.0403398550039089,0.019696091304344,0.01143));
#1046=CARTESIAN_POINT('',(0.0410998112950337,0.0194788169120603,0.01143));
#1047=CARTESIAN_POINT('',(0.0418260582820913,0.019158788964254,0.01143));
#1048=CARTESIAN_POINT('',(0.0424885525774837,0.0186826830910956,0.01143));
#1049=CARTESIAN_POINT('',(0.0429197931826408,0.018258086140505,0.01143));
#1050=CARTESIAN_POINT('',(0.043259153429712,0.0178038504179602,0.01143));
#1051=CARTESIAN_POINT('',(0.0435049992195865,0.0173667834832267,0.01143));
#1052=CARTESIAN_POINT('',(0.0436496812636878,0.0170409249796039,0.01143));
#1053=CARTESIAN_POINT('',(0.0437415982599527,0.0168080687609276,0.01143));
#1054=CARTESIAN_POINT('',(0.0438229900039395,0.0165889068448573,0.01143));
#1055=CARTESIAN_POINT('',(0.0439201864441006,0.0163041027938234,0.01143));
#1056=CARTESIAN_POINT('',(0.04406223942746,0.0158372361649305,0.01143));
#1057=CARTESIAN_POINT('',(0.0442180081742216,0.01522733692382,0.01143));
#1058=CARTESIAN_POINT('',(0.0443685237453369,0.014460043040883,0.01143));
#1059=CARTESIAN_POINT('',(0.0444512256678029,0.0138640366285958,0.01143));
#1060=CARTESIAN_POINT('',(0.0444919325059992,0.0134596521611393,0.01143));
#1061=CARTESIAN_POINT('',(0.0445149569294796,0.013190383989728,0.01143));
#1062=CARTESIAN_POINT('',(0.0445454494646807,0.0126931811993472,0.01143));
#1063=CARTESIAN_POINT('',(0.0445408391636433,0.0118989254300315,0.01143));
#1064=CARTESIAN_POINT('',(0.044383742108325,0.0109822295072612,0.01143));
#1065=CARTESIAN_POINT('',(0.0440820516057732,0.0102004695632363,0.01143));
#1066=CARTESIAN_POINT('',(0.0437481766697966,0.00961615817293491,0.01143));
#1067=CARTESIAN_POINT('',(0.0433750842388048,0.0091603860644299,0.01143));
#1068=CARTESIAN_POINT('',(0.0430278980472549,0.00883315901427642,0.01143));
#1069=CARTESIAN_POINT('',(0.0427439503742037,0.00860773860992282,0.01143));
#1070=CARTESIAN_POINT('',(0.0424510197868119,0.00841193646361212,0.01143));
#1071=CARTESIAN_POINT('',(0.0420581572661403,0.00818826060720912,0.01143));
#1072=CARTESIAN_POINT('',(0.0415633190603615,0.00796613192617366,0.01143));
#1073=CARTESIAN_POINT('',(0.0409655828247688,0.00776560615984457,0.01143));
#1074=CARTESIAN_POINT('',(0.0401589377044839,0.00756363421127842,0.01143));
#1075=CARTESIAN_POINT('',(0.0391250377672512,0.00740534956966128,0.01143));
#1076=CARTESIAN_POINT('',(0.037836579708839,0.00731843958710957,0.01143));
#1077=CARTESIAN_POINT('',(0.0365123419749084,0.00731111841517724,0.01143));
#1078=CARTESIAN_POINT('',(0.0351744430132604,0.00736685816673801,0.01143));
#1079=CARTESIAN_POINT('',(0.0340708815963817,0.00745493961924423,0.01143));
#1080=CARTESIAN_POINT('',(0.0332106816614543,0.00754430664573581,0.01143));
#1081=CARTESIAN_POINT('',(0.0323687753084455,0.00764496206463704,0.01143));
#1082=CARTESIAN_POINT('',(0.0313842990129443,0.0077831383722945,0.01143));
#1083=CARTESIAN_POINT('',(0.0303374733090501,0.00793723738019221,0.01143));
#1084=CARTESIAN_POINT('',(0.0297523772752566,0.00801271713694054,0.01143));
#1085=CARTESIAN_POINT('',(0.0294972898753573,0.00803956979347417,0.01143));
#1086=CARTESIAN_POINT('',(0.0294972898753573,0.00803956979347417,0.01143));
#1087=CARTESIAN_POINT('',(0.0294972898753573,0.00803956979347417,0.01143));
#1088=CARTESIAN_POINT('',(0.0294972898753573,0.00803956979347418,0.01143));
#1089=CARTESIAN_POINT('',(0.0294972898753573,0.00803956979347418,0.));
#1090=CARTESIAN_POINT('',(0.0295142580216634,0.00767441596391309,0.01143));
#1091=CARTESIAN_POINT('',(0.0295142580216634,0.00767441596391309,0.));
#1092=CARTESIAN_POINT('',(0.0295390729059857,0.00700878309063073,0.01143));
#1093=CARTESIAN_POINT('',(0.0295390729059857,0.00700878309063073,-3.46944695195361E-18));
#1094=CARTESIAN_POINT('',(0.0294009281798333,0.00593081138882345,0.01143));
#1095=CARTESIAN_POINT('',(0.0294009281798333,0.00593081138882345,1.73472347597681E-18));
#1096=CARTESIAN_POINT('',(0.029118089323681,0.0049997513639868,0.01143));
#1097=CARTESIAN_POINT('',(0.029118089323681,0.0049997513639868,-3.46944695195361E-18));
#1098=CARTESIAN_POINT('',(0.0286491386769038,0.00417280777690726,0.01143));
#1099=CARTESIAN_POINT('',(0.0286491386769038,0.00417280777690726,3.46944695195361E-18));
#1100=CARTESIAN_POINT('',(0.0282072629194418,0.00359168762986792,0.01143));
#1101=CARTESIAN_POINT('',(0.0282072629194418,0.00359168762986792,-1.73472347597681E-18));
#1102=CARTESIAN_POINT('',(0.0278311563413657,0.00314206156546293,0.01143));
#1103=CARTESIAN_POINT('',(0.0278311563413657,0.00314206156546293,0.));
#1104=CARTESIAN_POINT('',(0.0276607029697823,0.00293002867498164,0.01143));
#1105=CARTESIAN_POINT('',(0.0276607029697823,0.00293002867498164,0.));
#1106=CARTESIAN_POINT('',(0.0276021194268794,0.002850955584392,0.01143));
#1107=CARTESIAN_POINT('',(0.0276021194268794,0.002850955584392,0.));
#1108=CARTESIAN_POINT('',(0.0294972898753573,0.00803956979347418,0.));
#1109=CARTESIAN_POINT('',(0.0295057739485103,0.00785699287869365,0.));
#1110=CARTESIAN_POINT('',(0.0295214575291761,0.00745290539988585,0.));
#1111=CARTESIAN_POINT('',(0.0295081913442018,0.00685926851791736,0.));
#1112=CARTESIAN_POINT('',(0.0294517664382988,0.0063329907822841,0.));
#1113=CARTESIAN_POINT('',(0.0293779153076426,0.00591398065591044,0.));
#1114=CARTESIAN_POINT('',(0.0292820784667677,0.00554680817476324,0.));
#1115=CARTESIAN_POINT('',(0.0291800970633067,0.00524597313095272,0.));
#1116=CARTESIAN_POINT('',(0.029089243313401,0.00501650846451889,0.));
#1117=CARTESIAN_POINT('',(0.0289853538345506,0.00479061763265007,0.));
#1118=CARTESIAN_POINT('',(0.0288414493087861,0.00451457269785143,0.));
#1119=CARTESIAN_POINT('',(0.0286534121089393,0.00420525551171176,0.));
#1120=CARTESIAN_POINT('',(0.0284292017662255,0.00388521191955761,0.));
#1121=CARTESIAN_POINT('',(0.0281439989819426,0.00351503382731612,0.));
#1122=CARTESIAN_POINT('',(0.0278313670714821,0.00314268561097242,0.));
#1123=CARTESIAN_POINT('',(0.0276607029697823,0.00293002867498165,0.));
#1124=CARTESIAN_POINT('',(0.0276021194268794,0.002850955584392,0.));
#1125=CARTESIAN_POINT('',(0.0276021194268794,0.00285095558439202,0.));
#1126=CARTESIAN_POINT('',(0.0294972898753573,0.00803956979347418,0.01143));
#1127=CARTESIAN_POINT('',(0.0295057739485103,0.00785699287869365,0.01143));
#1128=CARTESIAN_POINT('',(0.0295214575291761,0.00745290539988585,0.01143));
#1129=CARTESIAN_POINT('',(0.0295081913442018,0.00685926851791736,0.01143));
#1130=CARTESIAN_POINT('',(0.0294517664382988,0.0063329907822841,0.01143));
#1131=CARTESIAN_POINT('',(0.0293779153076426,0.00591398065591044,0.01143));
#1132=CARTESIAN_POINT('',(0.0292820784667677,0.00554680817476324,0.01143));
#1133=CARTESIAN_POINT('',(0.0291800970633067,0.00524597313095272,0.01143));
#1134=CARTESIAN_POINT('',(0.029089243313401,0.00501650846451889,0.01143));
#1135=CARTESIAN_POINT('',(0.0289853538345506,0.00479061763265007,0.01143));
#1136=CARTESIAN_POINT('',(0.0288414493087861,0.00451457269785143,0.01143));
#1137=CARTESIAN_POINT('',(0.0286534121089393,0.00420525551171176,0.01143));
#1138=CARTESIAN_POINT('',(0.0284292017662255,0.00388521191955761,0.01143));
#1139=CARTESIAN_POINT('',(0.0281439989819426,0.00351503382731612,0.01143));
#1140=CARTESIAN_POINT('',(0.0278313670714821,0.00314268561097242,0.01143));
#1141=CARTESIAN_POINT('',(0.0276607029697823,0.00293002867498165,0.01143));
#1142=CARTESIAN_POINT('',(0.0276021194268794,0.002850955584392,0.01143));
#1143=CARTESIAN_POINT('',(0.0276021194268794,0.00285095558439202,0.01143));
#1144=CARTESIAN_POINT('',(0.0276021194268794,0.00285095558439202,0.01143));
#1145=CARTESIAN_POINT('',(0.0276021194268794,0.00285095558439202,0.01143));
#1146=CARTESIAN_POINT('',(0.0276021194268794,0.00285095558439202,0.));
#1147=CARTESIAN_POINT('',(0.0276498953580853,0.00270219569471082,0.01143));
#1148=CARTESIAN_POINT('',(0.0276498953580853,0.00270219569471082,0.));
#1149=CARTESIAN_POINT('',(0.0278664818113268,0.00220152166809574,0.01143));
#1150=CARTESIAN_POINT('',(0.0278664818113268,0.00220152166809574,-3.46944695195361E-18));
#1151=CARTESIAN_POINT('',(0.028403366221697,0.00114904389370498,0.01143));
#1152=CARTESIAN_POINT('',(0.028403366221697,0.00114904389370498,5.20417042793042E-18));
#1153=CARTESIAN_POINT('',(0.0289578051568359,-4.14306041285141E-5,0.01143));
#1154=CARTESIAN_POINT('',(0.0289578051568359,-4.14306041285141E-5,-1.73472347597681E-18));
#1155=CARTESIAN_POINT('',(0.0294733192534446,-0.00144003102846697,0.01143));
#1156=CARTESIAN_POINT('',(0.0294733192534446,-0.00144003102846697,0.));
#1157=CARTESIAN_POINT('',(0.0298183595954128,-0.00306108143256318,0.01143));
#1158=CARTESIAN_POINT('',(0.0298183595954128,-0.00306108143256318,0.));
#1159=CARTESIAN_POINT('',(0.0299910109852358,-0.00523455303362073,0.01143));
#1160=CARTESIAN_POINT('',(0.0299910109852358,-0.00523455303362073,0.));
#1161=CARTESIAN_POINT('',(0.029849196939104,-0.00798511151787409,0.01143));
#1162=CARTESIAN_POINT('',(0.029849196939104,-0.00798511151787409,1.73472347597681E-18));
#1163=CARTESIAN_POINT('',(0.0293870373584352,-0.0112212359088288,0.01143));
#1164=CARTESIAN_POINT('',(0.0293870373584352,-0.0112212359088288,-3.46944695195361E-18));
#1165=CARTESIAN_POINT('',(0.0284757120685462,-0.0145320593662439,0.01143));
#1166=CARTESIAN_POINT('',(0.0284757120685462,-0.0145320593662439,3.46944695195361E-18));
#1167=CARTESIAN_POINT('',(0.0269312838288533,-0.0176940434684654,0.01143));
#1168=CARTESIAN_POINT('',(0.0269312838288533,-0.0176940434684654,0.));
#1169=CARTESIAN_POINT('',(0.0249859287802205,-0.0205100812478337,0.01143));
#1170=CARTESIAN_POINT('',(0.0249859287802205,-0.0205100812478337,-1.73472347597681E-18));
#1171=CARTESIAN_POINT('',(0.0228030003161446,-0.0230878446275483,0.01143));
#1172=CARTESIAN_POINT('',(0.0228030003161446,-0.0230878446275483,1.73472347597681E-18));
#1173=CARTESIAN_POINT('',(0.0200709587729402,-0.0254745458508256,0.01143));
#1174=CARTESIAN_POINT('',(0.0200709587729402,-0.0254745458508256,-1.73472347597681E-18));
#1175=CARTESIAN_POINT('',(0.0165882081362666,-0.0273345977110677,0.01143));
#1176=CARTESIAN_POINT('',(0.0165882081362666,-0.0273345977110677,-3.46944695195361E-18));
#1177=CARTESIAN_POINT('',(0.0135503638785527,-0.0283604722235389,0.01143));
#1178=CARTESIAN_POINT('',(0.0135503638785527,-0.0283604722235389,0.));
#1179=CARTESIAN_POINT('',(0.0112525755464346,-0.0289305284174614,0.01143));
#1180=CARTESIAN_POINT('',(0.0112525755464346,-0.0289305284174614,0.));
#1181=CARTESIAN_POINT('',(0.00912217301513086,-0.0293308312216291,0.01143));
#1182=CARTESIAN_POINT('',(0.00912217301513086,-0.0293308312216291,0.));
#1183=CARTESIAN_POINT('',(0.00708494363710636,-0.0295032735434159,0.01143));
#1184=CARTESIAN_POINT('',(0.00708494363710636,-0.0295032735434159,0.));
#1185=CARTESIAN_POINT('',(0.00483854281151814,-0.0295371150112363,0.01143));
#1186=CARTESIAN_POINT('',(0.00483854281151814,-0.0295371150112363,0.));
#1187=CARTESIAN_POINT('',(0.00227998773842349,-0.0295101984625391,0.01143));
#1188=CARTESIAN_POINT('',(0.00227998773842349,-0.0295101984625391,0.));
#1189=CARTESIAN_POINT('',(0.000293378692897739,-0.029507261152227,0.01143));
#1190=CARTESIAN_POINT('',(0.000293378692897739,-0.029507261152227,0.));
#1191=CARTESIAN_POINT('',(-0.000633414511891807,-0.0295732690995655,0.01143));
#1192=CARTESIAN_POINT('',(-0.000633414511891807,-0.0295732690995655,0.));
#1193=CARTESIAN_POINT('',(0.0276021194268794,0.00285095558439202,0.));
#1194=CARTESIAN_POINT('',(0.0276260073924824,0.00277657563955142,0.));
#1195=CARTESIAN_POINT('',(0.0277012330204853,0.00257653168614756,0.));
#1196=CARTESIAN_POINT('',(0.0278922670007727,0.00216611995900105,0.));
#1197=CARTESIAN_POINT('',(0.0281405945748926,0.00166665175195462,0.));
#1198=CARTESIAN_POINT('',(0.0284044534698294,0.00113344115943039,0.));
#1199=CARTESIAN_POINT('',(0.0286793434007406,0.000555850249111176,0.));
#1200=CARTESIAN_POINT('',(0.0290446923715834,-0.000275504104705483,0.));
#1201=CARTESIAN_POINT('',(0.0293429795472575,-0.00109169295838986,0.));
#1202=CARTESIAN_POINT('',(0.0295500731181586,-0.00185806686133483,0.));
#1203=CARTESIAN_POINT('',(0.0296732924518231,-0.00238948816701292,0.));
#1204=CARTESIAN_POINT('',(0.0297907419672125,-0.00306151249999193,0.));
#1205=CARTESIAN_POINT('',(0.0298818353552806,-0.00387440859169202,0.));
#1206=CARTESIAN_POINT('',(0.0299462122042188,-0.00496571123285354,0.));
#1207=CARTESIAN_POINT('',(0.0299350071689178,-0.00633805192913551,0.));
#1208=CARTESIAN_POINT('',(0.0298333123211626,-0.00770653145542107,0.));
#1209=CARTESIAN_POINT('',(0.0297146358427804,-0.00878369465296284,0.));
#1210=CARTESIAN_POINT('',(0.0295695663929713,-0.00986842337989639,0.));
#1211=CARTESIAN_POINT('',(0.029331058191227,-0.0112328100364474,0.));
#1212=CARTESIAN_POINT('',(0.028931557643163,-0.0128753283250575,0.));
#1213=CARTESIAN_POINT('',(0.0284861501289197,-0.0142375359906088,0.));
#1214=CARTESIAN_POINT('',(0.0280492029700486,-0.0153191279730275,0.));
#1215=CARTESIAN_POINT('',(0.0275651791860204,-0.0163753804327638,0.));
#1216=CARTESIAN_POINT('',(0.026881429223395,-0.0176488040724514,0.));
#1217=CARTESIAN_POINT('',(0.0259591300920543,-0.0191024024933076,0.));
#1218=CARTESIAN_POINT('',(0.0249551863050157,-0.0204826553334556,0.));
#1219=CARTESIAN_POINT('',(0.0238981239537625,-0.0217891892602184,0.));
#1220=CARTESIAN_POINT('',(0.0227339311890733,-0.0230664801918189,0.));
#1221=CARTESIAN_POINT('',(0.021435040107683,-0.0242808955813586,0.));
#1222=CARTESIAN_POINT('',(0.0202190157536817,-0.0252188492237119,0.));
#1223=CARTESIAN_POINT('',(0.0191562853939224,-0.025910205152006,0.));
#1224=CARTESIAN_POINT('',(0.0180321598005026,-0.0265554032798483,0.));
#1225=CARTESIAN_POINT('',(0.0165688775985244,-0.0272539472556059,0.));
#1226=CARTESIAN_POINT('',(0.0147662597100209,-0.0279471003140091,0.));
#1227=CARTESIAN_POINT('',(0.012975740139022,-0.0285037735517701,0.));
#1228=CARTESIAN_POINT('',(0.0112525240440561,-0.0289304014030005,0.));
#1229=CARTESIAN_POINT('',(0.00965515631397119,-0.0292304762986805,0.));
#1230=CARTESIAN_POINT('',(0.00810207916443921,-0.0294182962846103,0.));
#1231=CARTESIAN_POINT('',(0.0067874233252721,-0.0294960314543562,0.));
#1232=CARTESIAN_POINT('',(0.00567995961185933,-0.0295240356428583,0.));
#1233=CARTESIAN_POINT('',(0.00480935650591809,-0.0295313669649987,0.));
#1234=CARTESIAN_POINT('',(0.0038797555479467,-0.0295276180521767,0.));
#1235=CARTESIAN_POINT('',(0.00259084061199336,-0.0295154436512451,0.));
#1236=CARTESIAN_POINT('',(0.000965233118275459,-0.0295055810422965,0.));
#1237=CARTESIAN_POINT('',(-0.00017001790949705,-0.0295402651258963,0.));
#1238=CARTESIAN_POINT('',(-0.000633414511891807,-0.0295732690995655,0.));
#1239=CARTESIAN_POINT('',(-0.00063341451189185,-0.0295732690995655,0.));
#1240=CARTESIAN_POINT('',(0.0276021194268794,0.00285095558439202,0.01143));
#1241=CARTESIAN_POINT('',(0.0276260073924824,0.00277657563955142,0.01143));
#1242=CARTESIAN_POINT('',(0.0277012330204853,0.00257653168614756,0.01143));
#1243=CARTESIAN_POINT('',(0.0278922670007727,0.00216611995900105,0.01143));
#1244=CARTESIAN_POINT('',(0.0281405945748926,0.00166665175195462,0.01143));
#1245=CARTESIAN_POINT('',(0.0284044534698294,0.00113344115943039,0.01143));
#1246=CARTESIAN_POINT('',(0.0286793434007406,0.000555850249111176,0.01143));
#1247=CARTESIAN_POINT('',(0.0290446923715834,-0.000275504104705483,0.01143));
#1248=CARTESIAN_POINT('',(0.0293429795472575,-0.00109169295838986,0.01143));
#1249=CARTESIAN_POINT('',(0.0295500731181586,-0.00185806686133483,0.01143));
#1250=CARTESIAN_POINT('',(0.0296732924518231,-0.00238948816701292,0.01143));
#1251=CARTESIAN_POINT('',(0.0297907419672125,-0.00306151249999193,0.01143));
#1252=CARTESIAN_POINT('',(0.0298818353552806,-0.00387440859169202,0.01143));
#1253=CARTESIAN_POINT('',(0.0299462122042188,-0.00496571123285354,0.01143));
#1254=CARTESIAN_POINT('',(0.0299350071689178,-0.00633805192913551,0.01143));
#1255=CARTESIAN_POINT('',(0.0298333123211626,-0.00770653145542107,0.01143));
#1256=CARTESIAN_POINT('',(0.0297146358427804,-0.00878369465296284,0.01143));
#1257=CARTESIAN_POINT('',(0.0295695663929713,-0.00986842337989639,0.01143));
#1258=CARTESIAN_POINT('',(0.029331058191227,-0.0112328100364474,0.01143));
#1259=CARTESIAN_POINT('',(0.028931557643163,-0.0128753283250575,0.01143));
#1260=CARTESIAN_POINT('',(0.0284861501289197,-0.0142375359906088,0.01143));
#1261=CARTESIAN_POINT('',(0.0280492029700486,-0.0153191279730275,0.01143));
#1262=CARTESIAN_POINT('',(0.0275651791860204,-0.0163753804327638,0.01143));
#1263=CARTESIAN_POINT('',(0.026881429223395,-0.0176488040724514,0.01143));
#1264=CARTESIAN_POINT('',(0.0259591300920543,-0.0191024024933076,0.01143));
#1265=CARTESIAN_POINT('',(0.0249551863050157,-0.0204826553334556,0.01143));
#1266=CARTESIAN_POINT('',(0.0238981239537625,-0.0217891892602184,0.01143));
#1267=CARTESIAN_POINT('',(0.0227339311890733,-0.0230664801918189,0.01143));
#1268=CARTESIAN_POINT('',(0.021435040107683,-0.0242808955813586,0.01143));
#1269=CARTESIAN_POINT('',(0.0202190157536817,-0.0252188492237119,0.01143));
#1270=CARTESIAN_POINT('',(0.0191562853939224,-0.025910205152006,0.01143));
#1271=CARTESIAN_POINT('',(0.0180321598005026,-0.0265554032798483,0.01143));
#1272=CARTESIAN_POINT('',(0.0165688775985244,-0.0272539472556059,0.01143));
#1273=CARTESIAN_POINT('',(0.0147662597100209,-0.0279471003140091,0.01143));
#1274=CARTESIAN_POINT('',(0.012975740139022,-0.0285037735517701,0.01143));
#1275=CARTESIAN_POINT('',(0.0112525240440561,-0.0289304014030005,0.01143));
#1276=CARTESIAN_POINT('',(0.00965515631397119,-0.0292304762986805,0.01143));
#1277=CARTESIAN_POINT('',(0.00810207916443921,-0.0294182962846103,0.01143));
#1278=CARTESIAN_POINT('',(0.0067874233252721,-0.0294960314543562,0.01143));
#1279=CARTESIAN_POINT('',(0.00567995961185933,-0.0295240356428583,0.01143));
#1280=CARTESIAN_POINT('',(0.00480935650591809,-0.0295313669649987,0.01143));
#1281=CARTESIAN_POINT('',(0.0038797555479467,-0.0295276180521767,0.01143));
#1282=CARTESIAN_POINT('',(0.00259084061199336,-0.0295154436512451,0.01143));
#1283=CARTESIAN_POINT('',(0.000965233118275459,-0.0295055810422965,0.01143));
#1284=CARTESIAN_POINT('',(-0.00017001790949705,-0.0295402651258963,0.01143));
#1285=CARTESIAN_POINT('',(-0.000633414511891807,-0.0295732690995655,0.01143));
#1286=CARTESIAN_POINT('',(-0.00063341451189185,-0.0295732690995655,0.01143));
#1287=CARTESIAN_POINT('',(-0.00063341451189185,-0.0295732690995655,0.01143));
#1288=CARTESIAN_POINT('',(-0.000633414511892157,-0.0295732690995658,0.01143));
#1289=CARTESIAN_POINT('',(-0.000633414511892157,-0.0295732690995658,0.));
#1290=CARTESIAN_POINT('',(-0.000661458201240887,-0.0304351881500977,0.01143));
#1291=CARTESIAN_POINT('',(-0.000661458201240887,-0.0304351881500977,0.));
#1292=CARTESIAN_POINT('',(-0.000743906310040105,-0.0314179042963254,0.01143));
#1293=CARTESIAN_POINT('',(-0.000743906310040105,-0.0314179042963254,0.));
#1294=CARTESIAN_POINT('',(-0.000783523036499486,-0.0322731689229737,0.01143));
#1295=CARTESIAN_POINT('',(-0.000783523036499486,-0.0322731689229737,0.));
#1296=CARTESIAN_POINT('',(-0.000633414511892157,-0.0295732690995658,0.));
#1297=CARTESIAN_POINT('',(-0.000647436356566522,-0.0300042286248317,0.));
#1298=CARTESIAN_POINT('',(-0.000703603366188666,-0.0309154454757854,0.));
#1299=CARTESIAN_POINT('',(-0.000763714673269796,-0.0318455366096496,0.));
#1300=CARTESIAN_POINT('',(-0.000783523036499486,-0.0322731689229737,0.));
#1301=CARTESIAN_POINT('',(-0.000783523036499486,-0.0322731689229737,0.));
#1302=CARTESIAN_POINT('',(-0.000633414511892157,-0.0295732690995658,0.01143));
#1303=CARTESIAN_POINT('',(-0.000647436356566522,-0.0300042286248317,0.01143));
#1304=CARTESIAN_POINT('',(-0.000703603366188666,-0.0309154454757854,0.01143));
#1305=CARTESIAN_POINT('',(-0.000763714673269796,-0.0318455366096496,0.01143));
#1306=CARTESIAN_POINT('',(-0.000783523036499486,-0.0322731689229737,0.01143));
#1307=CARTESIAN_POINT('',(-0.000783523036499486,-0.0322731689229737,0.01143));
#1308=CARTESIAN_POINT('',(-0.000783523036499486,-0.0322731689229737,0.01143));
#1309=CARTESIAN_POINT('',(-0.000783523036499506,-0.0322731689229737,0.01143));
#1310=CARTESIAN_POINT('',(-0.000783523036499506,-0.0322731689229737,6.93889390390723E-18));
#1311=CARTESIAN_POINT('',(0.000110193915149993,-0.0322056372217065,0.01143));
#1312=CARTESIAN_POINT('',(0.000110193915149993,-0.0322056372217065,6.93889390390723E-18));
#1313=CARTESIAN_POINT('',(0.00161926504704577,-0.0321877311807941,0.01143));
#1314=CARTESIAN_POINT('',(0.00161926504704577,-0.0321877311807941,8.67361737988404E-18));
#1315=CARTESIAN_POINT('',(0.00360885799296998,-0.0324077636591523,0.01143));
#1316=CARTESIAN_POINT('',(0.00360885799296998,-0.0324077636591523,6.93889390390723E-18));
#1317=CARTESIAN_POINT('',(0.00504799782185177,-0.0327374381710663,0.01143));
#1318=CARTESIAN_POINT('',(0.00504799782185177,-0.0327374381710663,6.93889390390723E-18));
#1319=CARTESIAN_POINT('',(0.00648533010775267,-0.0334788001747304,0.01143));
#1320=CARTESIAN_POINT('',(0.00648533010775267,-0.0334788001747304,8.67361737988404E-18));
#1321=CARTESIAN_POINT('',(0.00751022944545354,-0.0346896038270852,0.01143));
#1322=CARTESIAN_POINT('',(0.00751022944545354,-0.0346896038270852,8.67361737988404E-18));
#1323=CARTESIAN_POINT('',(0.00790481805039215,-0.0356594146599464,0.01143));
#1324=CARTESIAN_POINT('',(0.00790481805039215,-0.0356594146599464,8.67361737988404E-18));
#1325=CARTESIAN_POINT('',(0.00811863291267595,-0.0363443969950032,0.01143));
#1326=CARTESIAN_POINT('',(0.00811863291267595,-0.0363443969950032,5.20417042793042E-18));
#1327=CARTESIAN_POINT('',(0.00830980479568906,-0.0371308904995893,0.01143));
#1328=CARTESIAN_POINT('',(0.00830980479568906,-0.0371308904995893,5.20417042793042E-18));
#1329=CARTESIAN_POINT('',(0.00842401301064866,-0.0380227790249096,0.01143));
#1330=CARTESIAN_POINT('',(0.00842401301064866,-0.0380227790249096,1.21430643318376E-17));
#1331=CARTESIAN_POINT('',(0.00834118954335334,-0.0390631269952852,0.01143));
#1332=CARTESIAN_POINT('',(0.00834118954335334,-0.0390631269952852,3.46944695195361E-18));
#1333=CARTESIAN_POINT('',(0.00811583828974085,-0.0399158804648517,0.01143));
#1334=CARTESIAN_POINT('',(0.00811583828974085,-0.0399158804648517,8.67361737988404E-18));
#1335=CARTESIAN_POINT('',(0.00762469013844529,-0.040815795647577,0.01143));
#1336=CARTESIAN_POINT('',(0.00762469013844529,-0.040815795647577,5.20417042793042E-18));
#1337=CARTESIAN_POINT('',(0.00686773897030787,-0.0415489497878105,0.01143));
#1338=CARTESIAN_POINT('',(0.00686773897030787,-0.0415489497878105,8.67361737988404E-18));
#1339=CARTESIAN_POINT('',(0.00609877571505286,-0.041995453772369,0.01143));
#1340=CARTESIAN_POINT('',(0.00609877571505286,-0.041995453772369,1.73472347597681E-18));
#1341=CARTESIAN_POINT('',(0.00509178952646859,-0.042380518575563,0.01143));
#1342=CARTESIAN_POINT('',(0.00509178952646859,-0.042380518575563,1.04083408558608E-17));
#1343=CARTESIAN_POINT('',(0.00387668997804412,-0.0426104620192709,0.01143));
#1344=CARTESIAN_POINT('',(0.00387668997804412,-0.0426104620192709,3.46944695195361E-18));
#1345=CARTESIAN_POINT('',(0.00242725126262784,-0.0427200478896565,0.01143));
#1346=CARTESIAN_POINT('',(0.00242725126262784,-0.0427200478896565,8.67361737988404E-18));
#1347=CARTESIAN_POINT('',(0.00101178324687622,-0.0427453341116945,0.01143));
#1348=CARTESIAN_POINT('',(0.00101178324687622,-0.0427453341116945,8.67361737988404E-18));
#1349=CARTESIAN_POINT('',(-0.000760303775263087,-0.0427566633596102,0.01143));
#1350=CARTESIAN_POINT('',(-0.000760303775263087,-0.0427566633596102,5.20417042793042E-18));
#1351=CARTESIAN_POINT('',(-0.00287280091032486,-0.0427542186535027,0.01143));
#1352=CARTESIAN_POINT('',(-0.00287280091032486,-0.0427542186535027,6.93889390390723E-18));
#1353=CARTESIAN_POINT('',(-0.00501445930874071,-0.042741615232211,0.01143));
#1354=CARTESIAN_POINT('',(-0.00501445930874071,-0.042741615232211,8.67361737988404E-18));
#1355=CARTESIAN_POINT('',(-0.0063856179073381,-0.0427504480046272,0.01143));
#1356=CARTESIAN_POINT('',(-0.0063856179073381,-0.0427504480046272,3.46944695195361E-18));
#1357=CARTESIAN_POINT('',(-0.00762895796408291,-0.0427038514154875,0.01143));
#1358=CARTESIAN_POINT('',(-0.00762895796408291,-0.0427038514154875,6.93889390390723E-18));
#1359=CARTESIAN_POINT('',(-0.00865442721436701,-0.0426289766779928,0.01143));
#1360=CARTESIAN_POINT('',(-0.00865442721436701,-0.0426289766779928,6.93889390390723E-18));
#1361=CARTESIAN_POINT('',(-0.00993078833819833,-0.0424814939544633,0.01143));
#1362=CARTESIAN_POINT('',(-0.00993078833819833,-0.0424814939544633,3.46944695195361E-18));
#1363=CARTESIAN_POINT('',(-0.0111002767025119,-0.0422227277209188,0.01143));
#1364=CARTESIAN_POINT('',(-0.0111002767025119,-0.0422227277209188,1.38777878078145E-17));
#1365=CARTESIAN_POINT('',(-0.012097854469926,-0.0418137533136428,0.01143));
#1366=CARTESIAN_POINT('',(-0.012097854469926,-0.0418137533136428,5.20417042793042E-18));
#1367=CARTESIAN_POINT('',(-0.0128845174736785,-0.0413188721888776,0.01143));
#1368=CARTESIAN_POINT('',(-0.0128845174736785,-0.0413188721888776,6.93889390390723E-18));
#1369=CARTESIAN_POINT('',(-0.0136752207789541,-0.0404867529798279,0.01143));
#1370=CARTESIAN_POINT('',(-0.0136752207789541,-0.0404867529798279,5.20417042793042E-18));
#1371=CARTESIAN_POINT('',(-0.0141387336015997,-0.0391907773219091,0.01143));
#1372=CARTESIAN_POINT('',(-0.0141387336015997,-0.0391907773219091,5.20417042793042E-18));
#1373=CARTESIAN_POINT('',(-0.0140988986279189,-0.0381463672196276,0.01143));
#1374=CARTESIAN_POINT('',(-0.0140988986279189,-0.0381463672196276,3.46944695195361E-18));
#1375=CARTESIAN_POINT('',(-0.0139108669034336,-0.0373199805833638,0.01143));
#1376=CARTESIAN_POINT('',(-0.0139108669034336,-0.0373199805833638,1.04083408558608E-17));
#1377=CARTESIAN_POINT('',(-0.013651626736951,-0.0366189093818089,0.01143));
#1378=CARTESIAN_POINT('',(-0.013651626736951,-0.0366189093818089,5.20417042793042E-18));
#1379=CARTESIAN_POINT('',(-0.0132741677698296,-0.0357960072985406,0.01143));
#1380=CARTESIAN_POINT('',(-0.0132741677698296,-0.0357960072985406,6.93889390390723E-18));
#1381=CARTESIAN_POINT('',(-0.0129033964005655,-0.0351130246908861,0.01143));
#1382=CARTESIAN_POINT('',(-0.0129033964005655,-0.0351130246908861,5.20417042793042E-18));
#1383=CARTESIAN_POINT('',(-0.0126591741746636,-0.0346344469685162,0.01143));
#1384=CARTESIAN_POINT('',(-0.0126591741746636,-0.0346344469685162,8.67361737988404E-18));
#1385=CARTESIAN_POINT('',(-0.0126174593998075,-0.0345332217651632,0.01143));
#1386=CARTESIAN_POINT('',(-0.0126174593998075,-0.0345332217651632,6.93889390390723E-18));
#1387=CARTESIAN_POINT('',(-0.0126090039622547,-0.0345105241217736,0.01143));
#1388=CARTESIAN_POINT('',(-0.0126090039622547,-0.0345105241217736,6.93889390390723E-18));
#1389=CARTESIAN_POINT('',(-0.000783523036499506,-0.0322731689229737,0.));
#1390=CARTESIAN_POINT('',(-0.000336664560674773,-0.0322394030723401,0.));
#1391=CARTESIAN_POINT('',(0.000611999898550758,-0.032201329853414,0.));
#1392=CARTESIAN_POINT('',(0.00211676293265946,-0.032242926439003,0.));
#1393=CARTESIAN_POINT('',(0.00336085809183547,-0.0323782825670531,0.));
#1394=CARTESIAN_POINT('',(0.00432714938679358,-0.0325761221455335,0.));
#1395=CARTESIAN_POINT('',(0.00492644315494211,-0.0327529115185647,0.));
#1396=CARTESIAN_POINT('',(0.00541006213781036,-0.0329476930965509,0.));
#1397=CARTESIAN_POINT('',(0.00587765937486583,-0.0331774322025725,0.));
#1398=CARTESIAN_POINT('',(0.00643238117226881,-0.0335386642554397,0.));
#1399=CARTESIAN_POINT('',(0.00700330799385571,-0.0340823998833151,0.));
#1400=CARTESIAN_POINT('',(0.00744004028777652,-0.0346830359504625,0.));
#1401=CARTESIAN_POINT('',(0.0077465145159849,-0.0352760486244247,0.));
#1402=CARTESIAN_POINT('',(0.00792411626897117,-0.0357393147274785,0.));
#1403=CARTESIAN_POINT('',(0.00803663910512739,-0.0360832879139774,0.));
#1404=CARTESIAN_POINT('',(0.00811679758206456,-0.0363546616437571,0.));
#1405=CARTESIAN_POINT('',(0.00819098580821709,-0.0366405808581607,0.));
#1406=CARTESIAN_POINT('',(0.00827936432184957,-0.0370406775549474,0.));
#1407=CARTESIAN_POINT('',(0.00836476485123845,-0.0375767483422301,0.));
#1408=CARTESIAN_POINT('',(0.00840374406600844,-0.038283079596275,0.));
#1409=CARTESIAN_POINT('',(0.00834158590654931,-0.0390623591002187,0.));
#1410=CARTESIAN_POINT('',(0.00815177758006943,-0.0397760085719914,0.));
#1411=CARTESIAN_POINT('',(0.00787309959494615,-0.0403619350015064,0.));
#1412=CARTESIAN_POINT('',(0.00763964649541327,-0.0407206630502851,0.));
#1413=CARTESIAN_POINT('',(0.0074151852961819,-0.0409944259306704,0.));
#1414=CARTESIAN_POINT('',(0.00717895134206847,-0.0412436504779682,0.));
#1415=CARTESIAN_POINT('',(0.00686729186591571,-0.0415117297929119,0.));
#1416=CARTESIAN_POINT('',(0.00648397103376772,-0.0417700947845607,0.));
#1417=CARTESIAN_POINT('',(0.00597250789965099,-0.0420447344931389,0.));
#1418=CARTESIAN_POINT('',(0.00534351849463726,-0.0422844587690739,0.));
#1419=CARTESIAN_POINT('',(0.00460628995740813,-0.0424703345102255,0.));
#1420=CARTESIAN_POINT('',(0.00363472635366773,-0.042629984944055,0.));
#1421=CARTESIAN_POINT('',(0.00242806455734462,-0.0427195275862807,0.));
#1422=CARTESIAN_POINT('',(0.00124564520382487,-0.0427414220384291,0.));
#1423=CARTESIAN_POINT('',(0.000350776836848691,-0.0427491425056043,0.));
#1424=CARTESIAN_POINT('',(-0.000533776367714148,-0.0427543692480534,0.));
#1425=CARTESIAN_POINT('',(-0.0016065155281268,-0.0427558236879647,0.));
#1426=CARTESIAN_POINT('',(-0.00282270814449792,-0.0427528957123684,0.));
#1427=CARTESIAN_POINT('',(-0.00394611919217309,-0.0427482356096153,0.));
#1428=CARTESIAN_POINT('',(-0.00478656323315694,-0.0427452977110801,0.));
#1429=CARTESIAN_POINT('',(-0.00539020622805581,-0.0427452640688612,0.));
#1430=CARTESIAN_POINT('',(-0.00597565902197957,-0.04274497084463,0.));
#1431=CARTESIAN_POINT('',(-0.00655412695748718,-0.0427400451501322,0.));
#1432=CARTESIAN_POINT('',(-0.00716232512794211,-0.0427216591463698,0.));
#1433=CARTESIAN_POINT('',(-0.00763957078346873,-0.0426990402551207,0.));
#1434=CARTESIAN_POINT('',(-0.00814610373040615,-0.0426653610304326,0.));
#1435=CARTESIAN_POINT('',(-0.00868473582692467,-0.0426200352640043,0.));
#1436=CARTESIAN_POINT('',(-0.00929240812164402,-0.0425557499954724,0.));
#1437=CARTESIAN_POINT('',(-0.00994637067624406,-0.0424615622008339,0.));
#1438=CARTESIAN_POINT('',(-0.0106338641159142,-0.0423239281712481,0.));
#1439=CARTESIAN_POINT('',(-0.0113495133177705,-0.0421210997931216,0.));
#1440=CARTESIAN_POINT('',(-0.0120971030171778,-0.0418135966606442,0.));
#1441=CARTESIAN_POINT('',(-0.0127559180955849,-0.0414013353824826,0.));
#1442=CARTESIAN_POINT('',(-0.0132754993963089,-0.0409028745038929,0.));
#1443=CARTESIAN_POINT('',(-0.0135734714787126,-0.0405055508597338,0.));
#1444=CARTESIAN_POINT('',(-0.0137747185546032,-0.0401377642667495,0.));
#1445=CARTESIAN_POINT('',(-0.0139019244003438,-0.039838883514635,0.));
#1446=CARTESIAN_POINT('',(-0.0139978949517845,-0.0395283780892629,0.));
#1447=CARTESIAN_POINT('',(-0.0140799544868071,-0.0391312634992996,0.));
#1448=CARTESIAN_POINT('',(-0.0141135693929931,-0.0386673117777186,0.));
#1449=CARTESIAN_POINT('',(-0.0140705894038652,-0.0380093669470003,0.));
#1450=CARTESIAN_POINT('',(-0.0139098359420202,-0.0373197055478619,0.));
#1451=CARTESIAN_POINT('',(-0.0136519091142894,-0.0366190775166158,0.));
#1452=CARTESIAN_POINT('',(-0.0133684339636698,-0.0360013353156318,0.));
#1453=CARTESIAN_POINT('',(-0.0130888938996197,-0.0354559378748095,0.));
#1454=CARTESIAN_POINT('',(-0.0128829504961587,-0.0350690139722562,0.));
#1455=CARTESIAN_POINT('',(-0.0127515701451011,-0.0348158292771791,0.));
#1456=CARTESIAN_POINT('',(-0.0126744436185244,-0.0346606552960709,0.));
#1457=CARTESIAN_POINT('',(-0.0126262949359254,-0.0345553268363826,0.));
#1458=CARTESIAN_POINT('',(-0.0126132316810311,-0.0345218729434684,0.));
#1459=CARTESIAN_POINT('',(-0.0126090039622547,-0.0345105241217736,0.));
#1460=CARTESIAN_POINT('',(-0.000783523036499506,-0.0322731689229737,0.01143));
#1461=CARTESIAN_POINT('',(-0.000336664560674773,-0.0322394030723401,0.01143));
#1462=CARTESIAN_POINT('',(0.000611999898550758,-0.032201329853414,0.01143));
#1463=CARTESIAN_POINT('',(0.00211676293265946,-0.032242926439003,0.01143));
#1464=CARTESIAN_POINT('',(0.00336085809183547,-0.0323782825670531,0.01143));
#1465=CARTESIAN_POINT('',(0.00432714938679358,-0.0325761221455335,0.01143));
#1466=CARTESIAN_POINT('',(0.00492644315494211,-0.0327529115185647,0.01143));
#1467=CARTESIAN_POINT('',(0.00541006213781036,-0.0329476930965509,0.01143));
#1468=CARTESIAN_POINT('',(0.00587765937486583,-0.0331774322025725,0.01143));
#1469=CARTESIAN_POINT('',(0.00643238117226881,-0.0335386642554397,0.01143));
#1470=CARTESIAN_POINT('',(0.00700330799385571,-0.0340823998833151,0.01143));
#1471=CARTESIAN_POINT('',(0.00744004028777652,-0.0346830359504625,0.01143));
#1472=CARTESIAN_POINT('',(0.0077465145159849,-0.0352760486244247,0.01143));
#1473=CARTESIAN_POINT('',(0.00792411626897117,-0.0357393147274785,0.01143));
#1474=CARTESIAN_POINT('',(0.00803663910512739,-0.0360832879139774,0.01143));
#1475=CARTESIAN_POINT('',(0.00811679758206456,-0.0363546616437571,0.01143));
#1476=CARTESIAN_POINT('',(0.00819098580821709,-0.0366405808581607,0.01143));
#1477=CARTESIAN_POINT('',(0.00827936432184957,-0.0370406775549474,0.01143));
#1478=CARTESIAN_POINT('',(0.00836476485123845,-0.0375767483422301,0.01143));
#1479=CARTESIAN_POINT('',(0.00840374406600844,-0.038283079596275,0.01143));
#1480=CARTESIAN_POINT('',(0.00834158590654931,-0.0390623591002187,0.01143));
#1481=CARTESIAN_POINT('',(0.00815177758006943,-0.0397760085719914,0.01143));
#1482=CARTESIAN_POINT('',(0.00787309959494615,-0.0403619350015064,0.01143));
#1483=CARTESIAN_POINT('',(0.00763964649541327,-0.0407206630502851,0.01143));
#1484=CARTESIAN_POINT('',(0.0074151852961819,-0.0409944259306704,0.01143));
#1485=CARTESIAN_POINT('',(0.00717895134206847,-0.0412436504779682,0.01143));
#1486=CARTESIAN_POINT('',(0.00686729186591571,-0.0415117297929119,0.01143));
#1487=CARTESIAN_POINT('',(0.00648397103376772,-0.0417700947845607,0.01143));
#1488=CARTESIAN_POINT('',(0.00597250789965099,-0.0420447344931389,0.01143));
#1489=CARTESIAN_POINT('',(0.00534351849463726,-0.0422844587690739,0.01143));
#1490=CARTESIAN_POINT('',(0.00460628995740813,-0.0424703345102255,0.01143));
#1491=CARTESIAN_POINT('',(0.00363472635366773,-0.042629984944055,0.01143));
#1492=CARTESIAN_POINT('',(0.00242806455734462,-0.0427195275862807,0.01143));
#1493=CARTESIAN_POINT('',(0.00124564520382487,-0.0427414220384291,0.01143));
#1494=CARTESIAN_POINT('',(0.000350776836848691,-0.0427491425056043,0.01143));
#1495=CARTESIAN_POINT('',(-0.000533776367714148,-0.0427543692480534,0.01143));
#1496=CARTESIAN_POINT('',(-0.0016065155281268,-0.0427558236879647,0.01143));
#1497=CARTESIAN_POINT('',(-0.00282270814449792,-0.0427528957123684,0.01143));
#1498=CARTESIAN_POINT('',(-0.00394611919217309,-0.0427482356096153,0.01143));
#1499=CARTESIAN_POINT('',(-0.00478656323315694,-0.0427452977110801,0.01143));
#1500=CARTESIAN_POINT('',(-0.00539020622805581,-0.0427452640688612,0.01143));
#1501=CARTESIAN_POINT('',(-0.00597565902197957,-0.04274497084463,0.01143));
#1502=CARTESIAN_POINT('',(-0.00655412695748718,-0.0427400451501322,0.01143));
#1503=CARTESIAN_POINT('',(-0.00716232512794211,-0.0427216591463698,0.01143));
#1504=CARTESIAN_POINT('',(-0.00763957078346873,-0.0426990402551207,0.01143));
#1505=CARTESIAN_POINT('',(-0.00814610373040615,-0.0426653610304326,0.01143));
#1506=CARTESIAN_POINT('',(-0.00868473582692467,-0.0426200352640043,0.01143));
#1507=CARTESIAN_POINT('',(-0.00929240812164402,-0.0425557499954724,0.01143));
#1508=CARTESIAN_POINT('',(-0.00994637067624406,-0.0424615622008339,0.01143));
#1509=CARTESIAN_POINT('',(-0.0106338641159142,-0.0423239281712481,0.01143));
#1510=CARTESIAN_POINT('',(-0.0113495133177705,-0.0421210997931216,0.01143));
#1511=CARTESIAN_POINT('',(-0.0120971030171778,-0.0418135966606442,0.01143));
#1512=CARTESIAN_POINT('',(-0.0127559180955849,-0.0414013353824826,0.01143));
#1513=CARTESIAN_POINT('',(-0.0132754993963089,-0.0409028745038929,0.01143));
#1514=CARTESIAN_POINT('',(-0.0135734714787126,-0.0405055508597338,0.01143));
#1515=CARTESIAN_POINT('',(-0.0137747185546032,-0.0401377642667495,0.01143));
#1516=CARTESIAN_POINT('',(-0.0139019244003438,-0.039838883514635,0.01143));
#1517=CARTESIAN_POINT('',(-0.0139978949517845,-0.0395283780892629,0.01143));
#1518=CARTESIAN_POINT('',(-0.0140799544868071,-0.0391312634992996,0.01143));
#1519=CARTESIAN_POINT('',(-0.0141135693929931,-0.0386673117777186,0.01143));
#1520=CARTESIAN_POINT('',(-0.0140705894038652,-0.0380093669470003,0.01143));
#1521=CARTESIAN_POINT('',(-0.0139098359420202,-0.0373197055478619,0.01143));
#1522=CARTESIAN_POINT('',(-0.0136519091142894,-0.0366190775166158,0.01143));
#1523=CARTESIAN_POINT('',(-0.0133684339636698,-0.0360013353156318,0.01143));
#1524=CARTESIAN_POINT('',(-0.0130888938996197,-0.0354559378748095,0.01143));
#1525=CARTESIAN_POINT('',(-0.0128829504961587,-0.0350690139722562,0.01143));
#1526=CARTESIAN_POINT('',(-0.0127515701451011,-0.0348158292771791,0.01143));
#1527=CARTESIAN_POINT('',(-0.0126744436185244,-0.0346606552960709,0.01143));
#1528=CARTESIAN_POINT('',(-0.0126262949359254,-0.0345553268363826,0.01143));
#1529=CARTESIAN_POINT('',(-0.0126132316810311,-0.0345218729434684,0.01143));
#1530=CARTESIAN_POINT('',(-0.0126090039622547,-0.0345105241217736,0.01143));
#1531=CARTESIAN_POINT('',(0.00509629667452754,0.0305998011506993,0.01143));
#1532=CARTESIAN_POINT('',(0.00509629667452754,0.0305998011506993,-0.00182879999999998));
#1533=CARTESIAN_POINT('',(0.014159801362048,0.0321922914592117,0.01143));
#1534=CARTESIAN_POINT('',(0.014159801362048,0.0321922914592117,-0.00182879999999998));
#1535=CARTESIAN_POINT('',(0.0182355026510876,0.031868807049411,0.01143));
#1536=CARTESIAN_POINT('',(0.0182355026510876,0.031868807049411,-0.00182879999999998));
#1537=CARTESIAN_POINT('',(0.0226158702177974,0.0300276917768038,0.01143));
#1538=CARTESIAN_POINT('',(0.0226158702177974,0.0300276917768038,-0.00182879999999998));
#1539=CARTESIAN_POINT('',(0.0257917477716534,0.0267196164178389,0.01143));
#1540=CARTESIAN_POINT('',(0.0257917477716534,0.0267196164178389,-0.00182879999999998));
#1541=CARTESIAN_POINT('',(0.0286614345055941,0.0236318676848209,0.01143));
#1542=CARTESIAN_POINT('',(0.0286614345055941,0.0236318676848209,-0.00182879999999998));
#1543=CARTESIAN_POINT('',(0.0278523074908185,0.0173577141416562,0.01143));
#1544=CARTESIAN_POINT('',(0.0278523074908185,0.0173577141416562,-0.00182879999999998));
#1545=CARTESIAN_POINT('',(0.0300758616039631,0.018012844780233,0.01143));
#1546=CARTESIAN_POINT('',(0.0300758616039631,0.018012844780233,-0.00182879999999998));
#1547=CARTESIAN_POINT('',(0.0404515241214969,0.0180915936713004,0.01143));
#1548=CARTESIAN_POINT('',(0.0404515241214969,0.0180915936713004,-0.00182879999999998));
#1549=CARTESIAN_POINT('',(0.0417087022718196,0.0160711601470723,0.01143));
#1550=CARTESIAN_POINT('',(0.0417087022718196,0.0160711601470723,-0.00182879999999998));
#1551=CARTESIAN_POINT('',(0.042372120175231,0.0131414270527509,0.01143));
#1552=CARTESIAN_POINT('',(0.042372120175231,0.0131414270527509,-0.00182879999999998));
#1553=CARTESIAN_POINT('',(0.0421381720492464,0.00933835220967963,0.01143));
#1554=CARTESIAN_POINT('',(0.0421381720492464,0.00933835220967963,-0.00182879999999998));
#1555=CARTESIAN_POINT('',(0.0331534761731823,0.00956024629290089,0.01143));
#1556=CARTESIAN_POINT('',(0.0331534761731823,0.00956024629290089,-0.00182879999999998));
#1557=CARTESIAN_POINT('',(0.0274116339530374,0.0109112641549451,0.01143));
#1558=CARTESIAN_POINT('',(0.0274116339530374,0.0109112641549451,-0.00182879999999998));
#1559=CARTESIAN_POINT('',(0.0270611053941966,0.0086542651015651,0.01143));
#1560=CARTESIAN_POINT('',(0.0270611053941966,0.0086542651015651,-0.00182879999999998));
#1561=CARTESIAN_POINT('',(0.0275471715561642,0.00569761717169684,0.01143));
#1562=CARTESIAN_POINT('',(0.0275471715561642,0.00569761717169684,-0.00182879999999998));
#1563=CARTESIAN_POINT('',(0.0246807210463542,0.00360516354020596,0.01143));
#1564=CARTESIAN_POINT('',(0.0246807210463542,0.00360516354020596,-0.00182879999999998));
#1565=CARTESIAN_POINT('',(0.026011814098197,0.000758924874616285,0.01143));
#1566=CARTESIAN_POINT('',(0.026011814098197,0.000758924874616285,-0.00182879999999998));
#1567=CARTESIAN_POINT('',(0.0277843697909889,-0.00263483444943544,0.01143));
#1568=CARTESIAN_POINT('',(0.0277843697909889,-0.00263483444943544,-0.00182879999999998));
#1569=CARTESIAN_POINT('',(0.0276488940428224,-0.00825873305147646,0.01143));
#1570=CARTESIAN_POINT('',(0.0276488940428224,-0.00825873305147646,-0.00182879999999998));
#1571=CARTESIAN_POINT('',(0.026428527154063,-0.0142855790189019,0.01143));
#1572=CARTESIAN_POINT('',(0.026428527154063,-0.0142855790189019,-0.00182879999999998));
#1573=CARTESIAN_POINT('',(0.0228460191006024,-0.0198149253020456,0.01143));
#1574=CARTESIAN_POINT('',(0.0228460191006024,-0.0198149253020456,-0.00182879999999998));
#1575=CARTESIAN_POINT('',(0.018106429059958,-0.0245545269905159,0.01143));
#1576=CARTESIAN_POINT('',(0.018106429059958,-0.0245545269905159,-0.00182879999999998));
#1577=CARTESIAN_POINT('',(0.0103239813608862,-0.0270515694166348,0.01143));
#1578=CARTESIAN_POINT('',(0.0103239813608862,-0.0270515694166348,-0.00182879999999998));
#1579=CARTESIAN_POINT('',(0.00507091480232593,-0.0273500445461217,0.01143));
#1580=CARTESIAN_POINT('',(0.00507091480232593,-0.0273500445461217,-0.00182879999999998));
#1581=CARTESIAN_POINT('',(-0.00327378750326574,-0.0270593469051582,0.01143));
#1582=CARTESIAN_POINT('',(-0.00327378750326574,-0.0270593469051582,-0.00182879999999998));
#1583=CARTESIAN_POINT('',(-0.00269341431089371,-0.0290108688457866,0.01143));
#1584=CARTESIAN_POINT('',(-0.00269341431089371,-0.0290108688457866,-0.00182879999999998));
#1585=CARTESIAN_POINT('',(-0.00352675751472438,-0.0353066535157266,0.01143));
#1586=CARTESIAN_POINT('',(-0.00352675751472438,-0.0353066535157266,-0.00182879999999998));
#1587=CARTESIAN_POINT('',(-0.00145796006557824,-0.0344181786225397,0.01143));
#1588=CARTESIAN_POINT('',(-0.00145796006557824,-0.0344181786225397,-0.00182879999999998));
#1589=CARTESIAN_POINT('',(0.00466479017625535,-0.034407408852776,0.01143));
#1590=CARTESIAN_POINT('',(0.00466479017625535,-0.034407408852776,-0.00182879999999998));
#1591=CARTESIAN_POINT('',(0.0059512688640832,-0.0365101224002729,0.01143));
#1592=CARTESIAN_POINT('',(0.0059512688640832,-0.0365101224002729,-0.00182879999999998));
#1593=CARTESIAN_POINT('',(0.00654405790712355,-0.0403424855416963,0.01143));
#1594=CARTESIAN_POINT('',(0.00654405790712355,-0.0403424855416963,-0.00182879999999998));
#1595=CARTESIAN_POINT('',(0.000496874761133609,-0.0404991723312603,0.01143));
#1596=CARTESIAN_POINT('',(0.000496874761133609,-0.0404991723312603,-0.00182879999999998));
#1597=CARTESIAN_POINT('',(-0.0050611612426464,-0.0404457852143758,0.01143));
#1598=CARTESIAN_POINT('',(-0.0050611612426464,-0.0404457852143758,-0.00182879999999998));
#1599=CARTESIAN_POINT('',(-0.00795450149454328,-0.0404778118200588,0.01143));
#1600=CARTESIAN_POINT('',(-0.00795450149454328,-0.0404778118200588,-0.00182879999999998));
#1601=CARTESIAN_POINT('',(-0.013228931345041,-0.0397317366938843,0.01143));
#1602=CARTESIAN_POINT('',(-0.013228931345041,-0.0397317366938843,-0.00182879999999998));
#1603=CARTESIAN_POINT('',(-0.0101373860850457,-0.0352423655501731,0.01143));
#1604=CARTESIAN_POINT('',(-0.0101373860850457,-0.0352423655501731,-0.00182879999999998));
#1605=CARTESIAN_POINT('',(-0.0104737762189883,-0.0340187010825077,0.01143));
#1606=CARTESIAN_POINT('',(-0.0104737762189883,-0.0340187010825077,-0.00182879999999998));
#1607=CARTESIAN_POINT('',(-0.00996327452785324,-0.0269739010939532,0.01143));
#1608=CARTESIAN_POINT('',(-0.00996327452785324,-0.0269739010939532,-0.00182879999999998));
#1609=CARTESIAN_POINT('',(-0.0121750718412748,-0.0284119121913605,0.01143));
#1610=CARTESIAN_POINT('',(-0.0121750718412748,-0.0284119121913605,-0.00182879999999998));
#1611=CARTESIAN_POINT('',(-0.0226269410931947,-0.0270755109569889,0.01143));
#1612=CARTESIAN_POINT('',(-0.0226269410931947,-0.0270755109569889,-0.00182879999999998));
#1613=CARTESIAN_POINT('',(-0.0285304947870176,-0.0242871552000961,0.01143));
#1614=CARTESIAN_POINT('',(-0.0285304947870176,-0.0242871552000961,-0.00182879999999998));
#1615=CARTESIAN_POINT('',(-0.0349501886974918,-0.0212665625437175,0.01143));
#1616=CARTESIAN_POINT('',(-0.0349501886974918,-0.0212665625437175,-0.00182879999999998));
#1617=CARTESIAN_POINT('',(-0.0390989049269074,-0.0149305826225739,0.01143));
#1618=CARTESIAN_POINT('',(-0.0390989049269074,-0.0149305826225739,-0.00182879999999998));
#1619=CARTESIAN_POINT('',(-0.0409963155613789,-0.010111044141167,0.01143));
#1620=CARTESIAN_POINT('',(-0.0409963155613789,-0.010111044141167,-0.00182879999999998));
#1621=CARTESIAN_POINT('',(-0.0435015638818955,-0.00559131094811199,0.01143));
#1622=CARTESIAN_POINT('',(-0.0435015638818955,-0.00559131094811199,-0.00182879999999998));
#1623=CARTESIAN_POINT('',(-0.0384049649335807,-0.0030687027064188,0.01143));
#1624=CARTESIAN_POINT('',(-0.0384049649335807,-0.0030687027064188,-0.00182879999999998));
#1625=CARTESIAN_POINT('',(-0.0315566846832851,-0.000809816821393772,0.01143));
#1626=CARTESIAN_POINT('',(-0.0315566846832851,-0.000809816821393772,-0.00182879999999998));
#1627=CARTESIAN_POINT('',(-0.0251506427505952,0.00154205818248737,0.01143));
#1628=CARTESIAN_POINT('',(-0.0251506427505952,0.00154205818248737,-0.00182879999999998));
#1629=CARTESIAN_POINT('',(-0.0157137431375994,0.00255226994240017,0.01143));
#1630=CARTESIAN_POINT('',(-0.0157137431375994,0.00255226994240017,-0.00182879999999998));
#1631=CARTESIAN_POINT('',(-0.00764816964144335,0.00227315661065501,0.01143));
#1632=CARTESIAN_POINT('',(-0.00764816964144335,0.00227315661065501,-0.00182879999999998));
#1633=CARTESIAN_POINT('',(-0.00250661980890086,0.0029784875937537,0.01143));
#1634=CARTESIAN_POINT('',(-0.00250661980890086,0.0029784875937537,-0.00182879999999998));
#1635=CARTESIAN_POINT('',(0.00660740288374722,0.000683991055073955,0.01143));
#1636=CARTESIAN_POINT('',(0.00660740288374722,0.000683991055073955,-0.00182879999999998));
#1637=CARTESIAN_POINT('',(0.00677261357302939,0.00299299519693779,0.01143));
#1638=CARTESIAN_POINT('',(0.00677261357302939,0.00299299519693779,-0.00182879999999998));
#1639=CARTESIAN_POINT('',(0.0032264128693488,0.0087412244641727,0.01143));
#1640=CARTESIAN_POINT('',(0.0032264128693488,0.0087412244641727,-0.00182879999999998));
#1641=CARTESIAN_POINT('',(-0.000315873517483556,0.0133950814657538,0.01143));
#1642=CARTESIAN_POINT('',(-0.000315873517483556,0.0133950814657538,-0.00182879999999998));
#1643=CARTESIAN_POINT('',(-0.00115170455688684,0.0182067905653799,0.01143));
#1644=CARTESIAN_POINT('',(-0.00115170455688684,0.0182067905653799,-0.00182879999999998));
#1645=CARTESIAN_POINT('',(-0.000280025255736048,0.0224742736708083,0.01143));
#1646=CARTESIAN_POINT('',(-0.000280025255736048,0.0224742736708083,-0.00182879999999998));
#1647=CARTESIAN_POINT('',(0.00253615010151539,0.0267242186338726,0.01143));
#1648=CARTESIAN_POINT('',(0.00253615010151539,0.0267242186338726,-0.00182879999999998));
#1649=CARTESIAN_POINT('',(0.00509629667452754,0.0305998011506993,0.01143));
#1650=CARTESIAN_POINT('',(0.00509629667452754,0.0305998011506993,-0.00182879999999998));
#1651=CARTESIAN_POINT('',(0.014159801362048,0.0321922914592117,0.01143));
#1652=CARTESIAN_POINT('',(0.014159801362048,0.0321922914592117,-0.00182879999999998));
#1653=CARTESIAN_POINT('',(0.0182355026510876,0.031868807049411,0.01143));
#1654=CARTESIAN_POINT('',(0.0182355026510876,0.031868807049411,-0.00182879999999998));
#1655=CARTESIAN_POINT('',(0.00509629667452754,0.0305998011506993,0.01143));
#1656=CARTESIAN_POINT('',(0.014159801362048,0.0321922914592117,0.01143));
#1657=CARTESIAN_POINT('',(0.0182355026510876,0.031868807049411,0.01143));
#1658=CARTESIAN_POINT('',(0.0226158702177974,0.0300276917768038,0.01143));
#1659=CARTESIAN_POINT('',(0.0257917477716534,0.0267196164178389,0.01143));
#1660=CARTESIAN_POINT('',(0.0286614345055941,0.0236318676848209,0.01143));
#1661=CARTESIAN_POINT('',(0.0278523074908185,0.0173577141416562,0.01143));
#1662=CARTESIAN_POINT('',(0.0300758616039631,0.018012844780233,0.01143));
#1663=CARTESIAN_POINT('',(0.0404515241214969,0.0180915936713004,0.01143));
#1664=CARTESIAN_POINT('',(0.0417087022718196,0.0160711601470723,0.01143));
#1665=CARTESIAN_POINT('',(0.042372120175231,0.0131414270527509,0.01143));
#1666=CARTESIAN_POINT('',(0.0421381720492464,0.00933835220967963,0.01143));
#1667=CARTESIAN_POINT('',(0.0331534761731823,0.00956024629290089,0.01143));
#1668=CARTESIAN_POINT('',(0.0274116339530374,0.0109112641549451,0.01143));
#1669=CARTESIAN_POINT('',(0.0270611053941966,0.0086542651015651,0.01143));
#1670=CARTESIAN_POINT('',(0.0275471715561642,0.00569761717169684,0.01143));
#1671=CARTESIAN_POINT('',(0.0246807210463542,0.00360516354020596,0.01143));
#1672=CARTESIAN_POINT('',(0.026011814098197,0.000758924874616285,0.01143));
#1673=CARTESIAN_POINT('',(0.0277843697909889,-0.00263483444943544,0.01143));
#1674=CARTESIAN_POINT('',(0.0276488940428224,-0.00825873305147646,0.01143));
#1675=CARTESIAN_POINT('',(0.026428527154063,-0.0142855790189019,0.01143));
#1676=CARTESIAN_POINT('',(0.0228460191006024,-0.0198149253020456,0.01143));
#1677=CARTESIAN_POINT('',(0.018106429059958,-0.0245545269905159,0.01143));
#1678=CARTESIAN_POINT('',(0.0103239813608862,-0.0270515694166348,0.01143));
#1679=CARTESIAN_POINT('',(0.00507091480232593,-0.0273500445461217,0.01143));
#1680=CARTESIAN_POINT('',(-0.00327378750326574,-0.0270593469051582,0.01143));
#1681=CARTESIAN_POINT('',(-0.00269341431089371,-0.0290108688457866,0.01143));
#1682=CARTESIAN_POINT('',(-0.00352675751472438,-0.0353066535157266,0.01143));
#1683=CARTESIAN_POINT('',(-0.00145796006557824,-0.0344181786225397,0.01143));
#1684=CARTESIAN_POINT('',(0.00466479017625535,-0.034407408852776,0.01143));
#1685=CARTESIAN_POINT('',(0.0059512688640832,-0.0365101224002729,0.01143));
#1686=CARTESIAN_POINT('',(0.00654405790712355,-0.0403424855416963,0.01143));
#1687=CARTESIAN_POINT('',(0.000496874761133609,-0.0404991723312603,0.01143));
#1688=CARTESIAN_POINT('',(-0.0050611612426464,-0.0404457852143758,0.01143));
#1689=CARTESIAN_POINT('',(-0.00795450149454328,-0.0404778118200588,0.01143));
#1690=CARTESIAN_POINT('',(-0.013228931345041,-0.0397317366938843,0.01143));
#1691=CARTESIAN_POINT('',(-0.0101373860850457,-0.0352423655501731,0.01143));
#1692=CARTESIAN_POINT('',(-0.0104737762189883,-0.0340187010825077,0.01143));
#1693=CARTESIAN_POINT('',(-0.00996327452785324,-0.0269739010939532,0.01143));
#1694=CARTESIAN_POINT('',(-0.0121750718412748,-0.0284119121913605,0.01143));
#1695=CARTESIAN_POINT('',(-0.0226269410931947,-0.0270755109569889,0.01143));
#1696=CARTESIAN_POINT('',(-0.0285304947870176,-0.0242871552000961,0.01143));
#1697=CARTESIAN_POINT('',(-0.0349501886974918,-0.0212665625437175,0.01143));
#1698=CARTESIAN_POINT('',(-0.0390989049269074,-0.0149305826225739,0.01143));
#1699=CARTESIAN_POINT('',(-0.0409963155613789,-0.010111044141167,0.01143));
#1700=CARTESIAN_POINT('',(-0.0435015638818955,-0.00559131094811199,0.01143));
#1701=CARTESIAN_POINT('',(-0.0384049649335807,-0.0030687027064188,0.01143));
#1702=CARTESIAN_POINT('',(-0.0315566846832851,-0.000809816821393772,0.01143));
#1703=CARTESIAN_POINT('',(-0.0251506427505952,0.00154205818248737,0.01143));
#1704=CARTESIAN_POINT('',(-0.0157137431375994,0.00255226994240017,0.01143));
#1705=CARTESIAN_POINT('',(-0.00764816964144335,0.00227315661065501,0.01143));
#1706=CARTESIAN_POINT('',(-0.00250661980890086,0.0029784875937537,0.01143));
#1707=CARTESIAN_POINT('',(0.00660740288374722,0.000683991055073955,0.01143));
#1708=CARTESIAN_POINT('',(0.00677261357302939,0.00299299519693779,0.01143));
#1709=CARTESIAN_POINT('',(0.0032264128693488,0.0087412244641727,0.01143));
#1710=CARTESIAN_POINT('',(-0.000315873517483556,0.0133950814657538,0.01143));
#1711=CARTESIAN_POINT('',(-0.00115170455688684,0.0182067905653799,0.01143));
#1712=CARTESIAN_POINT('',(-0.000280025255736048,0.0224742736708083,0.01143));
#1713=CARTESIAN_POINT('',(0.00253615010151539,0.0267242186338726,0.01143));
#1714=CARTESIAN_POINT('',(0.00509629667452754,0.0305998011506993,0.01143));
#1715=CARTESIAN_POINT('',(0.014159801362048,0.0321922914592117,0.01143));
#1716=CARTESIAN_POINT('',(0.0182355026510876,0.031868807049411,0.01143));
#1717=CARTESIAN_POINT('',(0.0140665400773287,0.0319234471768141,0.01143));
#1718=CARTESIAN_POINT('',(0.00509629667452754,0.0305998011506993,-0.0018288));
#1719=CARTESIAN_POINT('',(0.014159801362048,0.0321922914592117,-0.0018288));
#1720=CARTESIAN_POINT('',(0.0182355026510876,0.031868807049411,-0.0018288));
#1721=CARTESIAN_POINT('',(0.0226158702177974,0.0300276917768038,-0.0018288));
#1722=CARTESIAN_POINT('',(0.0257917477716534,0.0267196164178389,-0.0018288));
#1723=CARTESIAN_POINT('',(0.0286614345055941,0.0236318676848209,-0.0018288));
#1724=CARTESIAN_POINT('',(0.0278523074908185,0.0173577141416562,-0.0018288));
#1725=CARTESIAN_POINT('',(0.0300758616039631,0.018012844780233,-0.0018288));
#1726=CARTESIAN_POINT('',(0.0404515241214969,0.0180915936713004,-0.0018288));
#1727=CARTESIAN_POINT('',(0.0417087022718196,0.0160711601470723,-0.0018288));
#1728=CARTESIAN_POINT('',(0.042372120175231,0.0131414270527509,-0.0018288));
#1729=CARTESIAN_POINT('',(0.0421381720492464,0.00933835220967963,-0.0018288));
#1730=CARTESIAN_POINT('',(0.0331534761731823,0.00956024629290089,-0.0018288));
#1731=CARTESIAN_POINT('',(0.0274116339530374,0.0109112641549451,-0.0018288));
#1732=CARTESIAN_POINT('',(0.0270611053941966,0.0086542651015651,-0.0018288));
#1733=CARTESIAN_POINT('',(0.0275471715561642,0.00569761717169684,-0.0018288));
#1734=CARTESIAN_POINT('',(0.0246807210463542,0.00360516354020596,-0.0018288));
#1735=CARTESIAN_POINT('',(0.026011814098197,0.000758924874616285,-0.0018288));
#1736=CARTESIAN_POINT('',(0.0277843697909889,-0.00263483444943544,-0.0018288));
#1737=CARTESIAN_POINT('',(0.0276488940428224,-0.00825873305147646,-0.0018288));
#1738=CARTESIAN_POINT('',(0.026428527154063,-0.0142855790189019,-0.0018288));
#1739=CARTESIAN_POINT('',(0.0228460191006024,-0.0198149253020456,-0.0018288));
#1740=CARTESIAN_POINT('',(0.018106429059958,-0.0245545269905159,-0.0018288));
#1741=CARTESIAN_POINT('',(0.0103239813608862,-0.0270515694166348,-0.0018288));
#1742=CARTESIAN_POINT('',(0.00507091480232593,-0.0273500445461217,-0.0018288));
#1743=CARTESIAN_POINT('',(-0.00327378750326574,-0.0270593469051582,-0.0018288));
#1744=CARTESIAN_POINT('',(-0.00269341431089371,-0.0290108688457866,-0.0018288));
#1745=CARTESIAN_POINT('',(-0.00352675751472438,-0.0353066535157266,-0.0018288));
#1746=CARTESIAN_POINT('',(-0.00145796006557824,-0.0344181786225397,-0.0018288));
#1747=CARTESIAN_POINT('',(0.00466479017625535,-0.034407408852776,-0.0018288));
#1748=CARTESIAN_POINT('',(0.0059512688640832,-0.0365101224002729,-0.0018288));
#1749=CARTESIAN_POINT('',(0.00654405790712355,-0.0403424855416963,-0.0018288));
#1750=CARTESIAN_POINT('',(0.000496874761133609,-0.0404991723312603,-0.0018288));
#1751=CARTESIAN_POINT('',(-0.0050611612426464,-0.0404457852143758,-0.0018288));
#1752=CARTESIAN_POINT('',(-0.00795450149454328,-0.0404778118200588,-0.0018288));
#1753=CARTESIAN_POINT('',(-0.013228931345041,-0.0397317366938843,-0.0018288));
#1754=CARTESIAN_POINT('',(-0.0101373860850457,-0.0352423655501731,-0.0018288));
#1755=CARTESIAN_POINT('',(-0.0104737762189883,-0.0340187010825077,-0.0018288));
#1756=CARTESIAN_POINT('',(-0.00996327452785324,-0.0269739010939532,-0.0018288));
#1757=CARTESIAN_POINT('',(-0.0121750718412748,-0.0284119121913605,-0.0018288));
#1758=CARTESIAN_POINT('',(-0.0226269410931947,-0.0270755109569889,-0.0018288));
#1759=CARTESIAN_POINT('',(-0.0285304947870176,-0.0242871552000961,-0.0018288));
#1760=CARTESIAN_POINT('',(-0.0349501886974918,-0.0212665625437175,-0.0018288));
#1761=CARTESIAN_POINT('',(-0.0390989049269074,-0.0149305826225739,-0.0018288));
#1762=CARTESIAN_POINT('',(-0.0409963155613789,-0.010111044141167,-0.0018288));
#1763=CARTESIAN_POINT('',(-0.0435015638818955,-0.00559131094811199,-0.0018288));
#1764=CARTESIAN_POINT('',(-0.0384049649335807,-0.0030687027064188,-0.0018288));
#1765=CARTESIAN_POINT('',(-0.0315566846832851,-0.000809816821393772,-0.0018288));
#1766=CARTESIAN_POINT('',(-0.0251506427505952,0.00154205818248737,-0.0018288));
#1767=CARTESIAN_POINT('',(-0.0157137431375994,0.00255226994240017,-0.0018288));
#1768=CARTESIAN_POINT('',(-0.00764816964144335,0.00227315661065501,-0.0018288));
#1769=CARTESIAN_POINT('',(-0.00250661980890086,0.0029784875937537,-0.0018288));
#1770=CARTESIAN_POINT('',(0.00660740288374722,0.000683991055073955,-0.0018288));
#1771=CARTESIAN_POINT('',(0.00677261357302939,0.00299299519693779,-0.0018288));
#1772=CARTESIAN_POINT('',(0.0032264128693488,0.0087412244641727,-0.0018288));
#1773=CARTESIAN_POINT('',(-0.000315873517483556,0.0133950814657538,-0.0018288));
#1774=CARTESIAN_POINT('',(-0.00115170455688684,0.0182067905653799,-0.0018288));
#1775=CARTESIAN_POINT('',(-0.000280025255736048,0.0224742736708083,-0.0018288));
#1776=CARTESIAN_POINT('',(0.00253615010151539,0.0267242186338726,-0.0018288));
#1777=CARTESIAN_POINT('',(0.00509629667452754,0.0305998011506993,-0.0018288));
#1778=CARTESIAN_POINT('',(0.014159801362048,0.0321922914592117,-0.0018288));
#1779=CARTESIAN_POINT('',(0.0182355026510876,0.031868807049411,-0.0018288));
#1780=CARTESIAN_POINT('',(0.0140665400773287,0.0319234471768141,-0.0018288));
#1781=CARTESIAN_POINT('',(-0.0126067456875239,-0.0328780114193456,0.01143));
#1782=CARTESIAN_POINT('',(-0.0135229192659705,-0.0329411454825974,0.));
#1783=CARTESIAN_POINT('',(0.00975391611172234,-0.0324331856235457,0.));
#1784=CARTESIAN_POINT('',(0.00995234852609088,-0.0326975594062395,0.));
#1785=CARTESIAN_POINT('',(0.0102980080376816,-0.0332301067292809,0.));
#1786=CARTESIAN_POINT('',(0.0106085911554947,-0.0338524578866057,0.));
#1787=CARTESIAN_POINT('',(0.0108004581528758,-0.0343049100937855,0.));
#1788=CARTESIAN_POINT('',(0.0109213660135993,-0.0346227500627762,0.));
#1789=CARTESIAN_POINT('',(0.01100413072788,-0.0348616228390315,0.));
#1790=CARTESIAN_POINT('',(0.0110653712324229,-0.0350496776004658,0.));
#1791=CARTESIAN_POINT('',(0.0111225378145452,-0.0352327329186242,0.));
#1792=CARTESIAN_POINT('',(0.0111930620764618,-0.0354726028179847,0.));
#1793=CARTESIAN_POINT('',(0.0113009629466632,-0.0358785097270008,0.));
#1794=CARTESIAN_POINT('',(0.0114223787165474,-0.0364220849482388,0.));
#1795=CARTESIAN_POINT('',(0.0115176544103608,-0.0370336295991139,0.));
#1796=CARTESIAN_POINT('',(0.0115676969488495,-0.0375641831157906,0.));
#1797=CARTESIAN_POINT('',(0.0115889095352499,-0.0379925871425826,0.));
#1798=CARTESIAN_POINT('',(0.0115890421395979,-0.0384421329136154,0.));
#1799=CARTESIAN_POINT('',(0.0115629905454253,-0.0389280461087805,0.));
#1800=CARTESIAN_POINT('',(0.0115021409919031,-0.0394474220967155,0.));
#1801=CARTESIAN_POINT('',(0.0113662092856272,-0.0401759720485027,0.));
#1802=CARTESIAN_POINT('',(0.0111214174710339,-0.0409805963907567,0.));
#1803=CARTESIAN_POINT('',(0.0107276977259189,-0.0418142718961247,0.));
#1804=CARTESIAN_POINT('',(0.010347564430965,-0.0424444342732353,0.));
#1805=CARTESIAN_POINT('',(0.00995477881587019,-0.0429565720854142,0.));
#1806=CARTESIAN_POINT('',(0.00961208259524501,-0.0433323816679703,0.));
#1807=CARTESIAN_POINT('',(0.00926560818222017,-0.0436734169318366,0.));
#1808=CARTESIAN_POINT('',(0.00882377637824126,-0.0440456365906284,0.));
#1809=CARTESIAN_POINT('',(0.00829622604672018,-0.0444128203421082,0.));
#1810=CARTESIAN_POINT('',(0.00778394255456786,-0.0447103579750199,0.));
#1811=CARTESIAN_POINT('',(0.0072960526654016,-0.0449493154558758,0.));
#1812=CARTESIAN_POINT('',(0.00682293694648023,-0.0451454874663279,0.));
#1813=CARTESIAN_POINT('',(0.00637393607087331,-0.045302643023443,0.));
#1814=CARTESIAN_POINT('',(0.00594985499030067,-0.0454292620154875,0.));
#1815=CARTESIAN_POINT('',(0.00540088614828341,-0.045568417420348,0.));
#1816=CARTESIAN_POINT('',(0.00475986976808073,-0.0456930976373824,0.));
#1817=CARTESIAN_POINT('',(0.00404055783485771,-0.045792875311132,0.));
#1818=CARTESIAN_POINT('',(0.00312465444738619,-0.0458806284192864,0.));
#1819=CARTESIAN_POINT('',(0.0022786242371639,-0.045919270979377,0.));
#1820=CARTESIAN_POINT('',(0.00148643615984591,-0.0459375148101322,0.));
#1821=CARTESIAN_POINT('',(0.000927921330431025,-0.0459446503032238,0.));
#1822=CARTESIAN_POINT('',(0.000394394486431297,-0.0459492076603851,0.));
#1823=CARTESIAN_POINT('',(-0.000130601144633564,-0.0459524969818106,0.));
#1824=CARTESIAN_POINT('',(-0.000649951267769414,-0.0459545681935623,0.));
#1825=CARTESIAN_POINT('',(-0.00132837556790154,-0.045955804569216,0.));
#1826=CARTESIAN_POINT('',(-0.00214933408909595,-0.0459551207457396,0.));
#1827=CARTESIAN_POINT('',(-0.00308165529644523,-0.0459522290886434,0.));
#1828=CARTESIAN_POINT('',(-0.0039498415274969,-0.0459487130616929,0.));
#1829=CARTESIAN_POINT('',(-0.00474405407122343,-0.0459457656860515,0.));
#1830=CARTESIAN_POINT('',(-0.00544161795423406,-0.0459457135696665,0.));
#1831=CARTESIAN_POINT('',(-0.00614401813397586,-0.045945068349611,0.));
#1832=CARTESIAN_POINT('',(-0.00676812207360381,-0.0459360108801565,0.));
#1833=CARTESIAN_POINT('',(-0.00729998581000593,-0.0459186975549486,0.));
#1834=CARTESIAN_POINT('',(-0.00771662770526004,-0.0458995531943436,0.));
#1835=CARTESIAN_POINT('',(-0.008152705771575,-0.0458729989780902,0.));
#1836=CARTESIAN_POINT('',(-0.00860273293770601,-0.0458392715990736,0.));
#1837=CARTESIAN_POINT('',(-0.00908514687728748,-0.0457961199216042,0.));
#1838=CARTESIAN_POINT('',(-0.00963462374015214,-0.0457370043977264,0.));
#1839=CARTESIAN_POINT('',(-0.0102457457562017,-0.0456534668338186,0.));
#1840=CARTESIAN_POINT('',(-0.010800325613006,-0.0455560724035592,0.));
#1841=CARTESIAN_POINT('',(-0.0112774661941669,-0.0454525950693334,0.));
#1842=CARTESIAN_POINT('',(-0.0116499076449888,-0.0453603252157378,0.));
#1843=CARTESIAN_POINT('',(-0.0120470895051584,-0.0452470782661637,0.));
#1844=CARTESIAN_POINT('',(-0.0124584695300977,-0.045111667879344,0.));
#1845=CARTESIAN_POINT('',(-0.0129006676960965,-0.0449436489617118,0.));
#1846=CARTESIAN_POINT('',(-0.0133726492396667,-0.0447326806691725,0.));
#1847=CARTESIAN_POINT('',(-0.0138609367935195,-0.0444773719286036,0.));
#1848=CARTESIAN_POINT('',(-0.0143113010392226,-0.044197001603551,0.));
#1849=CARTESIAN_POINT('',(-0.014680181129912,-0.0439286814890005,0.));
#1850=CARTESIAN_POINT('',(-0.0149569679567995,-0.0437060326399633,0.));
#1851=CARTESIAN_POINT('',(-0.0152368662486073,-0.0434564974574739,0.));
#1852=CARTESIAN_POINT('',(-0.0156156751934288,-0.0430784756244901,0.));
#1853=CARTESIAN_POINT('',(-0.0160797476949999,-0.0425240125111923,0.));
#1854=CARTESIAN_POINT('',(-0.0164986475452373,-0.0418544358539383,0.));
#1855=CARTESIAN_POINT('',(-0.0167469475322638,-0.0413310797999729,0.));
#1856=CARTESIAN_POINT('',(-0.0168727795726593,-0.0410202815001205,0.));
#1857=CARTESIAN_POINT('',(-0.0169875555635642,-0.0407004904016798,0.));
#1858=CARTESIAN_POINT('',(-0.0171027001990702,-0.0403086598435399,0.));
#1859=CARTESIAN_POINT('',(-0.0172016056178131,-0.0398480074621671,0.));
#1860=CARTESIAN_POINT('',(-0.0172635492704476,-0.0394174941051809,0.));
#1861=CARTESIAN_POINT('',(-0.0173077030059535,-0.0388687815803586,0.));
#1862=CARTESIAN_POINT('',(-0.01730303990461,-0.0383730022760704,0.));
#1863=CARTESIAN_POINT('',(-0.0172675702090687,-0.037925069075387,0.));
#1864=CARTESIAN_POINT('',(-0.0172176901135307,-0.0375158298233005,0.));
#1865=CARTESIAN_POINT('',(-0.0171299022605554,-0.03703585853616,0.));
#1866=CARTESIAN_POINT('',(-0.0170221939230874,-0.0366151913103714,0.));
#1867=CARTESIAN_POINT('',(-0.0169344136129134,-0.0363189853297419,0.));
#1868=CARTESIAN_POINT('',(-0.0168427360923578,-0.0360337950430707,0.));
#1869=CARTESIAN_POINT('',(-0.016723049722005,-0.0357008654710186,0.));
#1870=CARTESIAN_POINT('',(-0.0165319043911613,-0.0352247815216472,0.));
#1871=CARTESIAN_POINT('',(-0.0162947164191126,-0.0347034248152894,0.));
#1872=CARTESIAN_POINT('',(-0.0160338300946777,-0.0341826168692547,0.));
#1873=CARTESIAN_POINT('',(-0.0158842377271914,-0.0338980127242097,0.));
#1874=CARTESIAN_POINT('',(-0.0158181404069167,-0.0337726193918497,0.));
#1875=CARTESIAN_POINT('',(0.00975391611172241,-0.0324331856235458,0.));
#1876=CARTESIAN_POINT('',(-0.0158181404069167,-0.0337726193918497,0.));
#1877=CARTESIAN_POINT('',(0.0313223879640892,0.00244719464295643,0.));
#1878=CARTESIAN_POINT('',(0.0314707371905235,0.00213973532519512,0.));
#1879=CARTESIAN_POINT('',(0.0317105640754887,0.00162793316372684,0.));
#1880=CARTESIAN_POINT('',(0.0320353216820711,0.000843657484948485,0.));
#1881=CARTESIAN_POINT('',(0.0322733468504648,0.000203100570195925,0.));
#1882=CARTESIAN_POINT('',(0.032496283757091,-0.00048695721150923,0.));
#1883=CARTESIAN_POINT('',(0.0326970063263038,-0.00123301584651756,0.));
#1884=CARTESIAN_POINT('',(0.0328610055016668,-0.0020150359247754,0.));
#1885=CARTESIAN_POINT('',(0.0329793225989408,-0.00277602737983461,0.));
#1886=CARTESIAN_POINT('',(0.0330618504673575,-0.00352640221565989,0.));
#1887=CARTESIAN_POINT('',(0.0331299289680353,-0.00451052122454806,0.));
#1888=CARTESIAN_POINT('',(0.0331485346065618,-0.00571357921470051,0.));
#1889=CARTESIAN_POINT('',(0.0331005620083943,-0.00688310305902424,0.));
#1890=CARTESIAN_POINT('',(0.0330325368439833,-0.00779769802355895,0.));
#1891=CARTESIAN_POINT('',(0.0329691947737515,-0.00847024603899328,0.));
#1892=CARTESIAN_POINT('',(0.0328944924637486,-0.00913658053908917,0.));
#1893=CARTESIAN_POINT('',(0.0327782441620926,-0.010031675398166,0.));
#1894=CARTESIAN_POINT('',(0.0325960779646513,-0.0111735163628108,0.));
#1895=CARTESIAN_POINT('',(0.0323073333816526,-0.0125669236494268,0.));
#1896=CARTESIAN_POINT('',(0.0319357719940504,-0.0139800440290064,0.));
#1897=CARTESIAN_POINT('',(0.0314685681547086,-0.0154068011149747,0.));
#1898=CARTESIAN_POINT('',(0.0308877767799737,-0.0168422066772693,0.));
#1899=CARTESIAN_POINT('',(0.030223790965401,-0.0182061178286993,0.));
#1900=CARTESIAN_POINT('',(0.0294940530694546,-0.0195029186836958,0.));
#1901=CARTESIAN_POINT('',(0.0287090569593126,-0.0207376255554226,0.));
#1902=CARTESIAN_POINT('',(0.0278788784607328,-0.0219119538105485,0.));
#1903=CARTESIAN_POINT('',(0.0271684004999675,-0.0228347580210186,0.));
#1904=CARTESIAN_POINT('',(0.0265710427470708,-0.0235637500439811,0.));
#1905=CARTESIAN_POINT('',(0.0259528102444125,-0.0242854837521046,0.));
#1906=CARTESIAN_POINT('',(0.0251198108183303,-0.0251924440476955,0.));
#1907=CARTESIAN_POINT('',(0.0240127564855659,-0.0262629836961773,0.));
#1908=CARTESIAN_POINT('',(0.0227892292224086,-0.0272937197206146,0.));
#1909=CARTESIAN_POINT('',(0.0214443396664094,-0.0282647789619798,0.));
#1910=CARTESIAN_POINT('',(0.0199592995729889,-0.0291582424478328,0.));
#1911=CARTESIAN_POINT('',(0.0184419844855267,-0.0299148347830178,0.));
#1912=CARTESIAN_POINT('',(0.0169230515486769,-0.0305557816064446,0.));
#1913=CARTESIAN_POINT('',(0.0154092731874078,-0.0311001803945433,0.));
#1914=CARTESIAN_POINT('',(0.0139219489638481,-0.0315554820385321,0.));
#1915=CARTESIAN_POINT('',(0.0124771877369629,-0.0319281680151908,0.));
#1916=CARTESIAN_POINT('',(0.0110986376830019,-0.0322222509327439,0.));
#1917=CARTESIAN_POINT('',(0.0102003616115059,-0.0323707258235659,0.));
#1918=CARTESIAN_POINT('',(0.00975391611172241,-0.0324331856235458,0.));
#1919=CARTESIAN_POINT('',(0.0313223879640892,0.0024471946429565,0.));
#1920=CARTESIAN_POINT('',(0.0244766069410252,0.00698812764713927,0.));
#1921=CARTESIAN_POINT('',(0.032282574310971,0.00443295267606161,0.));
#1922=CARTESIAN_POINT('',(0.033497780804375,0.0234349557263264,0.));
#1923=CARTESIAN_POINT('',(0.0339019236817878,0.0234371149828024,0.));
#1924=CARTESIAN_POINT('',(0.0347267632078828,0.02343362901485,0.));
#1925=CARTESIAN_POINT('',(0.0359864593414968,0.023401452113804,0.));
#1926=CARTESIAN_POINT('',(0.03724550142286,0.0233380254901557,0.));
#1927=CARTESIAN_POINT('',(0.0382804623508817,0.0232535343314078,0.));
#1928=CARTESIAN_POINT('',(0.039094344001219,0.0231616364757884,0.));
#1929=CARTESIAN_POINT('',(0.039705010600199,0.0230772044285542,0.));
#1930=CARTESIAN_POINT('',(0.0403149494344923,0.0229734344830527,0.));
#1931=CARTESIAN_POINT('',(0.0409353373508594,0.0228437694289351,0.));
#1932=CARTESIAN_POINT('',(0.041587604187606,0.0226735355927266,0.));
#1933=CARTESIAN_POINT('',(0.0422849956538117,0.0224411695105319,0.));
#1934=CARTESIAN_POINT('',(0.0430104528433618,0.0221292920762488,0.));
#1935=CARTESIAN_POINT('',(0.0436285468037958,0.0217854513716757,0.));
#1936=CARTESIAN_POINT('',(0.0441123082270068,0.0214577832680734,0.));
#1937=CARTESIAN_POINT('',(0.0444681426300223,0.0211846937299077,0.));
#1938=CARTESIAN_POINT('',(0.0448121879066336,0.0208837239526035,0.));
#1939=CARTESIAN_POINT('',(0.0451278202097344,0.0205706897192476,0.));
#1940=CARTESIAN_POINT('',(0.0454243224106984,0.0202374334914822,0.));
#1941=CARTESIAN_POINT('',(0.045685347883873,0.0199046517158624,0.));
#1942=CARTESIAN_POINT('',(0.0459158825673463,0.0195741697989182,0.));
#1943=CARTESIAN_POINT('',(0.0461829497703201,0.019143508974907,0.));
#1944=CARTESIAN_POINT('',(0.0464382271207668,0.0186536086899679,0.));
#1945=CARTESIAN_POINT('',(0.0466535659798785,0.0181552046976652,0.));
#1946=CARTESIAN_POINT('',(0.0467964155761562,0.0177793979171358,0.));
#1947=CARTESIAN_POINT('',(0.0469237315748471,0.0174150663862351,0.));
#1948=CARTESIAN_POINT('',(0.0470420894431617,0.0170423712017001,0.));
#1949=CARTESIAN_POINT('',(0.0471493310547723,0.0166709438649867,0.));
#1950=CARTESIAN_POINT('',(0.0472481563556513,0.0162940163649105,0.));
#1951=CARTESIAN_POINT('',(0.0473683807092001,0.015785901063273,0.));
#1952=CARTESIAN_POINT('',(0.0474722320861155,0.0152671158983254,0.));
#1953=CARTESIAN_POINT('',(0.047559231895149,0.0147374434314948,0.));
#1954=CARTESIAN_POINT('',(0.0476159029581173,0.0143337284004218,0.));
#1955=CARTESIAN_POINT('',(0.0476634897963657,0.0139216804403364,0.));
#1956=CARTESIAN_POINT('',(0.0477009454688563,0.0135108265613491,0.));
#1957=CARTESIAN_POINT('',(0.047729886653521,0.0130606230640533,0.));
#1958=CARTESIAN_POINT('',(0.0477444904159236,0.012552158292462,0.));
#1959=CARTESIAN_POINT('',(0.0477319814967086,0.0119719593301197,0.));
#1960=CARTESIAN_POINT('',(0.0476627710104303,0.0111300822385626,0.));
#1961=CARTESIAN_POINT('',(0.047472390862087,0.0101265970061527,0.));
#1962=CARTESIAN_POINT('',(0.0471197527491326,0.00916986974824503,0.));
#1963=CARTESIAN_POINT('',(0.0468496549332661,0.00860450846682188,0.));
#1964=CARTESIAN_POINT('',(0.0466140486170212,0.00818285924367391,0.));
#1965=CARTESIAN_POINT('',(0.0463408876936443,0.00776218355488926,0.));
#1966=CARTESIAN_POINT('',(0.0460343850892561,0.0073551420019101,0.));
#1967=CARTESIAN_POINT('',(0.0456972253426094,0.00696625896341583,0.));
#1968=CARTESIAN_POINT('',(0.0453274654618968,0.00659596021843849,0.));
#1969=CARTESIAN_POINT('',(0.044997597632771,0.00630984497985106,0.));
#1970=CARTESIAN_POINT('',(0.0447274865964897,0.00609872768561851,0.));
#1971=CARTESIAN_POINT('',(0.0444507668677014,0.00589720808057688,0.));
#1972=CARTESIAN_POINT('',(0.0441098981485168,0.00567432369759105,0.));
#1973=CARTESIAN_POINT('',(0.043709565402307,0.00544494599208029,0.));
#1974=CARTESIAN_POINT('',(0.0433201844219364,0.00524846484748796,0.));
#1975=CARTESIAN_POINT('',(0.0428110798226091,0.00502189422334519,0.));
#1976=CARTESIAN_POINT('',(0.0422039630262369,0.00479866739515104,0.));
#1977=CARTESIAN_POINT('',(0.0415051199756487,0.00459652646400938,0.));
#1978=CARTESIAN_POINT('',(0.0406105325062592,0.00439394771632508,0.));
#1979=CARTESIAN_POINT('',(0.0397441624209247,0.0042649567778258,0.));
#1980=CARTESIAN_POINT('',(0.038901368868048,0.00418465056183942,0.));
#1981=CARTESIAN_POINT('',(0.0380629981521588,0.00413118458794002,0.));
#1982=CARTESIAN_POINT('',(0.0370277638706338,0.00410790634561306,0.));
#1983=CARTESIAN_POINT('',(0.0357993745439423,0.00413301279547287,0.));
#1984=CARTESIAN_POINT('',(0.0345897373196666,0.00420055588774875,0.));
#1985=CARTESIAN_POINT('',(0.0334115896647103,0.00430155977403392,0.));
#1986=CARTESIAN_POINT('',(0.0326498471031073,0.00438736278903736,0.));
#1987=CARTESIAN_POINT('',(0.032282574310971,0.00443295267606161,0.));
#1988=CARTESIAN_POINT('',(0.033497780804375,0.0234349557263264,0.));
#1989=CARTESIAN_POINT('',(-0.00308356387688527,0.00804392606208024,0.));
#1990=CARTESIAN_POINT('',(-0.00325784468288026,0.0083079691874607,0.));
#1991=CARTESIAN_POINT('',(-0.00360682163414282,0.00884881604595894,0.));
#1992=CARTESIAN_POINT('',(-0.00412464816614924,0.00971288089545916,0.));
#1993=CARTESIAN_POINT('',(-0.00454198527743231,0.0104876275722815,0.));
#1994=CARTESIAN_POINT('',(-0.00485975298660605,0.0111464924856586,0.));
#1995=CARTESIAN_POINT('',(-0.00508805214851311,0.0116628363283826,0.));
#1996=CARTESIAN_POINT('',(-0.00529781978851446,0.0121869953725841,0.));
#1997=CARTESIAN_POINT('',(-0.0055502851555551,0.0128876846918539,0.));
#1998=CARTESIAN_POINT('',(-0.00581654522587145,0.0137668989777735,0.));
#1999=CARTESIAN_POINT('',(-0.00606074229207739,0.0148234608345302,0.));
#2000=CARTESIAN_POINT('',(-0.00623279473797619,0.0158750082348386,0.));
#2001=CARTESIAN_POINT('',(-0.00633628914491224,0.0169205279112763,0.));
#2002=CARTESIAN_POINT('',(-0.00637469285800925,0.0179499326618535,0.));
#2003=CARTESIAN_POINT('',(-0.00635119853741651,0.0189736568677181,0.));
#2004=CARTESIAN_POINT('',(-0.00623562396993219,0.0203396049387063,0.));
#2005=CARTESIAN_POINT('',(-0.00598715538975646,0.0217075096468526,0.));
#2006=CARTESIAN_POINT('',(-0.00560544391561465,0.0230478233357569,0.));
#2007=CARTESIAN_POINT('',(-0.00525494963359438,0.0240376356953598,0.));
#2008=CARTESIAN_POINT('',(-0.00484031605030734,0.0250089277333842,0.));
#2009=CARTESIAN_POINT('',(-0.00439665964665114,0.02590733584676,0.));
#2010=CARTESIAN_POINT('',(-0.00393723881965595,0.0267467077006898,0.));
#2011=CARTESIAN_POINT('',(-0.00347242442446973,0.0275327049031671,0.));
#2012=CARTESIAN_POINT('',(-0.00301349464885611,0.0282671103859847,0.));
#2013=CARTESIAN_POINT('',(-0.00264311088778175,0.0288384187223783,0.));
#2014=CARTESIAN_POINT('',(-0.00236014221841271,0.0292687191054667,0.));
#2015=CARTESIAN_POINT('',(-0.00215732093205542,0.029575349140405,0.));
#2016=CARTESIAN_POINT('',(-0.0019590416683063,0.029875223781396,0.));
#2017=CARTESIAN_POINT('',(-0.00174054774605177,0.0302028912295641,0.));
#2018=CARTESIAN_POINT('',(-0.0014963465925149,0.030559907154513,0.));
#2019=CARTESIAN_POINT('',(-0.00113480172911334,0.0310674678722842,0.));
#2020=CARTESIAN_POINT('',(-0.000600371938897144,0.0317612522911499,0.));
#2021=CARTESIAN_POINT('',(6.64535886084489E-5,0.0324978490323734,0.));
#2022=CARTESIAN_POINT('',(0.000691129262975564,0.0330877665652116,0.));
#2023=CARTESIAN_POINT('',(0.00136802348019453,0.0336612193721677,0.));
#2024=CARTESIAN_POINT('',(0.00213022270777603,0.0342043932398236,0.));
#2025=CARTESIAN_POINT('',(0.00285401141568913,0.0346293943679283,0.));
#2026=CARTESIAN_POINT('',(0.00327867557638185,0.0348555804266153,0.));
#2027=CARTESIAN_POINT('',(0.00391184494198081,0.035171625364299,0.));
#2028=CARTESIAN_POINT('',(0.00485131960262446,0.0355723223738754,0.));
#2029=CARTESIAN_POINT('',(0.00610308157262937,0.036005576710923,0.));
#2030=CARTESIAN_POINT('',(0.00735313597047861,0.0363628749273523,0.));
#2031=CARTESIAN_POINT('',(0.00901310822569611,0.0367583283777822,0.));
#2032=CARTESIAN_POINT('',(0.0106402129452277,0.0370500995182921,0.));
#2033=CARTESIAN_POINT('',(0.0121841128103812,0.0372562292242044,0.));
#2034=CARTESIAN_POINT('',(0.0132793786775971,0.0373693587387637,0.));
#2035=CARTESIAN_POINT('',(0.0143144688414647,0.0374435489000538,0.));
#2036=CARTESIAN_POINT('',(0.0153211117529749,0.0374766655903171,0.));
#2037=CARTESIAN_POINT('',(0.0163201309446161,0.0374600181756738,0.));
#2038=CARTESIAN_POINT('',(0.0173115837813616,0.0373858328554484,0.));
#2039=CARTESIAN_POINT('',(0.0182895952094964,0.0372496812270766,0.));
#2040=CARTESIAN_POINT('',(0.0190739662954847,0.0370901626478729,0.));
#2041=CARTESIAN_POINT('',(0.019684193896585,0.0369390503672723,0.));
#2042=CARTESIAN_POINT('',(0.0202836317688246,0.036774176183517,0.));
#2043=CARTESIAN_POINT('',(0.0210385142494897,0.0365366117907995,0.));
#2044=CARTESIAN_POINT('',(0.0219493550719147,0.0361997663486449,0.));
#2045=CARTESIAN_POINT('',(0.0228630508352696,0.0358091297312504,0.));
#2046=CARTESIAN_POINT('',(0.0237768127005683,0.0353607536310297,0.));
#2047=CARTESIAN_POINT('',(0.0245334838225487,0.0349364074228148,0.));
#2048=CARTESIAN_POINT('',(0.0251367938921275,0.0345611462952102,0.));
#2049=CARTESIAN_POINT('',(0.0255851836099757,0.0342621302131002,0.));
#2050=CARTESIAN_POINT('',(0.0260197498607324,0.033951780332965,0.));
#2051=CARTESIAN_POINT('',(0.0265669413548883,0.0335356706513506,0.));
#2052=CARTESIAN_POINT('',(0.0272035009871289,0.0330091711396404,0.));
#2053=CARTESIAN_POINT('',(0.0278957019801956,0.0323827883480314,0.));
#2054=CARTESIAN_POINT('',(0.0285249082412274,0.0317726264971825,0.));
#2055=CARTESIAN_POINT('',(0.0290009155415196,0.0312875394643741,0.));
#2056=CARTESIAN_POINT('',(0.0293580087038053,0.0309154074659173,0.));
#2057=CARTESIAN_POINT('',(0.0296103862742892,0.030649586339447,0.));
#2058=CARTESIAN_POINT('',(0.0298533921899185,0.0303927564712487,0.));
#2059=CARTESIAN_POINT('',(0.0301170779230683,0.0301117800694941,0.));
#2060=CARTESIAN_POINT('',(0.0304100216217977,0.0297917420686645,0.));
#2061=CARTESIAN_POINT('',(0.0308265423308529,0.0293174403695538,0.));
#2062=CARTESIAN_POINT('',(0.0313929952152411,0.0286160669916244,0.));
#2063=CARTESIAN_POINT('',(0.0320873723858755,0.0275813418898031,0.));
#2064=CARTESIAN_POINT('',(0.0326188556836263,0.0265468918563043,0.));
#2065=CARTESIAN_POINT('',(0.032975441778975,0.025634393731785,0.));
#2066=CARTESIAN_POINT('',(0.0331640880557124,0.0250330132700908,0.));
#2067=CARTESIAN_POINT('',(0.0332913662959885,0.0245391568400527,0.));
#2068=CARTESIAN_POINT('',(0.0334032354793908,0.0240329727614137,0.));
#2069=CARTESIAN_POINT('',(0.0334647335468401,0.0236665232882281,0.));
#2070=CARTESIAN_POINT('',(0.033497780804375,0.0234349557263265,0.));
#2071=CARTESIAN_POINT('',(-0.00308356387688555,0.00804392606208002,0.));
#2072=CARTESIAN_POINT('',(-0.0158163341580905,-0.0333168171418609,0.));
#2073=CARTESIAN_POINT('',(-0.0164131768528867,-0.0332654079569181,0.));
#2074=CARTESIAN_POINT('',(-0.0176301336359524,-0.0331333726986453,0.));
#2075=CARTESIAN_POINT('',(-0.01948995642097,-0.0328603769155828,0.));
#2076=CARTESIAN_POINT('',(-0.0213312920622718,-0.0325243213130212,0.));
#2077=CARTESIAN_POINT('',(-0.0228171990700877,-0.0321964632318246,0.));
#2078=CARTESIAN_POINT('',(-0.0239507668404766,-0.0319059916597942,0.));
#2079=CARTESIAN_POINT('',(-0.0250319765302103,-0.0316009818021482,0.));
#2080=CARTESIAN_POINT('',(-0.026289767883325,-0.0311952577909524,0.));
#2081=CARTESIAN_POINT('',(-0.0276658221886626,-0.0306798474479105,0.));
#2082=CARTESIAN_POINT('',(-0.0287089300771872,-0.0302410187931012,0.));
#2083=CARTESIAN_POINT('',(-0.0294894950657743,-0.0298931905154934,0.));
#2084=CARTESIAN_POINT('',(-0.0300514293113982,-0.0296353643780825,0.));
#2085=CARTESIAN_POINT('',(-0.0305924999968359,-0.0293823409688602,0.));
#2086=CARTESIAN_POINT('',(-0.0311130662884554,-0.0291370296171269,0.));
#2087=CARTESIAN_POINT('',(-0.0316447753147155,-0.0288862357411596,0.));
#2088=CARTESIAN_POINT('',(-0.0322107987230192,-0.0286160056463314,0.));
#2089=CARTESIAN_POINT('',(-0.0327991325815397,-0.0283280630357797,0.));
#2090=CARTESIAN_POINT('',(-0.0336140502841519,-0.0279148949111668,0.));
#2091=CARTESIAN_POINT('',(-0.0346801105752204,-0.0273374395646317,0.));
#2092=CARTESIAN_POINT('',(-0.0360141247866449,-0.0265171919856452,0.));
#2093=CARTESIAN_POINT('',(-0.0371456617537368,-0.0257035603445883,0.));
#2094=CARTESIAN_POINT('',(-0.0379349056728249,-0.0250501601246911,0.));
#2095=CARTESIAN_POINT('',(-0.0383793416529539,-0.0246539220567497,0.));
#2096=CARTESIAN_POINT('',(-0.0390250159146397,-0.0240495352670594,0.));
#2097=CARTESIAN_POINT('',(-0.0399174260218007,-0.0231124578004433,0.));
#2098=CARTESIAN_POINT('',(-0.0409702775147554,-0.0218248959690737,0.));
#2099=CARTESIAN_POINT('',(-0.0419036622103523,-0.0205230645628806,0.));
#2100=CARTESIAN_POINT('',(-0.0430063239798791,-0.0187968804922914,0.));
#2101=CARTESIAN_POINT('',(-0.0439156980046261,-0.0171220267083818,0.));
#2102=CARTESIAN_POINT('',(-0.0446502658535606,-0.0155985337180381,0.));
#2103=CARTESIAN_POINT('',(-0.045131748008023,-0.014542195901517,0.));
#2104=CARTESIAN_POINT('',(-0.0454923725615515,-0.0137332600113097,0.));
#2105=CARTESIAN_POINT('',(-0.0457659664018453,-0.0131268469067015,0.));
#2106=CARTESIAN_POINT('',(-0.0459324511312437,-0.0127642292232356,0.));
#2107=CARTESIAN_POINT('',(-0.0460649215742018,-0.0124813266022896,0.));
#2108=CARTESIAN_POINT('',(-0.0461625281462844,-0.0122761015481505,0.));
#2109=CARTESIAN_POINT('',(-0.0462637499449028,-0.01206687871215,0.));
#2110=CARTESIAN_POINT('',(-0.0464149499219041,-0.0117574380102526,0.));
#2111=CARTESIAN_POINT('',(-0.046626850967733,-0.0113233904405027,0.));
#2112=CARTESIAN_POINT('',(-0.0469078985821009,-0.01072209840538,0.));
#2113=CARTESIAN_POINT('',(-0.047153642700603,-0.0101455317749512,0.));
#2114=CARTESIAN_POINT('',(-0.0473493855153152,-0.00962373801668372,0.));
#2115=CARTESIAN_POINT('',(-0.0474913624570818,-0.00920193652433028,0.));
#2116=CARTESIAN_POINT('',(-0.0476265805509079,-0.0087357308207331,0.));
#2117=CARTESIAN_POINT('',(-0.0477460286119944,-0.00823260058080812,0.));
#2118=CARTESIAN_POINT('',(-0.0478453061514784,-0.00766869321308508,0.));
#2119=CARTESIAN_POINT('',(-0.0479096299702083,-0.00705677050431595,0.));
#2120=CARTESIAN_POINT('',(-0.0479241211526757,-0.00649324592898757,0.));
#2121=CARTESIAN_POINT('',(-0.0479027059718502,-0.00601530503334334,0.));
#2122=CARTESIAN_POINT('',(-0.0478681684913737,-0.00564524869933975,0.));
#2123=CARTESIAN_POINT('',(-0.0478127426390125,-0.00526242893051529,0.));
#2124=CARTESIAN_POINT('',(-0.0477325478960884,-0.0048642075605729,0.));
#2125=CARTESIAN_POINT('',(-0.0476281144852152,-0.0044666207010804,0.));
#2126=CARTESIAN_POINT('',(-0.0475023401834635,-0.00407716440494088,0.));
#2127=CARTESIAN_POINT('',(-0.0473525111226515,-0.00369134599615057,0.));
#2128=CARTESIAN_POINT('',(-0.047133651748993,-0.00321085537415557,0.));
#2129=CARTESIAN_POINT('',(-0.0468281889955406,-0.0026618738701448,0.));
#2130=CARTESIAN_POINT('',(-0.0464281624199155,-0.00208132089578748,0.));
#2131=CARTESIAN_POINT('',(-0.0460088244905682,-0.00157357358558623,0.));
#2132=CARTESIAN_POINT('',(-0.0455903935019996,-0.00113814993026252,0.));
#2133=CARTESIAN_POINT('',(-0.0451689510612545,-0.000753804447095611,0.));
#2134=CARTESIAN_POINT('',(-0.0447592144252815,-0.000421570272733506,0.));
#2135=CARTESIAN_POINT('',(-0.0442204379347802,-2.70588202851202E-5,0.));
#2136=CARTESIAN_POINT('',(-0.0435729180884286,0.000383980934793182,0.));
#2137=CARTESIAN_POINT('',(-0.0428300451948513,0.000792297618698557,0.));
#2138=CARTESIAN_POINT('',(-0.042118843213524,0.00114071945414452,0.));
#2139=CARTESIAN_POINT('',(-0.0414357979497583,0.00144720398718531,0.));
#2140=CARTESIAN_POINT('',(-0.0407881747317364,0.00172037361609242,0.));
#2141=CARTESIAN_POINT('',(-0.0399438038805882,0.00206322772534082,0.));
#2142=CARTESIAN_POINT('',(-0.0388783414400768,0.00247420907999623,0.));
#2143=CARTESIAN_POINT('',(-0.0376076060998358,0.00293907681564905,0.));
#2144=CARTESIAN_POINT('',(-0.0363530226920016,0.00338144970541059,0.));
#2145=CARTESIAN_POINT('',(-0.0353308453006794,0.00373414047835215,0.));
#2146=CARTESIAN_POINT('',(-0.0345350134194174,0.00400740742000267,0.));
#2147=CARTESIAN_POINT('',(-0.0337607573926353,0.0042739664335267,0.));
#2148=CARTESIAN_POINT('',(-0.0328220369789473,0.00460055059468691,0.));
#2149=CARTESIAN_POINT('',(-0.0316761653280844,0.0050009113344078,0.));
#2150=CARTESIAN_POINT('',(-0.0304783677449205,0.00540642031992166,0.));
#2151=CARTESIAN_POINT('',(-0.0292178720960432,0.00580589545594579,0.));
#2152=CARTESIAN_POINT('',(-0.0278814054194269,0.00618932541064855,0.));
#2153=CARTESIAN_POINT('',(-0.0264481881509709,0.00654569680315603,0.));
#2154=CARTESIAN_POINT('',(-0.0244395432831757,0.00696225257289153,0.));
#2155=CARTESIAN_POINT('',(-0.0223644903342642,0.00728177172202536,0.));
#2156=CARTESIAN_POINT('',(-0.0202525000739635,0.00752280505453206,0.));
#2157=CARTESIAN_POINT('',(-0.018662550087952,0.00766517122469731,0.));
#2158=CARTESIAN_POINT('',(-0.0170772302231161,0.00777036721054046,0.));
#2159=CARTESIAN_POINT('',(-0.0155096863713672,0.00783909572761956,0.));
#2160=CARTESIAN_POINT('',(-0.0139959820922778,0.00787316728280719,0.));
#2161=CARTESIAN_POINT('',(-0.0125648015263655,0.00788468060943213,0.));
#2162=CARTESIAN_POINT('',(-0.0112189880617443,0.00788551632392312,0.));
#2163=CARTESIAN_POINT('',(-0.0101826018470277,0.00788620539224216,0.));
#2164=CARTESIAN_POINT('',(-0.00941107442654073,0.00789159826040689,0.));
#2165=CARTESIAN_POINT('',(-0.00886384025668629,0.00789908089051799,0.));
#2166=CARTESIAN_POINT('',(-0.00835137626245418,0.00791096268109148,0.));
#2167=CARTESIAN_POINT('',(-0.00788043263836758,0.00792804540838747,0.));
#2168=CARTESIAN_POINT('',(-0.007409728233963,0.00795137550029335,0.));
#2169=CARTESIAN_POINT('',(-0.00691041661362898,0.00798006655450113,0.));
#2170=CARTESIAN_POINT('',(-0.00637823449571871,0.00801090373777792,0.));
#2171=CARTESIAN_POINT('',(-0.00561867177588552,0.0080500173503237,0.));
#2172=CARTESIAN_POINT('',(-0.00455768878027214,0.00808454234155373,0.));
#2173=CARTESIAN_POINT('',(-0.00359350587091967,0.00806863538222745,0.));
#2174=CARTESIAN_POINT('',(-0.0030835638768856,0.00804392606208003,0.));
#2175=CARTESIAN_POINT('',(-0.0158163341580906,-0.0333168171418608,0.));
#2176=CARTESIAN_POINT('',(0.00871140533929063,-0.0336443931956599,0.));
#2177=CARTESIAN_POINT('',(-0.0135229192659705,-0.0329411454825974,-0.0018288));
#2178=CARTESIAN_POINT('',(0.00975391611172234,-0.0324331856235457,-0.0018288));
#2179=CARTESIAN_POINT('',(0.00995234852609088,-0.0326975594062395,-0.0018288));
#2180=CARTESIAN_POINT('',(0.0102980080376816,-0.0332301067292809,-0.0018288));
#2181=CARTESIAN_POINT('',(0.0106085911554947,-0.0338524578866057,-0.0018288));
#2182=CARTESIAN_POINT('',(0.0108004581528758,-0.0343049100937855,-0.0018288));
#2183=CARTESIAN_POINT('',(0.0109213660135993,-0.0346227500627762,-0.0018288));
#2184=CARTESIAN_POINT('',(0.01100413072788,-0.0348616228390315,-0.0018288));
#2185=CARTESIAN_POINT('',(0.0110653712324229,-0.0350496776004658,-0.0018288));
#2186=CARTESIAN_POINT('',(0.0111225378145452,-0.0352327329186242,-0.0018288));
#2187=CARTESIAN_POINT('',(0.0111930620764618,-0.0354726028179847,-0.0018288));
#2188=CARTESIAN_POINT('',(0.0113009629466632,-0.0358785097270008,-0.0018288));
#2189=CARTESIAN_POINT('',(0.0114223787165474,-0.0364220849482388,-0.0018288));
#2190=CARTESIAN_POINT('',(0.0115176544103608,-0.0370336295991139,-0.0018288));
#2191=CARTESIAN_POINT('',(0.0115676969488495,-0.0375641831157906,-0.0018288));
#2192=CARTESIAN_POINT('',(0.0115889095352499,-0.0379925871425826,-0.0018288));
#2193=CARTESIAN_POINT('',(0.0115890421395979,-0.0384421329136154,-0.0018288));
#2194=CARTESIAN_POINT('',(0.0115629905454253,-0.0389280461087805,-0.0018288));
#2195=CARTESIAN_POINT('',(0.0115021409919031,-0.0394474220967155,-0.0018288));
#2196=CARTESIAN_POINT('',(0.0113662092856272,-0.0401759720485027,-0.0018288));
#2197=CARTESIAN_POINT('',(0.0111214174710339,-0.0409805963907567,-0.0018288));
#2198=CARTESIAN_POINT('',(0.0107276977259189,-0.0418142718961247,-0.0018288));
#2199=CARTESIAN_POINT('',(0.010347564430965,-0.0424444342732353,-0.0018288));
#2200=CARTESIAN_POINT('',(0.00995477881587019,-0.0429565720854142,-0.0018288));
#2201=CARTESIAN_POINT('',(0.00961208259524501,-0.0433323816679703,-0.0018288));
#2202=CARTESIAN_POINT('',(0.00926560818222017,-0.0436734169318366,-0.0018288));
#2203=CARTESIAN_POINT('',(0.00882377637824126,-0.0440456365906284,-0.0018288));
#2204=CARTESIAN_POINT('',(0.00829622604672018,-0.0444128203421082,-0.0018288));
#2205=CARTESIAN_POINT('',(0.00778394255456786,-0.0447103579750199,-0.0018288));
#2206=CARTESIAN_POINT('',(0.0072960526654016,-0.0449493154558758,-0.0018288));
#2207=CARTESIAN_POINT('',(0.00682293694648023,-0.0451454874663279,-0.0018288));
#2208=CARTESIAN_POINT('',(0.00637393607087331,-0.045302643023443,-0.0018288));
#2209=CARTESIAN_POINT('',(0.00594985499030067,-0.0454292620154875,-0.0018288));
#2210=CARTESIAN_POINT('',(0.00540088614828341,-0.045568417420348,-0.0018288));
#2211=CARTESIAN_POINT('',(0.00475986976808073,-0.0456930976373824,-0.0018288));
#2212=CARTESIAN_POINT('',(0.00404055783485771,-0.045792875311132,-0.0018288));
#2213=CARTESIAN_POINT('',(0.00312465444738619,-0.0458806284192864,-0.0018288));
#2214=CARTESIAN_POINT('',(0.0022786242371639,-0.045919270979377,-0.0018288));
#2215=CARTESIAN_POINT('',(0.00148643615984591,-0.0459375148101322,-0.0018288));
#2216=CARTESIAN_POINT('',(0.000927921330431025,-0.0459446503032238,-0.0018288));
#2217=CARTESIAN_POINT('',(0.000394394486431297,-0.0459492076603851,-0.0018288));
#2218=CARTESIAN_POINT('',(-0.000130601144633564,-0.0459524969818106,-0.0018288));
#2219=CARTESIAN_POINT('',(-0.000649951267769414,-0.0459545681935623,-0.0018288));
#2220=CARTESIAN_POINT('',(-0.00132837556790154,-0.045955804569216,-0.0018288));
#2221=CARTESIAN_POINT('',(-0.00214933408909595,-0.0459551207457396,-0.0018288));
#2222=CARTESIAN_POINT('',(-0.00308165529644523,-0.0459522290886434,-0.0018288));
#2223=CARTESIAN_POINT('',(-0.0039498415274969,-0.0459487130616929,-0.0018288));
#2224=CARTESIAN_POINT('',(-0.00474405407122343,-0.0459457656860515,-0.0018288));
#2225=CARTESIAN_POINT('',(-0.00544161795423406,-0.0459457135696665,-0.0018288));
#2226=CARTESIAN_POINT('',(-0.00614401813397586,-0.045945068349611,-0.0018288));
#2227=CARTESIAN_POINT('',(-0.00676812207360381,-0.0459360108801565,-0.0018288));
#2228=CARTESIAN_POINT('',(-0.00729998581000593,-0.0459186975549486,-0.0018288));
#2229=CARTESIAN_POINT('',(-0.00771662770526004,-0.0458995531943436,-0.0018288));
#2230=CARTESIAN_POINT('',(-0.008152705771575,-0.0458729989780902,-0.0018288));
#2231=CARTESIAN_POINT('',(-0.00860273293770601,-0.0458392715990736,-0.0018288));
#2232=CARTESIAN_POINT('',(-0.00908514687728748,-0.0457961199216042,-0.0018288));
#2233=CARTESIAN_POINT('',(-0.00963462374015214,-0.0457370043977264,-0.0018288));
#2234=CARTESIAN_POINT('',(-0.0102457457562017,-0.0456534668338186,-0.0018288));
#2235=CARTESIAN_POINT('',(-0.010800325613006,-0.0455560724035592,-0.0018288));
#2236=CARTESIAN_POINT('',(-0.0112774661941669,-0.0454525950693334,-0.0018288));
#2237=CARTESIAN_POINT('',(-0.0116499076449888,-0.0453603252157378,-0.0018288));
#2238=CARTESIAN_POINT('',(-0.0120470895051584,-0.0452470782661637,-0.0018288));
#2239=CARTESIAN_POINT('',(-0.0124584695300977,-0.045111667879344,-0.0018288));
#2240=CARTESIAN_POINT('',(-0.0129006676960965,-0.0449436489617118,-0.0018288));
#2241=CARTESIAN_POINT('',(-0.0133726492396667,-0.0447326806691725,-0.0018288));
#2242=CARTESIAN_POINT('',(-0.0138609367935195,-0.0444773719286036,-0.0018288));
#2243=CARTESIAN_POINT('',(-0.0143113010392226,-0.044197001603551,-0.0018288));
#2244=CARTESIAN_POINT('',(-0.014680181129912,-0.0439286814890005,-0.0018288));
#2245=CARTESIAN_POINT('',(-0.0149569679567995,-0.0437060326399633,-0.0018288));
#2246=CARTESIAN_POINT('',(-0.0152368662486073,-0.0434564974574739,-0.0018288));
#2247=CARTESIAN_POINT('',(-0.0156156751934288,-0.0430784756244901,-0.0018288));
#2248=CARTESIAN_POINT('',(-0.0160797476949999,-0.0425240125111923,-0.0018288));
#2249=CARTESIAN_POINT('',(-0.0164986475452373,-0.0418544358539383,-0.0018288));
#2250=CARTESIAN_POINT('',(-0.0167469475322638,-0.0413310797999729,-0.0018288));
#2251=CARTESIAN_POINT('',(-0.0168727795726593,-0.0410202815001205,-0.0018288));
#2252=CARTESIAN_POINT('',(-0.0169875555635642,-0.0407004904016798,-0.0018288));
#2253=CARTESIAN_POINT('',(-0.0171027001990702,-0.0403086598435399,-0.0018288));
#2254=CARTESIAN_POINT('',(-0.0172016056178131,-0.0398480074621671,-0.0018288));
#2255=CARTESIAN_POINT('',(-0.0172635492704476,-0.0394174941051809,-0.0018288));
#2256=CARTESIAN_POINT('',(-0.0173077030059535,-0.0388687815803586,-0.0018288));
#2257=CARTESIAN_POINT('',(-0.01730303990461,-0.0383730022760704,-0.0018288));
#2258=CARTESIAN_POINT('',(-0.0172675702090687,-0.037925069075387,-0.0018288));
#2259=CARTESIAN_POINT('',(-0.0172176901135307,-0.0375158298233005,-0.0018288));
#2260=CARTESIAN_POINT('',(-0.0171299022605554,-0.03703585853616,-0.0018288));
#2261=CARTESIAN_POINT('',(-0.0170221939230874,-0.0366151913103714,-0.0018288));
#2262=CARTESIAN_POINT('',(-0.0169344136129134,-0.0363189853297419,-0.0018288));
#2263=CARTESIAN_POINT('',(-0.0168427360923578,-0.0360337950430707,-0.0018288));
#2264=CARTESIAN_POINT('',(-0.016723049722005,-0.0357008654710186,-0.0018288));
#2265=CARTESIAN_POINT('',(-0.0165319043911613,-0.0352247815216472,-0.0018288));
#2266=CARTESIAN_POINT('',(-0.0162947164191126,-0.0347034248152894,-0.0018288));
#2267=CARTESIAN_POINT('',(-0.0160338300946777,-0.0341826168692547,-0.0018288));
#2268=CARTESIAN_POINT('',(-0.0158842377271914,-0.0338980127242097,-0.0018288));
#2269=CARTESIAN_POINT('',(-0.0158181404069167,-0.0337726193918497,-0.0018288));
#2270=CARTESIAN_POINT('',(0.00975391611172241,-0.0324331856235458,-0.0018288));
#2271=CARTESIAN_POINT('',(-0.0158181404069167,-0.0337726193918497,-0.0018288));
#2272=CARTESIAN_POINT('',(0.00871140533929063,-0.0336443931956599,-0.0018288));
#2273=CARTESIAN_POINT('',(-0.0158163341580906,-0.0333168171418608,-0.0018288));
#2274=CARTESIAN_POINT('',(-0.0158163341580905,-0.0333168171418609,-0.0018288));
#2275=CARTESIAN_POINT('',(-0.0164131768528867,-0.0332654079569181,-0.0018288));
#2276=CARTESIAN_POINT('',(-0.0176301336359524,-0.0331333726986453,-0.0018288));
#2277=CARTESIAN_POINT('',(-0.01948995642097,-0.0328603769155828,-0.0018288));
#2278=CARTESIAN_POINT('',(-0.0213312920622718,-0.0325243213130212,-0.0018288));
#2279=CARTESIAN_POINT('',(-0.0228171990700877,-0.0321964632318246,-0.0018288));
#2280=CARTESIAN_POINT('',(-0.0239507668404766,-0.0319059916597942,-0.0018288));
#2281=CARTESIAN_POINT('',(-0.0250319765302103,-0.0316009818021482,-0.0018288));
#2282=CARTESIAN_POINT('',(-0.026289767883325,-0.0311952577909524,-0.0018288));
#2283=CARTESIAN_POINT('',(-0.0276658221886626,-0.0306798474479105,-0.0018288));
#2284=CARTESIAN_POINT('',(-0.0287089300771872,-0.0302410187931012,-0.0018288));
#2285=CARTESIAN_POINT('',(-0.0294894950657743,-0.0298931905154934,-0.0018288));
#2286=CARTESIAN_POINT('',(-0.0300514293113982,-0.0296353643780825,-0.0018288));
#2287=CARTESIAN_POINT('',(-0.0305924999968359,-0.0293823409688602,-0.0018288));
#2288=CARTESIAN_POINT('',(-0.0311130662884554,-0.0291370296171269,-0.0018288));
#2289=CARTESIAN_POINT('',(-0.0316447753147155,-0.0288862357411596,-0.0018288));
#2290=CARTESIAN_POINT('',(-0.0322107987230192,-0.0286160056463314,-0.0018288));
#2291=CARTESIAN_POINT('',(-0.0327991325815397,-0.0283280630357797,-0.0018288));
#2292=CARTESIAN_POINT('',(-0.0336140502841519,-0.0279148949111668,-0.0018288));
#2293=CARTESIAN_POINT('',(-0.0346801105752204,-0.0273374395646317,-0.0018288));
#2294=CARTESIAN_POINT('',(-0.0360141247866449,-0.0265171919856452,-0.0018288));
#2295=CARTESIAN_POINT('',(-0.0371456617537368,-0.0257035603445883,-0.0018288));
#2296=CARTESIAN_POINT('',(-0.0379349056728249,-0.0250501601246911,-0.0018288));
#2297=CARTESIAN_POINT('',(-0.0383793416529539,-0.0246539220567497,-0.0018288));
#2298=CARTESIAN_POINT('',(-0.0390250159146397,-0.0240495352670594,-0.0018288));
#2299=CARTESIAN_POINT('',(-0.0399174260218007,-0.0231124578004433,-0.0018288));
#2300=CARTESIAN_POINT('',(-0.0409702775147554,-0.0218248959690737,-0.0018288));
#2301=CARTESIAN_POINT('',(-0.0419036622103523,-0.0205230645628806,-0.0018288));
#2302=CARTESIAN_POINT('',(-0.0430063239798791,-0.0187968804922914,-0.0018288));
#2303=CARTESIAN_POINT('',(-0.0439156980046261,-0.0171220267083818,-0.0018288));
#2304=CARTESIAN_POINT('',(-0.0446502658535606,-0.0155985337180381,-0.0018288));
#2305=CARTESIAN_POINT('',(-0.045131748008023,-0.014542195901517,-0.0018288));
#2306=CARTESIAN_POINT('',(-0.0454923725615515,-0.0137332600113097,-0.0018288));
#2307=CARTESIAN_POINT('',(-0.0457659664018453,-0.0131268469067015,-0.0018288));
#2308=CARTESIAN_POINT('',(-0.0459324511312437,-0.0127642292232356,-0.0018288));
#2309=CARTESIAN_POINT('',(-0.0460649215742018,-0.0124813266022896,-0.0018288));
#2310=CARTESIAN_POINT('',(-0.0461625281462844,-0.0122761015481505,-0.0018288));
#2311=CARTESIAN_POINT('',(-0.0462637499449028,-0.01206687871215,-0.0018288));
#2312=CARTESIAN_POINT('',(-0.0464149499219041,-0.0117574380102526,-0.0018288));
#2313=CARTESIAN_POINT('',(-0.046626850967733,-0.0113233904405027,-0.0018288));
#2314=CARTESIAN_POINT('',(-0.0469078985821009,-0.01072209840538,-0.0018288));
#2315=CARTESIAN_POINT('',(-0.047153642700603,-0.0101455317749512,-0.0018288));
#2316=CARTESIAN_POINT('',(-0.0473493855153152,-0.00962373801668372,-0.0018288));
#2317=CARTESIAN_POINT('',(-0.0474913624570818,-0.00920193652433028,-0.0018288));
#2318=CARTESIAN_POINT('',(-0.0476265805509079,-0.0087357308207331,-0.0018288));
#2319=CARTESIAN_POINT('',(-0.0477460286119944,-0.00823260058080812,-0.0018288));
#2320=CARTESIAN_POINT('',(-0.0478453061514784,-0.00766869321308508,-0.0018288));
#2321=CARTESIAN_POINT('',(-0.0479096299702083,-0.00705677050431595,-0.0018288));
#2322=CARTESIAN_POINT('',(-0.0479241211526757,-0.00649324592898757,-0.0018288));
#2323=CARTESIAN_POINT('',(-0.0479027059718502,-0.00601530503334334,-0.0018288));
#2324=CARTESIAN_POINT('',(-0.0478681684913737,-0.00564524869933975,-0.0018288));
#2325=CARTESIAN_POINT('',(-0.0478127426390125,-0.00526242893051529,-0.0018288));
#2326=CARTESIAN_POINT('',(-0.0477325478960884,-0.0048642075605729,-0.0018288));
#2327=CARTESIAN_POINT('',(-0.0476281144852152,-0.0044666207010804,-0.0018288));
#2328=CARTESIAN_POINT('',(-0.0475023401834635,-0.00407716440494088,-0.0018288));
#2329=CARTESIAN_POINT('',(-0.0473525111226515,-0.00369134599615057,-0.0018288));
#2330=CARTESIAN_POINT('',(-0.047133651748993,-0.00321085537415557,-0.0018288));
#2331=CARTESIAN_POINT('',(-0.0468281889955406,-0.0026618738701448,-0.0018288));
#2332=CARTESIAN_POINT('',(-0.0464281624199155,-0.00208132089578748,-0.0018288));
#2333=CARTESIAN_POINT('',(-0.0460088244905682,-0.00157357358558623,-0.0018288));
#2334=CARTESIAN_POINT('',(-0.0455903935019996,-0.00113814993026252,-0.0018288));
#2335=CARTESIAN_POINT('',(-0.0451689510612545,-0.000753804447095611,-0.0018288));
#2336=CARTESIAN_POINT('',(-0.0447592144252815,-0.000421570272733506,-0.0018288));
#2337=CARTESIAN_POINT('',(-0.0442204379347802,-2.70588202851202E-5,-0.0018288));
#2338=CARTESIAN_POINT('',(-0.0435729180884286,0.000383980934793182,-0.0018288));
#2339=CARTESIAN_POINT('',(-0.0428300451948513,0.000792297618698557,-0.0018288));
#2340=CARTESIAN_POINT('',(-0.042118843213524,0.00114071945414452,-0.0018288));
#2341=CARTESIAN_POINT('',(-0.0414357979497583,0.00144720398718531,-0.0018288));
#2342=CARTESIAN_POINT('',(-0.0407881747317364,0.00172037361609242,-0.0018288));
#2343=CARTESIAN_POINT('',(-0.0399438038805882,0.00206322772534082,-0.0018288));
#2344=CARTESIAN_POINT('',(-0.0388783414400768,0.00247420907999623,-0.0018288));
#2345=CARTESIAN_POINT('',(-0.0376076060998358,0.00293907681564905,-0.0018288));
#2346=CARTESIAN_POINT('',(-0.0363530226920016,0.00338144970541059,-0.0018288));
#2347=CARTESIAN_POINT('',(-0.0353308453006794,0.00373414047835215,-0.0018288));
#2348=CARTESIAN_POINT('',(-0.0345350134194174,0.00400740742000267,-0.0018288));
#2349=CARTESIAN_POINT('',(-0.0337607573926353,0.0042739664335267,-0.0018288));
#2350=CARTESIAN_POINT('',(-0.0328220369789473,0.00460055059468691,-0.0018288));
#2351=CARTESIAN_POINT('',(-0.0316761653280844,0.0050009113344078,-0.0018288));
#2352=CARTESIAN_POINT('',(-0.0304783677449205,0.00540642031992166,-0.0018288));
#2353=CARTESIAN_POINT('',(-0.0292178720960432,0.00580589545594579,-0.0018288));
#2354=CARTESIAN_POINT('',(-0.0278814054194269,0.00618932541064855,-0.0018288));
#2355=CARTESIAN_POINT('',(-0.0264481881509709,0.00654569680315603,-0.0018288));
#2356=CARTESIAN_POINT('',(-0.0244395432831757,0.00696225257289153,-0.0018288));
#2357=CARTESIAN_POINT('',(-0.0223644903342642,0.00728177172202536,-0.0018288));
#2358=CARTESIAN_POINT('',(-0.0202525000739635,0.00752280505453206,-0.0018288));
#2359=CARTESIAN_POINT('',(-0.018662550087952,0.00766517122469731,-0.0018288));
#2360=CARTESIAN_POINT('',(-0.0170772302231161,0.00777036721054046,-0.0018288));
#2361=CARTESIAN_POINT('',(-0.0155096863713672,0.00783909572761956,-0.0018288));
#2362=CARTESIAN_POINT('',(-0.0139959820922778,0.00787316728280719,-0.0018288));
#2363=CARTESIAN_POINT('',(-0.0125648015263655,0.00788468060943213,-0.0018288));
#2364=CARTESIAN_POINT('',(-0.0112189880617443,0.00788551632392312,-0.0018288));
#2365=CARTESIAN_POINT('',(-0.0101826018470277,0.00788620539224216,-0.0018288));
#2366=CARTESIAN_POINT('',(-0.00941107442654073,0.00789159826040689,-0.0018288));
#2367=CARTESIAN_POINT('',(-0.00886384025668629,0.00789908089051799,-0.0018288));
#2368=CARTESIAN_POINT('',(-0.00835137626245418,0.00791096268109148,-0.0018288));
#2369=CARTESIAN_POINT('',(-0.00788043263836758,0.00792804540838747,-0.0018288));
#2370=CARTESIAN_POINT('',(-0.007409728233963,0.00795137550029335,-0.0018288));
#2371=CARTESIAN_POINT('',(-0.00691041661362898,0.00798006655450113,-0.0018288));
#2372=CARTESIAN_POINT('',(-0.00637823449571871,0.00801090373777792,-0.0018288));
#2373=CARTESIAN_POINT('',(-0.00561867177588552,0.0080500173503237,-0.0018288));
#2374=CARTESIAN_POINT('',(-0.00455768878027214,0.00808454234155373,-0.0018288));
#2375=CARTESIAN_POINT('',(-0.00359350587091967,0.00806863538222745,-0.0018288));
#2376=CARTESIAN_POINT('',(-0.0030835638768856,0.00804392606208003,-0.0018288));
#2377=CARTESIAN_POINT('',(-0.00308356387688555,0.00804392606208002,-0.0018288));
#2378=CARTESIAN_POINT('',(-0.00308356387688527,0.00804392606208024,-0.0018288));
#2379=CARTESIAN_POINT('',(-0.00325784468288026,0.0083079691874607,-0.0018288));
#2380=CARTESIAN_POINT('',(-0.00360682163414282,0.00884881604595894,-0.0018288));
#2381=CARTESIAN_POINT('',(-0.00412464816614924,0.00971288089545916,-0.0018288));
#2382=CARTESIAN_POINT('',(-0.00454198527743231,0.0104876275722815,-0.0018288));
#2383=CARTESIAN_POINT('',(-0.00485975298660605,0.0111464924856586,-0.0018288));
#2384=CARTESIAN_POINT('',(-0.00508805214851311,0.0116628363283826,-0.0018288));
#2385=CARTESIAN_POINT('',(-0.00529781978851446,0.0121869953725841,-0.0018288));
#2386=CARTESIAN_POINT('',(-0.0055502851555551,0.0128876846918539,-0.0018288));
#2387=CARTESIAN_POINT('',(-0.00581654522587145,0.0137668989777735,-0.0018288));
#2388=CARTESIAN_POINT('',(-0.00606074229207739,0.0148234608345302,-0.0018288));
#2389=CARTESIAN_POINT('',(-0.00623279473797619,0.0158750082348386,-0.0018288));
#2390=CARTESIAN_POINT('',(-0.00633628914491224,0.0169205279112763,-0.0018288));
#2391=CARTESIAN_POINT('',(-0.00637469285800925,0.0179499326618535,-0.0018288));
#2392=CARTESIAN_POINT('',(-0.00635119853741651,0.0189736568677181,-0.0018288));
#2393=CARTESIAN_POINT('',(-0.00623562396993219,0.0203396049387063,-0.0018288));
#2394=CARTESIAN_POINT('',(-0.00598715538975646,0.0217075096468526,-0.0018288));
#2395=CARTESIAN_POINT('',(-0.00560544391561465,0.0230478233357569,-0.0018288));
#2396=CARTESIAN_POINT('',(-0.00525494963359438,0.0240376356953598,-0.0018288));
#2397=CARTESIAN_POINT('',(-0.00484031605030734,0.0250089277333842,-0.0018288));
#2398=CARTESIAN_POINT('',(-0.00439665964665114,0.02590733584676,-0.0018288));
#2399=CARTESIAN_POINT('',(-0.00393723881965595,0.0267467077006898,-0.0018288));
#2400=CARTESIAN_POINT('',(-0.00347242442446973,0.0275327049031671,-0.0018288));
#2401=CARTESIAN_POINT('',(-0.00301349464885611,0.0282671103859847,-0.0018288));
#2402=CARTESIAN_POINT('',(-0.00264311088778175,0.0288384187223783,-0.0018288));
#2403=CARTESIAN_POINT('',(-0.00236014221841271,0.0292687191054667,-0.0018288));
#2404=CARTESIAN_POINT('',(-0.00215732093205542,0.029575349140405,-0.0018288));
#2405=CARTESIAN_POINT('',(-0.0019590416683063,0.029875223781396,-0.0018288));
#2406=CARTESIAN_POINT('',(-0.00174054774605177,0.0302028912295641,-0.0018288));
#2407=CARTESIAN_POINT('',(-0.0014963465925149,0.030559907154513,-0.0018288));
#2408=CARTESIAN_POINT('',(-0.00113480172911334,0.0310674678722842,-0.0018288));
#2409=CARTESIAN_POINT('',(-0.000600371938897144,0.0317612522911499,-0.0018288));
#2410=CARTESIAN_POINT('',(6.64535886084489E-5,0.0324978490323734,-0.0018288));
#2411=CARTESIAN_POINT('',(0.000691129262975564,0.0330877665652116,-0.0018288));
#2412=CARTESIAN_POINT('',(0.00136802348019453,0.0336612193721677,-0.0018288));
#2413=CARTESIAN_POINT('',(0.00213022270777603,0.0342043932398236,-0.0018288));
#2414=CARTESIAN_POINT('',(0.00285401141568913,0.0346293943679283,-0.0018288));
#2415=CARTESIAN_POINT('',(0.00327867557638185,0.0348555804266153,-0.0018288));
#2416=CARTESIAN_POINT('',(0.00391184494198081,0.035171625364299,-0.0018288));
#2417=CARTESIAN_POINT('',(0.00485131960262446,0.0355723223738754,-0.0018288));
#2418=CARTESIAN_POINT('',(0.00610308157262937,0.036005576710923,-0.0018288));
#2419=CARTESIAN_POINT('',(0.00735313597047861,0.0363628749273523,-0.0018288));
#2420=CARTESIAN_POINT('',(0.00901310822569611,0.0367583283777822,-0.0018288));
#2421=CARTESIAN_POINT('',(0.0106402129452277,0.0370500995182921,-0.0018288));
#2422=CARTESIAN_POINT('',(0.0121841128103812,0.0372562292242044,-0.0018288));
#2423=CARTESIAN_POINT('',(0.0132793786775971,0.0373693587387637,-0.0018288));
#2424=CARTESIAN_POINT('',(0.0143144688414647,0.0374435489000538,-0.0018288));
#2425=CARTESIAN_POINT('',(0.0153211117529749,0.0374766655903171,-0.0018288));
#2426=CARTESIAN_POINT('',(0.0163201309446161,0.0374600181756738,-0.0018288));
#2427=CARTESIAN_POINT('',(0.0173115837813616,0.0373858328554484,-0.0018288));
#2428=CARTESIAN_POINT('',(0.0182895952094964,0.0372496812270766,-0.0018288));
#2429=CARTESIAN_POINT('',(0.0190739662954847,0.0370901626478729,-0.0018288));
#2430=CARTESIAN_POINT('',(0.019684193896585,0.0369390503672723,-0.0018288));
#2431=CARTESIAN_POINT('',(0.0202836317688246,0.036774176183517,-0.0018288));
#2432=CARTESIAN_POINT('',(0.0210385142494897,0.0365366117907995,-0.0018288));
#2433=CARTESIAN_POINT('',(0.0219493550719147,0.0361997663486449,-0.0018288));
#2434=CARTESIAN_POINT('',(0.0228630508352696,0.0358091297312504,-0.0018288));
#2435=CARTESIAN_POINT('',(0.0237768127005683,0.0353607536310297,-0.0018288));
#2436=CARTESIAN_POINT('',(0.0245334838225487,0.0349364074228148,-0.0018288));
#2437=CARTESIAN_POINT('',(0.0251367938921275,0.0345611462952102,-0.0018288));
#2438=CARTESIAN_POINT('',(0.0255851836099757,0.0342621302131002,-0.0018288));
#2439=CARTESIAN_POINT('',(0.0260197498607324,0.033951780332965,-0.0018288));
#2440=CARTESIAN_POINT('',(0.0265669413548883,0.0335356706513506,-0.0018288));
#2441=CARTESIAN_POINT('',(0.0272035009871289,0.0330091711396404,-0.0018288));
#2442=CARTESIAN_POINT('',(0.0278957019801956,0.0323827883480314,-0.0018288));
#2443=CARTESIAN_POINT('',(0.0285249082412274,0.0317726264971825,-0.0018288));
#2444=CARTESIAN_POINT('',(0.0290009155415196,0.0312875394643741,-0.0018288));
#2445=CARTESIAN_POINT('',(0.0293580087038053,0.0309154074659173,-0.0018288));
#2446=CARTESIAN_POINT('',(0.0296103862742892,0.030649586339447,-0.0018288));
#2447=CARTESIAN_POINT('',(0.0298533921899185,0.0303927564712487,-0.0018288));
#2448=CARTESIAN_POINT('',(0.0301170779230683,0.0301117800694941,-0.0018288));
#2449=CARTESIAN_POINT('',(0.0304100216217977,0.0297917420686645,-0.0018288));
#2450=CARTESIAN_POINT('',(0.0308265423308529,0.0293174403695538,-0.0018288));
#2451=CARTESIAN_POINT('',(0.0313929952152411,0.0286160669916244,-0.0018288));
#2452=CARTESIAN_POINT('',(0.0320873723858755,0.0275813418898031,-0.0018288));
#2453=CARTESIAN_POINT('',(0.0326188556836263,0.0265468918563043,-0.0018288));
#2454=CARTESIAN_POINT('',(0.032975441778975,0.025634393731785,-0.0018288));
#2455=CARTESIAN_POINT('',(0.0331640880557124,0.0250330132700908,-0.0018288));
#2456=CARTESIAN_POINT('',(0.0332913662959885,0.0245391568400527,-0.0018288));
#2457=CARTESIAN_POINT('',(0.0334032354793908,0.0240329727614137,-0.0018288));
#2458=CARTESIAN_POINT('',(0.0334647335468401,0.0236665232882281,-0.0018288));
#2459=CARTESIAN_POINT('',(0.033497780804375,0.0234349557263265,-0.0018288));
#2460=CARTESIAN_POINT('',(0.033497780804375,0.0234349557263264,-0.0018288));
#2461=CARTESIAN_POINT('',(0.033497780804375,0.0234349557263264,-0.0018288));
#2462=CARTESIAN_POINT('',(0.0339019236817878,0.0234371149828024,-0.0018288));
#2463=CARTESIAN_POINT('',(0.0347267632078828,0.02343362901485,-0.0018288));
#2464=CARTESIAN_POINT('',(0.0359864593414968,0.023401452113804,-0.0018288));
#2465=CARTESIAN_POINT('',(0.03724550142286,0.0233380254901557,-0.0018288));
#2466=CARTESIAN_POINT('',(0.0382804623508817,0.0232535343314078,-0.0018288));
#2467=CARTESIAN_POINT('',(0.039094344001219,0.0231616364757884,-0.0018288));
#2468=CARTESIAN_POINT('',(0.039705010600199,0.0230772044285542,-0.0018288));
#2469=CARTESIAN_POINT('',(0.0403149494344923,0.0229734344830527,-0.0018288));
#2470=CARTESIAN_POINT('',(0.0409353373508594,0.0228437694289351,-0.0018288));
#2471=CARTESIAN_POINT('',(0.041587604187606,0.0226735355927266,-0.0018288));
#2472=CARTESIAN_POINT('',(0.0422849956538117,0.0224411695105319,-0.0018288));
#2473=CARTESIAN_POINT('',(0.0430104528433618,0.0221292920762488,-0.0018288));
#2474=CARTESIAN_POINT('',(0.0436285468037958,0.0217854513716757,-0.0018288));
#2475=CARTESIAN_POINT('',(0.0441123082270068,0.0214577832680734,-0.0018288));
#2476=CARTESIAN_POINT('',(0.0444681426300223,0.0211846937299077,-0.0018288));
#2477=CARTESIAN_POINT('',(0.0448121879066336,0.0208837239526035,-0.0018288));
#2478=CARTESIAN_POINT('',(0.0451278202097344,0.0205706897192476,-0.0018288));
#2479=CARTESIAN_POINT('',(0.0454243224106984,0.0202374334914822,-0.0018288));
#2480=CARTESIAN_POINT('',(0.045685347883873,0.0199046517158624,-0.0018288));
#2481=CARTESIAN_POINT('',(0.0459158825673463,0.0195741697989182,-0.0018288));
#2482=CARTESIAN_POINT('',(0.0461829497703201,0.019143508974907,-0.0018288));
#2483=CARTESIAN_POINT('',(0.0464382271207668,0.0186536086899679,-0.0018288));
#2484=CARTESIAN_POINT('',(0.0466535659798785,0.0181552046976652,-0.0018288));
#2485=CARTESIAN_POINT('',(0.0467964155761562,0.0177793979171358,-0.0018288));
#2486=CARTESIAN_POINT('',(0.0469237315748471,0.0174150663862351,-0.0018288));
#2487=CARTESIAN_POINT('',(0.0470420894431617,0.0170423712017001,-0.0018288));
#2488=CARTESIAN_POINT('',(0.0471493310547723,0.0166709438649867,-0.0018288));
#2489=CARTESIAN_POINT('',(0.0472481563556513,0.0162940163649105,-0.0018288));
#2490=CARTESIAN_POINT('',(0.0473683807092001,0.015785901063273,-0.0018288));
#2491=CARTESIAN_POINT('',(0.0474722320861155,0.0152671158983254,-0.0018288));
#2492=CARTESIAN_POINT('',(0.047559231895149,0.0147374434314948,-0.0018288));
#2493=CARTESIAN_POINT('',(0.0476159029581173,0.0143337284004218,-0.0018288));
#2494=CARTESIAN_POINT('',(0.0476634897963657,0.0139216804403364,-0.0018288));
#2495=CARTESIAN_POINT('',(0.0477009454688563,0.0135108265613491,-0.0018288));
#2496=CARTESIAN_POINT('',(0.047729886653521,0.0130606230640533,-0.0018288));
#2497=CARTESIAN_POINT('',(0.0477444904159236,0.012552158292462,-0.0018288));
#2498=CARTESIAN_POINT('',(0.0477319814967086,0.0119719593301197,-0.0018288));
#2499=CARTESIAN_POINT('',(0.0476627710104303,0.0111300822385626,-0.0018288));
#2500=CARTESIAN_POINT('',(0.047472390862087,0.0101265970061527,-0.0018288));
#2501=CARTESIAN_POINT('',(0.0471197527491326,0.00916986974824503,-0.0018288));
#2502=CARTESIAN_POINT('',(0.0468496549332661,0.00860450846682188,-0.0018288));
#2503=CARTESIAN_POINT('',(0.0466140486170212,0.00818285924367391,-0.0018288));
#2504=CARTESIAN_POINT('',(0.0463408876936443,0.00776218355488926,-0.0018288));
#2505=CARTESIAN_POINT('',(0.0460343850892561,0.0073551420019101,-0.0018288));
#2506=CARTESIAN_POINT('',(0.0456972253426094,0.00696625896341583,-0.0018288));
#2507=CARTESIAN_POINT('',(0.0453274654618968,0.00659596021843849,-0.0018288));
#2508=CARTESIAN_POINT('',(0.044997597632771,0.00630984497985106,-0.0018288));
#2509=CARTESIAN_POINT('',(0.0447274865964897,0.00609872768561851,-0.0018288));
#2510=CARTESIAN_POINT('',(0.0444507668677014,0.00589720808057688,-0.0018288));
#2511=CARTESIAN_POINT('',(0.0441098981485168,0.00567432369759105,-0.0018288));
#2512=CARTESIAN_POINT('',(0.043709565402307,0.00544494599208029,-0.0018288));
#2513=CARTESIAN_POINT('',(0.0433201844219364,0.00524846484748796,-0.0018288));
#2514=CARTESIAN_POINT('',(0.0428110798226091,0.00502189422334519,-0.0018288));
#2515=CARTESIAN_POINT('',(0.0422039630262369,0.00479866739515104,-0.0018288));
#2516=CARTESIAN_POINT('',(0.0415051199756487,0.00459652646400938,-0.0018288));
#2517=CARTESIAN_POINT('',(0.0406105325062592,0.00439394771632508,-0.0018288));
#2518=CARTESIAN_POINT('',(0.0397441624209247,0.0042649567778258,-0.0018288));
#2519=CARTESIAN_POINT('',(0.038901368868048,0.00418465056183942,-0.0018288));
#2520=CARTESIAN_POINT('',(0.0380629981521588,0.00413118458794002,-0.0018288));
#2521=CARTESIAN_POINT('',(0.0370277638706338,0.00410790634561306,-0.0018288));
#2522=CARTESIAN_POINT('',(0.0357993745439423,0.00413301279547287,-0.0018288));
#2523=CARTESIAN_POINT('',(0.0345897373196666,0.00420055588774875,-0.0018288));
#2524=CARTESIAN_POINT('',(0.0334115896647103,0.00430155977403392,-0.0018288));
#2525=CARTESIAN_POINT('',(0.0326498471031073,0.00438736278903736,-0.0018288));
#2526=CARTESIAN_POINT('',(0.032282574310971,0.00443295267606161,-0.0018288));
#2527=CARTESIAN_POINT('',(0.032282574310971,0.00443295267606161,-0.0018288));
#2528=CARTESIAN_POINT('',(0.0244766069410252,0.00698812764713927,-0.0018288));
#2529=CARTESIAN_POINT('',(0.0313223879640892,0.0024471946429565,-0.0018288));
#2530=CARTESIAN_POINT('',(0.0313223879640892,0.00244719464295643,-0.0018288));
#2531=CARTESIAN_POINT('',(0.0314707371905235,0.00213973532519512,-0.0018288));
#2532=CARTESIAN_POINT('',(0.0317105640754887,0.00162793316372684,-0.0018288));
#2533=CARTESIAN_POINT('',(0.0320353216820711,0.000843657484948485,-0.0018288));
#2534=CARTESIAN_POINT('',(0.0322733468504648,0.000203100570195925,-0.0018288));
#2535=CARTESIAN_POINT('',(0.032496283757091,-0.00048695721150923,-0.0018288));
#2536=CARTESIAN_POINT('',(0.0326970063263038,-0.00123301584651756,-0.0018288));
#2537=CARTESIAN_POINT('',(0.0328610055016668,-0.0020150359247754,-0.0018288));
#2538=CARTESIAN_POINT('',(0.0329793225989408,-0.00277602737983461,-0.0018288));
#2539=CARTESIAN_POINT('',(0.0330618504673575,-0.00352640221565989,-0.0018288));
#2540=CARTESIAN_POINT('',(0.0331299289680353,-0.00451052122454806,-0.0018288));
#2541=CARTESIAN_POINT('',(0.0331485346065618,-0.00571357921470051,-0.0018288));
#2542=CARTESIAN_POINT('',(0.0331005620083943,-0.00688310305902424,-0.0018288));
#2543=CARTESIAN_POINT('',(0.0330325368439833,-0.00779769802355895,-0.0018288));
#2544=CARTESIAN_POINT('',(0.0329691947737515,-0.00847024603899328,-0.0018288));
#2545=CARTESIAN_POINT('',(0.0328944924637486,-0.00913658053908917,-0.0018288));
#2546=CARTESIAN_POINT('',(0.0327782441620926,-0.010031675398166,-0.0018288));
#2547=CARTESIAN_POINT('',(0.0325960779646513,-0.0111735163628108,-0.0018288));
#2548=CARTESIAN_POINT('',(0.0323073333816526,-0.0125669236494268,-0.0018288));
#2549=CARTESIAN_POINT('',(0.0319357719940504,-0.0139800440290064,-0.0018288));
#2550=CARTESIAN_POINT('',(0.0314685681547086,-0.0154068011149747,-0.0018288));
#2551=CARTESIAN_POINT('',(0.0308877767799737,-0.0168422066772693,-0.0018288));
#2552=CARTESIAN_POINT('',(0.030223790965401,-0.0182061178286993,-0.0018288));
#2553=CARTESIAN_POINT('',(0.0294940530694546,-0.0195029186836958,-0.0018288));
#2554=CARTESIAN_POINT('',(0.0287090569593126,-0.0207376255554226,-0.0018288));
#2555=CARTESIAN_POINT('',(0.0278788784607328,-0.0219119538105485,-0.0018288));
#2556=CARTESIAN_POINT('',(0.0271684004999675,-0.0228347580210186,-0.0018288));
#2557=CARTESIAN_POINT('',(0.0265710427470708,-0.0235637500439811,-0.0018288));
#2558=CARTESIAN_POINT('',(0.0259528102444125,-0.0242854837521046,-0.0018288));
#2559=CARTESIAN_POINT('',(0.0251198108183303,-0.0251924440476955,-0.0018288));
#2560=CARTESIAN_POINT('',(0.0240127564855659,-0.0262629836961773,-0.0018288));
#2561=CARTESIAN_POINT('',(0.0227892292224086,-0.0272937197206146,-0.0018288));
#2562=CARTESIAN_POINT('',(0.0214443396664094,-0.0282647789619798,-0.0018288));
#2563=CARTESIAN_POINT('',(0.0199592995729889,-0.0291582424478328,-0.0018288));
#2564=CARTESIAN_POINT('',(0.0184419844855267,-0.0299148347830178,-0.0018288));
#2565=CARTESIAN_POINT('',(0.0169230515486769,-0.0305557816064446,-0.0018288));
#2566=CARTESIAN_POINT('',(0.0154092731874078,-0.0311001803945433,-0.0018288));
#2567=CARTESIAN_POINT('',(0.0139219489638481,-0.0315554820385321,-0.0018288));
#2568=CARTESIAN_POINT('',(0.0124771877369629,-0.0319281680151908,-0.0018288));
#2569=CARTESIAN_POINT('',(0.0110986376830019,-0.0322222509327439,-0.0018288));
#2570=CARTESIAN_POINT('',(0.0102003616115059,-0.0323707258235659,-0.0018288));
#2571=CARTESIAN_POINT('',(0.00975391611172241,-0.0324331856235458,-0.0018288));
#2572=CARTESIAN_POINT('',(0.00975391611172234,-0.0324331856235457,-0.0018288));
#2573=CARTESIAN_POINT('',(0.00975391611172234,-0.0324331856235457,0.));
#2574=CARTESIAN_POINT('',(0.0101507809404594,-0.0329619331889332,-0.0018288));
#2575=CARTESIAN_POINT('',(0.0101507809404594,-0.0329619331889332,0.));
#2576=CARTESIAN_POINT('',(0.0105843646199957,-0.0337564934314223,-0.0018288));
#2577=CARTESIAN_POINT('',(0.0105843646199957,-0.0337564934314223,-4.33680868994202E-19));
#2578=CARTESIAN_POINT('',(0.0109313224934901,-0.0346372221868505,-0.0018288));
#2579=CARTESIAN_POINT('',(0.0109313224934901,-0.0346372221868505,2.16840434497101E-19));
#2580=CARTESIAN_POINT('',(0.0111698415897425,-0.0353605837663715,-0.0018288));
#2581=CARTESIAN_POINT('',(0.0111698415897425,-0.0353605837663715,-4.33680868994202E-19));
#2582=CARTESIAN_POINT('',(0.0114375717943511,-0.0363842222563377,-0.0018288));
#2583=CARTESIAN_POINT('',(0.0114375717943511,-0.0363842222563377,0.));
#2584=CARTESIAN_POINT('',(0.0116363214817745,-0.03792132791127,-0.0018288));
#2585=CARTESIAN_POINT('',(0.0116363214817745,-0.03792132791127,-4.33680868994202E-19));
#2586=CARTESIAN_POINT('',(0.0115473198369606,-0.0395761635671445,-0.0018288));
#2587=CARTESIAN_POINT('',(0.0115473198369606,-0.0395761635671445,0.));
#2588=CARTESIAN_POINT('',(0.0110609216066249,-0.0411791622761706,-0.0018288));
#2589=CARTESIAN_POINT('',(0.0110609216066249,-0.0411791622761706,-2.16840434497101E-19));
#2590=CARTESIAN_POINT('',(0.0103940545373941,-0.042455054835065,-0.0018288));
#2591=CARTESIAN_POINT('',(0.0103940545373941,-0.042455054835065,2.16840434497101E-19));
#2592=CARTESIAN_POINT('',(0.00935703738642818,-0.0436516270204865,-0.0018288));
#2593=CARTESIAN_POINT('',(0.00935703738642818,-0.0436516270204865,-4.33680868994202E-19));
#2594=CARTESIAN_POINT('',(0.00828766111467317,-0.0444457560097922,-0.0018288));
#2595=CARTESIAN_POINT('',(0.00828766111467317,-0.0444457560097922,0.));
#2596=CARTESIAN_POINT('',(0.00728494127456931,-0.0449726248744256,-0.0018288));
#2597=CARTESIAN_POINT('',(0.00728494127456931,-0.0449726248744256,-6.50521303491303E-19));
#2598=CARTESIAN_POINT('',(0.00605657150808159,-0.045431594051667,-0.0018288));
#2599=CARTESIAN_POINT('',(0.00605657150808159,-0.045431594051667,4.33680868994202E-19));
#2600=CARTESIAN_POINT('',(0.00473749060509901,-0.0457158331018393,-0.0018288));
#2601=CARTESIAN_POINT('',(0.00473749060509901,-0.0457158331018393,0.));
#2602=CARTESIAN_POINT('',(0.00333877622242893,-0.0458706685886132,-0.0018288));
#2603=CARTESIAN_POINT('',(0.00333877622242893,-0.0458706685886132,2.16840434497101E-19));
#2604=CARTESIAN_POINT('',(0.0020641228593331,-0.045929078123163,-0.0018288));
#2605=CARTESIAN_POINT('',(0.0020641228593331,-0.045929078123163,-8.67361737988404E-19));
#2606=CARTESIAN_POINT('',(0.000915116713696949,-0.0459458111764619,-0.0018288));
#2607=CARTESIAN_POINT('',(0.000915116713696949,-0.0459458111764619,4.33680868994202E-19));
#2608=CARTESIAN_POINT('',(-0.00013207374611934,-0.0459530008544019,-0.0018288));
#2609=CARTESIAN_POINT('',(-0.00013207374611934,-0.0459530008544019,-2.16840434497101E-19));
#2610=CARTESIAN_POINT('',(-0.00150901953675066,-0.0459569319646931,-0.0018288));
#2611=CARTESIAN_POINT('',(-0.00150901953675066,-0.0459569319646931,4.33680868994202E-19));
#2612=CARTESIAN_POINT('',(-0.00311292597770566,-0.0459528108822479,-0.0018288));
#2613=CARTESIAN_POINT('',(-0.00311292597770566,-0.0459528108822479,-4.33680868994202E-19));
#2614=CARTESIAN_POINT('',(-0.00478585464299165,-0.0459437504518325,-0.0018288));
#2615=CARTESIAN_POINT('',(-0.00478585464299165,-0.0459437504518325,-6.50521303491303E-19));
#2616=CARTESIAN_POINT('',(-0.00611133121695287,-0.0459496766859876,-0.0018288));
#2617=CARTESIAN_POINT('',(-0.00611133121695287,-0.0459496766859876,2.16840434497101E-19));
#2618=CARTESIAN_POINT('',(-0.00741810007021174,-0.0459230537464923,-0.0018288));
#2619=CARTESIAN_POINT('',(-0.00741810007021174,-0.0459230537464923,-4.33680868994202E-19));
#2620=CARTESIAN_POINT('',(-0.0085847548315389,-0.045843522574323,-0.0018288));
#2621=CARTESIAN_POINT('',(-0.0085847548315389,-0.045843522574323,-6.50521303491303E-19));
#2622=CARTESIAN_POINT('',(-0.0096000013129862,-0.0457489440452471,-0.0018288));
#2623=CARTESIAN_POINT('',(-0.0096000013129862,-0.0457489440452471,-4.33680868994202E-19));
#2624=CARTESIAN_POINT('',(-0.0108846275106132,-0.0455583055910171,-0.0018288));
#2625=CARTESIAN_POINT('',(-0.0108846275106132,-0.0455583055910171,-2.16840434497101E-19));
#2626=CARTESIAN_POINT('',(-0.012144014203599,-0.0452482768615794,-0.0018288));
#2627=CARTESIAN_POINT('',(-0.012144014203599,-0.0452482768615794,-4.33680868994202E-19));
#2628=CARTESIAN_POINT('',(-0.0133546665922228,-0.0447601399035791,-0.0018288));
#2629=CARTESIAN_POINT('',(-0.0133546665922228,-0.0447601399035791,2.16840434497101E-19));
#2630=CARTESIAN_POINT('',(-0.0143868577786379,-0.0441849413306092,-0.0018288));
#2631=CARTESIAN_POINT('',(-0.0143868577786379,-0.0441849413306092,-1.0842021724855E-18));
#2632=CARTESIAN_POINT('',(-0.0155233230116581,-0.0432576122962106,-0.0018288));
#2633=CARTESIAN_POINT('',(-0.0155233230116581,-0.0432576122962106,4.33680868994202E-19));
#2634=CARTESIAN_POINT('',(-0.0166419124462897,-0.0417897216521358,-0.0018288));
#2635=CARTESIAN_POINT('',(-0.0166419124462897,-0.0417897216521358,0.));
#2636=CARTESIAN_POINT('',(-0.0173008953620026,-0.0397817044727109,-0.0018288));
#2637=CARTESIAN_POINT('',(-0.0173008953620026,-0.0397817044727109,6.50521303491303E-19));
#2638=CARTESIAN_POINT('',(-0.0173271780464704,-0.0382016442544082,-0.0018288));
#2639=CARTESIAN_POINT('',(-0.0173271780464704,-0.0382016442544082,-1.0842021724855E-18));
#2640=CARTESIAN_POINT('',(-0.0171400240393649,-0.0370017554168593,-0.0018288));
#2641=CARTESIAN_POINT('',(-0.0171400240393649,-0.0370017554168593,4.33680868994202E-19));
#2642=CARTESIAN_POINT('',(-0.0168682347780111,-0.0360776501687363,-0.0018288));
#2643=CARTESIAN_POINT('',(-0.0168682347780111,-0.0360776501687363,-4.33680868994202E-19));
#2644=CARTESIAN_POINT('',(-0.016578933895707,-0.0353276229111397,-0.0018288));
#2645=CARTESIAN_POINT('',(-0.016578933895707,-0.0353276229111397,6.50521303491303E-19));
#2646=CARTESIAN_POINT('',(-0.0162001839800923,-0.0344963557400016,-0.0018288));
#2647=CARTESIAN_POINT('',(-0.0162001839800923,-0.0344963557400016,-1.30104260698261E-18));
#2648=CARTESIAN_POINT('',(-0.015950335047466,-0.0340234060565697,-0.0018288));
#2649=CARTESIAN_POINT('',(-0.015950335047466,-0.0340234060565697,0.));
#2650=CARTESIAN_POINT('',(-0.0158181404069167,-0.0337726193918497,-0.0018288));
#2651=CARTESIAN_POINT('',(-0.0158181404069167,-0.0337726193918497,0.));
#2652=CARTESIAN_POINT('',(-0.0158181404069167,-0.0337726193918497,-0.0018288));
#2653=CARTESIAN_POINT('',(0.00975391611172241,-0.0324331856235458,-0.0018288));
#2654=CARTESIAN_POINT('',(0.00871140533929063,-0.0336443931956599,-0.0018288));
#2655=CARTESIAN_POINT('',(-0.0158163341580906,-0.0333168171418608,-0.0018288));
#2656=CARTESIAN_POINT('',(-0.0158163341580905,-0.0333168171418609,-0.0018288));
#2657=CARTESIAN_POINT('',(-0.0158163341580905,-0.0333168171418609,-2.81892564846231E-18));
#2658=CARTESIAN_POINT('',(-0.0170100195476829,-0.0332139987719753,-0.0018288));
#2659=CARTESIAN_POINT('',(-0.0170100195476829,-0.0332139987719753,-2.81892564846231E-18));
#2660=CARTESIAN_POINT('',(-0.0194933582296942,-0.0328917162554503,-0.0018288));
#2661=CARTESIAN_POINT('',(-0.0194933582296942,-0.0328917162554503,-3.25260651745651E-18));
#2662=CARTESIAN_POINT('',(-0.0231794682566492,-0.0321571966219587,-0.0018288));
#2663=CARTESIAN_POINT('',(-0.0231794682566492,-0.0321571966219587,-2.60208521396521E-18));
#2664=CARTESIAN_POINT('',(-0.0263647359018856,-0.0312084767360809,-0.0018288));
#2665=CARTESIAN_POINT('',(-0.0263647359018856,-0.0312084767360809,-2.38524477946811E-18));
#2666=CARTESIAN_POINT('',(-0.0285332060814461,-0.0303279974975344,-0.0018288));
#2667=CARTESIAN_POINT('',(-0.0285332060814461,-0.0303279974975344,-3.25260651745651E-18));
#2668=CARTESIAN_POINT('',(-0.030066015515463,-0.0296309029898799,-0.0018288));
#2669=CARTESIAN_POINT('',(-0.030066015515463,-0.0296309029898799,-3.25260651745651E-18));
#2670=CARTESIAN_POINT('',(-0.0311072418064001,-0.0291396531665436,-0.0018288));
#2671=CARTESIAN_POINT('',(-0.0311072418064001,-0.0291396531665436,-3.03576608295941E-18));
#2672=CARTESIAN_POINT('',(-0.032194557724309,-0.0286271795224734,-0.0018288));
#2673=CARTESIAN_POINT('',(-0.032194557724309,-0.0286271795224734,-2.60208521396521E-18));
#2674=CARTESIAN_POINT('',(-0.0334016300846952,-0.028029950105828,-0.0018288));
#2675=CARTESIAN_POINT('',(-0.0334016300846952,-0.028029950105828,-2.38524477946811E-18));
#2676=CARTESIAN_POINT('',(-0.0346798123530235,-0.0273377436318274,-0.0018288));
#2677=CARTESIAN_POINT('',(-0.0346798123530235,-0.0273377436318274,-2.60208521396521E-18));
#2678=CARTESIAN_POINT('',(-0.0360145258166752,-0.0265164115915083,-0.0018288));
#2679=CARTESIAN_POINT('',(-0.0360145258166752,-0.0265164115915083,-3.03576608295941E-18));
#2680=CARTESIAN_POINT('',(-0.0373706632492303,-0.025543651525729,-0.0018288));
#2681=CARTESIAN_POINT('',(-0.0373706632492303,-0.025543651525729,-3.03576608295941E-18));
#2682=CARTESIAN_POINT('',(-0.0391806629472702,-0.0239685305749182,-0.0018288));
#2683=CARTESIAN_POINT('',(-0.0391806629472702,-0.0239685305749182,-3.03576608295941E-18));
#2684=CARTESIAN_POINT('',(-0.0410280318902465,-0.0218307313649658,-0.0018288));
#2685=CARTESIAN_POINT('',(-0.0410280318902465,-0.0218307313649658,-3.03576608295941E-18));
#2686=CARTESIAN_POINT('',(-0.0427788815715135,-0.0192160903628473,-0.0018288));
#2687=CARTESIAN_POINT('',(-0.0427788815715135,-0.0192160903628473,-3.03576608295941E-18));
#2688=CARTESIAN_POINT('',(-0.044143749176294,-0.0167011313866176,-0.0018288));
#2689=CARTESIAN_POINT('',(-0.044143749176294,-0.0167011313866176,-2.38524477946811E-18));
#2690=CARTESIAN_POINT('',(-0.0451547584365628,-0.0145019852522407,-0.0018288));
#2691=CARTESIAN_POINT('',(-0.0451547584365628,-0.0145019852522407,-3.03576608295941E-18));
#2692=CARTESIAN_POINT('',(-0.0458416034355642,-0.0129417623435354,-0.0018288));
#2693=CARTESIAN_POINT('',(-0.0458416034355642,-0.0129417623435354,-1.73472347597681E-18));
#2694=CARTESIAN_POINT('',(-0.0463506890194813,-0.0118867393166423,-0.0018288));
#2695=CARTESIAN_POINT('',(-0.0463506890194813,-0.0118867393166423,-3.68628738645072E-18));
#2696=CARTESIAN_POINT('',(-0.0469004290862848,-0.0107649265840293,-0.0018288));
#2697=CARTESIAN_POINT('',(-0.0469004290862848,-0.0107649265840293,-2.60208521396521E-18));
#2698=CARTESIAN_POINT('',(-0.0474074310608967,-0.00954045181244595,-0.0018288));
#2699=CARTESIAN_POINT('',(-0.0474074310608967,-0.00954045181244595,-2.38524477946811E-18));
#2700=CARTESIAN_POINT('',(-0.0477572462204041,-0.00825780888816035,-0.0018288));
#2701=CARTESIAN_POINT('',(-0.0477572462204041,-0.00825780888816035,-2.60208521396521E-18));
#2702=CARTESIAN_POINT('',(-0.0479321314179741,-0.00708379972303329,-0.0018288));
#2703=CARTESIAN_POINT('',(-0.0479321314179741,-0.00708379972303329,-3.46944695195361E-18));
#2704=CARTESIAN_POINT('',(-0.0479250735291801,-0.00568330846397909,-0.0018288));
#2705=CARTESIAN_POINT('',(-0.0479250735291801,-0.00568330846397909,-3.03576608295941E-18));
#2706=CARTESIAN_POINT('',(-0.0475556970416629,-0.00404169518226683,-0.0018288));
#2707=CARTESIAN_POINT('',(-0.0475556970416629,-0.00404169518226683,-2.81892564846231E-18));
#2708=CARTESIAN_POINT('',(-0.0468421246458893,-0.00261653512394927,-0.0018288));
#2709=CARTESIAN_POINT('',(-0.0468421246458893,-0.00261653512394927,-3.25260651745651E-18));
#2710=CARTESIAN_POINT('',(-0.046011467076541,-0.00154163237325989,-0.0018288));
#2711=CARTESIAN_POINT('',(-0.046011467076541,-0.00154163237325989,-2.38524477946811E-18));
#2712=CARTESIAN_POINT('',(-0.0451658609321338,-0.000730700551405198,-0.0018288));
#2713=CARTESIAN_POINT('',(-0.0451658609321338,-0.000730700551405198,-3.03576608295941E-18));
#2714=CARTESIAN_POINT('',(-0.0440787148455856,9.62289671381562E-5,-0.0018288));
#2715=CARTESIAN_POINT('',(-0.0440787148455856,9.62289671381562E-5,-1.95156391047391E-18));
#2716=CARTESIAN_POINT('',(-0.0428151933569195,0.000820042241341126,-0.0018288));
#2717=CARTESIAN_POINT('',(-0.0428151933569195,0.000820042241341126,-2.60208521396521E-18));
#2718=CARTESIAN_POINT('',(-0.0414197495103617,0.00146225558606954,-0.0018288));
#2719=CARTESIAN_POINT('',(-0.0414197495103617,0.00146225558606954,-2.81892564846231E-18));
#2720=CARTESIAN_POINT('',(-0.0397347746244498,0.00215370738245492,-0.0018288));
#2721=CARTESIAN_POINT('',(-0.0397347746244498,0.00215370738245492,-3.46944695195361E-18));
#2722=CARTESIAN_POINT('',(-0.0376017308521977,0.00295048231608281,-0.0018288));
#2723=CARTESIAN_POINT('',(-0.0376017308521977,0.00295048231608281,-2.81892564846231E-18));
#2724=CARTESIAN_POINT('',(-0.0350934817437309,0.0038156843879423,-0.0018288));
#2725=CARTESIAN_POINT('',(-0.0350934817437309,0.0038156843879423,-3.25260651745651E-18));
#2726=CARTESIAN_POINT('',(-0.0328266211709614,0.00459708057638485,-0.0018288));
#2727=CARTESIAN_POINT('',(-0.0328266211709614,0.00459708057638485,-2.60208521396521E-18));
#2728=CARTESIAN_POINT('',(-0.0305128482916704,0.00540775662096824,-0.0018288));
#2729=CARTESIAN_POINT('',(-0.0305128482916704,0.00540775662096824,-2.60208521396521E-18));
#2730=CARTESIAN_POINT('',(-0.0279294940661674,0.00620438100978207,-0.0018288));
#2731=CARTESIAN_POINT('',(-0.0279294940661674,0.00620438100978207,-2.38524477946811E-18));
#2732=CARTESIAN_POINT('',(-0.0249608573683817,0.00688361324159954,-0.0018288));
#2733=CARTESIAN_POINT('',(-0.0249608573683817,0.00688361324159954,-3.03576608295941E-18));
#2734=CARTESIAN_POINT('',(-0.0218440994204943,0.00736132949626494,-0.0018288));
#2735=CARTESIAN_POINT('',(-0.0218440994204943,0.00736132949626494,-2.60208521396521E-18));
#2736=CARTESIAN_POINT('',(-0.0186632329090813,0.00768400619593926,-0.0018288));
#2737=CARTESIAN_POINT('',(-0.0186632329090813,0.00768400619593926,-3.25260651745651E-18));
#2738=CARTESIAN_POINT('',(-0.0154828995920691,0.00785650288383967,-0.0018288));
#2739=CARTESIAN_POINT('',(-0.0154828995920691,0.00785650288383967,-3.25260651745651E-18));
#2740=CARTESIAN_POINT('',(-0.012517126523506,0.00788989967252792,-0.0018288));
#2741=CARTESIAN_POINT('',(-0.012517126523506,0.00788989967252792,-2.38524477946811E-18));
#2742=CARTESIAN_POINT('',(-0.0103551632317447,0.00788273700417755,-0.0018288));
#2743=CARTESIAN_POINT('',(-0.0103551632317447,0.00788273700417755,-2.81892564846231E-18));
#2744=CARTESIAN_POINT('',(-0.00884083624169834,0.00789696468920223,-0.0018288));
#2745=CARTESIAN_POINT('',(-0.00884083624169834,0.00789696468920223,-3.03576608295941E-18));
#2746=CARTESIAN_POINT('',(-0.00787788526471444,0.00792473182132771,-0.0018288));
#2747=CARTESIAN_POINT('',(-0.00787788526471444,0.00792473182132771,-2.60208521396521E-18));
#2748=CARTESIAN_POINT('',(-0.00693045774933197,0.00797862784042163,-0.0018288));
#2749=CARTESIAN_POINT('',(-0.00693045774933197,0.00797862784042163,-3.68628738645072E-18));
#2750=CARTESIAN_POINT('',(-0.0054630646464305,0.00806486041727484,-0.0018288));
#2751=CARTESIAN_POINT('',(-0.0054630646464305,0.00806486041727484,-2.38524477946811E-18));
#2752=CARTESIAN_POINT('',(-0.00410344786495383,0.00809334470237487,-0.0018288));
#2753=CARTESIAN_POINT('',(-0.00410344786495383,0.00809334470237487,-2.81892564846231E-18));
#2754=CARTESIAN_POINT('',(-0.0030835638768856,0.00804392606208003,-0.0018288));
#2755=CARTESIAN_POINT('',(-0.0030835638768856,0.00804392606208003,-2.81892564846231E-18));
#2756=CARTESIAN_POINT('',(-0.00308356387688555,0.00804392606208002,-0.0018288));
#2757=CARTESIAN_POINT('',(-0.00308356387688527,0.00804392606208024,-0.0018288));
#2758=CARTESIAN_POINT('',(-0.00308356387688527,0.00804392606208024,-8.23993651088983E-18));
#2759=CARTESIAN_POINT('',(-0.00343212548887519,0.00857201231284108,-0.0018288));
#2760=CARTESIAN_POINT('',(-0.00343212548887519,0.00857201231284108,-8.23993651088983E-18));
#2761=CARTESIAN_POINT('',(-0.0041290760985267,0.00967125879557889,-0.0018288));
#2762=CARTESIAN_POINT('',(-0.0041290760985267,0.00967125879557889,-8.67361737988404E-18));
#2763=CARTESIAN_POINT('',(-0.00513091242027285,0.0116354922816545,-0.0018288));
#2764=CARTESIAN_POINT('',(-0.00513091242027285,0.0116354922816545,-8.23993651088983E-18));
#2765=CARTESIAN_POINT('',(-0.00585705558955448,0.0137716052495754,-0.0018288));
#2766=CARTESIAN_POINT('',(-0.00585705558955448,0.0137716052495754,-8.02309607639273E-18));
#2767=CARTESIAN_POINT('',(-0.00640074354823459,0.0165841119839269,-0.0018288));
#2768=CARTESIAN_POINT('',(-0.00640074354823459,0.0165841119839269,-8.67361737988404E-18));
#2769=CARTESIAN_POINT('',(-0.00642855609035194,0.0199950201096806,-0.0018288));
#2770=CARTESIAN_POINT('',(-0.00642855609035194,0.0199950201096806,-7.80625564189563E-18));
#2771=CARTESIAN_POINT('',(-0.00558080373443793,0.0234222325573093,-0.0018288));
#2772=CARTESIAN_POINT('',(-0.00558080373443793,0.0234222325573093,-8.02309607639273E-18));
#2773=CARTESIAN_POINT('',(-0.0044016213100912,0.0259446243001969,-0.0018288));
#2774=CARTESIAN_POINT('',(-0.0044016213100912,0.0259446243001969,-7.58941520739853E-18));
#2775=CARTESIAN_POINT('',(-0.00347170008785159,0.0275536511272953,-0.0018288));
#2776=CARTESIAN_POINT('',(-0.00347170008785159,0.0275536511272953,-8.89045781438114E-18));
#2777=CARTESIAN_POINT('',(-0.00270529126872022,0.0287467825961858,-0.0018288));
#2778=CARTESIAN_POINT('',(-0.00270529126872022,0.0287467825961858,-8.45677694538693E-18));
#2779=CARTESIAN_POINT('',(-0.00215657644492431,0.0295763559843513,-0.0018288));
#2780=CARTESIAN_POINT('',(-0.00215657644492431,0.0295763559843513,-8.02309607639273E-18));
#2781=CARTESIAN_POINT('',(-0.00161987354832154,0.0303888674290168,-0.0018288));
#2782=CARTESIAN_POINT('',(-0.00161987354832154,0.0303888674290168,-8.89045781438114E-18));
#2783=CARTESIAN_POINT('',(-0.000682203953054997,0.031735152852506,-0.0018288));
#2784=CARTESIAN_POINT('',(-0.000682203953054997,0.031735152852506,-8.23993651088983E-18));
#2785=CARTESIAN_POINT('',(0.00079702145029026,0.0332547477915723,-0.0018288));
#2786=CARTESIAN_POINT('',(0.00079702145029026,0.0332547477915723,-9.10729824887824E-18));
#2787=CARTESIAN_POINT('',(0.00231952821034796,0.0343404221811292,-0.0018288));
#2788=CARTESIAN_POINT('',(0.00231952821034796,0.0343404221811292,-7.80625564189563E-18));
#2789=CARTESIAN_POINT('',(0.0040252903841302,0.0352709906617424,-0.0018288));
#2790=CARTESIAN_POINT('',(0.0040252903841302,0.0352709906617424,-8.23993651088983E-18));
#2791=CARTESIAN_POINT('',(0.00610022291622613,0.0360385597715475,-0.0018288));
#2792=CARTESIAN_POINT('',(0.00610022291622613,0.0360385597715475,-8.02309607639273E-18));
#2793=CARTESIAN_POINT('',(0.00860558632100401,0.036685788218948,-0.0018288));
#2794=CARTESIAN_POINT('',(0.00860558632100401,0.036685788218948,-8.23993651088983E-18));
#2795=CARTESIAN_POINT('',(0.0110496890032661,0.0371232362887488,-0.0018288));
#2796=CARTESIAN_POINT('',(0.0110496890032661,0.0371232362887488,-7.58941520739853E-18));
#2797=CARTESIAN_POINT('',(0.0133111827078381,0.0373882375773787,-0.0018288));
#2798=CARTESIAN_POINT('',(0.0133111827078381,0.0373882375773787,-8.45677694538693E-18));
#2799=CARTESIAN_POINT('',(0.015321676527616,0.0375010264810496,-0.0018288));
#2800=CARTESIAN_POINT('',(0.015321676527616,0.0375010264810496,-8.45677694538693E-18));
#2801=CARTESIAN_POINT('',(0.0173211579796774,0.037417885935419,-0.0018288));
#2802=CARTESIAN_POINT('',(0.0173211579796774,0.037417885935419,-7.80625564189563E-18));
#2803=CARTESIAN_POINT('',(0.0192497528332325,0.0370804606018185,-0.0018288));
#2804=CARTESIAN_POINT('',(0.0192497528332325,0.0370804606018185,-8.45677694538693E-18));
#2805=CARTESIAN_POINT('',(0.0210303352281054,0.0365628304150251,-0.0018288));
#2806=CARTESIAN_POINT('',(0.0210303352281054,0.0365628304150251,-8.02309607639273E-18));
#2807=CARTESIAN_POINT('',(0.0228649735969111,0.0358361203119843,-0.0018288));
#2808=CARTESIAN_POINT('',(0.0228649735969111,0.0358361203119843,-7.80625564189563E-18));
#2809=CARTESIAN_POINT('',(0.0246881414978103,0.0348897272417147,-0.0018288));
#2810=CARTESIAN_POINT('',(0.0246881414978103,0.0348897272417147,-9.10729824887824E-18));
#2811=CARTESIAN_POINT('',(0.0264873150375061,0.0336426314861222,-0.0018288));
#2812=CARTESIAN_POINT('',(0.0264873150375061,0.0336426314861222,-7.58941520739853E-18));
#2813=CARTESIAN_POINT('',(0.0279244873460813,0.0323753902804438,-0.0018288));
#2814=CARTESIAN_POINT('',(0.0279244873460813,0.0323753902804438,-8.67361737988404E-18));
#2815=CARTESIAN_POINT('',(0.0289257084971037,0.0313698637309494,-0.0018288));
#2816=CARTESIAN_POINT('',(0.0289257084971037,0.0313698637309494,-7.58941520739853E-18));
#2817=CARTESIAN_POINT('',(0.0296134655627827,0.0306466710294298,-0.0018288));
#2818=CARTESIAN_POINT('',(0.0296134655627827,0.0306466710294298,-9.32413868337534E-18));
#2819=CARTESIAN_POINT('',(0.0302640927807054,0.0299587891524131,-0.0018288));
#2820=CARTESIAN_POINT('',(0.0302640927807054,0.0299587891524131,-6.93889390390723E-18));
#2821=CARTESIAN_POINT('',(0.0313851509197087,0.0287165895258597,-0.0018288));
#2822=CARTESIAN_POINT('',(0.0313851509197087,0.0287165895258597,-9.10729824887824E-18));
#2823=CARTESIAN_POINT('',(0.0325576252941812,0.0268108796878746,-0.0018288));
#2824=CARTESIAN_POINT('',(0.0325576252941812,0.0268108796878746,-8.89045781438114E-18));
#2825=CARTESIAN_POINT('',(0.0332261007732099,0.0249321661077466,-0.0018288));
#2826=CARTESIAN_POINT('',(0.0332261007732099,0.0249321661077466,-8.45677694538693E-18));
#2827=CARTESIAN_POINT('',(0.0334316862893052,0.0238980908501298,-0.0018288));
#2828=CARTESIAN_POINT('',(0.0334316862893052,0.0238980908501298,-8.23993651088983E-18));
#2829=CARTESIAN_POINT('',(0.033497780804375,0.0234349557263265,-0.0018288));
#2830=CARTESIAN_POINT('',(0.033497780804375,0.0234349557263265,-8.23993651088983E-18));
#2831=CARTESIAN_POINT('',(0.033497780804375,0.0234349557263264,-0.0018288));
#2832=CARTESIAN_POINT('',(0.033497780804375,0.0234349557263264,-0.0018288));
#2833=CARTESIAN_POINT('',(0.033497780804375,0.0234349557263264,0.));
#2834=CARTESIAN_POINT('',(0.0343060665592007,0.0234392742392785,-0.0018288));
#2835=CARTESIAN_POINT('',(0.0343060665592007,0.0234392742392785,-2.16840434497101E-19));
#2836=CARTESIAN_POINT('',(0.0359887142207979,0.0234164499816506,-0.0018288));
#2837=CARTESIAN_POINT('',(0.0359887142207979,0.0234164499816506,2.16840434497101E-19));
#2838=CARTESIAN_POINT('',(0.0380802043577464,0.0232868888848808,-0.0018288));
#2839=CARTESIAN_POINT('',(0.0380802043577464,0.0232868888848808,-4.33680868994202E-19));
#2840=CARTESIAN_POINT('',(0.0397061658292749,0.023085913381238,-0.0018288));
#2841=CARTESIAN_POINT('',(0.0397061658292749,0.023085913381238,4.33680868994202E-19));
#2842=CARTESIAN_POINT('',(0.0409179777937788,0.0228635901391359,-0.0018288));
#2843=CARTESIAN_POINT('',(0.0409179777937788,0.0228635901391359,-6.50521303491303E-19));
#2844=CARTESIAN_POINT('',(0.0422658260211452,0.0224817738537382,-0.0018288));
#2845=CARTESIAN_POINT('',(0.0422658260211452,0.0224817738537382,4.33680868994202E-19));
#2846=CARTESIAN_POINT('',(0.0437567577678547,0.0217768201570143,-0.0018288));
#2847=CARTESIAN_POINT('',(0.0437567577678547,0.0217768201570143,2.16840434497101E-19));
#2848=CARTESIAN_POINT('',(0.0451987089924592,0.0206058538228837,-0.0018288));
#2849=CARTESIAN_POINT('',(0.0451987089924592,0.0206058538228837,-2.16840434497101E-19));
#2850=CARTESIAN_POINT('',(0.0461961974185778,0.0192036808725274,-0.0018288));
#2851=CARTESIAN_POINT('',(0.0461961974185778,0.0192036808725274,-6.50521303491303E-19));
#2852=CARTESIAN_POINT('',(0.0466821764893813,0.0181058380704954,-0.0018288));
#2853=CARTESIAN_POINT('',(0.0466821764893813,0.0181058380704954,1.0842021724855E-18));
#2854=CARTESIAN_POINT('',(0.0469240032403341,0.0174267922432557,-0.0018288));
#2855=CARTESIAN_POINT('',(0.0469240032403341,0.0174267922432557,-4.33680868994202E-19));
#2856=CARTESIAN_POINT('',(0.0471552418679887,0.0166690276202578,-0.0018288));
#2857=CARTESIAN_POINT('',(0.0471552418679887,0.0166690276202578,-2.16840434497101E-19));
#2858=CARTESIAN_POINT('',(0.0474050517848216,0.0156666711962749,-0.0018288));
#2859=CARTESIAN_POINT('',(0.0474050517848216,0.0156666711962749,6.50521303491303E-19));
#2860=CARTESIAN_POINT('',(0.0476327276880636,0.014335432133335,-0.0018288));
#2861=CARTESIAN_POINT('',(0.0476327276880636,0.014335432133335,-4.33680868994202E-19));
#2862=CARTESIAN_POINT('',(0.0477687097543075,0.0129887302983187,-0.0018288));
#2863=CARTESIAN_POINT('',(0.0477687097543075,0.0129887302983187,6.50521303491303E-19));
#2864=CARTESIAN_POINT('',(0.0477096918115959,0.0113738068183697,-0.0018288));
#2865=CARTESIAN_POINT('',(0.0477096918115959,0.0113738068183697,-2.16840434497101E-19));
#2866=CARTESIAN_POINT('',(0.0474271344459537,0.00988227829647448,-0.0018288));
#2867=CARTESIAN_POINT('',(0.0474271344459537,0.00988227829647448,-2.16840434497101E-19));
#2868=CARTESIAN_POINT('',(0.0467052756788157,0.00817159948792187,-0.0018288));
#2869=CARTESIAN_POINT('',(0.0467052756788157,0.00817159948792187,4.33680868994202E-19));
#2870=CARTESIAN_POINT('',(0.0456162958912849,0.0068031438715244,-0.0018288));
#2871=CARTESIAN_POINT('',(0.0456162958912849,0.0068031438715244,-2.16840434497101E-19));
#2872=CARTESIAN_POINT('',(0.0445189678884953,0.00592138201832348,-0.0018288));
#2873=CARTESIAN_POINT('',(0.0445189678884953,0.00592138201832348,-2.16840434497101E-19));
#2874=CARTESIAN_POINT('',(0.0434321543458919,0.00526474260566841,-0.0018288));
#2875=CARTESIAN_POINT('',(0.0434321543458919,0.00526474260566841,6.50521303491303E-19));
#2876=CARTESIAN_POINT('',(0.0421866318936995,0.00476683774086759,-0.0018288));
#2877=CARTESIAN_POINT('',(0.0421866318936995,0.00476683774086759,-6.50521303491303E-19));
#2878=CARTESIAN_POINT('',(0.0408256888513515,0.00442606109149855,-0.0018288));
#2879=CARTESIAN_POINT('',(0.0408256888513515,0.00442606109149855,4.33680868994202E-19));
#2880=CARTESIAN_POINT('',(0.0390978338956315,0.00416900125911071,-0.0018288));
#2881=CARTESIAN_POINT('',(0.0390978338956315,0.00416900125911071,-6.50521303491303E-19));
#2882=CARTESIAN_POINT('',(0.0370224818387144,0.00408274247109022,-0.0018288));
#2883=CARTESIAN_POINT('',(0.0370224818387144,0.00408274247109022,0.));
#2884=CARTESIAN_POINT('',(0.0345776433730684,0.00418325551325483,-0.0018288));
#2885=CARTESIAN_POINT('',(0.0345776433730684,0.00418325551325483,-2.16840434497101E-19));
#2886=CARTESIAN_POINT('',(0.0330171198952436,0.0043417729020131,-0.0018288));
#2887=CARTESIAN_POINT('',(0.0330171198952436,0.0043417729020131,-2.16840434497101E-19));
#2888=CARTESIAN_POINT('',(0.0322825743109711,0.00443295267606161,-0.0018288));
#2889=CARTESIAN_POINT('',(0.0322825743109711,0.00443295267606161,-2.16840434497101E-19));
#2890=CARTESIAN_POINT('',(0.032282574310971,0.00443295267606161,-0.0018288));
#2891=CARTESIAN_POINT('',(0.0244766069410252,0.00698812764713927,-0.00182880000000001));
#2892=CARTESIAN_POINT('',(0.0313223879640892,0.0024471946429565,-0.0018288));
#2893=CARTESIAN_POINT('',(0.0313223879640892,0.00244719464295643,-0.0018288));
#2894=CARTESIAN_POINT('',(0.0313223879640892,0.00244719464295643,0.));
#2895=CARTESIAN_POINT('',(0.0316190864169578,0.00183227600743377,-0.0018288));
#2896=CARTESIAN_POINT('',(0.0316190864169578,0.00183227600743377,0.));
#2897=CARTESIAN_POINT('',(0.0321335606782936,0.000716208367139697,-0.0018288));
#2898=CARTESIAN_POINT('',(0.0321335606782936,0.000716208367139697,6.50521303491303E-19));
#2899=CARTESIAN_POINT('',(0.0327168664843688,-0.00121988800393239,-0.0018288));
#2900=CARTESIAN_POINT('',(0.0327168664843688,-0.00121988800393239,2.16840434497101E-19));
#2901=CARTESIAN_POINT('',(0.033092326500791,-0.00330895570668501,-0.0018288));
#2902=CARTESIAN_POINT('',(0.033092326500791,-0.00330895570668501,-4.33680868994202E-19));
#2903=CARTESIAN_POINT('',(0.0331850949830059,-0.00573382776960771,-0.0018288));
#2904=CARTESIAN_POINT('',(0.0331850949830059,-0.00573382776960771,0.));
#2905=CARTESIAN_POINT('',(0.0329971610189661,-0.00848194194067667,-0.0018288));
#2906=CARTESIAN_POINT('',(0.0329971610189661,-0.00848194194067667,-6.50521303491303E-19));
#2907=CARTESIAN_POINT('',(0.0326300693438676,-0.0111536671863071,-0.0018288));
#2908=CARTESIAN_POINT('',(0.0326300693438676,-0.0111536671863071,-2.16840434497101E-19));
#2909=CARTESIAN_POINT('',(0.0319888842474026,-0.0139676856200013,-0.0018288));
#2910=CARTESIAN_POINT('',(0.0319888842474026,-0.0139676856200013,1.30104260698261E-18));
#2911=CARTESIAN_POINT('',(0.0309333831790848,-0.016869491214115,-0.0018288));
#2912=CARTESIAN_POINT('',(0.0309333831790848,-0.016869491214115,-2.16840434497101E-19));
#2913=CARTESIAN_POINT('',(0.0295210492762627,-0.0195360951762895,-0.0018288));
#2914=CARTESIAN_POINT('',(0.0295210492762627,-0.0195360951762895,6.50521303491303E-19));
#2915=CARTESIAN_POINT('',(0.0278914799183966,-0.021941546199632,-0.0018288));
#2916=CARTESIAN_POINT('',(0.0278914799183966,-0.021941546199632,-4.33680868994202E-19));
#2917=CARTESIAN_POINT('',(0.0261639067602097,-0.024102479685911,-0.0018288));
#2918=CARTESIAN_POINT('',(0.0261639067602097,-0.024102479685911,0.));
#2919=CARTESIAN_POINT('',(0.0240730197421239,-0.026280754271341,-0.0018288));
#2920=CARTESIAN_POINT('',(0.0240730197421239,-0.026280754271341,6.50521303491303E-19));
#2921=CARTESIAN_POINT('',(0.0215040802542979,-0.0283126017817436,-0.0018288));
#2922=CARTESIAN_POINT('',(0.0215040802542979,-0.0283126017817436,-1.0842021724855E-18));
#2923=CARTESIAN_POINT('',(0.0184365467017196,-0.0299799166180515,-0.0018288));
#2924=CARTESIAN_POINT('',(0.0184365467017196,-0.0299799166180515,4.33680868994202E-19));
#2925=CARTESIAN_POINT('',(0.0154000220025969,-0.0311410949323987,-0.0018288));
#2926=CARTESIAN_POINT('',(0.0154000220025969,-0.0311410949323987,0.));
#2927=CARTESIAN_POINT('',(0.012445458550049,-0.0319676888755032,-0.0018288));
#2928=CARTESIAN_POINT('',(0.012445458550049,-0.0319676888755032,0.));
#2929=CARTESIAN_POINT('',(0.0106468071112894,-0.0323082660235859,-0.0018288));
#2930=CARTESIAN_POINT('',(0.0106468071112894,-0.0323082660235859,0.));
#2931=CARTESIAN_POINT('',(0.00975391611172241,-0.0324331856235458,-0.0018288));
#2932=CARTESIAN_POINT('',(0.00975391611172241,-0.0324331856235458,0.));
#2933=MECHANICAL_DESIGN_GEOMETRIC_PRESENTATION_REPRESENTATION('',(#332),
#2934);
#2934=(
GEOMETRIC_REPRESENTATION_CONTEXT(3)
GLOBAL_UNCERTAINTY_ASSIGNED_CONTEXT((#2935))
GLOBAL_UNIT_ASSIGNED_CONTEXT((#2938,#2937,#2936))
REPRESENTATION_CONTEXT('Part 1','TOP_LEVEL_ASSEMBLY_PART')
);
#2935=UNCERTAINTY_MEASURE_WITH_UNIT(LENGTH_MEASURE(2.E-5),#2938,
'DISTANCE_ACCURACY_VALUE','Maximum Tolerance applied to model');
#2936=(
NAMED_UNIT(*)
SI_UNIT($,.STERADIAN.)
SOLID_ANGLE_UNIT()
);
#2937=(
NAMED_UNIT(*)
PLANE_ANGLE_UNIT()
SI_UNIT($,.RADIAN.)
);
#2938=(
LENGTH_UNIT()
NAMED_UNIT(*)
SI_UNIT($,.METRE.)
);
#2939=PRODUCT_DEFINITION_SHAPE('','',#2940);
#2940=PRODUCT_DEFINITION('','',#2942,#2941);
#2941=PRODUCT_DEFINITION_CONTEXT('',#2948,'design');
#2942=PRODUCT_DEFINITION_FORMATION_WITH_SPECIFIED_SOURCE('','',#2944,
 .NOT_KNOWN.);
#2943=PRODUCT_RELATED_PRODUCT_CATEGORY('','',(#2944));
#2944=PRODUCT('Part 1','Part 1','Part 1',(#2946));
#2945=PRODUCT_CATEGORY('','');
#2946=PRODUCT_CONTEXT('',#2948,'mechanical');
#2947=APPLICATION_PROTOCOL_DEFINITION('international standard',
'ap242_managed_model_based_3d_engineering',2020,#2948);
#2948=APPLICATION_CONTEXT('managed model based 3d engineering');
ENDSEC;
END-ISO-10303-21;
