ISO-10303-21;
HEADER;
/* Generated by software containing ST-Developer
 * from STEP Tools, Inc. (www.steptools.com) 
 */
/* OPTION: using custom renumber hook */

FILE_DESCRIPTION(
/* description */ ('STEP AP242 Edition 2',
'CAx-IF Rec.Pracs.---Representation and Presentation of Product Manufa
cturing Information (PMI)---4.0---2014-10-13',
'CAx-IF Rec.Pracs.---3D Tessellated Geometry---0.4---2014-09-14','2;1',
'CAx-IF Rec.Pracs.---User Defined Attributes---1.5---2016-08-15'),
/* implementation_level */ '2;1');

FILE_NAME(
/* name */ 'Part Studio 1',
/* time_stamp */ '2026-10-05T23:19:34Z',
/* author */ (''),
/* organization */ (''),
/* preprocessor_version */ 'ST-DEVELOPER v20',
/* originating_system */ 'ONSHAPE BY PTC INC, 1.221',
/* authorisation */ '  ');

FILE_SCHEMA (('AP242_MANAGED_MODEL_BASED_3D_ENGINEERING_MIM_LF { 1 0 10303 442 3 1 4 }'));
ENDSEC;

DATA;
#10=SHAPE_REPRESENTATION_RELATIONSHIP('','',#1490,#11);
#11=ADVANCED_BREP_SHAPE_REPRESENTATION('',(#1488),#2336);
#12=ORIENTED_EDGE('',*,*,#426,.T.);
#13=ORIENTED_EDGE('',*,*,#427,.T.);
#14=ORIENTED_EDGE('',*,*,#428,.F.);
#15=ORIENTED_EDGE('',*,*,#429,.F.);
#16=ORIENTED_EDGE('',*,*,#430,.T.);
#17=ORIENTED_EDGE('',*,*,#431,.T.);
#18=ORIENTED_EDGE('',*,*,#426,.F.);
#19=ORIENTED_EDGE('',*,*,#432,.F.);
#20=ORIENTED_EDGE('',*,*,#433,.T.);
#21=ORIENTED_EDGE('',*,*,#434,.T.);
#22=ORIENTED_EDGE('',*,*,#430,.F.);
#23=ORIENTED_EDGE('',*,*,#435,.F.);
#24=ORIENTED_EDGE('',*,*,#436,.T.);
#25=ORIENTED_EDGE('',*,*,#437,.T.);
#26=ORIENTED_EDGE('',*,*,#433,.F.);
#27=ORIENTED_EDGE('',*,*,#438,.F.);
#28=ORIENTED_EDGE('',*,*,#439,.T.);
#29=ORIENTED_EDGE('',*,*,#440,.T.);
#30=ORIENTED_EDGE('',*,*,#436,.F.);
#31=ORIENTED_EDGE('',*,*,#441,.F.);
#32=ORIENTED_EDGE('',*,*,#442,.T.);
#33=ORIENTED_EDGE('',*,*,#443,.T.);
#34=ORIENTED_EDGE('',*,*,#439,.F.);
#35=ORIENTED_EDGE('',*,*,#444,.F.);
#36=ORIENTED_EDGE('',*,*,#445,.T.);
#37=ORIENTED_EDGE('',*,*,#446,.T.);
#38=ORIENTED_EDGE('',*,*,#442,.F.);
#39=ORIENTED_EDGE('',*,*,#447,.F.);
#40=ORIENTED_EDGE('',*,*,#448,.T.);
#41=ORIENTED_EDGE('',*,*,#449,.T.);
#42=ORIENTED_EDGE('',*,*,#445,.F.);
#43=ORIENTED_EDGE('',*,*,#450,.F.);
#44=ORIENTED_EDGE('',*,*,#451,.T.);
#45=ORIENTED_EDGE('',*,*,#452,.T.);
#46=ORIENTED_EDGE('',*,*,#448,.F.);
#47=ORIENTED_EDGE('',*,*,#453,.F.);
#48=ORIENTED_EDGE('',*,*,#454,.T.);
#49=ORIENTED_EDGE('',*,*,#455,.T.);
#50=ORIENTED_EDGE('',*,*,#451,.F.);
#51=ORIENTED_EDGE('',*,*,#456,.F.);
#52=ORIENTED_EDGE('',*,*,#457,.T.);
#53=ORIENTED_EDGE('',*,*,#458,.T.);
#54=ORIENTED_EDGE('',*,*,#454,.F.);
#55=ORIENTED_EDGE('',*,*,#459,.F.);
#56=ORIENTED_EDGE('',*,*,#460,.T.);
#57=ORIENTED_EDGE('',*,*,#461,.T.);
#58=ORIENTED_EDGE('',*,*,#457,.F.);
#59=ORIENTED_EDGE('',*,*,#462,.F.);
#60=ORIENTED_EDGE('',*,*,#463,.T.);
#61=ORIENTED_EDGE('',*,*,#464,.T.);
#62=ORIENTED_EDGE('',*,*,#460,.F.);
#63=ORIENTED_EDGE('',*,*,#465,.F.);
#64=ORIENTED_EDGE('',*,*,#466,.T.);
#65=ORIENTED_EDGE('',*,*,#467,.T.);
#66=ORIENTED_EDGE('',*,*,#463,.F.);
#67=ORIENTED_EDGE('',*,*,#468,.F.);
#68=ORIENTED_EDGE('',*,*,#469,.T.);
#69=ORIENTED_EDGE('',*,*,#470,.T.);
#70=ORIENTED_EDGE('',*,*,#466,.F.);
#71=ORIENTED_EDGE('',*,*,#471,.F.);
#72=ORIENTED_EDGE('',*,*,#472,.T.);
#73=ORIENTED_EDGE('',*,*,#473,.T.);
#74=ORIENTED_EDGE('',*,*,#469,.F.);
#75=ORIENTED_EDGE('',*,*,#474,.F.);
#76=ORIENTED_EDGE('',*,*,#475,.T.);
#77=ORIENTED_EDGE('',*,*,#476,.T.);
#78=ORIENTED_EDGE('',*,*,#472,.F.);
#79=ORIENTED_EDGE('',*,*,#477,.F.);
#80=ORIENTED_EDGE('',*,*,#478,.T.);
#81=ORIENTED_EDGE('',*,*,#479,.T.);
#82=ORIENTED_EDGE('',*,*,#475,.F.);
#83=ORIENTED_EDGE('',*,*,#480,.F.);
#84=ORIENTED_EDGE('',*,*,#481,.T.);
#85=ORIENTED_EDGE('',*,*,#482,.T.);
#86=ORIENTED_EDGE('',*,*,#478,.F.);
#87=ORIENTED_EDGE('',*,*,#483,.F.);
#88=ORIENTED_EDGE('',*,*,#484,.T.);
#89=ORIENTED_EDGE('',*,*,#485,.T.);
#90=ORIENTED_EDGE('',*,*,#481,.F.);
#91=ORIENTED_EDGE('',*,*,#486,.F.);
#92=ORIENTED_EDGE('',*,*,#487,.T.);
#93=ORIENTED_EDGE('',*,*,#488,.T.);
#94=ORIENTED_EDGE('',*,*,#484,.F.);
#95=ORIENTED_EDGE('',*,*,#489,.F.);
#96=ORIENTED_EDGE('',*,*,#490,.T.);
#97=ORIENTED_EDGE('',*,*,#491,.T.);
#98=ORIENTED_EDGE('',*,*,#487,.F.);
#99=ORIENTED_EDGE('',*,*,#492,.F.);
#100=ORIENTED_EDGE('',*,*,#493,.T.);
#101=ORIENTED_EDGE('',*,*,#494,.T.);
#102=ORIENTED_EDGE('',*,*,#490,.F.);
#103=ORIENTED_EDGE('',*,*,#495,.F.);
#104=ORIENTED_EDGE('',*,*,#496,.F.);
#105=ORIENTED_EDGE('',*,*,#497,.F.);
#106=ORIENTED_EDGE('',*,*,#498,.T.);
#107=ORIENTED_EDGE('',*,*,#499,.T.);
#108=ORIENTED_EDGE('',*,*,#500,.F.);
#109=ORIENTED_EDGE('',*,*,#499,.F.);
#110=ORIENTED_EDGE('',*,*,#501,.T.);
#111=ORIENTED_EDGE('',*,*,#502,.T.);
#112=ORIENTED_EDGE('',*,*,#503,.F.);
#113=ORIENTED_EDGE('',*,*,#502,.F.);
#114=ORIENTED_EDGE('',*,*,#504,.T.);
#115=ORIENTED_EDGE('',*,*,#505,.T.);
#116=ORIENTED_EDGE('',*,*,#506,.F.);
#117=ORIENTED_EDGE('',*,*,#505,.F.);
#118=ORIENTED_EDGE('',*,*,#507,.T.);
#119=ORIENTED_EDGE('',*,*,#508,.T.);
#120=ORIENTED_EDGE('',*,*,#509,.F.);
#121=ORIENTED_EDGE('',*,*,#508,.F.);
#122=ORIENTED_EDGE('',*,*,#510,.T.);
#123=ORIENTED_EDGE('',*,*,#511,.T.);
#124=ORIENTED_EDGE('',*,*,#512,.F.);
#125=ORIENTED_EDGE('',*,*,#511,.F.);
#126=ORIENTED_EDGE('',*,*,#513,.T.);
#127=ORIENTED_EDGE('',*,*,#514,.T.);
#128=ORIENTED_EDGE('',*,*,#515,.F.);
#129=ORIENTED_EDGE('',*,*,#514,.F.);
#130=ORIENTED_EDGE('',*,*,#516,.T.);
#131=ORIENTED_EDGE('',*,*,#517,.T.);
#132=ORIENTED_EDGE('',*,*,#518,.F.);
#133=ORIENTED_EDGE('',*,*,#517,.F.);
#134=ORIENTED_EDGE('',*,*,#519,.T.);
#135=ORIENTED_EDGE('',*,*,#520,.T.);
#136=ORIENTED_EDGE('',*,*,#521,.F.);
#137=ORIENTED_EDGE('',*,*,#520,.F.);
#138=ORIENTED_EDGE('',*,*,#522,.T.);
#139=ORIENTED_EDGE('',*,*,#523,.T.);
#140=ORIENTED_EDGE('',*,*,#524,.F.);
#141=ORIENTED_EDGE('',*,*,#523,.F.);
#142=ORIENTED_EDGE('',*,*,#525,.T.);
#143=ORIENTED_EDGE('',*,*,#526,.T.);
#144=ORIENTED_EDGE('',*,*,#527,.F.);
#145=ORIENTED_EDGE('',*,*,#526,.F.);
#146=ORIENTED_EDGE('',*,*,#528,.T.);
#147=ORIENTED_EDGE('',*,*,#529,.T.);
#148=ORIENTED_EDGE('',*,*,#530,.F.);
#149=ORIENTED_EDGE('',*,*,#529,.F.);
#150=ORIENTED_EDGE('',*,*,#531,.T.);
#151=ORIENTED_EDGE('',*,*,#532,.T.);
#152=ORIENTED_EDGE('',*,*,#533,.F.);
#153=ORIENTED_EDGE('',*,*,#532,.F.);
#154=ORIENTED_EDGE('',*,*,#534,.T.);
#155=ORIENTED_EDGE('',*,*,#535,.T.);
#156=ORIENTED_EDGE('',*,*,#536,.F.);
#157=ORIENTED_EDGE('',*,*,#535,.F.);
#158=ORIENTED_EDGE('',*,*,#537,.T.);
#159=ORIENTED_EDGE('',*,*,#538,.T.);
#160=ORIENTED_EDGE('',*,*,#539,.F.);
#161=ORIENTED_EDGE('',*,*,#538,.F.);
#162=ORIENTED_EDGE('',*,*,#540,.T.);
#163=ORIENTED_EDGE('',*,*,#541,.T.);
#164=ORIENTED_EDGE('',*,*,#542,.F.);
#165=ORIENTED_EDGE('',*,*,#541,.F.);
#166=ORIENTED_EDGE('',*,*,#543,.T.);
#167=ORIENTED_EDGE('',*,*,#544,.T.);
#168=ORIENTED_EDGE('',*,*,#545,.F.);
#169=ORIENTED_EDGE('',*,*,#544,.F.);
#170=ORIENTED_EDGE('',*,*,#546,.T.);
#171=ORIENTED_EDGE('',*,*,#547,.T.);
#172=ORIENTED_EDGE('',*,*,#548,.F.);
#173=ORIENTED_EDGE('',*,*,#547,.F.);
#174=ORIENTED_EDGE('',*,*,#549,.T.);
#175=ORIENTED_EDGE('',*,*,#550,.T.);
#176=ORIENTED_EDGE('',*,*,#551,.F.);
#177=ORIENTED_EDGE('',*,*,#550,.F.);
#178=ORIENTED_EDGE('',*,*,#552,.T.);
#179=ORIENTED_EDGE('',*,*,#553,.T.);
#180=ORIENTED_EDGE('',*,*,#554,.F.);
#181=ORIENTED_EDGE('',*,*,#553,.F.);
#182=ORIENTED_EDGE('',*,*,#555,.T.);
#183=ORIENTED_EDGE('',*,*,#556,.T.);
#184=ORIENTED_EDGE('',*,*,#557,.F.);
#185=ORIENTED_EDGE('',*,*,#556,.F.);
#186=ORIENTED_EDGE('',*,*,#558,.T.);
#187=ORIENTED_EDGE('',*,*,#559,.T.);
#188=ORIENTED_EDGE('',*,*,#560,.F.);
#189=ORIENTED_EDGE('',*,*,#559,.F.);
#190=ORIENTED_EDGE('',*,*,#561,.T.);
#191=ORIENTED_EDGE('',*,*,#562,.T.);
#192=ORIENTED_EDGE('',*,*,#563,.F.);
#193=ORIENTED_EDGE('',*,*,#562,.F.);
#194=ORIENTED_EDGE('',*,*,#564,.T.);
#195=ORIENTED_EDGE('',*,*,#565,.T.);
#196=ORIENTED_EDGE('',*,*,#566,.F.);
#197=ORIENTED_EDGE('',*,*,#565,.F.);
#198=ORIENTED_EDGE('',*,*,#567,.T.);
#199=ORIENTED_EDGE('',*,*,#497,.T.);
#200=ORIENTED_EDGE('',*,*,#428,.T.);
#201=ORIENTED_EDGE('',*,*,#568,.T.);
#202=ORIENTED_EDGE('',*,*,#493,.F.);
#203=ORIENTED_EDGE('',*,*,#569,.F.);
#204=ORIENTED_EDGE('',*,*,#498,.F.);
#205=ORIENTED_EDGE('',*,*,#567,.F.);
#206=ORIENTED_EDGE('',*,*,#564,.F.);
#207=ORIENTED_EDGE('',*,*,#561,.F.);
#208=ORIENTED_EDGE('',*,*,#558,.F.);
#209=ORIENTED_EDGE('',*,*,#555,.F.);
#210=ORIENTED_EDGE('',*,*,#552,.F.);
#211=ORIENTED_EDGE('',*,*,#549,.F.);
#212=ORIENTED_EDGE('',*,*,#546,.F.);
#213=ORIENTED_EDGE('',*,*,#543,.F.);
#214=ORIENTED_EDGE('',*,*,#540,.F.);
#215=ORIENTED_EDGE('',*,*,#537,.F.);
#216=ORIENTED_EDGE('',*,*,#534,.F.);
#217=ORIENTED_EDGE('',*,*,#531,.F.);
#218=ORIENTED_EDGE('',*,*,#528,.F.);
#219=ORIENTED_EDGE('',*,*,#525,.F.);
#220=ORIENTED_EDGE('',*,*,#522,.F.);
#221=ORIENTED_EDGE('',*,*,#519,.F.);
#222=ORIENTED_EDGE('',*,*,#516,.F.);
#223=ORIENTED_EDGE('',*,*,#513,.F.);
#224=ORIENTED_EDGE('',*,*,#510,.F.);
#225=ORIENTED_EDGE('',*,*,#507,.F.);
#226=ORIENTED_EDGE('',*,*,#504,.F.);
#227=ORIENTED_EDGE('',*,*,#501,.F.);
#228=ORIENTED_EDGE('',*,*,#429,.T.);
#229=ORIENTED_EDGE('',*,*,#569,.T.);
#230=ORIENTED_EDGE('',*,*,#495,.T.);
#231=ORIENTED_EDGE('',*,*,#492,.T.);
#232=ORIENTED_EDGE('',*,*,#489,.T.);
#233=ORIENTED_EDGE('',*,*,#486,.T.);
#234=ORIENTED_EDGE('',*,*,#483,.T.);
#235=ORIENTED_EDGE('',*,*,#480,.T.);
#236=ORIENTED_EDGE('',*,*,#477,.T.);
#237=ORIENTED_EDGE('',*,*,#474,.T.);
#238=ORIENTED_EDGE('',*,*,#471,.T.);
#239=ORIENTED_EDGE('',*,*,#468,.T.);
#240=ORIENTED_EDGE('',*,*,#465,.T.);
#241=ORIENTED_EDGE('',*,*,#462,.T.);
#242=ORIENTED_EDGE('',*,*,#459,.T.);
#243=ORIENTED_EDGE('',*,*,#456,.T.);
#244=ORIENTED_EDGE('',*,*,#453,.T.);
#245=ORIENTED_EDGE('',*,*,#450,.T.);
#246=ORIENTED_EDGE('',*,*,#447,.T.);
#247=ORIENTED_EDGE('',*,*,#444,.T.);
#248=ORIENTED_EDGE('',*,*,#441,.T.);
#249=ORIENTED_EDGE('',*,*,#438,.T.);
#250=ORIENTED_EDGE('',*,*,#435,.T.);
#251=ORIENTED_EDGE('',*,*,#432,.T.);
#252=ORIENTED_EDGE('',*,*,#570,.T.);
#253=ORIENTED_EDGE('',*,*,#571,.F.);
#254=ORIENTED_EDGE('',*,*,#572,.F.);
#255=ORIENTED_EDGE('',*,*,#573,.T.);
#256=ORIENTED_EDGE('',*,*,#574,.T.);
#257=ORIENTED_EDGE('',*,*,#575,.F.);
#258=ORIENTED_EDGE('',*,*,#576,.F.);
#259=ORIENTED_EDGE('',*,*,#571,.T.);
#260=ORIENTED_EDGE('',*,*,#577,.T.);
#261=ORIENTED_EDGE('',*,*,#578,.F.);
#262=ORIENTED_EDGE('',*,*,#579,.F.);
#263=ORIENTED_EDGE('',*,*,#575,.T.);
#264=ORIENTED_EDGE('',*,*,#580,.T.);
#265=ORIENTED_EDGE('',*,*,#581,.F.);
#266=ORIENTED_EDGE('',*,*,#582,.F.);
#267=ORIENTED_EDGE('',*,*,#578,.T.);
#268=ORIENTED_EDGE('',*,*,#583,.T.);
#269=ORIENTED_EDGE('',*,*,#584,.F.);
#270=ORIENTED_EDGE('',*,*,#585,.F.);
#271=ORIENTED_EDGE('',*,*,#581,.T.);
#272=ORIENTED_EDGE('',*,*,#586,.T.);
#273=ORIENTED_EDGE('',*,*,#587,.F.);
#274=ORIENTED_EDGE('',*,*,#588,.F.);
#275=ORIENTED_EDGE('',*,*,#584,.T.);
#276=ORIENTED_EDGE('',*,*,#589,.T.);
#277=ORIENTED_EDGE('',*,*,#590,.F.);
#278=ORIENTED_EDGE('',*,*,#591,.F.);
#279=ORIENTED_EDGE('',*,*,#587,.T.);
#280=ORIENTED_EDGE('',*,*,#592,.T.);
#281=ORIENTED_EDGE('',*,*,#593,.F.);
#282=ORIENTED_EDGE('',*,*,#594,.F.);
#283=ORIENTED_EDGE('',*,*,#590,.T.);
#284=ORIENTED_EDGE('',*,*,#595,.T.);
#285=ORIENTED_EDGE('',*,*,#596,.F.);
#286=ORIENTED_EDGE('',*,*,#597,.F.);
#287=ORIENTED_EDGE('',*,*,#593,.T.);
#288=ORIENTED_EDGE('',*,*,#598,.T.);
#289=ORIENTED_EDGE('',*,*,#599,.F.);
#290=ORIENTED_EDGE('',*,*,#600,.F.);
#291=ORIENTED_EDGE('',*,*,#596,.T.);
#292=ORIENTED_EDGE('',*,*,#601,.T.);
#293=ORIENTED_EDGE('',*,*,#602,.F.);
#294=ORIENTED_EDGE('',*,*,#603,.F.);
#295=ORIENTED_EDGE('',*,*,#599,.T.);
#296=ORIENTED_EDGE('',*,*,#604,.T.);
#297=ORIENTED_EDGE('',*,*,#605,.F.);
#298=ORIENTED_EDGE('',*,*,#606,.F.);
#299=ORIENTED_EDGE('',*,*,#602,.T.);
#300=ORIENTED_EDGE('',*,*,#607,.T.);
#301=ORIENTED_EDGE('',*,*,#608,.F.);
#302=ORIENTED_EDGE('',*,*,#609,.F.);
#303=ORIENTED_EDGE('',*,*,#605,.T.);
#304=ORIENTED_EDGE('',*,*,#610,.T.);
#305=ORIENTED_EDGE('',*,*,#611,.F.);
#306=ORIENTED_EDGE('',*,*,#612,.F.);
#307=ORIENTED_EDGE('',*,*,#608,.T.);
#308=ORIENTED_EDGE('',*,*,#613,.T.);
#309=ORIENTED_EDGE('',*,*,#614,.F.);
#310=ORIENTED_EDGE('',*,*,#615,.F.);
#311=ORIENTED_EDGE('',*,*,#611,.T.);
#312=ORIENTED_EDGE('',*,*,#616,.T.);
#313=ORIENTED_EDGE('',*,*,#617,.F.);
#314=ORIENTED_EDGE('',*,*,#618,.F.);
#315=ORIENTED_EDGE('',*,*,#614,.T.);
#316=ORIENTED_EDGE('',*,*,#619,.T.);
#317=ORIENTED_EDGE('',*,*,#620,.F.);
#318=ORIENTED_EDGE('',*,*,#621,.F.);
#319=ORIENTED_EDGE('',*,*,#617,.T.);
#320=ORIENTED_EDGE('',*,*,#622,.T.);
#321=ORIENTED_EDGE('',*,*,#623,.F.);
#322=ORIENTED_EDGE('',*,*,#624,.F.);
#323=ORIENTED_EDGE('',*,*,#620,.T.);
#324=ORIENTED_EDGE('',*,*,#625,.T.);
#325=ORIENTED_EDGE('',*,*,#626,.F.);
#326=ORIENTED_EDGE('',*,*,#627,.F.);
#327=ORIENTED_EDGE('',*,*,#623,.T.);
#328=ORIENTED_EDGE('',*,*,#628,.T.);
#329=ORIENTED_EDGE('',*,*,#629,.F.);
#330=ORIENTED_EDGE('',*,*,#630,.F.);
#331=ORIENTED_EDGE('',*,*,#626,.T.);
#332=ORIENTED_EDGE('',*,*,#631,.T.);
#333=ORIENTED_EDGE('',*,*,#573,.F.);
#334=ORIENTED_EDGE('',*,*,#632,.F.);
#335=ORIENTED_EDGE('',*,*,#629,.T.);
#336=ORIENTED_EDGE('',*,*,#572,.T.);
#337=ORIENTED_EDGE('',*,*,#576,.T.);
#338=ORIENTED_EDGE('',*,*,#579,.T.);
#339=ORIENTED_EDGE('',*,*,#582,.T.);
#340=ORIENTED_EDGE('',*,*,#585,.T.);
#341=ORIENTED_EDGE('',*,*,#588,.T.);
#342=ORIENTED_EDGE('',*,*,#591,.T.);
#343=ORIENTED_EDGE('',*,*,#594,.T.);
#344=ORIENTED_EDGE('',*,*,#597,.T.);
#345=ORIENTED_EDGE('',*,*,#600,.T.);
#346=ORIENTED_EDGE('',*,*,#603,.T.);
#347=ORIENTED_EDGE('',*,*,#606,.T.);
#348=ORIENTED_EDGE('',*,*,#609,.T.);
#349=ORIENTED_EDGE('',*,*,#612,.T.);
#350=ORIENTED_EDGE('',*,*,#615,.T.);
#351=ORIENTED_EDGE('',*,*,#618,.T.);
#352=ORIENTED_EDGE('',*,*,#621,.T.);
#353=ORIENTED_EDGE('',*,*,#624,.T.);
#354=ORIENTED_EDGE('',*,*,#627,.T.);
#355=ORIENTED_EDGE('',*,*,#630,.T.);
#356=ORIENTED_EDGE('',*,*,#632,.T.);
#357=ORIENTED_EDGE('',*,*,#427,.F.);
#358=ORIENTED_EDGE('',*,*,#431,.F.);
#359=ORIENTED_EDGE('',*,*,#434,.F.);
#360=ORIENTED_EDGE('',*,*,#437,.F.);
#361=ORIENTED_EDGE('',*,*,#440,.F.);
#362=ORIENTED_EDGE('',*,*,#443,.F.);
#363=ORIENTED_EDGE('',*,*,#446,.F.);
#364=ORIENTED_EDGE('',*,*,#449,.F.);
#365=ORIENTED_EDGE('',*,*,#452,.F.);
#366=ORIENTED_EDGE('',*,*,#455,.F.);
#367=ORIENTED_EDGE('',*,*,#458,.F.);
#368=ORIENTED_EDGE('',*,*,#461,.F.);
#369=ORIENTED_EDGE('',*,*,#464,.F.);
#370=ORIENTED_EDGE('',*,*,#467,.F.);
#371=ORIENTED_EDGE('',*,*,#470,.F.);
#372=ORIENTED_EDGE('',*,*,#473,.F.);
#373=ORIENTED_EDGE('',*,*,#476,.F.);
#374=ORIENTED_EDGE('',*,*,#479,.F.);
#375=ORIENTED_EDGE('',*,*,#482,.F.);
#376=ORIENTED_EDGE('',*,*,#485,.F.);
#377=ORIENTED_EDGE('',*,*,#488,.F.);
#378=ORIENTED_EDGE('',*,*,#491,.F.);
#379=ORIENTED_EDGE('',*,*,#494,.F.);
#380=ORIENTED_EDGE('',*,*,#568,.F.);
#381=ORIENTED_EDGE('',*,*,#496,.T.);
#382=ORIENTED_EDGE('',*,*,#500,.T.);
#383=ORIENTED_EDGE('',*,*,#503,.T.);
#384=ORIENTED_EDGE('',*,*,#506,.T.);
#385=ORIENTED_EDGE('',*,*,#509,.T.);
#386=ORIENTED_EDGE('',*,*,#512,.T.);
#387=ORIENTED_EDGE('',*,*,#515,.T.);
#388=ORIENTED_EDGE('',*,*,#518,.T.);
#389=ORIENTED_EDGE('',*,*,#521,.T.);
#390=ORIENTED_EDGE('',*,*,#524,.T.);
#391=ORIENTED_EDGE('',*,*,#527,.T.);
#392=ORIENTED_EDGE('',*,*,#530,.T.);
#393=ORIENTED_EDGE('',*,*,#533,.T.);
#394=ORIENTED_EDGE('',*,*,#536,.T.);
#395=ORIENTED_EDGE('',*,*,#539,.T.);
#396=ORIENTED_EDGE('',*,*,#542,.T.);
#397=ORIENTED_EDGE('',*,*,#545,.T.);
#398=ORIENTED_EDGE('',*,*,#548,.T.);
#399=ORIENTED_EDGE('',*,*,#551,.T.);
#400=ORIENTED_EDGE('',*,*,#554,.T.);
#401=ORIENTED_EDGE('',*,*,#557,.T.);
#402=ORIENTED_EDGE('',*,*,#560,.T.);
#403=ORIENTED_EDGE('',*,*,#563,.T.);
#404=ORIENTED_EDGE('',*,*,#566,.T.);
#405=ORIENTED_EDGE('',*,*,#570,.F.);
#406=ORIENTED_EDGE('',*,*,#631,.F.);
#407=ORIENTED_EDGE('',*,*,#628,.F.);
#408=ORIENTED_EDGE('',*,*,#625,.F.);
#409=ORIENTED_EDGE('',*,*,#622,.F.);
#410=ORIENTED_EDGE('',*,*,#619,.F.);
#411=ORIENTED_EDGE('',*,*,#616,.F.);
#412=ORIENTED_EDGE('',*,*,#613,.F.);
#413=ORIENTED_EDGE('',*,*,#610,.F.);
#414=ORIENTED_EDGE('',*,*,#607,.F.);
#415=ORIENTED_EDGE('',*,*,#604,.F.);
#416=ORIENTED_EDGE('',*,*,#601,.F.);
#417=ORIENTED_EDGE('',*,*,#598,.F.);
#418=ORIENTED_EDGE('',*,*,#595,.F.);
#419=ORIENTED_EDGE('',*,*,#592,.F.);
#420=ORIENTED_EDGE('',*,*,#589,.F.);
#421=ORIENTED_EDGE('',*,*,#586,.F.);
#422=ORIENTED_EDGE('',*,*,#583,.F.);
#423=ORIENTED_EDGE('',*,*,#580,.F.);
#424=ORIENTED_EDGE('',*,*,#577,.F.);
#425=ORIENTED_EDGE('',*,*,#574,.F.);
#426=EDGE_CURVE('',#633,#634,#771,.T.);
#427=EDGE_CURVE('',#634,#635,#772,.T.);
#428=EDGE_CURVE('',#636,#635,#773,.T.);
#429=EDGE_CURVE('',#633,#636,#774,.T.);
#430=EDGE_CURVE('',#637,#638,#775,.T.);
#431=EDGE_CURVE('',#638,#634,#776,.T.);
#432=EDGE_CURVE('',#637,#633,#777,.T.);
#433=EDGE_CURVE('',#639,#640,#778,.T.);
#434=EDGE_CURVE('',#640,#638,#779,.T.);
#435=EDGE_CURVE('',#639,#637,#780,.T.);
#436=EDGE_CURVE('',#641,#642,#781,.T.);
#437=EDGE_CURVE('',#642,#640,#782,.T.);
#438=EDGE_CURVE('',#641,#639,#783,.T.);
#439=EDGE_CURVE('',#643,#644,#784,.T.);
#440=EDGE_CURVE('',#644,#642,#785,.T.);
#441=EDGE_CURVE('',#643,#641,#786,.T.);
#442=EDGE_CURVE('',#645,#646,#787,.T.);
#443=EDGE_CURVE('',#646,#644,#788,.T.);
#444=EDGE_CURVE('',#645,#643,#789,.T.);
#445=EDGE_CURVE('',#647,#648,#790,.T.);
#446=EDGE_CURVE('',#648,#646,#791,.T.);
#447=EDGE_CURVE('',#647,#645,#792,.T.);
#448=EDGE_CURVE('',#649,#650,#793,.T.);
#449=EDGE_CURVE('',#650,#648,#794,.T.);
#450=EDGE_CURVE('',#649,#647,#795,.T.);
#451=EDGE_CURVE('',#651,#652,#796,.T.);
#452=EDGE_CURVE('',#652,#650,#797,.T.);
#453=EDGE_CURVE('',#651,#649,#798,.T.);
#454=EDGE_CURVE('',#653,#654,#799,.T.);
#455=EDGE_CURVE('',#654,#652,#800,.T.);
#456=EDGE_CURVE('',#653,#651,#801,.T.);
#457=EDGE_CURVE('',#655,#656,#802,.T.);
#458=EDGE_CURVE('',#656,#654,#803,.T.);
#459=EDGE_CURVE('',#655,#653,#804,.T.);
#460=EDGE_CURVE('',#657,#658,#805,.T.);
#461=EDGE_CURVE('',#658,#656,#806,.T.);
#462=EDGE_CURVE('',#657,#655,#807,.T.);
#463=EDGE_CURVE('',#659,#660,#808,.T.);
#464=EDGE_CURVE('',#660,#658,#809,.T.);
#465=EDGE_CURVE('',#659,#657,#810,.T.);
#466=EDGE_CURVE('',#661,#662,#811,.T.);
#467=EDGE_CURVE('',#662,#660,#812,.T.);
#468=EDGE_CURVE('',#661,#659,#813,.T.);
#469=EDGE_CURVE('',#663,#664,#814,.T.);
#470=EDGE_CURVE('',#664,#662,#815,.T.);
#471=EDGE_CURVE('',#663,#661,#816,.T.);
#472=EDGE_CURVE('',#665,#666,#817,.T.);
#473=EDGE_CURVE('',#666,#664,#818,.T.);
#474=EDGE_CURVE('',#665,#663,#819,.T.);
#475=EDGE_CURVE('',#667,#668,#820,.T.);
#476=EDGE_CURVE('',#668,#666,#821,.T.);
#477=EDGE_CURVE('',#667,#665,#822,.T.);
#478=EDGE_CURVE('',#669,#670,#823,.T.);
#479=EDGE_CURVE('',#670,#668,#824,.T.);
#480=EDGE_CURVE('',#669,#667,#825,.T.);
#481=EDGE_CURVE('',#671,#672,#826,.T.);
#482=EDGE_CURVE('',#672,#670,#827,.T.);
#483=EDGE_CURVE('',#671,#669,#828,.T.);
#484=EDGE_CURVE('',#673,#674,#829,.T.);
#485=EDGE_CURVE('',#674,#672,#830,.T.);
#486=EDGE_CURVE('',#673,#671,#831,.T.);
#487=EDGE_CURVE('',#675,#676,#832,.T.);
#488=EDGE_CURVE('',#676,#674,#833,.T.);
#489=EDGE_CURVE('',#675,#673,#834,.T.);
#490=EDGE_CURVE('',#677,#678,#835,.T.);
#491=EDGE_CURVE('',#678,#676,#836,.T.);
#492=EDGE_CURVE('',#677,#675,#837,.T.);
#493=EDGE_CURVE('',#679,#680,#838,.T.);
#494=EDGE_CURVE('',#680,#678,#839,.T.);
#495=EDGE_CURVE('',#679,#677,#840,.T.);
#496=EDGE_CURVE('',#681,#682,#841,.T.);
#497=EDGE_CURVE('',#683,#681,#842,.T.);
#498=EDGE_CURVE('',#683,#684,#843,.T.);
#499=EDGE_CURVE('',#684,#682,#844,.T.);
#500=EDGE_CURVE('',#682,#685,#845,.T.);
#501=EDGE_CURVE('',#684,#686,#846,.T.);
#502=EDGE_CURVE('',#686,#685,#847,.T.);
#503=EDGE_CURVE('',#685,#687,#848,.T.);
#504=EDGE_CURVE('',#686,#688,#849,.T.);
#505=EDGE_CURVE('',#688,#687,#850,.T.);
#506=EDGE_CURVE('',#687,#689,#851,.T.);
#507=EDGE_CURVE('',#688,#690,#852,.T.);
#508=EDGE_CURVE('',#690,#689,#853,.T.);
#509=EDGE_CURVE('',#689,#691,#854,.T.);
#510=EDGE_CURVE('',#690,#692,#855,.T.);
#511=EDGE_CURVE('',#692,#691,#856,.T.);
#512=EDGE_CURVE('',#691,#693,#857,.T.);
#513=EDGE_CURVE('',#692,#694,#858,.T.);
#514=EDGE_CURVE('',#694,#693,#859,.T.);
#515=EDGE_CURVE('',#693,#695,#860,.T.);
#516=EDGE_CURVE('',#694,#696,#861,.T.);
#517=EDGE_CURVE('',#696,#695,#862,.T.);
#518=EDGE_CURVE('',#695,#697,#863,.T.);
#519=EDGE_CURVE('',#696,#698,#864,.T.);
#520=EDGE_CURVE('',#698,#697,#865,.T.);
#521=EDGE_CURVE('',#697,#699,#866,.T.);
#522=EDGE_CURVE('',#698,#700,#867,.T.);
#523=EDGE_CURVE('',#700,#699,#868,.T.);
#524=EDGE_CURVE('',#699,#701,#869,.T.);
#525=EDGE_CURVE('',#700,#702,#870,.T.);
#526=EDGE_CURVE('',#702,#701,#871,.T.);
#527=EDGE_CURVE('',#701,#703,#872,.T.);
#528=EDGE_CURVE('',#702,#704,#873,.T.);
#529=EDGE_CURVE('',#704,#703,#874,.T.);
#530=EDGE_CURVE('',#703,#705,#875,.T.);
#531=EDGE_CURVE('',#704,#706,#876,.T.);
#532=EDGE_CURVE('',#706,#705,#877,.T.);
#533=EDGE_CURVE('',#705,#707,#878,.T.);
#534=EDGE_CURVE('',#706,#708,#879,.T.);
#535=EDGE_CURVE('',#708,#707,#880,.T.);
#536=EDGE_CURVE('',#707,#709,#881,.T.);
#537=EDGE_CURVE('',#708,#710,#882,.T.);
#538=EDGE_CURVE('',#710,#709,#883,.T.);
#539=EDGE_CURVE('',#709,#711,#884,.T.);
#540=EDGE_CURVE('',#710,#712,#885,.T.);
#541=EDGE_CURVE('',#712,#711,#886,.T.);
#542=EDGE_CURVE('',#711,#713,#887,.T.);
#543=EDGE_CURVE('',#712,#714,#888,.T.);
#544=EDGE_CURVE('',#714,#713,#889,.T.);
#545=EDGE_CURVE('',#713,#715,#890,.T.);
#546=EDGE_CURVE('',#714,#716,#891,.T.);
#547=EDGE_CURVE('',#716,#715,#892,.T.);
#548=EDGE_CURVE('',#715,#717,#893,.T.);
#549=EDGE_CURVE('',#716,#718,#894,.T.);
#550=EDGE_CURVE('',#718,#717,#895,.T.);
#551=EDGE_CURVE('',#717,#719,#896,.T.);
#552=EDGE_CURVE('',#718,#720,#897,.T.);
#553=EDGE_CURVE('',#720,#719,#898,.T.);
#554=EDGE_CURVE('',#719,#721,#899,.T.);
#555=EDGE_CURVE('',#720,#722,#900,.T.);
#556=EDGE_CURVE('',#722,#721,#901,.T.);
#557=EDGE_CURVE('',#721,#723,#902,.T.);
#558=EDGE_CURVE('',#722,#724,#903,.T.);
#559=EDGE_CURVE('',#724,#723,#904,.T.);
#560=EDGE_CURVE('',#723,#725,#905,.T.);
#561=EDGE_CURVE('',#724,#726,#906,.T.);
#562=EDGE_CURVE('',#726,#725,#907,.T.);
#563=EDGE_CURVE('',#725,#727,#908,.T.);
#564=EDGE_CURVE('',#726,#728,#909,.T.);
#565=EDGE_CURVE('',#728,#727,#910,.T.);
#566=EDGE_CURVE('',#727,#681,#911,.T.);
#567=EDGE_CURVE('',#728,#683,#912,.T.);
#568=EDGE_CURVE('',#635,#680,#913,.T.);
#569=EDGE_CURVE('',#636,#679,#914,.T.);
#570=EDGE_CURVE('',#729,#730,#915,.T.);
#571=EDGE_CURVE('',#731,#730,#916,.T.);
#572=EDGE_CURVE('',#732,#731,#917,.T.);
#573=EDGE_CURVE('',#732,#729,#918,.T.);
#574=EDGE_CURVE('',#730,#733,#919,.T.);
#575=EDGE_CURVE('',#734,#733,#920,.T.);
#576=EDGE_CURVE('',#731,#734,#921,.T.);
#577=EDGE_CURVE('',#733,#735,#922,.T.);
#578=EDGE_CURVE('',#736,#735,#923,.T.);
#579=EDGE_CURVE('',#734,#736,#924,.T.);
#580=EDGE_CURVE('',#735,#737,#925,.T.);
#581=EDGE_CURVE('',#738,#737,#926,.T.);
#582=EDGE_CURVE('',#736,#738,#927,.T.);
#583=EDGE_CURVE('',#737,#739,#928,.T.);
#584=EDGE_CURVE('',#740,#739,#929,.T.);
#585=EDGE_CURVE('',#738,#740,#930,.T.);
#586=EDGE_CURVE('',#739,#741,#931,.T.);
#587=EDGE_CURVE('',#742,#741,#932,.T.);
#588=EDGE_CURVE('',#740,#742,#933,.T.);
#589=EDGE_CURVE('',#741,#743,#934,.T.);
#590=EDGE_CURVE('',#744,#743,#935,.T.);
#591=EDGE_CURVE('',#742,#744,#936,.T.);
#592=EDGE_CURVE('',#743,#745,#937,.T.);
#593=EDGE_CURVE('',#746,#745,#938,.T.);
#594=EDGE_CURVE('',#744,#746,#939,.T.);
#595=EDGE_CURVE('',#745,#747,#940,.T.);
#596=EDGE_CURVE('',#748,#747,#941,.T.);
#597=EDGE_CURVE('',#746,#748,#942,.T.);
#598=EDGE_CURVE('',#747,#749,#943,.T.);
#599=EDGE_CURVE('',#750,#749,#944,.T.);
#600=EDGE_CURVE('',#748,#750,#945,.T.);
#601=EDGE_CURVE('',#749,#751,#946,.T.);
#602=EDGE_CURVE('',#752,#751,#947,.T.);
#603=EDGE_CURVE('',#750,#752,#948,.T.);
#604=EDGE_CURVE('',#751,#753,#949,.T.);
#605=EDGE_CURVE('',#754,#753,#950,.T.);
#606=EDGE_CURVE('',#752,#754,#951,.T.);
#607=EDGE_CURVE('',#753,#755,#952,.T.);
#608=EDGE_CURVE('',#756,#755,#953,.T.);
#609=EDGE_CURVE('',#754,#756,#954,.T.);
#610=EDGE_CURVE('',#755,#757,#955,.T.);
#611=EDGE_CURVE('',#758,#757,#956,.T.);
#612=EDGE_CURVE('',#756,#758,#957,.T.);
#613=EDGE_CURVE('',#757,#759,#958,.T.);
#614=EDGE_CURVE('',#760,#759,#959,.T.);
#615=EDGE_CURVE('',#758,#760,#960,.T.);
#616=EDGE_CURVE('',#759,#761,#961,.T.);
#617=EDGE_CURVE('',#762,#761,#962,.T.);
#618=EDGE_CURVE('',#760,#762,#963,.T.);
#619=EDGE_CURVE('',#761,#763,#964,.T.);
#620=EDGE_CURVE('',#764,#763,#965,.T.);
#621=EDGE_CURVE('',#762,#764,#966,.T.);
#622=EDGE_CURVE('',#763,#765,#967,.T.);
#623=EDGE_CURVE('',#766,#765,#968,.T.);
#624=EDGE_CURVE('',#764,#766,#969,.T.);
#625=EDGE_CURVE('',#765,#767,#970,.T.);
#626=EDGE_CURVE('',#768,#767,#971,.T.);
#627=EDGE_CURVE('',#766,#768,#972,.T.);
#628=EDGE_CURVE('',#767,#769,#973,.T.);
#629=EDGE_CURVE('',#770,#769,#974,.T.);
#630=EDGE_CURVE('',#768,#770,#975,.T.);
#631=EDGE_CURVE('',#769,#729,#976,.T.);
#632=EDGE_CURVE('',#770,#732,#977,.T.);
#633=VERTEX_POINT('',#1920);
#634=VERTEX_POINT('',#1921);
#635=VERTEX_POINT('',#1923);
#636=VERTEX_POINT('',#1925);
#637=VERTEX_POINT('',#1929);
#638=VERTEX_POINT('',#1930);
#639=VERTEX_POINT('',#1935);
#640=VERTEX_POINT('',#1936);
#641=VERTEX_POINT('',#1941);
#642=VERTEX_POINT('',#1942);
#643=VERTEX_POINT('',#1947);
#644=VERTEX_POINT('',#1948);
#645=VERTEX_POINT('',#1953);
#646=VERTEX_POINT('',#1954);
#647=VERTEX_POINT('',#1959);
#648=VERTEX_POINT('',#1960);
#649=VERTEX_POINT('',#1965);
#650=VERTEX_POINT('',#1966);
#651=VERTEX_POINT('',#1971);
#652=VERTEX_POINT('',#1972);
#653=VERTEX_POINT('',#1977);
#654=VERTEX_POINT('',#1978);
#655=VERTEX_POINT('',#1983);
#656=VERTEX_POINT('',#1984);
#657=VERTEX_POINT('',#1989);
#658=VERTEX_POINT('',#1990);
#659=VERTEX_POINT('',#1995);
#660=VERTEX_POINT('',#1996);
#661=VERTEX_POINT('',#2001);
#662=VERTEX_POINT('',#2002);
#663=VERTEX_POINT('',#2007);
#664=VERTEX_POINT('',#2008);
#665=VERTEX_POINT('',#2013);
#666=VERTEX_POINT('',#2014);
#667=VERTEX_POINT('',#2019);
#668=VERTEX_POINT('',#2020);
#669=VERTEX_POINT('',#2025);
#670=VERTEX_POINT('',#2026);
#671=VERTEX_POINT('',#2031);
#672=VERTEX_POINT('',#2032);
#673=VERTEX_POINT('',#2037);
#674=VERTEX_POINT('',#2038);
#675=VERTEX_POINT('',#2043);
#676=VERTEX_POINT('',#2044);
#677=VERTEX_POINT('',#2049);
#678=VERTEX_POINT('',#2050);
#679=VERTEX_POINT('',#2055);
#680=VERTEX_POINT('',#2056);
#681=VERTEX_POINT('',#2061);
#682=VERTEX_POINT('',#2062);
#683=VERTEX_POINT('',#2064);
#684=VERTEX_POINT('',#2066);
#685=VERTEX_POINT('',#2070);
#686=VERTEX_POINT('',#2072);
#687=VERTEX_POINT('',#2076);
#688=VERTEX_POINT('',#2078);
#689=VERTEX_POINT('',#2082);
#690=VERTEX_POINT('',#2084);
#691=VERTEX_POINT('',#2088);
#692=VERTEX_POINT('',#2090);
#693=VERTEX_POINT('',#2094);
#694=VERTEX_POINT('',#2096);
#695=VERTEX_POINT('',#2100);
#696=VERTEX_POINT('',#2102);
#697=VERTEX_POINT('',#2106);
#698=VERTEX_POINT('',#2108);
#699=VERTEX_POINT('',#2112);
#700=VERTEX_POINT('',#2114);
#701=VERTEX_POINT('',#2118);
#702=VERTEX_POINT('',#2120);
#703=VERTEX_POINT('',#2124);
#704=VERTEX_POINT('',#2126);
#705=VERTEX_POINT('',#2130);
#706=VERTEX_POINT('',#2132);
#707=VERTEX_POINT('',#2136);
#708=VERTEX_POINT('',#2138);
#709=VERTEX_POINT('',#2142);
#710=VERTEX_POINT('',#2144);
#711=VERTEX_POINT('',#2148);
#712=VERTEX_POINT('',#2150);
#713=VERTEX_POINT('',#2154);
#714=VERTEX_POINT('',#2156);
#715=VERTEX_POINT('',#2160);
#716=VERTEX_POINT('',#2162);
#717=VERTEX_POINT('',#2166);
#718=VERTEX_POINT('',#2168);
#719=VERTEX_POINT('',#2172);
#720=VERTEX_POINT('',#2174);
#721=VERTEX_POINT('',#2178);
#722=VERTEX_POINT('',#2180);
#723=VERTEX_POINT('',#2184);
#724=VERTEX_POINT('',#2186);
#725=VERTEX_POINT('',#2190);
#726=VERTEX_POINT('',#2192);
#727=VERTEX_POINT('',#2196);
#728=VERTEX_POINT('',#2198);
#729=VERTEX_POINT('',#2209);
#730=VERTEX_POINT('',#2210);
#731=VERTEX_POINT('',#2212);
#732=VERTEX_POINT('',#2214);
#733=VERTEX_POINT('',#2218);
#734=VERTEX_POINT('',#2220);
#735=VERTEX_POINT('',#2224);
#736=VERTEX_POINT('',#2226);
#737=VERTEX_POINT('',#2230);
#738=VERTEX_POINT('',#2232);
#739=VERTEX_POINT('',#2236);
#740=VERTEX_POINT('',#2238);
#741=VERTEX_POINT('',#2242);
#742=VERTEX_POINT('',#2244);
#743=VERTEX_POINT('',#2248);
#744=VERTEX_POINT('',#2250);
#745=VERTEX_POINT('',#2254);
#746=VERTEX_POINT('',#2256);
#747=VERTEX_POINT('',#2260);
#748=VERTEX_POINT('',#2262);
#749=VERTEX_POINT('',#2266);
#750=VERTEX_POINT('',#2268);
#751=VERTEX_POINT('',#2272);
#752=VERTEX_POINT('',#2274);
#753=VERTEX_POINT('',#2278);
#754=VERTEX_POINT('',#2280);
#755=VERTEX_POINT('',#2284);
#756=VERTEX_POINT('',#2286);
#757=VERTEX_POINT('',#2290);
#758=VERTEX_POINT('',#2292);
#759=VERTEX_POINT('',#2296);
#760=VERTEX_POINT('',#2298);
#761=VERTEX_POINT('',#2302);
#762=VERTEX_POINT('',#2304);
#763=VERTEX_POINT('',#2308);
#764=VERTEX_POINT('',#2310);
#765=VERTEX_POINT('',#2314);
#766=VERTEX_POINT('',#2316);
#767=VERTEX_POINT('',#2320);
#768=VERTEX_POINT('',#2322);
#769=VERTEX_POINT('',#2326);
#770=VERTEX_POINT('',#2328);
#771=LINE('',#1919,#978);
#772=LINE('',#1922,#979);
#773=LINE('',#1924,#980);
#774=LINE('',#1926,#981);
#775=LINE('',#1928,#982);
#776=LINE('',#1931,#983);
#777=LINE('',#1932,#984);
#778=LINE('',#1934,#985);
#779=LINE('',#1937,#986);
#780=LINE('',#1938,#987);
#781=LINE('',#1940,#988);
#782=LINE('',#1943,#989);
#783=LINE('',#1944,#990);
#784=LINE('',#1946,#991);
#785=LINE('',#1949,#992);
#786=LINE('',#1950,#993);
#787=LINE('',#1952,#994);
#788=LINE('',#1955,#995);
#789=LINE('',#1956,#996);
#790=LINE('',#1958,#997);
#791=LINE('',#1961,#998);
#792=LINE('',#1962,#999);
#793=LINE('',#1964,#1000);
#794=LINE('',#1967,#1001);
#795=LINE('',#1968,#1002);
#796=LINE('',#1970,#1003);
#797=LINE('',#1973,#1004);
#798=LINE('',#1974,#1005);
#799=LINE('',#1976,#1006);
#800=LINE('',#1979,#1007);
#801=LINE('',#1980,#1008);
#802=LINE('',#1982,#1009);
#803=LINE('',#1985,#1010);
#804=LINE('',#1986,#1011);
#805=LINE('',#1988,#1012);
#806=LINE('',#1991,#1013);
#807=LINE('',#1992,#1014);
#808=LINE('',#1994,#1015);
#809=LINE('',#1997,#1016);
#810=LINE('',#1998,#1017);
#811=LINE('',#2000,#1018);
#812=LINE('',#2003,#1019);
#813=LINE('',#2004,#1020);
#814=LINE('',#2006,#1021);
#815=LINE('',#2009,#1022);
#816=LINE('',#2010,#1023);
#817=LINE('',#2012,#1024);
#818=LINE('',#2015,#1025);
#819=LINE('',#2016,#1026);
#820=LINE('',#2018,#1027);
#821=LINE('',#2021,#1028);
#822=LINE('',#2022,#1029);
#823=LINE('',#2024,#1030);
#824=LINE('',#2027,#1031);
#825=LINE('',#2028,#1032);
#826=LINE('',#2030,#1033);
#827=LINE('',#2033,#1034);
#828=LINE('',#2034,#1035);
#829=LINE('',#2036,#1036);
#830=LINE('',#2039,#1037);
#831=LINE('',#2040,#1038);
#832=LINE('',#2042,#1039);
#833=LINE('',#2045,#1040);
#834=LINE('',#2046,#1041);
#835=LINE('',#2048,#1042);
#836=LINE('',#2051,#1043);
#837=LINE('',#2052,#1044);
#838=LINE('',#2054,#1045);
#839=LINE('',#2057,#1046);
#840=LINE('',#2058,#1047);
#841=LINE('',#2060,#1048);
#842=LINE('',#2063,#1049);
#843=LINE('',#2065,#1050);
#844=LINE('',#2067,#1051);
#845=LINE('',#2069,#1052);
#846=LINE('',#2071,#1053);
#847=LINE('',#2073,#1054);
#848=LINE('',#2075,#1055);
#849=LINE('',#2077,#1056);
#850=LINE('',#2079,#1057);
#851=LINE('',#2081,#1058);
#852=LINE('',#2083,#1059);
#853=LINE('',#2085,#1060);
#854=LINE('',#2087,#1061);
#855=LINE('',#2089,#1062);
#856=LINE('',#2091,#1063);
#857=LINE('',#2093,#1064);
#858=LINE('',#2095,#1065);
#859=LINE('',#2097,#1066);
#860=LINE('',#2099,#1067);
#861=LINE('',#2101,#1068);
#862=LINE('',#2103,#1069);
#863=LINE('',#2105,#1070);
#864=LINE('',#2107,#1071);
#865=LINE('',#2109,#1072);
#866=LINE('',#2111,#1073);
#867=LINE('',#2113,#1074);
#868=LINE('',#2115,#1075);
#869=LINE('',#2117,#1076);
#870=LINE('',#2119,#1077);
#871=LINE('',#2121,#1078);
#872=LINE('',#2123,#1079);
#873=LINE('',#2125,#1080);
#874=LINE('',#2127,#1081);
#875=LINE('',#2129,#1082);
#876=LINE('',#2131,#1083);
#877=LINE('',#2133,#1084);
#878=LINE('',#2135,#1085);
#879=LINE('',#2137,#1086);
#880=LINE('',#2139,#1087);
#881=LINE('',#2141,#1088);
#882=LINE('',#2143,#1089);
#883=LINE('',#2145,#1090);
#884=LINE('',#2147,#1091);
#885=LINE('',#2149,#1092);
#886=LINE('',#2151,#1093);
#887=LINE('',#2153,#1094);
#888=LINE('',#2155,#1095);
#889=LINE('',#2157,#1096);
#890=LINE('',#2159,#1097);
#891=LINE('',#2161,#1098);
#892=LINE('',#2163,#1099);
#893=LINE('',#2165,#1100);
#894=LINE('',#2167,#1101);
#895=LINE('',#2169,#1102);
#896=LINE('',#2171,#1103);
#897=LINE('',#2173,#1104);
#898=LINE('',#2175,#1105);
#899=LINE('',#2177,#1106);
#900=LINE('',#2179,#1107);
#901=LINE('',#2181,#1108);
#902=LINE('',#2183,#1109);
#903=LINE('',#2185,#1110);
#904=LINE('',#2187,#1111);
#905=LINE('',#2189,#1112);
#906=LINE('',#2191,#1113);
#907=LINE('',#2193,#1114);
#908=LINE('',#2195,#1115);
#909=LINE('',#2197,#1116);
#910=LINE('',#2199,#1117);
#911=LINE('',#2201,#1118);
#912=LINE('',#2202,#1119);
#913=LINE('',#2204,#1120);
#914=LINE('',#2205,#1121);
#915=LINE('',#2208,#1122);
#916=LINE('',#2211,#1123);
#917=LINE('',#2213,#1124);
#918=LINE('',#2215,#1125);
#919=LINE('',#2217,#1126);
#920=LINE('',#2219,#1127);
#921=LINE('',#2221,#1128);
#922=LINE('',#2223,#1129);
#923=LINE('',#2225,#1130);
#924=LINE('',#2227,#1131);
#925=LINE('',#2229,#1132);
#926=LINE('',#2231,#1133);
#927=LINE('',#2233,#1134);
#928=LINE('',#2235,#1135);
#929=LINE('',#2237,#1136);
#930=LINE('',#2239,#1137);
#931=LINE('',#2241,#1138);
#932=LINE('',#2243,#1139);
#933=LINE('',#2245,#1140);
#934=LINE('',#2247,#1141);
#935=LINE('',#2249,#1142);
#936=LINE('',#2251,#1143);
#937=LINE('',#2253,#1144);
#938=LINE('',#2255,#1145);
#939=LINE('',#2257,#1146);
#940=LINE('',#2259,#1147);
#941=LINE('',#2261,#1148);
#942=LINE('',#2263,#1149);
#943=LINE('',#2265,#1150);
#944=LINE('',#2267,#1151);
#945=LINE('',#2269,#1152);
#946=LINE('',#2271,#1153);
#947=LINE('',#2273,#1154);
#948=LINE('',#2275,#1155);
#949=LINE('',#2277,#1156);
#950=LINE('',#2279,#1157);
#951=LINE('',#2281,#1158);
#952=LINE('',#2283,#1159);
#953=LINE('',#2285,#1160);
#954=LINE('',#2287,#1161);
#955=LINE('',#2289,#1162);
#956=LINE('',#2291,#1163);
#957=LINE('',#2293,#1164);
#958=LINE('',#2295,#1165);
#959=LINE('',#2297,#1166);
#960=LINE('',#2299,#1167);
#961=LINE('',#2301,#1168);
#962=LINE('',#2303,#1169);
#963=LINE('',#2305,#1170);
#964=LINE('',#2307,#1171);
#965=LINE('',#2309,#1172);
#966=LINE('',#2311,#1173);
#967=LINE('',#2313,#1174);
#968=LINE('',#2315,#1175);
#969=LINE('',#2317,#1176);
#970=LINE('',#2319,#1177);
#971=LINE('',#2321,#1178);
#972=LINE('',#2323,#1179);
#973=LINE('',#2325,#1180);
#974=LINE('',#2327,#1181);
#975=LINE('',#2329,#1182);
#976=LINE('',#2331,#1183);
#977=LINE('',#2332,#1184);
#978=VECTOR('',#1568,1.);
#979=VECTOR('',#1569,1.);
#980=VECTOR('',#1570,1.);
#981=VECTOR('',#1571,1.);
#982=VECTOR('',#1574,1.);
#983=VECTOR('',#1575,1.);
#984=VECTOR('',#1576,1.);
#985=VECTOR('',#1579,1.);
#986=VECTOR('',#1580,1.);
#987=VECTOR('',#1581,1.);
#988=VECTOR('',#1584,1.);
#989=VECTOR('',#1585,1.);
#990=VECTOR('',#1586,1.);
#991=VECTOR('',#1589,1.);
#992=VECTOR('',#1590,1.);
#993=VECTOR('',#1591,1.);
#994=VECTOR('',#1594,1.);
#995=VECTOR('',#1595,1.);
#996=VECTOR('',#1596,1.);
#997=VECTOR('',#1599,1.);
#998=VECTOR('',#1600,1.);
#999=VECTOR('',#1601,1.);
#1000=VECTOR('',#1604,1.);
#1001=VECTOR('',#1605,1.);
#1002=VECTOR('',#1606,1.);
#1003=VECTOR('',#1609,1.);
#1004=VECTOR('',#1610,1.);
#1005=VECTOR('',#1611,1.);
#1006=VECTOR('',#1614,1.);
#1007=VECTOR('',#1615,1.);
#1008=VECTOR('',#1616,1.);
#1009=VECTOR('',#1619,1.);
#1010=VECTOR('',#1620,1.);
#1011=VECTOR('',#1621,1.);
#1012=VECTOR('',#1624,1.);
#1013=VECTOR('',#1625,1.);
#1014=VECTOR('',#1626,1.);
#1015=VECTOR('',#1629,1.);
#1016=VECTOR('',#1630,1.);
#1017=VECTOR('',#1631,1.);
#1018=VECTOR('',#1634,1.);
#1019=VECTOR('',#1635,1.);
#1020=VECTOR('',#1636,1.);
#1021=VECTOR('',#1639,1.);
#1022=VECTOR('',#1640,1.);
#1023=VECTOR('',#1641,1.);
#1024=VECTOR('',#1644,1.);
#1025=VECTOR('',#1645,1.);
#1026=VECTOR('',#1646,1.);
#1027=VECTOR('',#1649,1.);
#1028=VECTOR('',#1650,1.);
#1029=VECTOR('',#1651,1.);
#1030=VECTOR('',#1654,1.);
#1031=VECTOR('',#1655,1.);
#1032=VECTOR('',#1656,1.);
#1033=VECTOR('',#1659,1.);
#1034=VECTOR('',#1660,1.);
#1035=VECTOR('',#1661,1.);
#1036=VECTOR('',#1664,1.);
#1037=VECTOR('',#1665,1.);
#1038=VECTOR('',#1666,1.);
#1039=VECTOR('',#1669,1.);
#1040=VECTOR('',#1670,1.);
#1041=VECTOR('',#1671,1.);
#1042=VECTOR('',#1674,1.);
#1043=VECTOR('',#1675,1.);
#1044=VECTOR('',#1676,1.);
#1045=VECTOR('',#1679,1.);
#1046=VECTOR('',#1680,1.);
#1047=VECTOR('',#1681,1.);
#1048=VECTOR('',#1684,1.);
#1049=VECTOR('',#1685,1.);
#1050=VECTOR('',#1686,1.);
#1051=VECTOR('',#1687,1.);
#1052=VECTOR('',#1690,1.);
#1053=VECTOR('',#1691,1.);
#1054=VECTOR('',#1692,1.);
#1055=VECTOR('',#1695,1.);
#1056=VECTOR('',#1696,1.);
#1057=VECTOR('',#1697,1.);
#1058=VECTOR('',#1700,1.);
#1059=VECTOR('',#1701,1.);
#1060=VECTOR('',#1702,1.);
#1061=VECTOR('',#1705,1.);
#1062=VECTOR('',#1706,1.);
#1063=VECTOR('',#1707,1.);
#1064=VECTOR('',#1710,1.);
#1065=VECTOR('',#1711,1.);
#1066=VECTOR('',#1712,1.);
#1067=VECTOR('',#1715,1.);
#1068=VECTOR('',#1716,1.);
#1069=VECTOR('',#1717,1.);
#1070=VECTOR('',#1720,1.);
#1071=VECTOR('',#1721,1.);
#1072=VECTOR('',#1722,1.);
#1073=VECTOR('',#1725,1.);
#1074=VECTOR('',#1726,1.);
#1075=VECTOR('',#1727,1.);
#1076=VECTOR('',#1730,1.);
#1077=VECTOR('',#1731,1.);
#1078=VECTOR('',#1732,1.);
#1079=VECTOR('',#1735,1.);
#1080=VECTOR('',#1736,1.);
#1081=VECTOR('',#1737,1.);
#1082=VECTOR('',#1740,1.);
#1083=VECTOR('',#1741,1.);
#1084=VECTOR('',#1742,1.);
#1085=VECTOR('',#1745,1.);
#1086=VECTOR('',#1746,1.);
#1087=VECTOR('',#1747,1.);
#1088=VECTOR('',#1750,1.);
#1089=VECTOR('',#1751,1.);
#1090=VECTOR('',#1752,1.);
#1091=VECTOR('',#1755,1.);
#1092=VECTOR('',#1756,1.);
#1093=VECTOR('',#1757,1.);
#1094=VECTOR('',#1760,1.);
#1095=VECTOR('',#1761,1.);
#1096=VECTOR('',#1762,1.);
#1097=VECTOR('',#1765,1.);
#1098=VECTOR('',#1766,1.);
#1099=VECTOR('',#1767,1.);
#1100=VECTOR('',#1770,1.);
#1101=VECTOR('',#1771,1.);
#1102=VECTOR('',#1772,1.);
#1103=VECTOR('',#1775,1.);
#1104=VECTOR('',#1776,1.);
#1105=VECTOR('',#1777,1.);
#1106=VECTOR('',#1780,1.);
#1107=VECTOR('',#1781,1.);
#1108=VECTOR('',#1782,1.);
#1109=VECTOR('',#1785,1.);
#1110=VECTOR('',#1786,1.);
#1111=VECTOR('',#1787,1.);
#1112=VECTOR('',#1790,1.);
#1113=VECTOR('',#1791,1.);
#1114=VECTOR('',#1792,1.);
#1115=VECTOR('',#1795,1.);
#1116=VECTOR('',#1796,1.);
#1117=VECTOR('',#1797,1.);
#1118=VECTOR('',#1800,1.);
#1119=VECTOR('',#1801,1.);
#1120=VECTOR('',#1804,1.);
#1121=VECTOR('',#1805,1.);
#1122=VECTOR('',#1810,1.);
#1123=VECTOR('',#1811,1.);
#1124=VECTOR('',#1812,1.);
#1125=VECTOR('',#1813,1.);
#1126=VECTOR('',#1816,1.);
#1127=VECTOR('',#1817,1.);
#1128=VECTOR('',#1818,1.);
#1129=VECTOR('',#1821,1.);
#1130=VECTOR('',#1822,1.);
#1131=VECTOR('',#1823,1.);
#1132=VECTOR('',#1826,1.);
#1133=VECTOR('',#1827,1.);
#1134=VECTOR('',#1828,1.);
#1135=VECTOR('',#1831,1.);
#1136=VECTOR('',#1832,1.);
#1137=VECTOR('',#1833,1.);
#1138=VECTOR('',#1836,1.);
#1139=VECTOR('',#1837,1.);
#1140=VECTOR('',#1838,1.);
#1141=VECTOR('',#1841,1.);
#1142=VECTOR('',#1842,1.);
#1143=VECTOR('',#1843,1.);
#1144=VECTOR('',#1846,1.);
#1145=VECTOR('',#1847,1.);
#1146=VECTOR('',#1848,1.);
#1147=VECTOR('',#1851,1.);
#1148=VECTOR('',#1852,1.);
#1149=VECTOR('',#1853,1.);
#1150=VECTOR('',#1856,1.);
#1151=VECTOR('',#1857,1.);
#1152=VECTOR('',#1858,1.);
#1153=VECTOR('',#1861,1.);
#1154=VECTOR('',#1862,1.);
#1155=VECTOR('',#1863,1.);
#1156=VECTOR('',#1866,1.);
#1157=VECTOR('',#1867,1.);
#1158=VECTOR('',#1868,1.);
#1159=VECTOR('',#1871,1.);
#1160=VECTOR('',#1872,1.);
#1161=VECTOR('',#1873,1.);
#1162=VECTOR('',#1876,1.);
#1163=VECTOR('',#1877,1.);
#1164=VECTOR('',#1878,1.);
#1165=VECTOR('',#1881,1.);
#1166=VECTOR('',#1882,1.);
#1167=VECTOR('',#1883,1.);
#1168=VECTOR('',#1886,1.);
#1169=VECTOR('',#1887,1.);
#1170=VECTOR('',#1888,1.);
#1171=VECTOR('',#1891,1.);
#1172=VECTOR('',#1892,1.);
#1173=VECTOR('',#1893,1.);
#1174=VECTOR('',#1896,1.);
#1175=VECTOR('',#1897,1.);
#1176=VECTOR('',#1898,1.);
#1177=VECTOR('',#1901,1.);
#1178=VECTOR('',#1902,1.);
#1179=VECTOR('',#1903,1.);
#1180=VECTOR('',#1906,1.);
#1181=VECTOR('',#1907,1.);
#1182=VECTOR('',#1908,1.);
#1183=VECTOR('',#1911,1.);
#1184=VECTOR('',#1912,1.);
#1185=EDGE_LOOP('',(#12,#13,#14,#15));
#1186=EDGE_LOOP('',(#16,#17,#18,#19));
#1187=EDGE_LOOP('',(#20,#21,#22,#23));
#1188=EDGE_LOOP('',(#24,#25,#26,#27));
#1189=EDGE_LOOP('',(#28,#29,#30,#31));
#1190=EDGE_LOOP('',(#32,#33,#34,#35));
#1191=EDGE_LOOP('',(#36,#37,#38,#39));
#1192=EDGE_LOOP('',(#40,#41,#42,#43));
#1193=EDGE_LOOP('',(#44,#45,#46,#47));
#1194=EDGE_LOOP('',(#48,#49,#50,#51));
#1195=EDGE_LOOP('',(#52,#53,#54,#55));
#1196=EDGE_LOOP('',(#56,#57,#58,#59));
#1197=EDGE_LOOP('',(#60,#61,#62,#63));
#1198=EDGE_LOOP('',(#64,#65,#66,#67));
#1199=EDGE_LOOP('',(#68,#69,#70,#71));
#1200=EDGE_LOOP('',(#72,#73,#74,#75));
#1201=EDGE_LOOP('',(#76,#77,#78,#79));
#1202=EDGE_LOOP('',(#80,#81,#82,#83));
#1203=EDGE_LOOP('',(#84,#85,#86,#87));
#1204=EDGE_LOOP('',(#88,#89,#90,#91));
#1205=EDGE_LOOP('',(#92,#93,#94,#95));
#1206=EDGE_LOOP('',(#96,#97,#98,#99));
#1207=EDGE_LOOP('',(#100,#101,#102,#103));
#1208=EDGE_LOOP('',(#104,#105,#106,#107));
#1209=EDGE_LOOP('',(#108,#109,#110,#111));
#1210=EDGE_LOOP('',(#112,#113,#114,#115));
#1211=EDGE_LOOP('',(#116,#117,#118,#119));
#1212=EDGE_LOOP('',(#120,#121,#122,#123));
#1213=EDGE_LOOP('',(#124,#125,#126,#127));
#1214=EDGE_LOOP('',(#128,#129,#130,#131));
#1215=EDGE_LOOP('',(#132,#133,#134,#135));
#1216=EDGE_LOOP('',(#136,#137,#138,#139));
#1217=EDGE_LOOP('',(#140,#141,#142,#143));
#1218=EDGE_LOOP('',(#144,#145,#146,#147));
#1219=EDGE_LOOP('',(#148,#149,#150,#151));
#1220=EDGE_LOOP('',(#152,#153,#154,#155));
#1221=EDGE_LOOP('',(#156,#157,#158,#159));
#1222=EDGE_LOOP('',(#160,#161,#162,#163));
#1223=EDGE_LOOP('',(#164,#165,#166,#167));
#1224=EDGE_LOOP('',(#168,#169,#170,#171));
#1225=EDGE_LOOP('',(#172,#173,#174,#175));
#1226=EDGE_LOOP('',(#176,#177,#178,#179));
#1227=EDGE_LOOP('',(#180,#181,#182,#183));
#1228=EDGE_LOOP('',(#184,#185,#186,#187));
#1229=EDGE_LOOP('',(#188,#189,#190,#191));
#1230=EDGE_LOOP('',(#192,#193,#194,#195));
#1231=EDGE_LOOP('',(#196,#197,#198,#199));
#1232=EDGE_LOOP('',(#200,#201,#202,#203));
#1233=EDGE_LOOP('',(#204,#205,#206,#207,#208,#209,#210,#211,#212,#213,#214,
#215,#216,#217,#218,#219,#220,#221,#222,#223,#224,#225,#226,#227));
#1234=EDGE_LOOP('',(#228,#229,#230,#231,#232,#233,#234,#235,#236,#237,#238,
#239,#240,#241,#242,#243,#244,#245,#246,#247,#248,#249,#250,#251));
#1235=EDGE_LOOP('',(#252,#253,#254,#255));
#1236=EDGE_LOOP('',(#256,#257,#258,#259));
#1237=EDGE_LOOP('',(#260,#261,#262,#263));
#1238=EDGE_LOOP('',(#264,#265,#266,#267));
#1239=EDGE_LOOP('',(#268,#269,#270,#271));
#1240=EDGE_LOOP('',(#272,#273,#274,#275));
#1241=EDGE_LOOP('',(#276,#277,#278,#279));
#1242=EDGE_LOOP('',(#280,#281,#282,#283));
#1243=EDGE_LOOP('',(#284,#285,#286,#287));
#1244=EDGE_LOOP('',(#288,#289,#290,#291));
#1245=EDGE_LOOP('',(#292,#293,#294,#295));
#1246=EDGE_LOOP('',(#296,#297,#298,#299));
#1247=EDGE_LOOP('',(#300,#301,#302,#303));
#1248=EDGE_LOOP('',(#304,#305,#306,#307));
#1249=EDGE_LOOP('',(#308,#309,#310,#311));
#1250=EDGE_LOOP('',(#312,#313,#314,#315));
#1251=EDGE_LOOP('',(#316,#317,#318,#319));
#1252=EDGE_LOOP('',(#320,#321,#322,#323));
#1253=EDGE_LOOP('',(#324,#325,#326,#327));
#1254=EDGE_LOOP('',(#328,#329,#330,#331));
#1255=EDGE_LOOP('',(#332,#333,#334,#335));
#1256=EDGE_LOOP('',(#336,#337,#338,#339,#340,#341,#342,#343,#344,#345,#346,
#347,#348,#349,#350,#351,#352,#353,#354,#355,#356));
#1257=EDGE_LOOP('',(#357,#358,#359,#360,#361,#362,#363,#364,#365,#366,#367,
#368,#369,#370,#371,#372,#373,#374,#375,#376,#377,#378,#379,#380));
#1258=EDGE_LOOP('',(#381,#382,#383,#384,#385,#386,#387,#388,#389,#390,#391,
#392,#393,#394,#395,#396,#397,#398,#399,#400,#401,#402,#403,#404));
#1259=EDGE_LOOP('',(#405,#406,#407,#408,#409,#410,#411,#412,#413,#414,#415,
#416,#417,#418,#419,#420,#421,#422,#423,#424,#425));
#1260=FACE_BOUND('',#1185,.T.);
#1261=FACE_BOUND('',#1186,.T.);
#1262=FACE_BOUND('',#1187,.T.);
#1263=FACE_BOUND('',#1188,.T.);
#1264=FACE_BOUND('',#1189,.T.);
#1265=FACE_BOUND('',#1190,.T.);
#1266=FACE_BOUND('',#1191,.T.);
#1267=FACE_BOUND('',#1192,.T.);
#1268=FACE_BOUND('',#1193,.T.);
#1269=FACE_BOUND('',#1194,.T.);
#1270=FACE_BOUND('',#1195,.T.);
#1271=FACE_BOUND('',#1196,.T.);
#1272=FACE_BOUND('',#1197,.T.);
#1273=FACE_BOUND('',#1198,.T.);
#1274=FACE_BOUND('',#1199,.T.);
#1275=FACE_BOUND('',#1200,.T.);
#1276=FACE_BOUND('',#1201,.T.);
#1277=FACE_BOUND('',#1202,.T.);
#1278=FACE_BOUND('',#1203,.T.);
#1279=FACE_BOUND('',#1204,.T.);
#1280=FACE_BOUND('',#1205,.T.);
#1281=FACE_BOUND('',#1206,.T.);
#1282=FACE_BOUND('',#1207,.T.);
#1283=FACE_BOUND('',#1208,.T.);
#1284=FACE_BOUND('',#1209,.T.);
#1285=FACE_BOUND('',#1210,.T.);
#1286=FACE_BOUND('',#1211,.T.);
#1287=FACE_BOUND('',#1212,.T.);
#1288=FACE_BOUND('',#1213,.T.);
#1289=FACE_BOUND('',#1214,.T.);
#1290=FACE_BOUND('',#1215,.T.);
#1291=FACE_BOUND('',#1216,.T.);
#1292=FACE_BOUND('',#1217,.T.);
#1293=FACE_BOUND('',#1218,.T.);
#1294=FACE_BOUND('',#1219,.T.);
#1295=FACE_BOUND('',#1220,.T.);
#1296=FACE_BOUND('',#1221,.T.);
#1297=FACE_BOUND('',#1222,.T.);
#1298=FACE_BOUND('',#1223,.T.);
#1299=FACE_BOUND('',#1224,.T.);
#1300=FACE_BOUND('',#1225,.T.);
#1301=FACE_BOUND('',#1226,.T.);
#1302=FACE_BOUND('',#1227,.T.);
#1303=FACE_BOUND('',#1228,.T.);
#1304=FACE_BOUND('',#1229,.T.);
#1305=FACE_BOUND('',#1230,.T.);
#1306=FACE_BOUND('',#1231,.T.);
#1307=FACE_BOUND('',#1232,.T.);
#1308=FACE_BOUND('',#1233,.T.);
#1309=FACE_BOUND('',#1234,.T.);
#1310=FACE_BOUND('',#1235,.T.);
#1311=FACE_BOUND('',#1236,.T.);
#1312=FACE_BOUND('',#1237,.T.);
#1313=FACE_BOUND('',#1238,.T.);
#1314=FACE_BOUND('',#1239,.T.);
#1315=FACE_BOUND('',#1240,.T.);
#1316=FACE_BOUND('',#1241,.T.);
#1317=FACE_BOUND('',#1242,.T.);
#1318=FACE_BOUND('',#1243,.T.);
#1319=FACE_BOUND('',#1244,.T.);
#1320=FACE_BOUND('',#1245,.T.);
#1321=FACE_BOUND('',#1246,.T.);
#1322=FACE_BOUND('',#1247,.T.);
#1323=FACE_BOUND('',#1248,.T.);
#1324=FACE_BOUND('',#1249,.T.);
#1325=FACE_BOUND('',#1250,.T.);
#1326=FACE_BOUND('',#1251,.T.);
#1327=FACE_BOUND('',#1252,.T.);
#1328=FACE_BOUND('',#1253,.T.);
#1329=FACE_BOUND('',#1254,.T.);
#1330=FACE_BOUND('',#1255,.T.);
#1331=FACE_BOUND('',#1256,.T.);
#1332=FACE_BOUND('',#1257,.T.);
#1333=FACE_BOUND('',#1258,.T.);
#1334=FACE_BOUND('',#1259,.T.);
#1335=PLANE('',#1492);
#1336=PLANE('',#1493);
#1337=PLANE('',#1494);
#1338=PLANE('',#1495);
#1339=PLANE('',#1496);
#1340=PLANE('',#1497);
#1341=PLANE('',#1498);
#1342=PLANE('',#1499);
#1343=PLANE('',#1500);
#1344=PLANE('',#1501);
#1345=PLANE('',#1502);
#1346=PLANE('',#1503);
#1347=PLANE('',#1504);
#1348=PLANE('',#1505);
#1349=PLANE('',#1506);
#1350=PLANE('',#1507);
#1351=PLANE('',#1508);
#1352=PLANE('',#1509);
#1353=PLANE('',#1510);
#1354=PLANE('',#1511);
#1355=PLANE('',#1512);
#1356=PLANE('',#1513);
#1357=PLANE('',#1514);
#1358=PLANE('',#1515);
#1359=PLANE('',#1516);
#1360=PLANE('',#1517);
#1361=PLANE('',#1518);
#1362=PLANE('',#1519);
#1363=PLANE('',#1520);
#1364=PLANE('',#1521);
#1365=PLANE('',#1522);
#1366=PLANE('',#1523);
#1367=PLANE('',#1524);
#1368=PLANE('',#1525);
#1369=PLANE('',#1526);
#1370=PLANE('',#1527);
#1371=PLANE('',#1528);
#1372=PLANE('',#1529);
#1373=PLANE('',#1530);
#1374=PLANE('',#1531);
#1375=PLANE('',#1532);
#1376=PLANE('',#1533);
#1377=PLANE('',#1534);
#1378=PLANE('',#1535);
#1379=PLANE('',#1536);
#1380=PLANE('',#1537);
#1381=PLANE('',#1538);
#1382=PLANE('',#1539);
#1383=PLANE('',#1540);
#1384=PLANE('',#1541);
#1385=PLANE('',#1542);
#1386=PLANE('',#1543);
#1387=PLANE('',#1544);
#1388=PLANE('',#1545);
#1389=PLANE('',#1546);
#1390=PLANE('',#1547);
#1391=PLANE('',#1548);
#1392=PLANE('',#1549);
#1393=PLANE('',#1550);
#1394=PLANE('',#1551);
#1395=PLANE('',#1552);
#1396=PLANE('',#1553);
#1397=PLANE('',#1554);
#1398=PLANE('',#1555);
#1399=PLANE('',#1556);
#1400=PLANE('',#1557);
#1401=PLANE('',#1558);
#1402=PLANE('',#1559);
#1403=PLANE('',#1560);
#1404=PLANE('',#1561);
#1405=PLANE('',#1562);
#1406=PLANE('',#1563);
#1407=ADVANCED_FACE('',(#1260),#1335,.F.);
#1408=ADVANCED_FACE('',(#1261),#1336,.F.);
#1409=ADVANCED_FACE('',(#1262),#1337,.F.);
#1410=ADVANCED_FACE('',(#1263),#1338,.F.);
#1411=ADVANCED_FACE('',(#1264),#1339,.F.);
#1412=ADVANCED_FACE('',(#1265),#1340,.F.);
#1413=ADVANCED_FACE('',(#1266),#1341,.F.);
#1414=ADVANCED_FACE('',(#1267),#1342,.F.);
#1415=ADVANCED_FACE('',(#1268),#1343,.F.);
#1416=ADVANCED_FACE('',(#1269),#1344,.F.);
#1417=ADVANCED_FACE('',(#1270),#1345,.F.);
#1418=ADVANCED_FACE('',(#1271),#1346,.F.);
#1419=ADVANCED_FACE('',(#1272),#1347,.F.);
#1420=ADVANCED_FACE('',(#1273),#1348,.F.);
#1421=ADVANCED_FACE('',(#1274),#1349,.F.);
#1422=ADVANCED_FACE('',(#1275),#1350,.F.);
#1423=ADVANCED_FACE('',(#1276),#1351,.F.);
#1424=ADVANCED_FACE('',(#1277),#1352,.F.);
#1425=ADVANCED_FACE('',(#1278),#1353,.F.);
#1426=ADVANCED_FACE('',(#1279),#1354,.F.);
#1427=ADVANCED_FACE('',(#1280),#1355,.F.);
#1428=ADVANCED_FACE('',(#1281),#1356,.F.);
#1429=ADVANCED_FACE('',(#1282),#1357,.F.);
#1430=ADVANCED_FACE('',(#1283),#1358,.T.);
#1431=ADVANCED_FACE('',(#1284),#1359,.T.);
#1432=ADVANCED_FACE('',(#1285),#1360,.T.);
#1433=ADVANCED_FACE('',(#1286),#1361,.T.);
#1434=ADVANCED_FACE('',(#1287),#1362,.T.);
#1435=ADVANCED_FACE('',(#1288),#1363,.T.);
#1436=ADVANCED_FACE('',(#1289),#1364,.T.);
#1437=ADVANCED_FACE('',(#1290),#1365,.T.);
#1438=ADVANCED_FACE('',(#1291),#1366,.T.);
#1439=ADVANCED_FACE('',(#1292),#1367,.T.);
#1440=ADVANCED_FACE('',(#1293),#1368,.T.);
#1441=ADVANCED_FACE('',(#1294),#1369,.T.);
#1442=ADVANCED_FACE('',(#1295),#1370,.T.);
#1443=ADVANCED_FACE('',(#1296),#1371,.T.);
#1444=ADVANCED_FACE('',(#1297),#1372,.T.);
#1445=ADVANCED_FACE('',(#1298),#1373,.T.);
#1446=ADVANCED_FACE('',(#1299),#1374,.T.);
#1447=ADVANCED_FACE('',(#1300),#1375,.T.);
#1448=ADVANCED_FACE('',(#1301),#1376,.T.);
#1449=ADVANCED_FACE('',(#1302),#1377,.T.);
#1450=ADVANCED_FACE('',(#1303),#1378,.T.);
#1451=ADVANCED_FACE('',(#1304),#1379,.T.);
#1452=ADVANCED_FACE('',(#1305),#1380,.T.);
#1453=ADVANCED_FACE('',(#1306),#1381,.T.);
#1454=ADVANCED_FACE('',(#1307),#1382,.F.);
#1455=ADVANCED_FACE('',(#1308,#1309),#1383,.F.);
#1456=ADVANCED_FACE('',(#1310),#1384,.F.);
#1457=ADVANCED_FACE('',(#1311),#1385,.F.);
#1458=ADVANCED_FACE('',(#1312),#1386,.F.);
#1459=ADVANCED_FACE('',(#1313),#1387,.F.);
#1460=ADVANCED_FACE('',(#1314),#1388,.F.);
#1461=ADVANCED_FACE('',(#1315),#1389,.F.);
#1462=ADVANCED_FACE('',(#1316),#1390,.F.);
#1463=ADVANCED_FACE('',(#1317),#1391,.F.);
#1464=ADVANCED_FACE('',(#1318),#1392,.F.);
#1465=ADVANCED_FACE('',(#1319),#1393,.F.);
#1466=ADVANCED_FACE('',(#1320),#1394,.F.);
#1467=ADVANCED_FACE('',(#1321),#1395,.F.);
#1468=ADVANCED_FACE('',(#1322),#1396,.F.);
#1469=ADVANCED_FACE('',(#1323),#1397,.F.);
#1470=ADVANCED_FACE('',(#1324),#1398,.F.);
#1471=ADVANCED_FACE('',(#1325),#1399,.F.);
#1472=ADVANCED_FACE('',(#1326),#1400,.F.);
#1473=ADVANCED_FACE('',(#1327),#1401,.F.);
#1474=ADVANCED_FACE('',(#1328),#1402,.F.);
#1475=ADVANCED_FACE('',(#1329),#1403,.F.);
#1476=ADVANCED_FACE('',(#1330),#1404,.F.);
#1477=ADVANCED_FACE('',(#1331,#1332),#1405,.T.);
#1478=ADVANCED_FACE('',(#1333,#1334),#1406,.F.);
#1479=CLOSED_SHELL('',(#1407,#1408,#1409,#1410,#1411,#1412,#1413,#1414,
#1415,#1416,#1417,#1418,#1419,#1420,#1421,#1422,#1423,#1424,#1425,#1426,
#1427,#1428,#1429,#1430,#1431,#1432,#1433,#1434,#1435,#1436,#1437,#1438,
#1439,#1440,#1441,#1442,#1443,#1444,#1445,#1446,#1447,#1448,#1449,#1450,
#1451,#1452,#1453,#1454,#1455,#1456,#1457,#1458,#1459,#1460,#1461,#1462,
#1463,#1464,#1465,#1466,#1467,#1468,#1469,#1470,#1471,#1472,#1473,#1474,
#1475,#1476,#1477,#1478));
#1480=STYLED_ITEM('',(#1481),#1488);
#1481=PRESENTATION_STYLE_ASSIGNMENT((#1482));
#1482=SURFACE_STYLE_USAGE(.BOTH.,#1483);
#1483=SURFACE_SIDE_STYLE('',(#1484));
#1484=SURFACE_STYLE_FILL_AREA(#1485);
#1485=FILL_AREA_STYLE('',(#1486));
#1486=FILL_AREA_STYLE_COLOUR('',#1487);
#1487=COLOUR_RGB('',0.615686274509804,0.811764705882353,0.929411764705882);
#1488=MANIFOLD_SOLID_BREP('Part 1',#1479);
#1489=SHAPE_DEFINITION_REPRESENTATION(#2341,#1490);
#1490=SHAPE_REPRESENTATION('Part 1',(#1491),#2336);
#1491=AXIS2_PLACEMENT_3D('',#1917,#1564,#1565);
#1492=AXIS2_PLACEMENT_3D('',#1918,#1566,#1567);
#1493=AXIS2_PLACEMENT_3D('',#1927,#1572,#1573);
#1494=AXIS2_PLACEMENT_3D('',#1933,#1577,#1578);
#1495=AXIS2_PLACEMENT_3D('',#1939,#1582,#1583);
#1496=AXIS2_PLACEMENT_3D('',#1945,#1587,#1588);
#1497=AXIS2_PLACEMENT_3D('',#1951,#1592,#1593);
#1498=AXIS2_PLACEMENT_3D('',#1957,#1597,#1598);
#1499=AXIS2_PLACEMENT_3D('',#1963,#1602,#1603);
#1500=AXIS2_PLACEMENT_3D('',#1969,#1607,#1608);
#1501=AXIS2_PLACEMENT_3D('',#1975,#1612,#1613);
#1502=AXIS2_PLACEMENT_3D('',#1981,#1617,#1618);
#1503=AXIS2_PLACEMENT_3D('',#1987,#1622,#1623);
#1504=AXIS2_PLACEMENT_3D('',#1993,#1627,#1628);
#1505=AXIS2_PLACEMENT_3D('',#1999,#1632,#1633);
#1506=AXIS2_PLACEMENT_3D('',#2005,#1637,#1638);
#1507=AXIS2_PLACEMENT_3D('',#2011,#1642,#1643);
#1508=AXIS2_PLACEMENT_3D('',#2017,#1647,#1648);
#1509=AXIS2_PLACEMENT_3D('',#2023,#1652,#1653);
#1510=AXIS2_PLACEMENT_3D('',#2029,#1657,#1658);
#1511=AXIS2_PLACEMENT_3D('',#2035,#1662,#1663);
#1512=AXIS2_PLACEMENT_3D('',#2041,#1667,#1668);
#1513=AXIS2_PLACEMENT_3D('',#2047,#1672,#1673);
#1514=AXIS2_PLACEMENT_3D('',#2053,#1677,#1678);
#1515=AXIS2_PLACEMENT_3D('',#2059,#1682,#1683);
#1516=AXIS2_PLACEMENT_3D('',#2068,#1688,#1689);
#1517=AXIS2_PLACEMENT_3D('',#2074,#1693,#1694);
#1518=AXIS2_PLACEMENT_3D('',#2080,#1698,#1699);
#1519=AXIS2_PLACEMENT_3D('',#2086,#1703,#1704);
#1520=AXIS2_PLACEMENT_3D('',#2092,#1708,#1709);
#1521=AXIS2_PLACEMENT_3D('',#2098,#1713,#1714);
#1522=AXIS2_PLACEMENT_3D('',#2104,#1718,#1719);
#1523=AXIS2_PLACEMENT_3D('',#2110,#1723,#1724);
#1524=AXIS2_PLACEMENT_3D('',#2116,#1728,#1729);
#1525=AXIS2_PLACEMENT_3D('',#2122,#1733,#1734);
#1526=AXIS2_PLACEMENT_3D('',#2128,#1738,#1739);
#1527=AXIS2_PLACEMENT_3D('',#2134,#1743,#1744);
#1528=AXIS2_PLACEMENT_3D('',#2140,#1748,#1749);
#1529=AXIS2_PLACEMENT_3D('',#2146,#1753,#1754);
#1530=AXIS2_PLACEMENT_3D('',#2152,#1758,#1759);
#1531=AXIS2_PLACEMENT_3D('',#2158,#1763,#1764);
#1532=AXIS2_PLACEMENT_3D('',#2164,#1768,#1769);
#1533=AXIS2_PLACEMENT_3D('',#2170,#1773,#1774);
#1534=AXIS2_PLACEMENT_3D('',#2176,#1778,#1779);
#1535=AXIS2_PLACEMENT_3D('',#2182,#1783,#1784);
#1536=AXIS2_PLACEMENT_3D('',#2188,#1788,#1789);
#1537=AXIS2_PLACEMENT_3D('',#2194,#1793,#1794);
#1538=AXIS2_PLACEMENT_3D('',#2200,#1798,#1799);
#1539=AXIS2_PLACEMENT_3D('',#2203,#1802,#1803);
#1540=AXIS2_PLACEMENT_3D('',#2206,#1806,#1807);
#1541=AXIS2_PLACEMENT_3D('',#2207,#1808,#1809);
#1542=AXIS2_PLACEMENT_3D('',#2216,#1814,#1815);
#1543=AXIS2_PLACEMENT_3D('',#2222,#1819,#1820);
#1544=AXIS2_PLACEMENT_3D('',#2228,#1824,#1825);
#1545=AXIS2_PLACEMENT_3D('',#2234,#1829,#1830);
#1546=AXIS2_PLACEMENT_3D('',#2240,#1834,#1835);
#1547=AXIS2_PLACEMENT_3D('',#2246,#1839,#1840);
#1548=AXIS2_PLACEMENT_3D('',#2252,#1844,#1845);
#1549=AXIS2_PLACEMENT_3D('',#2258,#1849,#1850);
#1550=AXIS2_PLACEMENT_3D('',#2264,#1854,#1855);
#1551=AXIS2_PLACEMENT_3D('',#2270,#1859,#1860);
#1552=AXIS2_PLACEMENT_3D('',#2276,#1864,#1865);
#1553=AXIS2_PLACEMENT_3D('',#2282,#1869,#1870);
#1554=AXIS2_PLACEMENT_3D('',#2288,#1874,#1875);
#1555=AXIS2_PLACEMENT_3D('',#2294,#1879,#1880);
#1556=AXIS2_PLACEMENT_3D('',#2300,#1884,#1885);
#1557=AXIS2_PLACEMENT_3D('',#2306,#1889,#1890);
#1558=AXIS2_PLACEMENT_3D('',#2312,#1894,#1895);
#1559=AXIS2_PLACEMENT_3D('',#2318,#1899,#1900);
#1560=AXIS2_PLACEMENT_3D('',#2324,#1904,#1905);
#1561=AXIS2_PLACEMENT_3D('',#2330,#1909,#1910);
#1562=AXIS2_PLACEMENT_3D('',#2333,#1913,#1914);
#1563=AXIS2_PLACEMENT_3D('',#2334,#1915,#1916);
#1564=DIRECTION('',(0.,0.,1.));
#1565=DIRECTION('',(1.,0.,0.));
#1566=DIRECTION('',(0.0036101054031396,-0.999993483548257,0.));
#1567=DIRECTION('',(0.999993483548257,0.0036101054031396,0.));
#1568=DIRECTION('',(0.,0.,-1.));
#1569=DIRECTION('',(-0.999993483548257,-0.0036101054031396,0.));
#1570=DIRECTION('',(0.,0.,-1.));
#1571=DIRECTION('',(-0.999993483548257,-0.0036101054031396,0.));
#1572=DIRECTION('',(1.,0.,0.));
#1573=DIRECTION('',(0.,0.,-1.));
#1574=DIRECTION('',(0.,0.,-1.));
#1575=DIRECTION('',(0.,-1.,0.));
#1576=DIRECTION('',(0.,-1.,0.));
#1577=DIRECTION('',(0.846950462187471,0.5316718109891,0.));
#1578=DIRECTION('',(-0.5316718109891,0.846950462187471,0.));
#1579=DIRECTION('',(0.,0.,-1.));
#1580=DIRECTION('',(0.5316718109891,-0.846950462187471,0.));
#1581=DIRECTION('',(0.5316718109891,-0.846950462187471,0.));
#1582=DIRECTION('',(0.982052808814729,0.188606152336295,0.));
#1583=DIRECTION('',(-0.188606152336295,0.982052808814729,0.));
#1584=DIRECTION('',(0.,0.,-1.));
#1585=DIRECTION('',(0.188606152336295,-0.982052808814729,0.));
#1586=DIRECTION('',(0.188606152336295,-0.982052808814729,0.));
#1587=DIRECTION('',(-0.970142495749332,0.242535642620334,0.));
#1588=DIRECTION('',(-0.242535642620334,-0.970142495749332,0.));
#1589=DIRECTION('',(0.,0.,-1.));
#1590=DIRECTION('',(0.242535642620334,0.970142495749332,0.));
#1591=DIRECTION('',(0.242535642620334,0.970142495749332,0.));
#1592=DIRECTION('',(-0.341518987233041,0.939874875374013,0.));
#1593=DIRECTION('',(-0.939874875374014,-0.341518987233041,0.));
#1594=DIRECTION('',(0.,0.,-1.));
#1595=DIRECTION('',(0.939874875374014,0.341518987233041,0.));
#1596=DIRECTION('',(0.939874875374014,0.341518987233041,0.));
#1597=DIRECTION('',(0.982052808814729,0.188606152336295,0.));
#1598=DIRECTION('',(-0.188606152336295,0.982052808814729,0.));
#1599=DIRECTION('',(0.,0.,-1.));
#1600=DIRECTION('',(0.188606152336295,-0.982052808814729,0.));
#1601=DIRECTION('',(0.188606152336295,-0.982052808814729,0.));
#1602=DIRECTION('',(-0.931242673682428,0.364399619528894,0.));
#1603=DIRECTION('',(-0.364399619528894,-0.931242673682428,0.));
#1604=DIRECTION('',(0.,0.,-1.));
#1605=DIRECTION('',(0.364399619528894,0.931242673682428,0.));
#1606=DIRECTION('',(0.364399619528894,0.931242673682428,0.));
#1607=DIRECTION('',(0.982052808814729,0.188606152336295,0.));
#1608=DIRECTION('',(-0.188606152336295,0.982052808814729,0.));
#1609=DIRECTION('',(0.,0.,-1.));
#1610=DIRECTION('',(0.188606152336295,-0.982052808814729,0.));
#1611=DIRECTION('',(0.188606152336295,-0.982052808814729,0.));
#1612=DIRECTION('',(-0.970142495749332,0.242535642620334,0.));
#1613=DIRECTION('',(-0.242535642620334,-0.970142495749332,0.));
#1614=DIRECTION('',(0.,0.,-1.));
#1615=DIRECTION('',(0.242535642620334,0.970142495749332,0.));
#1616=DIRECTION('',(0.242535642620334,0.970142495749332,0.));
#1617=DIRECTION('',(0.984510814697611,0.175323859595452,0.));
#1618=DIRECTION('',(-0.175323859595452,0.984510814697611,0.));
#1619=DIRECTION('',(0.,0.,-1.));
#1620=DIRECTION('',(0.175323859595452,-0.984510814697611,0.));
#1621=DIRECTION('',(0.175323859595452,-0.984510814697611,0.));
#1622=DIRECTION('',(-0.967074517683914,0.254493373678814,0.));
#1623=DIRECTION('',(-0.254493373678815,-0.967074517683914,0.));
#1624=DIRECTION('',(0.,0.,-1.));
#1625=DIRECTION('',(0.254493373678814,0.967074517683914,0.));
#1626=DIRECTION('',(0.254493373678814,0.967074517683914,0.));
#1627=DIRECTION('',(0.930751560667471,0.36565220129936,0.));
#1628=DIRECTION('',(-0.36565220129936,0.930751560667471,0.));
#1629=DIRECTION('',(0.,0.,-1.));
#1630=DIRECTION('',(0.36565220129936,-0.930751560667471,0.));
#1631=DIRECTION('',(0.36565220129936,-0.930751560667471,0.));
#1632=DIRECTION('',(-0.982338574748939,0.187112064176051,0.));
#1633=DIRECTION('',(-0.187112064176051,-0.982338574748939,0.));
#1634=DIRECTION('',(0.,0.,-1.));
#1635=DIRECTION('',(0.187112064176051,0.982338574748939,0.));
#1636=DIRECTION('',(0.187112064176051,0.982338574748939,0.));
#1637=DIRECTION('',(0.538389263443465,0.842696268538554,0.));
#1638=DIRECTION('',(-0.842696268538554,0.538389263443465,0.));
#1639=DIRECTION('',(0.,0.,-1.));
#1640=DIRECTION('',(0.842696268538554,-0.538389263443465,0.));
#1641=DIRECTION('',(0.842696268538554,-0.538389263443465,0.));
#1642=DIRECTION('',(0.857492888411241,0.514495817596359,0.));
#1643=DIRECTION('',(-0.514495817596359,0.857492888411242,0.));
#1644=DIRECTION('',(0.,0.,-1.));
#1645=DIRECTION('',(0.514495817596359,-0.857492888411241,0.));
#1646=DIRECTION('',(0.514495817596359,-0.857492888411241,0.));
#1647=DIRECTION('',(-0.894427102808535,0.447213771882675,0.));
#1648=DIRECTION('',(-0.447213771882675,-0.894427102808535,0.));
#1649=DIRECTION('',(0.,0.,-1.));
#1650=DIRECTION('',(0.447213771882675,0.894427102808535,0.));
#1651=DIRECTION('',(0.447213771882675,0.894427102808535,0.));
#1652=DIRECTION('',(0.997199319169416,0.0747898244954026,0.));
#1653=DIRECTION('',(-0.0747898244954026,0.997199319169416,0.));
#1654=DIRECTION('',(0.,0.,-1.));
#1655=DIRECTION('',(0.0747898244954026,-0.997199319169416,0.));
#1656=DIRECTION('',(0.0747898244954026,-0.997199319169416,0.));
#1657=DIRECTION('',(0.970395639171559,0.241520813754883,0.));
#1658=DIRECTION('',(-0.241520813754883,0.970395639171559,0.));
#1659=DIRECTION('',(0.,0.,-1.));
#1660=DIRECTION('',(0.241520813754883,-0.970395639171559,0.));
#1661=DIRECTION('',(0.241520813754883,-0.970395639171559,0.));
#1662=DIRECTION('',(-0.970142512176489,0.242535576911701,0.));
#1663=DIRECTION('',(-0.242535576911701,-0.970142512176489,0.));
#1664=DIRECTION('',(0.,0.,-1.));
#1665=DIRECTION('',(0.242535576911701,0.970142512176489,0.));
#1666=DIRECTION('',(0.242535576911701,0.970142512176489,0.));
#1667=DIRECTION('',(-0.995466923191602,0.0951083846537494,0.));
#1668=DIRECTION('',(-0.0951083846537494,-0.995466923191602,0.));
#1669=DIRECTION('',(0.,0.,-1.));
#1670=DIRECTION('',(0.0951083846537494,0.995466923191602,0.));
#1671=DIRECTION('',(0.0951083846537494,0.995466923191602,0.));
#1672=DIRECTION('',(0.877895723281473,0.478851855007475,0.));
#1673=DIRECTION('',(-0.478851855007475,0.877895723281473,0.));
#1674=DIRECTION('',(0.,0.,-1.));
#1675=DIRECTION('',(0.478851855007475,-0.877895723281473,0.));
#1676=DIRECTION('',(0.478851855007475,-0.877895723281473,0.));
#1677=DIRECTION('',(-0.931242673682428,0.364399619528894,0.));
#1678=DIRECTION('',(-0.364399619528894,-0.931242673682428,0.));
#1679=DIRECTION('',(0.,0.,-1.));
#1680=DIRECTION('',(0.364399619528894,0.931242673682428,0.));
#1681=DIRECTION('',(0.364399619528894,0.931242673682428,0.));
#1682=DIRECTION('',(0.0036101054031396,-0.999993483548257,0.));
#1683=DIRECTION('',(0.999993483548257,0.0036101054031396,0.));
#1684=DIRECTION('',(-0.999993483548257,-0.0036101054031396,0.));
#1685=DIRECTION('',(0.,0.,-1.));
#1686=DIRECTION('',(-0.999993483548257,-0.0036101054031396,0.));
#1687=DIRECTION('',(0.,0.,-1.));
#1688=DIRECTION('',(-1.,0.,0.));
#1689=DIRECTION('',(0.,0.,1.));
#1690=DIRECTION('',(0.,1.,0.));
#1691=DIRECTION('',(0.,1.,0.));
#1692=DIRECTION('',(0.,0.,-1.));
#1693=DIRECTION('',(-0.931242673682428,0.364399619528894,0.));
#1694=DIRECTION('',(-0.364399619528894,-0.931242673682428,0.));
#1695=DIRECTION('',(0.364399619528894,0.931242673682428,0.));
#1696=DIRECTION('',(0.364399619528894,0.931242673682428,0.));
#1697=DIRECTION('',(0.,0.,-1.));
#1698=DIRECTION('',(0.877895723281473,0.478851855007475,0.));
#1699=DIRECTION('',(-0.478851855007475,0.877895723281473,0.));
#1700=DIRECTION('',(0.478851855007475,-0.877895723281473,0.));
#1701=DIRECTION('',(0.478851855007475,-0.877895723281473,0.));
#1702=DIRECTION('',(0.,0.,-1.));
#1703=DIRECTION('',(-0.995466923191602,0.0951083846537494,0.));
#1704=DIRECTION('',(-0.0951083846537494,-0.995466923191602,0.));
#1705=DIRECTION('',(0.0951083846537494,0.995466923191602,0.));
#1706=DIRECTION('',(0.0951083846537494,0.995466923191602,0.));
#1707=DIRECTION('',(0.,0.,-1.));
#1708=DIRECTION('',(-0.970142512176489,0.242535576911701,0.));
#1709=DIRECTION('',(-0.242535576911701,-0.970142512176489,0.));
#1710=DIRECTION('',(0.242535576911701,0.970142512176489,0.));
#1711=DIRECTION('',(0.242535576911701,0.970142512176489,0.));
#1712=DIRECTION('',(0.,0.,-1.));
#1713=DIRECTION('',(0.970395639171559,0.241520813754883,0.));
#1714=DIRECTION('',(-0.241520813754883,0.970395639171559,0.));
#1715=DIRECTION('',(0.241520813754883,-0.970395639171559,0.));
#1716=DIRECTION('',(0.241520813754883,-0.970395639171559,0.));
#1717=DIRECTION('',(0.,0.,-1.));
#1718=DIRECTION('',(0.997199319169416,0.0747898244954026,0.));
#1719=DIRECTION('',(-0.0747898244954026,0.997199319169416,0.));
#1720=DIRECTION('',(0.0747898244954026,-0.997199319169416,0.));
#1721=DIRECTION('',(0.0747898244954026,-0.997199319169416,0.));
#1722=DIRECTION('',(0.,0.,-1.));
#1723=DIRECTION('',(-0.894427102808535,0.447213771882675,0.));
#1724=DIRECTION('',(-0.447213771882675,-0.894427102808535,0.));
#1725=DIRECTION('',(0.447213771882675,0.894427102808535,0.));
#1726=DIRECTION('',(0.447213771882675,0.894427102808535,0.));
#1727=DIRECTION('',(0.,0.,-1.));
#1728=DIRECTION('',(0.857492888411241,0.514495817596359,0.));
#1729=DIRECTION('',(-0.514495817596359,0.857492888411242,0.));
#1730=DIRECTION('',(0.514495817596359,-0.857492888411241,0.));
#1731=DIRECTION('',(0.514495817596359,-0.857492888411241,0.));
#1732=DIRECTION('',(0.,0.,-1.));
#1733=DIRECTION('',(0.538389263443465,0.842696268538554,0.));
#1734=DIRECTION('',(-0.842696268538554,0.538389263443465,0.));
#1735=DIRECTION('',(0.842696268538554,-0.538389263443465,0.));
#1736=DIRECTION('',(0.842696268538554,-0.538389263443465,0.));
#1737=DIRECTION('',(0.,0.,-1.));
#1738=DIRECTION('',(-0.982338574748939,0.187112064176051,0.));
#1739=DIRECTION('',(-0.187112064176051,-0.982338574748939,0.));
#1740=DIRECTION('',(0.187112064176051,0.982338574748939,0.));
#1741=DIRECTION('',(0.187112064176051,0.982338574748939,0.));
#1742=DIRECTION('',(0.,0.,-1.));
#1743=DIRECTION('',(0.930751560667471,0.36565220129936,0.));
#1744=DIRECTION('',(-0.36565220129936,0.930751560667471,0.));
#1745=DIRECTION('',(0.36565220129936,-0.930751560667471,0.));
#1746=DIRECTION('',(0.36565220129936,-0.930751560667471,0.));
#1747=DIRECTION('',(0.,0.,-1.));
#1748=DIRECTION('',(-0.967074517683914,0.254493373678814,0.));
#1749=DIRECTION('',(-0.254493373678815,-0.967074517683914,0.));
#1750=DIRECTION('',(0.254493373678814,0.967074517683914,0.));
#1751=DIRECTION('',(0.254493373678814,0.967074517683914,0.));
#1752=DIRECTION('',(0.,0.,-1.));
#1753=DIRECTION('',(0.984510814697611,0.175323859595452,0.));
#1754=DIRECTION('',(-0.175323859595452,0.984510814697611,0.));
#1755=DIRECTION('',(0.175323859595452,-0.984510814697611,0.));
#1756=DIRECTION('',(0.175323859595452,-0.984510814697611,0.));
#1757=DIRECTION('',(0.,0.,-1.));
#1758=DIRECTION('',(-0.970142495749332,0.242535642620334,0.));
#1759=DIRECTION('',(-0.242535642620334,-0.970142495749332,0.));
#1760=DIRECTION('',(0.242535642620334,0.970142495749332,0.));
#1761=DIRECTION('',(0.242535642620334,0.970142495749332,0.));
#1762=DIRECTION('',(0.,0.,-1.));
#1763=DIRECTION('',(0.982052808814729,0.188606152336295,0.));
#1764=DIRECTION('',(-0.188606152336295,0.982052808814729,0.));
#1765=DIRECTION('',(0.188606152336295,-0.982052808814729,0.));
#1766=DIRECTION('',(0.188606152336295,-0.982052808814729,0.));
#1767=DIRECTION('',(0.,0.,-1.));
#1768=DIRECTION('',(-0.931242673682428,0.364399619528894,0.));
#1769=DIRECTION('',(-0.364399619528894,-0.931242673682428,0.));
#1770=DIRECTION('',(0.364399619528894,0.931242673682428,0.));
#1771=DIRECTION('',(0.364399619528894,0.931242673682428,0.));
#1772=DIRECTION('',(0.,0.,-1.));
#1773=DIRECTION('',(0.982052808814729,0.188606152336295,0.));
#1774=DIRECTION('',(-0.188606152336295,0.982052808814729,0.));
#1775=DIRECTION('',(0.188606152336295,-0.982052808814729,0.));
#1776=DIRECTION('',(0.188606152336295,-0.982052808814729,0.));
#1777=DIRECTION('',(0.,0.,-1.));
#1778=DIRECTION('',(-0.341518987233041,0.939874875374013,0.));
#1779=DIRECTION('',(-0.939874875374014,-0.341518987233041,0.));
#1780=DIRECTION('',(0.939874875374014,0.341518987233041,0.));
#1781=DIRECTION('',(0.939874875374014,0.341518987233041,0.));
#1782=DIRECTION('',(0.,0.,-1.));
#1783=DIRECTION('',(-0.970142495749332,0.242535642620334,0.));
#1784=DIRECTION('',(-0.242535642620334,-0.970142495749332,0.));
#1785=DIRECTION('',(0.242535642620334,0.970142495749332,0.));
#1786=DIRECTION('',(0.242535642620334,0.970142495749332,0.));
#1787=DIRECTION('',(0.,0.,-1.));
#1788=DIRECTION('',(0.982052808814729,0.188606152336295,0.));
#1789=DIRECTION('',(-0.188606152336295,0.982052808814729,0.));
#1790=DIRECTION('',(0.188606152336295,-0.982052808814729,0.));
#1791=DIRECTION('',(0.188606152336295,-0.982052808814729,0.));
#1792=DIRECTION('',(0.,0.,-1.));
#1793=DIRECTION('',(0.846950462187471,0.5316718109891,0.));
#1794=DIRECTION('',(-0.5316718109891,0.846950462187471,0.));
#1795=DIRECTION('',(0.5316718109891,-0.846950462187471,0.));
#1796=DIRECTION('',(0.5316718109891,-0.846950462187471,0.));
#1797=DIRECTION('',(0.,0.,-1.));
#1798=DIRECTION('',(1.,0.,0.));
#1799=DIRECTION('',(0.,0.,-1.));
#1800=DIRECTION('',(0.,-1.,0.));
#1801=DIRECTION('',(0.,-1.,0.));
#1802=DIRECTION('',(-1.,0.,0.));
#1803=DIRECTION('',(0.,0.,1.));
#1804=DIRECTION('',(0.,1.,0.));
#1805=DIRECTION('',(0.,1.,0.));
#1806=DIRECTION('',(0.,0.,-1.));
#1807=DIRECTION('',(-1.,0.,0.));
#1808=DIRECTION('',(-0.0036101054031396,0.999993483548257,0.));
#1809=DIRECTION('',(-0.999993483548257,-0.0036101054031396,0.));
#1810=DIRECTION('',(-0.999993483548257,-0.0036101054031396,0.));
#1811=DIRECTION('',(0.,0.,1.));
#1812=DIRECTION('',(-0.999993483548257,-0.0036101054031396,0.));
#1813=DIRECTION('',(0.,0.,1.));
#1814=DIRECTION('',(1.,0.,0.));
#1815=DIRECTION('',(0.,0.,-1.));
#1816=DIRECTION('',(0.,1.,0.));
#1817=DIRECTION('',(0.,0.,1.));
#1818=DIRECTION('',(0.,1.,0.));
#1819=DIRECTION('',(0.931242673682428,-0.364399619528894,0.));
#1820=DIRECTION('',(0.364399619528894,0.931242673682428,0.));
#1821=DIRECTION('',(0.364399619528894,0.931242673682428,0.));
#1822=DIRECTION('',(0.,0.,1.));
#1823=DIRECTION('',(0.364399619528894,0.931242673682428,0.));
#1824=DIRECTION('',(0.995466923191602,-0.0951083846537494,0.));
#1825=DIRECTION('',(0.0951083846537494,0.995466923191602,0.));
#1826=DIRECTION('',(0.0951083846537494,0.995466923191602,0.));
#1827=DIRECTION('',(0.,0.,1.));
#1828=DIRECTION('',(0.0951083846537494,0.995466923191602,0.));
#1829=DIRECTION('',(0.970142512176489,-0.242535576911701,0.));
#1830=DIRECTION('',(0.242535576911701,0.970142512176489,0.));
#1831=DIRECTION('',(0.242535576911701,0.970142512176489,0.));
#1832=DIRECTION('',(0.,0.,1.));
#1833=DIRECTION('',(0.242535576911701,0.970142512176489,0.));
#1834=DIRECTION('',(-0.970395639171559,-0.241520813754883,0.));
#1835=DIRECTION('',(0.241520813754883,-0.97039563917156,0.));
#1836=DIRECTION('',(0.241520813754883,-0.970395639171559,0.));
#1837=DIRECTION('',(0.,0.,1.));
#1838=DIRECTION('',(0.241520813754883,-0.970395639171559,0.));
#1839=DIRECTION('',(-0.997199319169416,-0.0747898244954026,0.));
#1840=DIRECTION('',(0.0747898244954026,-0.997199319169416,0.));
#1841=DIRECTION('',(0.0747898244954026,-0.997199319169416,0.));
#1842=DIRECTION('',(0.,0.,1.));
#1843=DIRECTION('',(0.0747898244954026,-0.997199319169416,0.));
#1844=DIRECTION('',(-0.857492888411242,-0.514495817596359,0.));
#1845=DIRECTION('',(0.514495817596359,-0.857492888411242,0.));
#1846=DIRECTION('',(0.514495817596359,-0.857492888411241,0.));
#1847=DIRECTION('',(0.,0.,1.));
#1848=DIRECTION('',(0.514495817596359,-0.857492888411241,0.));
#1849=DIRECTION('',(0.982338574748939,-0.187112064176051,0.));
#1850=DIRECTION('',(0.187112064176051,0.982338574748939,0.));
#1851=DIRECTION('',(0.187112064176051,0.982338574748939,0.));
#1852=DIRECTION('',(0.,0.,1.));
#1853=DIRECTION('',(0.187112064176051,0.982338574748939,0.));
#1854=DIRECTION('',(-0.930751560667471,-0.36565220129936,0.));
#1855=DIRECTION('',(0.36565220129936,-0.930751560667471,0.));
#1856=DIRECTION('',(0.36565220129936,-0.930751560667471,0.));
#1857=DIRECTION('',(0.,0.,1.));
#1858=DIRECTION('',(0.36565220129936,-0.930751560667471,0.));
#1859=DIRECTION('',(0.967074517683914,-0.254493373678814,0.));
#1860=DIRECTION('',(0.254493373678814,0.967074517683914,0.));
#1861=DIRECTION('',(0.254493373678814,0.967074517683914,0.));
#1862=DIRECTION('',(0.,0.,1.));
#1863=DIRECTION('',(0.254493373678814,0.967074517683914,0.));
#1864=DIRECTION('',(-0.984510814697611,-0.175323859595452,0.));
#1865=DIRECTION('',(0.175323859595452,-0.984510814697611,0.));
#1866=DIRECTION('',(0.175323859595452,-0.984510814697611,0.));
#1867=DIRECTION('',(0.,0.,1.));
#1868=DIRECTION('',(0.175323859595452,-0.984510814697611,0.));
#1869=DIRECTION('',(0.970142495749332,-0.242535642620334,0.));
#1870=DIRECTION('',(0.242535642620334,0.970142495749332,0.));
#1871=DIRECTION('',(0.242535642620334,0.970142495749332,0.));
#1872=DIRECTION('',(0.,0.,1.));
#1873=DIRECTION('',(0.242535642620334,0.970142495749332,0.));
#1874=DIRECTION('',(-0.982052808814729,-0.188606152336295,0.));
#1875=DIRECTION('',(0.188606152336295,-0.982052808814729,0.));
#1876=DIRECTION('',(0.188606152336295,-0.982052808814729,0.));
#1877=DIRECTION('',(0.,0.,1.));
#1878=DIRECTION('',(0.188606152336295,-0.982052808814729,0.));
#1879=DIRECTION('',(0.931242673682428,-0.364399619528894,0.));
#1880=DIRECTION('',(0.364399619528894,0.931242673682428,0.));
#1881=DIRECTION('',(0.364399619528894,0.931242673682428,0.));
#1882=DIRECTION('',(0.,0.,1.));
#1883=DIRECTION('',(0.364399619528894,0.931242673682428,0.));
#1884=DIRECTION('',(-0.982052808814729,-0.188606152336295,0.));
#1885=DIRECTION('',(0.188606152336295,-0.982052808814729,0.));
#1886=DIRECTION('',(0.188606152336295,-0.982052808814729,0.));
#1887=DIRECTION('',(0.,0.,1.));
#1888=DIRECTION('',(0.188606152336295,-0.982052808814729,0.));
#1889=DIRECTION('',(0.341518987233041,-0.939874875374014,0.));
#1890=DIRECTION('',(0.939874875374014,0.341518987233041,0.));
#1891=DIRECTION('',(0.939874875374014,0.341518987233041,0.));
#1892=DIRECTION('',(0.,0.,1.));
#1893=DIRECTION('',(0.939874875374014,0.341518987233041,0.));
#1894=DIRECTION('',(0.970142495749332,-0.242535642620334,0.));
#1895=DIRECTION('',(0.242535642620334,0.970142495749332,0.));
#1896=DIRECTION('',(0.242535642620334,0.970142495749332,0.));
#1897=DIRECTION('',(0.,0.,1.));
#1898=DIRECTION('',(0.242535642620334,0.970142495749332,0.));
#1899=DIRECTION('',(-0.982052808814729,-0.188606152336295,0.));
#1900=DIRECTION('',(0.188606152336295,-0.982052808814729,0.));
#1901=DIRECTION('',(0.188606152336295,-0.982052808814729,0.));
#1902=DIRECTION('',(0.,0.,1.));
#1903=DIRECTION('',(0.188606152336295,-0.982052808814729,0.));
#1904=DIRECTION('',(-0.846950462187471,-0.5316718109891,0.));
#1905=DIRECTION('',(0.5316718109891,-0.846950462187471,0.));
#1906=DIRECTION('',(0.5316718109891,-0.846950462187471,0.));
#1907=DIRECTION('',(0.,0.,1.));
#1908=DIRECTION('',(0.5316718109891,-0.846950462187471,0.));
#1909=DIRECTION('',(-1.,0.,0.));
#1910=DIRECTION('',(0.,0.,1.));
#1911=DIRECTION('',(0.,-1.,0.));
#1912=DIRECTION('',(0.,-1.,0.));
#1913=DIRECTION('',(0.,0.,-1.));
#1914=DIRECTION('',(-1.,0.,0.));
#1915=DIRECTION('',(0.,0.,-1.));
#1916=DIRECTION('',(-1.,0.,0.));
#1917=CARTESIAN_POINT('',(0.,0.,0.));
#1918=CARTESIAN_POINT('',(-0.00245178714394569,-0.0446169259026647,0.01143));
#1919=CARTESIAN_POINT('',(0.0289446327835322,-0.0445035807788372,0.01143));
#1920=CARTESIAN_POINT('',(0.0289446327835322,-0.0445035807788372,0.01143));
#1921=CARTESIAN_POINT('',(0.0289446327835322,-0.0445035807788372,-0.0013716));
#1922=CARTESIAN_POINT('',(-0.00245178714394569,-0.0446169259026647,-0.0013716));
#1923=CARTESIAN_POINT('',(-0.0338482070714235,-0.0447302710264922,-0.0013716));
#1924=CARTESIAN_POINT('',(-0.0338482070714235,-0.0447302710264922,0.01143));
#1925=CARTESIAN_POINT('',(-0.0338482070714235,-0.0447302710264922,0.01143));
#1926=CARTESIAN_POINT('',(-0.00245178714394569,-0.0446169259026647,0.01143));
#1927=CARTESIAN_POINT('',(0.0289446327835322,-0.0297688001766801,0.01143));
#1928=CARTESIAN_POINT('',(0.0289446327835322,-0.0150340195745229,0.01143));
#1929=CARTESIAN_POINT('',(0.0289446327835322,-0.0150340195745229,0.01143));
#1930=CARTESIAN_POINT('',(0.0289446327835322,-0.0150340195745229,-0.0013716));
#1931=CARTESIAN_POINT('',(0.0289446327835322,-0.0297688001766801,-0.0013716));
#1932=CARTESIAN_POINT('',(0.0289446327835322,-0.0297688001766801,0.01143));
#1933=CARTESIAN_POINT('',(0.0265040081909068,-0.0111461171429371,0.01143));
#1934=CARTESIAN_POINT('',(0.0240633835982813,-0.00725821471135122,0.01143));
#1935=CARTESIAN_POINT('',(0.0240633835982813,-0.00725821471135122,0.01143));
#1936=CARTESIAN_POINT('',(0.0240633835982813,-0.00725821471135122,-0.0013716));
#1937=CARTESIAN_POINT('',(0.0265040081909068,-0.0111461171429371,-0.0013716));
#1938=CARTESIAN_POINT('',(0.0265040081909068,-0.0111461171429371,0.01143));
#1939=CARTESIAN_POINT('',(0.023607056808549,-0.00488216811879333,0.01143));
#1940=CARTESIAN_POINT('',(0.0231507300188166,-0.00250612152623543,0.01143));
#1941=CARTESIAN_POINT('',(0.0231507300188166,-0.00250612152623543,0.01143));
#1942=CARTESIAN_POINT('',(0.0231507300188166,-0.00250612152623543,-0.0013716));
#1943=CARTESIAN_POINT('',(0.023607056808549,-0.00488216811879333,-0.0013716));
#1944=CARTESIAN_POINT('',(0.023607056808549,-0.00488216811879333,0.01143));
#1945=CARTESIAN_POINT('',(0.0225340026790908,-0.00497303069510762,0.01143));
#1946=CARTESIAN_POINT('',(0.021917275339365,-0.00743993986397982,0.01143));
#1947=CARTESIAN_POINT('',(0.021917275339365,-0.00743993986397982,0.01143));
#1948=CARTESIAN_POINT('',(0.021917275339365,-0.00743993986397982,-0.0013716));
#1949=CARTESIAN_POINT('',(0.0225340026790908,-0.00497303069510762,-0.0013716));
#1950=CARTESIAN_POINT('',(0.0225340026790908,-0.00497303069510762,0.01143));
#1951=CARTESIAN_POINT('',(0.0165147748154176,-0.00940302724487215,0.01143));
#1952=CARTESIAN_POINT('',(0.0111122742914703,-0.0113661146257645,0.01143));
#1953=CARTESIAN_POINT('',(0.0111122742914703,-0.0113661146257645,0.01143));
#1954=CARTESIAN_POINT('',(0.0111122742914703,-0.0113661146257645,-0.0013716));
#1955=CARTESIAN_POINT('',(0.0165147748154176,-0.00940302724487215,-0.0013716));
#1956=CARTESIAN_POINT('',(0.0165147748154176,-0.00940302724487215,0.01143));
#1957=CARTESIAN_POINT('',(0.0103771716127279,-0.00753851069299876,0.01143));
#1958=CARTESIAN_POINT('',(0.00964206893398546,-0.00371090676023304,0.01143));
#1959=CARTESIAN_POINT('',(0.00964206893398546,-0.00371090676023304,0.01143));
#1960=CARTESIAN_POINT('',(0.00964206893398546,-0.00371090676023304,-0.0013716));
#1961=CARTESIAN_POINT('',(0.0103771716127279,-0.00753851069299876,-0.0013716));
#1962=CARTESIAN_POINT('',(0.0103771716127279,-0.00753851069299876,0.01143));
#1963=CARTESIAN_POINT('',(0.00897900326378238,-0.00540540646455556,0.01143));
#1964=CARTESIAN_POINT('',(0.00831593759357929,-0.00709990616887808,0.01143));
#1965=CARTESIAN_POINT('',(0.00831593759357929,-0.00709990616887808,0.01143));
#1966=CARTESIAN_POINT('',(0.00831593759357929,-0.00709990616887808,-0.0013716));
#1967=CARTESIAN_POINT('',(0.00897900326378238,-0.00540540646455556,-0.0013716));
#1968=CARTESIAN_POINT('',(0.00897900326378238,-0.00540540646455556,0.01143));
#1969=CARTESIAN_POINT('',(0.00667244293726981,0.00145760122686625,0.01143));
#1970=CARTESIAN_POINT('',(0.00502894828096032,0.0100151086226106,0.01143));
#1971=CARTESIAN_POINT('',(0.00502894828096032,0.0100151086226106,0.01143));
#1972=CARTESIAN_POINT('',(0.00502894828096032,0.0100151086226106,-0.0013716));
#1973=CARTESIAN_POINT('',(0.00667244293726981,0.00145760122686625,-0.0013716));
#1974=CARTESIAN_POINT('',(0.00667244293726981,0.00145760122686625,0.01143));
#1975=CARTESIAN_POINT('',(0.00400884803384542,0.00593470794847235,0.01143));
#1976=CARTESIAN_POINT('',(0.00298874778673053,0.00185430727433413,0.01143));
#1977=CARTESIAN_POINT('',(0.00298874778673053,0.00185430727433413,0.01143));
#1978=CARTESIAN_POINT('',(0.00298874778673053,0.00185430727433413,-0.0013716));
#1979=CARTESIAN_POINT('',(0.00400884803384542,0.00593470794847235,-0.0013716));
#1980=CARTESIAN_POINT('',(0.00400884803384542,0.00593470794847235,0.01143));
#1981=CARTESIAN_POINT('',(0.00225200872519054,0.00599138009129092,0.01143));
#1982=CARTESIAN_POINT('',(0.00151526966365054,0.0101284529082477,0.01143));
#1983=CARTESIAN_POINT('',(0.00151526966365054,0.0101284529082477,0.01143));
#1984=CARTESIAN_POINT('',(0.00151526966365054,0.0101284529082477,-0.0013716));
#1985=CARTESIAN_POINT('',(0.00225200872519054,0.00599138009129092,-0.0013716));
#1986=CARTESIAN_POINT('',(0.00225200872519054,0.00599138009129092,0.01143));
#1987=CARTESIAN_POINT('',(-0.000751620397204533,0.00151427336968482,0.01143));
#1988=CARTESIAN_POINT('',(-0.00301851045805961,-0.00709990616887808,0.01143));
#1989=CARTESIAN_POINT('',(-0.00301851045805961,-0.00709990616887808,0.01143));
#1990=CARTESIAN_POINT('',(-0.00301851045805961,-0.00709990616887808,-0.0013716));
#1991=CARTESIAN_POINT('',(-0.000751620397204533,0.00151427336968482,-0.0013716));
#1992=CARTESIAN_POINT('',(-0.000751620397204533,0.00151427336968482,0.01143));
#1993=CARTESIAN_POINT('',(-0.00364190476248041,-0.00551308344583958,0.01143));
#1994=CARTESIAN_POINT('',(-0.00426529906690121,-0.00392626072280109,0.01143));
#1995=CARTESIAN_POINT('',(-0.00426529906690121,-0.00392626072280109,0.01143));
#1996=CARTESIAN_POINT('',(-0.00426529906690121,-0.00392626072280109,-0.0013716));
#1997=CARTESIAN_POINT('',(-0.00364190476248041,-0.00551308344583958,-0.0013716));
#1998=CARTESIAN_POINT('',(-0.00364190476248041,-0.00551308344583958,0.01143));
#1999=CARTESIAN_POINT('',(-0.00517205460928381,-0.00868672847282141,0.01143));
#2000=CARTESIAN_POINT('',(-0.0060788101516664,-0.0134471962228417,0.01143));
#2001=CARTESIAN_POINT('',(-0.0060788101516664,-0.0134471962228417,0.01143));
#2002=CARTESIAN_POINT('',(-0.0060788101516664,-0.0134471962228417,-0.0013716));
#2003=CARTESIAN_POINT('',(-0.00517205460928381,-0.00868672847282141,-0.0013716));
#2004=CARTESIAN_POINT('',(-0.00517205460928381,-0.00868672847282141,0.01143));
#2005=CARTESIAN_POINT('',(-0.0081190106458962,-0.0121437348425388,0.01143));
#2006=CARTESIAN_POINT('',(-0.010159211140126,-0.0108402734622359,0.01143));
#2007=CARTESIAN_POINT('',(-0.010159211140126,-0.0108402734622359,0.01143));
#2008=CARTESIAN_POINT('',(-0.010159211140126,-0.0108402734622359,-0.0013716));
#2009=CARTESIAN_POINT('',(-0.0081190106458962,-0.0121437348425388,-0.0013716));
#2010=CARTESIAN_POINT('',(-0.0081190106458962,-0.0121437348425388,0.01143));
#2011=CARTESIAN_POINT('',(-0.0111793113872409,-0.00914010666310787,0.01143));
#2012=CARTESIAN_POINT('',(-0.0121994116343558,-0.00743993986397982,0.01143));
#2013=CARTESIAN_POINT('',(-0.0121994116343558,-0.00743993986397982,0.01143));
#2014=CARTESIAN_POINT('',(-0.0121994116343558,-0.00743993986397982,-0.0013716));
#2015=CARTESIAN_POINT('',(-0.0111793113872409,-0.00914010666310787,-0.0013716));
#2016=CARTESIAN_POINT('',(-0.0111793113872409,-0.00914010666310787,0.01143));
#2017=CARTESIAN_POINT('',(-0.013049495453015,-0.00914010666310787,0.01143));
#2018=CARTESIAN_POINT('',(-0.0138995792716742,-0.0108402734622359,0.01143));
#2019=CARTESIAN_POINT('',(-0.0138995792716742,-0.0108402734622359,0.01143));
#2020=CARTESIAN_POINT('',(-0.0138995792716742,-0.0108402734622359,-0.0013716));
#2021=CARTESIAN_POINT('',(-0.013049495453015,-0.00914010666310787,-0.0013716));
#2022=CARTESIAN_POINT('',(-0.013049495453015,-0.00914010666310787,0.01143));
#2023=CARTESIAN_POINT('',(-0.014579644985497,-0.001772715523839,0.01143));
#2024=CARTESIAN_POINT('',(-0.0152597106993199,0.00729484241455793,0.01143));
#2025=CARTESIAN_POINT('',(-0.0152597106993199,0.00729484241455793,0.01143));
#2026=CARTESIAN_POINT('',(-0.0152597106993199,0.00729484241455793,-0.0013716));
#2027=CARTESIAN_POINT('',(-0.014579644985497,-0.001772715523839,-0.0013716));
#2028=CARTESIAN_POINT('',(-0.014579644985497,-0.001772715523839,0.01143));
#2029=CARTESIAN_POINT('',(-0.0184333574026823,0.020046095084399,0.01143));
#2030=CARTESIAN_POINT('',(-0.0216070041060448,0.03279734775424,0.01143));
#2031=CARTESIAN_POINT('',(-0.0216070041060448,0.03279734775424,0.01143));
#2032=CARTESIAN_POINT('',(-0.0216070041060448,0.03279734775424,-0.0013716));
#2033=CARTESIAN_POINT('',(-0.0184333574026823,0.020046095084399,-0.0013716));
#2034=CARTESIAN_POINT('',(-0.0184333574026823,0.020046095084399,0.01143));
#2035=CARTESIAN_POINT('',(-0.02483732085675,0.0198760780273005,0.01143));
#2036=CARTESIAN_POINT('',(-0.0280676376074553,0.00695480830036103,0.01143));
#2037=CARTESIAN_POINT('',(-0.0280676376074553,0.00695480830036103,0.01143));
#2038=CARTESIAN_POINT('',(-0.0280676376074553,0.00695480830036103,-0.0013716));
#2039=CARTESIAN_POINT('',(-0.02483732085675,0.0198760780273005,-0.0013716));
#2040=CARTESIAN_POINT('',(-0.02483732085675,0.0198760780273005,0.01143));
#2041=CARTESIAN_POINT('',(-0.0289177218452096,-0.00194273258093745,0.01143));
#2042=CARTESIAN_POINT('',(-0.029767806082964,-0.0108402734622359,0.01143));
#2043=CARTESIAN_POINT('',(-0.029767806082964,-0.0108402734622359,0.01143));
#2044=CARTESIAN_POINT('',(-0.029767806082964,-0.0108402734622359,-0.0013716));
#2045=CARTESIAN_POINT('',(-0.0289177218452096,-0.00194273258093745,-0.0013716));
#2046=CARTESIAN_POINT('',(-0.0289177218452096,-0.00194273258093745,0.01143));
#2047=CARTESIAN_POINT('',(-0.0307879054918885,-0.008970089815557,0.01143));
#2048=CARTESIAN_POINT('',(-0.0318080049008131,-0.00709990616887808,0.01143));
#2049=CARTESIAN_POINT('',(-0.0318080049008131,-0.00709990616887808,0.01143));
#2050=CARTESIAN_POINT('',(-0.0318080049008131,-0.00709990616887808,-0.0013716));
#2051=CARTESIAN_POINT('',(-0.0307879054918885,-0.008970089815557,-0.0013716));
#2052=CARTESIAN_POINT('',(-0.0307879054918885,-0.008970089815557,0.01143));
#2053=CARTESIAN_POINT('',(-0.0328281059861183,-0.00970682892948389,0.01143));
#2054=CARTESIAN_POINT('',(-0.0338482070714235,-0.0123137516900897,0.01143));
#2055=CARTESIAN_POINT('',(-0.0338482070714235,-0.0123137516900897,0.01143));
#2056=CARTESIAN_POINT('',(-0.0338482070714235,-0.0123137516900897,-0.0013716));
#2057=CARTESIAN_POINT('',(-0.0328281059861183,-0.00970682892948389,-0.0013716));
#2058=CARTESIAN_POINT('',(-0.0328281059861183,-0.00970682892948389,0.01143));
#2059=CARTESIAN_POINT('',(-0.00244601025327959,-0.0462171154750386,0.01143));
#2060=CARTESIAN_POINT('',(-0.00244601025327959,-0.0462171154750386,0.));
#2061=CARTESIAN_POINT('',(0.0305448327835321,-0.0460980142782201,0.));
#2062=CARTESIAN_POINT('',(-0.0354484070714235,-0.0463362583824973,0.));
#2063=CARTESIAN_POINT('',(0.0305448327835321,-0.0460980142782201,0.01143));
#2064=CARTESIAN_POINT('',(0.0305448327835321,-0.0460980142782201,0.01143));
#2065=CARTESIAN_POINT('',(-0.00244601025327959,-0.0462171154750386,0.01143));
#2066=CARTESIAN_POINT('',(-0.0354484070714235,-0.0463362583824973,0.01143));
#2067=CARTESIAN_POINT('',(-0.0354484070714235,-0.0463362583824973,0.01143));
#2068=CARTESIAN_POINT('',(-0.0354484070714235,-0.0285220113582909,0.01143));
#2069=CARTESIAN_POINT('',(-0.0354484070714235,-0.0285220113582909,0.));
#2070=CARTESIAN_POINT('',(-0.0354484070714235,-0.0120118153880825,0.));
#2071=CARTESIAN_POINT('',(-0.0354484070714235,-0.0285220113582909,0.01143));
#2072=CARTESIAN_POINT('',(-0.0354484070714235,-0.0120118153880825,0.01143));
#2073=CARTESIAN_POINT('',(-0.0354484070714235,-0.0120118153880825,0.01143));
#2074=CARTESIAN_POINT('',(-0.034318280512545,-0.00912371665831375,0.01143));
#2075=CARTESIAN_POINT('',(-0.034318280512545,-0.00912371665831375,0.));
#2076=CARTESIAN_POINT('',(-0.0320471519089129,-0.00331972631425881,0.));
#2077=CARTESIAN_POINT('',(-0.034318280512545,-0.00912371665831375,0.01143));
#2078=CARTESIAN_POINT('',(-0.0320471519089129,-0.00331972631425881,0.01143));
#2079=CARTESIAN_POINT('',(-0.0320471519089129,-0.00331972631425881,0.01143));
#2080=CARTESIAN_POINT('',(-0.0293830967554935,-0.00820383107717404,0.01143));
#2081=CARTESIAN_POINT('',(-0.0293830967554935,-0.00820383107717404,0.));
#2082=CARTESIAN_POINT('',(-0.0308640076933266,-0.00548882566310059,0.));
#2083=CARTESIAN_POINT('',(-0.0293830967554935,-0.00820383107717404,0.01143));
#2084=CARTESIAN_POINT('',(-0.0308640076933266,-0.00548882566310059,0.01143));
#2085=CARTESIAN_POINT('',(-0.0308640076933266,-0.00548882566310059,0.01143));
#2086=CARTESIAN_POINT('',(-0.0305106680157008,-0.00179054014381451,0.01143));
#2087=CARTESIAN_POINT('',(-0.0305106680157008,-0.00179054014381451,0.));
#2088=CARTESIAN_POINT('',(-0.0296491688430747,0.00722647695544892,0.));
#2089=CARTESIAN_POINT('',(-0.0305106680157008,-0.00179054014381451,0.01143));
#2090=CARTESIAN_POINT('',(-0.0296491688430747,0.00722647695544892,0.01143));
#2091=CARTESIAN_POINT('',(-0.0296491688430747,0.00722647695544892,0.01143));
#2092=CARTESIAN_POINT('',(-0.0263897429047349,0.0202641834574747,0.01143));
#2093=CARTESIAN_POINT('',(-0.0263897429047349,0.0202641834574747,0.));
#2094=CARTESIAN_POINT('',(-0.0216035466975863,0.0394089723222565,0.));
#2095=CARTESIAN_POINT('',(-0.0263897429047349,0.0202641834574747,0.01143));
#2096=CARTESIAN_POINT('',(-0.0216035466975863,0.0394089723222565,0.01143));
#2097=CARTESIAN_POINT('',(-0.0216035466975863,0.0394089723222565,0.01143));
#2098=CARTESIAN_POINT('',(-0.01688053030088,0.0204325766905696,0.01143));
#2099=CARTESIAN_POINT('',(-0.01688053030088,0.0204325766905696,0.));
#2100=CARTESIAN_POINT('',(-0.0136741337369558,0.00754973982565045,0.));
#2101=CARTESIAN_POINT('',(-0.01688053030088,0.0204325766905696,0.01143));
#2102=CARTESIAN_POINT('',(-0.0136741337369558,0.00754973982565045,0.01143));
#2103=CARTESIAN_POINT('',(-0.0136741337369558,0.00754973982565045,0.01143));
#2104=CARTESIAN_POINT('',(-0.0129839266349621,-0.00165303684668145,0.01143));
#2105=CARTESIAN_POINT('',(-0.0129839266349621,-0.00165303684668145,0.));
#2106=CARTESIAN_POINT('',(-0.0127375501704651,-0.00493806183923131,0.));
#2107=CARTESIAN_POINT('',(-0.0129839266349621,-0.00165303684668145,0.01143));
#2108=CARTESIAN_POINT('',(-0.0127375501704651,-0.00493806183923131,0.01143));
#2109=CARTESIAN_POINT('',(-0.0127375501704651,-0.00493806183923131,0.01143));
#2110=CARTESIAN_POINT('',(-0.0144807577029292,-0.00842447518534122,0.01143));
#2111=CARTESIAN_POINT('',(-0.0144807577029292,-0.00842447518534122,0.));
#2112=CARTESIAN_POINT('',(-0.0123270276422431,-0.00411701718756635,0.));
#2113=CARTESIAN_POINT('',(-0.0144807577029292,-0.00842447518534122,0.01143));
#2114=CARTESIAN_POINT('',(-0.0123270276422431,-0.00411701718756635,0.01143));
#2115=CARTESIAN_POINT('',(-0.0123270276422431,-0.00411701718756635,0.01143));
#2116=CARTESIAN_POINT('',(-0.00980715126720522,-0.00831681045579018,0.01143));
#2117=CARTESIAN_POINT('',(-0.00980715126720522,-0.00831681045579018,0.));
#2118=CARTESIAN_POINT('',(-0.00898062480147412,-0.00969435433896346,0.));
#2119=CARTESIAN_POINT('',(-0.00980715126720522,-0.00831681045579018,0.01143));
#2120=CARTESIAN_POINT('',(-0.00898062480147412,-0.00969435433896346,0.01143));
#2121=CARTESIAN_POINT('',(-0.00898062480147412,-0.00969435433896346,0.01143));
#2122=CARTESIAN_POINT('',(-0.00725748014653396,-0.0107952522736234,0.01143));
#2123=CARTESIAN_POINT('',(-0.00725748014653396,-0.0107952522736234,0.));
#2124=CARTESIAN_POINT('',(-0.00720859679037899,-0.0108264833056067,0.));
#2125=CARTESIAN_POINT('',(-0.00725748014653396,-0.0107952522736234,0.01143));
#2126=CARTESIAN_POINT('',(-0.00720859679037899,-0.0108264833056067,0.01143));
#2127=CARTESIAN_POINT('',(-0.00720859679037899,-0.0108264833056067,0.01143));
#2128=CARTESIAN_POINT('',(-0.00674399279659706,-0.0083873117477269,0.01143));
#2129=CARTESIAN_POINT('',(-0.00674399279659706,-0.0083873117477269,0.));
#2130=CARTESIAN_POINT('',(-0.00480097058696825,0.00181355732246001,0.));
#2131=CARTESIAN_POINT('',(-0.00674399279659706,-0.0083873117477269,0.01143));
#2132=CARTESIAN_POINT('',(-0.00480097058696825,0.00181355732246001,0.01143));
#2133=CARTESIAN_POINT('',(-0.00480097058696825,0.00181355732246001,0.01143));
#2134=CARTESIAN_POINT('',(-0.00215251611510032,-0.00492796679332035,0.01143));
#2135=CARTESIAN_POINT('',(-0.00215251611510032,-0.00492796679332035,0.));
#2136=CARTESIAN_POINT('',(-0.00331974918404707,-0.00195682646728298,0.));
#2137=CARTESIAN_POINT('',(-0.00215251611510032,-0.00492796679332035,0.01143));
#2138=CARTESIAN_POINT('',(-0.00331974918404707,-0.00195682646728298,0.01143));
#2139=CARTESIAN_POINT('',(-0.00331974918404707,-0.00195682646728298,0.01143));
#2140=CARTESIAN_POINT('',(-0.00229913304040233,0.00192151366624566,0.01143));
#2141=CARTESIAN_POINT('',(-0.00229913304040233,0.00192151366624566,0.));
#2142=CARTESIAN_POINT('',(0.00181683176198526,0.0175621750262405,0.));
#2143=CARTESIAN_POINT('',(-0.00229913304040233,0.00192151366624566,0.01143));
#2144=CARTESIAN_POINT('',(0.00181683176198526,0.0175621750262405,0.01143));
#2145=CARTESIAN_POINT('',(0.00181683176198526,0.0175621750262405,0.01143));
#2146=CARTESIAN_POINT('',(0.00382742293086966,0.00627193333141556,0.01143));
#2147=CARTESIAN_POINT('',(0.00382742293086966,0.00627193333141556,0.));
#2148=CARTESIAN_POINT('',(0.0032517966718693,0.00950429587760534,0.));
#2149=CARTESIAN_POINT('',(0.00382742293086966,0.00627193333141556,0.01143));
#2150=CARTESIAN_POINT('',(0.0032517966718693,0.00950429587760534,0.01143));
#2151=CARTESIAN_POINT('',(0.0032517966718693,0.00950429587760534,0.01143));
#2152=CARTESIAN_POINT('',(0.00245642601214734,0.00632281348379341,0.01143));
#2153=CARTESIAN_POINT('',(0.00245642601214734,0.00632281348379341,0.));
#2154=CARTESIAN_POINT('',(0.0052338548518319,0.0174325279867283,0.));
#2155=CARTESIAN_POINT('',(0.00245642601214734,0.00632281348379341,0.01143));
#2156=CARTESIAN_POINT('',(0.0052338548518319,0.0174325279867283,0.01143));
#2157=CARTESIAN_POINT('',(0.0052338548518319,0.0174325279867283,0.01143));
#2158=CARTESIAN_POINT('',(0.00824392384193514,0.00175940879183478,0.01143));
#2159=CARTESIAN_POINT('',(0.00824392384193514,0.00175940879183478,0.));
#2160=CARTESIAN_POINT('',(0.00884322134874626,-0.00136107159859343,0.));
#2161=CARTESIAN_POINT('',(0.00824392384193514,0.00175940879183478,0.01143));
#2162=CARTESIAN_POINT('',(0.00884322134874626,-0.00136107159859343,0.01143));
#2163=CARTESIAN_POINT('',(0.00884322134874626,-0.00136107159859343,0.01143));
#2164=CARTESIAN_POINT('',(0.00748882873735576,-0.00482229419338542,0.01143));
#2165=CARTESIAN_POINT('',(0.00748882873735576,-0.00482229419338542,0.));
#2166=CARTESIAN_POINT('',(0.0101693526891524,0.00202792781005162,0.));
#2167=CARTESIAN_POINT('',(0.00748882873735576,-0.00482229419338542,0.01143));
#2168=CARTESIAN_POINT('',(0.0101693526891524,0.00202792781005162,0.01143));
#2169=CARTESIAN_POINT('',(0.0101693526891524,0.00202792781005162,0.01143));
#2170=CARTESIAN_POINT('',(0.0119486525173932,-0.00723670312803022,0.01143));
#2171=CARTESIAN_POINT('',(0.0119486525173932,-0.00723670312803022,0.));
#2172=CARTESIAN_POINT('',(0.012329771415268,-0.00922114997408539,0.));
#2173=CARTESIAN_POINT('',(0.0119486525173932,-0.00723670312803022,0.01143));
#2174=CARTESIAN_POINT('',(0.012329771415268,-0.00922114997408539,0.01143));
#2175=CARTESIAN_POINT('',(0.012329771415268,-0.00922114997408539,0.01143));
#2176=CARTESIAN_POINT('',(0.0159682761320473,-0.00789903946929865,0.01143));
#2177=CARTESIAN_POINT('',(0.0159682761320473,-0.00789903946929865,0.));
#2178=CARTESIAN_POINT('',(0.0205711879701208,-0.00622649578242091,0.));
#2179=CARTESIAN_POINT('',(0.0159682761320473,-0.00789903946929865,0.01143));
#2180=CARTESIAN_POINT('',(0.0205711879701208,-0.00622649578242091,0.01143));
#2181=CARTESIAN_POINT('',(0.0205711879701208,-0.00622649578242091,0.01143));
#2182=CARTESIAN_POINT('',(0.0209815806573927,-0.00458492515978657,0.01143));
#2183=CARTESIAN_POINT('',(0.0209815806573927,-0.00458492515978657,0.));
#2184=CARTESIAN_POINT('',(0.0233556365896881,0.00491129783788228,0.));
#2185=CARTESIAN_POINT('',(0.0209815806573927,-0.00458492515978657,0.01143));
#2186=CARTESIAN_POINT('',(0.0233556365896881,0.00491129783788228,0.01143));
#2187=CARTESIAN_POINT('',(0.0233556365896881,0.00491129783788228,0.01143));
#2188=CARTESIAN_POINT('',(0.0251785377132143,-0.00458036055382479,0.01143));
#2189=CARTESIAN_POINT('',(0.0251785377132143,-0.00458036055382479,0.));
#2190=CARTESIAN_POINT('',(0.0255782545379981,-0.00666164488971164,0.));
#2191=CARTESIAN_POINT('',(0.0251785377132143,-0.00458036055382479,0.01143));
#2192=CARTESIAN_POINT('',(0.0255782545379981,-0.00666164488971164,0.01143));
#2193=CARTESIAN_POINT('',(0.0255782545379981,-0.00666164488971164,0.01143));
#2194=CARTESIAN_POINT('',(0.0278592983204992,-0.0102953359109923,0.01143));
#2195=CARTESIAN_POINT('',(0.0278592983204992,-0.0102953359109923,0.));
#2196=CARTESIAN_POINT('',(0.0305448327835321,-0.0145733785073353,0.));
#2197=CARTESIAN_POINT('',(0.0278592983204992,-0.0102953359109923,0.01143));
#2198=CARTESIAN_POINT('',(0.0305448327835321,-0.0145733785073353,0.01143));
#2199=CARTESIAN_POINT('',(0.0305448327835321,-0.0145733785073353,0.01143));
#2200=CARTESIAN_POINT('',(0.0305448327835321,-0.0297688001766801,0.01143));
#2201=CARTESIAN_POINT('',(0.0305448327835321,-0.0297688001766801,0.));
#2202=CARTESIAN_POINT('',(0.0305448327835321,-0.0297688001766801,0.01143));
#2203=CARTESIAN_POINT('',(-0.0338482070714235,-0.0285220113582909,0.01143));
#2204=CARTESIAN_POINT('',(-0.0338482070714235,-0.0285220113582909,-0.0013716));
#2205=CARTESIAN_POINT('',(-0.0338482070714235,-0.0285220113582909,0.01143));
#2206=CARTESIAN_POINT('',(0.,0.,0.01143));
#2207=CARTESIAN_POINT('',(-0.0024361070121377,-0.0489602975991082,-0.0013716));
#2208=CARTESIAN_POINT('',(-0.0024361070121377,-0.0489602975991082,0.));
#2209=CARTESIAN_POINT('',(0.0332880327835322,-0.0488313288485907,0.));
#2210=CARTESIAN_POINT('',(-0.0381916070714236,-0.0490893795642205,0.));
#2211=CARTESIAN_POINT('',(-0.0381916070714236,-0.0490893795642205,-0.0013716));
#2212=CARTESIAN_POINT('',(-0.0381916070714236,-0.0490893795642205,-0.0013716));
#2213=CARTESIAN_POINT('',(-0.0024361070121377,-0.0489602975991082,-0.0013716));
#2214=CARTESIAN_POINT('',(0.0332880327835322,-0.0488313288485907,-0.0013716));
#2215=CARTESIAN_POINT('',(0.0332880327835322,-0.0488313288485907,-0.0013716));
#2216=CARTESIAN_POINT('',(-0.0381916070714236,-0.0285220113582909,-0.0013716));
#2217=CARTESIAN_POINT('',(-0.0381916070714236,-0.0285220113582909,0.));
#2218=CARTESIAN_POINT('',(-0.0381916070714236,-0.0114942102989274,0.));
#2219=CARTESIAN_POINT('',(-0.0381916070714236,-0.0114942102989274,-0.0013716));
#2220=CARTESIAN_POINT('',(-0.0381916070714236,-0.0114942102989274,-0.0013716));
#2221=CARTESIAN_POINT('',(-0.0381916070714236,-0.0285220113582909,-0.0013716));
#2222=CARTESIAN_POINT('',(-0.0368728654149906,-0.00812409562202209,-0.0013716));
#2223=CARTESIAN_POINT('',(-0.0368728654149906,-0.00812409562202209,0.));
#2224=CARTESIAN_POINT('',(-0.032901927462487,0.00202384822242331,0.));
#2225=CARTESIAN_POINT('',(-0.032901927462487,0.00202384822242331,-0.0013716));
#2226=CARTESIAN_POINT('',(-0.032901927462487,0.00202384822242331,-0.0013716));
#2227=CARTESIAN_POINT('',(-0.0368728654149906,-0.00812409562202209,-0.0013716));
#2228=CARTESIAN_POINT('',(-0.0332414328794,-0.00152963882303235,-0.0013716));
#2229=CARTESIAN_POINT('',(-0.0332414328794,-0.00152963882303235,0.));
#2230=CARTESIAN_POINT('',(-0.0323603652469939,0.00769219464988483,0.));
#2231=CARTESIAN_POINT('',(-0.0323603652469939,0.00769219464988483,-0.0013716));
#2232=CARTESIAN_POINT('',(-0.0323603652469939,0.00769219464988483,-0.0013716));
#2233=CARTESIAN_POINT('',(-0.0332414328794,-0.00152963882303235,-0.0013716));
#2234=CARTESIAN_POINT('',(-0.0290510378441373,0.0209295070520588,-0.0013716));
#2235=CARTESIAN_POINT('',(-0.0290510378441373,0.0209295070520588,0.));
#2236=CARTESIAN_POINT('',(-0.0215976197116577,0.0507431858674277,0.));
#2237=CARTESIAN_POINT('',(-0.0215976197116577,0.0507431858674277,-0.0013716));
#2238=CARTESIAN_POINT('',(-0.0215976197116577,0.0507431858674277,-0.0013716));
#2239=CARTESIAN_POINT('',(-0.0290510378441373,0.0209295070520588,-0.0013716));
#2240=CARTESIAN_POINT('',(-0.0142185409835046,0.0210951165868619,-0.0013716));
#2241=CARTESIAN_POINT('',(-0.0142185409835046,0.0210951165868619,0.));
#2242=CARTESIAN_POINT('',(-0.0109560018014748,0.0079867068160953,0.));
#2243=CARTESIAN_POINT('',(-0.0109560018014748,0.0079867068160953,-0.0013716));
#2244=CARTESIAN_POINT('',(-0.0109560018014748,0.0079867068160953,-0.0013716));
#2245=CARTESIAN_POINT('',(-0.0142185409835046,0.0210951165868619,-0.0013716));
#2246=CARTESIAN_POINT('',(-0.0102484094626166,-0.00144787340012566,-0.0013716));
#2247=CARTESIAN_POINT('',(-0.0102484094626166,-0.00144787340012566,0.));
#2248=CARTESIAN_POINT('',(-0.0101796937306885,-0.00236408468364242,0.));
#2249=CARTESIAN_POINT('',(-0.0101796937306885,-0.00236408468364242,-0.0013716));
#2250=CARTESIAN_POINT('',(-0.0101796937306885,-0.00236408468364242,-0.0013716));
#2251=CARTESIAN_POINT('',(-0.0102484094626166,-0.00144787340012566,-0.0013716));
#2252=CARTESIAN_POINT('',(-0.0074548767757155,-0.00690544552895985,-0.0013716));
#2253=CARTESIAN_POINT('',(-0.0074548767757155,-0.00690544552895985,0.));
#2254=CARTESIAN_POINT('',(-0.00882066813245745,-0.00462912697513522,0.));
#2255=CARTESIAN_POINT('',(-0.00882066813245745,-0.00462912697513522,-0.0013716));
#2256=CARTESIAN_POINT('',(-0.00882066813245745,-0.00462912697513522,-0.0013716));
#2257=CARTESIAN_POINT('',(-0.0074548767757155,-0.00690544552895985,-0.0013716));
#2258=CARTESIAN_POINT('',(-0.00943874397484835,-0.00787402593327916,-0.0013716));
#2259=CARTESIAN_POINT('',(-0.00943874397484835,-0.00787402593327916,0.));
#2260=CARTESIAN_POINT('',(-0.00571926462136888,0.0116532454000505,0.));
#2261=CARTESIAN_POINT('',(-0.00571926462136888,0.0116532454000505,-0.0013716));
#2262=CARTESIAN_POINT('',(-0.00571926462136888,0.0116532454000505,-0.0013716));
#2263=CARTESIAN_POINT('',(-0.00943874397484835,-0.00787402593327916,-0.0013716));
#2264=CARTESIAN_POINT('',(0.000400721566122684,-0.00392490967471594,-0.0013716));
#2265=CARTESIAN_POINT('',(0.000400721566122684,-0.00392490967471594,0.));
#2266=CARTESIAN_POINT('',(-0.00383615842859699,0.00685988159259433,0.));
#2267=CARTESIAN_POINT('',(-0.00383615842859699,0.00685988159259433,-0.0013716));
#2268=CARTESIAN_POINT('',(-0.00383615842859699,0.00685988159259433,-0.0013716));
#2269=CARTESIAN_POINT('',(0.000400721566122684,-0.00392490967471594,-0.0013716));
#2270=CARTESIAN_POINT('',(-0.00495201185731285,0.00261963988892137,-0.0013716));
#2271=CARTESIAN_POINT('',(-0.00495201185731285,0.00261963988892137,0.));
#2272=CARTESIAN_POINT('',(0.00233379535913049,0.0303056986570852,0.));
#2273=CARTESIAN_POINT('',(0.00233379535913049,0.0303056986570852,-0.0013716));
#2274=CARTESIAN_POINT('',(0.00233379535913049,0.0303056986570852,-0.0013716));
#2275=CARTESIAN_POINT('',(-0.00495201185731285,0.00261963988892137,-0.0013716));
#2276=CARTESIAN_POINT('',(0.00652813299774814,0.0067528817430578,-0.0013716));
#2277=CARTESIAN_POINT('',(0.00652813299774814,0.0067528817430578,0.));
#2278=CARTESIAN_POINT('',(0.00370273761782149,0.0226185620546417,0.));
#2279=CARTESIAN_POINT('',(0.00370273761782149,0.0226185620546417,-0.0013716));
#2280=CARTESIAN_POINT('',(0.00370273761782149,0.0226185620546417,-0.0013716));
#2281=CARTESIAN_POINT('',(0.00652813299774814,0.0067528817430578,-0.0013716));
#2282=CARTESIAN_POINT('',(-0.000204868882192223,0.00698813725862951,-0.0013716));
#2283=CARTESIAN_POINT('',(-0.000204868882192223,0.00698813725862951,0.));
#2284=CARTESIAN_POINT('',(0.00558512325904033,0.0301481040395015,0.));
#2285=CARTESIAN_POINT('',(0.00558512325904033,0.0301481040395015,-0.0013716));
#2286=CARTESIAN_POINT('',(0.00558512325904033,0.0301481040395015,-0.0013716));
#2287=CARTESIAN_POINT('',(-0.000204868882192223,0.00698813725862951,-0.0013716));
#2288=CARTESIAN_POINT('',(0.0109378911070757,0.00227679318892371,-0.0013716));
#2289=CARTESIAN_POINT('',(0.0109378911070757,0.00227679318892371,0.));
#2290=CARTESIAN_POINT('',(0.00974713635760391,0.00847693052189455,0.));
#2291=CARTESIAN_POINT('',(0.00974713635760391,0.00847693052189455,-0.0013716));
#2292=CARTESIAN_POINT('',(0.00974713635760391,0.00847693052189455,-0.0013716));
#2293=CARTESIAN_POINT('',(0.0109378911070757,0.00227679318892371,-0.0013716));
#2294=CARTESIAN_POINT('',(0.00493424383491012,-0.00382267315709375,-0.0013716));
#2295=CARTESIAN_POINT('',(0.00493424383491012,-0.00382267315709375,0.));
#2296=CARTESIAN_POINT('',(0.0110732676980101,0.0118659299305396,0.));
#2297=CARTESIAN_POINT('',(0.0110732676980101,0.0118659299305396,-0.0013716));
#2298=CARTESIAN_POINT('',(0.0110732676980101,0.0118659299305396,-0.0013716));
#2299=CARTESIAN_POINT('',(0.00493424383491012,-0.00382267315709375,-0.0013716));
#2300=CARTESIAN_POINT('',(0.0146426197825338,-0.0067193187309413,-0.0013716));
#2301=CARTESIAN_POINT('',(0.0146426197825338,-0.0067193187309413,0.));
#2302=CARTESIAN_POINT('',(0.0144169093417785,-0.00554406771406409,0.));
#2303=CARTESIAN_POINT('',(0.0144169093417785,-0.00554406771406409,-0.0013716));
#2304=CARTESIAN_POINT('',(0.0144169093417785,-0.00554406771406409,-0.0013716));
#2305=CARTESIAN_POINT('',(0.0146426197825338,-0.0067193187309413,-0.0013716));
#2306=CARTESIAN_POINT('',(0.0150314212462697,-0.00532077471117266,-0.0013716));
#2307=CARTESIAN_POINT('',(0.0150314212462697,-0.00532077471117266,0.));
#2308=CARTESIAN_POINT('',(0.0182636096228449,-0.00414630592831992,0.));
#2309=CARTESIAN_POINT('',(0.0182636096228449,-0.00414630592831992,-0.0013716));
#2310=CARTESIAN_POINT('',(0.0182636096228449,-0.00414630592831992,-0.0013716));
#2311=CARTESIAN_POINT('',(0.0150314212462697,-0.00532077471117266,-0.0013716));
#2312=CARTESIAN_POINT('',(0.0183202857630532,-0.00391960138495047,-0.0013716));
#2313=CARTESIAN_POINT('',(0.0183202857630532,-0.00391960138495047,0.));
#2314=CARTESIAN_POINT('',(0.0237069049968965,0.0176268738906555,0.));
#2315=CARTESIAN_POINT('',(0.0237069049968965,0.0176268738906555,-0.0013716));
#2316=CARTESIAN_POINT('',(0.0237069049968965,0.0176268738906555,-0.0013716));
#2317=CARTESIAN_POINT('',(0.0183202857630532,-0.00391960138495047,-0.0013716));
#2318=CARTESIAN_POINT('',(0.0278725049783549,-0.00406297615673586,-0.0013716));
#2319=CARTESIAN_POINT('',(0.0278725049783549,-0.00406297615673586,0.));
#2320=CARTESIAN_POINT('',(0.028175176148941,-0.00563895376690095,0.));
#2321=CARTESIAN_POINT('',(0.028175176148941,-0.00563895376690095,-0.0013716));
#2322=CARTESIAN_POINT('',(0.028175176148941,-0.00563895376690095,-0.0013716));
#2323=CARTESIAN_POINT('',(0.0278725049783549,-0.00406297615673586,-0.0013716));
#2324=CARTESIAN_POINT('',(0.0301826528283718,-0.00883685379908704,-0.0013716));
#2325=CARTESIAN_POINT('',(0.0301826528283718,-0.00883685379908704,0.));
#2326=CARTESIAN_POINT('',(0.0332880327835322,-0.0137837081064422,0.));
#2327=CARTESIAN_POINT('',(0.0332880327835322,-0.0137837081064422,-0.0013716));
#2328=CARTESIAN_POINT('',(0.0332880327835322,-0.0137837081064422,-0.0013716));
#2329=CARTESIAN_POINT('',(0.0301826528283718,-0.00883685379908704,-0.0013716));
#2330=CARTESIAN_POINT('',(0.0332880327835322,-0.0297688001766801,-0.0013716));
#2331=CARTESIAN_POINT('',(0.0332880327835322,-0.0297688001766801,0.));
#2332=CARTESIAN_POINT('',(0.0332880327835322,-0.0297688001766801,-0.0013716));
#2333=CARTESIAN_POINT('',(0.,0.,-0.0013716));
#2334=CARTESIAN_POINT('',(0.,0.,0.));
#2335=MECHANICAL_DESIGN_GEOMETRIC_PRESENTATION_REPRESENTATION('',(#1480),
#2336);
#2336=(
GEOMETRIC_REPRESENTATION_CONTEXT(3)
GLOBAL_UNCERTAINTY_ASSIGNED_CONTEXT((#2337))
GLOBAL_UNIT_ASSIGNED_CONTEXT((#2340,#2339,#2338))
REPRESENTATION_CONTEXT('Part 1','TOP_LEVEL_ASSEMBLY_PART')
);
#2337=UNCERTAINTY_MEASURE_WITH_UNIT(LENGTH_MEASURE(1.E-8),#2340,
'DISTANCE_ACCURACY_VALUE','Maximum Tolerance applied to model');
#2338=(
NAMED_UNIT(*)
SI_UNIT($,.STERADIAN.)
SOLID_ANGLE_UNIT()
);
#2339=(
NAMED_UNIT(*)
PLANE_ANGLE_UNIT()
SI_UNIT($,.RADIAN.)
);
#2340=(
LENGTH_UNIT()
NAMED_UNIT(*)
SI_UNIT($,.METRE.)
);
#2341=PRODUCT_DEFINITION_SHAPE('','',#2342);
#2342=PRODUCT_DEFINITION('','',#2344,#2343);
#2343=PRODUCT_DEFINITION_CONTEXT('',#2350,'design');
#2344=PRODUCT_DEFINITION_FORMATION_WITH_SPECIFIED_SOURCE('','',#2346,
 .NOT_KNOWN.);
#2345=PRODUCT_RELATED_PRODUCT_CATEGORY('','',(#2346));
#2346=PRODUCT('Part 1','Part 1','Part 1',(#2348));
#2347=PRODUCT_CATEGORY('','');
#2348=PRODUCT_CONTEXT('',#2350,'mechanical');
#2349=APPLICATION_PROTOCOL_DEFINITION('international standard',
'ap242_managed_model_based_3d_engineering',2020,#2350);
#2350=APPLICATION_CONTEXT('managed model based 3d engineering');
ENDSEC;
END-ISO-10303-21;
