ISO-10303-21;
HEADER;
/* Generated by software containing ST-Developer
 * from STEP Tools, Inc. (www.steptools.com) 
 */
/* OPTION: using custom renumber hook */

FILE_DESCRIPTION(
/* description */ ('STEP AP242 Edition 2',
'CAx-IF Rec.Pracs.---Representation and Presentation of Product Manufa
cturing Information (PMI)---4.0---2014-10-13',
'CAx-IF Rec.Pracs.---3D Tessellated Geometry---0.4---2014-09-14','2;1',
'CAx-IF Rec.Pracs.---User Defined Attributes---1.5---2016-08-15'),
/* implementation_level */ '2;1');

FILE_NAME(
/* name */ 'Part Studio 1',
/* time_stamp */ '2026-10-09T16:21:30Z',
/* author */ (''),
/* organization */ (''),
/* preprocessor_version */ 'ST-DEVELOPER v20',
/* originating_system */ 'ONSHAPE BY PTC INC, 1.221',
/* authorisation */ '  ');

FILE_SCHEMA (('AP242_MANAGED_MODEL_BASED_3D_ENGINEERING_MIM_LF { 1 0 10303 442 3 1 4 }'));
ENDSEC;

DATA;
#10=SHAPE_REPRESENTATION_RELATIONSHIP('','',#288,#11);
#11=ADVANCED_BREP_SHAPE_REPRESENTATION('',(#286),#2530);
#12=PLANE('',#290);
#13=PLANE('',#291);
#14=PLANE('',#292);
#15=LINE('',#371,#28);
#16=LINE('',#392,#29);
#17=LINE('',#469,#30);
#18=LINE('',#504,#31);
#19=LINE('',#792,#32);
#20=LINE('',#1149,#33);
#21=LINE('',#2206,#34);
#22=LINE('',#2207,#35);
#23=LINE('',#2268,#36);
#24=LINE('',#2371,#37);
#25=LINE('',#2382,#38);
#26=LINE('',#2431,#39);
#27=LINE('',#2490,#40);
#28=VECTOR('',#295,1.);
#29=VECTOR('',#296,1.);
#30=VECTOR('',#297,1.);
#31=VECTOR('',#298,1.);
#32=VECTOR('',#299,1.);
#33=VECTOR('',#300,1.);
#34=VECTOR('',#307,1.);
#35=VECTOR('',#308,1.);
#36=VECTOR('',#309,1.);
#37=VECTOR('',#310,1.);
#38=VECTOR('',#311,1.);
#39=VECTOR('',#312,1.);
#40=VECTOR('',#313,1.);
#41=ORIENTED_EDGE('',*,*,#119,.F.);
#42=ORIENTED_EDGE('',*,*,#120,.F.);
#43=ORIENTED_EDGE('',*,*,#121,.T.);
#44=ORIENTED_EDGE('',*,*,#122,.T.);
#45=ORIENTED_EDGE('',*,*,#123,.T.);
#46=ORIENTED_EDGE('',*,*,#124,.F.);
#47=ORIENTED_EDGE('',*,*,#125,.F.);
#48=ORIENTED_EDGE('',*,*,#126,.T.);
#49=ORIENTED_EDGE('',*,*,#127,.T.);
#50=ORIENTED_EDGE('',*,*,#128,.F.);
#51=ORIENTED_EDGE('',*,*,#129,.F.);
#52=ORIENTED_EDGE('',*,*,#124,.T.);
#53=ORIENTED_EDGE('',*,*,#130,.T.);
#54=ORIENTED_EDGE('',*,*,#131,.F.);
#55=ORIENTED_EDGE('',*,*,#132,.F.);
#56=ORIENTED_EDGE('',*,*,#128,.T.);
#57=ORIENTED_EDGE('',*,*,#133,.T.);
#58=ORIENTED_EDGE('',*,*,#126,.F.);
#59=ORIENTED_EDGE('',*,*,#134,.F.);
#60=ORIENTED_EDGE('',*,*,#131,.T.);
#61=ORIENTED_EDGE('',*,*,#135,.F.);
#62=ORIENTED_EDGE('',*,*,#122,.F.);
#63=ORIENTED_EDGE('',*,*,#136,.T.);
#64=ORIENTED_EDGE('',*,*,#120,.T.);
#65=ORIENTED_EDGE('',*,*,#123,.F.);
#66=ORIENTED_EDGE('',*,*,#133,.F.);
#67=ORIENTED_EDGE('',*,*,#130,.F.);
#68=ORIENTED_EDGE('',*,*,#127,.F.);
#69=ORIENTED_EDGE('',*,*,#119,.T.);
#70=ORIENTED_EDGE('',*,*,#135,.T.);
#71=ORIENTED_EDGE('',*,*,#137,.F.);
#72=ORIENTED_EDGE('',*,*,#138,.F.);
#73=ORIENTED_EDGE('',*,*,#139,.F.);
#74=ORIENTED_EDGE('',*,*,#140,.F.);
#75=ORIENTED_EDGE('',*,*,#141,.F.);
#76=ORIENTED_EDGE('',*,*,#142,.F.);
#77=ORIENTED_EDGE('',*,*,#143,.F.);
#78=ORIENTED_EDGE('',*,*,#134,.T.);
#79=ORIENTED_EDGE('',*,*,#125,.T.);
#80=ORIENTED_EDGE('',*,*,#129,.T.);
#81=ORIENTED_EDGE('',*,*,#132,.T.);
#82=ORIENTED_EDGE('',*,*,#121,.F.);
#83=ORIENTED_EDGE('',*,*,#136,.F.);
#84=ORIENTED_EDGE('',*,*,#144,.T.);
#85=ORIENTED_EDGE('',*,*,#145,.T.);
#86=ORIENTED_EDGE('',*,*,#146,.T.);
#87=ORIENTED_EDGE('',*,*,#147,.T.);
#88=ORIENTED_EDGE('',*,*,#148,.T.);
#89=ORIENTED_EDGE('',*,*,#149,.T.);
#90=ORIENTED_EDGE('',*,*,#150,.T.);
#91=ORIENTED_EDGE('',*,*,#137,.T.);
#92=ORIENTED_EDGE('',*,*,#151,.F.);
#93=ORIENTED_EDGE('',*,*,#144,.F.);
#94=ORIENTED_EDGE('',*,*,#152,.T.);
#95=ORIENTED_EDGE('',*,*,#143,.T.);
#96=ORIENTED_EDGE('',*,*,#153,.F.);
#97=ORIENTED_EDGE('',*,*,#145,.F.);
#98=ORIENTED_EDGE('',*,*,#151,.T.);
#99=ORIENTED_EDGE('',*,*,#142,.T.);
#100=ORIENTED_EDGE('',*,*,#154,.F.);
#101=ORIENTED_EDGE('',*,*,#146,.F.);
#102=ORIENTED_EDGE('',*,*,#153,.T.);
#103=ORIENTED_EDGE('',*,*,#141,.T.);
#104=ORIENTED_EDGE('',*,*,#155,.F.);
#105=ORIENTED_EDGE('',*,*,#147,.F.);
#106=ORIENTED_EDGE('',*,*,#154,.T.);
#107=ORIENTED_EDGE('',*,*,#140,.T.);
#108=ORIENTED_EDGE('',*,*,#156,.F.);
#109=ORIENTED_EDGE('',*,*,#148,.F.);
#110=ORIENTED_EDGE('',*,*,#155,.T.);
#111=ORIENTED_EDGE('',*,*,#139,.T.);
#112=ORIENTED_EDGE('',*,*,#157,.F.);
#113=ORIENTED_EDGE('',*,*,#149,.F.);
#114=ORIENTED_EDGE('',*,*,#156,.T.);
#115=ORIENTED_EDGE('',*,*,#138,.T.);
#116=ORIENTED_EDGE('',*,*,#152,.F.);
#117=ORIENTED_EDGE('',*,*,#150,.F.);
#118=ORIENTED_EDGE('',*,*,#157,.T.);
#119=EDGE_CURVE('',#158,#159,#184,.T.);
#120=EDGE_CURVE('',#160,#158,#15,.T.);
#121=EDGE_CURVE('',#160,#161,#185,.T.);
#122=EDGE_CURVE('',#161,#159,#16,.T.);
#123=EDGE_CURVE('',#162,#163,#186,.T.);
#124=EDGE_CURVE('',#164,#163,#17,.T.);
#125=EDGE_CURVE('',#165,#164,#187,.T.);
#126=EDGE_CURVE('',#165,#162,#18,.T.);
#127=EDGE_CURVE('',#163,#166,#188,.T.);
#128=EDGE_CURVE('',#167,#166,#19,.T.);
#129=EDGE_CURVE('',#164,#167,#189,.T.);
#130=EDGE_CURVE('',#166,#168,#190,.T.);
#131=EDGE_CURVE('',#169,#168,#20,.T.);
#132=EDGE_CURVE('',#167,#169,#191,.T.);
#133=EDGE_CURVE('',#168,#162,#192,.T.);
#134=EDGE_CURVE('',#169,#165,#193,.T.);
#135=EDGE_CURVE('',#159,#158,#194,.T.);
#136=EDGE_CURVE('',#161,#160,#195,.T.);
#137=EDGE_CURVE('',#170,#171,#196,.T.);
#138=EDGE_CURVE('',#172,#170,#197,.T.);
#139=EDGE_CURVE('',#173,#172,#198,.T.);
#140=EDGE_CURVE('',#174,#173,#199,.T.);
#141=EDGE_CURVE('',#175,#174,#200,.T.);
#142=EDGE_CURVE('',#176,#175,#201,.T.);
#143=EDGE_CURVE('',#171,#176,#202,.T.);
#144=EDGE_CURVE('',#177,#178,#203,.T.);
#145=EDGE_CURVE('',#178,#179,#204,.T.);
#146=EDGE_CURVE('',#179,#180,#205,.T.);
#147=EDGE_CURVE('',#180,#181,#206,.T.);
#148=EDGE_CURVE('',#181,#182,#207,.T.);
#149=EDGE_CURVE('',#182,#183,#208,.T.);
#150=EDGE_CURVE('',#183,#177,#209,.T.);
#151=EDGE_CURVE('',#178,#171,#21,.T.);
#152=EDGE_CURVE('',#177,#170,#22,.T.);
#153=EDGE_CURVE('',#179,#176,#23,.T.);
#154=EDGE_CURVE('',#180,#175,#24,.T.);
#155=EDGE_CURVE('',#181,#174,#25,.T.);
#156=EDGE_CURVE('',#182,#173,#26,.T.);
#157=EDGE_CURVE('',#183,#172,#27,.T.);
#158=VERTEX_POINT('',#369);
#159=VERTEX_POINT('',#370);
#160=VERTEX_POINT('',#372);
#161=VERTEX_POINT('',#391);
#162=VERTEX_POINT('',#467);
#163=VERTEX_POINT('',#468);
#164=VERTEX_POINT('',#470);
#165=VERTEX_POINT('',#503);
#166=VERTEX_POINT('',#791);
#167=VERTEX_POINT('',#793);
#168=VERTEX_POINT('',#1148);
#169=VERTEX_POINT('',#1150);
#170=VERTEX_POINT('',#1486);
#171=VERTEX_POINT('',#1487);
#172=VERTEX_POINT('',#1523);
#173=VERTEX_POINT('',#1582);
#174=VERTEX_POINT('',#1628);
#175=VERTEX_POINT('',#1639);
#176=VERTEX_POINT('',#1742);
#177=VERTEX_POINT('',#1845);
#178=VERTEX_POINT('',#1846);
#179=VERTEX_POINT('',#1909);
#180=VERTEX_POINT('',#2012);
#181=VERTEX_POINT('',#2023);
#182=VERTEX_POINT('',#2069);
#183=VERTEX_POINT('',#2128);
#184=B_SPLINE_CURVE_WITH_KNOTS('',3,(#351,#352,#353,#354,#355,#356,#357,
#358,#359,#360,#361,#362,#363,#364,#365,#366,#367,#368),.UNSPECIFIED.,.F.,
 .F.,(4,1,1,1,1,1,1,1,1,1,1,1,1,1,1,4),(0.,0.0578643463086741,0.0871395988755471,
0.151520146554945,0.20398548362668,0.280168265205372,0.373463256276533,
0.430620128691098,0.548235007352528,0.631997941148322,0.683978715263193,
0.742282043584286,0.815809468667103,0.893256524918636,0.942778043049539,
1.),.UNSPECIFIED.);
#185=B_SPLINE_CURVE_WITH_KNOTS('',3,(#373,#374,#375,#376,#377,#378,#379,
#380,#381,#382,#383,#384,#385,#386,#387,#388,#389,#390),.UNSPECIFIED.,.F.,
 .F.,(4,1,1,1,1,1,1,1,1,1,1,1,1,1,1,4),(0.,0.0578643463086741,0.0871395988755471,
0.151520146554945,0.20398548362668,0.280168265205372,0.373463256276533,
0.430620128691098,0.548235007352528,0.631997941148322,0.683978715263193,
0.742282043584286,0.815809468667103,0.893256524918636,0.942778043049539,
1.),.UNSPECIFIED.);
#186=B_SPLINE_CURVE_WITH_KNOTS('',3,(#435,#436,#437,#438,#439,#440,#441,
#442,#443,#444,#445,#446,#447,#448,#449,#450,#451,#452,#453,#454,#455,#456,
#457,#458,#459,#460,#461,#462,#463,#464,#465,#466),.UNSPECIFIED.,.F.,.F.,
(4,1,1,1,1,1,1,1,1,1,1,1,1,1,1,1,1,1,1,1,1,1,1,1,1,1,1,1,1,4),(-0.000972007099103901,
0.0081108288449456,0.0171936647889951,0.0262765007330446,0.0353593366770941,
0.0444421726211436,0.0535250085651931,0.0580664265372178,0.0626078445092426,
0.0671492624812673,0.0716906804532921,0.0739613894393044,0.0762320984253168,
0.0785028074113292,0.0807735163973416,0.0830442253833539,0.0853149343693663,
0.0875856433553787,0.0898563523413911,0.0921270613274034,0.0943977703134158,
0.0989391882854405,0.103480606257465,0.10802202422949,0.117104860173539,
0.126187696117589,0.130729114089614,0.135270532061638,0.139811950033663,
0.144353368005688),.UNSPECIFIED.);
#187=B_SPLINE_CURVE_WITH_KNOTS('',3,(#471,#472,#473,#474,#475,#476,#477,
#478,#479,#480,#481,#482,#483,#484,#485,#486,#487,#488,#489,#490,#491,#492,
#493,#494,#495,#496,#497,#498,#499,#500,#501,#502),.UNSPECIFIED.,.F.,.F.,
(4,1,1,1,1,1,1,1,1,1,1,1,1,1,1,1,1,1,1,1,1,1,1,1,1,1,1,1,1,4),(-0.000972007099103901,
0.0081108288449456,0.0171936647889951,0.0262765007330446,0.0353593366770941,
0.0444421726211436,0.0535250085651931,0.0580664265372178,0.0626078445092426,
0.0671492624812673,0.0716906804532921,0.0739613894393044,0.0762320984253168,
0.0785028074113292,0.0807735163973416,0.0830442253833539,0.0853149343693663,
0.0875856433553787,0.0898563523413911,0.0921270613274034,0.0943977703134158,
0.0989391882854405,0.103480606257465,0.10802202422949,0.117104860173539,
0.126187696117589,0.130729114089614,0.135270532061638,0.139811950033663,
0.144353368005688),.UNSPECIFIED.);
#188=B_SPLINE_CURVE_WITH_KNOTS('',3,(#661,#662,#663,#664,#665,#666,#667,
#668,#669,#670,#671,#672,#673,#674,#675,#676,#677,#678,#679,#680,#681,#682,
#683,#684,#685,#686,#687,#688,#689,#690,#691,#692,#693,#694,#695,#696,#697,
#698,#699,#700,#701,#702,#703,#704,#705,#706,#707,#708,#709,#710,#711,#712,
#713,#714,#715,#716,#717,#718,#719,#720,#721,#722,#723,#724,#725,#726,#727,
#728,#729,#730,#731,#732,#733,#734,#735,#736,#737,#738,#739,#740,#741,#742,
#743,#744,#745,#746,#747,#748,#749,#750,#751,#752,#753,#754,#755,#756,#757,
#758,#759,#760,#761,#762,#763,#764,#765,#766,#767,#768,#769,#770,#771,#772,
#773,#774,#775,#776,#777,#778,#779,#780,#781,#782,#783,#784,#785,#786,#787,
#788,#789,#790),.UNSPECIFIED.,.F.,.F.,(4,1,1,1,1,1,1,1,1,1,1,1,1,1,1,1,
1,1,1,1,1,1,1,1,1,1,1,1,1,1,1,1,1,1,1,1,1,1,1,1,1,1,1,1,1,1,1,1,1,1,1,1,
1,1,1,1,1,1,1,1,1,1,1,1,1,1,1,1,1,1,1,1,1,1,1,1,1,1,1,1,1,1,1,1,1,1,1,1,
1,1,1,1,1,1,1,1,1,1,1,1,1,1,1,1,1,1,1,1,1,1,1,1,1,1,1,1,1,1,1,1,1,1,1,1,
1,1,1,4),(0.158360178045599,0.161684120966201,0.165008063886803,0.171655949728005,
0.178303835569209,0.18162777848981,0.184951721410412,0.188275664331014,
0.191599607251615,0.194923550172217,0.198247493092818,0.199909464553119,
0.201571436013419,0.203233407473721,0.204895378934021,0.206557350394322,
0.208219321854622,0.209881293314924,0.211543264775225,0.213205236235525,
0.214867207695826,0.218191150616427,0.221515093537029,0.22483903645763,
0.228162979378232,0.231486922298834,0.238134808140037,0.24478269398124,
0.251430579822443,0.258078465663646,0.264726351504849,0.271374237346053,
0.278022123187255,0.284670009028459,0.291317894869662,0.297965780710864,
0.304613666552068,0.317909438234474,0.33120520991688,0.344500981599286,
0.351148867440489,0.357796753281693,0.364444639122896,0.371092524964099,
0.377740410805302,0.384388296646505,0.391036182487708,0.397684068328912,
0.404331954170114,0.410979840011317,0.417627725852521,0.424275611693724,
0.430923497534927,0.43757138337613,0.444219269217333,0.450867155058536,
0.464162926740942,0.477458698423349,0.490754470105755,0.504050241788161,
0.517346013470567,0.530641785152973,0.54393755683538,0.550585442676583,
0.557233328517786,0.570529100200192,0.583824871882598,0.597120643565005,
0.610416415247411,0.617064301088614,0.623712186929817,0.63036007277102,
0.637007958612223,0.650303730294629,0.663599501977036,0.676895273659442,
0.683543159500645,0.690191045341848,0.703486817024254,0.71678258870666,
0.730078360389067,0.743374132071473,0.756669903753879,0.769965675436285,
0.783261447118691,0.796557218801098,0.803205104642301,0.809852990483504,
0.816500876324707,0.82314876216591,0.829796648007113,0.836444533848316,
0.843092419689519,0.849740305530722,0.856388191371926,0.863036077213129,
0.869683963054332,0.876331848895535,0.879655791816137,0.882979734736738,
0.88630367765734,0.889627620577941,0.891289592038242,0.892951563498543,
0.894613534958844,0.896275506419144,0.899599449339746,0.902923392260347,
0.906247335180949,0.90957127810155,0.916219163942753,0.922867049783957,
0.92951493562516,0.932838878545761,0.936162821466363,0.939486764386964,
0.942810707307566,0.946134650228168,0.949458593148769,0.956106478989972,
0.962754364831175,0.969402250672379,0.976050136513582,0.982698022354785,
0.989345908195988,0.995993794037191,1.00264167987839,1.0092895657196),
 .UNSPECIFIED.);
#189=B_SPLINE_CURVE_WITH_KNOTS('',3,(#794,#795,#796,#797,#798,#799,#800,
#801,#802,#803,#804,#805,#806,#807,#808,#809,#810,#811,#812,#813,#814,#815,
#816,#817,#818,#819,#820,#821,#822,#823,#824,#825,#826,#827,#828,#829,#830,
#831,#832,#833,#834,#835,#836,#837,#838,#839,#840,#841,#842,#843,#844,#845,
#846,#847,#848,#849,#850,#851,#852,#853,#854,#855,#856,#857,#858,#859,#860,
#861,#862,#863,#864,#865,#866,#867,#868,#869,#870,#871,#872,#873,#874,#875,
#876,#877,#878,#879,#880,#881,#882,#883,#884,#885,#886,#887,#888,#889,#890,
#891,#892,#893,#894,#895,#896,#897,#898,#899,#900,#901,#902,#903,#904,#905,
#906,#907,#908,#909,#910,#911,#912,#913,#914,#915,#916,#917,#918,#919,#920,
#921,#922,#923),.UNSPECIFIED.,.F.,.F.,(4,1,1,1,1,1,1,1,1,1,1,1,1,1,1,1,
1,1,1,1,1,1,1,1,1,1,1,1,1,1,1,1,1,1,1,1,1,1,1,1,1,1,1,1,1,1,1,1,1,1,1,1,
1,1,1,1,1,1,1,1,1,1,1,1,1,1,1,1,1,1,1,1,1,1,1,1,1,1,1,1,1,1,1,1,1,1,1,1,
1,1,1,1,1,1,1,1,1,1,1,1,1,1,1,1,1,1,1,1,1,1,1,1,1,1,1,1,1,1,1,1,1,1,1,1,
1,1,1,4),(0.158360178045599,0.161684120966201,0.165008063886803,0.171655949728005,
0.178303835569209,0.18162777848981,0.184951721410412,0.188275664331014,
0.191599607251615,0.194923550172217,0.198247493092818,0.199909464553119,
0.201571436013419,0.203233407473721,0.204895378934021,0.206557350394322,
0.208219321854622,0.209881293314924,0.211543264775225,0.213205236235525,
0.214867207695826,0.218191150616427,0.221515093537029,0.22483903645763,
0.228162979378232,0.231486922298834,0.238134808140037,0.24478269398124,
0.251430579822443,0.258078465663646,0.264726351504849,0.271374237346053,
0.278022123187255,0.284670009028459,0.291317894869662,0.297965780710864,
0.304613666552068,0.317909438234474,0.33120520991688,0.344500981599286,
0.351148867440489,0.357796753281693,0.364444639122896,0.371092524964099,
0.377740410805302,0.384388296646505,0.391036182487708,0.397684068328912,
0.404331954170114,0.410979840011317,0.417627725852521,0.424275611693724,
0.430923497534927,0.43757138337613,0.444219269217333,0.450867155058536,
0.464162926740942,0.477458698423349,0.490754470105755,0.504050241788161,
0.517346013470567,0.530641785152973,0.54393755683538,0.550585442676583,
0.557233328517786,0.570529100200192,0.583824871882598,0.597120643565005,
0.610416415247411,0.617064301088614,0.623712186929817,0.63036007277102,
0.637007958612223,0.650303730294629,0.663599501977036,0.676895273659442,
0.683543159500645,0.690191045341848,0.703486817024254,0.71678258870666,
0.730078360389067,0.743374132071473,0.756669903753879,0.769965675436285,
0.783261447118691,0.796557218801098,0.803205104642301,0.809852990483504,
0.816500876324707,0.82314876216591,0.829796648007113,0.836444533848316,
0.843092419689519,0.849740305530722,0.856388191371926,0.863036077213129,
0.869683963054332,0.876331848895535,0.879655791816137,0.882979734736738,
0.88630367765734,0.889627620577941,0.891289592038242,0.892951563498543,
0.894613534958844,0.896275506419144,0.899599449339746,0.902923392260347,
0.906247335180949,0.90957127810155,0.916219163942753,0.922867049783957,
0.92951493562516,0.932838878545761,0.936162821466363,0.939486764386964,
0.942810707307566,0.946134650228168,0.949458593148769,0.956106478989972,
0.962754364831175,0.969402250672379,0.976050136513582,0.982698022354785,
0.989345908195988,0.995993794037191,1.00264167987839,1.0092895657196),
 .UNSPECIFIED.);
#190=B_SPLINE_CURVE_WITH_KNOTS('',3,(#1046,#1047,#1048,#1049,#1050,#1051,
#1052,#1053,#1054,#1055,#1056,#1057,#1058,#1059,#1060,#1061,#1062,#1063,
#1064,#1065,#1066,#1067,#1068,#1069,#1070,#1071,#1072,#1073,#1074,#1075,
#1076,#1077,#1078,#1079,#1080,#1081,#1082,#1083,#1084,#1085,#1086,#1087,
#1088,#1089,#1090,#1091,#1092,#1093,#1094,#1095,#1096,#1097,#1098,#1099,
#1100,#1101,#1102,#1103,#1104,#1105,#1106,#1107,#1108,#1109,#1110,#1111,
#1112,#1113,#1114,#1115,#1116,#1117,#1118,#1119,#1120,#1121,#1122,#1123,
#1124,#1125,#1126,#1127,#1128,#1129,#1130,#1131,#1132,#1133,#1134,#1135,
#1136,#1137,#1138,#1139,#1140,#1141,#1142,#1143,#1144,#1145,#1146,#1147),
 .UNSPECIFIED.,.F.,.F.,(4,1,1,1,1,1,1,1,1,1,1,1,1,1,1,1,1,1,1,1,1,1,1,1,
1,1,1,1,1,1,1,1,1,1,1,1,1,1,1,1,1,1,1,1,1,1,1,1,1,1,1,1,1,1,1,1,1,1,1,1,
1,1,1,1,1,1,1,1,1,1,1,1,1,1,1,1,1,1,1,1,1,1,1,1,1,1,1,1,1,1,1,1,1,1,1,1,
1,1,1,4),(-0.00889973736507602,-0.00305641420603755,0.00278690895300091,
0.00863023211203938,0.0144735552710778,0.0261602015891548,0.0320035247481932,
0.0378468479072317,0.0436901710662701,0.0495334942253086,0.0612201405433856,
0.0729067868614625,0.0845934331795394,0.0962800794976164,0.102123402656655,
0.107966725815693,0.11965337213377,0.131340018451847,0.143026664769924,
0.154713311088001,0.16055663424704,0.166399957406078,0.172243280565117,
0.178086603724155,0.183929926883194,0.189773250042232,0.201459896360309,
0.207303219519347,0.213146542678385,0.218989865837424,0.224833188996462,
0.230676512155501,0.23359817373502,0.23651983531454,0.239441496894059,0.240902327683819,
0.242363158473578,0.245284820053097,0.248206481632616,0.251128143212136,
0.254049804791655,0.256971466371174,0.259893127950694,0.261353958740453,
0.262814789530212,0.265736451109732,0.268658112689251,0.271579774268771,
0.277423097427809,0.283266420586848,0.289109743745885,0.294953066904924,
0.306639713223001,0.318326359541078,0.324169682700117,0.330013005859155,
0.341699652177232,0.353386298495309,0.365072944813386,0.376759591131463,
0.382602914290501,0.38844623744954,0.400132883767617,0.411819530085693,
0.423506176403771,0.429349499562809,0.435192822721848,0.446879469039924,
0.458566115358001,0.481939407994155,0.493626054312232,0.505312700630309,
0.516999346948386,0.528685993266463,0.54037263958454,0.552059285902617,
0.557902609061655,0.563745932220694,0.575432578538771,0.587119224856848,
0.598805871174925,0.610492517493001,0.622179163811078,0.633865810129155,
0.645552456447232,0.657239102765309,0.668925749083386,0.674769072242424,
0.680612395401463,0.69229904171954,0.698142364878578,0.703985688037617,
0.709829011196655,0.715672334355694,0.721515657514732,0.727358980673771,
0.73028064225329,0.733202303832809,0.736123965412328,0.739045626991848),
 .UNSPECIFIED.);
#191=B_SPLINE_CURVE_WITH_KNOTS('',3,(#1151,#1152,#1153,#1154,#1155,#1156,
#1157,#1158,#1159,#1160,#1161,#1162,#1163,#1164,#1165,#1166,#1167,#1168,
#1169,#1170,#1171,#1172,#1173,#1174,#1175,#1176,#1177,#1178,#1179,#1180,
#1181,#1182,#1183,#1184,#1185,#1186,#1187,#1188,#1189,#1190,#1191,#1192,
#1193,#1194,#1195,#1196,#1197,#1198,#1199,#1200,#1201,#1202,#1203,#1204,
#1205,#1206,#1207,#1208,#1209,#1210,#1211,#1212,#1213,#1214,#1215,#1216,
#1217,#1218,#1219,#1220,#1221,#1222,#1223,#1224,#1225,#1226,#1227,#1228,
#1229,#1230,#1231,#1232,#1233,#1234,#1235,#1236,#1237,#1238,#1239,#1240,
#1241,#1242,#1243,#1244,#1245,#1246,#1247,#1248,#1249,#1250,#1251,#1252),
 .UNSPECIFIED.,.F.,.F.,(4,1,1,1,1,1,1,1,1,1,1,1,1,1,1,1,1,1,1,1,1,1,1,1,
1,1,1,1,1,1,1,1,1,1,1,1,1,1,1,1,1,1,1,1,1,1,1,1,1,1,1,1,1,1,1,1,1,1,1,1,
1,1,1,1,1,1,1,1,1,1,1,1,1,1,1,1,1,1,1,1,1,1,1,1,1,1,1,1,1,1,1,1,1,1,1,1,
1,1,1,4),(-0.00889973736507602,-0.00305641420603755,0.00278690895300091,
0.00863023211203938,0.0144735552710778,0.0261602015891548,0.0320035247481932,
0.0378468479072317,0.0436901710662701,0.0495334942253086,0.0612201405433856,
0.0729067868614625,0.0845934331795394,0.0962800794976164,0.102123402656655,
0.107966725815693,0.11965337213377,0.131340018451847,0.143026664769924,
0.154713311088001,0.16055663424704,0.166399957406078,0.172243280565117,
0.178086603724155,0.183929926883194,0.189773250042232,0.201459896360309,
0.207303219519347,0.213146542678385,0.218989865837424,0.224833188996462,
0.230676512155501,0.23359817373502,0.23651983531454,0.239441496894059,0.240902327683819,
0.242363158473578,0.245284820053097,0.248206481632616,0.251128143212136,
0.254049804791655,0.256971466371174,0.259893127950694,0.261353958740453,
0.262814789530212,0.265736451109732,0.268658112689251,0.271579774268771,
0.277423097427809,0.283266420586848,0.289109743745885,0.294953066904924,
0.306639713223001,0.318326359541078,0.324169682700117,0.330013005859155,
0.341699652177232,0.353386298495309,0.365072944813386,0.376759591131463,
0.382602914290501,0.38844623744954,0.400132883767617,0.411819530085693,
0.423506176403771,0.429349499562809,0.435192822721848,0.446879469039924,
0.458566115358001,0.481939407994155,0.493626054312232,0.505312700630309,
0.516999346948386,0.528685993266463,0.54037263958454,0.552059285902617,
0.557902609061655,0.563745932220694,0.575432578538771,0.587119224856848,
0.598805871174925,0.610492517493001,0.622179163811078,0.633865810129155,
0.645552456447232,0.657239102765309,0.668925749083386,0.674769072242424,
0.680612395401463,0.69229904171954,0.698142364878578,0.703985688037617,
0.709829011196655,0.715672334355694,0.721515657514732,0.727358980673771,
0.73028064225329,0.733202303832809,0.736123965412328,0.739045626991848),
 .UNSPECIFIED.);
#192=B_SPLINE_CURVE_WITH_KNOTS('',3,(#1291,#1292,#1293,#1294,#1295,#1296,
#1297,#1298,#1299,#1300,#1301,#1302,#1303,#1304,#1305,#1306,#1307,#1308,
#1309,#1310,#1311,#1312,#1313,#1314,#1315,#1316,#1317,#1318,#1319,#1320,
#1321,#1322,#1323),.UNSPECIFIED.,.F.,.F.,(4,1,1,1,1,1,1,1,1,1,1,1,1,1,1,
1,1,1,1,1,1,1,1,1,1,1,1,1,1,1,4),(0.741229031749894,0.745282190105276,0.749335348460659,
0.753388506816041,0.757441665171424,0.761494823526806,0.765547981882189,
0.773654298592954,0.781760615303718,0.789866932014483,0.793920090369866,
0.797973248725248,0.806079565436013,0.814185882146778,0.822292198857543,
0.838504832279073,0.846611148989838,0.854717465700603,0.862823782411368,
0.870930099122133,0.887142732543663,0.903355365965192,0.911461682675957,
0.919567999386722,0.935780632808252,0.943886949519017,0.951993266229782,
0.960099582940547,0.968205899651312,0.984418533072842,1.00063116649437),
 .UNSPECIFIED.);
#193=B_SPLINE_CURVE_WITH_KNOTS('',3,(#1324,#1325,#1326,#1327,#1328,#1329,
#1330,#1331,#1332,#1333,#1334,#1335,#1336,#1337,#1338,#1339,#1340,#1341,
#1342,#1343,#1344,#1345,#1346,#1347,#1348,#1349,#1350,#1351,#1352,#1353,
#1354,#1355,#1356),.UNSPECIFIED.,.F.,.F.,(4,1,1,1,1,1,1,1,1,1,1,1,1,1,1,
1,1,1,1,1,1,1,1,1,1,1,1,1,1,1,4),(0.741229031749894,0.745282190105276,0.749335348460659,
0.753388506816041,0.757441665171424,0.761494823526806,0.765547981882189,
0.773654298592954,0.781760615303718,0.789866932014483,0.793920090369866,
0.797973248725248,0.806079565436013,0.814185882146778,0.822292198857543,
0.838504832279073,0.846611148989838,0.854717465700603,0.862823782411368,
0.870930099122133,0.887142732543663,0.903355365965192,0.911461682675957,
0.919567999386722,0.935780632808252,0.943886949519017,0.951993266229782,
0.960099582940547,0.968205899651312,0.984418533072842,1.00063116649437),
 .UNSPECIFIED.);
#194=B_SPLINE_CURVE_WITH_KNOTS('',3,(#1401,#1402,#1403,#1404,#1405,#1406,
#1407,#1408,#1409,#1410,#1411,#1412,#1413,#1414,#1415,#1416,#1417,#1418,
#1419,#1420,#1421,#1422),.UNSPECIFIED.,.F.,.F.,(4,1,1,1,1,1,1,1,1,1,1,1,
1,1,1,1,1,1,1,4),(0.,0.0390422982032981,0.104674284837831,0.173352204771836,
0.24086474756259,0.262204748670827,0.321184537495259,0.383978511905229,
0.428226297428596,0.489893927226547,0.55869044278355,0.613369715559581,
0.670735509996799,0.728552556212556,0.746106707876317,0.793321724838645,
0.854902889072314,0.906324086036321,0.952023083180473,1.),.UNSPECIFIED.);
#195=B_SPLINE_CURVE_WITH_KNOTS('',3,(#1423,#1424,#1425,#1426,#1427,#1428,
#1429,#1430,#1431,#1432,#1433,#1434,#1435,#1436,#1437,#1438,#1439,#1440,
#1441,#1442,#1443,#1444),.UNSPECIFIED.,.F.,.F.,(4,1,1,1,1,1,1,1,1,1,1,1,
1,1,1,1,1,1,1,4),(0.,0.0390422982032981,0.104674284837831,0.173352204771836,
0.24086474756259,0.262204748670827,0.321184537495259,0.383978511905229,
0.428226297428596,0.489893927226547,0.55869044278355,0.613369715559581,
0.670735509996799,0.728552556212556,0.746106707876317,0.793321724838645,
0.854902889072314,0.906324086036321,0.952023083180473,1.),.UNSPECIFIED.);
#196=B_SPLINE_CURVE_WITH_KNOTS('',3,(#1447,#1448,#1449,#1450,#1451,#1452,
#1453,#1454,#1455,#1456,#1457,#1458,#1459,#1460,#1461,#1462,#1463,#1464,
#1465,#1466,#1467,#1468,#1469,#1470,#1471,#1472,#1473,#1474,#1475,#1476,
#1477,#1478,#1479,#1480,#1481,#1482,#1483,#1484,#1485),.UNSPECIFIED.,.F.,
 .F.,(4,1,1,1,1,1,1,1,1,1,1,1,1,1,1,1,1,1,1,1,1,1,1,1,1,1,1,1,1,1,1,1,1,
1,1,1,4),(-0.00383085150823672,0.00330516352493492,0.0104411785581065,0.0175771935912782,
0.0247132086244498,0.0318492236576214,0.038985238690793,0.0461212537239647,
0.0532572687571363,0.0568252762737222,0.060393283790308,0.0621772875486009,
0.0639612913068938,0.0657452950651867,0.0675292988234796,0.0693133025817725,
0.0710973063400654,0.0728813100983583,0.0746653138566512,0.0755573157357977,
0.0764493176149441,0.078233321373237,0.0791253232523835,0.0800173251315299,
0.0809093270106764,0.0818013288898229,0.0835853326481158,0.0853693364064087,
0.0871533401647016,0.0889373439229945,0.0907213476812874,0.0925053514395803,
0.0960733589561661,0.0996413664727519,0.103209373989338,0.106777381505924,
0.110345389022509),.UNSPECIFIED.);
#197=B_SPLINE_CURVE_WITH_KNOTS('',3,(#1488,#1489,#1490,#1491,#1492,#1493,
#1494,#1495,#1496,#1497,#1498,#1499,#1500,#1501,#1502,#1503,#1504,#1505,
#1506,#1507,#1508,#1509,#1510,#1511,#1512,#1513,#1514,#1515,#1516,#1517,
#1518,#1519,#1520,#1521,#1522),.UNSPECIFIED.,.F.,.F.,(4,1,1,1,1,1,1,1,1,
1,1,1,1,1,1,1,1,1,1,1,1,1,1,1,1,1,1,1,1,1,1,1,4),(0.758031487500864,0.765670739095732,
0.7733099906906,0.780949242285468,0.788588493880336,0.79240811967777,0.796227745475204,
0.803866997070072,0.81150624866494,0.819145500259808,0.826784751854676,
0.834424003449544,0.842063255044412,0.84970250663928,0.857341758234148,
0.864981009829016,0.872620261423884,0.880259513018752,0.88789876461362,
0.895538016208488,0.903177267803356,0.910816519398224,0.918455770993092,
0.92609502258796,0.933734274182828,0.941373525777696,0.949012777372564,
0.956652028967432,0.9642912805623,0.971930532157168,0.987209035346904,0.994848286941772,
1.00248753853664),.UNSPECIFIED.);
#198=B_SPLINE_CURVE_WITH_KNOTS('',3,(#1524,#1525,#1526,#1527,#1528,#1529,
#1530,#1531,#1532,#1533,#1534,#1535,#1536,#1537,#1538,#1539,#1540,#1541,
#1542,#1543,#1544,#1545,#1546,#1547,#1548,#1549,#1550,#1551,#1552,#1553,
#1554,#1555,#1556,#1557,#1558,#1559,#1560,#1561,#1562,#1563,#1564,#1565,
#1566,#1567,#1568,#1569,#1570,#1571,#1572,#1573,#1574,#1575,#1576,#1577,
#1578,#1579,#1580,#1581),.UNSPECIFIED.,.F.,.F.,(4,1,1,1,1,1,1,1,1,1,1,1,
1,1,1,1,1,1,1,1,1,1,1,1,1,1,1,1,1,1,1,1,1,1,1,1,1,1,1,1,1,1,1,1,1,1,1,1,
1,1,1,1,1,1,1,4),(0.261748603875735,0.263552292585371,0.265355981295008,
0.267159670004644,0.268963358714281,0.272570736133553,0.276178113552827,
0.283392868391372,0.290607623229918,0.297822378068464,0.30503713290701,
0.312251887745556,0.319466642584102,0.326681397422647,0.333896152261193,
0.348325661938285,0.362755171615377,0.369969926453922,0.377184681292468,
0.384399436131014,0.391614190969559,0.398828945808106,0.406043700646652,
0.413258455485197,0.420473210323743,0.427687965162289,0.434902720000835,
0.449332229677927,0.463761739355018,0.47819124903211,0.492620758709201,
0.507050268386293,0.521479778063385,0.535909287740476,0.543124042579022,
0.550338797417568,0.557553552256114,0.561160929675387,0.56476830709466,
0.571983061933206,0.579197816771751,0.593627326448843,0.608056836125935,
0.615271590964481,0.622486345803026,0.636915855480118,0.65134536515721,
0.658560119995756,0.665774874834301,0.672989629672847,0.680204384511393,
0.687419139349939,0.694633894188485,0.709063403865576,0.716278158704122,
0.723492913542668),.UNSPECIFIED.);
#199=B_SPLINE_CURVE_WITH_KNOTS('',3,(#1583,#1584,#1585,#1586,#1587,#1588,
#1589,#1590,#1591,#1592,#1593,#1594,#1595,#1596,#1597,#1598,#1599,#1600,
#1601,#1602,#1603,#1604,#1605,#1606,#1607,#1608,#1609,#1610,#1611,#1612,
#1613,#1614,#1615,#1616,#1617,#1618,#1619,#1620,#1621,#1622,#1623,#1624,
#1625,#1626,#1627),.UNSPECIFIED.,.F.,.F.,(4,1,1,1,1,1,1,1,1,1,1,1,1,1,1,
1,1,1,1,1,1,1,1,1,1,1,1,1,1,1,1,1,1,1,1,1,1,1,1,1,1,1,4),(-0.0350754354976522,
-0.0268298509516018,-0.0185842664055514,-0.010338681859501,-0.00621588958647582,
-0.00209309731345063,0.00202969495957456,0.00615248723259975,0.0102752795056249,
0.0143980717786501,0.0226436563247005,0.0267664485977257,0.0308892408707509,
0.0350120331437761,0.0391348254168013,0.0432576176898265,0.0473804099628517,
0.0515032022358769,0.0556259945089021,0.0638715790549524,0.0721171636010028,
0.0803627481470532,0.0886083326931036,0.096853917239154,0.105099501785204,
0.113345086331255,0.129836255423355,0.138081839969406,0.146327424515456,
0.154573009061507,0.162818593607557,0.166941385880582,0.171064178153607,
0.175186970426633,0.179309762699658,0.183432554972683,0.187555347245708,
0.195800931791759,0.204046516337809,0.212292100883859,0.22053768542991,
0.224660477702935,0.22878326997596),.UNSPECIFIED.);
#200=B_SPLINE_CURVE_WITH_KNOTS('',3,(#1629,#1630,#1631,#1632,#1633,#1634,
#1635,#1636,#1637,#1638),.UNSPECIFIED.,.F.,.F.,(4,1,1,1,1,1,1,4),(0.975132760950861,
0.982817643061511,0.99050252517216,0.99818740728281,1.00587228939346,1.01355717150411,
1.02124205361476,1.03661181783606),.UNSPECIFIED.);
#201=B_SPLINE_CURVE_WITH_KNOTS('',3,(#1640,#1641,#1642,#1643,#1644,#1645,
#1646,#1647,#1648,#1649,#1650,#1651,#1652,#1653,#1654,#1655,#1656,#1657,
#1658,#1659,#1660,#1661,#1662,#1663,#1664,#1665,#1666,#1667,#1668,#1669,
#1670,#1671,#1672,#1673,#1674,#1675,#1676,#1677,#1678,#1679,#1680,#1681,
#1682,#1683,#1684,#1685,#1686,#1687,#1688,#1689,#1690,#1691,#1692,#1693,
#1694,#1695,#1696,#1697,#1698,#1699,#1700,#1701,#1702,#1703,#1704,#1705,
#1706,#1707,#1708,#1709,#1710,#1711,#1712,#1713,#1714,#1715,#1716,#1717,
#1718,#1719,#1720,#1721,#1722,#1723,#1724,#1725,#1726,#1727,#1728,#1729,
#1730,#1731,#1732,#1733,#1734,#1735,#1736,#1737,#1738,#1739,#1740,#1741),
 .UNSPECIFIED.,.F.,.F.,(4,1,1,1,1,1,1,1,1,1,1,1,1,1,1,1,1,1,1,1,1,1,1,1,
1,1,1,1,1,1,1,1,1,1,1,1,1,1,1,1,1,1,1,1,1,1,1,1,1,1,1,1,1,1,1,1,1,1,1,1,
1,1,1,1,1,1,1,1,1,1,1,1,1,1,1,1,1,1,1,1,1,1,1,1,1,1,1,1,1,1,1,1,1,1,1,1,
1,1,1,4),(0.40206072266963,0.406133014245359,0.410205305821087,0.418349888972544,
0.426494472124,0.430566763699729,0.432602909487594,0.434639055275457,0.442783638426914,
0.450928221578371,0.459072804729828,0.467217387881285,0.483506554184199,
0.499795720487112,0.516084886790026,0.524229469941483,0.532374053092939,
0.540518636244396,0.548663219395853,0.552735510971581,0.55680780254731,
0.564952385698767,0.573096968850223,0.58124155200168,0.589386135153137,
0.597530718304594,0.605675301456051,0.613819884607508,0.617892176183236,
0.621964467758964,0.626036759334693,0.630109050910421,0.63418134248615,
0.638253634061878,0.642325925637607,0.646398217213335,0.654542800364792,
0.662687383516249,0.670831966667705,0.678976549819162,0.68304884139489,
0.687121132970619,0.695265716122076,0.703410299273533,0.711554882424989,
0.719699465576446,0.727844048727903,0.73598863187936,0.744133215030817,
0.752277798182274,0.76042238133373,0.776711547636644,0.784856130788101,
0.793000713939558,0.801145297091015,0.805217588666743,0.809289880242471,
0.8133621718182,0.817434463393928,0.821506754969657,0.825579046545385,0.833723629696842,
0.841868212848299,0.850012795999755,0.858157379151212,0.862229670726941,
0.866301962302669,0.870374253878397,0.874446545454126,0.878518837029854,
0.880554982817718,0.882591128605583,0.883609201499515,0.884627274393447,
0.885645347287379,0.886663420181311,0.887681493075243,0.888699565969175,
0.890735711757039,0.891753784650971,0.892262821097938,0.892771857544904,
0.89328089399187,0.893789930438836,0.894298966885802,0.894808003332768,
0.8958260762267,0.896844149120632,0.898880294908496,0.899898367802428,0.90091644069636,
0.901934513590293,0.902952586484225,0.903970659378157,0.904988732272089,
0.907024878059953,0.911097169635681,0.91516946121141,0.919241752787138,
0.923314044362867),.UNSPECIFIED.);
#202=B_SPLINE_CURVE_WITH_KNOTS('',3,(#1743,#1744,#1745,#1746,#1747,#1748,
#1749,#1750,#1751,#1752,#1753,#1754,#1755,#1756,#1757,#1758,#1759,#1760,
#1761,#1762,#1763,#1764,#1765,#1766,#1767,#1768,#1769,#1770,#1771,#1772,
#1773,#1774,#1775,#1776,#1777,#1778,#1779,#1780,#1781,#1782,#1783,#1784,
#1785,#1786,#1787,#1788,#1789,#1790,#1791,#1792,#1793,#1794,#1795,#1796,
#1797,#1798,#1799,#1800,#1801,#1802,#1803,#1804),.UNSPECIFIED.,.F.,.F.,
(4,1,1,1,1,1,1,1,1,1,1,1,1,1,1,1,1,1,1,1,1,1,1,1,1,1,1,1,1,1,1,1,1,1,1,
1,1,1,1,1,1,1,1,1,1,1,1,1,1,1,1,1,1,1,1,1,1,1,1,4),(0.195482667932132,0.196806275902887,
0.198129883873641,0.198791687859019,0.199453491844396,0.200115295829773,
0.20077709981515,0.201438903800528,0.202100707785905,0.202762511771283,
0.20342431575666,0.204086119742037,0.204747923727414,0.205409727712791,
0.206071531698169,0.206402433690857,0.206733335683546,0.207395139668924,
0.2080569436543,0.20838784564699,0.208718747639678,0.209380551625056,0.210042355610432,
0.21070415959581,0.211365963581187,0.212027767566564,0.212689571551942,
0.213351375537319,0.214013179522697,0.214674983508073,0.215336787493451,
0.216660395464206,0.21798400343496,0.218645807420337,0.219307611405715,
0.220631219376469,0.221954827347223,0.224602043288733,0.227249259230242,
0.229896475171751,0.232543691113261,0.237838122996279,0.243132554879297,
0.248426986762315,0.253721418645333,0.259015850528351,0.26431028241137,
0.269604714294388,0.274899146177406,0.280193578060425,0.285488009943443,
0.290782441826462,0.296076873709479,0.301371305592498,0.311960169358534,
0.322549033124571,0.333137896890607,0.343726760656644,0.35431562442268,
0.364904488188718),.UNSPECIFIED.);
#203=B_SPLINE_CURVE_WITH_KNOTS('',3,(#1806,#1807,#1808,#1809,#1810,#1811,
#1812,#1813,#1814,#1815,#1816,#1817,#1818,#1819,#1820,#1821,#1822,#1823,
#1824,#1825,#1826,#1827,#1828,#1829,#1830,#1831,#1832,#1833,#1834,#1835,
#1836,#1837,#1838,#1839,#1840,#1841,#1842,#1843,#1844),.UNSPECIFIED.,.F.,
 .F.,(4,1,1,1,1,1,1,1,1,1,1,1,1,1,1,1,1,1,1,1,1,1,1,1,1,1,1,1,1,1,1,1,1,
1,1,1,4),(-0.00383085150823672,0.00330516352493492,0.0104411785581065,0.0175771935912782,
0.0247132086244498,0.0318492236576214,0.038985238690793,0.0461212537239647,
0.0532572687571363,0.0568252762737222,0.060393283790308,0.0621772875486009,
0.0639612913068938,0.0657452950651867,0.0675292988234796,0.0693133025817725,
0.0710973063400654,0.0728813100983583,0.0746653138566512,0.0755573157357977,
0.0764493176149441,0.078233321373237,0.0791253232523835,0.0800173251315299,
0.0809093270106764,0.0818013288898229,0.0835853326481158,0.0853693364064087,
0.0871533401647016,0.0889373439229945,0.0907213476812874,0.0925053514395803,
0.0960733589561661,0.0996413664727519,0.103209373989338,0.106777381505924,
0.110345389022509),.UNSPECIFIED.);
#204=B_SPLINE_CURVE_WITH_KNOTS('',3,(#1847,#1848,#1849,#1850,#1851,#1852,
#1853,#1854,#1855,#1856,#1857,#1858,#1859,#1860,#1861,#1862,#1863,#1864,
#1865,#1866,#1867,#1868,#1869,#1870,#1871,#1872,#1873,#1874,#1875,#1876,
#1877,#1878,#1879,#1880,#1881,#1882,#1883,#1884,#1885,#1886,#1887,#1888,
#1889,#1890,#1891,#1892,#1893,#1894,#1895,#1896,#1897,#1898,#1899,#1900,
#1901,#1902,#1903,#1904,#1905,#1906,#1907,#1908),.UNSPECIFIED.,.F.,.F.,
(4,1,1,1,1,1,1,1,1,1,1,1,1,1,1,1,1,1,1,1,1,1,1,1,1,1,1,1,1,1,1,1,1,1,1,
1,1,1,1,1,1,1,1,1,1,1,1,1,1,1,1,1,1,1,1,1,1,1,1,4),(0.195482667932132,0.196806275902887,
0.198129883873641,0.198791687859019,0.199453491844396,0.200115295829773,
0.20077709981515,0.201438903800528,0.202100707785905,0.202762511771283,
0.20342431575666,0.204086119742037,0.204747923727414,0.205409727712791,
0.206071531698169,0.206402433690857,0.206733335683546,0.207395139668924,
0.2080569436543,0.20838784564699,0.208718747639678,0.209380551625056,0.210042355610432,
0.21070415959581,0.211365963581187,0.212027767566564,0.212689571551942,
0.213351375537319,0.214013179522697,0.214674983508073,0.215336787493451,
0.216660395464206,0.21798400343496,0.218645807420337,0.219307611405715,
0.220631219376469,0.221954827347223,0.224602043288733,0.227249259230242,
0.229896475171751,0.232543691113261,0.237838122996279,0.243132554879297,
0.248426986762315,0.253721418645333,0.259015850528351,0.26431028241137,
0.269604714294388,0.274899146177406,0.280193578060425,0.285488009943443,
0.290782441826462,0.296076873709479,0.301371305592498,0.311960169358534,
0.322549033124571,0.333137896890607,0.343726760656644,0.35431562442268,
0.364904488188718),.UNSPECIFIED.);
#205=B_SPLINE_CURVE_WITH_KNOTS('',3,(#1910,#1911,#1912,#1913,#1914,#1915,
#1916,#1917,#1918,#1919,#1920,#1921,#1922,#1923,#1924,#1925,#1926,#1927,
#1928,#1929,#1930,#1931,#1932,#1933,#1934,#1935,#1936,#1937,#1938,#1939,
#1940,#1941,#1942,#1943,#1944,#1945,#1946,#1947,#1948,#1949,#1950,#1951,
#1952,#1953,#1954,#1955,#1956,#1957,#1958,#1959,#1960,#1961,#1962,#1963,
#1964,#1965,#1966,#1967,#1968,#1969,#1970,#1971,#1972,#1973,#1974,#1975,
#1976,#1977,#1978,#1979,#1980,#1981,#1982,#1983,#1984,#1985,#1986,#1987,
#1988,#1989,#1990,#1991,#1992,#1993,#1994,#1995,#1996,#1997,#1998,#1999,
#2000,#2001,#2002,#2003,#2004,#2005,#2006,#2007,#2008,#2009,#2010,#2011),
 .UNSPECIFIED.,.F.,.F.,(4,1,1,1,1,1,1,1,1,1,1,1,1,1,1,1,1,1,1,1,1,1,1,1,
1,1,1,1,1,1,1,1,1,1,1,1,1,1,1,1,1,1,1,1,1,1,1,1,1,1,1,1,1,1,1,1,1,1,1,1,
1,1,1,1,1,1,1,1,1,1,1,1,1,1,1,1,1,1,1,1,1,1,1,1,1,1,1,1,1,1,1,1,1,1,1,1,
1,1,1,4),(0.40206072266963,0.406133014245359,0.410205305821087,0.418349888972544,
0.426494472124,0.430566763699729,0.432602909487594,0.434639055275457,0.442783638426914,
0.450928221578371,0.459072804729828,0.467217387881285,0.483506554184199,
0.499795720487112,0.516084886790026,0.524229469941483,0.532374053092939,
0.540518636244396,0.548663219395853,0.552735510971581,0.55680780254731,
0.564952385698767,0.573096968850223,0.58124155200168,0.589386135153137,
0.597530718304594,0.605675301456051,0.613819884607508,0.617892176183236,
0.621964467758964,0.626036759334693,0.630109050910421,0.63418134248615,
0.638253634061878,0.642325925637607,0.646398217213335,0.654542800364792,
0.662687383516249,0.670831966667705,0.678976549819162,0.68304884139489,
0.687121132970619,0.695265716122076,0.703410299273533,0.711554882424989,
0.719699465576446,0.727844048727903,0.73598863187936,0.744133215030817,
0.752277798182274,0.76042238133373,0.776711547636644,0.784856130788101,
0.793000713939558,0.801145297091015,0.805217588666743,0.809289880242471,
0.8133621718182,0.817434463393928,0.821506754969657,0.825579046545385,0.833723629696842,
0.841868212848299,0.850012795999755,0.858157379151212,0.862229670726941,
0.866301962302669,0.870374253878397,0.874446545454126,0.878518837029854,
0.880554982817718,0.882591128605583,0.883609201499515,0.884627274393447,
0.885645347287379,0.886663420181311,0.887681493075243,0.888699565969175,
0.890735711757039,0.891753784650971,0.892262821097938,0.892771857544904,
0.89328089399187,0.893789930438836,0.894298966885802,0.894808003332768,
0.8958260762267,0.896844149120632,0.898880294908496,0.899898367802428,0.90091644069636,
0.901934513590293,0.902952586484225,0.903970659378157,0.904988732272089,
0.907024878059953,0.911097169635681,0.91516946121141,0.919241752787138,
0.923314044362867),.UNSPECIFIED.);
#206=B_SPLINE_CURVE_WITH_KNOTS('',3,(#2013,#2014,#2015,#2016,#2017,#2018,
#2019,#2020,#2021,#2022),.UNSPECIFIED.,.F.,.F.,(4,1,1,1,1,1,1,4),(0.975132760950861,
0.982817643061511,0.99050252517216,0.99818740728281,1.00587228939346,1.01355717150411,
1.02124205361476,1.03661181783606),.UNSPECIFIED.);
#207=B_SPLINE_CURVE_WITH_KNOTS('',3,(#2024,#2025,#2026,#2027,#2028,#2029,
#2030,#2031,#2032,#2033,#2034,#2035,#2036,#2037,#2038,#2039,#2040,#2041,
#2042,#2043,#2044,#2045,#2046,#2047,#2048,#2049,#2050,#2051,#2052,#2053,
#2054,#2055,#2056,#2057,#2058,#2059,#2060,#2061,#2062,#2063,#2064,#2065,
#2066,#2067,#2068),.UNSPECIFIED.,.F.,.F.,(4,1,1,1,1,1,1,1,1,1,1,1,1,1,1,
1,1,1,1,1,1,1,1,1,1,1,1,1,1,1,1,1,1,1,1,1,1,1,1,1,1,1,4),(-0.0350754354976522,
-0.0268298509516018,-0.0185842664055514,-0.010338681859501,-0.00621588958647582,
-0.00209309731345063,0.00202969495957456,0.00615248723259975,0.0102752795056249,
0.0143980717786501,0.0226436563247005,0.0267664485977257,0.0308892408707509,
0.0350120331437761,0.0391348254168013,0.0432576176898265,0.0473804099628517,
0.0515032022358769,0.0556259945089021,0.0638715790549524,0.0721171636010028,
0.0803627481470532,0.0886083326931036,0.096853917239154,0.105099501785204,
0.113345086331255,0.129836255423355,0.138081839969406,0.146327424515456,
0.154573009061507,0.162818593607557,0.166941385880582,0.171064178153607,
0.175186970426633,0.179309762699658,0.183432554972683,0.187555347245708,
0.195800931791759,0.204046516337809,0.212292100883859,0.22053768542991,
0.224660477702935,0.22878326997596),.UNSPECIFIED.);
#208=B_SPLINE_CURVE_WITH_KNOTS('',3,(#2070,#2071,#2072,#2073,#2074,#2075,
#2076,#2077,#2078,#2079,#2080,#2081,#2082,#2083,#2084,#2085,#2086,#2087,
#2088,#2089,#2090,#2091,#2092,#2093,#2094,#2095,#2096,#2097,#2098,#2099,
#2100,#2101,#2102,#2103,#2104,#2105,#2106,#2107,#2108,#2109,#2110,#2111,
#2112,#2113,#2114,#2115,#2116,#2117,#2118,#2119,#2120,#2121,#2122,#2123,
#2124,#2125,#2126,#2127),.UNSPECIFIED.,.F.,.F.,(4,1,1,1,1,1,1,1,1,1,1,1,
1,1,1,1,1,1,1,1,1,1,1,1,1,1,1,1,1,1,1,1,1,1,1,1,1,1,1,1,1,1,1,1,1,1,1,1,
1,1,1,1,1,1,1,4),(0.261748603875735,0.263552292585371,0.265355981295008,
0.267159670004644,0.268963358714281,0.272570736133553,0.276178113552827,
0.283392868391372,0.290607623229918,0.297822378068464,0.30503713290701,
0.312251887745556,0.319466642584102,0.326681397422647,0.333896152261193,
0.348325661938285,0.362755171615377,0.369969926453922,0.377184681292468,
0.384399436131014,0.391614190969559,0.398828945808106,0.406043700646652,
0.413258455485197,0.420473210323743,0.427687965162289,0.434902720000835,
0.449332229677927,0.463761739355018,0.47819124903211,0.492620758709201,
0.507050268386293,0.521479778063385,0.535909287740476,0.543124042579022,
0.550338797417568,0.557553552256114,0.561160929675387,0.56476830709466,
0.571983061933206,0.579197816771751,0.593627326448843,0.608056836125935,
0.615271590964481,0.622486345803026,0.636915855480118,0.65134536515721,
0.658560119995756,0.665774874834301,0.672989629672847,0.680204384511393,
0.687419139349939,0.694633894188485,0.709063403865576,0.716278158704122,
0.723492913542668),.UNSPECIFIED.);
#209=B_SPLINE_CURVE_WITH_KNOTS('',3,(#2129,#2130,#2131,#2132,#2133,#2134,
#2135,#2136,#2137,#2138,#2139,#2140,#2141,#2142,#2143,#2144,#2145,#2146,
#2147,#2148,#2149,#2150,#2151,#2152,#2153,#2154,#2155,#2156,#2157,#2158,
#2159,#2160,#2161,#2162,#2163),.UNSPECIFIED.,.F.,.F.,(4,1,1,1,1,1,1,1,1,
1,1,1,1,1,1,1,1,1,1,1,1,1,1,1,1,1,1,1,1,1,1,1,4),(0.758031487500864,0.765670739095732,
0.7733099906906,0.780949242285468,0.788588493880336,0.79240811967777,0.796227745475204,
0.803866997070072,0.81150624866494,0.819145500259808,0.826784751854676,
0.834424003449544,0.842063255044412,0.84970250663928,0.857341758234148,
0.864981009829016,0.872620261423884,0.880259513018752,0.88789876461362,
0.895538016208488,0.903177267803356,0.910816519398224,0.918455770993092,
0.92609502258796,0.933734274182828,0.941373525777696,0.949012777372564,
0.956652028967432,0.9642912805623,0.971930532157168,0.987209035346904,0.994848286941772,
1.00248753853664),.UNSPECIFIED.);
#210=EDGE_LOOP('',(#41,#42,#43,#44));
#211=EDGE_LOOP('',(#45,#46,#47,#48));
#212=EDGE_LOOP('',(#49,#50,#51,#52));
#213=EDGE_LOOP('',(#53,#54,#55,#56));
#214=EDGE_LOOP('',(#57,#58,#59,#60));
#215=EDGE_LOOP('',(#61,#62,#63,#64));
#216=EDGE_LOOP('',(#65,#66,#67,#68));
#217=EDGE_LOOP('',(#69,#70));
#218=EDGE_LOOP('',(#71,#72,#73,#74,#75,#76,#77));
#219=EDGE_LOOP('',(#78,#79,#80,#81));
#220=EDGE_LOOP('',(#82,#83));
#221=EDGE_LOOP('',(#84,#85,#86,#87,#88,#89,#90));
#222=EDGE_LOOP('',(#91,#92,#93,#94));
#223=EDGE_LOOP('',(#95,#96,#97,#98));
#224=EDGE_LOOP('',(#99,#100,#101,#102));
#225=EDGE_LOOP('',(#103,#104,#105,#106));
#226=EDGE_LOOP('',(#107,#108,#109,#110));
#227=EDGE_LOOP('',(#111,#112,#113,#114));
#228=EDGE_LOOP('',(#115,#116,#117,#118));
#229=FACE_BOUND('',#210,.T.);
#230=FACE_BOUND('',#211,.T.);
#231=FACE_BOUND('',#212,.T.);
#232=FACE_BOUND('',#213,.T.);
#233=FACE_BOUND('',#214,.T.);
#234=FACE_BOUND('',#215,.T.);
#235=FACE_BOUND('',#216,.T.);
#236=FACE_BOUND('',#217,.T.);
#237=FACE_BOUND('',#218,.T.);
#238=FACE_BOUND('',#219,.T.);
#239=FACE_BOUND('',#220,.T.);
#240=FACE_BOUND('',#221,.T.);
#241=FACE_BOUND('',#222,.T.);
#242=FACE_BOUND('',#223,.T.);
#243=FACE_BOUND('',#224,.T.);
#244=FACE_BOUND('',#225,.T.);
#245=FACE_BOUND('',#226,.T.);
#246=FACE_BOUND('',#227,.T.);
#247=FACE_BOUND('',#228,.T.);
#248=B_SPLINE_SURFACE_WITH_KNOTS('',3,1,((#315,#316),(#317,#318),(#319,
#320),(#321,#322),(#323,#324),(#325,#326),(#327,#328),(#329,#330),(#331,
#332),(#333,#334),(#335,#336),(#337,#338),(#339,#340),(#341,#342),(#343,
#344),(#345,#346),(#347,#348),(#349,#350)),.SURF_OF_LINEAR_EXTRUSION.,.F.,
 .F.,.F.,(4,1,1,1,1,1,1,1,1,1,1,1,1,1,1,4),(2,2),(0.,0.0578643463086741,
0.0871395988755471,0.151520146554945,0.20398548362668,0.280168265205372,
0.373463256276533,0.430620128691098,0.548235007352528,0.631997941148322,
0.683978715263193,0.742282043584286,0.815809468667103,0.893256524918636,
0.942778043049539,1.),(0.,1.),.UNSPECIFIED.);
#249=B_SPLINE_SURFACE_WITH_KNOTS('',3,1,((#393,#394),(#395,#396),(#397,
#398),(#399,#400),(#401,#402),(#403,#404),(#405,#406),(#407,#408),(#409,
#410),(#411,#412),(#413,#414),(#415,#416),(#417,#418),(#419,#420),(#421,
#422),(#423,#424),(#425,#426),(#427,#428),(#429,#430),(#431,#432),(#433,
#434)),.SURF_OF_LINEAR_EXTRUSION.,.F.,.F.,.F.,(4,1,1,1,1,1,1,1,1,1,1,1,
1,1,1,1,1,1,4),(2,2),(-0.000972007099103901,0.0171936647889951,0.0353593366770941,
0.0444421726211436,0.0535250085651931,0.0626078445092426,0.0671492624812673,
0.0716906804532921,0.0762320984253168,0.0807735163973416,0.0853149343693663,
0.0898563523413911,0.0943977703134158,0.0989391882854405,0.10802202422949,
0.11710486017354,0.126187696117589,0.135270532061639,0.144353368005688),
(0.,1.),.UNSPECIFIED.);
#250=B_SPLINE_SURFACE_WITH_KNOTS('',3,1,((#505,#506),(#507,#508),(#509,
#510),(#511,#512),(#513,#514),(#515,#516),(#517,#518),(#519,#520),(#521,
#522),(#523,#524),(#525,#526),(#527,#528),(#529,#530),(#531,#532),(#533,
#534),(#535,#536),(#537,#538),(#539,#540),(#541,#542),(#543,#544),(#545,
#546),(#547,#548),(#549,#550),(#551,#552),(#553,#554),(#555,#556),(#557,
#558),(#559,#560),(#561,#562),(#563,#564),(#565,#566),(#567,#568),(#569,
#570),(#571,#572),(#573,#574),(#575,#576),(#577,#578),(#579,#580),(#581,
#582),(#583,#584),(#585,#586),(#587,#588),(#589,#590),(#591,#592),(#593,
#594),(#595,#596),(#597,#598),(#599,#600),(#601,#602),(#603,#604),(#605,
#606),(#607,#608),(#609,#610),(#611,#612),(#613,#614),(#615,#616),(#617,
#618),(#619,#620),(#621,#622),(#623,#624),(#625,#626),(#627,#628),(#629,
#630),(#631,#632),(#633,#634),(#635,#636),(#637,#638),(#639,#640),(#641,
#642),(#643,#644),(#645,#646),(#647,#648),(#649,#650),(#651,#652),(#653,
#654),(#655,#656),(#657,#658),(#659,#660)),.SURF_OF_LINEAR_EXTRUSION.,.F.,
 .F.,.F.,(4,1,1,1,1,1,1,1,1,1,1,1,1,1,1,1,1,1,1,1,1,1,1,1,1,1,1,1,1,1,1,
1,1,1,1,1,1,1,1,1,1,1,1,1,1,1,1,1,1,1,1,1,1,1,1,1,1,1,1,1,1,1,1,1,1,1,1,
1,1,1,1,1,1,1,1,4),(2,2),(0.158360178045599,0.165008063886803,0.171655949728006,
0.178303835569209,0.184951721410412,0.191599607251615,0.194923550172217,
0.198247493092818,0.20157143601342,0.204895378934021,0.208219321854623,
0.211543264775224,0.214867207695826,0.218191150616427,0.221515093537029,
0.22483903645763,0.231486922298834,0.238134808140037,0.24478269398124,0.251430579822443,
0.264726351504849,0.278022123187255,0.291317894869661,0.304613666552068,
0.317909438234474,0.344500981599286,0.357796753281692,0.371092524964099,
0.384388296646505,0.397684068328911,0.410979840011317,0.424275611693723,
0.43757138337613,0.450867155058536,0.477458698423348,0.50405024178816,0.530641785152973,
0.543937556835379,0.557233328517785,0.583824871882598,0.61041641524741,
0.623712186929816,0.637007958612222,0.650303730294629,0.663599501977035,
0.690191045341847,0.71678258870666,0.743374132071472,0.769965675436284,
0.796557218801097,0.809852990483503,0.823148762165909,0.836444533848315,
0.849740305530722,0.863036077213128,0.869683963054331,0.876331848895534,
0.882979734736737,0.886303677657339,0.88962762057794,0.892951563498542,
0.896275506419143,0.899599449339745,0.902923392260346,0.909571278101549,
0.916219163942753,0.922867049783956,0.929514935625159,0.936162821466362,
0.942810707307565,0.949458593148768,0.956106478989971,0.969402250672377,
0.982698022354784,0.99599379403719,1.0092895657196),(0.,1.),
 .UNSPECIFIED.);
#251=B_SPLINE_SURFACE_WITH_KNOTS('',3,1,((#924,#925),(#926,#927),(#928,
#929),(#930,#931),(#932,#933),(#934,#935),(#936,#937),(#938,#939),(#940,
#941),(#942,#943),(#944,#945),(#946,#947),(#948,#949),(#950,#951),(#952,
#953),(#954,#955),(#956,#957),(#958,#959),(#960,#961),(#962,#963),(#964,
#965),(#966,#967),(#968,#969),(#970,#971),(#972,#973),(#974,#975),(#976,
#977),(#978,#979),(#980,#981),(#982,#983),(#984,#985),(#986,#987),(#988,
#989),(#990,#991),(#992,#993),(#994,#995),(#996,#997),(#998,#999),(#1000,
#1001),(#1002,#1003),(#1004,#1005),(#1006,#1007),(#1008,#1009),(#1010,#1011),
(#1012,#1013),(#1014,#1015),(#1016,#1017),(#1018,#1019),(#1020,#1021),(#1022,
#1023),(#1024,#1025),(#1026,#1027),(#1028,#1029),(#1030,#1031),(#1032,#1033),
(#1034,#1035),(#1036,#1037),(#1038,#1039),(#1040,#1041),(#1042,#1043),(#1044,
#1045)),.SURF_OF_LINEAR_EXTRUSION.,.F.,.F.,.F.,(4,1,1,1,1,1,1,1,1,1,1,1,
1,1,1,1,1,1,1,1,1,1,1,1,1,1,1,1,1,1,1,1,1,1,1,1,1,1,1,1,1,1,1,1,1,1,1,1,
1,1,1,1,1,1,1,1,1,1,4),(2,2),(-0.00889973736507602,0.00278690895300092,
0.0144735552710779,0.0261602015891548,0.0378468479072317,0.0495334942253087,
0.0612201405433856,0.0845934331795395,0.107966725815693,0.131340018451847,
0.143026664769924,0.154713311088001,0.166399957406078,0.178086603724155,
0.189773250042232,0.201459896360309,0.213146542678386,0.218989865837424,
0.224833188996463,0.230676512155501,0.23651983531454,0.239441496894059,
0.242363158473578,0.245284820053097,0.248206481632617,0.254049804791655,
0.259893127950694,0.265736451109732,0.271579774268771,0.277423097427809,
0.283266420586847,0.294953066904924,0.306639713223001,0.318326359541078,
0.330013005859155,0.341699652177232,0.365072944813386,0.376759591131463,
0.38844623744954,0.411819530085694,0.435192822721848,0.458566115358002,
0.481939407994155,0.505312700630309,0.528685993266463,0.552059285902617,
0.563745932220694,0.575432578538771,0.598805871174925,0.622179163811079,
0.645552456447233,0.668925749083386,0.69229904171954,0.703985688037617,
0.715672334355694,0.721515657514733,0.727358980673771,0.733202303832809,
0.739045626991848),(0.,1.),.UNSPECIFIED.);
#252=B_SPLINE_SURFACE_WITH_KNOTS('',3,1,((#1253,#1254),(#1255,#1256),(#1257,
#1258),(#1259,#1260),(#1261,#1262),(#1263,#1264),(#1265,#1266),(#1267,#1268),
(#1269,#1270),(#1271,#1272),(#1273,#1274),(#1275,#1276),(#1277,#1278),(#1279,
#1280),(#1281,#1282),(#1283,#1284),(#1285,#1286),(#1287,#1288),(#1289,#1290)),
 .SURF_OF_LINEAR_EXTRUSION.,.F.,.F.,.F.,(4,1,1,1,1,1,1,1,1,1,1,1,1,1,1,
1,4),(2,2),(0.741229031749894,0.745282190105277,0.749335348460659,0.757441665171424,
0.765547981882189,0.773654298592954,0.789866932014484,0.806079565436014,
0.822292198857543,0.838504832279073,0.854717465700603,0.870930099122133,
0.903355365965193,0.935780632808253,0.951993266229783,0.968205899651312,
1.00063116649437),(0.,1.),.UNSPECIFIED.);
#253=B_SPLINE_SURFACE_WITH_KNOTS('',3,1,((#1357,#1358),(#1359,#1360),(#1361,
#1362),(#1363,#1364),(#1365,#1366),(#1367,#1368),(#1369,#1370),(#1371,#1372),
(#1373,#1374),(#1375,#1376),(#1377,#1378),(#1379,#1380),(#1381,#1382),(#1383,
#1384),(#1385,#1386),(#1387,#1388),(#1389,#1390),(#1391,#1392),(#1393,#1394),
(#1395,#1396),(#1397,#1398),(#1399,#1400)),.SURF_OF_LINEAR_EXTRUSION.,.F.,
 .F.,.F.,(4,1,1,1,1,1,1,1,1,1,1,1,1,1,1,1,1,1,1,4),(2,2),(0.,0.0390422982032981,
0.104674284837831,0.173352204771836,0.24086474756259,0.262204748670827,
0.321184537495259,0.383978511905229,0.428226297428596,0.489893927226547,
0.55869044278355,0.613369715559581,0.670735509996799,0.728552556212556,
0.746106707876317,0.793321724838645,0.854902889072314,0.906324086036321,
0.952023083180473,1.),(0.,1.),.UNSPECIFIED.);
#254=B_SPLINE_SURFACE_WITH_KNOTS('',3,1,((#2164,#2165),(#2166,#2167),(#2168,
#2169),(#2170,#2171),(#2172,#2173),(#2174,#2175),(#2176,#2177),(#2178,#2179),
(#2180,#2181),(#2182,#2183),(#2184,#2185),(#2186,#2187),(#2188,#2189),(#2190,
#2191),(#2192,#2193),(#2194,#2195),(#2196,#2197),(#2198,#2199),(#2200,#2201),
(#2202,#2203),(#2204,#2205)),.SURF_OF_LINEAR_EXTRUSION.,.F.,.F.,.F.,(4,
1,1,1,1,1,1,1,1,1,1,1,1,1,1,1,1,1,4),(2,2),(-0.00383085150823672,0.0104411785581065,
0.0247132086244498,0.0318492236576214,0.0389852386907931,0.0461212537239647,
0.0532572687571363,0.060393283790308,0.0675292988234796,0.0710973063400654,
0.0746653138566512,0.078233321373237,0.0818013288898229,0.0853693364064087,
0.0889373439229945,0.0925053514395803,0.0960733589561661,0.103209373989338,
0.110345389022509),(0.,1.),.UNSPECIFIED.);
#255=B_SPLINE_SURFACE_WITH_KNOTS('',3,1,((#2208,#2209),(#2210,#2211),(#2212,
#2213),(#2214,#2215),(#2216,#2217),(#2218,#2219),(#2220,#2221),(#2222,#2223),
(#2224,#2225),(#2226,#2227),(#2228,#2229),(#2230,#2231),(#2232,#2233),(#2234,
#2235),(#2236,#2237),(#2238,#2239),(#2240,#2241),(#2242,#2243),(#2244,#2245),
(#2246,#2247),(#2248,#2249),(#2250,#2251),(#2252,#2253),(#2254,#2255),(#2256,
#2257),(#2258,#2259),(#2260,#2261),(#2262,#2263),(#2264,#2265),(#2266,#2267)),
 .SURF_OF_LINEAR_EXTRUSION.,.F.,.F.,.F.,(4,1,1,1,1,1,1,1,1,1,1,1,1,1,1,
1,1,1,1,1,1,1,1,1,1,1,1,4),(2,2),(0.195482667932132,0.198129883873642,0.200777099815151,
0.20342431575666,0.206071531698169,0.207395139668924,0.208718747639678,
0.211365963581187,0.214013179522696,0.216660395464206,0.219307611405715,
0.221954827347224,0.227249259230242,0.23254369111326,0.237838122996279,
0.243132554879297,0.248426986762315,0.259015850528352,0.269604714294388,
0.274899146177407,0.280193578060425,0.290782441826462,0.301371305592498,
0.311960169358535,0.322549033124571,0.343726760656644,0.354315624422681,
0.364904488188718),(0.,1.),.UNSPECIFIED.);
#256=B_SPLINE_SURFACE_WITH_KNOTS('',3,1,((#2269,#2270),(#2271,#2272),(#2273,
#2274),(#2275,#2276),(#2277,#2278),(#2279,#2280),(#2281,#2282),(#2283,#2284),
(#2285,#2286),(#2287,#2288),(#2289,#2290),(#2291,#2292),(#2293,#2294),(#2295,
#2296),(#2297,#2298),(#2299,#2300),(#2301,#2302),(#2303,#2304),(#2305,#2306),
(#2307,#2308),(#2309,#2310),(#2311,#2312),(#2313,#2314),(#2315,#2316),(#2317,
#2318),(#2319,#2320),(#2321,#2322),(#2323,#2324),(#2325,#2326),(#2327,#2328),
(#2329,#2330),(#2331,#2332),(#2333,#2334),(#2335,#2336),(#2337,#2338),(#2339,
#2340),(#2341,#2342),(#2343,#2344),(#2345,#2346),(#2347,#2348),(#2349,#2350),
(#2351,#2352),(#2353,#2354),(#2355,#2356),(#2357,#2358),(#2359,#2360),(#2361,
#2362),(#2363,#2364),(#2365,#2366),(#2367,#2368),(#2369,#2370)),
 .SURF_OF_LINEAR_EXTRUSION.,.F.,.F.,.F.,(4,1,1,1,1,1,1,1,1,1,1,1,1,1,1,
1,1,1,1,1,1,1,1,1,1,1,1,1,1,1,1,1,1,1,1,1,1,1,1,1,1,1,1,1,1,1,1,1,4),(2,
2),(0.40206072266963,0.418349888972544,0.426494472124001,0.434639055275458,
0.450928221578371,0.467217387881285,0.499795720487112,0.516084886790026,
0.53237405309294,0.548663219395853,0.564952385698767,0.58124155200168,0.597530718304594,
0.613819884607508,0.621964467758965,0.630109050910421,0.638253634061878,
0.646398217213335,0.662687383516249,0.678976549819162,0.687121132970619,
0.695265716122076,0.71155488242499,0.727844048727903,0.744133215030817,
0.760422381333731,0.776711547636644,0.793000713939558,0.809289880242472,
0.817434463393928,0.825579046545385,0.833723629696842,0.841868212848299,
0.850012795999756,0.858157379151212,0.866301962302669,0.874446545454126,
0.878518837029854,0.882591128605583,0.886663420181311,0.89073571175704,
0.892771857544904,0.894808003332768,0.898880294908496,0.902952586484225,
0.907024878059953,0.911097169635682,0.91516946121141,0.923314044362867),
(0.,1.),.UNSPECIFIED.);
#257=B_SPLINE_SURFACE_WITH_KNOTS('',3,1,((#2372,#2373),(#2374,#2375),(#2376,
#2377),(#2378,#2379),(#2380,#2381)),.SURF_OF_LINEAR_EXTRUSION.,.F.,.F.,
 .F.,(4,1,4),(2,2),(0.975132760950861,1.00587228939346,1.03661181783606),
(0.,1.),.UNSPECIFIED.);
#258=B_SPLINE_SURFACE_WITH_KNOTS('',3,1,((#2383,#2384),(#2385,#2386),(#2387,
#2388),(#2389,#2390),(#2391,#2392),(#2393,#2394),(#2395,#2396),(#2397,#2398),
(#2399,#2400),(#2401,#2402),(#2403,#2404),(#2405,#2406),(#2407,#2408),(#2409,
#2410),(#2411,#2412),(#2413,#2414),(#2415,#2416),(#2417,#2418),(#2419,#2420),
(#2421,#2422),(#2423,#2424),(#2425,#2426),(#2427,#2428),(#2429,#2430)),
 .SURF_OF_LINEAR_EXTRUSION.,.F.,.F.,.F.,(4,1,1,1,1,1,1,1,1,1,1,1,1,1,1,
1,1,1,1,1,1,4),(2,2),(-0.0350754354976522,-0.0185842664055514,-0.010338681859501,
-0.00209309731345063,0.00615248723259975,0.0143980717786501,0.0308892408707509,
0.0391348254168013,0.0473804099628517,0.055625994508902,0.0638715790549524,
0.0803627481470532,0.0968539172391539,0.113345086331255,0.129836255423355,
0.146327424515456,0.162818593607557,0.171064178153607,0.179309762699658,
0.195800931791759,0.212292100883859,0.22878326997596),(0.,1.),
 .UNSPECIFIED.);
#259=B_SPLINE_SURFACE_WITH_KNOTS('',3,1,((#2432,#2433),(#2434,#2435),(#2436,
#2437),(#2438,#2439),(#2440,#2441),(#2442,#2443),(#2444,#2445),(#2446,#2447),
(#2448,#2449),(#2450,#2451),(#2452,#2453),(#2454,#2455),(#2456,#2457),(#2458,
#2459),(#2460,#2461),(#2462,#2463),(#2464,#2465),(#2466,#2467),(#2468,#2469),
(#2470,#2471),(#2472,#2473),(#2474,#2475),(#2476,#2477),(#2478,#2479),(#2480,
#2481),(#2482,#2483),(#2484,#2485),(#2486,#2487),(#2488,#2489)),
 .SURF_OF_LINEAR_EXTRUSION.,.F.,.F.,.F.,(4,1,1,1,1,1,1,1,1,1,1,1,1,1,1,
1,1,1,1,1,1,1,1,1,1,1,4),(2,2),(0.261748603875735,0.265355981295007,0.26896335871428,
0.276178113552826,0.290607623229918,0.30503713290701,0.319466642584101,
0.348325661938285,0.377184681292468,0.39161419096956,0.406043700646651,
0.420473210323743,0.434902720000835,0.463761739355018,0.492620758709201,
0.521479778063385,0.535909287740476,0.550338797417568,0.56476830709466,
0.579197816771751,0.608056836125935,0.636915855480118,0.65134536515721,
0.665774874834301,0.680204384511393,0.694633894188485,0.723492913542668),
(0.,1.),.UNSPECIFIED.);
#260=B_SPLINE_SURFACE_WITH_KNOTS('',3,1,((#2491,#2492),(#2493,#2494),(#2495,
#2496),(#2497,#2498),(#2499,#2500),(#2501,#2502),(#2503,#2504),(#2505,#2506),
(#2507,#2508),(#2509,#2510),(#2511,#2512),(#2513,#2514),(#2515,#2516),(#2517,
#2518),(#2519,#2520),(#2521,#2522),(#2523,#2524),(#2525,#2526),(#2527,#2528)),
 .SURF_OF_LINEAR_EXTRUSION.,.F.,.F.,.F.,(4,1,1,1,1,1,1,1,1,1,1,1,1,1,1,
1,4),(2,2),(0.758031487500864,0.7733099906906,0.788588493880336,0.796227745475204,
0.803866997070072,0.819145500259808,0.834424003449544,0.84970250663928,
0.864981009829016,0.880259513018752,0.895538016208488,0.910816519398224,
0.92609502258796,0.941373525777696,0.956652028967432,0.971930532157168,
1.00248753853664),(0.,1.),.UNSPECIFIED.);
#261=ADVANCED_FACE('',(#229),#248,.T.);
#262=ADVANCED_FACE('',(#230),#249,.F.);
#263=ADVANCED_FACE('',(#231),#250,.F.);
#264=ADVANCED_FACE('',(#232),#251,.F.);
#265=ADVANCED_FACE('',(#233),#252,.F.);
#266=ADVANCED_FACE('',(#234),#253,.T.);
#267=ADVANCED_FACE('',(#235,#236),#12,.F.);
#268=ADVANCED_FACE('',(#237,#238),#13,.F.);
#269=ADVANCED_FACE('',(#239,#240),#14,.T.);
#270=ADVANCED_FACE('',(#241),#254,.F.);
#271=ADVANCED_FACE('',(#242),#255,.F.);
#272=ADVANCED_FACE('',(#243),#256,.F.);
#273=ADVANCED_FACE('',(#244),#257,.F.);
#274=ADVANCED_FACE('',(#245),#258,.F.);
#275=ADVANCED_FACE('',(#246),#259,.F.);
#276=ADVANCED_FACE('',(#247),#260,.F.);
#277=CLOSED_SHELL('',(#261,#262,#263,#264,#265,#266,#267,#268,#269,#270,
#271,#272,#273,#274,#275,#276));
#278=STYLED_ITEM('',(#279),#286);
#279=PRESENTATION_STYLE_ASSIGNMENT((#280));
#280=SURFACE_STYLE_USAGE(.BOTH.,#281);
#281=SURFACE_SIDE_STYLE('',(#282));
#282=SURFACE_STYLE_FILL_AREA(#283);
#283=FILL_AREA_STYLE('',(#284));
#284=FILL_AREA_STYLE_COLOUR('',#285);
#285=COLOUR_RGB('',0.615686274509804,0.811764705882353,0.929411764705882);
#286=MANIFOLD_SOLID_BREP('Part 1',#277);
#287=SHAPE_DEFINITION_REPRESENTATION(#2535,#288);
#288=SHAPE_REPRESENTATION('Part 1',(#289),#2530);
#289=AXIS2_PLACEMENT_3D('',#314,#293,#294);
#290=AXIS2_PLACEMENT_3D('',#1445,#301,#302);
#291=AXIS2_PLACEMENT_3D('',#1446,#303,#304);
#292=AXIS2_PLACEMENT_3D('',#1805,#305,#306);
#293=DIRECTION('',(0.,0.,1.));
#294=DIRECTION('',(1.,0.,0.));
#295=DIRECTION('',(0.,0.,-1.));
#296=DIRECTION('',(0.,0.,-1.));
#297=DIRECTION('',(0.,0.,-1.));
#298=DIRECTION('',(0.,0.,-1.));
#299=DIRECTION('',(0.,0.,-1.));
#300=DIRECTION('',(0.,0.,-1.));
#301=DIRECTION('',(0.,0.,1.));
#302=DIRECTION('',(1.,0.,0.));
#303=DIRECTION('',(-1.21397657929511E-12,-2.13482542168305E-12,1.));
#304=DIRECTION('',(0.,-1.,-2.13482542168305E-12));
#305=DIRECTION('',(-1.21397657929511E-12,-2.13482542168305E-12,1.));
#306=DIRECTION('',(0.,-1.,-2.13482542168305E-12));
#307=DIRECTION('',(0.,0.,-1.));
#308=DIRECTION('',(0.,0.,-1.));
#309=DIRECTION('',(0.,0.,-1.));
#310=DIRECTION('',(0.,0.,-1.));
#311=DIRECTION('',(0.,0.,-1.));
#312=DIRECTION('',(0.,0.,-1.));
#313=DIRECTION('',(0.,0.,-1.));
#314=CARTESIAN_POINT('',(0.,0.,0.));
#315=CARTESIAN_POINT('',(0.0331960842013359,0.0519234426319599,0.014));
#316=CARTESIAN_POINT('',(0.0331960842013359,0.0519234426319599,5.20417042793042E-18));
#317=CARTESIAN_POINT('',(0.0305164782897378,0.0534472107046936,0.014));
#318=CARTESIAN_POINT('',(0.0305164782897378,0.0534472107046936,5.20417042793042E-18));
#319=CARTESIAN_POINT('',(0.0264811819600151,0.0557418972795503,0.014));
#320=CARTESIAN_POINT('',(0.0264811819600151,0.0557418972795503,5.20417042793042E-18));
#321=CARTESIAN_POINT('',(0.0222213623955312,0.0542266335124196,0.014));
#322=CARTESIAN_POINT('',(0.0222213623955312,0.0542266335124196,5.20417042793042E-18));
#323=CARTESIAN_POINT('',(0.0336202403922398,0.0423396845333675,0.014));
#324=CARTESIAN_POINT('',(0.0336202403922398,0.0423396845333675,5.20417042793042E-18));
#325=CARTESIAN_POINT('',(0.0159729626737387,0.0465891306932773,0.014));
#326=CARTESIAN_POINT('',(0.0159729626737387,0.0465891306932773,5.20417042793042E-18));
#327=CARTESIAN_POINT('',(0.0357023113439017,0.0338332988493606,0.014));
#328=CARTESIAN_POINT('',(0.0357023113439017,0.0338332988493606,5.20417042793042E-18));
#329=CARTESIAN_POINT('',(0.0273906369889107,0.00853988887087713,0.014));
#330=CARTESIAN_POINT('',(0.0273906369889107,0.00853988887087713,5.20417042793042E-18));
#331=CARTESIAN_POINT('',(0.0181454859308078,0.0156811309855407,0.014));
#332=CARTESIAN_POINT('',(0.0181454859308078,0.0156811309855407,5.20417042793042E-18));
#333=CARTESIAN_POINT('',(-0.0150128081521245,0.0171431527309755,0.014));
#334=CARTESIAN_POINT('',(-0.0150128081521245,0.0171431527309755,5.20417042793042E-18));
#335=CARTESIAN_POINT('',(-0.029815837694703,0.00694597861066423,0.014));
#336=CARTESIAN_POINT('',(-0.029815837694703,0.00694597861066423,5.20417042793042E-18));
#337=CARTESIAN_POINT('',(-0.0367081993168686,0.0115852527326471,0.014));
#338=CARTESIAN_POINT('',(-0.0367081993168686,0.0115852527326471,5.20417042793042E-18));
#339=CARTESIAN_POINT('',(-0.0422944829413749,0.0177193866451952,0.014));
#340=CARTESIAN_POINT('',(-0.0422944829413749,0.0177193866451952,5.20417042793042E-18));
#341=CARTESIAN_POINT('',(-0.0450593048742539,0.0314154262795529,0.014));
#342=CARTESIAN_POINT('',(-0.0450593048742539,0.0314154262795529,5.20417042793042E-18));
#343=CARTESIAN_POINT('',(-0.0274469363208314,0.0433712197026514,0.014));
#344=CARTESIAN_POINT('',(-0.0274469363208314,0.0433712197026514,5.20417042793042E-18));
#345=CARTESIAN_POINT('',(-0.0405375101544143,0.0432416539024184,0.014));
#346=CARTESIAN_POINT('',(-0.0405375101544143,0.0432416539024184,5.20417042793042E-18));
#347=CARTESIAN_POINT('',(-0.0382600958126289,0.0491455678000919,0.014));
#348=CARTESIAN_POINT('',(-0.0382600958126289,0.0491455678000919,5.20417042793042E-18));
#349=CARTESIAN_POINT('',(-0.0370392426848411,0.0523104779422283,0.014));
#350=CARTESIAN_POINT('',(-0.0370392426848411,0.0523104779422283,5.20417042793042E-18));
#351=CARTESIAN_POINT('',(0.0331960842013359,0.0519234426319599,0.));
#352=CARTESIAN_POINT('',(0.0305164782897378,0.0534472107046936,0.));
#353=CARTESIAN_POINT('',(0.0264811819600151,0.0557418972795503,0.));
#354=CARTESIAN_POINT('',(0.0222213623955312,0.0542266335124196,0.));
#355=CARTESIAN_POINT('',(0.0336202403922398,0.0423396845333675,0.));
#356=CARTESIAN_POINT('',(0.0159729626737387,0.0465891306932773,0.));
#357=CARTESIAN_POINT('',(0.0357023113439017,0.0338332988493606,0.));
#358=CARTESIAN_POINT('',(0.0273906369889107,0.00853988887087713,0.));
#359=CARTESIAN_POINT('',(0.0181454859308078,0.0156811309855407,0.));
#360=CARTESIAN_POINT('',(-0.0150128081521245,0.0171431527309755,0.));
#361=CARTESIAN_POINT('',(-0.029815837694703,0.00694597861066423,0.));
#362=CARTESIAN_POINT('',(-0.0367081993168686,0.0115852527326471,0.));
#363=CARTESIAN_POINT('',(-0.0422944829413749,0.0177193866451952,0.));
#364=CARTESIAN_POINT('',(-0.0450593048742539,0.0314154262795529,0.));
#365=CARTESIAN_POINT('',(-0.0274469363208314,0.0433712197026514,0.));
#366=CARTESIAN_POINT('',(-0.0405375101544143,0.0432416539024184,0.));
#367=CARTESIAN_POINT('',(-0.0382600958126289,0.0491455678000919,0.));
#368=CARTESIAN_POINT('',(-0.0370392426848411,0.0523104779422283,0.));
#369=CARTESIAN_POINT('',(0.0331960842013359,0.0519234426319599,0.));
#370=CARTESIAN_POINT('',(-0.0370392426848411,0.0523104779422283,0.));
#371=CARTESIAN_POINT('',(0.0331960842013359,0.0519234426319599,0.01));
#372=CARTESIAN_POINT('',(0.0331960842013359,0.0519234426319599,0.014));
#373=CARTESIAN_POINT('',(0.0331960842013359,0.0519234426319599,0.014));
#374=CARTESIAN_POINT('',(0.0305164782897378,0.0534472107046936,0.014));
#375=CARTESIAN_POINT('',(0.0264811819600151,0.0557418972795503,0.014));
#376=CARTESIAN_POINT('',(0.0222213623955312,0.0542266335124196,0.014));
#377=CARTESIAN_POINT('',(0.0336202403922398,0.0423396845333675,0.014));
#378=CARTESIAN_POINT('',(0.0159729626737387,0.0465891306932773,0.014));
#379=CARTESIAN_POINT('',(0.0357023113439017,0.0338332988493606,0.014));
#380=CARTESIAN_POINT('',(0.0273906369889107,0.00853988887087713,0.014));
#381=CARTESIAN_POINT('',(0.0181454859308078,0.0156811309855407,0.014));
#382=CARTESIAN_POINT('',(-0.0150128081521245,0.0171431527309755,0.014));
#383=CARTESIAN_POINT('',(-0.029815837694703,0.00694597861066423,0.014));
#384=CARTESIAN_POINT('',(-0.0367081993168686,0.0115852527326471,0.014));
#385=CARTESIAN_POINT('',(-0.0422944829413749,0.0177193866451952,0.014));
#386=CARTESIAN_POINT('',(-0.0450593048742539,0.0314154262795529,0.014));
#387=CARTESIAN_POINT('',(-0.0274469363208314,0.0433712197026514,0.014));
#388=CARTESIAN_POINT('',(-0.0405375101544143,0.0432416539024184,0.014));
#389=CARTESIAN_POINT('',(-0.0382600958126289,0.0491455678000919,0.014));
#390=CARTESIAN_POINT('',(-0.0370392426848411,0.0523104779422283,0.014));
#391=CARTESIAN_POINT('',(-0.0370392426848411,0.0523104779422283,0.014));
#392=CARTESIAN_POINT('',(-0.0370392426848411,0.0523104779422283,0.01));
#393=CARTESIAN_POINT('',(0.0338353264335413,0.0527333196046792,0.01));
#394=CARTESIAN_POINT('',(0.0338353264335413,0.0527333196046792,1.73472347597681E-18));
#395=CARTESIAN_POINT('',(0.0329941030397816,0.0532116844806112,0.01));
#396=CARTESIAN_POINT('',(0.0329941030397816,0.0532116844806112,1.73472347597681E-18));
#397=CARTESIAN_POINT('',(0.0312966484874461,0.0541800394656017,0.01));
#398=CARTESIAN_POINT('',(0.0312966484874461,0.0541800394656017,3.46944695195361E-18));
#399=CARTESIAN_POINT('',(0.0292262951019147,0.0552128251579639,0.01));
#400=CARTESIAN_POINT('',(0.0292262951019147,0.0552128251579639,-3.46944695195361E-18));
#401=CARTESIAN_POINT('',(0.0276349138424875,0.055802544256481,0.01));
#402=CARTESIAN_POINT('',(0.0276349138424875,0.055802544256481,5.20417042793042E-18));
#403=CARTESIAN_POINT('',(0.0264699742402252,0.0560882833458572,0.01));
#404=CARTESIAN_POINT('',(0.0264699742402252,0.0560882833458572,0.));
#405=CARTESIAN_POINT('',(0.0255132504854553,0.0561571428036418,0.01));
#406=CARTESIAN_POINT('',(0.0255132504854553,0.0561571428036418,5.20417042793042E-18));
#407=CARTESIAN_POINT('',(0.0247474247977641,0.0560551647896744,0.01));
#408=CARTESIAN_POINT('',(0.0247474247977641,0.0560551647896744,0.));
#409=CARTESIAN_POINT('',(0.0241699296432573,0.0558594813101508,0.01));
#410=CARTESIAN_POINT('',(0.0241699296432573,0.0558594813101508,-1.73472347597681E-18));
#411=CARTESIAN_POINT('',(0.0236042320769976,0.0554640251608059,0.01));
#412=CARTESIAN_POINT('',(0.0236042320769976,0.0554640251608059,6.93889390390723E-18));
#413=CARTESIAN_POINT('',(0.023197799799621,0.0548054630144701,0.01));
#414=CARTESIAN_POINT('',(0.023197799799621,0.0548054630144701,1.73472347597681E-18));
#415=CARTESIAN_POINT('',(0.023103695806668,0.0540510323953866,0.01));
#416=CARTESIAN_POINT('',(0.023103695806668,0.0540510323953866,3.46944695195361E-18));
#417=CARTESIAN_POINT('',(0.0232483806413597,0.0533420346195778,0.01));
#418=CARTESIAN_POINT('',(0.0232483806413597,0.0533420346195778,-1.73472347597681E-18));
#419=CARTESIAN_POINT('',(0.0235125474816667,0.05268675374212,0.01));
#420=CARTESIAN_POINT('',(0.0235125474816667,0.05268675374212,6.93889390390723E-18));
#421=CARTESIAN_POINT('',(0.0239822428655642,0.0517853892415514,0.01));
#422=CARTESIAN_POINT('',(0.0239822428655642,0.0517853892415514,0.));
#423=CARTESIAN_POINT('',(0.0247420717495214,0.0505878857085636,0.01));
#424=CARTESIAN_POINT('',(0.0247420717495214,0.0505878857085636,5.20417042793042E-18));
#425=CARTESIAN_POINT('',(0.025770535275179,0.0490812425009891,0.01));
#426=CARTESIAN_POINT('',(0.025770535275179,0.0490812425009891,3.46944695195361E-18));
#427=CARTESIAN_POINT('',(0.0267372041159821,0.04761555843412,0.01));
#428=CARTESIAN_POINT('',(0.0267372041159821,0.04761555843412,5.20417042793042E-18));
#429=CARTESIAN_POINT('',(0.0274610653136475,0.0463287949188441,0.01));
#430=CARTESIAN_POINT('',(0.0274610653136475,0.0463287949188441,-3.46944695195361E-18));
#431=CARTESIAN_POINT('',(0.0276322289518959,0.0457305691591363,0.01));
#432=CARTESIAN_POINT('',(0.0276322289518959,0.0457305691591363,3.46944695195361E-18));
#433=CARTESIAN_POINT('',(0.0276452657540589,0.0455925483131991,0.01));
#434=CARTESIAN_POINT('',(0.0276452657540589,0.0455925483131991,3.46944695195361E-18));
#435=CARTESIAN_POINT('',(0.0338353264335413,0.0527333196046792,0.));
#436=CARTESIAN_POINT('',(0.0334147147366615,0.0529725020426452,0.));
#437=CARTESIAN_POINT('',(0.0325703782210435,0.0534533344284881,0.));
#438=CARTESIAN_POINT('',(0.0313043788587648,0.0541535027026856,0.));
#439=CARTESIAN_POINT('',(0.0300537550344394,0.0547997019077286,0.));
#440=CARTESIAN_POINT('',(0.0288286201028425,0.0553603151434078,0.));
#441=CARTESIAN_POINT('',(0.0276349140010369,0.055802312386513,0.));
#442=CARTESIAN_POINT('',(0.0266639884087085,0.0560413442435141,0.));
#443=CARTESIAN_POINT('',(0.0258961963330622,0.0561284140519262,0.));
#444=CARTESIAN_POINT('',(0.0253216520163801,0.0561319332867551,0.));
#445=CARTESIAN_POINT('',(0.0247477366406749,0.0560552098118556,0.));
#446=CARTESIAN_POINT('',(0.0242653097057512,0.0558917151643267,0.));
#447=CARTESIAN_POINT('',(0.0238885829254082,0.0556624283373826,0.));
#448=CARTESIAN_POINT('',(0.0236242011314969,0.0554305353605364,0.));
#449=CARTESIAN_POINT('',(0.0233992702994727,0.0551364751883163,0.));
#450=CARTESIAN_POINT('',(0.0232373690361742,0.0547935088114315,0.));
#451=CARTESIAN_POINT('',(0.0231503806379801,0.0544263991800307,0.));
#452=CARTESIAN_POINT('',(0.0231335609552411,0.0540579880677281,0.));
#453=CARTESIAN_POINT('',(0.0231763392087083,0.0536932757646512,0.));
#454=CARTESIAN_POINT('',(0.0232632175804344,0.0533491850603836,0.));
#455=CARTESIAN_POINT('',(0.0233805563233276,0.0530159086096321,0.));
#456=CARTESIAN_POINT('',(0.0235712032264425,0.0525732406323523,0.));
#457=CARTESIAN_POINT('',(0.0238648633144202,0.0520107411475475,0.));
#458=CARTESIAN_POINT('',(0.0242860735126453,0.0513073579177474,0.));
#459=CARTESIAN_POINT('',(0.0249135698839343,0.050336211644198,0.));
#460=CARTESIAN_POINT('',(0.025770251886458,0.0490814938219619,0.));
#461=CARTESIAN_POINT('',(0.0265768552618745,0.0478596520121163,0.));
#462=CARTESIAN_POINT('',(0.0270978186777118,0.0469724631919549,0.));
#463=CARTESIAN_POINT('',(0.0274016170838918,0.0463765567403681,0.));
#464=CARTESIAN_POINT('',(0.0275949891283133,0.0458835042353515,0.));
#465=CARTESIAN_POINT('',(0.0276387473529774,0.0456615587361677,0.));
#466=CARTESIAN_POINT('',(0.0276452657540589,0.0455925483131991,0.));
#467=CARTESIAN_POINT('',(0.0338353264335414,0.0527333196046792,0.));
#468=CARTESIAN_POINT('',(0.0276452657540588,0.0455925483131991,0.));
#469=CARTESIAN_POINT('',(0.0276452657540588,0.0455925483131991,0.01));
#470=CARTESIAN_POINT('',(0.0276452657540588,0.0455925483131991,0.01));
#471=CARTESIAN_POINT('',(0.0338353264335413,0.0527333196046792,0.01));
#472=CARTESIAN_POINT('',(0.0334147147366615,0.0529725020426452,0.01));
#473=CARTESIAN_POINT('',(0.0325703782210435,0.0534533344284881,0.01));
#474=CARTESIAN_POINT('',(0.0313043788587648,0.0541535027026856,0.01));
#475=CARTESIAN_POINT('',(0.0300537550344394,0.0547997019077286,0.01));
#476=CARTESIAN_POINT('',(0.0288286201028425,0.0553603151434078,0.01));
#477=CARTESIAN_POINT('',(0.0276349140010369,0.055802312386513,0.01));
#478=CARTESIAN_POINT('',(0.0266639884087085,0.0560413442435141,0.01));
#479=CARTESIAN_POINT('',(0.0258961963330622,0.0561284140519262,0.01));
#480=CARTESIAN_POINT('',(0.0253216520163801,0.0561319332867551,0.01));
#481=CARTESIAN_POINT('',(0.0247477366406749,0.0560552098118556,0.01));
#482=CARTESIAN_POINT('',(0.0242653097057512,0.0558917151643267,0.01));
#483=CARTESIAN_POINT('',(0.0238885829254082,0.0556624283373826,0.01));
#484=CARTESIAN_POINT('',(0.0236242011314969,0.0554305353605364,0.01));
#485=CARTESIAN_POINT('',(0.0233992702994727,0.0551364751883163,0.01));
#486=CARTESIAN_POINT('',(0.0232373690361742,0.0547935088114315,0.01));
#487=CARTESIAN_POINT('',(0.0231503806379801,0.0544263991800307,0.01));
#488=CARTESIAN_POINT('',(0.0231335609552411,0.0540579880677281,0.01));
#489=CARTESIAN_POINT('',(0.0231763392087083,0.0536932757646512,0.01));
#490=CARTESIAN_POINT('',(0.0232632175804344,0.0533491850603836,0.01));
#491=CARTESIAN_POINT('',(0.0233805563233276,0.0530159086096321,0.01));
#492=CARTESIAN_POINT('',(0.0235712032264425,0.0525732406323523,0.01));
#493=CARTESIAN_POINT('',(0.0238648633144202,0.0520107411475475,0.01));
#494=CARTESIAN_POINT('',(0.0242860735126453,0.0513073579177474,0.01));
#495=CARTESIAN_POINT('',(0.0249135698839343,0.050336211644198,0.01));
#496=CARTESIAN_POINT('',(0.025770251886458,0.0490814938219619,0.01));
#497=CARTESIAN_POINT('',(0.0265768552618745,0.0478596520121163,0.01));
#498=CARTESIAN_POINT('',(0.0270978186777118,0.0469724631919549,0.01));
#499=CARTESIAN_POINT('',(0.0274016170838918,0.0463765567403681,0.01));
#500=CARTESIAN_POINT('',(0.0275949891283133,0.0458835042353515,0.01));
#501=CARTESIAN_POINT('',(0.0276387473529774,0.0456615587361677,0.01));
#502=CARTESIAN_POINT('',(0.0276452657540589,0.0455925483131991,0.01));
#503=CARTESIAN_POINT('',(0.0338353264335414,0.0527333196046792,0.01));
#504=CARTESIAN_POINT('',(0.0338353264335414,0.0527333196046792,0.01));
#505=CARTESIAN_POINT('',(0.0276452657540588,0.0455925483131991,0.01));
#506=CARTESIAN_POINT('',(0.0276452657540588,0.0455925483131991,2.60208521396521E-17));
#507=CARTESIAN_POINT('',(0.0275522362536888,0.0455536837578563,0.01));
#508=CARTESIAN_POINT('',(0.0275522362536888,0.0455536837578563,2.60208521396521E-17));
#509=CARTESIAN_POINT('',(0.0271833726775448,0.0454572598406426,0.01));
#510=CARTESIAN_POINT('',(0.0271833726775448,0.0454572598406426,2.25514051876985E-17));
#511=CARTESIAN_POINT('',(0.0263107541136278,0.0454128860626291,0.01));
#512=CARTESIAN_POINT('',(0.0263107541136278,0.0454128860626291,2.25514051876985E-17));
#513=CARTESIAN_POINT('',(0.0252830240392435,0.0454436698871188,0.01));
#514=CARTESIAN_POINT('',(0.0252830240392435,0.0454436698871188,2.77555756156289E-17));
#515=CARTESIAN_POINT('',(0.0242146512340852,0.045507438710074,0.01));
#516=CARTESIAN_POINT('',(0.0242146512340852,0.045507438710074,2.42861286636753E-17));
#517=CARTESIAN_POINT('',(0.0233686611239178,0.0455469960908585,0.01));
#518=CARTESIAN_POINT('',(0.0233686611239178,0.0455469960908585,3.46944695195361E-17));
#519=CARTESIAN_POINT('',(0.0227462150275797,0.0455421639976121,0.01));
#520=CARTESIAN_POINT('',(0.0227462150275797,0.0455421639976121,2.60208521396521E-17));
#521=CARTESIAN_POINT('',(0.0223002111135181,0.0455094213619168,0.01));
#522=CARTESIAN_POINT('',(0.0223002111135181,0.0455094213619168,2.25514051876985E-17));
#523=CARTESIAN_POINT('',(0.0218637900779159,0.0454254743486142,0.01));
#524=CARTESIAN_POINT('',(0.0218637900779159,0.0454254743486142,2.42861286636753E-17));
#525=CARTESIAN_POINT('',(0.0213395657734938,0.0452184644072085,0.01));
#526=CARTESIAN_POINT('',(0.0213395657734938,0.0452184644072085,2.42861286636753E-17));
#527=CARTESIAN_POINT('',(0.0208294238603822,0.044613894628194,0.01));
#528=CARTESIAN_POINT('',(0.0208294238603822,0.044613894628194,2.94902990916057E-17));
#529=CARTESIAN_POINT('',(0.0207711417192877,0.0438982949356217,0.01));
#530=CARTESIAN_POINT('',(0.0207711417192877,0.0438982949356217,2.42861286636753E-17));
#531=CARTESIAN_POINT('',(0.0209204717127811,0.043421017110381,0.01));
#532=CARTESIAN_POINT('',(0.0209204717127811,0.043421017110381,2.94902990916057E-17));
#533=CARTESIAN_POINT('',(0.0211223210252451,0.0430319177638185,0.01));
#534=CARTESIAN_POINT('',(0.0211223210252451,0.0430319177638185,2.42861286636753E-17));
#535=CARTESIAN_POINT('',(0.0213696085876406,0.0426687541154347,0.01));
#536=CARTESIAN_POINT('',(0.0213696085876406,0.0426687541154347,2.42861286636753E-17));
#537=CARTESIAN_POINT('',(0.0217556211565963,0.0421773265784074,0.01));
#538=CARTESIAN_POINT('',(0.0217556211565963,0.0421773265784074,3.12250225675825E-17));
#539=CARTESIAN_POINT('',(0.0223432521416879,0.0415166992460803,0.01));
#540=CARTESIAN_POINT('',(0.0223432521416879,0.0415166992460803,2.94902990916057E-17));
#541=CARTESIAN_POINT('',(0.0231898051906408,0.0406157520262598,0.01));
#542=CARTESIAN_POINT('',(0.0231898051906408,0.0406157520262598,2.25514051876985E-17));
#543=CARTESIAN_POINT('',(0.0241373648745044,0.0396034425460274,0.01));
#544=CARTESIAN_POINT('',(0.0241373648745044,0.0396034425460274,3.29597460435593E-17));
#545=CARTESIAN_POINT('',(0.0254752013790452,0.0381099815275046,0.01));
#546=CARTESIAN_POINT('',(0.0254752013790452,0.0381099815275046,2.08166817117217E-17));
#547=CARTESIAN_POINT('',(0.0271680264728509,0.035986700702369,0.01));
#548=CARTESIAN_POINT('',(0.0271680264728509,0.035986700702369,3.12250225675825E-17));
#549=CARTESIAN_POINT('',(0.0288497895323731,0.0331200196917556,0.01));
#550=CARTESIAN_POINT('',(0.0288497895323731,0.0331200196917556,2.25514051876985E-17));
#551=CARTESIAN_POINT('',(0.0298069616241124,0.0299735920144049,0.01));
#552=CARTESIAN_POINT('',(0.0298069616241124,0.0299735920144049,2.60208521396521E-17));
#553=CARTESIAN_POINT('',(0.0301223072409905,0.0265760859288615,0.01));
#554=CARTESIAN_POINT('',(0.0301223072409905,0.0265760859288615,2.42861286636753E-17));
#555=CARTESIAN_POINT('',(0.0298108493830687,0.0220204479091536,0.01));
#556=CARTESIAN_POINT('',(0.0298108493830687,0.0220204479091536,2.42861286636753E-17));
#557=CARTESIAN_POINT('',(0.0285997018676665,0.0178092206828388,0.01));
#558=CARTESIAN_POINT('',(0.0285997018676665,0.0178092206828388,2.94902990916057E-17));
#559=CARTESIAN_POINT('',(0.026989837632373,0.014770901481148,0.01));
#560=CARTESIAN_POINT('',(0.026989837632373,0.014770901481148,2.08166817117217E-17));
#561=CARTESIAN_POINT('',(0.025716709070505,0.0133055225289024,0.01));
#562=CARTESIAN_POINT('',(0.025716709070505,0.0133055225289024,2.60208521396521E-17));
#563=CARTESIAN_POINT('',(0.0248290747921931,0.0128850570528149,0.01));
#564=CARTESIAN_POINT('',(0.0248290747921931,0.0128850570528149,2.08166817117217E-17));
#565=CARTESIAN_POINT('',(0.0238100801601458,0.0128999502012241,0.01));
#566=CARTESIAN_POINT('',(0.0238100801601458,0.0128999502012241,2.94902990916057E-17));
#567=CARTESIAN_POINT('',(0.0222025621035457,0.0134157775183854,0.01));
#568=CARTESIAN_POINT('',(0.0222025621035457,0.0134157775183854,2.60208521396521E-17));
#569=CARTESIAN_POINT('',(0.0200954007833366,0.0142551925260286,0.01));
#570=CARTESIAN_POINT('',(0.0200954007833366,0.0142551925260286,2.25514051876985E-17));
#571=CARTESIAN_POINT('',(0.017372405159632,0.0150915090183492,0.01));
#572=CARTESIAN_POINT('',(0.017372405159632,0.0150915090183492,2.60208521396521E-17));
#573=CARTESIAN_POINT('',(0.0130929894231388,0.0159748417249685,0.01));
#574=CARTESIAN_POINT('',(0.0130929894231388,0.0159748417249685,2.77555756156289E-17));
#575=CARTESIAN_POINT('',(0.00675977227690995,0.0167079531023449,0.01));
#576=CARTESIAN_POINT('',(0.00675977227690995,0.0167079531023449,2.77555756156289E-17));
#577=CARTESIAN_POINT('',(-0.00161606436910676,0.0168833701058053,0.01));
#578=CARTESIAN_POINT('',(-0.00161606436910676,0.0168833701058053,2.08166817117217E-17));
#579=CARTESIAN_POINT('',(-0.00855354805025859,0.0163587414613522,0.01));
#580=CARTESIAN_POINT('',(-0.00855354805025859,0.0163587414613522,2.77555756156289E-17));
#581=CARTESIAN_POINT('',(-0.013678196432776,0.0154826410302731,0.01));
#582=CARTESIAN_POINT('',(-0.013678196432776,0.0154826410302731,2.77555756156289E-17));
#583=CARTESIAN_POINT('',(-0.0183669911030301,0.0142591678022933,0.01));
#584=CARTESIAN_POINT('',(-0.0183669911030301,0.0142591678022933,2.77555756156289E-17));
#585=CARTESIAN_POINT('',(-0.0232751836773366,0.0123164710764455,0.01));
#586=CARTESIAN_POINT('',(-0.0232751836773366,0.0123164710764455,2.60208521396521E-17));
#587=CARTESIAN_POINT('',(-0.027114972563574,0.010679531485602,0.01));
#588=CARTESIAN_POINT('',(-0.027114972563574,0.010679531485602,2.77555756156289E-17));
#589=CARTESIAN_POINT('',(-0.0295796189974794,0.0100280488233535,0.01));
#590=CARTESIAN_POINT('',(-0.0295796189974794,0.0100280488233535,2.94902990916057E-17));
#591=CARTESIAN_POINT('',(-0.0310728595011094,0.00995797088670737,0.01));
#592=CARTESIAN_POINT('',(-0.0310728595011094,0.00995797088670737,2.77555756156289E-17));
#593=CARTESIAN_POINT('',(-0.0324252986945042,0.0102804050917242,0.01));
#594=CARTESIAN_POINT('',(-0.0324252986945042,0.0102804050917242,2.08166817117217E-17));
#595=CARTESIAN_POINT('',(-0.0341635565378326,0.0111445395052468,0.01));
#596=CARTESIAN_POINT('',(-0.0341635565378326,0.0111445395052468,3.12250225675825E-17));
#597=CARTESIAN_POINT('',(-0.0363229165694129,0.0129072485325589,0.01));
#598=CARTESIAN_POINT('',(-0.0363229165694129,0.0129072485325589,2.42861286636753E-17));
#599=CARTESIAN_POINT('',(-0.038673403334314,0.0153374330423483,0.01));
#600=CARTESIAN_POINT('',(-0.038673403334314,0.0153374330423483,2.08166817117217E-17));
#601=CARTESIAN_POINT('',(-0.0406287050981422,0.0184648442761763,0.01));
#602=CARTESIAN_POINT('',(-0.0406287050981422,0.0184648442761763,2.77555756156289E-17));
#603=CARTESIAN_POINT('',(-0.0420467065436056,0.0225670123455996,0.01));
#604=CARTESIAN_POINT('',(-0.0420467065436056,0.0225670123455996,2.25514051876985E-17));
#605=CARTESIAN_POINT('',(-0.0421014501656247,0.0263419801517386,0.01));
#606=CARTESIAN_POINT('',(-0.0421014501656247,0.0263419801517386,2.77555756156289E-17));
#607=CARTESIAN_POINT('',(-0.0411403664922139,0.0294087392047132,0.01));
#608=CARTESIAN_POINT('',(-0.0411403664922139,0.0294087392047132,2.08166817117217E-17));
#609=CARTESIAN_POINT('',(-0.0397703540816725,0.0317187386385889,0.01));
#610=CARTESIAN_POINT('',(-0.0397703540816725,0.0317187386385889,2.94902990916057E-17));
#611=CARTESIAN_POINT('',(-0.03779930938241,0.0340637555850244,0.01));
#612=CARTESIAN_POINT('',(-0.03779930938241,0.0340637555850244,2.60208521396521E-17));
#613=CARTESIAN_POINT('',(-0.0356322666710993,0.0362876343929721,0.01));
#614=CARTESIAN_POINT('',(-0.0356322666710993,0.0362876343929721,2.60208521396521E-17));
#615=CARTESIAN_POINT('',(-0.0339416638569575,0.0379732705248124,0.01));
#616=CARTESIAN_POINT('',(-0.0339416638569575,0.0379732705248124,2.77555756156289E-17));
#617=CARTESIAN_POINT('',(-0.0328207444255377,0.0391980168222286,0.01));
#618=CARTESIAN_POINT('',(-0.0328207444255377,0.0391980168222286,2.60208521396521E-17));
#619=CARTESIAN_POINT('',(-0.0321305516737308,0.040063602300632,0.01));
#620=CARTESIAN_POINT('',(-0.0321305516737308,0.040063602300632,2.94902990916057E-17));
#621=CARTESIAN_POINT('',(-0.0317020873085281,0.0407680234536837,0.01));
#622=CARTESIAN_POINT('',(-0.0317020873085281,0.0407680234536837,2.77555756156289E-17));
#623=CARTESIAN_POINT('',(-0.0314785673868895,0.0413910427374128,0.01));
#624=CARTESIAN_POINT('',(-0.0314785673868895,0.0413910427374128,2.77555756156289E-17));
#625=CARTESIAN_POINT('',(-0.0314017620759264,0.0419194840768989,0.01));
#626=CARTESIAN_POINT('',(-0.0314017620759264,0.0419194840768989,2.94902990916057E-17));
#627=CARTESIAN_POINT('',(-0.031497002302977,0.04252369338756,0.01));
#628=CARTESIAN_POINT('',(-0.031497002302977,0.04252369338756,2.94902990916057E-17));
#629=CARTESIAN_POINT('',(-0.0318109227558809,0.0430511962387449,0.01));
#630=CARTESIAN_POINT('',(-0.0318109227558809,0.0430511962387449,2.42861286636753E-17));
#631=CARTESIAN_POINT('',(-0.0321952746905853,0.043398343036396,0.01));
#632=CARTESIAN_POINT('',(-0.0321952746905853,0.043398343036396,3.12250225675825E-17));
#633=CARTESIAN_POINT('',(-0.0327310464659227,0.0437259073554486,0.00999999999999999));
#634=CARTESIAN_POINT('',(-0.0327310464659227,0.0437259073554486,1.90819582357449E-17));
#635=CARTESIAN_POINT('',(-0.0334315217677714,0.0439925202902263,0.01));
#636=CARTESIAN_POINT('',(-0.0334315217677714,0.0439925202902263,2.77555756156289E-17));
#637=CARTESIAN_POINT('',(-0.0343262791644121,0.0442408846699408,0.01));
#638=CARTESIAN_POINT('',(-0.0343262791644121,0.0442408846699408,2.60208521396521E-17));
#639=CARTESIAN_POINT('',(-0.0352337411909442,0.0444701301834421,0.01));
#640=CARTESIAN_POINT('',(-0.0352337411909442,0.0444701301834421,2.60208521396521E-17));
#641=CARTESIAN_POINT('',(-0.0360817019105543,0.0447161876256348,0.01));
#642=CARTESIAN_POINT('',(-0.0360817019105543,0.0447161876256348,2.60208521396521E-17));
#643=CARTESIAN_POINT('',(-0.0367886613415762,0.0450029069361951,0.01));
#644=CARTESIAN_POINT('',(-0.0367886613415762,0.0450029069361951,2.42861286636753E-17));
#645=CARTESIAN_POINT('',(-0.0372262700548369,0.0452981673008151,0.01));
#646=CARTESIAN_POINT('',(-0.0372262700548369,0.0452981673008151,2.94902990916057E-17));
#647=CARTESIAN_POINT('',(-0.0374333827297707,0.0455729303360197,0.01));
#648=CARTESIAN_POINT('',(-0.0374333827297707,0.0455729303360197,2.25514051876985E-17));
#649=CARTESIAN_POINT('',(-0.0376394151479956,0.0461143713596393,0.01));
#650=CARTESIAN_POINT('',(-0.0376394151479956,0.0461143713596393,2.94902990916057E-17));
#651=CARTESIAN_POINT('',(-0.0376374066278199,0.0472572407734077,0.01));
#652=CARTESIAN_POINT('',(-0.0376374066278199,0.0472572407734077,2.42861286636753E-17));
#653=CARTESIAN_POINT('',(-0.0371472669374295,0.0491336260350642,0.01));
#654=CARTESIAN_POINT('',(-0.0371472669374295,0.0491336260350642,2.77555756156289E-17));
#655=CARTESIAN_POINT('',(-0.036354148387087,0.0512669824655753,0.01));
#656=CARTESIAN_POINT('',(-0.036354148387087,0.0512669824655753,2.42861286636753E-17));
#657=CARTESIAN_POINT('',(-0.0357766721588345,0.0527494009797749,0.01));
#658=CARTESIAN_POINT('',(-0.0357766721588345,0.0527494009797749,2.60208521396521E-17));
#659=CARTESIAN_POINT('',(-0.0354930016010647,0.0534847816778104,0.01));
#660=CARTESIAN_POINT('',(-0.0354930016010647,0.0534847816778104,2.60208521396521E-17));
#661=CARTESIAN_POINT('',(0.0276452657540588,0.0455925483131991,0.));
#662=CARTESIAN_POINT('',(0.0275987510038738,0.0455731160355277,0.));
#663=CARTESIAN_POINT('',(0.0274602429300008,0.0455272765905113,0.));
#664=CARTESIAN_POINT('',(0.0270378093013997,0.0454511931100091,0.));
#665=CARTESIAN_POINT('',(0.0263107838013181,0.0454124319115183,0.));
#666=CARTESIAN_POINT('',(0.0254543502707289,0.0454385728040007,0.));
#667=CARTESIAN_POINT('',(0.0247487635047678,0.0454755847310841,0.));
#668=CARTESIAN_POINT('',(0.0242214088251578,0.0455054259164005,0.));
#669=CARTESIAN_POINT('',(0.0237066932720699,0.045531043897744,0.));
#670=CARTESIAN_POINT('',(0.0232132453689819,0.0455458385456439,0.));
#671=CARTESIAN_POINT('',(0.0227457958469003,0.0455420913260248,0.));
#672=CARTESIAN_POINT('',(0.0223757093637228,0.0455150665294782,0.));
#673=CARTESIAN_POINT('',(0.022079988755703,0.045467123878681,0.));
#674=CARTESIAN_POINT('',(0.0218516272437102,0.0454105275916659,0.));
#675=CARTESIAN_POINT('',(0.0216084394681317,0.0453205489182373,0.));
#676=CARTESIAN_POINT('',(0.0213401598742783,0.0451667022847878,0.));
#677=CARTESIAN_POINT('',(0.0210823980670282,0.0449258685482537,0.));
#678=CARTESIAN_POINT('',(0.0208871282695028,0.04459976299182,0.));
#679=CARTESIAN_POINT('',(0.0207974917892706,0.0442474173400725,0.));
#680=CARTESIAN_POINT('',(0.0207971850226552,0.0439298140400531,0.));
#681=CARTESIAN_POINT('',(0.0208482305704229,0.0436614179807768,0.));
#682=CARTESIAN_POINT('',(0.0209527136019582,0.0433551508410941,0.));
#683=CARTESIAN_POINT('',(0.0211227987194054,0.0430322553786801,0.));
#684=CARTESIAN_POINT('',(0.0213694729453117,0.0426686908327924,0.));
#685=CARTESIAN_POINT('',(0.0216591828895128,0.0423000989783717,0.));
#686=CARTESIAN_POINT('',(0.02199054969234,0.0419134768652888,0.));
#687=CARTESIAN_POINT('',(0.0224844160015031,0.04136631149306,0.));
#688=CARTESIAN_POINT('',(0.0231897793171974,0.0406158148746503,0.));
#689=CARTESIAN_POINT('',(0.0241373771716016,0.0396034795818036,0.));
#690=CARTESIAN_POINT('',(0.0251407189379648,0.0384831357906398,0.));
#691=CARTESIAN_POINT('',(0.0261524123792514,0.0372614761276559,0.));
#692=CARTESIAN_POINT('',(0.027124403019122,0.0359473307263405,0.));
#693=CARTESIAN_POINT('',(0.0280085073283214,0.0345506611607455,0.));
#694=CARTESIAN_POINT('',(0.0287592985409911,0.0330838053028547,0.));
#695=CARTESIAN_POINT('',(0.0293284447341699,0.0315544891116315,0.));
#696=CARTESIAN_POINT('',(0.0297266743281304,0.0299406836917566,0.));
#697=CARTESIAN_POINT('',(0.0299648012231215,0.0282732497995787,0.));
#698=CARTESIAN_POINT('',(0.0300833652708609,0.0260075575097608,0.));
#699=CARTESIAN_POINT('',(0.0298879675357027,0.0231589662740876,0.));
#700=CARTESIAN_POINT('',(0.0292081232958515,0.019915209027934,0.));
#701=CARTESIAN_POINT('',(0.0283659458242573,0.0175270461075638,0.));
#702=CARTESIAN_POINT('',(0.027591701103723,0.0159104248542026,0.));
#703=CARTESIAN_POINT('',(0.026979988380906,0.014872475938482,0.));
#704=CARTESIAN_POINT('',(0.0263616407814932,0.0140384407277798,0.));
#705=CARTESIAN_POINT('',(0.02576642634101,0.0134357912822799,0.));
#706=CARTESIAN_POINT('',(0.0252584025610527,0.013096442792673,0.));
#707=CARTESIAN_POINT('',(0.0248131659715172,0.0129389934103593,0.));
#708=CARTESIAN_POINT('',(0.0243320219523018,0.0128932845072758,0.));
#709=CARTESIAN_POINT('',(0.0237342432045908,0.0129627909006444,0.));
#710=CARTESIAN_POINT('',(0.0230029627656568,0.0131561872662435,0.));
#711=CARTESIAN_POINT('',(0.022141211544384,0.0134568741029679,0.));
#712=CARTESIAN_POINT('',(0.0211479204144718,0.0138345691226795,0.));
#713=CARTESIAN_POINT('',(0.0200181056134176,0.0142536594071477,0.));
#714=CARTESIAN_POINT('',(0.018736227528382,0.0146788498895787,0.));
#715=CARTESIAN_POINT('',(0.0173109821744526,0.0150688563808958,0.));
#716=CARTESIAN_POINT('',(0.015767708552934,0.0154209617345774,0.));
#717=CARTESIAN_POINT('',(0.0135622311737178,0.0158405805404226,0.));
#718=CARTESIAN_POINT('',(0.0105600795551886,0.0162690401821175,0.));
#719=CARTESIAN_POINT('',(0.00666264854004032,0.0166197825024995,0.));
#720=CARTESIAN_POINT('',(0.00257198387556692,0.0167952317725625,0.));
#721=CARTESIAN_POINT('',(-0.00160956193266047,0.0167827301892603,0.));
#722=CARTESIAN_POINT('',(-0.00577926613093178,0.0165690967284237,0.));
#723=CARTESIAN_POINT('',(-0.00983518565360303,0.0161399155863007,0.));
#724=CARTESIAN_POINT('',(-0.0130355166495859,0.0155911028394747,0.));
#725=CARTESIAN_POINT('',(-0.0154401770562546,0.0150256900636667,0.));
#726=CARTESIAN_POINT('',(-0.0177155892094275,0.0143835985440236,0.));
#727=CARTESIAN_POINT('',(-0.0203278976023692,0.0134813492339038,0.));
#728=CARTESIAN_POINT('',(-0.02311559102079,0.0123627552531177,0.));
#729=CARTESIAN_POINT('',(-0.0255787559528084,0.0113333647743032,0.));
#730=CARTESIAN_POINT('',(-0.0273734534777202,0.0106529506263369,0.));
#731=CARTESIAN_POINT('',(-0.0286536388969223,0.010272515630459,0.));
#732=CARTESIAN_POINT('',(-0.0295342307105628,0.0100808474906528,0.));
#733=CARTESIAN_POINT('',(-0.0303319079239041,0.00999092140709083,0.));
#734=CARTESIAN_POINT('',(-0.0312950905057402,0.0100129293506971,0.));
#735=CARTESIAN_POINT('',(-0.032425535069871,0.0102798724630403,0.));
#736=CARTESIAN_POINT('',(-0.0337319044837292,0.0109290665750811,0.));
#737=CARTESIAN_POINT('',(-0.0348014962041077,0.0116947719725102,0.));
#738=CARTESIAN_POINT('',(-0.0356535675816508,0.0124002403340239,0.));
#739=CARTESIAN_POINT('',(-0.0364969134080249,0.0131415745813181,0.));
#740=CARTESIAN_POINT('',(-0.0375018267782288,0.0141206892789399,0.));
#741=CARTESIAN_POINT('',(-0.0386240531617199,0.0154257716619907,0.));
#742=CARTESIAN_POINT('',(-0.0396471955797031,0.0168980490512262,0.));
#743=CARTESIAN_POINT('',(-0.0405618089346783,0.0185867811028984,0.));
#744=CARTESIAN_POINT('',(-0.0413404989520724,0.0205186490298337,0.));
#745=CARTESIAN_POINT('',(-0.0418768369349967,0.0226195178682928,0.));
#746=CARTESIAN_POINT('',(-0.0420800834705339,0.0248331468685366,0.));
#747=CARTESIAN_POINT('',(-0.0418987379719237,0.0267290678121254,0.));
#748=CARTESIAN_POINT('',(-0.0414985730554899,0.02825875451143,0.));
#749=CARTESIAN_POINT('',(-0.0410575255137354,0.0294110153096889,0.));
#750=CARTESIAN_POINT('',(-0.040464324187368,0.0305595496222397,0.));
#751=CARTESIAN_POINT('',(-0.0396936203706345,0.0317236693905652,0.));
#752=CARTESIAN_POINT('',(-0.0387822865314073,0.0328932221595933,0.));
#753=CARTESIAN_POINT('',(-0.0377752868147271,0.0340482116051912,0.));
#754=CARTESIAN_POINT('',(-0.0367164244920956,0.0351753267913011,0.));
#755=CARTESIAN_POINT('',(-0.0356495200100713,0.0362624348625313,0.));
#756=CARTESIAN_POINT('',(-0.0346174148285548,0.0372996246666676,0.));
#757=CARTESIAN_POINT('',(-0.0336615249672113,0.038279236278356,0.));
#758=CARTESIAN_POINT('',(-0.0328208707071613,0.0391982915108797,0.));
#759=CARTESIAN_POINT('',(-0.032245108100466,0.0399186522241791,0.));
#760=CARTESIAN_POINT('',(-0.0318743040557028,0.0404874345488274,0.));
#761=CARTESIAN_POINT('',(-0.0316460542875328,0.0409236046412384,0.));
#762=CARTESIAN_POINT('',(-0.0314783485481381,0.0413905577145599,0.));
#763=CARTESIAN_POINT('',(-0.0314153834842875,0.0418330911205005,0.));
#764=CARTESIAN_POINT('',(-0.0314479490154409,0.0422186606564717,0.));
#765=CARTESIAN_POINT('',(-0.0315244494325584,0.0425136400912359,0.));
#766=CARTESIAN_POINT('',(-0.0316549472980412,0.0427922328444696,0.));
#767=CARTESIAN_POINT('',(-0.0318744148866879,0.0431063022853056,0.));
#768=CARTESIAN_POINT('',(-0.0321954495723194,0.0433991686572428,0.));
#769=CARTESIAN_POINT('',(-0.0325971188014716,0.0436441810201254,0.));
#770=CARTESIAN_POINT('',(-0.0330110005873955,0.0438310679307535,0.));
#771=CARTESIAN_POINT('',(-0.0335807766528156,0.0440347654441278,0.));
#772=CARTESIAN_POINT('',(-0.0343263012903103,0.0442406478474306,0.));
#773=CARTESIAN_POINT('',(-0.0352335027298068,0.0444700088002419,0.));
#774=CARTESIAN_POINT('',(-0.0359411118126399,0.044675759784162,0.));
#775=CARTESIAN_POINT('',(-0.0364339032786559,0.0448585244395483,0.));
#776=CARTESIAN_POINT('',(-0.0367538677243126,0.0450034831515723,0.));
#777=CARTESIAN_POINT('',(-0.03701324315579,0.045153525625393,0.));
#778=CARTESIAN_POINT('',(-0.0371973175245465,0.0452954821554404,0.));
#779=CARTESIAN_POINT('',(-0.0373246110367187,0.0454330522283207,0.));
#780=CARTESIAN_POINT('',(-0.0374622390762136,0.0456419652672109,0.));
#781=CARTESIAN_POINT('',(-0.037586063173883,0.0459793008250698,0.));
#782=CARTESIAN_POINT('',(-0.0376418956912421,0.046568792420186,0.));
#783=CARTESIAN_POINT('',(-0.037575703124551,0.0473206263309361,0.));
#784=CARTESIAN_POINT('',(-0.0373920021112938,0.0481970888616514,0.));
#785=CARTESIAN_POINT('',(-0.0371092125322303,0.0491654836625923,0.));
#786=CARTESIAN_POINT('',(-0.0367517705244097,0.0501997038672205,0.));
#787=CARTESIAN_POINT('',(-0.0363454842088364,0.0512776147033244,0.));
#788=CARTESIAN_POINT('',(-0.0359180871707302,0.0523820034537232,0.));
#789=CARTESIAN_POINT('',(-0.0356348368799496,0.0531170913287927,0.));
#790=CARTESIAN_POINT('',(-0.0354930016010647,0.0534847816778104,0.));
#791=CARTESIAN_POINT('',(-0.0354930016010647,0.0534847816778104,0.));
#792=CARTESIAN_POINT('',(-0.0354930016010647,0.0534847816778104,0.01));
#793=CARTESIAN_POINT('',(-0.0354930016010647,0.0534847816778104,0.01));
#794=CARTESIAN_POINT('',(0.0276452657540588,0.0455925483131991,0.01));
#795=CARTESIAN_POINT('',(0.0275987510038738,0.0455731160355277,0.01));
#796=CARTESIAN_POINT('',(0.0274602429300008,0.0455272765905113,0.01));
#797=CARTESIAN_POINT('',(0.0270378093013997,0.0454511931100091,0.01));
#798=CARTESIAN_POINT('',(0.0263107838013181,0.0454124319115183,0.01));
#799=CARTESIAN_POINT('',(0.0254543502707289,0.0454385728040007,0.01));
#800=CARTESIAN_POINT('',(0.0247487635047678,0.0454755847310841,0.01));
#801=CARTESIAN_POINT('',(0.0242214088251578,0.0455054259164005,0.01));
#802=CARTESIAN_POINT('',(0.0237066932720699,0.045531043897744,0.01));
#803=CARTESIAN_POINT('',(0.0232132453689819,0.0455458385456439,0.01));
#804=CARTESIAN_POINT('',(0.0227457958469003,0.0455420913260248,0.01));
#805=CARTESIAN_POINT('',(0.0223757093637228,0.0455150665294782,0.01));
#806=CARTESIAN_POINT('',(0.022079988755703,0.045467123878681,0.01));
#807=CARTESIAN_POINT('',(0.0218516272437102,0.0454105275916659,0.01));
#808=CARTESIAN_POINT('',(0.0216084394681317,0.0453205489182373,0.01));
#809=CARTESIAN_POINT('',(0.0213401598742783,0.0451667022847878,0.01));
#810=CARTESIAN_POINT('',(0.0210823980670282,0.0449258685482537,0.01));
#811=CARTESIAN_POINT('',(0.0208871282695028,0.04459976299182,0.01));
#812=CARTESIAN_POINT('',(0.0207974917892706,0.0442474173400725,0.01));
#813=CARTESIAN_POINT('',(0.0207971850226552,0.0439298140400531,0.01));
#814=CARTESIAN_POINT('',(0.0208482305704229,0.0436614179807768,0.01));
#815=CARTESIAN_POINT('',(0.0209527136019582,0.0433551508410941,0.01));
#816=CARTESIAN_POINT('',(0.0211227987194054,0.0430322553786801,0.01));
#817=CARTESIAN_POINT('',(0.0213694729453117,0.0426686908327924,0.01));
#818=CARTESIAN_POINT('',(0.0216591828895128,0.0423000989783717,0.01));
#819=CARTESIAN_POINT('',(0.02199054969234,0.0419134768652888,0.01));
#820=CARTESIAN_POINT('',(0.0224844160015031,0.04136631149306,0.01));
#821=CARTESIAN_POINT('',(0.0231897793171974,0.0406158148746503,0.01));
#822=CARTESIAN_POINT('',(0.0241373771716016,0.0396034795818036,0.01));
#823=CARTESIAN_POINT('',(0.0251407189379648,0.0384831357906398,0.01));
#824=CARTESIAN_POINT('',(0.0261524123792514,0.0372614761276559,0.01));
#825=CARTESIAN_POINT('',(0.027124403019122,0.0359473307263405,0.01));
#826=CARTESIAN_POINT('',(0.0280085073283214,0.0345506611607455,0.01));
#827=CARTESIAN_POINT('',(0.0287592985409911,0.0330838053028547,0.01));
#828=CARTESIAN_POINT('',(0.0293284447341699,0.0315544891116315,0.01));
#829=CARTESIAN_POINT('',(0.0297266743281304,0.0299406836917566,0.01));
#830=CARTESIAN_POINT('',(0.0299648012231215,0.0282732497995787,0.01));
#831=CARTESIAN_POINT('',(0.0300833652708609,0.0260075575097608,0.01));
#832=CARTESIAN_POINT('',(0.0298879675357027,0.0231589662740876,0.01));
#833=CARTESIAN_POINT('',(0.0292081232958515,0.019915209027934,0.01));
#834=CARTESIAN_POINT('',(0.0283659458242573,0.0175270461075638,0.01));
#835=CARTESIAN_POINT('',(0.027591701103723,0.0159104248542026,0.01));
#836=CARTESIAN_POINT('',(0.026979988380906,0.014872475938482,0.01));
#837=CARTESIAN_POINT('',(0.0263616407814932,0.0140384407277798,0.01));
#838=CARTESIAN_POINT('',(0.02576642634101,0.0134357912822799,0.01));
#839=CARTESIAN_POINT('',(0.0252584025610527,0.013096442792673,0.01));
#840=CARTESIAN_POINT('',(0.0248131659715172,0.0129389934103593,0.01));
#841=CARTESIAN_POINT('',(0.0243320219523018,0.0128932845072758,0.01));
#842=CARTESIAN_POINT('',(0.0237342432045908,0.0129627909006444,0.01));
#843=CARTESIAN_POINT('',(0.0230029627656568,0.0131561872662435,0.01));
#844=CARTESIAN_POINT('',(0.022141211544384,0.0134568741029679,0.01));
#845=CARTESIAN_POINT('',(0.0211479204144718,0.0138345691226795,0.01));
#846=CARTESIAN_POINT('',(0.0200181056134176,0.0142536594071477,0.01));
#847=CARTESIAN_POINT('',(0.018736227528382,0.0146788498895787,0.01));
#848=CARTESIAN_POINT('',(0.0173109821744526,0.0150688563808958,0.01));
#849=CARTESIAN_POINT('',(0.015767708552934,0.0154209617345774,0.01));
#850=CARTESIAN_POINT('',(0.0135622311737178,0.0158405805404226,0.01));
#851=CARTESIAN_POINT('',(0.0105600795551886,0.0162690401821175,0.01));
#852=CARTESIAN_POINT('',(0.00666264854004032,0.0166197825024995,0.01));
#853=CARTESIAN_POINT('',(0.00257198387556692,0.0167952317725625,0.01));
#854=CARTESIAN_POINT('',(-0.00160956193266047,0.0167827301892603,0.01));
#855=CARTESIAN_POINT('',(-0.00577926613093178,0.0165690967284237,0.01));
#856=CARTESIAN_POINT('',(-0.00983518565360303,0.0161399155863007,0.01));
#857=CARTESIAN_POINT('',(-0.0130355166495859,0.0155911028394747,0.01));
#858=CARTESIAN_POINT('',(-0.0154401770562546,0.0150256900636667,0.01));
#859=CARTESIAN_POINT('',(-0.0177155892094275,0.0143835985440236,0.01));
#860=CARTESIAN_POINT('',(-0.0203278976023692,0.0134813492339038,0.01));
#861=CARTESIAN_POINT('',(-0.02311559102079,0.0123627552531177,0.01));
#862=CARTESIAN_POINT('',(-0.0255787559528084,0.0113333647743032,0.01));
#863=CARTESIAN_POINT('',(-0.0273734534777202,0.0106529506263369,0.01));
#864=CARTESIAN_POINT('',(-0.0286536388969223,0.010272515630459,0.01));
#865=CARTESIAN_POINT('',(-0.0295342307105628,0.0100808474906528,0.01));
#866=CARTESIAN_POINT('',(-0.0303319079239041,0.00999092140709083,0.01));
#867=CARTESIAN_POINT('',(-0.0312950905057402,0.0100129293506971,0.01));
#868=CARTESIAN_POINT('',(-0.032425535069871,0.0102798724630403,0.01));
#869=CARTESIAN_POINT('',(-0.0337319044837292,0.0109290665750811,0.01));
#870=CARTESIAN_POINT('',(-0.0348014962041077,0.0116947719725102,0.01));
#871=CARTESIAN_POINT('',(-0.0356535675816508,0.0124002403340239,0.01));
#872=CARTESIAN_POINT('',(-0.0364969134080249,0.0131415745813181,0.01));
#873=CARTESIAN_POINT('',(-0.0375018267782288,0.0141206892789399,0.01));
#874=CARTESIAN_POINT('',(-0.0386240531617199,0.0154257716619907,0.01));
#875=CARTESIAN_POINT('',(-0.0396471955797031,0.0168980490512262,0.01));
#876=CARTESIAN_POINT('',(-0.0405618089346783,0.0185867811028984,0.01));
#877=CARTESIAN_POINT('',(-0.0413404989520724,0.0205186490298337,0.01));
#878=CARTESIAN_POINT('',(-0.0418768369349967,0.0226195178682928,0.01));
#879=CARTESIAN_POINT('',(-0.0420800834705339,0.0248331468685366,0.01));
#880=CARTESIAN_POINT('',(-0.0418987379719237,0.0267290678121254,0.01));
#881=CARTESIAN_POINT('',(-0.0414985730554899,0.02825875451143,0.01));
#882=CARTESIAN_POINT('',(-0.0410575255137354,0.0294110153096889,0.01));
#883=CARTESIAN_POINT('',(-0.040464324187368,0.0305595496222397,0.01));
#884=CARTESIAN_POINT('',(-0.0396936203706345,0.0317236693905652,0.01));
#885=CARTESIAN_POINT('',(-0.0387822865314073,0.0328932221595933,0.01));
#886=CARTESIAN_POINT('',(-0.0377752868147271,0.0340482116051912,0.01));
#887=CARTESIAN_POINT('',(-0.0367164244920956,0.0351753267913011,0.01));
#888=CARTESIAN_POINT('',(-0.0356495200100713,0.0362624348625313,0.01));
#889=CARTESIAN_POINT('',(-0.0346174148285548,0.0372996246666676,0.01));
#890=CARTESIAN_POINT('',(-0.0336615249672113,0.038279236278356,0.01));
#891=CARTESIAN_POINT('',(-0.0328208707071613,0.0391982915108797,0.01));
#892=CARTESIAN_POINT('',(-0.032245108100466,0.0399186522241791,0.01));
#893=CARTESIAN_POINT('',(-0.0318743040557028,0.0404874345488274,0.01));
#894=CARTESIAN_POINT('',(-0.0316460542875328,0.0409236046412384,0.01));
#895=CARTESIAN_POINT('',(-0.0314783485481381,0.0413905577145599,0.01));
#896=CARTESIAN_POINT('',(-0.0314153834842875,0.0418330911205005,0.01));
#897=CARTESIAN_POINT('',(-0.0314479490154409,0.0422186606564717,0.01));
#898=CARTESIAN_POINT('',(-0.0315244494325584,0.0425136400912359,0.01));
#899=CARTESIAN_POINT('',(-0.0316549472980412,0.0427922328444696,0.01));
#900=CARTESIAN_POINT('',(-0.0318744148866879,0.0431063022853056,0.01));
#901=CARTESIAN_POINT('',(-0.0321954495723194,0.0433991686572428,0.01));
#902=CARTESIAN_POINT('',(-0.0325971188014716,0.0436441810201254,0.01));
#903=CARTESIAN_POINT('',(-0.0330110005873955,0.0438310679307535,0.01));
#904=CARTESIAN_POINT('',(-0.0335807766528156,0.0440347654441278,0.01));
#905=CARTESIAN_POINT('',(-0.0343263012903103,0.0442406478474306,0.01));
#906=CARTESIAN_POINT('',(-0.0352335027298068,0.0444700088002419,0.01));
#907=CARTESIAN_POINT('',(-0.0359411118126399,0.044675759784162,0.01));
#908=CARTESIAN_POINT('',(-0.0364339032786559,0.0448585244395483,0.01));
#909=CARTESIAN_POINT('',(-0.0367538677243126,0.0450034831515723,0.01));
#910=CARTESIAN_POINT('',(-0.03701324315579,0.045153525625393,0.01));
#911=CARTESIAN_POINT('',(-0.0371973175245465,0.0452954821554404,0.01));
#912=CARTESIAN_POINT('',(-0.0373246110367187,0.0454330522283207,0.01));
#913=CARTESIAN_POINT('',(-0.0374622390762136,0.0456419652672109,0.01));
#914=CARTESIAN_POINT('',(-0.037586063173883,0.0459793008250698,0.01));
#915=CARTESIAN_POINT('',(-0.0376418956912421,0.046568792420186,0.01));
#916=CARTESIAN_POINT('',(-0.037575703124551,0.0473206263309361,0.01));
#917=CARTESIAN_POINT('',(-0.0373920021112938,0.0481970888616514,0.01));
#918=CARTESIAN_POINT('',(-0.0371092125322303,0.0491654836625923,0.01));
#919=CARTESIAN_POINT('',(-0.0367517705244097,0.0501997038672205,0.01));
#920=CARTESIAN_POINT('',(-0.0363454842088364,0.0512776147033244,0.01));
#921=CARTESIAN_POINT('',(-0.0359180871707302,0.0523820034537232,0.01));
#922=CARTESIAN_POINT('',(-0.0356348368799496,0.0531170913287927,0.01));
#923=CARTESIAN_POINT('',(-0.0354930016010647,0.0534847816778104,0.01));
#924=CARTESIAN_POINT('',(-0.0354930016010647,0.0534847816778104,0.01));
#925=CARTESIAN_POINT('',(-0.0354930016010647,0.0534847816778104,9.36750677027476E-17));
#926=CARTESIAN_POINT('',(-0.0362127942138524,0.053415167066938,0.01));
#927=CARTESIAN_POINT('',(-0.0362127942138524,0.053415167066938,9.36750677027476E-17));
#928=CARTESIAN_POINT('',(-0.0376371612934418,0.053284202246537,0.01));
#929=CARTESIAN_POINT('',(-0.0376371612934418,0.053284202246537,9.36750677027476E-17));
#930=CARTESIAN_POINT('',(-0.0398858971065872,0.0530325706031211,0.01));
#931=CARTESIAN_POINT('',(-0.0398858971065872,0.0530325706031211,1.00613961606655E-16));
#932=CARTESIAN_POINT('',(-0.0422560108956082,0.0524117925776806,0.01));
#933=CARTESIAN_POINT('',(-0.0422560108956082,0.0524117925776806,9.0205620750794E-17));
#934=CARTESIAN_POINT('',(-0.0446881554573207,0.0511263640799974,0.01));
#935=CARTESIAN_POINT('',(-0.0446881554573207,0.0511263640799974,9.54097911787244E-17));
#936=CARTESIAN_POINT('',(-0.0470672378250119,0.0489561405777398,0.01));
#937=CARTESIAN_POINT('',(-0.0470672378250119,0.0489561405777398,9.71445146547012E-17));
#938=CARTESIAN_POINT('',(-0.0500980861118005,0.0451367498889027,0.00999999999999999));
#939=CARTESIAN_POINT('',(-0.0500980861118005,0.0451367498889027,8.50014503228635E-17));
#940=CARTESIAN_POINT('',(-0.0535805257482833,0.0389495792157699,0.01));
#941=CARTESIAN_POINT('',(-0.0535805257482833,0.0389495792157699,1.00613961606655E-16));
#942=CARTESIAN_POINT('',(-0.056803080164433,0.0304919894188545,0.01));
#943=CARTESIAN_POINT('',(-0.056803080164433,0.0304919894188545,9.36750677027476E-17));
#944=CARTESIAN_POINT('',(-0.0582426439080061,0.0234276989372851,0.01));
#945=CARTESIAN_POINT('',(-0.0582426439080061,0.0234276989372851,9.8879238130678E-17));
#946=CARTESIAN_POINT('',(-0.0581942031457324,0.0178010187689907,0.01));
#947=CARTESIAN_POINT('',(-0.0581942031457324,0.0178010187689907,9.19403442267708E-17));
#948=CARTESIAN_POINT('',(-0.0574377422710126,0.0136341163011455,0.01));
#949=CARTESIAN_POINT('',(-0.0574377422710126,0.0136341163011455,9.19403442267708E-17));
#950=CARTESIAN_POINT('',(-0.055864721604667,0.00956672952449632,0.01));
#951=CARTESIAN_POINT('',(-0.055864721604667,0.00956672952449632,9.54097911787244E-17));
#952=CARTESIAN_POINT('',(-0.053323720323766,0.00563832753799465,0.01));
#953=CARTESIAN_POINT('',(-0.053323720323766,0.00563832753799465,9.19403442267708E-17));
#954=CARTESIAN_POINT('',(-0.0500012478522262,0.00197394186375596,0.01));
#955=CARTESIAN_POINT('',(-0.0500012478522262,0.00197394186375596,9.54097911787244E-17));
#956=CARTESIAN_POINT('',(-0.0463912853306691,-0.00137411385241231,0.01));
#957=CARTESIAN_POINT('',(-0.0463912853306691,-0.00137411385241231,9.36750677027476E-17));
#958=CARTESIAN_POINT('',(-0.0434948382254881,-0.00383115096097779,0.01));
#959=CARTESIAN_POINT('',(-0.0434948382254881,-0.00383115096097779,9.71445146547012E-17));
#960=CARTESIAN_POINT('',(-0.0414716005702106,-0.00554723283903967,0.00999999999999999));
#961=CARTESIAN_POINT('',(-0.0414716005702106,-0.00554723283903967,8.67361737988404E-17));
#962=CARTESIAN_POINT('',(-0.0401597483854756,-0.00669382767417396,0.01));
#963=CARTESIAN_POINT('',(-0.0401597483854756,-0.00669382767417396,9.8879238130678E-17));
#964=CARTESIAN_POINT('',(-0.0391158887801752,-0.00767903364755658,0.01));
#965=CARTESIAN_POINT('',(-0.0391158887801752,-0.00767903364755658,9.71445146547012E-17));
#966=CARTESIAN_POINT('',(-0.0385305547371367,-0.00833533631409252,0.01));
#967=CARTESIAN_POINT('',(-0.0385305547371367,-0.00833533631409252,9.36750677027476E-17));
#968=CARTESIAN_POINT('',(-0.0382769113281927,-0.00871035112963947,0.01));
#969=CARTESIAN_POINT('',(-0.0382769113281927,-0.00871035112963947,9.36750677027476E-17));
#970=CARTESIAN_POINT('',(-0.038209434235979,-0.00886338575901566,0.01));
#971=CARTESIAN_POINT('',(-0.038209434235979,-0.00886338575901566,9.71445146547012E-17));
#972=CARTESIAN_POINT('',(-0.0382054419013748,-0.0089044004098017,0.01));
#973=CARTESIAN_POINT('',(-0.0382054419013748,-0.0089044004098017,9.54097911787244E-17));
#974=CARTESIAN_POINT('',(-0.0382008051814891,-0.00892826489645425,0.01));
#975=CARTESIAN_POINT('',(-0.0382008051814891,-0.00892826489645425,9.36750677027476E-17));
#976=CARTESIAN_POINT('',(-0.038266515432063,-0.00918264871941189,0.01));
#977=CARTESIAN_POINT('',(-0.038266515432063,-0.00918264871941189,9.19403442267708E-17));
#978=CARTESIAN_POINT('',(-0.0385790711781391,-0.00990058133934438,0.01));
#979=CARTESIAN_POINT('',(-0.0385790711781391,-0.00990058133934438,9.54097911787244E-17));
#980=CARTESIAN_POINT('',(-0.0388297121719108,-0.010978231857425,0.01));
#981=CARTESIAN_POINT('',(-0.0388297121719108,-0.010978231857425,9.54097911787244E-17));
#982=CARTESIAN_POINT('',(-0.0389228345244044,-0.0122111600996936,0.01));
#983=CARTESIAN_POINT('',(-0.0389228345244044,-0.0122111600996936,9.19403442267708E-17));
#984=CARTESIAN_POINT('',(-0.0389186585961092,-0.0136435755062255,0.01));
#985=CARTESIAN_POINT('',(-0.0389186585961092,-0.0136435755062255,9.71445146547012E-17));
#986=CARTESIAN_POINT('',(-0.038786587030413,-0.0157845575932039,0.01));
#987=CARTESIAN_POINT('',(-0.038786587030413,-0.0157845575932039,9.19403442267708E-17));
#988=CARTESIAN_POINT('',(-0.0384112562933836,-0.0188443284015037,0.01));
#989=CARTESIAN_POINT('',(-0.0384112562933836,-0.0188443284015037,9.54097911787244E-17));
#990=CARTESIAN_POINT('',(-0.0376796186348974,-0.0229057829991318,0.01));
#991=CARTESIAN_POINT('',(-0.0376796186348974,-0.0229057829991318,9.71445146547012E-17));
#992=CARTESIAN_POINT('',(-0.0367197799890514,-0.0271247666850174,0.01));
#993=CARTESIAN_POINT('',(-0.0367197799890514,-0.0271247666850174,9.54097911787244E-17));
#994=CARTESIAN_POINT('',(-0.0355872665358836,-0.0312422360881808,0.01));
#995=CARTESIAN_POINT('',(-0.0355872665358836,-0.0312422360881808,9.36750677027476E-17));
#996=CARTESIAN_POINT('',(-0.0338855468419188,-0.0364620067558173,0.01));
#997=CARTESIAN_POINT('',(-0.0338855468419188,-0.0364620067558173,9.71445146547012E-17));
#998=CARTESIAN_POINT('',(-0.0319388462171498,-0.0411749613805386,0.01));
#999=CARTESIAN_POINT('',(-0.0319388462171498,-0.0411749613805386,9.36750677027476E-17));
#1000=CARTESIAN_POINT('',(-0.0298208273072274,-0.0451506610902482,0.01));
#1001=CARTESIAN_POINT('',(-0.0298208273072274,-0.0451506610902482,8.84708972748172E-17));
#1002=CARTESIAN_POINT('',(-0.0276260235820646,-0.0485455603414241,0.01));
#1003=CARTESIAN_POINT('',(-0.0276260235820646,-0.0485455603414241,1.00613961606655E-16));
#1004=CARTESIAN_POINT('',(-0.0245938157291154,-0.0517211024783442,0.01));
#1005=CARTESIAN_POINT('',(-0.0245938157291154,-0.0517211024783442,9.0205620750794E-17));
#1006=CARTESIAN_POINT('',(-0.0195718236059204,-0.054319893559496,0.01));
#1007=CARTESIAN_POINT('',(-0.0195718236059204,-0.054319893559496,9.54097911787244E-17));
#1008=CARTESIAN_POINT('',(-0.0127723708377142,-0.0561871402519158,0.01));
#1009=CARTESIAN_POINT('',(-0.0127723708377142,-0.0561871402519158,9.54097911787244E-17));
#1010=CARTESIAN_POINT('',(-0.00480793703567867,-0.0571571838937161,0.01));
#1011=CARTESIAN_POINT('',(-0.00480793703567867,-0.0571571838937161,9.54097911787244E-17));
#1012=CARTESIAN_POINT('',(0.00385360564889634,-0.0570964455334158,0.01));
#1013=CARTESIAN_POINT('',(0.00385360564889634,-0.0570964455334158,9.19403442267708E-17));
#1014=CARTESIAN_POINT('',(0.0124806429184677,-0.0558600418025814,0.01));
#1015=CARTESIAN_POINT('',(0.0124806429184677,-0.0558600418025814,9.8879238130678E-17));
#1016=CARTESIAN_POINT('',(0.0189654581011469,-0.053736938065693,0.01));
#1017=CARTESIAN_POINT('',(0.0189654581011469,-0.053736938065693,9.19403442267708E-17));
#1018=CARTESIAN_POINT('',(0.0233263207544441,-0.0512629199773112,0.01));
#1019=CARTESIAN_POINT('',(0.0233263207544441,-0.0512629199773112,9.36750677027476E-17));
#1020=CARTESIAN_POINT('',(0.027014883483944,-0.0483013893261201,0.01));
#1021=CARTESIAN_POINT('',(0.027014883483944,-0.0483013893261201,9.8879238130678E-17));
#1022=CARTESIAN_POINT('',(0.0304607563783602,-0.0438481817455848,0.01));
#1023=CARTESIAN_POINT('',(0.0304607563783602,-0.0438481817455848,9.0205620750794E-17));
#1024=CARTESIAN_POINT('',(0.0329908029422072,-0.0378641612200319,0.01));
#1025=CARTESIAN_POINT('',(0.0329908029422072,-0.0378641612200319,9.71445146547012E-17));
#1026=CARTESIAN_POINT('',(0.034202264951614,-0.0313886150862206,0.01));
#1027=CARTESIAN_POINT('',(0.034202264951614,-0.0313886150862206,9.54097911787244E-17));
#1028=CARTESIAN_POINT('',(0.034310558710999,-0.0241187266066243,0.01));
#1029=CARTESIAN_POINT('',(0.034310558710999,-0.0241187266066243,9.54097911787244E-17));
#1030=CARTESIAN_POINT('',(0.0336644729568306,-0.0170711630290392,0.01));
#1031=CARTESIAN_POINT('',(0.0336644729568306,-0.0170711630290392,9.36750677027476E-17));
#1032=CARTESIAN_POINT('',(0.0330149786202161,-0.0119960709998182,0.01));
#1033=CARTESIAN_POINT('',(0.0330149786202161,-0.0119960709998182,9.36750677027476E-17));
#1034=CARTESIAN_POINT('',(0.03262168311208,-0.00933018555256571,0.01));
#1035=CARTESIAN_POINT('',(0.03262168311208,-0.00933018555256571,9.36750677027476E-17));
#1036=CARTESIAN_POINT('',(0.0323538671089608,-0.00765669048337621,0.01));
#1037=CARTESIAN_POINT('',(0.0323538671089608,-0.00765669048337621,9.36750677027476E-17));
#1038=CARTESIAN_POINT('',(0.0321864509256438,-0.00666632669078305,0.01));
#1039=CARTESIAN_POINT('',(0.0321864509256438,-0.00666632669078305,9.71445146547012E-17));
#1040=CARTESIAN_POINT('',(0.032060777728854,-0.00599101015023169,0.01));
#1041=CARTESIAN_POINT('',(0.032060777728854,-0.00599101015023169,9.54097911787244E-17));
#1042=CARTESIAN_POINT('',(0.0320708428921369,-0.00589391590531374,0.01));
#1043=CARTESIAN_POINT('',(0.0320708428921369,-0.00589391590531374,9.36750677027476E-17));
#1044=CARTESIAN_POINT('',(0.0320713892337834,-0.00589042193156728,0.01));
#1045=CARTESIAN_POINT('',(0.0320713892337834,-0.00589042193156728,9.36750677027476E-17));
#1046=CARTESIAN_POINT('',(-0.0354930016010647,0.0534847816778104,0.));
#1047=CARTESIAN_POINT('',(-0.0358528979074585,0.0534499743723742,0.));
#1048=CARTESIAN_POINT('',(-0.0365732817831479,0.0533798482009888,0.));
#1049=CARTESIAN_POINT('',(-0.0376503100192724,0.0532777283069891,0.));
#1050=CARTESIAN_POINT('',(-0.0387606310941747,0.0531592676374624,0.));
#1051=CARTESIAN_POINT('',(-0.0402813209457222,0.0529286797057789,0.));
#1052=CARTESIAN_POINT('',(-0.0418617502340436,0.0525147259831019,0.));
#1053=CARTESIAN_POINT('',(-0.0434706549271636,0.0517701121000473,0.));
#1054=CARTESIAN_POINT('',(-0.0446810065996674,0.0510159826381268,0.));
#1055=CARTESIAN_POINT('',(-0.0458811892240694,0.0500393468228553,0.));
#1056=CARTESIAN_POINT('',(-0.047444077694598,0.0484798748447299,0.));
#1057=CARTESIAN_POINT('',(-0.0493410566219498,0.0460907021633255,0.));
#1058=CARTESIAN_POINT('',(-0.0514908875548922,0.0426638944075247,0.));
#1059=CARTESIAN_POINT('',(-0.0534612168639597,0.0388218955658815,0.));
#1060=CARTESIAN_POINT('',(-0.0549027247534426,0.0353978272896576,0.));
#1061=CARTESIAN_POINT('',(-0.055903290588484,0.0325986576915569,0.));
#1062=CARTESIAN_POINT('',(-0.0567916616961236,0.0297866216151175,0.));
#1063=CARTESIAN_POINT('',(-0.0576670994493072,0.0262580613365558,0.));
#1064=CARTESIAN_POINT('',(-0.0582305833422968,0.0220198165132021,0.));
#1065=CARTESIAN_POINT('',(-0.0581937236075656,0.0178012220903857,0.));
#1066=CARTESIAN_POINT('',(-0.0575652962669449,0.0143289665130436,0.));
#1067=CARTESIAN_POINT('',(-0.056648668915211,0.0115997226074788,0.));
#1068=CARTESIAN_POINT('',(-0.0557417877285227,0.00958390922860805,0.));
#1069=CARTESIAN_POINT('',(-0.0546045291841448,0.00760400241521448,0.));
#1070=CARTESIAN_POINT('',(-0.05322415323093,0.00567081128351553,0.));
#1071=CARTESIAN_POINT('',(-0.0516597086440923,0.0038067339909542,0.));
#1072=CARTESIAN_POINT('',(-0.0494012012664741,0.00141559556774122,0.));
#1073=CARTESIAN_POINT('',(-0.046992750684992,-0.000816142656792896,0.));
#1074=CARTESIAN_POINT('',(-0.0446533549743229,-0.00284818520683964,0.));
#1075=CARTESIAN_POINT('',(-0.0429890441936436,-0.00426020512775357,0.));
#1076=CARTESIAN_POINT('',(-0.041471601135549,-0.00554724896070997,0.));
#1077=CARTESIAN_POINT('',(-0.0401597307421473,-0.00669372949023211,0.));
#1078=CARTESIAN_POINT('',(-0.0392899207804831,-0.00751513013308326,0.));
#1079=CARTESIAN_POINT('',(-0.0387645921640538,-0.00807229941830362,0.));
#1080=CARTESIAN_POINT('',(-0.0384670005911234,-0.00842948305845615,0.));
#1081=CARTESIAN_POINT('',(-0.0383091506765209,-0.00866265950716469,0.));
#1082=CARTESIAN_POINT('',(-0.0382422403808631,-0.00878825642318869,0.));
#1083=CARTESIAN_POINT('',(-0.0382093446156597,-0.00886945598819032,0.));
#1084=CARTESIAN_POINT('',(-0.0382049219884557,-0.0089043504291031,0.));
#1085=CARTESIAN_POINT('',(-0.0382032491080153,-0.0089234073565934,0.));
#1086=CARTESIAN_POINT('',(-0.0382224702084185,-0.00902563407912673,0.));
#1087=CARTESIAN_POINT('',(-0.0382971225224622,-0.00923496280438239,0.));
#1088=CARTESIAN_POINT('',(-0.0384218357394982,-0.00954307905219821,0.));
#1089=CARTESIAN_POINT('',(-0.038545425528615,-0.00987832426625897,0.));
#1090=CARTESIAN_POINT('',(-0.0386401230588585,-0.0101920034774013,0.));
#1091=CARTESIAN_POINT('',(-0.0387269914767358,-0.0105382234173412,0.));
#1092=CARTESIAN_POINT('',(-0.0388089128178301,-0.0109963601135124,0.));
#1093=CARTESIAN_POINT('',(-0.0388744959103491,-0.011592632336581,0.));
#1094=CARTESIAN_POINT('',(-0.0389231641413624,-0.0124510886112841,0.));
#1095=CARTESIAN_POINT('',(-0.0389183153400866,-0.0136431602215999,0.));
#1096=CARTESIAN_POINT('',(-0.0388196785687145,-0.0152494590204344,0.));
#1097=CARTESIAN_POINT('',(-0.0386365034041143,-0.0170082934052492,0.));
#1098=CARTESIAN_POINT('',(-0.0382892973228803,-0.0195212877690604,0.));
#1099=CARTESIAN_POINT('',(-0.0376795495391321,-0.0229061931439349,0.));
#1100=CARTESIAN_POINT('',(-0.036879979744744,-0.0264203220350077,0.));
#1101=CARTESIAN_POINT('',(-0.0361531291151278,-0.0291857246218899,0.));
#1102=CARTESIAN_POINT('',(-0.0353747566595703,-0.0318934536554953,0.));
#1103=CARTESIAN_POINT('',(-0.0343111017332191,-0.0351572318077142,0.));
#1104=CARTESIAN_POINT('',(-0.0329114755493411,-0.038819351256083,0.));
#1105=CARTESIAN_POINT('',(-0.0314090134261953,-0.0421691221000749,0.));
#1106=CARTESIAN_POINT('',(-0.0300872193554629,-0.0446522292949352,0.));
#1107=CARTESIAN_POINT('',(-0.0289948900908948,-0.0464263459478959,0.));
#1108=CARTESIAN_POINT('',(-0.0278823764362254,-0.0480486717858762,0.));
#1109=CARTESIAN_POINT('',(-0.0264163261233321,-0.0498146751900357,0.));
#1110=CARTESIAN_POINT('',(-0.0244176641183597,-0.0515712277134847,0.));
#1111=CARTESIAN_POINT('',(-0.0224800849182813,-0.0527745124046959,0.));
#1112=CARTESIAN_POINT('',(-0.0207241390332729,-0.0536199222299052,0.));
#1113=CARTESIAN_POINT('',(-0.0188161469227358,-0.0544015601602504,0.));
#1114=CARTESIAN_POINT('',(-0.0161676850052922,-0.0552558898288301,0.));
#1115=CARTESIAN_POINT('',(-0.0114478438748499,-0.0563474671322937,0.));
#1116=CARTESIAN_POINT('',(-0.0061328408397947,-0.0569954476803742,0.));
#1117=CARTESIAN_POINT('',(-0.000480824227413458,-0.0571272604563697,0.));
#1118=CARTESIAN_POINT('',(0.00384992280694206,-0.0569493236115316,0.));
#1119=CARTESIAN_POINT('',(0.00816826147801918,-0.0564784529274645,0.));
#1120=CARTESIAN_POINT('',(0.0123749807378208,-0.0556966245119921,0.));
#1121=CARTESIAN_POINT('',(0.0163704140311469,-0.0545839790866237,0.));
#1122=CARTESIAN_POINT('',(0.0194407444020119,-0.0533620412819444,0.));
#1123=CARTESIAN_POINT('',(0.0216928511903513,-0.0521929467312502,0.));
#1124=CARTESIAN_POINT('',(0.0237863675876365,-0.0508915126901529,0.));
#1125=CARTESIAN_POINT('',(0.0260926847190546,-0.0490413657367753,0.));
#1126=CARTESIAN_POINT('',(0.0283946815648595,-0.046523109198959,0.));
#1127=CARTESIAN_POINT('',(0.030260185011407,-0.0437706329983902,0.));
#1128=CARTESIAN_POINT('',(0.0317241157502213,-0.0408432778520788,0.));
#1129=CARTESIAN_POINT('',(0.0328260785986203,-0.0378048122784554,0.));
#1130=CARTESIAN_POINT('',(0.0335978029541006,-0.0346309147460336,0.));
#1131=CARTESIAN_POINT('',(0.0340643553820525,-0.0312898137541099,0.));
#1132=CARTESIAN_POINT('',(0.0342551969773517,-0.027747178409066,0.));
#1133=CARTESIAN_POINT('',(0.0342091246770499,-0.0245984095905102,0.));
#1134=CARTESIAN_POINT('',(0.0340624139866434,-0.0219360129683889,0.));
#1135=CARTESIAN_POINT('',(0.0338534386380544,-0.0192138627174242,0.));
#1136=CARTESIAN_POINT('',(0.0335721877323997,-0.0164833661171055,0.));
#1137=CARTESIAN_POINT('',(0.033258453493498,-0.0138985533891235,0.));
#1138=CARTESIAN_POINT('',(0.0330168967335983,-0.0120720823039457,0.));
#1139=CARTESIAN_POINT('',(0.0327789974361031,-0.0103967998792175,0.));
#1140=CARTESIAN_POINT('',(0.0325547580623723,-0.00891189170060162,0.));
#1141=CARTESIAN_POINT('',(0.032353755183904,-0.00765611067429282,0.));
#1142=CARTESIAN_POINT('',(0.0322146839263164,-0.00683315678886871,0.));
#1143=CARTESIAN_POINT('',(0.0321230421660446,-0.00632559934354813,0.));
#1144=CARTESIAN_POINT('',(0.0320787283055392,-0.00605956557210705,0.));
#1145=CARTESIAN_POINT('',(0.0320674819266369,-0.00591187444258857,0.));
#1146=CARTESIAN_POINT('',(0.0320711160629601,-0.00589216891844051,0.));
#1147=CARTESIAN_POINT('',(0.0320713892337834,-0.00589042193156728,0.));
#1148=CARTESIAN_POINT('',(0.0320713892337834,-0.00589042193156725,0.));
#1149=CARTESIAN_POINT('',(0.0320713892337834,-0.00589042193156725,0.01));
#1150=CARTESIAN_POINT('',(0.0320713892337834,-0.00589042193156725,0.01));
#1151=CARTESIAN_POINT('',(-0.0354930016010647,0.0534847816778104,0.01));
#1152=CARTESIAN_POINT('',(-0.0358528979074585,0.0534499743723742,0.01));
#1153=CARTESIAN_POINT('',(-0.0365732817831479,0.0533798482009888,0.01));
#1154=CARTESIAN_POINT('',(-0.0376503100192724,0.0532777283069891,0.01));
#1155=CARTESIAN_POINT('',(-0.0387606310941747,0.0531592676374624,0.01));
#1156=CARTESIAN_POINT('',(-0.0402813209457222,0.0529286797057789,0.01));
#1157=CARTESIAN_POINT('',(-0.0418617502340436,0.0525147259831019,0.01));
#1158=CARTESIAN_POINT('',(-0.0434706549271636,0.0517701121000473,0.01));
#1159=CARTESIAN_POINT('',(-0.0446810065996674,0.0510159826381268,0.01));
#1160=CARTESIAN_POINT('',(-0.0458811892240694,0.0500393468228553,0.01));
#1161=CARTESIAN_POINT('',(-0.047444077694598,0.0484798748447299,0.01));
#1162=CARTESIAN_POINT('',(-0.0493410566219498,0.0460907021633255,0.01));
#1163=CARTESIAN_POINT('',(-0.0514908875548922,0.0426638944075247,0.01));
#1164=CARTESIAN_POINT('',(-0.0534612168639597,0.0388218955658815,0.01));
#1165=CARTESIAN_POINT('',(-0.0549027247534426,0.0353978272896576,0.01));
#1166=CARTESIAN_POINT('',(-0.055903290588484,0.0325986576915569,0.01));
#1167=CARTESIAN_POINT('',(-0.0567916616961236,0.0297866216151175,0.01));
#1168=CARTESIAN_POINT('',(-0.0576670994493072,0.0262580613365558,0.01));
#1169=CARTESIAN_POINT('',(-0.0582305833422968,0.0220198165132021,0.01));
#1170=CARTESIAN_POINT('',(-0.0581937236075656,0.0178012220903857,0.01));
#1171=CARTESIAN_POINT('',(-0.0575652962669449,0.0143289665130436,0.01));
#1172=CARTESIAN_POINT('',(-0.056648668915211,0.0115997226074788,0.01));
#1173=CARTESIAN_POINT('',(-0.0557417877285227,0.00958390922860805,0.01));
#1174=CARTESIAN_POINT('',(-0.0546045291841448,0.00760400241521448,0.01));
#1175=CARTESIAN_POINT('',(-0.05322415323093,0.00567081128351553,0.01));
#1176=CARTESIAN_POINT('',(-0.0516597086440923,0.0038067339909542,0.01));
#1177=CARTESIAN_POINT('',(-0.0494012012664741,0.00141559556774122,0.01));
#1178=CARTESIAN_POINT('',(-0.046992750684992,-0.000816142656792896,0.01));
#1179=CARTESIAN_POINT('',(-0.0446533549743229,-0.00284818520683964,0.01));
#1180=CARTESIAN_POINT('',(-0.0429890441936436,-0.00426020512775357,0.01));
#1181=CARTESIAN_POINT('',(-0.041471601135549,-0.00554724896070997,0.01));
#1182=CARTESIAN_POINT('',(-0.0401597307421473,-0.00669372949023211,0.01));
#1183=CARTESIAN_POINT('',(-0.0392899207804831,-0.00751513013308326,0.01));
#1184=CARTESIAN_POINT('',(-0.0387645921640538,-0.00807229941830362,0.01));
#1185=CARTESIAN_POINT('',(-0.0384670005911234,-0.00842948305845615,0.01));
#1186=CARTESIAN_POINT('',(-0.0383091506765209,-0.00866265950716469,0.01));
#1187=CARTESIAN_POINT('',(-0.0382422403808631,-0.00878825642318869,0.01));
#1188=CARTESIAN_POINT('',(-0.0382093446156597,-0.00886945598819032,0.01));
#1189=CARTESIAN_POINT('',(-0.0382049219884557,-0.0089043504291031,0.01));
#1190=CARTESIAN_POINT('',(-0.0382032491080153,-0.0089234073565934,0.01));
#1191=CARTESIAN_POINT('',(-0.0382224702084185,-0.00902563407912673,0.01));
#1192=CARTESIAN_POINT('',(-0.0382971225224622,-0.00923496280438239,0.01));
#1193=CARTESIAN_POINT('',(-0.0384218357394982,-0.00954307905219821,0.01));
#1194=CARTESIAN_POINT('',(-0.038545425528615,-0.00987832426625897,0.01));
#1195=CARTESIAN_POINT('',(-0.0386401230588585,-0.0101920034774013,0.01));
#1196=CARTESIAN_POINT('',(-0.0387269914767358,-0.0105382234173412,0.01));
#1197=CARTESIAN_POINT('',(-0.0388089128178301,-0.0109963601135124,0.01));
#1198=CARTESIAN_POINT('',(-0.0388744959103491,-0.011592632336581,0.01));
#1199=CARTESIAN_POINT('',(-0.0389231641413624,-0.0124510886112841,0.01));
#1200=CARTESIAN_POINT('',(-0.0389183153400866,-0.0136431602215999,0.01));
#1201=CARTESIAN_POINT('',(-0.0388196785687145,-0.0152494590204344,0.01));
#1202=CARTESIAN_POINT('',(-0.0386365034041143,-0.0170082934052492,0.01));
#1203=CARTESIAN_POINT('',(-0.0382892973228803,-0.0195212877690604,0.01));
#1204=CARTESIAN_POINT('',(-0.0376795495391321,-0.0229061931439349,0.01));
#1205=CARTESIAN_POINT('',(-0.036879979744744,-0.0264203220350077,0.01));
#1206=CARTESIAN_POINT('',(-0.0361531291151278,-0.0291857246218899,0.01));
#1207=CARTESIAN_POINT('',(-0.0353747566595703,-0.0318934536554953,0.01));
#1208=CARTESIAN_POINT('',(-0.0343111017332191,-0.0351572318077142,0.01));
#1209=CARTESIAN_POINT('',(-0.0329114755493411,-0.038819351256083,0.01));
#1210=CARTESIAN_POINT('',(-0.0314090134261953,-0.0421691221000749,0.01));
#1211=CARTESIAN_POINT('',(-0.0300872193554629,-0.0446522292949352,0.01));
#1212=CARTESIAN_POINT('',(-0.0289948900908948,-0.0464263459478959,0.01));
#1213=CARTESIAN_POINT('',(-0.0278823764362254,-0.0480486717858762,0.01));
#1214=CARTESIAN_POINT('',(-0.0264163261233321,-0.0498146751900357,0.01));
#1215=CARTESIAN_POINT('',(-0.0244176641183597,-0.0515712277134847,0.01));
#1216=CARTESIAN_POINT('',(-0.0224800849182813,-0.0527745124046959,0.01));
#1217=CARTESIAN_POINT('',(-0.0207241390332729,-0.0536199222299052,0.01));
#1218=CARTESIAN_POINT('',(-0.0188161469227358,-0.0544015601602504,0.01));
#1219=CARTESIAN_POINT('',(-0.0161676850052922,-0.0552558898288301,0.01));
#1220=CARTESIAN_POINT('',(-0.0114478438748499,-0.0563474671322937,0.01));
#1221=CARTESIAN_POINT('',(-0.0061328408397947,-0.0569954476803742,0.01));
#1222=CARTESIAN_POINT('',(-0.000480824227413458,-0.0571272604563697,0.01));
#1223=CARTESIAN_POINT('',(0.00384992280694206,-0.0569493236115316,0.01));
#1224=CARTESIAN_POINT('',(0.00816826147801918,-0.0564784529274645,0.01));
#1225=CARTESIAN_POINT('',(0.0123749807378208,-0.0556966245119921,0.01));
#1226=CARTESIAN_POINT('',(0.0163704140311469,-0.0545839790866237,0.01));
#1227=CARTESIAN_POINT('',(0.0194407444020119,-0.0533620412819444,0.01));
#1228=CARTESIAN_POINT('',(0.0216928511903513,-0.0521929467312502,0.01));
#1229=CARTESIAN_POINT('',(0.0237863675876365,-0.0508915126901529,0.01));
#1230=CARTESIAN_POINT('',(0.0260926847190546,-0.0490413657367753,0.01));
#1231=CARTESIAN_POINT('',(0.0283946815648595,-0.046523109198959,0.01));
#1232=CARTESIAN_POINT('',(0.030260185011407,-0.0437706329983902,0.01));
#1233=CARTESIAN_POINT('',(0.0317241157502213,-0.0408432778520788,0.01));
#1234=CARTESIAN_POINT('',(0.0328260785986203,-0.0378048122784554,0.01));
#1235=CARTESIAN_POINT('',(0.0335978029541006,-0.0346309147460336,0.01));
#1236=CARTESIAN_POINT('',(0.0340643553820525,-0.0312898137541099,0.01));
#1237=CARTESIAN_POINT('',(0.0342551969773517,-0.027747178409066,0.01));
#1238=CARTESIAN_POINT('',(0.0342091246770499,-0.0245984095905102,0.01));
#1239=CARTESIAN_POINT('',(0.0340624139866434,-0.0219360129683889,0.01));
#1240=CARTESIAN_POINT('',(0.0338534386380544,-0.0192138627174242,0.01));
#1241=CARTESIAN_POINT('',(0.0335721877323997,-0.0164833661171055,0.01));
#1242=CARTESIAN_POINT('',(0.033258453493498,-0.0138985533891235,0.01));
#1243=CARTESIAN_POINT('',(0.0330168967335983,-0.0120720823039457,0.01));
#1244=CARTESIAN_POINT('',(0.0327789974361031,-0.0103967998792175,0.01));
#1245=CARTESIAN_POINT('',(0.0325547580623723,-0.00891189170060162,0.01));
#1246=CARTESIAN_POINT('',(0.032353755183904,-0.00765611067429282,0.01));
#1247=CARTESIAN_POINT('',(0.0322146839263164,-0.00683315678886871,0.01));
#1248=CARTESIAN_POINT('',(0.0321230421660446,-0.00632559934354813,0.01));
#1249=CARTESIAN_POINT('',(0.0320787283055392,-0.00605956557210705,0.01));
#1250=CARTESIAN_POINT('',(0.0320674819266369,-0.00591187444258857,0.01));
#1251=CARTESIAN_POINT('',(0.0320711160629601,-0.00589216891844051,0.01));
#1252=CARTESIAN_POINT('',(0.0320713892337834,-0.00589042193156728,0.01));
#1253=CARTESIAN_POINT('',(0.0320713892337834,-0.00589042193156726,0.01));
#1254=CARTESIAN_POINT('',(0.0320713892337834,-0.00589042193156726,-1.73472347597681E-18));
#1255=CARTESIAN_POINT('',(0.0320721530512567,-0.00588809638753737,0.01));
#1256=CARTESIAN_POINT('',(0.0320721530512567,-0.00588809638753737,-1.73472347597681E-18));
#1257=CARTESIAN_POINT('',(0.0320827850124766,-0.00584908316800879,0.01));
#1258=CARTESIAN_POINT('',(0.0320827850124766,-0.00584908316800879,-1.73472347597681E-18));
#1259=CARTESIAN_POINT('',(0.0323420641849297,-0.00549898686358593,0.01));
#1260=CARTESIAN_POINT('',(0.0323420641849297,-0.00549898686358593,-1.73472347597681E-18));
#1261=CARTESIAN_POINT('',(0.0330548997011487,-0.00477972181364179,0.01));
#1262=CARTESIAN_POINT('',(0.0330548997011487,-0.00477972181364179,-3.46944695195361E-18));
#1263=CARTESIAN_POINT('',(0.0343157393296004,-0.00363343360802325,0.01));
#1264=CARTESIAN_POINT('',(0.0343157393296004,-0.00363343360802325,0.));
#1265=CARTESIAN_POINT('',(0.0363573095590349,-0.00176693411309747,0.01));
#1266=CARTESIAN_POINT('',(0.0363573095590349,-0.00176693411309747,-3.46944695195361E-18));
#1267=CARTESIAN_POINT('',(0.0392964895514203,0.00114495676555045,0.01));
#1268=CARTESIAN_POINT('',(0.0392964895514203,0.00114495676555045,0.));
#1269=CARTESIAN_POINT('',(0.0423890501271377,0.00547109148624729,0.01));
#1270=CARTESIAN_POINT('',(0.0423890501271377,0.00547109148624729,-3.46944695195361E-18));
#1271=CARTESIAN_POINT('',(0.0447636455441697,0.0102701693230646,0.01));
#1272=CARTESIAN_POINT('',(0.0447636455441697,0.0102701693230646,-5.20417042793042E-18));
#1273=CARTESIAN_POINT('',(0.0464503382645208,0.0152885224923955,0.01));
#1274=CARTESIAN_POINT('',(0.0464503382645208,0.0152885224923955,0.));
#1275=CARTESIAN_POINT('',(0.0473918115548257,0.0202621100558553,0.01));
#1276=CARTESIAN_POINT('',(0.0473918115548257,0.0202621100558553,0.));
#1277=CARTESIAN_POINT('',(0.0475865679931779,0.0264610749892672,0.01));
#1278=CARTESIAN_POINT('',(0.0475865679931779,0.0264610749892672,-5.20417042793042E-18));
#1279=CARTESIAN_POINT('',(0.0462454509985975,0.0333324342097086,0.01));
#1280=CARTESIAN_POINT('',(0.0462454509985975,0.0333324342097086,-3.46944695195361E-18));
#1281=CARTESIAN_POINT('',(0.0440611254604712,0.0392557820146389,0.01));
#1282=CARTESIAN_POINT('',(0.0440611254604712,0.0392557820146389,1.73472347597681E-18));
#1283=CARTESIAN_POINT('',(0.041532506013462,0.0436715286635881,0.01));
#1284=CARTESIAN_POINT('',(0.041532506013462,0.0436715286635881,-1.73472347597681E-18));
#1285=CARTESIAN_POINT('',(0.0384035293932155,0.0478547754531517,0.00999999999999999));
#1286=CARTESIAN_POINT('',(0.0384035293932155,0.0478547754531517,-8.67361737988404E-18));
#1287=CARTESIAN_POINT('',(0.0356514667292216,0.0507895784594223,0.01));
#1288=CARTESIAN_POINT('',(0.0356514667292216,0.0507895784594223,-1.73472347597681E-18));
#1289=CARTESIAN_POINT('',(0.0338353264335414,0.0527333196046792,0.01));
#1290=CARTESIAN_POINT('',(0.0338353264335414,0.0527333196046792,-1.73472347597681E-18));
#1291=CARTESIAN_POINT('',(0.0320713892337834,-0.00589042193156726,0.));
#1292=CARTESIAN_POINT('',(0.0320721530512567,-0.00588809638753737,0.));
#1293=CARTESIAN_POINT('',(0.0320829126946436,-0.00584891097358138,0.));
#1294=CARTESIAN_POINT('',(0.0322767975042318,-0.00558711362018771,0.));
#1295=CARTESIAN_POINT('',(0.0326288582595886,-0.00520904231605154,0.));
#1296=CARTESIAN_POINT('',(0.0331052346872118,-0.00474481273719128,0.));
#1297=CARTESIAN_POINT('',(0.0336850382074454,-0.00420686747134862,0.));
#1298=CARTESIAN_POINT('',(0.0345709633338218,-0.00339994562390917,0.));
#1299=CARTESIAN_POINT('',(0.0358480740114438,-0.00223369010948373,0.));
#1300=CARTESIAN_POINT('',(0.037528551648222,-0.000601890152248052,0.));
#1301=CARTESIAN_POINT('',(0.0389533280644905,0.000939610784839825,0.));
#1302=CARTESIAN_POINT('',(0.0400505401009607,0.00227988174754869,0.));
#1303=CARTESIAN_POINT('',(0.0410947660130341,0.00368126233979434,0.));
#1304=CARTESIAN_POINT('',(0.0422972068993826,0.0055295384871801,0.));
#1305=CARTESIAN_POINT('',(0.043573230170846,0.00786973097456627,0.));
#1306=CARTESIAN_POINT('',(0.0450465362193563,0.0111069758177897,0.));
#1307=CARTESIAN_POINT('',(0.0461692669177962,0.0144528279190081,0.));
#1308=CARTESIAN_POINT('',(0.0469205539175569,0.0177739918615392,0.));
#1309=CARTESIAN_POINT('',(0.0472924747247318,0.0202215940574385,0.));
#1310=CARTESIAN_POINT('',(0.0474650105509292,0.0225879283804377,0.));
#1311=CARTESIAN_POINT('',(0.0474561397120502,0.0256265940922376,0.));
#1312=CARTESIAN_POINT('',(0.0470533105482295,0.0292136706600624,0.));
#1313=CARTESIAN_POINT('',(0.0462757027503369,0.0325300491121659,0.));
#1314=CARTESIAN_POINT('',(0.0455235008094128,0.0350316732459077,0.));
#1315=CARTESIAN_POINT('',(0.0446810178422292,0.0374598515759293,0.));
#1316=CARTESIAN_POINT('',(0.0436795159298135,0.0397821156735806,0.));
#1317=CARTESIAN_POINT('',(0.0424822147042989,0.0420147578091312,0.));
#1318=CARTESIAN_POINT('',(0.041476166431001,0.0436495762214896,0.));
#1319=CARTESIAN_POINT('',(0.0403578877725417,0.0452417343918994,0.));
#1320=CARTESIAN_POINT('',(0.0387503343518115,0.047308594518112,0.));
#1321=CARTESIAN_POINT('',(0.0365686048637976,0.0498107135707363,0.));
#1322=CARTESIAN_POINT('',(0.0347433965813815,0.0517614490320507,0.));
#1323=CARTESIAN_POINT('',(0.0338353264335414,0.0527333196046792,0.));
#1324=CARTESIAN_POINT('',(0.0320713892337834,-0.00589042193156726,0.01));
#1325=CARTESIAN_POINT('',(0.0320721530512567,-0.00588809638753737,0.01));
#1326=CARTESIAN_POINT('',(0.0320829126946436,-0.00584891097358138,0.01));
#1327=CARTESIAN_POINT('',(0.0322767975042318,-0.00558711362018771,0.01));
#1328=CARTESIAN_POINT('',(0.0326288582595886,-0.00520904231605154,0.01));
#1329=CARTESIAN_POINT('',(0.0331052346872118,-0.00474481273719128,0.01));
#1330=CARTESIAN_POINT('',(0.0336850382074454,-0.00420686747134862,0.01));
#1331=CARTESIAN_POINT('',(0.0345709633338218,-0.00339994562390917,0.01));
#1332=CARTESIAN_POINT('',(0.0358480740114438,-0.00223369010948373,0.01));
#1333=CARTESIAN_POINT('',(0.037528551648222,-0.000601890152248052,0.01));
#1334=CARTESIAN_POINT('',(0.0389533280644905,0.000939610784839825,0.01));
#1335=CARTESIAN_POINT('',(0.0400505401009607,0.00227988174754869,0.01));
#1336=CARTESIAN_POINT('',(0.0410947660130341,0.00368126233979434,0.01));
#1337=CARTESIAN_POINT('',(0.0422972068993826,0.0055295384871801,0.01));
#1338=CARTESIAN_POINT('',(0.043573230170846,0.00786973097456627,0.01));
#1339=CARTESIAN_POINT('',(0.0450465362193563,0.0111069758177897,0.01));
#1340=CARTESIAN_POINT('',(0.0461692669177962,0.0144528279190081,0.01));
#1341=CARTESIAN_POINT('',(0.0469205539175569,0.0177739918615392,0.01));
#1342=CARTESIAN_POINT('',(0.0472924747247318,0.0202215940574385,0.01));
#1343=CARTESIAN_POINT('',(0.0474650105509292,0.0225879283804377,0.01));
#1344=CARTESIAN_POINT('',(0.0474561397120502,0.0256265940922376,0.01));
#1345=CARTESIAN_POINT('',(0.0470533105482295,0.0292136706600624,0.01));
#1346=CARTESIAN_POINT('',(0.0462757027503369,0.0325300491121659,0.01));
#1347=CARTESIAN_POINT('',(0.0455235008094128,0.0350316732459077,0.01));
#1348=CARTESIAN_POINT('',(0.0446810178422292,0.0374598515759293,0.01));
#1349=CARTESIAN_POINT('',(0.0436795159298135,0.0397821156735806,0.01));
#1350=CARTESIAN_POINT('',(0.0424822147042989,0.0420147578091312,0.01));
#1351=CARTESIAN_POINT('',(0.041476166431001,0.0436495762214896,0.01));
#1352=CARTESIAN_POINT('',(0.0403578877725417,0.0452417343918994,0.01));
#1353=CARTESIAN_POINT('',(0.0387503343518115,0.047308594518112,0.01));
#1354=CARTESIAN_POINT('',(0.0365686048637976,0.0498107135707363,0.01));
#1355=CARTESIAN_POINT('',(0.0347433965813815,0.0517614490320507,0.01));
#1356=CARTESIAN_POINT('',(0.0338353264335414,0.0527333196046792,0.01));
#1357=CARTESIAN_POINT('',(-0.0370392426848411,0.0523104779422283,0.014));
#1358=CARTESIAN_POINT('',(-0.0370392426848411,0.0523104779422283,1.04083408558608E-17));
#1359=CARTESIAN_POINT('',(-0.0394438981410025,0.0520779121296751,0.014));
#1360=CARTESIAN_POINT('',(-0.0394438981410025,0.0520779121296751,1.04083408558608E-17));
#1361=CARTESIAN_POINT('',(-0.0458908954167368,0.0514543919675173,0.014));
#1362=CARTESIAN_POINT('',(-0.0458908954167368,0.0514543919675173,1.04083408558608E-17));
#1363=CARTESIAN_POINT('',(-0.0572540822248306,0.031027290247473,0.014));
#1364=CARTESIAN_POINT('',(-0.0572540822248306,0.031027290247473,1.04083408558608E-17));
#1365=CARTESIAN_POINT('',(-0.0589288926638466,0.00713227014496767,0.014));
#1366=CARTESIAN_POINT('',(-0.0589288926638466,0.00713227014496767,1.04083408558608E-17));
#1367=CARTESIAN_POINT('',(-0.0353759181790642,-0.007816556490622,0.014));
#1368=CARTESIAN_POINT('',(-0.0353759181790642,-0.007816556490622,1.04083408558608E-17));
#1369=CARTESIAN_POINT('',(-0.0387992281248783,-0.0107115727591788,0.014));
#1370=CARTESIAN_POINT('',(-0.0387992281248783,-0.0107115727591788,1.04083408558608E-17));
#1371=CARTESIAN_POINT('',(-0.0360461902196616,-0.0289903941087319,0.014));
#1372=CARTESIAN_POINT('',(-0.0360461902196616,-0.0289903941087319,1.04083408558608E-17));
#1373=CARTESIAN_POINT('',(-0.0289221820195386,-0.0464916653419669,0.014));
#1374=CARTESIAN_POINT('',(-0.0289221820195386,-0.0464916653419669,1.04083408558608E-17));
#1375=CARTESIAN_POINT('',(-0.020867590848874,-0.0537050961197592,0.014));
#1376=CARTESIAN_POINT('',(-0.020867590848874,-0.0537050961197592,1.04083408558608E-17));
#1377=CARTESIAN_POINT('',(-0.00159176470668008,-0.0574527330158474,0.014));
#1378=CARTESIAN_POINT('',(-0.00159176470668008,-0.0574527330158474,1.04083408558608E-17));
#1379=CARTESIAN_POINT('',(0.0223959571342015,-0.0535482972759278,0.014));
#1380=CARTESIAN_POINT('',(0.0223959571342015,-0.0535482972759278,1.04083408558608E-17));
#1381=CARTESIAN_POINT('',(0.0323972076548251,-0.0399142527164004,0.014));
#1382=CARTESIAN_POINT('',(0.0323972076548251,-0.0399142527164004,1.04083408558608E-17));
#1383=CARTESIAN_POINT('',(0.0339728351263011,-0.0245228148873671,0.014));
#1384=CARTESIAN_POINT('',(0.0339728351263011,-0.0245228148873671,1.04083408558608E-17));
#1385=CARTESIAN_POINT('',(0.0312448703766201,-0.00691006501925056,0.014));
#1386=CARTESIAN_POINT('',(0.0312448703766201,-0.00691006501925056,1.04083408558608E-17));
#1387=CARTESIAN_POINT('',(0.0307784695238221,-0.00492092097160735,0.014));
#1388=CARTESIAN_POINT('',(0.0307784695238221,-0.00492092097160735,1.04083408558608E-17));
#1389=CARTESIAN_POINT('',(0.0411482797226521,0.00261144521460108,0.014));
#1390=CARTESIAN_POINT('',(0.0411482797226521,0.00261144521460108,1.04083408558608E-17));
#1391=CARTESIAN_POINT('',(0.0476974486340631,0.0200928875452852,0.014));
#1392=CARTESIAN_POINT('',(0.0476974486340631,0.0200928875452852,1.04083408558608E-17));
#1393=CARTESIAN_POINT('',(0.0453835991488571,0.0335052523785187,0.014));
#1394=CARTESIAN_POINT('',(0.0453835991488571,0.0335052523785187,1.04083408558608E-17));
#1395=CARTESIAN_POINT('',(0.0411300640580849,0.0434320264512362,0.014));
#1396=CARTESIAN_POINT('',(0.0411300640580849,0.0434320264512362,1.04083408558608E-17));
#1397=CARTESIAN_POINT('',(0.035883272939679,0.0490474537404561,0.014));
#1398=CARTESIAN_POINT('',(0.035883272939679,0.0490474537404561,1.04083408558608E-17));
#1399=CARTESIAN_POINT('',(0.0331960842013359,0.0519234426319599,0.014));
#1400=CARTESIAN_POINT('',(0.0331960842013359,0.0519234426319599,1.04083408558608E-17));
#1401=CARTESIAN_POINT('',(-0.0370392426848411,0.0523104779422283,0.));
#1402=CARTESIAN_POINT('',(-0.0394438981410025,0.0520779121296751,0.));
#1403=CARTESIAN_POINT('',(-0.0458908954167368,0.0514543919675173,0.));
#1404=CARTESIAN_POINT('',(-0.0572540822248306,0.031027290247473,0.));
#1405=CARTESIAN_POINT('',(-0.0589288926638466,0.00713227014496767,0.));
#1406=CARTESIAN_POINT('',(-0.0353759181790642,-0.007816556490622,0.));
#1407=CARTESIAN_POINT('',(-0.0387992281248783,-0.0107115727591788,0.));
#1408=CARTESIAN_POINT('',(-0.0360461902196616,-0.0289903941087319,0.));
#1409=CARTESIAN_POINT('',(-0.0289221820195386,-0.0464916653419669,0.));
#1410=CARTESIAN_POINT('',(-0.020867590848874,-0.0537050961197592,0.));
#1411=CARTESIAN_POINT('',(-0.00159176470668008,-0.0574527330158474,0.));
#1412=CARTESIAN_POINT('',(0.0223959571342015,-0.0535482972759278,0.));
#1413=CARTESIAN_POINT('',(0.0323972076548251,-0.0399142527164004,0.));
#1414=CARTESIAN_POINT('',(0.0339728351263011,-0.0245228148873671,0.));
#1415=CARTESIAN_POINT('',(0.0312448703766201,-0.00691006501925056,0.));
#1416=CARTESIAN_POINT('',(0.0307784695238221,-0.00492092097160735,0.));
#1417=CARTESIAN_POINT('',(0.0411482797226521,0.00261144521460108,0.));
#1418=CARTESIAN_POINT('',(0.0476974486340631,0.0200928875452852,0.));
#1419=CARTESIAN_POINT('',(0.0453835991488571,0.0335052523785187,0.));
#1420=CARTESIAN_POINT('',(0.0411300640580849,0.0434320264512362,0.));
#1421=CARTESIAN_POINT('',(0.035883272939679,0.0490474537404561,0.));
#1422=CARTESIAN_POINT('',(0.0331960842013359,0.0519234426319599,0.));
#1423=CARTESIAN_POINT('',(-0.0370392426848411,0.0523104779422283,0.014));
#1424=CARTESIAN_POINT('',(-0.0394438981410025,0.0520779121296751,0.014));
#1425=CARTESIAN_POINT('',(-0.0458908954167368,0.0514543919675173,0.014));
#1426=CARTESIAN_POINT('',(-0.0572540822248306,0.031027290247473,0.014));
#1427=CARTESIAN_POINT('',(-0.0589288926638466,0.00713227014496767,0.014));
#1428=CARTESIAN_POINT('',(-0.0353759181790642,-0.007816556490622,0.014));
#1429=CARTESIAN_POINT('',(-0.0387992281248783,-0.0107115727591788,0.014));
#1430=CARTESIAN_POINT('',(-0.0360461902196616,-0.0289903941087319,0.014));
#1431=CARTESIAN_POINT('',(-0.0289221820195386,-0.0464916653419669,0.014));
#1432=CARTESIAN_POINT('',(-0.020867590848874,-0.0537050961197592,0.014));
#1433=CARTESIAN_POINT('',(-0.00159176470668008,-0.0574527330158474,0.014));
#1434=CARTESIAN_POINT('',(0.0223959571342015,-0.0535482972759278,0.014));
#1435=CARTESIAN_POINT('',(0.0323972076548251,-0.0399142527164004,0.014));
#1436=CARTESIAN_POINT('',(0.0339728351263011,-0.0245228148873671,0.014));
#1437=CARTESIAN_POINT('',(0.0312448703766201,-0.00691006501925056,0.014));
#1438=CARTESIAN_POINT('',(0.0307784695238221,-0.00492092097160735,0.014));
#1439=CARTESIAN_POINT('',(0.0411482797226521,0.00261144521460108,0.014));
#1440=CARTESIAN_POINT('',(0.0476974486340631,0.0200928875452852,0.014));
#1441=CARTESIAN_POINT('',(0.0453835991488571,0.0335052523785187,0.014));
#1442=CARTESIAN_POINT('',(0.0411300640580849,0.0434320264512362,0.014));
#1443=CARTESIAN_POINT('',(0.035883272939679,0.0490474537404561,0.014));
#1444=CARTESIAN_POINT('',(0.0331960842013359,0.0519234426319599,0.014));
#1445=CARTESIAN_POINT('',(0.0241718959079651,0.0558261858651806,0.));
#1446=CARTESIAN_POINT('',(0.0258982866954328,0.0581005950933902,0.01));
#1447=CARTESIAN_POINT('',(0.0357154506459107,0.0551153107009123,0.01));
#1448=CARTESIAN_POINT('',(0.0353849931312586,0.055303226620952,0.01));
#1449=CARTESIAN_POINT('',(0.0347255674900055,0.0556788204996379,0.01));
#1450=CARTESIAN_POINT('',(0.0337077879959444,0.0562538371055637,0.01));
#1451=CARTESIAN_POINT('',(0.0326690440832937,0.0568231891873502,0.01));
#1452=CARTESIAN_POINT('',(0.0316108179740379,0.0573723965548139,0.01));
#1453=CARTESIAN_POINT('',(0.0305309003836488,0.0578865183704488,0.01));
#1454=CARTESIAN_POINT('',(0.0294192818941786,0.058349986584935,0.01));
#1455=CARTESIAN_POINT('',(0.0282596142471306,0.05874256938407,0.01));
#1456=CARTESIAN_POINT('',(0.0272187813674355,0.0589875324850425,0.01));
#1457=CARTESIAN_POINT('',(0.0263247221330437,0.0591032525602908,0.01));
#1458=CARTESIAN_POINT('',(0.0257326683212225,0.0591331370888275,0.01));
#1459=CARTESIAN_POINT('',(0.0252270387275609,0.0591213742620574,0.01));
#1460=CARTESIAN_POINT('',(0.0248325792183599,0.0590913082768359,0.01));
#1461=CARTESIAN_POINT('',(0.0244064102315152,0.0590320318252841,0.01));
#1462=CARTESIAN_POINT('',(0.0239658430472941,0.0589389817907254,0.01));
#1463=CARTESIAN_POINT('',(0.0234842270368299,0.0587970987047559,0.01));
#1464=CARTESIAN_POINT('',(0.0229693011727991,0.0585889777491789,0.01));
#1465=CARTESIAN_POINT('',(0.0224419892194059,0.0583067099955308,0.01));
#1466=CARTESIAN_POINT('',(0.0219837446637808,0.0579821575180669,0.01));
#1467=CARTESIAN_POINT('',(0.0216291858289475,0.0576676508272229,0.01));
#1468=CARTESIAN_POINT('',(0.0212833543704246,0.0573109712401519,0.01));
#1469=CARTESIAN_POINT('',(0.0209723196147971,0.0569058270046027,0.01));
#1470=CARTESIAN_POINT('',(0.0207038867740447,0.0564471466537723,0.01));
#1471=CARTESIAN_POINT('',(0.0205351568493676,0.0560949830465111,0.01));
#1472=CARTESIAN_POINT('',(0.0203937010172127,0.0557254238627745,0.01));
#1473=CARTESIAN_POINT('',(0.0202497355569617,0.0552309531931814,0.01));
#1474=CARTESIAN_POINT('',(0.0201476344756822,0.0546213899751445,0.01));
#1475=CARTESIAN_POINT('',(0.0201324844546913,0.0539205972610056,0.01));
#1476=CARTESIAN_POINT('',(0.0201992448258299,0.0532882833752034,0.01));
#1477=CARTESIAN_POINT('',(0.0203209041879209,0.0527244974125953,0.01));
#1478=CARTESIAN_POINT('',(0.0204649046526701,0.0522538404340029,0.01));
#1479=CARTESIAN_POINT('',(0.0206771050270564,0.0516892112709198,0.01));
#1480=CARTESIAN_POINT('',(0.0209634308231769,0.0510760687252288,0.01));
#1481=CARTESIAN_POINT('',(0.0213307082246736,0.0504026328253055,0.01));
#1482=CARTESIAN_POINT('',(0.0217158100321167,0.0497622757975427,0.01));
#1483=CARTESIAN_POINT('',(0.0221145782029462,0.0491384903073737,0.01));
#1484=CARTESIAN_POINT('',(0.0223845384597986,0.0487313369392056,0.01));
#1485=CARTESIAN_POINT('',(0.0225192663957035,0.0485298847552737,0.01));
#1486=CARTESIAN_POINT('',(0.0357154506459106,0.0551153107009123,0.01));
#1487=CARTESIAN_POINT('',(0.0225192663957034,0.0485298847552738,0.01));
#1488=CARTESIAN_POINT('',(0.0352580821107618,-0.00684194096031487,0.01));
#1489=CARTESIAN_POINT('',(0.0355695796134245,-0.00654834115350994,0.01));
#1490=CARTESIAN_POINT('',(0.0363527829849283,-0.00583537424591436,0.01));
#1491=CARTESIAN_POINT('',(0.037830223490323,-0.00448611961514456,0.01));
#1492=CARTESIAN_POINT('',(0.0394897359728689,-0.00288347790012765,0.01));
#1493=CARTESIAN_POINT('',(0.0409348690532869,-0.00134533877492495,0.01));
#1494=CARTESIAN_POINT('',(0.0420791705820209,1.17698700117175E-5,0.01));
#1495=CARTESIAN_POINT('',(0.0431909093271105,0.00144795804560386,0.01));
#1496=CARTESIAN_POINT('',(0.0444631270142834,0.0033221367200584,0.01));
#1497=CARTESIAN_POINT('',(0.0458211809618415,0.00568304346885582,0.01));
#1498=CARTESIAN_POINT('',(0.0470087004082228,0.00812600023542566,0.01));
#1499=CARTESIAN_POINT('',(0.0480271045451644,0.0106263686035112,0.01));
#1500=CARTESIAN_POINT('',(0.0488749168137102,0.0131601601036994,0.01));
#1501=CARTESIAN_POINT('',(0.049549002780593,0.0157031765469147,0.01));
#1502=CARTESIAN_POINT('',(0.0500458092813308,0.0182334625593273,0.01));
#1503=CARTESIAN_POINT('',(0.0503572389976691,0.0207340063836421,0.01));
#1504=CARTESIAN_POINT('',(0.0504786584972278,0.0231559229879882,0.01));
#1505=CARTESIAN_POINT('',(0.0504315764276119,0.0254904658680408,0.01));
#1506=CARTESIAN_POINT('',(0.0502368662281265,0.0277356702121936,0.01));
#1507=CARTESIAN_POINT('',(0.0499163618760438,0.0298897145630079,0.01));
#1508=CARTESIAN_POINT('',(0.0494922907004897,0.031950698251332,0.01));
#1509=CARTESIAN_POINT('',(0.0489895676972589,0.0339147491451272,0.01));
#1510=CARTESIAN_POINT('',(0.0484281846724334,0.0357959284845714,0.01));
#1511=CARTESIAN_POINT('',(0.0477999046561577,0.0376354691766454,0.01));
#1512=CARTESIAN_POINT('',(0.0470904035934994,0.039443137135339,0.01));
#1513=CARTESIAN_POINT('',(0.0462929213719765,0.041213091680078,0.01));
#1514=CARTESIAN_POINT('',(0.0453988760096465,0.0429472101570148,0.01));
#1515=CARTESIAN_POINT('',(0.0444007498272703,0.0446464460852734,0.01));
#1516=CARTESIAN_POINT('',(0.0432917917324328,0.046305880268548,0.01));
#1517=CARTESIAN_POINT('',(0.0421094407375368,0.0478919831805322,0.01));
#1518=CARTESIAN_POINT('',(0.0404599730645043,0.0499289010973002,0.01));
#1519=CARTESIAN_POINT('',(0.0387356539992446,0.0518674654415616,0.01));
#1520=CARTESIAN_POINT('',(0.0370009922013881,0.053740778578663,0.01));
#1521=CARTESIAN_POINT('',(0.0361433253868474,0.0546573737557583,0.01));
#1522=CARTESIAN_POINT('',(0.0357154506459106,0.0551153107009123,0.01));
#1523=CARTESIAN_POINT('',(0.0352580821107617,-0.00684194096031484,0.01));
#1524=CARTESIAN_POINT('',(-0.041559638036462,-0.00950450301353957,0.01));
#1525=CARTESIAN_POINT('',(-0.0416014056897656,-0.00966416224886954,0.01));
#1526=CARTESIAN_POINT('',(-0.0416779640220658,-0.00999597969447697,0.01));
#1527=CARTESIAN_POINT('',(-0.0417620503383406,-0.0104798680096112,0.01));
#1528=CARTESIAN_POINT('',(-0.0418239892815122,-0.0109557231851424,0.01));
#1529=CARTESIAN_POINT('',(-0.0418833421559345,-0.0115949667314588,0.01));
#1530=CARTESIAN_POINT('',(-0.0419201068302595,-0.012403648472025,0.01));
#1531=CARTESIAN_POINT('',(-0.0419169811772536,-0.0137466798866605,0.01));
#1532=CARTESIAN_POINT('',(-0.041813716712618,-0.0155337402609893,0.01));
#1533=CARTESIAN_POINT('',(-0.0415584495560226,-0.0178622756947549,0.01));
#1534=CARTESIAN_POINT('',(-0.0411872904945582,-0.0203439155016919,0.01));
#1535=CARTESIAN_POINT('',(-0.0407134801928808,-0.0229372679294175,0.01));
#1536=CARTESIAN_POINT('',(-0.040149156353051,-0.0255943446678184,0.01));
#1537=CARTESIAN_POINT('',(-0.0395058788909558,-0.0282641104513909,0.01));
#1538=CARTESIAN_POINT('',(-0.0387951076919996,-0.0308923699746423,0.01));
#1539=CARTESIAN_POINT('',(-0.0377676284724753,-0.0343032924609893,0.01));
#1540=CARTESIAN_POINT('',(-0.0363432290242627,-0.0383709737319903,0.01));
#1541=CARTESIAN_POINT('',(-0.0347586240965799,-0.0420924584443136,0.01));
#1542=CARTESIAN_POINT('',(-0.0334042986539262,-0.0448176366477055,0.01));
#1543=CARTESIAN_POINT('',(-0.0323433633528786,-0.0467275322870261,0.01));
#1544=CARTESIAN_POINT('',(-0.0312384835809652,-0.0484894258783417,0.01));
#1545=CARTESIAN_POINT('',(-0.0300697222593268,-0.0501121195998348,0.01));
#1546=CARTESIAN_POINT('',(-0.0287959181138423,-0.0516088871827585,0.01));
#1547=CARTESIAN_POINT('',(-0.0273926646269946,-0.0529705434350414,0.01));
#1548=CARTESIAN_POINT('',(-0.0258522008688595,-0.0541860688314579,0.01));
#1549=CARTESIAN_POINT('',(-0.0241795731042923,-0.0552499174948821,0.01));
#1550=CARTESIAN_POINT('',(-0.0223792818474546,-0.0561752923662406,0.01));
#1551=CARTESIAN_POINT('',(-0.019796101608222,-0.0572600038260181,0.01));
#1552=CARTESIAN_POINT('',(-0.0162175477558701,-0.0583772498549052,0.01));
#1553=CARTESIAN_POINT('',(-0.011445889405805,-0.059355355133484,0.01));
#1554=CARTESIAN_POINT('',(-0.00628837252359049,-0.0599579200615975,0.01));
#1555=CARTESIAN_POINT('',(-0.000848963083833814,-0.0601564740119494,0.01));
#1556=CARTESIAN_POINT('',(0.00474805377710554,-0.0599171016575724,0.01));
#1557=CARTESIAN_POINT('',(0.0103284414969419,-0.0592042854856689,0.01));
#1558=CARTESIAN_POINT('',(0.0148292188882604,-0.058175686247285,0.01));
#1559=CARTESIAN_POINT('',(0.0182597597745944,-0.0570565920684318,0.01));
#1560=CARTESIAN_POINT('',(0.0207273723277402,-0.0560564889350635,0.01));
#1561=CARTESIAN_POINT('',(0.0226817036231567,-0.0550749502845856,0.01));
#1562=CARTESIAN_POINT('',(0.0241658207152771,-0.054192904237873,0.01));
#1563=CARTESIAN_POINT('',(0.0255826867709235,-0.0532551081648587,0.01));
#1564=CARTESIAN_POINT('',(0.0272263837938465,-0.0519839971622417,0.01));
#1565=CARTESIAN_POINT('',(0.0295848794458183,-0.0497662737435028,0.01));
#1566=CARTESIAN_POINT('',(0.0320327627179256,-0.0467018336163017,0.01));
#1567=CARTESIAN_POINT('',(0.0338584286100992,-0.043384219376139,0.01));
#1568=CARTESIAN_POINT('',(0.034991811965127,-0.040657338831295,0.01));
#1569=CARTESIAN_POINT('',(0.035927909453957,-0.037869432206454,0.01));
#1570=CARTESIAN_POINT('',(0.0367432823328033,-0.0342668022971355,0.01));
#1571=CARTESIAN_POINT('',(0.0371363835624764,-0.030488464999496,0.01));
#1572=CARTESIAN_POINT('',(0.0372363715662353,-0.027337308518836,0.01));
#1573=CARTESIAN_POINT('',(0.0372136927485193,-0.0249013322489179,0.01));
#1574=CARTESIAN_POINT('',(0.0371006303616042,-0.0223744613606701,0.01));
#1575=CARTESIAN_POINT('',(0.0369105319813564,-0.0197834071568641,0.01));
#1576=CARTESIAN_POINT('',(0.0366642795773011,-0.0171982328959509,0.01));
#1577=CARTESIAN_POINT('',(0.0362863139238453,-0.0138479367397213,0.01));
#1578=CARTESIAN_POINT('',(0.0358717945301602,-0.0107833684331417,0.01));
#1579=CARTESIAN_POINT('',(0.0354945514567327,-0.00828665979426573,0.01));
#1580=CARTESIAN_POINT('',(0.035331015702607,-0.00727799380348508,0.01));
#1581=CARTESIAN_POINT('',(0.0352580821107617,-0.00684194096031483,0.01));
#1582=CARTESIAN_POINT('',(-0.0415596380364766,-0.00950450301353641,0.01));
#1583=CARTESIAN_POINT('',(-0.0309452337076045,0.0569386161942282,0.01));
#1584=CARTESIAN_POINT('',(-0.0314530877730761,0.0568894991811891,0.01));
#1585=CARTESIAN_POINT('',(-0.0324686619262441,0.0567912857926229,0.01));
#1586=CARTESIAN_POINT('',(-0.0339928270226472,0.0566438418847015,0.01));
#1587=CARTESIAN_POINT('',(-0.0352606199919173,0.0565213331178942,0.01));
#1588=CARTESIAN_POINT('',(-0.0362800795005659,0.0564225212414791,0.01));
#1589=CARTESIAN_POINT('',(-0.0370342132718134,0.0563497752178095,0.01));
#1590=CARTESIAN_POINT('',(-0.0378038917962889,0.0562760234282506,0.01));
#1591=CARTESIAN_POINT('',(-0.0386174117741645,0.0561928255871798,0.01));
#1592=CARTESIAN_POINT('',(-0.0395001420388448,0.0560835773622132,0.01));
#1593=CARTESIAN_POINT('',(-0.0407504426646295,0.0558815104969461,0.01));
#1594=CARTESIAN_POINT('',(-0.0421055203383169,0.0555591869865386,0.01));
#1595=CARTESIAN_POINT('',(-0.0435276778583858,0.0550442937264115,0.01));
#1596=CARTESIAN_POINT('',(-0.0446102861613057,0.0545479872678149,0.01));
#1597=CARTESIAN_POINT('',(-0.0456927390758918,0.0539339534917101,0.01));
#1598=CARTESIAN_POINT('',(-0.0467681160230438,0.0531887478408389,0.01));
#1599=CARTESIAN_POINT('',(-0.0477925059678593,0.0523402653667514,0.01));
#1600=CARTESIAN_POINT('',(-0.0487685077825752,0.0514056313582069,0.01));
#1601=CARTESIAN_POINT('',(-0.0497012026623597,0.0503960566768217,0.01));
#1602=CARTESIAN_POINT('',(-0.05090283498237,0.0489509024571731,0.01));
#1603=CARTESIAN_POINT('',(-0.0523312427186956,0.0469742542531126,0.01));
#1604=CARTESIAN_POINT('',(-0.0539409042003911,0.0443664291706915,0.01));
#1605=CARTESIAN_POINT('',(-0.0554402532526521,0.0415638624883894,0.01));
#1606=CARTESIAN_POINT('',(-0.0568167734590995,0.0386106910296894,0.01));
#1607=CARTESIAN_POINT('',(-0.0580537863468534,0.035548758385713,0.01));
#1608=CARTESIAN_POINT('',(-0.0591297356024967,0.0324319387459149,0.01));
#1609=CARTESIAN_POINT('',(-0.0603288457682195,0.0282250462304558,0.01));
#1610=CARTESIAN_POINT('',(-0.0610995796934448,0.023912285731982,0.01));
#1611=CARTESIAN_POINT('',(-0.0612398105631129,0.019519390024596,0.01));
#1612=CARTESIAN_POINT('',(-0.060973536788526,0.0161991266773886,0.01));
#1613=CARTESIAN_POINT('',(-0.0602823530391438,0.0128816169733593,0.01));
#1614=CARTESIAN_POINT('',(-0.0593128681434985,0.0101500838272964,0.01));
#1615=CARTESIAN_POINT('',(-0.0582872348961405,0.00801023191990075,0.01));
#1616=CARTESIAN_POINT('',(-0.0573898986040789,0.00642932859707076,0.01));
#1617=CARTESIAN_POINT('',(-0.0563604325166021,0.00488204841769239,0.01));
#1618=CARTESIAN_POINT('',(-0.0552347283756972,0.00340009138245058,0.01));
#1619=CARTESIAN_POINT('',(-0.0540352943537204,0.00198047543898815,0.01));
#1620=CARTESIAN_POINT('',(-0.0523649970783626,0.000165542480873392,0.01));
#1621=CARTESIAN_POINT('',(-0.0501865172786798,-0.00196600442699995,0.01));
#1622=CARTESIAN_POINT('',(-0.0475794736067178,-0.00429592060157327,0.01));
#1623=CARTESIAN_POINT('',(-0.0451339697993872,-0.00637628443399556,0.01));
#1624=CARTESIAN_POINT('',(-0.0433698240443382,-0.00786925232129165,0.01));
#1625=CARTESIAN_POINT('',(-0.0422228956226231,-0.00888003508743012,0.01));
#1626=CARTESIAN_POINT('',(-0.0417580519322664,-0.00931246221214173,0.01));
#1627=CARTESIAN_POINT('',(-0.0415596380364766,-0.00950450301353639,0.01));
#1628=CARTESIAN_POINT('',(-0.0309452337076045,0.0569386161942282,0.01));
#1629=CARTESIAN_POINT('',(-0.034490386926703,0.0473824570595491,0.01));
#1630=CARTESIAN_POINT('',(-0.0344279223812518,0.0476413822770654,0.01));
#1631=CARTESIAN_POINT('',(-0.0342541967506767,0.0482491011336877,0.01));
#1632=CARTESIAN_POINT('',(-0.033874054781967,0.0493367907085003,0.01));
#1633=CARTESIAN_POINT('',(-0.0334088109034218,0.0505549904155008,0.01));
#1634=CARTESIAN_POINT('',(-0.0329113575447881,0.051840663974835,0.01));
#1635=CARTESIAN_POINT('',(-0.0324212411825849,0.053112518589787,0.01));
#1636=CARTESIAN_POINT('',(-0.031764813277117,0.0548137968259579,0.01));
#1637=CARTESIAN_POINT('',(-0.0312731537180854,0.056088524284433,0.01));
#1638=CARTESIAN_POINT('',(-0.0309452337076045,0.0569386161942282,0.01));
#1639=CARTESIAN_POINT('',(-0.0344903869267031,0.0473824570595491,0.01));
#1640=CARTESIAN_POINT('',(0.02405076177879,0.015986003960191,0.01));
#1641=CARTESIAN_POINT('',(0.0239528589392131,0.0160132765530402,0.01));
#1642=CARTESIAN_POINT('',(0.0237204484625664,0.0160843774760702,0.01));
#1643=CARTESIAN_POINT('',(0.0231097591046615,0.0162974961559103,0.01));
#1644=CARTESIAN_POINT('',(0.0221157162594036,0.0166773878807813,0.01));
#1645=CARTESIAN_POINT('',(0.0208437367329287,0.0171444644642608,0.01));
#1646=CARTESIAN_POINT('',(0.0198159935942478,0.0174757919288667,0.01));
#1647=CARTESIAN_POINT('',(0.0191948659846559,0.0176593286828002,0.01));
#1648=CARTESIAN_POINT('',(0.0182462284167676,0.0179237474734469,0.01));
#1649=CARTESIAN_POINT('',(0.0167516193395731,0.018285021291772,0.01));
#1650=CARTESIAN_POINT('',(0.0146155230483807,0.0186987699152509,0.01));
#1651=CARTESIAN_POINT('',(0.0123477740782776,0.0190477415879431,0.01));
#1652=CARTESIAN_POINT('',(0.00917261325792992,0.0194265559874914,0.01));
#1653=CARTESIAN_POINT('',(0.00496528524692279,0.019735741015643,0.01));
#1654=CARTESIAN_POINT('',(-0.000299456921710134,0.0198257987270258,0.01));
#1655=CARTESIAN_POINT('',(-0.00472381391902214,0.0196466205215473,0.01));
#1656=CARTESIAN_POINT('',(-0.00820167328594039,0.0193351040369265,0.01));
#1657=CARTESIAN_POINT('',(-0.010758104627114,0.0190128818671076,0.01));
#1658=CARTESIAN_POINT('',(-0.0132448971076796,0.0185966032679267,0.01));
#1659=CARTESIAN_POINT('',(-0.0152462384264907,0.018162581037622,0.01));
#1660=CARTESIAN_POINT('',(-0.0167839411488226,0.0177641270208721,0.01));
#1661=CARTESIAN_POINT('',(-0.0182618571547274,0.0173398147926997,0.01));
#1662=CARTESIAN_POINT('',(-0.020004490391087,0.0167722595302418,0.01));
#1663=CARTESIAN_POINT('',(-0.0219327460842553,0.0160638609222343,0.01));
#1664=CARTESIAN_POINT('',(-0.0236984166055628,0.0153618244941214,0.01));
#1665=CARTESIAN_POINT('',(-0.0253016581660687,0.0146995567277184,0.01));
#1666=CARTESIAN_POINT('',(-0.0267379953071741,0.014110062882849,0.01));
#1667=CARTESIAN_POINT('',(-0.0280005124768127,0.0136237301159364,0.01));
#1668=CARTESIAN_POINT('',(-0.0288898474506582,0.0133276693551959,0.01));
#1669=CARTESIAN_POINT('',(-0.0294892642979458,0.0131642300470655,0.01));
#1670=CARTESIAN_POINT('',(-0.0298800327611791,0.0130775295649081,0.01));
#1671=CARTESIAN_POINT('',(-0.0302056724028983,0.0130250403144417,0.01));
#1672=CARTESIAN_POINT('',(-0.0304610250044586,0.0130023116008046,0.01));
#1673=CARTESIAN_POINT('',(-0.0306534155466311,0.0130008518137089,0.01));
#1674=CARTESIAN_POINT('',(-0.0308327891084934,0.0130142685124285,0.01));
#1675=CARTESIAN_POINT('',(-0.0310114201210543,0.0130427573289098,0.01));
#1676=CARTESIAN_POINT('',(-0.0312576075856851,0.0131026301369785,0.01));
#1677=CARTESIAN_POINT('',(-0.0316054696308658,0.0132285896328415,0.01));
#1678=CARTESIAN_POINT('',(-0.0321012906846966,0.0134844012321966,0.01));
#1679=CARTESIAN_POINT('',(-0.0326743220550615,0.0138596997298259,0.01));
#1680=CARTESIAN_POINT('',(-0.0332057790118803,0.014268078448197,0.01));
#1681=CARTESIAN_POINT('',(-0.0336618120405049,0.0146480741969845,0.01));
#1682=CARTESIAN_POINT('',(-0.0341266006741539,0.0150502116609932,0.01));
#1683=CARTESIAN_POINT('',(-0.0346798249238216,0.0155581265681905,0.01));
#1684=CARTESIAN_POINT('',(-0.0353013718395051,0.0161848840206062,0.01));
#1685=CARTESIAN_POINT('',(-0.0358845575036323,0.0168401506053104,0.01));
#1686=CARTESIAN_POINT('',(-0.0364308272551496,0.0175333409292714,0.01));
#1687=CARTESIAN_POINT('',(-0.0369419026779379,0.0182757193726719,0.01));
#1688=CARTESIAN_POINT('',(-0.0374216698983372,0.0190841222704867,0.01));
#1689=CARTESIAN_POINT('',(-0.0378688989216634,0.0199718227256851,0.01));
#1690=CARTESIAN_POINT('',(-0.038272320153116,0.0209346090507069,0.01));
#1691=CARTESIAN_POINT('',(-0.0387150748209517,0.0222722487101222,0.01));
#1692=CARTESIAN_POINT('',(-0.0389826673870496,0.023658997966019,0.01));
#1693=CARTESIAN_POINT('',(-0.0390270087578391,0.0250370020374436,0.01));
#1694=CARTESIAN_POINT('',(-0.0389403975130724,0.0260605971830321,0.01));
#1695=CARTESIAN_POINT('',(-0.0387593468010032,0.0269095842852165,0.01));
#1696=CARTESIAN_POINT('',(-0.0385400638884962,0.0275922293850021,0.01));
#1697=CARTESIAN_POINT('',(-0.038334993776079,0.0281081317341767,0.01));
#1698=CARTESIAN_POINT('',(-0.038086170581604,0.0286278689052359,0.01));
#1699=CARTESIAN_POINT('',(-0.0377882542635603,0.0291555940425262,0.01));
#1700=CARTESIAN_POINT('',(-0.0374168841771819,0.0297253235766242,0.01));
#1701=CARTESIAN_POINT('',(-0.0368303211382118,0.030531096829386,0.01));
#1702=CARTESIAN_POINT('',(-0.0359524168986598,0.0315933605552282,0.01));
#1703=CARTESIAN_POINT('',(-0.0347489851567381,0.0328969649062325,0.01));
#1704=CARTESIAN_POINT('',(-0.0334777195211525,0.0341930939978562,0.01));
#1705=CARTESIAN_POINT('',(-0.0324243229986703,0.0352499907313955,0.01));
#1706=CARTESIAN_POINT('',(-0.0316154601188497,0.0360836481386842,0.01));
#1707=CARTESIAN_POINT('',(-0.031030608571891,0.0367083128892308,0.01));
#1708=CARTESIAN_POINT('',(-0.0304735452056475,0.0373381517553423,0.01));
#1709=CARTESIAN_POINT('',(-0.029938080216512,0.0379998201683336,0.01));
#1710=CARTESIAN_POINT('',(-0.0295139250813456,0.0386009681290942,0.01));
#1711=CARTESIAN_POINT('',(-0.0291867339846977,0.0391500565035304,0.01));
#1712=CARTESIAN_POINT('',(-0.0289876514625641,0.0395405462474647,0.01));
#1713=CARTESIAN_POINT('',(-0.0288396395389186,0.0398815884318075,0.01));
#1714=CARTESIAN_POINT('',(-0.0287316196115705,0.0401655882383715,0.01));
#1715=CARTESIAN_POINT('',(-0.0286327725652294,0.0404753767657942,0.01));
#1716=CARTESIAN_POINT('',(-0.0285484765831606,0.0408053245922371,0.01));
#1717=CARTESIAN_POINT('',(-0.0284797485633508,0.041172069857904,0.01));
#1718=CARTESIAN_POINT('',(-0.0284210129569048,0.0417089373456323,0.01));
#1719=CARTESIAN_POINT('',(-0.0284273627479717,0.0423021291343888,0.01));
#1720=CARTESIAN_POINT('',(-0.0285216227201732,0.0428709869285424,0.01));
#1721=CARTESIAN_POINT('',(-0.0286028710520697,0.0431959536400557,0.01));
#1722=CARTESIAN_POINT('',(-0.0286783871127505,0.0434417825428641,0.01));
#1723=CARTESIAN_POINT('',(-0.0287700267729801,0.0436891407316801,0.01));
#1724=CARTESIAN_POINT('',(-0.0288711616610114,0.0439215978524831,0.01));
#1725=CARTESIAN_POINT('',(-0.0289824006528685,0.0441448248596106,0.01));
#1726=CARTESIAN_POINT('',(-0.0291465605393039,0.0444347613465389,0.01));
#1727=CARTESIAN_POINT('',(-0.0293671201889018,0.0447604561324015,0.01));
#1728=CARTESIAN_POINT('',(-0.0297305472530448,0.0452039400278767,0.01));
#1729=CARTESIAN_POINT('',(-0.0301122219135742,0.04556205233528,0.01));
#1730=CARTESIAN_POINT('',(-0.030463477030583,0.0458336490646867,0.01));
#1731=CARTESIAN_POINT('',(-0.0307213851915223,0.0460109187163038,0.01));
#1732=CARTESIAN_POINT('',(-0.0309708182568222,0.0461635817014385,0.01));
#1733=CARTESIAN_POINT('',(-0.0312035644765097,0.0462919334520253,0.01));
#1734=CARTESIAN_POINT('',(-0.0314245418465358,0.046403221445106,0.01));
#1735=CARTESIAN_POINT('',(-0.0317112557682649,0.04653553316149,0.01));
#1736=CARTESIAN_POINT('',(-0.0321769823286797,0.0467248700173168,0.01));
#1737=CARTESIAN_POINT('',(-0.0327726126329861,0.0469216341779852,0.01));
#1738=CARTESIAN_POINT('',(-0.0334184859747282,0.0471020803134697,0.01));
#1739=CARTESIAN_POINT('',(-0.0339941656713765,0.0472506930771216,0.01));
#1740=CARTESIAN_POINT('',(-0.0343347599336394,0.0473398401780332,0.01));
#1741=CARTESIAN_POINT('',(-0.0344903869267031,0.0473824570595491,0.01));
#1742=CARTESIAN_POINT('',(0.0240507617787901,0.015986003960191,0.01));
#1743=CARTESIAN_POINT('',(0.0225192663957031,0.0485298847552737,0.01));
#1744=CARTESIAN_POINT('',(0.0224296713503022,0.0485252774654553,0.01));
#1745=CARTESIAN_POINT('',(0.0222423852459964,0.0485129914887405,0.01));
#1746=CARTESIAN_POINT('',(0.0219904652883985,0.0484867568280455,0.01));
#1747=CARTESIAN_POINT('',(0.021776575005421,0.0484569536682504,0.01));
#1748=CARTESIAN_POINT('',(0.0216018810865776,0.0484278275391346,0.01));
#1749=CARTESIAN_POINT('',(0.021418991405553,0.0483916145150871,0.01));
#1750=CARTESIAN_POINT('',(0.0212183200627318,0.0483446924624421,0.01));
#1751=CARTESIAN_POINT('',(0.0210053284121614,0.0482857064934825,0.01));
#1752=CARTESIAN_POINT('',(0.0207766796265698,0.0482118937286002,0.01));
#1753=CARTESIAN_POINT('',(0.0205117728008679,0.0481103060560437,0.01));
#1754=CARTESIAN_POINT('',(0.0202353467157183,0.0479839505671168,0.01));
#1755=CARTESIAN_POINT('',(0.0199348293769095,0.0478211568690434,0.01));
#1756=CARTESIAN_POINT('',(0.0196147311867867,0.0476130506798904,0.01));
#1757=CARTESIAN_POINT('',(0.0192889596620821,0.0473566023476939,0.01));
#1758=CARTESIAN_POINT('',(0.0190248599625827,0.0471038169860104,0.01));
#1759=CARTESIAN_POINT('',(0.0188191956141936,0.0468732196362348,0.01));
#1760=CARTESIAN_POINT('',(0.0186190295057054,0.0466218256149644,0.01));
#1761=CARTESIAN_POINT('',(0.0184019365490995,0.0462968675469715,0.01));
#1762=CARTESIAN_POINT('',(0.0182175109292413,0.0459461780465784,0.01));
#1763=CARTESIAN_POINT('',(0.018089195712713,0.0456402171272592,0.01));
#1764=CARTESIAN_POINT('',(0.0179835874567336,0.0453407410107672,0.01));
#1765=CARTESIAN_POINT('',(0.0178873904898149,0.0449764049199493,0.01));
#1766=CARTESIAN_POINT('',(0.0178190987312974,0.0445453761199939,0.01));
#1767=CARTESIAN_POINT('',(0.0177948881874864,0.0441369419865618,0.01));
#1768=CARTESIAN_POINT('',(0.017805743095234,0.043765741969148,0.01));
#1769=CARTESIAN_POINT('',(0.0178412229825386,0.0434322120702229,0.01));
#1770=CARTESIAN_POINT('',(0.0178966959862235,0.0431223313103518,0.01));
#1771=CARTESIAN_POINT('',(0.0179630302664877,0.0428522191164157,0.01));
#1772=CARTESIAN_POINT('',(0.0180378225626835,0.0426059832393009,0.01));
#1773=CARTESIAN_POINT('',(0.018117363627794,0.0423849474666643,0.01));
#1774=CARTESIAN_POINT('',(0.0182225913236079,0.0421265889916815,0.01));
#1775=CARTESIAN_POINT('',(0.0183659664954063,0.0418262467338104,0.01));
#1776=CARTESIAN_POINT('',(0.0185071212639333,0.041575209778499,0.01));
#1777=CARTESIAN_POINT('',(0.0186119512239605,0.0414024123639779,0.01));
#1778=CARTESIAN_POINT('',(0.0187186936377259,0.0412344454295136,0.01));
#1779=CARTESIAN_POINT('',(0.018852042681959,0.0410380318065501,0.01));
#1780=CARTESIAN_POINT('',(0.0190607235380678,0.0407510135584038,0.01));
#1781=CARTESIAN_POINT('',(0.0193209915521032,0.0404212609637574,0.01));
#1782=CARTESIAN_POINT('',(0.0196341151480043,0.0400515667364005,0.01));
#1783=CARTESIAN_POINT('',(0.0199554087074989,0.0396896456204442,0.01));
#1784=CARTESIAN_POINT('',(0.0203959429973944,0.0392082232901879,0.01));
#1785=CARTESIAN_POINT('',(0.0209728932982043,0.0385937279428761,0.01));
#1786=CARTESIAN_POINT('',(0.0216995281537693,0.0378183446317647,0.01));
#1787=CARTESIAN_POINT('',(0.0224456587316662,0.0369995051952201,0.01));
#1788=CARTESIAN_POINT('',(0.023191290575967,0.0361389464084542,0.01));
#1789=CARTESIAN_POINT('',(0.0239151960734948,0.035241405557478,0.01));
#1790=CARTESIAN_POINT('',(0.0245947797560288,0.0343153403069174,0.01));
#1791=CARTESIAN_POINT('',(0.0252084843737895,0.0333706832576289,0.01));
#1792=CARTESIAN_POINT('',(0.0257391643080608,0.0324162840865693,0.01));
#1793=CARTESIAN_POINT('',(0.0261603259063103,0.0314823865346569,0.01));
#1794=CARTESIAN_POINT('',(0.0264915963922252,0.0305160050308834,0.01));
#1795=CARTESIAN_POINT('',(0.0267465195775406,0.0294778843919636,0.01));
#1796=CARTESIAN_POINT('',(0.0269229967328515,0.0283845401682018,0.01));
#1797=CARTESIAN_POINT('',(0.0270539983888117,0.0268721237611725,0.01));
#1798=CARTESIAN_POINT('',(0.0270261756778016,0.0249100856973828,0.01));
#1799=CARTESIAN_POINT('',(0.0267164466839071,0.0225639254510119,0.01));
#1800=CARTESIAN_POINT('',(0.0261786616446659,0.0203504740842582,0.01));
#1801=CARTESIAN_POINT('',(0.0254766618607995,0.0183971805736851,0.01));
#1802=CARTESIAN_POINT('',(0.024700068455175,0.0168456103174851,0.01));
#1803=CARTESIAN_POINT('',(0.0242244092878334,0.016187558051541,0.01));
#1804=CARTESIAN_POINT('',(0.0240507617787901,0.015986003960191,0.01));
#1805=CARTESIAN_POINT('',(0.0258982866954328,0.0581005950933902,0.014));
#1806=CARTESIAN_POINT('',(0.0357154506459107,0.0551153107009123,0.014));
#1807=CARTESIAN_POINT('',(0.0353849931312586,0.055303226620952,0.014));
#1808=CARTESIAN_POINT('',(0.0347255674900055,0.0556788204996379,0.014));
#1809=CARTESIAN_POINT('',(0.0337077879959444,0.0562538371055637,0.014));
#1810=CARTESIAN_POINT('',(0.0326690440832937,0.0568231891873502,0.014));
#1811=CARTESIAN_POINT('',(0.0316108179740379,0.0573723965548139,0.014));
#1812=CARTESIAN_POINT('',(0.0305309003836488,0.0578865183704488,0.014));
#1813=CARTESIAN_POINT('',(0.0294192818941786,0.058349986584935,0.014));
#1814=CARTESIAN_POINT('',(0.0282596142471306,0.05874256938407,0.014));
#1815=CARTESIAN_POINT('',(0.0272187813674355,0.0589875324850425,0.014));
#1816=CARTESIAN_POINT('',(0.0263247221330437,0.0591032525602908,0.014));
#1817=CARTESIAN_POINT('',(0.0257326683212225,0.0591331370888275,0.014));
#1818=CARTESIAN_POINT('',(0.0252270387275609,0.0591213742620574,0.014));
#1819=CARTESIAN_POINT('',(0.0248325792183599,0.0590913082768359,0.014));
#1820=CARTESIAN_POINT('',(0.0244064102315152,0.0590320318252841,0.014));
#1821=CARTESIAN_POINT('',(0.0239658430472941,0.0589389817907254,0.014));
#1822=CARTESIAN_POINT('',(0.0234842270368299,0.0587970987047559,0.014));
#1823=CARTESIAN_POINT('',(0.0229693011727991,0.0585889777491789,0.014));
#1824=CARTESIAN_POINT('',(0.0224419892194059,0.0583067099955308,0.014));
#1825=CARTESIAN_POINT('',(0.0219837446637808,0.0579821575180669,0.014));
#1826=CARTESIAN_POINT('',(0.0216291858289475,0.0576676508272229,0.014));
#1827=CARTESIAN_POINT('',(0.0212833543704246,0.0573109712401519,0.014));
#1828=CARTESIAN_POINT('',(0.0209723196147971,0.0569058270046027,0.014));
#1829=CARTESIAN_POINT('',(0.0207038867740447,0.0564471466537723,0.014));
#1830=CARTESIAN_POINT('',(0.0205351568493676,0.0560949830465111,0.014));
#1831=CARTESIAN_POINT('',(0.0203937010172127,0.0557254238627745,0.014));
#1832=CARTESIAN_POINT('',(0.0202497355569617,0.0552309531931814,0.014));
#1833=CARTESIAN_POINT('',(0.0201476344756822,0.0546213899751445,0.014));
#1834=CARTESIAN_POINT('',(0.0201324844546913,0.0539205972610056,0.014));
#1835=CARTESIAN_POINT('',(0.0201992448258299,0.0532882833752034,0.014));
#1836=CARTESIAN_POINT('',(0.0203209041879209,0.0527244974125953,0.014));
#1837=CARTESIAN_POINT('',(0.0204649046526701,0.0522538404340029,0.014));
#1838=CARTESIAN_POINT('',(0.0206771050270564,0.0516892112709198,0.014));
#1839=CARTESIAN_POINT('',(0.0209634308231769,0.0510760687252288,0.014));
#1840=CARTESIAN_POINT('',(0.0213307082246736,0.0504026328253055,0.014));
#1841=CARTESIAN_POINT('',(0.0217158100321167,0.0497622757975427,0.014));
#1842=CARTESIAN_POINT('',(0.0221145782029462,0.0491384903073737,0.014));
#1843=CARTESIAN_POINT('',(0.0223845384597986,0.0487313369392056,0.014));
#1844=CARTESIAN_POINT('',(0.0225192663957035,0.0485298847552737,0.014));
#1845=CARTESIAN_POINT('',(0.0357154506459106,0.0551153107009123,0.014));
#1846=CARTESIAN_POINT('',(0.0225192663957034,0.0485298847552738,0.014));
#1847=CARTESIAN_POINT('',(0.0225192663957031,0.0485298847552737,0.014));
#1848=CARTESIAN_POINT('',(0.0224296713503022,0.0485252774654553,0.014));
#1849=CARTESIAN_POINT('',(0.0222423852459964,0.0485129914887405,0.014));
#1850=CARTESIAN_POINT('',(0.0219904652883985,0.0484867568280455,0.014));
#1851=CARTESIAN_POINT('',(0.021776575005421,0.0484569536682504,0.014));
#1852=CARTESIAN_POINT('',(0.0216018810865776,0.0484278275391346,0.014));
#1853=CARTESIAN_POINT('',(0.021418991405553,0.0483916145150871,0.014));
#1854=CARTESIAN_POINT('',(0.0212183200627318,0.0483446924624421,0.014));
#1855=CARTESIAN_POINT('',(0.0210053284121614,0.0482857064934825,0.014));
#1856=CARTESIAN_POINT('',(0.0207766796265698,0.0482118937286002,0.014));
#1857=CARTESIAN_POINT('',(0.0205117728008679,0.0481103060560437,0.014));
#1858=CARTESIAN_POINT('',(0.0202353467157183,0.0479839505671168,0.014));
#1859=CARTESIAN_POINT('',(0.0199348293769095,0.0478211568690434,0.014));
#1860=CARTESIAN_POINT('',(0.0196147311867867,0.0476130506798904,0.014));
#1861=CARTESIAN_POINT('',(0.0192889596620821,0.0473566023476939,0.014));
#1862=CARTESIAN_POINT('',(0.0190248599625827,0.0471038169860104,0.014));
#1863=CARTESIAN_POINT('',(0.0188191956141936,0.0468732196362348,0.014));
#1864=CARTESIAN_POINT('',(0.0186190295057054,0.0466218256149644,0.014));
#1865=CARTESIAN_POINT('',(0.0184019365490995,0.0462968675469715,0.014));
#1866=CARTESIAN_POINT('',(0.0182175109292413,0.0459461780465784,0.014));
#1867=CARTESIAN_POINT('',(0.018089195712713,0.0456402171272592,0.014));
#1868=CARTESIAN_POINT('',(0.0179835874567336,0.0453407410107672,0.014));
#1869=CARTESIAN_POINT('',(0.0178873904898149,0.0449764049199493,0.014));
#1870=CARTESIAN_POINT('',(0.0178190987312974,0.0445453761199939,0.014));
#1871=CARTESIAN_POINT('',(0.0177948881874864,0.0441369419865618,0.014));
#1872=CARTESIAN_POINT('',(0.017805743095234,0.043765741969148,0.014));
#1873=CARTESIAN_POINT('',(0.0178412229825386,0.0434322120702229,0.014));
#1874=CARTESIAN_POINT('',(0.0178966959862235,0.0431223313103518,0.014));
#1875=CARTESIAN_POINT('',(0.0179630302664877,0.0428522191164157,0.014));
#1876=CARTESIAN_POINT('',(0.0180378225626835,0.0426059832393009,0.014));
#1877=CARTESIAN_POINT('',(0.018117363627794,0.0423849474666643,0.014));
#1878=CARTESIAN_POINT('',(0.0182225913236079,0.0421265889916815,0.014));
#1879=CARTESIAN_POINT('',(0.0183659664954063,0.0418262467338104,0.014));
#1880=CARTESIAN_POINT('',(0.0185071212639333,0.041575209778499,0.014));
#1881=CARTESIAN_POINT('',(0.0186119512239605,0.0414024123639779,0.014));
#1882=CARTESIAN_POINT('',(0.0187186936377259,0.0412344454295136,0.014));
#1883=CARTESIAN_POINT('',(0.018852042681959,0.0410380318065501,0.014));
#1884=CARTESIAN_POINT('',(0.0190607235380678,0.0407510135584038,0.014));
#1885=CARTESIAN_POINT('',(0.0193209915521032,0.0404212609637574,0.014));
#1886=CARTESIAN_POINT('',(0.0196341151480043,0.0400515667364005,0.014));
#1887=CARTESIAN_POINT('',(0.0199554087074989,0.0396896456204442,0.014));
#1888=CARTESIAN_POINT('',(0.0203959429973944,0.0392082232901879,0.014));
#1889=CARTESIAN_POINT('',(0.0209728932982043,0.0385937279428761,0.014));
#1890=CARTESIAN_POINT('',(0.0216995281537693,0.0378183446317647,0.014));
#1891=CARTESIAN_POINT('',(0.0224456587316662,0.0369995051952201,0.014));
#1892=CARTESIAN_POINT('',(0.023191290575967,0.0361389464084542,0.014));
#1893=CARTESIAN_POINT('',(0.0239151960734948,0.035241405557478,0.014));
#1894=CARTESIAN_POINT('',(0.0245947797560288,0.0343153403069174,0.014));
#1895=CARTESIAN_POINT('',(0.0252084843737895,0.0333706832576289,0.014));
#1896=CARTESIAN_POINT('',(0.0257391643080608,0.0324162840865693,0.014));
#1897=CARTESIAN_POINT('',(0.0261603259063103,0.0314823865346569,0.014));
#1898=CARTESIAN_POINT('',(0.0264915963922252,0.0305160050308834,0.014));
#1899=CARTESIAN_POINT('',(0.0267465195775406,0.0294778843919636,0.014));
#1900=CARTESIAN_POINT('',(0.0269229967328515,0.0283845401682018,0.014));
#1901=CARTESIAN_POINT('',(0.0270539983888117,0.0268721237611725,0.014));
#1902=CARTESIAN_POINT('',(0.0270261756778016,0.0249100856973828,0.014));
#1903=CARTESIAN_POINT('',(0.0267164466839071,0.0225639254510119,0.014));
#1904=CARTESIAN_POINT('',(0.0261786616446659,0.0203504740842582,0.014));
#1905=CARTESIAN_POINT('',(0.0254766618607995,0.0183971805736851,0.014));
#1906=CARTESIAN_POINT('',(0.024700068455175,0.0168456103174851,0.014));
#1907=CARTESIAN_POINT('',(0.0242244092878334,0.016187558051541,0.014));
#1908=CARTESIAN_POINT('',(0.0240507617787901,0.015986003960191,0.014));
#1909=CARTESIAN_POINT('',(0.0240507617787901,0.015986003960191,0.014));
#1910=CARTESIAN_POINT('',(0.02405076177879,0.015986003960191,0.014));
#1911=CARTESIAN_POINT('',(0.0239528589392131,0.0160132765530402,0.014));
#1912=CARTESIAN_POINT('',(0.0237204484625664,0.0160843774760702,0.014));
#1913=CARTESIAN_POINT('',(0.0231097591046615,0.0162974961559103,0.014));
#1914=CARTESIAN_POINT('',(0.0221157162594036,0.0166773878807813,0.014));
#1915=CARTESIAN_POINT('',(0.0208437367329287,0.0171444644642608,0.014));
#1916=CARTESIAN_POINT('',(0.0198159935942478,0.0174757919288667,0.014));
#1917=CARTESIAN_POINT('',(0.0191948659846559,0.0176593286828002,0.014));
#1918=CARTESIAN_POINT('',(0.0182462284167676,0.0179237474734469,0.014));
#1919=CARTESIAN_POINT('',(0.0167516193395731,0.018285021291772,0.014));
#1920=CARTESIAN_POINT('',(0.0146155230483807,0.0186987699152509,0.014));
#1921=CARTESIAN_POINT('',(0.0123477740782776,0.0190477415879431,0.014));
#1922=CARTESIAN_POINT('',(0.00917261325792992,0.0194265559874914,0.014));
#1923=CARTESIAN_POINT('',(0.00496528524692279,0.019735741015643,0.014));
#1924=CARTESIAN_POINT('',(-0.000299456921710134,0.0198257987270258,0.014));
#1925=CARTESIAN_POINT('',(-0.00472381391902214,0.0196466205215473,0.014));
#1926=CARTESIAN_POINT('',(-0.00820167328594039,0.0193351040369265,0.014));
#1927=CARTESIAN_POINT('',(-0.010758104627114,0.0190128818671076,0.014));
#1928=CARTESIAN_POINT('',(-0.0132448971076796,0.0185966032679267,0.014));
#1929=CARTESIAN_POINT('',(-0.0152462384264907,0.018162581037622,0.014));
#1930=CARTESIAN_POINT('',(-0.0167839411488226,0.0177641270208721,0.014));
#1931=CARTESIAN_POINT('',(-0.0182618571547274,0.0173398147926997,0.014));
#1932=CARTESIAN_POINT('',(-0.020004490391087,0.0167722595302418,0.014));
#1933=CARTESIAN_POINT('',(-0.0219327460842553,0.0160638609222343,0.014));
#1934=CARTESIAN_POINT('',(-0.0236984166055628,0.0153618244941214,0.014));
#1935=CARTESIAN_POINT('',(-0.0253016581660687,0.0146995567277184,0.014));
#1936=CARTESIAN_POINT('',(-0.0267379953071741,0.014110062882849,0.014));
#1937=CARTESIAN_POINT('',(-0.0280005124768127,0.0136237301159364,0.014));
#1938=CARTESIAN_POINT('',(-0.0288898474506582,0.0133276693551959,0.014));
#1939=CARTESIAN_POINT('',(-0.0294892642979458,0.0131642300470655,0.014));
#1940=CARTESIAN_POINT('',(-0.0298800327611791,0.0130775295649081,0.014));
#1941=CARTESIAN_POINT('',(-0.0302056724028983,0.0130250403144417,0.014));
#1942=CARTESIAN_POINT('',(-0.0304610250044586,0.0130023116008046,0.014));
#1943=CARTESIAN_POINT('',(-0.0306534155466311,0.0130008518137089,0.014));
#1944=CARTESIAN_POINT('',(-0.0308327891084934,0.0130142685124285,0.014));
#1945=CARTESIAN_POINT('',(-0.0310114201210543,0.0130427573289098,0.014));
#1946=CARTESIAN_POINT('',(-0.0312576075856851,0.0131026301369785,0.014));
#1947=CARTESIAN_POINT('',(-0.0316054696308658,0.0132285896328415,0.014));
#1948=CARTESIAN_POINT('',(-0.0321012906846966,0.0134844012321966,0.014));
#1949=CARTESIAN_POINT('',(-0.0326743220550615,0.0138596997298259,0.014));
#1950=CARTESIAN_POINT('',(-0.0332057790118803,0.014268078448197,0.014));
#1951=CARTESIAN_POINT('',(-0.0336618120405049,0.0146480741969845,0.014));
#1952=CARTESIAN_POINT('',(-0.0341266006741539,0.0150502116609932,0.014));
#1953=CARTESIAN_POINT('',(-0.0346798249238216,0.0155581265681905,0.014));
#1954=CARTESIAN_POINT('',(-0.0353013718395051,0.0161848840206062,0.014));
#1955=CARTESIAN_POINT('',(-0.0358845575036323,0.0168401506053104,0.014));
#1956=CARTESIAN_POINT('',(-0.0364308272551496,0.0175333409292714,0.014));
#1957=CARTESIAN_POINT('',(-0.0369419026779379,0.0182757193726719,0.014));
#1958=CARTESIAN_POINT('',(-0.0374216698983372,0.0190841222704867,0.014));
#1959=CARTESIAN_POINT('',(-0.0378688989216634,0.0199718227256851,0.014));
#1960=CARTESIAN_POINT('',(-0.038272320153116,0.0209346090507069,0.014));
#1961=CARTESIAN_POINT('',(-0.0387150748209517,0.0222722487101222,0.014));
#1962=CARTESIAN_POINT('',(-0.0389826673870496,0.023658997966019,0.014));
#1963=CARTESIAN_POINT('',(-0.0390270087578391,0.0250370020374436,0.014));
#1964=CARTESIAN_POINT('',(-0.0389403975130724,0.0260605971830321,0.014));
#1965=CARTESIAN_POINT('',(-0.0387593468010032,0.0269095842852165,0.014));
#1966=CARTESIAN_POINT('',(-0.0385400638884962,0.0275922293850021,0.014));
#1967=CARTESIAN_POINT('',(-0.038334993776079,0.0281081317341767,0.014));
#1968=CARTESIAN_POINT('',(-0.038086170581604,0.0286278689052359,0.014));
#1969=CARTESIAN_POINT('',(-0.0377882542635603,0.0291555940425262,0.014));
#1970=CARTESIAN_POINT('',(-0.0374168841771819,0.0297253235766242,0.014));
#1971=CARTESIAN_POINT('',(-0.0368303211382118,0.030531096829386,0.014));
#1972=CARTESIAN_POINT('',(-0.0359524168986598,0.0315933605552282,0.014));
#1973=CARTESIAN_POINT('',(-0.0347489851567381,0.0328969649062325,0.014));
#1974=CARTESIAN_POINT('',(-0.0334777195211525,0.0341930939978562,0.014));
#1975=CARTESIAN_POINT('',(-0.0324243229986703,0.0352499907313955,0.014));
#1976=CARTESIAN_POINT('',(-0.0316154601188497,0.0360836481386842,0.014));
#1977=CARTESIAN_POINT('',(-0.031030608571891,0.0367083128892308,0.014));
#1978=CARTESIAN_POINT('',(-0.0304735452056475,0.0373381517553423,0.014));
#1979=CARTESIAN_POINT('',(-0.029938080216512,0.0379998201683336,0.014));
#1980=CARTESIAN_POINT('',(-0.0295139250813456,0.0386009681290942,0.014));
#1981=CARTESIAN_POINT('',(-0.0291867339846977,0.0391500565035304,0.014));
#1982=CARTESIAN_POINT('',(-0.0289876514625641,0.0395405462474647,0.014));
#1983=CARTESIAN_POINT('',(-0.0288396395389186,0.0398815884318075,0.014));
#1984=CARTESIAN_POINT('',(-0.0287316196115705,0.0401655882383715,0.014));
#1985=CARTESIAN_POINT('',(-0.0286327725652294,0.0404753767657942,0.014));
#1986=CARTESIAN_POINT('',(-0.0285484765831606,0.0408053245922371,0.014));
#1987=CARTESIAN_POINT('',(-0.0284797485633508,0.041172069857904,0.014));
#1988=CARTESIAN_POINT('',(-0.0284210129569048,0.0417089373456323,0.014));
#1989=CARTESIAN_POINT('',(-0.0284273627479717,0.0423021291343888,0.014));
#1990=CARTESIAN_POINT('',(-0.0285216227201732,0.0428709869285424,0.014));
#1991=CARTESIAN_POINT('',(-0.0286028710520697,0.0431959536400557,0.014));
#1992=CARTESIAN_POINT('',(-0.0286783871127505,0.0434417825428641,0.014));
#1993=CARTESIAN_POINT('',(-0.0287700267729801,0.0436891407316801,0.014));
#1994=CARTESIAN_POINT('',(-0.0288711616610114,0.0439215978524831,0.014));
#1995=CARTESIAN_POINT('',(-0.0289824006528685,0.0441448248596106,0.014));
#1996=CARTESIAN_POINT('',(-0.0291465605393039,0.0444347613465389,0.014));
#1997=CARTESIAN_POINT('',(-0.0293671201889018,0.0447604561324015,0.014));
#1998=CARTESIAN_POINT('',(-0.0297305472530448,0.0452039400278767,0.014));
#1999=CARTESIAN_POINT('',(-0.0301122219135742,0.04556205233528,0.014));
#2000=CARTESIAN_POINT('',(-0.030463477030583,0.0458336490646867,0.014));
#2001=CARTESIAN_POINT('',(-0.0307213851915223,0.0460109187163038,0.014));
#2002=CARTESIAN_POINT('',(-0.0309708182568222,0.0461635817014385,0.014));
#2003=CARTESIAN_POINT('',(-0.0312035644765097,0.0462919334520253,0.014));
#2004=CARTESIAN_POINT('',(-0.0314245418465358,0.046403221445106,0.014));
#2005=CARTESIAN_POINT('',(-0.0317112557682649,0.04653553316149,0.014));
#2006=CARTESIAN_POINT('',(-0.0321769823286797,0.0467248700173168,0.014));
#2007=CARTESIAN_POINT('',(-0.0327726126329861,0.0469216341779852,0.014));
#2008=CARTESIAN_POINT('',(-0.0334184859747282,0.0471020803134697,0.014));
#2009=CARTESIAN_POINT('',(-0.0339941656713765,0.0472506930771216,0.014));
#2010=CARTESIAN_POINT('',(-0.0343347599336394,0.0473398401780332,0.014));
#2011=CARTESIAN_POINT('',(-0.0344903869267031,0.0473824570595491,0.014));
#2012=CARTESIAN_POINT('',(-0.0344903869267031,0.0473824570595491,0.014));
#2013=CARTESIAN_POINT('',(-0.034490386926703,0.0473824570595491,0.014));
#2014=CARTESIAN_POINT('',(-0.0344279223812518,0.0476413822770654,0.014));
#2015=CARTESIAN_POINT('',(-0.0342541967506767,0.0482491011336877,0.014));
#2016=CARTESIAN_POINT('',(-0.033874054781967,0.0493367907085003,0.014));
#2017=CARTESIAN_POINT('',(-0.0334088109034218,0.0505549904155008,0.014));
#2018=CARTESIAN_POINT('',(-0.0329113575447881,0.051840663974835,0.014));
#2019=CARTESIAN_POINT('',(-0.0324212411825849,0.053112518589787,0.014));
#2020=CARTESIAN_POINT('',(-0.031764813277117,0.0548137968259579,0.014));
#2021=CARTESIAN_POINT('',(-0.0312731537180854,0.056088524284433,0.014));
#2022=CARTESIAN_POINT('',(-0.0309452337076045,0.0569386161942282,0.014));
#2023=CARTESIAN_POINT('',(-0.0309452337076045,0.0569386161942282,0.014));
#2024=CARTESIAN_POINT('',(-0.0309452337076045,0.0569386161942282,0.014));
#2025=CARTESIAN_POINT('',(-0.0314530877730761,0.0568894991811891,0.014));
#2026=CARTESIAN_POINT('',(-0.0324686619262441,0.0567912857926229,0.014));
#2027=CARTESIAN_POINT('',(-0.0339928270226472,0.0566438418847015,0.014));
#2028=CARTESIAN_POINT('',(-0.0352606199919173,0.0565213331178942,0.014));
#2029=CARTESIAN_POINT('',(-0.0362800795005659,0.0564225212414791,0.014));
#2030=CARTESIAN_POINT('',(-0.0370342132718134,0.0563497752178095,0.014));
#2031=CARTESIAN_POINT('',(-0.0378038917962889,0.0562760234282506,0.014));
#2032=CARTESIAN_POINT('',(-0.0386174117741645,0.0561928255871798,0.014));
#2033=CARTESIAN_POINT('',(-0.0395001420388448,0.0560835773622132,0.014));
#2034=CARTESIAN_POINT('',(-0.0407504426646295,0.0558815104969461,0.014));
#2035=CARTESIAN_POINT('',(-0.0421055203383169,0.0555591869865386,0.014));
#2036=CARTESIAN_POINT('',(-0.0435276778583858,0.0550442937264115,0.014));
#2037=CARTESIAN_POINT('',(-0.0446102861613057,0.0545479872678149,0.014));
#2038=CARTESIAN_POINT('',(-0.0456927390758918,0.0539339534917101,0.014));
#2039=CARTESIAN_POINT('',(-0.0467681160230438,0.0531887478408389,0.014));
#2040=CARTESIAN_POINT('',(-0.0477925059678593,0.0523402653667514,0.014));
#2041=CARTESIAN_POINT('',(-0.0487685077825752,0.0514056313582069,0.014));
#2042=CARTESIAN_POINT('',(-0.0497012026623597,0.0503960566768217,0.014));
#2043=CARTESIAN_POINT('',(-0.05090283498237,0.0489509024571731,0.014));
#2044=CARTESIAN_POINT('',(-0.0523312427186956,0.0469742542531126,0.014));
#2045=CARTESIAN_POINT('',(-0.0539409042003911,0.0443664291706915,0.014));
#2046=CARTESIAN_POINT('',(-0.0554402532526521,0.0415638624883894,0.014));
#2047=CARTESIAN_POINT('',(-0.0568167734590995,0.0386106910296894,0.014));
#2048=CARTESIAN_POINT('',(-0.0580537863468534,0.035548758385713,0.014));
#2049=CARTESIAN_POINT('',(-0.0591297356024967,0.0324319387459149,0.014));
#2050=CARTESIAN_POINT('',(-0.0603288457682195,0.0282250462304558,0.014));
#2051=CARTESIAN_POINT('',(-0.0610995796934448,0.023912285731982,0.014));
#2052=CARTESIAN_POINT('',(-0.0612398105631129,0.019519390024596,0.014));
#2053=CARTESIAN_POINT('',(-0.060973536788526,0.0161991266773886,0.014));
#2054=CARTESIAN_POINT('',(-0.0602823530391438,0.0128816169733593,0.014));
#2055=CARTESIAN_POINT('',(-0.0593128681434985,0.0101500838272964,0.014));
#2056=CARTESIAN_POINT('',(-0.0582872348961405,0.00801023191990075,0.014));
#2057=CARTESIAN_POINT('',(-0.0573898986040789,0.00642932859707076,0.014));
#2058=CARTESIAN_POINT('',(-0.0563604325166021,0.00488204841769239,0.014));
#2059=CARTESIAN_POINT('',(-0.0552347283756972,0.00340009138245058,0.014));
#2060=CARTESIAN_POINT('',(-0.0540352943537204,0.00198047543898815,0.014));
#2061=CARTESIAN_POINT('',(-0.0523649970783626,0.000165542480873392,0.014));
#2062=CARTESIAN_POINT('',(-0.0501865172786798,-0.00196600442699995,0.014));
#2063=CARTESIAN_POINT('',(-0.0475794736067178,-0.00429592060157327,0.014));
#2064=CARTESIAN_POINT('',(-0.0451339697993872,-0.00637628443399556,0.014));
#2065=CARTESIAN_POINT('',(-0.0433698240443382,-0.00786925232129165,0.014));
#2066=CARTESIAN_POINT('',(-0.0422228956226231,-0.00888003508743012,0.014));
#2067=CARTESIAN_POINT('',(-0.0417580519322664,-0.00931246221214173,0.014));
#2068=CARTESIAN_POINT('',(-0.0415596380364766,-0.00950450301353639,0.014));
#2069=CARTESIAN_POINT('',(-0.0415596380364766,-0.00950450301353641,0.014));
#2070=CARTESIAN_POINT('',(-0.041559638036462,-0.00950450301353957,0.014));
#2071=CARTESIAN_POINT('',(-0.0416014056897656,-0.00966416224886954,0.014));
#2072=CARTESIAN_POINT('',(-0.0416779640220658,-0.00999597969447697,0.014));
#2073=CARTESIAN_POINT('',(-0.0417620503383406,-0.0104798680096112,0.014));
#2074=CARTESIAN_POINT('',(-0.0418239892815122,-0.0109557231851424,0.014));
#2075=CARTESIAN_POINT('',(-0.0418833421559345,-0.0115949667314588,0.014));
#2076=CARTESIAN_POINT('',(-0.0419201068302595,-0.012403648472025,0.014));
#2077=CARTESIAN_POINT('',(-0.0419169811772536,-0.0137466798866605,0.014));
#2078=CARTESIAN_POINT('',(-0.041813716712618,-0.0155337402609893,0.014));
#2079=CARTESIAN_POINT('',(-0.0415584495560226,-0.0178622756947549,0.014));
#2080=CARTESIAN_POINT('',(-0.0411872904945582,-0.0203439155016919,0.014));
#2081=CARTESIAN_POINT('',(-0.0407134801928808,-0.0229372679294175,0.014));
#2082=CARTESIAN_POINT('',(-0.040149156353051,-0.0255943446678184,0.014));
#2083=CARTESIAN_POINT('',(-0.0395058788909558,-0.0282641104513909,0.014));
#2084=CARTESIAN_POINT('',(-0.0387951076919996,-0.0308923699746423,0.014));
#2085=CARTESIAN_POINT('',(-0.0377676284724753,-0.0343032924609893,0.014));
#2086=CARTESIAN_POINT('',(-0.0363432290242627,-0.0383709737319903,0.014));
#2087=CARTESIAN_POINT('',(-0.0347586240965799,-0.0420924584443136,0.014));
#2088=CARTESIAN_POINT('',(-0.0334042986539262,-0.0448176366477055,0.014));
#2089=CARTESIAN_POINT('',(-0.0323433633528786,-0.0467275322870261,0.014));
#2090=CARTESIAN_POINT('',(-0.0312384835809652,-0.0484894258783417,0.014));
#2091=CARTESIAN_POINT('',(-0.0300697222593268,-0.0501121195998348,0.014));
#2092=CARTESIAN_POINT('',(-0.0287959181138423,-0.0516088871827585,0.014));
#2093=CARTESIAN_POINT('',(-0.0273926646269946,-0.0529705434350414,0.014));
#2094=CARTESIAN_POINT('',(-0.0258522008688595,-0.0541860688314579,0.014));
#2095=CARTESIAN_POINT('',(-0.0241795731042923,-0.0552499174948821,0.014));
#2096=CARTESIAN_POINT('',(-0.0223792818474546,-0.0561752923662406,0.014));
#2097=CARTESIAN_POINT('',(-0.019796101608222,-0.0572600038260181,0.014));
#2098=CARTESIAN_POINT('',(-0.0162175477558701,-0.0583772498549052,0.014));
#2099=CARTESIAN_POINT('',(-0.011445889405805,-0.059355355133484,0.014));
#2100=CARTESIAN_POINT('',(-0.00628837252359049,-0.0599579200615975,0.014));
#2101=CARTESIAN_POINT('',(-0.000848963083833814,-0.0601564740119494,0.014));
#2102=CARTESIAN_POINT('',(0.00474805377710554,-0.0599171016575724,0.014));
#2103=CARTESIAN_POINT('',(0.0103284414969419,-0.0592042854856689,0.014));
#2104=CARTESIAN_POINT('',(0.0148292188882604,-0.058175686247285,0.014));
#2105=CARTESIAN_POINT('',(0.0182597597745944,-0.0570565920684318,0.014));
#2106=CARTESIAN_POINT('',(0.0207273723277402,-0.0560564889350635,0.014));
#2107=CARTESIAN_POINT('',(0.0226817036231567,-0.0550749502845856,0.014));
#2108=CARTESIAN_POINT('',(0.0241658207152771,-0.054192904237873,0.014));
#2109=CARTESIAN_POINT('',(0.0255826867709235,-0.0532551081648587,0.014));
#2110=CARTESIAN_POINT('',(0.0272263837938465,-0.0519839971622417,0.014));
#2111=CARTESIAN_POINT('',(0.0295848794458183,-0.0497662737435028,0.014));
#2112=CARTESIAN_POINT('',(0.0320327627179256,-0.0467018336163017,0.014));
#2113=CARTESIAN_POINT('',(0.0338584286100992,-0.043384219376139,0.014));
#2114=CARTESIAN_POINT('',(0.034991811965127,-0.040657338831295,0.014));
#2115=CARTESIAN_POINT('',(0.035927909453957,-0.037869432206454,0.014));
#2116=CARTESIAN_POINT('',(0.0367432823328033,-0.0342668022971355,0.014));
#2117=CARTESIAN_POINT('',(0.0371363835624764,-0.030488464999496,0.014));
#2118=CARTESIAN_POINT('',(0.0372363715662353,-0.027337308518836,0.014));
#2119=CARTESIAN_POINT('',(0.0372136927485193,-0.0249013322489179,0.014));
#2120=CARTESIAN_POINT('',(0.0371006303616042,-0.0223744613606701,0.014));
#2121=CARTESIAN_POINT('',(0.0369105319813564,-0.0197834071568641,0.014));
#2122=CARTESIAN_POINT('',(0.0366642795773011,-0.0171982328959509,0.014));
#2123=CARTESIAN_POINT('',(0.0362863139238453,-0.0138479367397213,0.014));
#2124=CARTESIAN_POINT('',(0.0358717945301602,-0.0107833684331417,0.014));
#2125=CARTESIAN_POINT('',(0.0354945514567327,-0.00828665979426573,0.014));
#2126=CARTESIAN_POINT('',(0.035331015702607,-0.00727799380348508,0.014));
#2127=CARTESIAN_POINT('',(0.0352580821107617,-0.00684194096031483,0.014));
#2128=CARTESIAN_POINT('',(0.0352580821107617,-0.00684194096031484,0.014));
#2129=CARTESIAN_POINT('',(0.0352580821107618,-0.00684194096031487,0.014));
#2130=CARTESIAN_POINT('',(0.0355695796134245,-0.00654834115350994,0.014));
#2131=CARTESIAN_POINT('',(0.0363527829849283,-0.00583537424591436,0.014));
#2132=CARTESIAN_POINT('',(0.037830223490323,-0.00448611961514456,0.014));
#2133=CARTESIAN_POINT('',(0.0394897359728689,-0.00288347790012765,0.014));
#2134=CARTESIAN_POINT('',(0.0409348690532869,-0.00134533877492495,0.014));
#2135=CARTESIAN_POINT('',(0.0420791705820209,1.17698700117175E-5,0.014));
#2136=CARTESIAN_POINT('',(0.0431909093271105,0.00144795804560386,0.014));
#2137=CARTESIAN_POINT('',(0.0444631270142834,0.0033221367200584,0.014));
#2138=CARTESIAN_POINT('',(0.0458211809618415,0.00568304346885582,0.014));
#2139=CARTESIAN_POINT('',(0.0470087004082228,0.00812600023542566,0.014));
#2140=CARTESIAN_POINT('',(0.0480271045451644,0.0106263686035112,0.014));
#2141=CARTESIAN_POINT('',(0.0488749168137102,0.0131601601036994,0.014));
#2142=CARTESIAN_POINT('',(0.049549002780593,0.0157031765469147,0.014));
#2143=CARTESIAN_POINT('',(0.0500458092813308,0.0182334625593273,0.014));
#2144=CARTESIAN_POINT('',(0.0503572389976691,0.0207340063836421,0.014));
#2145=CARTESIAN_POINT('',(0.0504786584972278,0.0231559229879882,0.014));
#2146=CARTESIAN_POINT('',(0.0504315764276119,0.0254904658680408,0.014));
#2147=CARTESIAN_POINT('',(0.0502368662281265,0.0277356702121936,0.014));
#2148=CARTESIAN_POINT('',(0.0499163618760438,0.0298897145630079,0.014));
#2149=CARTESIAN_POINT('',(0.0494922907004897,0.031950698251332,0.014));
#2150=CARTESIAN_POINT('',(0.0489895676972589,0.0339147491451272,0.014));
#2151=CARTESIAN_POINT('',(0.0484281846724334,0.0357959284845714,0.014));
#2152=CARTESIAN_POINT('',(0.0477999046561577,0.0376354691766454,0.014));
#2153=CARTESIAN_POINT('',(0.0470904035934994,0.039443137135339,0.014));
#2154=CARTESIAN_POINT('',(0.0462929213719765,0.041213091680078,0.014));
#2155=CARTESIAN_POINT('',(0.0453988760096465,0.0429472101570148,0.014));
#2156=CARTESIAN_POINT('',(0.0444007498272703,0.0446464460852734,0.014));
#2157=CARTESIAN_POINT('',(0.0432917917324328,0.046305880268548,0.014));
#2158=CARTESIAN_POINT('',(0.0421094407375368,0.0478919831805322,0.014));
#2159=CARTESIAN_POINT('',(0.0404599730645043,0.0499289010973002,0.014));
#2160=CARTESIAN_POINT('',(0.0387356539992446,0.0518674654415616,0.014));
#2161=CARTESIAN_POINT('',(0.0370009922013881,0.053740778578663,0.014));
#2162=CARTESIAN_POINT('',(0.0361433253868474,0.0546573737557583,0.014));
#2163=CARTESIAN_POINT('',(0.0357154506459106,0.0551153107009123,0.014));
#2164=CARTESIAN_POINT('',(0.0357154506459107,0.0551153107009123,0.014));
#2165=CARTESIAN_POINT('',(0.0357154506459107,0.0551153107009123,0.01));
#2166=CARTESIAN_POINT('',(0.0350545356166066,0.0554911425409917,0.014));
#2167=CARTESIAN_POINT('',(0.0350545356166066,0.0554911425409917,0.01));
#2168=CARTESIAN_POINT('',(0.0337211266178217,0.0562542694876737,0.014));
#2169=CARTESIAN_POINT('',(0.0337211266178217,0.0562542694876737,0.01));
#2170=CARTESIAN_POINT('',(0.0319702019111297,0.0572012958236935,0.014));
#2171=CARTESIAN_POINT('',(0.0319702019111297,0.0572012958236935,0.01));
#2172=CARTESIAN_POINT('',(0.0305310194179494,0.0578864605083442,0.014));
#2173=CARTESIAN_POINT('',(0.0305310194179494,0.0578864605083442,0.01));
#2174=CARTESIAN_POINT('',(0.0294192174431795,0.0583500275933112,0.014));
#2175=CARTESIAN_POINT('',(0.0294192174431795,0.0583500275933112,0.01));
#2176=CARTESIAN_POINT('',(0.0282597530168265,0.0587424632126698,0.014));
#2177=CARTESIAN_POINT('',(0.0282597530168265,0.0587424632126698,0.01));
#2178=CARTESIAN_POINT('',(0.027010124163712,0.0590369087824618,0.014));
#2179=CARTESIAN_POINT('',(0.027010124163712,0.0590369087824618,0.01));
#2180=CARTESIAN_POINT('',(0.0256406532160331,0.0591685514778459,0.014));
#2181=CARTESIAN_POINT('',(0.0256406532160331,0.0591685514778459,0.01));
#2182=CARTESIAN_POINT('',(0.0243141382334186,0.0590716155581118,0.014));
#2183=CARTESIAN_POINT('',(0.0243141382334186,0.0590716155581118,0.01));
#2184=CARTESIAN_POINT('',(0.0229834252654006,0.0586299105463004,0.014));
#2185=CARTESIAN_POINT('',(0.0229834252654006,0.0586299105463004,0.01));
#2186=CARTESIAN_POINT('',(0.0218882598944156,0.0579788882066416,0.014));
#2187=CARTESIAN_POINT('',(0.0218882598944156,0.0579788882066416,0.01));
#2188=CARTESIAN_POINT('',(0.0208401832922054,0.056848289344832,0.014));
#2189=CARTESIAN_POINT('',(0.0208401832922054,0.056848289344832,0.01));
#2190=CARTESIAN_POINT('',(0.0202035763218545,0.0553481278577602,0.014));
#2191=CARTESIAN_POINT('',(0.0202035763218545,0.0553481278577602,0.01));
#2192=CARTESIAN_POINT('',(0.0200910152501371,0.053890034435187,0.014));
#2193=CARTESIAN_POINT('',(0.0200910152501371,0.053890034435187,0.01));
#2194=CARTESIAN_POINT('',(0.0203091797978745,0.052683796795862,0.014));
#2195=CARTESIAN_POINT('',(0.0203091797978745,0.052683796795862,0.01));
#2196=CARTESIAN_POINT('',(0.0206200317885486,0.0518148918409525,0.014));
#2197=CARTESIAN_POINT('',(0.0206200317885486,0.0518148918409525,0.01));
#2198=CARTESIAN_POINT('',(0.0210779264437444,0.0508295757513312,0.014));
#2199=CARTESIAN_POINT('',(0.0210779264437444,0.0508295757513312,0.01));
#2200=CARTESIAN_POINT('',(0.0217091815265918,0.0497562277989534,0.014));
#2201=CARTESIAN_POINT('',(0.0217091815265918,0.0497562277989534,0.01));
#2202=CARTESIAN_POINT('',(0.0222498105238937,0.0489327891231375,0.014));
#2203=CARTESIAN_POINT('',(0.0222498105238937,0.0489327891231375,0.01));
#2204=CARTESIAN_POINT('',(0.0225192663957035,0.0485298847552737,0.014));
#2205=CARTESIAN_POINT('',(0.0225192663957035,0.0485298847552737,0.01));
#2206=CARTESIAN_POINT('',(0.0225192663957034,0.0485298847552738,0.014));
#2207=CARTESIAN_POINT('',(0.0357154506459106,0.0551153107009123,0.014));
#2208=CARTESIAN_POINT('',(0.0225192663957031,0.0485298847552737,0.014));
#2209=CARTESIAN_POINT('',(0.0225192663957031,0.0485298847552737,0.01));
#2210=CARTESIAN_POINT('',(0.0223400763049014,0.0485206701756369,0.014));
#2211=CARTESIAN_POINT('',(0.0223400763049014,0.0485206701756369,0.01));
#2212=CARTESIAN_POINT('',(0.0219557457999567,0.0484910110100237,0.014));
#2213=CARTESIAN_POINT('',(0.0219557457999567,0.0484910110100237,0.01));
#2214=CARTESIAN_POINT('',(0.0212605543902746,0.0483718847144224,0.014));
#2215=CARTESIAN_POINT('',(0.0212605543902746,0.0483718847144224,0.01));
#2216=CARTESIAN_POINT('',(0.0202996367075859,0.0480775409906246,0.014));
#2217=CARTESIAN_POINT('',(0.0202996367075859,0.0480775409906246,0.01));
#2218=CARTESIAN_POINT('',(0.0191573459679573,0.0473339372622984,0.014));
#2219=CARTESIAN_POINT('',(0.0191573459679573,0.0473339372622984,0.01));
#2220=CARTESIAN_POINT('',(0.0183785853954182,0.04631481541033,0.014));
#2221=CARTESIAN_POINT('',(0.0183785853954182,0.04631481541033,0.01));
#2222=CARTESIAN_POINT('',(0.0178389017911248,0.0451109403596516,0.014));
#2223=CARTESIAN_POINT('',(0.0178389017911248,0.0451109403596516,0.01));
#2224=CARTESIAN_POINT('',(0.0177426130667681,0.0436716193646337,0.014));
#2225=CARTESIAN_POINT('',(0.0177426130667681,0.0436716193646337,0.01));
#2226=CARTESIAN_POINT('',(0.0180304717478925,0.0425468399161857,0.014));
#2227=CARTESIAN_POINT('',(0.0180304717478925,0.0425468399161857,0.01));
#2228=CARTESIAN_POINT('',(0.0183671840866778,0.0418021205109065,0.014));
#2229=CARTESIAN_POINT('',(0.0183671840866778,0.0418021205109065,0.01));
#2230=CARTESIAN_POINT('',(0.0186939263939085,0.0412613248061224,0.014));
#2231=CARTESIAN_POINT('',(0.0186939263939085,0.0412613248061224,0.01));
#2232=CARTESIAN_POINT('',(0.0191141938076387,0.0406683867465305,0.014));
#2233=CARTESIAN_POINT('',(0.0191141938076387,0.0406683867465305,0.01));
#2234=CARTESIAN_POINT('',(0.0196303405662184,0.0400484372727546,0.014));
#2235=CARTESIAN_POINT('',(0.0196303405662184,0.0400484372727546,0.01));
#2236=CARTESIAN_POINT('',(0.0202805341308229,0.0393310477974997,0.014));
#2237=CARTESIAN_POINT('',(0.0202805341308229,0.0393310477974997,0.01));
#2238=CARTESIAN_POINT('',(0.0209728924353898,0.0385937577999614,0.014));
#2239=CARTESIAN_POINT('',(0.0209728924353898,0.0385937577999614,0.01));
#2240=CARTESIAN_POINT('',(0.021699550411437,0.0378182997655739,0.014));
#2241=CARTESIAN_POINT('',(0.021699550411437,0.0378182997655739,0.01));
#2242=CARTESIAN_POINT('',(0.0226942439479343,0.0367267731486724,0.014));
#2243=CARTESIAN_POINT('',(0.0226942439479343,0.0367267731486724,0.01));
#2244=CARTESIAN_POINT('',(0.02393768655241,0.0352558223868271,0.014));
#2245=CARTESIAN_POINT('',(0.02393768655241,0.0352558223868271,0.01));
#2246=CARTESIAN_POINT('',(0.0250317419164817,0.0336890171452491,0.014));
#2247=CARTESIAN_POINT('',(0.0250317419164817,0.0336890171452491,0.01));
#2248=CARTESIAN_POINT('',(0.0257392680194748,0.0324157833731871,0.014));
#2249=CARTESIAN_POINT('',(0.0257392680194748,0.0324157833731871,0.01));
#2250=CARTESIAN_POINT('',(0.026299939983127,0.0311738908003787,0.014));
#2251=CARTESIAN_POINT('',(0.026299939983127,0.0311738908003787,0.01));
#2252=CARTESIAN_POINT('',(0.0267843608683011,0.0295106540708562,0.014));
#2253=CARTESIAN_POINT('',(0.0267843608683011,0.0295106540708562,0.01));
#2254=CARTESIAN_POINT('',(0.0270601721559428,0.0272629283372308,0.014));
#2255=CARTESIAN_POINT('',(0.0270601721559428,0.0272629283372308,0.01));
#2256=CARTESIAN_POINT('',(0.0270258084444737,0.0249103927357981,0.014));
#2257=CARTESIAN_POINT('',(0.0270258084444737,0.0249103927357981,0.01));
#2258=CARTESIAN_POINT('',(0.0266144723748948,0.0217822695334666,0.014));
#2259=CARTESIAN_POINT('',(0.0266144723748948,0.0217822695334666,0.01));
#2260=CARTESIAN_POINT('',(0.0257367077140339,0.0189150654939181,0.014));
#2261=CARTESIAN_POINT('',(0.0257367077140339,0.0189150654939181,0.01));
#2262=CARTESIAN_POINT('',(0.0246998321782363,0.0168454713505185,0.014));
#2263=CARTESIAN_POINT('',(0.0246998321782363,0.0168454713505185,0.01));
#2264=CARTESIAN_POINT('',(0.0242244092878333,0.016187558051541,0.014));
#2265=CARTESIAN_POINT('',(0.0242244092878333,0.016187558051541,0.01));
#2266=CARTESIAN_POINT('',(0.0240507617787901,0.015986003960191,0.014));
#2267=CARTESIAN_POINT('',(0.0240507617787901,0.015986003960191,0.01));
#2268=CARTESIAN_POINT('',(0.0240507617787901,0.015986003960191,0.014));
#2269=CARTESIAN_POINT('',(0.02405076177879,0.015986003960191,0.014));
#2270=CARTESIAN_POINT('',(0.02405076177879,0.015986003960191,0.01));
#2271=CARTESIAN_POINT('',(0.0236591504204826,0.0160950943315876,0.014));
#2272=CARTESIAN_POINT('',(0.0236591504204826,0.0160950943315876,0.01));
#2273=CARTESIAN_POINT('',(0.022621687228546,0.0164881280395098,0.014));
#2274=CARTESIAN_POINT('',(0.022621687228546,0.0164881280395098,0.01));
#2275=CARTESIAN_POINT('',(0.0205911912484096,0.0172392297144635,0.014));
#2276=CARTESIAN_POINT('',(0.0205911912484096,0.0172392297144635,0.01));
#2277=CARTESIAN_POINT('',(0.018127278659709,0.0179928617687387,0.014));
#2278=CARTESIAN_POINT('',(0.018127278659709,0.0179928617687387,0.01));
#2279=CARTESIAN_POINT('',(0.01468285958946,0.0187293818916732,0.014));
#2280=CARTESIAN_POINT('',(0.01468285958946,0.0187293818916732,0.01));
#2281=CARTESIAN_POINT('',(0.00845755984321275,0.0195765490092746,0.014));
#2282=CARTESIAN_POINT('',(0.00845755984321275,0.0195765490092746,0.01));
#2283=CARTESIAN_POINT('',(0.00147178270741437,0.01989739164261,0.014));
#2284=CARTESIAN_POINT('',(0.00147178270741437,0.01989739164261,0.01));
#2285=CARTESIAN_POINT('',(-0.00561062357797954,0.0196102877752128,0.014));
#2286=CARTESIAN_POINT('',(-0.00561062357797954,0.0196102877752128,0.01));
#2287=CARTESIAN_POINT('',(-0.0107875462731917,0.0190615946656219,0.014));
#2288=CARTESIAN_POINT('',(-0.0107875462731917,0.0190615946656219,0.01));
#2289=CARTESIAN_POINT('',(-0.0157181802313306,0.0181265683355832,0.014));
#2290=CARTESIAN_POINT('',(-0.0157181802313306,0.0181265683355832,0.01));
#2291=CARTESIAN_POINT('',(-0.0200920322775694,0.0167843190763994,0.014));
#2292=CARTESIAN_POINT('',(-0.0200920322775694,0.0167843190763994,0.01));
#2293=CARTESIAN_POINT('',(-0.0237777288144511,0.0153423802472116,0.014));
#2294=CARTESIAN_POINT('',(-0.0237777288144511,0.0153423802472116,0.01));
#2295=CARTESIAN_POINT('',(-0.0268251231372014,0.0140568755611921,0.014));
#2296=CARTESIAN_POINT('',(-0.0268251231372014,0.0140568755611921,0.01));
#2297=CARTESIAN_POINT('',(-0.0287841292798015,0.0133375258294243,0.014));
#2298=CARTESIAN_POINT('',(-0.0287841292798015,0.0133375258294243,0.01));
#2299=CARTESIAN_POINT('',(-0.0299146348734099,0.0130598593044034,0.014));
#2300=CARTESIAN_POINT('',(-0.0299146348734099,0.0130598593044034,0.01));
#2301=CARTESIAN_POINT('',(-0.0304897725737173,0.0129918422053573,0.014));
#2302=CARTESIAN_POINT('',(-0.0304897725737173,0.0129918422053573,0.01));
#2303=CARTESIAN_POINT('',(-0.0308294627990851,0.0130079104055366,0.014));
#2304=CARTESIAN_POINT('',(-0.0308294627990851,0.0130079104055366,0.01));
#2305=CARTESIAN_POINT('',(-0.0313080035091068,0.0131002956845934,0.014));
#2306=CARTESIAN_POINT('',(-0.0313080035091068,0.0131002956845934,0.01));
#2307=CARTESIAN_POINT('',(-0.0320616929299167,0.0134238343211741,0.014));
#2308=CARTESIAN_POINT('',(-0.0320616929299167,0.0134238343211741,0.01));
#2309=CARTESIAN_POINT('',(-0.0330777130550712,0.0141497799280958,0.014));
#2310=CARTESIAN_POINT('',(-0.0330777130550712,0.0141497799280958,0.01));
#2311=CARTESIAN_POINT('',(-0.0340148565877904,0.014948184614897,0.014));
#2312=CARTESIAN_POINT('',(-0.0340148565877904,0.014948184614897,0.01));
#2313=CARTESIAN_POINT('',(-0.0349015693881767,0.015761327050283,0.014));
#2314=CARTESIAN_POINT('',(-0.0349015693881767,0.015761327050283,0.01));
#2315=CARTESIAN_POINT('',(-0.0359031609649872,0.0168221809052725,0.014));
#2316=CARTESIAN_POINT('',(-0.0359031609649872,0.0168221809052725,0.01));
#2317=CARTESIAN_POINT('',(-0.0369565341764206,0.018240947470744,0.014));
#2318=CARTESIAN_POINT('',(-0.0369565341764206,0.018240947470744,0.01));
#2319=CARTESIAN_POINT('',(-0.0378908101945685,0.0199343699021975,0.014));
#2320=CARTESIAN_POINT('',(-0.0378908101945685,0.0199343699021975,0.01));
#2321=CARTESIAN_POINT('',(-0.038649810783412,0.0219275951443996,0.014));
#2322=CARTESIAN_POINT('',(-0.038649810783412,0.0219275951443996,0.01));
#2323=CARTESIAN_POINT('',(-0.0390486825448711,0.0240068370900554,0.014));
#2324=CARTESIAN_POINT('',(-0.0390486825448711,0.0240068370900554,0.01));
#2325=CARTESIAN_POINT('',(-0.0390063498179311,0.0260616778063935,0.014));
#2326=CARTESIAN_POINT('',(-0.0390063498179311,0.0260616778063935,0.01));
#2327=CARTESIAN_POINT('',(-0.0385324363464241,0.0277646331007289,0.014));
#2328=CARTESIAN_POINT('',(-0.0385324363464241,0.0277646331007289,0.01));
#2329=CARTESIAN_POINT('',(-0.0378234494000586,0.0291376374708816,0.014));
#2330=CARTESIAN_POINT('',(-0.0378234494000586,0.0291376374708816,0.01));
#2331=CARTESIAN_POINT('',(-0.0370070846029599,0.0303171345751714,0.014));
#2332=CARTESIAN_POINT('',(-0.0370070846029599,0.0303171345751714,0.01));
#2333=CARTESIAN_POINT('',(-0.0359521033994918,0.0315937641895623,0.014));
#2334=CARTESIAN_POINT('',(-0.0359521033994918,0.0315937641895623,0.01));
#2335=CARTESIAN_POINT('',(-0.0347490565365726,0.0328968598779423,0.014));
#2336=CARTESIAN_POINT('',(-0.0347490565365726,0.0328968598779423,0.01));
#2337=CARTESIAN_POINT('',(-0.0334777475009829,0.0341931104766829,0.014));
#2338=CARTESIAN_POINT('',(-0.0334777475009829,0.0341931104766829,0.01));
#2339=CARTESIAN_POINT('',(-0.0322134603950177,0.0354614091910867,0.014));
#2340=CARTESIAN_POINT('',(-0.0322134603950177,0.0354614091910867,0.01));
#2341=CARTESIAN_POINT('',(-0.0310179817603196,0.0367057532685052,0.014));
#2342=CARTESIAN_POINT('',(-0.0310179817603196,0.0367057532685052,0.01));
#2343=CARTESIAN_POINT('',(-0.0301080404398572,0.0377598165329526,0.014));
#2344=CARTESIAN_POINT('',(-0.0301080404398572,0.0377598165329526,0.01));
#2345=CARTESIAN_POINT('',(-0.0294294109191971,0.0387204946619458,0.014));
#2346=CARTESIAN_POINT('',(-0.0294294109191971,0.0387204946619458,0.01));
#2347=CARTESIAN_POINT('',(-0.0289428036123635,0.0395815616261499,0.014));
#2348=CARTESIAN_POINT('',(-0.0289428036123635,0.0395815616261499,0.01));
#2349=CARTESIAN_POINT('',(-0.0285088925682962,0.0407224247893544,0.014));
#2350=CARTESIAN_POINT('',(-0.0285088925682962,0.0407224247893544,0.01));
#2351=CARTESIAN_POINT('',(-0.0283581934077775,0.0421183076391259,0.014));
#2352=CARTESIAN_POINT('',(-0.0283581934077775,0.0421183076391259,0.01));
#2353=CARTESIAN_POINT('',(-0.0286416998310056,0.0434507739409989,0.014));
#2354=CARTESIAN_POINT('',(-0.0286416998310056,0.0434507739409989,0.01));
#2355=CARTESIAN_POINT('',(-0.029240202640924,0.044713348105802,0.014));
#2356=CARTESIAN_POINT('',(-0.029240202640924,0.044713348105802,0.01));
#2357=CARTESIAN_POINT('',(-0.0302278453836372,0.0457234298920941,0.014));
#2358=CARTESIAN_POINT('',(-0.0302278453836372,0.0457234298920941,0.01));
#2359=CARTESIAN_POINT('',(-0.0312309487582684,0.0463313999998719,0.014));
#2360=CARTESIAN_POINT('',(-0.0312309487582684,0.0463313999998719,0.01));
#2361=CARTESIAN_POINT('',(-0.0320579775926866,0.046685507063064,0.014));
#2362=CARTESIAN_POINT('',(-0.0320579775926866,0.046685507063064,0.01));
#2363=CARTESIAN_POINT('',(-0.0327727691124091,0.0469217275598647,0.014));
#2364=CARTESIAN_POINT('',(-0.0327727691124091,0.0469217275598647,0.01));
#2365=CARTESIAN_POINT('',(-0.033632728605422,0.0471617133574734,0.014));
#2366=CARTESIAN_POINT('',(-0.033632728605422,0.0471617133574734,0.01));
#2367=CARTESIAN_POINT('',(-0.0341791329405758,0.0472972232965173,0.014));
#2368=CARTESIAN_POINT('',(-0.0341791329405758,0.0472972232965173,0.01));
#2369=CARTESIAN_POINT('',(-0.0344903869267031,0.0473824570595491,0.014));
#2370=CARTESIAN_POINT('',(-0.0344903869267031,0.0473824570595491,0.01));
#2371=CARTESIAN_POINT('',(-0.0344903869267031,0.0473824570595491,0.014));
#2372=CARTESIAN_POINT('',(-0.034490386926703,0.0473824570595491,0.014));
#2373=CARTESIAN_POINT('',(-0.034490386926703,0.0473824570595491,0.01));
#2374=CARTESIAN_POINT('',(-0.0342405287448982,0.0484181579296142,0.014));
#2375=CARTESIAN_POINT('',(-0.0342405287448982,0.0484181579296142,0.01));
#2376=CARTESIAN_POINT('',(-0.0329043595183208,0.0518484264827498,0.014));
#2377=CARTESIAN_POINT('',(-0.0329043595183208,0.0518484264827498,0.00999999999999999));
#2378=CARTESIAN_POINT('',(-0.0316010737285663,0.0552384323746377,0.014));
#2379=CARTESIAN_POINT('',(-0.0316010737285663,0.0552384323746377,0.01));
#2380=CARTESIAN_POINT('',(-0.0309452337076045,0.0569386161942282,0.014));
#2381=CARTESIAN_POINT('',(-0.0309452337076045,0.0569386161942282,0.01));
#2382=CARTESIAN_POINT('',(-0.0309452337076045,0.0569386161942282,0.014));
#2383=CARTESIAN_POINT('',(-0.0309452337076045,0.0569386161942282,0.014));
#2384=CARTESIAN_POINT('',(-0.0309452337076045,0.0569386161942282,0.01));
#2385=CARTESIAN_POINT('',(-0.0319609418385477,0.05684038216815,0.014));
#2386=CARTESIAN_POINT('',(-0.0319609418385477,0.05684038216815,0.01));
#2387=CARTESIAN_POINT('',(-0.0334829817010602,0.0566930101844555,0.014));
#2388=CARTESIAN_POINT('',(-0.0334829817010602,0.0566930101844555,0.01));
#2389=CARTESIAN_POINT('',(-0.0355184575200193,0.056496597984505,0.014));
#2390=CARTESIAN_POINT('',(-0.0355184575200193,0.056496597984505,0.01));
#2391=CARTESIAN_POINT('',(-0.0370298410452161,0.05634907938877,0.014));
#2392=CARTESIAN_POINT('',(-0.0370298410452161,0.05634907938877,0.01));
#2393=CARTESIAN_POINT('',(-0.0385830026832247,0.0562047300013825,0.014));
#2394=CARTESIAN_POINT('',(-0.0385830026832247,0.0562047300013825,0.01));
#2395=CARTESIAN_POINT('',(-0.0410214379771608,0.0558822949927162,0.014));
#2396=CARTESIAN_POINT('',(-0.0410214379771608,0.0558822949927162,0.01));
#2397=CARTESIAN_POINT('',(-0.043877110573078,0.0550690849594706,0.014));
#2398=CARTESIAN_POINT('',(-0.043877110573078,0.0550690849594706,0.01));
#2399=CARTESIAN_POINT('',(-0.0467904777925735,0.053243625717438,0.014));
#2400=CARTESIAN_POINT('',(-0.0467904777925735,0.053243625717438,0.01));
#2401=CARTESIAN_POINT('',(-0.0487903455876806,0.0514419872031026,0.014));
#2402=CARTESIAN_POINT('',(-0.0487903455876806,0.0514419872031026,0.01));
#2403=CARTESIAN_POINT('',(-0.0506158796172238,0.0493472729465524,0.014));
#2404=CARTESIAN_POINT('',(-0.0506158796172238,0.0493472729465524,0.01));
#2405=CARTESIAN_POINT('',(-0.0529030325171302,0.0461828888996818,0.014));
#2406=CARTESIAN_POINT('',(-0.0529030325171302,0.0461828888996818,0.01));
#2407=CARTESIAN_POINT('',(-0.0555008805354049,0.0416418308729199,0.014));
#2408=CARTESIAN_POINT('',(-0.0555008805354049,0.0416418308729199,0.01));
#2409=CARTESIAN_POINT('',(-0.0581317056150042,0.0355741461572246,0.014));
#2410=CARTESIAN_POINT('',(-0.0581317056150042,0.0355741461572246,0.01));
#2411=CARTESIAN_POINT('',(-0.060133951453588,0.0292992478166383,0.014));
#2412=CARTESIAN_POINT('',(-0.060133951453588,0.0292992478166383,0.01));
#2413=CARTESIAN_POINT('',(-0.0612927098111277,0.0228365447406385,0.014));
#2414=CARTESIAN_POINT('',(-0.0612927098111277,0.0228365447406385,0.01));
#2415=CARTESIAN_POINT('',(-0.0611877822392933,0.016198876447165,0.014));
#2416=CARTESIAN_POINT('',(-0.0611877822392933,0.016198876447165,0.01));
#2417=CARTESIAN_POINT('',(-0.0596750236965986,0.01067103205637,0.014));
#2418=CARTESIAN_POINT('',(-0.0596750236965986,0.01067103205637,0.01));
#2419=CARTESIAN_POINT('',(-0.0574542690605304,0.00640907321280716,0.014));
#2420=CARTESIAN_POINT('',(-0.0574542690605304,0.00640907321280716,0.01));
#2421=CARTESIAN_POINT('',(-0.054542377712297,0.00235398830128902,0.014));
#2422=CARTESIAN_POINT('',(-0.054542377712297,0.00235398830128902,0.01));
#2423=CARTESIAN_POINT('',(-0.0501838562194542,-0.00207403730942942,0.014));
#2424=CARTESIAN_POINT('',(-0.0501838562194542,-0.00207403730942942,0.01));
#2425=CARTESIAN_POINT('',(-0.0449767288710535,-0.0065115306328401,0.014));
#2426=CARTESIAN_POINT('',(-0.0449767288710535,-0.0065115306328401,0.01));
#2427=CARTESIAN_POINT('',(-0.0423532936196356,-0.00873633980795772,0.014));
#2428=CARTESIAN_POINT('',(-0.0423532936196356,-0.00873633980795772,0.01));
#2429=CARTESIAN_POINT('',(-0.0415596380364766,-0.00950450301353639,0.014));
#2430=CARTESIAN_POINT('',(-0.0415596380364766,-0.00950450301353639,0.01));
#2431=CARTESIAN_POINT('',(-0.0415596380364766,-0.00950450301353641,0.014));
#2432=CARTESIAN_POINT('',(-0.041559638036462,-0.00950450301353957,0.014));
#2433=CARTESIAN_POINT('',(-0.041559638036462,-0.00950450301353957,0.01));
#2434=CARTESIAN_POINT('',(-0.0416431733430692,-0.00982382148419951,0.014));
#2435=CARTESIAN_POINT('',(-0.0416431733430692,-0.00982382148419951,0.01));
#2436=CARTESIAN_POINT('',(-0.0417742920909927,-0.0104869076398641,0.014));
#2437=CARTESIAN_POINT('',(-0.0417742920909927,-0.0104869076398641,0.01));
#2438=CARTESIAN_POINT('',(-0.0419090657348183,-0.0117460520563653,0.014));
#2439=CARTESIAN_POINT('',(-0.0419090657348183,-0.0117460520563653,0.01));
#2440=CARTESIAN_POINT('',(-0.0419482865081374,-0.014044720761413,0.014));
#2441=CARTESIAN_POINT('',(-0.0419482865081374,-0.014044720761413,0.01));
#2442=CARTESIAN_POINT('',(-0.0416151890499557,-0.0177812606844049,0.014));
#2443=CARTESIAN_POINT('',(-0.0416151890499557,-0.0177812606844049,0.01));
#2444=CARTESIAN_POINT('',(-0.0407591432316704,-0.0229043030272663,0.014));
#2445=CARTESIAN_POINT('',(-0.0407591432316704,-0.0229043030272663,0.01));
#2446=CARTESIAN_POINT('',(-0.0391317597794368,-0.0300837111158573,0.014));
#2447=CARTESIAN_POINT('',(-0.0391317597794368,-0.0300837111158573,0.01));
#2448=CARTESIAN_POINT('',(-0.0364378948489013,-0.0385829759410132,0.014));
#2449=CARTESIAN_POINT('',(-0.0364378948489013,-0.0385829759410132,0.01));
#2450=CARTESIAN_POINT('',(-0.0331104953157025,-0.0456760331623768,0.014));
#2451=CARTESIAN_POINT('',(-0.0331104953157025,-0.0456760331623768,0.01));
#2452=CARTESIAN_POINT('',(-0.0301216472851582,-0.0501751409565948,0.014));
#2453=CARTESIAN_POINT('',(-0.0301216472851582,-0.0501751409565948,0.01));
#2454=CARTESIAN_POINT('',(-0.027463418283416,-0.0530454175231282,0.014));
#2455=CARTESIAN_POINT('',(-0.027463418283416,-0.0530454175231282,0.01));
#2456=CARTESIAN_POINT('',(-0.0242434570718579,-0.0553203187052742,0.014));
#2457=CARTESIAN_POINT('',(-0.0242434570718579,-0.0553203187052742,0.01));
#2458=CARTESIAN_POINT('',(-0.0192688857262289,-0.0576056788755774,0.014));
#2459=CARTESIAN_POINT('',(-0.0192688857262289,-0.0576056788755774,0.01));
#2460=CARTESIAN_POINT('',(-0.0116416145717913,-0.0595410427137028,0.014));
#2461=CARTESIAN_POINT('',(-0.0116416145717913,-0.0595410427137028,0.01));
#2462=CARTESIAN_POINT('',(-0.000928679658399413,-0.0603738134876749,0.014));
#2463=CARTESIAN_POINT('',(-0.000928679658399413,-0.0603738134876749,0.01));
#2464=CARTESIAN_POINT('',(0.0085286884932405,-0.0596161531667502,0.014));
#2465=CARTESIAN_POINT('',(0.0085286884932405,-0.0596161531667502,0.01));
#2466=CARTESIAN_POINT('',(0.015729693709546,-0.0579682666022428,0.014));
#2467=CARTESIAN_POINT('',(0.015729693709546,-0.0579682666022428,0.01));
#2468=CARTESIAN_POINT('',(0.0207883695102021,-0.0561501208867629,0.014));
#2469=CARTESIAN_POINT('',(0.0207883695102021,-0.0561501208867629,0.01));
#2470=CARTESIAN_POINT('',(0.0253586472174409,-0.0535924402138814,0.014));
#2471=CARTESIAN_POINT('',(0.0253586472174409,-0.0535924402138814,0.01));
#2472=CARTESIAN_POINT('',(0.0303429961854544,-0.0493064065845008,0.014));
#2473=CARTESIAN_POINT('',(0.0303429961854544,-0.0493064065845008,0.01));
#2474=CARTESIAN_POINT('',(0.0345483949432271,-0.0427984227891229,0.014));
#2475=CARTESIAN_POINT('',(0.0345483949432271,-0.0427984227891229,0.01));
#2476=CARTESIAN_POINT('',(0.0365843789963487,-0.03578049243414,0.014));
#2477=CARTESIAN_POINT('',(0.0365843789963487,-0.03578049243414,0.01));
#2478=CARTESIAN_POINT('',(0.0372149228268328,-0.0297304115191378,0.014));
#2479=CARTESIAN_POINT('',(0.0372149228268328,-0.0297304115191378,0.01));
#2480=CARTESIAN_POINT('',(0.0372593306292059,-0.024950193672772,0.014));
#2481=CARTESIAN_POINT('',(0.0372593306292059,-0.024950193672772,0.01));
#2482=CARTESIAN_POINT('',(0.0369395275782604,-0.0197859126649521,0.014));
#2483=CARTESIAN_POINT('',(0.0369395275782604,-0.0197859126649521,0.01));
#2484=CARTESIAN_POINT('',(0.0362062867033575,-0.012888000513679,0.014));
#2485=CARTESIAN_POINT('',(0.0362062867033575,-0.012888000513679,0.01));
#2486=CARTESIAN_POINT('',(0.0355498164781429,-0.00858615233299583,0.014));
#2487=CARTESIAN_POINT('',(0.0355498164781429,-0.00858615233299583,0.01));
#2488=CARTESIAN_POINT('',(0.0352580821107617,-0.00684194096031483,0.014));
#2489=CARTESIAN_POINT('',(0.0352580821107617,-0.00684194096031483,0.01));
#2490=CARTESIAN_POINT('',(0.0352580821107617,-0.00684194096031484,0.014));
#2491=CARTESIAN_POINT('',(0.0352580821107618,-0.00684194096031487,0.014));
#2492=CARTESIAN_POINT('',(0.0352580821107618,-0.00684194096031487,0.01));
#2493=CARTESIAN_POINT('',(0.0358810771160872,-0.00625474134670501,0.014));
#2494=CARTESIAN_POINT('',(0.0358810771160872,-0.00625474134670501,0.01));
#2495=CARTESIAN_POINT('',(0.037745014668516,-0.00460314445522376,0.014));
#2496=CARTESIAN_POINT('',(0.037745014668516,-0.00460314445522376,0.01));
#2497=CARTESIAN_POINT('',(0.0406527073657125,-0.00174236823693736,0.014));
#2498=CARTESIAN_POINT('',(0.0406527073657125,-0.00174236823693736,0.01));
#2499=CARTESIAN_POINT('',(0.0429360058805254,0.0010703562126533,0.014));
#2500=CARTESIAN_POINT('',(0.0429360058805254,0.0010703562126533,0.01));
#2501=CARTESIAN_POINT('',(0.0449724114142723,0.00407362215064474,0.014));
#2502=CARTESIAN_POINT('',(0.0449724114142723,0.00407362215064474,0.01));
#2503=CARTESIAN_POINT('',(0.0470936548905489,0.00809740123043499,0.014));
#2504=CARTESIAN_POINT('',(0.0470936548905489,0.00809740123043499,0.01));
#2505=CARTESIAN_POINT('',(0.0489603048586845,0.0131549417576431,0.014));
#2506=CARTESIAN_POINT('',(0.0489603048586845,0.0131549417576431,0.01));
#2507=CARTESIAN_POINT('',(0.050140900255311,0.0182530173042154,0.014));
#2508=CARTESIAN_POINT('',(0.050140900255311,0.0182530173042154,0.01));
#2509=CARTESIAN_POINT('',(0.0505655730236568,0.0232040221933614,0.014));
#2510=CARTESIAN_POINT('',(0.0505655730236568,0.0232040221933614,0.01));
#2511=CARTESIAN_POINT('',(0.0503002570642541,0.0277790581259738,0.014));
#2512=CARTESIAN_POINT('',(0.0503002570642541,0.0277790581259738,0.01));
#2513=CARTESIAN_POINT('',(0.0495288019354886,0.0320026065825663,0.014));
#2514=CARTESIAN_POINT('',(0.0495288019354886,0.0320026065825663,0.00999999999999999));
#2515=CARTESIAN_POINT('',(0.0484596275690529,0.0358177722572235,0.014));
#2516=CARTESIAN_POINT('',(0.0484596275690529,0.0358177722572235,0.01));
#2517=CARTESIAN_POINT('',(0.0471348988314498,0.0394602366485979,0.014));
#2518=CARTESIAN_POINT('',(0.0471348988314498,0.0394602366485979,0.01));
#2519=CARTESIAN_POINT('',(0.0454552175072797,0.0429623905464638,0.014));
#2520=CARTESIAN_POINT('',(0.0454552175072797,0.0429623905464638,0.01));
#2521=CARTESIAN_POINT('',(0.0433334063772642,0.0463385795589575,0.014));
#2522=CARTESIAN_POINT('',(0.0433334063772642,0.0463385795589575,0.01));
#2523=CARTESIAN_POINT('',(0.0400735505118482,0.050480795557285,0.014));
#2524=CARTESIAN_POINT('',(0.0400735505118482,0.050480795557285,0.01));
#2525=CARTESIAN_POINT('',(0.0374269496096576,0.0532835629202963,0.014));
#2526=CARTESIAN_POINT('',(0.0374269496096576,0.0532835629202963,0.01));
#2527=CARTESIAN_POINT('',(0.0357154506459106,0.0551153107009123,0.014));
#2528=CARTESIAN_POINT('',(0.0357154506459106,0.0551153107009123,0.01));
#2529=MECHANICAL_DESIGN_GEOMETRIC_PRESENTATION_REPRESENTATION('',(#278),
#2530);
#2530=(
GEOMETRIC_REPRESENTATION_CONTEXT(3)
GLOBAL_UNCERTAINTY_ASSIGNED_CONTEXT((#2531))
GLOBAL_UNIT_ASSIGNED_CONTEXT((#2534,#2533,#2532))
REPRESENTATION_CONTEXT('Part 1','TOP_LEVEL_ASSEMBLY_PART')
);
#2531=UNCERTAINTY_MEASURE_WITH_UNIT(LENGTH_MEASURE(2.E-5),#2534,
'DISTANCE_ACCURACY_VALUE','Maximum Tolerance applied to model');
#2532=(
NAMED_UNIT(*)
SI_UNIT($,.STERADIAN.)
SOLID_ANGLE_UNIT()
);
#2533=(
NAMED_UNIT(*)
PLANE_ANGLE_UNIT()
SI_UNIT($,.RADIAN.)
);
#2534=(
LENGTH_UNIT()
NAMED_UNIT(*)
SI_UNIT($,.METRE.)
);
#2535=PRODUCT_DEFINITION_SHAPE('','',#2536);
#2536=PRODUCT_DEFINITION('','',#2538,#2537);
#2537=PRODUCT_DEFINITION_CONTEXT('',#2544,'design');
#2538=PRODUCT_DEFINITION_FORMATION_WITH_SPECIFIED_SOURCE('','',#2540,
 .NOT_KNOWN.);
#2539=PRODUCT_RELATED_PRODUCT_CATEGORY('','',(#2540));
#2540=PRODUCT('Part 1','Part 1','Part 1',(#2542));
#2541=PRODUCT_CATEGORY('','');
#2542=PRODUCT_CONTEXT('',#2544,'mechanical');
#2543=APPLICATION_PROTOCOL_DEFINITION('international standard',
'ap242_managed_model_based_3d_engineering',2020,#2544);
#2544=APPLICATION_CONTEXT('managed model based 3d engineering');
ENDSEC;
END-ISO-10303-21;
