ISO-10303-21;
HEADER;
/* Generated by software containing ST-Developer
 * from STEP Tools, Inc. (www.steptools.com) 
 */
/* OPTION: using custom renumber hook */

FILE_DESCRIPTION(
/* description */ ('STEP AP242 Edition 2',
'CAx-IF Rec.Pracs.---Representation and Presentation of Product Manufa
cturing Information (PMI)---4.0---2014-10-13',
'CAx-IF Rec.Pracs.---3D Tessellated Geometry---0.4---2014-09-14','2;1',
'CAx-IF Rec.Pracs.---User Defined Attributes---1.5---2016-08-15'),
/* implementation_level */ '2;1');

FILE_NAME(
/* name */ 'tufff knight',
/* time_stamp */ '2026-10-10T12:29:56Z',
/* author */ (''),
/* organization */ (''),
/* preprocessor_version */ 'ST-DEVELOPER v20',
/* originating_system */ 'ONSHAPE BY PTC INC, 1.222',
/* authorisation */ '  ');

FILE_SCHEMA (('AP242_MANAGED_MODEL_BASED_3D_ENGINEERING_MIM_LF { 1 0 10303 442 3 1 4 }'));
ENDSEC;

DATA;
#10=SHAPE_REPRESENTATION_RELATIONSHIP('','',#752,#11);
#11=ADVANCED_BREP_SHAPE_REPRESENTATION('',(#750),#5916);
#12=CIRCLE('',#757,0.00219708795992019);
#13=CIRCLE('',#758,0.00219708795992019);
#14=CIRCLE('',#760,0.0020740198694342);
#15=CIRCLE('',#761,0.0020740198694342);
#16=CIRCLE('',#763,0.00206257250059032);
#17=CIRCLE('',#764,0.00206257250059032);
#18=CIRCLE('',#767,0.00556788832236847);
#19=CIRCLE('',#768,0.00584976418197324);
#20=CIRCLE('',#769,0.00557594899384659);
#21=CIRCLE('',#771,0.00557594899384659);
#22=CIRCLE('',#772,0.00584976418197324);
#23=CIRCLE('',#773,0.00556788832236847);
#24=CYLINDRICAL_SURFACE('',#756,0.00219708795992019);
#25=CYLINDRICAL_SURFACE('',#759,0.0020740198694342);
#26=CYLINDRICAL_SURFACE('',#762,0.00206310157186132);
#27=CYLINDRICAL_SURFACE('',#774,0.00556788832236847);
#28=CYLINDRICAL_SURFACE('',#775,0.00584976418197324);
#29=CYLINDRICAL_SURFACE('',#776,0.00557594899384659);
#30=LINE('',#1298,#63);
#31=LINE('',#1318,#64);
#32=LINE('',#1402,#65);
#33=LINE('',#1501,#66);
#34=LINE('',#1532,#67);
#35=LINE('',#1536,#68);
#36=LINE('',#1577,#69);
#37=LINE('',#1622,#70);
#38=LINE('',#1733,#71);
#39=LINE('',#2650,#72);
#40=LINE('',#2761,#73);
#41=LINE('',#2870,#74);
#42=LINE('',#2876,#75);
#43=LINE('',#2882,#76);
#44=LINE('',#2973,#77);
#45=LINE('',#3340,#78);
#46=LINE('',#3341,#79);
#47=LINE('',#3395,#80);
#48=LINE('',#3396,#81);
#49=LINE('',#5051,#82);
#50=LINE('',#5052,#83);
#51=LINE('',#5083,#84);
#52=LINE('',#5140,#85);
#53=LINE('',#5265,#86);
#54=LINE('',#5288,#87);
#55=LINE('',#5297,#88);
#56=LINE('',#5436,#89);
#57=LINE('',#5473,#90);
#58=LINE('',#5518,#91);
#59=LINE('',#5520,#92);
#60=LINE('',#5545,#93);
#61=LINE('',#5574,#94);
#62=LINE('',#5576,#95);
#63=VECTOR('',#785,1.);
#64=VECTOR('',#786,1.);
#65=VECTOR('',#787,1.);
#66=VECTOR('',#788,1.);
#67=VECTOR('',#793,1.);
#68=VECTOR('',#796,1.);
#69=VECTOR('',#797,1.);
#70=VECTOR('',#798,1.);
#71=VECTOR('',#799,1.);
#72=VECTOR('',#800,1.);
#73=VECTOR('',#801,1.);
#74=VECTOR('',#802,1.);
#75=VECTOR('',#809,1.);
#76=VECTOR('',#816,1.);
#77=VECTOR('',#817,1.);
#78=VECTOR('',#818,1.);
#79=VECTOR('',#819,1.);
#80=VECTOR('',#820,1.);
#81=VECTOR('',#821,1.);
#82=VECTOR('',#840,1.);
#83=VECTOR('',#841,1.);
#84=VECTOR('',#842,1.);
#85=VECTOR('',#843,1.);
#86=VECTOR('',#844,1.);
#87=VECTOR('',#845,1.);
#88=VECTOR('',#846,1.);
#89=VECTOR('',#847,1.);
#90=VECTOR('',#848,1.);
#91=VECTOR('',#849,1.);
#92=VECTOR('',#852,1.);
#93=VECTOR('',#853,1.);
#94=VECTOR('',#854,1.);
#95=VECTOR('',#857,1.);
#96=B_SPLINE_SURFACE_WITH_KNOTS('',3,1,((#1216,#1217),(#1218,#1219),(#1220,
#1221),(#1222,#1223),(#1224,#1225),(#1226,#1227),(#1228,#1229),(#1230,#1231),
(#1232,#1233),(#1234,#1235),(#1236,#1237),(#1238,#1239),(#1240,#1241),(#1242,
#1243),(#1244,#1245),(#1246,#1247),(#1248,#1249),(#1250,#1251),(#1252,#1253),
(#1254,#1255),(#1256,#1257),(#1258,#1259),(#1260,#1261),(#1262,#1263),(#1264,
#1265),(#1266,#1267),(#1268,#1269),(#1270,#1271),(#1272,#1273),(#1274,#1275),
(#1276,#1277),(#1278,#1279),(#1280,#1281),(#1282,#1283),(#1284,#1285),(#1286,
#1287),(#1288,#1289),(#1290,#1291),(#1292,#1293),(#1294,#1295),(#1296,#1297)),
 .SURF_OF_LINEAR_EXTRUSION.,.F.,.F.,.F.,(4,1,1,1,1,1,1,1,1,1,1,1,1,1,1,
1,1,1,1,1,1,1,1,1,1,1,1,1,1,1,1,1,1,1,1,1,1,1,4),(2,2),(0.,0.03125,0.0625,
0.09375,0.125,0.140625,0.15625,0.1875,0.203125,0.21875,0.234375,0.25,0.28125,
0.296875,0.3125,0.34375,0.359375,0.375,0.40625,0.421875,0.4375,0.453125,
0.46875,0.484375,0.5,0.515625,0.53125,0.546875,0.5625,0.59375,0.625,0.65625,
0.6875,0.75,0.78125,0.8125,0.875,0.9375,1.),(0.,1.),.UNSPECIFIED.);
#97=B_SPLINE_SURFACE_WITH_KNOTS('',3,1,((#1336,#1337),(#1338,#1339),(#1340,
#1341),(#1342,#1343),(#1344,#1345),(#1346,#1347),(#1348,#1349),(#1350,#1351),
(#1352,#1353),(#1354,#1355),(#1356,#1357),(#1358,#1359),(#1360,#1361),(#1362,
#1363),(#1364,#1365),(#1366,#1367),(#1368,#1369),(#1370,#1371),(#1372,#1373),
(#1374,#1375),(#1376,#1377),(#1378,#1379),(#1380,#1381),(#1382,#1383),(#1384,
#1385),(#1386,#1387),(#1388,#1389),(#1390,#1391),(#1392,#1393),(#1394,#1395),
(#1396,#1397),(#1398,#1399),(#1400,#1401)),.SURF_OF_LINEAR_EXTRUSION.,.F.,
 .F.,.F.,(4,1,1,1,1,1,1,1,1,1,1,1,1,1,1,1,1,1,1,1,1,1,1,1,1,1,1,1,1,1,4),
(2,2),(0.,0.0625,0.09375,0.125,0.15625,0.1875,0.21875,0.25,0.28125,0.3125,
0.34375,0.375,0.40625,0.4375,0.46875,0.5,0.515625,0.53125,0.5625,0.59375,
0.625,0.65625,0.6875,0.71875,0.75,0.78125,0.8125,0.84375,0.875,0.9375,1.),
(0.,1.),.UNSPECIFIED.);
#98=B_SPLINE_SURFACE_WITH_KNOTS('',3,1,((#1439,#1440),(#1441,#1442),(#1443,
#1444),(#1445,#1446),(#1447,#1448),(#1449,#1450),(#1451,#1452),(#1453,#1454),
(#1455,#1456),(#1457,#1458),(#1459,#1460),(#1461,#1462),(#1463,#1464),(#1465,
#1466),(#1467,#1468),(#1469,#1470),(#1471,#1472),(#1473,#1474),(#1475,#1476),
(#1477,#1478),(#1479,#1480),(#1481,#1482),(#1483,#1484),(#1485,#1486),(#1487,
#1488),(#1489,#1490),(#1491,#1492),(#1493,#1494),(#1495,#1496),(#1497,#1498),
(#1499,#1500)),.SURF_OF_LINEAR_EXTRUSION.,.F.,.F.,.F.,(4,1,1,1,1,1,1,1,
1,1,1,1,1,1,1,1,1,1,1,1,1,1,1,1,1,1,1,1,4),(2,2),(0.,0.0625,0.125,0.1875,
0.25,0.3125,0.375,0.4375,0.46875,0.5,0.53125,0.5625,0.59375,0.609375,0.625,
0.65625,0.671875,0.6875,0.71875,0.75,0.765625,0.78125,0.8125,0.84375,0.875,
0.90625,0.9375,0.96875,1.),(0.,1.),.UNSPECIFIED.);
#99=B_SPLINE_SURFACE_WITH_KNOTS('',3,1,((#1537,#1538),(#1539,#1540),(#1541,
#1542),(#1543,#1544),(#1545,#1546),(#1547,#1548),(#1549,#1550),(#1551,#1552)),
 .SURF_OF_LINEAR_EXTRUSION.,.F.,.F.,.F.,(4,1,1,1,1,4),(2,2),(0.270799285396217,
0.279703222629697,0.288607159863178,0.297511097096658,0.301963065713398,
0.306415034330139),(0.,1.),.UNSPECIFIED.);
#100=B_SPLINE_SURFACE_WITH_KNOTS('',3,1,((#1578,#1579),(#1580,#1581),(#1582,
#1583),(#1584,#1585),(#1586,#1587),(#1588,#1589),(#1590,#1591),(#1592,#1593),
(#1594,#1595)),.SURF_OF_LINEAR_EXTRUSION.,.F.,.F.,.F.,(4,1,1,1,1,1,4),(2,
2),(0.41073800596249,0.412517794624484,0.414297583286477,0.416077371948471,
0.417857160610465,0.421416737934452,0.424976315258439),(0.,1.),
 .UNSPECIFIED.);
#101=B_SPLINE_SURFACE_WITH_KNOTS('',3,1,((#1623,#1624),(#1625,#1626),(#1627,
#1628),(#1629,#1630),(#1631,#1632),(#1633,#1634),(#1635,#1636),(#1637,#1638),
(#1639,#1640),(#1641,#1642),(#1643,#1644),(#1645,#1646),(#1647,#1648),(#1649,
#1650),(#1651,#1652),(#1653,#1654),(#1655,#1656),(#1657,#1658),(#1659,#1660),
(#1661,#1662),(#1663,#1664)),.SURF_OF_LINEAR_EXTRUSION.,.F.,.F.,.F.,(4,
1,1,1,1,1,1,1,1,1,1,1,1,1,1,1,1,1,4),(2,2),(0.517519531103112,0.524062308062179,
0.530605085021246,0.537147861980313,0.54369063893938,0.556776192857515,
0.569861746775649,0.582947300693783,0.596032854611917,0.622203962448185,
0.648375070284454,0.674546178120722,0.700717285956991,0.726888393793259,
0.753059501629527,0.779230609465796,0.831572825138333,0.883915040810869,
0.936257256483406),(0.,1.),.UNSPECIFIED.);
#102=B_SPLINE_SURFACE_WITH_KNOTS('',3,1,((#1734,#1735),(#1736,#1737),(#1738,
#1739),(#1740,#1741),(#1742,#1743),(#1744,#1745),(#1746,#1747),(#1748,#1749),
(#1750,#1751),(#1752,#1753),(#1754,#1755),(#1756,#1757),(#1758,#1759),(#1760,
#1761),(#1762,#1763),(#1764,#1765),(#1766,#1767),(#1768,#1769),(#1770,#1771),
(#1772,#1773),(#1774,#1775),(#1776,#1777),(#1778,#1779),(#1780,#1781),(#1782,
#1783),(#1784,#1785),(#1786,#1787),(#1788,#1789),(#1790,#1791),(#1792,#1793),
(#1794,#1795),(#1796,#1797),(#1798,#1799),(#1800,#1801),(#1802,#1803),(#1804,
#1805),(#1806,#1807),(#1808,#1809),(#1810,#1811),(#1812,#1813),(#1814,#1815),
(#1816,#1817),(#1818,#1819),(#1820,#1821),(#1822,#1823),(#1824,#1825),(#1826,
#1827),(#1828,#1829),(#1830,#1831),(#1832,#1833),(#1834,#1835),(#1836,#1837),
(#1838,#1839),(#1840,#1841),(#1842,#1843),(#1844,#1845),(#1846,#1847),(#1848,
#1849),(#1850,#1851),(#1852,#1853),(#1854,#1855),(#1856,#1857),(#1858,#1859),
(#1860,#1861),(#1862,#1863),(#1864,#1865),(#1866,#1867),(#1868,#1869),(#1870,
#1871),(#1872,#1873),(#1874,#1875),(#1876,#1877),(#1878,#1879),(#1880,#1881),
(#1882,#1883),(#1884,#1885),(#1886,#1887),(#1888,#1889),(#1890,#1891),(#1892,
#1893),(#1894,#1895),(#1896,#1897),(#1898,#1899),(#1900,#1901),(#1902,#1903),
(#1904,#1905),(#1906,#1907),(#1908,#1909),(#1910,#1911),(#1912,#1913),(#1914,
#1915),(#1916,#1917),(#1918,#1919),(#1920,#1921),(#1922,#1923),(#1924,#1925),
(#1926,#1927),(#1928,#1929),(#1930,#1931),(#1932,#1933),(#1934,#1935),(#1936,
#1937),(#1938,#1939),(#1940,#1941),(#1942,#1943),(#1944,#1945),(#1946,#1947),
(#1948,#1949),(#1950,#1951),(#1952,#1953),(#1954,#1955),(#1956,#1957),(#1958,
#1959),(#1960,#1961),(#1962,#1963),(#1964,#1965),(#1966,#1967),(#1968,#1969),
(#1970,#1971),(#1972,#1973),(#1974,#1975),(#1976,#1977),(#1978,#1979),(#1980,
#1981),(#1982,#1983),(#1984,#1985),(#1986,#1987),(#1988,#1989),(#1990,#1991),
(#1992,#1993),(#1994,#1995),(#1996,#1997),(#1998,#1999),(#2000,#2001),(#2002,
#2003),(#2004,#2005),(#2006,#2007),(#2008,#2009),(#2010,#2011),(#2012,#2013),
(#2014,#2015),(#2016,#2017),(#2018,#2019),(#2020,#2021),(#2022,#2023),(#2024,
#2025),(#2026,#2027),(#2028,#2029),(#2030,#2031),(#2032,#2033),(#2034,#2035),
(#2036,#2037),(#2038,#2039),(#2040,#2041),(#2042,#2043),(#2044,#2045),(#2046,
#2047),(#2048,#2049),(#2050,#2051),(#2052,#2053),(#2054,#2055),(#2056,#2057),
(#2058,#2059),(#2060,#2061),(#2062,#2063),(#2064,#2065),(#2066,#2067)),
 .SURF_OF_LINEAR_EXTRUSION.,.F.,.F.,.F.,(4,1,1,1,1,1,1,1,1,1,1,1,1,1,1,
1,1,1,1,1,1,1,1,1,1,1,1,1,1,1,1,1,1,1,1,1,1,1,1,1,1,1,1,1,1,1,1,1,1,1,1,
1,1,1,1,1,1,1,1,1,1,1,1,1,1,1,1,1,1,1,1,1,1,1,1,1,1,1,1,1,1,1,1,1,1,1,1,
1,1,1,1,1,1,1,1,1,1,1,1,1,1,1,1,1,1,1,1,1,1,1,1,1,1,1,1,1,1,1,1,1,1,1,1,
1,1,1,1,1,1,1,1,1,1,1,1,1,1,1,1,1,1,1,1,1,1,1,1,1,1,1,1,1,1,1,1,1,1,1,1,
1,1,1,1,1,4),(2,2),(0.0131843108563879,0.0197534053314133,0.0263224998064388,
0.0394606887564896,0.0460297832315151,0.0525988777065405,0.0657370666565914,
0.0788752556066423,0.0920134445566931,0.0985825390317186,0.105151633506744,
0.118289822456795,0.12485891693182,0.131428011406846,0.137997105881871,
0.144566200356897,0.151135294831922,0.157704389306948,0.164273483781973,
0.170842578256998,0.177411672732024,0.183980767207049,0.1971189561571,0.210257145107151,
0.223395334057202,0.229964428532227,0.236533523007253,0.243102617482278,
0.249671711957304,0.256240806432329,0.262809900907355,0.26937899538238,
0.275948089857405,0.282517184332431,0.289086278807456,0.295655373282482,
0.298939920519995,0.302224467757507,0.30550901499502,0.308793562232533,
0.312078109470045,0.313720383088802,0.315362656707558,0.317004930326314,
0.318647203945071,0.320289477563827,0.321931751182584,0.32357402480134,
0.325216298420096,0.326858572038853,0.328500845657609,0.329321982466987,
0.330143119276365,0.330964256085743,0.331785392895122,0.332195961299811,
0.3326065297045,0.333017098109189,0.333427666513878,0.333838234918567,0.334248803323256,
0.335069940132634,0.335891076942013,0.336712213751391,0.338354487370147,
0.339996760988903,0.34163903460766,0.343281308226416,0.344923581845173,
0.348208129082685,0.351492676320198,0.354777223557711,0.361346318032736,
0.367915412507762,0.374484506982787,0.381053601457812,0.387622695932838,
0.394191790407863,0.400760884882889,0.407329979357914,0.420468168307965,
0.433606357258016,0.440175451733041,0.446744546208067,0.453313640683092,
0.459882735158118,0.466451829633143,0.473020924108169,0.479590018583194,
0.486159113058219,0.492728207533245,0.49929730200827,0.512435490958321,
0.525573679908372,0.532142774383398,0.538711868858423,0.545280963333448,
0.551850057808474,0.558419152283499,0.561703699521012,0.564988246758525,
0.568272793996037,0.57155734123355,0.574841888471063,0.578126435708576,
0.584695530183601,0.591264624658626,0.597833719133652,0.604402813608677,
0.610971908083703,0.617541002558728,0.630679191508779,0.637248285983804,
0.64381738045883,0.656955569408881,0.663524663883906,0.670093758358932,
0.676662852833957,0.67994740007147,0.683231947308983,0.686516494546495,
0.689801041784008,0.691443315402764,0.693085589021521,0.694727862640277,
0.695548999449655,0.696370136259034,0.697191273068412,0.69801240987779,
0.698422978282479,0.698833546687168,0.699244115091857,0.699654683496546,
0.700065251901235,0.700475820305924,0.700886388710614,0.701296957115303,
0.701707525519992,0.702118093924681,0.702939230734059,0.703760367543437,
0.704581504352815,0.706223777971572,0.707866051590328,0.709508325209084,
0.711150598827841,0.712792872446597,0.71607741968411,0.719361966921622,
0.722646514159135,0.725931061396648,0.729215608634161,0.735784703109186,
0.742353797584212,0.748922892059237,0.755491986534262,0.762061081009288,
0.775199269959339,0.78833745890939,0.80147564785944,0.814613836809491,0.827752025759542,
0.840890214709593,0.847459309184619,0.854028403659644),(0.,1.),
 .UNSPECIFIED.);
#103=B_SPLINE_SURFACE_WITH_KNOTS('',3,1,((#2651,#2652),(#2653,#2654),(#2655,
#2656),(#2657,#2658),(#2659,#2660),(#2661,#2662),(#2663,#2664),(#2665,#2666),
(#2667,#2668),(#2669,#2670),(#2671,#2672),(#2673,#2674),(#2675,#2676),(#2677,
#2678),(#2679,#2680),(#2681,#2682),(#2683,#2684),(#2685,#2686),(#2687,#2688),
(#2689,#2690),(#2691,#2692)),.SURF_OF_LINEAR_EXTRUSION.,.F.,.F.,.F.,(4,
1,1,1,1,1,1,1,1,1,1,1,1,1,1,1,1,1,4),(2,2),(0.866175517687128,0.873218236495284,
0.88026095530344,0.887303674111596,0.894346392919753,0.901389111727909,
0.908431830536065,0.922517268152377,0.929559986960534,0.93660270576869,
0.943645424576846,0.947166783980924,0.950688143385002,0.95420950278908,
0.957730862193158,0.961252221597236,0.964773581001314,0.971816299809471,
0.978859018617627),(0.,1.),.UNSPECIFIED.);
#104=B_SPLINE_SURFACE_WITH_KNOTS('',3,1,((#2762,#2763),(#2764,#2765),(#2766,
#2767),(#2768,#2769),(#2770,#2771),(#2772,#2773),(#2774,#2775),(#2776,#2777),
(#2778,#2779),(#2780,#2781),(#2782,#2783),(#2784,#2785),(#2786,#2787),(#2788,
#2789),(#2790,#2791),(#2792,#2793),(#2794,#2795),(#2796,#2797),(#2798,#2799),
(#2800,#2801),(#2802,#2803),(#2804,#2805)),.SURF_OF_LINEAR_EXTRUSION.,.F.,
 .F.,.F.,(4,1,1,1,1,1,1,1,1,1,1,1,1,1,1,1,1,1,1,4),(2,2),(0.10452177503257,
0.167071018884152,0.229620262735733,0.292169506587314,0.354718750438895,
0.385993372364686,0.417267994290476,0.448542616216267,0.479817238142058,
0.495454549104953,0.511091860067848,0.526729171030744,0.542366481993639,
0.558003792956534,0.565822448437982,0.573641103919429,0.581459759400877,
0.589278414882325,0.597097070363772,0.60491572584522),(0.,1.),
 .UNSPECIFIED.);
#105=B_SPLINE_SURFACE_WITH_KNOTS('',3,1,((#2883,#2884),(#2885,#2886),(#2887,
#2888),(#2889,#2890),(#2891,#2892),(#2893,#2894),(#2895,#2896),(#2897,#2898),
(#2899,#2900),(#2901,#2902),(#2903,#2904),(#2905,#2906),(#2907,#2908),(#2909,
#2910),(#2911,#2912),(#2913,#2914),(#2915,#2916),(#2917,#2918)),
 .SURF_OF_LINEAR_EXTRUSION.,.F.,.F.,.F.,(4,1,1,1,1,1,1,1,1,1,1,1,1,1,1,
4),(2,2),(0.101145740323884,0.117950055326142,0.1347543703284,0.151558685330659,
0.168363000332917,0.176765157834046,0.185167315335175,0.193569472836305,
0.201971630337434,0.206172709087998,0.210373787838563,0.214574866589128,
0.218775945339692,0.222977024090257,0.227178102840821,0.235580260341951),
(0.,1.),.UNSPECIFIED.);
#106=B_SPLINE_SURFACE_WITH_KNOTS('',3,1,((#2974,#2975),(#2976,#2977),(#2978,
#2979),(#2980,#2981),(#2982,#2983),(#2984,#2985),(#2986,#2987),(#2988,#2989),
(#2990,#2991),(#2992,#2993),(#2994,#2995),(#2996,#2997),(#2998,#2999),(#3000,
#3001),(#3002,#3003),(#3004,#3005),(#3006,#3007),(#3008,#3009)),
 .SURF_OF_LINEAR_EXTRUSION.,.F.,.F.,.F.,(4,1,1,1,1,1,1,1,1,1,1,1,1,1,1,
4),(2,2),(0.701878878483427,0.706917408886376,0.711955939289325,0.716994469692274,
0.722033000095223,0.727071530498172,0.732110060901121,0.742187121707019,
0.752264182512917,0.762341243318815,0.772418304124713,0.782495364930611,
0.802649486542406,0.822803608154202,0.842957729765998,0.863111851377794),
(0.,1.),.UNSPECIFIED.);
#107=B_SPLINE_SURFACE_WITH_KNOTS('',3,1,((#3062,#3063),(#3064,#3065),(#3066,
#3067),(#3068,#3069),(#3070,#3071),(#3072,#3073),(#3074,#3075),(#3076,#3077),
(#3078,#3079),(#3080,#3081),(#3082,#3083),(#3084,#3085),(#3086,#3087),(#3088,
#3089),(#3090,#3091),(#3092,#3093),(#3094,#3095),(#3096,#3097),(#3098,#3099),
(#3100,#3101),(#3102,#3103),(#3104,#3105),(#3106,#3107),(#3108,#3109),(#3110,
#3111),(#3112,#3113),(#3114,#3115),(#3116,#3117),(#3118,#3119),(#3120,#3121),
(#3122,#3123),(#3124,#3125),(#3126,#3127),(#3128,#3129),(#3130,#3131),(#3132,
#3133),(#3134,#3135),(#3136,#3137),(#3138,#3139),(#3140,#3141),(#3142,#3143),
(#3144,#3145),(#3146,#3147),(#3148,#3149),(#3150,#3151),(#3152,#3153),(#3154,
#3155),(#3156,#3157),(#3158,#3159),(#3160,#3161),(#3162,#3163),(#3164,#3165),
(#3166,#3167),(#3168,#3169),(#3170,#3171),(#3172,#3173),(#3174,#3175),(#3176,
#3177),(#3178,#3179),(#3180,#3181),(#3182,#3183),(#3184,#3185),(#3186,#3187),
(#3188,#3189),(#3190,#3191),(#3192,#3193),(#3194,#3195),(#3196,#3197),(#3198,
#3199),(#3200,#3201),(#3202,#3203),(#3204,#3205),(#3206,#3207),(#3208,#3209),
(#3210,#3211),(#3212,#3213),(#3214,#3215),(#3216,#3217),(#3218,#3219),(#3220,
#3221),(#3222,#3223),(#3224,#3225),(#3226,#3227),(#3228,#3229),(#3230,#3231),
(#3232,#3233),(#3234,#3235),(#3236,#3237),(#3238,#3239),(#3240,#3241),(#3242,
#3243),(#3244,#3245),(#3246,#3247),(#3248,#3249),(#3250,#3251),(#3252,#3253),
(#3254,#3255),(#3256,#3257),(#3258,#3259),(#3260,#3261),(#3262,#3263),(#3264,
#3265),(#3266,#3267),(#3268,#3269),(#3270,#3271),(#3272,#3273),(#3274,#3275),
(#3276,#3277),(#3278,#3279),(#3280,#3281),(#3282,#3283),(#3284,#3285),(#3286,
#3287)),.SURF_OF_LINEAR_EXTRUSION.,.F.,.F.,.F.,(4,1,1,1,1,1,1,1,1,1,1,1,
1,1,1,1,1,1,1,1,1,1,1,1,1,1,1,1,1,1,1,1,1,1,1,1,1,1,1,1,1,1,1,1,1,1,1,1,
1,1,1,1,1,1,1,1,1,1,1,1,1,1,1,1,1,1,1,1,1,1,1,1,1,1,1,1,1,1,1,1,1,1,1,1,
1,1,1,1,1,1,1,1,1,1,1,1,1,1,1,1,1,1,1,1,1,1,1,1,1,1,4),(2,2),(0.,0.015625,
0.03125,0.046875,0.0625,0.0703125,0.078125,0.09375,0.1015625,0.109375,0.125,
0.1328125,0.140625,0.1484375,0.15625,0.1640625,0.171875,0.1796875,0.1875,
0.203125,0.21875,0.234375,0.25,0.265625,0.2734375,0.28125,0.2890625,0.296875,
0.3046875,0.30859375,0.3125,0.31640625,0.3203125,0.32421875,0.328125,0.33203125,
0.3359375,0.34375,0.3515625,0.359375,0.3671875,0.375,0.3828125,0.390625,
0.40625,0.421875,0.4296875,0.4375,0.4453125,0.453125,0.46875,0.484375,0.5,
0.515625,0.53125,0.5390625,0.546875,0.5546875,0.5625,0.5703125,0.578125,
0.5859375,0.59375,0.6015625,0.609375,0.625,0.640625,0.65625,0.6640625,0.671875,
0.6796875,0.6875,0.6953125,0.69921875,0.703125,0.7109375,0.71875,0.7265625,
0.734375,0.7421875,0.75,0.765625,0.78125,0.796875,0.8125,0.8203125,0.828125,
0.8359375,0.84375,0.8515625,0.85546875,0.859375,0.86328125,0.8671875,0.875,
0.8828125,0.890625,0.8984375,0.90625,0.921875,0.9296875,0.9375,0.9453125,
0.953125,0.9609375,0.96875,0.9765625,0.984375,0.98828125,0.9921875,1.),
(0.,1.),.UNSPECIFIED.);
#108=B_SPLINE_SURFACE_WITH_KNOTS('',3,1,((#3501,#3502),(#3503,#3504),(#3505,
#3506),(#3507,#3508),(#3509,#3510),(#3511,#3512),(#3513,#3514),(#3515,#3516),
(#3517,#3518),(#3519,#3520),(#3521,#3522),(#3523,#3524),(#3525,#3526),(#3527,
#3528),(#3529,#3530),(#3531,#3532),(#3533,#3534),(#3535,#3536),(#3537,#3538),
(#3539,#3540),(#3541,#3542)),.SURF_OF_LINEAR_EXTRUSION.,.F.,.F.,.F.,(4,
1,1,1,1,1,1,1,1,1,1,1,1,1,1,1,1,1,4),(2,2),(0.411831400380601,0.454586692993388,
0.497341985606174,0.54009727821896,0.582852570831747,0.625607863444533,
0.66836315605732,0.711118448670106,0.732496094976499,0.753873741282892,
0.775251387589286,0.796629033895679,0.839384326508465,0.882139619121252,
0.924894911734038,0.967650204346824,1.01040549695961,1.0531607895724,1.09591608218518),
(0.,1.),.UNSPECIFIED.);
#109=B_SPLINE_SURFACE_WITH_KNOTS('',3,1,((#3599,#3600),(#3601,#3602),(#3603,
#3604),(#3605,#3606),(#3607,#3608),(#3609,#3610),(#3611,#3612),(#3613,#3614),
(#3615,#3616),(#3617,#3618),(#3619,#3620)),.SURF_OF_LINEAR_EXTRUSION.,.T.,
 .F.,.F.,(1,3,1,1,1,1,1,1,1,3,1),(2,2),(-0.122450642851475,0.,0.12007750669616,
0.252353413916708,0.366442134104734,0.488095466763522,0.607754125056065,
0.75568289015334,0.877549357148525,1.,1.12007750669616),(0.,1.),
 .UNSPECIFIED.);
#110=B_SPLINE_SURFACE_WITH_KNOTS('',3,1,((#4907,#4908),(#4909,#4910),(#4911,
#4912),(#4913,#4914),(#4915,#4916),(#4917,#4918),(#4919,#4920),(#4921,#4922),
(#4923,#4924),(#4925,#4926),(#4927,#4928),(#4929,#4930),(#4931,#4932),(#4933,
#4934),(#4935,#4936),(#4937,#4938),(#4939,#4940),(#4941,#4942),(#4943,#4944),
(#4945,#4946),(#4947,#4948),(#4949,#4950),(#4951,#4952),(#4953,#4954),(#4955,
#4956),(#4957,#4958),(#4959,#4960),(#4961,#4962)),
 .SURF_OF_LINEAR_EXTRUSION.,.F.,.F.,.F.,(4,1,1,1,1,1,1,1,1,1,1,1,1,1,1,
1,1,1,1,1,1,1,1,1,1,4),(2,2),(0.595426231721254,0.619786200878822,0.64414617003639,
0.668506139193958,0.692866108351527,0.717226077509095,0.741586046666663,
0.790305984981799,0.814665954139367,0.839025923296936,0.887745861612072,
0.936465799927208,0.960825769084776,0.985185738242345,1.00954570739991,
1.03390567655748,1.05826564571505,1.08262561487262,1.10698558403019,1.13134555318775,
1.18006549150289,1.20442546066046,1.22878542981803,1.27750536813316,1.3262253064483,
1.37494524476344),(0.,1.),.UNSPECIFIED.);
#111=B_SPLINE_SURFACE_WITH_KNOTS('',3,1,((#4963,#4964),(#4965,#4966),(#4967,
#4968),(#4969,#4970),(#4971,#4972),(#4973,#4974),(#4975,#4976),(#4977,#4978),
(#4979,#4980),(#4981,#4982),(#4983,#4984),(#4985,#4986),(#4987,#4988)),
 .SURF_OF_LINEAR_EXTRUSION.,.T.,.F.,.F.,(1,3,1,1,1,1,1,1,1,1,1,3,1),(2,
2),(-0.0782978803093271,0.,0.103198740638793,0.199951654750564,0.299311427491666,
0.39537981126147,0.514823556874614,0.636166505420788,0.731959934705528,
0.82840439955975,0.921702119690673,1.,1.10319874063879),(0.,1.),
 .UNSPECIFIED.);
#112=B_SPLINE_SURFACE_WITH_KNOTS('',3,1,((#5003,#5004),(#5005,#5006),(#5007,
#5008),(#5009,#5010),(#5011,#5012),(#5013,#5014),(#5015,#5016),(#5017,#5018),
(#5019,#5020),(#5021,#5022),(#5023,#5024),(#5025,#5026),(#5027,#5028),(#5029,
#5030),(#5031,#5032),(#5033,#5034),(#5035,#5036),(#5037,#5038),(#5039,#5040),
(#5041,#5042),(#5043,#5044),(#5045,#5046),(#5047,#5048),(#5049,#5050)),
 .SURF_OF_LINEAR_EXTRUSION.,.F.,.F.,.F.,(4,1,1,1,1,1,1,1,1,1,1,1,1,1,1,
1,1,1,1,1,1,4),(2,2),(0.520499318044997,0.523127624130605,0.525755930216212,
0.531012542387427,0.536269154558642,0.541525766729858,0.552038991072288,
0.562552215414718,0.573065439757149,0.583578664099579,0.604605112784439,
0.6256315614693,0.64665801015416,0.667684458839021,0.688710907523882,0.709737356208742,
0.730763804893603,0.751790253578463,0.772816702263324,0.793843150948184,
0.814869599633045,0.856922497002766),(0.,1.),.UNSPECIFIED.);
#113=B_SPLINE_SURFACE_WITH_KNOTS('',3,1,((#5053,#5054),(#5055,#5056),(#5057,
#5058),(#5059,#5060),(#5061,#5062),(#5063,#5064),(#5065,#5066),(#5067,#5068),
(#5069,#5070),(#5071,#5072),(#5073,#5074),(#5075,#5076),(#5077,#5078),(#5079,
#5080),(#5081,#5082)),.SURF_OF_LINEAR_EXTRUSION.,.F.,.F.,.F.,(4,1,1,1,1,
1,1,1,1,1,1,1,4),(2,2),(0.0271022222545573,0.0390711969585234,0.0450556843105065,
0.0510401716624896,0.0630091463664558,0.0689936337184389,0.074978121070422,
0.0869470957743882,0.0929315831263713,0.0989160704783544,0.104900557830337,
0.110885045182321,0.122854019886287),(0.,1.),.UNSPECIFIED.);
#114=B_SPLINE_SURFACE_WITH_KNOTS('',3,1,((#5084,#5085),(#5086,#5087),(#5088,
#5089),(#5090,#5091),(#5092,#5093),(#5094,#5095),(#5096,#5097),(#5098,#5099),
(#5100,#5101),(#5102,#5103),(#5104,#5105),(#5106,#5107),(#5108,#5109),(#5110,
#5111),(#5112,#5113),(#5114,#5115),(#5116,#5117),(#5118,#5119),(#5120,#5121),
(#5122,#5123),(#5124,#5125),(#5126,#5127),(#5128,#5129),(#5130,#5131),(#5132,
#5133),(#5134,#5135),(#5136,#5137),(#5138,#5139)),
 .SURF_OF_LINEAR_EXTRUSION.,.F.,.F.,.F.,(4,1,1,1,1,1,1,1,1,1,1,1,1,1,1,
1,1,1,1,1,1,1,1,1,1,4),(2,2),(0.155823434249507,0.160750946250027,0.165678458250546,
0.175533482251586,0.185388506252625,0.195243530253665,0.205098554254704,
0.214953578255743,0.224808602256783,0.234663626257822,0.244518650258862,
0.249446162259381,0.251909918259641,0.254373674259901,0.259301186260421,
0.26422869826094,0.26915621026146,0.27408372226198,0.2790112342625,0.283938746263019,
0.288866258263539,0.293793770264059,0.298721282264578,0.303648794265098,
0.308576306265618,0.313503818266137),(0.,1.),.UNSPECIFIED.);
#115=B_SPLINE_SURFACE_WITH_KNOTS('',3,1,((#5141,#5142),(#5143,#5144),(#5145,
#5146),(#5147,#5148),(#5149,#5150),(#5151,#5152),(#5153,#5154),(#5155,#5156),
(#5157,#5158),(#5159,#5160),(#5161,#5162),(#5163,#5164),(#5165,#5166),(#5167,
#5168),(#5169,#5170),(#5171,#5172),(#5173,#5174),(#5175,#5176),(#5177,#5178),
(#5179,#5180),(#5181,#5182),(#5183,#5184),(#5185,#5186),(#5187,#5188),(#5189,
#5190),(#5191,#5192),(#5193,#5194),(#5195,#5196),(#5197,#5198),(#5199,#5200),
(#5201,#5202),(#5203,#5204),(#5205,#5206),(#5207,#5208),(#5209,#5210),(#5211,
#5212),(#5213,#5214),(#5215,#5216),(#5217,#5218),(#5219,#5220),(#5221,#5222),
(#5223,#5224),(#5225,#5226),(#5227,#5228),(#5229,#5230),(#5231,#5232),(#5233,
#5234),(#5235,#5236),(#5237,#5238),(#5239,#5240),(#5241,#5242),(#5243,#5244),
(#5245,#5246),(#5247,#5248),(#5249,#5250),(#5251,#5252),(#5253,#5254),(#5255,
#5256),(#5257,#5258),(#5259,#5260),(#5261,#5262),(#5263,#5264)),
 .SURF_OF_LINEAR_EXTRUSION.,.F.,.F.,.F.,(4,1,1,1,1,1,1,1,1,1,1,1,1,1,1,
1,1,1,1,1,1,1,1,1,1,1,1,1,1,1,1,1,1,1,1,1,1,1,1,1,1,1,1,1,1,1,1,1,1,1,1,
1,1,1,1,1,1,1,1,4),(2,2),(0.31571503194619,0.31806535789153,0.320415683836869,
0.322766009782209,0.325116335727548,0.326291498700218,0.327466661672888,
0.328641824645558,0.329229406131893,0.329816987618227,0.330404569104562,
0.33069835984773,0.330992150590897,0.331285941334065,0.331432836705648,
0.331579732077232,0.331726627448816,0.3318735228204,0.332167313563567,0.332314208935151,
0.332461104306734,0.332754895049902,0.333048685793069,0.333342476536237,
0.333636267279404,0.333930058022572,0.334223848765739,0.334517639508907,
0.335105220995242,0.335692802481576,0.336280383967911,0.336867965454246,
0.338043128426916,0.339218291399586,0.340393454372256,0.341568617344925,
0.343918943290265,0.346269269235605,0.348619595180944,0.350969921126284,
0.353320247071623,0.358020898962302,0.362721550852982,0.367422202743661,
0.37212285463434,0.381524158415698,0.386224810306377,0.390925462197056,
0.400326765978415,0.405027417869094,0.409728069759773,0.419129373541131,
0.423830025431811,0.42853067732249,0.437931981103848,0.442632632994527,
0.447333284885206,0.452033936775886,0.456734588666565,0.466135892447923),
(0.,1.),.UNSPECIFIED.);
#116=B_SPLINE_SURFACE_WITH_KNOTS('',3,1,((#5266,#5267),(#5268,#5269),(#5270,
#5271),(#5272,#5273),(#5274,#5275),(#5276,#5277),(#5278,#5279),(#5280,#5281),
(#5282,#5283),(#5284,#5285),(#5286,#5287)),.SURF_OF_LINEAR_EXTRUSION.,.F.,
 .F.,.F.,(4,1,1,1,1,1,1,1,4),(2,2),(0.489491965461943,0.496960962125521,
0.504429958789099,0.511898955452677,0.519367952116255,0.526836948779833,
0.534305945443411,0.541774942106989,0.549243938770567),(0.,1.),
 .UNSPECIFIED.);
#117=B_SPLINE_SURFACE_WITH_KNOTS('',3,1,((#5289,#5290),(#5291,#5292),(#5293,
#5294),(#5295,#5296)),.SURF_OF_LINEAR_EXTRUSION.,.F.,.F.,.F.,(4,4),(2,2),
(0.579708661279568,0.590935391232201),(0.,1.),.PIECEWISE_BEZIER_KNOTS.);
#118=B_SPLINE_SURFACE_WITH_KNOTS('',3,1,((#5298,#5299),(#5300,#5301),(#5302,
#5303),(#5304,#5305),(#5306,#5307),(#5308,#5309),(#5310,#5311),(#5312,#5313),
(#5314,#5315),(#5316,#5317),(#5318,#5319),(#5320,#5321),(#5322,#5323),(#5324,
#5325),(#5326,#5327),(#5328,#5329),(#5330,#5331),(#5332,#5333),(#5334,#5335),
(#5336,#5337),(#5338,#5339),(#5340,#5341),(#5342,#5343),(#5344,#5345),(#5346,
#5347),(#5348,#5349),(#5350,#5351),(#5352,#5353),(#5354,#5355),(#5356,#5357),
(#5358,#5359),(#5360,#5361),(#5362,#5363),(#5364,#5365),(#5366,#5367),(#5368,
#5369),(#5370,#5371),(#5372,#5373),(#5374,#5375),(#5376,#5377),(#5378,#5379),
(#5380,#5381),(#5382,#5383),(#5384,#5385),(#5386,#5387),(#5388,#5389),(#5390,
#5391),(#5392,#5393),(#5394,#5395),(#5396,#5397),(#5398,#5399),(#5400,#5401),
(#5402,#5403),(#5404,#5405),(#5406,#5407),(#5408,#5409),(#5410,#5411),(#5412,
#5413),(#5414,#5415),(#5416,#5417),(#5418,#5419),(#5420,#5421),(#5422,#5423),
(#5424,#5425),(#5426,#5427),(#5428,#5429),(#5430,#5431),(#5432,#5433),(#5434,
#5435)),.SURF_OF_LINEAR_EXTRUSION.,.F.,.F.,.F.,(4,1,1,1,1,1,1,1,1,1,1,1,
1,1,1,1,1,1,1,1,1,1,1,1,1,1,1,1,1,1,1,1,1,1,1,1,1,1,1,1,1,1,1,1,1,1,1,1,
1,1,1,1,1,1,1,1,1,1,1,1,1,1,1,1,1,1,4),(2,2),(0.606116440681327,0.613623929921119,
0.621131419160912,0.628638908400705,0.636146397640497,0.64365388688029,
0.651161376120082,0.658668865359875,0.666176354599668,0.669930099219564,
0.67368384383946,0.677437588459356,0.681191333079253,0.684945077699149,
0.686821950009097,0.688698822319045,0.690575694628993,0.692452566938941,
0.693391003093915,0.69432943924889,0.695267875403864,0.696206311558838,
0.697144747713812,0.697613965791299,0.698083183868786,0.698552401946273,
0.69902162002376,0.699256229062504,0.699490838101247,0.699725447139991,
0.699960056178734,0.700194665217478,0.700429274256221,0.700663883294965,
0.700898492333708,0.701133101372452,0.701367710411195,0.701836928488682,
0.702306146566169,0.702775364643656,0.70371380079863,0.704652236953604,
0.705590673108578,0.706529109263553,0.707467545418527,0.709344417728475,
0.711221290038423,0.713098162348371,0.714975034658319,0.718728779278215,
0.722482523898112,0.726236268518008,0.729990013137904,0.733743757757801,
0.741251246997593,0.748758736237386,0.756266225477178,0.763773714716971,
0.771281203956763,0.786296182436348,0.801311160915933,0.808818650155726,
0.816326139395519,0.823833628635311,0.831341117875104,0.838848607114896,
0.846356096354689),(0.,1.),.UNSPECIFIED.);
#119=B_SPLINE_SURFACE_WITH_KNOTS('',3,1,((#5437,#5438),(#5439,#5440),(#5441,
#5442),(#5443,#5444),(#5445,#5446),(#5447,#5448),(#5449,#5450),(#5451,#5452),
(#5453,#5454),(#5455,#5456),(#5457,#5458),(#5459,#5460),(#5461,#5462),(#5463,
#5464),(#5465,#5466),(#5467,#5468),(#5469,#5470),(#5471,#5472)),
 .SURF_OF_LINEAR_EXTRUSION.,.F.,.F.,.F.,(4,1,1,1,1,1,1,1,1,1,1,1,1,1,1,
4),(2,2),(0.873300230942825,0.884297888640252,0.895295546337679,0.900794375186392,
0.906293204035106,0.917290861732533,0.922789690581246,0.928288519429959,
0.933787348278673,0.939286177127386,0.9447850059761,0.947534420400457,0.950283834824813,
0.95303324924917,0.955782663673527,0.96128149252224),(0.,1.),
 .UNSPECIFIED.);
#120=B_SPLINE_SURFACE_WITH_KNOTS('',3,1,((#5474,#5475),(#5476,#5477),(#5478,
#5479),(#5480,#5481),(#5482,#5483),(#5484,#5485),(#5486,#5487),(#5488,#5489),
(#5490,#5491),(#5492,#5493),(#5494,#5495),(#5496,#5497),(#5498,#5499),(#5500,
#5501),(#5502,#5503),(#5504,#5505),(#5506,#5507),(#5508,#5509),(#5510,#5511),
(#5512,#5513),(#5514,#5515),(#5516,#5517)),.SURF_OF_LINEAR_EXTRUSION.,.F.,
 .F.,.F.,(4,1,1,1,1,1,1,1,1,1,1,1,1,1,1,1,1,1,1,4),(2,2),(0.194042953614904,
0.244766270706816,0.295489587798729,0.346212904890642,0.396936221982555,
0.422297880528512,0.447659539074468,0.473021197620425,0.498382856166381,
0.511063685439359,0.523744514712338,0.536425343985316,0.549106173258294,
0.561787002531272,0.568127417167761,0.57446783180425,0.58080824644074,0.587148661077229,
0.593489075713718,0.599829490350207),(0.,1.),.UNSPECIFIED.);
#121=B_SPLINE_SURFACE_WITH_KNOTS('',3,1,((#5521,#5522),(#5523,#5524),(#5525,
#5526),(#5527,#5528),(#5529,#5530),(#5531,#5532),(#5533,#5534),(#5535,#5536),
(#5537,#5538),(#5539,#5540),(#5541,#5542),(#5543,#5544)),
 .SURF_OF_LINEAR_EXTRUSION.,.F.,.F.,.F.,(4,1,1,1,1,1,1,1,1,4),(2,2),(0.160297201067662,
0.174688173589897,0.181883659851015,0.189079146112133,0.19627463237325,
0.203470118634368,0.207067861764927,0.210665604895486,0.214263348026045,
0.217861091156604),(0.,1.),.UNSPECIFIED.);
#122=B_SPLINE_SURFACE_WITH_KNOTS('',3,1,((#5546,#5547),(#5548,#5549),(#5550,
#5551),(#5552,#5553),(#5554,#5555),(#5556,#5557),(#5558,#5559),(#5560,#5561),
(#5562,#5563),(#5564,#5565),(#5566,#5567),(#5568,#5569),(#5570,#5571),(#5572,
#5573)),.SURF_OF_LINEAR_EXTRUSION.,.F.,.F.,.F.,(4,1,1,1,1,1,1,1,1,1,1,4),
(2,2),(0.714293539694355,0.717031651167439,0.719769762640523,0.725245985586691,
0.730722208532858,0.736198431479026,0.741674654425194,0.747150877371362,
0.758103323263698,0.769055769156033,0.780008215048369,0.80191310683304),
(0.,1.),.UNSPECIFIED.);
#123=B_SPLINE_SURFACE_WITH_KNOTS('',3,1,((#5578,#5579),(#5580,#5581),(#5582,
#5583),(#5584,#5585),(#5586,#5587),(#5588,#5589),(#5590,#5591),(#5592,#5593),
(#5594,#5595),(#5596,#5597),(#5598,#5599),(#5600,#5601),(#5602,#5603),(#5604,
#5605),(#5606,#5607),(#5608,#5609),(#5610,#5611),(#5612,#5613),(#5614,#5615),
(#5616,#5617),(#5618,#5619),(#5620,#5621),(#5622,#5623),(#5624,#5625),(#5626,
#5627),(#5628,#5629),(#5630,#5631),(#5632,#5633),(#5634,#5635),(#5636,#5637),
(#5638,#5639),(#5640,#5641),(#5642,#5643),(#5644,#5645),(#5646,#5647),(#5648,
#5649),(#5650,#5651),(#5652,#5653),(#5654,#5655),(#5656,#5657),(#5658,#5659),
(#5660,#5661),(#5662,#5663),(#5664,#5665),(#5666,#5667),(#5668,#5669),(#5670,
#5671),(#5672,#5673),(#5674,#5675),(#5676,#5677)),
 .SURF_OF_LINEAR_EXTRUSION.,.T.,.F.,.F.,(1,1,1,1,1,1,1,1,1,1,1,1,1,1,1,
1,1,1,1,1,1,1,1,1,1,1,1,1,1,1,1,1,1,1,1,1,1,1,1,1,1,1,1,1,1,1,1,1,1,1,1,
1,1,1),(2,2),(-0.09375,-0.0625,-0.03125,0.,0.03125,0.0625,0.078125,0.09375,
0.109375,0.1171875,0.125,0.140625,0.15625,0.171875,0.1875,0.21875,0.234375,
0.25,0.265625,0.28125,0.3125,0.34375,0.359375,0.375,0.40625,0.4375,0.46875,
0.5,0.53125,0.5625,0.59375,0.609375,0.625,0.65625,0.6875,0.71875,0.734375,
0.75,0.7578125,0.765625,0.78125,0.796875,0.8125,0.84375,0.859375,0.875,
0.890625,0.90625,0.9375,0.96875,1.,1.03125,1.0625,1.078125),(0.,1.),
 .UNSPECIFIED.);
#124=B_SPLINE_SURFACE_WITH_KNOTS('',3,1,((#5730,#5731),(#5732,#5733),(#5734,
#5735),(#5736,#5737),(#5738,#5739),(#5740,#5741),(#5742,#5743),(#5744,#5745),
(#5746,#5747),(#5748,#5749),(#5750,#5751),(#5752,#5753),(#5754,#5755),(#5756,
#5757),(#5758,#5759),(#5760,#5761),(#5762,#5763),(#5764,#5765),(#5766,#5767),
(#5768,#5769),(#5770,#5771),(#5772,#5773),(#5774,#5775),(#5776,#5777),(#5778,
#5779),(#5780,#5781),(#5782,#5783),(#5784,#5785),(#5786,#5787),(#5788,#5789),
(#5790,#5791),(#5792,#5793),(#5794,#5795),(#5796,#5797),(#5798,#5799),(#5800,
#5801),(#5802,#5803),(#5804,#5805),(#5806,#5807),(#5808,#5809),(#5810,#5811),
(#5812,#5813),(#5814,#5815),(#5816,#5817),(#5818,#5819),(#5820,#5821),(#5822,
#5823),(#5824,#5825),(#5826,#5827),(#5828,#5829),(#5830,#5831),(#5832,#5833),
(#5834,#5835),(#5836,#5837),(#5838,#5839),(#5840,#5841),(#5842,#5843),(#5844,
#5845),(#5846,#5847),(#5848,#5849),(#5850,#5851)),
 .SURF_OF_LINEAR_EXTRUSION.,.T.,.F.,.F.,(1,1,1,1,1,1,1,1,1,1,1,1,1,1,1,
1,1,1,1,1,1,1,1,1,1,1,1,1,1,1,1,1,1,1,1,1,1,1,1,1,1,1,1,1,1,1,1,1,1,1,1,
1,1,1,1,1,1,1,1,1,1,1,1,1,1),(2,2),(-0.046875,-0.03125,-0.015625,0.,0.015625,
0.03125,0.046875,0.0625,0.078125,0.09375,0.1015625,0.109375,0.125,0.140625,
0.15625,0.1875,0.1953125,0.203125,0.21875,0.234375,0.25,0.28125,0.3125,
0.34375,0.375,0.390625,0.3984375,0.40625,0.421875,0.4375,0.46875,0.5,0.515625,
0.53125,0.5625,0.59375,0.609375,0.625,0.640625,0.65625,0.6875,0.71875,0.7265625,
0.734375,0.75,0.765625,0.78125,0.796875,0.8125,0.8203125,0.828125,0.8359375,
0.84375,0.859375,0.875,0.90625,0.921875,0.9375,0.953125,0.96875,0.984375,
1.,1.015625,1.03125,1.046875),(0.,1.),.UNSPECIFIED.);
#125=ORIENTED_EDGE('',*,*,#339,.F.);
#126=ORIENTED_EDGE('',*,*,#340,.F.);
#127=ORIENTED_EDGE('',*,*,#341,.T.);
#128=ORIENTED_EDGE('',*,*,#342,.F.);
#129=ORIENTED_EDGE('',*,*,#343,.F.);
#130=ORIENTED_EDGE('',*,*,#344,.T.);
#131=ORIENTED_EDGE('',*,*,#345,.T.);
#132=ORIENTED_EDGE('',*,*,#346,.T.);
#133=ORIENTED_EDGE('',*,*,#347,.F.);
#134=ORIENTED_EDGE('',*,*,#348,.F.);
#135=ORIENTED_EDGE('',*,*,#349,.T.);
#136=ORIENTED_EDGE('',*,*,#350,.T.);
#137=ORIENTED_EDGE('',*,*,#345,.F.);
#138=ORIENTED_EDGE('',*,*,#351,.F.);
#139=ORIENTED_EDGE('',*,*,#352,.T.);
#140=ORIENTED_EDGE('',*,*,#353,.T.);
#141=ORIENTED_EDGE('',*,*,#349,.F.);
#142=ORIENTED_EDGE('',*,*,#354,.F.);
#143=ORIENTED_EDGE('',*,*,#355,.F.);
#144=ORIENTED_EDGE('',*,*,#356,.F.);
#145=ORIENTED_EDGE('',*,*,#357,.T.);
#146=ORIENTED_EDGE('',*,*,#358,.T.);
#147=ORIENTED_EDGE('',*,*,#359,.F.);
#148=ORIENTED_EDGE('',*,*,#358,.F.);
#149=ORIENTED_EDGE('',*,*,#360,.T.);
#150=ORIENTED_EDGE('',*,*,#361,.T.);
#151=ORIENTED_EDGE('',*,*,#362,.F.);
#152=ORIENTED_EDGE('',*,*,#361,.F.);
#153=ORIENTED_EDGE('',*,*,#363,.T.);
#154=ORIENTED_EDGE('',*,*,#364,.T.);
#155=ORIENTED_EDGE('',*,*,#365,.F.);
#156=ORIENTED_EDGE('',*,*,#364,.F.);
#157=ORIENTED_EDGE('',*,*,#366,.T.);
#158=ORIENTED_EDGE('',*,*,#367,.T.);
#159=ORIENTED_EDGE('',*,*,#368,.F.);
#160=ORIENTED_EDGE('',*,*,#367,.F.);
#161=ORIENTED_EDGE('',*,*,#369,.T.);
#162=ORIENTED_EDGE('',*,*,#370,.T.);
#163=ORIENTED_EDGE('',*,*,#371,.F.);
#164=ORIENTED_EDGE('',*,*,#370,.F.);
#165=ORIENTED_EDGE('',*,*,#372,.T.);
#166=ORIENTED_EDGE('',*,*,#373,.T.);
#167=ORIENTED_EDGE('',*,*,#374,.F.);
#168=ORIENTED_EDGE('',*,*,#373,.F.);
#169=ORIENTED_EDGE('',*,*,#375,.T.);
#170=ORIENTED_EDGE('',*,*,#376,.T.);
#171=ORIENTED_EDGE('',*,*,#377,.F.);
#172=ORIENTED_EDGE('',*,*,#376,.F.);
#173=ORIENTED_EDGE('',*,*,#378,.T.);
#174=ORIENTED_EDGE('',*,*,#379,.T.);
#175=ORIENTED_EDGE('',*,*,#380,.F.);
#176=ORIENTED_EDGE('',*,*,#379,.F.);
#177=ORIENTED_EDGE('',*,*,#381,.T.);
#178=ORIENTED_EDGE('',*,*,#382,.T.);
#179=ORIENTED_EDGE('',*,*,#383,.F.);
#180=ORIENTED_EDGE('',*,*,#382,.F.);
#181=ORIENTED_EDGE('',*,*,#384,.T.);
#182=ORIENTED_EDGE('',*,*,#385,.T.);
#183=ORIENTED_EDGE('',*,*,#386,.F.);
#184=ORIENTED_EDGE('',*,*,#385,.F.);
#185=ORIENTED_EDGE('',*,*,#387,.T.);
#186=ORIENTED_EDGE('',*,*,#356,.T.);
#187=ORIENTED_EDGE('',*,*,#347,.T.);
#188=ORIENTED_EDGE('',*,*,#388,.T.);
#189=ORIENTED_EDGE('',*,*,#389,.F.);
#190=ORIENTED_EDGE('',*,*,#339,.T.);
#191=ORIENTED_EDGE('',*,*,#390,.F.);
#192=ORIENTED_EDGE('',*,*,#391,.T.);
#193=ORIENTED_EDGE('',*,*,#392,.F.);
#194=ORIENTED_EDGE('',*,*,#342,.T.);
#195=ORIENTED_EDGE('',*,*,#393,.F.);
#196=ORIENTED_EDGE('',*,*,#394,.T.);
#197=ORIENTED_EDGE('',*,*,#352,.F.);
#198=ORIENTED_EDGE('',*,*,#395,.F.);
#199=ORIENTED_EDGE('',*,*,#357,.F.);
#200=ORIENTED_EDGE('',*,*,#387,.F.);
#201=ORIENTED_EDGE('',*,*,#384,.F.);
#202=ORIENTED_EDGE('',*,*,#381,.F.);
#203=ORIENTED_EDGE('',*,*,#378,.F.);
#204=ORIENTED_EDGE('',*,*,#375,.F.);
#205=ORIENTED_EDGE('',*,*,#372,.F.);
#206=ORIENTED_EDGE('',*,*,#369,.F.);
#207=ORIENTED_EDGE('',*,*,#366,.F.);
#208=ORIENTED_EDGE('',*,*,#363,.F.);
#209=ORIENTED_EDGE('',*,*,#360,.F.);
#210=ORIENTED_EDGE('',*,*,#348,.T.);
#211=ORIENTED_EDGE('',*,*,#395,.T.);
#212=ORIENTED_EDGE('',*,*,#354,.T.);
#213=ORIENTED_EDGE('',*,*,#351,.T.);
#214=ORIENTED_EDGE('',*,*,#343,.T.);
#215=ORIENTED_EDGE('',*,*,#392,.T.);
#216=ORIENTED_EDGE('',*,*,#396,.F.);
#217=ORIENTED_EDGE('',*,*,#393,.T.);
#218=ORIENTED_EDGE('',*,*,#397,.T.);
#219=ORIENTED_EDGE('',*,*,#398,.F.);
#220=ORIENTED_EDGE('',*,*,#396,.T.);
#221=ORIENTED_EDGE('',*,*,#391,.F.);
#222=ORIENTED_EDGE('',*,*,#399,.T.);
#223=ORIENTED_EDGE('',*,*,#388,.F.);
#224=ORIENTED_EDGE('',*,*,#346,.F.);
#225=ORIENTED_EDGE('',*,*,#350,.F.);
#226=ORIENTED_EDGE('',*,*,#353,.F.);
#227=ORIENTED_EDGE('',*,*,#394,.F.);
#228=ORIENTED_EDGE('',*,*,#397,.F.);
#229=ORIENTED_EDGE('',*,*,#400,.F.);
#230=ORIENTED_EDGE('',*,*,#401,.T.);
#231=ORIENTED_EDGE('',*,*,#402,.T.);
#232=ORIENTED_EDGE('',*,*,#403,.T.);
#233=ORIENTED_EDGE('',*,*,#404,.T.);
#234=ORIENTED_EDGE('',*,*,#405,.T.);
#235=ORIENTED_EDGE('',*,*,#406,.T.);
#236=ORIENTED_EDGE('',*,*,#407,.T.);
#237=ORIENTED_EDGE('',*,*,#408,.T.);
#238=ORIENTED_EDGE('',*,*,#409,.T.);
#239=ORIENTED_EDGE('',*,*,#410,.T.);
#240=ORIENTED_EDGE('',*,*,#411,.T.);
#241=ORIENTED_EDGE('',*,*,#412,.T.);
#242=ORIENTED_EDGE('',*,*,#413,.T.);
#243=ORIENTED_EDGE('',*,*,#414,.T.);
#244=ORIENTED_EDGE('',*,*,#386,.T.);
#245=ORIENTED_EDGE('',*,*,#355,.T.);
#246=ORIENTED_EDGE('',*,*,#359,.T.);
#247=ORIENTED_EDGE('',*,*,#362,.T.);
#248=ORIENTED_EDGE('',*,*,#365,.T.);
#249=ORIENTED_EDGE('',*,*,#368,.T.);
#250=ORIENTED_EDGE('',*,*,#371,.T.);
#251=ORIENTED_EDGE('',*,*,#374,.T.);
#252=ORIENTED_EDGE('',*,*,#377,.T.);
#253=ORIENTED_EDGE('',*,*,#380,.T.);
#254=ORIENTED_EDGE('',*,*,#383,.T.);
#255=ORIENTED_EDGE('',*,*,#415,.F.);
#256=ORIENTED_EDGE('',*,*,#416,.F.);
#257=ORIENTED_EDGE('',*,*,#417,.F.);
#258=ORIENTED_EDGE('',*,*,#418,.F.);
#259=ORIENTED_EDGE('',*,*,#419,.F.);
#260=ORIENTED_EDGE('',*,*,#420,.F.);
#261=ORIENTED_EDGE('',*,*,#421,.F.);
#262=ORIENTED_EDGE('',*,*,#422,.F.);
#263=ORIENTED_EDGE('',*,*,#423,.F.);
#264=ORIENTED_EDGE('',*,*,#424,.F.);
#265=ORIENTED_EDGE('',*,*,#425,.F.);
#266=ORIENTED_EDGE('',*,*,#426,.F.);
#267=ORIENTED_EDGE('',*,*,#427,.F.);
#268=ORIENTED_EDGE('',*,*,#428,.F.);
#269=ORIENTED_EDGE('',*,*,#340,.T.);
#270=ORIENTED_EDGE('',*,*,#389,.T.);
#271=ORIENTED_EDGE('',*,*,#399,.F.);
#272=ORIENTED_EDGE('',*,*,#390,.T.);
#273=ORIENTED_EDGE('',*,*,#400,.T.);
#274=ORIENTED_EDGE('',*,*,#429,.F.);
#275=ORIENTED_EDGE('',*,*,#415,.T.);
#276=ORIENTED_EDGE('',*,*,#430,.F.);
#277=ORIENTED_EDGE('',*,*,#401,.F.);
#278=ORIENTED_EDGE('',*,*,#431,.T.);
#279=ORIENTED_EDGE('',*,*,#428,.T.);
#280=ORIENTED_EDGE('',*,*,#432,.F.);
#281=ORIENTED_EDGE('',*,*,#402,.F.);
#282=ORIENTED_EDGE('',*,*,#430,.T.);
#283=ORIENTED_EDGE('',*,*,#427,.T.);
#284=ORIENTED_EDGE('',*,*,#433,.F.);
#285=ORIENTED_EDGE('',*,*,#403,.F.);
#286=ORIENTED_EDGE('',*,*,#432,.T.);
#287=ORIENTED_EDGE('',*,*,#426,.T.);
#288=ORIENTED_EDGE('',*,*,#434,.F.);
#289=ORIENTED_EDGE('',*,*,#404,.F.);
#290=ORIENTED_EDGE('',*,*,#433,.T.);
#291=ORIENTED_EDGE('',*,*,#425,.T.);
#292=ORIENTED_EDGE('',*,*,#435,.F.);
#293=ORIENTED_EDGE('',*,*,#405,.F.);
#294=ORIENTED_EDGE('',*,*,#434,.T.);
#295=ORIENTED_EDGE('',*,*,#424,.T.);
#296=ORIENTED_EDGE('',*,*,#436,.F.);
#297=ORIENTED_EDGE('',*,*,#406,.F.);
#298=ORIENTED_EDGE('',*,*,#435,.T.);
#299=ORIENTED_EDGE('',*,*,#423,.T.);
#300=ORIENTED_EDGE('',*,*,#437,.F.);
#301=ORIENTED_EDGE('',*,*,#407,.F.);
#302=ORIENTED_EDGE('',*,*,#436,.T.);
#303=ORIENTED_EDGE('',*,*,#422,.T.);
#304=ORIENTED_EDGE('',*,*,#438,.F.);
#305=ORIENTED_EDGE('',*,*,#408,.F.);
#306=ORIENTED_EDGE('',*,*,#437,.T.);
#307=ORIENTED_EDGE('',*,*,#421,.T.);
#308=ORIENTED_EDGE('',*,*,#439,.F.);
#309=ORIENTED_EDGE('',*,*,#409,.F.);
#310=ORIENTED_EDGE('',*,*,#438,.T.);
#311=ORIENTED_EDGE('',*,*,#420,.T.);
#312=ORIENTED_EDGE('',*,*,#440,.F.);
#313=ORIENTED_EDGE('',*,*,#410,.F.);
#314=ORIENTED_EDGE('',*,*,#439,.T.);
#315=ORIENTED_EDGE('',*,*,#419,.T.);
#316=ORIENTED_EDGE('',*,*,#441,.F.);
#317=ORIENTED_EDGE('',*,*,#411,.F.);
#318=ORIENTED_EDGE('',*,*,#440,.T.);
#319=ORIENTED_EDGE('',*,*,#418,.T.);
#320=ORIENTED_EDGE('',*,*,#442,.F.);
#321=ORIENTED_EDGE('',*,*,#412,.F.);
#322=ORIENTED_EDGE('',*,*,#441,.T.);
#323=ORIENTED_EDGE('',*,*,#417,.T.);
#324=ORIENTED_EDGE('',*,*,#443,.F.);
#325=ORIENTED_EDGE('',*,*,#413,.F.);
#326=ORIENTED_EDGE('',*,*,#442,.T.);
#327=ORIENTED_EDGE('',*,*,#416,.T.);
#328=ORIENTED_EDGE('',*,*,#431,.F.);
#329=ORIENTED_EDGE('',*,*,#414,.F.);
#330=ORIENTED_EDGE('',*,*,#443,.T.);
#331=ORIENTED_EDGE('',*,*,#444,.T.);
#332=ORIENTED_EDGE('',*,*,#344,.F.);
#333=ORIENTED_EDGE('',*,*,#444,.F.);
#334=ORIENTED_EDGE('',*,*,#398,.T.);
#335=ORIENTED_EDGE('',*,*,#445,.T.);
#336=ORIENTED_EDGE('',*,*,#341,.F.);
#337=ORIENTED_EDGE('',*,*,#445,.F.);
#338=ORIENTED_EDGE('',*,*,#429,.T.);
#339=EDGE_CURVE('',#446,#447,#520,.T.);
#340=EDGE_CURVE('',#447,#446,#521,.T.);
#341=EDGE_CURVE('',#448,#448,#522,.T.);
#342=EDGE_CURVE('',#449,#450,#523,.T.);
#343=EDGE_CURVE('',#450,#449,#524,.T.);
#344=EDGE_CURVE('',#451,#451,#525,.T.);
#345=EDGE_CURVE('',#452,#453,#30,.T.);
#346=EDGE_CURVE('',#453,#454,#526,.T.);
#347=EDGE_CURVE('',#455,#454,#31,.T.);
#348=EDGE_CURVE('',#452,#455,#527,.T.);
#349=EDGE_CURVE('',#456,#457,#32,.T.);
#350=EDGE_CURVE('',#457,#453,#528,.T.);
#351=EDGE_CURVE('',#456,#452,#529,.T.);
#352=EDGE_CURVE('',#458,#459,#33,.T.);
#353=EDGE_CURVE('',#459,#457,#530,.T.);
#354=EDGE_CURVE('',#458,#456,#531,.T.);
#355=EDGE_CURVE('',#460,#461,#12,.T.);
#356=EDGE_CURVE('',#462,#460,#34,.T.);
#357=EDGE_CURVE('',#462,#463,#13,.T.);
#358=EDGE_CURVE('',#463,#461,#35,.T.);
#359=EDGE_CURVE('',#461,#464,#532,.T.);
#360=EDGE_CURVE('',#463,#465,#533,.T.);
#361=EDGE_CURVE('',#465,#464,#36,.T.);
#362=EDGE_CURVE('',#464,#466,#534,.T.);
#363=EDGE_CURVE('',#465,#467,#535,.T.);
#364=EDGE_CURVE('',#467,#466,#37,.T.);
#365=EDGE_CURVE('',#466,#468,#536,.T.);
#366=EDGE_CURVE('',#467,#469,#537,.T.);
#367=EDGE_CURVE('',#469,#468,#38,.T.);
#368=EDGE_CURVE('',#468,#470,#538,.T.);
#369=EDGE_CURVE('',#469,#471,#539,.T.);
#370=EDGE_CURVE('',#471,#470,#39,.T.);
#371=EDGE_CURVE('',#470,#472,#540,.T.);
#372=EDGE_CURVE('',#471,#473,#541,.T.);
#373=EDGE_CURVE('',#473,#472,#40,.T.);
#374=EDGE_CURVE('',#472,#474,#542,.T.);
#375=EDGE_CURVE('',#473,#475,#543,.T.);
#376=EDGE_CURVE('',#475,#474,#41,.T.);
#377=EDGE_CURVE('',#474,#476,#14,.T.);
#378=EDGE_CURVE('',#475,#477,#15,.T.);
#379=EDGE_CURVE('',#477,#476,#42,.T.);
#380=EDGE_CURVE('',#476,#478,#16,.T.);
#381=EDGE_CURVE('',#477,#479,#17,.T.);
#382=EDGE_CURVE('',#479,#478,#43,.T.);
#383=EDGE_CURVE('',#478,#480,#544,.T.);
#384=EDGE_CURVE('',#479,#481,#545,.T.);
#385=EDGE_CURVE('',#481,#480,#44,.T.);
#386=EDGE_CURVE('',#480,#460,#546,.T.);
#387=EDGE_CURVE('',#481,#462,#547,.T.);
#388=EDGE_CURVE('',#454,#482,#548,.T.);
#389=EDGE_CURVE('',#446,#482,#45,.F.);
#390=EDGE_CURVE('',#483,#447,#46,.T.);
#391=EDGE_CURVE('',#483,#484,#549,.T.);
#392=EDGE_CURVE('',#449,#484,#47,.F.);
#393=EDGE_CURVE('',#485,#450,#48,.T.);
#394=EDGE_CURVE('',#485,#459,#550,.T.);
#395=EDGE_CURVE('',#455,#458,#551,.T.);
#396=EDGE_CURVE('',#485,#484,#552,.T.);
#397=EDGE_CURVE('',#486,#486,#553,.T.);
#398=EDGE_CURVE('',#487,#487,#554,.T.);
#399=EDGE_CURVE('',#483,#482,#555,.T.);
#400=EDGE_CURVE('',#488,#488,#556,.T.);
#401=EDGE_CURVE('',#489,#490,#557,.T.);
#402=EDGE_CURVE('',#490,#491,#558,.T.);
#403=EDGE_CURVE('',#491,#492,#559,.T.);
#404=EDGE_CURVE('',#492,#493,#560,.T.);
#405=EDGE_CURVE('',#493,#494,#561,.T.);
#406=EDGE_CURVE('',#494,#495,#562,.T.);
#407=EDGE_CURVE('',#495,#496,#563,.T.);
#408=EDGE_CURVE('',#496,#497,#564,.T.);
#409=EDGE_CURVE('',#497,#498,#565,.T.);
#410=EDGE_CURVE('',#498,#499,#18,.F.);
#411=EDGE_CURVE('',#499,#500,#566,.T.);
#412=EDGE_CURVE('',#500,#501,#567,.T.);
#413=EDGE_CURVE('',#501,#502,#19,.F.);
#414=EDGE_CURVE('',#502,#489,#20,.F.);
#415=EDGE_CURVE('',#503,#504,#568,.T.);
#416=EDGE_CURVE('',#505,#503,#21,.F.);
#417=EDGE_CURVE('',#506,#505,#22,.F.);
#418=EDGE_CURVE('',#507,#506,#569,.T.);
#419=EDGE_CURVE('',#508,#507,#570,.T.);
#420=EDGE_CURVE('',#509,#508,#23,.F.);
#421=EDGE_CURVE('',#510,#509,#571,.T.);
#422=EDGE_CURVE('',#511,#510,#572,.T.);
#423=EDGE_CURVE('',#512,#511,#573,.T.);
#424=EDGE_CURVE('',#513,#512,#574,.T.);
#425=EDGE_CURVE('',#514,#513,#575,.T.);
#426=EDGE_CURVE('',#515,#514,#576,.T.);
#427=EDGE_CURVE('',#516,#515,#577,.T.);
#428=EDGE_CURVE('',#504,#516,#578,.T.);
#429=EDGE_CURVE('',#517,#517,#579,.T.);
#430=EDGE_CURVE('',#490,#504,#49,.T.);
#431=EDGE_CURVE('',#489,#503,#50,.T.);
#432=EDGE_CURVE('',#491,#516,#51,.T.);
#433=EDGE_CURVE('',#492,#515,#52,.T.);
#434=EDGE_CURVE('',#493,#514,#53,.T.);
#435=EDGE_CURVE('',#494,#513,#54,.T.);
#436=EDGE_CURVE('',#495,#512,#55,.T.);
#437=EDGE_CURVE('',#496,#511,#56,.T.);
#438=EDGE_CURVE('',#497,#510,#57,.T.);
#439=EDGE_CURVE('',#498,#509,#58,.T.);
#440=EDGE_CURVE('',#499,#508,#59,.T.);
#441=EDGE_CURVE('',#500,#507,#60,.T.);
#442=EDGE_CURVE('',#501,#506,#61,.T.);
#443=EDGE_CURVE('',#502,#505,#62,.T.);
#444=EDGE_CURVE('',#518,#518,#580,.T.);
#445=EDGE_CURVE('',#519,#519,#581,.T.);
#446=VERTEX_POINT('',#917);
#447=VERTEX_POINT('',#918);
#448=VERTEX_POINT('',#1054);
#449=VERTEX_POINT('',#1107);
#450=VERTEX_POINT('',#1108);
#451=VERTEX_POINT('',#1215);
#452=VERTEX_POINT('',#1299);
#453=VERTEX_POINT('',#1300);
#454=VERTEX_POINT('',#1317);
#455=VERTEX_POINT('',#1319);
#456=VERTEX_POINT('',#1403);
#457=VERTEX_POINT('',#1404);
#458=VERTEX_POINT('',#1502);
#459=VERTEX_POINT('',#1503);
#460=VERTEX_POINT('',#1530);
#461=VERTEX_POINT('',#1531);
#462=VERTEX_POINT('',#1533);
#463=VERTEX_POINT('',#1535);
#464=VERTEX_POINT('',#1564);
#465=VERTEX_POINT('',#1576);
#466=VERTEX_POINT('',#1608);
#467=VERTEX_POINT('',#1621);
#468=VERTEX_POINT('',#1698);
#469=VERTEX_POINT('',#1732);
#470=VERTEX_POINT('',#2358);
#471=VERTEX_POINT('',#2649);
#472=VERTEX_POINT('',#2726);
#473=VERTEX_POINT('',#2760);
#474=VERTEX_POINT('',#2837);
#475=VERTEX_POINT('',#2869);
#476=VERTEX_POINT('',#2873);
#477=VERTEX_POINT('',#2875);
#478=VERTEX_POINT('',#2879);
#479=VERTEX_POINT('',#2881);
#480=VERTEX_POINT('',#2945);
#481=VERTEX_POINT('',#2972);
#482=VERTEX_POINT('',#3339);
#483=VERTEX_POINT('',#3342);
#484=VERTEX_POINT('',#3394);
#485=VERTEX_POINT('',#3397);
#486=VERTEX_POINT('',#3632);
#487=VERTEX_POINT('',#3644);
#488=VERTEX_POINT('',#3733);
#489=VERTEX_POINT('',#3780);
#490=VERTEX_POINT('',#3781);
#491=VERTEX_POINT('',#3812);
#492=VERTEX_POINT('',#3874);
#493=VERTEX_POINT('',#4004);
#494=VERTEX_POINT('',#4023);
#495=VERTEX_POINT('',#4030);
#496=VERTEX_POINT('',#4171);
#497=VERTEX_POINT('',#4201);
#498=VERTEX_POINT('',#4246);
#499=VERTEX_POINT('',#4248);
#500=VERTEX_POINT('',#4281);
#501=VERTEX_POINT('',#4316);
#502=VERTEX_POINT('',#4318);
#503=VERTEX_POINT('',#4367);
#504=VERTEX_POINT('',#4368);
#505=VERTEX_POINT('',#4370);
#506=VERTEX_POINT('',#4372);
#507=VERTEX_POINT('',#4407);
#508=VERTEX_POINT('',#4440);
#509=VERTEX_POINT('',#4442);
#510=VERTEX_POINT('',#4487);
#511=VERTEX_POINT('',#4517);
#512=VERTEX_POINT('',#4658);
#513=VERTEX_POINT('',#4665);
#514=VERTEX_POINT('',#4684);
#515=VERTEX_POINT('',#4814);
#516=VERTEX_POINT('',#4876);
#517=VERTEX_POINT('',#5002);
#518=VERTEX_POINT('',#5728);
#519=VERTEX_POINT('',#5913);
#520=B_SPLINE_CURVE_WITH_KNOTS('',3,(#866,#867,#868,#869,#870,#871,#872,
#873,#874,#875,#876,#877,#878,#879,#880,#881,#882,#883,#884,#885,#886,#887,
#888,#889,#890,#891,#892,#893,#894,#895,#896,#897,#898,#899,#900,#901,#902,
#903,#904,#905,#906,#907,#908,#909,#910,#911,#912,#913,#914,#915,#916),
 .UNSPECIFIED.,.F.,.F.,(4,1,1,1,1,1,1,1,1,1,1,1,1,1,1,1,1,1,1,1,1,1,1,1,
1,1,1,1,1,1,1,1,1,1,1,1,1,1,1,1,1,1,1,1,1,1,1,1,4),(0.,0.0239364386171059,
0.0465954968286134,0.0716437439291035,0.0997467421855059,0.126813424735086,
0.142318066776069,0.160084589001439,0.181123452257117,0.20590167019232,
0.229193344370696,0.249899093094295,0.271431038279807,0.295807906664144,
0.31445746697195,0.321789163678719,0.33118022800723,0.333803686835656,0.345715261833859,
0.364607946143854,0.383789662627412,0.404409234051704,0.426906565961957,
0.448434472115251,0.468940726611373,0.485115523512244,0.51948767775509,
0.556172287301608,0.570545470163115,0.590486309699378,0.608576260676482,
0.631116116059721,0.654114384581989,0.67634492766926,0.698430487201706,
0.701469188717034,0.723452017517468,0.749909865320115,0.778521490076517,
0.805460064477458,0.832449378049668,0.855109873305985,0.865886502018112,
0.899577515285161,0.928271900431796,0.950022323696539,0.964868559251286,
0.987150662827426,1.),.UNSPECIFIED.);
#521=B_SPLINE_CURVE_WITH_KNOTS('',3,(#919,#920,#921,#922,#923,#924,#925,
#926,#927,#928,#929,#930,#931,#932,#933,#934,#935,#936,#937,#938,#939,#940,
#941,#942,#943,#944,#945,#946,#947,#948,#949,#950,#951,#952,#953,#954,#955,
#956,#957,#958,#959,#960,#961,#962,#963,#964,#965,#966,#967,#968,#969,#970,
#971,#972,#973,#974,#975,#976,#977,#978,#979,#980,#981,#982,#983,#984,#985,
#986,#987,#988,#989,#990,#991,#992),.UNSPECIFIED.,.T.,.F.,(1,1,1,1,1,1,
1,1,1,1,1,1,1,1,1,1,1,1,1,1,1,1,1,1,1,1,1,1,1,1,1,1,1,1,1,1,1,1,1,1,1,1,
1,1,1,1,1,1,1,1,1,1,1,1,1,1,1,1,1,1,1,1,1,1,1,1,1,1,1,1,1,1,1,1,1,1,1,1),
(-0.03125,-0.015625,-0.0078125,0.,0.0078125,0.015625,0.03125,0.046875,0.0625,
0.078125,0.0859375,0.09375,0.1015625,0.109375,0.125,0.140625,0.15625,0.171875,
0.1875,0.1953125,0.203125,0.21875,0.234375,0.25,0.28125,0.3125,0.34375,
0.359375,0.375,0.390625,0.3984375,0.40625,0.421875,0.4375,0.46875,0.484375,
0.5,0.5078125,0.515625,0.5234375,0.53125,0.546875,0.5625,0.59375,0.609375,
0.625,0.6328125,0.640625,0.65625,0.6875,0.71875,0.7265625,0.734375,0.75,
0.765625,0.78125,0.796875,0.8125,0.8203125,0.828125,0.8359375,0.84375,0.859375,
0.875,0.890625,0.90625,0.9140625,0.921875,0.9296875,0.9375,0.953125,0.96875,
0.984375,0.9921875,1.,1.0078125,1.015625,1.03125),.UNSPECIFIED.);
#522=B_SPLINE_CURVE_WITH_KNOTS('',3,(#993,#994,#995,#996,#997,#998,#999,
#1000,#1001,#1002,#1003,#1004,#1005,#1006,#1007,#1008,#1009,#1010,#1011,
#1012,#1013,#1014,#1015,#1016,#1017,#1018,#1019,#1020,#1021,#1022,#1023,
#1024,#1025,#1026,#1027,#1028,#1029,#1030,#1031,#1032,#1033,#1034,#1035,
#1036,#1037,#1038,#1039,#1040,#1041,#1042,#1043,#1044,#1045,#1046,#1047,
#1048,#1049,#1050,#1051,#1052,#1053),.UNSPECIFIED.,.T.,.F.,(1,1,1,1,1,1,
1,1,1,1,1,1,1,1,1,1,1,1,1,1,1,1,1,1,1,1,1,1,1,1,1,1,1,1,1,1,1,1,1,1,1,1,
1,1,1,1,1,1,1,1,1,1,1,1,1,1,1,1,1,1,1,1,1,1,1),(-0.046875,-0.03125,-0.015625,
0.,0.015625,0.03125,0.046875,0.0625,0.078125,0.09375,0.1015625,0.109375,
0.125,0.140625,0.15625,0.1875,0.1953125,0.203125,0.21875,0.234375,0.25,
0.28125,0.3125,0.34375,0.375,0.390625,0.3984375,0.40625,0.421875,0.4375,
0.46875,0.5,0.515625,0.53125,0.5625,0.59375,0.609375,0.625,0.640625,0.65625,
0.6875,0.71875,0.7265625,0.734375,0.75,0.765625,0.78125,0.796875,0.8125,
0.8203125,0.828125,0.8359375,0.84375,0.859375,0.875,0.90625,0.921875,0.9375,
0.953125,0.96875,0.984375,1.,1.015625,1.03125,1.046875),.UNSPECIFIED.);
#523=B_SPLINE_CURVE_WITH_KNOTS('',3,(#1056,#1057,#1058,#1059,#1060,#1061,
#1062,#1063,#1064,#1065,#1066,#1067,#1068,#1069,#1070,#1071,#1072,#1073,
#1074,#1075,#1076,#1077,#1078,#1079,#1080,#1081,#1082,#1083,#1084,#1085,
#1086,#1087,#1088,#1089,#1090,#1091,#1092,#1093,#1094,#1095,#1096,#1097,
#1098,#1099,#1100,#1101,#1102,#1103,#1104,#1105,#1106),.UNSPECIFIED.,.F.,
 .F.,(4,1,1,1,1,1,1,1,1,1,1,1,1,1,1,1,1,1,1,1,1,1,1,1,1,1,1,1,1,1,1,1,1,
1,1,1,1,1,1,1,1,1,1,1,1,1,1,1,4),(0.,0.0239364386171059,0.0465954968286134,
0.0716437439291035,0.0997467421855059,0.126813424735086,0.142318066776069,
0.160084589001439,0.181123452257117,0.20590167019232,0.229193344370696,
0.249899093094295,0.271431038279807,0.295807906664144,0.31445746697195,
0.321789163678719,0.33118022800723,0.333803686835656,0.345715261833859,
0.364607946143854,0.383789662627412,0.404409234051704,0.426906565961957,
0.448434472115251,0.468940726611373,0.485115523512244,0.51948767775509,
0.556172287301608,0.570545470163115,0.590486309699378,0.608576260676482,
0.631116116059721,0.654114384581989,0.67634492766926,0.698430487201706,
0.701469188717034,0.723452017517468,0.749909865320115,0.778521490076517,
0.805460064477458,0.832449378049668,0.855109873305985,0.865886502018112,
0.899577515285161,0.928271900431796,0.950022323696539,0.964868559251286,
0.987150662827426,1.),.UNSPECIFIED.);
#524=B_SPLINE_CURVE_WITH_KNOTS('',3,(#1109,#1110,#1111,#1112,#1113,#1114,
#1115,#1116,#1117,#1118,#1119,#1120,#1121,#1122,#1123,#1124,#1125,#1126,
#1127,#1128,#1129,#1130,#1131,#1132,#1133,#1134,#1135,#1136,#1137,#1138,
#1139,#1140,#1141,#1142,#1143,#1144,#1145,#1146,#1147,#1148,#1149,#1150,
#1151,#1152,#1153,#1154,#1155,#1156,#1157,#1158,#1159,#1160,#1161,#1162,
#1163,#1164),.UNSPECIFIED.,.T.,.F.,(1,1,1,1,1,1,1,1,1,1,1,1,1,1,1,1,1,1,
1,1,1,1,1,1,1,1,1,1,1,1,1,1,1,1,1,1,1,1,1,1,1,1,1,1,1,1,1,1,1,1,1,1,1,1,
1,1,1,1,1,1),(-0.078125,-0.0625,-0.03125,0.,0.03125,0.0625,0.078125,0.09375,
0.109375,0.1171875,0.125,0.140625,0.15625,0.171875,0.1875,0.21875,0.234375,
0.25,0.2578125,0.265625,0.28125,0.3125,0.34375,0.359375,0.375,0.40625,0.4375,
0.46875,0.484375,0.5,0.53125,0.5625,0.59375,0.609375,0.625,0.640625,0.65625,
0.6875,0.703125,0.71875,0.734375,0.75,0.7578125,0.765625,0.78125,0.796875,
0.8125,0.84375,0.859375,0.875,0.8828125,0.890625,0.90625,0.921875,0.9375,
0.96875,1.,1.03125,1.0625,1.078125),.UNSPECIFIED.);
#525=B_SPLINE_CURVE_WITH_KNOTS('',3,(#1165,#1166,#1167,#1168,#1169,#1170,
#1171,#1172,#1173,#1174,#1175,#1176,#1177,#1178,#1179,#1180,#1181,#1182,
#1183,#1184,#1185,#1186,#1187,#1188,#1189,#1190,#1191,#1192,#1193,#1194,
#1195,#1196,#1197,#1198,#1199,#1200,#1201,#1202,#1203,#1204,#1205,#1206,
#1207,#1208,#1209,#1210,#1211,#1212,#1213,#1214),.UNSPECIFIED.,.T.,.F.,
(1,1,1,1,1,1,1,1,1,1,1,1,1,1,1,1,1,1,1,1,1,1,1,1,1,1,1,1,1,1,1,1,1,1,1,
1,1,1,1,1,1,1,1,1,1,1,1,1,1,1,1,1,1,1),(-0.09375,-0.0625,-0.03125,0.,0.03125,
0.0625,0.078125,0.09375,0.109375,0.1171875,0.125,0.140625,0.15625,0.171875,
0.1875,0.21875,0.234375,0.25,0.265625,0.28125,0.3125,0.34375,0.359375,0.375,
0.40625,0.4375,0.46875,0.5,0.53125,0.5625,0.59375,0.609375,0.625,0.65625,
0.6875,0.71875,0.734375,0.75,0.7578125,0.765625,0.78125,0.796875,0.8125,
0.84375,0.859375,0.875,0.890625,0.90625,0.9375,0.96875,1.,1.03125,1.0625,
1.078125),.UNSPECIFIED.);
#526=B_SPLINE_CURVE_WITH_KNOTS('',3,(#1301,#1302,#1303,#1304,#1305,#1306,
#1307,#1308,#1309,#1310,#1311,#1312,#1313,#1314,#1315,#1316),
 .UNSPECIFIED.,.F.,.F.,(4,1,1,1,1,1,1,1,1,1,1,1,1,4),(0.,0.0656164554374856,
0.139427831200785,0.193783456684509,0.23524337886652,0.304578384600705,
0.363043652060198,0.41082097893837,0.474921001815245,0.515854932128021,
0.643910719107685,0.766654556747278,0.884057653646171,1.),.UNSPECIFIED.);
#527=B_SPLINE_CURVE_WITH_KNOTS('',3,(#1320,#1321,#1322,#1323,#1324,#1325,
#1326,#1327,#1328,#1329,#1330,#1331,#1332,#1333,#1334,#1335),
 .UNSPECIFIED.,.F.,.F.,(4,1,1,1,1,1,1,1,1,1,1,1,1,4),(0.,0.0656164554374856,
0.139427831200785,0.193783456684509,0.23524337886652,0.304578384600705,
0.363043652060198,0.41082097893837,0.474921001815245,0.515854932128021,
0.643910719107685,0.766654556747278,0.884057653646171,1.),.UNSPECIFIED.);
#528=B_SPLINE_CURVE_WITH_KNOTS('',3,(#1405,#1406,#1407,#1408,#1409,#1410,
#1411,#1412,#1413,#1414,#1415,#1416,#1417,#1418,#1419,#1420,#1421),
 .UNSPECIFIED.,.F.,.F.,(4,1,1,1,1,1,1,1,1,1,1,1,1,1,4),(0.,0.0751309182298827,
0.157922721415129,0.216663191511488,0.270294840746712,0.34137682545995,
0.432209378505021,0.515265209489785,0.565205055643662,0.676205775256653,
0.717654467310404,0.778827796659015,0.859234373677492,0.936892026492217,
1.),.UNSPECIFIED.);
#529=B_SPLINE_CURVE_WITH_KNOTS('',3,(#1422,#1423,#1424,#1425,#1426,#1427,
#1428,#1429,#1430,#1431,#1432,#1433,#1434,#1435,#1436,#1437,#1438),
 .UNSPECIFIED.,.F.,.F.,(4,1,1,1,1,1,1,1,1,1,1,1,1,1,4),(0.,0.0751309182298827,
0.157922721415129,0.216663191511488,0.270294840746712,0.34137682545995,
0.432209378505021,0.515265209489785,0.565205055643662,0.676205775256653,
0.717654467310404,0.778827796659015,0.859234373677492,0.936892026492217,
1.),.UNSPECIFIED.);
#530=B_SPLINE_CURVE_WITH_KNOTS('',3,(#1504,#1505,#1506,#1507,#1508,#1509,
#1510,#1511,#1512,#1513,#1514,#1515),.UNSPECIFIED.,.F.,.F.,(4,1,1,1,1,1,
1,1,1,4),(0.,0.104971675615538,0.263643971278844,0.463015326533273,0.605635509666361,
0.681587433597892,0.758610170595598,0.839207079547219,0.908992419652044,
1.),.UNSPECIFIED.);
#531=B_SPLINE_CURVE_WITH_KNOTS('',3,(#1516,#1517,#1518,#1519,#1520,#1521,
#1522,#1523,#1524,#1525,#1526,#1527),.UNSPECIFIED.,.F.,.F.,(4,1,1,1,1,1,
1,1,1,4),(0.,0.104971675615538,0.263643971278844,0.463015326533273,0.605635509666361,
0.681587433597892,0.758610170595598,0.839207079547219,0.908992419652044,
1.),.UNSPECIFIED.);
#532=B_SPLINE_CURVE_WITH_KNOTS('',3,(#1553,#1554,#1555,#1556,#1557,#1558,
#1559,#1560,#1561,#1562,#1563),.UNSPECIFIED.,.F.,.F.,(4,1,1,1,1,1,1,1,4),
(0.270799285396217,0.279703222629697,0.284155191246437,0.288607159863178,
0.293059128479918,0.297511097096658,0.301963065713398,0.304189050021768,
0.306415034330139),.UNSPECIFIED.);
#533=B_SPLINE_CURVE_WITH_KNOTS('',3,(#1565,#1566,#1567,#1568,#1569,#1570,
#1571,#1572,#1573,#1574,#1575),.UNSPECIFIED.,.F.,.F.,(4,1,1,1,1,1,1,1,4),
(0.270799285396217,0.279703222629697,0.284155191246437,0.288607159863178,
0.293059128479918,0.297511097096658,0.301963065713398,0.304189050021768,
0.306415034330139),.UNSPECIFIED.);
#534=B_SPLINE_CURVE_WITH_KNOTS('',3,(#1596,#1597,#1598,#1599,#1600,#1601,
#1602,#1603,#1604,#1605,#1606,#1607),.UNSPECIFIED.,.F.,.F.,(4,1,1,1,1,1,
1,1,1,4),(0.41073800596249,0.411627900293487,0.412517794624484,0.41340768895548,
0.414297583286478,0.416077371948471,0.417857160610465,0.419636949272458,
0.421416737934452,0.424976315258439),.UNSPECIFIED.);
#535=B_SPLINE_CURVE_WITH_KNOTS('',3,(#1609,#1610,#1611,#1612,#1613,#1614,
#1615,#1616,#1617,#1618,#1619,#1620),.UNSPECIFIED.,.F.,.F.,(4,1,1,1,1,1,
1,1,1,4),(0.41073800596249,0.411627900293487,0.412517794624484,0.41340768895548,
0.414297583286478,0.416077371948471,0.417857160610465,0.419636949272458,
0.421416737934452,0.424976315258439),.UNSPECIFIED.);
#536=B_SPLINE_CURVE_WITH_KNOTS('',3,(#1665,#1666,#1667,#1668,#1669,#1670,
#1671,#1672,#1673,#1674,#1675,#1676,#1677,#1678,#1679,#1680,#1681,#1682,
#1683,#1684,#1685,#1686,#1687,#1688,#1689,#1690,#1691,#1692,#1693,#1694,
#1695,#1696,#1697),.UNSPECIFIED.,.F.,.F.,(4,1,1,1,1,1,1,1,1,1,1,1,1,1,1,
1,1,1,1,1,1,1,1,1,1,1,1,1,1,1,4),(0.517519531103112,0.520790919582646,0.524062308062179,
0.527333696541713,0.530605085021246,0.53387647350078,0.537147861980313,
0.54369063893938,0.550233415898447,0.556776192857515,0.563318969816582,
0.569861746775649,0.582947300693783,0.596032854611917,0.609118408530051,
0.622203962448185,0.63528951636632,0.641832293325387,0.648375070284454,
0.661460624202588,0.674546178120722,0.700717285956991,0.726888393793259,
0.753059501629528,0.766145055547662,0.779230609465796,0.805401717302064,
0.831572825138333,0.883915040810869,0.910086148647138,0.936257256483406),
 .UNSPECIFIED.);
#537=B_SPLINE_CURVE_WITH_KNOTS('',3,(#1699,#1700,#1701,#1702,#1703,#1704,
#1705,#1706,#1707,#1708,#1709,#1710,#1711,#1712,#1713,#1714,#1715,#1716,
#1717,#1718,#1719,#1720,#1721,#1722,#1723,#1724,#1725,#1726,#1727,#1728,
#1729,#1730,#1731),.UNSPECIFIED.,.F.,.F.,(4,1,1,1,1,1,1,1,1,1,1,1,1,1,1,
1,1,1,1,1,1,1,1,1,1,1,1,1,1,1,4),(0.517519531103112,0.520790919582646,0.524062308062179,
0.527333696541713,0.530605085021246,0.53387647350078,0.537147861980313,
0.54369063893938,0.550233415898447,0.556776192857515,0.563318969816582,
0.569861746775649,0.582947300693783,0.596032854611917,0.609118408530051,
0.622203962448185,0.63528951636632,0.641832293325387,0.648375070284454,
0.661460624202588,0.674546178120722,0.700717285956991,0.726888393793259,
0.753059501629528,0.766145055547662,0.779230609465796,0.805401717302064,
0.831572825138333,0.883915040810869,0.910086148647138,0.936257256483406),
 .UNSPECIFIED.);
#538=B_SPLINE_CURVE_WITH_KNOTS('',3,(#2068,#2069,#2070,#2071,#2072,#2073,
#2074,#2075,#2076,#2077,#2078,#2079,#2080,#2081,#2082,#2083,#2084,#2085,
#2086,#2087,#2088,#2089,#2090,#2091,#2092,#2093,#2094,#2095,#2096,#2097,
#2098,#2099,#2100,#2101,#2102,#2103,#2104,#2105,#2106,#2107,#2108,#2109,
#2110,#2111,#2112,#2113,#2114,#2115,#2116,#2117,#2118,#2119,#2120,#2121,
#2122,#2123,#2124,#2125,#2126,#2127,#2128,#2129,#2130,#2131,#2132,#2133,
#2134,#2135,#2136,#2137,#2138,#2139,#2140,#2141,#2142,#2143,#2144,#2145,
#2146,#2147,#2148,#2149,#2150,#2151,#2152,#2153,#2154,#2155,#2156,#2157,
#2158,#2159,#2160,#2161,#2162,#2163,#2164,#2165,#2166,#2167,#2168,#2169,
#2170,#2171,#2172,#2173,#2174,#2175,#2176,#2177,#2178,#2179,#2180,#2181,
#2182,#2183,#2184,#2185,#2186,#2187,#2188,#2189,#2190,#2191,#2192,#2193,
#2194,#2195,#2196,#2197,#2198,#2199,#2200,#2201,#2202,#2203,#2204,#2205,
#2206,#2207,#2208,#2209,#2210,#2211,#2212,#2213,#2214,#2215,#2216,#2217,
#2218,#2219,#2220,#2221,#2222,#2223,#2224,#2225,#2226,#2227,#2228,#2229,
#2230,#2231,#2232,#2233,#2234,#2235,#2236,#2237,#2238,#2239,#2240,#2241,
#2242,#2243,#2244,#2245,#2246,#2247,#2248,#2249,#2250,#2251,#2252,#2253,
#2254,#2255,#2256,#2257,#2258,#2259,#2260,#2261,#2262,#2263,#2264,#2265,
#2266,#2267,#2268,#2269,#2270,#2271,#2272,#2273,#2274,#2275,#2276,#2277,
#2278,#2279,#2280,#2281,#2282,#2283,#2284,#2285,#2286,#2287,#2288,#2289,
#2290,#2291,#2292,#2293,#2294,#2295,#2296,#2297,#2298,#2299,#2300,#2301,
#2302,#2303,#2304,#2305,#2306,#2307,#2308,#2309,#2310,#2311,#2312,#2313,
#2314,#2315,#2316,#2317,#2318,#2319,#2320,#2321,#2322,#2323,#2324,#2325,
#2326,#2327,#2328,#2329,#2330,#2331,#2332,#2333,#2334,#2335,#2336,#2337,
#2338,#2339,#2340,#2341,#2342,#2343,#2344,#2345,#2346,#2347,#2348,#2349,
#2350,#2351,#2352,#2353,#2354,#2355,#2356,#2357),.UNSPECIFIED.,.F.,.F.,
(4,1,1,1,1,1,1,1,1,1,1,1,1,1,1,1,1,1,1,1,1,1,1,1,1,1,1,1,1,1,1,1,1,1,1,
1,1,1,1,1,1,1,1,1,1,1,1,1,1,1,1,1,1,1,1,1,1,1,1,1,1,1,1,1,1,1,1,1,1,1,1,
1,1,1,1,1,1,1,1,1,1,1,1,1,1,1,1,1,1,1,1,1,1,1,1,1,1,1,1,1,1,1,1,1,1,1,1,
1,1,1,1,1,1,1,1,1,1,1,1,1,1,1,1,1,1,1,1,1,1,1,1,1,1,1,1,1,1,1,1,1,1,1,1,
1,1,1,1,1,1,1,1,1,1,1,1,1,1,1,1,1,1,1,1,1,1,1,1,1,1,1,1,1,1,1,1,1,1,1,1,
1,1,1,1,1,1,1,1,1,1,1,1,1,1,1,1,1,1,1,1,1,1,1,1,1,1,1,1,1,1,1,1,1,1,1,1,
1,1,1,1,1,1,1,1,1,1,1,1,1,1,1,1,1,1,1,1,1,1,1,1,1,1,1,1,1,1,1,1,1,1,1,1,
1,1,1,1,1,1,1,1,1,1,1,1,1,1,1,1,1,1,1,1,1,1,1,1,1,1,1,1,1,1,1,1,1,1,1,1,
4),(0.0131843108563879,0.0197534053314133,0.023037952568926,0.0263224998064387,
0.0328915942814642,0.0394606887564897,0.0427452359940023,0.0460297832315151,
0.0493143304690278,0.0525988777065405,0.0591679721815659,0.0657370666565914,
0.0690216138941041,0.0723061611316168,0.0755907083691295,0.0788752556066423,
0.0854443500816677,0.0920134445566931,0.0985825390317186,0.101867086269231,
0.105151633506744,0.111720727981769,0.118289822456795,0.121574369694308,
0.12485891693182,0.128143464169333,0.131428011406846,0.134712558644358,
0.137997105881871,0.141281653119384,0.14292392673814,0.144566200356897,
0.146208473975653,0.147850747594409,0.151135294831922,0.154419842069435,
0.157704389306947,0.159346662925704,0.16098893654446,0.164273483781973,
0.167558031019485,0.170842578256999,0.177411672732024,0.180696219969536,
0.18398076720705,0.190549861682075,0.1971189561571,0.203688050632126,0.210257145107151,
0.216826239582177,0.220110786819689,0.223395334057202,0.226679881294715,
0.229964428532228,0.23324897576974,0.236533523007253,0.239818070244766,
0.243102617482278,0.246387164719791,0.248029438338547,0.249671711957303,
0.25131398557606,0.252956259194817,0.256240806432329,0.259525353669842,
0.262809900907355,0.266094448144867,0.26937899538238,0.272663542619893,
0.275948089857405,0.279232637094918,0.282517184332431,0.285801731569943,
0.289086278807456,0.292370826044969,0.295655373282481,0.297297646901238,
0.298939920519995,0.302224467757507,0.30550901499502,0.307151288613776,
0.308793562232533,0.310435835851289,0.312078109470045,0.313720383088802,
0.31454151989818,0.315362656707558,0.317004930326314,0.318647203945071,
0.320289477563827,0.321110614373206,0.321931751182583,0.32357402480134,
0.325216298420096,0.326037435229474,0.326858572038852,0.32767970884823,
0.328500845657609,0.329321982466987,0.330143119276365,0.330553687681054,
0.330964256085744,0.331374824490432,0.331785392895121,0.332195961299811,
0.332401245502155,0.3326065297045,0.332811813906845,0.333017098109189,0.333222382311534,
0.333427666513878,0.333632950716223,0.333838234918567,0.334248803323256,
0.334659371727945,0.335069940132635,0.335480508537324,0.335891076942013,
0.33671221375139,0.337533350560769,0.338354487370147,0.339175624179526,
0.339996760988904,0.34163903460766,0.343281308226416,0.344923581845172,
0.346565855463929,0.348208129082685,0.349850402701442,0.351492676320198,
0.35477722355771,0.358061770795223,0.361346318032736,0.364630865270249,
0.367915412507761,0.374484506982787,0.381053601457813,0.384338148695325,
0.387622695932838,0.390907243170351,0.394191790407864,0.400760884882889,
0.404045432120402,0.405687705739158,0.407329979357914,0.41389907383294,
0.420468168307965,0.423752715545478,0.42703726278299,0.430321810020503,
0.433606357258016,0.440175451733042,0.443459998970554,0.446744546208067,
0.45002909344558,0.453313640683092,0.456598187920605,0.459882735158118,
0.46316728239563,0.466451829633143,0.4680941032519,0.469736376870656,0.473020924108169,
0.476305471345681,0.479590018583194,0.482874565820707,0.486159113058219,
0.489443660295732,0.492728207533245,0.49929730200827,0.505866396483296,
0.512435490958321,0.515720038195834,0.519004585433347,0.522289132670859,
0.525573679908372,0.532142774383398,0.538711868858423,0.545280963333448,
0.548565510570961,0.551850057808474,0.555134605045986,0.558419152283499,
0.561703699521012,0.564988246758525,0.568272793996038,0.569915067614794,
0.57155734123355,0.574841888471063,0.578126435708576,0.581410982946088,
0.584695530183601,0.587980077421114,0.591264624658626,0.594549171896139,
0.597833719133652,0.601118266371165,0.604402813608677,0.60768736084619,
0.610971908083703,0.614256455321215,0.617541002558728,0.624110097033754,
0.627394644271266,0.630679191508779,0.633963738746292,0.637248285983805,
0.64381738045883,0.650386474933855,0.653671022171368,0.656955569408881,
0.660240116646393,0.663524663883906,0.666809211121419,0.670093758358932,
0.673378305596444,0.676662852833957,0.67994740007147,0.683231947308983,
0.684874220927739,0.686516494546495,0.688158768165252,0.689801041784008,
0.691443315402764,0.692264452212142,0.693085589021521,0.693906725830899,
0.694727862640277,0.695548999449655,0.696370136259033,0.697191273068412,
0.697601841473101,0.69801240987779,0.698422978282479,0.698833546687168,
0.699244115091857,0.699449399294202,0.699654683496546,0.699859967698891,
0.700065251901235,0.70027053610358,0.700475820305924,0.700886388710613,
0.701296957115302,0.701707525519991,0.702118093924681,0.70252866232937,
0.702939230734059,0.703760367543437,0.704581504352815,0.705402641162193,
0.706223777971571,0.70704491478095,0.707866051590328,0.709508325209084,
0.711150598827841,0.712792872446597,0.714435146065353,0.71607741968411,
0.719361966921623,0.722646514159135,0.724288787777892,0.725931061396648,
0.729215608634161,0.732500155871673,0.735784703109186,0.742353797584211,
0.748922892059237,0.75220743929675,0.755491986534262,0.762061081009288,
0.768630175484313,0.775199269959339,0.781768364434364,0.78833745890939,
0.794906553384415,0.801475647859441,0.808044742334466,0.814613836809491,
0.821182931284517,0.824467478522029,0.827752025759542,0.831036572997055,
0.834321120234568,0.840890214709593,0.847459309184619,0.850743856422131,
0.854028403659644),.UNSPECIFIED.);
#539=B_SPLINE_CURVE_WITH_KNOTS('',3,(#2359,#2360,#2361,#2362,#2363,#2364,
#2365,#2366,#2367,#2368,#2369,#2370,#2371,#2372,#2373,#2374,#2375,#2376,
#2377,#2378,#2379,#2380,#2381,#2382,#2383,#2384,#2385,#2386,#2387,#2388,
#2389,#2390,#2391,#2392,#2393,#2394,#2395,#2396,#2397,#2398,#2399,#2400,
#2401,#2402,#2403,#2404,#2405,#2406,#2407,#2408,#2409,#2410,#2411,#2412,
#2413,#2414,#2415,#2416,#2417,#2418,#2419,#2420,#2421,#2422,#2423,#2424,
#2425,#2426,#2427,#2428,#2429,#2430,#2431,#2432,#2433,#2434,#2435,#2436,
#2437,#2438,#2439,#2440,#2441,#2442,#2443,#2444,#2445,#2446,#2447,#2448,
#2449,#2450,#2451,#2452,#2453,#2454,#2455,#2456,#2457,#2458,#2459,#2460,
#2461,#2462,#2463,#2464,#2465,#2466,#2467,#2468,#2469,#2470,#2471,#2472,
#2473,#2474,#2475,#2476,#2477,#2478,#2479,#2480,#2481,#2482,#2483,#2484,
#2485,#2486,#2487,#2488,#2489,#2490,#2491,#2492,#2493,#2494,#2495,#2496,
#2497,#2498,#2499,#2500,#2501,#2502,#2503,#2504,#2505,#2506,#2507,#2508,
#2509,#2510,#2511,#2512,#2513,#2514,#2515,#2516,#2517,#2518,#2519,#2520,
#2521,#2522,#2523,#2524,#2525,#2526,#2527,#2528,#2529,#2530,#2531,#2532,
#2533,#2534,#2535,#2536,#2537,#2538,#2539,#2540,#2541,#2542,#2543,#2544,
#2545,#2546,#2547,#2548,#2549,#2550,#2551,#2552,#2553,#2554,#2555,#2556,
#2557,#2558,#2559,#2560,#2561,#2562,#2563,#2564,#2565,#2566,#2567,#2568,
#2569,#2570,#2571,#2572,#2573,#2574,#2575,#2576,#2577,#2578,#2579,#2580,
#2581,#2582,#2583,#2584,#2585,#2586,#2587,#2588,#2589,#2590,#2591,#2592,
#2593,#2594,#2595,#2596,#2597,#2598,#2599,#2600,#2601,#2602,#2603,#2604,
#2605,#2606,#2607,#2608,#2609,#2610,#2611,#2612,#2613,#2614,#2615,#2616,
#2617,#2618,#2619,#2620,#2621,#2622,#2623,#2624,#2625,#2626,#2627,#2628,
#2629,#2630,#2631,#2632,#2633,#2634,#2635,#2636,#2637,#2638,#2639,#2640,
#2641,#2642,#2643,#2644,#2645,#2646,#2647,#2648),.UNSPECIFIED.,.F.,.F.,
(4,1,1,1,1,1,1,1,1,1,1,1,1,1,1,1,1,1,1,1,1,1,1,1,1,1,1,1,1,1,1,1,1,1,1,
1,1,1,1,1,1,1,1,1,1,1,1,1,1,1,1,1,1,1,1,1,1,1,1,1,1,1,1,1,1,1,1,1,1,1,1,
1,1,1,1,1,1,1,1,1,1,1,1,1,1,1,1,1,1,1,1,1,1,1,1,1,1,1,1,1,1,1,1,1,1,1,1,
1,1,1,1,1,1,1,1,1,1,1,1,1,1,1,1,1,1,1,1,1,1,1,1,1,1,1,1,1,1,1,1,1,1,1,1,
1,1,1,1,1,1,1,1,1,1,1,1,1,1,1,1,1,1,1,1,1,1,1,1,1,1,1,1,1,1,1,1,1,1,1,1,
1,1,1,1,1,1,1,1,1,1,1,1,1,1,1,1,1,1,1,1,1,1,1,1,1,1,1,1,1,1,1,1,1,1,1,1,
1,1,1,1,1,1,1,1,1,1,1,1,1,1,1,1,1,1,1,1,1,1,1,1,1,1,1,1,1,1,1,1,1,1,1,1,
1,1,1,1,1,1,1,1,1,1,1,1,1,1,1,1,1,1,1,1,1,1,1,1,1,1,1,1,1,1,1,1,1,1,1,1,
4),(0.0131843108563879,0.0197534053314133,0.023037952568926,0.0263224998064387,
0.0328915942814642,0.0394606887564897,0.0427452359940023,0.0460297832315151,
0.0493143304690278,0.0525988777065405,0.0591679721815659,0.0657370666565914,
0.0690216138941041,0.0723061611316168,0.0755907083691295,0.0788752556066423,
0.0854443500816677,0.0920134445566931,0.0985825390317186,0.101867086269231,
0.105151633506744,0.111720727981769,0.118289822456795,0.121574369694308,
0.12485891693182,0.128143464169333,0.131428011406846,0.134712558644358,
0.137997105881871,0.141281653119384,0.14292392673814,0.144566200356897,
0.146208473975653,0.147850747594409,0.151135294831922,0.154419842069435,
0.157704389306947,0.159346662925704,0.16098893654446,0.164273483781973,
0.167558031019485,0.170842578256999,0.177411672732024,0.180696219969536,
0.18398076720705,0.190549861682075,0.1971189561571,0.203688050632126,0.210257145107151,
0.216826239582177,0.220110786819689,0.223395334057202,0.226679881294715,
0.229964428532228,0.23324897576974,0.236533523007253,0.239818070244766,
0.243102617482278,0.246387164719791,0.248029438338547,0.249671711957303,
0.25131398557606,0.252956259194817,0.256240806432329,0.259525353669842,
0.262809900907355,0.266094448144867,0.26937899538238,0.272663542619893,
0.275948089857405,0.279232637094918,0.282517184332431,0.285801731569943,
0.289086278807456,0.292370826044969,0.295655373282481,0.297297646901238,
0.298939920519995,0.302224467757507,0.30550901499502,0.307151288613776,
0.308793562232533,0.310435835851289,0.312078109470045,0.313720383088802,
0.31454151989818,0.315362656707558,0.317004930326314,0.318647203945071,
0.320289477563827,0.321110614373206,0.321931751182583,0.32357402480134,
0.325216298420096,0.326037435229474,0.326858572038852,0.32767970884823,
0.328500845657609,0.329321982466987,0.330143119276365,0.330553687681054,
0.330964256085744,0.331374824490432,0.331785392895121,0.332195961299811,
0.332401245502155,0.3326065297045,0.332811813906845,0.333017098109189,0.333222382311534,
0.333427666513878,0.333632950716223,0.333838234918567,0.334248803323256,
0.334659371727945,0.335069940132635,0.335480508537324,0.335891076942013,
0.33671221375139,0.337533350560769,0.338354487370147,0.339175624179526,
0.339996760988904,0.34163903460766,0.343281308226416,0.344923581845172,
0.346565855463929,0.348208129082685,0.349850402701442,0.351492676320198,
0.35477722355771,0.358061770795223,0.361346318032736,0.364630865270249,
0.367915412507761,0.374484506982787,0.381053601457813,0.384338148695325,
0.387622695932838,0.390907243170351,0.394191790407864,0.400760884882889,
0.404045432120402,0.405687705739158,0.407329979357914,0.41389907383294,
0.420468168307965,0.423752715545478,0.42703726278299,0.430321810020503,
0.433606357258016,0.440175451733042,0.443459998970554,0.446744546208067,
0.45002909344558,0.453313640683092,0.456598187920605,0.459882735158118,
0.46316728239563,0.466451829633143,0.4680941032519,0.469736376870656,0.473020924108169,
0.476305471345681,0.479590018583194,0.482874565820707,0.486159113058219,
0.489443660295732,0.492728207533245,0.49929730200827,0.505866396483296,
0.512435490958321,0.515720038195834,0.519004585433347,0.522289132670859,
0.525573679908372,0.532142774383398,0.538711868858423,0.545280963333448,
0.548565510570961,0.551850057808474,0.555134605045986,0.558419152283499,
0.561703699521012,0.564988246758525,0.568272793996038,0.569915067614794,
0.57155734123355,0.574841888471063,0.578126435708576,0.581410982946088,
0.584695530183601,0.587980077421114,0.591264624658626,0.594549171896139,
0.597833719133652,0.601118266371165,0.604402813608677,0.60768736084619,
0.610971908083703,0.614256455321215,0.617541002558728,0.624110097033754,
0.627394644271266,0.630679191508779,0.633963738746292,0.637248285983805,
0.64381738045883,0.650386474933855,0.653671022171368,0.656955569408881,
0.660240116646393,0.663524663883906,0.666809211121419,0.670093758358932,
0.673378305596444,0.676662852833957,0.67994740007147,0.683231947308983,
0.684874220927739,0.686516494546495,0.688158768165252,0.689801041784008,
0.691443315402764,0.692264452212142,0.693085589021521,0.693906725830899,
0.694727862640277,0.695548999449655,0.696370136259033,0.697191273068412,
0.697601841473101,0.69801240987779,0.698422978282479,0.698833546687168,
0.699244115091857,0.699449399294202,0.699654683496546,0.699859967698891,
0.700065251901235,0.70027053610358,0.700475820305924,0.700886388710613,
0.701296957115302,0.701707525519991,0.702118093924681,0.70252866232937,
0.702939230734059,0.703760367543437,0.704581504352815,0.705402641162193,
0.706223777971571,0.70704491478095,0.707866051590328,0.709508325209084,
0.711150598827841,0.712792872446597,0.714435146065353,0.71607741968411,
0.719361966921623,0.722646514159135,0.724288787777892,0.725931061396648,
0.729215608634161,0.732500155871673,0.735784703109186,0.742353797584211,
0.748922892059237,0.75220743929675,0.755491986534262,0.762061081009288,
0.768630175484313,0.775199269959339,0.781768364434364,0.78833745890939,
0.794906553384415,0.801475647859441,0.808044742334466,0.814613836809491,
0.821182931284517,0.824467478522029,0.827752025759542,0.831036572997055,
0.834321120234568,0.840890214709593,0.847459309184619,0.850743856422131,
0.854028403659644),.UNSPECIFIED.);
#540=B_SPLINE_CURVE_WITH_KNOTS('',3,(#2693,#2694,#2695,#2696,#2697,#2698,
#2699,#2700,#2701,#2702,#2703,#2704,#2705,#2706,#2707,#2708,#2709,#2710,
#2711,#2712,#2713,#2714,#2715,#2716,#2717,#2718,#2719,#2720,#2721,#2722,
#2723,#2724,#2725),.UNSPECIFIED.,.F.,.F.,(4,1,1,1,1,1,1,1,1,1,1,1,1,1,1,
1,1,1,1,1,1,1,1,1,1,1,1,1,1,1,4),(0.866175517687128,0.869696877091206,0.873218236495285,
0.876739595899363,0.880260955303441,0.887303674111597,0.894346392919753,
0.897867752323831,0.901389111727909,0.904910471131987,0.908431830536065,
0.915474549344221,0.922517268152377,0.926038627556455,0.929559986960534,
0.933081346364612,0.93660270576869,0.940124065172768,0.943645424576846,
0.947166783980924,0.948927463682963,0.950688143385002,0.952448823087041,
0.95420950278908,0.957730862193158,0.961252221597236,0.964773581001314,
0.968294940405392,0.971816299809471,0.975337659213549,0.978859018617627),
 .UNSPECIFIED.);
#541=B_SPLINE_CURVE_WITH_KNOTS('',3,(#2727,#2728,#2729,#2730,#2731,#2732,
#2733,#2734,#2735,#2736,#2737,#2738,#2739,#2740,#2741,#2742,#2743,#2744,
#2745,#2746,#2747,#2748,#2749,#2750,#2751,#2752,#2753,#2754,#2755,#2756,
#2757,#2758,#2759),.UNSPECIFIED.,.F.,.F.,(4,1,1,1,1,1,1,1,1,1,1,1,1,1,1,
1,1,1,1,1,1,1,1,1,1,1,1,1,1,1,4),(0.866175517687128,0.869696877091206,0.873218236495285,
0.876739595899363,0.880260955303441,0.887303674111597,0.894346392919753,
0.897867752323831,0.901389111727909,0.904910471131987,0.908431830536065,
0.915474549344221,0.922517268152377,0.926038627556455,0.929559986960534,
0.933081346364612,0.93660270576869,0.940124065172768,0.943645424576846,
0.947166783980924,0.948927463682963,0.950688143385002,0.952448823087041,
0.95420950278908,0.957730862193158,0.961252221597236,0.964773581001314,
0.968294940405392,0.971816299809471,0.975337659213549,0.978859018617627),
 .UNSPECIFIED.);
#542=B_SPLINE_CURVE_WITH_KNOTS('',3,(#2806,#2807,#2808,#2809,#2810,#2811,
#2812,#2813,#2814,#2815,#2816,#2817,#2818,#2819,#2820,#2821,#2822,#2823,
#2824,#2825,#2826,#2827,#2828,#2829,#2830,#2831,#2832,#2833,#2834,#2835,
#2836),.UNSPECIFIED.,.F.,.F.,(4,1,1,1,1,1,1,1,1,1,1,1,1,1,1,1,1,1,1,1,1,
1,1,1,1,1,1,1,4),(0.10452177503257,0.167071018884151,0.229620262735733,
0.260894884661523,0.276532195624418,0.292169506587314,0.323444128513105,
0.354718750438895,0.385993372364686,0.417267994290476,0.432905305253372,
0.448542616216267,0.464179927179162,0.479817238142057,0.495454549104953,
0.511091860067848,0.526729171030743,0.542366481993639,0.550185137475086,
0.558003792956534,0.565822448437982,0.573641103919429,0.581459759400877,
0.585369087141601,0.589278414882325,0.593187742623048,0.597097070363772,
0.601006398104496,0.60491572584522),.UNSPECIFIED.);
#543=B_SPLINE_CURVE_WITH_KNOTS('',3,(#2838,#2839,#2840,#2841,#2842,#2843,
#2844,#2845,#2846,#2847,#2848,#2849,#2850,#2851,#2852,#2853,#2854,#2855,
#2856,#2857,#2858,#2859,#2860,#2861,#2862,#2863,#2864,#2865,#2866,#2867,
#2868),.UNSPECIFIED.,.F.,.F.,(4,1,1,1,1,1,1,1,1,1,1,1,1,1,1,1,1,1,1,1,1,
1,1,1,1,1,1,1,4),(0.10452177503257,0.167071018884151,0.229620262735733,
0.260894884661523,0.276532195624418,0.292169506587314,0.323444128513105,
0.354718750438895,0.385993372364686,0.417267994290476,0.432905305253372,
0.448542616216267,0.464179927179162,0.479817238142057,0.495454549104953,
0.511091860067848,0.526729171030743,0.542366481993639,0.550185137475086,
0.558003792956534,0.565822448437982,0.573641103919429,0.581459759400877,
0.585369087141601,0.589278414882325,0.593187742623048,0.597097070363772,
0.601006398104496,0.60491572584522),.UNSPECIFIED.);
#544=B_SPLINE_CURVE_WITH_KNOTS('',3,(#2919,#2920,#2921,#2922,#2923,#2924,
#2925,#2926,#2927,#2928,#2929,#2930,#2931,#2932,#2933,#2934,#2935,#2936,
#2937,#2938,#2939,#2940,#2941,#2942,#2943,#2944),.UNSPECIFIED.,.F.,.F.,
(4,1,1,1,1,1,1,1,1,1,1,1,1,1,1,1,1,1,1,1,1,1,1,4),(0.101145740323884,0.117950055326142,
0.1347543703284,0.14315652782953,0.151558685330659,0.159960842831788,0.168363000332917,
0.176765157834046,0.185167315335175,0.18936839408574,0.193569472836304,
0.197770551586869,0.201971630337434,0.206172709087999,0.210373787838563,
0.212474327213846,0.214574866589127,0.21667540596441,0.218775945339692,
0.220876484714975,0.222977024090257,0.227178102840821,0.231379181591386,
0.235580260341951),.UNSPECIFIED.);
#545=B_SPLINE_CURVE_WITH_KNOTS('',3,(#2946,#2947,#2948,#2949,#2950,#2951,
#2952,#2953,#2954,#2955,#2956,#2957,#2958,#2959,#2960,#2961,#2962,#2963,
#2964,#2965,#2966,#2967,#2968,#2969,#2970,#2971),.UNSPECIFIED.,.F.,.F.,
(4,1,1,1,1,1,1,1,1,1,1,1,1,1,1,1,1,1,1,1,1,1,1,4),(0.101145740323884,0.117950055326142,
0.1347543703284,0.14315652782953,0.151558685330659,0.159960842831788,0.168363000332917,
0.176765157834046,0.185167315335175,0.18936839408574,0.193569472836304,
0.197770551586869,0.201971630337434,0.206172709087999,0.210373787838563,
0.212474327213846,0.214574866589127,0.21667540596441,0.218775945339692,
0.220876484714975,0.222977024090257,0.227178102840821,0.231379181591386,
0.235580260341951),.UNSPECIFIED.);
#546=B_SPLINE_CURVE_WITH_KNOTS('',3,(#3010,#3011,#3012,#3013,#3014,#3015,
#3016,#3017,#3018,#3019,#3020,#3021,#3022,#3023,#3024,#3025,#3026,#3027,
#3028,#3029,#3030,#3031,#3032,#3033,#3034,#3035),.UNSPECIFIED.,.F.,.F.,
(4,1,1,1,1,1,1,1,1,1,1,1,1,1,1,1,1,1,1,1,1,1,1,4),(0.701878878483427,0.704398143684902,
0.706917408886376,0.709436674087851,0.711955939289325,0.7144752044908,0.716994469692274,
0.719513734893749,0.722033000095223,0.724552265296698,0.727071530498172,
0.732110060901121,0.73714859130407,0.742187121707019,0.747225652109968,
0.752264182512917,0.762341243318815,0.772418304124713,0.782495364930611,
0.792572425736509,0.802649486542407,0.822803608154203,0.842957729765999,
0.863111851377794),.UNSPECIFIED.);
#547=B_SPLINE_CURVE_WITH_KNOTS('',3,(#3036,#3037,#3038,#3039,#3040,#3041,
#3042,#3043,#3044,#3045,#3046,#3047,#3048,#3049,#3050,#3051,#3052,#3053,
#3054,#3055,#3056,#3057,#3058,#3059,#3060,#3061),.UNSPECIFIED.,.F.,.F.,
(4,1,1,1,1,1,1,1,1,1,1,1,1,1,1,1,1,1,1,1,1,1,1,4),(0.701878878483427,0.704398143684902,
0.706917408886376,0.709436674087851,0.711955939289325,0.7144752044908,0.716994469692274,
0.719513734893749,0.722033000095223,0.724552265296698,0.727071530498172,
0.732110060901121,0.73714859130407,0.742187121707019,0.747225652109968,
0.752264182512917,0.762341243318815,0.772418304124713,0.782495364930611,
0.792572425736509,0.802649486542407,0.822803608154203,0.842957729765999,
0.863111851377794),.UNSPECIFIED.);
#548=B_SPLINE_CURVE_WITH_KNOTS('',3,(#3288,#3289,#3290,#3291,#3292,#3293,
#3294,#3295,#3296,#3297,#3298,#3299,#3300,#3301,#3302,#3303,#3304,#3305,
#3306,#3307,#3308,#3309,#3310,#3311,#3312,#3313,#3314,#3315,#3316,#3317,
#3318,#3319,#3320,#3321,#3322,#3323,#3324,#3325,#3326,#3327,#3328,#3329,
#3330,#3331,#3332,#3333,#3334,#3335,#3336,#3337,#3338),.UNSPECIFIED.,.F.,
 .F.,(4,1,1,1,1,1,1,1,1,1,1,1,1,1,1,1,1,1,1,1,1,1,1,1,1,1,1,1,1,1,1,1,1,
1,1,1,1,1,1,1,1,1,1,1,1,1,1,1,4),(0.,0.0239364386171059,0.0465954968286134,
0.0716437439291035,0.0997467421855059,0.126813424735086,0.142318066776069,
0.160084589001439,0.181123452257117,0.20590167019232,0.229193344370696,
0.249899093094295,0.271431038279807,0.295807906664144,0.31445746697195,
0.321789163678719,0.33118022800723,0.333803686835656,0.345715261833859,
0.364607946143854,0.383789662627412,0.404409234051704,0.426906565961957,
0.448434472115251,0.468940726611373,0.485115523512244,0.51948767775509,
0.556172287301608,0.570545470163115,0.590486309699378,0.608576260676482,
0.631116116059721,0.654114384581989,0.67634492766926,0.698430487201706,
0.701469188717034,0.723452017517468,0.749909865320115,0.778521490076517,
0.805460064477458,0.832449378049668,0.855109873305985,0.865886502018112,
0.899577515285161,0.928271900431796,0.950022323696539,0.964868559251286,
0.987150662827426,1.),.UNSPECIFIED.);
#549=B_SPLINE_CURVE_WITH_KNOTS('',3,(#3343,#3344,#3345,#3346,#3347,#3348,
#3349,#3350,#3351,#3352,#3353,#3354,#3355,#3356,#3357,#3358,#3359,#3360,
#3361,#3362,#3363,#3364,#3365,#3366,#3367,#3368,#3369,#3370,#3371,#3372,
#3373,#3374,#3375,#3376,#3377,#3378,#3379,#3380,#3381,#3382,#3383,#3384,
#3385,#3386,#3387,#3388,#3389,#3390,#3391,#3392,#3393),.UNSPECIFIED.,.F.,
 .F.,(4,1,1,1,1,1,1,1,1,1,1,1,1,1,1,1,1,1,1,1,1,1,1,1,1,1,1,1,1,1,1,1,1,
1,1,1,1,1,1,1,1,1,1,1,1,1,1,1,4),(0.,0.0239364386171059,0.0465954968286134,
0.0716437439291035,0.0997467421855059,0.126813424735086,0.142318066776069,
0.160084589001439,0.181123452257117,0.20590167019232,0.229193344370696,
0.249899093094295,0.271431038279807,0.295807906664144,0.31445746697195,
0.321789163678719,0.33118022800723,0.333803686835656,0.345715261833859,
0.364607946143854,0.383789662627412,0.404409234051704,0.426906565961957,
0.448434472115251,0.468940726611373,0.485115523512244,0.51948767775509,
0.556172287301608,0.570545470163115,0.590486309699378,0.608576260676482,
0.631116116059721,0.654114384581989,0.67634492766926,0.698430487201706,
0.701469188717034,0.723452017517468,0.749909865320115,0.778521490076517,
0.805460064477458,0.832449378049668,0.855109873305985,0.865886502018112,
0.899577515285161,0.928271900431796,0.950022323696539,0.964868559251286,
0.987150662827426,1.),.UNSPECIFIED.);
#550=B_SPLINE_CURVE_WITH_KNOTS('',3,(#3398,#3399,#3400,#3401,#3402,#3403,
#3404,#3405,#3406,#3407,#3408,#3409,#3410,#3411,#3412,#3413,#3414,#3415,
#3416,#3417,#3418,#3419,#3420,#3421,#3422,#3423,#3424,#3425,#3426,#3427,
#3428,#3429,#3430,#3431,#3432,#3433,#3434,#3435,#3436,#3437,#3438,#3439,
#3440,#3441,#3442,#3443,#3444,#3445,#3446,#3447,#3448),.UNSPECIFIED.,.F.,
 .F.,(4,1,1,1,1,1,1,1,1,1,1,1,1,1,1,1,1,1,1,1,1,1,1,1,1,1,1,1,1,1,1,1,1,
1,1,1,1,1,1,1,1,1,1,1,1,1,1,1,4),(0.,0.0239364386171059,0.0465954968286134,
0.0716437439291035,0.0997467421855059,0.126813424735086,0.142318066776069,
0.160084589001439,0.181123452257117,0.20590167019232,0.229193344370696,
0.249899093094295,0.271431038279807,0.295807906664144,0.31445746697195,
0.321789163678719,0.33118022800723,0.333803686835656,0.345715261833859,
0.364607946143854,0.383789662627412,0.404409234051704,0.426906565961957,
0.448434472115251,0.468940726611373,0.485115523512244,0.51948767775509,
0.556172287301608,0.570545470163115,0.590486309699378,0.608576260676482,
0.631116116059721,0.654114384581989,0.67634492766926,0.698430487201706,
0.701469188717034,0.723452017517468,0.749909865320115,0.778521490076517,
0.805460064477458,0.832449378049668,0.855109873305985,0.865886502018112,
0.899577515285161,0.928271900431796,0.950022323696539,0.964868559251286,
0.987150662827426,1.),.UNSPECIFIED.);
#551=B_SPLINE_CURVE_WITH_KNOTS('',3,(#3449,#3450,#3451,#3452,#3453,#3454,
#3455,#3456,#3457,#3458,#3459,#3460,#3461,#3462,#3463,#3464,#3465,#3466,
#3467,#3468,#3469,#3470,#3471,#3472,#3473,#3474,#3475,#3476,#3477,#3478,
#3479,#3480,#3481,#3482,#3483,#3484,#3485,#3486,#3487,#3488,#3489,#3490,
#3491,#3492,#3493,#3494,#3495,#3496,#3497,#3498,#3499),.UNSPECIFIED.,.F.,
 .F.,(4,1,1,1,1,1,1,1,1,1,1,1,1,1,1,1,1,1,1,1,1,1,1,1,1,1,1,1,1,1,1,1,1,
1,1,1,1,1,1,1,1,1,1,1,1,1,1,1,4),(0.,0.0239364386171059,0.0465954968286134,
0.0716437439291035,0.0997467421855059,0.126813424735086,0.142318066776069,
0.160084589001439,0.181123452257117,0.20590167019232,0.229193344370696,
0.249899093094295,0.271431038279807,0.295807906664144,0.31445746697195,
0.321789163678719,0.33118022800723,0.333803686835656,0.345715261833859,
0.364607946143854,0.383789662627412,0.404409234051704,0.426906565961957,
0.448434472115251,0.468940726611373,0.485115523512244,0.51948767775509,
0.556172287301608,0.570545470163115,0.590486309699378,0.608576260676482,
0.631116116059721,0.654114384581989,0.67634492766926,0.698430487201706,
0.701469188717034,0.723452017517468,0.749909865320115,0.778521490076517,
0.805460064477458,0.832449378049668,0.855109873305985,0.865886502018112,
0.899577515285161,0.928271900431796,0.950022323696539,0.964868559251286,
0.987150662827426,1.),.UNSPECIFIED.);
#552=B_SPLINE_CURVE_WITH_KNOTS('',3,(#3543,#3544,#3545,#3546,#3547,#3548,
#3549,#3550,#3551,#3552,#3553,#3554,#3555,#3556,#3557,#3558,#3559,#3560,
#3561,#3562,#3563,#3564,#3565,#3566,#3567,#3568,#3569,#3570,#3571,#3572,
#3573,#3574,#3575,#3576,#3577,#3578,#3579,#3580,#3581,#3582,#3583,#3584,
#3585,#3586,#3587,#3588,#3589,#3590,#3591,#3592,#3593,#3594,#3595,#3596,
#3597,#3598),.UNSPECIFIED.,.T.,.F.,(1,1,1,1,1,1,1,1,1,1,1,1,1,1,1,1,1,1,
1,1,1,1,1,1,1,1,1,1,1,1,1,1,1,1,1,1,1,1,1,1,1,1,1,1,1,1,1,1,1,1,1,1,1,1,
1,1,1,1,1,1),(-0.078125,-0.0625,-0.03125,0.,0.03125,0.0625,0.078125,0.09375,
0.109375,0.1171875,0.125,0.140625,0.15625,0.171875,0.1875,0.21875,0.234375,
0.25,0.2578125,0.265625,0.28125,0.3125,0.34375,0.359375,0.375,0.40625,0.4375,
0.46875,0.484375,0.5,0.53125,0.5625,0.59375,0.609375,0.625,0.640625,0.65625,
0.6875,0.703125,0.71875,0.734375,0.75,0.7578125,0.765625,0.78125,0.796875,
0.8125,0.84375,0.859375,0.875,0.8828125,0.890625,0.90625,0.921875,0.9375,
0.96875,1.,1.03125,1.0625,1.078125),.UNSPECIFIED.);
#553=B_SPLINE_CURVE_WITH_KNOTS('',3,(#3621,#3622,#3623,#3624,#3625,#3626,
#3627,#3628,#3629,#3630,#3631),.UNSPECIFIED.,.T.,.F.,(1,3,1,1,1,1,1,1,1,
3,1),(-0.122450642851475,0.,0.12007750669616,0.252353413916708,0.366442134104734,
0.488095466763522,0.607754125056065,0.75568289015334,0.877549357148525,
1.,1.12007750669616),.UNSPECIFIED.);
#554=B_SPLINE_CURVE_WITH_KNOTS('',3,(#3633,#3634,#3635,#3636,#3637,#3638,
#3639,#3640,#3641,#3642,#3643),.UNSPECIFIED.,.T.,.F.,(1,3,1,1,1,1,1,1,1,
3,1),(-0.122450642851475,0.,0.12007750669616,0.252353413916708,0.366442134104734,
0.488095466763522,0.607754125056065,0.75568289015334,0.877549357148525,
1.,1.12007750669616),.UNSPECIFIED.);
#555=B_SPLINE_CURVE_WITH_KNOTS('',3,(#3646,#3647,#3648,#3649,#3650,#3651,
#3652,#3653,#3654,#3655,#3656,#3657,#3658,#3659,#3660,#3661,#3662,#3663,
#3664,#3665,#3666,#3667,#3668,#3669,#3670,#3671,#3672,#3673,#3674,#3675,
#3676,#3677,#3678,#3679,#3680,#3681,#3682,#3683,#3684,#3685,#3686,#3687,
#3688,#3689,#3690,#3691,#3692,#3693,#3694,#3695,#3696,#3697,#3698,#3699,
#3700,#3701,#3702,#3703,#3704,#3705,#3706,#3707,#3708,#3709,#3710,#3711,
#3712,#3713,#3714,#3715,#3716,#3717,#3718,#3719),.UNSPECIFIED.,.T.,.F.,
(1,1,1,1,1,1,1,1,1,1,1,1,1,1,1,1,1,1,1,1,1,1,1,1,1,1,1,1,1,1,1,1,1,1,1,
1,1,1,1,1,1,1,1,1,1,1,1,1,1,1,1,1,1,1,1,1,1,1,1,1,1,1,1,1,1,1,1,1,1,1,1,
1,1,1,1,1,1,1),(-0.03125,-0.015625,-0.0078125,0.,0.0078125,0.015625,0.03125,
0.046875,0.0625,0.078125,0.0859375,0.09375,0.1015625,0.109375,0.125,0.140625,
0.15625,0.171875,0.1875,0.1953125,0.203125,0.21875,0.234375,0.25,0.28125,
0.3125,0.34375,0.359375,0.375,0.390625,0.3984375,0.40625,0.421875,0.4375,
0.46875,0.484375,0.5,0.5078125,0.515625,0.5234375,0.53125,0.546875,0.5625,
0.59375,0.609375,0.625,0.6328125,0.640625,0.65625,0.6875,0.71875,0.7265625,
0.734375,0.75,0.765625,0.78125,0.796875,0.8125,0.8203125,0.828125,0.8359375,
0.84375,0.859375,0.875,0.890625,0.90625,0.9140625,0.921875,0.9296875,0.9375,
0.953125,0.96875,0.984375,0.9921875,1.,1.0078125,1.015625,1.03125),
 .UNSPECIFIED.);
#556=B_SPLINE_CURVE_WITH_KNOTS('',3,(#3720,#3721,#3722,#3723,#3724,#3725,
#3726,#3727,#3728,#3729,#3730,#3731,#3732),.UNSPECIFIED.,.T.,.F.,(1,3,1,
1,1,1,1,1,1,1,1,3,1),(-0.0782978803093271,0.,0.103198740638793,0.199951654750564,
0.299311427491666,0.39537981126147,0.514823556874614,0.636166505420788,
0.731959934705528,0.82840439955975,0.921702119690673,1.,1.10319874063879),
 .UNSPECIFIED.);
#557=B_SPLINE_CURVE_WITH_KNOTS('',3,(#3734,#3735,#3736,#3737,#3738,#3739,
#3740,#3741,#3742,#3743,#3744,#3745,#3746,#3747,#3748,#3749,#3750,#3751,
#3752,#3753,#3754,#3755,#3756,#3757,#3758,#3759,#3760,#3761,#3762,#3763,
#3764,#3765,#3766,#3767,#3768,#3769,#3770,#3771,#3772,#3773,#3774,#3775,
#3776,#3777,#3778,#3779),.UNSPECIFIED.,.F.,.F.,(4,1,1,1,1,1,1,1,1,1,1,1,
1,1,1,1,1,1,1,1,1,1,1,1,1,1,1,1,1,1,1,1,1,1,1,1,1,1,1,1,1,1,1,4),(0.520499318044997,
0.521813471087801,0.523127624130605,0.523784700652007,0.524441777173409,
0.525755930216213,0.527070083259016,0.527727159780418,0.52838423630182,
0.529698389344624,0.531012542387428,0.533640848473035,0.534955001515839,
0.536269154558643,0.537583307601447,0.53889746064425,0.541525766729858,
0.544154072815466,0.546782378901073,0.552038991072288,0.557295603243503,
0.562552215414718,0.573065439757149,0.583578664099579,0.594091888442009,
0.604605112784439,0.61511833712687,0.6256315614693,0.63614478581173,0.641401397982945,
0.646658010154161,0.657171234496591,0.667684458839021,0.688710907523882,
0.709737356208742,0.730763804893603,0.741277029236033,0.751790253578463,
0.762303477920894,0.772816702263324,0.793843150948185,0.814869599633045,
0.835896048317905,0.856922497002766),.UNSPECIFIED.);
#558=B_SPLINE_CURVE_WITH_KNOTS('',3,(#3782,#3783,#3784,#3785,#3786,#3787,
#3788,#3789,#3790,#3791,#3792,#3793,#3794,#3795,#3796,#3797,#3798,#3799,
#3800,#3801,#3802,#3803,#3804,#3805,#3806,#3807,#3808,#3809,#3810,#3811),
 .UNSPECIFIED.,.F.,.F.,(4,1,1,1,1,1,1,1,1,1,1,1,1,1,1,1,1,1,1,1,1,1,1,1,
1,1,1,4),(0.0271022222545573,0.0330867096065404,0.0390711969585235,0.042063440634515,
0.0450556843105066,0.0465518061485023,0.0480479279864981,0.0510401716624896,
0.0540324153384812,0.0570246590144727,0.0630091463664558,0.0689936337184389,
0.0719858773944305,0.0734819992324262,0.074978121070422,0.0779703647464136,
0.0809626084224051,0.0869470957743882,0.0899393394503798,0.0929315831263713,
0.0959238268023629,0.0989160704783544,0.101908314154346,0.104900557830337,
0.107892801506329,0.110885045182321,0.116869532534304,0.122854019886287),
 .UNSPECIFIED.);
#559=B_SPLINE_CURVE_WITH_KNOTS('',3,(#3813,#3814,#3815,#3816,#3817,#3818,
#3819,#3820,#3821,#3822,#3823,#3824,#3825,#3826,#3827,#3828,#3829,#3830,
#3831,#3832,#3833,#3834,#3835,#3836,#3837,#3838,#3839,#3840,#3841,#3842,
#3843,#3844,#3845,#3846,#3847,#3848,#3849,#3850,#3851,#3852,#3853,#3854,
#3855,#3856,#3857,#3858,#3859,#3860,#3861,#3862,#3863,#3864,#3865,#3866,
#3867,#3868,#3869,#3870,#3871,#3872,#3873),.UNSPECIFIED.,.F.,.F.,(4,1,1,
1,1,1,1,1,1,1,1,1,1,1,1,1,1,1,1,1,1,1,1,1,1,1,1,1,1,1,1,1,1,1,1,1,1,1,1,
1,1,1,1,1,1,1,1,1,1,1,1,1,1,1,1,1,1,1,4),(0.155823434249507,0.158287190249767,
0.160750946250027,0.163214702250287,0.165678458250547,0.168142214250806,
0.170605970251066,0.175533482251586,0.177997238251846,0.180460994252105,
0.182924750252366,0.185388506252625,0.190316018253145,0.195243530253664,
0.200171042254185,0.205098554254704,0.210026066255224,0.214953578255744,
0.219881090256263,0.222344846256523,0.224808602256783,0.227272358257043,
0.229736114257303,0.230967992257433,0.232199870257563,0.234663626257822,
0.239591138258342,0.242054894258602,0.244518650258862,0.246982406259121,
0.248214284259252,0.249446162259381,0.250678040259512,0.251909918259641,
0.254373674259901,0.256837430260161,0.259301186260421,0.26422869826094,
0.266692454261201,0.269156210261461,0.27038808826159,0.27161996626172,0.27408372226198,
0.27654747826224,0.2790112342625,0.28393874626302,0.288866258263539,0.291330014263799,
0.293793770264059,0.295025648264189,0.296257526264319,0.298721282264579,
0.301185038264839,0.303648794265098,0.306112550265358,0.308576306265618,
0.311040062265878,0.312271940266008,0.313503818266137),.UNSPECIFIED.);
#560=B_SPLINE_CURVE_WITH_KNOTS('',3,(#3875,#3876,#3877,#3878,#3879,#3880,
#3881,#3882,#3883,#3884,#3885,#3886,#3887,#3888,#3889,#3890,#3891,#3892,
#3893,#3894,#3895,#3896,#3897,#3898,#3899,#3900,#3901,#3902,#3903,#3904,
#3905,#3906,#3907,#3908,#3909,#3910,#3911,#3912,#3913,#3914,#3915,#3916,
#3917,#3918,#3919,#3920,#3921,#3922,#3923,#3924,#3925,#3926,#3927,#3928,
#3929,#3930,#3931,#3932,#3933,#3934,#3935,#3936,#3937,#3938,#3939,#3940,
#3941,#3942,#3943,#3944,#3945,#3946,#3947,#3948,#3949,#3950,#3951,#3952,
#3953,#3954,#3955,#3956,#3957,#3958,#3959,#3960,#3961,#3962,#3963,#3964,
#3965,#3966,#3967,#3968,#3969,#3970,#3971,#3972,#3973,#3974,#3975,#3976,
#3977,#3978,#3979,#3980,#3981,#3982,#3983,#3984,#3985,#3986,#3987,#3988,
#3989,#3990,#3991,#3992,#3993,#3994,#3995,#3996,#3997,#3998,#3999,#4000,
#4001,#4002,#4003),.UNSPECIFIED.,.F.,.F.,(4,1,1,1,1,1,1,1,1,1,1,1,1,1,1,
1,1,1,1,1,1,1,1,1,1,1,1,1,1,1,1,1,1,1,1,1,1,1,1,1,1,1,1,1,1,1,1,1,1,1,1,
1,1,1,1,1,1,1,1,1,1,1,1,1,1,1,1,1,1,1,1,1,1,1,1,1,1,1,1,1,1,1,1,1,1,1,1,
1,1,1,1,1,1,1,1,1,1,1,1,1,1,1,1,1,1,1,1,1,1,1,1,1,1,1,1,1,1,1,1,1,1,1,1,
1,1,1,4),(0.31571503194619,0.316302613432525,0.31689019491886,0.317183985662027,
0.317477776405194,0.31806535789153,0.318652939377864,0.319240520864199,
0.319828102350534,0.320121893093701,0.320415683836869,0.321003265323204,
0.321590846809538,0.322178428295874,0.322766009782209,0.323353591268544,
0.323941172754878,0.325116335727548,0.326291498700218,0.326879080186553,
0.327466661672888,0.328054243159223,0.328641824645558,0.329229406131892,
0.329816987618228,0.330110778361395,0.330404569104562,0.330698359847729,
0.330845255219314,0.330918702905105,0.330992150590897,0.331139045962481,
0.331285941334064,0.331432836705648,0.331579732077232,0.331726627448816,
0.331763351291711,0.331800075134608,0.3318735228204,0.331946970506191,0.332020418191983,
0.332167313563567,0.332240761249359,0.332314208935151,0.332387656620942,
0.332461104306735,0.332534551992526,0.332607999678318,0.33268144736411,
0.332754895049902,0.332828342735694,0.332901790421485,0.332975238107278,
0.33304868579307,0.333122133478861,0.333195581164653,0.333342476536236,
0.33348937190782,0.333562819593613,0.333636267279404,0.333709714965196,
0.333783162650988,0.333856610336779,0.333930058022571,0.334076953394155,
0.334223848765739,0.334297296451531,0.334370744137322,0.334517639508906,
0.33466453488049,0.334811430252074,0.334958325623658,0.335105220995241,
0.335399011738409,0.335692802481577,0.335986593224744,0.336280383967911,
0.336574174711078,0.336867965454246,0.337455546940581,0.338043128426916,
0.339218291399585,0.340393454372255,0.341568617344925,0.342743780317595,
0.343918943290265,0.345094106262935,0.346269269235604,0.348619595180944,
0.350969921126284,0.353320247071623,0.355670573016962,0.358020898962302,
0.362721550852982,0.365071876798321,0.36742220274366,0.369772528689,0.37212285463434,
0.376823506525019,0.381524158415698,0.383874484361037,0.386224810306377,
0.390925462197056,0.395626114087735,0.397976440033075,0.400326765978414,
0.402677091923755,0.405027417869094,0.407377743814434,0.409728069759773,
0.412078395705113,0.414428721650452,0.419129373541132,0.42383002543181,
0.42618035137715,0.42853067732249,0.433231329213169,0.437931981103848,0.442632632994527,
0.444982958939867,0.447333284885207,0.449683610830546,0.452033936775885,
0.454384262721225,0.456734588666565,0.461435240557244,0.466135892447923),
 .UNSPECIFIED.);
#561=B_SPLINE_CURVE_WITH_KNOTS('',3,(#4005,#4006,#4007,#4008,#4009,#4010,
#4011,#4012,#4013,#4014,#4015,#4016,#4017,#4018,#4019,#4020,#4021,#4022),
 .UNSPECIFIED.,.F.,.F.,(4,1,1,1,1,1,1,1,1,1,1,1,1,1,1,4),(0.489491965461943,
0.493226463793732,0.496960962125521,0.504429958789099,0.508164457120888,
0.511898955452677,0.515633453784466,0.51750070295036,0.519367952116255,
0.523102450448044,0.526836948779833,0.530571447111622,0.534305945443411,
0.541774942106989,0.545509440438778,0.549243938770567),.UNSPECIFIED.);
#562=B_SPLINE_CURVE_WITH_KNOTS('',3,(#4024,#4025,#4026,#4027,#4028,#4029),
 .UNSPECIFIED.,.F.,.F.,(4,1,1,4),(0.579708661279568,0.585322026255884,0.588128708744042,
0.590935391232201),.UNSPECIFIED.);
#563=B_SPLINE_CURVE_WITH_KNOTS('',3,(#4031,#4032,#4033,#4034,#4035,#4036,
#4037,#4038,#4039,#4040,#4041,#4042,#4043,#4044,#4045,#4046,#4047,#4048,
#4049,#4050,#4051,#4052,#4053,#4054,#4055,#4056,#4057,#4058,#4059,#4060,
#4061,#4062,#4063,#4064,#4065,#4066,#4067,#4068,#4069,#4070,#4071,#4072,
#4073,#4074,#4075,#4076,#4077,#4078,#4079,#4080,#4081,#4082,#4083,#4084,
#4085,#4086,#4087,#4088,#4089,#4090,#4091,#4092,#4093,#4094,#4095,#4096,
#4097,#4098,#4099,#4100,#4101,#4102,#4103,#4104,#4105,#4106,#4107,#4108,
#4109,#4110,#4111,#4112,#4113,#4114,#4115,#4116,#4117,#4118,#4119,#4120,
#4121,#4122,#4123,#4124,#4125,#4126,#4127,#4128,#4129,#4130,#4131,#4132,
#4133,#4134,#4135,#4136,#4137,#4138,#4139,#4140,#4141,#4142,#4143,#4144,
#4145,#4146,#4147,#4148,#4149,#4150,#4151,#4152,#4153,#4154,#4155,#4156,
#4157,#4158,#4159,#4160,#4161,#4162,#4163,#4164,#4165,#4166,#4167,#4168,
#4169,#4170),.UNSPECIFIED.,.F.,.F.,(4,1,1,1,1,1,1,1,1,1,1,1,1,1,1,1,1,1,
1,1,1,1,1,1,1,1,1,1,1,1,1,1,1,1,1,1,1,1,1,1,1,1,1,1,1,1,1,1,1,1,1,1,1,1,
1,1,1,1,1,1,1,1,1,1,1,1,1,1,1,1,1,1,1,1,1,1,1,1,1,1,1,1,1,1,1,1,1,1,1,1,
1,1,1,1,1,1,1,1,1,1,1,1,1,1,1,1,1,1,1,1,1,1,1,1,1,1,1,1,1,1,1,1,1,1,1,1,
1,1,1,1,1,1,1,1,1,1,1,4),(0.606116440681327,0.607993312991276,0.609870185301224,
0.61362392992112,0.617377674541016,0.621131419160912,0.624885163780809,
0.628638908400705,0.630515780710653,0.632392653020601,0.636146397640498,
0.639900142260394,0.64365388688029,0.647407631500186,0.651161376120083,
0.654915120739979,0.658668865359875,0.662422609979771,0.666176354599668,
0.669930099219564,0.67368384383946,0.677437588459357,0.679314460769305,
0.681191333079253,0.683068205389201,0.684945077699149,0.686821950009097,
0.688698822319045,0.689637258474019,0.690575694628994,0.691514130783968,
0.692452566938942,0.693391003093916,0.69432943924889,0.695267875403864,
0.695737093481351,0.696206311558838,0.696440920597581,0.696675529636325,
0.696910138675069,0.697144747713812,0.697379356752556,0.697613965791299,
0.697848574830043,0.697965879349414,0.698083183868786,0.69831779290753,
0.698376445167216,0.698435097426902,0.698552401946273,0.698669706465645,
0.698787010985017,0.698845663244703,0.698904315504389,0.69902162002376,
0.699138924543132,0.699197576802818,0.699256229062504,0.699373533581876,
0.699490838101247,0.699608142620619,0.699725447139991,0.699784099399677,
0.699842751659363,0.699901403919048,0.699960056178734,0.70001870843842,
0.700077360698106,0.700136012957792,0.700194665217478,0.700253317477164,
0.70031196973685,0.700429274256221,0.700546578775593,0.700663883294965,
0.700781187814337,0.700839840074022,0.700898492333708,0.700957144593394,
0.70101579685308,0.701133101372452,0.701250405891824,0.701367710411195,
0.701485014930567,0.701602319449939,0.701719623969311,0.701836928488682,
0.702071537527426,0.70230614656617,0.702540755604913,0.702775364643657,
0.703244582721144,0.703713800798631,0.703948409837374,0.704183018876118,
0.704652236953605,0.705590673108579,0.706529109263553,0.707467545418527,
0.708405981573501,0.709344417728475,0.710282853883449,0.711221290038423,
0.713098162348371,0.714975034658319,0.716851906968267,0.718728779278216,
0.720605651588164,0.722482523898112,0.72435939620806,0.726236268518008,
0.728113140827956,0.729990013137905,0.733743757757801,0.737497502377697,
0.741251246997593,0.74500499161749,0.748758736237386,0.752512480857282,
0.756266225477178,0.760019970097075,0.763773714716971,0.771281203956764,
0.778788693196556,0.786296182436349,0.793803671676141,0.801311160915934,
0.808818650155726,0.816326139395519,0.820079884015415,0.823833628635311,
0.827587373255208,0.829464245565156,0.831341117875104,0.835094862495,0.838848607114896,
0.842602351734793,0.846356096354689),.UNSPECIFIED.);
#564=B_SPLINE_CURVE_WITH_KNOTS('',3,(#4172,#4173,#4174,#4175,#4176,#4177,
#4178,#4179,#4180,#4181,#4182,#4183,#4184,#4185,#4186,#4187,#4188,#4189,
#4190,#4191,#4192,#4193,#4194,#4195,#4196,#4197,#4198,#4199,#4200),
 .UNSPECIFIED.,.F.,.F.,(4,1,1,1,1,1,1,1,1,1,1,1,1,1,1,1,1,1,1,1,1,1,1,1,
1,1,4),(0.873300230942825,0.878799059791538,0.884297888640252,0.889796717488965,
0.895295546337679,0.900794375186392,0.906293204035105,0.911792032883819,
0.917290861732532,0.922789690581246,0.925539105005603,0.928288519429959,
0.931037933854316,0.933787348278673,0.939286177127386,0.942035591551743,
0.9447850059761,0.947534420400456,0.948909127612635,0.950283834824813,0.951658542036991,
0.95303324924917,0.954407956461348,0.955782663673526,0.957157370885705,
0.958532078097883,0.96128149252224),.UNSPECIFIED.);
#565=B_SPLINE_CURVE_WITH_KNOTS('',3,(#4202,#4203,#4204,#4205,#4206,#4207,
#4208,#4209,#4210,#4211,#4212,#4213,#4214,#4215,#4216,#4217,#4218,#4219,
#4220,#4221,#4222,#4223,#4224,#4225,#4226,#4227,#4228,#4229,#4230,#4231,
#4232,#4233,#4234,#4235,#4236,#4237,#4238,#4239,#4240,#4241,#4242,#4243,
#4244,#4245),.UNSPECIFIED.,.F.,.F.,(4,1,1,1,1,1,1,1,1,1,1,1,1,1,1,1,1,1,
1,1,1,1,1,1,1,1,1,1,1,1,1,1,1,1,1,1,1,1,1,1,1,4),(0.194042953614904,0.21940461216086,
0.244766270706817,0.257447099979795,0.270127929252773,0.29548958779873,
0.320851246344686,0.346212904890642,0.371574563436599,0.396936221982555,
0.422297880528512,0.447659539074468,0.473021197620425,0.485702026893403,
0.498382856166381,0.51106368543936,0.523744514712338,0.536425343985316,
0.549106173258294,0.555446587894783,0.561787002531273,0.564957209849517,
0.568127417167762,0.571297624486006,0.572882728145129,0.574467831804251,
0.577638039122495,0.579223142781618,0.58080824644074,0.582393350099862,
0.583978453758984,0.585563557418107,0.587148661077229,0.588733764736351,
0.590318868395474,0.591903972054596,0.593489075713718,0.595074179372841,
0.596659283031963,0.597451834861524,0.598244386691085,0.599829490350207),
 .UNSPECIFIED.);
#566=B_SPLINE_CURVE_WITH_KNOTS('',3,(#4249,#4250,#4251,#4252,#4253,#4254,
#4255,#4256,#4257,#4258,#4259,#4260,#4261,#4262,#4263,#4264,#4265,#4266,
#4267,#4268,#4269,#4270,#4271,#4272,#4273,#4274,#4275,#4276,#4277,#4278,
#4279,#4280),.UNSPECIFIED.,.F.,.F.,(4,1,1,1,1,1,1,1,1,1,1,1,1,1,1,1,1,1,
1,1,1,1,1,1,1,1,1,1,1,4),(0.160297201067662,0.16749268732878,0.174688173589897,
0.178285916720456,0.181883659851015,0.185481402981574,0.189079146112133,
0.190878017677412,0.192676889242691,0.194475760807971,0.19627463237325,
0.19717406815589,0.19807350393853,0.199872375503809,0.201671247069089,0.202570682851729,
0.203470118634368,0.205268990199648,0.207067861764927,0.208866733330206,
0.209766169112846,0.210665604895486,0.212464476460765,0.213363912243405,
0.214263348026044,0.215162783808685,0.216062219591324,0.216511937482644,
0.216961655373964,0.217861091156604),.UNSPECIFIED.);
#567=B_SPLINE_CURVE_WITH_KNOTS('',3,(#4282,#4283,#4284,#4285,#4286,#4287,
#4288,#4289,#4290,#4291,#4292,#4293,#4294,#4295,#4296,#4297,#4298,#4299,
#4300,#4301,#4302,#4303,#4304,#4305,#4306,#4307,#4308,#4309,#4310,#4311,
#4312,#4313,#4314,#4315),.UNSPECIFIED.,.F.,.F.,(4,1,1,1,1,1,1,1,1,1,1,1,
1,1,1,1,1,1,1,1,1,1,1,1,1,1,1,1,1,1,1,4),(0.714293539694355,0.714978067562626,
0.715662595430897,0.716347123299168,0.717031651167439,0.718400706903981,
0.719085234772252,0.719769762640523,0.721138818377065,0.721823346245336,
0.722507874113607,0.723876929850149,0.725245985586691,0.726615041323233,
0.727984097059775,0.729353152796317,0.730722208532859,0.732091264269401,
0.733460320005943,0.736198431479026,0.73893654295211,0.741674654425194,
0.744412765898278,0.747150877371362,0.75262710031753,0.758103323263698,
0.763579546209865,0.769055769156033,0.780008215048369,0.785484437994537,
0.790960660940704,0.80191310683304),.UNSPECIFIED.);
#568=B_SPLINE_CURVE_WITH_KNOTS('',3,(#4321,#4322,#4323,#4324,#4325,#4326,
#4327,#4328,#4329,#4330,#4331,#4332,#4333,#4334,#4335,#4336,#4337,#4338,
#4339,#4340,#4341,#4342,#4343,#4344,#4345,#4346,#4347,#4348,#4349,#4350,
#4351,#4352,#4353,#4354,#4355,#4356,#4357,#4358,#4359,#4360,#4361,#4362,
#4363,#4364,#4365,#4366),.UNSPECIFIED.,.F.,.F.,(4,1,1,1,1,1,1,1,1,1,1,1,
1,1,1,1,1,1,1,1,1,1,1,1,1,1,1,1,1,1,1,1,1,1,1,1,1,1,1,1,1,1,1,4),(0.520499318044997,
0.521813471087801,0.523127624130605,0.523784700652007,0.524441777173409,
0.525755930216213,0.527070083259016,0.527727159780418,0.52838423630182,
0.529698389344624,0.531012542387428,0.533640848473035,0.534955001515839,
0.536269154558643,0.537583307601447,0.53889746064425,0.541525766729858,
0.544154072815466,0.546782378901073,0.552038991072288,0.557295603243503,
0.562552215414718,0.573065439757149,0.583578664099579,0.594091888442009,
0.604605112784439,0.61511833712687,0.6256315614693,0.63614478581173,0.641401397982945,
0.646658010154161,0.657171234496591,0.667684458839021,0.688710907523882,
0.709737356208742,0.730763804893603,0.741277029236033,0.751790253578463,
0.762303477920894,0.772816702263324,0.793843150948185,0.814869599633045,
0.835896048317905,0.856922497002766),.UNSPECIFIED.);
#569=B_SPLINE_CURVE_WITH_KNOTS('',3,(#4373,#4374,#4375,#4376,#4377,#4378,
#4379,#4380,#4381,#4382,#4383,#4384,#4385,#4386,#4387,#4388,#4389,#4390,
#4391,#4392,#4393,#4394,#4395,#4396,#4397,#4398,#4399,#4400,#4401,#4402,
#4403,#4404,#4405,#4406),.UNSPECIFIED.,.F.,.F.,(4,1,1,1,1,1,1,1,1,1,1,1,
1,1,1,1,1,1,1,1,1,1,1,1,1,1,1,1,1,1,1,4),(0.714293539694355,0.714978067562626,
0.715662595430897,0.716347123299168,0.717031651167439,0.718400706903981,
0.719085234772252,0.719769762640523,0.721138818377065,0.721823346245336,
0.722507874113607,0.723876929850149,0.725245985586691,0.726615041323233,
0.727984097059775,0.729353152796317,0.730722208532859,0.732091264269401,
0.733460320005943,0.736198431479026,0.73893654295211,0.741674654425194,
0.744412765898278,0.747150877371362,0.75262710031753,0.758103323263698,
0.763579546209865,0.769055769156033,0.780008215048369,0.785484437994537,
0.790960660940704,0.80191310683304),.UNSPECIFIED.);
#570=B_SPLINE_CURVE_WITH_KNOTS('',3,(#4408,#4409,#4410,#4411,#4412,#4413,
#4414,#4415,#4416,#4417,#4418,#4419,#4420,#4421,#4422,#4423,#4424,#4425,
#4426,#4427,#4428,#4429,#4430,#4431,#4432,#4433,#4434,#4435,#4436,#4437,
#4438,#4439),.UNSPECIFIED.,.F.,.F.,(4,1,1,1,1,1,1,1,1,1,1,1,1,1,1,1,1,1,
1,1,1,1,1,1,1,1,1,1,1,4),(0.160297201067662,0.16749268732878,0.174688173589897,
0.178285916720456,0.181883659851015,0.185481402981574,0.189079146112133,
0.190878017677412,0.192676889242691,0.194475760807971,0.19627463237325,
0.19717406815589,0.19807350393853,0.199872375503809,0.201671247069089,0.202570682851729,
0.203470118634368,0.205268990199648,0.207067861764927,0.208866733330206,
0.209766169112846,0.210665604895486,0.212464476460765,0.213363912243405,
0.214263348026044,0.215162783808685,0.216062219591324,0.216511937482644,
0.216961655373964,0.217861091156604),.UNSPECIFIED.);
#571=B_SPLINE_CURVE_WITH_KNOTS('',3,(#4443,#4444,#4445,#4446,#4447,#4448,
#4449,#4450,#4451,#4452,#4453,#4454,#4455,#4456,#4457,#4458,#4459,#4460,
#4461,#4462,#4463,#4464,#4465,#4466,#4467,#4468,#4469,#4470,#4471,#4472,
#4473,#4474,#4475,#4476,#4477,#4478,#4479,#4480,#4481,#4482,#4483,#4484,
#4485,#4486),.UNSPECIFIED.,.F.,.F.,(4,1,1,1,1,1,1,1,1,1,1,1,1,1,1,1,1,1,
1,1,1,1,1,1,1,1,1,1,1,1,1,1,1,1,1,1,1,1,1,1,1,4),(0.194042953614904,0.21940461216086,
0.244766270706817,0.257447099979795,0.270127929252773,0.29548958779873,
0.320851246344686,0.346212904890642,0.371574563436599,0.396936221982555,
0.422297880528512,0.447659539074468,0.473021197620425,0.485702026893403,
0.498382856166381,0.51106368543936,0.523744514712338,0.536425343985316,
0.549106173258294,0.555446587894783,0.561787002531273,0.564957209849517,
0.568127417167762,0.571297624486006,0.572882728145129,0.574467831804251,
0.577638039122495,0.579223142781618,0.58080824644074,0.582393350099862,
0.583978453758984,0.585563557418107,0.587148661077229,0.588733764736351,
0.590318868395474,0.591903972054596,0.593489075713718,0.595074179372841,
0.596659283031963,0.597451834861524,0.598244386691085,0.599829490350207),
 .UNSPECIFIED.);
#572=B_SPLINE_CURVE_WITH_KNOTS('',3,(#4488,#4489,#4490,#4491,#4492,#4493,
#4494,#4495,#4496,#4497,#4498,#4499,#4500,#4501,#4502,#4503,#4504,#4505,
#4506,#4507,#4508,#4509,#4510,#4511,#4512,#4513,#4514,#4515,#4516),
 .UNSPECIFIED.,.F.,.F.,(4,1,1,1,1,1,1,1,1,1,1,1,1,1,1,1,1,1,1,1,1,1,1,1,
1,1,4),(0.873300230942825,0.878799059791538,0.884297888640252,0.889796717488965,
0.895295546337679,0.900794375186392,0.906293204035105,0.911792032883819,
0.917290861732532,0.922789690581246,0.925539105005603,0.928288519429959,
0.931037933854316,0.933787348278673,0.939286177127386,0.942035591551743,
0.9447850059761,0.947534420400456,0.948909127612635,0.950283834824813,0.951658542036991,
0.95303324924917,0.954407956461348,0.955782663673526,0.957157370885705,
0.958532078097883,0.96128149252224),.UNSPECIFIED.);
#573=B_SPLINE_CURVE_WITH_KNOTS('',3,(#4518,#4519,#4520,#4521,#4522,#4523,
#4524,#4525,#4526,#4527,#4528,#4529,#4530,#4531,#4532,#4533,#4534,#4535,
#4536,#4537,#4538,#4539,#4540,#4541,#4542,#4543,#4544,#4545,#4546,#4547,
#4548,#4549,#4550,#4551,#4552,#4553,#4554,#4555,#4556,#4557,#4558,#4559,
#4560,#4561,#4562,#4563,#4564,#4565,#4566,#4567,#4568,#4569,#4570,#4571,
#4572,#4573,#4574,#4575,#4576,#4577,#4578,#4579,#4580,#4581,#4582,#4583,
#4584,#4585,#4586,#4587,#4588,#4589,#4590,#4591,#4592,#4593,#4594,#4595,
#4596,#4597,#4598,#4599,#4600,#4601,#4602,#4603,#4604,#4605,#4606,#4607,
#4608,#4609,#4610,#4611,#4612,#4613,#4614,#4615,#4616,#4617,#4618,#4619,
#4620,#4621,#4622,#4623,#4624,#4625,#4626,#4627,#4628,#4629,#4630,#4631,
#4632,#4633,#4634,#4635,#4636,#4637,#4638,#4639,#4640,#4641,#4642,#4643,
#4644,#4645,#4646,#4647,#4648,#4649,#4650,#4651,#4652,#4653,#4654,#4655,
#4656,#4657),.UNSPECIFIED.,.F.,.F.,(4,1,1,1,1,1,1,1,1,1,1,1,1,1,1,1,1,1,
1,1,1,1,1,1,1,1,1,1,1,1,1,1,1,1,1,1,1,1,1,1,1,1,1,1,1,1,1,1,1,1,1,1,1,1,
1,1,1,1,1,1,1,1,1,1,1,1,1,1,1,1,1,1,1,1,1,1,1,1,1,1,1,1,1,1,1,1,1,1,1,1,
1,1,1,1,1,1,1,1,1,1,1,1,1,1,1,1,1,1,1,1,1,1,1,1,1,1,1,1,1,1,1,1,1,1,1,1,
1,1,1,1,1,1,1,1,1,1,1,4),(0.606116440681327,0.607993312991276,0.609870185301224,
0.61362392992112,0.617377674541016,0.621131419160912,0.624885163780809,
0.628638908400705,0.630515780710653,0.632392653020601,0.636146397640498,
0.639900142260394,0.64365388688029,0.647407631500186,0.651161376120083,
0.654915120739979,0.658668865359875,0.662422609979771,0.666176354599668,
0.669930099219564,0.67368384383946,0.677437588459357,0.679314460769305,
0.681191333079253,0.683068205389201,0.684945077699149,0.686821950009097,
0.688698822319045,0.689637258474019,0.690575694628994,0.691514130783968,
0.692452566938942,0.693391003093916,0.69432943924889,0.695267875403864,
0.695737093481351,0.696206311558838,0.696440920597581,0.696675529636325,
0.696910138675069,0.697144747713812,0.697379356752556,0.697613965791299,
0.697848574830043,0.697965879349414,0.698083183868786,0.69831779290753,
0.698376445167216,0.698435097426902,0.698552401946273,0.698669706465645,
0.698787010985017,0.698845663244703,0.698904315504389,0.69902162002376,
0.699138924543132,0.699197576802818,0.699256229062504,0.699373533581876,
0.699490838101247,0.699608142620619,0.699725447139991,0.699784099399677,
0.699842751659363,0.699901403919048,0.699960056178734,0.70001870843842,
0.700077360698106,0.700136012957792,0.700194665217478,0.700253317477164,
0.70031196973685,0.700429274256221,0.700546578775593,0.700663883294965,
0.700781187814337,0.700839840074022,0.700898492333708,0.700957144593394,
0.70101579685308,0.701133101372452,0.701250405891824,0.701367710411195,
0.701485014930567,0.701602319449939,0.701719623969311,0.701836928488682,
0.702071537527426,0.70230614656617,0.702540755604913,0.702775364643657,
0.703244582721144,0.703713800798631,0.703948409837374,0.704183018876118,
0.704652236953605,0.705590673108579,0.706529109263553,0.707467545418527,
0.708405981573501,0.709344417728475,0.710282853883449,0.711221290038423,
0.713098162348371,0.714975034658319,0.716851906968267,0.718728779278216,
0.720605651588164,0.722482523898112,0.72435939620806,0.726236268518008,
0.728113140827956,0.729990013137905,0.733743757757801,0.737497502377697,
0.741251246997593,0.74500499161749,0.748758736237386,0.752512480857282,
0.756266225477178,0.760019970097075,0.763773714716971,0.771281203956764,
0.778788693196556,0.786296182436349,0.793803671676141,0.801311160915934,
0.808818650155726,0.816326139395519,0.820079884015415,0.823833628635311,
0.827587373255208,0.829464245565156,0.831341117875104,0.835094862495,0.838848607114896,
0.842602351734793,0.846356096354689),.UNSPECIFIED.);
#574=B_SPLINE_CURVE_WITH_KNOTS('',3,(#4659,#4660,#4661,#4662,#4663,#4664),
 .UNSPECIFIED.,.F.,.F.,(4,1,1,4),(0.579708661279568,0.585322026255884,0.588128708744042,
0.590935391232201),.UNSPECIFIED.);
#575=B_SPLINE_CURVE_WITH_KNOTS('',3,(#4666,#4667,#4668,#4669,#4670,#4671,
#4672,#4673,#4674,#4675,#4676,#4677,#4678,#4679,#4680,#4681,#4682,#4683),
 .UNSPECIFIED.,.F.,.F.,(4,1,1,1,1,1,1,1,1,1,1,1,1,1,1,4),(0.489491965461943,
0.493226463793732,0.496960962125521,0.504429958789099,0.508164457120888,
0.511898955452677,0.515633453784466,0.51750070295036,0.519367952116255,
0.523102450448044,0.526836948779833,0.530571447111622,0.534305945443411,
0.541774942106989,0.545509440438778,0.549243938770567),.UNSPECIFIED.);
#576=B_SPLINE_CURVE_WITH_KNOTS('',3,(#4685,#4686,#4687,#4688,#4689,#4690,
#4691,#4692,#4693,#4694,#4695,#4696,#4697,#4698,#4699,#4700,#4701,#4702,
#4703,#4704,#4705,#4706,#4707,#4708,#4709,#4710,#4711,#4712,#4713,#4714,
#4715,#4716,#4717,#4718,#4719,#4720,#4721,#4722,#4723,#4724,#4725,#4726,
#4727,#4728,#4729,#4730,#4731,#4732,#4733,#4734,#4735,#4736,#4737,#4738,
#4739,#4740,#4741,#4742,#4743,#4744,#4745,#4746,#4747,#4748,#4749,#4750,
#4751,#4752,#4753,#4754,#4755,#4756,#4757,#4758,#4759,#4760,#4761,#4762,
#4763,#4764,#4765,#4766,#4767,#4768,#4769,#4770,#4771,#4772,#4773,#4774,
#4775,#4776,#4777,#4778,#4779,#4780,#4781,#4782,#4783,#4784,#4785,#4786,
#4787,#4788,#4789,#4790,#4791,#4792,#4793,#4794,#4795,#4796,#4797,#4798,
#4799,#4800,#4801,#4802,#4803,#4804,#4805,#4806,#4807,#4808,#4809,#4810,
#4811,#4812,#4813),.UNSPECIFIED.,.F.,.F.,(4,1,1,1,1,1,1,1,1,1,1,1,1,1,1,
1,1,1,1,1,1,1,1,1,1,1,1,1,1,1,1,1,1,1,1,1,1,1,1,1,1,1,1,1,1,1,1,1,1,1,1,
1,1,1,1,1,1,1,1,1,1,1,1,1,1,1,1,1,1,1,1,1,1,1,1,1,1,1,1,1,1,1,1,1,1,1,1,
1,1,1,1,1,1,1,1,1,1,1,1,1,1,1,1,1,1,1,1,1,1,1,1,1,1,1,1,1,1,1,1,1,1,1,1,
1,1,1,4),(0.31571503194619,0.316302613432525,0.31689019491886,0.317183985662027,
0.317477776405194,0.31806535789153,0.318652939377864,0.319240520864199,
0.319828102350534,0.320121893093701,0.320415683836869,0.321003265323204,
0.321590846809538,0.322178428295874,0.322766009782209,0.323353591268544,
0.323941172754878,0.325116335727548,0.326291498700218,0.326879080186553,
0.327466661672888,0.328054243159223,0.328641824645558,0.329229406131892,
0.329816987618228,0.330110778361395,0.330404569104562,0.330698359847729,
0.330845255219314,0.330918702905105,0.330992150590897,0.331139045962481,
0.331285941334064,0.331432836705648,0.331579732077232,0.331726627448816,
0.331763351291711,0.331800075134608,0.3318735228204,0.331946970506191,0.332020418191983,
0.332167313563567,0.332240761249359,0.332314208935151,0.332387656620942,
0.332461104306735,0.332534551992526,0.332607999678318,0.33268144736411,
0.332754895049902,0.332828342735694,0.332901790421485,0.332975238107278,
0.33304868579307,0.333122133478861,0.333195581164653,0.333342476536236,
0.33348937190782,0.333562819593613,0.333636267279404,0.333709714965196,
0.333783162650988,0.333856610336779,0.333930058022571,0.334076953394155,
0.334223848765739,0.334297296451531,0.334370744137322,0.334517639508906,
0.33466453488049,0.334811430252074,0.334958325623658,0.335105220995241,
0.335399011738409,0.335692802481577,0.335986593224744,0.336280383967911,
0.336574174711078,0.336867965454246,0.337455546940581,0.338043128426916,
0.339218291399585,0.340393454372255,0.341568617344925,0.342743780317595,
0.343918943290265,0.345094106262935,0.346269269235604,0.348619595180944,
0.350969921126284,0.353320247071623,0.355670573016962,0.358020898962302,
0.362721550852982,0.365071876798321,0.36742220274366,0.369772528689,0.37212285463434,
0.376823506525019,0.381524158415698,0.383874484361037,0.386224810306377,
0.390925462197056,0.395626114087735,0.397976440033075,0.400326765978414,
0.402677091923755,0.405027417869094,0.407377743814434,0.409728069759773,
0.412078395705113,0.414428721650452,0.419129373541132,0.42383002543181,
0.42618035137715,0.42853067732249,0.433231329213169,0.437931981103848,0.442632632994527,
0.444982958939867,0.447333284885207,0.449683610830546,0.452033936775885,
0.454384262721225,0.456734588666565,0.461435240557244,0.466135892447923),
 .UNSPECIFIED.);
#577=B_SPLINE_CURVE_WITH_KNOTS('',3,(#4815,#4816,#4817,#4818,#4819,#4820,
#4821,#4822,#4823,#4824,#4825,#4826,#4827,#4828,#4829,#4830,#4831,#4832,
#4833,#4834,#4835,#4836,#4837,#4838,#4839,#4840,#4841,#4842,#4843,#4844,
#4845,#4846,#4847,#4848,#4849,#4850,#4851,#4852,#4853,#4854,#4855,#4856,
#4857,#4858,#4859,#4860,#4861,#4862,#4863,#4864,#4865,#4866,#4867,#4868,
#4869,#4870,#4871,#4872,#4873,#4874,#4875),.UNSPECIFIED.,.F.,.F.,(4,1,1,
1,1,1,1,1,1,1,1,1,1,1,1,1,1,1,1,1,1,1,1,1,1,1,1,1,1,1,1,1,1,1,1,1,1,1,1,
1,1,1,1,1,1,1,1,1,1,1,1,1,1,1,1,1,1,1,4),(0.155823434249507,0.158287190249767,
0.160750946250027,0.163214702250287,0.165678458250547,0.168142214250806,
0.170605970251066,0.175533482251586,0.177997238251846,0.180460994252105,
0.182924750252366,0.185388506252625,0.190316018253145,0.195243530253664,
0.200171042254185,0.205098554254704,0.210026066255224,0.214953578255744,
0.219881090256263,0.222344846256523,0.224808602256783,0.227272358257043,
0.229736114257303,0.230967992257433,0.232199870257563,0.234663626257822,
0.239591138258342,0.242054894258602,0.244518650258862,0.246982406259121,
0.248214284259252,0.249446162259381,0.250678040259512,0.251909918259641,
0.254373674259901,0.256837430260161,0.259301186260421,0.26422869826094,
0.266692454261201,0.269156210261461,0.27038808826159,0.27161996626172,0.27408372226198,
0.27654747826224,0.2790112342625,0.28393874626302,0.288866258263539,0.291330014263799,
0.293793770264059,0.295025648264189,0.296257526264319,0.298721282264579,
0.301185038264839,0.303648794265098,0.306112550265358,0.308576306265618,
0.311040062265878,0.312271940266008,0.313503818266137),.UNSPECIFIED.);
#578=B_SPLINE_CURVE_WITH_KNOTS('',3,(#4877,#4878,#4879,#4880,#4881,#4882,
#4883,#4884,#4885,#4886,#4887,#4888,#4889,#4890,#4891,#4892,#4893,#4894,
#4895,#4896,#4897,#4898,#4899,#4900,#4901,#4902,#4903,#4904,#4905,#4906),
 .UNSPECIFIED.,.F.,.F.,(4,1,1,1,1,1,1,1,1,1,1,1,1,1,1,1,1,1,1,1,1,1,1,1,
1,1,1,4),(0.0271022222545573,0.0330867096065404,0.0390711969585235,0.042063440634515,
0.0450556843105066,0.0465518061485023,0.0480479279864981,0.0510401716624896,
0.0540324153384812,0.0570246590144727,0.0630091463664558,0.0689936337184389,
0.0719858773944305,0.0734819992324262,0.074978121070422,0.0779703647464136,
0.0809626084224051,0.0869470957743882,0.0899393394503798,0.0929315831263713,
0.0959238268023629,0.0989160704783544,0.101908314154346,0.104900557830337,
0.107892801506329,0.110885045182321,0.116869532534304,0.122854019886287),
 .UNSPECIFIED.);
#579=B_SPLINE_CURVE_WITH_KNOTS('',3,(#4989,#4990,#4991,#4992,#4993,#4994,
#4995,#4996,#4997,#4998,#4999,#5000,#5001),.UNSPECIFIED.,.T.,.F.,(1,3,1,
1,1,1,1,1,1,1,1,3,1),(-0.0782978803093271,0.,0.103198740638793,0.199951654750564,
0.299311427491666,0.39537981126147,0.514823556874614,0.636166505420788,
0.731959934705528,0.82840439955975,0.921702119690673,1.,1.10319874063879),
 .UNSPECIFIED.);
#580=B_SPLINE_CURVE_WITH_KNOTS('',3,(#5678,#5679,#5680,#5681,#5682,#5683,
#5684,#5685,#5686,#5687,#5688,#5689,#5690,#5691,#5692,#5693,#5694,#5695,
#5696,#5697,#5698,#5699,#5700,#5701,#5702,#5703,#5704,#5705,#5706,#5707,
#5708,#5709,#5710,#5711,#5712,#5713,#5714,#5715,#5716,#5717,#5718,#5719,
#5720,#5721,#5722,#5723,#5724,#5725,#5726,#5727),.UNSPECIFIED.,.T.,.F.,
(1,1,1,1,1,1,1,1,1,1,1,1,1,1,1,1,1,1,1,1,1,1,1,1,1,1,1,1,1,1,1,1,1,1,1,
1,1,1,1,1,1,1,1,1,1,1,1,1,1,1,1,1,1,1),(-0.09375,-0.0625,-0.03125,0.,0.03125,
0.0625,0.078125,0.09375,0.109375,0.1171875,0.125,0.140625,0.15625,0.171875,
0.1875,0.21875,0.234375,0.25,0.265625,0.28125,0.3125,0.34375,0.359375,0.375,
0.40625,0.4375,0.46875,0.5,0.53125,0.5625,0.59375,0.609375,0.625,0.65625,
0.6875,0.71875,0.734375,0.75,0.7578125,0.765625,0.78125,0.796875,0.8125,
0.84375,0.859375,0.875,0.890625,0.90625,0.9375,0.96875,1.,1.03125,1.0625,
1.078125),.UNSPECIFIED.);
#581=B_SPLINE_CURVE_WITH_KNOTS('',3,(#5852,#5853,#5854,#5855,#5856,#5857,
#5858,#5859,#5860,#5861,#5862,#5863,#5864,#5865,#5866,#5867,#5868,#5869,
#5870,#5871,#5872,#5873,#5874,#5875,#5876,#5877,#5878,#5879,#5880,#5881,
#5882,#5883,#5884,#5885,#5886,#5887,#5888,#5889,#5890,#5891,#5892,#5893,
#5894,#5895,#5896,#5897,#5898,#5899,#5900,#5901,#5902,#5903,#5904,#5905,
#5906,#5907,#5908,#5909,#5910,#5911,#5912),.UNSPECIFIED.,.T.,.F.,(1,1,1,
1,1,1,1,1,1,1,1,1,1,1,1,1,1,1,1,1,1,1,1,1,1,1,1,1,1,1,1,1,1,1,1,1,1,1,1,
1,1,1,1,1,1,1,1,1,1,1,1,1,1,1,1,1,1,1,1,1,1,1,1,1,1),(-0.046875,-0.03125,
-0.015625,0.,0.015625,0.03125,0.046875,0.0625,0.078125,0.09375,0.1015625,
0.109375,0.125,0.140625,0.15625,0.1875,0.1953125,0.203125,0.21875,0.234375,
0.25,0.28125,0.3125,0.34375,0.375,0.390625,0.3984375,0.40625,0.421875,0.4375,
0.46875,0.5,0.515625,0.53125,0.5625,0.59375,0.609375,0.625,0.640625,0.65625,
0.6875,0.71875,0.7265625,0.734375,0.75,0.765625,0.78125,0.796875,0.8125,
0.8203125,0.828125,0.8359375,0.84375,0.859375,0.875,0.90625,0.921875,0.9375,
0.953125,0.96875,0.984375,1.,1.015625,1.03125,1.046875),.UNSPECIFIED.);
#582=EDGE_LOOP('',(#125,#126));
#583=EDGE_LOOP('',(#127));
#584=EDGE_LOOP('',(#128,#129));
#585=EDGE_LOOP('',(#130));
#586=EDGE_LOOP('',(#131,#132,#133,#134));
#587=EDGE_LOOP('',(#135,#136,#137,#138));
#588=EDGE_LOOP('',(#139,#140,#141,#142));
#589=EDGE_LOOP('',(#143,#144,#145,#146));
#590=EDGE_LOOP('',(#147,#148,#149,#150));
#591=EDGE_LOOP('',(#151,#152,#153,#154));
#592=EDGE_LOOP('',(#155,#156,#157,#158));
#593=EDGE_LOOP('',(#159,#160,#161,#162));
#594=EDGE_LOOP('',(#163,#164,#165,#166));
#595=EDGE_LOOP('',(#167,#168,#169,#170));
#596=EDGE_LOOP('',(#171,#172,#173,#174));
#597=EDGE_LOOP('',(#175,#176,#177,#178));
#598=EDGE_LOOP('',(#179,#180,#181,#182));
#599=EDGE_LOOP('',(#183,#184,#185,#186));
#600=EDGE_LOOP('',(#187,#188,#189,#190,#191,#192,#193,#194,#195,#196,#197,
#198));
#601=EDGE_LOOP('',(#199,#200,#201,#202,#203,#204,#205,#206,#207,#208,#209));
#602=EDGE_LOOP('',(#210,#211,#212,#213));
#603=EDGE_LOOP('',(#214,#215,#216,#217));
#604=EDGE_LOOP('',(#218));
#605=EDGE_LOOP('',(#219));
#606=EDGE_LOOP('',(#220,#221,#222,#223,#224,#225,#226,#227));
#607=EDGE_LOOP('',(#228));
#608=EDGE_LOOP('',(#229));
#609=EDGE_LOOP('',(#230,#231,#232,#233,#234,#235,#236,#237,#238,#239,#240,
#241,#242,#243));
#610=EDGE_LOOP('',(#244,#245,#246,#247,#248,#249,#250,#251,#252,#253,#254));
#611=EDGE_LOOP('',(#255,#256,#257,#258,#259,#260,#261,#262,#263,#264,#265,
#266,#267,#268));
#612=EDGE_LOOP('',(#269,#270,#271,#272));
#613=EDGE_LOOP('',(#273));
#614=EDGE_LOOP('',(#274));
#615=EDGE_LOOP('',(#275,#276,#277,#278));
#616=EDGE_LOOP('',(#279,#280,#281,#282));
#617=EDGE_LOOP('',(#283,#284,#285,#286));
#618=EDGE_LOOP('',(#287,#288,#289,#290));
#619=EDGE_LOOP('',(#291,#292,#293,#294));
#620=EDGE_LOOP('',(#295,#296,#297,#298));
#621=EDGE_LOOP('',(#299,#300,#301,#302));
#622=EDGE_LOOP('',(#303,#304,#305,#306));
#623=EDGE_LOOP('',(#307,#308,#309,#310));
#624=EDGE_LOOP('',(#311,#312,#313,#314));
#625=EDGE_LOOP('',(#315,#316,#317,#318));
#626=EDGE_LOOP('',(#319,#320,#321,#322));
#627=EDGE_LOOP('',(#323,#324,#325,#326));
#628=EDGE_LOOP('',(#327,#328,#329,#330));
#629=EDGE_LOOP('',(#331));
#630=EDGE_LOOP('',(#332));
#631=EDGE_LOOP('',(#333));
#632=EDGE_LOOP('',(#334));
#633=EDGE_LOOP('',(#335));
#634=EDGE_LOOP('',(#336));
#635=EDGE_LOOP('',(#337));
#636=EDGE_LOOP('',(#338));
#637=FACE_BOUND('',#582,.T.);
#638=FACE_BOUND('',#583,.T.);
#639=FACE_BOUND('',#584,.T.);
#640=FACE_BOUND('',#585,.T.);
#641=FACE_BOUND('',#586,.T.);
#642=FACE_BOUND('',#587,.T.);
#643=FACE_BOUND('',#588,.T.);
#644=FACE_BOUND('',#589,.T.);
#645=FACE_BOUND('',#590,.T.);
#646=FACE_BOUND('',#591,.T.);
#647=FACE_BOUND('',#592,.T.);
#648=FACE_BOUND('',#593,.T.);
#649=FACE_BOUND('',#594,.T.);
#650=FACE_BOUND('',#595,.T.);
#651=FACE_BOUND('',#596,.T.);
#652=FACE_BOUND('',#597,.T.);
#653=FACE_BOUND('',#598,.T.);
#654=FACE_BOUND('',#599,.T.);
#655=FACE_BOUND('',#600,.T.);
#656=FACE_BOUND('',#601,.T.);
#657=FACE_BOUND('',#602,.T.);
#658=FACE_BOUND('',#603,.T.);
#659=FACE_BOUND('',#604,.T.);
#660=FACE_BOUND('',#605,.T.);
#661=FACE_BOUND('',#606,.T.);
#662=FACE_BOUND('',#607,.T.);
#663=FACE_BOUND('',#608,.T.);
#664=FACE_BOUND('',#609,.T.);
#665=FACE_BOUND('',#610,.T.);
#666=FACE_BOUND('',#611,.T.);
#667=FACE_BOUND('',#612,.T.);
#668=FACE_BOUND('',#613,.T.);
#669=FACE_BOUND('',#614,.T.);
#670=FACE_BOUND('',#615,.T.);
#671=FACE_BOUND('',#616,.T.);
#672=FACE_BOUND('',#617,.T.);
#673=FACE_BOUND('',#618,.T.);
#674=FACE_BOUND('',#619,.T.);
#675=FACE_BOUND('',#620,.T.);
#676=FACE_BOUND('',#621,.T.);
#677=FACE_BOUND('',#622,.T.);
#678=FACE_BOUND('',#623,.T.);
#679=FACE_BOUND('',#624,.T.);
#680=FACE_BOUND('',#625,.T.);
#681=FACE_BOUND('',#626,.T.);
#682=FACE_BOUND('',#627,.T.);
#683=FACE_BOUND('',#628,.T.);
#684=FACE_BOUND('',#629,.T.);
#685=FACE_BOUND('',#630,.T.);
#686=FACE_BOUND('',#631,.T.);
#687=FACE_BOUND('',#632,.T.);
#688=FACE_BOUND('',#633,.T.);
#689=FACE_BOUND('',#634,.T.);
#690=FACE_BOUND('',#635,.T.);
#691=FACE_BOUND('',#636,.T.);
#692=PLANE('',#754);
#693=PLANE('',#755);
#694=PLANE('',#765);
#695=PLANE('',#766);
#696=PLANE('',#770);
#697=PLANE('',#777);
#698=PLANE('',#778);
#699=ADVANCED_FACE('',(#637,#638),#692,.T.);
#700=ADVANCED_FACE('',(#639,#640),#693,.T.);
#701=ADVANCED_FACE('',(#641),#96,.F.);
#702=ADVANCED_FACE('',(#642),#97,.F.);
#703=ADVANCED_FACE('',(#643),#98,.F.);
#704=ADVANCED_FACE('',(#644),#24,.T.);
#705=ADVANCED_FACE('',(#645),#99,.T.);
#706=ADVANCED_FACE('',(#646),#100,.T.);
#707=ADVANCED_FACE('',(#647),#101,.T.);
#708=ADVANCED_FACE('',(#648),#102,.T.);
#709=ADVANCED_FACE('',(#649),#103,.T.);
#710=ADVANCED_FACE('',(#650),#104,.T.);
#711=ADVANCED_FACE('',(#651),#25,.T.);
#712=ADVANCED_FACE('',(#652),#26,.T.);
#713=ADVANCED_FACE('',(#653),#105,.T.);
#714=ADVANCED_FACE('',(#654),#106,.T.);
#715=ADVANCED_FACE('',(#655),#107,.F.);
#716=ADVANCED_FACE('',(#656,#657),#694,.T.);
#717=ADVANCED_FACE('',(#658),#108,.F.);
#718=ADVANCED_FACE('',(#659,#660),#109,.T.);
#719=ADVANCED_FACE('',(#661,#662,#663,#664),#695,.F.);
#720=ADVANCED_FACE('',(#665,#666),#696,.T.);
#721=ADVANCED_FACE('',(#667),#110,.F.);
#722=ADVANCED_FACE('',(#668,#669),#111,.T.);
#723=ADVANCED_FACE('',(#670),#112,.F.);
#724=ADVANCED_FACE('',(#671),#113,.F.);
#725=ADVANCED_FACE('',(#672),#114,.F.);
#726=ADVANCED_FACE('',(#673),#115,.F.);
#727=ADVANCED_FACE('',(#674),#116,.F.);
#728=ADVANCED_FACE('',(#675),#117,.F.);
#729=ADVANCED_FACE('',(#676),#118,.F.);
#730=ADVANCED_FACE('',(#677),#119,.F.);
#731=ADVANCED_FACE('',(#678),#120,.F.);
#732=ADVANCED_FACE('',(#679),#27,.T.);
#733=ADVANCED_FACE('',(#680),#121,.F.);
#734=ADVANCED_FACE('',(#681),#122,.F.);
#735=ADVANCED_FACE('',(#682),#28,.T.);
#736=ADVANCED_FACE('',(#683),#29,.T.);
#737=ADVANCED_FACE('',(#684,#685),#123,.T.);
#738=ADVANCED_FACE('',(#686,#687),#697,.T.);
#739=ADVANCED_FACE('',(#688,#689),#124,.T.);
#740=ADVANCED_FACE('',(#690,#691),#698,.T.);
#741=CLOSED_SHELL('',(#699,#700,#701,#702,#703,#704,#705,#706,#707,#708,
#709,#710,#711,#712,#713,#714,#715,#716,#717,#718,#719,#720,#721,#722,#723,
#724,#725,#726,#727,#728,#729,#730,#731,#732,#733,#734,#735,#736,#737,#738,
#739,#740));
#742=STYLED_ITEM('',(#743),#750);
#743=PRESENTATION_STYLE_ASSIGNMENT((#744));
#744=SURFACE_STYLE_USAGE(.BOTH.,#745);
#745=SURFACE_SIDE_STYLE('',(#746));
#746=SURFACE_STYLE_FILL_AREA(#747);
#747=FILL_AREA_STYLE('',(#748));
#748=FILL_AREA_STYLE_COLOUR('',#749);
#749=COLOUR_RGB('',0.615686274509804,0.811764705882353,0.929411764705882);
#750=MANIFOLD_SOLID_BREP('Part 1',#741);
#751=SHAPE_DEFINITION_REPRESENTATION(#5921,#752);
#752=SHAPE_REPRESENTATION('Part 1',(#753),#5916);
#753=AXIS2_PLACEMENT_3D('',#864,#779,#780);
#754=AXIS2_PLACEMENT_3D('',#865,#781,#782);
#755=AXIS2_PLACEMENT_3D('',#1055,#783,#784);
#756=AXIS2_PLACEMENT_3D('',#1528,#789,#790);
#757=AXIS2_PLACEMENT_3D('',#1529,#791,#792);
#758=AXIS2_PLACEMENT_3D('',#1534,#794,#795);
#759=AXIS2_PLACEMENT_3D('',#2871,#803,#804);
#760=AXIS2_PLACEMENT_3D('',#2872,#805,#806);
#761=AXIS2_PLACEMENT_3D('',#2874,#807,#808);
#762=AXIS2_PLACEMENT_3D('',#2877,#810,#811);
#763=AXIS2_PLACEMENT_3D('',#2878,#812,#813);
#764=AXIS2_PLACEMENT_3D('',#2880,#814,#815);
#765=AXIS2_PLACEMENT_3D('',#3500,#822,#823);
#766=AXIS2_PLACEMENT_3D('',#3645,#824,#825);
#767=AXIS2_PLACEMENT_3D('',#4247,#826,#827);
#768=AXIS2_PLACEMENT_3D('',#4317,#828,#829);
#769=AXIS2_PLACEMENT_3D('',#4319,#830,#831);
#770=AXIS2_PLACEMENT_3D('',#4320,#832,#833);
#771=AXIS2_PLACEMENT_3D('',#4369,#834,#835);
#772=AXIS2_PLACEMENT_3D('',#4371,#836,#837);
#773=AXIS2_PLACEMENT_3D('',#4441,#838,#839);
#774=AXIS2_PLACEMENT_3D('',#5519,#850,#851);
#775=AXIS2_PLACEMENT_3D('',#5575,#855,#856);
#776=AXIS2_PLACEMENT_3D('',#5577,#858,#859);
#777=AXIS2_PLACEMENT_3D('',#5729,#860,#861);
#778=AXIS2_PLACEMENT_3D('',#5914,#862,#863);
#779=DIRECTION('',(0.,0.,1.));
#780=DIRECTION('',(1.,0.,0.));
#781=DIRECTION('',(0.,-1.,0.));
#782=DIRECTION('',(-1.,0.,0.));
#783=DIRECTION('',(0.,-1.,0.));
#784=DIRECTION('',(-1.,0.,0.));
#785=DIRECTION('',(0.,1.,0.));
#786=DIRECTION('',(0.,1.,0.));
#787=DIRECTION('',(0.,1.,0.));
#788=DIRECTION('',(0.,1.,0.));
#789=DIRECTION('',(0.,1.,0.));
#790=DIRECTION('',(-0.271809314709038,0.,0.962351129493494));
#791=DIRECTION('',(0.,1.,0.));
#792=DIRECTION('',(0.,0.,1.));
#793=DIRECTION('',(0.,1.,0.));
#794=DIRECTION('',(0.,1.,0.));
#795=DIRECTION('',(0.,0.,1.));
#796=DIRECTION('',(0.,1.,0.));
#797=DIRECTION('',(0.,1.,0.));
#798=DIRECTION('',(0.,1.,0.));
#799=DIRECTION('',(0.,1.,0.));
#800=DIRECTION('',(0.,1.,0.));
#801=DIRECTION('',(0.,1.,0.));
#802=DIRECTION('',(0.,1.,0.));
#803=DIRECTION('',(0.,1.,0.));
#804=DIRECTION('',(0.0557084063147041,0.,0.998447080954156));
#805=DIRECTION('',(0.,1.,0.));
#806=DIRECTION('',(0.,0.,1.));
#807=DIRECTION('',(0.,1.,0.));
#808=DIRECTION('',(0.,0.,1.));
#809=DIRECTION('',(0.,1.,0.));
#810=DIRECTION('',(0.,1.,0.));
#811=DIRECTION('',(-0.0467355740876387,0.,0.998907296056395));
#812=DIRECTION('',(2.84962528622886E-18,1.,-6.11659962101716E-17));
#813=DIRECTION('',(-0.0889620779518062,6.11769824652434E-17,0.996035013785407));
#814=DIRECTION('',(-3.70687415382646E-15,1.,7.95664789824309E-14));
#815=DIRECTION('',(-0.0889620779518062,-7.98996060359723E-14,0.996035013785407));
#816=DIRECTION('',(0.,1.,0.));
#817=DIRECTION('',(0.,1.,0.));
#818=DIRECTION('',(0.,-1.,0.));
#819=DIRECTION('',(0.,-1.,0.));
#820=DIRECTION('',(0.,-1.,0.));
#821=DIRECTION('',(0.,-1.,0.));
#822=DIRECTION('',(0.,-1.,0.));
#823=DIRECTION('',(-1.,0.,0.));
#824=DIRECTION('',(0.,-1.,0.));
#825=DIRECTION('',(-1.,0.,0.));
#826=DIRECTION('',(0.,-1.,0.));
#827=DIRECTION('',(0.,0.,-1.));
#828=DIRECTION('',(0.,-1.,0.));
#829=DIRECTION('',(0.,0.,-1.));
#830=DIRECTION('',(0.,-1.,0.));
#831=DIRECTION('',(0.,0.,-1.));
#832=DIRECTION('',(0.,-1.,0.));
#833=DIRECTION('',(-1.,0.,0.));
#834=DIRECTION('',(0.,-1.,0.));
#835=DIRECTION('',(0.,0.,-1.));
#836=DIRECTION('',(0.,-1.,0.));
#837=DIRECTION('',(0.,0.,-1.));
#838=DIRECTION('',(0.,-1.,0.));
#839=DIRECTION('',(0.,0.,-1.));
#840=DIRECTION('',(0.,-1.,0.));
#841=DIRECTION('',(0.,-1.,0.));
#842=DIRECTION('',(0.,-1.,0.));
#843=DIRECTION('',(0.,-1.,0.));
#844=DIRECTION('',(0.,-1.,0.));
#845=DIRECTION('',(0.,-1.,0.));
#846=DIRECTION('',(0.,-1.,0.));
#847=DIRECTION('',(0.,-1.,0.));
#848=DIRECTION('',(0.,-1.,0.));
#849=DIRECTION('',(0.,-1.,0.));
#850=DIRECTION('',(0.,-1.,0.));
#851=DIRECTION('',(-0.17752736793007,0.,0.984115863928542));
#852=DIRECTION('',(0.,-1.,0.));
#853=DIRECTION('',(0.,-1.,0.));
#854=DIRECTION('',(0.,-1.,0.));
#855=DIRECTION('',(0.,-1.,0.));
#856=DIRECTION('',(0.151879901694595,0.,0.988398955615211));
#857=DIRECTION('',(0.,-1.,0.));
#858=DIRECTION('',(0.,-1.,0.));
#859=DIRECTION('',(0.745737255335755,0.,0.666240156403301));
#860=DIRECTION('',(0.,-1.,0.));
#861=DIRECTION('',(-1.,0.,0.));
#862=DIRECTION('',(0.,-1.,0.));
#863=DIRECTION('',(-1.,0.,0.));
#864=CARTESIAN_POINT('',(0.,0.,0.));
#865=CARTESIAN_POINT('',(-0.00508849544446481,0.,0.00498488834968703));
#866=CARTESIAN_POINT('',(0.00520527381364489,0.,0.00653230102032916));
#867=CARTESIAN_POINT('',(0.00686123893875136,0.,0.00635430992744885));
#868=CARTESIAN_POINT('',(0.0101811529747571,0.,0.00588088100563694));
#869=CARTESIAN_POINT('',(0.013678175044109,0.,0.00252861905596989));
#870=CARTESIAN_POINT('',(0.0146586446823603,0.,-0.00296493109581334));
#871=CARTESIAN_POINT('',(0.0159413852596913,0.,-0.00926455024558774));
#872=CARTESIAN_POINT('',(0.0156295527787143,0.,-0.0156737104946193));
#873=CARTESIAN_POINT('',(0.0159475147179208,0.,-0.017943798206218));
#874=CARTESIAN_POINT('',(0.0183775151427145,0.,-0.0196764177258771));
#875=CARTESIAN_POINT('',(0.0207936879379873,0.,-0.0226547769104804));
#876=CARTESIAN_POINT('',(0.0217801027057968,0.,-0.0278893060071183));
#877=CARTESIAN_POINT('',(0.021312729957923,0.,-0.0326128989648649));
#878=CARTESIAN_POINT('',(0.0191781572238202,0.,-0.0357613538075926));
#879=CARTESIAN_POINT('',(0.0166729220571846,0.,-0.0390396070183912));
#880=CARTESIAN_POINT('',(0.0116843741736889,0.,-0.0402207885429544));
#881=CARTESIAN_POINT('',(0.0085080422001883,0.,-0.0394291697147125));
#882=CARTESIAN_POINT('',(0.00808461129493963,0.,-0.0394231398771099));
#883=CARTESIAN_POINT('',(0.00737035427747555,0.,-0.0389998567995425));
#884=CARTESIAN_POINT('',(0.00729518823447747,0.,-0.038906543777811));
#885=CARTESIAN_POINT('',(0.00843620851548744,0.,-0.0379391749147876));
#886=CARTESIAN_POINT('',(0.0108909808451054,0.,-0.0364596363536066));
#887=CARTESIAN_POINT('',(0.0136466207838598,0.,-0.0349203543039241));
#888=CARTESIAN_POINT('',(0.0158537485830483,0.,-0.0317451763718365));
#889=CARTESIAN_POINT('',(0.0159626293438676,0.,-0.0272911487259552));
#890=CARTESIAN_POINT('',(0.0149897585035247,0.,-0.0234399209828704));
#891=CARTESIAN_POINT('',(0.0121827051939953,0.,-0.0207379335197353));
#892=CARTESIAN_POINT('',(0.0100204001282639,0.,-0.0194191695455773));
#893=CARTESIAN_POINT('',(9.98286092703484E-5,0.,-0.0202948375658203));
#894=CARTESIAN_POINT('',(-0.0114800383329818,0.,-0.0192683597865456));
#895=CARTESIAN_POINT('',(-0.0131507623650005,0.,-0.0202826989734616));
#896=CARTESIAN_POINT('',(-0.0156373767047519,0.,-0.0230358209812564));
#897=CARTESIAN_POINT('',(-0.016378611023666,0.,-0.0257339722300446));
#898=CARTESIAN_POINT('',(-0.0157796621251518,0.,-0.0302202279356535));
#899=CARTESIAN_POINT('',(-0.0131903143311983,0.,-0.03417364171231));
#900=CARTESIAN_POINT('',(-0.0103300651848052,0.,-0.0364782679885168));
#901=CARTESIAN_POINT('',(-0.00623843675449552,0.,-0.0387310163859751));
#902=CARTESIAN_POINT('',(-0.00623029516248214,0.,-0.0390019997451126));
#903=CARTESIAN_POINT('',(-0.0108621439854681,0.,-0.0408974018241928));
#904=CARTESIAN_POINT('',(-0.0162308578704086,0.,-0.0383904792757028));
#905=CARTESIAN_POINT('',(-0.0208555854903461,0.,-0.0327900279183652));
#906=CARTESIAN_POINT('',(-0.022009577056285,0.,-0.0263708164750624));
#907=CARTESIAN_POINT('',(-0.0198128485509683,0.,-0.0205892598098102));
#908=CARTESIAN_POINT('',(-0.0163466542745386,0.,-0.0171672100797375));
#909=CARTESIAN_POINT('',(-0.0158857587786678,0.,-0.0162616676964744));
#910=CARTESIAN_POINT('',(-0.0155932649859457,0.,-0.00598240071493129));
#911=CARTESIAN_POINT('',(-0.0145313134146985,0.,0.000131019211230376));
#912=CARTESIAN_POINT('',(-0.0118901994384883,0.,0.00396744959721101));
#913=CARTESIAN_POINT('',(-0.0104725652410731,0.,0.00501660091756985));
#914=CARTESIAN_POINT('',(-0.00622447181368436,0.,0.00649351598710727));
#915=CARTESIAN_POINT('',(-0.00535292280445228,0.,0.00655831333085151));
#916=CARTESIAN_POINT('',(-0.00487662441644514,0.,0.00662243217245836));
#917=CARTESIAN_POINT('',(0.0105932089740812,0.,0.00509207111013382));
#918=CARTESIAN_POINT('',(0.0152091256357595,0.,-0.00580445254443893));
#919=CARTESIAN_POINT('',(0.000361240036318683,0.,-0.00597515167810343));
#920=CARTESIAN_POINT('',(0.000264910025005482,0.,-0.00567570220447019));
#921=CARTESIAN_POINT('',(0.000178719552563786,0.,-0.00537516545564505));
#922=CARTESIAN_POINT('',(7.35003894937463E-5,0.,-0.00496063713411237));
#923=CARTESIAN_POINT('',(-3.83134781002872E-5,0.,-0.00441931703433981));
#924=CARTESIAN_POINT('',(-0.000136832348985898,0.,-0.00372785425188372));
#925=CARTESIAN_POINT('',(-0.00019044693678063,0.,-0.0029925511061866));
#926=CARTESIAN_POINT('',(-0.0001861207989851,0.,-0.00233984338515453));
#927=CARTESIAN_POINT('',(-0.000141948526429568,0.,-0.00179014241615095));
#928=CARTESIAN_POINT('',(-8.44047619200884E-5,0.,-0.00136359659420783));
#929=CARTESIAN_POINT('',(2.81852632393017E-6,0.,-0.000919941265698999));
#930=CARTESIAN_POINT('',(0.000165818753136357,0.,-0.000315362542342671));
#931=CARTESIAN_POINT('',(0.000437256431540676,0.,0.000385765772353802));
#932=CARTESIAN_POINT('',(0.000846031769366732,0.,0.00113841902698803));
#933=CARTESIAN_POINT('',(0.00130519777635046,0.,0.00179215288986832));
#934=CARTESIAN_POINT('',(0.00178841995584095,0.,0.00235477776535379));
#935=CARTESIAN_POINT('',(0.0021943528299712,0.,0.00275733841178147));
#936=CARTESIAN_POINT('',(0.00251518399345657,0.,0.00304697590086706));
#937=CARTESIAN_POINT('',(0.00282884616713555,0.,0.00331495846025282));
#938=CARTESIAN_POINT('',(0.00324278871153869,0.,0.00364220479996418));
#939=CARTESIAN_POINT('',(0.0037763985881743,0.,0.0040168321209802));
#940=CARTESIAN_POINT('',(0.00454071830934429,0.,0.00448545498598523));
#941=CARTESIAN_POINT('',(0.00560466842517842,0.,0.00499762779120543));
#942=CARTESIAN_POINT('',(0.00706956252174759,0.,0.00542124137552506));
#943=CARTESIAN_POINT('',(0.00847463880250063,0.,0.00552530854002989));
#944=CARTESIAN_POINT('',(0.0096800856869833,0.,0.00537117229770076));
#945=CARTESIAN_POINT('',(0.0105997023136998,0.,0.00511575634094664));
#946=CARTESIAN_POINT('',(0.0113495228918709,0.,0.00477870707256356));
#947=CARTESIAN_POINT('',(0.0119242950072948,0.,0.00443404495929615));
#948=CARTESIAN_POINT('',(0.0124553444221337,0.,0.00405849285592894));
#949=CARTESIAN_POINT('',(0.013046193928289,0.,0.0035413699404945));
#950=CARTESIAN_POINT('',(0.0138615858282726,0.,0.0026347115628575));
#951=CARTESIAN_POINT('',(0.0145116556494159,0.,0.00162565446521917));
#952=CARTESIAN_POINT('',(0.0150139192546299,0.,0.00052518564458162));
#953=CARTESIAN_POINT('',(0.0152630755469366,0.,-0.000200894134296518));
#954=CARTESIAN_POINT('',(0.0154201552020121,0.,-0.000803297575617966));
#955=CARTESIAN_POINT('',(0.015515966702456,0.,-0.0012684498329745));
#956=CARTESIAN_POINT('',(0.0155864736651201,0.,-0.00173531002971453));
#957=CARTESIAN_POINT('',(0.0156476427792431,0.,-0.00235129280273103));
#958=CARTESIAN_POINT('',(0.0156667061875592,0.,-0.00311113656848398));
#959=CARTESIAN_POINT('',(0.0155855413504323,0.,-0.0042996922758048));
#960=CARTESIAN_POINT('',(0.0153491069576587,0.,-0.00544433129409446));
#961=CARTESIAN_POINT('',(0.0149540285634719,0.,-0.0065424519735039));
#962=CARTESIAN_POINT('',(0.0146326444155817,0.,-0.00720943083162556));
#963=CARTESIAN_POINT('',(0.0143226407623307,0.,-0.00773013815676322));
#964=CARTESIAN_POINT('',(0.0139718242724226,0.,-0.0082418245335474));
#965=CARTESIAN_POINT('',(0.0132814050097823,0.,-0.00905958983117338));
#966=CARTESIAN_POINT('',(0.0121246718692504,0.,-0.00996628681840547));
#967=CARTESIAN_POINT('',(0.0110540233075981,0.,-0.0104557081228383));
#968=CARTESIAN_POINT('',(0.0103701786346473,0.,-0.0106854173857149));
#969=CARTESIAN_POINT('',(0.00992637734781767,0.,-0.0108148334526822));
#970=CARTESIAN_POINT('',(0.00935754300255415,0.,-0.0109462231864365));
#971=CARTESIAN_POINT('',(0.00864902976927908,0.,-0.0110512215743936));
#972=CARTESIAN_POINT('',(0.00791643143447855,0.,-0.0110974978363171));
#973=CARTESIAN_POINT('',(0.00716163923231791,0.,-0.0110775955116732));
#974=CARTESIAN_POINT('',(0.0065169748008145,0.,-0.0109983023831822));
#975=CARTESIAN_POINT('',(0.00599625083502076,0.,-0.0108926899086442));
#976=CARTESIAN_POINT('',(0.00560186824308973,0.,-0.0107904628091179));
#977=CARTESIAN_POINT('',(0.00521553732435607,0.,-0.0106670811124637));
#978=CARTESIAN_POINT('',(0.00472779033743502,0.,-0.0104829226248024));
#979=CARTESIAN_POINT('',(0.00415888089732976,0.,-0.010219192975884));
#980=CARTESIAN_POINT('',(0.00353654299365144,0.,-0.00986268924851447));
#981=CARTESIAN_POINT('',(0.00296737887286781,0.,-0.00947361558287833));
#982=CARTESIAN_POINT('',(0.00253320578140932,0.,-0.00912550731982732));
#983=CARTESIAN_POINT('',(0.00220685751388351,0.,-0.00883127805264941));
#984=CARTESIAN_POINT('',(0.00197306991704687,0.,-0.00860295034381405));
#985=CARTESIAN_POINT('',(0.00174471264113438,0.,-0.00836038107114164));
#986=CARTESIAN_POINT('',(0.00144575382224829,0.,-0.00801126445165033));
#987=CARTESIAN_POINT('',(0.0010943818779882,0.,-0.00753028932000154));
#988=CARTESIAN_POINT('',(0.000739073253342076,0.,-0.0069071756353944));
#989=CARTESIAN_POINT('',(0.000509952036424759,0.,-0.00638407680112916));
#990=CARTESIAN_POINT('',(0.000361240036318683,0.,-0.00597515167810343));
#991=CARTESIAN_POINT('',(0.000264910025005482,0.,-0.00567570220447019));
#992=CARTESIAN_POINT('',(0.000178719552563786,0.,-0.00537516545564505));
#993=CARTESIAN_POINT('',(0.00186557527378429,0.,-0.00573922994481164));
#994=CARTESIAN_POINT('',(0.0016970012026683,0.,-0.005242901345187));
#995=CARTESIAN_POINT('',(0.00155644934390644,0.,-0.00472303506354218));
#996=CARTESIAN_POINT('',(0.00144027813104834,0.,-0.00416137431722136));
#997=CARTESIAN_POINT('',(0.00135567287583206,0.,-0.0035665982922814));
#998=CARTESIAN_POINT('',(0.00131022260190688,0.,-0.002941394587205));
#999=CARTESIAN_POINT('',(0.00131500844146662,0.,-0.00228895632805836));
#1000=CARTESIAN_POINT('',(0.0013735749911555,0.,-0.00172437282645617));
#1001=CARTESIAN_POINT('',(0.00146515485049733,0.,-0.00125920684515252));
#1002=CARTESIAN_POINT('',(0.00159142305079148,0.,-0.000791138233855423));
#1003=CARTESIAN_POINT('',(0.00180229609241489,0.,-0.000245922869816293));
#1004=CARTESIAN_POINT('',(0.00212299791879483,0.,0.000345200589012274));
#1005=CARTESIAN_POINT('',(0.00261280987668731,0.,0.00104320870038299));
#1006=CARTESIAN_POINT('',(0.0030901457691532,0.,0.00154501121621781));
#1007=CARTESIAN_POINT('',(0.00350441451461683,0.,0.00191916109638984));
#1008=CARTESIAN_POINT('',(0.00377936118536463,0.,0.00215407798601233));
#1009=CARTESIAN_POINT('',(0.00414013088960542,0.,0.00243921020438184));
#1010=CARTESIAN_POINT('',(0.00460097891866297,0.,0.00276265923408281));
#1011=CARTESIAN_POINT('',(0.00525391417719099,0.,0.00316280054711706));
#1012=CARTESIAN_POINT('',(0.00614584273135127,0.,0.00359125133954276));
#1013=CARTESIAN_POINT('',(0.00734173586557316,0.,0.00393486973894598));
#1014=CARTESIAN_POINT('',(0.0086724636726513,0.,0.00403188157969782));
#1015=CARTESIAN_POINT('',(0.00985754492424559,0.,0.00380336237107407));
#1016=CARTESIAN_POINT('',(0.0106615096006621,0.,0.00344178122860321));
#1017=CARTESIAN_POINT('',(0.0111032541269687,0.,0.00317701441224577));
#1018=CARTESIAN_POINT('',(0.0115176533593432,0.,0.0028841470552576));
#1019=CARTESIAN_POINT('',(0.0119886365027148,0.,0.00247257425579648));
#1020=CARTESIAN_POINT('',(0.0126533097036121,0.,0.00173449842999112));
#1021=CARTESIAN_POINT('',(0.0133322703351668,0.,0.000682319069737697));
#1022=CARTESIAN_POINT('',(0.0138090563818287,0.,-0.000505342616494376));
#1023=CARTESIAN_POINT('',(0.0140489462273585,0.,-0.00153023469921433));
#1024=CARTESIAN_POINT('',(0.0141777322872369,0.,-0.00257038669327748));
#1025=CARTESIAN_POINT('',(0.0141461670018757,0.,-0.00384228302151404));
#1026=CARTESIAN_POINT('',(0.0138960794203047,0.,-0.00505142255118425));
#1027=CARTESIAN_POINT('',(0.0135673573125775,0.,-0.00596319274785708));
#1028=CARTESIAN_POINT('',(0.0132537615029175,0.,-0.00661400705010587));
#1029=CARTESIAN_POINT('',(0.0128591697159807,0.,-0.00723297468145797));
#1030=CARTESIAN_POINT('',(0.0122411729625308,0.,-0.00796440960618919));
#1031=CARTESIAN_POINT('',(0.0113412785929265,0.,-0.00867060663271946));
#1032=CARTESIAN_POINT('',(0.0104843940755647,0.,-0.00906452692400071));
#1033=CARTESIAN_POINT('',(0.00992194126310692,0.,-0.00925352936296723));
#1034=CARTESIAN_POINT('',(0.00955188576015891,0.,-0.00936146771478976));
#1035=CARTESIAN_POINT('',(0.0090780275953152,0.,-0.00947087658707073));
#1036=CARTESIAN_POINT('',(0.00849102592140135,0.,-0.00955778903276708));
#1037=CARTESIAN_POINT('',(0.00788832091633367,0.,-0.0095957604383499));
#1038=CARTESIAN_POINT('',(0.0072726169734669,0.,-0.00957939053941759));
#1039=CARTESIAN_POINT('',(0.00675166502816834,0.,-0.00951520407399501));
#1040=CARTESIAN_POINT('',(0.00633351600770879,0.,-0.00943035875180846));
#1041=CARTESIAN_POINT('',(0.00601864659078917,0.,-0.00934873603968874));
#1042=CARTESIAN_POINT('',(0.00570951447242871,0.,-0.00925003582526385));
#1043=CARTESIAN_POINT('',(0.00531488118403341,0.,-0.00910110033813443));
#1044=CARTESIAN_POINT('',(0.00484915846465351,0.,-0.00888538458279301));
#1045=CARTESIAN_POINT('',(0.00416247826369251,0.,-0.00849208741821467));
#1046=CARTESIAN_POINT('',(0.00355861320057108,0.,-0.00804185817169752));
#1047=CARTESIAN_POINT('',(0.00303928844806772,0.,-0.0075552044907979));
#1048=CARTESIAN_POINT('',(0.00268094189253041,0.,-0.00715810698384795));
#1049=CARTESIAN_POINT('',(0.00235596008193705,0.,-0.0067130473499825));
#1050=CARTESIAN_POINT('',(0.00208288162783969,0.,-0.00623454026588063));
#1051=CARTESIAN_POINT('',(0.00186557527378429,0.,-0.00573922994481164));
#1052=CARTESIAN_POINT('',(0.0016970012026683,0.,-0.005242901345187));
#1053=CARTESIAN_POINT('',(0.00155644934390644,0.,-0.00472303506354218));
#1054=CARTESIAN_POINT('',(0.00170167157139399,0.,-0.00523897839818364));
#1055=CARTESIAN_POINT('',(-0.00508849544446481,0.,0.00498488834968703));
#1056=CARTESIAN_POINT('',(0.00520527381364489,0.,0.00653230102032916));
#1057=CARTESIAN_POINT('',(0.00686123893875136,0.,0.00635430992744885));
#1058=CARTESIAN_POINT('',(0.0101811529747571,0.,0.00588088100563694));
#1059=CARTESIAN_POINT('',(0.013678175044109,0.,0.00252861905596989));
#1060=CARTESIAN_POINT('',(0.0146586446823603,0.,-0.00296493109581334));
#1061=CARTESIAN_POINT('',(0.0159413852596913,0.,-0.00926455024558774));
#1062=CARTESIAN_POINT('',(0.0156295527787143,0.,-0.0156737104946193));
#1063=CARTESIAN_POINT('',(0.0159475147179208,0.,-0.017943798206218));
#1064=CARTESIAN_POINT('',(0.0183775151427145,0.,-0.0196764177258771));
#1065=CARTESIAN_POINT('',(0.0207936879379873,0.,-0.0226547769104804));
#1066=CARTESIAN_POINT('',(0.0217801027057968,0.,-0.0278893060071183));
#1067=CARTESIAN_POINT('',(0.021312729957923,0.,-0.0326128989648649));
#1068=CARTESIAN_POINT('',(0.0191781572238202,0.,-0.0357613538075926));
#1069=CARTESIAN_POINT('',(0.0166729220571846,0.,-0.0390396070183912));
#1070=CARTESIAN_POINT('',(0.0116843741736889,0.,-0.0402207885429544));
#1071=CARTESIAN_POINT('',(0.0085080422001883,0.,-0.0394291697147125));
#1072=CARTESIAN_POINT('',(0.00808461129493963,0.,-0.0394231398771099));
#1073=CARTESIAN_POINT('',(0.00737035427747555,0.,-0.0389998567995425));
#1074=CARTESIAN_POINT('',(0.00729518823447747,0.,-0.038906543777811));
#1075=CARTESIAN_POINT('',(0.00843620851548744,0.,-0.0379391749147876));
#1076=CARTESIAN_POINT('',(0.0108909808451054,0.,-0.0364596363536066));
#1077=CARTESIAN_POINT('',(0.0136466207838598,0.,-0.0349203543039241));
#1078=CARTESIAN_POINT('',(0.0158537485830483,0.,-0.0317451763718365));
#1079=CARTESIAN_POINT('',(0.0159626293438676,0.,-0.0272911487259552));
#1080=CARTESIAN_POINT('',(0.0149897585035247,0.,-0.0234399209828704));
#1081=CARTESIAN_POINT('',(0.0121827051939953,0.,-0.0207379335197353));
#1082=CARTESIAN_POINT('',(0.0100204001282639,0.,-0.0194191695455773));
#1083=CARTESIAN_POINT('',(9.98286092703484E-5,0.,-0.0202948375658203));
#1084=CARTESIAN_POINT('',(-0.0114800383329818,0.,-0.0192683597865456));
#1085=CARTESIAN_POINT('',(-0.0131507623650005,0.,-0.0202826989734616));
#1086=CARTESIAN_POINT('',(-0.0156373767047519,0.,-0.0230358209812564));
#1087=CARTESIAN_POINT('',(-0.016378611023666,0.,-0.0257339722300446));
#1088=CARTESIAN_POINT('',(-0.0157796621251518,0.,-0.0302202279356535));
#1089=CARTESIAN_POINT('',(-0.0131903143311983,0.,-0.03417364171231));
#1090=CARTESIAN_POINT('',(-0.0103300651848052,0.,-0.0364782679885168));
#1091=CARTESIAN_POINT('',(-0.00623843675449552,0.,-0.0387310163859751));
#1092=CARTESIAN_POINT('',(-0.00623029516248214,0.,-0.0390019997451126));
#1093=CARTESIAN_POINT('',(-0.0108621439854681,0.,-0.0408974018241928));
#1094=CARTESIAN_POINT('',(-0.0162308578704086,0.,-0.0383904792757028));
#1095=CARTESIAN_POINT('',(-0.0208555854903461,0.,-0.0327900279183652));
#1096=CARTESIAN_POINT('',(-0.022009577056285,0.,-0.0263708164750624));
#1097=CARTESIAN_POINT('',(-0.0198128485509683,0.,-0.0205892598098102));
#1098=CARTESIAN_POINT('',(-0.0163466542745386,0.,-0.0171672100797375));
#1099=CARTESIAN_POINT('',(-0.0158857587786678,0.,-0.0162616676964744));
#1100=CARTESIAN_POINT('',(-0.0155932649859457,0.,-0.00598240071493129));
#1101=CARTESIAN_POINT('',(-0.0145313134146985,0.,0.000131019211230376));
#1102=CARTESIAN_POINT('',(-0.0118901994384883,0.,0.00396744959721101));
#1103=CARTESIAN_POINT('',(-0.0104725652410731,0.,0.00501660091756985));
#1104=CARTESIAN_POINT('',(-0.00622447181368436,0.,0.00649351598710727));
#1105=CARTESIAN_POINT('',(-0.00535292280445228,0.,0.00655831333085151));
#1106=CARTESIAN_POINT('',(-0.00487662441644514,0.,0.00662243217245836));
#1107=CARTESIAN_POINT('',(-0.0154391874067456,0.,-0.00679480004972825));
#1108=CARTESIAN_POINT('',(-0.00933707251141947,0.,0.00535735204021444));
#1109=CARTESIAN_POINT('',(-0.0103828046910948,0.,-0.010500218701805));
#1110=CARTESIAN_POINT('',(-0.0117517509739508,0.,-0.0100422964356582));
#1111=CARTESIAN_POINT('',(-0.0130701727018062,0.,-0.00934683147251618));
#1112=CARTESIAN_POINT('',(-0.0141183916131091,0.,-0.00851957382695686));
#1113=CARTESIAN_POINT('',(-0.0148795646055215,0.,-0.00766747526949013));
#1114=CARTESIAN_POINT('',(-0.0153902249750327,0.,-0.00692400740464401));
#1115=CARTESIAN_POINT('',(-0.0157417504045371,0.,-0.00621573330677771));
#1116=CARTESIAN_POINT('',(-0.0159624716674722,0.,-0.00560134520668135));
#1117=CARTESIAN_POINT('',(-0.01613612273063,0.,-0.00496025854486267));
#1118=CARTESIAN_POINT('',(-0.0162505500658029,0.,-0.00419325829035272));
#1119=CARTESIAN_POINT('',(-0.01627112556117,0.,-0.00332607678395083));
#1120=CARTESIAN_POINT('',(-0.0162050160606599,0.,-0.00251390005891548));
#1121=CARTESIAN_POINT('',(-0.0160306890455127,0.,-0.00149561417260034));
#1122=CARTESIAN_POINT('',(-0.0157581602595511,0.,-0.000563319259105078));
#1123=CARTESIAN_POINT('',(-0.0154228909315532,0.,0.000295512892942173));
#1124=CARTESIAN_POINT('',(-0.0151910037513019,0.,0.000802010950121401));
#1125=CARTESIAN_POINT('',(-0.0149932129391867,0.,0.00119085580462882));
#1126=CARTESIAN_POINT('',(-0.014780103181888,0.,0.00158062877231249));
#1127=CARTESIAN_POINT('',(-0.0143653879214672,0.,0.00225799125374651));
#1128=CARTESIAN_POINT('',(-0.013625361155415,0.,0.00320543406553475));
#1129=CARTESIAN_POINT('',(-0.0126465683399824,0.,0.00404060883531353));
#1130=CARTESIAN_POINT('',(-0.0117498567401804,0.,0.00457607941748567));
#1131=CARTESIAN_POINT('',(-0.0107999861743364,0.,0.00500986592468048));
#1132=CARTESIAN_POINT('',(-0.00960234828075329,0.,0.00535123517691363));
#1133=CARTESIAN_POINT('',(-0.00813359874590673,0.,0.00551430813550626));
#1134=CARTESIAN_POINT('',(-0.00688086035525303,0.,0.005444481851335));
#1135=CARTESIAN_POINT('',(-0.00585873385872634,0.,0.0052405306679697));
#1136=CARTESIAN_POINT('',(-0.00482810369469112,0.,0.00492034428571746));
#1137=CARTESIAN_POINT('',(-0.00358082912112036,0.,0.00428757333399982));
#1138=CARTESIAN_POINT('',(-0.00227945459689278,0.,0.00315155624005662));
#1139=CARTESIAN_POINT('',(-0.00145840145570865,0.,0.00197322774950502));
#1140=CARTESIAN_POINT('',(-0.000967128477452532,0.,0.000940593255291011));
#1141=CARTESIAN_POINT('',(-0.000683819115553479,0.,0.000150563955544967));
#1142=CARTESIAN_POINT('',(-0.000472698168936575,0.,-0.000646455156592355));
#1143=CARTESIAN_POINT('',(-0.00027569591419761,0.,-0.00172495494223142));
#1144=CARTESIAN_POINT('',(-0.000198397006190578,0.,-0.00282641194085235));
#1145=CARTESIAN_POINT('',(-0.000252549785041626,0.,-0.00395225673592739));
#1146=CARTESIAN_POINT('',(-0.000369051634812021,0.,-0.00481005018384735));
#1147=CARTESIAN_POINT('',(-0.000577851227583302,0.,-0.00568451004750009));
#1148=CARTESIAN_POINT('',(-0.000848502688482322,0.,-0.00642526496736747));
#1149=CARTESIAN_POINT('',(-0.00114736615123471,0.,-0.00702855041857561));
#1150=CARTESIAN_POINT('',(-0.00149106869710351,0.,-0.00760414601991014));
#1151=CARTESIAN_POINT('',(-0.00198989297218215,0.,-0.00825402127151643));
#1152=CARTESIAN_POINT('',(-0.00266608584975179,0.,-0.00890770435110241));
#1153=CARTESIAN_POINT('',(-0.00362332579371136,0.,-0.0096093827683689));
#1154=CARTESIAN_POINT('',(-0.0046044216205701,0.,-0.0100795220479088));
#1155=CARTESIAN_POINT('',(-0.00555125859627094,0.,-0.0103862494394782));
#1156=CARTESIAN_POINT('',(-0.0061251732274514,0.,-0.0105223298350579));
#1157=CARTESIAN_POINT('',(-0.00657246960938184,0.,-0.010604305184134));
#1158=CARTESIAN_POINT('',(-0.00702522846601368,0.,-0.0106712876889676));
#1159=CARTESIAN_POINT('',(-0.00759624223175455,0.,-0.0107252378035242));
#1160=CARTESIAN_POINT('',(-0.00828875302510671,0.,-0.0107407751377716));
#1161=CARTESIAN_POINT('',(-0.00921759866045259,0.,-0.0106931567363412));
#1162=CARTESIAN_POINT('',(-0.0103828046910948,0.,-0.010500218701805));
#1163=CARTESIAN_POINT('',(-0.0117517509739508,0.,-0.0100422964356582));
#1164=CARTESIAN_POINT('',(-0.0130701727018062,0.,-0.00934683147251618));
#1165=CARTESIAN_POINT('',(-0.010020170350983,0.,-0.00903821637620229));
#1166=CARTESIAN_POINT('',(-0.0111589053045156,0.,-0.00865718346922318));
#1167=CARTESIAN_POINT('',(-0.0122508643449393,0.,-0.00808043575704753));
#1168=CARTESIAN_POINT('',(-0.0130971137600738,0.,-0.0074103642244802));
#1169=CARTESIAN_POINT('',(-0.0136970145879212,0.,-0.00673808483728236));
#1170=CARTESIAN_POINT('',(-0.0140931101187125,0.,-0.00616079523531093));
#1171=CARTESIAN_POINT('',(-0.0143622056756646,0.,-0.00561809162514567));
#1172=CARTESIAN_POINT('',(-0.0145302358378278,0.,-0.00515024372088267));
#1173=CARTESIAN_POINT('',(-0.0146623232440261,0.,-0.00466288395678645));
#1174=CARTESIAN_POINT('',(-0.01475206960314,0.,-0.00406602816131258));
#1175=CARTESIAN_POINT('',(-0.0147690623814262,0.,-0.00337173445546346));
#1176=CARTESIAN_POINT('',(-0.0147150843960531,0.,-0.00270349265352047));
#1177=CARTESIAN_POINT('',(-0.014568749977141,0.,-0.00184638163884609));
#1178=CARTESIAN_POINT('',(-0.0143338813265759,0.,-0.00104022801097872));
#1179=CARTESIAN_POINT('',(-0.0140409212153795,0.,-0.000289814493954396));
#1180=CARTESIAN_POINT('',(-0.0137978460410523,0.,0.000241059459975349));
#1181=CARTESIAN_POINT('',(-0.0135333170918334,0.,0.000743751883875593));
#1182=CARTESIAN_POINT('',(-0.0131334457628114,0.,0.00139653630142831));
#1183=CARTESIAN_POINT('',(-0.0125310193452503,0.,0.00216460709730004));
#1184=CARTESIAN_POINT('',(-0.0117586798902903,0.,0.00282270399662538));
#1185=CARTESIAN_POINT('',(-0.0110515031408431,0.,0.00324516593047387));
#1186=CARTESIAN_POINT('',(-0.010295527052848,0.,0.00359082079617436));
#1187=CARTESIAN_POINT('',(-0.00931345448621933,0.,0.00387231964828281));
#1188=CARTESIAN_POINT('',(-0.00809147714452827,0.,0.00400788300142807));
#1189=CARTESIAN_POINT('',(-0.00685004188926083,0.,0.00393827087280198));
#1190=CARTESIAN_POINT('',(-0.00560289334539521,0.,0.00362816354306966));
#1191=CARTESIAN_POINT('',(-0.00442767427969207,0.,0.00303076988878273));
#1192=CARTESIAN_POINT('',(-0.00341091384715078,0.,0.00214389492940115));
#1193=CARTESIAN_POINT('',(-0.00275631373531296,0.,0.00120747046397409));
#1194=CARTESIAN_POINT('',(-0.00235551365968946,0.,0.000366367468551269));
#1195=CARTESIAN_POINT('',(-0.00203960138830866,0.,-0.00051340440786287));
#1196=CARTESIAN_POINT('',(-0.00178534538609247,0.,-0.00166291178283145));
#1197=CARTESIAN_POINT('',(-0.00168534868423105,0.,-0.00309428321275082));
#1198=CARTESIAN_POINT('',(-0.00178941936826829,0.,-0.00429780463831781));
#1199=CARTESIAN_POINT('',(-0.00201805914801703,0.,-0.00525350809561829));
#1200=CARTESIAN_POINT('',(-0.00223434750493502,0.,-0.00584312321049928));
#1201=CARTESIAN_POINT('',(-0.00246563588237855,0.,-0.00630972253405576));
#1202=CARTESIAN_POINT('',(-0.00273005531444585,0.,-0.00675248494963627));
#1203=CARTESIAN_POINT('',(-0.00311321403652807,0.,-0.00725174618920588));
#1204=CARTESIAN_POINT('',(-0.00363556906185394,0.,-0.00775704775553958));
#1205=CARTESIAN_POINT('',(-0.00438447212098517,0.,-0.00830663470608549));
#1206=CARTESIAN_POINT('',(-0.00517224628708768,0.,-0.00868605525638105));
#1207=CARTESIAN_POINT('',(-0.00595520439073987,0.,-0.00893998170141548));
#1208=CARTESIAN_POINT('',(-0.00653346384406882,0.,-0.00907726672242699));
#1209=CARTESIAN_POINT('',(-0.0071041127879311,0.,-0.00917164366413335));
#1210=CARTESIAN_POINT('',(-0.00787759717409614,0.,-0.00924485630612469));
#1211=CARTESIAN_POINT('',(-0.00885238485451366,0.,-0.00923177107258993));
#1212=CARTESIAN_POINT('',(-0.010020170350983,0.,-0.00903821637620229));
#1213=CARTESIAN_POINT('',(-0.0111589053045156,0.,-0.00865718346922318));
#1214=CARTESIAN_POINT('',(-0.0122508643449393,0.,-0.00808043575704753));
#1215=CARTESIAN_POINT('',(-0.0111511093189974,0.,-0.00862456433502376));
#1216=CARTESIAN_POINT('',(0.00520527381364489,-0.0127,0.026967006081359));
#1217=CARTESIAN_POINT('',(0.00520527381364489,0.0011,0.026967006081359));
#1218=CARTESIAN_POINT('',(0.0053566678732875,-0.0127,0.0271848523056635));
#1219=CARTESIAN_POINT('',(0.0053566678732875,0.0011,0.0271848523056635));
#1220=CARTESIAN_POINT('',(0.00562198088039848,-0.0127,0.0275649956854003));
#1221=CARTESIAN_POINT('',(0.00562198088039848,0.0011,0.0275649956854003));
#1222=CARTESIAN_POINT('',(0.00605048520110604,-0.0127,0.0282501575873142));
#1223=CARTESIAN_POINT('',(0.00605048520110604,0.0011,0.0282501575873142));
#1224=CARTESIAN_POINT('',(0.00667955511424838,-0.0127,0.0294107134595277));
#1225=CARTESIAN_POINT('',(0.00667955511424838,0.0011,0.0294107134595277));
#1226=CARTESIAN_POINT('',(0.00720212045977135,-0.0127,0.03016232128312));
#1227=CARTESIAN_POINT('',(0.00720212045977135,0.0011,0.03016232128312));
#1228=CARTESIAN_POINT('',(0.00749877622279339,-0.0127,0.0302051453960639));
#1229=CARTESIAN_POINT('',(0.00749877622279339,0.0011,0.0302051453960639));
#1230=CARTESIAN_POINT('',(0.00767984067787271,-0.0127,0.0297659251034121));
#1231=CARTESIAN_POINT('',(0.00767984067787271,0.0011,0.0297659251034121));
#1232=CARTESIAN_POINT('',(0.00773492673233513,-0.0127,0.029042174957075));
#1233=CARTESIAN_POINT('',(0.00773492673233513,0.0011,0.029042174957075));
#1234=CARTESIAN_POINT('',(0.00773903831117931,-0.0127,0.0289461499193606));
#1235=CARTESIAN_POINT('',(0.00773903831117931,0.0011,0.0289461499193606));
#1236=CARTESIAN_POINT('',(0.00776356503661069,-0.0127,0.0292046504793875));
#1237=CARTESIAN_POINT('',(0.00776356503661069,0.0011,0.0292046504793875));
#1238=CARTESIAN_POINT('',(0.00787757227922088,-0.0127,0.0296330588648839));
#1239=CARTESIAN_POINT('',(0.00787757227922088,0.0011,0.0296330588648839));
#1240=CARTESIAN_POINT('',(0.00824011326839297,-0.0127,0.0302705894652394));
#1241=CARTESIAN_POINT('',(0.00824011326839297,0.0011,0.0302705894652394));
#1242=CARTESIAN_POINT('',(0.00879781015914927,-0.0127,0.0308264743476086));
#1243=CARTESIAN_POINT('',(0.00879781015914927,0.0011,0.0308264743476086));
#1244=CARTESIAN_POINT('',(0.00929639961472755,-0.0127,0.0309762215291243));
#1245=CARTESIAN_POINT('',(0.00929639961472755,0.0011,0.0309762215291243));
#1246=CARTESIAN_POINT('',(0.00965437781739548,-0.0127,0.0307015410908836));
#1247=CARTESIAN_POINT('',(0.00965437781739548,0.0011,0.0307015410908836));
#1248=CARTESIAN_POINT('',(0.00979959821887988,-0.0127,0.0299421908218802));
#1249=CARTESIAN_POINT('',(0.00979959821887988,0.0011,0.0299421908218802));
#1250=CARTESIAN_POINT('',(0.0099564408190767,-0.0127,0.0295582531984471));
#1251=CARTESIAN_POINT('',(0.0099564408190767,0.0011,0.0295582531984471));
#1252=CARTESIAN_POINT('',(0.0101993566360999,-0.0127,0.0297507659784846));
#1253=CARTESIAN_POINT('',(0.0101993566360999,0.0011,0.0297507659784846));
#1254=CARTESIAN_POINT('',(0.0105131505983188,-0.0127,0.0304269131277786));
#1255=CARTESIAN_POINT('',(0.0105131505983188,0.0011,0.0304269131277786));
#1256=CARTESIAN_POINT('',(0.0106670972083443,-0.0127,0.0302740140421459));
#1257=CARTESIAN_POINT('',(0.0106670972083443,0.0011,0.0302740140421459));
#1258=CARTESIAN_POINT('',(0.010724758250872,-0.0127,0.029810835475384));
#1259=CARTESIAN_POINT('',(0.010724758250872,0.0011,0.029810835475384));
#1260=CARTESIAN_POINT('',(0.0107841479495206,-0.0127,0.0292478035842781));
#1261=CARTESIAN_POINT('',(0.0107841479495206,0.0011,0.0292478035842781));
#1262=CARTESIAN_POINT('',(0.0108904466937229,-0.0127,0.0287717719849384));
#1263=CARTESIAN_POINT('',(0.0108904466937229,0.0011,0.0287717719849384));
#1264=CARTESIAN_POINT('',(0.0111114030033449,-0.0127,0.0286469066420596));
#1265=CARTESIAN_POINT('',(0.0111114030033449,0.0011,0.0286469066420596));
#1266=CARTESIAN_POINT('',(0.0114061610804551,-0.0127,0.0287838631408372));
#1267=CARTESIAN_POINT('',(0.0114061610804551,0.0011,0.0287838631408372));
#1268=CARTESIAN_POINT('',(0.0116663983842299,-0.0127,0.0288744259701145));
#1269=CARTESIAN_POINT('',(0.0116663983842299,0.0011,0.0288744259701145));
#1270=CARTESIAN_POINT('',(0.0117981635840373,-0.0127,0.0286577023396934));
#1271=CARTESIAN_POINT('',(0.0117981635840373,0.00110000000000001,0.0286577023396934));
#1272=CARTESIAN_POINT('',(0.0118208740460995,-0.0127,0.0281764846340932));
#1273=CARTESIAN_POINT('',(0.0118208740460995,0.0011,0.0281764846340932));
#1274=CARTESIAN_POINT('',(0.0117347904666912,-0.0127,0.0272488072011675));
#1275=CARTESIAN_POINT('',(0.0117347904666912,0.0011,0.0272488072011675));
#1276=CARTESIAN_POINT('',(0.0114635356187764,-0.0127,0.0256759784103079));
#1277=CARTESIAN_POINT('',(0.0114635356187764,0.0011,0.0256759784103079));
#1278=CARTESIAN_POINT('',(0.0110407038774549,-0.0127,0.023504756301935));
#1279=CARTESIAN_POINT('',(0.0110407038774549,0.0011,0.023504756301935));
#1280=CARTESIAN_POINT('',(0.010714871765871,-0.0127,0.0214804916993316));
#1281=CARTESIAN_POINT('',(0.010714871765871,0.0011,0.0214804916993316));
#1282=CARTESIAN_POINT('',(0.0105011224783084,-0.0127,0.019250057019407));
#1283=CARTESIAN_POINT('',(0.0105011224783084,0.0011,0.019250057019407));
#1284=CARTESIAN_POINT('',(0.010377982818823,-0.0127,0.0174395536520754));
#1285=CARTESIAN_POINT('',(0.010377982818823,0.0011,0.0174395536520754));
#1286=CARTESIAN_POINT('',(0.00994697595268156,-0.0127,0.015668327591846));
#1287=CARTESIAN_POINT('',(0.00994697595268156,0.0011,0.015668327591846));
#1288=CARTESIAN_POINT('',(0.00926417982032953,-0.0127,0.0138563609940834));
#1289=CARTESIAN_POINT('',(0.00926417982032953,0.0011,0.0138563609940834));
#1290=CARTESIAN_POINT('',(0.00809745589315769,-0.0127,0.011586031976936));
#1291=CARTESIAN_POINT('',(0.00809745589315769,0.0011,0.011586031976936));
#1292=CARTESIAN_POINT('',(0.00660302700521553,-0.0127,0.00899295980346523));
#1293=CARTESIAN_POINT('',(0.00660302700521553,0.0011,0.00899295980346523));
#1294=CARTESIAN_POINT('',(0.00565097495790631,-0.0127,0.00734382004800418));
#1295=CARTESIAN_POINT('',(0.00565097495790631,0.0011,0.00734382004800418));
#1296=CARTESIAN_POINT('',(0.00520527381364489,-0.0127,0.00653230102032916));
#1297=CARTESIAN_POINT('',(0.00520527381364489,0.0011,0.00653230102032916));
#1298=CARTESIAN_POINT('',(0.00520527381364489,-0.0127,0.026967006081359));
#1299=CARTESIAN_POINT('',(0.00520527381364489,-0.0127,0.026967006081359));
#1300=CARTESIAN_POINT('',(0.00520527381364489,0.0011,0.026967006081359));
#1301=CARTESIAN_POINT('',(0.00520527381364489,0.0011,0.026967006081359));
#1302=CARTESIAN_POINT('',(0.00552315994382216,0.0011,0.0274244235875767));
#1303=CARTESIAN_POINT('',(0.00601957146697847,0.0011,0.0281259249994415));
#1304=CARTESIAN_POINT('',(0.0076303952128641,0.0011,0.0312195009174342));
#1305=CARTESIAN_POINT('',(0.00775652106766458,0.0011,0.0284421897084924));
#1306=CARTESIAN_POINT('',(0.00772356178327137,0.0011,0.0298567358935813));
#1307=CARTESIAN_POINT('',(0.00971538648760209,0.0011,0.0318374898199191));
#1308=CARTESIAN_POINT('',(0.00983281046770462,0.0011,0.0287665476761557));
#1309=CARTESIAN_POINT('',(0.0108127922549287,0.0011,0.0313072385845764));
#1310=CARTESIAN_POINT('',(0.0106612386764309,0.0011,0.0281152820423261));
#1311=CARTESIAN_POINT('',(0.0124737162806202,0.0011,0.0298127246477533));
#1312=CARTESIAN_POINT('',(0.0103757836900668,0.0011,0.0214627313845497));
#1313=CARTESIAN_POINT('',(0.0106018387953611,0.0011,0.0164354923029568));
#1314=CARTESIAN_POINT('',(0.00791041089561529,0.0011,0.0111606990166843));
#1315=CARTESIAN_POINT('',(0.00603208399665697,0.0011,0.00803773174319988));
#1316=CARTESIAN_POINT('',(0.00520527381364489,0.0011,0.00653230102032916));
#1317=CARTESIAN_POINT('',(0.00520527381364489,0.0011,0.00653230102032916));
#1318=CARTESIAN_POINT('',(0.00520527381364489,-0.0127,0.00653230102032916));
#1319=CARTESIAN_POINT('',(0.00520527381364489,-0.0127,0.00653230102032916));
#1320=CARTESIAN_POINT('',(0.00520527381364489,-0.0127,0.026967006081359));
#1321=CARTESIAN_POINT('',(0.00552315994382216,-0.0127,0.0274244235875767));
#1322=CARTESIAN_POINT('',(0.00601957146697847,-0.0127,0.0281259249994415));
#1323=CARTESIAN_POINT('',(0.0076303952128641,-0.0127,0.0312195009174342));
#1324=CARTESIAN_POINT('',(0.00775652106766458,-0.0127,0.0284421897084924));
#1325=CARTESIAN_POINT('',(0.00772356178327137,-0.0127,0.0298567358935813));
#1326=CARTESIAN_POINT('',(0.00971538648760209,-0.0127,0.0318374898199191));
#1327=CARTESIAN_POINT('',(0.00983281046770462,-0.0127,0.0287665476761557));
#1328=CARTESIAN_POINT('',(0.0108127922549287,-0.0127,0.0313072385845764));
#1329=CARTESIAN_POINT('',(0.0106612386764309,-0.0127,0.0281152820423261));
#1330=CARTESIAN_POINT('',(0.0124737162806202,-0.0127,0.0298127246477533));
#1331=CARTESIAN_POINT('',(0.0103757836900668,-0.0127,0.0214627313845497));
#1332=CARTESIAN_POINT('',(0.0106018387953611,-0.0127,0.0164354923029568));
#1333=CARTESIAN_POINT('',(0.00791041089561529,-0.0127,0.0111606990166843));
#1334=CARTESIAN_POINT('',(0.00603208399665697,-0.0127,0.00803773174319988));
#1335=CARTESIAN_POINT('',(0.00520527381364489,-0.0127,0.00653230102032916));
#1336=CARTESIAN_POINT('',(-0.00568424817174673,-0.0127,0.028777826577425));
#1337=CARTESIAN_POINT('',(-0.00568424817174673,0.0011,0.028777826577425));
#1338=CARTESIAN_POINT('',(-0.00547721907444869,-0.0127,0.0294418748945993));
#1339=CARTESIAN_POINT('',(-0.00547721907444869,0.0011,0.0294418748945993));
#1340=CARTESIAN_POINT('',(-0.00516647530051688,-0.0127,0.0304428810493944));
#1341=CARTESIAN_POINT('',(-0.00516647530051688,0.0011,0.0304428810493944));
#1342=CARTESIAN_POINT('',(-0.00458206234295771,-0.0127,0.0318498298743341));
#1343=CARTESIAN_POINT('',(-0.00458206234295771,0.0011,0.0318498298743341));
#1344=CARTESIAN_POINT('',(-0.00405307304683891,-0.0127,0.0329258639658662));
#1345=CARTESIAN_POINT('',(-0.00405307304683891,0.0011,0.0329258639658662));
#1346=CARTESIAN_POINT('',(-0.0034595662466482,-0.0127,0.0339746545240168));
#1347=CARTESIAN_POINT('',(-0.0034595662466482,0.0011,0.0339746545240168));
#1348=CARTESIAN_POINT('',(-0.00281411641419863,-0.0127,0.0349791507796851));
#1349=CARTESIAN_POINT('',(-0.00281411641419863,0.0011,0.0349791507796851));
#1350=CARTESIAN_POINT('',(-0.00227934996178238,-0.0127,0.0353704245197699));
#1351=CARTESIAN_POINT('',(-0.00227934996178238,0.0011,0.0353704245197699));
#1352=CARTESIAN_POINT('',(-0.00201189959116882,-0.0127,0.0346086180945007));
#1353=CARTESIAN_POINT('',(-0.00201189959116882,0.0011,0.0346086180945007));
#1354=CARTESIAN_POINT('',(-0.00190736764165549,-0.0127,0.0335740306100671));
#1355=CARTESIAN_POINT('',(-0.00190736764165549,0.0011,0.0335740306100671));
#1356=CARTESIAN_POINT('',(-0.00191570925236795,-0.0127,0.0326854646911969));
#1357=CARTESIAN_POINT('',(-0.00191570925236795,0.0011,0.0326854646911969));
#1358=CARTESIAN_POINT('',(-0.00207742414226844,-0.0127,0.0315891863115478));
#1359=CARTESIAN_POINT('',(-0.00207742414226844,0.0011,0.0315891863115478));
#1360=CARTESIAN_POINT('',(-0.00238869752349927,-0.0127,0.0301073144356527));
#1361=CARTESIAN_POINT('',(-0.00238869752349927,0.0011,0.0301073144356527));
#1362=CARTESIAN_POINT('',(-0.00247617701344804,-0.0127,0.02864247501809));
#1363=CARTESIAN_POINT('',(-0.00247617701344804,0.0011,0.02864247501809));
#1364=CARTESIAN_POINT('',(-0.00193801502039507,-0.0127,0.0275997595636875));
#1365=CARTESIAN_POINT('',(-0.00193801502039507,0.0011,0.0275997595636875));
#1366=CARTESIAN_POINT('',(-0.000552663801440192,-0.0127,0.0272883278780789));
#1367=CARTESIAN_POINT('',(-0.000552663801440192,0.0011,0.0272883278780789));
#1368=CARTESIAN_POINT('',(0.000634702986086722,-0.0127,0.0274218309866585));
#1369=CARTESIAN_POINT('',(0.000634702986086722,0.0011,0.0274218309866585));
#1370=CARTESIAN_POINT('',(0.00125434119471651,-0.0127,0.0276644273078382));
#1371=CARTESIAN_POINT('',(0.00125434119471651,0.0011,0.0276644273078382));
#1372=CARTESIAN_POINT('',(0.00153505507924042,-0.0127,0.0279631659289895));
#1373=CARTESIAN_POINT('',(0.00153505507924042,0.0011,0.0279631659289895));
#1374=CARTESIAN_POINT('',(0.00146632941167323,-0.0127,0.0285538503498487));
#1375=CARTESIAN_POINT('',(0.00146632941167323,0.0011,0.0285538503498487));
#1376=CARTESIAN_POINT('',(0.00144154788645983,-0.0127,0.0300275330267633));
#1377=CARTESIAN_POINT('',(0.00144154788645983,0.0011,0.0300275330267633));
#1378=CARTESIAN_POINT('',(0.00147991937111871,-0.0127,0.0318768829914994));
#1379=CARTESIAN_POINT('',(0.00147991937111871,0.0011,0.0318768829914994));
#1380=CARTESIAN_POINT('',(0.0015428507486724,-0.0127,0.033659486627154));
#1381=CARTESIAN_POINT('',(0.0015428507486724,0.0011,0.033659486627154));
#1382=CARTESIAN_POINT('',(0.00155664789460084,-0.0127,0.0349110815440125));
#1383=CARTESIAN_POINT('',(0.00155664789460084,0.0011,0.0349110815440125));
#1384=CARTESIAN_POINT('',(0.0016548993668421,-0.0127,0.0353263637646004));
#1385=CARTESIAN_POINT('',(0.0016548993668421,0.0011,0.0353263637646004));
#1386=CARTESIAN_POINT('',(0.00232910308887488,-0.0127,0.0349192578065292));
#1387=CARTESIAN_POINT('',(0.00232910308887488,0.0011,0.0349192578065292));
#1388=CARTESIAN_POINT('',(0.00316012758231911,-0.0127,0.0340581232045016));
#1389=CARTESIAN_POINT('',(0.00316012758231911,0.0011,0.0340581232045016));
#1390=CARTESIAN_POINT('',(0.00379770497966884,-0.0127,0.0330916545380239));
#1391=CARTESIAN_POINT('',(0.00379770497966884,0.0011,0.0330916545380239));
#1392=CARTESIAN_POINT('',(0.00428055400254776,-0.0127,0.0320381915296422));
#1393=CARTESIAN_POINT('',(0.00428055400254776,0.0011,0.0320381915296422));
#1394=CARTESIAN_POINT('',(0.00474660816106726,-0.0127,0.0305625139606732));
#1395=CARTESIAN_POINT('',(0.00474660816106726,0.0011,0.0305625139606732));
#1396=CARTESIAN_POINT('',(0.00504202791041666,-0.0127,0.0286920166998092));
#1397=CARTESIAN_POINT('',(0.00504202791041666,0.0011,0.0286920166998092));
#1398=CARTESIAN_POINT('',(0.00504386740594548,-0.0127,0.0274591550479257));
#1399=CARTESIAN_POINT('',(0.00504386740594548,0.0011,0.0274591550479257));
#1400=CARTESIAN_POINT('',(0.00520527381364489,-0.0127,0.0269670060813591));
#1401=CARTESIAN_POINT('',(0.00520527381364489,0.0011,0.0269670060813591));
#1402=CARTESIAN_POINT('',(-0.00568424817174673,-0.0127,0.028777826577425));
#1403=CARTESIAN_POINT('',(-0.00568424817174673,-0.0127,0.028777826577425));
#1404=CARTESIAN_POINT('',(-0.00568424817174673,0.0011,0.028777826577425));
#1405=CARTESIAN_POINT('',(-0.00568424817174673,0.0011,0.028777826577425));
#1406=CARTESIAN_POINT('',(-0.00543537959286184,0.0011,0.029576075534518));
#1407=CARTESIAN_POINT('',(-0.00490821372854482,0.0011,0.0312669663389906));
#1408=CARTESIAN_POINT('',(-0.00361563107234976,0.0011,0.0338120402503709));
#1409=CARTESIAN_POINT('',(-0.00223207805756913,0.0011,0.035811762627998));
#1410=CARTESIAN_POINT('',(-0.00185933413241404,0.0011,0.0336556473759326));
#1411=CARTESIAN_POINT('',(-0.00194837007477923,0.0011,0.031797883068417));
#1412=CARTESIAN_POINT('',(-0.00318226723097147,0.0011,0.0269700364863728));
#1413=CARTESIAN_POINT('',(0.00168264788870315,0.0011,0.0274073290153752));
#1414=CARTESIAN_POINT('',(0.00134908360914738,0.0011,0.0288002339555301));
#1415=CARTESIAN_POINT('',(0.00157188322235974,0.0011,0.0342155667561795));
#1416=CARTESIAN_POINT('',(0.00157243354308012,0.0011,0.0355578673845737));
#1417=CARTESIAN_POINT('',(0.0033775896858492,0.0011,0.0340258952662598));
#1418=CARTESIAN_POINT('',(0.00456767963482955,0.0011,0.0315596731747934));
#1419=CARTESIAN_POINT('',(0.00504244266000175,0.0011,0.0288553748273103));
#1420=CARTESIAN_POINT('',(0.0050422973128276,0.0011,0.0274639424644626));
#1421=CARTESIAN_POINT('',(0.00520527381364489,0.0011,0.0269670060813591));
#1422=CARTESIAN_POINT('',(-0.00568424817174673,-0.0127,0.028777826577425));
#1423=CARTESIAN_POINT('',(-0.00543537959286184,-0.0127,0.029576075534518));
#1424=CARTESIAN_POINT('',(-0.00490821372854482,-0.0127,0.0312669663389906));
#1425=CARTESIAN_POINT('',(-0.00361563107234976,-0.0127,0.0338120402503709));
#1426=CARTESIAN_POINT('',(-0.00223207805756913,-0.0127,0.035811762627998));
#1427=CARTESIAN_POINT('',(-0.00185933413241404,-0.0127,0.0336556473759326));
#1428=CARTESIAN_POINT('',(-0.00194837007477923,-0.0127,0.031797883068417));
#1429=CARTESIAN_POINT('',(-0.00318226723097147,-0.0127,0.0269700364863728));
#1430=CARTESIAN_POINT('',(0.00168264788870315,-0.0127,0.0274073290153752));
#1431=CARTESIAN_POINT('',(0.00134908360914738,-0.0127,0.0288002339555301));
#1432=CARTESIAN_POINT('',(0.00157188322235974,-0.0127,0.0342155667561795));
#1433=CARTESIAN_POINT('',(0.00157243354308012,-0.0127,0.0355578673845737));
#1434=CARTESIAN_POINT('',(0.0033775896858492,-0.0127,0.0340258952662598));
#1435=CARTESIAN_POINT('',(0.00456767963482955,-0.0127,0.0315596731747934));
#1436=CARTESIAN_POINT('',(0.00504244266000175,-0.0127,0.0288553748273103));
#1437=CARTESIAN_POINT('',(0.0050422973128276,-0.0127,0.0274639424644626));
#1438=CARTESIAN_POINT('',(0.00520527381364489,-0.0127,0.0269670060813591));
#1439=CARTESIAN_POINT('',(-0.00487662441644514,-0.0127,0.00662243217245836));
#1440=CARTESIAN_POINT('',(-0.00487662441644514,0.0011,0.00662243217245836));
#1441=CARTESIAN_POINT('',(-0.00521811838126663,-0.0127,0.00703909335795113));
#1442=CARTESIAN_POINT('',(-0.00521811838126663,0.0011,0.00703909335795113));
#1443=CARTESIAN_POINT('',(-0.00589827057975374,-0.0127,0.00786830019096182));
#1444=CARTESIAN_POINT('',(-0.00589827057975374,0.0011,0.00786830019096182));
#1445=CARTESIAN_POINT('',(-0.00707700680907713,-0.0127,0.00949190906834817));
#1446=CARTESIAN_POINT('',(-0.00707700680907713,0.0011,0.00949190906834817));
#1447=CARTESIAN_POINT('',(-0.00843397331226745,-0.0127,0.0117145577783515));
#1448=CARTESIAN_POINT('',(-0.00843397331226745,0.0011,0.0117145577783515));
#1449=CARTESIAN_POINT('',(-0.00969212885014009,-0.0127,0.0143938219906047));
#1450=CARTESIAN_POINT('',(-0.00969212885014009,0.0011,0.0143938219906047));
#1451=CARTESIAN_POINT('',(-0.0105956290204382,-0.0127,0.0174438607986586));
#1452=CARTESIAN_POINT('',(-0.0105956290204382,0.0011,0.0174438607986586));
#1453=CARTESIAN_POINT('',(-0.0111012367245269,-0.0127,0.0207828540953109));
#1454=CARTESIAN_POINT('',(-0.0111012367245269,0.0011,0.0207828540953109));
#1455=CARTESIAN_POINT('',(-0.0112058785848304,-0.0127,0.0237396368675606));
#1456=CARTESIAN_POINT('',(-0.0112058785848304,0.0011,0.0237396368675606));
#1457=CARTESIAN_POINT('',(-0.011099997606237,-0.0127,0.0261813112870911));
#1458=CARTESIAN_POINT('',(-0.011099997606237,0.0011,0.0261813112870911));
#1459=CARTESIAN_POINT('',(-0.0109278601801232,-0.0127,0.0280143282401941));
#1460=CARTESIAN_POINT('',(-0.0109278601801232,0.0011,0.0280143282401941));
#1461=CARTESIAN_POINT('',(-0.0106725379800674,-0.0127,0.0296261433179868));
#1462=CARTESIAN_POINT('',(-0.0106725379800674,0.0011,0.0296261433179868));
#1463=CARTESIAN_POINT('',(-0.0103427096131126,-0.0127,0.0308135397619925));
#1464=CARTESIAN_POINT('',(-0.0103427096131126,0.0011,0.0308135397619925));
#1465=CARTESIAN_POINT('',(-0.0100133863194451,-0.0127,0.0312803710986473));
#1466=CARTESIAN_POINT('',(-0.0100133863194451,0.0011,0.0312803710986473));
#1467=CARTESIAN_POINT('',(-0.00972131688928634,-0.0127,0.0312281004127131));
#1468=CARTESIAN_POINT('',(-0.00972131688928634,0.0011,0.0312281004127131));
#1469=CARTESIAN_POINT('',(-0.00941303242415257,-0.0127,0.0308909201024876));
#1470=CARTESIAN_POINT('',(-0.00941303242415257,0.0011,0.0308909201024876));
#1471=CARTESIAN_POINT('',(-0.0090947615975662,-0.0127,0.0303696027025966));
#1472=CARTESIAN_POINT('',(-0.0090947615975662,0.0011,0.0303696027025966));
#1473=CARTESIAN_POINT('',(-0.00879243423845028,-0.0127,0.030082260972928));
#1474=CARTESIAN_POINT('',(-0.00879243423845028,0.0011,0.030082260972928));
#1475=CARTESIAN_POINT('',(-0.00851057352508423,-0.0127,0.0301226466635209));
#1476=CARTESIAN_POINT('',(-0.00851057352508423,0.0011,0.0301226466635209));
#1477=CARTESIAN_POINT('',(-0.00820456601095469,-0.0127,0.0308229879509588));
#1478=CARTESIAN_POINT('',(-0.00820456601095469,0.00110000000000001,0.0308229879509588));
#1479=CARTESIAN_POINT('',(-0.00794329447176525,-0.0127,0.0315004343993589));
#1480=CARTESIAN_POINT('',(-0.00794329447176525,0.0011,0.0315004343993589));
#1481=CARTESIAN_POINT('',(-0.00775314594457109,-0.0127,0.0314967134815347));
#1482=CARTESIAN_POINT('',(-0.00775314594457109,0.0011,0.0314967134815347));
#1483=CARTESIAN_POINT('',(-0.00757061784355552,-0.0127,0.0310990164340242));
#1484=CARTESIAN_POINT('',(-0.00757061784355552,0.0011,0.0310990164340242));
#1485=CARTESIAN_POINT('',(-0.00734318851694772,-0.0127,0.0302351366408547));
#1486=CARTESIAN_POINT('',(-0.00734318851694772,0.0011,0.0302351366408547));
#1487=CARTESIAN_POINT('',(-0.00702267218023855,-0.0127,0.0296822875643876));
#1488=CARTESIAN_POINT('',(-0.00702267218023855,0.0011,0.0296822875643876));
#1489=CARTESIAN_POINT('',(-0.0066281576427302,-0.0127,0.0303923509101585));
#1490=CARTESIAN_POINT('',(-0.0066281576427302,0.0011,0.0303923509101585));
#1491=CARTESIAN_POINT('',(-0.00627239306738985,-0.0127,0.0311291477415559));
#1492=CARTESIAN_POINT('',(-0.00627239306738985,0.0011,0.0311291477415559));
#1493=CARTESIAN_POINT('',(-0.00606777149758795,-0.0127,0.0307452227750271));
#1494=CARTESIAN_POINT('',(-0.00606777149758795,0.0011,0.0307452227750271));
#1495=CARTESIAN_POINT('',(-0.0059188880782372,-0.0127,0.0297193108230235));
#1496=CARTESIAN_POINT('',(-0.0059188880782372,0.0011,0.0297193108230235));
#1497=CARTESIAN_POINT('',(-0.00578096602591205,-0.0127,0.0290276689573129));
#1498=CARTESIAN_POINT('',(-0.00578096602591205,0.0011,0.0290276689573129));
#1499=CARTESIAN_POINT('',(-0.00568424817174673,-0.0127,0.028777826577425));
#1500=CARTESIAN_POINT('',(-0.00568424817174673,0.0011,0.028777826577425));
#1501=CARTESIAN_POINT('',(-0.00487662441644514,-0.0127,0.00662243217245836));
#1502=CARTESIAN_POINT('',(-0.00487662441644514,-0.0127,0.00662243217245836));
#1503=CARTESIAN_POINT('',(-0.00487662441644514,0.0011,0.00662243217245836));
#1504=CARTESIAN_POINT('',(-0.00487662441644514,0.0011,0.00662243217245836));
#1505=CARTESIAN_POINT('',(-0.00545017951564363,0.0011,0.00732223413734048));
#1506=CARTESIAN_POINT('',(-0.00689393208776009,0.0011,0.00908081911690328));
#1507=CARTESIAN_POINT('',(-0.010609722618502,0.0011,0.0152581413843723));
#1508=CARTESIAN_POINT('',(-0.011627470234578,0.0011,0.0246059669329891));
#1509=CARTESIAN_POINT('',(-0.0101873905135867,0.0011,0.033053502341331));
#1510=CARTESIAN_POINT('',(-0.00858180257665829,0.0011,0.0289307438329515));
#1511=CARTESIAN_POINT('',(-0.00777267377602652,0.0011,0.0328913044724322));
#1512=CARTESIAN_POINT('',(-0.00718051954506063,0.0011,0.0286393786560671));
#1513=CARTESIAN_POINT('',(-0.0060465577242141,0.0011,0.0322381104561083));
#1514=CARTESIAN_POINT('',(-0.00596591402403576,0.0011,0.0295054281922082));
#1515=CARTESIAN_POINT('',(-0.00568424817174673,0.0011,0.028777826577425));
#1516=CARTESIAN_POINT('',(-0.00487662441644514,-0.0127,0.00662243217245836));
#1517=CARTESIAN_POINT('',(-0.00545017951564363,-0.0127,0.00732223413734048));
#1518=CARTESIAN_POINT('',(-0.00689393208776009,-0.0127,0.00908081911690328));
#1519=CARTESIAN_POINT('',(-0.010609722618502,-0.0127,0.0152581413843723));
#1520=CARTESIAN_POINT('',(-0.011627470234578,-0.0127,0.0246059669329891));
#1521=CARTESIAN_POINT('',(-0.0101873905135867,-0.0127,0.033053502341331));
#1522=CARTESIAN_POINT('',(-0.00858180257665829,-0.0127,0.0289307438329515));
#1523=CARTESIAN_POINT('',(-0.00777267377602652,-0.0127,0.0328913044724322));
#1524=CARTESIAN_POINT('',(-0.00718051954506063,-0.0127,0.0286393786560671));
#1525=CARTESIAN_POINT('',(-0.0060465577242141,-0.0127,0.0322381104561083));
#1526=CARTESIAN_POINT('',(-0.00596591402403576,-0.0127,0.0295054281922082));
#1527=CARTESIAN_POINT('',(-0.00568424817174673,-0.0127,0.028777826577425));
#1528=CARTESIAN_POINT('',(0.00740626249157125,-0.0127,0.0299804229414753));
#1529=CARTESIAN_POINT('',(0.00740626249157125,0.,0.0299804229414753));
#1530=CARTESIAN_POINT('',(0.0064040291705715,0.,0.0319357476010129));
#1531=CARTESIAN_POINT('',(0.00736709568276432,0.,0.0321769848679107));
#1532=CARTESIAN_POINT('',(0.0064040291705715,-0.0127,0.0319357476010129));
#1533=CARTESIAN_POINT('',(0.0064040291705715,-0.0127,0.0319357476010129));
#1534=CARTESIAN_POINT('',(0.00740626249157125,-0.0127,0.0299804229414753));
#1535=CARTESIAN_POINT('',(0.00736709568276432,-0.0127,0.0321769848679107));
#1536=CARTESIAN_POINT('',(0.00736709568276432,-0.0127,0.0321769848679107));
#1537=CARTESIAN_POINT('',(0.00736709568276347,-0.0127,0.0321769848679117));
#1538=CARTESIAN_POINT('',(0.00736709568276347,0.,0.0321769848679117));
#1539=CARTESIAN_POINT('',(0.00751166064229114,-0.0127,0.0322985871352597));
#1540=CARTESIAN_POINT('',(0.00751166064229114,0.,0.0322985871352597));
#1541=CARTESIAN_POINT('',(0.00783115370979794,-0.0127,0.0325336124525287));
#1542=CARTESIAN_POINT('',(0.00783115370979794,0.,0.0325336124525287));
#1543=CARTESIAN_POINT('',(0.00847774024590504,-0.0127,0.0328555399117276));
#1544=CARTESIAN_POINT('',(0.00847774024590504,-1.73472347597681E-18,0.0328555399117276));
#1545=CARTESIAN_POINT('',(0.00937293475266611,-0.0127,0.0329906244652721));
#1546=CARTESIAN_POINT('',(0.00937293475266611,-1.73472347597681E-18,0.0329906244652721));
#1547=CARTESIAN_POINT('',(0.0102555891759809,-0.0127,0.0327346162324657));
#1548=CARTESIAN_POINT('',(0.0102555891759809,-1.73472347597681E-18,0.0327346162324657));
#1549=CARTESIAN_POINT('',(0.0106513614291528,-0.0127,0.0324583763375939));
#1550=CARTESIAN_POINT('',(0.0106513614291528,0.,0.0324583763375939));
#1551=CARTESIAN_POINT('',(0.0108023643286806,-0.0127,0.0323210219267542));
#1552=CARTESIAN_POINT('',(0.0108023643286806,0.,0.0323210219267542));
#1553=CARTESIAN_POINT('',(0.00736709568276347,0.,0.0321769848679117));
#1554=CARTESIAN_POINT('',(0.00751166064229114,0.,0.0322985871352597));
#1555=CARTESIAN_POINT('',(0.0077494221030304,0.,0.0324757162064101));
#1556=CARTESIAN_POINT('',(0.00815754421100292,0.,0.0326931427101303));
#1557=CARTESIAN_POINT('',(0.00853274777935773,0.,0.0328365317749323));
#1558=CARTESIAN_POINT('',(0.00900555301900271,0.,0.0329341436655603));
#1559=CARTESIAN_POINT('',(0.0095959857885901,0.,0.0329278137675103));
#1560=CARTESIAN_POINT('',(0.010145450453564,0.,0.0327648837687523));
#1561=CARTESIAN_POINT('',(0.0105515933349453,0.,0.0325303183262894));
#1562=CARTESIAN_POINT('',(0.0107268628789167,0.,0.032389699132174));
#1563=CARTESIAN_POINT('',(0.0108023643286806,0.,0.0323210219267542));
#1564=CARTESIAN_POINT('',(0.0108023643286807,0.,0.0323210219267542));
#1565=CARTESIAN_POINT('',(0.00736709568276347,-0.0127,0.0321769848679117));
#1566=CARTESIAN_POINT('',(0.00751166064229114,-0.0127,0.0322985871352597));
#1567=CARTESIAN_POINT('',(0.0077494221030304,-0.0127,0.0324757162064101));
#1568=CARTESIAN_POINT('',(0.00815754421100292,-0.0127,0.0326931427101303));
#1569=CARTESIAN_POINT('',(0.00853274777935773,-0.0127,0.0328365317749323));
#1570=CARTESIAN_POINT('',(0.00900555301900271,-0.0127,0.0329341436655603));
#1571=CARTESIAN_POINT('',(0.0095959857885901,-0.0127,0.0329278137675103));
#1572=CARTESIAN_POINT('',(0.010145450453564,-0.0127,0.0327648837687523));
#1573=CARTESIAN_POINT('',(0.0105515933349453,-0.0127,0.0325303183262894));
#1574=CARTESIAN_POINT('',(0.0107268628789167,-0.0127,0.032389699132174));
#1575=CARTESIAN_POINT('',(0.0108023643286806,-0.0127,0.0323210219267542));
#1576=CARTESIAN_POINT('',(0.0108023643286807,-0.0127,0.0323210219267542));
#1577=CARTESIAN_POINT('',(0.0108023643286807,-0.0127,0.0323210219267542));
#1578=CARTESIAN_POINT('',(0.0108023643286808,-0.0127,0.0323210219267531));
#1579=CARTESIAN_POINT('',(0.0108023643286808,0.,0.0323210219267531));
#1580=CARTESIAN_POINT('',(0.0110706428308957,-0.0127,0.0322910839612837));
#1581=CARTESIAN_POINT('',(0.0110706428308957,0.,0.0322910839612837));
#1582=CARTESIAN_POINT('',(0.0115928010252543,-0.0127,0.0321117728805501));
#1583=CARTESIAN_POINT('',(0.0115928010252543,3.46944695195361E-18,0.0321117728805501));
#1584=CARTESIAN_POINT('',(0.012062951668324,-0.0127,0.0317192592385336));
#1585=CARTESIAN_POINT('',(0.012062951668324,-1.73472347597681E-18,0.0317192592385336));
#1586=CARTESIAN_POINT('',(0.0123098707094696,-0.0127,0.0313909757181426));
#1587=CARTESIAN_POINT('',(0.0123098707094696,3.46944695195361E-18,0.0313909757181426));
#1588=CARTESIAN_POINT('',(0.0124883723061987,-0.0127,0.0310573675537888));
#1589=CARTESIAN_POINT('',(0.0124883723061987,-3.46944695195361E-18,0.0310573675537888));
#1590=CARTESIAN_POINT('',(0.012578765286365,-0.0127,0.0307849089675539));
#1591=CARTESIAN_POINT('',(0.012578765286365,0.,0.0307849089675539));
#1592=CARTESIAN_POINT('',(0.0126153173004942,-0.0127,0.0306343734220461));
#1593=CARTESIAN_POINT('',(0.0126153173004942,0.,0.0306343734220461));
#1594=CARTESIAN_POINT('',(0.0126296423378547,-0.0127,0.0305670078072031));
#1595=CARTESIAN_POINT('',(0.0126296423378547,0.,0.0305670078072031));
#1596=CARTESIAN_POINT('',(0.0108023643286808,0.,0.0323210219267531));
#1597=CARTESIAN_POINT('',(0.0109365035797883,0.,0.0323060529440184));
#1598=CARTESIAN_POINT('',(0.0112045439480688,0.,0.0322480455287495));
#1599=CARTESIAN_POINT('',(0.0115526470888559,0.,0.0320963681212615));
#1600=CARTESIAN_POINT('',(0.011828587199566,0.,0.0319135722485886));
#1601=CARTESIAN_POINT('',(0.0121037084412655,0.,0.0316656620420802));
#1602=CARTESIAN_POINT('',(0.0123098840508304,0.,0.0313906442604019));
#1603=CARTESIAN_POINT('',(0.0124441718905446,0.,0.0311406890659572));
#1604=CARTESIAN_POINT('',(0.0125228162227912,0.,0.0309490376927157));
#1605=CARTESIAN_POINT('',(0.0125889312551817,0.,0.0307468829371245));
#1606=CARTESIAN_POINT('',(0.0126153173004942,0.,0.0306343734220461));
#1607=CARTESIAN_POINT('',(0.0126296423378547,0.,0.0305670078072031));
#1608=CARTESIAN_POINT('',(0.0126296423378547,0.,0.0305670078072031));
#1609=CARTESIAN_POINT('',(0.0108023643286808,-0.0127,0.0323210219267531));
#1610=CARTESIAN_POINT('',(0.0109365035797883,-0.0127,0.0323060529440184));
#1611=CARTESIAN_POINT('',(0.0112045439480688,-0.0127,0.0322480455287495));
#1612=CARTESIAN_POINT('',(0.0115526470888559,-0.0127,0.0320963681212615));
#1613=CARTESIAN_POINT('',(0.011828587199566,-0.0127,0.0319135722485886));
#1614=CARTESIAN_POINT('',(0.0121037084412655,-0.0127,0.0316656620420802));
#1615=CARTESIAN_POINT('',(0.0123098840508304,-0.0127,0.0313906442604019));
#1616=CARTESIAN_POINT('',(0.0124441718905446,-0.0127,0.0311406890659572));
#1617=CARTESIAN_POINT('',(0.0125228162227912,-0.0127,0.0309490376927157));
#1618=CARTESIAN_POINT('',(0.0125889312551817,-0.0127,0.0307468829371245));
#1619=CARTESIAN_POINT('',(0.0126153173004942,-0.0127,0.0306343734220461));
#1620=CARTESIAN_POINT('',(0.0126296423378547,-0.0127,0.0305670078072031));
#1621=CARTESIAN_POINT('',(0.0126296423378547,-0.0127,0.0305670078072031));
#1622=CARTESIAN_POINT('',(0.0126296423378547,-0.0127,0.0305670078072031));
#1623=CARTESIAN_POINT('',(0.0126296423378546,-0.0127,0.0305670078072031));
#1624=CARTESIAN_POINT('',(0.0126296423378546,-1.73472347597681E-18,0.0305670078072031));
#1625=CARTESIAN_POINT('',(0.0130460286345471,-0.0127,0.0303386300760765));
#1626=CARTESIAN_POINT('',(0.0130460286345471,-1.73472347597681E-18,0.0303386300760765));
#1627=CARTESIAN_POINT('',(0.0135622894393918,-0.0127,0.0296909680302097));
#1628=CARTESIAN_POINT('',(0.0135622894393918,-8.67361737988404E-18,0.0296909680302097));
#1629=CARTESIAN_POINT('',(0.0137400173539229,-0.0127,0.0290672182003296));
#1630=CARTESIAN_POINT('',(0.0137400173539229,1.73472347597681E-18,0.0290672182003296));
#1631=CARTESIAN_POINT('',(0.0138035593794982,-0.0127,0.0286200092720425));
#1632=CARTESIAN_POINT('',(0.0138035593794982,3.46944695195361E-18,0.0286200092720425));
#1633=CARTESIAN_POINT('',(0.0138153678742805,-0.0127,0.0281179195492803));
#1634=CARTESIAN_POINT('',(0.0138153678742805,-5.20417042793042E-18,0.0281179195492803));
#1635=CARTESIAN_POINT('',(0.0137745967325313,-0.0127,0.0275350995015911));
#1636=CARTESIAN_POINT('',(0.0137745967325313,1.73472347597681E-18,0.0275350995015911));
#1637=CARTESIAN_POINT('',(0.0136768483584781,-0.0127,0.026785681564636));
#1638=CARTESIAN_POINT('',(0.0136768483584781,0.,0.026785681564636));
#1639=CARTESIAN_POINT('',(0.013543907723815,-0.0127,0.0259766918269509));
#1640=CARTESIAN_POINT('',(0.013543907723815,3.46944695195361E-18,0.0259766918269509));
#1641=CARTESIAN_POINT('',(0.0133364536941318,-0.0127,0.0248350273459151));
#1642=CARTESIAN_POINT('',(0.0133364536941318,-6.93889390390723E-18,0.0248350273459151));
#1643=CARTESIAN_POINT('',(0.0130479807287686,-0.0127,0.0233341683580207));
#1644=CARTESIAN_POINT('',(0.0130479807287686,5.20417042793042E-18,0.0233341683580207));
#1645=CARTESIAN_POINT('',(0.0127659090784966,-0.0127,0.0216839640244332));
#1646=CARTESIAN_POINT('',(0.0127659090784966,-3.46944695195361E-18,0.0216839640244332));
#1647=CARTESIAN_POINT('',(0.0126072173156227,-0.0127,0.0202952871698524));
#1648=CARTESIAN_POINT('',(0.0126072173156227,0.,0.0202952871698524));
#1649=CARTESIAN_POINT('',(0.0124984018837432,-0.0127,0.0190156046890444));
#1650=CARTESIAN_POINT('',(0.0124984018837432,5.20417042793042E-18,0.0190156046890444));
#1651=CARTESIAN_POINT('',(0.0123872151316852,-0.0127,0.0177754496034196));
#1652=CARTESIAN_POINT('',(0.0123872151316852,-1.73472347597681E-18,0.0177754496034196));
#1653=CARTESIAN_POINT('',(0.0122101267397223,-0.0127,0.0165037267675366));
#1654=CARTESIAN_POINT('',(0.0122101267397223,5.20417042793042E-18,0.0165037267675366));
#1655=CARTESIAN_POINT('',(0.0117661428218994,-0.0127,0.0147097112468387));
#1656=CARTESIAN_POINT('',(0.0117661428218994,-5.20417042793042E-18,0.0147097112468387));
#1657=CARTESIAN_POINT('',(0.0108857773387546,-0.0127,0.0125984882282278));
#1658=CARTESIAN_POINT('',(0.0108857773387546,1.73472347597681E-18,0.0125984882282278));
#1659=CARTESIAN_POINT('',(0.0096221952269,-0.0127,0.0102301360207573));
#1660=CARTESIAN_POINT('',(0.0096221952269,0.,0.0102301360207573));
#1661=CARTESIAN_POINT('',(0.00878452461818518,-0.0127,0.00877357938080964));
#1662=CARTESIAN_POINT('',(0.00878452461818518,0.,0.00877357938080964));
#1663=CARTESIAN_POINT('',(0.00837597420931517,-0.0127,0.00806462657168884));
#1664=CARTESIAN_POINT('',(0.00837597420931517,0.,0.00806462657168884));
#1665=CARTESIAN_POINT('',(0.0126296423378546,0.,0.0305670078072031));
#1666=CARTESIAN_POINT('',(0.0128378354862009,0.,0.0304528189416398));
#1667=CARTESIAN_POINT('',(0.0131886601190561,0.,0.0301658270360145));
#1668=CARTESIAN_POINT('',(0.0134862104285891,0.,0.0297368776962703));
#1669=CARTESIAN_POINT('',(0.013643571510202,0.,0.0293802135990824));
#1670=CARTESIAN_POINT('',(0.0137274012341321,0.,0.0290889298959188));
#1671=CARTESIAN_POINT('',(0.0137727417878513,0.,0.0288439169208126));
#1672=CARTESIAN_POINT('',(0.0138044781741723,0.,0.0285571172225541));
#1673=CARTESIAN_POINT('',(0.013812664049445,0.,0.0282431035641266));
#1674=CARTESIAN_POINT('',(0.013798784602521,0.,0.0278862345113844));
#1675=CARTESIAN_POINT('',(0.0137685579628447,0.,0.0275284977799802));
#1676=CARTESIAN_POINT('',(0.0137257409373336,0.,0.0271603374985134));
#1677=CARTESIAN_POINT('',(0.0136546770070823,0.,0.026650862807899));
#1678=CARTESIAN_POINT('',(0.0135439469752379,0.,0.0259768412040569));
#1679=CARTESIAN_POINT('',(0.013388185540888,0.,0.0251198603937182));
#1680=CARTESIAN_POINT('',(0.0132215518992219,0.,0.0242368666634745));
#1681=CARTESIAN_POINT('',(0.0130563350435877,0.,0.0233542962471464));
#1682=CARTESIAN_POINT('',(0.0129302960132667,0.,0.0226438701644825));
#1683=CARTESIAN_POINT('',(0.0128427146455521,0.,0.0221073214342629));
#1684=CARTESIAN_POINT('',(0.0127662251607454,0.,0.0215982227234111));
#1685=CARTESIAN_POINT('',(0.0126874862214754,0.,0.0209926673820004));
#1686=CARTESIAN_POINT('',(0.0125885626155047,0.,0.0200802516224214));
#1687=CARTESIAN_POINT('',(0.0124984559149071,0.,0.0190161919704228));
#1688=CARTESIAN_POINT('',(0.0123876323670281,0.,0.0177753240949372));
#1689=CARTESIAN_POINT('',(0.0122382752004937,0.,0.0167155886158959));
#1690=CARTESIAN_POINT('',(0.0120460086116706,0.,0.0158311615726894));
#1691=CARTESIAN_POINT('',(0.0117987875905912,0.,0.0149422842371296));
#1692=CARTESIAN_POINT('',(0.0114125650607875,0.,0.0138681572898452));
#1693=CARTESIAN_POINT('',(0.0106760943601931,0.,0.0122022063670671));
#1694=CARTESIAN_POINT('',(0.00983212023639214,0.,0.0106240158396083));
#1695=CARTESIAN_POINT('',(0.00899488977635669,0.,0.00913958737496525));
#1696=CARTESIAN_POINT('',(0.00858024941375017,0.,0.00841910297624923));
#1697=CARTESIAN_POINT('',(0.00837597420931517,0.,0.00806462657168884));
#1698=CARTESIAN_POINT('',(0.00837597420931518,0.,0.00806462657168887));
#1699=CARTESIAN_POINT('',(0.0126296423378546,-0.0127,0.0305670078072031));
#1700=CARTESIAN_POINT('',(0.0128378354862009,-0.0127,0.0304528189416398));
#1701=CARTESIAN_POINT('',(0.0131886601190561,-0.0127,0.0301658270360145));
#1702=CARTESIAN_POINT('',(0.0134862104285891,-0.0127,0.0297368776962703));
#1703=CARTESIAN_POINT('',(0.013643571510202,-0.0127,0.0293802135990824));
#1704=CARTESIAN_POINT('',(0.0137274012341321,-0.0127,0.0290889298959188));
#1705=CARTESIAN_POINT('',(0.0137727417878513,-0.0127,0.0288439169208126));
#1706=CARTESIAN_POINT('',(0.0138044781741723,-0.0127,0.0285571172225541));
#1707=CARTESIAN_POINT('',(0.013812664049445,-0.0127,0.0282431035641266));
#1708=CARTESIAN_POINT('',(0.013798784602521,-0.0127,0.0278862345113844));
#1709=CARTESIAN_POINT('',(0.0137685579628447,-0.0127,0.0275284977799802));
#1710=CARTESIAN_POINT('',(0.0137257409373336,-0.0127,0.0271603374985134));
#1711=CARTESIAN_POINT('',(0.0136546770070823,-0.0127,0.026650862807899));
#1712=CARTESIAN_POINT('',(0.0135439469752379,-0.0127,0.0259768412040569));
#1713=CARTESIAN_POINT('',(0.013388185540888,-0.0127,0.0251198603937182));
#1714=CARTESIAN_POINT('',(0.0132215518992219,-0.0127,0.0242368666634745));
#1715=CARTESIAN_POINT('',(0.0130563350435877,-0.0127,0.0233542962471464));
#1716=CARTESIAN_POINT('',(0.0129302960132667,-0.0127,0.0226438701644825));
#1717=CARTESIAN_POINT('',(0.0128427146455521,-0.0127,0.0221073214342629));
#1718=CARTESIAN_POINT('',(0.0127662251607454,-0.0127,0.0215982227234111));
#1719=CARTESIAN_POINT('',(0.0126874862214754,-0.0127,0.0209926673820004));
#1720=CARTESIAN_POINT('',(0.0125885626155047,-0.0127,0.0200802516224214));
#1721=CARTESIAN_POINT('',(0.0124984559149071,-0.0127,0.0190161919704228));
#1722=CARTESIAN_POINT('',(0.0123876323670281,-0.0127,0.0177753240949372));
#1723=CARTESIAN_POINT('',(0.0122382752004937,-0.0127,0.0167155886158959));
#1724=CARTESIAN_POINT('',(0.0120460086116706,-0.0127,0.0158311615726894));
#1725=CARTESIAN_POINT('',(0.0117987875905912,-0.0127,0.0149422842371296));
#1726=CARTESIAN_POINT('',(0.0114125650607875,-0.0127,0.0138681572898452));
#1727=CARTESIAN_POINT('',(0.0106760943601931,-0.0127,0.0122022063670671));
#1728=CARTESIAN_POINT('',(0.00983212023639214,-0.0127,0.0106240158396083));
#1729=CARTESIAN_POINT('',(0.00899488977635669,-0.0127,0.00913958737496525));
#1730=CARTESIAN_POINT('',(0.00858024941375017,-0.0127,0.00841910297624923));
#1731=CARTESIAN_POINT('',(0.00837597420931517,-0.0127,0.00806462657168884));
#1732=CARTESIAN_POINT('',(0.00837597420931518,-0.0127,0.00806462657168887));
#1733=CARTESIAN_POINT('',(0.00837597420931518,-0.0127,0.00806462657168887));
#1734=CARTESIAN_POINT('',(0.00837597420931518,-0.0127,0.00806462657168887));
#1735=CARTESIAN_POINT('',(0.00837597420931518,-2.77555756156289E-17,0.00806462657168887));
#1736=CARTESIAN_POINT('',(0.00888290270528379,-0.0127,0.00794929446659092));
#1737=CARTESIAN_POINT('',(0.00888290270528379,-2.77555756156289E-17,0.00794929446659092));
#1738=CARTESIAN_POINT('',(0.00990314318526031,-0.0127,0.00766716051796206));
#1739=CARTESIAN_POINT('',(0.00990314318526031,-2.77555756156289E-17,0.00766716051796206));
#1740=CARTESIAN_POINT('',(0.0119431191459435,-0.0127,0.00674822851692593));
#1741=CARTESIAN_POINT('',(0.0119431191459435,-2.94902990916057E-17,0.00674822851692593));
#1742=CARTESIAN_POINT('',(0.0136476965166787,-0.0127,0.00530990776708681));
#1743=CARTESIAN_POINT('',(0.0136476965166787,-3.12250225675825E-17,0.00530990776708681));
#1744=CARTESIAN_POINT('',(0.0149124392558891,-0.0127,0.00346180575395894));
#1745=CARTESIAN_POINT('',(0.0149124392558891,-2.60208521396521E-17,0.00346180575395894));
#1746=CARTESIAN_POINT('',(0.0158113143315704,-0.0127,0.0014335568510519));
#1747=CARTESIAN_POINT('',(0.0158113143315704,-3.29597460435593E-17,0.0014335568510519));
#1748=CARTESIAN_POINT('',(0.0163831807320989,-0.0127,-0.00112375861767813));
#1749=CARTESIAN_POINT('',(0.0163831807320989,-2.25514051876985E-17,-0.00112375861767813));
#1750=CARTESIAN_POINT('',(0.0169320847716334,-0.0127,-0.00404952618617964));
#1751=CARTESIAN_POINT('',(0.0169320847716334,-3.12250225675825E-17,-0.00404952618617964));
#1752=CARTESIAN_POINT('',(0.0174108683914972,-0.0127,-0.00674755094177499));
#1753=CARTESIAN_POINT('',(0.0174108683914972,-2.42861286636753E-17,-0.00674755094177499));
#1754=CARTESIAN_POINT('',(0.0176558261548725,-0.0127,-0.00906127068245308));
#1755=CARTESIAN_POINT('',(0.0176558261548725,-2.60208521396521E-17,-0.00906127068245308));
#1756=CARTESIAN_POINT('',(0.0177664199120914,-0.0127,-0.0114645497687841));
#1757=CARTESIAN_POINT('',(0.0177664199120914,-2.42861286636753E-17,-0.0114645497687841));
#1758=CARTESIAN_POINT('',(0.0177360880758417,-0.0127,-0.0137266096332047));
#1759=CARTESIAN_POINT('',(0.0177360880758417,-2.94902990916057E-17,-0.0137266096332047));
#1760=CARTESIAN_POINT('',(0.0177295158753982,-0.0127,-0.0154993550447186));
#1761=CARTESIAN_POINT('',(0.0177295158753982,-2.60208521396521E-17,-0.0154993550447186));
#1762=CARTESIAN_POINT('',(0.0177703325675339,-0.0127,-0.0164175931989535));
#1763=CARTESIAN_POINT('',(0.0177703325675339,-2.77555756156289E-17,-0.0164175931989535));
#1764=CARTESIAN_POINT('',(0.0178566347739693,-0.0127,-0.0166664385309741));
#1765=CARTESIAN_POINT('',(0.0178566347739693,-2.77555756156289E-17,-0.0166664385309741));
#1766=CARTESIAN_POINT('',(0.0178510893608166,-0.0127,-0.0166893802536114));
#1767=CARTESIAN_POINT('',(0.0178510893608166,-2.42861286636753E-17,-0.0166893802536114));
#1768=CARTESIAN_POINT('',(0.0183436823746981,-0.0127,-0.0172001546439013));
#1769=CARTESIAN_POINT('',(0.0183436823746981,-2.42861286636753E-17,-0.0172001546439013));
#1770=CARTESIAN_POINT('',(0.0191751842297878,-0.0127,-0.0178839970128999));
#1771=CARTESIAN_POINT('',(0.0191751842297878,-2.42861286636753E-17,-0.0178839970128999));
#1772=CARTESIAN_POINT('',(0.0201544882202467,-0.0127,-0.0188022927178755));
#1773=CARTESIAN_POINT('',(0.0201544882202467,-2.94902990916057E-17,-0.0188022927178755));
#1774=CARTESIAN_POINT('',(0.0210586540877527,-0.0127,-0.0198673732642578));
#1775=CARTESIAN_POINT('',(0.0210586540877527,-2.08166817117217E-17,-0.0198673732642578));
#1776=CARTESIAN_POINT('',(0.0218752913568286,-0.0127,-0.0211139263350021));
#1777=CARTESIAN_POINT('',(0.0218752913568286,-2.94902990916057E-17,-0.0211139263350021));
#1778=CARTESIAN_POINT('',(0.0227652868452564,-0.0127,-0.0230445963400801));
#1779=CARTESIAN_POINT('',(0.0227652868452564,-2.60208521396521E-17,-0.0230445963400801));
#1780=CARTESIAN_POINT('',(0.0234027855147032,-0.0127,-0.0256833341676372));
#1781=CARTESIAN_POINT('',(0.0234027855147032,-2.60208521396521E-17,-0.0256833341676372));
#1782=CARTESIAN_POINT('',(0.0236376484905331,-0.0127,-0.0288814207113606));
#1783=CARTESIAN_POINT('',(0.0236376484905331,-2.94902990916057E-17,-0.0288814207113606));
#1784=CARTESIAN_POINT('',(0.0234016093674587,-0.0127,-0.0314354489209001));
#1785=CARTESIAN_POINT('',(0.0234016093674587,-2.60208521396521E-17,-0.0314354489209001));
#1786=CARTESIAN_POINT('',(0.0228333158388062,-0.0127,-0.0333949624655983));
#1787=CARTESIAN_POINT('',(0.0228333158388062,-2.42861286636753E-17,-0.0333949624655983));
#1788=CARTESIAN_POINT('',(0.0222209085441147,-0.0127,-0.034710974480781));
#1789=CARTESIAN_POINT('',(0.0222209085441147,-2.77555756156289E-17,-0.034710974480781));
#1790=CARTESIAN_POINT('',(0.0215187028259911,-0.0127,-0.0358591092938951));
#1791=CARTESIAN_POINT('',(0.0215187028259911,-2.08166817117217E-17,-0.0358591092938951));
#1792=CARTESIAN_POINT('',(0.0208065966606117,-0.0127,-0.03686662729541));
#1793=CARTESIAN_POINT('',(0.0208065966606117,-2.94902990916057E-17,-0.03686662729541));
#1794=CARTESIAN_POINT('',(0.0200614686958296,-0.0127,-0.037886666776476));
#1795=CARTESIAN_POINT('',(0.0200614686958296,-2.42861286636753E-17,-0.037886666776476));
#1796=CARTESIAN_POINT('',(0.0191200515305736,-0.0127,-0.0389820054945805));
#1797=CARTESIAN_POINT('',(0.0191200515305736,-2.42861286636753E-17,-0.0389820054945805));
#1798=CARTESIAN_POINT('',(0.0179215190358106,-0.0127,-0.0400306936005623));
#1799=CARTESIAN_POINT('',(0.0179215190358106,-3.46944695195361E-17,-0.0400306936005623));
#1800=CARTESIAN_POINT('',(0.016410270525222,-0.0127,-0.0408863403195935));
#1801=CARTESIAN_POINT('',(0.016410270525222,-2.60208521396521E-17,-0.0408863403195935));
#1802=CARTESIAN_POINT('',(0.014802257355719,-0.0127,-0.0414524413355876));
#1803=CARTESIAN_POINT('',(0.014802257355719,-2.42861286636753E-17,-0.0414524413355876));
#1804=CARTESIAN_POINT('',(0.013129396734448,-0.0127,-0.0417913483058557));
#1805=CARTESIAN_POINT('',(0.013129396734448,-3.64291929955129E-17,-0.0417913483058557));
#1806=CARTESIAN_POINT('',(0.0117161099492258,-0.0127,-0.0418797824236884));
#1807=CARTESIAN_POINT('',(0.0117161099492258,-2.25514051876985E-17,-0.0418797824236884));
#1808=CARTESIAN_POINT('',(0.0106303158460732,-0.0127,-0.041826316096091));
#1809=CARTESIAN_POINT('',(0.0106303158460732,-3.29597460435593E-17,-0.041826316096091));
#1810=CARTESIAN_POINT('',(0.00989519455304338,-0.0127,-0.0417454623333738));
#1811=CARTESIAN_POINT('',(0.00989519455304338,-2.60208521396521E-17,-0.0417454623333738));
#1812=CARTESIAN_POINT('',(0.00924279512956031,-0.0127,-0.0416440081119187));
#1813=CARTESIAN_POINT('',(0.00924279512956031,-3.29597460435593E-17,-0.0416440081119187));
#1814=CARTESIAN_POINT('',(0.00869481256330586,-0.0127,-0.0415408249010215));
#1815=CARTESIAN_POINT('',(0.00869481256330586,-2.77555756156289E-17,-0.0415408249010215));
#1816=CARTESIAN_POINT('',(0.00834927954068272,-0.0127,-0.0414702413745109));
#1817=CARTESIAN_POINT('',(0.00834927954068272,-2.25514051876985E-17,-0.0414702413745109));
#1818=CARTESIAN_POINT('',(0.00816299711377335,-0.0127,-0.0414343355203013));
#1819=CARTESIAN_POINT('',(0.00816299711377335,-3.64291929955129E-17,-0.0414343355203013));
#1820=CARTESIAN_POINT('',(0.00810515377800038,-0.0127,-0.0414245038811966));
#1821=CARTESIAN_POINT('',(0.00810515377800038,-2.77555756156289E-17,-0.0414245038811966));
#1822=CARTESIAN_POINT('',(0.00800106137417156,-0.0127,-0.0414090252210823));
#1823=CARTESIAN_POINT('',(0.00800106137417156,-3.29597460435593E-17,-0.0414090252210823));
#1824=CARTESIAN_POINT('',(0.00779043055569112,-0.0127,-0.0413727925460685));
#1825=CARTESIAN_POINT('',(0.00779043055569112,-2.94902990916057E-17,-0.0413727925460685));
#1826=CARTESIAN_POINT('',(0.00750104457053161,-0.0127,-0.04129594754989));
#1827=CARTESIAN_POINT('',(0.00750104457053161,-2.60208521396521E-17,-0.04129594754989));
#1828=CARTESIAN_POINT('',(0.00721694826272338,-0.0127,-0.0411853237455537));
#1829=CARTESIAN_POINT('',(0.00721694826272338,-2.77555756156289E-17,-0.0411853237455537));
#1830=CARTESIAN_POINT('',(0.00699690015805826,-0.0127,-0.0410798379601999));
#1831=CARTESIAN_POINT('',(0.00699690015805826,-2.94902990916057E-17,-0.0410798379601999));
#1832=CARTESIAN_POINT('',(0.00680158780829738,-0.0127,-0.0409772734721195));
#1833=CARTESIAN_POINT('',(0.00680158780829738,-2.94902990916057E-17,-0.0409772734721195));
#1834=CARTESIAN_POINT('',(0.00662071051964173,-0.0127,-0.0408753291473061));
#1835=CARTESIAN_POINT('',(0.00662071051964173,-2.77555756156289E-17,-0.0408753291473061));
#1836=CARTESIAN_POINT('',(0.00648278258761951,-0.0127,-0.0407932758524764));
#1837=CARTESIAN_POINT('',(0.00648278258761951,-2.77555756156289E-17,-0.0407932758524764));
#1838=CARTESIAN_POINT('',(0.00637812175901782,-0.0127,-0.0407275559237017));
#1839=CARTESIAN_POINT('',(0.00637812175901782,-2.77555756156289E-17,-0.0407275559237017));
#1840=CARTESIAN_POINT('',(0.00629867720649991,-0.0127,-0.0406768647387847));
#1841=CARTESIAN_POINT('',(0.00629867720649991,-2.94902990916057E-17,-0.0406768647387847));
#1842=CARTESIAN_POINT('',(0.00621204619295172,-0.0127,-0.0406138300650274));
#1843=CARTESIAN_POINT('',(0.00621204619295172,-2.60208521396521E-17,-0.0406138300650274));
#1844=CARTESIAN_POINT('',(0.00610247774060538,-0.0127,-0.0405437995979552));
#1845=CARTESIAN_POINT('',(0.00610247774060538,-3.12250225675825E-17,-0.0405437995979552));
#1846=CARTESIAN_POINT('',(0.0058062726954577,-0.0127,-0.0402616286476224));
#1847=CARTESIAN_POINT('',(0.0058062726954577,-2.60208521396521E-17,-0.0402616286476224));
#1848=CARTESIAN_POINT('',(0.00549244934894953,-0.0127,-0.0398137747821503));
#1849=CARTESIAN_POINT('',(0.00549244934894953,-2.60208521396521E-17,-0.0398137747821503));
#1850=CARTESIAN_POINT('',(0.00529909221501285,-0.0127,-0.0390896520636627));
#1851=CARTESIAN_POINT('',(0.00529909221501285,-3.12250225675825E-17,-0.0390896520636627));
#1852=CARTESIAN_POINT('',(0.00537794573097252,-0.0127,-0.0384531615691609));
#1853=CARTESIAN_POINT('',(0.00537794573097252,-2.94902990916057E-17,-0.0384531615691609));
#1854=CARTESIAN_POINT('',(0.00551705945849263,-0.0127,-0.038098200819286));
#1855=CARTESIAN_POINT('',(0.00551705945849263,-3.29597460435593E-17,-0.038098200819286));
#1856=CARTESIAN_POINT('',(0.00566433502157897,-0.0127,-0.0378264152552038));
#1857=CARTESIAN_POINT('',(0.00566433502157897,-2.42861286636753E-17,-0.0378264152552038));
#1858=CARTESIAN_POINT('',(0.00579871289696205,-0.0127,-0.0376467910655403));
#1859=CARTESIAN_POINT('',(0.00579871289696205,-3.29597460435593E-17,-0.0376467910655403));
#1860=CARTESIAN_POINT('',(0.00591501090097192,-0.0127,-0.0375110811703579));
#1861=CARTESIAN_POINT('',(0.00591501090097192,-2.77555756156289E-17,-0.0375110811703579));
#1862=CARTESIAN_POINT('',(0.006045319537739,-0.0127,-0.0373752270393108));
#1863=CARTESIAN_POINT('',(0.006045319537739,-2.77555756156289E-17,-0.0373752270393108));
#1864=CARTESIAN_POINT('',(0.00618961917002165,-0.0127,-0.0372395157873265));
#1865=CARTESIAN_POINT('',(0.00618961917002165,-2.77555756156289E-17,-0.0372395157873265));
#1866=CARTESIAN_POINT('',(0.00636749179267026,-0.0127,-0.0370844277247832));
#1867=CARTESIAN_POINT('',(0.00636749179267026,-3.46944695195361E-17,-0.0370844277247832));
#1868=CARTESIAN_POINT('',(0.00655741392624489,-0.0127,-0.0369278894225121));
#1869=CARTESIAN_POINT('',(0.00655741392624489,-2.42861286636753E-17,-0.0369278894225121));
#1870=CARTESIAN_POINT('',(0.00676095436513807,-0.0127,-0.036767349510492));
#1871=CARTESIAN_POINT('',(0.00676095436513807,-3.29597460435593E-17,-0.036767349510492));
#1872=CARTESIAN_POINT('',(0.00704930191488865,-0.0127,-0.0365485280603731));
#1873=CARTESIAN_POINT('',(0.00704930191488865,-2.77555756156289E-17,-0.0365485280603731));
#1874=CARTESIAN_POINT('',(0.00743180733878212,-0.0127,-0.0362743810416519));
#1875=CARTESIAN_POINT('',(0.00743180733878212,-3.12250225675825E-17,-0.0362743810416519));
#1876=CARTESIAN_POINT('',(0.0079028757440056,-0.0127,-0.0359576436401709));
#1877=CARTESIAN_POINT('',(0.0079028757440056,-2.77555756156289E-17,-0.0359576436401709));
#1878=CARTESIAN_POINT('',(0.00854768508813073,-0.0127,-0.0355451285040198));
#1879=CARTESIAN_POINT('',(0.00854768508813073,-2.60208521396521E-17,-0.0355451285040198));
#1880=CARTESIAN_POINT('',(0.0093693744406887,-0.0127,-0.03504831046935));
#1881=CARTESIAN_POINT('',(0.0093693744406887,-2.94902990916057E-17,-0.03504831046935));
#1882=CARTESIAN_POINT('',(0.0103457459027211,-0.0127,-0.0344868987992621));
#1883=CARTESIAN_POINT('',(0.0103457459027211,-2.77555756156289E-17,-0.0344868987992621));
#1884=CARTESIAN_POINT('',(0.0111834782961235,-0.0127,-0.0339863125550702));
#1885=CARTESIAN_POINT('',(0.0111834782961235,-2.42861286636753E-17,-0.0339863125550702));
#1886=CARTESIAN_POINT('',(0.0118806909201729,-0.0127,-0.0334885336399818));
#1887=CARTESIAN_POINT('',(0.0118806909201729,-2.94902990916057E-17,-0.0334885336399818));
#1888=CARTESIAN_POINT('',(0.0124629691982557,-0.0127,-0.0329406382979832));
#1889=CARTESIAN_POINT('',(0.0124629691982557,-3.12250225675825E-17,-0.0329406382979832));
#1890=CARTESIAN_POINT('',(0.0129897683564171,-0.0127,-0.0322658956799338));
#1891=CARTESIAN_POINT('',(0.0129897683564171,-2.60208521396521E-17,-0.0322658956799338));
#1892=CARTESIAN_POINT('',(0.0134043093758581,-0.0127,-0.0315053920741332));
#1893=CARTESIAN_POINT('',(0.0134043093758581,-2.42861286636753E-17,-0.0315053920741332));
#1894=CARTESIAN_POINT('',(0.0137718517634776,-0.0127,-0.0304202698536431));
#1895=CARTESIAN_POINT('',(0.0137718517634776,-2.94902990916057E-17,-0.0304202698536431));
#1896=CARTESIAN_POINT('',(0.0139250572882544,-0.0127,-0.0286502149755715));
#1897=CARTESIAN_POINT('',(0.0139250572882544,-2.60208521396521E-17,-0.0286502149755715));
#1898=CARTESIAN_POINT('',(0.0137165732948204,-0.0127,-0.0267612892032938));
#1899=CARTESIAN_POINT('',(0.0137165732948204,-2.42861286636753E-17,-0.0267612892032938));
#1900=CARTESIAN_POINT('',(0.013381989176137,-0.0127,-0.0255413253712236));
#1901=CARTESIAN_POINT('',(0.013381989176137,-3.12250225675825E-17,-0.0255413253712236));
#1902=CARTESIAN_POINT('',(0.0130331831170968,-0.0127,-0.0247445307794132));
#1903=CARTESIAN_POINT('',(0.0130331831170968,-3.12250225675825E-17,-0.0247445307794132));
#1904=CARTESIAN_POINT('',(0.0125404310682707,-0.0127,-0.0240055213657657));
#1905=CARTESIAN_POINT('',(0.0125404310682707,-2.77555756156289E-17,-0.0240055213657657));
#1906=CARTESIAN_POINT('',(0.0118699385642266,-0.0127,-0.0232485649375857));
#1907=CARTESIAN_POINT('',(0.0118699385642266,-2.42861286636753E-17,-0.0232485649375857));
#1908=CARTESIAN_POINT('',(0.0111560700095057,-0.0127,-0.0225907252447274));
#1909=CARTESIAN_POINT('',(0.0111560700095057,-3.46944695195361E-17,-0.0225907252447274));
#1910=CARTESIAN_POINT('',(0.0105337314104693,-0.0127,-0.0221080447295724));
#1911=CARTESIAN_POINT('',(0.0105337314104693,-2.42861286636753E-17,-0.0221080447295724));
#1912=CARTESIAN_POINT('',(0.0103053302297414,-0.0127,-0.0219929485408099));
#1913=CARTESIAN_POINT('',(0.0103053302297414,-2.77555756156289E-17,-0.0219929485408099));
#1914=CARTESIAN_POINT('',(0.00980951163863094,-0.0127,-0.0218498540382956));
#1915=CARTESIAN_POINT('',(0.00980951163863094,-2.60208521396521E-17,-0.0218498540382956));
#1916=CARTESIAN_POINT('',(0.00858773185862265,-0.0127,-0.0217612012352739));
#1917=CARTESIAN_POINT('',(0.00858773185862265,-3.29597460435593E-17,-0.0217612012352739));
#1918=CARTESIAN_POINT('',(0.00636251674598914,-0.0127,-0.0217643822248268));
#1919=CARTESIAN_POINT('',(0.00636251674598914,-2.42861286636753E-17,-0.0217643822248268));
#1920=CARTESIAN_POINT('',(0.00274086745878918,-0.0127,-0.0219104885708887));
#1921=CARTESIAN_POINT('',(0.00274086745878918,-2.77555756156289E-17,-0.0219104885708887));
#1922=CARTESIAN_POINT('',(-0.00152555514504419,-0.0127,-0.0219064119117432));
#1923=CARTESIAN_POINT('',(-0.00152555514504419,-2.25514051876985E-17,-0.0219064119117432));
#1924=CARTESIAN_POINT('',(-0.004836692163015,-0.0127,-0.0217760143040754));
#1925=CARTESIAN_POINT('',(-0.004836692163015,-3.29597460435593E-17,-0.0217760143040754));
#1926=CARTESIAN_POINT('',(-0.00714977920353842,-0.0127,-0.0216775439058392));
#1927=CARTESIAN_POINT('',(-0.00714977920353842,-2.77555756156289E-17,-0.0216775439058392));
#1928=CARTESIAN_POINT('',(-0.00916615431451314,-0.0127,-0.0216113830494441));
#1929=CARTESIAN_POINT('',(-0.00916615431451314,-2.77555756156289E-17,-0.0216113830494441));
#1930=CARTESIAN_POINT('',(-0.010756813204934,-0.0127,-0.0216125304670598));
#1931=CARTESIAN_POINT('',(-0.010756813204934,-2.94902990916057E-17,-0.0216125304670598));
#1932=CARTESIAN_POINT('',(-0.0115087296576589,-0.0127,-0.0216999320180862));
#1933=CARTESIAN_POINT('',(-0.0115087296576589,-2.42861286636753E-17,-0.0216999320180862));
#1934=CARTESIAN_POINT('',(-0.0116123918815427,-0.0127,-0.0217416866455123));
#1935=CARTESIAN_POINT('',(-0.0116123918815427,-3.46944695195361E-17,-0.0217416866455123));
#1936=CARTESIAN_POINT('',(-0.0115913147443663,-0.0127,-0.0217311965588649));
#1937=CARTESIAN_POINT('',(-0.0115913147443663,-2.60208521396521E-17,-0.0217311965588649));
#1938=CARTESIAN_POINT('',(-0.0116555499438343,-0.0127,-0.0217692266160638));
#1939=CARTESIAN_POINT('',(-0.0116555499438343,-3.29597460435593E-17,-0.0217692266160638));
#1940=CARTESIAN_POINT('',(-0.0118929922167332,-0.0127,-0.0219772566692141));
#1941=CARTESIAN_POINT('',(-0.0118929922167332,-2.60208521396521E-17,-0.0219772566692141));
#1942=CARTESIAN_POINT('',(-0.0121982125433906,-0.0127,-0.0222743091777803));
#1943=CARTESIAN_POINT('',(-0.0121982125433906,-2.94902990916057E-17,-0.0222743091777803));
#1944=CARTESIAN_POINT('',(-0.0126410814696672,-0.0127,-0.0227418690659089));
#1945=CARTESIAN_POINT('',(-0.0126410814696672,-2.60208521396521E-17,-0.0227418690659089));
#1946=CARTESIAN_POINT('',(-0.0132126070498712,-0.0127,-0.0234203315482995));
#1947=CARTESIAN_POINT('',(-0.0132126070498712,-2.77555756156289E-17,-0.0234203315482995));
#1948=CARTESIAN_POINT('',(-0.0137332421190173,-0.0127,-0.0241919801033907));
#1949=CARTESIAN_POINT('',(-0.0137332421190173,-2.60208521396521E-17,-0.0241919801033907));
#1950=CARTESIAN_POINT('',(-0.0139833641916288,-0.0127,-0.0247544787937688));
#1951=CARTESIAN_POINT('',(-0.0139833641916288,-2.60208521396521E-17,-0.0247544787937688));
#1952=CARTESIAN_POINT('',(-0.0141220178353644,-0.0127,-0.0253162088888077));
#1953=CARTESIAN_POINT('',(-0.0141220178353644,-2.94902990916057E-17,-0.0253162088888077));
#1954=CARTESIAN_POINT('',(-0.0141778675777956,-0.0127,-0.0261242687114175));
#1955=CARTESIAN_POINT('',(-0.0141778675777956,-2.94902990916057E-17,-0.0261242687114175));
#1956=CARTESIAN_POINT('',(-0.0141030481691889,-0.0127,-0.0274809657831412));
#1957=CARTESIAN_POINT('',(-0.0141030481691889,-2.94902990916057E-17,-0.0274809657831412));
#1958=CARTESIAN_POINT('',(-0.0137764699314404,-0.0127,-0.028972129080565));
#1959=CARTESIAN_POINT('',(-0.0137764699314404,-2.77555756156289E-17,-0.028972129080565));
#1960=CARTESIAN_POINT('',(-0.013195214817657,-0.0127,-0.0303125757647197));
#1961=CARTESIAN_POINT('',(-0.013195214817657,-2.94902990916057E-17,-0.0303125757647197));
#1962=CARTESIAN_POINT('',(-0.0124474096801963,-0.0127,-0.0316122472396653));
#1963=CARTESIAN_POINT('',(-0.0124474096801963,-2.94902990916057E-17,-0.0316122472396653));
#1964=CARTESIAN_POINT('',(-0.0115437993049002,-0.0127,-0.032743107312825));
#1965=CARTESIAN_POINT('',(-0.0115437993049002,-2.25514051876985E-17,-0.032743107312825));
#1966=CARTESIAN_POINT('',(-0.0106298725439358,-0.0127,-0.0336128353712004));
#1967=CARTESIAN_POINT('',(-0.0106298725439358,-3.46944695195361E-17,-0.0336128353712004));
#1968=CARTESIAN_POINT('',(-0.0098082486241806,-0.0127,-0.0342572433601367));
#1969=CARTESIAN_POINT('',(-0.0098082486241806,-2.94902990916057E-17,-0.0342572433601367));
#1970=CARTESIAN_POINT('',(-0.00893236858545401,-0.0127,-0.0348426437878144));
#1971=CARTESIAN_POINT('',(-0.00893236858545401,-2.42861286636753E-17,-0.0348426437878144));
#1972=CARTESIAN_POINT('',(-0.00807468437292123,-0.0127,-0.0353711379266397));
#1973=CARTESIAN_POINT('',(-0.00807468437292123,-3.29597460435593E-17,-0.0353711379266397));
#1974=CARTESIAN_POINT('',(-0.00740069716467062,-0.0127,-0.0357746898034709));
#1975=CARTESIAN_POINT('',(-0.00740069716467062,-2.94902990916057E-17,-0.0357746898034709));
#1976=CARTESIAN_POINT('',(-0.00674099848355464,-0.0127,-0.0361645387796431));
#1977=CARTESIAN_POINT('',(-0.00674099848355464,-2.94902990916057E-17,-0.0361645387796431));
#1978=CARTESIAN_POINT('',(-0.00623732877715453,-0.0127,-0.0364629108243846));
#1979=CARTESIAN_POINT('',(-0.00623732877715453,-2.42861286636753E-17,-0.0364629108243846));
#1980=CARTESIAN_POINT('',(-0.00587874389117361,-0.0127,-0.036679149254626));
#1981=CARTESIAN_POINT('',(-0.00587874389117361,-2.94902990916057E-17,-0.036679149254626));
#1982=CARTESIAN_POINT('',(-0.00563410782749294,-0.0127,-0.0368298976381797));
#1983=CARTESIAN_POINT('',(-0.00563410782749294,-2.60208521396521E-17,-0.0368298976381797));
#1984=CARTESIAN_POINT('',(-0.00545005821635352,-0.0127,-0.0369474138120615));
#1985=CARTESIAN_POINT('',(-0.00545005821635352,-2.94902990916057E-17,-0.0369474138120615));
#1986=CARTESIAN_POINT('',(-0.0053093877499386,-0.0127,-0.037041581674059));
#1987=CARTESIAN_POINT('',(-0.0053093877499386,-3.29597460435593E-17,-0.037041581674059));
#1988=CARTESIAN_POINT('',(-0.00520313992388919,-0.0127,-0.037115904892843));
#1989=CARTESIAN_POINT('',(-0.00520313992388919,-3.12250225675825E-17,-0.037115904892843));
#1990=CARTESIAN_POINT('',(-0.00508903267636551,-0.0127,-0.0372010724884722));
#1991=CARTESIAN_POINT('',(-0.00508903267636551,-2.77555756156289E-17,-0.0372010724884722));
#1992=CARTESIAN_POINT('',(-0.00497204568521408,-0.0127,-0.0372965792946252));
#1993=CARTESIAN_POINT('',(-0.00497204568521408,-2.77555756156289E-17,-0.0372965792946252));
#1994=CARTESIAN_POINT('',(-0.00484745777168419,-0.0127,-0.0374139239358554));
#1995=CARTESIAN_POINT('',(-0.00484745777168419,-2.42861286636753E-17,-0.0374139239358554));
#1996=CARTESIAN_POINT('',(-0.0047150132068335,-0.0127,-0.0375549658698705));
#1997=CARTESIAN_POINT('',(-0.0047150132068335,-3.29597460435593E-17,-0.0375549658698705));
#1998=CARTESIAN_POINT('',(-0.00451651553726321,-0.0127,-0.0378203421398527));
#1999=CARTESIAN_POINT('',(-0.00451651553726321,-2.77555756156289E-17,-0.0378203421398527));
#2000=CARTESIAN_POINT('',(-0.00428097367381218,-0.0127,-0.0383131251049764));
#2001=CARTESIAN_POINT('',(-0.00428097367381218,-3.29597460435593E-17,-0.0383131251049764));
#2002=CARTESIAN_POINT('',(-0.00420319358351909,-0.0127,-0.0390747165208684));
#2003=CARTESIAN_POINT('',(-0.00420319358351909,-3.12250225675825E-17,-0.0390747165208684));
#2004=CARTESIAN_POINT('',(-0.00441804785626892,-0.0127,-0.0397622087575225));
#2005=CARTESIAN_POINT('',(-0.00441804785626892,-3.12250225675825E-17,-0.0397622087575225));
#2006=CARTESIAN_POINT('',(-0.00469037523604996,-0.0127,-0.0401548382185064));
#2007=CARTESIAN_POINT('',(-0.00469037523604996,-2.94902990916057E-17,-0.0401548382185064));
#2008=CARTESIAN_POINT('',(-0.00489040713684563,-0.0127,-0.0403604470971529));
#2009=CARTESIAN_POINT('',(-0.00489040713684563,-2.77555756156289E-17,-0.0403604470971529));
#2010=CARTESIAN_POINT('',(-0.00502052691768187,-0.0127,-0.0404708743145586));
#2011=CARTESIAN_POINT('',(-0.00502052691768187,-2.42861286636753E-17,-0.0404708743145586));
#2012=CARTESIAN_POINT('',(-0.00516039983194985,-0.0127,-0.0405763088359398));
#2013=CARTESIAN_POINT('',(-0.00516039983194985,-3.46944695195361E-17,-0.0405763088359398));
#2014=CARTESIAN_POINT('',(-0.00529232434783414,-0.0127,-0.0406611204728891));
#2015=CARTESIAN_POINT('',(-0.00529232434783414,-2.08166817117217E-17,-0.0406611204728891));
#2016=CARTESIAN_POINT('',(-0.00542788586473515,-0.0127,-0.040739531910932));
#2017=CARTESIAN_POINT('',(-0.00542788586473515,-3.29597460435593E-17,-0.040739531910932));
#2018=CARTESIAN_POINT('',(-0.00559833606747132,-0.0127,-0.0408296060792458));
#2019=CARTESIAN_POINT('',(-0.00559833606747132,-2.77555756156289E-17,-0.0408296060792458));
#2020=CARTESIAN_POINT('',(-0.00581347475912754,-0.0127,-0.0409323752832782));
#2021=CARTESIAN_POINT('',(-0.00581347475912754,-2.42861286636753E-17,-0.0409323752832782));
#2022=CARTESIAN_POINT('',(-0.00609809433958595,-0.0127,-0.0410555439288335));
#2023=CARTESIAN_POINT('',(-0.00609809433958595,-2.94902990916057E-17,-0.0410555439288335));
#2024=CARTESIAN_POINT('',(-0.00641403030486087,-0.0127,-0.0411808861743982));
#2025=CARTESIAN_POINT('',(-0.00641403030486087,-2.60208521396521E-17,-0.0411808861743982));
#2026=CARTESIAN_POINT('',(-0.00676165447654109,-0.0127,-0.0413078600518704));
#2027=CARTESIAN_POINT('',(-0.00676165447654109,-3.29597460435593E-17,-0.0413078600518704));
#2028=CARTESIAN_POINT('',(-0.00726488143328496,-0.0127,-0.0414766286277855));
#2029=CARTESIAN_POINT('',(-0.00726488143328496,-2.08166817117217E-17,-0.0414766286277855));
#2030=CARTESIAN_POINT('',(-0.00796198537978428,-0.0127,-0.0416804152077516));
#2031=CARTESIAN_POINT('',(-0.00796198537978428,-3.29597460435593E-17,-0.0416804152077516));
#2032=CARTESIAN_POINT('',(-0.00888239016620146,-0.0127,-0.0418886774902105));
#2033=CARTESIAN_POINT('',(-0.00888239016620146,-3.12250225675825E-17,-0.0418886774902105));
#2034=CARTESIAN_POINT('',(-0.00986871460107465,-0.0127,-0.0420341614802332));
#2035=CARTESIAN_POINT('',(-0.00986871460107465,-2.94902990916057E-17,-0.0420341614802332));
#2036=CARTESIAN_POINT('',(-0.0108968015724354,-0.0127,-0.0420737075497608));
#2037=CARTESIAN_POINT('',(-0.0108968015724354,-3.29597460435593E-17,-0.0420737075497608));
#2038=CARTESIAN_POINT('',(-0.0122127635473251,-0.0127,-0.0419701298887757));
#2039=CARTESIAN_POINT('',(-0.0122127635473251,-2.60208521396521E-17,-0.0419701298887757));
#2040=CARTESIAN_POINT('',(-0.0137693585436183,-0.0127,-0.0415784522610582));
#2041=CARTESIAN_POINT('',(-0.0137693585436183,-2.77555756156289E-17,-0.0415784522610582));
#2042=CARTESIAN_POINT('',(-0.0154495562274234,-0.0127,-0.0407852607783552));
#2043=CARTESIAN_POINT('',(-0.0154495562274234,-2.94902990916057E-17,-0.0407852607783552));
#2044=CARTESIAN_POINT('',(-0.0169537852478538,-0.0127,-0.0397705303271562));
#2045=CARTESIAN_POINT('',(-0.0169537852478538,-2.94902990916057E-17,-0.0397705303271562));
#2046=CARTESIAN_POINT('',(-0.0183328893071119,-0.0127,-0.0385992701230755));
#2047=CARTESIAN_POINT('',(-0.0183328893071119,-2.94902990916057E-17,-0.0385992701230755));
#2048=CARTESIAN_POINT('',(-0.0200376912662668,-0.0127,-0.0368261869437574));
#2049=CARTESIAN_POINT('',(-0.0200376912662668,-2.60208521396521E-17,-0.0368261869437574));
#2050=CARTESIAN_POINT('',(-0.0218412959899933,-0.0127,-0.0342826240669833));
#2051=CARTESIAN_POINT('',(-0.0218412959899933,-3.12250225675825E-17,-0.0342826240669833));
#2052=CARTESIAN_POINT('',(-0.0232144582372587,-0.0127,-0.0308609918523927));
#2053=CARTESIAN_POINT('',(-0.0232144582372587,-2.25514051876985E-17,-0.0308609918523927));
#2054=CARTESIAN_POINT('',(-0.0236473674222609,-0.0127,-0.0272952442296393));
#2055=CARTESIAN_POINT('',(-0.0236473674222609,-3.29597460435593E-17,-0.0272952442296393));
#2056=CARTESIAN_POINT('',(-0.0231036088449901,-0.0127,-0.0237331633568117));
#2057=CARTESIAN_POINT('',(-0.0231036088449901,-2.77555756156289E-17,-0.0237331633568117));
#2058=CARTESIAN_POINT('',(-0.0217294619370926,-0.0127,-0.0204351512969753));
#2059=CARTESIAN_POINT('',(-0.0217294619370926,-2.94902990916057E-17,-0.0204351512969753));
#2060=CARTESIAN_POINT('',(-0.0199098654973881,-0.0127,-0.0180081983606354));
#2061=CARTESIAN_POINT('',(-0.0199098654973881,-2.77555756156289E-17,-0.0180081983606354));
#2062=CARTESIAN_POINT('',(-0.0186287152828735,-0.0127,-0.0165949916769214));
#2063=CARTESIAN_POINT('',(-0.0186287152828735,-2.60208521396521E-17,-0.0165949916769214));
#2064=CARTESIAN_POINT('',(-0.018165399874838,-0.0127,-0.0160929907722331));
#2065=CARTESIAN_POINT('',(-0.018165399874838,-2.77555756156289E-17,-0.0160929907722331));
#2066=CARTESIAN_POINT('',(-0.0180276276644513,-0.0127,-0.0159351095845288));
#2067=CARTESIAN_POINT('',(-0.0180276276644513,-2.77555756156289E-17,-0.0159351095845288));
#2068=CARTESIAN_POINT('',(0.00837597420931518,0.,0.00806462657168887));
#2069=CARTESIAN_POINT('',(0.00888290270528379,0.,0.00794929446659092));
#2070=CARTESIAN_POINT('',(0.00964956310348729,0.,0.00773555473381543));
#2071=CARTESIAN_POINT('',(0.010665667440148,0.,0.00732612646974659));
#2072=CARTESIAN_POINT('',(0.011661497997406,0.,0.0068181215028701));
#2073=CARTESIAN_POINT('',(0.0127958099217609,0.,0.00602646094720683));
#2074=CARTESIAN_POINT('',(0.0137700684530701,0.,0.00504347736060769));
#2075=CARTESIAN_POINT('',(0.0144364027466843,0.,0.00415765003705712));
#2076=CARTESIAN_POINT('',(0.0148778241657067,0.,0.0034454934800906));
#2077=CARTESIAN_POINT('',(0.0152525353781767,0.,0.00269610039899975));
#2078=CARTESIAN_POINT('',(0.0156606219435174,0.,0.00168803387991364));
#2079=CARTESIAN_POINT('',(0.0160389316131381,0.,0.000414474897362183));
#2080=CARTESIAN_POINT('',(0.0163139006017108,0.,-0.000850699079741348));
#2081=CARTESIAN_POINT('',(0.0165080669700399,0.,-0.00185140699198513));
#2082=CARTESIAN_POINT('',(0.0166474842185914,0.,-0.00258735310747188));
#2083=CARTESIAN_POINT('',(0.0167913163930374,0.,-0.00333385890102586));
#2084=CARTESIAN_POINT('',(0.0169851330510682,0.,-0.00435359179468549));
#2085=CARTESIAN_POINT('',(0.0172225829104549,0.,-0.00567092748092798));
#2086=CARTESIAN_POINT('',(0.0174714128626055,0.,-0.00732595434123574));
#2087=CARTESIAN_POINT('',(0.0176247171995271,0.,-0.00876998437678683));
#2088=CARTESIAN_POINT('',(0.0176983184306389,0.,-0.00996623405551566));
#2089=CARTESIAN_POINT('',(0.0177403809485396,0.,-0.0111506223147487));
#2090=CARTESIAN_POINT('',(0.0177503944099133,0.,-0.0125926548203152));
#2091=CARTESIAN_POINT('',(0.0177372670925659,0.,-0.0139083156920455));
#2092=CARTESIAN_POINT('',(0.0177321153375428,0.,-0.014833560135278));
#2093=CARTESIAN_POINT('',(0.0177353879230625,0.,-0.0154469953466366));
#2094=CARTESIAN_POINT('',(0.0177491740650651,0.,-0.0159632678420865));
#2095=CARTESIAN_POINT('',(0.0177761690337771,0.,-0.0163309276894607));
#2096=CARTESIAN_POINT('',(0.0178136307193297,0.,-0.0165491877715779));
#2097=CARTESIAN_POINT('',(0.0178433643397743,0.,-0.0166377525368087));
#2098=CARTESIAN_POINT('',(0.0178579548447963,0.,-0.0166667334708422));
#2099=CARTESIAN_POINT('',(0.017882392296251,0.,-0.0167053173561873));
#2100=CARTESIAN_POINT('',(0.0179291951363465,0.,-0.0167664096833048));
#2101=CARTESIAN_POINT('',(0.0180055017502967,0.,-0.0168531580999146));
#2102=CARTESIAN_POINT('',(0.0181453144918232,0.,-0.0169970131768279));
#2103=CARTESIAN_POINT('',(0.0183862144683651,0.,-0.0172200778011437));
#2104=CARTESIAN_POINT('',(0.0187590107194218,0.,-0.0175412843855772));
#2105=CARTESIAN_POINT('',(0.0191207565601178,0.,-0.0178516009358014));
#2106=CARTESIAN_POINT('',(0.0194302898049517,0.,-0.0181280791451304));
#2107=CARTESIAN_POINT('',(0.0197500994023209,0.,-0.0184258421768872));
#2108=CARTESIAN_POINT('',(0.0201438644647204,0.,-0.0188199668030804));
#2109=CARTESIAN_POINT('',(0.0206049869498046,0.,-0.0193336566846894));
#2110=CARTESIAN_POINT('',(0.021195782805529,0.,-0.0200756538652489));
#2111=CARTESIAN_POINT('',(0.0217383644182505,0.,-0.0209072204243182));
#2112=CARTESIAN_POINT('',(0.0222102203107876,0.,-0.0218359545126694));
#2113=CARTESIAN_POINT('',(0.0226220436807737,0.,-0.0228196146318998));
#2114=CARTESIAN_POINT('',(0.0230173292252528,0.,-0.0240980286529238));
#2115=CARTESIAN_POINT('',(0.0233376572031279,0.,-0.02568639461264));
#2116=CARTESIAN_POINT('',(0.0235186196229487,0.,-0.027287999052994));
#2117=CARTESIAN_POINT('',(0.023573652494997,0.,-0.0288628765458895));
#2118=CARTESIAN_POINT('',(0.0235077349297849,0.,-0.030156951373761));
#2119=CARTESIAN_POINT('',(0.0233765022412466,0.,-0.0311715791411733));
#2120=CARTESIAN_POINT('',(0.0232355046290189,0.,-0.0319209357760056));
#2121=CARTESIAN_POINT('',(0.0230489640393546,0.,-0.0326547870857852));
#2122=CARTESIAN_POINT('',(0.0228097660246512,0.,-0.0333763967325309));
#2123=CARTESIAN_POINT('',(0.0225256797466755,0.,-0.0340557776343403));
#2124=CARTESIAN_POINT('',(0.0222097682027563,0.,-0.0346897551381477));
#2125=CARTESIAN_POINT('',(0.0218709002835553,0.,-0.0352831714956865));
#2126=CARTESIAN_POINT('',(0.0215180829196079,0.,-0.0358407059437387));
#2127=CARTESIAN_POINT('',(0.0212189176088546,0.,-0.0362801540582318));
#2128=CARTESIAN_POINT('',(0.020979472624647,0.,-0.0366200659439533));
#2129=CARTESIAN_POINT('',(0.020801235928869,0.,-0.0368688981497345));
#2130=CARTESIAN_POINT('',(0.0206221418241446,0.,-0.0371166267091197));
#2131=CARTESIAN_POINT('',(0.0203711850771062,0.,-0.0374581057040806));
#2132=CARTESIAN_POINT('',(0.0200362279909539,0.,-0.0378971885646836));
#2133=CARTESIAN_POINT('',(0.0195894345163517,0.,-0.0384362565052001));
#2134=CARTESIAN_POINT('',(0.0190880702063449,0.,-0.0389761673994502));
#2135=CARTESIAN_POINT('',(0.0185214785122034,0.,-0.0395044562523596));
#2136=CARTESIAN_POINT('',(0.0178835229781736,0.,-0.0400054363594833));
#2137=CARTESIAN_POINT('',(0.0171608277741399,0.,-0.0404649185261301));
#2138=CARTESIAN_POINT('',(0.0163990397234714,0.,-0.0408490021585577));
#2139=CARTESIAN_POINT('',(0.0156078718243923,0.,-0.0411675690541627));
#2140=CARTESIAN_POINT('',(0.0147940556353227,0.,-0.0414244015314545));
#2141=CARTESIAN_POINT('',(0.0139646023168625,0.,-0.0416222787878185));
#2142=CARTESIAN_POINT('',(0.0131258549424178,0.,-0.0417622345942244));
#2143=CARTESIAN_POINT('',(0.0122852747991585,0.,-0.0418440866415488));
#2144=CARTESIAN_POINT('',(0.0115850831612935,0.,-0.0418627661695598));
#2145=CARTESIAN_POINT('',(0.0110349884514092,0.,-0.0418463976863838));
#2146=CARTESIAN_POINT('',(0.0105092359866361,0.,-0.0418128216151232));
#2147=CARTESIAN_POINT('',(0.00989473226516417,0.,-0.041745473430789));
#2148=CARTESIAN_POINT('',(0.00935147487437708,0.,-0.0416609027104306));
#2149=CARTESIAN_POINT('',(0.00896899259038383,0.,-0.0415924402761022));
#2150=CARTESIAN_POINT('',(0.00871152115157689,0.,-0.0415431437398915));
#2151=CARTESIAN_POINT('',(0.00848714112225053,0.,-0.0414984171495455));
#2152=CARTESIAN_POINT('',(0.00830267492894128,0.,-0.0414612712303269));
#2153=CARTESIAN_POINT('',(0.00818668312258297,0.,-0.0414388517703854));
#2154=CARTESIAN_POINT('',(0.00813336097708699,0.,-0.0414293680039211));
#2155=CARTESIAN_POINT('',(0.00808822564970993,0.,-0.0414219583954398));
#2156=CARTESIAN_POINT('',(0.00800084826704165,0.,-0.0414089750868607));
#2157=CARTESIAN_POINT('',(0.00779073563596758,0.,-0.0413729419069958));
#2158=CARTESIAN_POINT('',(0.00754848706979112,0.,-0.0413083238515014));
#2159=CARTESIAN_POINT('',(0.00736035469745299,0.,-0.0412413819314894));
#2160=CARTESIAN_POINT('',(0.0071794888795409,0.,-0.0411673117188567));
#2161=CARTESIAN_POINT('',(0.00699717104557524,0.,-0.041079986103604));
#2162=CARTESIAN_POINT('',(0.00683411190311162,0.,-0.0409943541857254));
#2163=CARTESIAN_POINT('',(0.00671114532072888,0.,-0.0409262957429655));
#2164=CARTESIAN_POINT('',(0.00662265031982117,0.,-0.0408757931681399));
#2165=CARTESIAN_POINT('',(0.00653788028806595,0.,-0.0408259868393292));
#2166=CARTESIAN_POINT('',(0.00645665449010091,0.,-0.0407768358108195));
#2167=CARTESIAN_POINT('',(0.00637804679285297,0.,-0.0407277064926335));
#2168=CARTESIAN_POINT('',(0.00631212443341508,0.,-0.0406848448508728));
#2169=CARTESIAN_POINT('',(0.00625500505026687,0.,-0.0406461604418363));
#2170=CARTESIAN_POINT('',(0.00620551556031817,0.,-0.0406112230903603));
#2171=CARTESIAN_POINT('',(0.00615035873690337,0.,-0.0405709257001576));
#2172=CARTESIAN_POINT('',(0.00602776759397217,0.,-0.0404738048924658));
#2173=CARTESIAN_POINT('',(0.00584200678356533,0.,-0.0402959029853063));
#2174=CARTESIAN_POINT('',(0.00565181757583714,0.,-0.0400393867644612));
#2175=CARTESIAN_POINT('',(0.005507778956252,0.,-0.0397782187125697));
#2176=CARTESIAN_POINT('',(0.00539222890542311,0.,-0.0394541182251452));
#2177=CARTESIAN_POINT('',(0.00533406098718087,0.,-0.0391009175600735));
#2178=CARTESIAN_POINT('',(0.00533829108582684,0.,-0.0387677561405223));
#2179=CARTESIAN_POINT('',(0.00538506044118683,0.,-0.0384895649933018));
#2180=CARTESIAN_POINT('',(0.00544940174682122,0.,-0.038274483045864));
#2181=CARTESIAN_POINT('',(0.00553438708210975,0.,-0.038064955963186));
#2182=CARTESIAN_POINT('',(0.00562775676628173,0.,-0.0378937973333303));
#2183=CARTESIAN_POINT('',(0.00571846994305195,0.,-0.0377558359610438));
#2184=CARTESIAN_POINT('',(0.00579305671583098,0.,-0.0376564336304666));
#2185=CARTESIAN_POINT('',(0.00585662512894671,0.,-0.0375790150427451));
#2186=CARTESIAN_POINT('',(0.00593142515413728,0.,-0.0374940684757701));
#2187=CARTESIAN_POINT('',(0.00601279516652323,0.,-0.037409074301955));
#2188=CARTESIAN_POINT('',(0.00610268798805979,0.,-0.0373214214788124));
#2189=CARTESIAN_POINT('',(0.00619029450669799,0.,-0.0372403708256141));
#2190=CARTESIAN_POINT('',(0.00627856206918748,0.,-0.0371619553825278));
#2191=CARTESIAN_POINT('',(0.00639914363377336,0.,-0.0370583458583173));
#2192=CARTESIAN_POINT('',(0.0065573976174713,0.,-0.0369279006349343));
#2193=CARTESIAN_POINT('',(0.00676101855586898,0.,-0.0367672974825924));
#2194=CARTESIAN_POINT('',(0.00697697457330085,0.,-0.036603430322079));
#2195=CARTESIAN_POINT('',(0.00720320171031554,0.,-0.0364381336840796));
#2196=CARTESIAN_POINT('',(0.00743314227665304,0.,-0.036276049909636));
#2197=CARTESIAN_POINT('',(0.0076671351123163,0.,-0.0361161919482725));
#2198=CARTESIAN_POINT('',(0.00798360550615131,0.,-0.0359059790042401));
#2199=CARTESIAN_POINT('',(0.00838635755031594,0.,-0.0356482614464606));
#2200=CARTESIAN_POINT('',(0.00887668228297523,0.,-0.0353465057809145));
#2201=CARTESIAN_POINT('',(0.00936796082202251,0.,-0.0350529660122235));
#2202=CARTESIAN_POINT('',(0.0098580653120298,0.,-0.0347662629578073));
#2203=CARTESIAN_POINT('',(0.0104851407966756,0.,-0.0344041791802247));
#2204=CARTESIAN_POINT('',(0.0111829971390122,0.,-0.0339866181426131));
#2205=CARTESIAN_POINT('',(0.0117661594591112,0.,-0.0335698686082065));
#2206=CARTESIAN_POINT('',(0.0121689191333329,0.,-0.0332174555831959));
#2207=CARTESIAN_POINT('',(0.0124564952825491,0.,-0.0329243426221286));
#2208=CARTESIAN_POINT('',(0.0127274358060835,0.,-0.0326021564401381));
#2209=CARTESIAN_POINT('',(0.0130582883976626,0.,-0.032139605229579));
#2210=CARTESIAN_POINT('',(0.013334941991593,0.,-0.0316333638160975));
#2211=CARTESIAN_POINT('',(0.0135167874988935,0.,-0.0311633622831816));
#2212=CARTESIAN_POINT('',(0.0136028592890512,0.,-0.0308857832646171));
#2213=CARTESIAN_POINT('',(0.0137187308942849,0.,-0.0304454115568084));
#2214=CARTESIAN_POINT('',(0.0138365692936027,0.,-0.029711782600097));
#2215=CARTESIAN_POINT('',(0.0138653034608725,0.,-0.0288119763818987));
#2216=CARTESIAN_POINT('',(0.0138332980655458,0.,-0.0280754083827537));
#2217=CARTESIAN_POINT('',(0.0137840617004404,0.,-0.027518391169894));
#2218=CARTESIAN_POINT('',(0.0137140857122061,0.,-0.0269805972618397));
#2219=CARTESIAN_POINT('',(0.0135923457783944,0.,-0.0263071048146297));
#2220=CARTESIAN_POINT('',(0.0134245669602734,0.,-0.0256946329793008));
#2221=CARTESIAN_POINT('',(0.0132059549183202,0.,-0.0251406813373581));
#2222=CARTESIAN_POINT('',(0.0130141629888755,0.,-0.0247502406383629));
#2223=CARTESIAN_POINT('',(0.0127925458389726,0.,-0.0243833259638322));
#2224=CARTESIAN_POINT('',(0.0125171639024567,0.,-0.0240018111318881));
#2225=CARTESIAN_POINT('',(0.0122036445056068,0.,-0.0236246106886771));
#2226=CARTESIAN_POINT('',(0.0118645292999567,0.,-0.0232611401925864));
#2227=CARTESIAN_POINT('',(0.0115144936292492,0.,-0.0229213349018132));
#2228=CARTESIAN_POINT('',(0.0112257202131425,0.,-0.0226645149918147));
#2229=CARTESIAN_POINT('',(0.0110047798968528,0.,-0.0224793613574048));
#2230=CARTESIAN_POINT('',(0.0107912775436619,0.,-0.0223071311970193));
#2231=CARTESIAN_POINT('',(0.010586727735858,0.,-0.0221559928525462));
#2232=CARTESIAN_POINT('',(0.0104172274324693,0.,-0.022054522427728));
#2233=CARTESIAN_POINT('',(0.0102712921554184,0.,-0.0219882310189514));
#2234=CARTESIAN_POINT('',(0.0100621679139228,0.,-0.0219222464275744));
#2235=CARTESIAN_POINT('',(0.0097186339803846,0.,-0.0218568607478992));
#2236=CARTESIAN_POINT('',(0.00919440480742684,0.,-0.0218038765100954));
#2237=CARTESIAN_POINT('',(0.00831185295896999,0.,-0.0217624558800301));
#2238=CARTESIAN_POINT('',(0.00691944832530896,0.,-0.0217641294213258));
#2239=CARTESIAN_POINT('',(0.0049087437993838,0.,-0.0218197350512052));
#2240=CARTESIAN_POINT('',(0.00301990928466955,0.,-0.0218750059462553));
#2241=CARTESIAN_POINT('',(0.00141815291410539,0.,-0.0219023981960412));
#2242=CARTESIAN_POINT('',(0.000178604318162658,0.,-0.0219090285337286));
#2243=CARTESIAN_POINT('',(-0.00108566362424458,0.,-0.0218952690199781));
#2244=CARTESIAN_POINT('',(-0.00276750241446539,0.,-0.0218550094826121));
#2245=CARTESIAN_POINT('',(-0.00483674981027288,0.,-0.0217768368535549));
#2246=CARTESIAN_POINT('',(-0.00714923507873915,0.,-0.0216774222093241));
#2247=CARTESIAN_POINT('',(-0.00883176681850001,0.,-0.0216221097732417));
#2248=CARTESIAN_POINT('',(-0.00995857754421417,0.,-0.0216125212516378));
#2249=CARTESIAN_POINT('',(-0.010669225328055,0.,-0.021626095674332));
#2250=CARTESIAN_POINT('',(-0.0112170412260185,0.,-0.0216620132970089));
#2251=CARTESIAN_POINT('',(-0.0115321694160826,0.,-0.0217111202036145));
#2252=CARTESIAN_POINT('',(-0.0116132169222823,0.,-0.0217416466314918));
#2253=CARTESIAN_POINT('',(-0.0115904903789554,0.,-0.0217306070862752));
#2254=CARTESIAN_POINT('',(-0.0116467670337746,0.,-0.0217647882814152));
#2255=CARTESIAN_POINT('',(-0.011770974631633,0.,-0.0218699395223646));
#2256=CARTESIAN_POINT('',(-0.0119457698220419,0.,-0.022028678359334));
#2257=CARTESIAN_POINT('',(-0.0121975268288518,0.,-0.0222736033309219));
#2258=CARTESIAN_POINT('',(-0.0125306808923064,0.,-0.0226253657855081));
#2259=CARTESIAN_POINT('',(-0.0128691107994545,0.,-0.0230124131391982));
#2260=CARTESIAN_POINT('',(-0.0131911971516631,0.,-0.0234142514535635));
#2261=CARTESIAN_POINT('',(-0.0134765472660212,0.,-0.0238100639125665));
#2262=CARTESIAN_POINT('',(-0.0136989838473453,0.,-0.0241652548488865));
#2263=CARTESIAN_POINT('',(-0.013856457062167,0.,-0.0244716474475186));
#2264=CARTESIAN_POINT('',(-0.0139699913174031,0.,-0.0247544244124505));
#2265=CARTESIAN_POINT('',(-0.0140522943891173,0.,-0.0250367590699525));
#2266=CARTESIAN_POINT('',(-0.0141118286140137,0.,-0.0253482130662481));
#2267=CARTESIAN_POINT('',(-0.0141496942657098,0.,-0.0257139717254723));
#2268=CARTESIAN_POINT('',(-0.0141638788488009,0.,-0.026151750050767));
#2269=CARTESIAN_POINT('',(-0.0141500315069738,0.,-0.0266341033211475));
#2270=CARTESIAN_POINT('',(-0.0140913489068334,0.,-0.0273215266099885));
#2271=CARTESIAN_POINT('',(-0.0139697090512158,0.,-0.0280488648537143));
#2272=CARTESIAN_POINT('',(-0.0137843174965415,0.,-0.0287712094577984));
#2273=CARTESIAN_POINT('',(-0.0136151593105008,0.,-0.0292977724708636));
#2274=CARTESIAN_POINT('',(-0.0134146437414055,0.,-0.0298057868617349));
#2275=CARTESIAN_POINT('',(-0.0131008547943935,0.,-0.030477440758334));
#2276=CARTESIAN_POINT('',(-0.0126350291138918,0.,-0.0312862818198477));
#2277=CARTESIAN_POINT('',(-0.0121009438376403,0.,-0.0320300225526901));
#2278=CARTESIAN_POINT('',(-0.0116526158913164,0.,-0.0325716985347338));
#2279=CARTESIAN_POINT('',(-0.0113151505355023,0.,-0.0329438573731192));
#2280=CARTESIAN_POINT('',(-0.0109735294617951,0.,-0.0332855419299103));
#2281=CARTESIAN_POINT('',(-0.01061260544746,0.,-0.0336121413899686));
#2282=CARTESIAN_POINT('',(-0.010219105162948,0.,-0.0339350166825721));
#2283=CARTESIAN_POINT('',(-0.00977966168845986,0.,-0.0342644216176749));
#2284=CARTESIAN_POINT('',(-0.00928230770157936,0.,-0.0346088295318253));
#2285=CARTESIAN_POINT('',(-0.00871805840452269,0.,-0.0349746745217876));
#2286=CARTESIAN_POINT('',(-0.0080746537834796,0.,-0.03537116321449));
#2287=CARTESIAN_POINT('',(-0.00751303283910944,0.,-0.0357074284130839));
#2288=CARTESIAN_POINT('',(-0.00707084589048614,0.,-0.0359696141736342));
#2289=CARTESIAN_POINT('',(-0.00674793188355746,0.,-0.0361605494931134));
#2290=CARTESIAN_POINT('',(-0.00643871251004793,0.,-0.036343618009288));
#2291=CARTESIAN_POINT('',(-0.00614770371057299,0.,-0.0365169559388617));
#2292=CARTESIAN_POINT('',(-0.00592357013608388,0.,-0.0366521186766093));
#2293=CARTESIAN_POINT('',(-0.005756415986858,0.,-0.036754527738645));
#2294=CARTESIAN_POINT('',(-0.0056371105096533,0.,-0.0368286558056479));
#2295=CARTESIAN_POINT('',(-0.00552356546980017,0.,-0.0369005058929457));
#2296=CARTESIAN_POINT('',(-0.00541492366386168,0.,-0.0369709301010207));
#2297=CARTESIAN_POINT('',(-0.00530936808450038,0.,-0.0370415858297827));
#2298=CARTESIAN_POINT('',(-0.00520318552153049,0.,-0.0371159139464882));
#2299=CARTESIAN_POINT('',(-0.0051079225462871,0.,-0.037186845756221));
#2300=CARTESIAN_POINT('',(-0.00501906177054463,0.,-0.0372584326007983));
#2301=CARTESIAN_POINT('',(-0.00494086484260304,0.,-0.0373258843461201));
#2302=CARTESIAN_POINT('',(-0.00484737193972851,0.,-0.0374139923424717));
#2303=CARTESIAN_POINT('',(-0.0047153903988849,0.,-0.0375547233522178));
#2304=CARTESIAN_POINT('',(-0.00454847556732539,0.,-0.0377768237285755));
#2305=CARTESIAN_POINT('',(-0.0044006904138865,0.,-0.0380655023852495));
#2306=CARTESIAN_POINT('',(-0.0043009666232316,0.,-0.0383477739717637));
#2307=CARTESIAN_POINT('',(-0.00423904690921858,0.,-0.0386909608083205));
#2308=CARTESIAN_POINT('',(-0.00424071300133331,0.,-0.0390652019645729));
#2309=CARTESIAN_POINT('',(-0.00430989694960552,0.,-0.0394224312793595));
#2310=CARTESIAN_POINT('',(-0.00446385389513543,0.,-0.0398253560780871));
#2311=CARTESIAN_POINT('',(-0.00469023080736262,0.,-0.0401556133240741));
#2312=CARTESIAN_POINT('',(-0.00489045419517218,0.,-0.0403602508035127));
#2313=CARTESIAN_POINT('',(-0.00502048311306151,0.,-0.0404708843835501));
#2314=CARTESIAN_POINT('',(-0.00512555976353709,0.,-0.0405501062232682));
#2315=CARTESIAN_POINT('',(-0.00521270080230675,0.,-0.0406095993510331));
#2316=CARTESIAN_POINT('',(-0.00531519031621101,0.,-0.0406745563959781));
#2317=CARTESIAN_POINT('',(-0.00542777860467784,0.,-0.040739396458627));
#2318=CARTESIAN_POINT('',(-0.00555580424633289,0.,-0.0408071614358278));
#2319=CARTESIAN_POINT('',(-0.0056841758860083,0.,-0.0408705536185216));
#2320=CARTESIAN_POINT('',(-0.00581683748625351,0.,-0.0409323968192621));
#2321=CARTESIAN_POINT('',(-0.00595577587421337,0.,-0.0409939564048152));
#2322=CARTESIAN_POINT('',(-0.00615075524666375,0.,-0.0410764360468569));
#2323=CARTESIAN_POINT('',(-0.00641402946478946,0.,-0.0411808864867374));
#2324=CARTESIAN_POINT('',(-0.00676165177337405,0.,-0.0413078567724662));
#2325=CARTESIAN_POINT('',(-0.00713908634683837,0.,-0.0414344492890842));
#2326=CARTESIAN_POINT('',(-0.0075436791040938,0.,-0.0415580953180663));
#2327=CARTESIAN_POINT('',(-0.00811533958356997,0.,-0.0417151339078091));
#2328=CARTESIAN_POINT('',(-0.00888302905070882,0.,-0.0418888423219089));
#2329=CARTESIAN_POINT('',(-0.00970245713569083,0.,-0.0420094113338199));
#2330=CARTESIAN_POINT('',(-0.0103859964170827,0.,-0.0420548066151944));
#2331=CARTESIAN_POINT('',(-0.0110594613074368,0.,-0.0420602673161426));
#2332=CARTESIAN_POINT('',(-0.0118841010087024,0.,-0.0419961010369914));
#2333=CARTESIAN_POINT('',(-0.0128363579306946,0.,-0.0418137588835991));
#2334=CARTESIAN_POINT('',(-0.0140488951308235,0.,-0.0414460488854232));
#2335=CARTESIAN_POINT('',(-0.0154492415440221,0.,-0.0407856037054642));
#2336=CARTESIAN_POINT('',(-0.0167045208214141,0.,-0.0399388280828806));
#2337=CARTESIAN_POINT('',(-0.0176408074756251,0.,-0.0391863148147499));
#2338=CARTESIAN_POINT('',(-0.0185473717135117,0.,-0.0383768304734144));
#2339=CARTESIAN_POINT('',(-0.0196117003322159,0.,-0.0372696230606347));
#2340=CARTESIAN_POINT('',(-0.0207566782501468,0.,-0.0358090986719618));
#2341=CARTESIAN_POINT('',(-0.0217416980247821,0.,-0.0342373274377067));
#2342=CARTESIAN_POINT('',(-0.022533142169478,0.,-0.0325679792166495));
#2343=CARTESIAN_POINT('',(-0.023096167271839,0.,-0.0308436156232963));
#2344=CARTESIAN_POINT('',(-0.0234286851044546,0.,-0.0290793939963584));
#2345=CARTESIAN_POINT('',(-0.0235249022250196,0.,-0.0272962259636984));
#2346=CARTESIAN_POINT('',(-0.0233792427667592,0.,-0.025510834276609));
#2347=CARTESIAN_POINT('',(-0.0230004496136209,0.,-0.0237668947608721));
#2348=CARTESIAN_POINT('',(-0.0225085945339964,0.,-0.0223650121549486));
#2349=CARTESIAN_POINT('',(-0.022017456587058,0.,-0.0212837786660504));
#2350=CARTESIAN_POINT('',(-0.0216020054156051,0.,-0.0204952736486391));
#2351=CARTESIAN_POINT('',(-0.0211419245533295,0.,-0.0197317030574733));
#2352=CARTESIAN_POINT('',(-0.0204675067882213,0.,-0.0187492287074385));
#2353=CARTESIAN_POINT('',(-0.019588452005283,0.,-0.0176585836928984));
#2354=CARTESIAN_POINT('',(-0.0187877464719138,0.,-0.0167696518563));
#2355=CARTESIAN_POINT('',(-0.0182834565725356,0.,-0.0162213367787214));
#2356=CARTESIAN_POINT('',(-0.0180965137696447,0.,-0.016014050178381));
#2357=CARTESIAN_POINT('',(-0.0180276276644513,0.,-0.0159351095845288));
#2358=CARTESIAN_POINT('',(-0.0180276276644513,0.,-0.0159351095845289));
#2359=CARTESIAN_POINT('',(0.00837597420931518,-0.0127,0.00806462657168887));
#2360=CARTESIAN_POINT('',(0.00888290270528379,-0.0127,0.00794929446659092));
#2361=CARTESIAN_POINT('',(0.00964956310348729,-0.0127,0.00773555473381543));
#2362=CARTESIAN_POINT('',(0.010665667440148,-0.0127,0.00732612646974659));
#2363=CARTESIAN_POINT('',(0.011661497997406,-0.0127,0.0068181215028701));
#2364=CARTESIAN_POINT('',(0.0127958099217609,-0.0127,0.00602646094720683));
#2365=CARTESIAN_POINT('',(0.0137700684530701,-0.0127,0.00504347736060769));
#2366=CARTESIAN_POINT('',(0.0144364027466843,-0.0127,0.00415765003705712));
#2367=CARTESIAN_POINT('',(0.0148778241657067,-0.0127,0.0034454934800906));
#2368=CARTESIAN_POINT('',(0.0152525353781767,-0.0127,0.00269610039899975));
#2369=CARTESIAN_POINT('',(0.0156606219435174,-0.0127,0.00168803387991364));
#2370=CARTESIAN_POINT('',(0.0160389316131381,-0.0127,0.000414474897362183));
#2371=CARTESIAN_POINT('',(0.0163139006017108,-0.0127,-0.000850699079741348));
#2372=CARTESIAN_POINT('',(0.0165080669700399,-0.0127,-0.00185140699198513));
#2373=CARTESIAN_POINT('',(0.0166474842185914,-0.0127,-0.00258735310747188));
#2374=CARTESIAN_POINT('',(0.0167913163930374,-0.0127,-0.00333385890102586));
#2375=CARTESIAN_POINT('',(0.0169851330510682,-0.0127,-0.00435359179468549));
#2376=CARTESIAN_POINT('',(0.0172225829104549,-0.0127,-0.00567092748092798));
#2377=CARTESIAN_POINT('',(0.0174714128626055,-0.0127,-0.00732595434123574));
#2378=CARTESIAN_POINT('',(0.0176247171995271,-0.0127,-0.00876998437678683));
#2379=CARTESIAN_POINT('',(0.0176983184306389,-0.0127,-0.00996623405551566));
#2380=CARTESIAN_POINT('',(0.0177403809485396,-0.0127,-0.0111506223147487));
#2381=CARTESIAN_POINT('',(0.0177503944099133,-0.0127,-0.0125926548203152));
#2382=CARTESIAN_POINT('',(0.0177372670925659,-0.0127,-0.0139083156920455));
#2383=CARTESIAN_POINT('',(0.0177321153375428,-0.0127,-0.014833560135278));
#2384=CARTESIAN_POINT('',(0.0177353879230625,-0.0127,-0.0154469953466366));
#2385=CARTESIAN_POINT('',(0.0177491740650651,-0.0127,-0.0159632678420865));
#2386=CARTESIAN_POINT('',(0.0177761690337771,-0.0127,-0.0163309276894607));
#2387=CARTESIAN_POINT('',(0.0178136307193297,-0.0127,-0.0165491877715779));
#2388=CARTESIAN_POINT('',(0.0178433643397743,-0.0127,-0.0166377525368087));
#2389=CARTESIAN_POINT('',(0.0178579548447963,-0.0127,-0.0166667334708422));
#2390=CARTESIAN_POINT('',(0.017882392296251,-0.0127,-0.0167053173561873));
#2391=CARTESIAN_POINT('',(0.0179291951363465,-0.0127,-0.0167664096833048));
#2392=CARTESIAN_POINT('',(0.0180055017502967,-0.0127,-0.0168531580999146));
#2393=CARTESIAN_POINT('',(0.0181453144918232,-0.0127,-0.0169970131768279));
#2394=CARTESIAN_POINT('',(0.0183862144683651,-0.0127,-0.0172200778011437));
#2395=CARTESIAN_POINT('',(0.0187590107194218,-0.0127,-0.0175412843855772));
#2396=CARTESIAN_POINT('',(0.0191207565601178,-0.0127,-0.0178516009358014));
#2397=CARTESIAN_POINT('',(0.0194302898049517,-0.0127,-0.0181280791451304));
#2398=CARTESIAN_POINT('',(0.0197500994023209,-0.0127,-0.0184258421768872));
#2399=CARTESIAN_POINT('',(0.0201438644647204,-0.0127,-0.0188199668030804));
#2400=CARTESIAN_POINT('',(0.0206049869498046,-0.0127,-0.0193336566846894));
#2401=CARTESIAN_POINT('',(0.021195782805529,-0.0127,-0.0200756538652489));
#2402=CARTESIAN_POINT('',(0.0217383644182505,-0.0127,-0.0209072204243182));
#2403=CARTESIAN_POINT('',(0.0222102203107876,-0.0127,-0.0218359545126694));
#2404=CARTESIAN_POINT('',(0.0226220436807737,-0.0127,-0.0228196146318998));
#2405=CARTESIAN_POINT('',(0.0230173292252528,-0.0127,-0.0240980286529238));
#2406=CARTESIAN_POINT('',(0.0233376572031279,-0.0127,-0.02568639461264));
#2407=CARTESIAN_POINT('',(0.0235186196229487,-0.0127,-0.027287999052994));
#2408=CARTESIAN_POINT('',(0.023573652494997,-0.0127,-0.0288628765458895));
#2409=CARTESIAN_POINT('',(0.0235077349297849,-0.0127,-0.030156951373761));
#2410=CARTESIAN_POINT('',(0.0233765022412466,-0.0127,-0.0311715791411733));
#2411=CARTESIAN_POINT('',(0.0232355046290189,-0.0127,-0.0319209357760056));
#2412=CARTESIAN_POINT('',(0.0230489640393546,-0.0127,-0.0326547870857852));
#2413=CARTESIAN_POINT('',(0.0228097660246512,-0.0127,-0.0333763967325309));
#2414=CARTESIAN_POINT('',(0.0225256797466755,-0.0127,-0.0340557776343403));
#2415=CARTESIAN_POINT('',(0.0222097682027563,-0.0127,-0.0346897551381477));
#2416=CARTESIAN_POINT('',(0.0218709002835553,-0.0127,-0.0352831714956865));
#2417=CARTESIAN_POINT('',(0.0215180829196079,-0.0127,-0.0358407059437387));
#2418=CARTESIAN_POINT('',(0.0212189176088546,-0.0127,-0.0362801540582318));
#2419=CARTESIAN_POINT('',(0.020979472624647,-0.0127,-0.0366200659439533));
#2420=CARTESIAN_POINT('',(0.020801235928869,-0.0127,-0.0368688981497345));
#2421=CARTESIAN_POINT('',(0.0206221418241446,-0.0127,-0.0371166267091197));
#2422=CARTESIAN_POINT('',(0.0203711850771062,-0.0127,-0.0374581057040806));
#2423=CARTESIAN_POINT('',(0.0200362279909539,-0.0127,-0.0378971885646836));
#2424=CARTESIAN_POINT('',(0.0195894345163517,-0.0127,-0.0384362565052001));
#2425=CARTESIAN_POINT('',(0.0190880702063449,-0.0127,-0.0389761673994502));
#2426=CARTESIAN_POINT('',(0.0185214785122034,-0.0127,-0.0395044562523596));
#2427=CARTESIAN_POINT('',(0.0178835229781736,-0.0127,-0.0400054363594833));
#2428=CARTESIAN_POINT('',(0.0171608277741399,-0.0127,-0.0404649185261301));
#2429=CARTESIAN_POINT('',(0.0163990397234714,-0.0127,-0.0408490021585577));
#2430=CARTESIAN_POINT('',(0.0156078718243923,-0.0127,-0.0411675690541627));
#2431=CARTESIAN_POINT('',(0.0147940556353227,-0.0127,-0.0414244015314545));
#2432=CARTESIAN_POINT('',(0.0139646023168625,-0.0127,-0.0416222787878185));
#2433=CARTESIAN_POINT('',(0.0131258549424178,-0.0127,-0.0417622345942244));
#2434=CARTESIAN_POINT('',(0.0122852747991585,-0.0127,-0.0418440866415488));
#2435=CARTESIAN_POINT('',(0.0115850831612935,-0.0127,-0.0418627661695598));
#2436=CARTESIAN_POINT('',(0.0110349884514092,-0.0127,-0.0418463976863838));
#2437=CARTESIAN_POINT('',(0.0105092359866361,-0.0127,-0.0418128216151232));
#2438=CARTESIAN_POINT('',(0.00989473226516417,-0.0127,-0.041745473430789));
#2439=CARTESIAN_POINT('',(0.00935147487437708,-0.0127,-0.0416609027104306));
#2440=CARTESIAN_POINT('',(0.00896899259038383,-0.0127,-0.0415924402761022));
#2441=CARTESIAN_POINT('',(0.00871152115157689,-0.0127,-0.0415431437398915));
#2442=CARTESIAN_POINT('',(0.00848714112225053,-0.0127,-0.0414984171495455));
#2443=CARTESIAN_POINT('',(0.00830267492894128,-0.0127,-0.0414612712303269));
#2444=CARTESIAN_POINT('',(0.00818668312258297,-0.0127,-0.0414388517703854));
#2445=CARTESIAN_POINT('',(0.00813336097708699,-0.0127,-0.0414293680039211));
#2446=CARTESIAN_POINT('',(0.00808822564970993,-0.0127,-0.0414219583954398));
#2447=CARTESIAN_POINT('',(0.00800084826704165,-0.0127,-0.0414089750868607));
#2448=CARTESIAN_POINT('',(0.00779073563596758,-0.0127,-0.0413729419069958));
#2449=CARTESIAN_POINT('',(0.00754848706979112,-0.0127,-0.0413083238515014));
#2450=CARTESIAN_POINT('',(0.00736035469745299,-0.0127,-0.0412413819314894));
#2451=CARTESIAN_POINT('',(0.0071794888795409,-0.0127,-0.0411673117188567));
#2452=CARTESIAN_POINT('',(0.00699717104557524,-0.0127,-0.041079986103604));
#2453=CARTESIAN_POINT('',(0.00683411190311162,-0.0127,-0.0409943541857254));
#2454=CARTESIAN_POINT('',(0.00671114532072888,-0.0127,-0.0409262957429655));
#2455=CARTESIAN_POINT('',(0.00662265031982117,-0.0127,-0.0408757931681399));
#2456=CARTESIAN_POINT('',(0.00653788028806595,-0.0127,-0.0408259868393292));
#2457=CARTESIAN_POINT('',(0.00645665449010091,-0.0127,-0.0407768358108195));
#2458=CARTESIAN_POINT('',(0.00637804679285297,-0.0127,-0.0407277064926335));
#2459=CARTESIAN_POINT('',(0.00631212443341508,-0.0127,-0.0406848448508728));
#2460=CARTESIAN_POINT('',(0.00625500505026687,-0.0127,-0.0406461604418363));
#2461=CARTESIAN_POINT('',(0.00620551556031817,-0.0127,-0.0406112230903603));
#2462=CARTESIAN_POINT('',(0.00615035873690337,-0.0127,-0.0405709257001576));
#2463=CARTESIAN_POINT('',(0.00602776759397217,-0.0127,-0.0404738048924658));
#2464=CARTESIAN_POINT('',(0.00584200678356533,-0.0127,-0.0402959029853063));
#2465=CARTESIAN_POINT('',(0.00565181757583714,-0.0127,-0.0400393867644612));
#2466=CARTESIAN_POINT('',(0.005507778956252,-0.0127,-0.0397782187125697));
#2467=CARTESIAN_POINT('',(0.00539222890542311,-0.0127,-0.0394541182251452));
#2468=CARTESIAN_POINT('',(0.00533406098718087,-0.0127,-0.0391009175600735));
#2469=CARTESIAN_POINT('',(0.00533829108582684,-0.0127,-0.0387677561405223));
#2470=CARTESIAN_POINT('',(0.00538506044118683,-0.0127,-0.0384895649933018));
#2471=CARTESIAN_POINT('',(0.00544940174682122,-0.0127,-0.038274483045864));
#2472=CARTESIAN_POINT('',(0.00553438708210975,-0.0127,-0.038064955963186));
#2473=CARTESIAN_POINT('',(0.00562775676628173,-0.0127,-0.0378937973333303));
#2474=CARTESIAN_POINT('',(0.00571846994305195,-0.0127,-0.0377558359610438));
#2475=CARTESIAN_POINT('',(0.00579305671583098,-0.0127,-0.0376564336304666));
#2476=CARTESIAN_POINT('',(0.00585662512894671,-0.0127,-0.0375790150427451));
#2477=CARTESIAN_POINT('',(0.00593142515413728,-0.0127,-0.0374940684757701));
#2478=CARTESIAN_POINT('',(0.00601279516652323,-0.0127,-0.037409074301955));
#2479=CARTESIAN_POINT('',(0.00610268798805979,-0.0127,-0.0373214214788124));
#2480=CARTESIAN_POINT('',(0.00619029450669799,-0.0127,-0.0372403708256141));
#2481=CARTESIAN_POINT('',(0.00627856206918748,-0.0127,-0.0371619553825278));
#2482=CARTESIAN_POINT('',(0.00639914363377336,-0.0127,-0.0370583458583173));
#2483=CARTESIAN_POINT('',(0.0065573976174713,-0.0127,-0.0369279006349343));
#2484=CARTESIAN_POINT('',(0.00676101855586898,-0.0127,-0.0367672974825924));
#2485=CARTESIAN_POINT('',(0.00697697457330085,-0.0127,-0.036603430322079));
#2486=CARTESIAN_POINT('',(0.00720320171031554,-0.0127,-0.0364381336840796));
#2487=CARTESIAN_POINT('',(0.00743314227665304,-0.0127,-0.036276049909636));
#2488=CARTESIAN_POINT('',(0.0076671351123163,-0.0127,-0.0361161919482725));
#2489=CARTESIAN_POINT('',(0.00798360550615131,-0.0127,-0.0359059790042401));
#2490=CARTESIAN_POINT('',(0.00838635755031594,-0.0127,-0.0356482614464606));
#2491=CARTESIAN_POINT('',(0.00887668228297523,-0.0127,-0.0353465057809145));
#2492=CARTESIAN_POINT('',(0.00936796082202251,-0.0127,-0.0350529660122235));
#2493=CARTESIAN_POINT('',(0.0098580653120298,-0.0127,-0.0347662629578073));
#2494=CARTESIAN_POINT('',(0.0104851407966756,-0.0127,-0.0344041791802247));
#2495=CARTESIAN_POINT('',(0.0111829971390122,-0.0127,-0.0339866181426131));
#2496=CARTESIAN_POINT('',(0.0117661594591112,-0.0127,-0.0335698686082065));
#2497=CARTESIAN_POINT('',(0.0121689191333329,-0.0127,-0.0332174555831959));
#2498=CARTESIAN_POINT('',(0.0124564952825491,-0.0127,-0.0329243426221286));
#2499=CARTESIAN_POINT('',(0.0127274358060835,-0.0127,-0.0326021564401381));
#2500=CARTESIAN_POINT('',(0.0130582883976626,-0.0127,-0.032139605229579));
#2501=CARTESIAN_POINT('',(0.013334941991593,-0.0127,-0.0316333638160975));
#2502=CARTESIAN_POINT('',(0.0135167874988935,-0.0127,-0.0311633622831816));
#2503=CARTESIAN_POINT('',(0.0136028592890512,-0.0127,-0.0308857832646171));
#2504=CARTESIAN_POINT('',(0.0137187308942849,-0.0127,-0.0304454115568084));
#2505=CARTESIAN_POINT('',(0.0138365692936027,-0.0127,-0.029711782600097));
#2506=CARTESIAN_POINT('',(0.0138653034608725,-0.0127,-0.0288119763818987));
#2507=CARTESIAN_POINT('',(0.0138332980655458,-0.0127,-0.0280754083827537));
#2508=CARTESIAN_POINT('',(0.0137840617004404,-0.0127,-0.027518391169894));
#2509=CARTESIAN_POINT('',(0.0137140857122061,-0.0127,-0.0269805972618397));
#2510=CARTESIAN_POINT('',(0.0135923457783944,-0.0127,-0.0263071048146297));
#2511=CARTESIAN_POINT('',(0.0134245669602734,-0.0127,-0.0256946329793008));
#2512=CARTESIAN_POINT('',(0.0132059549183202,-0.0127,-0.0251406813373581));
#2513=CARTESIAN_POINT('',(0.0130141629888755,-0.0127,-0.0247502406383629));
#2514=CARTESIAN_POINT('',(0.0127925458389726,-0.0127,-0.0243833259638322));
#2515=CARTESIAN_POINT('',(0.0125171639024567,-0.0127,-0.0240018111318881));
#2516=CARTESIAN_POINT('',(0.0122036445056068,-0.0127,-0.0236246106886771));
#2517=CARTESIAN_POINT('',(0.0118645292999567,-0.0127,-0.0232611401925864));
#2518=CARTESIAN_POINT('',(0.0115144936292492,-0.0127,-0.0229213349018132));
#2519=CARTESIAN_POINT('',(0.0112257202131425,-0.0127,-0.0226645149918147));
#2520=CARTESIAN_POINT('',(0.0110047798968528,-0.0127,-0.0224793613574048));
#2521=CARTESIAN_POINT('',(0.0107912775436619,-0.0127,-0.0223071311970193));
#2522=CARTESIAN_POINT('',(0.010586727735858,-0.0127,-0.0221559928525462));
#2523=CARTESIAN_POINT('',(0.0104172274324693,-0.0127,-0.022054522427728));
#2524=CARTESIAN_POINT('',(0.0102712921554184,-0.0127,-0.0219882310189514));
#2525=CARTESIAN_POINT('',(0.0100621679139228,-0.0127,-0.0219222464275744));
#2526=CARTESIAN_POINT('',(0.0097186339803846,-0.0127,-0.0218568607478992));
#2527=CARTESIAN_POINT('',(0.00919440480742684,-0.0127,-0.0218038765100954));
#2528=CARTESIAN_POINT('',(0.00831185295896999,-0.0127,-0.0217624558800301));
#2529=CARTESIAN_POINT('',(0.00691944832530896,-0.0127,-0.0217641294213258));
#2530=CARTESIAN_POINT('',(0.0049087437993838,-0.0127,-0.0218197350512052));
#2531=CARTESIAN_POINT('',(0.00301990928466955,-0.0127,-0.0218750059462553));
#2532=CARTESIAN_POINT('',(0.00141815291410539,-0.0127,-0.0219023981960412));
#2533=CARTESIAN_POINT('',(0.000178604318162658,-0.0127,-0.0219090285337286));
#2534=CARTESIAN_POINT('',(-0.00108566362424458,-0.0127,-0.0218952690199781));
#2535=CARTESIAN_POINT('',(-0.00276750241446539,-0.0127,-0.0218550094826121));
#2536=CARTESIAN_POINT('',(-0.00483674981027288,-0.0127,-0.0217768368535549));
#2537=CARTESIAN_POINT('',(-0.00714923507873915,-0.0127,-0.0216774222093241));
#2538=CARTESIAN_POINT('',(-0.00883176681850001,-0.0127,-0.0216221097732417));
#2539=CARTESIAN_POINT('',(-0.00995857754421417,-0.0127,-0.0216125212516378));
#2540=CARTESIAN_POINT('',(-0.010669225328055,-0.0127,-0.021626095674332));
#2541=CARTESIAN_POINT('',(-0.0112170412260185,-0.0127,-0.0216620132970089));
#2542=CARTESIAN_POINT('',(-0.0115321694160826,-0.0127,-0.0217111202036145));
#2543=CARTESIAN_POINT('',(-0.0116132169222823,-0.0127,-0.0217416466314918));
#2544=CARTESIAN_POINT('',(-0.0115904903789554,-0.0127,-0.0217306070862752));
#2545=CARTESIAN_POINT('',(-0.0116467670337746,-0.0127,-0.0217647882814152));
#2546=CARTESIAN_POINT('',(-0.011770974631633,-0.0127,-0.0218699395223646));
#2547=CARTESIAN_POINT('',(-0.0119457698220419,-0.0127,-0.022028678359334));
#2548=CARTESIAN_POINT('',(-0.0121975268288518,-0.0127,-0.0222736033309219));
#2549=CARTESIAN_POINT('',(-0.0125306808923064,-0.0127,-0.0226253657855081));
#2550=CARTESIAN_POINT('',(-0.0128691107994545,-0.0127,-0.0230124131391982));
#2551=CARTESIAN_POINT('',(-0.0131911971516631,-0.0127,-0.0234142514535635));
#2552=CARTESIAN_POINT('',(-0.0134765472660212,-0.0127,-0.0238100639125665));
#2553=CARTESIAN_POINT('',(-0.0136989838473453,-0.0127,-0.0241652548488865));
#2554=CARTESIAN_POINT('',(-0.013856457062167,-0.0127,-0.0244716474475186));
#2555=CARTESIAN_POINT('',(-0.0139699913174031,-0.0127,-0.0247544244124505));
#2556=CARTESIAN_POINT('',(-0.0140522943891173,-0.0127,-0.0250367590699525));
#2557=CARTESIAN_POINT('',(-0.0141118286140137,-0.0127,-0.0253482130662481));
#2558=CARTESIAN_POINT('',(-0.0141496942657098,-0.0127,-0.0257139717254723));
#2559=CARTESIAN_POINT('',(-0.0141638788488009,-0.0127,-0.026151750050767));
#2560=CARTESIAN_POINT('',(-0.0141500315069738,-0.0127,-0.0266341033211475));
#2561=CARTESIAN_POINT('',(-0.0140913489068334,-0.0127,-0.0273215266099885));
#2562=CARTESIAN_POINT('',(-0.0139697090512158,-0.0127,-0.0280488648537143));
#2563=CARTESIAN_POINT('',(-0.0137843174965415,-0.0127,-0.0287712094577984));
#2564=CARTESIAN_POINT('',(-0.0136151593105008,-0.0127,-0.0292977724708636));
#2565=CARTESIAN_POINT('',(-0.0134146437414055,-0.0127,-0.0298057868617349));
#2566=CARTESIAN_POINT('',(-0.0131008547943935,-0.0127,-0.030477440758334));
#2567=CARTESIAN_POINT('',(-0.0126350291138918,-0.0127,-0.0312862818198477));
#2568=CARTESIAN_POINT('',(-0.0121009438376403,-0.0127,-0.0320300225526901));
#2569=CARTESIAN_POINT('',(-0.0116526158913164,-0.0127,-0.0325716985347338));
#2570=CARTESIAN_POINT('',(-0.0113151505355023,-0.0127,-0.0329438573731192));
#2571=CARTESIAN_POINT('',(-0.0109735294617951,-0.0127,-0.0332855419299103));
#2572=CARTESIAN_POINT('',(-0.01061260544746,-0.0127,-0.0336121413899686));
#2573=CARTESIAN_POINT('',(-0.010219105162948,-0.0127,-0.0339350166825721));
#2574=CARTESIAN_POINT('',(-0.00977966168845986,-0.0127,-0.0342644216176749));
#2575=CARTESIAN_POINT('',(-0.00928230770157936,-0.0127,-0.0346088295318253));
#2576=CARTESIAN_POINT('',(-0.00871805840452269,-0.0127,-0.0349746745217876));
#2577=CARTESIAN_POINT('',(-0.0080746537834796,-0.0127,-0.03537116321449));
#2578=CARTESIAN_POINT('',(-0.00751303283910944,-0.0127,-0.0357074284130839));
#2579=CARTESIAN_POINT('',(-0.00707084589048614,-0.0127,-0.0359696141736342));
#2580=CARTESIAN_POINT('',(-0.00674793188355746,-0.0127,-0.0361605494931134));
#2581=CARTESIAN_POINT('',(-0.00643871251004793,-0.0127,-0.036343618009288));
#2582=CARTESIAN_POINT('',(-0.00614770371057299,-0.0127,-0.0365169559388617));
#2583=CARTESIAN_POINT('',(-0.00592357013608388,-0.0127,-0.0366521186766093));
#2584=CARTESIAN_POINT('',(-0.005756415986858,-0.0127,-0.036754527738645));
#2585=CARTESIAN_POINT('',(-0.0056371105096533,-0.0127,-0.0368286558056479));
#2586=CARTESIAN_POINT('',(-0.00552356546980017,-0.0127,-0.0369005058929457));
#2587=CARTESIAN_POINT('',(-0.00541492366386168,-0.0127,-0.0369709301010207));
#2588=CARTESIAN_POINT('',(-0.00530936808450038,-0.0127,-0.0370415858297827));
#2589=CARTESIAN_POINT('',(-0.00520318552153049,-0.0127,-0.0371159139464882));
#2590=CARTESIAN_POINT('',(-0.0051079225462871,-0.0127,-0.037186845756221));
#2591=CARTESIAN_POINT('',(-0.00501906177054463,-0.0127,-0.0372584326007983));
#2592=CARTESIAN_POINT('',(-0.00494086484260304,-0.0127,-0.0373258843461201));
#2593=CARTESIAN_POINT('',(-0.00484737193972851,-0.0127,-0.0374139923424717));
#2594=CARTESIAN_POINT('',(-0.0047153903988849,-0.0127,-0.0375547233522178));
#2595=CARTESIAN_POINT('',(-0.00454847556732539,-0.0127,-0.0377768237285755));
#2596=CARTESIAN_POINT('',(-0.0044006904138865,-0.0127,-0.0380655023852495));
#2597=CARTESIAN_POINT('',(-0.0043009666232316,-0.0127,-0.0383477739717637));
#2598=CARTESIAN_POINT('',(-0.00423904690921858,-0.0127,-0.0386909608083205));
#2599=CARTESIAN_POINT('',(-0.00424071300133331,-0.0127,-0.0390652019645729));
#2600=CARTESIAN_POINT('',(-0.00430989694960552,-0.0127,-0.0394224312793595));
#2601=CARTESIAN_POINT('',(-0.00446385389513543,-0.0127,-0.0398253560780871));
#2602=CARTESIAN_POINT('',(-0.00469023080736262,-0.0127,-0.0401556133240741));
#2603=CARTESIAN_POINT('',(-0.00489045419517218,-0.0127,-0.0403602508035127));
#2604=CARTESIAN_POINT('',(-0.00502048311306151,-0.0127,-0.0404708843835501));
#2605=CARTESIAN_POINT('',(-0.00512555976353709,-0.0127,-0.0405501062232682));
#2606=CARTESIAN_POINT('',(-0.00521270080230675,-0.0127,-0.0406095993510331));
#2607=CARTESIAN_POINT('',(-0.00531519031621101,-0.0127,-0.0406745563959781));
#2608=CARTESIAN_POINT('',(-0.00542777860467784,-0.0127,-0.040739396458627));
#2609=CARTESIAN_POINT('',(-0.00555580424633289,-0.0127,-0.0408071614358278));
#2610=CARTESIAN_POINT('',(-0.0056841758860083,-0.0127,-0.0408705536185216));
#2611=CARTESIAN_POINT('',(-0.00581683748625351,-0.0127,-0.0409323968192621));
#2612=CARTESIAN_POINT('',(-0.00595577587421337,-0.0127,-0.0409939564048152));
#2613=CARTESIAN_POINT('',(-0.00615075524666375,-0.0127,-0.0410764360468569));
#2614=CARTESIAN_POINT('',(-0.00641402946478946,-0.0127,-0.0411808864867374));
#2615=CARTESIAN_POINT('',(-0.00676165177337405,-0.0127,-0.0413078567724662));
#2616=CARTESIAN_POINT('',(-0.00713908634683837,-0.0127,-0.0414344492890842));
#2617=CARTESIAN_POINT('',(-0.0075436791040938,-0.0127,-0.0415580953180663));
#2618=CARTESIAN_POINT('',(-0.00811533958356997,-0.0127,-0.0417151339078091));
#2619=CARTESIAN_POINT('',(-0.00888302905070882,-0.0127,-0.0418888423219089));
#2620=CARTESIAN_POINT('',(-0.00970245713569083,-0.0127,-0.0420094113338199));
#2621=CARTESIAN_POINT('',(-0.0103859964170827,-0.0127,-0.0420548066151944));
#2622=CARTESIAN_POINT('',(-0.0110594613074368,-0.0127,-0.0420602673161426));
#2623=CARTESIAN_POINT('',(-0.0118841010087024,-0.0127,-0.0419961010369914));
#2624=CARTESIAN_POINT('',(-0.0128363579306946,-0.0127,-0.0418137588835991));
#2625=CARTESIAN_POINT('',(-0.0140488951308235,-0.0127,-0.0414460488854232));
#2626=CARTESIAN_POINT('',(-0.0154492415440221,-0.0127,-0.0407856037054642));
#2627=CARTESIAN_POINT('',(-0.0167045208214141,-0.0127,-0.0399388280828806));
#2628=CARTESIAN_POINT('',(-0.0176408074756251,-0.0127,-0.0391863148147499));
#2629=CARTESIAN_POINT('',(-0.0185473717135117,-0.0127,-0.0383768304734144));
#2630=CARTESIAN_POINT('',(-0.0196117003322159,-0.0127,-0.0372696230606347));
#2631=CARTESIAN_POINT('',(-0.0207566782501468,-0.0127,-0.0358090986719618));
#2632=CARTESIAN_POINT('',(-0.0217416980247821,-0.0127,-0.0342373274377067));
#2633=CARTESIAN_POINT('',(-0.022533142169478,-0.0127,-0.0325679792166495));
#2634=CARTESIAN_POINT('',(-0.023096167271839,-0.0127,-0.0308436156232963));
#2635=CARTESIAN_POINT('',(-0.0234286851044546,-0.0127,-0.0290793939963584));
#2636=CARTESIAN_POINT('',(-0.0235249022250196,-0.0127,-0.0272962259636984));
#2637=CARTESIAN_POINT('',(-0.0233792427667592,-0.0127,-0.025510834276609));
#2638=CARTESIAN_POINT('',(-0.0230004496136209,-0.0127,-0.0237668947608721));
#2639=CARTESIAN_POINT('',(-0.0225085945339964,-0.0127,-0.0223650121549486));
#2640=CARTESIAN_POINT('',(-0.022017456587058,-0.0127,-0.0212837786660504));
#2641=CARTESIAN_POINT('',(-0.0216020054156051,-0.0127,-0.0204952736486391));
#2642=CARTESIAN_POINT('',(-0.0211419245533295,-0.0127,-0.0197317030574733));
#2643=CARTESIAN_POINT('',(-0.0204675067882213,-0.0127,-0.0187492287074385));
#2644=CARTESIAN_POINT('',(-0.019588452005283,-0.0127,-0.0176585836928984));
#2645=CARTESIAN_POINT('',(-0.0187877464719138,-0.0127,-0.0167696518563));
#2646=CARTESIAN_POINT('',(-0.0182834565725356,-0.0127,-0.0162213367787214));
#2647=CARTESIAN_POINT('',(-0.0180965137696447,-0.0127,-0.016014050178381));
#2648=CARTESIAN_POINT('',(-0.0180276276644513,-0.0127,-0.0159351095845288));
#2649=CARTESIAN_POINT('',(-0.0180276276644513,-0.0127,-0.0159351095845289));
#2650=CARTESIAN_POINT('',(-0.0180276276644513,-0.0127,-0.0159351095845289));
#2651=CARTESIAN_POINT('',(-0.0180276276644734,-0.0127,-0.0159351095845259));
#2652=CARTESIAN_POINT('',(-0.0180276276644734,0.,-0.0159351095845259));
#2653=CARTESIAN_POINT('',(-0.017996131816877,-0.0127,-0.0156993729318002));
#2654=CARTESIAN_POINT('',(-0.017996131816877,0.,-0.0156993729318002));
#2655=CARTESIAN_POINT('',(-0.0179168602046562,-0.0127,-0.014817875523263));
#2656=CARTESIAN_POINT('',(-0.0179168602046562,1.73472347597681E-18,-0.014817875523263));
#2657=CARTESIAN_POINT('',(-0.0178051974614215,-0.0127,-0.0128617777541896));
#2658=CARTESIAN_POINT('',(-0.0178051974614215,1.73472347597681E-18,-0.0128617777541896));
#2659=CARTESIAN_POINT('',(-0.0176840907932917,-0.0127,-0.0105259035868108));
#2660=CARTESIAN_POINT('',(-0.0176840907932917,-5.20417042793042E-18,-0.0105259035868108));
#2661=CARTESIAN_POINT('',(-0.0175429480724532,-0.0127,-0.00806483145727439));
#2662=CARTESIAN_POINT('',(-0.0175429480724532,6.93889390390723E-18,-0.00806483145727439));
#2663=CARTESIAN_POINT('',(-0.0173685381245342,-0.0127,-0.00572972642333901));
#2664=CARTESIAN_POINT('',(-0.0173685381245342,0.,-0.00572972642333901));
#2665=CARTESIAN_POINT('',(-0.0170635110740115,-0.0127,-0.00299825736897781));
#2666=CARTESIAN_POINT('',(-0.0170635110740115,-6.93889390390723E-18,-0.00299825736897781));
#2667=CARTESIAN_POINT('',(-0.0165740124942291,-0.0127,-0.000647361049524719));
#2668=CARTESIAN_POINT('',(-0.0165740124942291,-1.73472347597681E-18,-0.000647361049524719));
#2669=CARTESIAN_POINT('',(-0.0157166110730807,-0.0127,0.00152588579893676));
#2670=CARTESIAN_POINT('',(-0.0157166110730807,3.46944695195361E-18,0.00152588579893676));
#2671=CARTESIAN_POINT('',(-0.0149129973829113,-0.0127,0.00301135497979687));
#2672=CARTESIAN_POINT('',(-0.0149129973829113,0.,0.00301135497979687));
#2673=CARTESIAN_POINT('',(-0.0142052135754245,-0.0127,0.00407053064309124));
#2674=CARTESIAN_POINT('',(-0.0142052135754245,0.,0.00407053064309124));
#2675=CARTESIAN_POINT('',(-0.0136450482596427,-0.0127,0.004795878728317));
#2676=CARTESIAN_POINT('',(-0.0136450482596427,-1.73472347597681E-18,0.004795878728317));
#2677=CARTESIAN_POINT('',(-0.0132423831607892,-0.0127,0.00526604412333113));
#2678=CARTESIAN_POINT('',(-0.0132423831607892,1.73472347597681E-18,0.00526604412333113));
#2679=CARTESIAN_POINT('',(-0.0128080135718241,-0.0127,0.00570925948677204));
#2680=CARTESIAN_POINT('',(-0.0128080135718241,-5.20417042793042E-18,0.00570925948677204));
#2681=CARTESIAN_POINT('',(-0.0122954663729202,-0.0127,0.00612533823017165));
#2682=CARTESIAN_POINT('',(-0.0122954663729202,1.73472347597681E-18,0.00612533823017165));
#2683=CARTESIAN_POINT('',(-0.0117372545755502,-0.0127,0.00647263323536403));
#2684=CARTESIAN_POINT('',(-0.0117372545755502,-3.46944695195361E-18,0.00647263323536403));
#2685=CARTESIAN_POINT('',(-0.0109685388504636,-0.0127,0.00685687468039583));
#2686=CARTESIAN_POINT('',(-0.0109685388504636,0.,0.00685687468039583));
#2687=CARTESIAN_POINT('',(-0.00983496585387879,-0.0127,0.0073224686474321));
#2688=CARTESIAN_POINT('',(-0.00983496585387879,0.,0.0073224686474321));
#2689=CARTESIAN_POINT('',(-0.00882306031092887,-0.0127,0.00768389963055214));
#2690=CARTESIAN_POINT('',(-0.00882306031092887,0.,0.00768389963055214));
#2691=CARTESIAN_POINT('',(-0.00833860939895935,-0.0127,0.00784553041619249));
#2692=CARTESIAN_POINT('',(-0.00833860939895935,0.,0.00784553041619249));
#2693=CARTESIAN_POINT('',(-0.0180276276644734,0.,-0.0159351095845259));
#2694=CARTESIAN_POINT('',(-0.0180118797406752,0.,-0.015817241258163));
#2695=CARTESIAN_POINT('',(-0.0179746428179418,0.,-0.015472363101189));
#2696=CARTESIAN_POINT('',(-0.0179180984425233,0.,-0.014740010784589));
#2697=CARTESIAN_POINT('',(-0.0178613693149982,0.,-0.0138409952437649));
#2698=CARTESIAN_POINT('',(-0.0177848215214712,0.,-0.012471861581748));
#2699=CARTESIAN_POINT('',(-0.0176841118408526,0.,-0.0105254948625225));
#2700=CARTESIAN_POINT('',(-0.0175666002118391,0.,-0.00847684012960649));
#2701=CARTESIAN_POINT('',(-0.0174555078543386,0.,-0.00689406671382686));
#2702=CARTESIAN_POINT('',(-0.0173617600112662,0.,-0.00576595610413106));
#2703=CARTESIAN_POINT('',(-0.0172543205078289,0.,-0.00470697065284752));
#2704=CARTESIAN_POINT('',(-0.0170862836660485,0.,-0.00337056330345572));
#2705=CARTESIAN_POINT('',(-0.0168177726044773,0.,-0.00182266241181937));
#2706=CARTESIAN_POINT('',(-0.0164347437167048,0.,-0.000388362052563788));
#2707=CARTESIAN_POINT('',(-0.0160409174955207,0.,0.000707023797002335));
#2708=CARTESIAN_POINT('',(-0.0156960992259754,0.,0.00150855489890795));
#2709=CARTESIAN_POINT('',(-0.0153137894147537,0.,0.0022696054455003));
#2710=CARTESIAN_POINT('',(-0.0149076135552376,0.,0.00298425517460136));
#2711=CARTESIAN_POINT('',(-0.0144880137829489,0.,0.00364704534996857));
#2712=CARTESIAN_POINT('',(-0.0140648393701206,0.,0.00425222188018267));
#2713=CARTESIAN_POINT('',(-0.013716384128809,0.,0.00470393439084857));
#2714=CARTESIAN_POINT('',(-0.0134414149170392,0.,0.00503318707093441));
#2715=CARTESIAN_POINT('',(-0.0132387332559332,0.,0.00526239618664916));
#2716=CARTESIAN_POINT('',(-0.0130262465338515,0.,0.00548654289088264));
#2717=CARTESIAN_POINT('',(-0.0127219929327035,0.,0.00577924088418126));
#2718=CARTESIAN_POINT('',(-0.0122955904889265,0.,0.00612516833943211));
#2719=CARTESIAN_POINT('',(-0.0117374982618907,0.,0.00647251689196284));
#2720=CARTESIAN_POINT('',(-0.0111596189203674,0.,0.00676144958348187));
#2721=CARTESIAN_POINT('',(-0.0105192614109612,0.,0.00704068755323518));
#2722=CARTESIAN_POINT('',(-0.00981439776158618,0.,0.00732091843133989));
#2723=CARTESIAN_POINT('',(-0.0090753719474439,0.,0.00759388432023433));
#2724=CARTESIAN_POINT('',(-0.00858083485494413,0.,0.00776471502337231));
#2725=CARTESIAN_POINT('',(-0.00833860939895935,0.,0.00784553041619249));
#2726=CARTESIAN_POINT('',(-0.00833860939895929,0.,0.00784553041619251));
#2727=CARTESIAN_POINT('',(-0.0180276276644734,-0.0127,-0.0159351095845259));
#2728=CARTESIAN_POINT('',(-0.0180118797406752,-0.0127,-0.015817241258163));
#2729=CARTESIAN_POINT('',(-0.0179746428179418,-0.0127,-0.015472363101189));
#2730=CARTESIAN_POINT('',(-0.0179180984425233,-0.0127,-0.014740010784589));
#2731=CARTESIAN_POINT('',(-0.0178613693149982,-0.0127,-0.0138409952437649));
#2732=CARTESIAN_POINT('',(-0.0177848215214712,-0.0127,-0.012471861581748));
#2733=CARTESIAN_POINT('',(-0.0176841118408526,-0.0127,-0.0105254948625225));
#2734=CARTESIAN_POINT('',(-0.0175666002118391,-0.0127,-0.00847684012960649));
#2735=CARTESIAN_POINT('',(-0.0174555078543386,-0.0127,-0.00689406671382686));
#2736=CARTESIAN_POINT('',(-0.0173617600112662,-0.0127,-0.00576595610413106));
#2737=CARTESIAN_POINT('',(-0.0172543205078289,-0.0127,-0.00470697065284752));
#2738=CARTESIAN_POINT('',(-0.0170862836660485,-0.0127,-0.00337056330345572));
#2739=CARTESIAN_POINT('',(-0.0168177726044773,-0.0127,-0.00182266241181937));
#2740=CARTESIAN_POINT('',(-0.0164347437167048,-0.0127,-0.000388362052563788));
#2741=CARTESIAN_POINT('',(-0.0160409174955207,-0.0127,0.000707023797002335));
#2742=CARTESIAN_POINT('',(-0.0156960992259754,-0.0127,0.00150855489890795));
#2743=CARTESIAN_POINT('',(-0.0153137894147537,-0.0127,0.0022696054455003));
#2744=CARTESIAN_POINT('',(-0.0149076135552376,-0.0127,0.00298425517460136));
#2745=CARTESIAN_POINT('',(-0.0144880137829489,-0.0127,0.00364704534996857));
#2746=CARTESIAN_POINT('',(-0.0140648393701206,-0.0127,0.00425222188018267));
#2747=CARTESIAN_POINT('',(-0.013716384128809,-0.0127,0.00470393439084857));
#2748=CARTESIAN_POINT('',(-0.0134414149170392,-0.0127,0.00503318707093441));
#2749=CARTESIAN_POINT('',(-0.0132387332559332,-0.0127,0.00526239618664916));
#2750=CARTESIAN_POINT('',(-0.0130262465338515,-0.0127,0.00548654289088264));
#2751=CARTESIAN_POINT('',(-0.0127219929327035,-0.0127,0.00577924088418126));
#2752=CARTESIAN_POINT('',(-0.0122955904889265,-0.0127,0.00612516833943211));
#2753=CARTESIAN_POINT('',(-0.0117374982618907,-0.0127,0.00647251689196284));
#2754=CARTESIAN_POINT('',(-0.0111596189203674,-0.0127,0.00676144958348187));
#2755=CARTESIAN_POINT('',(-0.0105192614109612,-0.0127,0.00704068755323518));
#2756=CARTESIAN_POINT('',(-0.00981439776158618,-0.0127,0.00732091843133989));
#2757=CARTESIAN_POINT('',(-0.0090753719474439,-0.0127,0.00759388432023433));
#2758=CARTESIAN_POINT('',(-0.00858083485494413,-0.0127,0.00776471502337231));
#2759=CARTESIAN_POINT('',(-0.00833860939895935,-0.0127,0.00784553041619249));
#2760=CARTESIAN_POINT('',(-0.00833860939895929,-0.0127,0.00784553041619251));
#2761=CARTESIAN_POINT('',(-0.00833860939895929,-0.0127,0.00784553041619251));
#2762=CARTESIAN_POINT('',(-0.00833860939895923,-0.0127,0.00784553041619255));
#2763=CARTESIAN_POINT('',(-0.00833860939895923,0.,0.00784553041619255));
#2764=CARTESIAN_POINT('',(-0.00877142515906757,-0.0127,0.00846672406136329));
#2765=CARTESIAN_POINT('',(-0.00877142515906757,0.,0.00846672406136329));
#2766=CARTESIAN_POINT('',(-0.0097193966553109,-0.0127,0.00992382851670843));
#2767=CARTESIAN_POINT('',(-0.0097193966553109,-3.46944695195361E-18,0.00992382851670843));
#2768=CARTESIAN_POINT('',(-0.0111443387542193,-0.0127,0.0126640561131772));
#2769=CARTESIAN_POINT('',(-0.0111443387542193,1.73472347597681E-18,0.0126640561131772));
#2770=CARTESIAN_POINT('',(-0.0122911115556542,-0.0127,0.0159074893534206));
#2771=CARTESIAN_POINT('',(-0.0122911115556542,0.,0.0159074893534206));
#2772=CARTESIAN_POINT('',(-0.0128537075894082,-0.0127,0.0188324252911799));
#2773=CARTESIAN_POINT('',(-0.0128537075894082,-1.73472347597681E-18,0.0188324252911799));
#2774=CARTESIAN_POINT('',(-0.0130997201650358,-0.0127,0.0212768484698036));
#2775=CARTESIAN_POINT('',(-0.0130997201650358,0.,0.0212768484698036));
#2776=CARTESIAN_POINT('',(-0.0131809815029608,-0.0127,0.02315416679994));
#2777=CARTESIAN_POINT('',(-0.0131809815029608,1.73472347597681E-18,0.02315416679994));
#2778=CARTESIAN_POINT('',(-0.0131617523373033,-0.0127,0.0250632397918653));
#2779=CARTESIAN_POINT('',(-0.0131617523373033,-1.73472347597681E-18,0.0250632397918653));
#2780=CARTESIAN_POINT('',(-0.0130626359414456,-0.0127,0.026686346694746));
#2781=CARTESIAN_POINT('',(-0.0130626359414456,1.73472347597681E-18,0.026686346694746));
#2782=CARTESIAN_POINT('',(-0.0129350871043164,-0.0127,0.0279599473350399));
#2783=CARTESIAN_POINT('',(-0.0129350871043164,-1.73472347597681E-18,0.0279599473350399));
#2784=CARTESIAN_POINT('',(-0.01281538335672,-0.0127,0.028876683372153));
#2785=CARTESIAN_POINT('',(-0.01281538335672,1.73472347597681E-18,0.028876683372153));
#2786=CARTESIAN_POINT('',(-0.0126704593502019,-0.0127,0.0297385834418524));
#2787=CARTESIAN_POINT('',(-0.0126704593502019,-1.73472347597681E-18,0.0297385834418524));
#2788=CARTESIAN_POINT('',(-0.0124952452833624,-0.0127,0.0305344554660727));
#2789=CARTESIAN_POINT('',(-0.0124952452833624,0.,0.0305344554660727));
#2790=CARTESIAN_POINT('',(-0.0123137811560903,-0.0127,0.0311457906376656));
#2791=CARTESIAN_POINT('',(-0.0123137811560903,-1.73472347597681E-18,0.0311457906376656));
#2792=CARTESIAN_POINT('',(-0.0121181976385572,-0.0127,0.0316302895912036));
#2793=CARTESIAN_POINT('',(-0.0121181976385572,-5.20417042793042E-18,0.0316302895912036));
#2794=CARTESIAN_POINT('',(-0.0119244468527606,-0.0127,0.0320096977075033));
#2795=CARTESIAN_POINT('',(-0.0119244468527606,0.,0.0320096977075033));
#2796=CARTESIAN_POINT('',(-0.0116319160493659,-0.0127,0.0324299734892681));
#2797=CARTESIAN_POINT('',(-0.0116319160493659,1.73472347597681E-18,0.0324299734892681));
#2798=CARTESIAN_POINT('',(-0.0111277484792025,-0.0127,0.0329191971203454));
#2799=CARTESIAN_POINT('',(-0.0111277484792025,-6.93889390390723E-18,0.0329191971203454));
#2800=CARTESIAN_POINT('',(-0.0101459358779803,-0.0127,0.0333271325842008));
#2801=CARTESIAN_POINT('',(-0.0101459358779803,-1.73472347597681E-18,0.0333271325842008));
#2802=CARTESIAN_POINT('',(-0.00936068555765471,-0.0127,0.033208892325204));
#2803=CARTESIAN_POINT('',(-0.00936068555765471,0.,0.033208892325204));
#2804=CARTESIAN_POINT('',(-0.00905340856658102,-0.0127,0.0330884885954031));
#2805=CARTESIAN_POINT('',(-0.00905340856658102,0.,0.0330884885954031));
#2806=CARTESIAN_POINT('',(-0.00833860939895923,0.,0.00784553041619255));
#2807=CARTESIAN_POINT('',(-0.00877142515906757,0.,0.00846672406136329));
#2808=CARTESIAN_POINT('',(-0.00972030953295125,0.,0.00992321103539184));
#2809=CARTESIAN_POINT('',(-0.0109043379908903,0.,0.0122090495873863));
#2810=CARTESIAN_POINT('',(-0.0116198459071237,0.,0.0140236159333377));
#2811=CARTESIAN_POINT('',(-0.0119776758864742,0.,0.0151143494543341));
#2812=CARTESIAN_POINT('',(-0.0122969011581442,0.,0.0162271981352418));
#2813=CARTESIAN_POINT('',(-0.0126270395768189,0.,0.0176620345251303));
#2814=CARTESIAN_POINT('',(-0.0129156483533346,0.,0.0194436062931093));
#2815=CARTESIAN_POINT('',(-0.0130995992840455,0.,0.0212769640316554));
#2816=CARTESIAN_POINT('',(-0.013167456053093,0.,0.0228408517929918));
#2817=CARTESIAN_POINT('',(-0.0131713585047146,0.,0.0241094516969982));
#2818=CARTESIAN_POINT('',(-0.0131492750466346,0.,0.0250685645406674));
#2819=CARTESIAN_POINT('',(-0.0131023448231951,0.,0.0260343841830555));
#2820=CARTESIAN_POINT('',(-0.0130307341913166,0.,0.0270054737460404));
#2821=CARTESIAN_POINT('',(-0.012935082944297,0.,0.0279597595206945));
#2822=CARTESIAN_POINT('',(-0.0128154145376443,0.,0.0288767077383138));
#2823=CARTESIAN_POINT('',(-0.0126703387865239,0.,0.0297386737915549));
#2824=CARTESIAN_POINT('',(-0.0125248034287123,0.,0.0304015037161774));
#2825=CARTESIAN_POINT('',(-0.0123857504781568,0.,0.0309017900416332));
#2826=CARTESIAN_POINT('',(-0.0122650194518764,0.,0.0312667401600371));
#2827=CARTESIAN_POINT('',(-0.0121182772667219,0.,0.0316304569826508));
#2828=CARTESIAN_POINT('',(-0.0119239941649321,0.,0.0320092033577275));
#2829=CARTESIAN_POINT('',(-0.0116820383379179,0.,0.0323613534737244));
#2830=CARTESIAN_POINT('',(-0.0113774619234746,0.,0.0326721174682112));
#2831=CARTESIAN_POINT('',(-0.0110661492597263,0.,0.0329097949554009));
#2832=CARTESIAN_POINT('',(-0.0106467868817762,0.,0.0331225972650356));
#2833=CARTESIAN_POINT('',(-0.0101205195540763,0.,0.0332527631324762));
#2834=CARTESIAN_POINT('',(-0.00955068729053411,0.,0.0332438498579137));
#2835=CARTESIAN_POINT('',(-0.00920704706211788,0.,0.0331486904603035));
#2836=CARTESIAN_POINT('',(-0.00905340856658102,0.,0.0330884885954031));
#2837=CARTESIAN_POINT('',(-0.00905340856658102,0.,0.0330884885954031));
#2838=CARTESIAN_POINT('',(-0.00833860939895923,-0.0127,0.00784553041619255));
#2839=CARTESIAN_POINT('',(-0.00877142515906757,-0.0127,0.00846672406136329));
#2840=CARTESIAN_POINT('',(-0.00972030953295125,-0.0127,0.00992321103539184));
#2841=CARTESIAN_POINT('',(-0.0109043379908903,-0.0127,0.0122090495873863));
#2842=CARTESIAN_POINT('',(-0.0116198459071237,-0.0127,0.0140236159333377));
#2843=CARTESIAN_POINT('',(-0.0119776758864742,-0.0127,0.0151143494543341));
#2844=CARTESIAN_POINT('',(-0.0122969011581442,-0.0127,0.0162271981352418));
#2845=CARTESIAN_POINT('',(-0.0126270395768189,-0.0127,0.0176620345251303));
#2846=CARTESIAN_POINT('',(-0.0129156483533346,-0.0127,0.0194436062931093));
#2847=CARTESIAN_POINT('',(-0.0130995992840455,-0.0127,0.0212769640316554));
#2848=CARTESIAN_POINT('',(-0.013167456053093,-0.0127,0.0228408517929918));
#2849=CARTESIAN_POINT('',(-0.0131713585047146,-0.0127,0.0241094516969982));
#2850=CARTESIAN_POINT('',(-0.0131492750466346,-0.0127,0.0250685645406674));
#2851=CARTESIAN_POINT('',(-0.0131023448231951,-0.0127,0.0260343841830555));
#2852=CARTESIAN_POINT('',(-0.0130307341913166,-0.0127,0.0270054737460404));
#2853=CARTESIAN_POINT('',(-0.012935082944297,-0.0127,0.0279597595206945));
#2854=CARTESIAN_POINT('',(-0.0128154145376443,-0.0127,0.0288767077383138));
#2855=CARTESIAN_POINT('',(-0.0126703387865239,-0.0127,0.0297386737915549));
#2856=CARTESIAN_POINT('',(-0.0125248034287123,-0.0127,0.0304015037161774));
#2857=CARTESIAN_POINT('',(-0.0123857504781568,-0.0127,0.0309017900416332));
#2858=CARTESIAN_POINT('',(-0.0122650194518764,-0.0127,0.0312667401600371));
#2859=CARTESIAN_POINT('',(-0.0121182772667219,-0.0127,0.0316304569826508));
#2860=CARTESIAN_POINT('',(-0.0119239941649321,-0.0127,0.0320092033577275));
#2861=CARTESIAN_POINT('',(-0.0116820383379179,-0.0127,0.0323613534737244));
#2862=CARTESIAN_POINT('',(-0.0113774619234746,-0.0127,0.0326721174682112));
#2863=CARTESIAN_POINT('',(-0.0110661492597263,-0.0127,0.0329097949554009));
#2864=CARTESIAN_POINT('',(-0.0106467868817762,-0.0127,0.0331225972650356));
#2865=CARTESIAN_POINT('',(-0.0101205195540763,-0.0127,0.0332527631324762));
#2866=CARTESIAN_POINT('',(-0.00955068729053411,-0.0127,0.0332438498579137));
#2867=CARTESIAN_POINT('',(-0.00920704706211788,-0.0127,0.0331486904603035));
#2868=CARTESIAN_POINT('',(-0.00905340856658102,-0.0127,0.0330884885954031));
#2869=CARTESIAN_POINT('',(-0.00905340856658102,-0.0127,0.0330884885954031));
#2870=CARTESIAN_POINT('',(-0.00905340856658102,-0.0127,0.0330884885954031));
#2871=CARTESIAN_POINT('',(-0.00782750210427388,-0.0127,0.0314150915937729));
#2872=CARTESIAN_POINT('',(-0.00782750210427388,0.,0.0314150915937729));
#2873=CARTESIAN_POINT('',(-0.00643365546933455,0.,0.032951601486387));
#2874=CARTESIAN_POINT('',(-0.00782750210427388,-0.0127,0.0314150915937729));
#2875=CARTESIAN_POINT('',(-0.00643365546933455,-0.0127,0.032951601486387));
#2876=CARTESIAN_POINT('',(-0.00643434571467553,-0.0127,0.0329515399960725));
#2877=CARTESIAN_POINT('',(-0.00625013740556524,-0.0127,0.0308966785908504));
#2878=CARTESIAN_POINT('',(-0.00625016473375556,-1.26181961701907E-19,0.0308972070573281));
#2879=CARTESIAN_POINT('',(-0.00625847607895724,0.,0.032959762812146));
#2880=CARTESIAN_POINT('',(-0.00625016473375556,-0.0126999999999998,0.0308972070573281));
#2881=CARTESIAN_POINT('',(-0.00625847607895724,-0.0127,0.032959762812146));
#2882=CARTESIAN_POINT('',(-0.00625847607895724,-0.0127,0.032959762812146));
#2883=CARTESIAN_POINT('',(-0.00625847607895724,-0.0127,0.032959762812146));
#2884=CARTESIAN_POINT('',(-0.00625847607895724,0.,0.032959762812146));
#2885=CARTESIAN_POINT('',(-0.00615886703960976,-0.0127,0.0331707867993253));
#2886=CARTESIAN_POINT('',(-0.00615886703960976,1.73472347597681E-18,0.0331707867993253));
#2887=CARTESIAN_POINT('',(-0.00595157708147709,-0.0127,0.0335922820762897));
#2888=CARTESIAN_POINT('',(-0.00595157708147709,0.,0.0335922820762897));
#2889=CARTESIAN_POINT('',(-0.00561897673079721,-0.0127,0.0342190357125432));
#2890=CARTESIAN_POINT('',(-0.00561897673079721,3.46944695195361E-18,0.0342190357125432));
#2891=CARTESIAN_POINT('',(-0.0052662973292605,-0.0127,0.0348349080845222));
#2892=CARTESIAN_POINT('',(-0.0052662973292605,3.46944695195361E-18,0.0348349080845222));
#2893=CARTESIAN_POINT('',(-0.00495918947528347,-0.0127,0.0353384362469253));
#2894=CARTESIAN_POINT('',(-0.00495918947528347,0.,0.0353384362469253));
#2895=CARTESIAN_POINT('',(-0.00467867305233586,-0.0127,0.0357571178639843));
#2896=CARTESIAN_POINT('',(-0.00467867305233586,-3.46944695195361E-18,0.0357571178639843));
#2897=CARTESIAN_POINT('',(-0.00444459389020962,-0.0127,0.0360734216047264));
#2898=CARTESIAN_POINT('',(-0.00444459389020962,3.46944695195361E-18,0.0360734216047264));
#2899=CARTESIAN_POINT('',(-0.00416073431323767,-0.0127,0.0364011063317916));
#2900=CARTESIAN_POINT('',(-0.00416073431323767,-5.20417042793042E-18,0.0364011063317916));
#2901=CARTESIAN_POINT('',(-0.00382901388021025,-0.0127,0.0367075382811063));
#2902=CARTESIAN_POINT('',(-0.00382901388021025,3.46944695195361E-18,0.0367075382811063));
#2903=CARTESIAN_POINT('',(-0.00338701516011952,-0.0127,0.0369771220940736));
#2904=CARTESIAN_POINT('',(-0.00338701516011952,-1.73472347597681E-18,0.0369771220940736));
#2905=CARTESIAN_POINT('',(-0.00290162665156124,-0.0127,0.0371628893154231));
#2906=CARTESIAN_POINT('',(-0.00290162665156124,1.73472347597681E-18,0.0371628893154231));
#2907=CARTESIAN_POINT('',(-0.00220280619490824,-0.0127,0.0372349348630452));
#2908=CARTESIAN_POINT('',(-0.00220280619490824,-1.73472347597681E-18,0.0372349348630452));
#2909=CARTESIAN_POINT('',(-0.00140518898513826,-0.0127,0.0370048100383912));
#2910=CARTESIAN_POINT('',(-0.00140518898513826,-1.73472347597681E-18,0.0370048100383912));
#2911=CARTESIAN_POINT('',(-0.000886784102316472,-0.0127,0.0366141364042027));
#2912=CARTESIAN_POINT('',(-0.000886784102316472,-3.46944695195361E-18,0.0366141364042027));
#2913=CARTESIAN_POINT('',(-0.000484098438669209,-0.0127,0.0361298794347888));
#2914=CARTESIAN_POINT('',(-0.000484098438669209,3.46944695195361E-18,0.0361298794347888));
#2915=CARTESIAN_POINT('',(-0.000357015209527274,-0.0127,0.0358507519436528));
#2916=CARTESIAN_POINT('',(-0.000357015209527274,1.73472347597681E-18,0.0358507519436528));
#2917=CARTESIAN_POINT('',(-0.000290397221412196,-0.0127,0.0356863679230922));
#2918=CARTESIAN_POINT('',(-0.000290397221412196,0.,0.0356863679230922));
#2919=CARTESIAN_POINT('',(-0.00625847607895724,0.,0.032959762812146));
#2920=CARTESIAN_POINT('',(-0.00615886703960976,0.,0.0331707867993253));
#2921=CARTESIAN_POINT('',(-0.00595161553042253,0.,0.033592295700896));
#2922=CARTESIAN_POINT('',(-0.00567430438797722,0.,0.0341145393055001));
#2923=CARTESIAN_POINT('',(-0.00544281966251971,0.,0.0345270366154129));
#2924=CARTESIAN_POINT('',(-0.00526409932755619,0.,0.034834005039173));
#2925=CARTESIAN_POINT('',(-0.00508271697958279,0.,0.0351347531579332));
#2926=CARTESIAN_POINT('',(-0.00488888036212849,0.,0.0354437007431216));
#2927=CARTESIAN_POINT('',(-0.00467870871929963,0.,0.0357570133202889));
#2928=CARTESIAN_POINT('',(-0.00448364414469377,0.,0.0360205402930285));
#2929=CARTESIAN_POINT('',(-0.00430259025889728,0.,0.0362375801158318));
#2930=CARTESIAN_POINT('',(-0.00414698598709479,0.,0.0364062158691675));
#2931=CARTESIAN_POINT('',(-0.00395966672948866,0.,0.0365842280103605));
#2932=CARTESIAN_POINT('',(-0.0037189705955724,0.,0.0367751742513509));
#2933=CARTESIAN_POINT('',(-0.00338722490251271,0.,0.0369768995170828));
#2934=CARTESIAN_POINT('',(-0.00298148022258846,0.,0.0371324329248336));
#2935=CARTESIAN_POINT('',(-0.00255405459947459,0.,0.0371980479412885));
#2936=CARTESIAN_POINT('',(-0.00219061397402137,0.,0.0371962665319827));
#2937=CARTESIAN_POINT('',(-0.00180152992077237,0.,0.0371243247367761));
#2938=CARTESIAN_POINT('',(-0.00144069289595605,0.,0.0369841204159412));
#2939=CARTESIAN_POINT('',(-0.00114604473318116,0.,0.0368075050202718));
#2940=CARTESIAN_POINT('',(-0.00083649981106165,0.,0.0365547235374158));
#2941=CARTESIAN_POINT('',(-0.000584016157002168,0.,0.0362507113927591));
#2942=CARTESIAN_POINT('',(-0.000402178636666249,0.,0.0359433340160865));
#2943=CARTESIAN_POINT('',(-0.000323706215469735,0.,0.0357685599333725));
#2944=CARTESIAN_POINT('',(-0.000290397221412196,0.,0.0356863679230922));
#2945=CARTESIAN_POINT('',(-0.000290397221412208,0.,0.0356863679230923));
#2946=CARTESIAN_POINT('',(-0.00625847607895724,-0.0127,0.032959762812146));
#2947=CARTESIAN_POINT('',(-0.00615886703960976,-0.0127,0.0331707867993253));
#2948=CARTESIAN_POINT('',(-0.00595161553042253,-0.0127,0.033592295700896));
#2949=CARTESIAN_POINT('',(-0.00567430438797722,-0.0127,0.0341145393055001));
#2950=CARTESIAN_POINT('',(-0.00544281966251971,-0.0127,0.0345270366154129));
#2951=CARTESIAN_POINT('',(-0.00526409932755619,-0.0127,0.034834005039173));
#2952=CARTESIAN_POINT('',(-0.00508271697958279,-0.0127,0.0351347531579332));
#2953=CARTESIAN_POINT('',(-0.00488888036212849,-0.0127,0.0354437007431216));
#2954=CARTESIAN_POINT('',(-0.00467870871929963,-0.0127,0.0357570133202889));
#2955=CARTESIAN_POINT('',(-0.00448364414469377,-0.0127,0.0360205402930285));
#2956=CARTESIAN_POINT('',(-0.00430259025889728,-0.0127,0.0362375801158318));
#2957=CARTESIAN_POINT('',(-0.00414698598709479,-0.0127,0.0364062158691675));
#2958=CARTESIAN_POINT('',(-0.00395966672948866,-0.0127,0.0365842280103605));
#2959=CARTESIAN_POINT('',(-0.0037189705955724,-0.0127,0.0367751742513509));
#2960=CARTESIAN_POINT('',(-0.00338722490251271,-0.0127,0.0369768995170828));
#2961=CARTESIAN_POINT('',(-0.00298148022258846,-0.0127,0.0371324329248336));
#2962=CARTESIAN_POINT('',(-0.00255405459947459,-0.0127,0.0371980479412885));
#2963=CARTESIAN_POINT('',(-0.00219061397402137,-0.0127,0.0371962665319827));
#2964=CARTESIAN_POINT('',(-0.00180152992077237,-0.0127,0.0371243247367761));
#2965=CARTESIAN_POINT('',(-0.00144069289595605,-0.0127,0.0369841204159412));
#2966=CARTESIAN_POINT('',(-0.00114604473318116,-0.0127,0.0368075050202718));
#2967=CARTESIAN_POINT('',(-0.00083649981106165,-0.0127,0.0365547235374158));
#2968=CARTESIAN_POINT('',(-0.000584016157002168,-0.0127,0.0362507113927591));
#2969=CARTESIAN_POINT('',(-0.000402178636666249,-0.0127,0.0359433340160865));
#2970=CARTESIAN_POINT('',(-0.000323706215469735,-0.0127,0.0357685599333725));
#2971=CARTESIAN_POINT('',(-0.000290397221412196,-0.0127,0.0356863679230922));
#2972=CARTESIAN_POINT('',(-0.000290397221412208,-0.0127,0.0356863679230923));
#2973=CARTESIAN_POINT('',(-0.000290397221412208,-0.0127,0.0356863679230923));
#2974=CARTESIAN_POINT('',(-0.000290397221416034,-0.0127,0.0356863679230935));
#2975=CARTESIAN_POINT('',(-0.000290397221416034,0.,0.0356863679230935));
#2976=CARTESIAN_POINT('',(-0.000242448867898379,-0.0127,0.0358332017518961));
#2977=CARTESIAN_POINT('',(-0.000242448867898379,0.,0.0358332017518961));
#2978=CARTESIAN_POINT('',(-0.000106652894508737,-0.0127,0.0361866048953161));
#2979=CARTESIAN_POINT('',(-0.000106652894508737,-1.73472347597681E-18,0.0361866048953161));
#2980=CARTESIAN_POINT('',(0.000503033412874994,-0.0127,0.0368909547416123));
#2981=CARTESIAN_POINT('',(0.000503033412874994,0.,0.0368909547416123));
#2982=CARTESIAN_POINT('',(0.00149560163132652,-0.0127,0.0372372605123753));
#2983=CARTESIAN_POINT('',(0.00149560163132652,1.73472347597681E-18,0.0372372605123753));
#2984=CARTESIAN_POINT('',(0.00218951576637696,-0.0127,0.0371647357591336));
#2985=CARTESIAN_POINT('',(0.00218951576637696,0.,0.0371647357591336));
#2986=CARTESIAN_POINT('',(0.00260846227163196,-0.0127,0.0370323342231404));
#2987=CARTESIAN_POINT('',(0.00260846227163196,1.73472347597681E-18,0.0370323342231404));
#2988=CARTESIAN_POINT('',(0.00300881841367093,-0.0127,0.0368411017861266));
#2989=CARTESIAN_POINT('',(0.00300881841367093,1.73472347597681E-18,0.0368411017861266));
#2990=CARTESIAN_POINT('',(0.00336200860670264,-0.0127,0.0366051211849793));
#2991=CARTESIAN_POINT('',(0.00336200860670264,1.73472347597681E-18,0.0366051211849793));
#2992=CARTESIAN_POINT('',(0.00373072207317706,-0.0127,0.0363061589842476));
#2993=CARTESIAN_POINT('',(0.00373072207317706,1.73472347597681E-18,0.0363061589842476));
#2994=CARTESIAN_POINT('',(0.00407660287529477,-0.0127,0.0359806271566367));
#2995=CARTESIAN_POINT('',(0.00407660287529477,-1.73472347597681E-18,0.0359806271566367));
#2996=CARTESIAN_POINT('',(0.00440977443441324,-0.0127,0.0356280781020929));
#2997=CARTESIAN_POINT('',(0.00440977443441324,1.73472347597681E-18,0.0356280781020929));
#2998=CARTESIAN_POINT('',(0.00483711515986862,-0.0127,0.0351196841163392));
#2999=CARTESIAN_POINT('',(0.00483711515986862,-3.46944695195361E-18,0.0351196841163392));
#3000=CARTESIAN_POINT('',(0.00530157983519068,-0.0127,0.0344536651633532));
#3001=CARTESIAN_POINT('',(0.00530157983519068,0.,0.0344536651633532));
#3002=CARTESIAN_POINT('',(0.00575775820899681,-0.0127,0.0336252939691127));
#3003=CARTESIAN_POINT('',(0.00575775820899681,0.,0.0336252939691127));
#3004=CARTESIAN_POINT('',(0.00612468289108114,-0.0127,0.0327817956668946));
#3005=CARTESIAN_POINT('',(0.00612468289108114,-1.73472347597681E-18,0.0327817956668946));
#3006=CARTESIAN_POINT('',(0.00631808675224593,-0.0127,0.0322172940430319));
#3007=CARTESIAN_POINT('',(0.00631808675224593,0.,0.0322172940430319));
#3008=CARTESIAN_POINT('',(0.0064040291705715,-0.0127,0.0319357476010129));
#3009=CARTESIAN_POINT('',(0.0064040291705715,0.,0.0319357476010129));
#3010=CARTESIAN_POINT('',(-0.000290397221416034,0.,0.0356863679230935));
#3011=CARTESIAN_POINT('',(-0.0002664230446572,0.,0.0357597848374948));
#3012=CARTESIAN_POINT('',(-0.000206277398100102,0.,0.0359209551351138));
#3013=CARTESIAN_POINT('',(-5.46524183252255E-5,0.,0.0362098817163613));
#3014=CARTESIAN_POINT('',(0.000190962051647963,0.,0.0365333925025039));
#3015=CARTESIAN_POINT('',(0.000552364989369959,0.,0.0368450487814492));
#3016=CARTESIAN_POINT('',(0.0010006603791902,0.,0.0370740967458403));
#3017=CARTESIAN_POINT('',(0.00145648355165595,0.,0.037183592948339));
#3018=CARTESIAN_POINT('',(0.0018483611187444,0.,0.0371962640110507));
#3019=CARTESIAN_POINT('',(0.00215415426640929,0.,0.0371583502152575));
#3020=CARTESIAN_POINT('',(0.00239714878408495,0.,0.0370988728999694));
#3021=CARTESIAN_POINT('',(0.00265950220439024,0.,0.0370082371128257));
#3022=CARTESIAN_POINT('',(0.00290897181772842,0.,0.0368889578524097));
#3023=CARTESIAN_POINT('',(0.00314797872252412,0.,0.0367467589757808));
#3024=CARTESIAN_POINT('',(0.00335561225989033,0.,0.0366031179075353));
#3025=CARTESIAN_POINT('',(0.00354650911296677,0.,0.0364557110245989));
#3026=CARTESIAN_POINT('',(0.00378828581616046,0.,0.0362518624936246));
#3027=CARTESIAN_POINT('',(0.00407663152648629,0.,0.0359806431309011));
#3028=CARTESIAN_POINT('',(0.00440976522872899,0.,0.0356280668231138));
#3029=CARTESIAN_POINT('',(0.00473028815005032,0.,0.0352468117544296));
#3030=CARTESIAN_POINT('',(0.00502287754949955,0.,0.034853171247516));
#3031=CARTESIAN_POINT('',(0.00537762312331915,0.,0.0343156640975448));
#3032=CARTESIAN_POINT('',(0.00575775357903949,0.,0.0336252732081718));
#3033=CARTESIAN_POINT('',(0.0061246842139261,0.,0.032781801598592));
#3034=CARTESIAN_POINT('',(0.00631808675224593,0.,0.0322172940430318));
#3035=CARTESIAN_POINT('',(0.0064040291705715,0.,0.0319357476010129));
#3036=CARTESIAN_POINT('',(-0.000290397221416034,-0.0127,0.0356863679230935));
#3037=CARTESIAN_POINT('',(-0.0002664230446572,-0.0127,0.0357597848374948));
#3038=CARTESIAN_POINT('',(-0.000206277398100102,-0.0127,0.0359209551351138));
#3039=CARTESIAN_POINT('',(-5.46524183252255E-5,-0.0127,0.0362098817163613));
#3040=CARTESIAN_POINT('',(0.000190962051647963,-0.0127,0.0365333925025039));
#3041=CARTESIAN_POINT('',(0.000552364989369959,-0.0127,0.0368450487814492));
#3042=CARTESIAN_POINT('',(0.0010006603791902,-0.0127,0.0370740967458403));
#3043=CARTESIAN_POINT('',(0.00145648355165595,-0.0127,0.037183592948339));
#3044=CARTESIAN_POINT('',(0.0018483611187444,-0.0127,0.0371962640110507));
#3045=CARTESIAN_POINT('',(0.00215415426640929,-0.0127,0.0371583502152575));
#3046=CARTESIAN_POINT('',(0.00239714878408495,-0.0127,0.0370988728999694));
#3047=CARTESIAN_POINT('',(0.00265950220439024,-0.0127,0.0370082371128257));
#3048=CARTESIAN_POINT('',(0.00290897181772842,-0.0127,0.0368889578524097));
#3049=CARTESIAN_POINT('',(0.00314797872252412,-0.0127,0.0367467589757808));
#3050=CARTESIAN_POINT('',(0.00335561225989033,-0.0127,0.0366031179075353));
#3051=CARTESIAN_POINT('',(0.00354650911296677,-0.0127,0.0364557110245989));
#3052=CARTESIAN_POINT('',(0.00378828581616046,-0.0127,0.0362518624936246));
#3053=CARTESIAN_POINT('',(0.00407663152648629,-0.0127,0.0359806431309011));
#3054=CARTESIAN_POINT('',(0.00440976522872899,-0.0127,0.0356280668231138));
#3055=CARTESIAN_POINT('',(0.00473028815005032,-0.0127,0.0352468117544296));
#3056=CARTESIAN_POINT('',(0.00502287754949955,-0.0127,0.034853171247516));
#3057=CARTESIAN_POINT('',(0.00537762312331915,-0.0127,0.0343156640975448));
#3058=CARTESIAN_POINT('',(0.00575775357903949,-0.0127,0.0336252732081718));
#3059=CARTESIAN_POINT('',(0.0061246842139261,-0.0127,0.032781801598592));
#3060=CARTESIAN_POINT('',(0.00631808675224593,-0.0127,0.0322172940430318));
#3061=CARTESIAN_POINT('',(0.0064040291705715,-0.0127,0.0319357476010129));
#3062=CARTESIAN_POINT('',(0.00520527381364489,-0.0127,0.00653230102032916));
#3063=CARTESIAN_POINT('',(0.00520527381364489,0.0011,0.00653230102032916));
#3064=CARTESIAN_POINT('',(0.00628623892686343,-0.0127,0.00641611369310215));
#3065=CARTESIAN_POINT('',(0.00628623892686343,0.0011,0.00641611369310215));
#3066=CARTESIAN_POINT('',(0.0084938771971842,-0.0127,0.00614026416894782));
#3067=CARTESIAN_POINT('',(0.0084938771971842,0.0011,0.00614026416894782));
#3068=CARTESIAN_POINT('',(0.0113676604372467,-0.0127,0.00484428702612061));
#3069=CARTESIAN_POINT('',(0.0113676604372467,0.0011,0.00484428702612061));
#3070=CARTESIAN_POINT('',(0.0133835304689174,-0.0127,0.00244156354136205));
#3071=CARTESIAN_POINT('',(0.0133835304689174,0.0011,0.00244156354136205));
#3072=CARTESIAN_POINT('',(0.0141552454623865,-0.0127,-0.000195915118268296));
#3073=CARTESIAN_POINT('',(0.0141552454623865,0.0011,-0.000195915118268296));
#3074=CARTESIAN_POINT('',(0.0145958011600788,-0.0127,-0.00250728445937396));
#3075=CARTESIAN_POINT('',(0.0145958011600788,0.0011,-0.00250728445937396));
#3076=CARTESIAN_POINT('',(0.0150543639432789,-0.0127,-0.00488046323629651));
#3077=CARTESIAN_POINT('',(0.0150543639432789,0.0011,-0.00488046323629651));
#3078=CARTESIAN_POINT('',(0.0154901393062005,-0.0127,-0.00734968338134495));
#3079=CARTESIAN_POINT('',(0.0154901393062005,0.0011,-0.00734968338134495));
#3080=CARTESIAN_POINT('',(0.0157143429813388,-0.0127,-0.00997404710238052));
#3081=CARTESIAN_POINT('',(0.0157143429813388,0.0011,-0.00997404710238052));
#3082=CARTESIAN_POINT('',(0.0157665655787097,-0.0127,-0.0126723819333268));
#3083=CARTESIAN_POINT('',(0.0157665655787097,0.0011,-0.0126723819333268));
#3084=CARTESIAN_POINT('',(0.0157095786745898,-0.0127,-0.015157495481532));
#3085=CARTESIAN_POINT('',(0.0157095786745898,0.0011,-0.015157495481532));
#3086=CARTESIAN_POINT('',(0.0157799379748053,-0.0127,-0.0167681283323256));
#3087=CARTESIAN_POINT('',(0.0157799379748053,0.0011,-0.0167681283323256));
#3088=CARTESIAN_POINT('',(0.016039720738509,-0.0127,-0.0176535880698769));
#3089=CARTESIAN_POINT('',(0.016039720738509,0.0011,-0.0176535880698769));
#3090=CARTESIAN_POINT('',(0.0167242228105939,-0.0127,-0.0184455059523824));
#3091=CARTESIAN_POINT('',(0.0167242228105939,0.0011,-0.0184455059523824));
#3092=CARTESIAN_POINT('',(0.0176893030218589,-0.0127,-0.0192463131678938));
#3093=CARTESIAN_POINT('',(0.0176893030218589,0.0011,-0.0192463131678938));
#3094=CARTESIAN_POINT('',(0.0186807791713919,-0.0127,-0.0201476911618278));
#3095=CARTESIAN_POINT('',(0.0186807791713919,0.0011,-0.0201476911618278));
#3096=CARTESIAN_POINT('',(0.0195720686491639,-0.0127,-0.0212122585018241));
#3097=CARTESIAN_POINT('',(0.0195720686491639,0.0011,-0.0212122585018241));
#3098=CARTESIAN_POINT('',(0.0203333096654877,-0.0127,-0.0224648744923709));
#3099=CARTESIAN_POINT('',(0.0203333096654877,0.0011,-0.0224648744923709));
#3100=CARTESIAN_POINT('',(0.0211014531807861,-0.0127,-0.0244459921432595));
#3101=CARTESIAN_POINT('',(0.0211014531807861,0.0011,-0.0244459921432595));
#3102=CARTESIAN_POINT('',(0.0215985260716718,-0.0127,-0.0273254946481904));
#3103=CARTESIAN_POINT('',(0.0215985260716718,0.0011,-0.0273254946481904));
#3104=CARTESIAN_POINT('',(0.021565367107975,-0.0127,-0.0306780695292829));
#3105=CARTESIAN_POINT('',(0.021565367107975,0.0011,-0.0306780695292829));
#3106=CARTESIAN_POINT('',(0.0207396606419962,-0.0127,-0.0334951891586558));
#3107=CARTESIAN_POINT('',(0.0207396606419962,0.00110000000000001,-0.0334951891586558));
#3108=CARTESIAN_POINT('',(0.0191687569484455,-0.0127,-0.0357379801328965));
#3109=CARTESIAN_POINT('',(0.0191687569484455,0.0011,-0.0357379801328965));
#3110=CARTESIAN_POINT('',(0.0177327119718479,-0.0127,-0.0376581202311552));
#3111=CARTESIAN_POINT('',(0.0177327119718479,0.0011,-0.0376581202311552));
#3112=CARTESIAN_POINT('',(0.0160808853519906,-0.0127,-0.0388308936879385));
#3113=CARTESIAN_POINT('',(0.0160808853519906,0.0011,-0.0388308936879385));
#3114=CARTESIAN_POINT('',(0.0145424637887023,-0.0127,-0.0394540815607383));
#3115=CARTESIAN_POINT('',(0.0145424637887023,0.0011,-0.0394540815607383));
#3116=CARTESIAN_POINT('',(0.0128694344215349,-0.0127,-0.039816222633343));
#3117=CARTESIAN_POINT('',(0.0128694344215349,0.0011,-0.039816222633343));
#3118=CARTESIAN_POINT('',(0.0111927065897314,-0.0127,-0.0398955612518342));
#3119=CARTESIAN_POINT('',(0.0111927065897314,0.0011,-0.0398955612518342));
#3120=CARTESIAN_POINT('',(0.00991940734098875,-0.0127,-0.0397341305790011));
#3121=CARTESIAN_POINT('',(0.00991940734098875,0.0011,-0.0397341305790011));
#3122=CARTESIAN_POINT('',(0.00910621455567026,-0.0127,-0.0395842591367269));
#3123=CARTESIAN_POINT('',(0.00910621455567026,0.0011,-0.0395842591367269));
#3124=CARTESIAN_POINT('',(0.00862552619112854,-0.0127,-0.0394841862216686));
#3125=CARTESIAN_POINT('',(0.00862552619112854,0.0011,-0.0394841862216686));
#3126=CARTESIAN_POINT('',(0.00832304195569295,-0.0127,-0.0394339988154111));
#3127=CARTESIAN_POINT('',(0.00832304195569295,0.0011,-0.0394339988154111));
#3128=CARTESIAN_POINT('',(0.00813978904098118,-0.0127,-0.0394058109233337));
#3129=CARTESIAN_POINT('',(0.00813978904098118,0.0011,-0.0394058109233337));
#3130=CARTESIAN_POINT('',(0.00785168052799697,-0.0127,-0.0392765731191086));
#3131=CARTESIAN_POINT('',(0.00785168052799697,0.0011,-0.0392765731191086));
#3132=CARTESIAN_POINT('',(0.0075069334423447,-0.0127,-0.0390741383686785));
#3133=CARTESIAN_POINT('',(0.0075069334423447,0.0011,-0.0390741383686785));
#3134=CARTESIAN_POINT('',(0.00730359958672865,-0.0127,-0.0389603440371389));
#3135=CARTESIAN_POINT('',(0.00730359958672865,0.0011,-0.0389603440371389));
#3136=CARTESIAN_POINT('',(0.00738482851917834,-0.0127,-0.0388560832385705));
#3137=CARTESIAN_POINT('',(0.00738482851917834,0.0011,-0.0388560832385705));
#3138=CARTESIAN_POINT('',(0.00799320919595193,-0.0127,-0.0383166119392665));
#3139=CARTESIAN_POINT('',(0.00799320919595193,0.0011,-0.0383166119392665));
#3140=CARTESIAN_POINT('',(0.00899478370426677,-0.0127,-0.0376232955351172));
#3141=CARTESIAN_POINT('',(0.00899478370426677,0.00109999999999999,-0.0376232955351172));
#3142=CARTESIAN_POINT('',(0.0100958101544653,-0.0127,-0.0369402706502269));
#3143=CARTESIAN_POINT('',(0.0100958101544653,0.0011,-0.0369402706502269));
#3144=CARTESIAN_POINT('',(0.0112331543059381,-0.0127,-0.0362835409860603));
#3145=CARTESIAN_POINT('',(0.0112331543059381,0.0011,-0.0362835409860603));
#3146=CARTESIAN_POINT('',(0.0123332302696948,-0.0127,-0.0356346477641651));
#3147=CARTESIAN_POINT('',(0.0123332302696948,0.0011,-0.0356346477641651));
#3148=CARTESIAN_POINT('',(0.0133669147008245,-0.0127,-0.0348760924556878));
#3149=CARTESIAN_POINT('',(0.0133669147008245,0.0011,-0.0348760924556878));
#3150=CARTESIAN_POINT('',(0.0146133390742092,-0.0127,-0.0335713961977419));
#3151=CARTESIAN_POINT('',(0.0146133390742092,0.0011,-0.0335713961977419));
#3152=CARTESIAN_POINT('',(0.0157446110206812,-0.0127,-0.031423566147763));
#3153=CARTESIAN_POINT('',(0.0157446110206812,0.0011,-0.031423566147763));
#3154=CARTESIAN_POINT('',(0.0159186683700058,-0.0127,-0.0288137977387385));
#3155=CARTESIAN_POINT('',(0.0159186683700058,0.0011,-0.0288137977387385));
#3156=CARTESIAN_POINT('',(0.0157302185597827,-0.0127,-0.0267853220375749));
#3157=CARTESIAN_POINT('',(0.0157302185597827,0.0011,-0.0267853220375749));
#3158=CARTESIAN_POINT('',(0.0154372077962689,-0.0127,-0.0253508788260875));
#3159=CARTESIAN_POINT('',(0.0154372077962689,0.0011,-0.0253508788260875));
#3160=CARTESIAN_POINT('',(0.0149343372162048,-0.0127,-0.0240119068111187));
#3161=CARTESIAN_POINT('',(0.0149343372162048,0.0011,-0.0240119068111187));
#3162=CARTESIAN_POINT('',(0.013881968175569,-0.0127,-0.0223680000980507));
#3163=CARTESIAN_POINT('',(0.013881968175569,0.0011,-0.0223680000980507));
#3164=CARTESIAN_POINT('',(0.0120737594756493,-0.0127,-0.0206884246953865));
#3165=CARTESIAN_POINT('',(0.0120737594756493,0.0011,-0.0206884246953865));
#3166=CARTESIAN_POINT('',(0.0106597920674308,-0.0127,-0.0197862080181642));
#3167=CARTESIAN_POINT('',(0.0106597920674308,0.0011,-0.0197862080181642));
#3168=CARTESIAN_POINT('',(0.00689043660187562,-0.0127,-0.0197274075933576));
#3169=CARTESIAN_POINT('',(0.00689043660187562,0.0011,-0.0197274075933576));
#3170=CARTESIAN_POINT('',(0.00154263242802213,-0.0127,-0.0199649143945418));
#3171=CARTESIAN_POINT('',(0.00154263242802213,0.0011,-0.0199649143945418));
#3172=CARTESIAN_POINT('',(-0.00350605962463826,-0.0127,-0.0198373269126415));
#3173=CARTESIAN_POINT('',(-0.00350605962463826,0.0011,-0.0198373269126415));
#3174=CARTESIAN_POINT('',(-0.00720381619448518,-0.0127,-0.0196713899686211));
#3175=CARTESIAN_POINT('',(-0.00720381619448518,0.0011,-0.0196713899686211));
#3176=CARTESIAN_POINT('',(-0.0095946785035882,-0.0127,-0.0195984343322394));
#3177=CARTESIAN_POINT('',(-0.0095946785035882,0.0011,-0.0195984343322394));
#3178=CARTESIAN_POINT('',(-0.0114284093680046,-0.0127,-0.0196373389743238));
#3179=CARTESIAN_POINT('',(-0.0114284093680046,0.0011,-0.0196373389743238));
#3180=CARTESIAN_POINT('',(-0.0124452528644844,-0.0127,-0.0198495106149169));
#3181=CARTESIAN_POINT('',(-0.0124452528644844,0.0011,-0.0198495106149169));
#3182=CARTESIAN_POINT('',(-0.0130979918771068,-0.0127,-0.0203444520851351));
#3183=CARTESIAN_POINT('',(-0.0130979918771068,0.0011,-0.0203444520851351));
#3184=CARTESIAN_POINT('',(-0.0140052572048092,-0.0127,-0.0212473029657815));
#3185=CARTESIAN_POINT('',(-0.0140052572048092,0.0011,-0.0212473029657815));
#3186=CARTESIAN_POINT('',(-0.014949058757171,-0.0127,-0.0223811231691918));
#3187=CARTESIAN_POINT('',(-0.014949058757171,0.0011,-0.0223811231691918));
#3188=CARTESIAN_POINT('',(-0.015668318107438,-0.0127,-0.0235259720903274));
#3189=CARTESIAN_POINT('',(-0.015668318107438,0.0011,-0.0235259720903274));
#3190=CARTESIAN_POINT('',(-0.0160497195709523,-0.0127,-0.0246217356403443));
#3191=CARTESIAN_POINT('',(-0.0160497195709523,0.0011,-0.0246217356403443));
#3192=CARTESIAN_POINT('',(-0.0162322935330069,-0.0127,-0.026248426610002));
#3193=CARTESIAN_POINT('',(-0.0162322935330069,0.0011,-0.026248426610002));
#3194=CARTESIAN_POINT('',(-0.0159853846213961,-0.0127,-0.0288629404812255));
#3195=CARTESIAN_POINT('',(-0.0159853846213961,0.0011,-0.0288629404812255));
#3196=CARTESIAN_POINT('',(-0.0147388069074583,-0.0127,-0.0319117164460686));
#3197=CARTESIAN_POINT('',(-0.0147388069074583,0.0011,-0.0319117164460686));
#3198=CARTESIAN_POINT('',(-0.0131868842957737,-0.0127,-0.0339397659938949));
#3199=CARTESIAN_POINT('',(-0.0131868842957737,0.0011,-0.0339397659938949));
#3200=CARTESIAN_POINT('',(-0.011867246035564,-0.0127,-0.0352008091079611));
#3201=CARTESIAN_POINT('',(-0.011867246035564,0.0011,-0.0352008091079611));
#3202=CARTESIAN_POINT('',(-0.0107008672285128,-0.0127,-0.0360854171625581));
#3203=CARTESIAN_POINT('',(-0.0107008672285128,0.0011,-0.0360854171625581));
#3204=CARTESIAN_POINT('',(-0.00919087573034359,-0.0127,-0.037044415827088));
#3205=CARTESIAN_POINT('',(-0.00919087573034359,0.0011,-0.037044415827088));
#3206=CARTESIAN_POINT('',(-0.00750458317407615,-0.0127,-0.0380314912119152));
#3207=CARTESIAN_POINT('',(-0.00750458317407615,0.0011,-0.0380314912119152));
#3208=CARTESIAN_POINT('',(-0.00649213626547557,-0.0127,-0.0386483006385182));
#3209=CARTESIAN_POINT('',(-0.00649213626547557,0.0011,-0.0386483006385182));
#3210=CARTESIAN_POINT('',(-0.0061933563904154,-0.0127,-0.0388614971099533));
#3211=CARTESIAN_POINT('',(-0.0061933563904154,0.0011,-0.0388614971099533));
#3212=CARTESIAN_POINT('',(-0.00633324502724139,-0.0127,-0.0389678678092234));
#3213=CARTESIAN_POINT('',(-0.00633324502724139,0.0011,-0.0389678678092234));
#3214=CARTESIAN_POINT('',(-0.00727146818377748,-0.0127,-0.0394036694218182));
#3215=CARTESIAN_POINT('',(-0.00727146818377748,0.0011,-0.0394036694218182));
#3216=CARTESIAN_POINT('',(-0.00908792851326116,-0.0127,-0.0399390952035101));
#3217=CARTESIAN_POINT('',(-0.00908792851326116,0.0011,-0.0399390952035101));
#3218=CARTESIAN_POINT('',(-0.011030710894503,-0.0127,-0.0401381999485042));
#3219=CARTESIAN_POINT('',(-0.011030710894503,0.0011,-0.0401381999485042));
#3220=CARTESIAN_POINT('',(-0.012781321208025,-0.0127,-0.0398079431448476));
#3221=CARTESIAN_POINT('',(-0.012781321208025,0.0011,-0.0398079431448476));
#3222=CARTESIAN_POINT('',(-0.0144178026982384,-0.0127,-0.0390819778803772));
#3223=CARTESIAN_POINT('',(-0.0144178026982384,0.0011,-0.0390819778803772));
#3224=CARTESIAN_POINT('',(-0.0164521381773378,-0.0127,-0.0376821258993987));
#3225=CARTESIAN_POINT('',(-0.0164521381773378,0.0011,-0.0376821258993987));
#3226=CARTESIAN_POINT('',(-0.0187776005054602,-0.0127,-0.035339658624132));
#3227=CARTESIAN_POINT('',(-0.0187776005054602,0.0011,-0.035339658624132));
#3228=CARTESIAN_POINT('',(-0.0207812419353893,-0.0127,-0.0319674043818619));
#3229=CARTESIAN_POINT('',(-0.0207812419353893,0.0011,-0.0319674043818619));
#3230=CARTESIAN_POINT('',(-0.0216412812520738,-0.0127,-0.0283914265927568));
#3231=CARTESIAN_POINT('',(-0.0216412812520738,0.0011,-0.0283914265927568));
#3232=CARTESIAN_POINT('',(-0.021398009614886,-0.0127,-0.0253717387273356));
#3233=CARTESIAN_POINT('',(-0.021398009614886,0.0011,-0.0253717387273356));
#3234=CARTESIAN_POINT('',(-0.0206505627147821,-0.0127,-0.0230456902886698));
#3235=CARTESIAN_POINT('',(-0.0206505627147821,0.0011,-0.0230456902886698));
#3236=CARTESIAN_POINT('',(-0.0198496000106475,-0.0127,-0.0213869154060822));
#3237=CARTESIAN_POINT('',(-0.0198496000106475,0.0011,-0.0213869154060822));
#3238=CARTESIAN_POINT('',(-0.0188063915429632,-0.0127,-0.0198413128188398));
#3239=CARTESIAN_POINT('',(-0.0188063915429632,0.0011,-0.0198413128188398));
#3240=CARTESIAN_POINT('',(-0.017649596936234,-0.0127,-0.0184800192873263));
#3241=CARTESIAN_POINT('',(-0.017649596936234,0.0011,-0.0184800192873263));
#3242=CARTESIAN_POINT('',(-0.0168309126303733,-0.0127,-0.0176001697219541));
#3243=CARTESIAN_POINT('',(-0.0168309126303733,0.00110000000000001,-0.0176001697219541));
#3244=CARTESIAN_POINT('',(-0.0163932733604495,-0.0127,-0.0171092602757169));
#3245=CARTESIAN_POINT('',(-0.0163932733604495,0.0011,-0.0171092602757169));
#3246=CARTESIAN_POINT('',(-0.0162020686823045,-0.0127,-0.016851895552897));
#3247=CARTESIAN_POINT('',(-0.0162020686823045,0.0011,-0.016851895552897));
#3248=CARTESIAN_POINT('',(-0.0160966273748271,-0.0127,-0.0165638586661102));
#3249=CARTESIAN_POINT('',(-0.0160966273748271,0.0011,-0.0165638586661102));
#3250=CARTESIAN_POINT('',(-0.0160029595386706,-0.0127,-0.0159386779921953));
#3251=CARTESIAN_POINT('',(-0.0160029595386706,0.0011,-0.0159386779921953));
#3252=CARTESIAN_POINT('',(-0.0158923266593985,-0.0127,-0.0145130990284648));
#3253=CARTESIAN_POINT('',(-0.0158923266593985,0.0011,-0.0145130990284648));
#3254=CARTESIAN_POINT('',(-0.0157658799962826,-0.0127,-0.0121574700655613));
#3255=CARTESIAN_POINT('',(-0.0157658799962826,0.0011,-0.0121574700655613));
#3256=CARTESIAN_POINT('',(-0.015625077436098,-0.0127,-0.00948019590579171));
#3257=CARTESIAN_POINT('',(-0.015625077436098,0.0011,-0.00948019590579171));
#3258=CARTESIAN_POINT('',(-0.0154533076989122,-0.0127,-0.0068118475079286));
#3259=CARTESIAN_POINT('',(-0.0154533076989122,0.0011,-0.0068118475079286));
#3260=CARTESIAN_POINT('',(-0.0151614151454535,-0.0127,-0.00375099724675551));
#3261=CARTESIAN_POINT('',(-0.0151614151454535,0.0011,-0.00375099724675551));
#3262=CARTESIAN_POINT('',(-0.0147013998449253,-0.0127,-0.00136472466732995));
#3263=CARTESIAN_POINT('',(-0.0147013998449253,0.0011,-0.00136472466732995));
#3264=CARTESIAN_POINT('',(-0.0138966711375328,-0.0127,0.000700300053743766));
#3265=CARTESIAN_POINT('',(-0.0138966711375328,0.0011,0.000700300053743766));
#3266=CARTESIAN_POINT('',(-0.0131055784288524,-0.0127,0.00213858786798033));
#3267=CARTESIAN_POINT('',(-0.0131055784288524,0.0011,0.00213858786798033));
#3268=CARTESIAN_POINT('',(-0.0122624868813988,-0.0127,0.00334798386662387));
#3269=CARTESIAN_POINT('',(-0.0122624868813988,0.0011,0.00334798386662387));
#3270=CARTESIAN_POINT('',(-0.0115341494199411,-0.0127,0.0041919111165539));
#3271=CARTESIAN_POINT('',(-0.0115341494199411,0.0011,0.0041919111165539));
#3272=CARTESIAN_POINT('',(-0.0108730944969915,-0.0127,0.00469396181111872));
#3273=CARTESIAN_POINT('',(-0.0108730944969915,0.0011,0.00469396181111872));
#3274=CARTESIAN_POINT('',(-0.00973535165824495,-0.0127,0.0052146270387369));
#3275=CARTESIAN_POINT('',(-0.00973535165824495,0.0011,0.0052146270387369));
#3276=CARTESIAN_POINT('',(-0.00814879931748113,-0.0127,0.0058110484207112));
#3277=CARTESIAN_POINT('',(-0.00814879931748113,0.0011,0.0058110484207112));
#3278=CARTESIAN_POINT('',(-0.00687373208134527,-0.0127,0.00622189387280244));
#3279=CARTESIAN_POINT('',(-0.00687373208134527,0.0011,0.00622189387280244));
#3280=CARTESIAN_POINT('',(-0.0060963795965152,-0.0127,0.00642974867480099));
#3281=CARTESIAN_POINT('',(-0.0060963795965152,0.0011,0.00642974867480099));
#3282=CARTESIAN_POINT('',(-0.00551436947550273,-0.0127,0.00654697385294052));
#3283=CARTESIAN_POINT('',(-0.00551436947550273,0.0011,0.00654697385294052));
#3284=CARTESIAN_POINT('',(-0.00516621765431644,-0.0127,0.00658344740279081));
#3285=CARTESIAN_POINT('',(-0.00516621765431644,0.0011,0.00658344740279081));
#3286=CARTESIAN_POINT('',(-0.00487662441644514,-0.0127,0.00662243217245836));
#3287=CARTESIAN_POINT('',(-0.00487662441644514,0.0011,0.00662243217245836));
#3288=CARTESIAN_POINT('',(0.00520527381364489,0.0011,0.00653230102032916));
#3289=CARTESIAN_POINT('',(0.00686123893875136,0.0011,0.00635430992744885));
#3290=CARTESIAN_POINT('',(0.0101811529747571,0.0011,0.00588088100563694));
#3291=CARTESIAN_POINT('',(0.013678175044109,0.0011,0.00252861905596989));
#3292=CARTESIAN_POINT('',(0.0146586446823603,0.0011,-0.00296493109581334));
#3293=CARTESIAN_POINT('',(0.0159413852596913,0.0011,-0.00926455024558774));
#3294=CARTESIAN_POINT('',(0.0156295527787143,0.0011,-0.0156737104946193));
#3295=CARTESIAN_POINT('',(0.0159475147179208,0.0011,-0.017943798206218));
#3296=CARTESIAN_POINT('',(0.0183775151427145,0.0011,-0.0196764177258771));
#3297=CARTESIAN_POINT('',(0.0207936879379873,0.0011,-0.0226547769104804));
#3298=CARTESIAN_POINT('',(0.0217801027057968,0.0011,-0.0278893060071183));
#3299=CARTESIAN_POINT('',(0.021312729957923,0.0011,-0.0326128989648649));
#3300=CARTESIAN_POINT('',(0.0191781572238202,0.0011,-0.0357613538075926));
#3301=CARTESIAN_POINT('',(0.0166729220571846,0.0011,-0.0390396070183912));
#3302=CARTESIAN_POINT('',(0.0116843741736889,0.0011,-0.0402207885429544));
#3303=CARTESIAN_POINT('',(0.0085080422001883,0.0011,-0.0394291697147125));
#3304=CARTESIAN_POINT('',(0.00808461129493963,0.0011,-0.0394231398771099));
#3305=CARTESIAN_POINT('',(0.00737035427747555,0.0011,-0.0389998567995425));
#3306=CARTESIAN_POINT('',(0.00729518823447747,0.0011,-0.038906543777811));
#3307=CARTESIAN_POINT('',(0.00843620851548744,0.0011,-0.0379391749147876));
#3308=CARTESIAN_POINT('',(0.0108909808451054,0.0011,-0.0364596363536066));
#3309=CARTESIAN_POINT('',(0.0136466207838598,0.0011,-0.0349203543039241));
#3310=CARTESIAN_POINT('',(0.0158537485830483,0.0011,-0.0317451763718365));
#3311=CARTESIAN_POINT('',(0.0159626293438676,0.0011,-0.0272911487259552));
#3312=CARTESIAN_POINT('',(0.0149897585035247,0.0011,-0.0234399209828704));
#3313=CARTESIAN_POINT('',(0.0121827051939953,0.0011,-0.0207379335197353));
#3314=CARTESIAN_POINT('',(0.0100204001282639,0.0011,-0.0194191695455773));
#3315=CARTESIAN_POINT('',(9.98286092703484E-5,0.0011,-0.0202948375658203));
#3316=CARTESIAN_POINT('',(-0.0114800383329818,0.0011,-0.0192683597865456));
#3317=CARTESIAN_POINT('',(-0.0131507623650005,0.0011,-0.0202826989734616));
#3318=CARTESIAN_POINT('',(-0.0156373767047519,0.0011,-0.0230358209812564));
#3319=CARTESIAN_POINT('',(-0.016378611023666,0.0011,-0.0257339722300446));
#3320=CARTESIAN_POINT('',(-0.0157796621251518,0.0011,-0.0302202279356535));
#3321=CARTESIAN_POINT('',(-0.0131903143311983,0.0011,-0.03417364171231));
#3322=CARTESIAN_POINT('',(-0.0103300651848052,0.0011,-0.0364782679885168));
#3323=CARTESIAN_POINT('',(-0.00623843675449552,0.0011,-0.0387310163859751));
#3324=CARTESIAN_POINT('',(-0.00623029516248214,0.0011,-0.0390019997451126));
#3325=CARTESIAN_POINT('',(-0.0108621439854681,0.0011,-0.0408974018241928));
#3326=CARTESIAN_POINT('',(-0.0162308578704086,0.0011,-0.0383904792757028));
#3327=CARTESIAN_POINT('',(-0.0208555854903461,0.0011,-0.0327900279183652));
#3328=CARTESIAN_POINT('',(-0.022009577056285,0.0011,-0.0263708164750624));
#3329=CARTESIAN_POINT('',(-0.0198128485509683,0.0011,-0.0205892598098102));
#3330=CARTESIAN_POINT('',(-0.0163466542745386,0.0011,-0.0171672100797375));
#3331=CARTESIAN_POINT('',(-0.0158857587786678,0.0011,-0.0162616676964744));
#3332=CARTESIAN_POINT('',(-0.0155932649859457,0.0011,-0.00598240071493129));
#3333=CARTESIAN_POINT('',(-0.0145313134146985,0.0011,0.000131019211230376));
#3334=CARTESIAN_POINT('',(-0.0118901994384883,0.0011,0.00396744959721101));
#3335=CARTESIAN_POINT('',(-0.0104725652410731,0.0011,0.00501660091756985));
#3336=CARTESIAN_POINT('',(-0.00622447181368436,0.0011,0.00649351598710727));
#3337=CARTESIAN_POINT('',(-0.00535292280445228,0.0011,0.00655831333085151));
#3338=CARTESIAN_POINT('',(-0.00487662441644514,0.0011,0.00662243217245836));
#3339=CARTESIAN_POINT('',(0.0105932089740812,0.0011,0.00509207111013382));
#3340=CARTESIAN_POINT('',(0.0105932089745926,0.0011,0.00509207110982267));
#3341=CARTESIAN_POINT('',(0.0152091256356991,0.0011,-0.00580445254462851));
#3342=CARTESIAN_POINT('',(0.0152091256361315,0.0011,-0.0058044525471902));
#3343=CARTESIAN_POINT('',(0.00520527381364489,0.0011,0.00653230102032916));
#3344=CARTESIAN_POINT('',(0.00686123893875136,0.0011,0.00635430992744885));
#3345=CARTESIAN_POINT('',(0.0101811529747571,0.0011,0.00588088100563694));
#3346=CARTESIAN_POINT('',(0.013678175044109,0.0011,0.00252861905596989));
#3347=CARTESIAN_POINT('',(0.0146586446823603,0.0011,-0.00296493109581334));
#3348=CARTESIAN_POINT('',(0.0159413852596913,0.0011,-0.00926455024558774));
#3349=CARTESIAN_POINT('',(0.0156295527787143,0.0011,-0.0156737104946193));
#3350=CARTESIAN_POINT('',(0.0159475147179208,0.0011,-0.017943798206218));
#3351=CARTESIAN_POINT('',(0.0183775151427145,0.0011,-0.0196764177258771));
#3352=CARTESIAN_POINT('',(0.0207936879379873,0.0011,-0.0226547769104804));
#3353=CARTESIAN_POINT('',(0.0217801027057968,0.0011,-0.0278893060071183));
#3354=CARTESIAN_POINT('',(0.021312729957923,0.0011,-0.0326128989648649));
#3355=CARTESIAN_POINT('',(0.0191781572238202,0.0011,-0.0357613538075926));
#3356=CARTESIAN_POINT('',(0.0166729220571846,0.0011,-0.0390396070183912));
#3357=CARTESIAN_POINT('',(0.0116843741736889,0.0011,-0.0402207885429544));
#3358=CARTESIAN_POINT('',(0.0085080422001883,0.0011,-0.0394291697147125));
#3359=CARTESIAN_POINT('',(0.00808461129493963,0.0011,-0.0394231398771099));
#3360=CARTESIAN_POINT('',(0.00737035427747555,0.0011,-0.0389998567995425));
#3361=CARTESIAN_POINT('',(0.00729518823447747,0.0011,-0.038906543777811));
#3362=CARTESIAN_POINT('',(0.00843620851548744,0.0011,-0.0379391749147876));
#3363=CARTESIAN_POINT('',(0.0108909808451054,0.0011,-0.0364596363536066));
#3364=CARTESIAN_POINT('',(0.0136466207838598,0.0011,-0.0349203543039241));
#3365=CARTESIAN_POINT('',(0.0158537485830483,0.0011,-0.0317451763718365));
#3366=CARTESIAN_POINT('',(0.0159626293438676,0.0011,-0.0272911487259552));
#3367=CARTESIAN_POINT('',(0.0149897585035247,0.0011,-0.0234399209828704));
#3368=CARTESIAN_POINT('',(0.0121827051939953,0.0011,-0.0207379335197353));
#3369=CARTESIAN_POINT('',(0.0100204001282639,0.0011,-0.0194191695455773));
#3370=CARTESIAN_POINT('',(9.98286092703484E-5,0.0011,-0.0202948375658203));
#3371=CARTESIAN_POINT('',(-0.0114800383329818,0.0011,-0.0192683597865456));
#3372=CARTESIAN_POINT('',(-0.0131507623650005,0.0011,-0.0202826989734616));
#3373=CARTESIAN_POINT('',(-0.0156373767047519,0.0011,-0.0230358209812564));
#3374=CARTESIAN_POINT('',(-0.016378611023666,0.0011,-0.0257339722300446));
#3375=CARTESIAN_POINT('',(-0.0157796621251518,0.0011,-0.0302202279356535));
#3376=CARTESIAN_POINT('',(-0.0131903143311983,0.0011,-0.03417364171231));
#3377=CARTESIAN_POINT('',(-0.0103300651848052,0.0011,-0.0364782679885168));
#3378=CARTESIAN_POINT('',(-0.00623843675449552,0.0011,-0.0387310163859751));
#3379=CARTESIAN_POINT('',(-0.00623029516248214,0.0011,-0.0390019997451126));
#3380=CARTESIAN_POINT('',(-0.0108621439854681,0.0011,-0.0408974018241928));
#3381=CARTESIAN_POINT('',(-0.0162308578704086,0.0011,-0.0383904792757028));
#3382=CARTESIAN_POINT('',(-0.0208555854903461,0.0011,-0.0327900279183652));
#3383=CARTESIAN_POINT('',(-0.022009577056285,0.0011,-0.0263708164750624));
#3384=CARTESIAN_POINT('',(-0.0198128485509683,0.0011,-0.0205892598098102));
#3385=CARTESIAN_POINT('',(-0.0163466542745386,0.0011,-0.0171672100797375));
#3386=CARTESIAN_POINT('',(-0.0158857587786678,0.0011,-0.0162616676964744));
#3387=CARTESIAN_POINT('',(-0.0155932649859457,0.0011,-0.00598240071493129));
#3388=CARTESIAN_POINT('',(-0.0145313134146985,0.0011,0.000131019211230376));
#3389=CARTESIAN_POINT('',(-0.0118901994384883,0.0011,0.00396744959721101));
#3390=CARTESIAN_POINT('',(-0.0104725652410731,0.0011,0.00501660091756985));
#3391=CARTESIAN_POINT('',(-0.00622447181368436,0.0011,0.00649351598710727));
#3392=CARTESIAN_POINT('',(-0.00535292280445228,0.0011,0.00655831333085151));
#3393=CARTESIAN_POINT('',(-0.00487662441644514,0.0011,0.00662243217245836));
#3394=CARTESIAN_POINT('',(-0.0154391874067456,0.0011,-0.00679480004972825));
#3395=CARTESIAN_POINT('',(-0.0154391874067812,0.0011,-0.00679480005017684));
#3396=CARTESIAN_POINT('',(-0.0093370725107997,0.0011,0.0053573520403174));
#3397=CARTESIAN_POINT('',(-0.00933707251080079,0.0011,0.00535735204031696));
#3398=CARTESIAN_POINT('',(0.00520527381364489,0.0011,0.00653230102032916));
#3399=CARTESIAN_POINT('',(0.00686123893875136,0.0011,0.00635430992744885));
#3400=CARTESIAN_POINT('',(0.0101811529747571,0.0011,0.00588088100563694));
#3401=CARTESIAN_POINT('',(0.013678175044109,0.0011,0.00252861905596989));
#3402=CARTESIAN_POINT('',(0.0146586446823603,0.0011,-0.00296493109581334));
#3403=CARTESIAN_POINT('',(0.0159413852596913,0.0011,-0.00926455024558774));
#3404=CARTESIAN_POINT('',(0.0156295527787143,0.0011,-0.0156737104946193));
#3405=CARTESIAN_POINT('',(0.0159475147179208,0.0011,-0.017943798206218));
#3406=CARTESIAN_POINT('',(0.0183775151427145,0.0011,-0.0196764177258771));
#3407=CARTESIAN_POINT('',(0.0207936879379873,0.0011,-0.0226547769104804));
#3408=CARTESIAN_POINT('',(0.0217801027057968,0.0011,-0.0278893060071183));
#3409=CARTESIAN_POINT('',(0.021312729957923,0.0011,-0.0326128989648649));
#3410=CARTESIAN_POINT('',(0.0191781572238202,0.0011,-0.0357613538075926));
#3411=CARTESIAN_POINT('',(0.0166729220571846,0.0011,-0.0390396070183912));
#3412=CARTESIAN_POINT('',(0.0116843741736889,0.0011,-0.0402207885429544));
#3413=CARTESIAN_POINT('',(0.0085080422001883,0.0011,-0.0394291697147125));
#3414=CARTESIAN_POINT('',(0.00808461129493963,0.0011,-0.0394231398771099));
#3415=CARTESIAN_POINT('',(0.00737035427747555,0.0011,-0.0389998567995425));
#3416=CARTESIAN_POINT('',(0.00729518823447747,0.0011,-0.038906543777811));
#3417=CARTESIAN_POINT('',(0.00843620851548744,0.0011,-0.0379391749147876));
#3418=CARTESIAN_POINT('',(0.0108909808451054,0.0011,-0.0364596363536066));
#3419=CARTESIAN_POINT('',(0.0136466207838598,0.0011,-0.0349203543039241));
#3420=CARTESIAN_POINT('',(0.0158537485830483,0.0011,-0.0317451763718365));
#3421=CARTESIAN_POINT('',(0.0159626293438676,0.0011,-0.0272911487259552));
#3422=CARTESIAN_POINT('',(0.0149897585035247,0.0011,-0.0234399209828704));
#3423=CARTESIAN_POINT('',(0.0121827051939953,0.0011,-0.0207379335197353));
#3424=CARTESIAN_POINT('',(0.0100204001282639,0.0011,-0.0194191695455773));
#3425=CARTESIAN_POINT('',(9.98286092703484E-5,0.0011,-0.0202948375658203));
#3426=CARTESIAN_POINT('',(-0.0114800383329818,0.0011,-0.0192683597865456));
#3427=CARTESIAN_POINT('',(-0.0131507623650005,0.0011,-0.0202826989734616));
#3428=CARTESIAN_POINT('',(-0.0156373767047519,0.0011,-0.0230358209812564));
#3429=CARTESIAN_POINT('',(-0.016378611023666,0.0011,-0.0257339722300446));
#3430=CARTESIAN_POINT('',(-0.0157796621251518,0.0011,-0.0302202279356535));
#3431=CARTESIAN_POINT('',(-0.0131903143311983,0.0011,-0.03417364171231));
#3432=CARTESIAN_POINT('',(-0.0103300651848052,0.0011,-0.0364782679885168));
#3433=CARTESIAN_POINT('',(-0.00623843675449552,0.0011,-0.0387310163859751));
#3434=CARTESIAN_POINT('',(-0.00623029516248214,0.0011,-0.0390019997451126));
#3435=CARTESIAN_POINT('',(-0.0108621439854681,0.0011,-0.0408974018241928));
#3436=CARTESIAN_POINT('',(-0.0162308578704086,0.0011,-0.0383904792757028));
#3437=CARTESIAN_POINT('',(-0.0208555854903461,0.0011,-0.0327900279183652));
#3438=CARTESIAN_POINT('',(-0.022009577056285,0.0011,-0.0263708164750624));
#3439=CARTESIAN_POINT('',(-0.0198128485509683,0.0011,-0.0205892598098102));
#3440=CARTESIAN_POINT('',(-0.0163466542745386,0.0011,-0.0171672100797375));
#3441=CARTESIAN_POINT('',(-0.0158857587786678,0.0011,-0.0162616676964744));
#3442=CARTESIAN_POINT('',(-0.0155932649859457,0.0011,-0.00598240071493129));
#3443=CARTESIAN_POINT('',(-0.0145313134146985,0.0011,0.000131019211230376));
#3444=CARTESIAN_POINT('',(-0.0118901994384883,0.0011,0.00396744959721101));
#3445=CARTESIAN_POINT('',(-0.0104725652410731,0.0011,0.00501660091756985));
#3446=CARTESIAN_POINT('',(-0.00622447181368436,0.0011,0.00649351598710727));
#3447=CARTESIAN_POINT('',(-0.00535292280445228,0.0011,0.00655831333085151));
#3448=CARTESIAN_POINT('',(-0.00487662441644514,0.0011,0.00662243217245836));
#3449=CARTESIAN_POINT('',(0.00520527381364489,-0.0127,0.00653230102032916));
#3450=CARTESIAN_POINT('',(0.00686123893875136,-0.0127,0.00635430992744885));
#3451=CARTESIAN_POINT('',(0.0101811529747571,-0.0127,0.00588088100563694));
#3452=CARTESIAN_POINT('',(0.013678175044109,-0.0127,0.00252861905596989));
#3453=CARTESIAN_POINT('',(0.0146586446823603,-0.0127,-0.00296493109581334));
#3454=CARTESIAN_POINT('',(0.0159413852596913,-0.0127,-0.00926455024558774));
#3455=CARTESIAN_POINT('',(0.0156295527787143,-0.0127,-0.0156737104946193));
#3456=CARTESIAN_POINT('',(0.0159475147179208,-0.0127,-0.017943798206218));
#3457=CARTESIAN_POINT('',(0.0183775151427145,-0.0127,-0.0196764177258771));
#3458=CARTESIAN_POINT('',(0.0207936879379873,-0.0127,-0.0226547769104804));
#3459=CARTESIAN_POINT('',(0.0217801027057968,-0.0127,-0.0278893060071183));
#3460=CARTESIAN_POINT('',(0.021312729957923,-0.0127,-0.0326128989648649));
#3461=CARTESIAN_POINT('',(0.0191781572238202,-0.0127,-0.0357613538075926));
#3462=CARTESIAN_POINT('',(0.0166729220571846,-0.0127,-0.0390396070183912));
#3463=CARTESIAN_POINT('',(0.0116843741736889,-0.0127,-0.0402207885429544));
#3464=CARTESIAN_POINT('',(0.0085080422001883,-0.0127,-0.0394291697147125));
#3465=CARTESIAN_POINT('',(0.00808461129493963,-0.0127,-0.0394231398771099));
#3466=CARTESIAN_POINT('',(0.00737035427747555,-0.0127,-0.0389998567995425));
#3467=CARTESIAN_POINT('',(0.00729518823447747,-0.0127,-0.038906543777811));
#3468=CARTESIAN_POINT('',(0.00843620851548744,-0.0127,-0.0379391749147876));
#3469=CARTESIAN_POINT('',(0.0108909808451054,-0.0127,-0.0364596363536066));
#3470=CARTESIAN_POINT('',(0.0136466207838598,-0.0127,-0.0349203543039241));
#3471=CARTESIAN_POINT('',(0.0158537485830483,-0.0127,-0.0317451763718365));
#3472=CARTESIAN_POINT('',(0.0159626293438676,-0.0127,-0.0272911487259552));
#3473=CARTESIAN_POINT('',(0.0149897585035247,-0.0127,-0.0234399209828704));
#3474=CARTESIAN_POINT('',(0.0121827051939953,-0.0127,-0.0207379335197353));
#3475=CARTESIAN_POINT('',(0.0100204001282639,-0.0127,-0.0194191695455773));
#3476=CARTESIAN_POINT('',(9.98286092703484E-5,-0.0127,-0.0202948375658203));
#3477=CARTESIAN_POINT('',(-0.0114800383329818,-0.0127,-0.0192683597865456));
#3478=CARTESIAN_POINT('',(-0.0131507623650005,-0.0127,-0.0202826989734616));
#3479=CARTESIAN_POINT('',(-0.0156373767047519,-0.0127,-0.0230358209812564));
#3480=CARTESIAN_POINT('',(-0.016378611023666,-0.0127,-0.0257339722300446));
#3481=CARTESIAN_POINT('',(-0.0157796621251518,-0.0127,-0.0302202279356535));
#3482=CARTESIAN_POINT('',(-0.0131903143311983,-0.0127,-0.03417364171231));
#3483=CARTESIAN_POINT('',(-0.0103300651848052,-0.0127,-0.0364782679885168));
#3484=CARTESIAN_POINT('',(-0.00623843675449552,-0.0127,-0.0387310163859751));
#3485=CARTESIAN_POINT('',(-0.00623029516248214,-0.0127,-0.0390019997451126));
#3486=CARTESIAN_POINT('',(-0.0108621439854681,-0.0127,-0.0408974018241928));
#3487=CARTESIAN_POINT('',(-0.0162308578704086,-0.0127,-0.0383904792757028));
#3488=CARTESIAN_POINT('',(-0.0208555854903461,-0.0127,-0.0327900279183652));
#3489=CARTESIAN_POINT('',(-0.022009577056285,-0.0127,-0.0263708164750624));
#3490=CARTESIAN_POINT('',(-0.0198128485509683,-0.0127,-0.0205892598098102));
#3491=CARTESIAN_POINT('',(-0.0163466542745386,-0.0127,-0.0171672100797375));
#3492=CARTESIAN_POINT('',(-0.0158857587786678,-0.0127,-0.0162616676964744));
#3493=CARTESIAN_POINT('',(-0.0155932649859457,-0.0127,-0.00598240071493129));
#3494=CARTESIAN_POINT('',(-0.0145313134146985,-0.0127,0.000131019211230376));
#3495=CARTESIAN_POINT('',(-0.0118901994384883,-0.0127,0.00396744959721101));
#3496=CARTESIAN_POINT('',(-0.0104725652410731,-0.0127,0.00501660091756985));
#3497=CARTESIAN_POINT('',(-0.00622447181368436,-0.0127,0.00649351598710727));
#3498=CARTESIAN_POINT('',(-0.00535292280445228,-0.0127,0.00655831333085151));
#3499=CARTESIAN_POINT('',(-0.00487662441644514,-0.0127,0.00662243217245836));
#3500=CARTESIAN_POINT('',(0.00680909194846126,-0.0127,0.0320947277704961));
#3501=CARTESIAN_POINT('',(-0.00933707250398517,0.0011,0.00535735204144945));
#3502=CARTESIAN_POINT('',(-0.00933707250398517,0.,0.00535735204144945));
#3503=CARTESIAN_POINT('',(-0.00867184773559759,0.0011,0.00546786123419106));
#3504=CARTESIAN_POINT('',(-0.00867184773559759,0.,0.00546786123419106));
#3505=CARTESIAN_POINT('',(-0.00732660639234476,0.0011,0.00553929534560693));
#3506=CARTESIAN_POINT('',(-0.00732660639234476,2.16840434497101E-19,0.00553929534560693));
#3507=CARTESIAN_POINT('',(-0.00520921758867842,0.0011,0.00515023514019682));
#3508=CARTESIAN_POINT('',(-0.00520921758867842,-2.16840434497101E-19,0.00515023514019682));
#3509=CARTESIAN_POINT('',(-0.00314939153837692,0.0011,0.00405362234146354));
#3510=CARTESIAN_POINT('',(-0.00314939153837692,-2.16840434497101E-19,0.00405362234146354));
#3511=CARTESIAN_POINT('',(-0.00154672293849805,0.0011,0.00228589721281661));
#3512=CARTESIAN_POINT('',(-0.00154672293849805,2.16840434497101E-19,0.00228589721281661));
#3513=CARTESIAN_POINT('',(-0.000595218515775717,0.0011,0.000125172459632309));
#3514=CARTESIAN_POINT('',(-0.000595218515775717,0.,0.000125172459632309));
#3515=CARTESIAN_POINT('',(-0.000190128498174396,0.0011,-0.00207544922659059));
#3516=CARTESIAN_POINT('',(-0.000190128498174396,-4.33680868994202E-19,-0.00207544922659059));
#3517=CARTESIAN_POINT('',(-0.000210869562451029,0.0011,-0.00399327089070065));
#3518=CARTESIAN_POINT('',(-0.000210869562451029,4.33680868994202E-19,-0.00399327089070065));
#3519=CARTESIAN_POINT('',(-0.000529458501373965,0.0011,-0.00557218145209275));
#3520=CARTESIAN_POINT('',(-0.000529458501373965,-2.16840434497101E-19,-0.00557218145209275));
#3521=CARTESIAN_POINT('',(-0.000987239516640996,0.0011,-0.00680927873234224));
#3522=CARTESIAN_POINT('',(-0.000987239516640996,0.,-0.00680927873234224));
#3523=CARTESIAN_POINT('',(-0.00173711686118529,0.0011,-0.00799147008375631));
#3524=CARTESIAN_POINT('',(-0.00173711686118529,-2.16840434497101E-19,-0.00799147008375631));
#3525=CARTESIAN_POINT('',(-0.00295327091129367,0.0011,-0.00922524647656624));
#3526=CARTESIAN_POINT('',(-0.00295327091129367,2.16840434497101E-19,-0.00922524647656624));
#3527=CARTESIAN_POINT('',(-0.00466609051734541,0.0011,-0.0101728907402228));
#3528=CARTESIAN_POINT('',(-0.00466609051734541,-2.16840434497101E-19,-0.0101728907402228));
#3529=CARTESIAN_POINT('',(-0.00654606252153628,0.0011,-0.0106545906419853));
#3530=CARTESIAN_POINT('',(-0.00654606252153628,0.,-0.0106545906419853));
#3531=CARTESIAN_POINT('',(-0.00841423725537014,0.0011,-0.0107942150176134));
#3532=CARTESIAN_POINT('',(-0.00841423725537014,2.16840434497101E-19,-0.0107942150176134));
#3533=CARTESIAN_POINT('',(-0.0103395326510715,0.0011,-0.0105444914747749));
#3534=CARTESIAN_POINT('',(-0.0103395326510715,-2.16840434497101E-19,-0.0105444914747749));
#3535=CARTESIAN_POINT('',(-0.0122028906740703,0.0011,-0.00987468617629775));
#3536=CARTESIAN_POINT('',(-0.0122028906740703,0.,-0.00987468617629775));
#3537=CARTESIAN_POINT('',(-0.0139761964364025,0.0011,-0.00873963403370532));
#3538=CARTESIAN_POINT('',(-0.0139761964364025,-2.16840434497101E-19,-0.00873963403370532));
#3539=CARTESIAN_POINT('',(-0.0150254329987004,0.0011,-0.00753484472357032));
#3540=CARTESIAN_POINT('',(-0.0150254329987004,-2.16840434497101E-19,-0.00753484472357032));
#3541=CARTESIAN_POINT('',(-0.0154391874069623,0.0011,-0.00679480004985302));
#3542=CARTESIAN_POINT('',(-0.0154391874069623,-2.16840434497101E-19,-0.00679480004985302));
#3543=CARTESIAN_POINT('',(-0.0103828046910948,0.0011,-0.010500218701805));
#3544=CARTESIAN_POINT('',(-0.0117517509739508,0.0011,-0.0100422964356582));
#3545=CARTESIAN_POINT('',(-0.0130701727018062,0.0011,-0.00934683147251618));
#3546=CARTESIAN_POINT('',(-0.0141183916131091,0.0011,-0.00851957382695686));
#3547=CARTESIAN_POINT('',(-0.0148795646055215,0.0011,-0.00766747526949013));
#3548=CARTESIAN_POINT('',(-0.0153902249750327,0.0011,-0.00692400740464401));
#3549=CARTESIAN_POINT('',(-0.0157417504045371,0.0011,-0.00621573330677771));
#3550=CARTESIAN_POINT('',(-0.0159624716674722,0.0011,-0.00560134520668135));
#3551=CARTESIAN_POINT('',(-0.01613612273063,0.0011,-0.00496025854486267));
#3552=CARTESIAN_POINT('',(-0.0162505500658029,0.0011,-0.00419325829035272));
#3553=CARTESIAN_POINT('',(-0.01627112556117,0.0011,-0.00332607678395083));
#3554=CARTESIAN_POINT('',(-0.0162050160606599,0.0011,-0.00251390005891548));
#3555=CARTESIAN_POINT('',(-0.0160306890455127,0.0011,-0.00149561417260034));
#3556=CARTESIAN_POINT('',(-0.0157581602595511,0.0011,-0.000563319259105078));
#3557=CARTESIAN_POINT('',(-0.0154228909315532,0.0011,0.000295512892942173));
#3558=CARTESIAN_POINT('',(-0.0151910037513019,0.0011,0.000802010950121401));
#3559=CARTESIAN_POINT('',(-0.0149932129391867,0.0011,0.00119085580462882));
#3560=CARTESIAN_POINT('',(-0.014780103181888,0.0011,0.00158062877231249));
#3561=CARTESIAN_POINT('',(-0.0143653879214672,0.0011,0.00225799125374651));
#3562=CARTESIAN_POINT('',(-0.013625361155415,0.0011,0.00320543406553475));
#3563=CARTESIAN_POINT('',(-0.0126465683399824,0.0011,0.00404060883531353));
#3564=CARTESIAN_POINT('',(-0.0117498567401804,0.0011,0.00457607941748567));
#3565=CARTESIAN_POINT('',(-0.0107999861743364,0.0011,0.00500986592468048));
#3566=CARTESIAN_POINT('',(-0.00960234828075329,0.0011,0.00535123517691363));
#3567=CARTESIAN_POINT('',(-0.00813359874590673,0.0011,0.00551430813550626));
#3568=CARTESIAN_POINT('',(-0.00688086035525303,0.0011,0.005444481851335));
#3569=CARTESIAN_POINT('',(-0.00585873385872634,0.0011,0.0052405306679697));
#3570=CARTESIAN_POINT('',(-0.00482810369469112,0.0011,0.00492034428571746));
#3571=CARTESIAN_POINT('',(-0.00358082912112036,0.0011,0.00428757333399982));
#3572=CARTESIAN_POINT('',(-0.00227945459689278,0.0011,0.00315155624005662));
#3573=CARTESIAN_POINT('',(-0.00145840145570865,0.0011,0.00197322774950502));
#3574=CARTESIAN_POINT('',(-0.000967128477452532,0.0011,0.000940593255291011));
#3575=CARTESIAN_POINT('',(-0.000683819115553479,0.0011,0.000150563955544967));
#3576=CARTESIAN_POINT('',(-0.000472698168936575,0.0011,-0.000646455156592355));
#3577=CARTESIAN_POINT('',(-0.00027569591419761,0.0011,-0.00172495494223142));
#3578=CARTESIAN_POINT('',(-0.000198397006190578,0.0011,-0.00282641194085235));
#3579=CARTESIAN_POINT('',(-0.000252549785041626,0.0011,-0.00395225673592739));
#3580=CARTESIAN_POINT('',(-0.000369051634812021,0.0011,-0.00481005018384735));
#3581=CARTESIAN_POINT('',(-0.000577851227583302,0.0011,-0.00568451004750009));
#3582=CARTESIAN_POINT('',(-0.000848502688482322,0.0011,-0.00642526496736747));
#3583=CARTESIAN_POINT('',(-0.00114736615123471,0.0011,-0.00702855041857561));
#3584=CARTESIAN_POINT('',(-0.00149106869710351,0.0011,-0.00760414601991014));
#3585=CARTESIAN_POINT('',(-0.00198989297218215,0.0011,-0.00825402127151643));
#3586=CARTESIAN_POINT('',(-0.00266608584975179,0.0011,-0.00890770435110241));
#3587=CARTESIAN_POINT('',(-0.00362332579371136,0.0011,-0.0096093827683689));
#3588=CARTESIAN_POINT('',(-0.0046044216205701,0.0011,-0.0100795220479088));
#3589=CARTESIAN_POINT('',(-0.00555125859627094,0.0011,-0.0103862494394782));
#3590=CARTESIAN_POINT('',(-0.0061251732274514,0.0011,-0.0105223298350579));
#3591=CARTESIAN_POINT('',(-0.00657246960938184,0.0011,-0.010604305184134));
#3592=CARTESIAN_POINT('',(-0.00702522846601368,0.0011,-0.0106712876889676));
#3593=CARTESIAN_POINT('',(-0.00759624223175455,0.0011,-0.0107252378035242));
#3594=CARTESIAN_POINT('',(-0.00828875302510671,0.0011,-0.0107407751377716));
#3595=CARTESIAN_POINT('',(-0.00921759866045259,0.0011,-0.0106931567363412));
#3596=CARTESIAN_POINT('',(-0.0103828046910948,0.0011,-0.010500218701805));
#3597=CARTESIAN_POINT('',(-0.0117517509739508,0.0011,-0.0100422964356582));
#3598=CARTESIAN_POINT('',(-0.0130701727018062,0.0011,-0.00934683147251618));
#3599=CARTESIAN_POINT('',(-0.0103614814579487,0.0011,-0.00678704213351011));
#3600=CARTESIAN_POINT('',(-0.0103614814579487,-0.0127,-0.00678704213351011));
#3601=CARTESIAN_POINT('',(-0.0114001377899172,0.0011,-0.00634070631394752));
#3602=CARTESIAN_POINT('',(-0.0114001377899172,-0.0127,-0.00634070631394752));
#3603=CARTESIAN_POINT('',(-0.0133663957998943,0.0011,-0.00467876766221679));
#3604=CARTESIAN_POINT('',(-0.0133663957998943,-0.0127,-0.00467876766221679));
#3605=CARTESIAN_POINT('',(-0.0121794259748056,0.0011,-0.00041176235102023));
#3606=CARTESIAN_POINT('',(-0.0121794259748056,-0.0127,-0.00041176235102023));
#3607=CARTESIAN_POINT('',(-0.0101991894163004,0.0011,0.00188609139589005));
#3608=CARTESIAN_POINT('',(-0.0101991894163004,-0.0127,0.00188609139589005));
#3609=CARTESIAN_POINT('',(-0.00642346656789429,0.0011,0.00222387387056351));
#3610=CARTESIAN_POINT('',(-0.00642346656789429,-0.0127,0.00222387387056351));
#3611=CARTESIAN_POINT('',(-0.00369816644223072,0.0011,-5.64930358689939E-5));
#3612=CARTESIAN_POINT('',(-0.00369816644223072,-0.0127,-5.64930358689939E-5));
#3613=CARTESIAN_POINT('',(-0.00342135110376422,0.0011,-0.00574755996755451));
#3614=CARTESIAN_POINT('',(-0.00342135110376422,-0.0127,-0.00574755996755451));
#3615=CARTESIAN_POINT('',(-0.00697516698966944,0.0011,-0.00743561882416588));
#3616=CARTESIAN_POINT('',(-0.00697516698966944,-0.0127,-0.00743561882416588));
#3617=CARTESIAN_POINT('',(-0.00930229777691905,0.0011,-0.00724219905287699));
#3618=CARTESIAN_POINT('',(-0.00930229777691905,-0.0127,-0.00724219905287699));
#3619=CARTESIAN_POINT('',(-0.0103614814579487,0.0011,-0.00678704213351011));
#3620=CARTESIAN_POINT('',(-0.0103614814579487,-0.0127,-0.00678704213351011));
#3621=CARTESIAN_POINT('',(-0.0103614814579487,0.0011,-0.00678704213351011));
#3622=CARTESIAN_POINT('',(-0.0114001377899172,0.0011,-0.00634070631394752));
#3623=CARTESIAN_POINT('',(-0.0133663957998943,0.0011,-0.00467876766221679));
#3624=CARTESIAN_POINT('',(-0.0121794259748056,0.0011,-0.00041176235102023));
#3625=CARTESIAN_POINT('',(-0.0101991894163004,0.0011,0.00188609139589005));
#3626=CARTESIAN_POINT('',(-0.00642346656789429,0.0011,0.00222387387056351));
#3627=CARTESIAN_POINT('',(-0.00369816644223072,0.0011,-5.64930358689939E-5));
#3628=CARTESIAN_POINT('',(-0.00342135110376422,0.0011,-0.00574755996755451));
#3629=CARTESIAN_POINT('',(-0.00697516698966944,0.0011,-0.00743561882416588));
#3630=CARTESIAN_POINT('',(-0.00930229777691905,0.0011,-0.00724219905287699));
#3631=CARTESIAN_POINT('',(-0.0103614814579487,0.0011,-0.00678704213351011));
#3632=CARTESIAN_POINT('',(-0.0103614814579487,0.0011,-0.00678704213351011));
#3633=CARTESIAN_POINT('',(-0.0103614814579487,-0.0127,-0.00678704213351011));
#3634=CARTESIAN_POINT('',(-0.0114001377899172,-0.0127,-0.00634070631394752));
#3635=CARTESIAN_POINT('',(-0.0133663957998943,-0.0127,-0.00467876766221679));
#3636=CARTESIAN_POINT('',(-0.0121794259748056,-0.0127,-0.00041176235102023));
#3637=CARTESIAN_POINT('',(-0.0101991894163004,-0.0127,0.00188609139589005));
#3638=CARTESIAN_POINT('',(-0.00642346656789429,-0.0127,0.00222387387056351));
#3639=CARTESIAN_POINT('',(-0.00369816644223072,-0.0127,-5.64930358689939E-5));
#3640=CARTESIAN_POINT('',(-0.00342135110376422,-0.0127,-0.00574755996755451));
#3641=CARTESIAN_POINT('',(-0.00697516698966944,-0.0127,-0.00743561882416588));
#3642=CARTESIAN_POINT('',(-0.00930229777691905,-0.0127,-0.00724219905287699));
#3643=CARTESIAN_POINT('',(-0.0103614814579487,-0.0127,-0.00678704213351011));
#3644=CARTESIAN_POINT('',(-0.0103614814579487,-0.0127,-0.00678704213351011));
#3645=CARTESIAN_POINT('',(-0.00508849544446481,0.0011,0.00498488834968703));
#3646=CARTESIAN_POINT('',(0.000361240036318683,0.0011,-0.00597515167810343));
#3647=CARTESIAN_POINT('',(0.000264910025005482,0.0011,-0.00567570220447019));
#3648=CARTESIAN_POINT('',(0.000178719552563786,0.0011,-0.00537516545564505));
#3649=CARTESIAN_POINT('',(7.35003894937463E-5,0.0011,-0.00496063713411237));
#3650=CARTESIAN_POINT('',(-3.83134781002872E-5,0.0011,-0.00441931703433981));
#3651=CARTESIAN_POINT('',(-0.000136832348985898,0.0011,-0.00372785425188372));
#3652=CARTESIAN_POINT('',(-0.00019044693678063,0.0011,-0.0029925511061866));
#3653=CARTESIAN_POINT('',(-0.0001861207989851,0.0011,-0.00233984338515453));
#3654=CARTESIAN_POINT('',(-0.000141948526429568,0.0011,-0.00179014241615095));
#3655=CARTESIAN_POINT('',(-8.44047619200884E-5,0.0011,-0.00136359659420783));
#3656=CARTESIAN_POINT('',(2.81852632393017E-6,0.0011,-0.000919941265698999));
#3657=CARTESIAN_POINT('',(0.000165818753136357,0.0011,-0.000315362542342671));
#3658=CARTESIAN_POINT('',(0.000437256431540676,0.0011,0.000385765772353802));
#3659=CARTESIAN_POINT('',(0.000846031769366732,0.0011,0.00113841902698803));
#3660=CARTESIAN_POINT('',(0.00130519777635046,0.0011,0.00179215288986832));
#3661=CARTESIAN_POINT('',(0.00178841995584095,0.0011,0.00235477776535379));
#3662=CARTESIAN_POINT('',(0.0021943528299712,0.0011,0.00275733841178147));
#3663=CARTESIAN_POINT('',(0.00251518399345657,0.0011,0.00304697590086706));
#3664=CARTESIAN_POINT('',(0.00282884616713555,0.0011,0.00331495846025282));
#3665=CARTESIAN_POINT('',(0.00324278871153869,0.0011,0.00364220479996418));
#3666=CARTESIAN_POINT('',(0.0037763985881743,0.0011,0.0040168321209802));
#3667=CARTESIAN_POINT('',(0.00454071830934429,0.0011,0.00448545498598523));
#3668=CARTESIAN_POINT('',(0.00560466842517842,0.0011,0.00499762779120543));
#3669=CARTESIAN_POINT('',(0.00706956252174759,0.0011,0.00542124137552506));
#3670=CARTESIAN_POINT('',(0.00847463880250063,0.0011,0.00552530854002989));
#3671=CARTESIAN_POINT('',(0.0096800856869833,0.0011,0.00537117229770076));
#3672=CARTESIAN_POINT('',(0.0105997023136998,0.0011,0.00511575634094664));
#3673=CARTESIAN_POINT('',(0.0113495228918709,0.0011,0.00477870707256356));
#3674=CARTESIAN_POINT('',(0.0119242950072948,0.0011,0.00443404495929615));
#3675=CARTESIAN_POINT('',(0.0124553444221337,0.0011,0.00405849285592894));
#3676=CARTESIAN_POINT('',(0.013046193928289,0.0011,0.0035413699404945));
#3677=CARTESIAN_POINT('',(0.0138615858282726,0.0011,0.0026347115628575));
#3678=CARTESIAN_POINT('',(0.0145116556494159,0.0011,0.00162565446521917));
#3679=CARTESIAN_POINT('',(0.0150139192546299,0.0011,0.00052518564458162));
#3680=CARTESIAN_POINT('',(0.0152630755469366,0.0011,-0.000200894134296518));
#3681=CARTESIAN_POINT('',(0.0154201552020121,0.0011,-0.000803297575617966));
#3682=CARTESIAN_POINT('',(0.015515966702456,0.0011,-0.0012684498329745));
#3683=CARTESIAN_POINT('',(0.0155864736651201,0.0011,-0.00173531002971453));
#3684=CARTESIAN_POINT('',(0.0156476427792431,0.0011,-0.00235129280273103));
#3685=CARTESIAN_POINT('',(0.0156667061875592,0.0011,-0.00311113656848398));
#3686=CARTESIAN_POINT('',(0.0155855413504323,0.0011,-0.0042996922758048));
#3687=CARTESIAN_POINT('',(0.0153491069576587,0.0011,-0.00544433129409446));
#3688=CARTESIAN_POINT('',(0.0149540285634719,0.0011,-0.0065424519735039));
#3689=CARTESIAN_POINT('',(0.0146326444155817,0.0011,-0.00720943083162556));
#3690=CARTESIAN_POINT('',(0.0143226407623307,0.0011,-0.00773013815676322));
#3691=CARTESIAN_POINT('',(0.0139718242724226,0.0011,-0.0082418245335474));
#3692=CARTESIAN_POINT('',(0.0132814050097823,0.0011,-0.00905958983117338));
#3693=CARTESIAN_POINT('',(0.0121246718692504,0.0011,-0.00996628681840547));
#3694=CARTESIAN_POINT('',(0.0110540233075981,0.0011,-0.0104557081228383));
#3695=CARTESIAN_POINT('',(0.0103701786346473,0.0011,-0.0106854173857149));
#3696=CARTESIAN_POINT('',(0.00992637734781767,0.0011,-0.0108148334526822));
#3697=CARTESIAN_POINT('',(0.00935754300255415,0.0011,-0.0109462231864365));
#3698=CARTESIAN_POINT('',(0.00864902976927908,0.0011,-0.0110512215743936));
#3699=CARTESIAN_POINT('',(0.00791643143447855,0.0011,-0.0110974978363171));
#3700=CARTESIAN_POINT('',(0.00716163923231791,0.0011,-0.0110775955116732));
#3701=CARTESIAN_POINT('',(0.0065169748008145,0.0011,-0.0109983023831822));
#3702=CARTESIAN_POINT('',(0.00599625083502076,0.0011,-0.0108926899086442));
#3703=CARTESIAN_POINT('',(0.00560186824308973,0.0011,-0.0107904628091179));
#3704=CARTESIAN_POINT('',(0.00521553732435607,0.0011,-0.0106670811124637));
#3705=CARTESIAN_POINT('',(0.00472779033743502,0.0011,-0.0104829226248024));
#3706=CARTESIAN_POINT('',(0.00415888089732976,0.0011,-0.010219192975884));
#3707=CARTESIAN_POINT('',(0.00353654299365144,0.0011,-0.00986268924851447));
#3708=CARTESIAN_POINT('',(0.00296737887286781,0.0011,-0.00947361558287833));
#3709=CARTESIAN_POINT('',(0.00253320578140932,0.0011,-0.00912550731982732));
#3710=CARTESIAN_POINT('',(0.00220685751388351,0.0011,-0.00883127805264941));
#3711=CARTESIAN_POINT('',(0.00197306991704687,0.0011,-0.00860295034381405));
#3712=CARTESIAN_POINT('',(0.00174471264113438,0.0011,-0.00836038107114164));
#3713=CARTESIAN_POINT('',(0.00144575382224829,0.0011,-0.00801126445165033));
#3714=CARTESIAN_POINT('',(0.0010943818779882,0.0011,-0.00753028932000154));
#3715=CARTESIAN_POINT('',(0.000739073253342076,0.0011,-0.0069071756353944));
#3716=CARTESIAN_POINT('',(0.000509952036424759,0.0011,-0.00638407680112916));
#3717=CARTESIAN_POINT('',(0.000361240036318683,0.0011,-0.00597515167810343));
#3718=CARTESIAN_POINT('',(0.000264910025005482,0.0011,-0.00567570220447019));
#3719=CARTESIAN_POINT('',(0.000178719552563786,0.0011,-0.00537516545564505));
#3720=CARTESIAN_POINT('',(0.003615100402385,0.0011,-0.00465692160651088));
#3721=CARTESIAN_POINT('',(0.00336032715804872,0.0011,-0.00381939083966397));
#3722=CARTESIAN_POINT('',(0.00303234480721972,0.0011,-0.00150008431206352));
#3723=CARTESIAN_POINT('',(0.00482558252020725,0.0011,0.000612021452546149));
#3724=CARTESIAN_POINT('',(0.00726842584620138,0.0011,0.002102020107321));
#3725=CARTESIAN_POINT('',(0.0102513429485218,0.0011,0.00200453699075286));
#3726=CARTESIAN_POINT('',(0.0126624005234498,0.0011,-0.0017589052335525));
#3727=CARTESIAN_POINT('',(0.0117315001793705,0.0011,-0.00618074908503273));
#3728=CARTESIAN_POINT('',(0.00925768218339535,0.0011,-0.00757720079109081));
#3729=CARTESIAN_POINT('',(0.00652951902213685,0.0011,-0.00771623192356226));
#3730=CARTESIAN_POINT('',(0.00433988577317693,0.0011,-0.0062314459327866));
#3731=CARTESIAN_POINT('',(0.00380839932122433,0.0011,-0.00529236428083075));
#3732=CARTESIAN_POINT('',(0.003615100402385,0.0011,-0.00465692160651088));
#3733=CARTESIAN_POINT('',(0.003615100402385,0.0011,-0.00465692160651088));
#3734=CARTESIAN_POINT('',(0.01557916495059,0.0011,0.0326878509427711));
#3735=CARTESIAN_POINT('',(0.0157294506861098,0.0011,0.0325386084469396));
#3736=CARTESIAN_POINT('',(0.0160034269799003,0.0011,0.0322326814108909));
#3737=CARTESIAN_POINT('',(0.0162725482675061,0.0011,0.0318598936731944));
#3738=CARTESIAN_POINT('',(0.016446085446822,0.0011,0.0315831390387957));
#3739=CARTESIAN_POINT('',(0.0165927830073661,0.0011,0.031327557240754));
#3740=CARTESIAN_POINT('',(0.0167510640077566,0.0011,0.0310117074588761));
#3741=CARTESIAN_POINT('',(0.0168709246717251,0.0011,0.0307227921507639));
#3742=CARTESIAN_POINT('',(0.0169453481526671,0.0011,0.0305207106698758));
#3743=CARTESIAN_POINT('',(0.017012934989285,0.0011,0.0303215783842151));
#3744=CARTESIAN_POINT('',(0.0170827615159193,0.0011,0.0300844795934942));
#3745=CARTESIAN_POINT('',(0.0171632472700964,0.0011,0.0297584535681131));
#3746=CARTESIAN_POINT('',(0.0172178405277615,0.0011,0.0294628458409565));
#3747=CARTESIAN_POINT('',(0.0172527447942277,0.0011,0.0292126584786924));
#3748=CARTESIAN_POINT('',(0.0172727961701169,0.0011,0.0290339632693722));
#3749=CARTESIAN_POINT('',(0.0172867361396983,0.0011,0.0288749075077968));
#3750=CARTESIAN_POINT('',(0.0173004398684017,0.0011,0.0286707757922922));
#3751=CARTESIAN_POINT('',(0.017308898056615,0.0011,0.0284300172984549));
#3752=CARTESIAN_POINT('',(0.0173092926461134,0.0011,0.0281822138867635));
#3753=CARTESIAN_POINT('',(0.0173021392863744,0.0011,0.0278754662435496));
#3754=CARTESIAN_POINT('',(0.0172816587276458,0.0011,0.0275241953685494));
#3755=CARTESIAN_POINT('',(0.0172463306650717,0.0011,0.0271359723013604));
#3756=CARTESIAN_POINT('',(0.0171890439863988,0.0011,0.0266416723171957));
#3757=CARTESIAN_POINT('',(0.0171027042927348,0.0011,0.0260443976539323));
#3758=CARTESIAN_POINT('',(0.0169829746226862,0.0011,0.025328713080276));
#3759=CARTESIAN_POINT('',(0.0168530475727026,0.0011,0.024610258766143));
#3760=CARTESIAN_POINT('',(0.0167185206718656,0.0011,0.023892676721322));
#3761=CARTESIAN_POINT('',(0.0165854667453193,0.0011,0.0231868306972285));
#3762=CARTESIAN_POINT('',(0.0164602915468501,0.0011,0.0225075059746512));
#3763=CARTESIAN_POINT('',(0.0163677595428798,0.0011,0.0219772615083933));
#3764=CARTESIAN_POINT('',(0.0163044184928652,0.0011,0.0215879531635925));
#3765=CARTESIAN_POINT('',(0.0162490573252028,0.0011,0.0212248130012651));
#3766=CARTESIAN_POINT('',(0.0161898273417891,0.0011,0.0207897898252785));
#3767=CARTESIAN_POINT('',(0.0161107537042101,0.0011,0.0201162774135762));
#3768=CARTESIAN_POINT('',(0.0160337792504821,0.0011,0.019300739526264));
#3769=CARTESIAN_POINT('',(0.0159493882131316,0.0011,0.0182877579324009));
#3770=CARTESIAN_POINT('',(0.015857788423947,0.0011,0.0173616832590313));
#3771=CARTESIAN_POINT('',(0.0157485947668019,0.0011,0.0165539669262069));
#3772=CARTESIAN_POINT('',(0.0156412987529,0.0011,0.0159139352973423));
#3773=CARTESIAN_POINT('',(0.0155025895463045,0.0011,0.0152430778299645));
#3774=CARTESIAN_POINT('',(0.0152675291637191,0.0011,0.014319448088399));
#3775=CARTESIAN_POINT('',(0.0149149023173707,0.0011,0.0132353994971275));
#3776=CARTESIAN_POINT('',(0.01443159106681,0.0011,0.0120266827815489));
#3777=CARTESIAN_POINT('',(0.013911201818672,0.0011,0.0108938881098273));
#3778=CARTESIAN_POINT('',(0.0135521621398276,0.0011,0.0101834643847375));
#3779=CARTESIAN_POINT('',(0.0133723724390999,0.0011,0.00983886234633334));
#3780=CARTESIAN_POINT('',(0.01557916495059,0.0011,0.0326878509427712));
#3781=CARTESIAN_POINT('',(0.0133723724390999,0.0011,0.00983886234633335));
#3782=CARTESIAN_POINT('',(0.0133723724390999,0.0011,0.00983886234633333));
#3783=CARTESIAN_POINT('',(0.0139730999199754,0.0011,0.00947960693313422));
#3784=CARTESIAN_POINT('',(0.0151071703074043,0.0011,0.00866515854617252));
#3785=CARTESIAN_POINT('',(0.0163358646762816,0.0011,0.00743193054906502));
#3786=CARTESIAN_POINT('',(0.0171910789743358,0.0011,0.00632906071633532));
#3787=CARTESIAN_POINT('',(0.0176675879546406,0.0011,0.00559801549418688));
#3788=CARTESIAN_POINT('',(0.0180146680762937,0.0011,0.00498527411616288));
#3789=CARTESIAN_POINT('',(0.0183298171253376,0.0011,0.0043717494534248));
#3790=CARTESIAN_POINT('',(0.0186681151504561,0.0011,0.00360776051793943));
#3791=CARTESIAN_POINT('',(0.0189919396685118,0.0011,0.00272603837570493));
#3792=CARTESIAN_POINT('',(0.0193436929135848,0.0011,0.00158709677967773));
#3793=CARTESIAN_POINT('',(0.0196640426585562,0.0011,0.00025354335864006));
#3794=CARTESIAN_POINT('',(0.0199023759721745,0.0011,-0.000965814815594149));
#3795=CARTESIAN_POINT('',(0.0200511587030669,0.0011,-0.00175029455849889));
#3796=CARTESIAN_POINT('',(0.0201361849194982,0.0011,-0.00219432323790465));
#3797=CARTESIAN_POINT('',(0.0202237219637779,0.0011,-0.00264993227915963));
#3798=CARTESIAN_POINT('',(0.0203358141204757,0.0011,-0.00323690755632192));
#3799=CARTESIAN_POINT('',(0.020516711583437,0.0011,-0.00420973170006753));
#3800=CARTESIAN_POINT('',(0.0206946730829745,0.0011,-0.00523597249026546));
#3801=CARTESIAN_POINT('',(0.0208567776399012,0.0011,-0.00631485065186057));
#3802=CARTESIAN_POINT('',(0.0209671049489524,0.0011,-0.00715010536625173));
#3803=CARTESIAN_POINT('',(0.0210628782407892,0.0011,-0.00801207820058316));
#3804=CARTESIAN_POINT('',(0.0211403025971726,0.0011,-0.00890537289205656));
#3805=CARTESIAN_POINT('',(0.0211945559378913,0.0011,-0.00981119382120692));
#3806=CARTESIAN_POINT('',(0.0212265742200719,0.0011,-0.010693323876034));
#3807=CARTESIAN_POINT('',(0.0212424413731108,0.0011,-0.0115433132149404));
#3808=CARTESIAN_POINT('',(0.0212484481312598,0.0011,-0.0126306591707648));
#3809=CARTESIAN_POINT('',(0.0212382036678264,0.0011,-0.013880441995398));
#3810=CARTESIAN_POINT('',(0.0212321991220295,0.0011,-0.0147061472911387));
#3811=CARTESIAN_POINT('',(0.0212337303675125,0.0011,-0.0150530968828327));
#3812=CARTESIAN_POINT('',(0.0212337303675125,0.0011,-0.0150530968828327));
#3813=CARTESIAN_POINT('',(0.0212337303675124,0.0011,-0.0150530968828328));
#3814=CARTESIAN_POINT('',(0.021348024813941,0.0011,-0.0151517383239758));
#3815=CARTESIAN_POINT('',(0.0215982867567412,0.0011,-0.0153690016180854));
#3816=CARTESIAN_POINT('',(0.0220408751554713,0.0011,-0.0157726186993932));
#3817=CARTESIAN_POINT('',(0.0224928644233003,0.0011,-0.0162163807418823));
#3818=CARTESIAN_POINT('',(0.0229389138134019,0.0011,-0.0166897885234829));
#3819=CARTESIAN_POINT('',(0.0233810470607597,0.0011,-0.0172001712364873));
#3820=CARTESIAN_POINT('',(0.0239569933875176,0.0011,-0.0179289392331166));
#3821=CARTESIAN_POINT('',(0.0245039362587704,0.0011,-0.0187313772805464));
#3822=CARTESIAN_POINT('',(0.025004918001804,0.0011,-0.019607637592078));
#3823=CARTESIAN_POINT('',(0.0253543450418349,0.0011,-0.0203026133666119));
#3824=CARTESIAN_POINT('',(0.0256675182586438,0.0011,-0.0210223892109494));
#3825=CARTESIAN_POINT('',(0.0260282067970023,0.0011,-0.0219808151001804));
#3826=CARTESIAN_POINT('',(0.0263859194891269,0.0011,-0.0231776419931341));
#3827=CARTESIAN_POINT('',(0.026696584158265,0.0011,-0.0246042912416396));
#3828=CARTESIAN_POINT('',(0.0269071831187373,0.0011,-0.0260268041868533));
#3829=CARTESIAN_POINT('',(0.02702801944414,0.0011,-0.0274239633681997));
#3830=CARTESIAN_POINT('',(0.0270665913310878,0.0011,-0.0288186459213887));
#3831=CARTESIAN_POINT('',(0.0270152087375187,0.0011,-0.0302248239666409));
#3832=CARTESIAN_POINT('',(0.0268840883467065,0.0011,-0.0314116118880912));
#3833=CARTESIAN_POINT('',(0.0267156193989969,0.0011,-0.032367027166797));
#3834=CARTESIAN_POINT('',(0.0265551818614347,0.0011,-0.0330844154647114));
#3835=CARTESIAN_POINT('',(0.0263540672248982,0.0011,-0.0338105031345224));
#3836=CARTESIAN_POINT('',(0.0261524503450365,0.0011,-0.0344106663562553));
#3837=CARTESIAN_POINT('',(0.0259713227993552,0.0011,-0.0348825437022525));
#3838=CARTESIAN_POINT('',(0.0257824338891159,0.0011,-0.0353367235835249));
#3839=CARTESIAN_POINT('',(0.0254328593864512,0.0011,-0.0360921642866905));
#3840=CARTESIAN_POINT('',(0.025005026826994,0.0011,-0.0368655448672101));
#3841=CARTESIAN_POINT('',(0.0245771743968144,0.0011,-0.0375544318585639));
#3842=CARTESIAN_POINT('',(0.0242618259340649,0.0011,-0.0380318236019001));
#3843=CARTESIAN_POINT('',(0.0240074446633859,0.0011,-0.0383996836255636));
#3844=CARTESIAN_POINT('',(0.0238104732952385,0.0011,-0.0386781287897475));
#3845=CARTESIAN_POINT('',(0.023667462662927,0.0011,-0.0388778615613238));
#3846=CARTESIAN_POINT('',(0.0235265843932226,0.0011,-0.0390732262572945));
#3847=CARTESIAN_POINT('',(0.0233268905348289,0.0011,-0.0393474112112258));
#3848=CARTESIAN_POINT('',(0.0230522788359468,0.0011,-0.0397165135821937));
#3849=CARTESIAN_POINT('',(0.0226804486047162,0.0011,-0.0401924666727169));
#3850=CARTESIAN_POINT('',(0.0221197255116371,0.0011,-0.0408642313361092));
#3851=CARTESIAN_POINT('',(0.0214457327706627,0.0011,-0.04157935790016));
#3852=CARTESIAN_POINT('',(0.0206429747150331,0.0011,-0.0422907346619163));
#3853=CARTESIAN_POINT('',(0.0200782344576717,0.0011,-0.0427286298307393));
#3854=CARTESIAN_POINT('',(0.0195892699793657,0.0011,-0.0430651876451751));
#3855=CARTESIAN_POINT('',(0.0190881493722206,0.0011,-0.0433839145026884));
#3856=CARTESIAN_POINT('',(0.0184298769518029,0.0011,-0.0437523965154036));
#3857=CARTESIAN_POINT('',(0.0176471625149838,0.0011,-0.0441205352889894));
#3858=CARTESIAN_POINT('',(0.0165938675285765,0.0011,-0.044539324018758));
#3859=CARTESIAN_POINT('',(0.0152664297081613,0.0011,-0.0449365820256225));
#3860=CARTESIAN_POINT('',(0.0139265040777566,0.0011,-0.0451897273629665));
#3861=CARTESIAN_POINT('',(0.0128469023222881,0.0011,-0.0453093412772472));
#3862=CARTESIAN_POINT('',(0.0121670461896082,0.0011,-0.0453488622006877));
#3863=CARTESIAN_POINT('',(0.0116211180695516,0.0011,-0.0453585372211304));
#3864=CARTESIAN_POINT('',(0.0110719877424004,0.0011,-0.0453527124029882));
#3865=CARTESIAN_POINT('',(0.0104229667619204,0.0011,-0.0453185175412536));
#3866=CARTESIAN_POINT('',(0.00971788950966955,0.0011,-0.0452492228031434));
#3867=CARTESIAN_POINT('',(0.00908389436412774,0.0011,-0.0451631407532188));
#3868=CARTESIAN_POINT('',(0.00852920756621597,0.0011,-0.0450710188669612));
#3869=CARTESIAN_POINT('',(0.00806489931132463,0.0011,-0.0449835289623296));
#3870=CARTESIAN_POINT('',(0.00776582420157574,0.0011,-0.0449233414348126));
#3871=CARTESIAN_POINT('',(0.00760849243800955,0.0011,-0.044891877280971));
#3872=CARTESIAN_POINT('',(0.00755665374298458,0.0011,-0.0448819181225083));
#3873=CARTESIAN_POINT('',(0.00754459602206553,0.0011,-0.0448796541817984));
#3874=CARTESIAN_POINT('',(0.00754459602206594,0.0011,-0.0448796541817985));
#3875=CARTESIAN_POINT('',(0.00754459602206462,0.0011,-0.0448796541817984));
#3876=CARTESIAN_POINT('',(0.00753553193162068,0.0011,-0.044878253714105));
#3877=CARTESIAN_POINT('',(0.0075048191147999,0.0011,-0.0448735401249417));
#3878=CARTESIAN_POINT('',(0.00744718030917011,0.0011,-0.0448644001838778));
#3879=CARTESIAN_POINT('',(0.00739245131798773,0.0011,-0.0448554404345715));
#3880=CARTESIAN_POINT('',(0.00731486915286802,0.0011,-0.0448423004436142));
#3881=CARTESIAN_POINT('',(0.00719056592241714,0.0011,-0.044819701173959));
#3882=CARTESIAN_POINT('',(0.00700348452663835,0.0011,-0.0447804915826295));
#3883=CARTESIAN_POINT('',(0.00680328156941879,0.0011,-0.0447318124697744));
#3884=CARTESIAN_POINT('',(0.00663089016767086,0.0011,-0.0446842680481572));
#3885=CARTESIAN_POINT('',(0.00648455762871987,0.0011,-0.0446399033103713));
#3886=CARTESIAN_POINT('',(0.00632990955880928,0.0011,-0.0445898044154431));
#3887=CARTESIAN_POINT('',(0.00614713696930325,0.0011,-0.0445246240330675));
#3888=CARTESIAN_POINT('',(0.00594630001106889,0.0011,-0.0444451628186811));
#3889=CARTESIAN_POINT('',(0.00577245844825333,0.0011,-0.0443706869569205));
#3890=CARTESIAN_POINT('',(0.00561272233181454,0.0011,-0.0442975615195868));
#3891=CARTESIAN_POINT('',(0.00547472022875238,0.0011,-0.0442305842978018));
#3892=CARTESIAN_POINT('',(0.00532471313753602,0.0011,-0.0441550112307795));
#3893=CARTESIAN_POINT('',(0.00514508332913971,0.0011,-0.0440602492899214));
#3894=CARTESIAN_POINT('',(0.00498687508772397,0.0011,-0.0439722689096413));
#3895=CARTESIAN_POINT('',(0.00486620689764814,0.0011,-0.0439030925285884));
#3896=CARTESIAN_POINT('',(0.0047778137074937,0.0011,-0.0438513389304647));
#3897=CARTESIAN_POINT('',(0.00469057507112693,0.0011,-0.0437991865920526));
#3898=CARTESIAN_POINT('',(0.004603099971922,0.0011,-0.0437457440066652));
#3899=CARTESIAN_POINT('',(0.00451241511209026,0.0011,-0.0436890091984873));
#3900=CARTESIAN_POINT('',(0.00443000100548018,0.0011,-0.0436360027407823));
#3901=CARTESIAN_POINT('',(0.00435908397686116,0.0011,-0.0435891336815822));
#3902=CARTESIAN_POINT('',(0.00429928217015696,0.0011,-0.0435489162966042));
#3903=CARTESIAN_POINT('',(0.00423700114729271,0.0011,-0.0435058242326929));
#3904=CARTESIAN_POINT('',(0.00419602649499764,0.0011,-0.0434768393538464));
#3905=CARTESIAN_POINT('',(0.0041722142371533,0.0011,-0.0434598354645323));
#3906=CARTESIAN_POINT('',(0.00414989867333379,0.0011,-0.0434438130965506));
#3907=CARTESIAN_POINT('',(0.00410349477065859,0.0011,-0.0434101817989258));
#3908=CARTESIAN_POINT('',(0.00403620786278236,0.0011,-0.0433596135909836));
#3909=CARTESIAN_POINT('',(0.00397724387849282,0.0011,-0.0433144486874985));
#3910=CARTESIAN_POINT('',(0.00386083160240651,0.0011,-0.043221819249942));
#3911=CARTESIAN_POINT('',(0.00376130640101271,0.0011,-0.0431372855032088));
#3912=CARTESIAN_POINT('',(0.00369198019221069,0.0011,-0.0430759863662272));
#3913=CARTESIAN_POINT('',(0.00364626407365854,0.0011,-0.0430349798673106));
#3914=CARTESIAN_POINT('',(0.00357299022126707,0.0011,-0.0429677347075203));
#3915=CARTESIAN_POINT('',(0.0034689346082167,0.0011,-0.0428673731744285));
#3916=CARTESIAN_POINT('',(0.00331690013368357,0.0011,-0.0427120085025628));
#3917=CARTESIAN_POINT('',(0.0031550417495212,0.0011,-0.04253015744538));
#3918=CARTESIAN_POINT('',(0.00299353688932498,0.0011,-0.0423290233855113));
#3919=CARTESIAN_POINT('',(0.00285858942855871,0.0011,-0.042147856572793));
#3920=CARTESIAN_POINT('',(0.00271903531085357,0.0011,-0.041942403524114));
#3921=CARTESIAN_POINT('',(0.00257887567393545,0.0011,-0.041713697490765));
#3922=CARTESIAN_POINT('',(0.00244159545291169,0.0011,-0.0414623421611466));
#3923=CARTESIAN_POINT('',(0.0023085425089039,0.0011,-0.0411839885414527));
#3924=CARTESIAN_POINT('',(0.00218752267946376,0.0011,-0.0408877305933714));
#3925=CARTESIAN_POINT('',(0.00208153285239849,0.0011,-0.0405790176892984));
#3926=CARTESIAN_POINT('',(0.00198871363453643,0.0011,-0.0402425525044));
#3927=CARTESIAN_POINT('',(0.00191914512392511,0.0011,-0.0399069811686262));
#3928=CARTESIAN_POINT('',(0.00187055424836961,0.0011,-0.0395741061447375));
#3929=CARTESIAN_POINT('',(0.00184207101052936,0.0011,-0.0392296101475616));
#3930=CARTESIAN_POINT('',(0.00183552656368778,0.0011,-0.0389044859155099));
#3931=CARTESIAN_POINT('',(0.00185039946989751,0.0011,-0.0384905727437046));
#3932=CARTESIAN_POINT('',(0.00190987860414814,0.0011,-0.0380063659038893));
#3933=CARTESIAN_POINT('',(0.00199966486553507,0.0011,-0.0376053775574842));
#3934=CARTESIAN_POINT('',(0.0020810086178576,0.0011,-0.0373214298553196));
#3935=CARTESIAN_POINT('',(0.00214246512703709,0.0011,-0.0371343353382241));
#3936=CARTESIAN_POINT('',(0.00220408479818336,0.0011,-0.0369655502895401));
#3937=CARTESIAN_POINT('',(0.00226674438292749,0.0011,-0.036809734463664));
#3938=CARTESIAN_POINT('',(0.00232253039337973,0.0011,-0.0366813390503875));
#3939=CARTESIAN_POINT('',(0.0023968414705269,0.0011,-0.0365202075139229));
#3940=CARTESIAN_POINT('',(0.00249306188740085,0.0011,-0.0363302846965711));
#3941=CARTESIAN_POINT('',(0.00258216618867886,0.0011,-0.0361727229037787));
#3942=CARTESIAN_POINT('',(0.00263903941957889,0.0011,-0.0360770841216147));
#3943=CARTESIAN_POINT('',(0.0026974221184171,0.0011,-0.0359818222197274));
#3944=CARTESIAN_POINT('',(0.00276924744610107,0.0011,-0.0358703562211485));
#3945=CARTESIAN_POINT('',(0.00284734186217912,0.0011,-0.0357559360076273));
#3946=CARTESIAN_POINT('',(0.00291852489882042,0.0011,-0.0356563241114182));
#3947=CARTESIAN_POINT('',(0.0029879668953641,0.0011,-0.0355633616799371));
#3948=CARTESIAN_POINT('',(0.00306745296676156,0.0011,-0.0354609330581519));
#3949=CARTESIAN_POINT('',(0.00316027218426177,0.0011,-0.0353469870332237));
#3950=CARTESIAN_POINT('',(0.00325687939204579,0.0011,-0.0352347435639634));
#3951=CARTESIAN_POINT('',(0.00334097242562991,0.0011,-0.0351410989924121));
#3952=CARTESIAN_POINT('',(0.00341989864887222,0.0011,-0.0350563233506777));
#3953=CARTESIAN_POINT('',(0.00349344759563217,0.0011,-0.0349800346877716));
#3954=CARTESIAN_POINT('',(0.00357773526064318,0.0011,-0.0348949653705974));
#3955=CARTESIAN_POINT('',(0.00367843334375312,0.0011,-0.0347969169226226));
#3956=CARTESIAN_POINT('',(0.00382197245138873,0.0011,-0.0346626376310088));
#3957=CARTESIAN_POINT('',(0.0039849233535979,0.0011,-0.03451739867583));
#3958=CARTESIAN_POINT('',(0.00416946352002114,0.0011,-0.0343602501717602));
#3959=CARTESIAN_POINT('',(0.00435240957525304,0.0011,-0.0342101716232904));
#3960=CARTESIAN_POINT('',(0.0045360703118085,0.0011,-0.0340642297014219));
#3961=CARTESIAN_POINT('',(0.00472337968717015,0.0011,-0.0339195566907168));
#3962=CARTESIAN_POINT('',(0.00491637814347532,0.0011,-0.0337744980845936));
#3963=CARTESIAN_POINT('',(0.00517878283253833,0.0011,-0.0335825021033831));
#3964=CARTESIAN_POINT('',(0.00550768443334228,0.0011,-0.0333510944829965));
#3965=CARTESIAN_POINT('',(0.00589872681053913,0.0011,-0.0330877224760937));
#3966=CARTESIAN_POINT('',(0.00628784401438568,0.0011,-0.0328351384831081));
#3967=CARTESIAN_POINT('',(0.00667403482822155,0.0011,-0.0325921529603317));
#3968=CARTESIAN_POINT('',(0.00718366821081013,0.0011,-0.0322797267355922));
#3969=CARTESIAN_POINT('',(0.00768216931531233,0.0011,-0.0319837392315954));
#3970=CARTESIAN_POINT('',(0.00816710391334825,0.0011,-0.0317012422631304));
#3971=CARTESIAN_POINT('',(0.00850049731348006,0.0011,-0.0315083753739522));
#3972=CARTESIAN_POINT('',(0.00879146043881055,0.0011,-0.0313377961388507));
#3973=CARTESIAN_POINT('',(0.00912932700940765,0.0011,-0.0311338904809145));
#3974=CARTESIAN_POINT('',(0.00944435190147192,0.0011,-0.0309282944583918));
#3975=CARTESIAN_POINT('',(0.00964696794740592,0.0011,-0.0307725633454522));
#3976=CARTESIAN_POINT('',(0.0097485626228164,0.0011,-0.0306830856750897));
#3977=CARTESIAN_POINT('',(0.00984359588669342,0.0011,-0.0305904473138381));
#3978=CARTESIAN_POINT('',(0.00996269132413345,0.0011,-0.030453584515825));
#3979=CARTESIAN_POINT('',(0.010062063383236,0.0011,-0.0303088880798943));
#3980=CARTESIAN_POINT('',(0.0101281178009565,0.0011,-0.0301920957123416));
#3981=CARTESIAN_POINT('',(0.010169789314413,0.0011,-0.0301068815780036));
#3982=CARTESIAN_POINT('',(0.0102033232650676,0.0011,-0.0300253787423613));
#3983=CARTESIAN_POINT('',(0.0102284476941613,0.0011,-0.0299523629867986));
#3984=CARTESIAN_POINT('',(0.0102572145108666,0.0011,-0.0298482767733212));
#3985=CARTESIAN_POINT('',(0.0102873733426817,0.0011,-0.029706313308168));
#3986=CARTESIAN_POINT('',(0.010315000593035,0.0011,-0.0295296229132484));
#3987=CARTESIAN_POINT('',(0.0103439082610326,0.0011,-0.0292596011279898));
#3988=CARTESIAN_POINT('',(0.010361104218633,0.0011,-0.0288520267797989));
#3989=CARTESIAN_POINT('',(0.010345802403341,0.0011,-0.0283950685679868));
#3990=CARTESIAN_POINT('',(0.0103135443423561,0.0011,-0.0280058998453715));
#3991=CARTESIAN_POINT('',(0.0102698455616116,0.0011,-0.0276196221204573));
#3992=CARTESIAN_POINT('',(0.0102027764633856,0.0011,-0.0272140698709221));
#3993=CARTESIAN_POINT('',(0.0101089676525178,0.0011,-0.0268427423561248));
#3994=CARTESIAN_POINT('',(0.0100304316181545,0.0011,-0.0266257427894912));
#3995=CARTESIAN_POINT('',(0.00996990376430606,0.0011,-0.0264923534228156));
#3996=CARTESIAN_POINT('',(0.00992610753601568,0.0011,-0.0264097124516382));
#3997=CARTESIAN_POINT('',(0.00988281350047819,0.0011,-0.026337899547764));
#3998=CARTESIAN_POINT('',(0.00980481611807012,0.0011,-0.0262243670621124));
#3999=CARTESIAN_POINT('',(0.0096989448353232,0.0011,-0.0260869888694325));
#4000=CARTESIAN_POINT('',(0.00952497701656548,0.0011,-0.0258816881470302));
#4001=CARTESIAN_POINT('',(0.00925975999474361,0.0011,-0.0256043697364428));
#4002=CARTESIAN_POINT('',(0.00902855614836349,0.0011,-0.02539364749992));
#4003=CARTESIAN_POINT('',(0.00891804992676775,0.0011,-0.0252983515419236));
#4004=CARTESIAN_POINT('',(0.00891804992676773,0.0011,-0.0252983515419236));
#4005=CARTESIAN_POINT('',(0.00891804992676776,0.0011,-0.0252983515419236));
#4006=CARTESIAN_POINT('',(0.00876229319619831,0.0011,-0.0252874365375204));
#4007=CARTESIAN_POINT('',(0.008355936845985,0.0011,-0.0252689402644871));
#4008=CARTESIAN_POINT('',(0.00726500851133565,0.0011,-0.0252610420754025));
#4009=CARTESIAN_POINT('',(0.00585176898440686,0.0011,-0.0252938700091768));
#4010=CARTESIAN_POINT('',(0.00421613764716645,0.0011,-0.0253420111345744));
#4011=CARTESIAN_POINT('',(0.00289472539072646,0.0011,-0.025377022267011));
#4012=CARTESIAN_POINT('',(0.001728270447776,0.0011,-0.0253982627848713));
#4013=CARTESIAN_POINT('',(0.000762116144711907,0.0011,-0.025406184006877));
#4014=CARTESIAN_POINT('',(-0.00022683453805681,0.0011,-0.0254062259767398));
#4015=CARTESIAN_POINT('',(-0.0014740077259736,0.0011,-0.0253891657573466));
#4016=CARTESIAN_POINT('',(-0.00294387512093934,0.0011,-0.0253488661779929));
#4017=CARTESIAN_POINT('',(-0.00437558076725639,0.0011,-0.0252968773806233));
#4018=CARTESIAN_POINT('',(-0.00620285762855509,0.0011,-0.0252217336003951));
#4019=CARTESIAN_POINT('',(-0.00786448818851947,0.0011,-0.0251528113084783));
#4020=CARTESIAN_POINT('',(-0.00924521134914435,0.0011,-0.0251173632359762));
#4021=CARTESIAN_POINT('',(-0.00981459521078812,0.0011,-0.0251144620589755));
#4022=CARTESIAN_POINT('',(-0.010058840692803,0.0011,-0.0251169108283891));
#4023=CARTESIAN_POINT('',(-0.0100588406928042,0.0011,-0.0251169108283891));
#4024=CARTESIAN_POINT('',(-0.0100588406928028,0.0011,-0.0251169108283904));
#4025=CARTESIAN_POINT('',(-0.0101971590308361,0.0011,-0.0252750813534306));
#4026=CARTESIAN_POINT('',(-0.0103975463566417,0.0011,-0.0255221517441512));
#4027=CARTESIAN_POINT('',(-0.0105828808622657,0.0011,-0.0257845154779315));
#4028=CARTESIAN_POINT('',(-0.0106332002091406,0.0011,-0.0258661533752266));
#4029=CARTESIAN_POINT('',(-0.0106481724196493,0.0011,-0.0258917331254133));
#4030=CARTESIAN_POINT('',(-0.0106481724196493,0.0011,-0.0258917331254133));
#4031=CARTESIAN_POINT('',(-0.0106481724196493,0.0011,-0.0258917331254132));
#4032=CARTESIAN_POINT('',(-0.0106500421822453,0.0011,-0.0259103370177295));
#4033=CARTESIAN_POINT('',(-0.0106542387768488,0.0011,-0.0259603992473711));
#4034=CARTESIAN_POINT('',(-0.0106607043146731,0.0011,-0.0261161567554221));
#4035=CARTESIAN_POINT('',(-0.0106580791887315,0.0011,-0.0263693332024361));
#4036=CARTESIAN_POINT('',(-0.0106297598246019,0.0011,-0.0267354844179627));
#4037=CARTESIAN_POINT('',(-0.0105731439035415,0.0011,-0.0271347073506849));
#4038=CARTESIAN_POINT('',(-0.0104894975778526,0.0011,-0.0275399036568989));
#4039=CARTESIAN_POINT('',(-0.0103995499548704,0.0011,-0.0278650490636506));
#4040=CARTESIAN_POINT('',(-0.0103200772952603,0.0011,-0.0281033178280655));
#4041=CARTESIAN_POINT('',(-0.0102350852678375,0.0011,-0.0283301745611356));
#4042=CARTESIAN_POINT('',(-0.0101053588585638,0.0011,-0.0286271706501776));
#4043=CARTESIAN_POINT('',(-0.00991441424101482,0.0011,-0.0289949620384137));
#4044=CARTESIAN_POINT('',(-0.00969305166629925,0.0011,-0.0293637281680727));
#4045=CARTESIAN_POINT('',(-0.00944739628053763,0.0011,-0.0297240424143318));
#4046=CARTESIAN_POINT('',(-0.00918616013946118,0.0011,-0.0300657684697892));
#4047=CARTESIAN_POINT('',(-0.00891511671932601,0.0011,-0.0303838048594859));
#4048=CARTESIAN_POINT('',(-0.00866419896684226,0.0011,-0.0306483339151275));
#4049=CARTESIAN_POINT('',(-0.00841147933997193,0.0011,-0.0308865705430875));
#4050=CARTESIAN_POINT('',(-0.00812115595304147,0.0011,-0.0311315095451213));
#4051=CARTESIAN_POINT('',(-0.00776045557183547,0.0011,-0.0314054200266411));
#4052=CARTESIAN_POINT('',(-0.00730247294995707,0.0011,-0.0317226808137894));
#4053=CARTESIAN_POINT('',(-0.0068254030450913,0.0011,-0.0320292861163974));
#4054=CARTESIAN_POINT('',(-0.00637475014107208,0.0011,-0.0323071573643174));
#4055=CARTESIAN_POINT('',(-0.00601631241545396,0.0011,-0.0325241520329079));
#4056=CARTESIAN_POINT('',(-0.00564641879697035,0.0011,-0.0327452165356288));
#4057=CARTESIAN_POINT('',(-0.00527424129450457,0.0011,-0.0329658939086216));
#4058=CARTESIAN_POINT('',(-0.00490713289635336,0.0011,-0.0331829127696092));
#4059=CARTESIAN_POINT('',(-0.00461076260258899,0.0011,-0.0333585220249739));
#4060=CARTESIAN_POINT('',(-0.00438136121461241,0.0011,-0.033495364658937));
#4061=CARTESIAN_POINT('',(-0.00421328691432638,0.0011,-0.0335962904750564));
#4062=CARTESIAN_POINT('',(-0.00404886110045415,0.0011,-0.0336959480729649));
#4063=CARTESIAN_POINT('',(-0.00388738259550461,0.0011,-0.0337950517899323));
#4064=CARTESIAN_POINT('',(-0.00372686641568155,0.0011,-0.0338952427654705));
#4065=CARTESIAN_POINT('',(-0.00356394377288845,0.0011,-0.0339992810172094));
#4066=CARTESIAN_POINT('',(-0.00342001216365403,0.0011,-0.0340941045132475));
#4067=CARTESIAN_POINT('',(-0.00329475851539647,0.0011,-0.03417951850184));
#4068=CARTESIAN_POINT('',(-0.00320731648649426,0.0011,-0.0342408907900305));
#4069=CARTESIAN_POINT('',(-0.00313511625816478,0.0011,-0.0342928868987417));
#4070=CARTESIAN_POINT('',(-0.00307382284933694,0.0011,-0.034337851020139));
#4071=CARTESIAN_POINT('',(-0.00300611914901803,0.0011,-0.0343887316644707));
#4072=CARTESIAN_POINT('',(-0.00293518522388629,0.0011,-0.0344434751641763));
#4073=CARTESIAN_POINT('',(-0.00285793621465343,0.0011,-0.0345047344158049));
#4074=CARTESIAN_POINT('',(-0.00276891539007289,0.0011,-0.0345777549587589));
#4075=CARTESIAN_POINT('',(-0.00268454948096895,0.0011,-0.0346497694464815));
#4076=CARTESIAN_POINT('',(-0.00261102116797842,0.0011,-0.0347149198194377));
#4077=CARTESIAN_POINT('',(-0.00253458814111095,0.0011,-0.0347842368805973));
#4078=CARTESIAN_POINT('',(-0.00245068667684192,0.0011,-0.0348635923175628));
#4079=CARTESIAN_POINT('',(-0.00237687455551804,0.0011,-0.0349369009402224));
#4080=CARTESIAN_POINT('',(-0.00232916926267347,0.0011,-0.03498503867578));
#4081=CARTESIAN_POINT('',(-0.00225369701602769,0.0011,-0.0350631341787171));
#4082=CARTESIAN_POINT('',(-0.00214781315825985,0.0011,-0.0351787411742059));
#4083=CARTESIAN_POINT('',(-0.00205422957009461,0.0011,-0.035287459071789));
#4084=CARTESIAN_POINT('',(-0.00198184957269277,0.0011,-0.0353753321818059));
#4085=CARTESIAN_POINT('',(-0.00189770661700497,0.0011,-0.0354805829100297));
#4086=CARTESIAN_POINT('',(-0.00177233106689508,0.0011,-0.0356468334093022));
#4087=CARTESIAN_POINT('',(-0.00163795819695447,0.0011,-0.0358451900153101));
#4088=CARTESIAN_POINT('',(-0.0015301523018607,0.0011,-0.0360199134940453));
#4089=CARTESIAN_POINT('',(-0.00142547565261846,0.0011,-0.0362003351414075));
#4090=CARTESIAN_POINT('',(-0.00128507950591825,0.0011,-0.0364670472480834));
#4091=CARTESIAN_POINT('',(-0.00111880899647909,0.0011,-0.0368456807288194));
#4092=CARTESIAN_POINT('',(-0.000966607482640424,0.0011,-0.0372827955959422));
#4093=CARTESIAN_POINT('',(-0.000862998772868554,0.0011,-0.0376955113758963));
#4094=CARTESIAN_POINT('',(-0.0008018839409584,0.0011,-0.0380436704386937));
#4095=CARTESIAN_POINT('',(-0.000767268608920659,0.0011,-0.0383181588132887));
#4096=CARTESIAN_POINT('',(-0.000746271302023281,0.0011,-0.0386045763097937));
#4097=CARTESIAN_POINT('',(-0.000740269276683773,0.0011,-0.0388863043991152));
#4098=CARTESIAN_POINT('',(-0.000748328293685634,0.0011,-0.0391695479629253));
#4099=CARTESIAN_POINT('',(-0.000771949743841312,0.0011,-0.0394610008140263));
#4100=CARTESIAN_POINT('',(-0.000810236422914083,0.0011,-0.0397440406418354));
#4101=CARTESIAN_POINT('',(-0.000861092921754985,0.0011,-0.0400159956960909));
#4102=CARTESIAN_POINT('',(-0.000924247598165322,0.0011,-0.0402811258190718));
#4103=CARTESIAN_POINT('',(-0.00102509627394636,0.0011,-0.0406268025414153));
#4104=CARTESIAN_POINT('',(-0.00116875502387881,0.0011,-0.0410113879024228));
#4105=CARTESIAN_POINT('',(-0.00135741734901007,0.0011,-0.0414129571743421));
#4106=CARTESIAN_POINT('',(-0.0015613798430824,0.0011,-0.0417718601227156));
#4107=CARTESIAN_POINT('',(-0.00173067321752318,0.0011,-0.0420251540351007));
#4108=CARTESIAN_POINT('',(-0.00185757832449484,0.0011,-0.0421979873112728));
#4109=CARTESIAN_POINT('',(-0.00194319377105574,0.0011,-0.0423083830233646));
#4110=CARTESIAN_POINT('',(-0.00202699626983733,0.0011,-0.0424115441801732));
#4111=CARTESIAN_POINT('',(-0.00213906658466922,0.0011,-0.0425430836213378));
#4112=CARTESIAN_POINT('',(-0.00227544185263892,0.0011,-0.0426921014438459));
#4113=CARTESIAN_POINT('',(-0.00242200115548191,0.0011,-0.0428388772005557));
#4114=CARTESIAN_POINT('',(-0.00252699032173098,0.0011,-0.0429381101386561));
#4115=CARTESIAN_POINT('',(-0.00263705924032607,0.0011,-0.0430376356093071));
#4116=CARTESIAN_POINT('',(-0.00274131391171035,0.0011,-0.0431267367071148));
#4117=CARTESIAN_POINT('',(-0.00282712453742526,0.0011,-0.043196839269027));
#4118=CARTESIAN_POINT('',(-0.00292866881365843,0.0011,-0.0432771303506211));
#4119=CARTESIAN_POINT('',(-0.00305155671244593,0.0011,-0.0433693825959158));
#4120=CARTESIAN_POINT('',(-0.00317799826134056,0.0011,-0.0434587617263669));
#4121=CARTESIAN_POINT('',(-0.00329122230771278,0.0011,-0.0435348326159577));
#4122=CARTESIAN_POINT('',(-0.00342279681183025,0.0011,-0.0436194513390353));
#4123=CARTESIAN_POINT('',(-0.0035664985358261,0.0011,-0.0437067178728396));
#4124=CARTESIAN_POINT('',(-0.0036973016357435,0.0011,-0.0437811910684873));
#4125=CARTESIAN_POINT('',(-0.00378697577298002,0.0011,-0.0438303940059778));
#4126=CARTESIAN_POINT('',(-0.00387642380474841,0.0011,-0.0438783745085895));
#4127=CARTESIAN_POINT('',(-0.00402349474465473,0.0011,-0.0439545500621542));
#4128=CARTESIAN_POINT('',(-0.00421845641705406,0.0011,-0.0440496963272056));
#4129=CARTESIAN_POINT('',(-0.00444328638763428,0.0011,-0.0441527421695537));
#4130=CARTESIAN_POINT('',(-0.00466785088359156,0.0011,-0.0442501056019919));
#4131=CARTESIAN_POINT('',(-0.00489630717705299,0.0011,-0.0443442623244627));
#4132=CARTESIAN_POINT('',(-0.00513208160940081,0.0011,-0.0444368366950144));
#4133=CARTESIAN_POINT('',(-0.00537574765182161,0.0011,-0.0445280891670379));
#4134=CARTESIAN_POINT('',(-0.00571342914183765,0.0011,-0.0446486741640416));
#4135=CARTESIAN_POINT('',(-0.00616006965667063,0.0011,-0.0447970018801387));
#4136=CARTESIAN_POINT('',(-0.00673706409437982,0.0011,-0.0449689525460259));
#4137=CARTESIAN_POINT('',(-0.00735561033872977,0.0011,-0.0451311172765422));
#4138=CARTESIAN_POINT('',(-0.0080164963270443,0.0011,-0.0452783229882124));
#4139=CARTESIAN_POINT('',(-0.00871804134499732,0.0011,-0.0454043677818613));
#4140=CARTESIAN_POINT('',(-0.00947613910671549,0.0011,-0.0455021436809724));
#4141=CARTESIAN_POINT('',(-0.0102840131186566,0.0011,-0.0455574834428094));
#4142=CARTESIAN_POINT('',(-0.0110935145418533,0.0011,-0.0455587353898972));
#4143=CARTESIAN_POINT('',(-0.011884742038252,0.0011,-0.0455084989034148));
#4144=CARTESIAN_POINT('',(-0.0129227967920711,0.0011,-0.0453754141221902));
#4145=CARTESIAN_POINT('',(-0.0141656528003549,0.0011,-0.0450932370140742));
#4146=CARTESIAN_POINT('',(-0.0155495260523895,0.0011,-0.044603295200787));
#4147=CARTESIAN_POINT('',(-0.0168161737616548,0.0011,-0.0439987804756206));
#4148=CARTESIAN_POINT('',(-0.0179698616149894,0.0011,-0.0433125131621925));
#4149=CARTESIAN_POINT('',(-0.0190182665805301,0.0011,-0.0425724326982227));
#4150=CARTESIAN_POINT('',(-0.0199840396860653,0.0011,-0.0417936658502523));
#4151=CARTESIAN_POINT('',(-0.0209078547974853,0.0011,-0.0409547144470039));
#4152=CARTESIAN_POINT('',(-0.0217848278697565,0.0011,-0.0400598410888972));
#4153=CARTESIAN_POINT('',(-0.0228874752810266,0.0011,-0.0387965590812598));
#4154=CARTESIAN_POINT('',(-0.0241350160564188,0.0011,-0.0370917343579357));
#4155=CARTESIAN_POINT('',(-0.0253914946008291,0.0011,-0.0348292094102853));
#4156=CARTESIAN_POINT('',(-0.0263224486541482,0.0011,-0.03239639515775));
#4157=CARTESIAN_POINT('',(-0.0268781812680104,0.0011,-0.0298808946636599));
#4158=CARTESIAN_POINT('',(-0.0270519186829996,0.0011,-0.0273046093430484));
#4159=CARTESIAN_POINT('',(-0.0268237907818042,0.0011,-0.024724171326001));
#4160=CARTESIAN_POINT('',(-0.0263219375980762,0.0011,-0.0226623106205507));
#4161=CARTESIAN_POINT('',(-0.0257579886194863,0.0011,-0.0210813962512851));
#4162=CARTESIAN_POINT('',(-0.025256888602268,0.0011,-0.0199311849192468));
#4163=CARTESIAN_POINT('',(-0.0247772822204832,0.0011,-0.0190054159723662));
#4164=CARTESIAN_POINT('',(-0.0243589577883227,0.0011,-0.018286558573586));
#4165=CARTESIAN_POINT('',(-0.0239122706626671,0.0011,-0.0175750499790552));
#4166=CARTESIAN_POINT('',(-0.0233233433807641,0.0011,-0.0167349596686423));
#4167=CARTESIAN_POINT('',(-0.0226252958207206,0.0011,-0.0158466306736095));
#4168=CARTESIAN_POINT('',(-0.0219725403739078,0.0011,-0.0150793869847338));
#4169=CARTESIAN_POINT('',(-0.0215839617128088,0.0011,-0.0146455390583418));
#4170=CARTESIAN_POINT('',(-0.021408419777072,0.0011,-0.0144518783186598));
#4171=CARTESIAN_POINT('',(-0.021408419777072,0.0011,-0.0144518783186599));
#4172=CARTESIAN_POINT('',(-0.0214084197770721,0.0011,-0.0144518783186598));
#4173=CARTESIAN_POINT('',(-0.0213806543567613,0.0011,-0.0140501341847439));
#4174=CARTESIAN_POINT('',(-0.0213230996763113,0.0011,-0.0130892570109289));
#4175=CARTESIAN_POINT('',(-0.0212317268437506,0.0011,-0.0113547904130581));
#4176=CARTESIAN_POINT('',(-0.021130095329844,0.0011,-0.0094582817618462));
#4177=CARTESIAN_POINT('',(-0.0210117409050056,0.0011,-0.00751457334063292));
#4178=CARTESIAN_POINT('',(-0.0208688397665176,0.0011,-0.00563204105309782));
#4179=CARTESIAN_POINT('',(-0.0206879112508307,0.0011,-0.00387496543286521));
#4180=CARTESIAN_POINT('',(-0.0204451128828335,0.0011,-0.00219438663504466));
#4181=CARTESIAN_POINT('',(-0.0201101854107632,0.0011,-0.000554960150496672));
#4182=CARTESIAN_POINT('',(-0.0197297331381335,0.0011,0.000786412886643));
#4183=CARTESIAN_POINT('',(-0.0193509141803034,0.0011,0.00184625137013965));
#4184=CARTESIAN_POINT('',(-0.0190279615032891,0.0011,0.00263013458432012));
#4185=CARTESIAN_POINT('',(-0.018673621863636,0.0011,0.00338669211174857));
#4186=CARTESIAN_POINT('',(-0.0181787685865969,0.0011,0.00433283815252245));
#4187=CARTESIAN_POINT('',(-0.0176577035726432,0.0011,0.00519951703939932));
#4188=CARTESIAN_POINT('',(-0.0171246218371145,0.0011,0.00598884379162123));
#4189=CARTESIAN_POINT('',(-0.0167213738136704,0.0011,0.00654226420126868));
#4190=CARTESIAN_POINT('',(-0.016378369982225,0.0011,0.00697752629751577));
#4191=CARTESIAN_POINT('',(-0.0161011040730566,0.0011,0.00730785022204926));
#4192=CARTESIAN_POINT('',(-0.0158868292691811,0.0011,0.00755199830759415));
#4193=CARTESIAN_POINT('',(-0.0156568263526022,0.0011,0.00780083201387118));
#4194=CARTESIAN_POINT('',(-0.015398837349936,0.0011,0.00806292169247518));
#4195=CARTESIAN_POINT('',(-0.0151075289294621,0.0011,0.00833637988325772));
#4196=CARTESIAN_POINT('',(-0.0147950827200578,0.0011,0.0086041330973104));
#4197=CARTESIAN_POINT('',(-0.0144661438783607,0.0011,0.00886132880584037));
#4198=CARTESIAN_POINT('',(-0.0139992156858272,0.0011,0.00919102071800511));
#4199=CARTESIAN_POINT('',(-0.0136592310067579,0.0011,0.00939639302252762));
#4200=CARTESIAN_POINT('',(-0.013437509397688,0.0011,0.00952035878128558));
#4201=CARTESIAN_POINT('',(-0.013437509397688,0.0011,0.00952035878128555));
#4202=CARTESIAN_POINT('',(-0.0134375093976881,0.0011,0.00952035878128552));
#4203=CARTESIAN_POINT('',(-0.0136509428862385,0.0011,0.00993255474458734));
#4204=CARTESIAN_POINT('',(-0.0140723884034303,0.0011,0.0107927875551029));
#4205=CARTESIAN_POINT('',(-0.0145695400317703,0.0011,0.0119552031623014));
#4206=CARTESIAN_POINT('',(-0.0149395989363619,0.0011,0.0129375506680954));
#4207=CARTESIAN_POINT('',(-0.0152863440340077,0.0011,0.0139527301345574));
#4208=CARTESIAN_POINT('',(-0.0156622441124651,0.0011,0.0152470537844164));
#4209=CARTESIAN_POINT('',(-0.0160254573378483,0.0011,0.0168317727095049));
#4210=CARTESIAN_POINT('',(-0.0163057762253839,0.0011,0.018446893722405));
#4211=CARTESIAN_POINT('',(-0.0165064166579962,0.0011,0.0200876881324499));
#4212=CARTESIAN_POINT('',(-0.0166303894615495,0.0011,0.0217513769328097));
#4213=CARTESIAN_POINT('',(-0.0166799219261574,0.0011,0.0234346050106026));
#4214=CARTESIAN_POINT('',(-0.0166568237083246,0.0011,0.0251332135277237));
#4215=CARTESIAN_POINT('',(-0.0165783215435927,0.0011,0.0265611375109702));
#4216=CARTESIAN_POINT('',(-0.0164802044293911,0.0011,0.0277032991871765));
#4217=CARTESIAN_POINT('',(-0.0163884961967148,0.0011,0.0285502326325292));
#4218=CARTESIAN_POINT('',(-0.0162771143756153,0.0011,0.0293835941947857));
#4219=CARTESIAN_POINT('',(-0.0161429973922101,0.0011,0.0302009031872068));
#4220=CARTESIAN_POINT('',(-0.0159786380806023,0.0011,0.0310107496885818));
#4221=CARTESIAN_POINT('',(-0.015803988057462,0.0011,0.0316950048410505));
#4222=CARTESIAN_POINT('',(-0.0156181197128611,0.0011,0.0322815559530535));
#4223=CARTESIAN_POINT('',(-0.0154735727500376,0.0011,0.0326735167248943));
#4224=CARTESIAN_POINT('',(-0.0153266102133627,0.0011,0.0330191620840145));
#4225=CARTESIAN_POINT('',(-0.0151994230416471,0.0011,0.0332911668758218));
#4226=CARTESIAN_POINT('',(-0.0150680422796847,0.0011,0.0335434737455652));
#4227=CARTESIAN_POINT('',(-0.0149489318720226,0.0011,0.0337519626764284));
#4228=CARTESIAN_POINT('',(-0.014821860971777,0.0011,0.033962405426287));
#4229=CARTESIAN_POINT('',(-0.01465605154868,0.0011,0.0342130807774023));
#4230=CARTESIAN_POINT('',(-0.0144554711089354,0.0011,0.0344792327002434));
#4231=CARTESIAN_POINT('',(-0.014288260524784,0.0011,0.0346828297987088));
#4232=CARTESIAN_POINT('',(-0.0141066416697217,0.0011,0.0348863333633492));
#4233=CARTESIAN_POINT('',(-0.0138868797997446,0.0011,0.0351103826149052));
#4234=CARTESIAN_POINT('',(-0.0136385218564033,0.0011,0.0353373925066754));
#4235=CARTESIAN_POINT('',(-0.0133494073166996,0.0011,0.0355722579360441));
#4236=CARTESIAN_POINT('',(-0.0130155214828849,0.0011,0.0358080880271742));
#4237=CARTESIAN_POINT('',(-0.0126415976271061,0.0011,0.0360337241839701));
#4238=CARTESIAN_POINT('',(-0.0122152954668969,0.0011,0.0362478249029324));
#4239=CARTESIAN_POINT('',(-0.0117333595561867,0.0011,0.0364391599696094));
#4240=CARTESIAN_POINT('',(-0.011218233822634,0.0011,0.0365901673178128));
#4241=CARTESIAN_POINT('',(-0.0107591371224304,0.0011,0.0366793073187471));
#4242=CARTESIAN_POINT('',(-0.0103660891358917,0.0011,0.0367239781688194));
#4243=CARTESIAN_POINT('',(-0.00997990157669172,0.0011,0.0367473952896689));
#4244=CARTESIAN_POINT('',(-0.00969390064331791,0.0011,0.0367433798567261));
#4245=CARTESIAN_POINT('',(-0.00950280150586397,0.0011,0.0367312160926844));
#4246=CARTESIAN_POINT('',(-0.00950280150586422,0.0011,0.0367312160926844));
#4247=CARTESIAN_POINT('',(-0.007826850581355,0.0011,0.0314215602142498));
#4248=CARTESIAN_POINT('',(-0.00805256278608594,0.0011,0.0369848826380444));
#4249=CARTESIAN_POINT('',(-0.00805256278608631,0.0011,0.0369848826380445));
#4250=CARTESIAN_POINT('',(-0.00798934060453633,0.0011,0.0370874480767824));
#4251=CARTESIAN_POINT('',(-0.00785407576608542,0.0011,0.0373034154296395));
#4252=CARTESIAN_POINT('',(-0.00765674813599081,0.0011,0.0376015938261264));
#4253=CARTESIAN_POINT('',(-0.0074789496631709,0.0011,0.0378549415080509));
#4254=CARTESIAN_POINT('',(-0.00732514813626197,0.0011,0.0380639818460992));
#4255=CARTESIAN_POINT('',(-0.00715368081560648,0.0011,0.0382838053783908));
#4256=CARTESIAN_POINT('',(-0.00698592315306569,0.0011,0.0384848776215282));
#4257=CARTESIAN_POINT('',(-0.00683150816834916,0.0011,0.0386581944100243));
#4258=CARTESIAN_POINT('',(-0.00670093377348367,0.0011,0.0387976827575373));
#4259=CARTESIAN_POINT('',(-0.00655919432408188,0.0011,0.038941270216214));
#4260=CARTESIAN_POINT('',(-0.00642059596812788,0.0011,0.0390733498773792));
#4261=CARTESIAN_POINT('',(-0.0062993663918274,0.0011,0.0391825471415176));
#4262=CARTESIAN_POINT('',(-0.00617319033050211,0.0011,0.0392921149419852));
#4263=CARTESIAN_POINT('',(-0.00598935905504223,0.0011,0.0394427472796521));
#4264=CARTESIAN_POINT('',(-0.00577658840983983,0.0011,0.0396002323074427));
#4265=CARTESIAN_POINT('',(-0.00559140901757259,0.0011,0.0397262587219724));
#4266=CARTESIAN_POINT('',(-0.00537871773566508,0.0011,0.0398623616896729));
#4267=CARTESIAN_POINT('',(-0.00507139592388228,0.0011,0.0400378056321034));
#4268=CARTESIAN_POINT('',(-0.00466025323763045,0.0011,0.0402354436465444));
#4269=CARTESIAN_POINT('',(-0.00421845078571722,0.0011,0.0404031166619752));
#4270=CARTESIAN_POINT('',(-0.00382158370309049,0.0011,0.0405167587736191));
#4271=CARTESIAN_POINT('',(-0.00340254926151059,0.0011,0.0406125031721846));
#4272=CARTESIAN_POINT('',(-0.00292763553178601,0.0011,0.0406800123184549));
#4273=CARTESIAN_POINT('',(-0.00240558513656478,0.0011,0.0406994751012548));
#4274=CARTESIAN_POINT('',(-0.00199464292484401,0.0011,0.0406858702517239));
#4275=CARTESIAN_POINT('',(-0.00156646583019541,0.0011,0.0406390421344514));
#4276=CARTESIAN_POINT('',(-0.00121688196474386,0.0011,0.0405738952147263));
#4277=CARTESIAN_POINT('',(-0.00093224867292378,0.0011,0.0405039915454238));
#4278=CARTESIAN_POINT('',(-0.000644140934505632,0.0011,0.0404207143500369));
#4279=CARTESIAN_POINT('',(-0.000443510777799672,0.0011,0.0403494419748957));
#4280=CARTESIAN_POINT('',(-0.000313545013492685,0.0011,0.0402980661090008));
#4281=CARTESIAN_POINT('',(-0.000313545013492904,0.0011,0.0402980661090008));
#4282=CARTESIAN_POINT('',(-0.0003135450134928,0.0011,0.0402980661090009));
#4283=CARTESIAN_POINT('',(-0.000203589770895914,0.0011,0.0403413837859342));
#4284=CARTESIAN_POINT('',(1.97855525599461E-5,0.0011,0.0404210140960031));
#4285=CARTESIAN_POINT('',(0.000341883864814312,0.0011,0.0405137675306909));
#4286=CARTESIAN_POINT('',(0.000656010944931237,0.0011,0.0405850297270109));
#4287=CARTESIAN_POINT('',(0.0010680543222395,0.0011,0.0406545052594044));
#4288=CARTESIAN_POINT('',(0.00145756737733519,0.0011,0.0406867143096694));
#4289=CARTESIAN_POINT('',(0.00180928147584497,0.0011,0.0406908613057231));
#4290=CARTESIAN_POINT('',(0.00213253897971818,0.0011,0.0406806101940157));
#4291=CARTESIAN_POINT('',(0.00243480641872064,0.0011,0.0406516471129618));
#4292=CARTESIAN_POINT('',(0.00270165786695543,0.0011,0.0406112064008952));
#4293=CARTESIAN_POINT('',(0.00294113571202411,0.0011,0.0405670466288183));
#4294=CARTESIAN_POINT('',(0.00322436501098047,0.0011,0.040500749058541));
#4295=CARTESIAN_POINT('',(0.00351050574308216,0.0011,0.0404168802542417));
#4296=CARTESIAN_POINT('',(0.00376837598967946,0.0011,0.040327880844574));
#4297=CARTESIAN_POINT('',(0.00398411923332794,0.0011,0.0402434471968228));
#4298=CARTESIAN_POINT('',(0.0041906874681738,0.0011,0.0401540363620234));
#4299=CARTESIAN_POINT('',(0.00437773934269575,0.0011,0.0400648696284044));
#4300=CARTESIAN_POINT('',(0.0045388346601392,0.0011,0.0399819301122357));
#4301=CARTESIAN_POINT('',(0.00473002097491887,0.0011,0.0398775709723867));
#4302=CARTESIAN_POINT('',(0.00495389634872031,0.0011,0.0397444807766414));
#4303=CARTESIAN_POINT('',(0.00517886634781808,0.0011,0.0395980344849233));
#4304=CARTESIAN_POINT('',(0.0053851646648658,0.0011,0.0394536098351176));
#4305=CARTESIAN_POINT('',(0.00556807738302577,0.0011,0.0393172282650713));
#4306=CARTESIAN_POINT('',(0.00579728128998801,0.0011,0.0391368890238916));
#4307=CARTESIAN_POINT('',(0.0060544639400703,0.0011,0.03891915864932));
#4308=CARTESIAN_POINT('',(0.00634106636943552,0.0011,0.0386568622333466));
#4309=CARTESIAN_POINT('',(0.00660826319836946,0.0011,0.0383945443621206));
#4310=CARTESIAN_POINT('',(0.00695309099115155,0.0011,0.0380339221796304));
#4311=CARTESIAN_POINT('',(0.00728402648183812,0.0011,0.0376534965453418));
#4312=CARTESIAN_POINT('',(0.00760024557700457,0.0011,0.0372526392008277));
#4313=CARTESIAN_POINT('',(0.00789745764388249,0.0011,0.0368497501830968));
#4314=CARTESIAN_POINT('',(0.00810140296477814,0.0011,0.0365447857799851));
#4315=CARTESIAN_POINT('',(0.00822977669644376,0.0011,0.0363404533278886));
#4316=CARTESIAN_POINT('',(0.00822977669644387,0.0011,0.0363404533278885));
#4317=CARTESIAN_POINT('',(0.00923240226327083,0.0011,0.0305765050237986));
#4318=CARTESIAN_POINT('',(0.0122940921400421,0.0011,0.0355610607796482));
#4319=CARTESIAN_POINT('',(0.0105576909787447,0.0011,0.0302623705462958));
#4320=CARTESIAN_POINT('',(-0.00508849544446481,0.,0.00498488834968703));
#4321=CARTESIAN_POINT('',(0.01557916495059,0.,0.0326878509427711));
#4322=CARTESIAN_POINT('',(0.0157294506861098,0.,0.0325386084469396));
#4323=CARTESIAN_POINT('',(0.0160034269799003,0.,0.0322326814108909));
#4324=CARTESIAN_POINT('',(0.0162725482675061,0.,0.0318598936731944));
#4325=CARTESIAN_POINT('',(0.016446085446822,0.,0.0315831390387957));
#4326=CARTESIAN_POINT('',(0.0165927830073661,0.,0.031327557240754));
#4327=CARTESIAN_POINT('',(0.0167510640077566,0.,0.0310117074588761));
#4328=CARTESIAN_POINT('',(0.0168709246717251,0.,0.0307227921507639));
#4329=CARTESIAN_POINT('',(0.0169453481526671,0.,0.0305207106698758));
#4330=CARTESIAN_POINT('',(0.017012934989285,0.,0.0303215783842151));
#4331=CARTESIAN_POINT('',(0.0170827615159193,0.,0.0300844795934942));
#4332=CARTESIAN_POINT('',(0.0171632472700964,0.,0.0297584535681131));
#4333=CARTESIAN_POINT('',(0.0172178405277615,0.,0.0294628458409565));
#4334=CARTESIAN_POINT('',(0.0172527447942277,0.,0.0292126584786924));
#4335=CARTESIAN_POINT('',(0.0172727961701169,0.,0.0290339632693722));
#4336=CARTESIAN_POINT('',(0.0172867361396983,0.,0.0288749075077968));
#4337=CARTESIAN_POINT('',(0.0173004398684017,0.,0.0286707757922922));
#4338=CARTESIAN_POINT('',(0.017308898056615,0.,0.0284300172984549));
#4339=CARTESIAN_POINT('',(0.0173092926461134,0.,0.0281822138867635));
#4340=CARTESIAN_POINT('',(0.0173021392863744,0.,0.0278754662435496));
#4341=CARTESIAN_POINT('',(0.0172816587276458,0.,0.0275241953685494));
#4342=CARTESIAN_POINT('',(0.0172463306650717,0.,0.0271359723013604));
#4343=CARTESIAN_POINT('',(0.0171890439863988,0.,0.0266416723171957));
#4344=CARTESIAN_POINT('',(0.0171027042927348,0.,0.0260443976539323));
#4345=CARTESIAN_POINT('',(0.0169829746226862,0.,0.025328713080276));
#4346=CARTESIAN_POINT('',(0.0168530475727026,0.,0.024610258766143));
#4347=CARTESIAN_POINT('',(0.0167185206718656,0.,0.023892676721322));
#4348=CARTESIAN_POINT('',(0.0165854667453193,0.,0.0231868306972285));
#4349=CARTESIAN_POINT('',(0.0164602915468501,0.,0.0225075059746512));
#4350=CARTESIAN_POINT('',(0.0163677595428798,0.,0.0219772615083933));
#4351=CARTESIAN_POINT('',(0.0163044184928652,0.,0.0215879531635925));
#4352=CARTESIAN_POINT('',(0.0162490573252028,0.,0.0212248130012651));
#4353=CARTESIAN_POINT('',(0.0161898273417891,0.,0.0207897898252785));
#4354=CARTESIAN_POINT('',(0.0161107537042101,0.,0.0201162774135762));
#4355=CARTESIAN_POINT('',(0.0160337792504821,0.,0.019300739526264));
#4356=CARTESIAN_POINT('',(0.0159493882131316,0.,0.0182877579324009));
#4357=CARTESIAN_POINT('',(0.015857788423947,0.,0.0173616832590313));
#4358=CARTESIAN_POINT('',(0.0157485947668019,0.,0.0165539669262069));
#4359=CARTESIAN_POINT('',(0.0156412987529,0.,0.0159139352973423));
#4360=CARTESIAN_POINT('',(0.0155025895463045,0.,0.0152430778299645));
#4361=CARTESIAN_POINT('',(0.0152675291637191,0.,0.014319448088399));
#4362=CARTESIAN_POINT('',(0.0149149023173707,0.,0.0132353994971275));
#4363=CARTESIAN_POINT('',(0.01443159106681,0.,0.0120266827815489));
#4364=CARTESIAN_POINT('',(0.013911201818672,0.,0.0108938881098273));
#4365=CARTESIAN_POINT('',(0.0135521621398276,0.,0.0101834643847375));
#4366=CARTESIAN_POINT('',(0.0133723724390999,0.,0.00983886234633334));
#4367=CARTESIAN_POINT('',(0.01557916495059,0.,0.0326878509427712));
#4368=CARTESIAN_POINT('',(0.0133723724390999,0.,0.00983886234633335));
#4369=CARTESIAN_POINT('',(0.0105576909787447,0.,0.0302623705462958));
#4370=CARTESIAN_POINT('',(0.0122940921400421,0.,0.0355610607796482));
#4371=CARTESIAN_POINT('',(0.00923240226327083,0.,0.0305765050237986));
#4372=CARTESIAN_POINT('',(0.00822977669644387,0.,0.0363404533278885));
#4373=CARTESIAN_POINT('',(-0.0003135450134928,0.,0.0402980661090009));
#4374=CARTESIAN_POINT('',(-0.000203589770895914,0.,0.0403413837859342));
#4375=CARTESIAN_POINT('',(1.97855525599461E-5,0.,0.0404210140960031));
#4376=CARTESIAN_POINT('',(0.000341883864814312,0.,0.0405137675306909));
#4377=CARTESIAN_POINT('',(0.000656010944931237,0.,0.0405850297270109));
#4378=CARTESIAN_POINT('',(0.0010680543222395,0.,0.0406545052594044));
#4379=CARTESIAN_POINT('',(0.00145756737733519,0.,0.0406867143096694));
#4380=CARTESIAN_POINT('',(0.00180928147584497,0.,0.0406908613057231));
#4381=CARTESIAN_POINT('',(0.00213253897971818,0.,0.0406806101940157));
#4382=CARTESIAN_POINT('',(0.00243480641872064,0.,0.0406516471129618));
#4383=CARTESIAN_POINT('',(0.00270165786695543,0.,0.0406112064008952));
#4384=CARTESIAN_POINT('',(0.00294113571202411,0.,0.0405670466288183));
#4385=CARTESIAN_POINT('',(0.00322436501098047,0.,0.040500749058541));
#4386=CARTESIAN_POINT('',(0.00351050574308216,0.,0.0404168802542417));
#4387=CARTESIAN_POINT('',(0.00376837598967946,0.,0.040327880844574));
#4388=CARTESIAN_POINT('',(0.00398411923332794,0.,0.0402434471968228));
#4389=CARTESIAN_POINT('',(0.0041906874681738,0.,0.0401540363620234));
#4390=CARTESIAN_POINT('',(0.00437773934269575,0.,0.0400648696284044));
#4391=CARTESIAN_POINT('',(0.0045388346601392,0.,0.0399819301122357));
#4392=CARTESIAN_POINT('',(0.00473002097491887,0.,0.0398775709723867));
#4393=CARTESIAN_POINT('',(0.00495389634872031,0.,0.0397444807766414));
#4394=CARTESIAN_POINT('',(0.00517886634781808,0.,0.0395980344849233));
#4395=CARTESIAN_POINT('',(0.0053851646648658,0.,0.0394536098351176));
#4396=CARTESIAN_POINT('',(0.00556807738302577,0.,0.0393172282650713));
#4397=CARTESIAN_POINT('',(0.00579728128998801,0.,0.0391368890238916));
#4398=CARTESIAN_POINT('',(0.0060544639400703,0.,0.03891915864932));
#4399=CARTESIAN_POINT('',(0.00634106636943552,0.,0.0386568622333466));
#4400=CARTESIAN_POINT('',(0.00660826319836946,0.,0.0383945443621206));
#4401=CARTESIAN_POINT('',(0.00695309099115155,0.,0.0380339221796304));
#4402=CARTESIAN_POINT('',(0.00728402648183812,0.,0.0376534965453418));
#4403=CARTESIAN_POINT('',(0.00760024557700457,0.,0.0372526392008277));
#4404=CARTESIAN_POINT('',(0.00789745764388249,0.,0.0368497501830968));
#4405=CARTESIAN_POINT('',(0.00810140296477814,0.,0.0365447857799851));
#4406=CARTESIAN_POINT('',(0.00822977669644376,0.,0.0363404533278886));
#4407=CARTESIAN_POINT('',(-0.000313545013492904,0.,0.0402980661090008));
#4408=CARTESIAN_POINT('',(-0.00805256278608631,0.,0.0369848826380445));
#4409=CARTESIAN_POINT('',(-0.00798934060453633,0.,0.0370874480767824));
#4410=CARTESIAN_POINT('',(-0.00785407576608542,0.,0.0373034154296395));
#4411=CARTESIAN_POINT('',(-0.00765674813599081,0.,0.0376015938261264));
#4412=CARTESIAN_POINT('',(-0.0074789496631709,0.,0.0378549415080509));
#4413=CARTESIAN_POINT('',(-0.00732514813626197,0.,0.0380639818460992));
#4414=CARTESIAN_POINT('',(-0.00715368081560648,0.,0.0382838053783908));
#4415=CARTESIAN_POINT('',(-0.00698592315306569,0.,0.0384848776215282));
#4416=CARTESIAN_POINT('',(-0.00683150816834916,0.,0.0386581944100243));
#4417=CARTESIAN_POINT('',(-0.00670093377348367,0.,0.0387976827575373));
#4418=CARTESIAN_POINT('',(-0.00655919432408188,0.,0.038941270216214));
#4419=CARTESIAN_POINT('',(-0.00642059596812788,0.,0.0390733498773792));
#4420=CARTESIAN_POINT('',(-0.0062993663918274,0.,0.0391825471415176));
#4421=CARTESIAN_POINT('',(-0.00617319033050211,0.,0.0392921149419852));
#4422=CARTESIAN_POINT('',(-0.00598935905504223,0.,0.0394427472796521));
#4423=CARTESIAN_POINT('',(-0.00577658840983983,0.,0.0396002323074427));
#4424=CARTESIAN_POINT('',(-0.00559140901757259,0.,0.0397262587219724));
#4425=CARTESIAN_POINT('',(-0.00537871773566508,0.,0.0398623616896729));
#4426=CARTESIAN_POINT('',(-0.00507139592388228,0.,0.0400378056321034));
#4427=CARTESIAN_POINT('',(-0.00466025323763045,0.,0.0402354436465444));
#4428=CARTESIAN_POINT('',(-0.00421845078571722,0.,0.0404031166619752));
#4429=CARTESIAN_POINT('',(-0.00382158370309049,0.,0.0405167587736191));
#4430=CARTESIAN_POINT('',(-0.00340254926151059,0.,0.0406125031721846));
#4431=CARTESIAN_POINT('',(-0.00292763553178601,0.,0.0406800123184549));
#4432=CARTESIAN_POINT('',(-0.00240558513656478,0.,0.0406994751012548));
#4433=CARTESIAN_POINT('',(-0.00199464292484401,0.,0.0406858702517239));
#4434=CARTESIAN_POINT('',(-0.00156646583019541,0.,0.0406390421344514));
#4435=CARTESIAN_POINT('',(-0.00121688196474386,0.,0.0405738952147263));
#4436=CARTESIAN_POINT('',(-0.00093224867292378,0.,0.0405039915454238));
#4437=CARTESIAN_POINT('',(-0.000644140934505632,0.,0.0404207143500369));
#4438=CARTESIAN_POINT('',(-0.000443510777799672,0.,0.0403494419748957));
#4439=CARTESIAN_POINT('',(-0.000313545013492685,0.,0.0402980661090008));
#4440=CARTESIAN_POINT('',(-0.00805256278608594,0.,0.0369848826380444));
#4441=CARTESIAN_POINT('',(-0.007826850581355,0.,0.0314215602142498));
#4442=CARTESIAN_POINT('',(-0.00950280150586422,0.,0.0367312160926844));
#4443=CARTESIAN_POINT('',(-0.0134375093976881,0.,0.00952035878128552));
#4444=CARTESIAN_POINT('',(-0.0136509428862385,0.,0.00993255474458734));
#4445=CARTESIAN_POINT('',(-0.0140723884034303,0.,0.0107927875551029));
#4446=CARTESIAN_POINT('',(-0.0145695400317703,0.,0.0119552031623014));
#4447=CARTESIAN_POINT('',(-0.0149395989363619,0.,0.0129375506680954));
#4448=CARTESIAN_POINT('',(-0.0152863440340077,0.,0.0139527301345574));
#4449=CARTESIAN_POINT('',(-0.0156622441124651,0.,0.0152470537844164));
#4450=CARTESIAN_POINT('',(-0.0160254573378483,0.,0.0168317727095049));
#4451=CARTESIAN_POINT('',(-0.0163057762253839,0.,0.018446893722405));
#4452=CARTESIAN_POINT('',(-0.0165064166579962,0.,0.0200876881324499));
#4453=CARTESIAN_POINT('',(-0.0166303894615495,0.,0.0217513769328097));
#4454=CARTESIAN_POINT('',(-0.0166799219261574,0.,0.0234346050106026));
#4455=CARTESIAN_POINT('',(-0.0166568237083246,0.,0.0251332135277237));
#4456=CARTESIAN_POINT('',(-0.0165783215435927,0.,0.0265611375109702));
#4457=CARTESIAN_POINT('',(-0.0164802044293911,0.,0.0277032991871765));
#4458=CARTESIAN_POINT('',(-0.0163884961967148,0.,0.0285502326325292));
#4459=CARTESIAN_POINT('',(-0.0162771143756153,0.,0.0293835941947857));
#4460=CARTESIAN_POINT('',(-0.0161429973922101,0.,0.0302009031872068));
#4461=CARTESIAN_POINT('',(-0.0159786380806023,0.,0.0310107496885818));
#4462=CARTESIAN_POINT('',(-0.015803988057462,0.,0.0316950048410505));
#4463=CARTESIAN_POINT('',(-0.0156181197128611,0.,0.0322815559530535));
#4464=CARTESIAN_POINT('',(-0.0154735727500376,0.,0.0326735167248943));
#4465=CARTESIAN_POINT('',(-0.0153266102133627,0.,0.0330191620840145));
#4466=CARTESIAN_POINT('',(-0.0151994230416471,0.,0.0332911668758218));
#4467=CARTESIAN_POINT('',(-0.0150680422796847,0.,0.0335434737455652));
#4468=CARTESIAN_POINT('',(-0.0149489318720226,0.,0.0337519626764284));
#4469=CARTESIAN_POINT('',(-0.014821860971777,0.,0.033962405426287));
#4470=CARTESIAN_POINT('',(-0.01465605154868,0.,0.0342130807774023));
#4471=CARTESIAN_POINT('',(-0.0144554711089354,0.,0.0344792327002434));
#4472=CARTESIAN_POINT('',(-0.014288260524784,0.,0.0346828297987088));
#4473=CARTESIAN_POINT('',(-0.0141066416697217,0.,0.0348863333633492));
#4474=CARTESIAN_POINT('',(-0.0138868797997446,0.,0.0351103826149052));
#4475=CARTESIAN_POINT('',(-0.0136385218564033,0.,0.0353373925066754));
#4476=CARTESIAN_POINT('',(-0.0133494073166996,0.,0.0355722579360441));
#4477=CARTESIAN_POINT('',(-0.0130155214828849,0.,0.0358080880271742));
#4478=CARTESIAN_POINT('',(-0.0126415976271061,0.,0.0360337241839701));
#4479=CARTESIAN_POINT('',(-0.0122152954668969,0.,0.0362478249029324));
#4480=CARTESIAN_POINT('',(-0.0117333595561867,0.,0.0364391599696094));
#4481=CARTESIAN_POINT('',(-0.011218233822634,0.,0.0365901673178128));
#4482=CARTESIAN_POINT('',(-0.0107591371224304,0.,0.0366793073187471));
#4483=CARTESIAN_POINT('',(-0.0103660891358917,0.,0.0367239781688194));
#4484=CARTESIAN_POINT('',(-0.00997990157669172,0.,0.0367473952896689));
#4485=CARTESIAN_POINT('',(-0.00969390064331791,0.,0.0367433798567261));
#4486=CARTESIAN_POINT('',(-0.00950280150586397,0.,0.0367312160926844));
#4487=CARTESIAN_POINT('',(-0.013437509397688,0.,0.00952035878128555));
#4488=CARTESIAN_POINT('',(-0.0214084197770721,0.,-0.0144518783186598));
#4489=CARTESIAN_POINT('',(-0.0213806543567613,0.,-0.0140501341847439));
#4490=CARTESIAN_POINT('',(-0.0213230996763113,0.,-0.0130892570109289));
#4491=CARTESIAN_POINT('',(-0.0212317268437506,0.,-0.0113547904130581));
#4492=CARTESIAN_POINT('',(-0.021130095329844,0.,-0.0094582817618462));
#4493=CARTESIAN_POINT('',(-0.0210117409050056,0.,-0.00751457334063292));
#4494=CARTESIAN_POINT('',(-0.0208688397665176,0.,-0.00563204105309782));
#4495=CARTESIAN_POINT('',(-0.0206879112508307,0.,-0.00387496543286521));
#4496=CARTESIAN_POINT('',(-0.0204451128828335,0.,-0.00219438663504466));
#4497=CARTESIAN_POINT('',(-0.0201101854107632,0.,-0.000554960150496672));
#4498=CARTESIAN_POINT('',(-0.0197297331381335,0.,0.000786412886643));
#4499=CARTESIAN_POINT('',(-0.0193509141803034,0.,0.00184625137013965));
#4500=CARTESIAN_POINT('',(-0.0190279615032891,0.,0.00263013458432012));
#4501=CARTESIAN_POINT('',(-0.018673621863636,0.,0.00338669211174857));
#4502=CARTESIAN_POINT('',(-0.0181787685865969,0.,0.00433283815252245));
#4503=CARTESIAN_POINT('',(-0.0176577035726432,0.,0.00519951703939932));
#4504=CARTESIAN_POINT('',(-0.0171246218371145,0.,0.00598884379162123));
#4505=CARTESIAN_POINT('',(-0.0167213738136704,0.,0.00654226420126868));
#4506=CARTESIAN_POINT('',(-0.016378369982225,0.,0.00697752629751577));
#4507=CARTESIAN_POINT('',(-0.0161011040730566,0.,0.00730785022204926));
#4508=CARTESIAN_POINT('',(-0.0158868292691811,0.,0.00755199830759415));
#4509=CARTESIAN_POINT('',(-0.0156568263526022,0.,0.00780083201387118));
#4510=CARTESIAN_POINT('',(-0.015398837349936,0.,0.00806292169247518));
#4511=CARTESIAN_POINT('',(-0.0151075289294621,0.,0.00833637988325772));
#4512=CARTESIAN_POINT('',(-0.0147950827200578,0.,0.0086041330973104));
#4513=CARTESIAN_POINT('',(-0.0144661438783607,0.,0.00886132880584037));
#4514=CARTESIAN_POINT('',(-0.0139992156858272,0.,0.00919102071800511));
#4515=CARTESIAN_POINT('',(-0.0136592310067579,0.,0.00939639302252762));
#4516=CARTESIAN_POINT('',(-0.013437509397688,0.,0.00952035878128558));
#4517=CARTESIAN_POINT('',(-0.021408419777072,0.,-0.0144518783186599));
#4518=CARTESIAN_POINT('',(-0.0106481724196493,0.,-0.0258917331254132));
#4519=CARTESIAN_POINT('',(-0.0106500421822453,0.,-0.0259103370177295));
#4520=CARTESIAN_POINT('',(-0.0106542387768488,0.,-0.0259603992473711));
#4521=CARTESIAN_POINT('',(-0.0106607043146731,0.,-0.0261161567554221));
#4522=CARTESIAN_POINT('',(-0.0106580791887315,0.,-0.0263693332024361));
#4523=CARTESIAN_POINT('',(-0.0106297598246019,0.,-0.0267354844179627));
#4524=CARTESIAN_POINT('',(-0.0105731439035415,0.,-0.0271347073506849));
#4525=CARTESIAN_POINT('',(-0.0104894975778526,0.,-0.0275399036568989));
#4526=CARTESIAN_POINT('',(-0.0103995499548704,0.,-0.0278650490636506));
#4527=CARTESIAN_POINT('',(-0.0103200772952603,0.,-0.0281033178280655));
#4528=CARTESIAN_POINT('',(-0.0102350852678375,0.,-0.0283301745611356));
#4529=CARTESIAN_POINT('',(-0.0101053588585638,0.,-0.0286271706501776));
#4530=CARTESIAN_POINT('',(-0.00991441424101482,0.,-0.0289949620384137));
#4531=CARTESIAN_POINT('',(-0.00969305166629925,0.,-0.0293637281680727));
#4532=CARTESIAN_POINT('',(-0.00944739628053763,0.,-0.0297240424143318));
#4533=CARTESIAN_POINT('',(-0.00918616013946118,0.,-0.0300657684697892));
#4534=CARTESIAN_POINT('',(-0.00891511671932601,0.,-0.0303838048594859));
#4535=CARTESIAN_POINT('',(-0.00866419896684226,0.,-0.0306483339151275));
#4536=CARTESIAN_POINT('',(-0.00841147933997193,0.,-0.0308865705430875));
#4537=CARTESIAN_POINT('',(-0.00812115595304147,0.,-0.0311315095451213));
#4538=CARTESIAN_POINT('',(-0.00776045557183547,0.,-0.0314054200266411));
#4539=CARTESIAN_POINT('',(-0.00730247294995707,0.,-0.0317226808137894));
#4540=CARTESIAN_POINT('',(-0.0068254030450913,0.,-0.0320292861163974));
#4541=CARTESIAN_POINT('',(-0.00637475014107208,0.,-0.0323071573643174));
#4542=CARTESIAN_POINT('',(-0.00601631241545396,0.,-0.0325241520329079));
#4543=CARTESIAN_POINT('',(-0.00564641879697035,0.,-0.0327452165356288));
#4544=CARTESIAN_POINT('',(-0.00527424129450457,0.,-0.0329658939086216));
#4545=CARTESIAN_POINT('',(-0.00490713289635336,0.,-0.0331829127696092));
#4546=CARTESIAN_POINT('',(-0.00461076260258899,0.,-0.0333585220249739));
#4547=CARTESIAN_POINT('',(-0.00438136121461241,0.,-0.033495364658937));
#4548=CARTESIAN_POINT('',(-0.00421328691432638,0.,-0.0335962904750564));
#4549=CARTESIAN_POINT('',(-0.00404886110045415,0.,-0.0336959480729649));
#4550=CARTESIAN_POINT('',(-0.00388738259550461,0.,-0.0337950517899323));
#4551=CARTESIAN_POINT('',(-0.00372686641568155,0.,-0.0338952427654705));
#4552=CARTESIAN_POINT('',(-0.00356394377288845,0.,-0.0339992810172094));
#4553=CARTESIAN_POINT('',(-0.00342001216365403,0.,-0.0340941045132475));
#4554=CARTESIAN_POINT('',(-0.00329475851539647,0.,-0.03417951850184));
#4555=CARTESIAN_POINT('',(-0.00320731648649426,0.,-0.0342408907900305));
#4556=CARTESIAN_POINT('',(-0.00313511625816478,0.,-0.0342928868987417));
#4557=CARTESIAN_POINT('',(-0.00307382284933694,0.,-0.034337851020139));
#4558=CARTESIAN_POINT('',(-0.00300611914901803,0.,-0.0343887316644707));
#4559=CARTESIAN_POINT('',(-0.00293518522388629,0.,-0.0344434751641763));
#4560=CARTESIAN_POINT('',(-0.00285793621465343,0.,-0.0345047344158049));
#4561=CARTESIAN_POINT('',(-0.00276891539007289,0.,-0.0345777549587589));
#4562=CARTESIAN_POINT('',(-0.00268454948096895,0.,-0.0346497694464815));
#4563=CARTESIAN_POINT('',(-0.00261102116797842,0.,-0.0347149198194377));
#4564=CARTESIAN_POINT('',(-0.00253458814111095,0.,-0.0347842368805973));
#4565=CARTESIAN_POINT('',(-0.00245068667684192,0.,-0.0348635923175628));
#4566=CARTESIAN_POINT('',(-0.00237687455551804,0.,-0.0349369009402224));
#4567=CARTESIAN_POINT('',(-0.00232916926267347,0.,-0.03498503867578));
#4568=CARTESIAN_POINT('',(-0.00225369701602769,0.,-0.0350631341787171));
#4569=CARTESIAN_POINT('',(-0.00214781315825985,0.,-0.0351787411742059));
#4570=CARTESIAN_POINT('',(-0.00205422957009461,0.,-0.035287459071789));
#4571=CARTESIAN_POINT('',(-0.00198184957269277,0.,-0.0353753321818059));
#4572=CARTESIAN_POINT('',(-0.00189770661700497,0.,-0.0354805829100297));
#4573=CARTESIAN_POINT('',(-0.00177233106689508,0.,-0.0356468334093022));
#4574=CARTESIAN_POINT('',(-0.00163795819695447,0.,-0.0358451900153101));
#4575=CARTESIAN_POINT('',(-0.0015301523018607,0.,-0.0360199134940453));
#4576=CARTESIAN_POINT('',(-0.00142547565261846,0.,-0.0362003351414075));
#4577=CARTESIAN_POINT('',(-0.00128507950591825,0.,-0.0364670472480834));
#4578=CARTESIAN_POINT('',(-0.00111880899647909,0.,-0.0368456807288194));
#4579=CARTESIAN_POINT('',(-0.000966607482640424,0.,-0.0372827955959422));
#4580=CARTESIAN_POINT('',(-0.000862998772868554,0.,-0.0376955113758963));
#4581=CARTESIAN_POINT('',(-0.0008018839409584,0.,-0.0380436704386937));
#4582=CARTESIAN_POINT('',(-0.000767268608920659,0.,-0.0383181588132887));
#4583=CARTESIAN_POINT('',(-0.000746271302023281,0.,-0.0386045763097937));
#4584=CARTESIAN_POINT('',(-0.000740269276683773,0.,-0.0388863043991152));
#4585=CARTESIAN_POINT('',(-0.000748328293685634,0.,-0.0391695479629253));
#4586=CARTESIAN_POINT('',(-0.000771949743841312,0.,-0.0394610008140263));
#4587=CARTESIAN_POINT('',(-0.000810236422914083,0.,-0.0397440406418354));
#4588=CARTESIAN_POINT('',(-0.000861092921754985,0.,-0.0400159956960909));
#4589=CARTESIAN_POINT('',(-0.000924247598165322,0.,-0.0402811258190718));
#4590=CARTESIAN_POINT('',(-0.00102509627394636,0.,-0.0406268025414153));
#4591=CARTESIAN_POINT('',(-0.00116875502387881,0.,-0.0410113879024228));
#4592=CARTESIAN_POINT('',(-0.00135741734901007,0.,-0.0414129571743421));
#4593=CARTESIAN_POINT('',(-0.0015613798430824,0.,-0.0417718601227156));
#4594=CARTESIAN_POINT('',(-0.00173067321752318,0.,-0.0420251540351007));
#4595=CARTESIAN_POINT('',(-0.00185757832449484,0.,-0.0421979873112728));
#4596=CARTESIAN_POINT('',(-0.00194319377105574,0.,-0.0423083830233646));
#4597=CARTESIAN_POINT('',(-0.00202699626983733,0.,-0.0424115441801732));
#4598=CARTESIAN_POINT('',(-0.00213906658466922,0.,-0.0425430836213378));
#4599=CARTESIAN_POINT('',(-0.00227544185263892,0.,-0.0426921014438459));
#4600=CARTESIAN_POINT('',(-0.00242200115548191,0.,-0.0428388772005557));
#4601=CARTESIAN_POINT('',(-0.00252699032173098,0.,-0.0429381101386561));
#4602=CARTESIAN_POINT('',(-0.00263705924032607,0.,-0.0430376356093071));
#4603=CARTESIAN_POINT('',(-0.00274131391171035,0.,-0.0431267367071148));
#4604=CARTESIAN_POINT('',(-0.00282712453742526,0.,-0.043196839269027));
#4605=CARTESIAN_POINT('',(-0.00292866881365843,0.,-0.0432771303506211));
#4606=CARTESIAN_POINT('',(-0.00305155671244593,0.,-0.0433693825959158));
#4607=CARTESIAN_POINT('',(-0.00317799826134056,0.,-0.0434587617263669));
#4608=CARTESIAN_POINT('',(-0.00329122230771278,0.,-0.0435348326159577));
#4609=CARTESIAN_POINT('',(-0.00342279681183025,0.,-0.0436194513390353));
#4610=CARTESIAN_POINT('',(-0.0035664985358261,0.,-0.0437067178728396));
#4611=CARTESIAN_POINT('',(-0.0036973016357435,0.,-0.0437811910684873));
#4612=CARTESIAN_POINT('',(-0.00378697577298002,0.,-0.0438303940059778));
#4613=CARTESIAN_POINT('',(-0.00387642380474841,0.,-0.0438783745085895));
#4614=CARTESIAN_POINT('',(-0.00402349474465473,0.,-0.0439545500621542));
#4615=CARTESIAN_POINT('',(-0.00421845641705406,0.,-0.0440496963272056));
#4616=CARTESIAN_POINT('',(-0.00444328638763428,0.,-0.0441527421695537));
#4617=CARTESIAN_POINT('',(-0.00466785088359156,0.,-0.0442501056019919));
#4618=CARTESIAN_POINT('',(-0.00489630717705299,0.,-0.0443442623244627));
#4619=CARTESIAN_POINT('',(-0.00513208160940081,0.,-0.0444368366950144));
#4620=CARTESIAN_POINT('',(-0.00537574765182161,0.,-0.0445280891670379));
#4621=CARTESIAN_POINT('',(-0.00571342914183765,0.,-0.0446486741640416));
#4622=CARTESIAN_POINT('',(-0.00616006965667063,0.,-0.0447970018801387));
#4623=CARTESIAN_POINT('',(-0.00673706409437982,0.,-0.0449689525460259));
#4624=CARTESIAN_POINT('',(-0.00735561033872977,0.,-0.0451311172765422));
#4625=CARTESIAN_POINT('',(-0.0080164963270443,0.,-0.0452783229882124));
#4626=CARTESIAN_POINT('',(-0.00871804134499732,0.,-0.0454043677818613));
#4627=CARTESIAN_POINT('',(-0.00947613910671549,0.,-0.0455021436809724));
#4628=CARTESIAN_POINT('',(-0.0102840131186566,0.,-0.0455574834428094));
#4629=CARTESIAN_POINT('',(-0.0110935145418533,0.,-0.0455587353898972));
#4630=CARTESIAN_POINT('',(-0.011884742038252,0.,-0.0455084989034148));
#4631=CARTESIAN_POINT('',(-0.0129227967920711,0.,-0.0453754141221902));
#4632=CARTESIAN_POINT('',(-0.0141656528003549,0.,-0.0450932370140742));
#4633=CARTESIAN_POINT('',(-0.0155495260523895,0.,-0.044603295200787));
#4634=CARTESIAN_POINT('',(-0.0168161737616548,0.,-0.0439987804756206));
#4635=CARTESIAN_POINT('',(-0.0179698616149894,0.,-0.0433125131621925));
#4636=CARTESIAN_POINT('',(-0.0190182665805301,0.,-0.0425724326982227));
#4637=CARTESIAN_POINT('',(-0.0199840396860653,0.,-0.0417936658502523));
#4638=CARTESIAN_POINT('',(-0.0209078547974853,0.,-0.0409547144470039));
#4639=CARTESIAN_POINT('',(-0.0217848278697565,0.,-0.0400598410888972));
#4640=CARTESIAN_POINT('',(-0.0228874752810266,0.,-0.0387965590812598));
#4641=CARTESIAN_POINT('',(-0.0241350160564188,0.,-0.0370917343579357));
#4642=CARTESIAN_POINT('',(-0.0253914946008291,0.,-0.0348292094102853));
#4643=CARTESIAN_POINT('',(-0.0263224486541482,0.,-0.03239639515775));
#4644=CARTESIAN_POINT('',(-0.0268781812680104,0.,-0.0298808946636599));
#4645=CARTESIAN_POINT('',(-0.0270519186829996,0.,-0.0273046093430484));
#4646=CARTESIAN_POINT('',(-0.0268237907818042,0.,-0.024724171326001));
#4647=CARTESIAN_POINT('',(-0.0263219375980762,0.,-0.0226623106205507));
#4648=CARTESIAN_POINT('',(-0.0257579886194863,0.,-0.0210813962512851));
#4649=CARTESIAN_POINT('',(-0.025256888602268,0.,-0.0199311849192468));
#4650=CARTESIAN_POINT('',(-0.0247772822204832,0.,-0.0190054159723662));
#4651=CARTESIAN_POINT('',(-0.0243589577883227,0.,-0.018286558573586));
#4652=CARTESIAN_POINT('',(-0.0239122706626671,0.,-0.0175750499790552));
#4653=CARTESIAN_POINT('',(-0.0233233433807641,0.,-0.0167349596686423));
#4654=CARTESIAN_POINT('',(-0.0226252958207206,0.,-0.0158466306736095));
#4655=CARTESIAN_POINT('',(-0.0219725403739078,0.,-0.0150793869847338));
#4656=CARTESIAN_POINT('',(-0.0215839617128088,0.,-0.0146455390583418));
#4657=CARTESIAN_POINT('',(-0.021408419777072,0.,-0.0144518783186598));
#4658=CARTESIAN_POINT('',(-0.0106481724196493,0.,-0.0258917331254133));
#4659=CARTESIAN_POINT('',(-0.0100588406928028,0.,-0.0251169108283904));
#4660=CARTESIAN_POINT('',(-0.0101971590308361,0.,-0.0252750813534306));
#4661=CARTESIAN_POINT('',(-0.0103975463566417,0.,-0.0255221517441512));
#4662=CARTESIAN_POINT('',(-0.0105828808622657,0.,-0.0257845154779315));
#4663=CARTESIAN_POINT('',(-0.0106332002091406,0.,-0.0258661533752266));
#4664=CARTESIAN_POINT('',(-0.0106481724196493,0.,-0.0258917331254133));
#4665=CARTESIAN_POINT('',(-0.0100588406928042,0.,-0.0251169108283891));
#4666=CARTESIAN_POINT('',(0.00891804992676776,0.,-0.0252983515419236));
#4667=CARTESIAN_POINT('',(0.00876229319619831,0.,-0.0252874365375204));
#4668=CARTESIAN_POINT('',(0.008355936845985,0.,-0.0252689402644871));
#4669=CARTESIAN_POINT('',(0.00726500851133565,0.,-0.0252610420754025));
#4670=CARTESIAN_POINT('',(0.00585176898440686,0.,-0.0252938700091768));
#4671=CARTESIAN_POINT('',(0.00421613764716645,0.,-0.0253420111345744));
#4672=CARTESIAN_POINT('',(0.00289472539072646,0.,-0.025377022267011));
#4673=CARTESIAN_POINT('',(0.001728270447776,0.,-0.0253982627848713));
#4674=CARTESIAN_POINT('',(0.000762116144711907,0.,-0.025406184006877));
#4675=CARTESIAN_POINT('',(-0.00022683453805681,0.,-0.0254062259767398));
#4676=CARTESIAN_POINT('',(-0.0014740077259736,0.,-0.0253891657573466));
#4677=CARTESIAN_POINT('',(-0.00294387512093934,0.,-0.0253488661779929));
#4678=CARTESIAN_POINT('',(-0.00437558076725639,0.,-0.0252968773806233));
#4679=CARTESIAN_POINT('',(-0.00620285762855509,0.,-0.0252217336003951));
#4680=CARTESIAN_POINT('',(-0.00786448818851947,0.,-0.0251528113084783));
#4681=CARTESIAN_POINT('',(-0.00924521134914435,0.,-0.0251173632359762));
#4682=CARTESIAN_POINT('',(-0.00981459521078812,0.,-0.0251144620589755));
#4683=CARTESIAN_POINT('',(-0.010058840692803,0.,-0.0251169108283891));
#4684=CARTESIAN_POINT('',(0.00891804992676773,0.,-0.0252983515419236));
#4685=CARTESIAN_POINT('',(0.00754459602206462,0.,-0.0448796541817984));
#4686=CARTESIAN_POINT('',(0.00753553193162068,0.,-0.044878253714105));
#4687=CARTESIAN_POINT('',(0.0075048191147999,0.,-0.0448735401249417));
#4688=CARTESIAN_POINT('',(0.00744718030917011,0.,-0.0448644001838778));
#4689=CARTESIAN_POINT('',(0.00739245131798773,0.,-0.0448554404345715));
#4690=CARTESIAN_POINT('',(0.00731486915286802,0.,-0.0448423004436142));
#4691=CARTESIAN_POINT('',(0.00719056592241714,0.,-0.044819701173959));
#4692=CARTESIAN_POINT('',(0.00700348452663835,0.,-0.0447804915826295));
#4693=CARTESIAN_POINT('',(0.00680328156941879,0.,-0.0447318124697744));
#4694=CARTESIAN_POINT('',(0.00663089016767086,0.,-0.0446842680481572));
#4695=CARTESIAN_POINT('',(0.00648455762871987,0.,-0.0446399033103713));
#4696=CARTESIAN_POINT('',(0.00632990955880928,0.,-0.0445898044154431));
#4697=CARTESIAN_POINT('',(0.00614713696930325,0.,-0.0445246240330675));
#4698=CARTESIAN_POINT('',(0.00594630001106889,0.,-0.0444451628186811));
#4699=CARTESIAN_POINT('',(0.00577245844825333,0.,-0.0443706869569205));
#4700=CARTESIAN_POINT('',(0.00561272233181454,0.,-0.0442975615195868));
#4701=CARTESIAN_POINT('',(0.00547472022875238,0.,-0.0442305842978018));
#4702=CARTESIAN_POINT('',(0.00532471313753602,0.,-0.0441550112307795));
#4703=CARTESIAN_POINT('',(0.00514508332913971,0.,-0.0440602492899214));
#4704=CARTESIAN_POINT('',(0.00498687508772397,0.,-0.0439722689096413));
#4705=CARTESIAN_POINT('',(0.00486620689764814,0.,-0.0439030925285884));
#4706=CARTESIAN_POINT('',(0.0047778137074937,0.,-0.0438513389304647));
#4707=CARTESIAN_POINT('',(0.00469057507112693,0.,-0.0437991865920526));
#4708=CARTESIAN_POINT('',(0.004603099971922,0.,-0.0437457440066652));
#4709=CARTESIAN_POINT('',(0.00451241511209026,0.,-0.0436890091984873));
#4710=CARTESIAN_POINT('',(0.00443000100548018,0.,-0.0436360027407823));
#4711=CARTESIAN_POINT('',(0.00435908397686116,0.,-0.0435891336815822));
#4712=CARTESIAN_POINT('',(0.00429928217015696,0.,-0.0435489162966042));
#4713=CARTESIAN_POINT('',(0.00423700114729271,0.,-0.0435058242326929));
#4714=CARTESIAN_POINT('',(0.00419602649499764,0.,-0.0434768393538464));
#4715=CARTESIAN_POINT('',(0.0041722142371533,0.,-0.0434598354645323));
#4716=CARTESIAN_POINT('',(0.00414989867333379,0.,-0.0434438130965506));
#4717=CARTESIAN_POINT('',(0.00410349477065859,0.,-0.0434101817989258));
#4718=CARTESIAN_POINT('',(0.00403620786278236,0.,-0.0433596135909836));
#4719=CARTESIAN_POINT('',(0.00397724387849282,0.,-0.0433144486874985));
#4720=CARTESIAN_POINT('',(0.00386083160240651,0.,-0.043221819249942));
#4721=CARTESIAN_POINT('',(0.00376130640101271,0.,-0.0431372855032088));
#4722=CARTESIAN_POINT('',(0.00369198019221069,0.,-0.0430759863662272));
#4723=CARTESIAN_POINT('',(0.00364626407365854,0.,-0.0430349798673106));
#4724=CARTESIAN_POINT('',(0.00357299022126707,0.,-0.0429677347075203));
#4725=CARTESIAN_POINT('',(0.0034689346082167,0.,-0.0428673731744285));
#4726=CARTESIAN_POINT('',(0.00331690013368357,0.,-0.0427120085025628));
#4727=CARTESIAN_POINT('',(0.0031550417495212,0.,-0.04253015744538));
#4728=CARTESIAN_POINT('',(0.00299353688932498,0.,-0.0423290233855113));
#4729=CARTESIAN_POINT('',(0.00285858942855871,0.,-0.042147856572793));
#4730=CARTESIAN_POINT('',(0.00271903531085357,0.,-0.041942403524114));
#4731=CARTESIAN_POINT('',(0.00257887567393545,0.,-0.041713697490765));
#4732=CARTESIAN_POINT('',(0.00244159545291169,0.,-0.0414623421611466));
#4733=CARTESIAN_POINT('',(0.0023085425089039,0.,-0.0411839885414527));
#4734=CARTESIAN_POINT('',(0.00218752267946376,0.,-0.0408877305933714));
#4735=CARTESIAN_POINT('',(0.00208153285239849,0.,-0.0405790176892984));
#4736=CARTESIAN_POINT('',(0.00198871363453643,0.,-0.0402425525044));
#4737=CARTESIAN_POINT('',(0.00191914512392511,0.,-0.0399069811686262));
#4738=CARTESIAN_POINT('',(0.00187055424836961,0.,-0.0395741061447375));
#4739=CARTESIAN_POINT('',(0.00184207101052936,0.,-0.0392296101475616));
#4740=CARTESIAN_POINT('',(0.00183552656368778,0.,-0.0389044859155099));
#4741=CARTESIAN_POINT('',(0.00185039946989751,0.,-0.0384905727437046));
#4742=CARTESIAN_POINT('',(0.00190987860414814,0.,-0.0380063659038893));
#4743=CARTESIAN_POINT('',(0.00199966486553507,0.,-0.0376053775574842));
#4744=CARTESIAN_POINT('',(0.0020810086178576,0.,-0.0373214298553196));
#4745=CARTESIAN_POINT('',(0.00214246512703709,0.,-0.0371343353382241));
#4746=CARTESIAN_POINT('',(0.00220408479818336,0.,-0.0369655502895401));
#4747=CARTESIAN_POINT('',(0.00226674438292749,0.,-0.036809734463664));
#4748=CARTESIAN_POINT('',(0.00232253039337973,0.,-0.0366813390503875));
#4749=CARTESIAN_POINT('',(0.0023968414705269,0.,-0.0365202075139229));
#4750=CARTESIAN_POINT('',(0.00249306188740085,0.,-0.0363302846965711));
#4751=CARTESIAN_POINT('',(0.00258216618867886,0.,-0.0361727229037787));
#4752=CARTESIAN_POINT('',(0.00263903941957889,0.,-0.0360770841216147));
#4753=CARTESIAN_POINT('',(0.0026974221184171,0.,-0.0359818222197274));
#4754=CARTESIAN_POINT('',(0.00276924744610107,0.,-0.0358703562211485));
#4755=CARTESIAN_POINT('',(0.00284734186217912,0.,-0.0357559360076273));
#4756=CARTESIAN_POINT('',(0.00291852489882042,0.,-0.0356563241114182));
#4757=CARTESIAN_POINT('',(0.0029879668953641,0.,-0.0355633616799371));
#4758=CARTESIAN_POINT('',(0.00306745296676156,0.,-0.0354609330581519));
#4759=CARTESIAN_POINT('',(0.00316027218426177,0.,-0.0353469870332237));
#4760=CARTESIAN_POINT('',(0.00325687939204579,0.,-0.0352347435639634));
#4761=CARTESIAN_POINT('',(0.00334097242562991,0.,-0.0351410989924121));
#4762=CARTESIAN_POINT('',(0.00341989864887222,0.,-0.0350563233506777));
#4763=CARTESIAN_POINT('',(0.00349344759563217,0.,-0.0349800346877716));
#4764=CARTESIAN_POINT('',(0.00357773526064318,0.,-0.0348949653705974));
#4765=CARTESIAN_POINT('',(0.00367843334375312,0.,-0.0347969169226226));
#4766=CARTESIAN_POINT('',(0.00382197245138873,0.,-0.0346626376310088));
#4767=CARTESIAN_POINT('',(0.0039849233535979,0.,-0.03451739867583));
#4768=CARTESIAN_POINT('',(0.00416946352002114,0.,-0.0343602501717602));
#4769=CARTESIAN_POINT('',(0.00435240957525304,0.,-0.0342101716232904));
#4770=CARTESIAN_POINT('',(0.0045360703118085,0.,-0.0340642297014219));
#4771=CARTESIAN_POINT('',(0.00472337968717015,0.,-0.0339195566907168));
#4772=CARTESIAN_POINT('',(0.00491637814347532,0.,-0.0337744980845936));
#4773=CARTESIAN_POINT('',(0.00517878283253833,0.,-0.0335825021033831));
#4774=CARTESIAN_POINT('',(0.00550768443334228,0.,-0.0333510944829965));
#4775=CARTESIAN_POINT('',(0.00589872681053913,0.,-0.0330877224760937));
#4776=CARTESIAN_POINT('',(0.00628784401438568,0.,-0.0328351384831081));
#4777=CARTESIAN_POINT('',(0.00667403482822155,0.,-0.0325921529603317));
#4778=CARTESIAN_POINT('',(0.00718366821081013,0.,-0.0322797267355922));
#4779=CARTESIAN_POINT('',(0.00768216931531233,0.,-0.0319837392315954));
#4780=CARTESIAN_POINT('',(0.00816710391334825,0.,-0.0317012422631304));
#4781=CARTESIAN_POINT('',(0.00850049731348006,0.,-0.0315083753739522));
#4782=CARTESIAN_POINT('',(0.00879146043881055,0.,-0.0313377961388507));
#4783=CARTESIAN_POINT('',(0.00912932700940765,0.,-0.0311338904809145));
#4784=CARTESIAN_POINT('',(0.00944435190147192,0.,-0.0309282944583918));
#4785=CARTESIAN_POINT('',(0.00964696794740592,0.,-0.0307725633454522));
#4786=CARTESIAN_POINT('',(0.0097485626228164,0.,-0.0306830856750897));
#4787=CARTESIAN_POINT('',(0.00984359588669342,0.,-0.0305904473138381));
#4788=CARTESIAN_POINT('',(0.00996269132413345,0.,-0.030453584515825));
#4789=CARTESIAN_POINT('',(0.010062063383236,0.,-0.0303088880798943));
#4790=CARTESIAN_POINT('',(0.0101281178009565,0.,-0.0301920957123416));
#4791=CARTESIAN_POINT('',(0.010169789314413,0.,-0.0301068815780036));
#4792=CARTESIAN_POINT('',(0.0102033232650676,0.,-0.0300253787423613));
#4793=CARTESIAN_POINT('',(0.0102284476941613,0.,-0.0299523629867986));
#4794=CARTESIAN_POINT('',(0.0102572145108666,0.,-0.0298482767733212));
#4795=CARTESIAN_POINT('',(0.0102873733426817,0.,-0.029706313308168));
#4796=CARTESIAN_POINT('',(0.010315000593035,0.,-0.0295296229132484));
#4797=CARTESIAN_POINT('',(0.0103439082610326,0.,-0.0292596011279898));
#4798=CARTESIAN_POINT('',(0.010361104218633,0.,-0.0288520267797989));
#4799=CARTESIAN_POINT('',(0.010345802403341,0.,-0.0283950685679868));
#4800=CARTESIAN_POINT('',(0.0103135443423561,0.,-0.0280058998453715));
#4801=CARTESIAN_POINT('',(0.0102698455616116,0.,-0.0276196221204573));
#4802=CARTESIAN_POINT('',(0.0102027764633856,0.,-0.0272140698709221));
#4803=CARTESIAN_POINT('',(0.0101089676525178,0.,-0.0268427423561248));
#4804=CARTESIAN_POINT('',(0.0100304316181545,0.,-0.0266257427894912));
#4805=CARTESIAN_POINT('',(0.00996990376430606,0.,-0.0264923534228156));
#4806=CARTESIAN_POINT('',(0.00992610753601568,0.,-0.0264097124516382));
#4807=CARTESIAN_POINT('',(0.00988281350047819,0.,-0.026337899547764));
#4808=CARTESIAN_POINT('',(0.00980481611807012,0.,-0.0262243670621124));
#4809=CARTESIAN_POINT('',(0.0096989448353232,0.,-0.0260869888694325));
#4810=CARTESIAN_POINT('',(0.00952497701656548,0.,-0.0258816881470302));
#4811=CARTESIAN_POINT('',(0.00925975999474361,0.,-0.0256043697364428));
#4812=CARTESIAN_POINT('',(0.00902855614836349,0.,-0.02539364749992));
#4813=CARTESIAN_POINT('',(0.00891804992676775,0.,-0.0252983515419236));
#4814=CARTESIAN_POINT('',(0.00754459602206594,0.,-0.0448796541817985));
#4815=CARTESIAN_POINT('',(0.0212337303675124,0.,-0.0150530968828328));
#4816=CARTESIAN_POINT('',(0.021348024813941,0.,-0.0151517383239758));
#4817=CARTESIAN_POINT('',(0.0215982867567412,0.,-0.0153690016180854));
#4818=CARTESIAN_POINT('',(0.0220408751554713,0.,-0.0157726186993932));
#4819=CARTESIAN_POINT('',(0.0224928644233003,0.,-0.0162163807418823));
#4820=CARTESIAN_POINT('',(0.0229389138134019,0.,-0.0166897885234829));
#4821=CARTESIAN_POINT('',(0.0233810470607597,0.,-0.0172001712364873));
#4822=CARTESIAN_POINT('',(0.0239569933875176,0.,-0.0179289392331166));
#4823=CARTESIAN_POINT('',(0.0245039362587704,0.,-0.0187313772805464));
#4824=CARTESIAN_POINT('',(0.025004918001804,0.,-0.019607637592078));
#4825=CARTESIAN_POINT('',(0.0253543450418349,0.,-0.0203026133666119));
#4826=CARTESIAN_POINT('',(0.0256675182586438,0.,-0.0210223892109494));
#4827=CARTESIAN_POINT('',(0.0260282067970023,0.,-0.0219808151001804));
#4828=CARTESIAN_POINT('',(0.0263859194891269,0.,-0.0231776419931341));
#4829=CARTESIAN_POINT('',(0.026696584158265,0.,-0.0246042912416396));
#4830=CARTESIAN_POINT('',(0.0269071831187373,0.,-0.0260268041868533));
#4831=CARTESIAN_POINT('',(0.02702801944414,0.,-0.0274239633681997));
#4832=CARTESIAN_POINT('',(0.0270665913310878,0.,-0.0288186459213887));
#4833=CARTESIAN_POINT('',(0.0270152087375187,0.,-0.0302248239666409));
#4834=CARTESIAN_POINT('',(0.0268840883467065,0.,-0.0314116118880912));
#4835=CARTESIAN_POINT('',(0.0267156193989969,0.,-0.032367027166797));
#4836=CARTESIAN_POINT('',(0.0265551818614347,0.,-0.0330844154647114));
#4837=CARTESIAN_POINT('',(0.0263540672248982,0.,-0.0338105031345224));
#4838=CARTESIAN_POINT('',(0.0261524503450365,0.,-0.0344106663562553));
#4839=CARTESIAN_POINT('',(0.0259713227993552,0.,-0.0348825437022525));
#4840=CARTESIAN_POINT('',(0.0257824338891159,0.,-0.0353367235835249));
#4841=CARTESIAN_POINT('',(0.0254328593864512,0.,-0.0360921642866905));
#4842=CARTESIAN_POINT('',(0.025005026826994,0.,-0.0368655448672101));
#4843=CARTESIAN_POINT('',(0.0245771743968144,0.,-0.0375544318585639));
#4844=CARTESIAN_POINT('',(0.0242618259340649,0.,-0.0380318236019001));
#4845=CARTESIAN_POINT('',(0.0240074446633859,0.,-0.0383996836255636));
#4846=CARTESIAN_POINT('',(0.0238104732952385,0.,-0.0386781287897475));
#4847=CARTESIAN_POINT('',(0.023667462662927,0.,-0.0388778615613238));
#4848=CARTESIAN_POINT('',(0.0235265843932226,0.,-0.0390732262572945));
#4849=CARTESIAN_POINT('',(0.0233268905348289,0.,-0.0393474112112258));
#4850=CARTESIAN_POINT('',(0.0230522788359468,0.,-0.0397165135821937));
#4851=CARTESIAN_POINT('',(0.0226804486047162,0.,-0.0401924666727169));
#4852=CARTESIAN_POINT('',(0.0221197255116371,0.,-0.0408642313361092));
#4853=CARTESIAN_POINT('',(0.0214457327706627,0.,-0.04157935790016));
#4854=CARTESIAN_POINT('',(0.0206429747150331,0.,-0.0422907346619163));
#4855=CARTESIAN_POINT('',(0.0200782344576717,0.,-0.0427286298307393));
#4856=CARTESIAN_POINT('',(0.0195892699793657,0.,-0.0430651876451751));
#4857=CARTESIAN_POINT('',(0.0190881493722206,0.,-0.0433839145026884));
#4858=CARTESIAN_POINT('',(0.0184298769518029,0.,-0.0437523965154036));
#4859=CARTESIAN_POINT('',(0.0176471625149838,0.,-0.0441205352889894));
#4860=CARTESIAN_POINT('',(0.0165938675285765,0.,-0.044539324018758));
#4861=CARTESIAN_POINT('',(0.0152664297081613,0.,-0.0449365820256225));
#4862=CARTESIAN_POINT('',(0.0139265040777566,0.,-0.0451897273629665));
#4863=CARTESIAN_POINT('',(0.0128469023222881,0.,-0.0453093412772472));
#4864=CARTESIAN_POINT('',(0.0121670461896082,0.,-0.0453488622006877));
#4865=CARTESIAN_POINT('',(0.0116211180695516,0.,-0.0453585372211304));
#4866=CARTESIAN_POINT('',(0.0110719877424004,0.,-0.0453527124029882));
#4867=CARTESIAN_POINT('',(0.0104229667619204,0.,-0.0453185175412536));
#4868=CARTESIAN_POINT('',(0.00971788950966955,0.,-0.0452492228031434));
#4869=CARTESIAN_POINT('',(0.00908389436412774,0.,-0.0451631407532188));
#4870=CARTESIAN_POINT('',(0.00852920756621597,0.,-0.0450710188669612));
#4871=CARTESIAN_POINT('',(0.00806489931132463,0.,-0.0449835289623296));
#4872=CARTESIAN_POINT('',(0.00776582420157574,0.,-0.0449233414348126));
#4873=CARTESIAN_POINT('',(0.00760849243800955,0.,-0.044891877280971));
#4874=CARTESIAN_POINT('',(0.00755665374298458,0.,-0.0448819181225083));
#4875=CARTESIAN_POINT('',(0.00754459602206553,0.,-0.0448796541817984));
#4876=CARTESIAN_POINT('',(0.0212337303675125,0.,-0.0150530968828327));
#4877=CARTESIAN_POINT('',(0.0133723724390999,0.,0.00983886234633333));
#4878=CARTESIAN_POINT('',(0.0139730999199754,0.,0.00947960693313422));
#4879=CARTESIAN_POINT('',(0.0151071703074043,0.,0.00866515854617252));
#4880=CARTESIAN_POINT('',(0.0163358646762816,0.,0.00743193054906502));
#4881=CARTESIAN_POINT('',(0.0171910789743358,0.,0.00632906071633532));
#4882=CARTESIAN_POINT('',(0.0176675879546406,0.,0.00559801549418688));
#4883=CARTESIAN_POINT('',(0.0180146680762937,0.,0.00498527411616288));
#4884=CARTESIAN_POINT('',(0.0183298171253376,0.,0.0043717494534248));
#4885=CARTESIAN_POINT('',(0.0186681151504561,0.,0.00360776051793943));
#4886=CARTESIAN_POINT('',(0.0189919396685118,0.,0.00272603837570493));
#4887=CARTESIAN_POINT('',(0.0193436929135848,0.,0.00158709677967773));
#4888=CARTESIAN_POINT('',(0.0196640426585562,0.,0.00025354335864006));
#4889=CARTESIAN_POINT('',(0.0199023759721745,0.,-0.000965814815594149));
#4890=CARTESIAN_POINT('',(0.0200511587030669,0.,-0.00175029455849889));
#4891=CARTESIAN_POINT('',(0.0201361849194982,0.,-0.00219432323790465));
#4892=CARTESIAN_POINT('',(0.0202237219637779,0.,-0.00264993227915963));
#4893=CARTESIAN_POINT('',(0.0203358141204757,0.,-0.00323690755632192));
#4894=CARTESIAN_POINT('',(0.020516711583437,0.,-0.00420973170006753));
#4895=CARTESIAN_POINT('',(0.0206946730829745,0.,-0.00523597249026546));
#4896=CARTESIAN_POINT('',(0.0208567776399012,0.,-0.00631485065186057));
#4897=CARTESIAN_POINT('',(0.0209671049489524,0.,-0.00715010536625173));
#4898=CARTESIAN_POINT('',(0.0210628782407892,0.,-0.00801207820058316));
#4899=CARTESIAN_POINT('',(0.0211403025971726,0.,-0.00890537289205656));
#4900=CARTESIAN_POINT('',(0.0211945559378913,0.,-0.00981119382120692));
#4901=CARTESIAN_POINT('',(0.0212265742200719,0.,-0.010693323876034));
#4902=CARTESIAN_POINT('',(0.0212424413731108,0.,-0.0115433132149404));
#4903=CARTESIAN_POINT('',(0.0212484481312598,0.,-0.0126306591707648));
#4904=CARTESIAN_POINT('',(0.0212382036678264,0.,-0.013880441995398));
#4905=CARTESIAN_POINT('',(0.0212321991220295,0.,-0.0147061472911387));
#4906=CARTESIAN_POINT('',(0.0212337303675125,0.,-0.0150530968828327));
#4907=CARTESIAN_POINT('',(0.0152091256380325,0.0011,-0.00580445253730216));
#4908=CARTESIAN_POINT('',(0.0152091256380325,2.16840434497101E-19,-0.00580445253730216));
#4909=CARTESIAN_POINT('',(0.0150712988376112,0.0011,-0.00623720258333662));
#4910=CARTESIAN_POINT('',(0.0150712988376112,0.,-0.00623720258333662));
#4911=CARTESIAN_POINT('',(0.0147351619203948,0.0011,-0.0070796479521396));
#4912=CARTESIAN_POINT('',(0.0147351619203948,4.33680868994202E-19,-0.0070796479521396));
#4913=CARTESIAN_POINT('',(0.0139677055137801,0.0011,-0.00831147814265823));
#4914=CARTESIAN_POINT('',(0.0139677055137801,-6.50521303491303E-19,-0.00831147814265823));
#4915=CARTESIAN_POINT('',(0.0129751599783198,0.0011,-0.00932974074944548));
#4916=CARTESIAN_POINT('',(0.0129751599783198,2.16840434497101E-19,-0.00932974074944548));
#4917=CARTESIAN_POINT('',(0.0118781594546158,0.0011,-0.0100791739704462));
#4918=CARTESIAN_POINT('',(0.0118781594546158,0.,-0.0100791739704462));
#4919=CARTESIAN_POINT('',(0.0107675245082784,0.0011,-0.0105745912380525));
#4920=CARTESIAN_POINT('',(0.0107675245082784,0.,-0.0105745912380525));
#4921=CARTESIAN_POINT('',(0.00939039625243929,0.0011,-0.010979907933556));
#4922=CARTESIAN_POINT('',(0.00939039625243929,-2.16840434497101E-19,-0.010979907933556));
#4923=CARTESIAN_POINT('',(0.00788642513103331,0.0011,-0.0111525876885643));
#4924=CARTESIAN_POINT('',(0.00788642513103331,2.16840434497101E-19,-0.0111525876885643));
#4925=CARTESIAN_POINT('',(0.00628540178757262,0.0011,-0.0109860988806729));
#4926=CARTESIAN_POINT('',(0.00628540178757262,0.,-0.0109860988806729));
#4927=CARTESIAN_POINT('',(0.00462794919168936,0.0011,-0.0105190614837738));
#4928=CARTESIAN_POINT('',(0.00462794919168936,2.16840434497101E-19,-0.0105190614837738));
#4929=CARTESIAN_POINT('',(0.00299919820354585,0.0011,-0.00957493808352154));
#4930=CARTESIAN_POINT('',(0.00299919820354585,-4.33680868994202E-19,-0.00957493808352154));
#4931=CARTESIAN_POINT('',(0.00175779565556871,0.0011,-0.00846953298023257));
#4932=CARTESIAN_POINT('',(0.00175779565556871,2.16840434497101E-19,-0.00846953298023257));
#4933=CARTESIAN_POINT('',(0.000889574713047152,0.0011,-0.00723362261822625));
#4934=CARTESIAN_POINT('',(0.000889574713047152,-6.50521303491303E-19,-0.00723362261822625));
#4935=CARTESIAN_POINT('',(0.000434844157965409,0.0011,-0.00623753934143157));
#4936=CARTESIAN_POINT('',(0.000434844157965409,4.33680868994202E-19,-0.00623753934143157));
#4937=CARTESIAN_POINT('',(0.000150711837655966,0.0011,-0.00531977802440267));
#4938=CARTESIAN_POINT('',(0.000150711837655966,0.,-0.00531977802440267));
#4939=CARTESIAN_POINT('',(-6.69029175191831E-5,0.0011,-0.00431552392520382));
#4940=CARTESIAN_POINT('',(-6.69029175191831E-5,2.16840434497101E-19,-0.00431552392520382));
#4941=CARTESIAN_POINT('',(-0.000192836764372271,0.0011,-0.00320472460441263));
#4942=CARTESIAN_POINT('',(-0.000192836764372271,0.,-0.00320472460441263));
#4943=CARTESIAN_POINT('',(-0.0001935783021076,0.0011,-0.00199703342921358));
#4944=CARTESIAN_POINT('',(-0.0001935783021076,0.,-0.00199703342921358));
#4945=CARTESIAN_POINT('',(3.74121188312038E-5,0.0011,-0.000592853927266242));
#4946=CARTESIAN_POINT('',(3.74121188312038E-5,2.16840434497101E-19,-0.000592853927266242));
#4947=CARTESIAN_POINT('',(0.000760945697072631,0.0011,0.00117134773861992));
#4948=CARTESIAN_POINT('',(0.000760945697072631,-2.16840434497101E-19,0.00117134773861992));
#4949=CARTESIAN_POINT('',(0.00180447051086492,0.0011,0.00241872949151835));
#4950=CARTESIAN_POINT('',(0.00180447051086492,4.33680868994202E-19,0.00241872949151835));
#4951=CARTESIAN_POINT('',(0.00278287759730815,0.0011,0.00328943459526994));
#4952=CARTESIAN_POINT('',(0.00278287759730815,-4.33680868994202E-19,0.00328943459526994));
#4953=CARTESIAN_POINT('',(0.00383343558089084,0.0011,0.00408948401617227));
#4954=CARTESIAN_POINT('',(0.00383343558089084,6.50521303491303E-19,0.00408948401617227));
#4955=CARTESIAN_POINT('',(0.00539779641555939,0.0011,0.00497229915404031));
#4956=CARTESIAN_POINT('',(0.00539779641555939,0.,0.00497229915404031));
#4957=CARTESIAN_POINT('',(0.00772692007751533,0.0011,0.00561132951947129));
#4958=CARTESIAN_POINT('',(0.00772692007751533,-6.50521303491303E-19,0.00561132951947129));
#4959=CARTESIAN_POINT('',(0.00964763168551024,0.0011,0.00543445176157029));
#4960=CARTESIAN_POINT('',(0.00964763168551024,2.16840434497101E-19,0.00543445176157029));
#4961=CARTESIAN_POINT('',(0.0105932089740391,0.0011,0.00509207111002309));
#4962=CARTESIAN_POINT('',(0.0105932089740391,2.16840434497101E-19,0.00509207111002309));
#4963=CARTESIAN_POINT('',(0.003615100402385,0.0011,-0.00465692160651088));
#4964=CARTESIAN_POINT('',(0.003615100402385,-0.0127,-0.00465692160651088));
#4965=CARTESIAN_POINT('',(0.00336032715804872,0.0011,-0.00381939083966397));
#4966=CARTESIAN_POINT('',(0.00336032715804872,-0.0127,-0.00381939083966397));
#4967=CARTESIAN_POINT('',(0.00303234480721972,0.0011,-0.00150008431206352));
#4968=CARTESIAN_POINT('',(0.00303234480721972,-0.0127,-0.00150008431206352));
#4969=CARTESIAN_POINT('',(0.00482558252020725,0.0011,0.000612021452546149));
#4970=CARTESIAN_POINT('',(0.00482558252020725,-0.0127,0.000612021452546149));
#4971=CARTESIAN_POINT('',(0.00726842584620138,0.0011,0.002102020107321));
#4972=CARTESIAN_POINT('',(0.00726842584620138,-0.0127,0.002102020107321));
#4973=CARTESIAN_POINT('',(0.0102513429485218,0.0011,0.00200453699075286));
#4974=CARTESIAN_POINT('',(0.0102513429485218,-0.0127,0.00200453699075286));
#4975=CARTESIAN_POINT('',(0.0126624005234498,0.0011,-0.0017589052335525));
#4976=CARTESIAN_POINT('',(0.0126624005234498,-0.0127,-0.0017589052335525));
#4977=CARTESIAN_POINT('',(0.0117315001793705,0.0011,-0.00618074908503273));
#4978=CARTESIAN_POINT('',(0.0117315001793705,-0.0127,-0.00618074908503273));
#4979=CARTESIAN_POINT('',(0.00925768218339535,0.0011,-0.00757720079109081));
#4980=CARTESIAN_POINT('',(0.00925768218339535,-0.0127,-0.00757720079109081));
#4981=CARTESIAN_POINT('',(0.00652951902213685,0.0011,-0.00771623192356226));
#4982=CARTESIAN_POINT('',(0.00652951902213685,-0.0127,-0.00771623192356226));
#4983=CARTESIAN_POINT('',(0.00433988577317693,0.0011,-0.0062314459327866));
#4984=CARTESIAN_POINT('',(0.00433988577317693,-0.0127,-0.0062314459327866));
#4985=CARTESIAN_POINT('',(0.00380839932122433,0.0011,-0.00529236428083075));
#4986=CARTESIAN_POINT('',(0.00380839932122433,-0.0127,-0.00529236428083075));
#4987=CARTESIAN_POINT('',(0.003615100402385,0.0011,-0.00465692160651088));
#4988=CARTESIAN_POINT('',(0.003615100402385,-0.0127,-0.00465692160651088));
#4989=CARTESIAN_POINT('',(0.003615100402385,-0.0127,-0.00465692160651088));
#4990=CARTESIAN_POINT('',(0.00336032715804872,-0.0127,-0.00381939083966397));
#4991=CARTESIAN_POINT('',(0.00303234480721972,-0.0127,-0.00150008431206352));
#4992=CARTESIAN_POINT('',(0.00482558252020725,-0.0127,0.000612021452546149));
#4993=CARTESIAN_POINT('',(0.00726842584620138,-0.0127,0.002102020107321));
#4994=CARTESIAN_POINT('',(0.0102513429485218,-0.0127,0.00200453699075286));
#4995=CARTESIAN_POINT('',(0.0126624005234498,-0.0127,-0.0017589052335525));
#4996=CARTESIAN_POINT('',(0.0117315001793705,-0.0127,-0.00618074908503273));
#4997=CARTESIAN_POINT('',(0.00925768218339535,-0.0127,-0.00757720079109081));
#4998=CARTESIAN_POINT('',(0.00652951902213685,-0.0127,-0.00771623192356226));
#4999=CARTESIAN_POINT('',(0.00433988577317693,-0.0127,-0.0062314459327866));
#5000=CARTESIAN_POINT('',(0.00380839932122433,-0.0127,-0.00529236428083075));
#5001=CARTESIAN_POINT('',(0.003615100402385,-0.0127,-0.00465692160651088));
#5002=CARTESIAN_POINT('',(0.003615100402385,-0.0127,-0.00465692160651088));
#5003=CARTESIAN_POINT('',(0.01557916495059,0.0011,0.0326878509427711));
#5004=CARTESIAN_POINT('',(0.01557916495059,0.,0.0326878509427711));
#5005=CARTESIAN_POINT('',(0.0158797364216295,0.0011,0.0323893659511082));
#5006=CARTESIAN_POINT('',(0.0158797364216295,0.,0.0323893659511082));
#5007=CARTESIAN_POINT('',(0.0163672124659387,0.0011,0.0317643474309791));
#5008=CARTESIAN_POINT('',(0.0163672124659387,-8.67361737988404E-19,0.0317643474309791));
#5009=CARTESIAN_POINT('',(0.016904085425216,0.0011,0.0307394880968177));
#5010=CARTESIAN_POINT('',(0.016904085425216,6.50521303491303E-19,0.0307394880968177));
#5011=CARTESIAN_POINT('',(0.0171778679504451,0.0011,0.0297792852781854));
#5012=CARTESIAN_POINT('',(0.0171778679504451,0.,0.0297792852781854));
#5013=CARTESIAN_POINT('',(0.0172850080191063,0.0011,0.0290062998225767));
#5014=CARTESIAN_POINT('',(0.0172850080191063,-2.16840434497101E-19,0.0290062998225767));
#5015=CARTESIAN_POINT('',(0.0173220181103289,0.0011,0.0282231460531225));
#5016=CARTESIAN_POINT('',(0.0173220181103289,0.,0.0282231460531225));
#5017=CARTESIAN_POINT('',(0.0172858796698393,0.0011,0.0275132128381205));
#5018=CARTESIAN_POINT('',(0.0172858796698393,0.,0.0275132128381205));
#5019=CARTESIAN_POINT('',(0.017206436495991,0.0011,0.0267604901455028));
#5020=CARTESIAN_POINT('',(0.017206436495991,2.16840434497101E-19,0.0267604901455028));
#5021=CARTESIAN_POINT('',(0.0171026757444699,0.0011,0.0260445505860665));
#5022=CARTESIAN_POINT('',(0.0171026757444699,0.,0.0260445505860665));
#5023=CARTESIAN_POINT('',(0.0169430604116921,0.0011,0.0250901344127579));
#5024=CARTESIAN_POINT('',(0.0169430604116921,0.,0.0250901344127579));
#5025=CARTESIAN_POINT('',(0.0167182034628771,0.0011,0.0238898092077954));
#5026=CARTESIAN_POINT('',(0.0167182034628771,2.16840434497101E-19,0.0238898092077954));
#5027=CARTESIAN_POINT('',(0.016451751352521,0.0011,0.0224783600637278));
#5028=CARTESIAN_POINT('',(0.016451751352521,2.16840434497101E-19,0.0224783600637278));
#5029=CARTESIAN_POINT('',(0.0162506772018446,0.0011,0.0212848177482684));
#5030=CARTESIAN_POINT('',(0.0162506772018446,2.16840434497101E-19,0.0212848177482684));
#5031=CARTESIAN_POINT('',(0.0161269141332767,0.0011,0.0202835180050498));
#5032=CARTESIAN_POINT('',(0.0161269141332767,-2.16840434497101E-19,0.0202835180050498));
#5033=CARTESIAN_POINT('',(0.0160335459839761,0.0011,0.0192995843814693));
#5034=CARTESIAN_POINT('',(0.0160335459839761,2.16840434497101E-19,0.0192995843814693));
#5035=CARTESIAN_POINT('',(0.0159495557408347,0.0011,0.0182882454975686));
#5036=CARTESIAN_POINT('',(0.0159495557408347,0.,0.0182882454975686));
#5037=CARTESIAN_POINT('',(0.0158390316218037,0.0011,0.0171756732084814));
#5038=CARTESIAN_POINT('',(0.0158390316218037,-2.16840434497101E-19,0.0171756732084814));
#5039=CARTESIAN_POINT('',(0.015659300917016,0.0011,0.0159341584263924));
#5040=CARTESIAN_POINT('',(0.015659300917016,-2.16840434497101E-19,0.0159341584263924));
#5041=CARTESIAN_POINT('',(0.0153401440348386,0.0011,0.0145404790314893));
#5042=CARTESIAN_POINT('',(0.0153401440348386,0.,0.0145404790314893));
#5043=CARTESIAN_POINT('',(0.0149143679525757,0.0011,0.0132342540246672));
#5044=CARTESIAN_POINT('',(0.0149143679525757,0.,0.0132342540246672));
#5045=CARTESIAN_POINT('',(0.0142707293813283,0.0011,0.0116246399205166));
#5046=CARTESIAN_POINT('',(0.0142707293813283,0.,0.0116246399205166));
#5047=CARTESIAN_POINT('',(0.0137319518405553,0.0011,0.0105280664231417));
#5048=CARTESIAN_POINT('',(0.0137319518405553,0.,0.0105280664231417));
#5049=CARTESIAN_POINT('',(0.0133723724390999,0.0011,0.00983886234633334));
#5050=CARTESIAN_POINT('',(0.0133723724390999,0.,0.00983886234633334));
#5051=CARTESIAN_POINT('',(0.0133723724390999,0.0011,0.00983886234633335));
#5052=CARTESIAN_POINT('',(0.01557916495059,0.0011,0.0326878509427712));
#5053=CARTESIAN_POINT('',(0.0133723724390999,0.0011,0.00983886234633333));
#5054=CARTESIAN_POINT('',(0.0133723724390999,0.,0.00983886234633333));
#5055=CARTESIAN_POINT('',(0.0145738274008509,0.0011,0.00912035151993511));
#5056=CARTESIAN_POINT('',(0.0145738274008509,0.,0.00912035151993511));
#5057=CARTESIAN_POINT('',(0.0161724676301903,0.0011,0.00775775949933851));
#5058=CARTESIAN_POINT('',(0.0161724676301903,2.16840434497101E-19,0.00775775949933851));
#5059=CARTESIAN_POINT('',(0.0178050142691895,0.0011,0.005469851075011));
#5060=CARTESIAN_POINT('',(0.0178050142691895,-2.16840434497101E-19,0.005469851075011));
#5061=CARTESIAN_POINT('',(0.0190095592600429,0.0011,0.00296317178117245));
#5062=CARTESIAN_POINT('',(0.0190095592600429,4.33680868994202E-19,0.00296317178117245));
#5063=CARTESIAN_POINT('',(0.0195661436842414,0.0011,0.000741648607717939));
#5064=CARTESIAN_POINT('',(0.0195661436842414,4.33680868994202E-19,0.000741648607717939));
#5065=CARTESIAN_POINT('',(0.0199497768544236,0.0011,-0.00120953078479727));
#5066=CARTESIAN_POINT('',(0.0199497768544236,-4.33680868994202E-19,-0.00120953078479727));
#5067=CARTESIAN_POINT('',(0.0202805249506415,0.0011,-0.00295145347104375));
#5068=CARTESIAN_POINT('',(0.0202805249506415,6.50521303491303E-19,-0.00295145347104375));
#5069=CARTESIAN_POINT('',(0.0206614070413892,0.0011,-0.00494803397013022));
#5070=CARTESIAN_POINT('',(0.0206614070413892,-2.16840434497101E-19,-0.00494803397013022));
#5071=CARTESIAN_POINT('',(0.0209740398708744,0.0011,-0.00713331261935317));
#5072=CARTESIAN_POINT('',(0.0209740398708744,4.33680868994202E-19,-0.00713331261935317));
#5073=CARTESIAN_POINT('',(0.0211523509442422,0.0011,-0.00889974620760198));
#5074=CARTESIAN_POINT('',(0.0211523509442422,0.,-0.00889974620760198));
#5075=CARTESIAN_POINT('',(0.0212352009195276,0.0011,-0.0107124661402552));
#5076=CARTESIAN_POINT('',(0.0212352009195276,0.,-0.0107124661402552));
#5077=CARTESIAN_POINT('',(0.0212551191187405,0.0011,-0.012933433648796));
#5078=CARTESIAN_POINT('',(0.0212551191187405,-2.16840434497101E-19,-0.012933433648796));
#5079=CARTESIAN_POINT('',(0.0212306678765466,0.0011,-0.0143591976994446));
#5080=CARTESIAN_POINT('',(0.0212306678765466,0.,-0.0143591976994446));
#5081=CARTESIAN_POINT('',(0.0212337303675125,0.0011,-0.0150530968828327));
#5082=CARTESIAN_POINT('',(0.0212337303675125,0.,-0.0150530968828327));
#5083=CARTESIAN_POINT('',(0.0212337303675125,0.0011,-0.0150530968828327));
#5084=CARTESIAN_POINT('',(0.0212337303675124,0.0011,-0.0150530968828328));
#5085=CARTESIAN_POINT('',(0.0212337303675124,3.03576608295941E-18,-0.0150530968828328));
#5086=CARTESIAN_POINT('',(0.0214623192603696,0.0011,-0.0152503797651187));
#5087=CARTESIAN_POINT('',(0.0214623192603696,3.03576608295941E-18,-0.0152503797651187));
#5088=CARTESIAN_POINT('',(0.022033717902772,0.0011,-0.015750243590781));
#5089=CARTESIAN_POINT('',(0.022033717902772,2.38524477946811E-18,-0.015750243590781));
#5090=CARTESIAN_POINT('',(0.023246307701303,0.0011,-0.0169824987259114));
#5091=CARTESIAN_POINT('',(0.023246307701303,2.81892564846231E-18,-0.0169824987259114));
#5092=CARTESIAN_POINT('',(0.0246885580185817,0.0011,-0.0188455586936458));
#5093=CARTESIAN_POINT('',(0.0246885580185817,2.60208521396521E-18,-0.0188455586936458));
#5094=CARTESIAN_POINT('',(0.0260400198908889,0.0011,-0.0217474437756788));
#5095=CARTESIAN_POINT('',(0.0260400198908889,2.81892564846231E-18,-0.0217474437756788));
#5096=CARTESIAN_POINT('',(0.0267423112000094,0.0011,-0.0246114357834404));
#5097=CARTESIAN_POINT('',(0.0267423112000094,2.38524477946811E-18,-0.0246114357834404));
#5098=CARTESIAN_POINT('',(0.0270701745499981,0.0011,-0.0274284242371058));
#5099=CARTESIAN_POINT('',(0.0270701745499981,3.03576608295941E-18,-0.0274284242371058));
#5100=CARTESIAN_POINT('',(0.0270628428263834,0.0011,-0.0302161708491769));
#5101=CARTESIAN_POINT('',(0.0270628428263834,2.16840434497101E-18,-0.0302161708491769));
#5102=CARTESIAN_POINT('',(0.026663744694175,0.0011,-0.0330738036265201));
#5103=CARTESIAN_POINT('',(0.026663744694175,2.60208521396521E-18,-0.0330738036265201));
#5104=CARTESIAN_POINT('',(0.0255725924665504,0.0011,-0.0360038068049072));
#5105=CARTESIAN_POINT('',(0.0255725924665504,2.60208521396521E-18,-0.0360038068049072));
#5106=CARTESIAN_POINT('',(0.024452226172145,0.0011,-0.0377705707649995));
#5107=CARTESIAN_POINT('',(0.024452226172145,2.81892564846231E-18,-0.0377705707649995));
#5108=CARTESIAN_POINT('',(0.0237607762310102,0.0011,-0.0387498107795934));
#5109=CARTESIAN_POINT('',(0.0237607762310102,2.81892564846231E-18,-0.0387498107795934));
#5110=CARTESIAN_POINT('',(0.0233831231450449,0.0011,-0.0392716705176379));
#5111=CARTESIAN_POINT('',(0.0233831231450449,3.25260651745651E-18,-0.0392716705176379));
#5112=CARTESIAN_POINT('',(0.0229416665603311,0.0011,-0.0398651505250848));
#5113=CARTESIAN_POINT('',(0.0229416665603311,2.60208521396521E-18,-0.0398651505250848));
#5114=CARTESIAN_POINT('',(0.0222878272895674,0.0011,-0.0406855720323567));
#5115=CARTESIAN_POINT('',(0.0222878272895674,3.03576608295941E-18,-0.0406855720323567));
#5116=CARTESIAN_POINT('',(0.0212790593127404,0.0011,-0.0417560676188386));
#5117=CARTESIAN_POINT('',(0.0212790593127404,2.60208521396521E-18,-0.0417560676188386));
#5118=CARTESIAN_POINT('',(0.0200018123426755,0.0011,-0.0428314951347356));
#5119=CARTESIAN_POINT('',(0.0200018123426755,2.60208521396521E-18,-0.0428314951347356));
#5120=CARTESIAN_POINT('',(0.0184310652089206,0.0011,-0.0437876883879966));
#5121=CARTESIAN_POINT('',(0.0184310652089206,3.03576608295941E-18,-0.0437876883879966));
#5122=CARTESIAN_POINT('',(0.0168604010001419,0.0011,-0.0444580907640273));
#5123=CARTESIAN_POINT('',(0.0168604010001419,2.60208521396521E-18,-0.0444580907640273));
#5124=CARTESIAN_POINT('',(0.0152661508066199,0.0011,-0.0449372184116507));
#5125=CARTESIAN_POINT('',(0.0152661508066199,3.03576608295941E-18,-0.0449372184116507));
#5126=CARTESIAN_POINT('',(0.0136585886503595,0.0011,-0.0452395925396803));
#5127=CARTESIAN_POINT('',(0.0136585886503595,2.38524477946811E-18,-0.0452395925396803));
#5128=CARTESIAN_POINT('',(0.0120352857997068,0.0011,-0.0453807453010509));
#5129=CARTESIAN_POINT('',(0.0120352857997068,3.25260651745651E-18,-0.0453807453010509));
#5130=CARTESIAN_POINT('',(0.0103826315014221,0.0011,-0.0453341411317515));
#5131=CARTESIAN_POINT('',(0.0103826315014221,3.03576608295941E-18,-0.0453341411317515));
#5132=CARTESIAN_POINT('',(0.00904573669045259,0.0011,-0.0451655345154359));
#5133=CARTESIAN_POINT('',(0.00904573669045259,2.60208521396521E-18,-0.0451655345154359));
#5134=CARTESIAN_POINT('',(0.00801709626916445,0.0011,-0.0449765254894847));
#5135=CARTESIAN_POINT('',(0.00801709626916445,2.81892564846231E-18,-0.0449765254894847));
#5136=CARTESIAN_POINT('',(0.00759282690574172,0.0011,-0.0448887099446377));
#5137=CARTESIAN_POINT('',(0.00759282690574172,3.03576608295941E-18,-0.0448887099446377));
#5138=CARTESIAN_POINT('',(0.00754459602206553,0.0011,-0.0448796541817985));
#5139=CARTESIAN_POINT('',(0.00754459602206553,3.03576608295941E-18,-0.0448796541817985));
#5140=CARTESIAN_POINT('',(0.00754459602206594,0.0011,-0.0448796541817985));
#5141=CARTESIAN_POINT('',(0.00754459602206462,0.0011,-0.0448796541817984));
#5142=CARTESIAN_POINT('',(0.00754459602206462,-2.16840434497101E-19,-0.0448796541817984));
#5143=CARTESIAN_POINT('',(0.00750833966028884,0.0011,-0.0448740523110248));
#5144=CARTESIAN_POINT('',(0.00750833966028884,-2.16840434497101E-19,-0.0448740523110248));
#5145=CARTESIAN_POINT('',(0.00728525573614614,0.0011,-0.0448495675079818));
#5146=CARTESIAN_POINT('',(0.00728525573614614,0.,-0.0448495675079818));
#5147=CARTESIAN_POINT('',(0.00634457344832019,0.0011,-0.0446215518315372));
#5148=CARTESIAN_POINT('',(0.00634457344832019,0.,-0.0446215518315372));
#5149=CARTESIAN_POINT('',(0.00555209492744773,0.0011,-0.0442771772954342));
#5150=CARTESIAN_POINT('',(0.00555209492744773,-2.16840434497101E-19,-0.0442771772954342));
#5151=CARTESIAN_POINT('',(0.00521294485970183,0.0011,-0.0440972431490686));
#5152=CARTESIAN_POINT('',(0.00521294485970183,-2.16840434497101E-19,-0.0440972431490686));
#5153=CARTESIAN_POINT('',(0.00495438319465458,0.0011,-0.0439543436787006));
#5154=CARTESIAN_POINT('',(0.00495438319465458,-2.16840434497101E-19,-0.0439543436787006));
#5155=CARTESIAN_POINT('',(0.0047773602206999,0.0011,-0.043851559851575));
#5156=CARTESIAN_POINT('',(0.0047773602206999,-2.16840434497101E-19,-0.043851559851575));
#5157=CARTESIAN_POINT('',(0.00463307063786315,0.0011,-0.0437644697731786));
#5158=CARTESIAN_POINT('',(0.00463307063786315,2.16840434497101E-19,-0.0437644697731786));
#5159=CARTESIAN_POINT('',(0.00451269584315882,0.0011,-0.0436892283465637));
#5160=CARTESIAN_POINT('',(0.00451269584315882,-4.33680868994202E-19,-0.0436892283465637));
#5161=CARTESIAN_POINT('',(0.00441251829261877,0.0011,-0.0436246094470759));
#5162=CARTESIAN_POINT('',(0.00441251829261877,-2.16840434497101E-19,-0.0436246094470759));
#5163=CARTESIAN_POINT('',(0.00432572688598099,0.0011,-0.0435672805532697));
#5164=CARTESIAN_POINT('',(0.00432572688598099,0.,-0.0435672805532697));
#5165=CARTESIAN_POINT('',(0.00422156674681473,0.0011,-0.043494975458654));
#5166=CARTESIAN_POINT('',(0.00422156674681473,-2.16840434497101E-19,-0.043494975458654));
#5167=CARTESIAN_POINT('',(0.00416730910635043,0.0011,-0.0434568249558409));
#5168=CARTESIAN_POINT('',(0.00416730910635043,-4.33680868994202E-19,-0.0434568249558409));
#5169=CARTESIAN_POINT('',(0.00405676687968754,0.0011,-0.0433754670878063));
#5170=CARTESIAN_POINT('',(0.00405676687968754,2.16840434497101E-19,-0.0433754670878063));
#5171=CARTESIAN_POINT('',(0.00397714284543267,0.0011,-0.0433143366759597));
#5172=CARTESIAN_POINT('',(0.00397714284543267,-6.50521303491303E-19,-0.0433143366759597));
#5173=CARTESIAN_POINT('',(0.00386058272630475,0.0011,-0.0432216964022352));
#5174=CARTESIAN_POINT('',(0.00386058272630475,4.33680868994202E-19,-0.0432216964022352));
#5175=CARTESIAN_POINT('',(0.00372922787134829,0.0011,-0.0431097109899965));
#5176=CARTESIAN_POINT('',(0.00372922787134829,-4.33680868994202E-19,-0.0431097109899965));
#5177=CARTESIAN_POINT('',(0.00353261784696726,0.0011,-0.0429344784498946));
#5178=CARTESIAN_POINT('',(0.00353261784696726,4.33680868994202E-19,-0.0429344784498946));
#5179=CARTESIAN_POINT('',(0.00319839226067726,0.0011,-0.0425932886983068));
#5180=CARTESIAN_POINT('',(0.00319839226067726,-1.0842021724855E-18,-0.0425932886983068));
#5181=CARTESIAN_POINT('',(0.00286374406648125,0.0011,-0.042162926206057));
#5182=CARTESIAN_POINT('',(0.00286374406648125,0.,-0.042162926206057));
#5183=CARTESIAN_POINT('',(0.00248171655964878,0.0011,-0.0415796249997421));
#5184=CARTESIAN_POINT('',(0.00248171655964878,-2.16840434497101E-19,-0.0415796249997421));
#5185=CARTESIAN_POINT('',(0.00203616427951912,0.0011,-0.0406175830928317));
#5186=CARTESIAN_POINT('',(0.00203616427951912,0.,-0.0406175830928317));
#5187=CARTESIAN_POINT('',(0.00178688358984199,0.0011,-0.0392039881025109));
#5188=CARTESIAN_POINT('',(0.00178688358984199,2.16840434497101E-19,-0.0392039881025109));
#5189=CARTESIAN_POINT('',(0.00189066621528762,0.0011,-0.0379634971476165));
#5190=CARTESIAN_POINT('',(0.00189066621528762,-4.33680868994202E-19,-0.0379634971476165));
#5191=CARTESIAN_POINT('',(0.00214609172646084,0.0011,-0.0370800809224454));
#5192=CARTESIAN_POINT('',(0.00214609172646084,-4.33680868994202E-19,-0.0370800809224454));
#5193=CARTESIAN_POINT('',(0.00237992080305916,0.0011,-0.0365405006603554));
#5194=CARTESIAN_POINT('',(0.00237992080305916,-2.16840434497101E-19,-0.0365405006603554));
#5195=CARTESIAN_POINT('',(0.00260513989692054,0.0011,-0.0361254554656562));
#5196=CARTESIAN_POINT('',(0.00260513989692054,2.16840434497101E-19,-0.0361254554656562));
#5197=CARTESIAN_POINT('',(0.00282578201118795,0.0011,-0.035779197581422));
#5198=CARTESIAN_POINT('',(0.00282578201118795,-8.67361737988404E-19,-0.035779197581422));
#5199=CARTESIAN_POINT('',(0.00306073416336679,0.0011,-0.03546363521808));
#5200=CARTESIAN_POINT('',(0.00306073416336679,-8.67361737988404E-19,-0.03546363521808));
#5201=CARTESIAN_POINT('',(0.00326114511055552,0.0011,-0.0352280262560997));
#5202=CARTESIAN_POINT('',(0.00326114511055552,-2.16840434497101E-19,-0.0352280262560997));
#5203=CARTESIAN_POINT('',(0.00342344757248642,0.0011,-0.0350513200390099));
#5204=CARTESIAN_POINT('',(0.00342344757248642,-2.16840434497101E-19,-0.0350513200390099));
#5205=CARTESIAN_POINT('',(0.00360428976417165,0.0011,-0.0348670542146696));
#5206=CARTESIAN_POINT('',(0.00360428976417165,-4.33680868994202E-19,-0.0348670542146696));
#5207=CARTESIAN_POINT('',(0.00378944292772595,0.0011,-0.0346916905697819));
#5208=CARTESIAN_POINT('',(0.00378944292772595,-4.33680868994202E-19,-0.0346916905697819));
#5209=CARTESIAN_POINT('',(0.00398490601158058,0.0011,-0.0345173995644339));
#5210=CARTESIAN_POINT('',(0.00398490601158058,0.,-0.0345173995644339));
#5211=CARTESIAN_POINT('',(0.00416947223131168,0.0011,-0.0343602414696072));
#5212=CARTESIAN_POINT('',(0.00416947223131168,-4.33680868994202E-19,-0.0343602414696072));
#5213=CARTESIAN_POINT('',(0.00441336535237424,0.0011,-0.0341601935678616));
#5214=CARTESIAN_POINT('',(0.00441336535237424,-4.33680868994202E-19,-0.0341601935678616));
#5215=CARTESIAN_POINT('',(0.00472028100417817,0.0011,-0.0339199664570686));
#5216=CARTESIAN_POINT('',(0.00472028100417817,2.16840434497101E-19,-0.0339199664570686));
#5217=CARTESIAN_POINT('',(0.00511286096523837,0.0011,-0.0336288497305882));
#5218=CARTESIAN_POINT('',(0.00511286096523837,0.,-0.0336288497305882));
#5219=CARTESIAN_POINT('',(0.00550772339229391,0.0011,-0.0333510761551439));
#5220=CARTESIAN_POINT('',(0.00550772339229391,2.16840434497101E-19,-0.0333510761551439));
#5221=CARTESIAN_POINT('',(0.00589871252187169,0.0011,-0.0330877296843766));
#5222=CARTESIAN_POINT('',(0.00589871252187169,-6.50521303491303E-19,-0.0330877296843766));
#5223=CARTESIAN_POINT('',(0.00641757877284795,0.0011,-0.0327509274089797));
#5224=CARTESIAN_POINT('',(0.00641757877284795,2.16840434497101E-19,-0.0327509274089797));
#5225=CARTESIAN_POINT('',(0.00705857267576878,0.0011,-0.0323540783194436));
#5226=CARTESIAN_POINT('',(0.00705857267576878,-4.33680868994202E-19,-0.0323540783194436));
#5227=CARTESIAN_POINT('',(0.00780832235659567,0.0011,-0.0319086086063726));
#5228=CARTESIAN_POINT('',(0.00780832235659567,-2.16840434497101E-19,-0.0319086086063726));
#5229=CARTESIAN_POINT('',(0.00852177243354326,0.0011,-0.0314969224597069));
#5230=CARTESIAN_POINT('',(0.00852177243354326,-4.33680868994202E-19,-0.0314969224597069));
#5231=CARTESIAN_POINT('',(0.00924626454256595,0.0011,-0.031069347783551));
#5232=CARTESIAN_POINT('',(0.00924626454256595,-2.16840434497101E-19,-0.031069347783551));
#5233=CARTESIAN_POINT('',(0.00964153621202031,0.0011,-0.030784707261016));
#5234=CARTESIAN_POINT('',(0.00964153621202031,-4.33680868994202E-19,-0.030784707261016));
#5235=CARTESIAN_POINT('',(0.00981772080176443,0.0011,-0.0306187839359163));
#5236=CARTESIAN_POINT('',(0.00981772080176443,-4.33680868994202E-19,-0.0306187839359163));
#5237=CARTESIAN_POINT('',(0.0100110016005697,0.0011,-0.0304002097719216));
#5238=CARTESIAN_POINT('',(0.0100110016005697,6.50521303491303E-19,-0.0304002097719216));
#5239=CARTESIAN_POINT('',(0.0101570653705456,0.0011,-0.0301476093117817));
#5240=CARTESIAN_POINT('',(0.0101570653705456,0.,-0.0301476093117817));
#5241=CARTESIAN_POINT('',(0.0102276843632407,0.0011,-0.0299641316447604));
#5242=CARTESIAN_POINT('',(0.0102276843632407,-6.50521303491303E-19,-0.0299641316447604));
#5243=CARTESIAN_POINT('',(0.0103092665201156,0.0011,-0.029645077436825));
#5244=CARTESIAN_POINT('',(0.0103092665201156,-4.33680868994202E-19,-0.029645077436825));
#5245=CARTESIAN_POINT('',(0.0103678138554846,0.0011,-0.0290342372016666));
#5246=CARTESIAN_POINT('',(0.0103678138554846,-4.33680868994202E-19,-0.0290342372016666));
#5247=CARTESIAN_POINT('',(0.0103428231150366,0.0011,-0.0283052655591012));
#5248=CARTESIAN_POINT('',(0.0103428231150366,-4.33680868994202E-19,-0.0283052655591012));
#5249=CARTESIAN_POINT('',(0.0102638061532197,0.0011,-0.0275006457736131));
#5250=CARTESIAN_POINT('',(0.0102638061532197,0.,-0.0275006457736131));
#5251=CARTESIAN_POINT('',(0.0101413510510525,0.0011,-0.02693055189382));
#5252=CARTESIAN_POINT('',(0.0101413510510525,6.50521303491303E-19,-0.02693055189382));
#5253=CARTESIAN_POINT('',(0.0100133698647225,0.0011,-0.0265800638282045));
#5254=CARTESIAN_POINT('',(0.0100133698647225,-8.67361737988404E-19,-0.0265800638282045));
#5255=CARTESIAN_POINT('',(0.00993011320161533,0.0011,-0.0264112926400149));
#5256=CARTESIAN_POINT('',(0.00993011320161533,2.16840434497101E-19,-0.0264112926400149));
#5257=CARTESIAN_POINT('',(0.00982332473766314,0.0011,-0.0262438683888683));
#5258=CARTESIAN_POINT('',(0.00982332473766314,-1.30104260698261E-18,-0.0262438683888683));
#5259=CARTESIAN_POINT('',(0.00949570596186416,0.0011,-0.025832831163921));
#5260=CARTESIAN_POINT('',(0.00949570596186416,2.16840434497101E-19,-0.025832831163921));
#5261=CARTESIAN_POINT('',(0.00913906236995924,0.0011,-0.0254889434579165));
#5262=CARTESIAN_POINT('',(0.00913906236995924,-2.16840434497101E-19,-0.0254889434579165));
#5263=CARTESIAN_POINT('',(0.00891804992676775,0.0011,-0.0252983515419236));
#5264=CARTESIAN_POINT('',(0.00891804992676775,-2.16840434497101E-19,-0.0252983515419236));
#5265=CARTESIAN_POINT('',(0.00891804992676773,0.0011,-0.0252983515419236));
#5266=CARTESIAN_POINT('',(0.00891804992676776,0.0011,-0.0252983515419236));
#5267=CARTESIAN_POINT('',(0.00891804992676776,2.16840434497101E-19,-0.0252983515419236));
#5268=CARTESIAN_POINT('',(0.00860653646562886,0.0011,-0.0252765215331173));
#5269=CARTESIAN_POINT('',(0.00860653646562886,2.16840434497101E-19,-0.0252765215331173));
#5270=CARTESIAN_POINT('',(0.00761652280763184,0.0011,-0.0252517928898454));
#5271=CARTESIAN_POINT('',(0.00761652280763184,2.16840434497101E-19,-0.0252517928898454));
#5272=CARTESIAN_POINT('',(0.00549765344869334,0.0011,-0.0253024053833366));
#5273=CARTESIAN_POINT('',(0.00549765344869334,2.16840434497101E-19,-0.0253024053833366));
#5274=CARTESIAN_POINT('',(0.0029388343930191,0.0011,-0.0253816739157774));
#5275=CARTESIAN_POINT('',(0.0029388343930191,0.,-0.0253816739157774));
#5276=CARTESIAN_POINT('',(3.70276484890294E-5,0.0011,-0.0254235100446159));
#5277=CARTESIAN_POINT('',(3.70276484890294E-5,-6.50521303491303E-19,-0.0254235100446159));
#5278=CARTESIAN_POINT('',(-0.00296892012494647,0.0011,-0.025354733738715));
#5279=CARTESIAN_POINT('',(-0.00296892012494647,2.16840434497101E-19,-0.025354733738715));
#5280=CARTESIAN_POINT('',(-0.00578643612568994,0.0011,-0.0252390628504659));
#5281=CARTESIAN_POINT('',(-0.00578643612568994,4.33680868994202E-19,-0.0252390628504659));
#5282=CARTESIAN_POINT('',(-0.00827874270100984,0.0011,-0.0251352428762901));
#5283=CARTESIAN_POINT('',(-0.00827874270100984,-2.16840434497101E-19,-0.0251352428762901));
#5284=CARTESIAN_POINT('',(-0.00957034972877322,0.0011,-0.0251120132895619));
#5285=CARTESIAN_POINT('',(-0.00957034972877322,2.16840434497101E-19,-0.0251120132895619));
#5286=CARTESIAN_POINT('',(-0.010058840692803,0.0011,-0.0251169108283891));
#5287=CARTESIAN_POINT('',(-0.010058840692803,2.16840434497101E-19,-0.0251169108283891));
#5288=CARTESIAN_POINT('',(-0.0100588406928042,0.0011,-0.0251169108283891));
#5289=CARTESIAN_POINT('',(-0.0100588406928028,0.0011,-0.0251169108283904));
#5290=CARTESIAN_POINT('',(-0.0100588406928028,-2.16840434497101E-19,-0.0251169108283904));
#5291=CARTESIAN_POINT('',(-0.0103354773688694,0.0011,-0.0254332518784709));
#5292=CARTESIAN_POINT('',(-0.0103354773688694,-2.16840434497101E-19,-0.0254332518784709));
#5293=CARTESIAN_POINT('',(-0.0105882835776147,0.0011,-0.0257894141246667));
#5294=CARTESIAN_POINT('',(-0.0105882835776147,-2.16840434497101E-19,-0.0257894141246667));
#5295=CARTESIAN_POINT('',(-0.0106481724196493,0.0011,-0.0258917331254133));
#5296=CARTESIAN_POINT('',(-0.0106481724196493,-2.16840434497101E-19,-0.0258917331254133));
#5297=CARTESIAN_POINT('',(-0.0106481724196493,0.0011,-0.0258917331254133));
#5298=CARTESIAN_POINT('',(-0.0106481724196493,0.0011,-0.0258917331254132));
#5299=CARTESIAN_POINT('',(-0.0106481724196493,1.0842021724855E-18,-0.0258917331254132));
#5300=CARTESIAN_POINT('',(-0.0106556514700333,0.0011,-0.0259661486946787));
#5301=CARTESIAN_POINT('',(-0.0106556514700333,1.0842021724855E-18,-0.0259661486946787));
#5302=CARTESIAN_POINT('',(-0.0106721505376958,0.0011,-0.0263423138296352));
#5303=CARTESIAN_POINT('',(-0.0106721505376958,8.67361737988404E-19,-0.0263423138296352));
#5304=CARTESIAN_POINT('',(-0.0105873018324043,0.0011,-0.0271310172479848));
#5305=CARTESIAN_POINT('',(-0.0105873018324043,1.51788304147971E-18,-0.0271310172479848));
#5306=CARTESIAN_POINT('',(-0.0103904751493077,0.0011,-0.0279478346560266));
#5307=CARTESIAN_POINT('',(-0.0103904751493077,1.30104260698261E-18,-0.0279478346560266));
#5308=CARTESIAN_POINT('',(-0.0101251310295602,0.0011,-0.028614417875941));
#5309=CARTESIAN_POINT('',(-0.0101251310295602,1.0842021724855E-18,-0.028614417875941));
#5310=CARTESIAN_POINT('',(-0.00970588095741381,0.0011,-0.0293689138226605));
#5311=CARTESIAN_POINT('',(-0.00970588095741381,1.51788304147971E-18,-0.0293689138226605));
#5312=CARTESIAN_POINT('',(-0.00918536232753423,0.0011,-0.0300838439584531));
#5313=CARTESIAN_POINT('',(-0.00918536232753423,4.33680868994202E-19,-0.0300838439584531));
#5314=CARTESIAN_POINT('',(-0.0086598232901577,0.0011,-0.0306666314965016));
#5315=CARTESIAN_POINT('',(-0.0086598232901577,1.30104260698261E-18,-0.0306666314965016));
#5316=CARTESIAN_POINT('',(-0.00824225091377805,0.0011,-0.0310388895149368));
#5317=CARTESIAN_POINT('',(-0.00824225091377805,1.51788304147971E-18,-0.0310388895149368));
#5318=CARTESIAN_POINT('',(-0.00776026305915458,0.0011,-0.0314056869489203));
#5319=CARTESIAN_POINT('',(-0.00776026305915458,1.30104260698261E-18,-0.0314056869489203));
#5320=CARTESIAN_POINT('',(-0.00730264500360019,0.0011,-0.0317225337963608));
#5321=CARTESIAN_POINT('',(-0.00730264500360019,1.51788304147971E-18,-0.0317225337963608));
#5322=CARTESIAN_POINT('',(-0.00672949336222709,0.0011,-0.0320909283243535));
#5323=CARTESIAN_POINT('',(-0.00672949336222709,1.0842021724855E-18,-0.0320909283243535));
#5324=CARTESIAN_POINT('',(-0.00602132197194767,0.0011,-0.0325225699794059));
#5325=CARTESIAN_POINT('',(-0.00602132197194767,1.0842021724855E-18,-0.0325225699794059));
#5326=CARTESIAN_POINT('',(-0.00539658478685862,0.0011,-0.0328935731545678));
#5327=CARTESIAN_POINT('',(-0.00539658478685862,1.30104260698261E-18,-0.0328935731545678));
#5328=CARTESIAN_POINT('',(-0.00490714142493608,0.0011,-0.0331829067957589));
#5329=CARTESIAN_POINT('',(-0.00490714142493608,1.51788304147971E-18,-0.0331829067957589));
#5330=CARTESIAN_POINT('',(-0.00455147177763195,0.0011,-0.0333936551152039));
#5331=CARTESIAN_POINT('',(-0.00455147177763195,1.30104260698261E-18,-0.0333936551152039));
#5332=CARTESIAN_POINT('',(-0.00421129242162299,0.0011,-0.0335970464590488));
#5333=CARTESIAN_POINT('',(-0.00421129242162299,1.51788304147971E-18,-0.0335970464590488));
#5334=CARTESIAN_POINT('',(-0.00394082249381105,0.0011,-0.033761702477115));
#5335=CARTESIAN_POINT('',(-0.00394082249381105,8.67361737988404E-19,-0.033761702477115));
#5336=CARTESIAN_POINT('',(-0.00372688997589301,0.0011,-0.0338952252484653));
#5337=CARTESIAN_POINT('',(-0.00372688997589301,1.73472347597681E-18,-0.0338952252484653));
#5338=CARTESIAN_POINT('',(-0.00356389276321622,0.0011,-0.0339993197052097));
#5339=CARTESIAN_POINT('',(-0.00356389276321622,8.67361737988404E-19,-0.0339993197052097));
#5340=CARTESIAN_POINT('',(-0.00339140632028519,0.0011,-0.0341129319774588));
#5341=CARTESIAN_POINT('',(-0.00339140632028519,1.95156391047391E-18,-0.0341129319774588));
#5342=CARTESIAN_POINT('',(-0.00319762028474639,0.0011,-0.0342464780432092));
#5343=CARTESIAN_POINT('',(-0.00319762028474639,1.0842021724855E-18,-0.0342464780432092));
#5344=CARTESIAN_POINT('',(-0.00299342655962155,0.0011,-0.0343960329172294));
#5345=CARTESIAN_POINT('',(-0.00299342655962155,8.67361737988404E-19,-0.0343960329172294));
#5346=CARTESIAN_POINT('',(-0.00277470626534073,0.0011,-0.0345715285088351));
#5347=CARTESIAN_POINT('',(-0.00277470626534073,1.0842021724855E-18,-0.0345715285088351));
#5348=CARTESIAN_POINT('',(-0.00256370252667894,0.0011,-0.0347539057443947));
#5349=CARTESIAN_POINT('',(-0.00256370252667894,1.95156391047391E-18,-0.0347539057443947));
#5350=CARTESIAN_POINT('',(-0.00228293483447736,0.0011,-0.0350249816388299));
#5351=CARTESIAN_POINT('',(-0.00228293483447736,2.16840434497101E-19,-0.0350249816388299));
#5352=CARTESIAN_POINT('',(-0.00189000836390032,0.0011,-0.0354598845769321));
#5353=CARTESIAN_POINT('',(-0.00189000836390032,1.51788304147971E-18,-0.0354598845769321));
#5354=CARTESIAN_POINT('',(-0.00145299278687256,0.0011,-0.0361269753257015));
#5355=CARTESIAN_POINT('',(-0.00145299278687256,6.50521303491303E-19,-0.0361269753257015));
#5356=CARTESIAN_POINT('',(-0.00111332313838355,0.0011,-0.036813293829457));
#5357=CARTESIAN_POINT('',(-0.00111332313838355,1.30104260698261E-18,-0.036813293829457));
#5358=CARTESIAN_POINT('',(-0.000820637634067307,0.0011,-0.0377524151157761));
#5359=CARTESIAN_POINT('',(-0.000820637634067307,4.33680868994202E-19,-0.0377524151157761));
#5360=CARTESIAN_POINT('',(-0.000701332782648304,0.0011,-0.038881345776423));
#5361=CARTESIAN_POINT('',(-0.000701332782648304,1.51788304147971E-18,-0.038881345776423));
#5362=CARTESIAN_POINT('',(-0.000829707937783498,0.0011,-0.0400415436477047));
#5363=CARTESIAN_POINT('',(-0.000829707937783498,8.67361737988404E-19,-0.0400415436477047));
#5364=CARTESIAN_POINT('',(-0.00115869117431551,0.0011,-0.0410416288780215));
#5365=CARTESIAN_POINT('',(-0.00115869117431551,8.67361737988404E-19,-0.0410416288780215));
#5366=CARTESIAN_POINT('',(-0.00156432933344054,0.0011,-0.0418003350934582));
#5367=CARTESIAN_POINT('',(-0.00156432933344054,1.30104260698261E-18,-0.0418003350934582));
#5368=CARTESIAN_POINT('',(-0.00195146010567094,0.0011,-0.0423332412309236));
#5369=CARTESIAN_POINT('',(-0.00195146010567094,1.0842021724855E-18,-0.0423332412309236));
#5370=CARTESIAN_POINT('',(-0.00228717992243094,0.0011,-0.0427097635677517));
#5371=CARTESIAN_POINT('',(-0.00228717992243094,6.50521303491303E-19,-0.0427097635677517));
#5372=CARTESIAN_POINT('',(-0.00261811376147883,0.0011,-0.0430277688518744));
#5373=CARTESIAN_POINT('',(-0.00261811376147883,1.0842021724855E-18,-0.0430277688518744));
#5374=CARTESIAN_POINT('',(-0.00291863074136899,0.0011,-0.0432736459055924));
#5375=CARTESIAN_POINT('',(-0.00291863074136899,1.0842021724855E-18,-0.0432736459055924));
#5376=CARTESIAN_POINT('',(-0.0031855461580212,0.0011,-0.0434659237751546));
#5377=CARTESIAN_POINT('',(-0.0031855461580212,1.0842021724855E-18,-0.0434659237751546));
#5378=CARTESIAN_POINT('',(-0.0034634268700822,0.0011,-0.0436472535564553));
#5379=CARTESIAN_POINT('',(-0.0034634268700822,8.67361737988404E-19,-0.0436472535564553));
#5380=CARTESIAN_POINT('',(-0.0037292087600124,0.0011,-0.0438010421200727));
#5381=CARTESIAN_POINT('',(-0.0037292087600124,1.30104260698261E-18,-0.0438010421200727));
#5382=CARTESIAN_POINT('',(-0.00398373131681961,0.0011,-0.0439350986836223));
#5383=CARTESIAN_POINT('',(-0.00398373131681961,1.0842021724855E-18,-0.0439350986836223));
#5384=CARTESIAN_POINT('',(-0.0042186569612391,0.0011,-0.0440498064733787));
#5385=CARTESIAN_POINT('',(-0.0042186569612391,1.30104260698261E-18,-0.0440498064733787));
#5386=CARTESIAN_POINT('',(-0.00444325530424845,0.0011,-0.0441527237103825));
#5387=CARTESIAN_POINT('',(-0.00444325530424845,1.30104260698261E-18,-0.0441527237103825));
#5388=CARTESIAN_POINT('',(-0.00474261446251596,0.0011,-0.0442825178198763));
#5389=CARTESIAN_POINT('',(-0.00474261446251596,6.50521303491303E-19,-0.0442825178198763));
#5390=CARTESIAN_POINT('',(-0.00512768606374579,0.0011,-0.0444372883241597));
#5391=CARTESIAN_POINT('',(-0.00512768606374579,1.0842021724855E-18,-0.0444372883241597));
#5392=CARTESIAN_POINT('',(-0.00562403686922429,0.0011,-0.0446189812559));
#5393=CARTESIAN_POINT('',(-0.00562403686922429,1.0842021724855E-18,-0.0446189812559));
#5394=CARTESIAN_POINT('',(-0.00616003453628395,0.0011,-0.0447969927289214));
#5395=CARTESIAN_POINT('',(-0.00616003453628395,1.30104260698261E-18,-0.0447969927289214));
#5396=CARTESIAN_POINT('',(-0.00692968014866942,0.0011,-0.0450263577781156));
#5397=CARTESIAN_POINT('',(-0.00692968014866942,1.0842021724855E-18,-0.0450263577781156));
#5398=CARTESIAN_POINT('',(-0.00799254691285432,0.0011,-0.045287639704314));
#5399=CARTESIAN_POINT('',(-0.00799254691285432,1.51788304147971E-18,-0.045287639704314));
#5400=CARTESIAN_POINT('',(-0.00945234254465314,0.0011,-0.0455241168011208));
#5401=CARTESIAN_POINT('',(-0.00945234254465314,8.67361737988404E-19,-0.0455241168011208));
#5402=CARTESIAN_POINT('',(-0.0111046937990475,0.0011,-0.0455863190397632));
#5403=CARTESIAN_POINT('',(-0.0111046937990475,1.30104260698261E-18,-0.0455863190397632));
#5404=CARTESIAN_POINT('',(-0.0126716955834782,0.0011,-0.0454315309456397));
#5405=CARTESIAN_POINT('',(-0.0126716955834782,1.51788304147971E-18,-0.0454315309456397));
#5406=CARTESIAN_POINT('',(-0.0146645514923608,0.0011,-0.0449806105248165));
#5407=CARTESIAN_POINT('',(-0.0146645514923608,6.50521303491303E-19,-0.0449806105248165));
#5408=CARTESIAN_POINT('',(-0.0168764657619153,0.0011,-0.0440370825506972));
#5409=CARTESIAN_POINT('',(-0.0168764657619153,8.67361737988404E-19,-0.0440370825506972));
#5410=CARTESIAN_POINT('',(-0.0190560510278865,0.0011,-0.0425932839430328));
#5411=CARTESIAN_POINT('',(-0.0190560510278865,1.51788304147971E-18,-0.0425932839430328));
#5412=CARTESIAN_POINT('',(-0.020926297749713,0.0011,-0.0409856914825078));
#5413=CARTESIAN_POINT('',(-0.020926297749713,1.0842021724855E-18,-0.0409856914825078));
#5414=CARTESIAN_POINT('',(-0.0226390447190248,0.0011,-0.0391363148541009));
#5415=CARTESIAN_POINT('',(-0.0226390447190248,1.51788304147971E-18,-0.0391363148541009));
#5416=CARTESIAN_POINT('',(-0.0246351138242755,0.0011,-0.0364119453347584));
#5417=CARTESIAN_POINT('',(-0.0246351138242755,1.0842021724855E-18,-0.0364119453347584));
#5418=CARTESIAN_POINT('',(-0.0265125668675263,0.0011,-0.0324450948865534));
#5419=CARTESIAN_POINT('',(-0.0265125668675263,4.33680868994202E-19,-0.0324450948865534));
#5420=CARTESIAN_POINT('',(-0.0271267443110059,0.0011,-0.0281658405930355));
#5421=CARTESIAN_POINT('',(-0.0271267443110059,1.51788304147971E-18,-0.0281658405930355));
#5422=CARTESIAN_POINT('',(-0.0268241702575906,0.0011,-0.0247242196361528));
#5423=CARTESIAN_POINT('',(-0.0268241702575906,1.0842021724855E-18,-0.0247242196361528));
#5424=CARTESIAN_POINT('',(-0.0262208669435328,0.0011,-0.0222489192280878));
#5425=CARTESIAN_POINT('',(-0.0262208669435328,1.30104260698261E-18,-0.0222489192280878));
#5426=CARTESIAN_POINT('',(-0.0252968308730471,0.0011,-0.0199168827184488));
#5427=CARTESIAN_POINT('',(-0.0252968308730471,1.51788304147971E-18,-0.0199168827184488));
#5428=CARTESIAN_POINT('',(-0.0240587135369642,0.0011,-0.0177099480093807));
#5429=CARTESIAN_POINT('',(-0.0240587135369642,1.30104260698261E-18,-0.0177099480093807));
#5430=CARTESIAN_POINT('',(-0.0225997422936492,0.0011,-0.0157806061832567));
#5431=CARTESIAN_POINT('',(-0.0225997422936492,1.51788304147971E-18,-0.0157806061832567));
#5432=CARTESIAN_POINT('',(-0.0217595036485457,0.0011,-0.0148391997980237));
#5433=CARTESIAN_POINT('',(-0.0217595036485457,1.0842021724855E-18,-0.0148391997980237));
#5434=CARTESIAN_POINT('',(-0.021408419777072,0.0011,-0.0144518783186598));
#5435=CARTESIAN_POINT('',(-0.021408419777072,1.0842021724855E-18,-0.0144518783186598));
#5436=CARTESIAN_POINT('',(-0.021408419777072,0.0011,-0.0144518783186599));
#5437=CARTESIAN_POINT('',(-0.0214084197770721,0.0011,-0.0144518783186598));
#5438=CARTESIAN_POINT('',(-0.0214084197770721,0.,-0.0144518783186598));
#5439=CARTESIAN_POINT('',(-0.0213528889364505,0.0011,-0.0136483900508279));
#5440=CARTESIAN_POINT('',(-0.0213528889364505,0.,-0.0136483900508279));
#5441=CARTESIAN_POINT('',(-0.021236214048674,0.0011,-0.011431292738185));
#5442=CARTESIAN_POINT('',(-0.021236214048674,-2.16840434497101E-19,-0.011431292738185));
#5443=CARTESIAN_POINT('',(-0.0210593855132146,0.0011,-0.00814237442729542));
#5444=CARTESIAN_POINT('',(-0.0210593855132146,0.,-0.00814237442729542));
#5445=CARTESIAN_POINT('',(-0.0208688126246709,0.0011,-0.00563177557196894));
#5446=CARTESIAN_POINT('',(-0.0208688126246709,2.16840434497101E-19,-0.00563177557196894));
#5447=CARTESIAN_POINT('',(-0.0206277537013023,0.0011,-0.00329057612207621));
#5448=CARTESIAN_POINT('',(-0.0206277537013023,-4.33680868994202E-19,-0.00329057612207621));
#5449=CARTESIAN_POINT('',(-0.020261668897548,0.0011,-0.00109144369679612));
#5450=CARTESIAN_POINT('',(-0.020261668897548,8.67361737988404E-19,-0.00109144369679612));
#5451=CARTESIAN_POINT('',(-0.0196548896087123,0.0011,0.00105290062843226));
#5452=CARTESIAN_POINT('',(-0.0196548896087123,0.,0.00105290062843226));
#5453=CARTESIAN_POINT('',(-0.0190434093120042,0.0011,0.00264536017375561));
#5454=CARTESIAN_POINT('',(-0.0190434093120042,0.,0.00264536017375561));
#5455=CARTESIAN_POINT('',(-0.0183078552003666,0.0011,0.00411914049571431));
#5456=CARTESIAN_POINT('',(-0.0183078552003666,4.33680868994202E-19,0.00411914049571431));
#5457=CARTESIAN_POINT('',(-0.0175269554532122,0.0011,0.00541615412041282));
#5458=CARTESIAN_POINT('',(-0.0175269554532122,2.16840434497101E-19,0.00541615412041282));
#5459=CARTESIAN_POINT('',(-0.0168585871243382,0.0011,0.00636824178676538));
#5460=CARTESIAN_POINT('',(-0.0168585871243382,0.,0.00636824178676538));
#5461=CARTESIAN_POINT('',(-0.0163090952394148,0.0011,0.00706517361647041));
#5462=CARTESIAN_POINT('',(-0.0163090952394148,0.,0.00706517361647041));
#5463=CARTESIAN_POINT('',(-0.0158952944968246,0.0011,0.00754853158558967));
#5464=CARTESIAN_POINT('',(-0.0158952944968246,4.33680868994202E-19,0.00754853158558967));
#5465=CARTESIAN_POINT('',(-0.0154149742756698,0.0011,0.00805737550746823));
#5466=CARTESIAN_POINT('',(-0.0154149742756698,0.,0.00805737550746823));
#5467=CARTESIAN_POINT('',(-0.0146010260178487,0.0011,0.00879536156626715));
#5468=CARTESIAN_POINT('',(-0.0146010260178487,2.16840434497101E-19,0.00879536156626715));
#5469=CARTESIAN_POINT('',(-0.0138809526158278,0.0011,0.00927242726376971));
#5470=CARTESIAN_POINT('',(-0.0138809526158278,0.,0.00927242726376971));
#5471=CARTESIAN_POINT('',(-0.013437509397688,0.0011,0.00952035878128558));
#5472=CARTESIAN_POINT('',(-0.013437509397688,0.,0.00952035878128558));
#5473=CARTESIAN_POINT('',(-0.013437509397688,0.0011,0.00952035878128555));
#5474=CARTESIAN_POINT('',(-0.0134375093976881,0.0011,0.00952035878128552));
#5475=CARTESIAN_POINT('',(-0.0134375093976881,0.,0.00952035878128552));
#5476=CARTESIAN_POINT('',(-0.0138643763747889,0.0011,0.0103447507078892));
#5477=CARTESIAN_POINT('',(-0.0138643763747889,0.,0.0103447507078892));
#5478=CARTESIAN_POINT('',(-0.0147004867215819,0.0011,0.0121364288228627));
#5479=CARTESIAN_POINT('',(-0.0147004867215819,0.,0.0121364288228627));
#5480=CARTESIAN_POINT('',(-0.0157102292607493,0.0011,0.015236320800664));
#5481=CARTESIAN_POINT('',(-0.0157102292607493,-2.16840434497101E-19,0.015236320800664));
#5482=CARTESIAN_POINT('',(-0.016344194041446,0.0011,0.0184321412262374));
#5483=CARTESIAN_POINT('',(-0.016344194041446,8.67361737988404E-19,0.0184321412262374));
#5484=CARTESIAN_POINT('',(-0.0166140102326135,0.0011,0.021190481892674));
#5485=CARTESIAN_POINT('',(-0.0166140102326135,0.,0.021190481892674));
#5486=CARTESIAN_POINT('',(-0.0166798909881822,0.0011,0.023434604785085));
#5487=CARTESIAN_POINT('',(-0.0166798909881822,0.,0.023434604785085));
#5488=CARTESIAN_POINT('',(-0.0166568565002693,0.0011,0.0251330787468271));
#5489=CARTESIAN_POINT('',(-0.0166568565002693,2.16840434497101E-19,0.0251330787468271));
#5490=CARTESIAN_POINT('',(-0.0165625208808428,0.0011,0.0268472616567233));
#5491=CARTESIAN_POINT('',(-0.0165625208808428,-2.16840434497101E-19,0.0268472616567233));
#5492=CARTESIAN_POINT('',(-0.0164255500429783,0.0011,0.0282727548187998));
#5493=CARTESIAN_POINT('',(-0.0164255500429783,6.50521303491303E-19,0.0282727548187998));
#5494=CARTESIAN_POINT('',(-0.0162771575424033,0.0011,0.0293835009508552));
#5495=CARTESIAN_POINT('',(-0.0162771575424033,-2.16840434497101E-19,0.0293835009508552));
#5496=CARTESIAN_POINT('',(-0.0161428690039383,0.0011,0.0302010674436442));
#5497=CARTESIAN_POINT('',(-0.0161428690039383,2.16840434497101E-19,0.0302010674436442));
#5498=CARTESIAN_POINT('',(-0.0159791084669011,0.0011,0.0310101859067627));
#5499=CARTESIAN_POINT('',(-0.0159791084669011,-4.33680868994202E-19,0.0310101859067627));
#5500=CARTESIAN_POINT('',(-0.0157673048959103,0.0011,0.0318339467423831));
#5501=CARTESIAN_POINT('',(-0.0157673048959103,4.33680868994202E-19,0.0318339467423831));
#5502=CARTESIAN_POINT('',(-0.0155226538278882,0.0011,0.0325752047345858));
#5503=CARTESIAN_POINT('',(-0.0155226538278882,-2.16840434497101E-19,0.0325752047345858));
#5504=CARTESIAN_POINT('',(-0.0152084272366218,0.0011,0.0332856455087037));
#5505=CARTESIAN_POINT('',(-0.0152084272366218,8.67361737988404E-19,0.0332856455087037));
#5506=CARTESIAN_POINT('',(-0.0148882623806846,0.0011,0.0338823677438855));
#5507=CARTESIAN_POINT('',(-0.0148882623806846,-2.16840434497101E-19,0.0338823677438855));
#5508=CARTESIAN_POINT('',(-0.0143409261602447,0.0011,0.0346637682493168));
#5509=CARTESIAN_POINT('',(-0.0143409261602447,4.33680868994202E-19,0.0346637682493168));
#5510=CARTESIAN_POINT('',(-0.0134631878561298,0.0011,0.035559444517275));
#5511=CARTESIAN_POINT('',(-0.0134631878561298,0.,0.035559444517275));
#5512=CARTESIAN_POINT('',(-0.0118579950213225,0.0011,0.036532965959609));
#5513=CARTESIAN_POINT('',(-0.0118579950213225,2.16840434497101E-19,0.036532965959609));
#5514=CARTESIAN_POINT('',(-0.0102671980556799,0.0011,0.0367798711488509));
#5515=CARTESIAN_POINT('',(-0.0102671980556799,0.,0.0367798711488509));
#5516=CARTESIAN_POINT('',(-0.00950280150586397,0.0011,0.0367312160926844));
#5517=CARTESIAN_POINT('',(-0.00950280150586397,0.,0.0367312160926844));
#5518=CARTESIAN_POINT('',(-0.00950280150586422,0.0011,0.0367312160926844));
#5519=CARTESIAN_POINT('',(-0.007826850581355,0.0011,0.0314215602142498));
#5520=CARTESIAN_POINT('',(-0.00805256278608594,0.0011,0.0369848826380444));
#5521=CARTESIAN_POINT('',(-0.00805256278608631,0.0011,0.0369848826380445));
#5522=CARTESIAN_POINT('',(-0.00805256278608631,-2.16840434497101E-19,0.0369848826380445));
#5523=CARTESIAN_POINT('',(-0.00792611842298635,0.0011,0.0371900135155203));
#5524=CARTESIAN_POINT('',(-0.00792611842298635,-2.16840434497101E-19,0.0371900135155203));
#5525=CARTESIAN_POINT('',(-0.00771260019126298,0.0011,0.0375276276738757));
#5526=CARTESIAN_POINT('',(-0.00771260019126298,-6.50521303491303E-19,0.0375276276738757));
#5527=CARTESIAN_POINT('',(-0.0073355383347377,0.0011,0.0380557761860399));
#5528=CARTESIAN_POINT('',(-0.0073355383347377,2.16840434497101E-19,0.0380557761860399));
#5529=CARTESIAN_POINT('',(-0.00697273495774283,0.0011,0.038511904724762));
#5530=CARTESIAN_POINT('',(-0.00697273495774283,-6.50521303491303E-19,0.038511904724762));
#5531=CARTESIAN_POINT('',(-0.00644733384826829,0.0011,0.0390720753238185));
#5532=CARTESIAN_POINT('',(-0.00644733384826829,0.,0.0390720753238185));
#5533=CARTESIAN_POINT('',(-0.00571996034782133,0.0011,0.0396832258106781));
#5534=CARTESIAN_POINT('',(-0.00571996034782133,2.16840434497101E-19,0.0396832258106781));
#5535=CARTESIAN_POINT('',(-0.00470198473081416,0.0011,0.0402418493658199));
#5536=CARTESIAN_POINT('',(-0.00470198473081416,-1.0842021724855E-18,0.0402418493658199));
#5537=CARTESIAN_POINT('',(-0.00356909380291231,0.0011,0.0406259523205992));
#5538=CARTESIAN_POINT('',(-0.00356909380291231,-2.16840434497101E-19,0.0406259523205992));
#5539=CARTESIAN_POINT('',(-0.00203754764489786,0.0011,0.0407716261608948));
#5540=CARTESIAN_POINT('',(-0.00203754764489786,4.33680868994202E-19,0.0407716261608948));
#5541=CARTESIAN_POINT('',(-0.000833408070720774,0.0011,0.0405035695725804));
#5542=CARTESIAN_POINT('',(-0.000833408070720774,-2.16840434497101E-19,0.0405035695725804));
#5543=CARTESIAN_POINT('',(-0.000313545013492685,0.0011,0.0402980661090008));
#5544=CARTESIAN_POINT('',(-0.000313545013492685,-2.16840434497101E-19,0.0402980661090008));
#5545=CARTESIAN_POINT('',(-0.000313545013492904,0.0011,0.0402980661090008));
#5546=CARTESIAN_POINT('',(-0.0003135450134928,0.0011,0.0402980661090009));
#5547=CARTESIAN_POINT('',(-0.0003135450134928,0.,0.0402980661090009));
#5548=CARTESIAN_POINT('',(0.000126275956894797,0.0011,0.0404713368167343));
#5549=CARTESIAN_POINT('',(0.000126275956894797,0.,0.0404713368167343));
#5550=CARTESIAN_POINT('',(0.000997999326669779,0.0011,0.0406839804601765));
#5551=CARTESIAN_POINT('',(0.000997999326669779,-2.16840434497101E-19,0.0406839804601765));
#5552=CARTESIAN_POINT('',(0.00246277906135287,0.0011,0.0407096707546784));
#5553=CARTESIAN_POINT('',(0.00246277906135287,-6.50521303491303E-19,0.0407096707546784));
#5554=CARTESIAN_POINT('',(0.00359462328963535,0.0011,0.0404172655244673));
#5555=CARTESIAN_POINT('',(0.00359462328963535,8.67361737988404E-19,0.0404172655244673));
#5556=CARTESIAN_POINT('',(0.00441986059875085,0.0011,0.0400589370214923));
#5557=CARTESIAN_POINT('',(0.00441986059875085,-4.33680868994202E-19,0.0400589370214923));
#5558=CARTESIAN_POINT('',(0.00496641381445705,0.0011,0.0397424313774405));
#5559=CARTESIAN_POINT('',(0.00496641381445705,4.33680868994202E-19,0.0397424313774405));
#5560=CARTESIAN_POINT('',(0.00539418178627878,0.0011,0.0394514840717704));
#5561=CARTESIAN_POINT('',(0.00539418178627878,0.,0.0394514840717704));
#5562=CARTESIAN_POINT('',(0.00586122131222042,0.0011,0.0390912845440005));
#5563=CARTESIAN_POINT('',(0.00586122131222042,2.16840434497101E-19,0.0390912845440005));
#5564=CARTESIAN_POINT('',(0.00634848172371385,0.0011,0.0386583199348443));
#5565=CARTESIAN_POINT('',(0.00634848172371385,-2.16840434497101E-19,0.0386583199348443));
#5566=CARTESIAN_POINT('',(0.00686929649140459,0.0011,0.0381299947396181));
#5567=CARTESIAN_POINT('',(0.00686929649140459,4.33680868994202E-19,0.0381299947396181));
#5568=CARTESIAN_POINT('',(0.00753515505934023,0.0011,0.0373650227298628));
#5569=CARTESIAN_POINT('',(0.00753515505934023,-2.16840434497101E-19,0.0373650227298628));
#5570=CARTESIAN_POINT('',(0.00797302923311252,0.0011,0.0367491182320816));
#5571=CARTESIAN_POINT('',(0.00797302923311252,0.,0.0367491182320816));
#5572=CARTESIAN_POINT('',(0.00822977669644376,0.0011,0.0363404533278886));
#5573=CARTESIAN_POINT('',(0.00822977669644376,0.,0.0363404533278886));
#5574=CARTESIAN_POINT('',(0.00822977669644387,0.0011,0.0363404533278885));
#5575=CARTESIAN_POINT('',(0.00923240226327083,0.0011,0.0305765050237986));
#5576=CARTESIAN_POINT('',(0.0122940921400421,0.0011,0.0355610607796482));
#5577=CARTESIAN_POINT('',(0.0105576909787447,0.0011,0.0302623705462958));
#5578=CARTESIAN_POINT('',(-0.010020170350983,-0.0127,-0.00903821637620229));
#5579=CARTESIAN_POINT('',(-0.010020170350983,0.,-0.00903821637620229));
#5580=CARTESIAN_POINT('',(-0.0111589053045156,-0.0127,-0.00865718346922318));
#5581=CARTESIAN_POINT('',(-0.0111589053045156,0.,-0.00865718346922318));
#5582=CARTESIAN_POINT('',(-0.0122508643449393,-0.0127,-0.00808043575704753));
#5583=CARTESIAN_POINT('',(-0.0122508643449393,0.,-0.00808043575704753));
#5584=CARTESIAN_POINT('',(-0.0130971137600738,-0.0127,-0.0074103642244802));
#5585=CARTESIAN_POINT('',(-0.0130971137600738,0.,-0.0074103642244802));
#5586=CARTESIAN_POINT('',(-0.0136970145879212,-0.0127,-0.00673808483728236));
#5587=CARTESIAN_POINT('',(-0.0136970145879212,0.,-0.00673808483728236));
#5588=CARTESIAN_POINT('',(-0.0140931101187125,-0.0127,-0.00616079523531093));
#5589=CARTESIAN_POINT('',(-0.0140931101187125,0.,-0.00616079523531093));
#5590=CARTESIAN_POINT('',(-0.0143622056756646,-0.0127,-0.00561809162514567));
#5591=CARTESIAN_POINT('',(-0.0143622056756646,0.,-0.00561809162514567));
#5592=CARTESIAN_POINT('',(-0.0145302358378278,-0.0127,-0.00515024372088267));
#5593=CARTESIAN_POINT('',(-0.0145302358378278,0.,-0.00515024372088267));
#5594=CARTESIAN_POINT('',(-0.0146623232440261,-0.0127,-0.00466288395678645));
#5595=CARTESIAN_POINT('',(-0.0146623232440261,0.,-0.00466288395678645));
#5596=CARTESIAN_POINT('',(-0.01475206960314,-0.0127,-0.00406602816131258));
#5597=CARTESIAN_POINT('',(-0.01475206960314,0.,-0.00406602816131258));
#5598=CARTESIAN_POINT('',(-0.0147690623814262,-0.0127,-0.00337173445546346));
#5599=CARTESIAN_POINT('',(-0.0147690623814262,0.,-0.00337173445546346));
#5600=CARTESIAN_POINT('',(-0.0147150843960531,-0.0127,-0.00270349265352047));
#5601=CARTESIAN_POINT('',(-0.0147150843960531,0.,-0.00270349265352047));
#5602=CARTESIAN_POINT('',(-0.014568749977141,-0.0127,-0.00184638163884609));
#5603=CARTESIAN_POINT('',(-0.014568749977141,0.,-0.00184638163884609));
#5604=CARTESIAN_POINT('',(-0.0143338813265759,-0.0127,-0.00104022801097872));
#5605=CARTESIAN_POINT('',(-0.0143338813265759,0.,-0.00104022801097872));
#5606=CARTESIAN_POINT('',(-0.0140409212153795,-0.0127,-0.000289814493954396));
#5607=CARTESIAN_POINT('',(-0.0140409212153795,0.,-0.000289814493954396));
#5608=CARTESIAN_POINT('',(-0.0137978460410523,-0.0127,0.000241059459975349));
#5609=CARTESIAN_POINT('',(-0.0137978460410523,0.,0.000241059459975349));
#5610=CARTESIAN_POINT('',(-0.0135333170918334,-0.0127,0.000743751883875593));
#5611=CARTESIAN_POINT('',(-0.0135333170918334,0.,0.000743751883875593));
#5612=CARTESIAN_POINT('',(-0.0131334457628114,-0.0127,0.00139653630142831));
#5613=CARTESIAN_POINT('',(-0.0131334457628114,0.,0.00139653630142831));
#5614=CARTESIAN_POINT('',(-0.0125310193452503,-0.0127,0.00216460709730004));
#5615=CARTESIAN_POINT('',(-0.0125310193452503,0.,0.00216460709730004));
#5616=CARTESIAN_POINT('',(-0.0117586798902903,-0.0127,0.00282270399662538));
#5617=CARTESIAN_POINT('',(-0.0117586798902903,0.,0.00282270399662538));
#5618=CARTESIAN_POINT('',(-0.0110515031408431,-0.0127,0.00324516593047387));
#5619=CARTESIAN_POINT('',(-0.0110515031408431,0.,0.00324516593047387));
#5620=CARTESIAN_POINT('',(-0.010295527052848,-0.0127,0.00359082079617436));
#5621=CARTESIAN_POINT('',(-0.010295527052848,0.,0.00359082079617436));
#5622=CARTESIAN_POINT('',(-0.00931345448621933,-0.0127,0.00387231964828281));
#5623=CARTESIAN_POINT('',(-0.00931345448621933,0.,0.00387231964828281));
#5624=CARTESIAN_POINT('',(-0.00809147714452827,-0.0127,0.00400788300142807));
#5625=CARTESIAN_POINT('',(-0.00809147714452827,0.,0.00400788300142807));
#5626=CARTESIAN_POINT('',(-0.00685004188926083,-0.0127,0.00393827087280198));
#5627=CARTESIAN_POINT('',(-0.00685004188926083,0.,0.00393827087280198));
#5628=CARTESIAN_POINT('',(-0.00560289334539521,-0.0127,0.00362816354306966));
#5629=CARTESIAN_POINT('',(-0.00560289334539521,0.,0.00362816354306966));
#5630=CARTESIAN_POINT('',(-0.00442767427969207,-0.0127,0.00303076988878273));
#5631=CARTESIAN_POINT('',(-0.00442767427969207,0.,0.00303076988878273));
#5632=CARTESIAN_POINT('',(-0.00341091384715078,-0.0127,0.00214389492940115));
#5633=CARTESIAN_POINT('',(-0.00341091384715078,0.,0.00214389492940115));
#5634=CARTESIAN_POINT('',(-0.00275631373531296,-0.0127,0.00120747046397409));
#5635=CARTESIAN_POINT('',(-0.00275631373531296,0.,0.00120747046397409));
#5636=CARTESIAN_POINT('',(-0.00235551365968946,-0.0127,0.000366367468551269));
#5637=CARTESIAN_POINT('',(-0.00235551365968946,0.,0.000366367468551269));
#5638=CARTESIAN_POINT('',(-0.00203960138830866,-0.0127,-0.00051340440786287));
#5639=CARTESIAN_POINT('',(-0.00203960138830866,0.,-0.00051340440786287));
#5640=CARTESIAN_POINT('',(-0.00178534538609247,-0.0127,-0.00166291178283145));
#5641=CARTESIAN_POINT('',(-0.00178534538609247,0.,-0.00166291178283145));
#5642=CARTESIAN_POINT('',(-0.00168534868423105,-0.0127,-0.00309428321275082));
#5643=CARTESIAN_POINT('',(-0.00168534868423105,0.,-0.00309428321275082));
#5644=CARTESIAN_POINT('',(-0.00178941936826829,-0.0127,-0.00429780463831781));
#5645=CARTESIAN_POINT('',(-0.00178941936826829,0.,-0.00429780463831781));
#5646=CARTESIAN_POINT('',(-0.00201805914801703,-0.0127,-0.00525350809561829));
#5647=CARTESIAN_POINT('',(-0.00201805914801703,0.,-0.00525350809561829));
#5648=CARTESIAN_POINT('',(-0.00223434750493502,-0.0127,-0.00584312321049928));
#5649=CARTESIAN_POINT('',(-0.00223434750493502,0.,-0.00584312321049928));
#5650=CARTESIAN_POINT('',(-0.00246563588237855,-0.0127,-0.00630972253405576));
#5651=CARTESIAN_POINT('',(-0.00246563588237855,0.,-0.00630972253405576));
#5652=CARTESIAN_POINT('',(-0.00273005531444585,-0.0127,-0.00675248494963627));
#5653=CARTESIAN_POINT('',(-0.00273005531444585,0.,-0.00675248494963627));
#5654=CARTESIAN_POINT('',(-0.00311321403652807,-0.0127,-0.00725174618920588));
#5655=CARTESIAN_POINT('',(-0.00311321403652807,0.,-0.00725174618920588));
#5656=CARTESIAN_POINT('',(-0.00363556906185394,-0.0127,-0.00775704775553958));
#5657=CARTESIAN_POINT('',(-0.00363556906185394,0.,-0.00775704775553958));
#5658=CARTESIAN_POINT('',(-0.00438447212098517,-0.0127,-0.00830663470608549));
#5659=CARTESIAN_POINT('',(-0.00438447212098517,0.,-0.00830663470608549));
#5660=CARTESIAN_POINT('',(-0.00517224628708768,-0.0127,-0.00868605525638105));
#5661=CARTESIAN_POINT('',(-0.00517224628708768,0.,-0.00868605525638105));
#5662=CARTESIAN_POINT('',(-0.00595520439073987,-0.0127,-0.00893998170141548));
#5663=CARTESIAN_POINT('',(-0.00595520439073987,0.,-0.00893998170141548));
#5664=CARTESIAN_POINT('',(-0.00653346384406882,-0.0127,-0.00907726672242699));
#5665=CARTESIAN_POINT('',(-0.00653346384406882,0.,-0.00907726672242699));
#5666=CARTESIAN_POINT('',(-0.0071041127879311,-0.0127,-0.00917164366413335));
#5667=CARTESIAN_POINT('',(-0.0071041127879311,0.,-0.00917164366413335));
#5668=CARTESIAN_POINT('',(-0.00787759717409614,-0.0127,-0.00924485630612469));
#5669=CARTESIAN_POINT('',(-0.00787759717409614,0.,-0.00924485630612469));
#5670=CARTESIAN_POINT('',(-0.00885238485451366,-0.0127,-0.00923177107258993));
#5671=CARTESIAN_POINT('',(-0.00885238485451366,0.,-0.00923177107258993));
#5672=CARTESIAN_POINT('',(-0.010020170350983,-0.0127,-0.00903821637620229));
#5673=CARTESIAN_POINT('',(-0.010020170350983,0.,-0.00903821637620229));
#5674=CARTESIAN_POINT('',(-0.0111589053045156,-0.0127,-0.00865718346922318));
#5675=CARTESIAN_POINT('',(-0.0111589053045156,0.,-0.00865718346922318));
#5676=CARTESIAN_POINT('',(-0.0122508643449393,-0.0127,-0.00808043575704753));
#5677=CARTESIAN_POINT('',(-0.0122508643449393,0.,-0.00808043575704753));
#5678=CARTESIAN_POINT('',(-0.010020170350983,-0.0127,-0.00903821637620229));
#5679=CARTESIAN_POINT('',(-0.0111589053045156,-0.0127,-0.00865718346922318));
#5680=CARTESIAN_POINT('',(-0.0122508643449393,-0.0127,-0.00808043575704753));
#5681=CARTESIAN_POINT('',(-0.0130971137600738,-0.0127,-0.0074103642244802));
#5682=CARTESIAN_POINT('',(-0.0136970145879212,-0.0127,-0.00673808483728236));
#5683=CARTESIAN_POINT('',(-0.0140931101187125,-0.0127,-0.00616079523531093));
#5684=CARTESIAN_POINT('',(-0.0143622056756646,-0.0127,-0.00561809162514567));
#5685=CARTESIAN_POINT('',(-0.0145302358378278,-0.0127,-0.00515024372088267));
#5686=CARTESIAN_POINT('',(-0.0146623232440261,-0.0127,-0.00466288395678645));
#5687=CARTESIAN_POINT('',(-0.01475206960314,-0.0127,-0.00406602816131258));
#5688=CARTESIAN_POINT('',(-0.0147690623814262,-0.0127,-0.00337173445546346));
#5689=CARTESIAN_POINT('',(-0.0147150843960531,-0.0127,-0.00270349265352047));
#5690=CARTESIAN_POINT('',(-0.014568749977141,-0.0127,-0.00184638163884609));
#5691=CARTESIAN_POINT('',(-0.0143338813265759,-0.0127,-0.00104022801097872));
#5692=CARTESIAN_POINT('',(-0.0140409212153795,-0.0127,-0.000289814493954396));
#5693=CARTESIAN_POINT('',(-0.0137978460410523,-0.0127,0.000241059459975349));
#5694=CARTESIAN_POINT('',(-0.0135333170918334,-0.0127,0.000743751883875593));
#5695=CARTESIAN_POINT('',(-0.0131334457628114,-0.0127,0.00139653630142831));
#5696=CARTESIAN_POINT('',(-0.0125310193452503,-0.0127,0.00216460709730004));
#5697=CARTESIAN_POINT('',(-0.0117586798902903,-0.0127,0.00282270399662538));
#5698=CARTESIAN_POINT('',(-0.0110515031408431,-0.0127,0.00324516593047387));
#5699=CARTESIAN_POINT('',(-0.010295527052848,-0.0127,0.00359082079617436));
#5700=CARTESIAN_POINT('',(-0.00931345448621933,-0.0127,0.00387231964828281));
#5701=CARTESIAN_POINT('',(-0.00809147714452827,-0.0127,0.00400788300142807));
#5702=CARTESIAN_POINT('',(-0.00685004188926083,-0.0127,0.00393827087280198));
#5703=CARTESIAN_POINT('',(-0.00560289334539521,-0.0127,0.00362816354306966));
#5704=CARTESIAN_POINT('',(-0.00442767427969207,-0.0127,0.00303076988878273));
#5705=CARTESIAN_POINT('',(-0.00341091384715078,-0.0127,0.00214389492940115));
#5706=CARTESIAN_POINT('',(-0.00275631373531296,-0.0127,0.00120747046397409));
#5707=CARTESIAN_POINT('',(-0.00235551365968946,-0.0127,0.000366367468551269));
#5708=CARTESIAN_POINT('',(-0.00203960138830866,-0.0127,-0.00051340440786287));
#5709=CARTESIAN_POINT('',(-0.00178534538609247,-0.0127,-0.00166291178283145));
#5710=CARTESIAN_POINT('',(-0.00168534868423105,-0.0127,-0.00309428321275082));
#5711=CARTESIAN_POINT('',(-0.00178941936826829,-0.0127,-0.00429780463831781));
#5712=CARTESIAN_POINT('',(-0.00201805914801703,-0.0127,-0.00525350809561829));
#5713=CARTESIAN_POINT('',(-0.00223434750493502,-0.0127,-0.00584312321049928));
#5714=CARTESIAN_POINT('',(-0.00246563588237855,-0.0127,-0.00630972253405576));
#5715=CARTESIAN_POINT('',(-0.00273005531444585,-0.0127,-0.00675248494963627));
#5716=CARTESIAN_POINT('',(-0.00311321403652807,-0.0127,-0.00725174618920588));
#5717=CARTESIAN_POINT('',(-0.00363556906185394,-0.0127,-0.00775704775553958));
#5718=CARTESIAN_POINT('',(-0.00438447212098517,-0.0127,-0.00830663470608549));
#5719=CARTESIAN_POINT('',(-0.00517224628708768,-0.0127,-0.00868605525638105));
#5720=CARTESIAN_POINT('',(-0.00595520439073987,-0.0127,-0.00893998170141548));
#5721=CARTESIAN_POINT('',(-0.00653346384406882,-0.0127,-0.00907726672242699));
#5722=CARTESIAN_POINT('',(-0.0071041127879311,-0.0127,-0.00917164366413335));
#5723=CARTESIAN_POINT('',(-0.00787759717409614,-0.0127,-0.00924485630612469));
#5724=CARTESIAN_POINT('',(-0.00885238485451366,-0.0127,-0.00923177107258993));
#5725=CARTESIAN_POINT('',(-0.010020170350983,-0.0127,-0.00903821637620229));
#5726=CARTESIAN_POINT('',(-0.0111589053045156,-0.0127,-0.00865718346922318));
#5727=CARTESIAN_POINT('',(-0.0122508643449393,-0.0127,-0.00808043575704753));
#5728=CARTESIAN_POINT('',(-0.0111511093189974,-0.0127,-0.00862456433502376));
#5729=CARTESIAN_POINT('',(-0.00561488159175562,-0.0127,0.00358028248897723));
#5730=CARTESIAN_POINT('',(0.00186557527378429,-0.0127,-0.00573922994481164));
#5731=CARTESIAN_POINT('',(0.00186557527378429,-6.93889390390723E-18,-0.00573922994481164));
#5732=CARTESIAN_POINT('',(0.0016970012026683,-0.0127,-0.005242901345187));
#5733=CARTESIAN_POINT('',(0.0016970012026683,-6.93889390390723E-18,-0.005242901345187));
#5734=CARTESIAN_POINT('',(0.00155644934390644,-0.0127,-0.00472303506354218));
#5735=CARTESIAN_POINT('',(0.00155644934390644,-6.93889390390723E-18,-0.00472303506354218));
#5736=CARTESIAN_POINT('',(0.00144027813104834,-0.0127,-0.00416137431722136));
#5737=CARTESIAN_POINT('',(0.00144027813104834,-6.93889390390723E-18,-0.00416137431722136));
#5738=CARTESIAN_POINT('',(0.00135567287583206,-0.0127,-0.0035665982922814));
#5739=CARTESIAN_POINT('',(0.00135567287583206,-6.93889390390723E-18,-0.0035665982922814));
#5740=CARTESIAN_POINT('',(0.00131022260190688,-0.0127,-0.002941394587205));
#5741=CARTESIAN_POINT('',(0.00131022260190688,-6.93889390390723E-18,-0.002941394587205));
#5742=CARTESIAN_POINT('',(0.00131500844146662,-0.0127,-0.00228895632805836));
#5743=CARTESIAN_POINT('',(0.00131500844146662,-6.93889390390723E-18,-0.00228895632805836));
#5744=CARTESIAN_POINT('',(0.0013735749911555,-0.0127,-0.00172437282645617));
#5745=CARTESIAN_POINT('',(0.0013735749911555,-6.93889390390723E-18,-0.00172437282645617));
#5746=CARTESIAN_POINT('',(0.00146515485049733,-0.0127,-0.00125920684515252));
#5747=CARTESIAN_POINT('',(0.00146515485049733,-6.93889390390723E-18,-0.00125920684515252));
#5748=CARTESIAN_POINT('',(0.00159142305079148,-0.0127,-0.000791138233855423));
#5749=CARTESIAN_POINT('',(0.00159142305079148,-6.93889390390723E-18,-0.000791138233855423));
#5750=CARTESIAN_POINT('',(0.00180229609241489,-0.0127,-0.000245922869816293));
#5751=CARTESIAN_POINT('',(0.00180229609241489,-6.93889390390723E-18,-0.000245922869816293));
#5752=CARTESIAN_POINT('',(0.00212299791879483,-0.0127,0.000345200589012274));
#5753=CARTESIAN_POINT('',(0.00212299791879483,-6.93889390390723E-18,0.000345200589012274));
#5754=CARTESIAN_POINT('',(0.00261280987668731,-0.0127,0.00104320870038299));
#5755=CARTESIAN_POINT('',(0.00261280987668731,-6.93889390390723E-18,0.00104320870038299));
#5756=CARTESIAN_POINT('',(0.0030901457691532,-0.0127,0.00154501121621781));
#5757=CARTESIAN_POINT('',(0.0030901457691532,-6.93889390390723E-18,0.00154501121621781));
#5758=CARTESIAN_POINT('',(0.00350441451461683,-0.0127,0.00191916109638984));
#5759=CARTESIAN_POINT('',(0.00350441451461683,-6.93889390390723E-18,0.00191916109638984));
#5760=CARTESIAN_POINT('',(0.00377936118536463,-0.0127,0.00215407798601233));
#5761=CARTESIAN_POINT('',(0.00377936118536463,-6.93889390390723E-18,0.00215407798601233));
#5762=CARTESIAN_POINT('',(0.00414013088960542,-0.0127,0.00243921020438184));
#5763=CARTESIAN_POINT('',(0.00414013088960542,-6.93889390390723E-18,0.00243921020438184));
#5764=CARTESIAN_POINT('',(0.00460097891866297,-0.0127,0.00276265923408281));
#5765=CARTESIAN_POINT('',(0.00460097891866297,-6.93889390390723E-18,0.00276265923408281));
#5766=CARTESIAN_POINT('',(0.00525391417719099,-0.0127,0.00316280054711706));
#5767=CARTESIAN_POINT('',(0.00525391417719099,-6.93889390390723E-18,0.00316280054711706));
#5768=CARTESIAN_POINT('',(0.00614584273135127,-0.0127,0.00359125133954276));
#5769=CARTESIAN_POINT('',(0.00614584273135127,-6.93889390390723E-18,0.00359125133954276));
#5770=CARTESIAN_POINT('',(0.00734173586557316,-0.0127,0.00393486973894598));
#5771=CARTESIAN_POINT('',(0.00734173586557316,-6.93889390390723E-18,0.00393486973894598));
#5772=CARTESIAN_POINT('',(0.0086724636726513,-0.0127,0.00403188157969782));
#5773=CARTESIAN_POINT('',(0.0086724636726513,-6.93889390390723E-18,0.00403188157969782));
#5774=CARTESIAN_POINT('',(0.00985754492424559,-0.0127,0.00380336237107407));
#5775=CARTESIAN_POINT('',(0.00985754492424559,-6.93889390390723E-18,0.00380336237107407));
#5776=CARTESIAN_POINT('',(0.0106615096006621,-0.0127,0.00344178122860321));
#5777=CARTESIAN_POINT('',(0.0106615096006621,-6.93889390390723E-18,0.00344178122860321));
#5778=CARTESIAN_POINT('',(0.0111032541269687,-0.0127,0.00317701441224577));
#5779=CARTESIAN_POINT('',(0.0111032541269687,-6.93889390390723E-18,0.00317701441224577));
#5780=CARTESIAN_POINT('',(0.0115176533593432,-0.0127,0.0028841470552576));
#5781=CARTESIAN_POINT('',(0.0115176533593432,-6.93889390390723E-18,0.0028841470552576));
#5782=CARTESIAN_POINT('',(0.0119886365027148,-0.0127,0.00247257425579648));
#5783=CARTESIAN_POINT('',(0.0119886365027148,-6.93889390390723E-18,0.00247257425579648));
#5784=CARTESIAN_POINT('',(0.0126533097036121,-0.0127,0.00173449842999112));
#5785=CARTESIAN_POINT('',(0.0126533097036121,-6.93889390390723E-18,0.00173449842999112));
#5786=CARTESIAN_POINT('',(0.0133322703351668,-0.0127,0.000682319069737697));
#5787=CARTESIAN_POINT('',(0.0133322703351668,-6.93889390390723E-18,0.000682319069737697));
#5788=CARTESIAN_POINT('',(0.0138090563818287,-0.0127,-0.000505342616494376));
#5789=CARTESIAN_POINT('',(0.0138090563818287,-6.93889390390723E-18,-0.000505342616494376));
#5790=CARTESIAN_POINT('',(0.0140489462273585,-0.0127,-0.00153023469921433));
#5791=CARTESIAN_POINT('',(0.0140489462273585,-6.93889390390723E-18,-0.00153023469921433));
#5792=CARTESIAN_POINT('',(0.0141777322872369,-0.0127,-0.00257038669327748));
#5793=CARTESIAN_POINT('',(0.0141777322872369,-6.93889390390723E-18,-0.00257038669327748));
#5794=CARTESIAN_POINT('',(0.0141461670018757,-0.0127,-0.00384228302151404));
#5795=CARTESIAN_POINT('',(0.0141461670018757,-6.93889390390723E-18,-0.00384228302151404));
#5796=CARTESIAN_POINT('',(0.0138960794203047,-0.0127,-0.00505142255118425));
#5797=CARTESIAN_POINT('',(0.0138960794203047,-6.93889390390723E-18,-0.00505142255118425));
#5798=CARTESIAN_POINT('',(0.0135673573125775,-0.0127,-0.00596319274785708));
#5799=CARTESIAN_POINT('',(0.0135673573125775,-6.93889390390723E-18,-0.00596319274785708));
#5800=CARTESIAN_POINT('',(0.0132537615029175,-0.0127,-0.00661400705010587));
#5801=CARTESIAN_POINT('',(0.0132537615029175,-6.93889390390723E-18,-0.00661400705010587));
#5802=CARTESIAN_POINT('',(0.0128591697159807,-0.0127,-0.00723297468145797));
#5803=CARTESIAN_POINT('',(0.0128591697159807,-6.93889390390723E-18,-0.00723297468145797));
#5804=CARTESIAN_POINT('',(0.0122411729625308,-0.0127,-0.00796440960618919));
#5805=CARTESIAN_POINT('',(0.0122411729625308,-6.93889390390723E-18,-0.00796440960618919));
#5806=CARTESIAN_POINT('',(0.0113412785929265,-0.0127,-0.00867060663271946));
#5807=CARTESIAN_POINT('',(0.0113412785929265,-6.93889390390723E-18,-0.00867060663271946));
#5808=CARTESIAN_POINT('',(0.0104843940755647,-0.0127,-0.00906452692400071));
#5809=CARTESIAN_POINT('',(0.0104843940755647,-6.93889390390723E-18,-0.00906452692400071));
#5810=CARTESIAN_POINT('',(0.00992194126310692,-0.0127,-0.00925352936296723));
#5811=CARTESIAN_POINT('',(0.00992194126310692,-6.93889390390723E-18,-0.00925352936296723));
#5812=CARTESIAN_POINT('',(0.00955188576015891,-0.0127,-0.00936146771478976));
#5813=CARTESIAN_POINT('',(0.00955188576015891,-6.93889390390723E-18,-0.00936146771478976));
#5814=CARTESIAN_POINT('',(0.0090780275953152,-0.0127,-0.00947087658707073));
#5815=CARTESIAN_POINT('',(0.0090780275953152,-6.93889390390723E-18,-0.00947087658707073));
#5816=CARTESIAN_POINT('',(0.00849102592140135,-0.0127,-0.00955778903276708));
#5817=CARTESIAN_POINT('',(0.00849102592140135,-6.93889390390723E-18,-0.00955778903276708));
#5818=CARTESIAN_POINT('',(0.00788832091633367,-0.0127,-0.0095957604383499));
#5819=CARTESIAN_POINT('',(0.00788832091633367,-6.93889390390723E-18,-0.0095957604383499));
#5820=CARTESIAN_POINT('',(0.0072726169734669,-0.0127,-0.00957939053941759));
#5821=CARTESIAN_POINT('',(0.0072726169734669,-6.93889390390723E-18,-0.00957939053941759));
#5822=CARTESIAN_POINT('',(0.00675166502816834,-0.0127,-0.00951520407399501));
#5823=CARTESIAN_POINT('',(0.00675166502816834,-6.93889390390723E-18,-0.00951520407399501));
#5824=CARTESIAN_POINT('',(0.00633351600770879,-0.0127,-0.00943035875180846));
#5825=CARTESIAN_POINT('',(0.00633351600770879,-6.93889390390723E-18,-0.00943035875180846));
#5826=CARTESIAN_POINT('',(0.00601864659078917,-0.0127,-0.00934873603968874));
#5827=CARTESIAN_POINT('',(0.00601864659078917,-6.93889390390723E-18,-0.00934873603968874));
#5828=CARTESIAN_POINT('',(0.00570951447242871,-0.0127,-0.00925003582526385));
#5829=CARTESIAN_POINT('',(0.00570951447242871,-6.93889390390723E-18,-0.00925003582526385));
#5830=CARTESIAN_POINT('',(0.00531488118403341,-0.0127,-0.00910110033813443));
#5831=CARTESIAN_POINT('',(0.00531488118403341,-6.93889390390723E-18,-0.00910110033813443));
#5832=CARTESIAN_POINT('',(0.00484915846465351,-0.0127,-0.00888538458279301));
#5833=CARTESIAN_POINT('',(0.00484915846465351,-6.93889390390723E-18,-0.00888538458279301));
#5834=CARTESIAN_POINT('',(0.00416247826369251,-0.0127,-0.00849208741821467));
#5835=CARTESIAN_POINT('',(0.00416247826369251,-6.93889390390723E-18,-0.00849208741821467));
#5836=CARTESIAN_POINT('',(0.00355861320057108,-0.0127,-0.00804185817169752));
#5837=CARTESIAN_POINT('',(0.00355861320057108,-6.93889390390723E-18,-0.00804185817169752));
#5838=CARTESIAN_POINT('',(0.00303928844806772,-0.0127,-0.0075552044907979));
#5839=CARTESIAN_POINT('',(0.00303928844806772,-6.93889390390723E-18,-0.0075552044907979));
#5840=CARTESIAN_POINT('',(0.00268094189253041,-0.0127,-0.00715810698384795));
#5841=CARTESIAN_POINT('',(0.00268094189253041,-6.93889390390723E-18,-0.00715810698384795));
#5842=CARTESIAN_POINT('',(0.00235596008193705,-0.0127,-0.0067130473499825));
#5843=CARTESIAN_POINT('',(0.00235596008193705,-6.93889390390723E-18,-0.0067130473499825));
#5844=CARTESIAN_POINT('',(0.00208288162783969,-0.0127,-0.00623454026588063));
#5845=CARTESIAN_POINT('',(0.00208288162783969,-6.93889390390723E-18,-0.00623454026588063));
#5846=CARTESIAN_POINT('',(0.00186557527378429,-0.0127,-0.00573922994481164));
#5847=CARTESIAN_POINT('',(0.00186557527378429,-6.93889390390723E-18,-0.00573922994481164));
#5848=CARTESIAN_POINT('',(0.0016970012026683,-0.0127,-0.005242901345187));
#5849=CARTESIAN_POINT('',(0.0016970012026683,-6.93889390390723E-18,-0.005242901345187));
#5850=CARTESIAN_POINT('',(0.00155644934390644,-0.0127,-0.00472303506354218));
#5851=CARTESIAN_POINT('',(0.00155644934390644,-6.93889390390723E-18,-0.00472303506354218));
#5852=CARTESIAN_POINT('',(0.00186557527378429,-0.0127,-0.00573922994481164));
#5853=CARTESIAN_POINT('',(0.0016970012026683,-0.0127,-0.005242901345187));
#5854=CARTESIAN_POINT('',(0.00155644934390644,-0.0127,-0.00472303506354218));
#5855=CARTESIAN_POINT('',(0.00144027813104834,-0.0127,-0.00416137431722136));
#5856=CARTESIAN_POINT('',(0.00135567287583206,-0.0127,-0.0035665982922814));
#5857=CARTESIAN_POINT('',(0.00131022260190688,-0.0127,-0.002941394587205));
#5858=CARTESIAN_POINT('',(0.00131500844146662,-0.0127,-0.00228895632805836));
#5859=CARTESIAN_POINT('',(0.0013735749911555,-0.0127,-0.00172437282645617));
#5860=CARTESIAN_POINT('',(0.00146515485049733,-0.0127,-0.00125920684515252));
#5861=CARTESIAN_POINT('',(0.00159142305079148,-0.0127,-0.000791138233855423));
#5862=CARTESIAN_POINT('',(0.00180229609241489,-0.0127,-0.000245922869816293));
#5863=CARTESIAN_POINT('',(0.00212299791879483,-0.0127,0.000345200589012274));
#5864=CARTESIAN_POINT('',(0.00261280987668731,-0.0127,0.00104320870038299));
#5865=CARTESIAN_POINT('',(0.0030901457691532,-0.0127,0.00154501121621781));
#5866=CARTESIAN_POINT('',(0.00350441451461683,-0.0127,0.00191916109638984));
#5867=CARTESIAN_POINT('',(0.00377936118536463,-0.0127,0.00215407798601233));
#5868=CARTESIAN_POINT('',(0.00414013088960542,-0.0127,0.00243921020438184));
#5869=CARTESIAN_POINT('',(0.00460097891866297,-0.0127,0.00276265923408281));
#5870=CARTESIAN_POINT('',(0.00525391417719099,-0.0127,0.00316280054711706));
#5871=CARTESIAN_POINT('',(0.00614584273135127,-0.0127,0.00359125133954276));
#5872=CARTESIAN_POINT('',(0.00734173586557316,-0.0127,0.00393486973894598));
#5873=CARTESIAN_POINT('',(0.0086724636726513,-0.0127,0.00403188157969782));
#5874=CARTESIAN_POINT('',(0.00985754492424559,-0.0127,0.00380336237107407));
#5875=CARTESIAN_POINT('',(0.0106615096006621,-0.0127,0.00344178122860321));
#5876=CARTESIAN_POINT('',(0.0111032541269687,-0.0127,0.00317701441224577));
#5877=CARTESIAN_POINT('',(0.0115176533593432,-0.0127,0.0028841470552576));
#5878=CARTESIAN_POINT('',(0.0119886365027148,-0.0127,0.00247257425579648));
#5879=CARTESIAN_POINT('',(0.0126533097036121,-0.0127,0.00173449842999112));
#5880=CARTESIAN_POINT('',(0.0133322703351668,-0.0127,0.000682319069737697));
#5881=CARTESIAN_POINT('',(0.0138090563818287,-0.0127,-0.000505342616494376));
#5882=CARTESIAN_POINT('',(0.0140489462273585,-0.0127,-0.00153023469921433));
#5883=CARTESIAN_POINT('',(0.0141777322872369,-0.0127,-0.00257038669327748));
#5884=CARTESIAN_POINT('',(0.0141461670018757,-0.0127,-0.00384228302151404));
#5885=CARTESIAN_POINT('',(0.0138960794203047,-0.0127,-0.00505142255118425));
#5886=CARTESIAN_POINT('',(0.0135673573125775,-0.0127,-0.00596319274785708));
#5887=CARTESIAN_POINT('',(0.0132537615029175,-0.0127,-0.00661400705010587));
#5888=CARTESIAN_POINT('',(0.0128591697159807,-0.0127,-0.00723297468145797));
#5889=CARTESIAN_POINT('',(0.0122411729625308,-0.0127,-0.00796440960618919));
#5890=CARTESIAN_POINT('',(0.0113412785929265,-0.0127,-0.00867060663271946));
#5891=CARTESIAN_POINT('',(0.0104843940755647,-0.0127,-0.00906452692400071));
#5892=CARTESIAN_POINT('',(0.00992194126310692,-0.0127,-0.00925352936296723));
#5893=CARTESIAN_POINT('',(0.00955188576015891,-0.0127,-0.00936146771478976));
#5894=CARTESIAN_POINT('',(0.0090780275953152,-0.0127,-0.00947087658707073));
#5895=CARTESIAN_POINT('',(0.00849102592140135,-0.0127,-0.00955778903276708));
#5896=CARTESIAN_POINT('',(0.00788832091633367,-0.0127,-0.0095957604383499));
#5897=CARTESIAN_POINT('',(0.0072726169734669,-0.0127,-0.00957939053941759));
#5898=CARTESIAN_POINT('',(0.00675166502816834,-0.0127,-0.00951520407399501));
#5899=CARTESIAN_POINT('',(0.00633351600770879,-0.0127,-0.00943035875180846));
#5900=CARTESIAN_POINT('',(0.00601864659078917,-0.0127,-0.00934873603968874));
#5901=CARTESIAN_POINT('',(0.00570951447242871,-0.0127,-0.00925003582526385));
#5902=CARTESIAN_POINT('',(0.00531488118403341,-0.0127,-0.00910110033813443));
#5903=CARTESIAN_POINT('',(0.00484915846465351,-0.0127,-0.00888538458279301));
#5904=CARTESIAN_POINT('',(0.00416247826369251,-0.0127,-0.00849208741821467));
#5905=CARTESIAN_POINT('',(0.00355861320057108,-0.0127,-0.00804185817169752));
#5906=CARTESIAN_POINT('',(0.00303928844806772,-0.0127,-0.0075552044907979));
#5907=CARTESIAN_POINT('',(0.00268094189253041,-0.0127,-0.00715810698384795));
#5908=CARTESIAN_POINT('',(0.00235596008193705,-0.0127,-0.0067130473499825));
#5909=CARTESIAN_POINT('',(0.00208288162783969,-0.0127,-0.00623454026588063));
#5910=CARTESIAN_POINT('',(0.00186557527378429,-0.0127,-0.00573922994481164));
#5911=CARTESIAN_POINT('',(0.0016970012026683,-0.0127,-0.005242901345187));
#5912=CARTESIAN_POINT('',(0.00155644934390644,-0.0127,-0.00472303506354218));
#5913=CARTESIAN_POINT('',(0.00170167157139399,-0.0127,-0.00523897839818364));
#5914=CARTESIAN_POINT('',(0.0138572339272278,-0.0127,-0.000767795864985557));
#5915=MECHANICAL_DESIGN_GEOMETRIC_PRESENTATION_REPRESENTATION('',(#742),
#5916);
#5916=(
GEOMETRIC_REPRESENTATION_CONTEXT(3)
GLOBAL_UNCERTAINTY_ASSIGNED_CONTEXT((#5917))
GLOBAL_UNIT_ASSIGNED_CONTEXT((#5920,#5919,#5918))
REPRESENTATION_CONTEXT('Part 1','TOP_LEVEL_ASSEMBLY_PART')
);
#5917=UNCERTAINTY_MEASURE_WITH_UNIT(LENGTH_MEASURE(2.E-5),#5920,
'DISTANCE_ACCURACY_VALUE','Maximum Tolerance applied to model');
#5918=(
NAMED_UNIT(*)
SI_UNIT($,.STERADIAN.)
SOLID_ANGLE_UNIT()
);
#5919=(
NAMED_UNIT(*)
PLANE_ANGLE_UNIT()
SI_UNIT($,.RADIAN.)
);
#5920=(
LENGTH_UNIT()
NAMED_UNIT(*)
SI_UNIT($,.METRE.)
);
#5921=PRODUCT_DEFINITION_SHAPE('','',#5922);
#5922=PRODUCT_DEFINITION('','',#5924,#5923);
#5923=PRODUCT_DEFINITION_CONTEXT('',#5930,'design');
#5924=PRODUCT_DEFINITION_FORMATION_WITH_SPECIFIED_SOURCE('','',#5926,
 .NOT_KNOWN.);
#5925=PRODUCT_RELATED_PRODUCT_CATEGORY('','',(#5926));
#5926=PRODUCT('Part 1','Part 1','Part 1',(#5928));
#5927=PRODUCT_CATEGORY('','');
#5928=PRODUCT_CONTEXT('',#5930,'mechanical');
#5929=APPLICATION_PROTOCOL_DEFINITION('international standard',
'ap242_managed_model_based_3d_engineering',2020,#5930);
#5930=APPLICATION_CONTEXT('managed model based 3d engineering');
ENDSEC;
END-ISO-10303-21;
