ISO-10303-21;
HEADER;
/* Generated by software containing ST-Developer
 * from STEP Tools, Inc. (www.steptools.com) 
 */
/* OPTION: using custom renumber hook */

FILE_DESCRIPTION(
/* description */ ('STEP AP242 Edition 2',
'CAx-IF Rec.Pracs.---Representation and Presentation of Product Manufa
cturing Information (PMI)---4.0---2014-10-13',
'CAx-IF Rec.Pracs.---3D Tessellated Geometry---0.4---2014-09-14','2;1',
'CAx-IF Rec.Pracs.---User Defined Attributes---1.5---2016-08-15'),
/* implementation_level */ '2;1');

FILE_NAME(
/* name */ 'Part Studio 1',
/* time_stamp */ '2026-10-05T23:24:29Z',
/* author */ (''),
/* organization */ (''),
/* preprocessor_version */ 'ST-DEVELOPER v20',
/* originating_system */ 'ONSHAPE BY PTC INC, 1.221',
/* authorisation */ '  ');

FILE_SCHEMA (('AP242_MANAGED_MODEL_BASED_3D_ENGINEERING_MIM_LF { 1 0 10303 442 3 1 4 }'));
ENDSEC;

DATA;
#10=CIRCLE('',#1720,0.007112);
#11=CIRCLE('',#1721,0.007112);
#12=CIRCLE('',#1724,0.019812);
#13=CIRCLE('',#1725,0.019812);
#14=CIRCLE('',#1728,0.007112);
#15=CIRCLE('',#1729,0.007112);
#16=CIRCLE('',#1731,0.012112);
#17=CIRCLE('',#1732,0.012112);
#18=CIRCLE('',#1734,0.032432);
#19=CIRCLE('',#1735,0.032432);
#20=CIRCLE('',#1737,0.012112);
#21=CIRCLE('',#1738,0.012112);
#22=CIRCLE('',#1741,0.024812);
#23=CIRCLE('',#1742,0.024812);
#24=CIRCLE('',#1745,0.027432);
#25=CIRCLE('',#1746,0.027432);
#26=CIRCLE('',#1752,0.00508);
#27=CIRCLE('',#1753,0.00508);
#28=CIRCLE('',#1756,0.01778);
#29=CIRCLE('',#1757,0.01778);
#30=CIRCLE('',#1760,0.00508);
#31=CIRCLE('',#1761,0.00508);
#32=CIRCLE('',#1764,0.007112);
#33=CIRCLE('',#1765,0.007112);
#34=CIRCLE('',#1767,0.027432);
#35=CIRCLE('',#1768,0.027432);
#36=CIRCLE('',#1770,0.007112);
#37=CIRCLE('',#1771,0.007112);
#38=CIRCLE('',#1774,0.019812);
#39=CIRCLE('',#1775,0.019812);
#40=CIRCLE('',#1778,0.0254);
#41=CIRCLE('',#1779,0.0254);
#42=CIRCLE('',#1791,0.00508);
#43=CIRCLE('',#1792,0.00508);
#44=CIRCLE('',#1795,0.01778);
#45=CIRCLE('',#1796,0.01778);
#46=CIRCLE('',#1799,0.00508);
#47=CIRCLE('',#1800,0.00508);
#48=CIRCLE('',#1803,0.0254);
#49=CIRCLE('',#1804,0.0254);
#50=CIRCLE('',#1806,0.01008);
#51=CIRCLE('',#1807,0.01008);
#52=CIRCLE('',#1809,0.0304);
#53=CIRCLE('',#1810,0.0304);
#54=CIRCLE('',#1812,0.01008);
#55=CIRCLE('',#1813,0.01008);
#56=CIRCLE('',#1816,0.02278);
#57=CIRCLE('',#1817,0.02278);
#58=CIRCLE('',#1835,0.013462);
#59=CIRCLE('',#1836,0.013462);
#60=CIRCLE('',#1840,0.01143);
#61=CIRCLE('',#1841,0.01143);
#62=CYLINDRICAL_SURFACE('',#1719,0.007112);
#63=CYLINDRICAL_SURFACE('',#1723,0.019812);
#64=CYLINDRICAL_SURFACE('',#1727,0.007112);
#65=CYLINDRICAL_SURFACE('',#1730,0.012112);
#66=CYLINDRICAL_SURFACE('',#1733,0.032432);
#67=CYLINDRICAL_SURFACE('',#1736,0.012112);
#68=CYLINDRICAL_SURFACE('',#1740,0.024812);
#69=CYLINDRICAL_SURFACE('',#1744,0.027432);
#70=CYLINDRICAL_SURFACE('',#1751,0.00508);
#71=CYLINDRICAL_SURFACE('',#1755,0.01778);
#72=CYLINDRICAL_SURFACE('',#1759,0.00508);
#73=CYLINDRICAL_SURFACE('',#1763,0.007112);
#74=CYLINDRICAL_SURFACE('',#1766,0.027432);
#75=CYLINDRICAL_SURFACE('',#1769,0.007112);
#76=CYLINDRICAL_SURFACE('',#1773,0.019812);
#77=CYLINDRICAL_SURFACE('',#1777,0.0254);
#78=CYLINDRICAL_SURFACE('',#1790,0.00508);
#79=CYLINDRICAL_SURFACE('',#1794,0.01778);
#80=CYLINDRICAL_SURFACE('',#1798,0.00508);
#81=CYLINDRICAL_SURFACE('',#1802,0.0254);
#82=CYLINDRICAL_SURFACE('',#1805,0.01008);
#83=CYLINDRICAL_SURFACE('',#1808,0.0304);
#84=CYLINDRICAL_SURFACE('',#1811,0.01008);
#85=CYLINDRICAL_SURFACE('',#1815,0.02278);
#86=CYLINDRICAL_SURFACE('',#1834,0.013462);
#87=CYLINDRICAL_SURFACE('',#1839,0.01143);
#88=SHAPE_REPRESENTATION_RELATIONSHIP('','',#1694,#98);
#89=SHAPE_REPRESENTATION_RELATIONSHIP('','',#1695,#99);
#90=SHAPE_REPRESENTATION_RELATIONSHIP('','',#1696,#100);
#91=SHAPE_REPRESENTATION_RELATIONSHIP('','',#1697,#101);
#92=SHAPE_REPRESENTATION_RELATIONSHIP('','',#1698,#102);
#93=SHAPE_REPRESENTATION_RELATIONSHIP('','',#1699,#103);
#94=SHAPE_REPRESENTATION_RELATIONSHIP('','',#1700,#104);
#95=SHAPE_REPRESENTATION_RELATIONSHIP('','',#1701,#105);
#96=SHAPE_REPRESENTATION_RELATIONSHIP('','',#1702,#106);
#97=SHAPE_REPRESENTATION_RELATIONSHIP('','',#1703,#107);
#98=ADVANCED_BREP_SHAPE_REPRESENTATION('',(#1674),#2802);
#99=ADVANCED_BREP_SHAPE_REPRESENTATION('',(#1675),#2803);
#100=ADVANCED_BREP_SHAPE_REPRESENTATION('',(#1676),#2804);
#101=ADVANCED_BREP_SHAPE_REPRESENTATION('',(#1677),#2805);
#102=ADVANCED_BREP_SHAPE_REPRESENTATION('',(#1678),#2806);
#103=ADVANCED_BREP_SHAPE_REPRESENTATION('',(#1679),#2807);
#104=ADVANCED_BREP_SHAPE_REPRESENTATION('',(#1680),#2808);
#105=ADVANCED_BREP_SHAPE_REPRESENTATION('',(#1681),#2809);
#106=ADVANCED_BREP_SHAPE_REPRESENTATION('',(#1682),#2810);
#107=ADVANCED_BREP_SHAPE_REPRESENTATION('',(#1683),#2811);
#108=ORIENTED_EDGE('',*,*,#540,.T.);
#109=ORIENTED_EDGE('',*,*,#541,.F.);
#110=ORIENTED_EDGE('',*,*,#542,.F.);
#111=ORIENTED_EDGE('',*,*,#543,.T.);
#112=ORIENTED_EDGE('',*,*,#544,.T.);
#113=ORIENTED_EDGE('',*,*,#545,.F.);
#114=ORIENTED_EDGE('',*,*,#546,.F.);
#115=ORIENTED_EDGE('',*,*,#541,.T.);
#116=ORIENTED_EDGE('',*,*,#547,.T.);
#117=ORIENTED_EDGE('',*,*,#548,.F.);
#118=ORIENTED_EDGE('',*,*,#549,.F.);
#119=ORIENTED_EDGE('',*,*,#545,.T.);
#120=ORIENTED_EDGE('',*,*,#550,.T.);
#121=ORIENTED_EDGE('',*,*,#543,.F.);
#122=ORIENTED_EDGE('',*,*,#551,.F.);
#123=ORIENTED_EDGE('',*,*,#548,.T.);
#124=ORIENTED_EDGE('',*,*,#542,.T.);
#125=ORIENTED_EDGE('',*,*,#546,.T.);
#126=ORIENTED_EDGE('',*,*,#549,.T.);
#127=ORIENTED_EDGE('',*,*,#551,.T.);
#128=ORIENTED_EDGE('',*,*,#540,.F.);
#129=ORIENTED_EDGE('',*,*,#550,.F.);
#130=ORIENTED_EDGE('',*,*,#547,.F.);
#131=ORIENTED_EDGE('',*,*,#544,.F.);
#132=ORIENTED_EDGE('',*,*,#552,.F.);
#133=ORIENTED_EDGE('',*,*,#553,.F.);
#134=ORIENTED_EDGE('',*,*,#554,.T.);
#135=ORIENTED_EDGE('',*,*,#555,.T.);
#136=ORIENTED_EDGE('',*,*,#556,.F.);
#137=ORIENTED_EDGE('',*,*,#555,.F.);
#138=ORIENTED_EDGE('',*,*,#557,.T.);
#139=ORIENTED_EDGE('',*,*,#558,.T.);
#140=ORIENTED_EDGE('',*,*,#559,.F.);
#141=ORIENTED_EDGE('',*,*,#558,.F.);
#142=ORIENTED_EDGE('',*,*,#560,.T.);
#143=ORIENTED_EDGE('',*,*,#561,.T.);
#144=ORIENTED_EDGE('',*,*,#562,.F.);
#145=ORIENTED_EDGE('',*,*,#561,.F.);
#146=ORIENTED_EDGE('',*,*,#563,.T.);
#147=ORIENTED_EDGE('',*,*,#553,.T.);
#148=ORIENTED_EDGE('',*,*,#554,.F.);
#149=ORIENTED_EDGE('',*,*,#563,.F.);
#150=ORIENTED_EDGE('',*,*,#560,.F.);
#151=ORIENTED_EDGE('',*,*,#557,.F.);
#152=ORIENTED_EDGE('',*,*,#552,.T.);
#153=ORIENTED_EDGE('',*,*,#556,.T.);
#154=ORIENTED_EDGE('',*,*,#559,.T.);
#155=ORIENTED_EDGE('',*,*,#562,.T.);
#156=ORIENTED_EDGE('',*,*,#564,.T.);
#157=ORIENTED_EDGE('',*,*,#565,.F.);
#158=ORIENTED_EDGE('',*,*,#566,.F.);
#159=ORIENTED_EDGE('',*,*,#567,.T.);
#160=ORIENTED_EDGE('',*,*,#568,.T.);
#161=ORIENTED_EDGE('',*,*,#567,.F.);
#162=ORIENTED_EDGE('',*,*,#569,.F.);
#163=ORIENTED_EDGE('',*,*,#570,.T.);
#164=ORIENTED_EDGE('',*,*,#571,.T.);
#165=ORIENTED_EDGE('',*,*,#570,.F.);
#166=ORIENTED_EDGE('',*,*,#572,.F.);
#167=ORIENTED_EDGE('',*,*,#573,.T.);
#168=ORIENTED_EDGE('',*,*,#574,.T.);
#169=ORIENTED_EDGE('',*,*,#573,.F.);
#170=ORIENTED_EDGE('',*,*,#575,.F.);
#171=ORIENTED_EDGE('',*,*,#576,.T.);
#172=ORIENTED_EDGE('',*,*,#577,.T.);
#173=ORIENTED_EDGE('',*,*,#576,.F.);
#174=ORIENTED_EDGE('',*,*,#578,.F.);
#175=ORIENTED_EDGE('',*,*,#579,.T.);
#176=ORIENTED_EDGE('',*,*,#580,.F.);
#177=ORIENTED_EDGE('',*,*,#581,.F.);
#178=ORIENTED_EDGE('',*,*,#582,.T.);
#179=ORIENTED_EDGE('',*,*,#583,.T.);
#180=ORIENTED_EDGE('',*,*,#584,.F.);
#181=ORIENTED_EDGE('',*,*,#583,.F.);
#182=ORIENTED_EDGE('',*,*,#585,.T.);
#183=ORIENTED_EDGE('',*,*,#586,.T.);
#184=ORIENTED_EDGE('',*,*,#587,.F.);
#185=ORIENTED_EDGE('',*,*,#586,.F.);
#186=ORIENTED_EDGE('',*,*,#588,.T.);
#187=ORIENTED_EDGE('',*,*,#589,.T.);
#188=ORIENTED_EDGE('',*,*,#590,.F.);
#189=ORIENTED_EDGE('',*,*,#589,.F.);
#190=ORIENTED_EDGE('',*,*,#591,.T.);
#191=ORIENTED_EDGE('',*,*,#592,.T.);
#192=ORIENTED_EDGE('',*,*,#593,.F.);
#193=ORIENTED_EDGE('',*,*,#592,.F.);
#194=ORIENTED_EDGE('',*,*,#594,.T.);
#195=ORIENTED_EDGE('',*,*,#595,.T.);
#196=ORIENTED_EDGE('',*,*,#596,.F.);
#197=ORIENTED_EDGE('',*,*,#595,.F.);
#198=ORIENTED_EDGE('',*,*,#597,.T.);
#199=ORIENTED_EDGE('',*,*,#581,.T.);
#200=ORIENTED_EDGE('',*,*,#598,.T.);
#201=ORIENTED_EDGE('',*,*,#579,.F.);
#202=ORIENTED_EDGE('',*,*,#599,.F.);
#203=ORIENTED_EDGE('',*,*,#565,.T.);
#204=ORIENTED_EDGE('',*,*,#582,.F.);
#205=ORIENTED_EDGE('',*,*,#597,.F.);
#206=ORIENTED_EDGE('',*,*,#594,.F.);
#207=ORIENTED_EDGE('',*,*,#591,.F.);
#208=ORIENTED_EDGE('',*,*,#588,.F.);
#209=ORIENTED_EDGE('',*,*,#585,.F.);
#210=ORIENTED_EDGE('',*,*,#566,.T.);
#211=ORIENTED_EDGE('',*,*,#599,.T.);
#212=ORIENTED_EDGE('',*,*,#578,.T.);
#213=ORIENTED_EDGE('',*,*,#575,.T.);
#214=ORIENTED_EDGE('',*,*,#572,.T.);
#215=ORIENTED_EDGE('',*,*,#569,.T.);
#216=ORIENTED_EDGE('',*,*,#580,.T.);
#217=ORIENTED_EDGE('',*,*,#584,.T.);
#218=ORIENTED_EDGE('',*,*,#587,.T.);
#219=ORIENTED_EDGE('',*,*,#590,.T.);
#220=ORIENTED_EDGE('',*,*,#593,.T.);
#221=ORIENTED_EDGE('',*,*,#596,.T.);
#222=ORIENTED_EDGE('',*,*,#564,.F.);
#223=ORIENTED_EDGE('',*,*,#568,.F.);
#224=ORIENTED_EDGE('',*,*,#571,.F.);
#225=ORIENTED_EDGE('',*,*,#574,.F.);
#226=ORIENTED_EDGE('',*,*,#577,.F.);
#227=ORIENTED_EDGE('',*,*,#598,.F.);
#228=ORIENTED_EDGE('',*,*,#600,.F.);
#229=ORIENTED_EDGE('',*,*,#601,.F.);
#230=ORIENTED_EDGE('',*,*,#602,.T.);
#231=ORIENTED_EDGE('',*,*,#603,.T.);
#232=ORIENTED_EDGE('',*,*,#604,.F.);
#233=ORIENTED_EDGE('',*,*,#605,.F.);
#234=ORIENTED_EDGE('',*,*,#606,.T.);
#235=ORIENTED_EDGE('',*,*,#601,.T.);
#236=ORIENTED_EDGE('',*,*,#607,.F.);
#237=ORIENTED_EDGE('',*,*,#608,.F.);
#238=ORIENTED_EDGE('',*,*,#609,.T.);
#239=ORIENTED_EDGE('',*,*,#605,.T.);
#240=ORIENTED_EDGE('',*,*,#610,.F.);
#241=ORIENTED_EDGE('',*,*,#611,.F.);
#242=ORIENTED_EDGE('',*,*,#612,.T.);
#243=ORIENTED_EDGE('',*,*,#608,.T.);
#244=ORIENTED_EDGE('',*,*,#613,.F.);
#245=ORIENTED_EDGE('',*,*,#614,.F.);
#246=ORIENTED_EDGE('',*,*,#615,.T.);
#247=ORIENTED_EDGE('',*,*,#611,.T.);
#248=ORIENTED_EDGE('',*,*,#616,.F.);
#249=ORIENTED_EDGE('',*,*,#617,.F.);
#250=ORIENTED_EDGE('',*,*,#618,.T.);
#251=ORIENTED_EDGE('',*,*,#614,.T.);
#252=ORIENTED_EDGE('',*,*,#619,.F.);
#253=ORIENTED_EDGE('',*,*,#620,.F.);
#254=ORIENTED_EDGE('',*,*,#621,.T.);
#255=ORIENTED_EDGE('',*,*,#617,.T.);
#256=ORIENTED_EDGE('',*,*,#622,.T.);
#257=ORIENTED_EDGE('',*,*,#623,.F.);
#258=ORIENTED_EDGE('',*,*,#624,.F.);
#259=ORIENTED_EDGE('',*,*,#625,.T.);
#260=ORIENTED_EDGE('',*,*,#626,.T.);
#261=ORIENTED_EDGE('',*,*,#627,.F.);
#262=ORIENTED_EDGE('',*,*,#628,.F.);
#263=ORIENTED_EDGE('',*,*,#623,.T.);
#264=ORIENTED_EDGE('',*,*,#629,.T.);
#265=ORIENTED_EDGE('',*,*,#630,.F.);
#266=ORIENTED_EDGE('',*,*,#631,.F.);
#267=ORIENTED_EDGE('',*,*,#627,.T.);
#268=ORIENTED_EDGE('',*,*,#632,.T.);
#269=ORIENTED_EDGE('',*,*,#633,.F.);
#270=ORIENTED_EDGE('',*,*,#634,.F.);
#271=ORIENTED_EDGE('',*,*,#630,.T.);
#272=ORIENTED_EDGE('',*,*,#635,.T.);
#273=ORIENTED_EDGE('',*,*,#636,.F.);
#274=ORIENTED_EDGE('',*,*,#637,.F.);
#275=ORIENTED_EDGE('',*,*,#633,.T.);
#276=ORIENTED_EDGE('',*,*,#638,.T.);
#277=ORIENTED_EDGE('',*,*,#625,.F.);
#278=ORIENTED_EDGE('',*,*,#639,.F.);
#279=ORIENTED_EDGE('',*,*,#636,.T.);
#280=ORIENTED_EDGE('',*,*,#640,.F.);
#281=ORIENTED_EDGE('',*,*,#603,.F.);
#282=ORIENTED_EDGE('',*,*,#641,.T.);
#283=ORIENTED_EDGE('',*,*,#620,.T.);
#284=ORIENTED_EDGE('',*,*,#624,.T.);
#285=ORIENTED_EDGE('',*,*,#628,.T.);
#286=ORIENTED_EDGE('',*,*,#631,.T.);
#287=ORIENTED_EDGE('',*,*,#634,.T.);
#288=ORIENTED_EDGE('',*,*,#637,.T.);
#289=ORIENTED_EDGE('',*,*,#639,.T.);
#290=ORIENTED_EDGE('',*,*,#602,.F.);
#291=ORIENTED_EDGE('',*,*,#606,.F.);
#292=ORIENTED_EDGE('',*,*,#609,.F.);
#293=ORIENTED_EDGE('',*,*,#612,.F.);
#294=ORIENTED_EDGE('',*,*,#615,.F.);
#295=ORIENTED_EDGE('',*,*,#618,.F.);
#296=ORIENTED_EDGE('',*,*,#621,.F.);
#297=ORIENTED_EDGE('',*,*,#641,.F.);
#298=ORIENTED_EDGE('',*,*,#622,.F.);
#299=ORIENTED_EDGE('',*,*,#638,.F.);
#300=ORIENTED_EDGE('',*,*,#635,.F.);
#301=ORIENTED_EDGE('',*,*,#632,.F.);
#302=ORIENTED_EDGE('',*,*,#629,.F.);
#303=ORIENTED_EDGE('',*,*,#626,.F.);
#304=ORIENTED_EDGE('',*,*,#600,.T.);
#305=ORIENTED_EDGE('',*,*,#640,.T.);
#306=ORIENTED_EDGE('',*,*,#619,.T.);
#307=ORIENTED_EDGE('',*,*,#616,.T.);
#308=ORIENTED_EDGE('',*,*,#613,.T.);
#309=ORIENTED_EDGE('',*,*,#610,.T.);
#310=ORIENTED_EDGE('',*,*,#607,.T.);
#311=ORIENTED_EDGE('',*,*,#604,.T.);
#312=ORIENTED_EDGE('',*,*,#642,.F.);
#313=ORIENTED_EDGE('',*,*,#643,.F.);
#314=ORIENTED_EDGE('',*,*,#644,.T.);
#315=ORIENTED_EDGE('',*,*,#645,.T.);
#316=ORIENTED_EDGE('',*,*,#646,.F.);
#317=ORIENTED_EDGE('',*,*,#645,.F.);
#318=ORIENTED_EDGE('',*,*,#647,.T.);
#319=ORIENTED_EDGE('',*,*,#648,.T.);
#320=ORIENTED_EDGE('',*,*,#649,.F.);
#321=ORIENTED_EDGE('',*,*,#648,.F.);
#322=ORIENTED_EDGE('',*,*,#650,.T.);
#323=ORIENTED_EDGE('',*,*,#651,.T.);
#324=ORIENTED_EDGE('',*,*,#652,.F.);
#325=ORIENTED_EDGE('',*,*,#651,.F.);
#326=ORIENTED_EDGE('',*,*,#653,.T.);
#327=ORIENTED_EDGE('',*,*,#643,.T.);
#328=ORIENTED_EDGE('',*,*,#644,.F.);
#329=ORIENTED_EDGE('',*,*,#653,.F.);
#330=ORIENTED_EDGE('',*,*,#650,.F.);
#331=ORIENTED_EDGE('',*,*,#647,.F.);
#332=ORIENTED_EDGE('',*,*,#642,.T.);
#333=ORIENTED_EDGE('',*,*,#646,.T.);
#334=ORIENTED_EDGE('',*,*,#649,.T.);
#335=ORIENTED_EDGE('',*,*,#652,.T.);
#336=ORIENTED_EDGE('',*,*,#654,.T.);
#337=ORIENTED_EDGE('',*,*,#655,.F.);
#338=ORIENTED_EDGE('',*,*,#656,.F.);
#339=ORIENTED_EDGE('',*,*,#657,.T.);
#340=ORIENTED_EDGE('',*,*,#658,.T.);
#341=ORIENTED_EDGE('',*,*,#657,.F.);
#342=ORIENTED_EDGE('',*,*,#659,.F.);
#343=ORIENTED_EDGE('',*,*,#660,.T.);
#344=ORIENTED_EDGE('',*,*,#661,.T.);
#345=ORIENTED_EDGE('',*,*,#660,.F.);
#346=ORIENTED_EDGE('',*,*,#662,.F.);
#347=ORIENTED_EDGE('',*,*,#663,.T.);
#348=ORIENTED_EDGE('',*,*,#664,.T.);
#349=ORIENTED_EDGE('',*,*,#663,.F.);
#350=ORIENTED_EDGE('',*,*,#665,.F.);
#351=ORIENTED_EDGE('',*,*,#666,.T.);
#352=ORIENTED_EDGE('',*,*,#667,.T.);
#353=ORIENTED_EDGE('',*,*,#666,.F.);
#354=ORIENTED_EDGE('',*,*,#668,.F.);
#355=ORIENTED_EDGE('',*,*,#669,.T.);
#356=ORIENTED_EDGE('',*,*,#670,.T.);
#357=ORIENTED_EDGE('',*,*,#669,.F.);
#358=ORIENTED_EDGE('',*,*,#671,.F.);
#359=ORIENTED_EDGE('',*,*,#672,.T.);
#360=ORIENTED_EDGE('',*,*,#673,.T.);
#361=ORIENTED_EDGE('',*,*,#672,.F.);
#362=ORIENTED_EDGE('',*,*,#674,.F.);
#363=ORIENTED_EDGE('',*,*,#675,.T.);
#364=ORIENTED_EDGE('',*,*,#676,.F.);
#365=ORIENTED_EDGE('',*,*,#677,.F.);
#366=ORIENTED_EDGE('',*,*,#678,.T.);
#367=ORIENTED_EDGE('',*,*,#679,.T.);
#368=ORIENTED_EDGE('',*,*,#680,.F.);
#369=ORIENTED_EDGE('',*,*,#679,.F.);
#370=ORIENTED_EDGE('',*,*,#681,.T.);
#371=ORIENTED_EDGE('',*,*,#682,.T.);
#372=ORIENTED_EDGE('',*,*,#683,.F.);
#373=ORIENTED_EDGE('',*,*,#682,.F.);
#374=ORIENTED_EDGE('',*,*,#684,.T.);
#375=ORIENTED_EDGE('',*,*,#685,.T.);
#376=ORIENTED_EDGE('',*,*,#686,.F.);
#377=ORIENTED_EDGE('',*,*,#685,.F.);
#378=ORIENTED_EDGE('',*,*,#687,.T.);
#379=ORIENTED_EDGE('',*,*,#688,.T.);
#380=ORIENTED_EDGE('',*,*,#689,.F.);
#381=ORIENTED_EDGE('',*,*,#688,.F.);
#382=ORIENTED_EDGE('',*,*,#690,.T.);
#383=ORIENTED_EDGE('',*,*,#691,.T.);
#384=ORIENTED_EDGE('',*,*,#692,.F.);
#385=ORIENTED_EDGE('',*,*,#691,.F.);
#386=ORIENTED_EDGE('',*,*,#693,.T.);
#387=ORIENTED_EDGE('',*,*,#677,.T.);
#388=ORIENTED_EDGE('',*,*,#694,.T.);
#389=ORIENTED_EDGE('',*,*,#675,.F.);
#390=ORIENTED_EDGE('',*,*,#695,.F.);
#391=ORIENTED_EDGE('',*,*,#655,.T.);
#392=ORIENTED_EDGE('',*,*,#678,.F.);
#393=ORIENTED_EDGE('',*,*,#693,.F.);
#394=ORIENTED_EDGE('',*,*,#690,.F.);
#395=ORIENTED_EDGE('',*,*,#687,.F.);
#396=ORIENTED_EDGE('',*,*,#684,.F.);
#397=ORIENTED_EDGE('',*,*,#681,.F.);
#398=ORIENTED_EDGE('',*,*,#656,.T.);
#399=ORIENTED_EDGE('',*,*,#695,.T.);
#400=ORIENTED_EDGE('',*,*,#674,.T.);
#401=ORIENTED_EDGE('',*,*,#671,.T.);
#402=ORIENTED_EDGE('',*,*,#668,.T.);
#403=ORIENTED_EDGE('',*,*,#665,.T.);
#404=ORIENTED_EDGE('',*,*,#662,.T.);
#405=ORIENTED_EDGE('',*,*,#659,.T.);
#406=ORIENTED_EDGE('',*,*,#676,.T.);
#407=ORIENTED_EDGE('',*,*,#680,.T.);
#408=ORIENTED_EDGE('',*,*,#683,.T.);
#409=ORIENTED_EDGE('',*,*,#686,.T.);
#410=ORIENTED_EDGE('',*,*,#689,.T.);
#411=ORIENTED_EDGE('',*,*,#692,.T.);
#412=ORIENTED_EDGE('',*,*,#654,.F.);
#413=ORIENTED_EDGE('',*,*,#658,.F.);
#414=ORIENTED_EDGE('',*,*,#661,.F.);
#415=ORIENTED_EDGE('',*,*,#664,.F.);
#416=ORIENTED_EDGE('',*,*,#667,.F.);
#417=ORIENTED_EDGE('',*,*,#670,.F.);
#418=ORIENTED_EDGE('',*,*,#673,.F.);
#419=ORIENTED_EDGE('',*,*,#694,.F.);
#420=ORIENTED_EDGE('',*,*,#696,.T.);
#421=ORIENTED_EDGE('',*,*,#697,.F.);
#422=ORIENTED_EDGE('',*,*,#698,.F.);
#423=ORIENTED_EDGE('',*,*,#699,.T.);
#424=ORIENTED_EDGE('',*,*,#700,.T.);
#425=ORIENTED_EDGE('',*,*,#701,.F.);
#426=ORIENTED_EDGE('',*,*,#702,.F.);
#427=ORIENTED_EDGE('',*,*,#697,.T.);
#428=ORIENTED_EDGE('',*,*,#703,.T.);
#429=ORIENTED_EDGE('',*,*,#704,.F.);
#430=ORIENTED_EDGE('',*,*,#705,.F.);
#431=ORIENTED_EDGE('',*,*,#701,.T.);
#432=ORIENTED_EDGE('',*,*,#706,.T.);
#433=ORIENTED_EDGE('',*,*,#699,.F.);
#434=ORIENTED_EDGE('',*,*,#707,.F.);
#435=ORIENTED_EDGE('',*,*,#704,.T.);
#436=ORIENTED_EDGE('',*,*,#698,.T.);
#437=ORIENTED_EDGE('',*,*,#702,.T.);
#438=ORIENTED_EDGE('',*,*,#705,.T.);
#439=ORIENTED_EDGE('',*,*,#707,.T.);
#440=ORIENTED_EDGE('',*,*,#696,.F.);
#441=ORIENTED_EDGE('',*,*,#706,.F.);
#442=ORIENTED_EDGE('',*,*,#703,.F.);
#443=ORIENTED_EDGE('',*,*,#700,.F.);
#444=ORIENTED_EDGE('',*,*,#708,.T.);
#445=ORIENTED_EDGE('',*,*,#709,.F.);
#446=ORIENTED_EDGE('',*,*,#710,.F.);
#447=ORIENTED_EDGE('',*,*,#711,.T.);
#448=ORIENTED_EDGE('',*,*,#710,.T.);
#449=ORIENTED_EDGE('',*,*,#712,.F.);
#450=ORIENTED_EDGE('',*,*,#713,.F.);
#451=ORIENTED_EDGE('',*,*,#714,.T.);
#452=ORIENTED_EDGE('',*,*,#713,.T.);
#453=ORIENTED_EDGE('',*,*,#715,.F.);
#454=ORIENTED_EDGE('',*,*,#716,.F.);
#455=ORIENTED_EDGE('',*,*,#717,.T.);
#456=ORIENTED_EDGE('',*,*,#718,.T.);
#457=ORIENTED_EDGE('',*,*,#719,.T.);
#458=ORIENTED_EDGE('',*,*,#720,.F.);
#459=ORIENTED_EDGE('',*,*,#721,.F.);
#460=ORIENTED_EDGE('',*,*,#720,.T.);
#461=ORIENTED_EDGE('',*,*,#722,.T.);
#462=ORIENTED_EDGE('',*,*,#723,.F.);
#463=ORIENTED_EDGE('',*,*,#724,.F.);
#464=ORIENTED_EDGE('',*,*,#723,.T.);
#465=ORIENTED_EDGE('',*,*,#725,.T.);
#466=ORIENTED_EDGE('',*,*,#726,.F.);
#467=ORIENTED_EDGE('',*,*,#727,.F.);
#468=ORIENTED_EDGE('',*,*,#726,.T.);
#469=ORIENTED_EDGE('',*,*,#728,.T.);
#470=ORIENTED_EDGE('',*,*,#718,.F.);
#471=ORIENTED_EDGE('',*,*,#729,.F.);
#472=ORIENTED_EDGE('',*,*,#716,.T.);
#473=ORIENTED_EDGE('',*,*,#730,.F.);
#474=ORIENTED_EDGE('',*,*,#708,.F.);
#475=ORIENTED_EDGE('',*,*,#731,.T.);
#476=ORIENTED_EDGE('',*,*,#721,.T.);
#477=ORIENTED_EDGE('',*,*,#724,.T.);
#478=ORIENTED_EDGE('',*,*,#727,.T.);
#479=ORIENTED_EDGE('',*,*,#729,.T.);
#480=ORIENTED_EDGE('',*,*,#711,.F.);
#481=ORIENTED_EDGE('',*,*,#714,.F.);
#482=ORIENTED_EDGE('',*,*,#717,.F.);
#483=ORIENTED_EDGE('',*,*,#731,.F.);
#484=ORIENTED_EDGE('',*,*,#719,.F.);
#485=ORIENTED_EDGE('',*,*,#728,.F.);
#486=ORIENTED_EDGE('',*,*,#725,.F.);
#487=ORIENTED_EDGE('',*,*,#722,.F.);
#488=ORIENTED_EDGE('',*,*,#709,.T.);
#489=ORIENTED_EDGE('',*,*,#730,.T.);
#490=ORIENTED_EDGE('',*,*,#715,.T.);
#491=ORIENTED_EDGE('',*,*,#712,.T.);
#492=ORIENTED_EDGE('',*,*,#732,.T.);
#493=ORIENTED_EDGE('',*,*,#733,.F.);
#494=ORIENTED_EDGE('',*,*,#734,.F.);
#495=ORIENTED_EDGE('',*,*,#735,.T.);
#496=ORIENTED_EDGE('',*,*,#736,.T.);
#497=ORIENTED_EDGE('',*,*,#737,.F.);
#498=ORIENTED_EDGE('',*,*,#738,.F.);
#499=ORIENTED_EDGE('',*,*,#733,.T.);
#500=ORIENTED_EDGE('',*,*,#739,.T.);
#501=ORIENTED_EDGE('',*,*,#740,.F.);
#502=ORIENTED_EDGE('',*,*,#741,.F.);
#503=ORIENTED_EDGE('',*,*,#737,.T.);
#504=ORIENTED_EDGE('',*,*,#742,.T.);
#505=ORIENTED_EDGE('',*,*,#735,.F.);
#506=ORIENTED_EDGE('',*,*,#743,.F.);
#507=ORIENTED_EDGE('',*,*,#740,.T.);
#508=ORIENTED_EDGE('',*,*,#734,.T.);
#509=ORIENTED_EDGE('',*,*,#738,.T.);
#510=ORIENTED_EDGE('',*,*,#741,.T.);
#511=ORIENTED_EDGE('',*,*,#743,.T.);
#512=ORIENTED_EDGE('',*,*,#732,.F.);
#513=ORIENTED_EDGE('',*,*,#742,.F.);
#514=ORIENTED_EDGE('',*,*,#739,.F.);
#515=ORIENTED_EDGE('',*,*,#736,.F.);
#516=ORIENTED_EDGE('',*,*,#744,.F.);
#517=ORIENTED_EDGE('',*,*,#745,.F.);
#518=ORIENTED_EDGE('',*,*,#746,.T.);
#519=ORIENTED_EDGE('',*,*,#747,.T.);
#520=ORIENTED_EDGE('',*,*,#748,.F.);
#521=ORIENTED_EDGE('',*,*,#747,.F.);
#522=ORIENTED_EDGE('',*,*,#749,.T.);
#523=ORIENTED_EDGE('',*,*,#750,.T.);
#524=ORIENTED_EDGE('',*,*,#751,.F.);
#525=ORIENTED_EDGE('',*,*,#750,.F.);
#526=ORIENTED_EDGE('',*,*,#752,.T.);
#527=ORIENTED_EDGE('',*,*,#753,.T.);
#528=ORIENTED_EDGE('',*,*,#754,.F.);
#529=ORIENTED_EDGE('',*,*,#753,.F.);
#530=ORIENTED_EDGE('',*,*,#755,.T.);
#531=ORIENTED_EDGE('',*,*,#745,.T.);
#532=ORIENTED_EDGE('',*,*,#746,.F.);
#533=ORIENTED_EDGE('',*,*,#755,.F.);
#534=ORIENTED_EDGE('',*,*,#752,.F.);
#535=ORIENTED_EDGE('',*,*,#749,.F.);
#536=ORIENTED_EDGE('',*,*,#744,.T.);
#537=ORIENTED_EDGE('',*,*,#748,.T.);
#538=ORIENTED_EDGE('',*,*,#751,.T.);
#539=ORIENTED_EDGE('',*,*,#754,.T.);
#540=EDGE_CURVE('',#756,#757,#900,.T.);
#541=EDGE_CURVE('',#758,#757,#901,.T.);
#542=EDGE_CURVE('',#759,#758,#902,.T.);
#543=EDGE_CURVE('',#759,#756,#903,.T.);
#544=EDGE_CURVE('',#757,#760,#904,.F.);
#545=EDGE_CURVE('',#761,#760,#905,.T.);
#546=EDGE_CURVE('',#758,#761,#906,.F.);
#547=EDGE_CURVE('',#760,#762,#907,.T.);
#548=EDGE_CURVE('',#763,#762,#908,.T.);
#549=EDGE_CURVE('',#761,#763,#909,.T.);
#550=EDGE_CURVE('',#762,#756,#910,.T.);
#551=EDGE_CURVE('',#763,#759,#911,.T.);
#552=EDGE_CURVE('',#764,#765,#912,.T.);
#553=EDGE_CURVE('',#766,#764,#913,.T.);
#554=EDGE_CURVE('',#766,#767,#914,.T.);
#555=EDGE_CURVE('',#767,#765,#915,.T.);
#556=EDGE_CURVE('',#765,#768,#916,.F.);
#557=EDGE_CURVE('',#767,#769,#917,.F.);
#558=EDGE_CURVE('',#769,#768,#918,.T.);
#559=EDGE_CURVE('',#768,#770,#919,.T.);
#560=EDGE_CURVE('',#769,#771,#920,.T.);
#561=EDGE_CURVE('',#771,#770,#921,.T.);
#562=EDGE_CURVE('',#770,#764,#922,.T.);
#563=EDGE_CURVE('',#771,#766,#923,.T.);
#564=EDGE_CURVE('',#772,#773,#10,.T.);
#565=EDGE_CURVE('',#774,#773,#924,.T.);
#566=EDGE_CURVE('',#775,#774,#11,.T.);
#567=EDGE_CURVE('',#775,#772,#925,.T.);
#568=EDGE_CURVE('',#776,#772,#926,.F.);
#569=EDGE_CURVE('',#777,#775,#927,.F.);
#570=EDGE_CURVE('',#777,#776,#928,.T.);
#571=EDGE_CURVE('',#778,#776,#12,.T.);
#572=EDGE_CURVE('',#779,#777,#13,.T.);
#573=EDGE_CURVE('',#779,#778,#929,.T.);
#574=EDGE_CURVE('',#780,#778,#930,.T.);
#575=EDGE_CURVE('',#781,#779,#931,.T.);
#576=EDGE_CURVE('',#781,#780,#932,.T.);
#577=EDGE_CURVE('',#782,#780,#14,.F.);
#578=EDGE_CURVE('',#783,#781,#15,.F.);
#579=EDGE_CURVE('',#783,#782,#933,.T.);
#580=EDGE_CURVE('',#784,#785,#16,.T.);
#581=EDGE_CURVE('',#786,#784,#934,.T.);
#582=EDGE_CURVE('',#786,#787,#17,.T.);
#583=EDGE_CURVE('',#787,#785,#935,.T.);
#584=EDGE_CURVE('',#785,#788,#18,.T.);
#585=EDGE_CURVE('',#787,#789,#19,.T.);
#586=EDGE_CURVE('',#789,#788,#936,.T.);
#587=EDGE_CURVE('',#788,#790,#20,.F.);
#588=EDGE_CURVE('',#789,#791,#21,.F.);
#589=EDGE_CURVE('',#791,#790,#937,.T.);
#590=EDGE_CURVE('',#790,#792,#938,.T.);
#591=EDGE_CURVE('',#791,#793,#939,.T.);
#592=EDGE_CURVE('',#793,#792,#940,.T.);
#593=EDGE_CURVE('',#792,#794,#22,.T.);
#594=EDGE_CURVE('',#793,#795,#23,.T.);
#595=EDGE_CURVE('',#795,#794,#941,.T.);
#596=EDGE_CURVE('',#794,#784,#942,.F.);
#597=EDGE_CURVE('',#795,#786,#943,.F.);
#598=EDGE_CURVE('',#773,#782,#24,.T.);
#599=EDGE_CURVE('',#774,#783,#25,.T.);
#600=EDGE_CURVE('',#796,#797,#944,.T.);
#601=EDGE_CURVE('',#798,#796,#945,.T.);
#602=EDGE_CURVE('',#798,#799,#946,.T.);
#603=EDGE_CURVE('',#799,#797,#947,.T.);
#604=EDGE_CURVE('',#800,#796,#26,.T.);
#605=EDGE_CURVE('',#801,#800,#948,.T.);
#606=EDGE_CURVE('',#801,#798,#27,.T.);
#607=EDGE_CURVE('',#802,#800,#949,.F.);
#608=EDGE_CURVE('',#803,#802,#950,.T.);
#609=EDGE_CURVE('',#803,#801,#951,.F.);
#610=EDGE_CURVE('',#804,#802,#28,.T.);
#611=EDGE_CURVE('',#805,#804,#952,.T.);
#612=EDGE_CURVE('',#805,#803,#29,.T.);
#613=EDGE_CURVE('',#806,#804,#953,.T.);
#614=EDGE_CURVE('',#807,#806,#954,.T.);
#615=EDGE_CURVE('',#807,#805,#955,.T.);
#616=EDGE_CURVE('',#808,#806,#30,.F.);
#617=EDGE_CURVE('',#809,#808,#956,.T.);
#618=EDGE_CURVE('',#809,#807,#31,.F.);
#619=EDGE_CURVE('',#810,#808,#957,.T.);
#620=EDGE_CURVE('',#811,#810,#958,.T.);
#621=EDGE_CURVE('',#811,#809,#959,.T.);
#622=EDGE_CURVE('',#812,#813,#32,.T.);
#623=EDGE_CURVE('',#814,#813,#960,.T.);
#624=EDGE_CURVE('',#815,#814,#33,.T.);
#625=EDGE_CURVE('',#815,#812,#961,.T.);
#626=EDGE_CURVE('',#813,#816,#34,.T.);
#627=EDGE_CURVE('',#817,#816,#962,.T.);
#628=EDGE_CURVE('',#814,#817,#35,.T.);
#629=EDGE_CURVE('',#816,#818,#36,.F.);
#630=EDGE_CURVE('',#819,#818,#963,.T.);
#631=EDGE_CURVE('',#817,#819,#37,.F.);
#632=EDGE_CURVE('',#818,#820,#964,.T.);
#633=EDGE_CURVE('',#821,#820,#965,.T.);
#634=EDGE_CURVE('',#819,#821,#966,.T.);
#635=EDGE_CURVE('',#820,#822,#38,.T.);
#636=EDGE_CURVE('',#823,#822,#967,.T.);
#637=EDGE_CURVE('',#821,#823,#39,.T.);
#638=EDGE_CURVE('',#822,#812,#968,.F.);
#639=EDGE_CURVE('',#823,#815,#969,.F.);
#640=EDGE_CURVE('',#797,#810,#40,.T.);
#641=EDGE_CURVE('',#799,#811,#41,.T.);
#642=EDGE_CURVE('',#824,#825,#970,.T.);
#643=EDGE_CURVE('',#826,#824,#971,.T.);
#644=EDGE_CURVE('',#826,#827,#972,.T.);
#645=EDGE_CURVE('',#827,#825,#973,.T.);
#646=EDGE_CURVE('',#825,#828,#974,.F.);
#647=EDGE_CURVE('',#827,#829,#975,.F.);
#648=EDGE_CURVE('',#829,#828,#976,.T.);
#649=EDGE_CURVE('',#828,#830,#977,.T.);
#650=EDGE_CURVE('',#829,#831,#978,.T.);
#651=EDGE_CURVE('',#831,#830,#979,.T.);
#652=EDGE_CURVE('',#830,#824,#980,.T.);
#653=EDGE_CURVE('',#831,#826,#981,.T.);
#654=EDGE_CURVE('',#832,#833,#42,.T.);
#655=EDGE_CURVE('',#834,#833,#982,.T.);
#656=EDGE_CURVE('',#835,#834,#43,.T.);
#657=EDGE_CURVE('',#835,#832,#983,.T.);
#658=EDGE_CURVE('',#836,#832,#984,.F.);
#659=EDGE_CURVE('',#837,#835,#985,.F.);
#660=EDGE_CURVE('',#837,#836,#986,.T.);
#661=EDGE_CURVE('',#838,#836,#44,.T.);
#662=EDGE_CURVE('',#839,#837,#45,.T.);
#663=EDGE_CURVE('',#839,#838,#987,.T.);
#664=EDGE_CURVE('',#840,#838,#988,.T.);
#665=EDGE_CURVE('',#841,#839,#989,.T.);
#666=EDGE_CURVE('',#841,#840,#990,.T.);
#667=EDGE_CURVE('',#842,#840,#46,.F.);
#668=EDGE_CURVE('',#843,#841,#47,.F.);
#669=EDGE_CURVE('',#843,#842,#991,.T.);
#670=EDGE_CURVE('',#844,#842,#992,.T.);
#671=EDGE_CURVE('',#845,#843,#993,.T.);
#672=EDGE_CURVE('',#845,#844,#994,.T.);
#673=EDGE_CURVE('',#846,#844,#48,.T.);
#674=EDGE_CURVE('',#847,#845,#49,.T.);
#675=EDGE_CURVE('',#847,#846,#995,.T.);
#676=EDGE_CURVE('',#848,#849,#50,.T.);
#677=EDGE_CURVE('',#850,#848,#996,.T.);
#678=EDGE_CURVE('',#850,#851,#51,.T.);
#679=EDGE_CURVE('',#851,#849,#997,.T.);
#680=EDGE_CURVE('',#849,#852,#52,.T.);
#681=EDGE_CURVE('',#851,#853,#53,.T.);
#682=EDGE_CURVE('',#853,#852,#998,.T.);
#683=EDGE_CURVE('',#852,#854,#54,.F.);
#684=EDGE_CURVE('',#853,#855,#55,.F.);
#685=EDGE_CURVE('',#855,#854,#999,.T.);
#686=EDGE_CURVE('',#854,#856,#1000,.T.);
#687=EDGE_CURVE('',#855,#857,#1001,.T.);
#688=EDGE_CURVE('',#857,#856,#1002,.T.);
#689=EDGE_CURVE('',#856,#858,#56,.T.);
#690=EDGE_CURVE('',#857,#859,#57,.T.);
#691=EDGE_CURVE('',#859,#858,#1003,.T.);
#692=EDGE_CURVE('',#858,#848,#1004,.F.);
#693=EDGE_CURVE('',#859,#850,#1005,.F.);
#694=EDGE_CURVE('',#833,#846,#1006,.T.);
#695=EDGE_CURVE('',#834,#847,#1007,.T.);
#696=EDGE_CURVE('',#860,#861,#1008,.T.);
#697=EDGE_CURVE('',#862,#861,#1009,.T.);
#698=EDGE_CURVE('',#863,#862,#1010,.T.);
#699=EDGE_CURVE('',#863,#860,#1011,.T.);
#700=EDGE_CURVE('',#861,#864,#1012,.F.);
#701=EDGE_CURVE('',#865,#864,#1013,.T.);
#702=EDGE_CURVE('',#862,#865,#1014,.F.);
#703=EDGE_CURVE('',#864,#866,#1015,.T.);
#704=EDGE_CURVE('',#867,#866,#1016,.T.);
#705=EDGE_CURVE('',#865,#867,#1017,.T.);
#706=EDGE_CURVE('',#866,#860,#1018,.T.);
#707=EDGE_CURVE('',#867,#863,#1019,.T.);
#708=EDGE_CURVE('',#868,#869,#1020,.T.);
#709=EDGE_CURVE('',#870,#869,#1021,.T.);
#710=EDGE_CURVE('',#871,#870,#1022,.T.);
#711=EDGE_CURVE('',#871,#868,#1023,.T.);
#712=EDGE_CURVE('',#872,#870,#1024,.T.);
#713=EDGE_CURVE('',#873,#872,#1025,.T.);
#714=EDGE_CURVE('',#873,#871,#1026,.T.);
#715=EDGE_CURVE('',#874,#872,#1027,.T.);
#716=EDGE_CURVE('',#875,#874,#1028,.T.);
#717=EDGE_CURVE('',#875,#873,#1029,.T.);
#718=EDGE_CURVE('',#876,#877,#1030,.T.);
#719=EDGE_CURVE('',#877,#878,#1031,.T.);
#720=EDGE_CURVE('',#879,#878,#1032,.T.);
#721=EDGE_CURVE('',#876,#879,#1033,.T.);
#722=EDGE_CURVE('',#878,#880,#58,.T.);
#723=EDGE_CURVE('',#881,#880,#1034,.T.);
#724=EDGE_CURVE('',#879,#881,#59,.T.);
#725=EDGE_CURVE('',#880,#882,#1035,.T.);
#726=EDGE_CURVE('',#883,#882,#1036,.T.);
#727=EDGE_CURVE('',#881,#883,#1037,.T.);
#728=EDGE_CURVE('',#882,#877,#1038,.T.);
#729=EDGE_CURVE('',#883,#876,#1039,.T.);
#730=EDGE_CURVE('',#869,#874,#60,.T.);
#731=EDGE_CURVE('',#868,#875,#61,.T.);
#732=EDGE_CURVE('',#884,#885,#1040,.T.);
#733=EDGE_CURVE('',#886,#885,#1041,.T.);
#734=EDGE_CURVE('',#887,#886,#1042,.T.);
#735=EDGE_CURVE('',#887,#884,#1043,.T.);
#736=EDGE_CURVE('',#885,#888,#1044,.F.);
#737=EDGE_CURVE('',#889,#888,#1045,.T.);
#738=EDGE_CURVE('',#886,#889,#1046,.F.);
#739=EDGE_CURVE('',#888,#890,#1047,.T.);
#740=EDGE_CURVE('',#891,#890,#1048,.T.);
#741=EDGE_CURVE('',#889,#891,#1049,.T.);
#742=EDGE_CURVE('',#890,#884,#1050,.T.);
#743=EDGE_CURVE('',#891,#887,#1051,.T.);
#744=EDGE_CURVE('',#892,#893,#1052,.T.);
#745=EDGE_CURVE('',#894,#892,#1053,.T.);
#746=EDGE_CURVE('',#894,#895,#1054,.T.);
#747=EDGE_CURVE('',#895,#893,#1055,.T.);
#748=EDGE_CURVE('',#893,#896,#1056,.F.);
#749=EDGE_CURVE('',#895,#897,#1057,.F.);
#750=EDGE_CURVE('',#897,#896,#1058,.T.);
#751=EDGE_CURVE('',#896,#898,#1059,.T.);
#752=EDGE_CURVE('',#897,#899,#1060,.T.);
#753=EDGE_CURVE('',#899,#898,#1061,.T.);
#754=EDGE_CURVE('',#898,#892,#1062,.T.);
#755=EDGE_CURVE('',#899,#894,#1063,.T.);
#756=VERTEX_POINT('',#2333);
#757=VERTEX_POINT('',#2334);
#758=VERTEX_POINT('',#2336);
#759=VERTEX_POINT('',#2338);
#760=VERTEX_POINT('',#2342);
#761=VERTEX_POINT('',#2344);
#762=VERTEX_POINT('',#2348);
#763=VERTEX_POINT('',#2350);
#764=VERTEX_POINT('',#2360);
#765=VERTEX_POINT('',#2361);
#766=VERTEX_POINT('',#2363);
#767=VERTEX_POINT('',#2365);
#768=VERTEX_POINT('',#2369);
#769=VERTEX_POINT('',#2371);
#770=VERTEX_POINT('',#2375);
#771=VERTEX_POINT('',#2377);
#772=VERTEX_POINT('',#2387);
#773=VERTEX_POINT('',#2388);
#774=VERTEX_POINT('',#2390);
#775=VERTEX_POINT('',#2392);
#776=VERTEX_POINT('',#2396);
#777=VERTEX_POINT('',#2398);
#778=VERTEX_POINT('',#2402);
#779=VERTEX_POINT('',#2404);
#780=VERTEX_POINT('',#2408);
#781=VERTEX_POINT('',#2410);
#782=VERTEX_POINT('',#2414);
#783=VERTEX_POINT('',#2416);
#784=VERTEX_POINT('',#2420);
#785=VERTEX_POINT('',#2421);
#786=VERTEX_POINT('',#2423);
#787=VERTEX_POINT('',#2425);
#788=VERTEX_POINT('',#2429);
#789=VERTEX_POINT('',#2431);
#790=VERTEX_POINT('',#2435);
#791=VERTEX_POINT('',#2437);
#792=VERTEX_POINT('',#2441);
#793=VERTEX_POINT('',#2443);
#794=VERTEX_POINT('',#2447);
#795=VERTEX_POINT('',#2449);
#796=VERTEX_POINT('',#2462);
#797=VERTEX_POINT('',#2463);
#798=VERTEX_POINT('',#2465);
#799=VERTEX_POINT('',#2467);
#800=VERTEX_POINT('',#2471);
#801=VERTEX_POINT('',#2473);
#802=VERTEX_POINT('',#2477);
#803=VERTEX_POINT('',#2479);
#804=VERTEX_POINT('',#2483);
#805=VERTEX_POINT('',#2485);
#806=VERTEX_POINT('',#2489);
#807=VERTEX_POINT('',#2491);
#808=VERTEX_POINT('',#2495);
#809=VERTEX_POINT('',#2497);
#810=VERTEX_POINT('',#2501);
#811=VERTEX_POINT('',#2503);
#812=VERTEX_POINT('',#2507);
#813=VERTEX_POINT('',#2508);
#814=VERTEX_POINT('',#2510);
#815=VERTEX_POINT('',#2512);
#816=VERTEX_POINT('',#2516);
#817=VERTEX_POINT('',#2518);
#818=VERTEX_POINT('',#2522);
#819=VERTEX_POINT('',#2524);
#820=VERTEX_POINT('',#2528);
#821=VERTEX_POINT('',#2530);
#822=VERTEX_POINT('',#2534);
#823=VERTEX_POINT('',#2536);
#824=VERTEX_POINT('',#2549);
#825=VERTEX_POINT('',#2550);
#826=VERTEX_POINT('',#2552);
#827=VERTEX_POINT('',#2554);
#828=VERTEX_POINT('',#2558);
#829=VERTEX_POINT('',#2560);
#830=VERTEX_POINT('',#2564);
#831=VERTEX_POINT('',#2566);
#832=VERTEX_POINT('',#2576);
#833=VERTEX_POINT('',#2577);
#834=VERTEX_POINT('',#2579);
#835=VERTEX_POINT('',#2581);
#836=VERTEX_POINT('',#2585);
#837=VERTEX_POINT('',#2587);
#838=VERTEX_POINT('',#2591);
#839=VERTEX_POINT('',#2593);
#840=VERTEX_POINT('',#2597);
#841=VERTEX_POINT('',#2599);
#842=VERTEX_POINT('',#2603);
#843=VERTEX_POINT('',#2605);
#844=VERTEX_POINT('',#2609);
#845=VERTEX_POINT('',#2611);
#846=VERTEX_POINT('',#2615);
#847=VERTEX_POINT('',#2617);
#848=VERTEX_POINT('',#2621);
#849=VERTEX_POINT('',#2622);
#850=VERTEX_POINT('',#2624);
#851=VERTEX_POINT('',#2626);
#852=VERTEX_POINT('',#2630);
#853=VERTEX_POINT('',#2632);
#854=VERTEX_POINT('',#2636);
#855=VERTEX_POINT('',#2638);
#856=VERTEX_POINT('',#2642);
#857=VERTEX_POINT('',#2644);
#858=VERTEX_POINT('',#2648);
#859=VERTEX_POINT('',#2650);
#860=VERTEX_POINT('',#2663);
#861=VERTEX_POINT('',#2664);
#862=VERTEX_POINT('',#2666);
#863=VERTEX_POINT('',#2668);
#864=VERTEX_POINT('',#2672);
#865=VERTEX_POINT('',#2674);
#866=VERTEX_POINT('',#2678);
#867=VERTEX_POINT('',#2680);
#868=VERTEX_POINT('',#2690);
#869=VERTEX_POINT('',#2691);
#870=VERTEX_POINT('',#2693);
#871=VERTEX_POINT('',#2695);
#872=VERTEX_POINT('',#2699);
#873=VERTEX_POINT('',#2701);
#874=VERTEX_POINT('',#2705);
#875=VERTEX_POINT('',#2707);
#876=VERTEX_POINT('',#2711);
#877=VERTEX_POINT('',#2712);
#878=VERTEX_POINT('',#2714);
#879=VERTEX_POINT('',#2716);
#880=VERTEX_POINT('',#2720);
#881=VERTEX_POINT('',#2722);
#882=VERTEX_POINT('',#2726);
#883=VERTEX_POINT('',#2728);
#884=VERTEX_POINT('',#2741);
#885=VERTEX_POINT('',#2742);
#886=VERTEX_POINT('',#2744);
#887=VERTEX_POINT('',#2746);
#888=VERTEX_POINT('',#2750);
#889=VERTEX_POINT('',#2752);
#890=VERTEX_POINT('',#2756);
#891=VERTEX_POINT('',#2758);
#892=VERTEX_POINT('',#2768);
#893=VERTEX_POINT('',#2769);
#894=VERTEX_POINT('',#2771);
#895=VERTEX_POINT('',#2773);
#896=VERTEX_POINT('',#2777);
#897=VERTEX_POINT('',#2779);
#898=VERTEX_POINT('',#2783);
#899=VERTEX_POINT('',#2785);
#900=LINE('',#2332,#1064);
#901=LINE('',#2335,#1065);
#902=LINE('',#2337,#1066);
#903=LINE('',#2339,#1067);
#904=LINE('',#2341,#1068);
#905=LINE('',#2343,#1069);
#906=LINE('',#2345,#1070);
#907=LINE('',#2347,#1071);
#908=LINE('',#2349,#1072);
#909=LINE('',#2351,#1073);
#910=LINE('',#2353,#1074);
#911=LINE('',#2354,#1075);
#912=LINE('',#2359,#1076);
#913=LINE('',#2362,#1077);
#914=LINE('',#2364,#1078);
#915=LINE('',#2366,#1079);
#916=LINE('',#2368,#1080);
#917=LINE('',#2370,#1081);
#918=LINE('',#2372,#1082);
#919=LINE('',#2374,#1083);
#920=LINE('',#2376,#1084);
#921=LINE('',#2378,#1085);
#922=LINE('',#2380,#1086);
#923=LINE('',#2381,#1087);
#924=LINE('',#2389,#1088);
#925=LINE('',#2393,#1089);
#926=LINE('',#2395,#1090);
#927=LINE('',#2397,#1091);
#928=LINE('',#2399,#1092);
#929=LINE('',#2405,#1093);
#930=LINE('',#2407,#1094);
#931=LINE('',#2409,#1095);
#932=LINE('',#2411,#1096);
#933=LINE('',#2417,#1097);
#934=LINE('',#2422,#1098);
#935=LINE('',#2426,#1099);
#936=LINE('',#2432,#1100);
#937=LINE('',#2438,#1101);
#938=LINE('',#2440,#1102);
#939=LINE('',#2442,#1103);
#940=LINE('',#2444,#1104);
#941=LINE('',#2450,#1105);
#942=LINE('',#2452,#1106);
#943=LINE('',#2453,#1107);
#944=LINE('',#2461,#1108);
#945=LINE('',#2464,#1109);
#946=LINE('',#2466,#1110);
#947=LINE('',#2468,#1111);
#948=LINE('',#2472,#1112);
#949=LINE('',#2476,#1113);
#950=LINE('',#2478,#1114);
#951=LINE('',#2480,#1115);
#952=LINE('',#2484,#1116);
#953=LINE('',#2488,#1117);
#954=LINE('',#2490,#1118);
#955=LINE('',#2492,#1119);
#956=LINE('',#2496,#1120);
#957=LINE('',#2500,#1121);
#958=LINE('',#2502,#1122);
#959=LINE('',#2504,#1123);
#960=LINE('',#2509,#1124);
#961=LINE('',#2513,#1125);
#962=LINE('',#2517,#1126);
#963=LINE('',#2523,#1127);
#964=LINE('',#2527,#1128);
#965=LINE('',#2529,#1129);
#966=LINE('',#2531,#1130);
#967=LINE('',#2535,#1131);
#968=LINE('',#2539,#1132);
#969=LINE('',#2540,#1133);
#970=LINE('',#2548,#1134);
#971=LINE('',#2551,#1135);
#972=LINE('',#2553,#1136);
#973=LINE('',#2555,#1137);
#974=LINE('',#2557,#1138);
#975=LINE('',#2559,#1139);
#976=LINE('',#2561,#1140);
#977=LINE('',#2563,#1141);
#978=LINE('',#2565,#1142);
#979=LINE('',#2567,#1143);
#980=LINE('',#2569,#1144);
#981=LINE('',#2570,#1145);
#982=LINE('',#2578,#1146);
#983=LINE('',#2582,#1147);
#984=LINE('',#2584,#1148);
#985=LINE('',#2586,#1149);
#986=LINE('',#2588,#1150);
#987=LINE('',#2594,#1151);
#988=LINE('',#2596,#1152);
#989=LINE('',#2598,#1153);
#990=LINE('',#2600,#1154);
#991=LINE('',#2606,#1155);
#992=LINE('',#2608,#1156);
#993=LINE('',#2610,#1157);
#994=LINE('',#2612,#1158);
#995=LINE('',#2618,#1159);
#996=LINE('',#2623,#1160);
#997=LINE('',#2627,#1161);
#998=LINE('',#2633,#1162);
#999=LINE('',#2639,#1163);
#1000=LINE('',#2641,#1164);
#1001=LINE('',#2643,#1165);
#1002=LINE('',#2645,#1166);
#1003=LINE('',#2651,#1167);
#1004=LINE('',#2653,#1168);
#1005=LINE('',#2654,#1169);
#1006=LINE('',#2656,#1170);
#1007=LINE('',#2657,#1171);
#1008=LINE('',#2662,#1172);
#1009=LINE('',#2665,#1173);
#1010=LINE('',#2667,#1174);
#1011=LINE('',#2669,#1175);
#1012=LINE('',#2671,#1176);
#1013=LINE('',#2673,#1177);
#1014=LINE('',#2675,#1178);
#1015=LINE('',#2677,#1179);
#1016=LINE('',#2679,#1180);
#1017=LINE('',#2681,#1181);
#1018=LINE('',#2683,#1182);
#1019=LINE('',#2684,#1183);
#1020=LINE('',#2689,#1184);
#1021=LINE('',#2692,#1185);
#1022=LINE('',#2694,#1186);
#1023=LINE('',#2696,#1187);
#1024=LINE('',#2698,#1188);
#1025=LINE('',#2700,#1189);
#1026=LINE('',#2702,#1190);
#1027=LINE('',#2704,#1191);
#1028=LINE('',#2706,#1192);
#1029=LINE('',#2708,#1193);
#1030=LINE('',#2710,#1194);
#1031=LINE('',#2713,#1195);
#1032=LINE('',#2715,#1196);
#1033=LINE('',#2717,#1197);
#1034=LINE('',#2721,#1198);
#1035=LINE('',#2725,#1199);
#1036=LINE('',#2727,#1200);
#1037=LINE('',#2729,#1201);
#1038=LINE('',#2731,#1202);
#1039=LINE('',#2732,#1203);
#1040=LINE('',#2740,#1204);
#1041=LINE('',#2743,#1205);
#1042=LINE('',#2745,#1206);
#1043=LINE('',#2747,#1207);
#1044=LINE('',#2749,#1208);
#1045=LINE('',#2751,#1209);
#1046=LINE('',#2753,#1210);
#1047=LINE('',#2755,#1211);
#1048=LINE('',#2757,#1212);
#1049=LINE('',#2759,#1213);
#1050=LINE('',#2761,#1214);
#1051=LINE('',#2762,#1215);
#1052=LINE('',#2767,#1216);
#1053=LINE('',#2770,#1217);
#1054=LINE('',#2772,#1218);
#1055=LINE('',#2774,#1219);
#1056=LINE('',#2776,#1220);
#1057=LINE('',#2778,#1221);
#1058=LINE('',#2780,#1222);
#1059=LINE('',#2782,#1223);
#1060=LINE('',#2784,#1224);
#1061=LINE('',#2786,#1225);
#1062=LINE('',#2788,#1226);
#1063=LINE('',#2789,#1227);
#1064=VECTOR('',#1862,1.);
#1065=VECTOR('',#1863,1.);
#1066=VECTOR('',#1864,1.);
#1067=VECTOR('',#1865,1.);
#1068=VECTOR('',#1868,1.);
#1069=VECTOR('',#1869,1.);
#1070=VECTOR('',#1870,1.);
#1071=VECTOR('',#1873,1.);
#1072=VECTOR('',#1874,1.);
#1073=VECTOR('',#1875,1.);
#1074=VECTOR('',#1878,1.);
#1075=VECTOR('',#1879,1.);
#1076=VECTOR('',#1888,1.);
#1077=VECTOR('',#1889,1.);
#1078=VECTOR('',#1890,1.);
#1079=VECTOR('',#1891,1.);
#1080=VECTOR('',#1894,1.);
#1081=VECTOR('',#1895,1.);
#1082=VECTOR('',#1896,1.);
#1083=VECTOR('',#1899,1.);
#1084=VECTOR('',#1900,1.);
#1085=VECTOR('',#1901,1.);
#1086=VECTOR('',#1904,1.);
#1087=VECTOR('',#1905,1.);
#1088=VECTOR('',#1916,1.);
#1089=VECTOR('',#1919,1.);
#1090=VECTOR('',#1922,1.);
#1091=VECTOR('',#1923,1.);
#1092=VECTOR('',#1924,1.);
#1093=VECTOR('',#1931,1.);
#1094=VECTOR('',#1934,1.);
#1095=VECTOR('',#1935,1.);
#1096=VECTOR('',#1936,1.);
#1097=VECTOR('',#1943,1.);
#1098=VECTOR('',#1948,1.);
#1099=VECTOR('',#1951,1.);
#1100=VECTOR('',#1958,1.);
#1101=VECTOR('',#1965,1.);
#1102=VECTOR('',#1968,1.);
#1103=VECTOR('',#1969,1.);
#1104=VECTOR('',#1970,1.);
#1105=VECTOR('',#1977,1.);
#1106=VECTOR('',#1980,1.);
#1107=VECTOR('',#1981,1.);
#1108=VECTOR('',#1996,1.);
#1109=VECTOR('',#1997,1.);
#1110=VECTOR('',#1998,1.);
#1111=VECTOR('',#1999,1.);
#1112=VECTOR('',#2004,1.);
#1113=VECTOR('',#2009,1.);
#1114=VECTOR('',#2010,1.);
#1115=VECTOR('',#2011,1.);
#1116=VECTOR('',#2016,1.);
#1117=VECTOR('',#2021,1.);
#1118=VECTOR('',#2022,1.);
#1119=VECTOR('',#2023,1.);
#1120=VECTOR('',#2028,1.);
#1121=VECTOR('',#2033,1.);
#1122=VECTOR('',#2034,1.);
#1123=VECTOR('',#2035,1.);
#1124=VECTOR('',#2040,1.);
#1125=VECTOR('',#2043,1.);
#1126=VECTOR('',#2048,1.);
#1127=VECTOR('',#2055,1.);
#1128=VECTOR('',#2060,1.);
#1129=VECTOR('',#2061,1.);
#1130=VECTOR('',#2062,1.);
#1131=VECTOR('',#2067,1.);
#1132=VECTOR('',#2072,1.);
#1133=VECTOR('',#2073,1.);
#1134=VECTOR('',#2088,1.);
#1135=VECTOR('',#2089,1.);
#1136=VECTOR('',#2090,1.);
#1137=VECTOR('',#2091,1.);
#1138=VECTOR('',#2094,1.);
#1139=VECTOR('',#2095,1.);
#1140=VECTOR('',#2096,1.);
#1141=VECTOR('',#2099,1.);
#1142=VECTOR('',#2100,1.);
#1143=VECTOR('',#2101,1.);
#1144=VECTOR('',#2104,1.);
#1145=VECTOR('',#2105,1.);
#1146=VECTOR('',#2116,1.);
#1147=VECTOR('',#2119,1.);
#1148=VECTOR('',#2122,1.);
#1149=VECTOR('',#2123,1.);
#1150=VECTOR('',#2124,1.);
#1151=VECTOR('',#2131,1.);
#1152=VECTOR('',#2134,1.);
#1153=VECTOR('',#2135,1.);
#1154=VECTOR('',#2136,1.);
#1155=VECTOR('',#2143,1.);
#1156=VECTOR('',#2146,1.);
#1157=VECTOR('',#2147,1.);
#1158=VECTOR('',#2148,1.);
#1159=VECTOR('',#2155,1.);
#1160=VECTOR('',#2160,1.);
#1161=VECTOR('',#2163,1.);
#1162=VECTOR('',#2170,1.);
#1163=VECTOR('',#2177,1.);
#1164=VECTOR('',#2180,1.);
#1165=VECTOR('',#2181,1.);
#1166=VECTOR('',#2182,1.);
#1167=VECTOR('',#2189,1.);
#1168=VECTOR('',#2192,1.);
#1169=VECTOR('',#2193,1.);
#1170=VECTOR('',#2196,1.);
#1171=VECTOR('',#2197,1.);
#1172=VECTOR('',#2206,1.);
#1173=VECTOR('',#2207,1.);
#1174=VECTOR('',#2208,1.);
#1175=VECTOR('',#2209,1.);
#1176=VECTOR('',#2212,1.);
#1177=VECTOR('',#2213,1.);
#1178=VECTOR('',#2214,1.);
#1179=VECTOR('',#2217,1.);
#1180=VECTOR('',#2218,1.);
#1181=VECTOR('',#2219,1.);
#1182=VECTOR('',#2222,1.);
#1183=VECTOR('',#2223,1.);
#1184=VECTOR('',#2232,1.);
#1185=VECTOR('',#2233,1.);
#1186=VECTOR('',#2234,1.);
#1187=VECTOR('',#2235,1.);
#1188=VECTOR('',#2238,1.);
#1189=VECTOR('',#2239,1.);
#1190=VECTOR('',#2240,1.);
#1191=VECTOR('',#2243,1.);
#1192=VECTOR('',#2244,1.);
#1193=VECTOR('',#2245,1.);
#1194=VECTOR('',#2248,1.);
#1195=VECTOR('',#2249,1.);
#1196=VECTOR('',#2250,1.);
#1197=VECTOR('',#2251,1.);
#1198=VECTOR('',#2256,1.);
#1199=VECTOR('',#2261,1.);
#1200=VECTOR('',#2262,1.);
#1201=VECTOR('',#2263,1.);
#1202=VECTOR('',#2266,1.);
#1203=VECTOR('',#2267,1.);
#1204=VECTOR('',#2282,1.);
#1205=VECTOR('',#2283,1.);
#1206=VECTOR('',#2284,1.);
#1207=VECTOR('',#2285,1.);
#1208=VECTOR('',#2288,1.);
#1209=VECTOR('',#2289,1.);
#1210=VECTOR('',#2290,1.);
#1211=VECTOR('',#2293,1.);
#1212=VECTOR('',#2294,1.);
#1213=VECTOR('',#2295,1.);
#1214=VECTOR('',#2298,1.);
#1215=VECTOR('',#2299,1.);
#1216=VECTOR('',#2308,1.);
#1217=VECTOR('',#2309,1.);
#1218=VECTOR('',#2310,1.);
#1219=VECTOR('',#2311,1.);
#1220=VECTOR('',#2314,1.);
#1221=VECTOR('',#2315,1.);
#1222=VECTOR('',#2316,1.);
#1223=VECTOR('',#2319,1.);
#1224=VECTOR('',#2320,1.);
#1225=VECTOR('',#2321,1.);
#1226=VECTOR('',#2324,1.);
#1227=VECTOR('',#2325,1.);
#1228=EDGE_LOOP('',(#108,#109,#110,#111));
#1229=EDGE_LOOP('',(#112,#113,#114,#115));
#1230=EDGE_LOOP('',(#116,#117,#118,#119));
#1231=EDGE_LOOP('',(#120,#121,#122,#123));
#1232=EDGE_LOOP('',(#124,#125,#126,#127));
#1233=EDGE_LOOP('',(#128,#129,#130,#131));
#1234=EDGE_LOOP('',(#132,#133,#134,#135));
#1235=EDGE_LOOP('',(#136,#137,#138,#139));
#1236=EDGE_LOOP('',(#140,#141,#142,#143));
#1237=EDGE_LOOP('',(#144,#145,#146,#147));
#1238=EDGE_LOOP('',(#148,#149,#150,#151));
#1239=EDGE_LOOP('',(#152,#153,#154,#155));
#1240=EDGE_LOOP('',(#156,#157,#158,#159));
#1241=EDGE_LOOP('',(#160,#161,#162,#163));
#1242=EDGE_LOOP('',(#164,#165,#166,#167));
#1243=EDGE_LOOP('',(#168,#169,#170,#171));
#1244=EDGE_LOOP('',(#172,#173,#174,#175));
#1245=EDGE_LOOP('',(#176,#177,#178,#179));
#1246=EDGE_LOOP('',(#180,#181,#182,#183));
#1247=EDGE_LOOP('',(#184,#185,#186,#187));
#1248=EDGE_LOOP('',(#188,#189,#190,#191));
#1249=EDGE_LOOP('',(#192,#193,#194,#195));
#1250=EDGE_LOOP('',(#196,#197,#198,#199));
#1251=EDGE_LOOP('',(#200,#201,#202,#203));
#1252=EDGE_LOOP('',(#204,#205,#206,#207,#208,#209));
#1253=EDGE_LOOP('',(#210,#211,#212,#213,#214,#215));
#1254=EDGE_LOOP('',(#216,#217,#218,#219,#220,#221));
#1255=EDGE_LOOP('',(#222,#223,#224,#225,#226,#227));
#1256=EDGE_LOOP('',(#228,#229,#230,#231));
#1257=EDGE_LOOP('',(#232,#233,#234,#235));
#1258=EDGE_LOOP('',(#236,#237,#238,#239));
#1259=EDGE_LOOP('',(#240,#241,#242,#243));
#1260=EDGE_LOOP('',(#244,#245,#246,#247));
#1261=EDGE_LOOP('',(#248,#249,#250,#251));
#1262=EDGE_LOOP('',(#252,#253,#254,#255));
#1263=EDGE_LOOP('',(#256,#257,#258,#259));
#1264=EDGE_LOOP('',(#260,#261,#262,#263));
#1265=EDGE_LOOP('',(#264,#265,#266,#267));
#1266=EDGE_LOOP('',(#268,#269,#270,#271));
#1267=EDGE_LOOP('',(#272,#273,#274,#275));
#1268=EDGE_LOOP('',(#276,#277,#278,#279));
#1269=EDGE_LOOP('',(#280,#281,#282,#283));
#1270=EDGE_LOOP('',(#284,#285,#286,#287,#288,#289));
#1271=EDGE_LOOP('',(#290,#291,#292,#293,#294,#295,#296,#297));
#1272=EDGE_LOOP('',(#298,#299,#300,#301,#302,#303));
#1273=EDGE_LOOP('',(#304,#305,#306,#307,#308,#309,#310,#311));
#1274=EDGE_LOOP('',(#312,#313,#314,#315));
#1275=EDGE_LOOP('',(#316,#317,#318,#319));
#1276=EDGE_LOOP('',(#320,#321,#322,#323));
#1277=EDGE_LOOP('',(#324,#325,#326,#327));
#1278=EDGE_LOOP('',(#328,#329,#330,#331));
#1279=EDGE_LOOP('',(#332,#333,#334,#335));
#1280=EDGE_LOOP('',(#336,#337,#338,#339));
#1281=EDGE_LOOP('',(#340,#341,#342,#343));
#1282=EDGE_LOOP('',(#344,#345,#346,#347));
#1283=EDGE_LOOP('',(#348,#349,#350,#351));
#1284=EDGE_LOOP('',(#352,#353,#354,#355));
#1285=EDGE_LOOP('',(#356,#357,#358,#359));
#1286=EDGE_LOOP('',(#360,#361,#362,#363));
#1287=EDGE_LOOP('',(#364,#365,#366,#367));
#1288=EDGE_LOOP('',(#368,#369,#370,#371));
#1289=EDGE_LOOP('',(#372,#373,#374,#375));
#1290=EDGE_LOOP('',(#376,#377,#378,#379));
#1291=EDGE_LOOP('',(#380,#381,#382,#383));
#1292=EDGE_LOOP('',(#384,#385,#386,#387));
#1293=EDGE_LOOP('',(#388,#389,#390,#391));
#1294=EDGE_LOOP('',(#392,#393,#394,#395,#396,#397));
#1295=EDGE_LOOP('',(#398,#399,#400,#401,#402,#403,#404,#405));
#1296=EDGE_LOOP('',(#406,#407,#408,#409,#410,#411));
#1297=EDGE_LOOP('',(#412,#413,#414,#415,#416,#417,#418,#419));
#1298=EDGE_LOOP('',(#420,#421,#422,#423));
#1299=EDGE_LOOP('',(#424,#425,#426,#427));
#1300=EDGE_LOOP('',(#428,#429,#430,#431));
#1301=EDGE_LOOP('',(#432,#433,#434,#435));
#1302=EDGE_LOOP('',(#436,#437,#438,#439));
#1303=EDGE_LOOP('',(#440,#441,#442,#443));
#1304=EDGE_LOOP('',(#444,#445,#446,#447));
#1305=EDGE_LOOP('',(#448,#449,#450,#451));
#1306=EDGE_LOOP('',(#452,#453,#454,#455));
#1307=EDGE_LOOP('',(#456,#457,#458,#459));
#1308=EDGE_LOOP('',(#460,#461,#462,#463));
#1309=EDGE_LOOP('',(#464,#465,#466,#467));
#1310=EDGE_LOOP('',(#468,#469,#470,#471));
#1311=EDGE_LOOP('',(#472,#473,#474,#475));
#1312=EDGE_LOOP('',(#476,#477,#478,#479));
#1313=EDGE_LOOP('',(#480,#481,#482,#483));
#1314=EDGE_LOOP('',(#484,#485,#486,#487));
#1315=EDGE_LOOP('',(#488,#489,#490,#491));
#1316=EDGE_LOOP('',(#492,#493,#494,#495));
#1317=EDGE_LOOP('',(#496,#497,#498,#499));
#1318=EDGE_LOOP('',(#500,#501,#502,#503));
#1319=EDGE_LOOP('',(#504,#505,#506,#507));
#1320=EDGE_LOOP('',(#508,#509,#510,#511));
#1321=EDGE_LOOP('',(#512,#513,#514,#515));
#1322=EDGE_LOOP('',(#516,#517,#518,#519));
#1323=EDGE_LOOP('',(#520,#521,#522,#523));
#1324=EDGE_LOOP('',(#524,#525,#526,#527));
#1325=EDGE_LOOP('',(#528,#529,#530,#531));
#1326=EDGE_LOOP('',(#532,#533,#534,#535));
#1327=EDGE_LOOP('',(#536,#537,#538,#539));
#1328=FACE_BOUND('',#1228,.T.);
#1329=FACE_BOUND('',#1229,.T.);
#1330=FACE_BOUND('',#1230,.T.);
#1331=FACE_BOUND('',#1231,.T.);
#1332=FACE_BOUND('',#1232,.T.);
#1333=FACE_BOUND('',#1233,.T.);
#1334=FACE_BOUND('',#1234,.T.);
#1335=FACE_BOUND('',#1235,.T.);
#1336=FACE_BOUND('',#1236,.T.);
#1337=FACE_BOUND('',#1237,.T.);
#1338=FACE_BOUND('',#1238,.T.);
#1339=FACE_BOUND('',#1239,.T.);
#1340=FACE_BOUND('',#1240,.T.);
#1341=FACE_BOUND('',#1241,.T.);
#1342=FACE_BOUND('',#1242,.T.);
#1343=FACE_BOUND('',#1243,.T.);
#1344=FACE_BOUND('',#1244,.T.);
#1345=FACE_BOUND('',#1245,.T.);
#1346=FACE_BOUND('',#1246,.T.);
#1347=FACE_BOUND('',#1247,.T.);
#1348=FACE_BOUND('',#1248,.T.);
#1349=FACE_BOUND('',#1249,.T.);
#1350=FACE_BOUND('',#1250,.T.);
#1351=FACE_BOUND('',#1251,.T.);
#1352=FACE_BOUND('',#1252,.T.);
#1353=FACE_BOUND('',#1253,.T.);
#1354=FACE_BOUND('',#1254,.T.);
#1355=FACE_BOUND('',#1255,.T.);
#1356=FACE_BOUND('',#1256,.T.);
#1357=FACE_BOUND('',#1257,.T.);
#1358=FACE_BOUND('',#1258,.T.);
#1359=FACE_BOUND('',#1259,.T.);
#1360=FACE_BOUND('',#1260,.T.);
#1361=FACE_BOUND('',#1261,.T.);
#1362=FACE_BOUND('',#1262,.T.);
#1363=FACE_BOUND('',#1263,.T.);
#1364=FACE_BOUND('',#1264,.T.);
#1365=FACE_BOUND('',#1265,.T.);
#1366=FACE_BOUND('',#1266,.T.);
#1367=FACE_BOUND('',#1267,.T.);
#1368=FACE_BOUND('',#1268,.T.);
#1369=FACE_BOUND('',#1269,.T.);
#1370=FACE_BOUND('',#1270,.T.);
#1371=FACE_BOUND('',#1271,.T.);
#1372=FACE_BOUND('',#1272,.T.);
#1373=FACE_BOUND('',#1273,.T.);
#1374=FACE_BOUND('',#1274,.T.);
#1375=FACE_BOUND('',#1275,.T.);
#1376=FACE_BOUND('',#1276,.T.);
#1377=FACE_BOUND('',#1277,.T.);
#1378=FACE_BOUND('',#1278,.T.);
#1379=FACE_BOUND('',#1279,.T.);
#1380=FACE_BOUND('',#1280,.T.);
#1381=FACE_BOUND('',#1281,.T.);
#1382=FACE_BOUND('',#1282,.T.);
#1383=FACE_BOUND('',#1283,.T.);
#1384=FACE_BOUND('',#1284,.T.);
#1385=FACE_BOUND('',#1285,.T.);
#1386=FACE_BOUND('',#1286,.T.);
#1387=FACE_BOUND('',#1287,.T.);
#1388=FACE_BOUND('',#1288,.T.);
#1389=FACE_BOUND('',#1289,.T.);
#1390=FACE_BOUND('',#1290,.T.);
#1391=FACE_BOUND('',#1291,.T.);
#1392=FACE_BOUND('',#1292,.T.);
#1393=FACE_BOUND('',#1293,.T.);
#1394=FACE_BOUND('',#1294,.T.);
#1395=FACE_BOUND('',#1295,.T.);
#1396=FACE_BOUND('',#1296,.T.);
#1397=FACE_BOUND('',#1297,.T.);
#1398=FACE_BOUND('',#1298,.T.);
#1399=FACE_BOUND('',#1299,.T.);
#1400=FACE_BOUND('',#1300,.T.);
#1401=FACE_BOUND('',#1301,.T.);
#1402=FACE_BOUND('',#1302,.T.);
#1403=FACE_BOUND('',#1303,.T.);
#1404=FACE_BOUND('',#1304,.T.);
#1405=FACE_BOUND('',#1305,.T.);
#1406=FACE_BOUND('',#1306,.T.);
#1407=FACE_BOUND('',#1307,.T.);
#1408=FACE_BOUND('',#1308,.T.);
#1409=FACE_BOUND('',#1309,.T.);
#1410=FACE_BOUND('',#1310,.T.);
#1411=FACE_BOUND('',#1311,.T.);
#1412=FACE_BOUND('',#1312,.T.);
#1413=FACE_BOUND('',#1313,.T.);
#1414=FACE_BOUND('',#1314,.T.);
#1415=FACE_BOUND('',#1315,.T.);
#1416=FACE_BOUND('',#1316,.T.);
#1417=FACE_BOUND('',#1317,.T.);
#1418=FACE_BOUND('',#1318,.T.);
#1419=FACE_BOUND('',#1319,.T.);
#1420=FACE_BOUND('',#1320,.T.);
#1421=FACE_BOUND('',#1321,.T.);
#1422=FACE_BOUND('',#1322,.T.);
#1423=FACE_BOUND('',#1323,.T.);
#1424=FACE_BOUND('',#1324,.T.);
#1425=FACE_BOUND('',#1325,.T.);
#1426=FACE_BOUND('',#1326,.T.);
#1427=FACE_BOUND('',#1327,.T.);
#1428=PLANE('',#1705);
#1429=PLANE('',#1706);
#1430=PLANE('',#1707);
#1431=PLANE('',#1708);
#1432=PLANE('',#1709);
#1433=PLANE('',#1710);
#1434=PLANE('',#1712);
#1435=PLANE('',#1713);
#1436=PLANE('',#1714);
#1437=PLANE('',#1715);
#1438=PLANE('',#1716);
#1439=PLANE('',#1717);
#1440=PLANE('',#1722);
#1441=PLANE('',#1726);
#1442=PLANE('',#1739);
#1443=PLANE('',#1743);
#1444=PLANE('',#1747);
#1445=PLANE('',#1748);
#1446=PLANE('',#1750);
#1447=PLANE('',#1754);
#1448=PLANE('',#1758);
#1449=PLANE('',#1762);
#1450=PLANE('',#1772);
#1451=PLANE('',#1776);
#1452=PLANE('',#1780);
#1453=PLANE('',#1781);
#1454=PLANE('',#1783);
#1455=PLANE('',#1784);
#1456=PLANE('',#1785);
#1457=PLANE('',#1786);
#1458=PLANE('',#1787);
#1459=PLANE('',#1788);
#1460=PLANE('',#1793);
#1461=PLANE('',#1797);
#1462=PLANE('',#1801);
#1463=PLANE('',#1814);
#1464=PLANE('',#1818);
#1465=PLANE('',#1819);
#1466=PLANE('',#1820);
#1467=PLANE('',#1821);
#1468=PLANE('',#1823);
#1469=PLANE('',#1824);
#1470=PLANE('',#1825);
#1471=PLANE('',#1826);
#1472=PLANE('',#1827);
#1473=PLANE('',#1828);
#1474=PLANE('',#1830);
#1475=PLANE('',#1831);
#1476=PLANE('',#1832);
#1477=PLANE('',#1833);
#1478=PLANE('',#1837);
#1479=PLANE('',#1838);
#1480=PLANE('',#1842);
#1481=PLANE('',#1843);
#1482=PLANE('',#1845);
#1483=PLANE('',#1846);
#1484=PLANE('',#1847);
#1485=PLANE('',#1848);
#1486=PLANE('',#1849);
#1487=PLANE('',#1850);
#1488=PLANE('',#1852);
#1489=PLANE('',#1853);
#1490=PLANE('',#1854);
#1491=PLANE('',#1855);
#1492=PLANE('',#1856);
#1493=PLANE('',#1857);
#1494=ADVANCED_FACE('',(#1328),#1428,.F.);
#1495=ADVANCED_FACE('',(#1329),#1429,.F.);
#1496=ADVANCED_FACE('',(#1330),#1430,.F.);
#1497=ADVANCED_FACE('',(#1331),#1431,.F.);
#1498=ADVANCED_FACE('',(#1332),#1432,.F.);
#1499=ADVANCED_FACE('',(#1333),#1433,.T.);
#1500=ADVANCED_FACE('',(#1334),#1434,.T.);
#1501=ADVANCED_FACE('',(#1335),#1435,.T.);
#1502=ADVANCED_FACE('',(#1336),#1436,.T.);
#1503=ADVANCED_FACE('',(#1337),#1437,.T.);
#1504=ADVANCED_FACE('',(#1338),#1438,.T.);
#1505=ADVANCED_FACE('',(#1339),#1439,.F.);
#1506=ADVANCED_FACE('',(#1340),#62,.F.);
#1507=ADVANCED_FACE('',(#1341),#1440,.F.);
#1508=ADVANCED_FACE('',(#1342),#63,.F.);
#1509=ADVANCED_FACE('',(#1343),#1441,.F.);
#1510=ADVANCED_FACE('',(#1344),#64,.F.);
#1511=ADVANCED_FACE('',(#1345),#65,.T.);
#1512=ADVANCED_FACE('',(#1346),#66,.T.);
#1513=ADVANCED_FACE('',(#1347),#67,.T.);
#1514=ADVANCED_FACE('',(#1348),#1442,.T.);
#1515=ADVANCED_FACE('',(#1349),#68,.T.);
#1516=ADVANCED_FACE('',(#1350),#1443,.T.);
#1517=ADVANCED_FACE('',(#1351),#69,.F.);
#1518=ADVANCED_FACE('',(#1352,#1353),#1444,.F.);
#1519=ADVANCED_FACE('',(#1354,#1355),#1445,.T.);
#1520=ADVANCED_FACE('',(#1356),#1446,.T.);
#1521=ADVANCED_FACE('',(#1357),#70,.F.);
#1522=ADVANCED_FACE('',(#1358),#1447,.T.);
#1523=ADVANCED_FACE('',(#1359),#71,.F.);
#1524=ADVANCED_FACE('',(#1360),#1448,.T.);
#1525=ADVANCED_FACE('',(#1361),#72,.F.);
#1526=ADVANCED_FACE('',(#1362),#1449,.T.);
#1527=ADVANCED_FACE('',(#1363),#73,.T.);
#1528=ADVANCED_FACE('',(#1364),#74,.T.);
#1529=ADVANCED_FACE('',(#1365),#75,.T.);
#1530=ADVANCED_FACE('',(#1366),#1450,.F.);
#1531=ADVANCED_FACE('',(#1367),#76,.T.);
#1532=ADVANCED_FACE('',(#1368),#1451,.F.);
#1533=ADVANCED_FACE('',(#1369),#77,.F.);
#1534=ADVANCED_FACE('',(#1370,#1371),#1452,.T.);
#1535=ADVANCED_FACE('',(#1372,#1373),#1453,.F.);
#1536=ADVANCED_FACE('',(#1374),#1454,.T.);
#1537=ADVANCED_FACE('',(#1375),#1455,.T.);
#1538=ADVANCED_FACE('',(#1376),#1456,.T.);
#1539=ADVANCED_FACE('',(#1377),#1457,.T.);
#1540=ADVANCED_FACE('',(#1378),#1458,.T.);
#1541=ADVANCED_FACE('',(#1379),#1459,.F.);
#1542=ADVANCED_FACE('',(#1380),#78,.F.);
#1543=ADVANCED_FACE('',(#1381),#1460,.F.);
#1544=ADVANCED_FACE('',(#1382),#79,.F.);
#1545=ADVANCED_FACE('',(#1383),#1461,.F.);
#1546=ADVANCED_FACE('',(#1384),#80,.F.);
#1547=ADVANCED_FACE('',(#1385),#1462,.F.);
#1548=ADVANCED_FACE('',(#1386),#81,.F.);
#1549=ADVANCED_FACE('',(#1387),#82,.T.);
#1550=ADVANCED_FACE('',(#1388),#83,.T.);
#1551=ADVANCED_FACE('',(#1389),#84,.T.);
#1552=ADVANCED_FACE('',(#1390),#1463,.T.);
#1553=ADVANCED_FACE('',(#1391),#85,.T.);
#1554=ADVANCED_FACE('',(#1392),#1464,.T.);
#1555=ADVANCED_FACE('',(#1393),#1465,.F.);
#1556=ADVANCED_FACE('',(#1394,#1395),#1466,.F.);
#1557=ADVANCED_FACE('',(#1396,#1397),#1467,.T.);
#1558=ADVANCED_FACE('',(#1398),#1468,.F.);
#1559=ADVANCED_FACE('',(#1399),#1469,.F.);
#1560=ADVANCED_FACE('',(#1400),#1470,.F.);
#1561=ADVANCED_FACE('',(#1401),#1471,.F.);
#1562=ADVANCED_FACE('',(#1402),#1472,.F.);
#1563=ADVANCED_FACE('',(#1403),#1473,.T.);
#1564=ADVANCED_FACE('',(#1404),#1474,.T.);
#1565=ADVANCED_FACE('',(#1405),#1475,.T.);
#1566=ADVANCED_FACE('',(#1406),#1476,.T.);
#1567=ADVANCED_FACE('',(#1407),#1477,.F.);
#1568=ADVANCED_FACE('',(#1408),#86,.T.);
#1569=ADVANCED_FACE('',(#1409),#1478,.F.);
#1570=ADVANCED_FACE('',(#1410),#1479,.F.);
#1571=ADVANCED_FACE('',(#1411),#87,.F.);
#1572=ADVANCED_FACE('',(#1412,#1413),#1480,.T.);
#1573=ADVANCED_FACE('',(#1414,#1415),#1481,.F.);
#1574=ADVANCED_FACE('',(#1416),#1482,.F.);
#1575=ADVANCED_FACE('',(#1417),#1483,.F.);
#1576=ADVANCED_FACE('',(#1418),#1484,.F.);
#1577=ADVANCED_FACE('',(#1419),#1485,.F.);
#1578=ADVANCED_FACE('',(#1420),#1486,.F.);
#1579=ADVANCED_FACE('',(#1421),#1487,.T.);
#1580=ADVANCED_FACE('',(#1422),#1488,.T.);
#1581=ADVANCED_FACE('',(#1423),#1489,.T.);
#1582=ADVANCED_FACE('',(#1424),#1490,.T.);
#1583=ADVANCED_FACE('',(#1425),#1491,.T.);
#1584=ADVANCED_FACE('',(#1426),#1492,.T.);
#1585=ADVANCED_FACE('',(#1427),#1493,.F.);
#1586=CLOSED_SHELL('',(#1494,#1495,#1496,#1497,#1498,#1499));
#1587=CLOSED_SHELL('',(#1500,#1501,#1502,#1503,#1504,#1505));
#1588=CLOSED_SHELL('',(#1506,#1507,#1508,#1509,#1510,#1511,#1512,#1513,
#1514,#1515,#1516,#1517,#1518,#1519));
#1589=CLOSED_SHELL('',(#1520,#1521,#1522,#1523,#1524,#1525,#1526,#1527,
#1528,#1529,#1530,#1531,#1532,#1533,#1534,#1535));
#1590=CLOSED_SHELL('',(#1536,#1537,#1538,#1539,#1540,#1541));
#1591=CLOSED_SHELL('',(#1542,#1543,#1544,#1545,#1546,#1547,#1548,#1549,
#1550,#1551,#1552,#1553,#1554,#1555,#1556,#1557));
#1592=CLOSED_SHELL('',(#1558,#1559,#1560,#1561,#1562,#1563));
#1593=CLOSED_SHELL('',(#1564,#1565,#1566,#1567,#1568,#1569,#1570,#1571,
#1572,#1573));
#1594=CLOSED_SHELL('',(#1574,#1575,#1576,#1577,#1578,#1579));
#1595=CLOSED_SHELL('',(#1580,#1581,#1582,#1583,#1584,#1585));
#1596=STYLED_ITEM('',(#1606),#1674);
#1597=STYLED_ITEM('',(#1607),#1675);
#1598=STYLED_ITEM('',(#1608),#1676);
#1599=STYLED_ITEM('',(#1609),#1677);
#1600=STYLED_ITEM('',(#1610),#1678);
#1601=STYLED_ITEM('',(#1611),#1679);
#1602=STYLED_ITEM('',(#1612),#1680);
#1603=STYLED_ITEM('',(#1613),#1681);
#1604=STYLED_ITEM('',(#1614),#1682);
#1605=STYLED_ITEM('',(#1615),#1683);
#1606=PRESENTATION_STYLE_ASSIGNMENT((#1616));
#1607=PRESENTATION_STYLE_ASSIGNMENT((#1617));
#1608=PRESENTATION_STYLE_ASSIGNMENT((#1618));
#1609=PRESENTATION_STYLE_ASSIGNMENT((#1619));
#1610=PRESENTATION_STYLE_ASSIGNMENT((#1620));
#1611=PRESENTATION_STYLE_ASSIGNMENT((#1621));
#1612=PRESENTATION_STYLE_ASSIGNMENT((#1622));
#1613=PRESENTATION_STYLE_ASSIGNMENT((#1623));
#1614=PRESENTATION_STYLE_ASSIGNMENT((#1624));
#1615=PRESENTATION_STYLE_ASSIGNMENT((#1625));
#1616=SURFACE_STYLE_USAGE(.BOTH.,#1626);
#1617=SURFACE_STYLE_USAGE(.BOTH.,#1627);
#1618=SURFACE_STYLE_USAGE(.BOTH.,#1628);
#1619=SURFACE_STYLE_USAGE(.BOTH.,#1629);
#1620=SURFACE_STYLE_USAGE(.BOTH.,#1630);
#1621=SURFACE_STYLE_USAGE(.BOTH.,#1631);
#1622=SURFACE_STYLE_USAGE(.BOTH.,#1632);
#1623=SURFACE_STYLE_USAGE(.BOTH.,#1633);
#1624=SURFACE_STYLE_USAGE(.BOTH.,#1634);
#1625=SURFACE_STYLE_USAGE(.BOTH.,#1635);
#1626=SURFACE_SIDE_STYLE('',(#1636));
#1627=SURFACE_SIDE_STYLE('',(#1637));
#1628=SURFACE_SIDE_STYLE('',(#1638));
#1629=SURFACE_SIDE_STYLE('',(#1639));
#1630=SURFACE_SIDE_STYLE('',(#1640));
#1631=SURFACE_SIDE_STYLE('',(#1641));
#1632=SURFACE_SIDE_STYLE('',(#1642));
#1633=SURFACE_SIDE_STYLE('',(#1643));
#1634=SURFACE_SIDE_STYLE('',(#1644));
#1635=SURFACE_SIDE_STYLE('',(#1645));
#1636=SURFACE_STYLE_FILL_AREA(#1646);
#1637=SURFACE_STYLE_FILL_AREA(#1647);
#1638=SURFACE_STYLE_FILL_AREA(#1648);
#1639=SURFACE_STYLE_FILL_AREA(#1649);
#1640=SURFACE_STYLE_FILL_AREA(#1650);
#1641=SURFACE_STYLE_FILL_AREA(#1651);
#1642=SURFACE_STYLE_FILL_AREA(#1652);
#1643=SURFACE_STYLE_FILL_AREA(#1653);
#1644=SURFACE_STYLE_FILL_AREA(#1654);
#1645=SURFACE_STYLE_FILL_AREA(#1655);
#1646=FILL_AREA_STYLE('',(#1656));
#1647=FILL_AREA_STYLE('',(#1657));
#1648=FILL_AREA_STYLE('',(#1658));
#1649=FILL_AREA_STYLE('',(#1659));
#1650=FILL_AREA_STYLE('',(#1660));
#1651=FILL_AREA_STYLE('',(#1661));
#1652=FILL_AREA_STYLE('',(#1662));
#1653=FILL_AREA_STYLE('',(#1663));
#1654=FILL_AREA_STYLE('',(#1664));
#1655=FILL_AREA_STYLE('',(#1665));
#1656=FILL_AREA_STYLE_COLOUR('',#1666);
#1657=FILL_AREA_STYLE_COLOUR('',#1667);
#1658=FILL_AREA_STYLE_COLOUR('',#1668);
#1659=FILL_AREA_STYLE_COLOUR('',#1669);
#1660=FILL_AREA_STYLE_COLOUR('',#1668);
#1661=FILL_AREA_STYLE_COLOUR('',#1670);
#1662=FILL_AREA_STYLE_COLOUR('',#1671);
#1663=FILL_AREA_STYLE_COLOUR('',#1672);
#1664=FILL_AREA_STYLE_COLOUR('',#1669);
#1665=FILL_AREA_STYLE_COLOUR('',#1673);
#1666=COLOUR_RGB('',0.647058823529412,0.647058823529412,0.647058823529412);
#1667=COLOUR_RGB('',0.917647058823529,0.917647058823529,0.917647058823529);
#1668=COLOUR_RGB('',0.768627450980392,0.886274509803922,0.952941176470588);
#1669=COLOUR_RGB('',0.615686274509804,0.811764705882353,0.929411764705882);
#1670=COLOUR_RGB('',0.972549019607843,0.529411764705882,0.00392156862745098);
#1671=COLOUR_RGB('',0.980392156862745,0.713725490196078,0.00392156862745098);
#1672=COLOUR_RGB('',0.498039215686275,0.498039215686275,0.498039215686275);
#1673=COLOUR_RGB('',0.231372549019608,0.380392156862745,0.705882352941177);
#1674=MANIFOLD_SOLID_BREP('Part 7',#1586);
#1675=MANIFOLD_SOLID_BREP('Part 9',#1587);
#1676=MANIFOLD_SOLID_BREP('Part 2',#1588);
#1677=MANIFOLD_SOLID_BREP('Part 1',#1589);
#1678=MANIFOLD_SOLID_BREP('Part 10',#1590);
#1679=MANIFOLD_SOLID_BREP('Part 3',#1591);
#1680=MANIFOLD_SOLID_BREP('Part 5',#1592);
#1681=MANIFOLD_SOLID_BREP('Part 4',#1593);
#1682=MANIFOLD_SOLID_BREP('Part 6',#1594);
#1683=MANIFOLD_SOLID_BREP('Part 8',#1595);
#1684=SHAPE_DEFINITION_REPRESENTATION(#2852,#1694);
#1685=SHAPE_DEFINITION_REPRESENTATION(#2853,#1695);
#1686=SHAPE_DEFINITION_REPRESENTATION(#2854,#1696);
#1687=SHAPE_DEFINITION_REPRESENTATION(#2855,#1697);
#1688=SHAPE_DEFINITION_REPRESENTATION(#2856,#1698);
#1689=SHAPE_DEFINITION_REPRESENTATION(#2857,#1699);
#1690=SHAPE_DEFINITION_REPRESENTATION(#2858,#1700);
#1691=SHAPE_DEFINITION_REPRESENTATION(#2859,#1701);
#1692=SHAPE_DEFINITION_REPRESENTATION(#2860,#1702);
#1693=SHAPE_DEFINITION_REPRESENTATION(#2861,#1703);
#1694=SHAPE_REPRESENTATION('Part 7',(#1704),#2802);
#1695=SHAPE_REPRESENTATION('Part 9',(#1711),#2803);
#1696=SHAPE_REPRESENTATION('Part 2',(#1718),#2804);
#1697=SHAPE_REPRESENTATION('Part 1',(#1749),#2805);
#1698=SHAPE_REPRESENTATION('Part 10',(#1782),#2806);
#1699=SHAPE_REPRESENTATION('Part 3',(#1789),#2807);
#1700=SHAPE_REPRESENTATION('Part 5',(#1822),#2808);
#1701=SHAPE_REPRESENTATION('Part 4',(#1829),#2809);
#1702=SHAPE_REPRESENTATION('Part 6',(#1844),#2810);
#1703=SHAPE_REPRESENTATION('Part 8',(#1851),#2811);
#1704=AXIS2_PLACEMENT_3D('',#2330,#1858,#1859);
#1705=AXIS2_PLACEMENT_3D('',#2331,#1860,#1861);
#1706=AXIS2_PLACEMENT_3D('',#2340,#1866,#1867);
#1707=AXIS2_PLACEMENT_3D('',#2346,#1871,#1872);
#1708=AXIS2_PLACEMENT_3D('',#2352,#1876,#1877);
#1709=AXIS2_PLACEMENT_3D('',#2355,#1880,#1881);
#1710=AXIS2_PLACEMENT_3D('',#2356,#1882,#1883);
#1711=AXIS2_PLACEMENT_3D('',#2357,#1884,#1885);
#1712=AXIS2_PLACEMENT_3D('',#2358,#1886,#1887);
#1713=AXIS2_PLACEMENT_3D('',#2367,#1892,#1893);
#1714=AXIS2_PLACEMENT_3D('',#2373,#1897,#1898);
#1715=AXIS2_PLACEMENT_3D('',#2379,#1902,#1903);
#1716=AXIS2_PLACEMENT_3D('',#2382,#1906,#1907);
#1717=AXIS2_PLACEMENT_3D('',#2383,#1908,#1909);
#1718=AXIS2_PLACEMENT_3D('',#2384,#1910,#1911);
#1719=AXIS2_PLACEMENT_3D('',#2385,#1912,#1913);
#1720=AXIS2_PLACEMENT_3D('',#2386,#1914,#1915);
#1721=AXIS2_PLACEMENT_3D('',#2391,#1917,#1918);
#1722=AXIS2_PLACEMENT_3D('',#2394,#1920,#1921);
#1723=AXIS2_PLACEMENT_3D('',#2400,#1925,#1926);
#1724=AXIS2_PLACEMENT_3D('',#2401,#1927,#1928);
#1725=AXIS2_PLACEMENT_3D('',#2403,#1929,#1930);
#1726=AXIS2_PLACEMENT_3D('',#2406,#1932,#1933);
#1727=AXIS2_PLACEMENT_3D('',#2412,#1937,#1938);
#1728=AXIS2_PLACEMENT_3D('',#2413,#1939,#1940);
#1729=AXIS2_PLACEMENT_3D('',#2415,#1941,#1942);
#1730=AXIS2_PLACEMENT_3D('',#2418,#1944,#1945);
#1731=AXIS2_PLACEMENT_3D('',#2419,#1946,#1947);
#1732=AXIS2_PLACEMENT_3D('',#2424,#1949,#1950);
#1733=AXIS2_PLACEMENT_3D('',#2427,#1952,#1953);
#1734=AXIS2_PLACEMENT_3D('',#2428,#1954,#1955);
#1735=AXIS2_PLACEMENT_3D('',#2430,#1956,#1957);
#1736=AXIS2_PLACEMENT_3D('',#2433,#1959,#1960);
#1737=AXIS2_PLACEMENT_3D('',#2434,#1961,#1962);
#1738=AXIS2_PLACEMENT_3D('',#2436,#1963,#1964);
#1739=AXIS2_PLACEMENT_3D('',#2439,#1966,#1967);
#1740=AXIS2_PLACEMENT_3D('',#2445,#1971,#1972);
#1741=AXIS2_PLACEMENT_3D('',#2446,#1973,#1974);
#1742=AXIS2_PLACEMENT_3D('',#2448,#1975,#1976);
#1743=AXIS2_PLACEMENT_3D('',#2451,#1978,#1979);
#1744=AXIS2_PLACEMENT_3D('',#2454,#1982,#1983);
#1745=AXIS2_PLACEMENT_3D('',#2455,#1984,#1985);
#1746=AXIS2_PLACEMENT_3D('',#2456,#1986,#1987);
#1747=AXIS2_PLACEMENT_3D('',#2457,#1988,#1989);
#1748=AXIS2_PLACEMENT_3D('',#2458,#1990,#1991);
#1749=AXIS2_PLACEMENT_3D('',#2459,#1992,#1993);
#1750=AXIS2_PLACEMENT_3D('',#2460,#1994,#1995);
#1751=AXIS2_PLACEMENT_3D('',#2469,#2000,#2001);
#1752=AXIS2_PLACEMENT_3D('',#2470,#2002,#2003);
#1753=AXIS2_PLACEMENT_3D('',#2474,#2005,#2006);
#1754=AXIS2_PLACEMENT_3D('',#2475,#2007,#2008);
#1755=AXIS2_PLACEMENT_3D('',#2481,#2012,#2013);
#1756=AXIS2_PLACEMENT_3D('',#2482,#2014,#2015);
#1757=AXIS2_PLACEMENT_3D('',#2486,#2017,#2018);
#1758=AXIS2_PLACEMENT_3D('',#2487,#2019,#2020);
#1759=AXIS2_PLACEMENT_3D('',#2493,#2024,#2025);
#1760=AXIS2_PLACEMENT_3D('',#2494,#2026,#2027);
#1761=AXIS2_PLACEMENT_3D('',#2498,#2029,#2030);
#1762=AXIS2_PLACEMENT_3D('',#2499,#2031,#2032);
#1763=AXIS2_PLACEMENT_3D('',#2505,#2036,#2037);
#1764=AXIS2_PLACEMENT_3D('',#2506,#2038,#2039);
#1765=AXIS2_PLACEMENT_3D('',#2511,#2041,#2042);
#1766=AXIS2_PLACEMENT_3D('',#2514,#2044,#2045);
#1767=AXIS2_PLACEMENT_3D('',#2515,#2046,#2047);
#1768=AXIS2_PLACEMENT_3D('',#2519,#2049,#2050);
#1769=AXIS2_PLACEMENT_3D('',#2520,#2051,#2052);
#1770=AXIS2_PLACEMENT_3D('',#2521,#2053,#2054);
#1771=AXIS2_PLACEMENT_3D('',#2525,#2056,#2057);
#1772=AXIS2_PLACEMENT_3D('',#2526,#2058,#2059);
#1773=AXIS2_PLACEMENT_3D('',#2532,#2063,#2064);
#1774=AXIS2_PLACEMENT_3D('',#2533,#2065,#2066);
#1775=AXIS2_PLACEMENT_3D('',#2537,#2068,#2069);
#1776=AXIS2_PLACEMENT_3D('',#2538,#2070,#2071);
#1777=AXIS2_PLACEMENT_3D('',#2541,#2074,#2075);
#1778=AXIS2_PLACEMENT_3D('',#2542,#2076,#2077);
#1779=AXIS2_PLACEMENT_3D('',#2543,#2078,#2079);
#1780=AXIS2_PLACEMENT_3D('',#2544,#2080,#2081);
#1781=AXIS2_PLACEMENT_3D('',#2545,#2082,#2083);
#1782=AXIS2_PLACEMENT_3D('',#2546,#2084,#2085);
#1783=AXIS2_PLACEMENT_3D('',#2547,#2086,#2087);
#1784=AXIS2_PLACEMENT_3D('',#2556,#2092,#2093);
#1785=AXIS2_PLACEMENT_3D('',#2562,#2097,#2098);
#1786=AXIS2_PLACEMENT_3D('',#2568,#2102,#2103);
#1787=AXIS2_PLACEMENT_3D('',#2571,#2106,#2107);
#1788=AXIS2_PLACEMENT_3D('',#2572,#2108,#2109);
#1789=AXIS2_PLACEMENT_3D('',#2573,#2110,#2111);
#1790=AXIS2_PLACEMENT_3D('',#2574,#2112,#2113);
#1791=AXIS2_PLACEMENT_3D('',#2575,#2114,#2115);
#1792=AXIS2_PLACEMENT_3D('',#2580,#2117,#2118);
#1793=AXIS2_PLACEMENT_3D('',#2583,#2120,#2121);
#1794=AXIS2_PLACEMENT_3D('',#2589,#2125,#2126);
#1795=AXIS2_PLACEMENT_3D('',#2590,#2127,#2128);
#1796=AXIS2_PLACEMENT_3D('',#2592,#2129,#2130);
#1797=AXIS2_PLACEMENT_3D('',#2595,#2132,#2133);
#1798=AXIS2_PLACEMENT_3D('',#2601,#2137,#2138);
#1799=AXIS2_PLACEMENT_3D('',#2602,#2139,#2140);
#1800=AXIS2_PLACEMENT_3D('',#2604,#2141,#2142);
#1801=AXIS2_PLACEMENT_3D('',#2607,#2144,#2145);
#1802=AXIS2_PLACEMENT_3D('',#2613,#2149,#2150);
#1803=AXIS2_PLACEMENT_3D('',#2614,#2151,#2152);
#1804=AXIS2_PLACEMENT_3D('',#2616,#2153,#2154);
#1805=AXIS2_PLACEMENT_3D('',#2619,#2156,#2157);
#1806=AXIS2_PLACEMENT_3D('',#2620,#2158,#2159);
#1807=AXIS2_PLACEMENT_3D('',#2625,#2161,#2162);
#1808=AXIS2_PLACEMENT_3D('',#2628,#2164,#2165);
#1809=AXIS2_PLACEMENT_3D('',#2629,#2166,#2167);
#1810=AXIS2_PLACEMENT_3D('',#2631,#2168,#2169);
#1811=AXIS2_PLACEMENT_3D('',#2634,#2171,#2172);
#1812=AXIS2_PLACEMENT_3D('',#2635,#2173,#2174);
#1813=AXIS2_PLACEMENT_3D('',#2637,#2175,#2176);
#1814=AXIS2_PLACEMENT_3D('',#2640,#2178,#2179);
#1815=AXIS2_PLACEMENT_3D('',#2646,#2183,#2184);
#1816=AXIS2_PLACEMENT_3D('',#2647,#2185,#2186);
#1817=AXIS2_PLACEMENT_3D('',#2649,#2187,#2188);
#1818=AXIS2_PLACEMENT_3D('',#2652,#2190,#2191);
#1819=AXIS2_PLACEMENT_3D('',#2655,#2194,#2195);
#1820=AXIS2_PLACEMENT_3D('',#2658,#2198,#2199);
#1821=AXIS2_PLACEMENT_3D('',#2659,#2200,#2201);
#1822=AXIS2_PLACEMENT_3D('',#2660,#2202,#2203);
#1823=AXIS2_PLACEMENT_3D('',#2661,#2204,#2205);
#1824=AXIS2_PLACEMENT_3D('',#2670,#2210,#2211);
#1825=AXIS2_PLACEMENT_3D('',#2676,#2215,#2216);
#1826=AXIS2_PLACEMENT_3D('',#2682,#2220,#2221);
#1827=AXIS2_PLACEMENT_3D('',#2685,#2224,#2225);
#1828=AXIS2_PLACEMENT_3D('',#2686,#2226,#2227);
#1829=AXIS2_PLACEMENT_3D('',#2687,#2228,#2229);
#1830=AXIS2_PLACEMENT_3D('',#2688,#2230,#2231);
#1831=AXIS2_PLACEMENT_3D('',#2697,#2236,#2237);
#1832=AXIS2_PLACEMENT_3D('',#2703,#2241,#2242);
#1833=AXIS2_PLACEMENT_3D('',#2709,#2246,#2247);
#1834=AXIS2_PLACEMENT_3D('',#2718,#2252,#2253);
#1835=AXIS2_PLACEMENT_3D('',#2719,#2254,#2255);
#1836=AXIS2_PLACEMENT_3D('',#2723,#2257,#2258);
#1837=AXIS2_PLACEMENT_3D('',#2724,#2259,#2260);
#1838=AXIS2_PLACEMENT_3D('',#2730,#2264,#2265);
#1839=AXIS2_PLACEMENT_3D('',#2733,#2268,#2269);
#1840=AXIS2_PLACEMENT_3D('',#2734,#2270,#2271);
#1841=AXIS2_PLACEMENT_3D('',#2735,#2272,#2273);
#1842=AXIS2_PLACEMENT_3D('',#2736,#2274,#2275);
#1843=AXIS2_PLACEMENT_3D('',#2737,#2276,#2277);
#1844=AXIS2_PLACEMENT_3D('',#2738,#2278,#2279);
#1845=AXIS2_PLACEMENT_3D('',#2739,#2280,#2281);
#1846=AXIS2_PLACEMENT_3D('',#2748,#2286,#2287);
#1847=AXIS2_PLACEMENT_3D('',#2754,#2291,#2292);
#1848=AXIS2_PLACEMENT_3D('',#2760,#2296,#2297);
#1849=AXIS2_PLACEMENT_3D('',#2763,#2300,#2301);
#1850=AXIS2_PLACEMENT_3D('',#2764,#2302,#2303);
#1851=AXIS2_PLACEMENT_3D('',#2765,#2304,#2305);
#1852=AXIS2_PLACEMENT_3D('',#2766,#2306,#2307);
#1853=AXIS2_PLACEMENT_3D('',#2775,#2312,#2313);
#1854=AXIS2_PLACEMENT_3D('',#2781,#2317,#2318);
#1855=AXIS2_PLACEMENT_3D('',#2787,#2322,#2323);
#1856=AXIS2_PLACEMENT_3D('',#2790,#2326,#2327);
#1857=AXIS2_PLACEMENT_3D('',#2791,#2328,#2329);
#1858=DIRECTION('',(0.,0.,1.));
#1859=DIRECTION('',(1.,0.,0.));
#1860=DIRECTION('',(0.,-1.,0.));
#1861=DIRECTION('',(0.,0.,-1.));
#1862=DIRECTION('',(-1.,0.,0.));
#1863=DIRECTION('',(0.,0.,-1.));
#1864=DIRECTION('',(-1.,0.,0.));
#1865=DIRECTION('',(0.,0.,-1.));
#1866=DIRECTION('',(1.,6.31435753683249E-16,0.));
#1867=DIRECTION('',(-6.31435753683249E-16,1.,0.));
#1868=DIRECTION('',(-6.31435753683249E-16,1.,0.));
#1869=DIRECTION('',(0.,0.,-1.));
#1870=DIRECTION('',(-6.31435753683249E-16,1.,0.));
#1871=DIRECTION('',(0.,1.,0.));
#1872=DIRECTION('',(0.,0.,1.));
#1873=DIRECTION('',(1.,0.,0.));
#1874=DIRECTION('',(0.,0.,-1.));
#1875=DIRECTION('',(1.,0.,0.));
#1876=DIRECTION('',(-1.,-6.31435753683249E-16,0.));
#1877=DIRECTION('',(6.31435753683249E-16,-1.,0.));
#1878=DIRECTION('',(-6.31435753683249E-16,1.,0.));
#1879=DIRECTION('',(-6.31435753683249E-16,1.,0.));
#1880=DIRECTION('',(0.,0.,-1.));
#1881=DIRECTION('',(-1.,0.,0.));
#1882=DIRECTION('',(0.,0.,-1.));
#1883=DIRECTION('',(-1.,0.,0.));
#1884=DIRECTION('',(0.,0.,1.));
#1885=DIRECTION('',(1.,0.,0.));
#1886=DIRECTION('',(1.,0.,0.));
#1887=DIRECTION('',(0.,0.,-1.));
#1888=DIRECTION('',(0.,1.,0.));
#1889=DIRECTION('',(0.,0.,1.));
#1890=DIRECTION('',(0.,1.,0.));
#1891=DIRECTION('',(0.,0.,1.));
#1892=DIRECTION('',(-1.60696940803781E-15,1.,0.));
#1893=DIRECTION('',(-1.,-1.60696940803781E-15,0.));
#1894=DIRECTION('',(1.,1.60696940803781E-15,0.));
#1895=DIRECTION('',(1.,1.60696940803781E-15,0.));
#1896=DIRECTION('',(0.,0.,1.));
#1897=DIRECTION('',(-1.,-1.70740499604016E-15,0.));
#1898=DIRECTION('',(1.70740499604016E-15,-1.,0.));
#1899=DIRECTION('',(1.70740499604016E-15,-1.,0.));
#1900=DIRECTION('',(1.70740499604016E-15,-1.,0.));
#1901=DIRECTION('',(0.,0.,1.));
#1902=DIRECTION('',(1.60696940803781E-15,-1.,0.));
#1903=DIRECTION('',(1.,1.60696940803781E-15,0.));
#1904=DIRECTION('',(1.,1.60696940803781E-15,0.));
#1905=DIRECTION('',(1.,1.60696940803781E-15,0.));
#1906=DIRECTION('',(0.,0.,-1.));
#1907=DIRECTION('',(-1.,0.,0.));
#1908=DIRECTION('',(0.,0.,-1.));
#1909=DIRECTION('',(-1.,0.,0.));
#1910=DIRECTION('',(0.,0.,1.));
#1911=DIRECTION('',(1.,0.,0.));
#1912=DIRECTION('',(0.,0.,1.));
#1913=DIRECTION('',(1.,0.,0.));
#1914=DIRECTION('',(0.,0.,1.));
#1915=DIRECTION('',(0.,1.,0.));
#1916=DIRECTION('',(0.,0.,1.));
#1917=DIRECTION('',(0.,0.,1.));
#1918=DIRECTION('',(0.,1.,0.));
#1919=DIRECTION('',(0.,0.,1.));
#1920=DIRECTION('',(-1.,0.,0.));
#1921=DIRECTION('',(0.,0.,1.));
#1922=DIRECTION('',(0.,1.,0.));
#1923=DIRECTION('',(0.,1.,0.));
#1924=DIRECTION('',(0.,0.,1.));
#1925=DIRECTION('',(0.,0.,1.));
#1926=DIRECTION('',(1.,0.,0.));
#1927=DIRECTION('',(0.,0.,1.));
#1928=DIRECTION('',(1.,0.,0.));
#1929=DIRECTION('',(0.,0.,1.));
#1930=DIRECTION('',(1.,0.,0.));
#1931=DIRECTION('',(0.,0.,1.));
#1932=DIRECTION('',(1.,0.,0.));
#1933=DIRECTION('',(0.,0.,-1.));
#1934=DIRECTION('',(0.,1.,0.));
#1935=DIRECTION('',(0.,1.,0.));
#1936=DIRECTION('',(0.,0.,1.));
#1937=DIRECTION('',(0.,0.,1.));
#1938=DIRECTION('',(1.,0.,0.));
#1939=DIRECTION('',(0.,0.,-1.));
#1940=DIRECTION('',(0.,1.,0.));
#1941=DIRECTION('',(0.,0.,-1.));
#1942=DIRECTION('',(0.,1.,0.));
#1943=DIRECTION('',(0.,0.,1.));
#1944=DIRECTION('',(0.,0.,1.));
#1945=DIRECTION('',(1.,0.,0.));
#1946=DIRECTION('',(0.,0.,1.));
#1947=DIRECTION('',(0.,1.,0.));
#1948=DIRECTION('',(0.,0.,1.));
#1949=DIRECTION('',(0.,0.,1.));
#1950=DIRECTION('',(0.,1.,0.));
#1951=DIRECTION('',(0.,0.,1.));
#1952=DIRECTION('',(0.,0.,1.));
#1953=DIRECTION('',(1.,0.,0.));
#1954=DIRECTION('',(0.,0.,1.));
#1955=DIRECTION('',(-0.6,0.8,0.));
#1956=DIRECTION('',(0.,0.,1.));
#1957=DIRECTION('',(-0.6,0.8,0.));
#1958=DIRECTION('',(0.,0.,1.));
#1959=DIRECTION('',(0.,0.,1.));
#1960=DIRECTION('',(1.,0.,0.));
#1961=DIRECTION('',(0.,0.,-1.));
#1962=DIRECTION('',(0.,1.,0.));
#1963=DIRECTION('',(0.,0.,-1.));
#1964=DIRECTION('',(0.,1.,0.));
#1965=DIRECTION('',(0.,0.,1.));
#1966=DIRECTION('',(1.,0.,0.));
#1967=DIRECTION('',(0.,0.,-1.));
#1968=DIRECTION('',(0.,1.,0.));
#1969=DIRECTION('',(0.,1.,0.));
#1970=DIRECTION('',(0.,0.,1.));
#1971=DIRECTION('',(0.,0.,1.));
#1972=DIRECTION('',(1.,0.,0.));
#1973=DIRECTION('',(0.,0.,1.));
#1974=DIRECTION('',(1.,0.,0.));
#1975=DIRECTION('',(0.,0.,1.));
#1976=DIRECTION('',(1.,0.,0.));
#1977=DIRECTION('',(0.,0.,1.));
#1978=DIRECTION('',(-1.,0.,0.));
#1979=DIRECTION('',(0.,0.,1.));
#1980=DIRECTION('',(0.,1.,0.));
#1981=DIRECTION('',(0.,1.,0.));
#1982=DIRECTION('',(0.,0.,1.));
#1983=DIRECTION('',(1.,0.,0.));
#1984=DIRECTION('',(0.,0.,1.));
#1985=DIRECTION('',(-0.6,0.8,0.));
#1986=DIRECTION('',(0.,0.,1.));
#1987=DIRECTION('',(-0.6,0.8,0.));
#1988=DIRECTION('',(0.,0.,1.));
#1989=DIRECTION('',(1.,0.,0.));
#1990=DIRECTION('',(0.,0.,1.));
#1991=DIRECTION('',(1.,0.,0.));
#1992=DIRECTION('',(0.,0.,1.));
#1993=DIRECTION('',(1.,0.,0.));
#1994=DIRECTION('',(2.4492935982947E-16,1.,0.));
#1995=DIRECTION('',(-1.,2.4492935982947E-16,0.));
#1996=DIRECTION('',(1.,-2.4492935982947E-16,0.));
#1997=DIRECTION('',(0.,0.,-1.));
#1998=DIRECTION('',(1.,-2.4492935982947E-16,0.));
#1999=DIRECTION('',(0.,0.,-1.));
#2000=DIRECTION('',(0.,0.,-1.));
#2001=DIRECTION('',(-1.,0.,0.));
#2002=DIRECTION('',(0.,0.,1.));
#2003=DIRECTION('',(0.,1.,0.));
#2004=DIRECTION('',(0.,0.,-1.));
#2005=DIRECTION('',(0.,0.,1.));
#2006=DIRECTION('',(0.,1.,0.));
#2007=DIRECTION('',(1.,0.,0.));
#2008=DIRECTION('',(0.,0.,-1.));
#2009=DIRECTION('',(0.,1.,0.));
#2010=DIRECTION('',(0.,0.,-1.));
#2011=DIRECTION('',(0.,1.,0.));
#2012=DIRECTION('',(0.,0.,-1.));
#2013=DIRECTION('',(-1.,0.,0.));
#2014=DIRECTION('',(0.,0.,1.));
#2015=DIRECTION('',(1.,0.,0.));
#2016=DIRECTION('',(0.,0.,-1.));
#2017=DIRECTION('',(0.,0.,1.));
#2018=DIRECTION('',(1.,0.,0.));
#2019=DIRECTION('',(-1.,0.,0.));
#2020=DIRECTION('',(0.,0.,1.));
#2021=DIRECTION('',(0.,1.,0.));
#2022=DIRECTION('',(0.,0.,-1.));
#2023=DIRECTION('',(0.,1.,0.));
#2024=DIRECTION('',(0.,0.,-1.));
#2025=DIRECTION('',(-1.,0.,0.));
#2026=DIRECTION('',(0.,0.,-1.));
#2027=DIRECTION('',(0.,1.,0.));
#2028=DIRECTION('',(0.,0.,-1.));
#2029=DIRECTION('',(0.,0.,-1.));
#2030=DIRECTION('',(0.,1.,0.));
#2031=DIRECTION('',(2.4492935982947E-16,1.,0.));
#2032=DIRECTION('',(-1.,2.4492935982947E-16,0.));
#2033=DIRECTION('',(1.,-2.4492935982947E-16,0.));
#2034=DIRECTION('',(0.,0.,-1.));
#2035=DIRECTION('',(1.,-2.4492935982947E-16,0.));
#2036=DIRECTION('',(0.,0.,-1.));
#2037=DIRECTION('',(-1.,0.,0.));
#2038=DIRECTION('',(0.,0.,1.));
#2039=DIRECTION('',(0.,1.,0.));
#2040=DIRECTION('',(0.,0.,-1.));
#2041=DIRECTION('',(0.,0.,1.));
#2042=DIRECTION('',(0.,1.,0.));
#2043=DIRECTION('',(0.,0.,-1.));
#2044=DIRECTION('',(0.,0.,-1.));
#2045=DIRECTION('',(-1.,0.,0.));
#2046=DIRECTION('',(0.,0.,1.));
#2047=DIRECTION('',(-0.6,0.8,0.));
#2048=DIRECTION('',(0.,0.,-1.));
#2049=DIRECTION('',(0.,0.,1.));
#2050=DIRECTION('',(-0.6,0.8,0.));
#2051=DIRECTION('',(0.,0.,-1.));
#2052=DIRECTION('',(-1.,0.,0.));
#2053=DIRECTION('',(0.,0.,-1.));
#2054=DIRECTION('',(0.,1.,0.));
#2055=DIRECTION('',(0.,0.,-1.));
#2056=DIRECTION('',(0.,0.,-1.));
#2057=DIRECTION('',(0.,1.,0.));
#2058=DIRECTION('',(-1.,0.,0.));
#2059=DIRECTION('',(0.,0.,1.));
#2060=DIRECTION('',(0.,1.,0.));
#2061=DIRECTION('',(0.,0.,-1.));
#2062=DIRECTION('',(0.,1.,0.));
#2063=DIRECTION('',(0.,0.,-1.));
#2064=DIRECTION('',(-1.,0.,0.));
#2065=DIRECTION('',(0.,0.,1.));
#2066=DIRECTION('',(1.,0.,0.));
#2067=DIRECTION('',(0.,0.,-1.));
#2068=DIRECTION('',(0.,0.,1.));
#2069=DIRECTION('',(1.,0.,0.));
#2070=DIRECTION('',(1.,0.,0.));
#2071=DIRECTION('',(0.,0.,-1.));
#2072=DIRECTION('',(0.,1.,0.));
#2073=DIRECTION('',(0.,1.,0.));
#2074=DIRECTION('',(0.,0.,-1.));
#2075=DIRECTION('',(-1.,0.,0.));
#2076=DIRECTION('',(0.,0.,1.));
#2077=DIRECTION('',(-0.6,0.8,0.));
#2078=DIRECTION('',(0.,0.,1.));
#2079=DIRECTION('',(-0.6,0.8,0.));
#2080=DIRECTION('',(0.,0.,1.));
#2081=DIRECTION('',(1.,0.,0.));
#2082=DIRECTION('',(0.,0.,1.));
#2083=DIRECTION('',(1.,0.,0.));
#2084=DIRECTION('',(0.,0.,1.));
#2085=DIRECTION('',(1.,0.,0.));
#2086=DIRECTION('',(0.,1.,0.));
#2087=DIRECTION('',(0.,0.,1.));
#2088=DIRECTION('',(-1.,0.,0.));
#2089=DIRECTION('',(0.,0.,1.));
#2090=DIRECTION('',(-1.,0.,0.));
#2091=DIRECTION('',(0.,0.,1.));
#2092=DIRECTION('',(-1.,-6.31435753683249E-16,0.));
#2093=DIRECTION('',(6.31435753683249E-16,-1.,0.));
#2094=DIRECTION('',(-6.31435753683249E-16,1.,0.));
#2095=DIRECTION('',(-6.31435753683249E-16,1.,0.));
#2096=DIRECTION('',(0.,0.,1.));
#2097=DIRECTION('',(0.,-1.,0.));
#2098=DIRECTION('',(0.,0.,-1.));
#2099=DIRECTION('',(1.,0.,0.));
#2100=DIRECTION('',(1.,0.,0.));
#2101=DIRECTION('',(0.,0.,1.));
#2102=DIRECTION('',(1.,6.31435753683249E-16,0.));
#2103=DIRECTION('',(-6.31435753683249E-16,1.,0.));
#2104=DIRECTION('',(-6.31435753683249E-16,1.,0.));
#2105=DIRECTION('',(-6.31435753683249E-16,1.,0.));
#2106=DIRECTION('',(0.,0.,-1.));
#2107=DIRECTION('',(-1.,0.,0.));
#2108=DIRECTION('',(0.,0.,-1.));
#2109=DIRECTION('',(-1.,0.,0.));
#2110=DIRECTION('',(0.,0.,1.));
#2111=DIRECTION('',(1.,0.,0.));
#2112=DIRECTION('',(0.,0.,1.));
#2113=DIRECTION('',(1.,0.,0.));
#2114=DIRECTION('',(0.,0.,1.));
#2115=DIRECTION('',(0.,1.,0.));
#2116=DIRECTION('',(0.,0.,1.));
#2117=DIRECTION('',(0.,0.,1.));
#2118=DIRECTION('',(0.,1.,0.));
#2119=DIRECTION('',(0.,0.,1.));
#2120=DIRECTION('',(-1.,0.,0.));
#2121=DIRECTION('',(0.,0.,1.));
#2122=DIRECTION('',(0.,1.,0.));
#2123=DIRECTION('',(0.,1.,0.));
#2124=DIRECTION('',(0.,0.,1.));
#2125=DIRECTION('',(0.,0.,1.));
#2126=DIRECTION('',(1.,0.,0.));
#2127=DIRECTION('',(0.,0.,1.));
#2128=DIRECTION('',(1.,0.,0.));
#2129=DIRECTION('',(0.,0.,1.));
#2130=DIRECTION('',(1.,0.,0.));
#2131=DIRECTION('',(0.,0.,1.));
#2132=DIRECTION('',(1.,0.,0.));
#2133=DIRECTION('',(0.,0.,-1.));
#2134=DIRECTION('',(0.,1.,0.));
#2135=DIRECTION('',(0.,1.,0.));
#2136=DIRECTION('',(0.,0.,1.));
#2137=DIRECTION('',(0.,0.,1.));
#2138=DIRECTION('',(1.,0.,0.));
#2139=DIRECTION('',(0.,0.,-1.));
#2140=DIRECTION('',(0.,1.,0.));
#2141=DIRECTION('',(0.,0.,-1.));
#2142=DIRECTION('',(0.,1.,0.));
#2143=DIRECTION('',(0.,0.,1.));
#2144=DIRECTION('',(-2.4492935982947E-16,-1.,0.));
#2145=DIRECTION('',(1.,-2.4492935982947E-16,0.));
#2146=DIRECTION('',(1.,-2.4492935982947E-16,0.));
#2147=DIRECTION('',(1.,-2.4492935982947E-16,0.));
#2148=DIRECTION('',(0.,0.,1.));
#2149=DIRECTION('',(0.,0.,1.));
#2150=DIRECTION('',(1.,0.,0.));
#2151=DIRECTION('',(0.,0.,1.));
#2152=DIRECTION('',(-0.6,0.8,0.));
#2153=DIRECTION('',(0.,0.,1.));
#2154=DIRECTION('',(-0.6,0.8,0.));
#2155=DIRECTION('',(0.,0.,1.));
#2156=DIRECTION('',(0.,0.,1.));
#2157=DIRECTION('',(1.,0.,0.));
#2158=DIRECTION('',(0.,0.,1.));
#2159=DIRECTION('',(0.,1.,0.));
#2160=DIRECTION('',(0.,0.,1.));
#2161=DIRECTION('',(0.,0.,1.));
#2162=DIRECTION('',(0.,1.,0.));
#2163=DIRECTION('',(0.,0.,1.));
#2164=DIRECTION('',(0.,0.,1.));
#2165=DIRECTION('',(1.,0.,0.));
#2166=DIRECTION('',(0.,0.,1.));
#2167=DIRECTION('',(-0.6,0.8,0.));
#2168=DIRECTION('',(0.,0.,1.));
#2169=DIRECTION('',(-0.6,0.8,0.));
#2170=DIRECTION('',(0.,0.,1.));
#2171=DIRECTION('',(0.,0.,1.));
#2172=DIRECTION('',(1.,0.,0.));
#2173=DIRECTION('',(0.,0.,-1.));
#2174=DIRECTION('',(0.,1.,0.));
#2175=DIRECTION('',(0.,0.,-1.));
#2176=DIRECTION('',(0.,1.,0.));
#2177=DIRECTION('',(0.,0.,1.));
#2178=DIRECTION('',(1.,0.,0.));
#2179=DIRECTION('',(0.,0.,-1.));
#2180=DIRECTION('',(0.,1.,0.));
#2181=DIRECTION('',(0.,1.,0.));
#2182=DIRECTION('',(0.,0.,1.));
#2183=DIRECTION('',(0.,0.,1.));
#2184=DIRECTION('',(1.,0.,0.));
#2185=DIRECTION('',(0.,0.,1.));
#2186=DIRECTION('',(1.,0.,0.));
#2187=DIRECTION('',(0.,0.,1.));
#2188=DIRECTION('',(1.,0.,0.));
#2189=DIRECTION('',(0.,0.,1.));
#2190=DIRECTION('',(-1.,0.,0.));
#2191=DIRECTION('',(0.,0.,1.));
#2192=DIRECTION('',(0.,1.,0.));
#2193=DIRECTION('',(0.,1.,0.));
#2194=DIRECTION('',(-2.4492935982947E-16,-1.,0.));
#2195=DIRECTION('',(1.,-2.4492935982947E-16,0.));
#2196=DIRECTION('',(1.,-2.4492935982947E-16,0.));
#2197=DIRECTION('',(1.,-2.4492935982947E-16,0.));
#2198=DIRECTION('',(0.,0.,1.));
#2199=DIRECTION('',(1.,0.,0.));
#2200=DIRECTION('',(0.,0.,1.));
#2201=DIRECTION('',(1.,0.,0.));
#2202=DIRECTION('',(0.,0.,1.));
#2203=DIRECTION('',(1.,0.,0.));
#2204=DIRECTION('',(1.,0.,0.));
#2205=DIRECTION('',(0.,0.,-1.));
#2206=DIRECTION('',(0.,-1.,0.));
#2207=DIRECTION('',(0.,0.,-1.));
#2208=DIRECTION('',(0.,-1.,0.));
#2209=DIRECTION('',(0.,0.,-1.));
#2210=DIRECTION('',(0.,1.,0.));
#2211=DIRECTION('',(0.,0.,1.));
#2212=DIRECTION('',(-1.,0.,0.));
#2213=DIRECTION('',(0.,0.,-1.));
#2214=DIRECTION('',(-1.,0.,0.));
#2215=DIRECTION('',(-1.,0.,0.));
#2216=DIRECTION('',(0.,0.,1.));
#2217=DIRECTION('',(0.,1.,0.));
#2218=DIRECTION('',(0.,0.,-1.));
#2219=DIRECTION('',(0.,1.,0.));
#2220=DIRECTION('',(0.,-1.,0.));
#2221=DIRECTION('',(0.,0.,-1.));
#2222=DIRECTION('',(-1.,0.,0.));
#2223=DIRECTION('',(-1.,0.,0.));
#2224=DIRECTION('',(0.,0.,-1.));
#2225=DIRECTION('',(-1.,0.,0.));
#2226=DIRECTION('',(0.,0.,-1.));
#2227=DIRECTION('',(-1.,0.,0.));
#2228=DIRECTION('',(0.,0.,1.));
#2229=DIRECTION('',(1.,0.,0.));
#2230=DIRECTION('',(-1.,0.,0.));
#2231=DIRECTION('',(0.,0.,1.));
#2232=DIRECTION('',(0.,0.,-1.));
#2233=DIRECTION('',(0.,1.,0.));
#2234=DIRECTION('',(0.,0.,-1.));
#2235=DIRECTION('',(0.,1.,0.));
#2236=DIRECTION('',(0.,1.,0.));
#2237=DIRECTION('',(0.,0.,1.));
#2238=DIRECTION('',(1.,0.,0.));
#2239=DIRECTION('',(0.,0.,-1.));
#2240=DIRECTION('',(1.,0.,0.));
#2241=DIRECTION('',(1.,0.,0.));
#2242=DIRECTION('',(0.,0.,-1.));
#2243=DIRECTION('',(0.,-1.,0.));
#2244=DIRECTION('',(0.,0.,-1.));
#2245=DIRECTION('',(0.,-1.,0.));
#2246=DIRECTION('',(-1.,0.,0.));
#2247=DIRECTION('',(0.,0.,1.));
#2248=DIRECTION('',(0.,0.,-1.));
#2249=DIRECTION('',(0.,1.,0.));
#2250=DIRECTION('',(0.,0.,-1.));
#2251=DIRECTION('',(0.,1.,0.));
#2252=DIRECTION('',(0.,0.,-1.));
#2253=DIRECTION('',(-1.,0.,0.));
#2254=DIRECTION('',(0.,0.,1.));
#2255=DIRECTION('',(1.,0.,0.));
#2256=DIRECTION('',(0.,0.,-1.));
#2257=DIRECTION('',(0.,0.,1.));
#2258=DIRECTION('',(1.,0.,0.));
#2259=DIRECTION('',(1.,0.,0.));
#2260=DIRECTION('',(0.,0.,-1.));
#2261=DIRECTION('',(0.,-1.,0.));
#2262=DIRECTION('',(0.,0.,-1.));
#2263=DIRECTION('',(0.,-1.,0.));
#2264=DIRECTION('',(0.,1.,0.));
#2265=DIRECTION('',(0.,0.,1.));
#2266=DIRECTION('',(1.,0.,0.));
#2267=DIRECTION('',(1.,0.,0.));
#2268=DIRECTION('',(0.,0.,-1.));
#2269=DIRECTION('',(-1.,0.,0.));
#2270=DIRECTION('',(0.,0.,1.));
#2271=DIRECTION('',(1.,0.,0.));
#2272=DIRECTION('',(0.,0.,1.));
#2273=DIRECTION('',(1.,0.,0.));
#2274=DIRECTION('',(0.,0.,1.));
#2275=DIRECTION('',(1.,0.,0.));
#2276=DIRECTION('',(0.,0.,1.));
#2277=DIRECTION('',(1.,0.,0.));
#2278=DIRECTION('',(0.,0.,1.));
#2279=DIRECTION('',(1.,0.,0.));
#2280=DIRECTION('',(-1.,0.,0.));
#2281=DIRECTION('',(0.,0.,1.));
#2282=DIRECTION('',(0.,1.,0.));
#2283=DIRECTION('',(0.,0.,-1.));
#2284=DIRECTION('',(0.,1.,0.));
#2285=DIRECTION('',(0.,0.,-1.));
#2286=DIRECTION('',(1.60696940803781E-15,-1.,0.));
#2287=DIRECTION('',(1.,1.60696940803781E-15,0.));
#2288=DIRECTION('',(1.,1.60696940803781E-15,0.));
#2289=DIRECTION('',(0.,0.,-1.));
#2290=DIRECTION('',(1.,1.60696940803781E-15,0.));
#2291=DIRECTION('',(1.,1.70740499604016E-15,0.));
#2292=DIRECTION('',(-1.70740499604016E-15,1.,0.));
#2293=DIRECTION('',(1.70740499604016E-15,-1.,0.));
#2294=DIRECTION('',(0.,0.,-1.));
#2295=DIRECTION('',(1.70740499604016E-15,-1.,0.));
#2296=DIRECTION('',(-1.60696940803781E-15,1.,0.));
#2297=DIRECTION('',(-1.,-1.60696940803781E-15,0.));
#2298=DIRECTION('',(1.,1.60696940803781E-15,0.));
#2299=DIRECTION('',(1.,1.60696940803781E-15,0.));
#2300=DIRECTION('',(0.,0.,-1.));
#2301=DIRECTION('',(-1.,0.,0.));
#2302=DIRECTION('',(0.,0.,-1.));
#2303=DIRECTION('',(-1.,0.,0.));
#2304=DIRECTION('',(0.,0.,1.));
#2305=DIRECTION('',(1.,0.,0.));
#2306=DIRECTION('',(-1.,0.,0.));
#2307=DIRECTION('',(0.,0.,1.));
#2308=DIRECTION('',(0.,-1.,0.));
#2309=DIRECTION('',(0.,0.,1.));
#2310=DIRECTION('',(0.,-1.,0.));
#2311=DIRECTION('',(0.,0.,1.));
#2312=DIRECTION('',(0.,-1.,0.));
#2313=DIRECTION('',(0.,0.,-1.));
#2314=DIRECTION('',(-1.,0.,0.));
#2315=DIRECTION('',(-1.,0.,0.));
#2316=DIRECTION('',(0.,0.,1.));
#2317=DIRECTION('',(1.,0.,0.));
#2318=DIRECTION('',(0.,0.,-1.));
#2319=DIRECTION('',(0.,1.,0.));
#2320=DIRECTION('',(0.,1.,0.));
#2321=DIRECTION('',(0.,0.,1.));
#2322=DIRECTION('',(0.,1.,0.));
#2323=DIRECTION('',(0.,0.,1.));
#2324=DIRECTION('',(-1.,0.,0.));
#2325=DIRECTION('',(-1.,0.,0.));
#2326=DIRECTION('',(0.,0.,-1.));
#2327=DIRECTION('',(-1.,0.,0.));
#2328=DIRECTION('',(0.,0.,-1.));
#2329=DIRECTION('',(-1.,0.,0.));
#2330=CARTESIAN_POINT('',(0.,0.,0.));
#2331=CARTESIAN_POINT('',(0.001016,0.06096,0.00254));
#2332=CARTESIAN_POINT('',(0.001016,0.06096,0.));
#2333=CARTESIAN_POINT('',(0.001016,0.06096,0.));
#2334=CARTESIAN_POINT('',(-0.001016,0.06096,0.));
#2335=CARTESIAN_POINT('',(-0.001016,0.06096,0.00254));
#2336=CARTESIAN_POINT('',(-0.001016,0.06096,0.00254));
#2337=CARTESIAN_POINT('',(0.001016,0.06096,0.00254));
#2338=CARTESIAN_POINT('',(0.001016,0.06096,0.00254));
#2339=CARTESIAN_POINT('',(0.001016,0.06096,0.00254));
#2340=CARTESIAN_POINT('',(-0.001016,0.058801,0.00254));
#2341=CARTESIAN_POINT('',(-0.001016,0.058801,0.));
#2342=CARTESIAN_POINT('',(-0.001016,0.056642,0.));
#2343=CARTESIAN_POINT('',(-0.001016,0.056642,0.00254));
#2344=CARTESIAN_POINT('',(-0.001016,0.056642,0.00254));
#2345=CARTESIAN_POINT('',(-0.001016,0.058801,0.00254));
#2346=CARTESIAN_POINT('',(-0.001016,0.056642,0.00254));
#2347=CARTESIAN_POINT('',(-0.001016,0.056642,0.));
#2348=CARTESIAN_POINT('',(0.001016,0.056642,0.));
#2349=CARTESIAN_POINT('',(0.001016,0.056642,0.00254));
#2350=CARTESIAN_POINT('',(0.001016,0.056642,0.00254));
#2351=CARTESIAN_POINT('',(-0.001016,0.056642,0.00254));
#2352=CARTESIAN_POINT('',(0.001016,0.058801,0.00254));
#2353=CARTESIAN_POINT('',(0.001016,0.058801,0.));
#2354=CARTESIAN_POINT('',(0.001016,0.058801,0.00254));
#2355=CARTESIAN_POINT('',(0.,0.,0.00254));
#2356=CARTESIAN_POINT('',(0.,0.,0.));
#2357=CARTESIAN_POINT('',(0.,0.,0.));
#2358=CARTESIAN_POINT('',(0.01778,0.042164,-0.002));
#2359=CARTESIAN_POINT('',(0.01778,0.042164,0.));
#2360=CARTESIAN_POINT('',(0.01778,0.042164,0.));
#2361=CARTESIAN_POINT('',(0.01778,0.044196,0.));
#2362=CARTESIAN_POINT('',(0.01778,0.042164,-0.002));
#2363=CARTESIAN_POINT('',(0.01778,0.042164,-0.002));
#2364=CARTESIAN_POINT('',(0.01778,0.042164,-0.002));
#2365=CARTESIAN_POINT('',(0.01778,0.044196,-0.002));
#2366=CARTESIAN_POINT('',(0.01778,0.044196,-0.002));
#2367=CARTESIAN_POINT('',(0.015621,0.044196,-0.002));
#2368=CARTESIAN_POINT('',(0.015621,0.044196,0.));
#2369=CARTESIAN_POINT('',(0.013462,0.044196,0.));
#2370=CARTESIAN_POINT('',(0.015621,0.044196,-0.002));
#2371=CARTESIAN_POINT('',(0.013462,0.044196,-0.002));
#2372=CARTESIAN_POINT('',(0.013462,0.044196,-0.002));
#2373=CARTESIAN_POINT('',(0.013462,0.044196,-0.002));
#2374=CARTESIAN_POINT('',(0.013462,0.044196,0.));
#2375=CARTESIAN_POINT('',(0.013462,0.042164,0.));
#2376=CARTESIAN_POINT('',(0.013462,0.044196,-0.002));
#2377=CARTESIAN_POINT('',(0.013462,0.042164,-0.002));
#2378=CARTESIAN_POINT('',(0.013462,0.042164,-0.002));
#2379=CARTESIAN_POINT('',(0.015621,0.042164,-0.002));
#2380=CARTESIAN_POINT('',(0.015621,0.042164,0.));
#2381=CARTESIAN_POINT('',(0.015621,0.042164,-0.002));
#2382=CARTESIAN_POINT('',(0.,0.,-0.002));
#2383=CARTESIAN_POINT('',(0.,0.,0.));
#2384=CARTESIAN_POINT('',(0.,0.,0.));
#2385=CARTESIAN_POINT('',(-0.01778,0.0254,-0.002));
#2386=CARTESIAN_POINT('',(-0.01778,0.0254,0.));
#2387=CARTESIAN_POINT('',(-0.019812,0.0322155351954194,0.));
#2388=CARTESIAN_POINT('',(-0.0200938314437701,0.018674917989361,0.));
#2389=CARTESIAN_POINT('',(-0.0200938314437701,0.018674917989361,-0.002));
#2390=CARTESIAN_POINT('',(-0.0200938314437701,0.018674917989361,-0.002));
#2391=CARTESIAN_POINT('',(-0.01778,0.0254,-0.002));
#2392=CARTESIAN_POINT('',(-0.019812,0.0322155351954194,-0.002));
#2393=CARTESIAN_POINT('',(-0.019812,0.0322155351954194,-0.002));
#2394=CARTESIAN_POINT('',(-0.019812,0.037127281909585,-0.002));
#2395=CARTESIAN_POINT('',(-0.019812,0.037127281909585,0.));
#2396=CARTESIAN_POINT('',(-0.019812,0.04318,0.));
#2397=CARTESIAN_POINT('',(-0.019812,0.037127281909585,-0.002));
#2398=CARTESIAN_POINT('',(-0.019812,0.04318,-0.002));
#2399=CARTESIAN_POINT('',(-0.019812,0.04318,-0.002));
#2400=CARTESIAN_POINT('',(1.09219601705304E-19,0.04318,-0.002));
#2401=CARTESIAN_POINT('',(1.09219601705304E-19,0.04318,0.));
#2402=CARTESIAN_POINT('',(0.019812,0.04318,0.));
#2403=CARTESIAN_POINT('',(1.09219601705304E-19,0.04318,-0.002));
#2404=CARTESIAN_POINT('',(0.019812,0.04318,-0.002));
#2405=CARTESIAN_POINT('',(0.019812,0.04318,-0.002));
#2406=CARTESIAN_POINT('',(0.019812,0.037127281909585,-0.002));
#2407=CARTESIAN_POINT('',(0.019812,0.037127281909585,0.));
#2408=CARTESIAN_POINT('',(0.019812,0.0322155351954194,0.));
#2409=CARTESIAN_POINT('',(0.019812,0.037127281909585,-0.002));
#2410=CARTESIAN_POINT('',(0.019812,0.0322155351954194,-0.002));
#2411=CARTESIAN_POINT('',(0.019812,0.0322155351954194,-0.002));
#2412=CARTESIAN_POINT('',(0.01778,0.0254,-0.002));
#2413=CARTESIAN_POINT('',(0.01778,0.0254,0.));
#2414=CARTESIAN_POINT('',(0.0200938314437701,0.018674917989361,0.));
#2415=CARTESIAN_POINT('',(0.01778,0.0254,-0.002));
#2416=CARTESIAN_POINT('',(0.0200938314437701,0.018674917989361,-0.002));
#2417=CARTESIAN_POINT('',(0.0200938314437701,0.018674917989361,-0.002));
#2418=CARTESIAN_POINT('',(-0.01778,0.0254,-0.002));
#2419=CARTESIAN_POINT('',(-0.01778,0.0254,0.));
#2420=CARTESIAN_POINT('',(-0.024812,0.0352616185284161,0.));
#2421=CARTESIAN_POINT('',(-0.0271554486438247,0.0177317859493227,0.));
#2422=CARTESIAN_POINT('',(-0.024812,0.0352616185284161,-0.002));
#2423=CARTESIAN_POINT('',(-0.024812,0.0352616185284161,-0.002));
#2424=CARTESIAN_POINT('',(-0.01778,0.0254,-0.002));
#2425=CARTESIAN_POINT('',(-0.0271554486438247,0.0177317859493227,-0.002));
#2426=CARTESIAN_POINT('',(-0.0271554486438247,0.0177317859493227,-0.002));
#2427=CARTESIAN_POINT('',(0.,0.,-0.002));
#2428=CARTESIAN_POINT('',(0.,0.,0.));
#2429=CARTESIAN_POINT('',(0.0271554486438247,0.0177317859493227,0.));
#2430=CARTESIAN_POINT('',(0.,0.,-0.002));
#2431=CARTESIAN_POINT('',(0.0271554486438247,0.0177317859493227,-0.002));
#2432=CARTESIAN_POINT('',(0.0271554486438247,0.0177317859493227,-0.002));
#2433=CARTESIAN_POINT('',(0.01778,0.0254,-0.002));
#2434=CARTESIAN_POINT('',(0.01778,0.0254,0.));
#2435=CARTESIAN_POINT('',(0.024812,0.0352616185284162,0.));
#2436=CARTESIAN_POINT('',(0.01778,0.0254,-0.002));
#2437=CARTESIAN_POINT('',(0.024812,0.0352616185284162,-0.002));
#2438=CARTESIAN_POINT('',(0.024812,0.0352616185284162,-0.002));
#2439=CARTESIAN_POINT('',(0.024812,0.037127281909585,-0.002));
#2440=CARTESIAN_POINT('',(0.024812,0.037127281909585,0.));
#2441=CARTESIAN_POINT('',(0.024812,0.04318,0.));
#2442=CARTESIAN_POINT('',(0.024812,0.037127281909585,-0.002));
#2443=CARTESIAN_POINT('',(0.024812,0.04318,-0.002));
#2444=CARTESIAN_POINT('',(0.024812,0.04318,-0.002));
#2445=CARTESIAN_POINT('',(1.09219601705304E-19,0.04318,-0.002));
#2446=CARTESIAN_POINT('',(1.09219601705304E-19,0.04318,0.));
#2447=CARTESIAN_POINT('',(-0.024812,0.04318,0.));
#2448=CARTESIAN_POINT('',(1.09219601705304E-19,0.04318,-0.002));
#2449=CARTESIAN_POINT('',(-0.024812,0.04318,-0.002));
#2450=CARTESIAN_POINT('',(-0.024812,0.04318,-0.002));
#2451=CARTESIAN_POINT('',(-0.024812,0.037127281909585,-0.002));
#2452=CARTESIAN_POINT('',(-0.024812,0.037127281909585,0.));
#2453=CARTESIAN_POINT('',(-0.024812,0.037127281909585,-0.002));
#2454=CARTESIAN_POINT('',(0.,0.,-0.002));
#2455=CARTESIAN_POINT('',(0.,0.,0.));
#2456=CARTESIAN_POINT('',(0.,0.,-0.002));
#2457=CARTESIAN_POINT('',(-0.01778,0.0254,-0.002));
#2458=CARTESIAN_POINT('',(-0.01778,0.0254,0.));
#2459=CARTESIAN_POINT('',(0.,0.,0.));
#2460=CARTESIAN_POINT('',(0.00135584116846321,0.02032,0.0127));
#2461=CARTESIAN_POINT('',(0.00135584116846321,0.02032,0.));
#2462=CARTESIAN_POINT('',(-0.01778,0.02032,0.));
#2463=CARTESIAN_POINT('',(-0.01524,0.02032,0.));
#2464=CARTESIAN_POINT('',(-0.01778,0.02032,0.0127));
#2465=CARTESIAN_POINT('',(-0.01778,0.02032,0.0127));
#2466=CARTESIAN_POINT('',(0.00135584116846321,0.02032,0.0127));
#2467=CARTESIAN_POINT('',(-0.01524,0.02032,0.0127));
#2468=CARTESIAN_POINT('',(-0.01524,0.02032,0.0127));
#2469=CARTESIAN_POINT('',(-0.01778,0.0254,0.0127));
#2470=CARTESIAN_POINT('',(-0.01778,0.0254,0.));
#2471=CARTESIAN_POINT('',(-0.01778,0.03048,0.));
#2472=CARTESIAN_POINT('',(-0.01778,0.03048,0.0127));
#2473=CARTESIAN_POINT('',(-0.01778,0.03048,0.0127));
#2474=CARTESIAN_POINT('',(-0.01778,0.0254,0.0127));
#2475=CARTESIAN_POINT('',(-0.01778,0.037127281909585,0.0127));
#2476=CARTESIAN_POINT('',(-0.01778,0.037127281909585,0.));
#2477=CARTESIAN_POINT('',(-0.01778,0.04318,0.));
#2478=CARTESIAN_POINT('',(-0.01778,0.04318,0.0127));
#2479=CARTESIAN_POINT('',(-0.01778,0.04318,0.0127));
#2480=CARTESIAN_POINT('',(-0.01778,0.037127281909585,0.0127));
#2481=CARTESIAN_POINT('',(1.09219601705304E-19,0.04318,0.0127));
#2482=CARTESIAN_POINT('',(1.09219601705304E-19,0.04318,0.));
#2483=CARTESIAN_POINT('',(0.01778,0.04318,0.));
#2484=CARTESIAN_POINT('',(0.01778,0.04318,0.0127));
#2485=CARTESIAN_POINT('',(0.01778,0.04318,0.0127));
#2486=CARTESIAN_POINT('',(1.09219601705304E-19,0.04318,0.0127));
#2487=CARTESIAN_POINT('',(0.01778,0.037127281909585,0.0127));
#2488=CARTESIAN_POINT('',(0.01778,0.037127281909585,0.));
#2489=CARTESIAN_POINT('',(0.01778,0.03048,0.));
#2490=CARTESIAN_POINT('',(0.01778,0.03048,0.0127));
#2491=CARTESIAN_POINT('',(0.01778,0.03048,0.0127));
#2492=CARTESIAN_POINT('',(0.01778,0.037127281909585,0.0127));
#2493=CARTESIAN_POINT('',(0.01778,0.0254,0.0127));
#2494=CARTESIAN_POINT('',(0.01778,0.0254,0.));
#2495=CARTESIAN_POINT('',(0.01778,0.02032,0.));
#2496=CARTESIAN_POINT('',(0.01778,0.02032,0.0127));
#2497=CARTESIAN_POINT('',(0.01778,0.02032,0.0127));
#2498=CARTESIAN_POINT('',(0.01778,0.0254,0.0127));
#2499=CARTESIAN_POINT('',(0.00135584116846321,0.02032,0.0127));
#2500=CARTESIAN_POINT('',(0.00135584116846321,0.02032,0.));
#2501=CARTESIAN_POINT('',(0.01524,0.02032,0.));
#2502=CARTESIAN_POINT('',(0.01524,0.02032,0.0127));
#2503=CARTESIAN_POINT('',(0.01524,0.02032,0.0127));
#2504=CARTESIAN_POINT('',(0.00135584116846321,0.02032,0.0127));
#2505=CARTESIAN_POINT('',(-0.01778,0.0254,0.0127));
#2506=CARTESIAN_POINT('',(-0.01778,0.0254,0.));
#2507=CARTESIAN_POINT('',(-0.019812,0.0322155351954194,0.));
#2508=CARTESIAN_POINT('',(-0.0200938314437701,0.018674917989361,0.));
#2509=CARTESIAN_POINT('',(-0.0200938314437701,0.018674917989361,0.0127));
#2510=CARTESIAN_POINT('',(-0.0200938314437701,0.018674917989361,0.0127));
#2511=CARTESIAN_POINT('',(-0.01778,0.0254,0.0127));
#2512=CARTESIAN_POINT('',(-0.019812,0.0322155351954194,0.0127));
#2513=CARTESIAN_POINT('',(-0.019812,0.0322155351954194,0.0127));
#2514=CARTESIAN_POINT('',(0.,0.,0.0127));
#2515=CARTESIAN_POINT('',(0.,0.,0.));
#2516=CARTESIAN_POINT('',(0.0200938314437701,0.018674917989361,0.));
#2517=CARTESIAN_POINT('',(0.0200938314437701,0.018674917989361,0.0127));
#2518=CARTESIAN_POINT('',(0.0200938314437701,0.018674917989361,0.0127));
#2519=CARTESIAN_POINT('',(0.,0.,0.0127));
#2520=CARTESIAN_POINT('',(0.01778,0.0254,0.0127));
#2521=CARTESIAN_POINT('',(0.01778,0.0254,0.));
#2522=CARTESIAN_POINT('',(0.019812,0.0322155351954194,0.));
#2523=CARTESIAN_POINT('',(0.019812,0.0322155351954194,0.0127));
#2524=CARTESIAN_POINT('',(0.019812,0.0322155351954194,0.0127));
#2525=CARTESIAN_POINT('',(0.01778,0.0254,0.0127));
#2526=CARTESIAN_POINT('',(0.019812,0.037127281909585,0.0127));
#2527=CARTESIAN_POINT('',(0.019812,0.037127281909585,0.));
#2528=CARTESIAN_POINT('',(0.019812,0.04318,0.));
#2529=CARTESIAN_POINT('',(0.019812,0.04318,0.0127));
#2530=CARTESIAN_POINT('',(0.019812,0.04318,0.0127));
#2531=CARTESIAN_POINT('',(0.019812,0.037127281909585,0.0127));
#2532=CARTESIAN_POINT('',(1.09219601705304E-19,0.04318,0.0127));
#2533=CARTESIAN_POINT('',(1.09219601705304E-19,0.04318,0.));
#2534=CARTESIAN_POINT('',(-0.019812,0.04318,0.));
#2535=CARTESIAN_POINT('',(-0.019812,0.04318,0.0127));
#2536=CARTESIAN_POINT('',(-0.019812,0.04318,0.0127));
#2537=CARTESIAN_POINT('',(1.09219601705304E-19,0.04318,0.0127));
#2538=CARTESIAN_POINT('',(-0.019812,0.037127281909585,0.0127));
#2539=CARTESIAN_POINT('',(-0.019812,0.037127281909585,0.));
#2540=CARTESIAN_POINT('',(-0.019812,0.037127281909585,0.0127));
#2541=CARTESIAN_POINT('',(0.,0.,0.0127));
#2542=CARTESIAN_POINT('',(0.,0.,0.));
#2543=CARTESIAN_POINT('',(0.,0.,0.0127));
#2544=CARTESIAN_POINT('',(-0.01778,0.0254,0.0127));
#2545=CARTESIAN_POINT('',(-0.01778,0.0254,0.));
#2546=CARTESIAN_POINT('',(0.,0.,0.));
#2547=CARTESIAN_POINT('',(0.001016,0.06096,-0.002));
#2548=CARTESIAN_POINT('',(0.001016,0.06096,0.));
#2549=CARTESIAN_POINT('',(0.001016,0.06096,0.));
#2550=CARTESIAN_POINT('',(-0.001016,0.06096,0.));
#2551=CARTESIAN_POINT('',(0.001016,0.06096,-0.002));
#2552=CARTESIAN_POINT('',(0.001016,0.06096,-0.002));
#2553=CARTESIAN_POINT('',(0.001016,0.06096,-0.002));
#2554=CARTESIAN_POINT('',(-0.001016,0.06096,-0.002));
#2555=CARTESIAN_POINT('',(-0.001016,0.06096,-0.002));
#2556=CARTESIAN_POINT('',(-0.001016,0.058801,-0.002));
#2557=CARTESIAN_POINT('',(-0.001016,0.058801,0.));
#2558=CARTESIAN_POINT('',(-0.001016,0.056642,0.));
#2559=CARTESIAN_POINT('',(-0.001016,0.058801,-0.002));
#2560=CARTESIAN_POINT('',(-0.001016,0.056642,-0.002));
#2561=CARTESIAN_POINT('',(-0.001016,0.056642,-0.002));
#2562=CARTESIAN_POINT('',(-0.001016,0.056642,-0.002));
#2563=CARTESIAN_POINT('',(-0.001016,0.056642,0.));
#2564=CARTESIAN_POINT('',(0.001016,0.056642,0.));
#2565=CARTESIAN_POINT('',(-0.001016,0.056642,-0.002));
#2566=CARTESIAN_POINT('',(0.001016,0.056642,-0.002));
#2567=CARTESIAN_POINT('',(0.001016,0.056642,-0.002));
#2568=CARTESIAN_POINT('',(0.001016,0.058801,-0.002));
#2569=CARTESIAN_POINT('',(0.001016,0.058801,0.));
#2570=CARTESIAN_POINT('',(0.001016,0.058801,-0.002));
#2571=CARTESIAN_POINT('',(0.,0.,-0.002));
#2572=CARTESIAN_POINT('',(0.,0.,0.));
#2573=CARTESIAN_POINT('',(0.,0.,0.));
#2574=CARTESIAN_POINT('',(-0.01778,0.0254,-0.002));
#2575=CARTESIAN_POINT('',(-0.01778,0.0254,0.));
#2576=CARTESIAN_POINT('',(-0.01778,0.03048,0.));
#2577=CARTESIAN_POINT('',(-0.01778,0.02032,0.));
#2578=CARTESIAN_POINT('',(-0.01778,0.02032,-0.002));
#2579=CARTESIAN_POINT('',(-0.01778,0.02032,-0.002));
#2580=CARTESIAN_POINT('',(-0.01778,0.0254,-0.002));
#2581=CARTESIAN_POINT('',(-0.01778,0.03048,-0.002));
#2582=CARTESIAN_POINT('',(-0.01778,0.03048,-0.002));
#2583=CARTESIAN_POINT('',(-0.01778,0.037127281909585,-0.002));
#2584=CARTESIAN_POINT('',(-0.01778,0.037127281909585,0.));
#2585=CARTESIAN_POINT('',(-0.01778,0.04318,0.));
#2586=CARTESIAN_POINT('',(-0.01778,0.037127281909585,-0.002));
#2587=CARTESIAN_POINT('',(-0.01778,0.04318,-0.002));
#2588=CARTESIAN_POINT('',(-0.01778,0.04318,-0.002));
#2589=CARTESIAN_POINT('',(1.09219601705304E-19,0.04318,-0.002));
#2590=CARTESIAN_POINT('',(1.09219601705304E-19,0.04318,0.));
#2591=CARTESIAN_POINT('',(0.01778,0.04318,0.));
#2592=CARTESIAN_POINT('',(1.09219601705304E-19,0.04318,-0.002));
#2593=CARTESIAN_POINT('',(0.01778,0.04318,-0.002));
#2594=CARTESIAN_POINT('',(0.01778,0.04318,-0.002));
#2595=CARTESIAN_POINT('',(0.01778,0.037127281909585,-0.002));
#2596=CARTESIAN_POINT('',(0.01778,0.037127281909585,0.));
#2597=CARTESIAN_POINT('',(0.01778,0.03048,0.));
#2598=CARTESIAN_POINT('',(0.01778,0.037127281909585,-0.002));
#2599=CARTESIAN_POINT('',(0.01778,0.03048,-0.002));
#2600=CARTESIAN_POINT('',(0.01778,0.03048,-0.002));
#2601=CARTESIAN_POINT('',(0.01778,0.0254,-0.002));
#2602=CARTESIAN_POINT('',(0.01778,0.0254,0.));
#2603=CARTESIAN_POINT('',(0.01778,0.02032,0.));
#2604=CARTESIAN_POINT('',(0.01778,0.0254,-0.002));
#2605=CARTESIAN_POINT('',(0.01778,0.02032,-0.002));
#2606=CARTESIAN_POINT('',(0.01778,0.02032,-0.002));
#2607=CARTESIAN_POINT('',(0.00135584116846321,0.02032,-0.002));
#2608=CARTESIAN_POINT('',(0.00135584116846321,0.02032,0.));
#2609=CARTESIAN_POINT('',(0.01524,0.02032,0.));
#2610=CARTESIAN_POINT('',(0.00135584116846321,0.02032,-0.002));
#2611=CARTESIAN_POINT('',(0.01524,0.02032,-0.002));
#2612=CARTESIAN_POINT('',(0.01524,0.02032,-0.002));
#2613=CARTESIAN_POINT('',(0.,0.,-0.002));
#2614=CARTESIAN_POINT('',(0.,0.,0.));
#2615=CARTESIAN_POINT('',(-0.01524,0.02032,0.));
#2616=CARTESIAN_POINT('',(0.,0.,-0.002));
#2617=CARTESIAN_POINT('',(-0.01524,0.02032,-0.002));
#2618=CARTESIAN_POINT('',(-0.01524,0.02032,-0.002));
#2619=CARTESIAN_POINT('',(-0.01778,0.0254,-0.002));
#2620=CARTESIAN_POINT('',(-0.01778,0.0254,0.));
#2621=CARTESIAN_POINT('',(-0.02278,0.0341525082119356,0.));
#2622=CARTESIAN_POINT('',(-0.0245488581572352,0.0179307992899354,0.));
#2623=CARTESIAN_POINT('',(-0.02278,0.0341525082119356,-0.002));
#2624=CARTESIAN_POINT('',(-0.02278,0.0341525082119356,-0.002));
#2625=CARTESIAN_POINT('',(-0.01778,0.0254,-0.002));
#2626=CARTESIAN_POINT('',(-0.0245488581572352,0.0179307992899354,-0.002));
#2627=CARTESIAN_POINT('',(-0.0245488581572352,0.0179307992899354,-0.002));
#2628=CARTESIAN_POINT('',(0.,0.,-0.002));
#2629=CARTESIAN_POINT('',(0.,0.,0.));
#2630=CARTESIAN_POINT('',(0.0245488581572353,0.0179307992899354,0.));
#2631=CARTESIAN_POINT('',(0.,0.,-0.002));
#2632=CARTESIAN_POINT('',(0.0245488581572353,0.0179307992899354,-0.002));
#2633=CARTESIAN_POINT('',(0.0245488581572353,0.0179307992899354,-0.002));
#2634=CARTESIAN_POINT('',(0.01778,0.0254,-0.002));
#2635=CARTESIAN_POINT('',(0.01778,0.0254,0.));
#2636=CARTESIAN_POINT('',(0.02278,0.0341525082119356,0.));
#2637=CARTESIAN_POINT('',(0.01778,0.0254,-0.002));
#2638=CARTESIAN_POINT('',(0.02278,0.0341525082119356,-0.002));
#2639=CARTESIAN_POINT('',(0.02278,0.0341525082119356,-0.002));
#2640=CARTESIAN_POINT('',(0.02278,0.037127281909585,-0.002));
#2641=CARTESIAN_POINT('',(0.02278,0.037127281909585,0.));
#2642=CARTESIAN_POINT('',(0.02278,0.04318,0.));
#2643=CARTESIAN_POINT('',(0.02278,0.037127281909585,-0.002));
#2644=CARTESIAN_POINT('',(0.02278,0.04318,-0.002));
#2645=CARTESIAN_POINT('',(0.02278,0.04318,-0.002));
#2646=CARTESIAN_POINT('',(1.09219601705304E-19,0.04318,-0.002));
#2647=CARTESIAN_POINT('',(1.09219601705304E-19,0.04318,0.));
#2648=CARTESIAN_POINT('',(-0.02278,0.04318,0.));
#2649=CARTESIAN_POINT('',(1.09219601705304E-19,0.04318,-0.002));
#2650=CARTESIAN_POINT('',(-0.02278,0.04318,-0.002));
#2651=CARTESIAN_POINT('',(-0.02278,0.04318,-0.002));
#2652=CARTESIAN_POINT('',(-0.02278,0.037127281909585,-0.002));
#2653=CARTESIAN_POINT('',(-0.02278,0.037127281909585,0.));
#2654=CARTESIAN_POINT('',(-0.02278,0.037127281909585,-0.002));
#2655=CARTESIAN_POINT('',(0.00135584116846321,0.02032,-0.002));
#2656=CARTESIAN_POINT('',(0.00135584116846321,0.02032,0.));
#2657=CARTESIAN_POINT('',(0.00135584116846321,0.02032,-0.002));
#2658=CARTESIAN_POINT('',(-0.01778,0.0254,-0.002));
#2659=CARTESIAN_POINT('',(-0.01778,0.0254,0.));
#2660=CARTESIAN_POINT('',(0.,0.,0.));
#2661=CARTESIAN_POINT('',(-0.01778,0.044196,0.00254));
#2662=CARTESIAN_POINT('',(-0.01778,0.044196,0.));
#2663=CARTESIAN_POINT('',(-0.01778,0.044196,0.));
#2664=CARTESIAN_POINT('',(-0.01778,0.042164,0.));
#2665=CARTESIAN_POINT('',(-0.01778,0.042164,0.00254));
#2666=CARTESIAN_POINT('',(-0.01778,0.042164,0.00254));
#2667=CARTESIAN_POINT('',(-0.01778,0.044196,0.00254));
#2668=CARTESIAN_POINT('',(-0.01778,0.044196,0.00254));
#2669=CARTESIAN_POINT('',(-0.01778,0.044196,0.00254));
#2670=CARTESIAN_POINT('',(-0.015621,0.042164,0.00254));
#2671=CARTESIAN_POINT('',(-0.015621,0.042164,0.));
#2672=CARTESIAN_POINT('',(-0.013462,0.042164,0.));
#2673=CARTESIAN_POINT('',(-0.013462,0.042164,0.00254));
#2674=CARTESIAN_POINT('',(-0.013462,0.042164,0.00254));
#2675=CARTESIAN_POINT('',(-0.015621,0.042164,0.00254));
#2676=CARTESIAN_POINT('',(-0.013462,0.042164,0.00254));
#2677=CARTESIAN_POINT('',(-0.013462,0.042164,0.));
#2678=CARTESIAN_POINT('',(-0.013462,0.044196,0.));
#2679=CARTESIAN_POINT('',(-0.013462,0.044196,0.00254));
#2680=CARTESIAN_POINT('',(-0.013462,0.044196,0.00254));
#2681=CARTESIAN_POINT('',(-0.013462,0.042164,0.00254));
#2682=CARTESIAN_POINT('',(-0.015621,0.044196,0.00254));
#2683=CARTESIAN_POINT('',(-0.015621,0.044196,0.));
#2684=CARTESIAN_POINT('',(-0.015621,0.044196,0.00254));
#2685=CARTESIAN_POINT('',(0.,0.,0.00254));
#2686=CARTESIAN_POINT('',(0.,0.,0.));
#2687=CARTESIAN_POINT('',(0.,0.,0.));
#2688=CARTESIAN_POINT('',(0.01143,0.0341073473509966,0.0127));
#2689=CARTESIAN_POINT('',(0.01143,0.04318,0.0127));
#2690=CARTESIAN_POINT('',(0.01143,0.04318,0.0127));
#2691=CARTESIAN_POINT('',(0.01143,0.04318,-0.002));
#2692=CARTESIAN_POINT('',(0.01143,0.0341073473509966,-0.002));
#2693=CARTESIAN_POINT('',(0.01143,0.03048,-0.002));
#2694=CARTESIAN_POINT('',(0.01143,0.03048,0.0127));
#2695=CARTESIAN_POINT('',(0.01143,0.03048,0.0127));
#2696=CARTESIAN_POINT('',(0.01143,0.0341073473509966,0.0127));
#2697=CARTESIAN_POINT('',(-0.000562726656295504,0.03048,0.0127));
#2698=CARTESIAN_POINT('',(-0.000562726656295504,0.03048,-0.002));
#2699=CARTESIAN_POINT('',(-0.01143,0.03048,-0.002));
#2700=CARTESIAN_POINT('',(-0.01143,0.03048,0.0127));
#2701=CARTESIAN_POINT('',(-0.01143,0.03048,0.0127));
#2702=CARTESIAN_POINT('',(-0.000562726656295504,0.03048,0.0127));
#2703=CARTESIAN_POINT('',(-0.01143,0.0369680095009155,0.0127));
#2704=CARTESIAN_POINT('',(-0.01143,0.0369680095009155,-0.002));
#2705=CARTESIAN_POINT('',(-0.01143,0.04318,-0.002));
#2706=CARTESIAN_POINT('',(-0.01143,0.04318,0.0127));
#2707=CARTESIAN_POINT('',(-0.01143,0.04318,0.0127));
#2708=CARTESIAN_POINT('',(-0.01143,0.0369680095009155,0.0127));
#2709=CARTESIAN_POINT('',(0.013462,0.0341073473509966,0.0127));
#2710=CARTESIAN_POINT('',(0.013462,0.028448,0.0127));
#2711=CARTESIAN_POINT('',(0.013462,0.028448,0.0127));
#2712=CARTESIAN_POINT('',(0.013462,0.028448,-0.002));
#2713=CARTESIAN_POINT('',(0.013462,0.0341073473509966,-0.002));
#2714=CARTESIAN_POINT('',(0.013462,0.04318,-0.002));
#2715=CARTESIAN_POINT('',(0.013462,0.04318,0.0127));
#2716=CARTESIAN_POINT('',(0.013462,0.04318,0.0127));
#2717=CARTESIAN_POINT('',(0.013462,0.0341073473509966,0.0127));
#2718=CARTESIAN_POINT('',(1.09219601705304E-19,0.04318,0.0127));
#2719=CARTESIAN_POINT('',(1.09219601705304E-19,0.04318,-0.002));
#2720=CARTESIAN_POINT('',(-0.013462,0.04318,-0.002));
#2721=CARTESIAN_POINT('',(-0.013462,0.04318,0.0127));
#2722=CARTESIAN_POINT('',(-0.013462,0.04318,0.0127));
#2723=CARTESIAN_POINT('',(1.09219601705304E-19,0.04318,0.0127));
#2724=CARTESIAN_POINT('',(-0.013462,0.0369680095009155,0.0127));
#2725=CARTESIAN_POINT('',(-0.013462,0.0369680095009155,-0.002));
#2726=CARTESIAN_POINT('',(-0.013462,0.028448,-0.002));
#2727=CARTESIAN_POINT('',(-0.013462,0.028448,0.0127));
#2728=CARTESIAN_POINT('',(-0.013462,0.028448,0.0127));
#2729=CARTESIAN_POINT('',(-0.013462,0.0369680095009155,0.0127));
#2730=CARTESIAN_POINT('',(-0.000562726656295504,0.028448,0.0127));
#2731=CARTESIAN_POINT('',(-0.000562726656295504,0.028448,-0.002));
#2732=CARTESIAN_POINT('',(-0.000562726656295504,0.028448,0.0127));
#2733=CARTESIAN_POINT('',(1.09219601705304E-19,0.04318,0.0127));
#2734=CARTESIAN_POINT('',(1.09219601705304E-19,0.04318,-0.002));
#2735=CARTESIAN_POINT('',(1.09219601705304E-19,0.04318,0.0127));
#2736=CARTESIAN_POINT('',(1.09219601705304E-19,0.04318,0.0127));
#2737=CARTESIAN_POINT('',(1.09219601705304E-19,0.04318,-0.002));
#2738=CARTESIAN_POINT('',(0.,0.,0.));
#2739=CARTESIAN_POINT('',(0.01778,0.042164,0.00254));
#2740=CARTESIAN_POINT('',(0.01778,0.042164,0.));
#2741=CARTESIAN_POINT('',(0.01778,0.042164,0.));
#2742=CARTESIAN_POINT('',(0.01778,0.044196,0.));
#2743=CARTESIAN_POINT('',(0.01778,0.044196,0.00254));
#2744=CARTESIAN_POINT('',(0.01778,0.044196,0.00254));
#2745=CARTESIAN_POINT('',(0.01778,0.042164,0.00254));
#2746=CARTESIAN_POINT('',(0.01778,0.042164,0.00254));
#2747=CARTESIAN_POINT('',(0.01778,0.042164,0.00254));
#2748=CARTESIAN_POINT('',(0.015621,0.044196,0.00254));
#2749=CARTESIAN_POINT('',(0.015621,0.044196,0.));
#2750=CARTESIAN_POINT('',(0.013462,0.044196,0.));
#2751=CARTESIAN_POINT('',(0.013462,0.044196,0.00254));
#2752=CARTESIAN_POINT('',(0.013462,0.044196,0.00254));
#2753=CARTESIAN_POINT('',(0.015621,0.044196,0.00254));
#2754=CARTESIAN_POINT('',(0.013462,0.044196,0.00254));
#2755=CARTESIAN_POINT('',(0.013462,0.044196,0.));
#2756=CARTESIAN_POINT('',(0.013462,0.042164,0.));
#2757=CARTESIAN_POINT('',(0.013462,0.042164,0.00254));
#2758=CARTESIAN_POINT('',(0.013462,0.042164,0.00254));
#2759=CARTESIAN_POINT('',(0.013462,0.044196,0.00254));
#2760=CARTESIAN_POINT('',(0.015621,0.042164,0.00254));
#2761=CARTESIAN_POINT('',(0.015621,0.042164,0.));
#2762=CARTESIAN_POINT('',(0.015621,0.042164,0.00254));
#2763=CARTESIAN_POINT('',(0.,0.,0.00254));
#2764=CARTESIAN_POINT('',(0.,0.,0.));
#2765=CARTESIAN_POINT('',(0.,0.,0.));
#2766=CARTESIAN_POINT('',(-0.01778,0.044196,-0.002));
#2767=CARTESIAN_POINT('',(-0.01778,0.044196,0.));
#2768=CARTESIAN_POINT('',(-0.01778,0.044196,0.));
#2769=CARTESIAN_POINT('',(-0.01778,0.042164,0.));
#2770=CARTESIAN_POINT('',(-0.01778,0.044196,-0.002));
#2771=CARTESIAN_POINT('',(-0.01778,0.044196,-0.002));
#2772=CARTESIAN_POINT('',(-0.01778,0.044196,-0.002));
#2773=CARTESIAN_POINT('',(-0.01778,0.042164,-0.002));
#2774=CARTESIAN_POINT('',(-0.01778,0.042164,-0.002));
#2775=CARTESIAN_POINT('',(-0.015621,0.042164,-0.002));
#2776=CARTESIAN_POINT('',(-0.015621,0.042164,0.));
#2777=CARTESIAN_POINT('',(-0.013462,0.042164,0.));
#2778=CARTESIAN_POINT('',(-0.015621,0.042164,-0.002));
#2779=CARTESIAN_POINT('',(-0.013462,0.042164,-0.002));
#2780=CARTESIAN_POINT('',(-0.013462,0.042164,-0.002));
#2781=CARTESIAN_POINT('',(-0.013462,0.042164,-0.002));
#2782=CARTESIAN_POINT('',(-0.013462,0.042164,0.));
#2783=CARTESIAN_POINT('',(-0.013462,0.044196,0.));
#2784=CARTESIAN_POINT('',(-0.013462,0.042164,-0.002));
#2785=CARTESIAN_POINT('',(-0.013462,0.044196,-0.002));
#2786=CARTESIAN_POINT('',(-0.013462,0.044196,-0.002));
#2787=CARTESIAN_POINT('',(-0.015621,0.044196,-0.002));
#2788=CARTESIAN_POINT('',(-0.015621,0.044196,0.));
#2789=CARTESIAN_POINT('',(-0.015621,0.044196,-0.002));
#2790=CARTESIAN_POINT('',(0.,0.,-0.002));
#2791=CARTESIAN_POINT('',(0.,0.,0.));
#2792=MECHANICAL_DESIGN_GEOMETRIC_PRESENTATION_REPRESENTATION('',(#1596),
#2802);
#2793=MECHANICAL_DESIGN_GEOMETRIC_PRESENTATION_REPRESENTATION('',(#1597),
#2803);
#2794=MECHANICAL_DESIGN_GEOMETRIC_PRESENTATION_REPRESENTATION('',(#1598),
#2804);
#2795=MECHANICAL_DESIGN_GEOMETRIC_PRESENTATION_REPRESENTATION('',(#1599),
#2805);
#2796=MECHANICAL_DESIGN_GEOMETRIC_PRESENTATION_REPRESENTATION('',(#1600),
#2806);
#2797=MECHANICAL_DESIGN_GEOMETRIC_PRESENTATION_REPRESENTATION('',(#1601),
#2807);
#2798=MECHANICAL_DESIGN_GEOMETRIC_PRESENTATION_REPRESENTATION('',(#1602),
#2808);
#2799=MECHANICAL_DESIGN_GEOMETRIC_PRESENTATION_REPRESENTATION('',(#1603),
#2809);
#2800=MECHANICAL_DESIGN_GEOMETRIC_PRESENTATION_REPRESENTATION('',(#1604),
#2810);
#2801=MECHANICAL_DESIGN_GEOMETRIC_PRESENTATION_REPRESENTATION('',(#1605),
#2811);
#2802=(
GEOMETRIC_REPRESENTATION_CONTEXT(3)
GLOBAL_UNCERTAINTY_ASSIGNED_CONTEXT((#2812))
GLOBAL_UNIT_ASSIGNED_CONTEXT((#2842,#2832,#2822))
REPRESENTATION_CONTEXT('Part 7','TOP_LEVEL_ASSEMBLY_PART')
);
#2803=(
GEOMETRIC_REPRESENTATION_CONTEXT(3)
GLOBAL_UNCERTAINTY_ASSIGNED_CONTEXT((#2813))
GLOBAL_UNIT_ASSIGNED_CONTEXT((#2843,#2833,#2823))
REPRESENTATION_CONTEXT('Part 9','TOP_LEVEL_ASSEMBLY_PART')
);
#2804=(
GEOMETRIC_REPRESENTATION_CONTEXT(3)
GLOBAL_UNCERTAINTY_ASSIGNED_CONTEXT((#2814))
GLOBAL_UNIT_ASSIGNED_CONTEXT((#2844,#2834,#2824))
REPRESENTATION_CONTEXT('Part 2','TOP_LEVEL_ASSEMBLY_PART')
);
#2805=(
GEOMETRIC_REPRESENTATION_CONTEXT(3)
GLOBAL_UNCERTAINTY_ASSIGNED_CONTEXT((#2815))
GLOBAL_UNIT_ASSIGNED_CONTEXT((#2845,#2835,#2825))
REPRESENTATION_CONTEXT('Part 1','TOP_LEVEL_ASSEMBLY_PART')
);
#2806=(
GEOMETRIC_REPRESENTATION_CONTEXT(3)
GLOBAL_UNCERTAINTY_ASSIGNED_CONTEXT((#2816))
GLOBAL_UNIT_ASSIGNED_CONTEXT((#2846,#2836,#2826))
REPRESENTATION_CONTEXT('Part 10','TOP_LEVEL_ASSEMBLY_PART')
);
#2807=(
GEOMETRIC_REPRESENTATION_CONTEXT(3)
GLOBAL_UNCERTAINTY_ASSIGNED_CONTEXT((#2817))
GLOBAL_UNIT_ASSIGNED_CONTEXT((#2847,#2837,#2827))
REPRESENTATION_CONTEXT('Part 3','TOP_LEVEL_ASSEMBLY_PART')
);
#2808=(
GEOMETRIC_REPRESENTATION_CONTEXT(3)
GLOBAL_UNCERTAINTY_ASSIGNED_CONTEXT((#2818))
GLOBAL_UNIT_ASSIGNED_CONTEXT((#2848,#2838,#2828))
REPRESENTATION_CONTEXT('Part 5','TOP_LEVEL_ASSEMBLY_PART')
);
#2809=(
GEOMETRIC_REPRESENTATION_CONTEXT(3)
GLOBAL_UNCERTAINTY_ASSIGNED_CONTEXT((#2819))
GLOBAL_UNIT_ASSIGNED_CONTEXT((#2849,#2839,#2829))
REPRESENTATION_CONTEXT('Part 4','TOP_LEVEL_ASSEMBLY_PART')
);
#2810=(
GEOMETRIC_REPRESENTATION_CONTEXT(3)
GLOBAL_UNCERTAINTY_ASSIGNED_CONTEXT((#2820))
GLOBAL_UNIT_ASSIGNED_CONTEXT((#2850,#2840,#2830))
REPRESENTATION_CONTEXT('Part 6','TOP_LEVEL_ASSEMBLY_PART')
);
#2811=(
GEOMETRIC_REPRESENTATION_CONTEXT(3)
GLOBAL_UNCERTAINTY_ASSIGNED_CONTEXT((#2821))
GLOBAL_UNIT_ASSIGNED_CONTEXT((#2851,#2841,#2831))
REPRESENTATION_CONTEXT('Part 8','TOP_LEVEL_ASSEMBLY_PART')
);
#2812=UNCERTAINTY_MEASURE_WITH_UNIT(LENGTH_MEASURE(1.E-8),#2842,
'DISTANCE_ACCURACY_VALUE','Maximum Tolerance applied to model');
#2813=UNCERTAINTY_MEASURE_WITH_UNIT(LENGTH_MEASURE(1.E-8),#2843,
'DISTANCE_ACCURACY_VALUE','Maximum Tolerance applied to model');
#2814=UNCERTAINTY_MEASURE_WITH_UNIT(LENGTH_MEASURE(1.E-8),#2844,
'DISTANCE_ACCURACY_VALUE','Maximum Tolerance applied to model');
#2815=UNCERTAINTY_MEASURE_WITH_UNIT(LENGTH_MEASURE(1.E-8),#2845,
'DISTANCE_ACCURACY_VALUE','Maximum Tolerance applied to model');
#2816=UNCERTAINTY_MEASURE_WITH_UNIT(LENGTH_MEASURE(1.E-8),#2846,
'DISTANCE_ACCURACY_VALUE','Maximum Tolerance applied to model');
#2817=UNCERTAINTY_MEASURE_WITH_UNIT(LENGTH_MEASURE(1.E-8),#2847,
'DISTANCE_ACCURACY_VALUE','Maximum Tolerance applied to model');
#2818=UNCERTAINTY_MEASURE_WITH_UNIT(LENGTH_MEASURE(1.E-8),#2848,
'DISTANCE_ACCURACY_VALUE','Maximum Tolerance applied to model');
#2819=UNCERTAINTY_MEASURE_WITH_UNIT(LENGTH_MEASURE(1.E-8),#2849,
'DISTANCE_ACCURACY_VALUE','Maximum Tolerance applied to model');
#2820=UNCERTAINTY_MEASURE_WITH_UNIT(LENGTH_MEASURE(1.E-8),#2850,
'DISTANCE_ACCURACY_VALUE','Maximum Tolerance applied to model');
#2821=UNCERTAINTY_MEASURE_WITH_UNIT(LENGTH_MEASURE(1.E-8),#2851,
'DISTANCE_ACCURACY_VALUE','Maximum Tolerance applied to model');
#2822=(
NAMED_UNIT(*)
SI_UNIT($,.STERADIAN.)
SOLID_ANGLE_UNIT()
);
#2823=(
NAMED_UNIT(*)
SI_UNIT($,.STERADIAN.)
SOLID_ANGLE_UNIT()
);
#2824=(
NAMED_UNIT(*)
SI_UNIT($,.STERADIAN.)
SOLID_ANGLE_UNIT()
);
#2825=(
NAMED_UNIT(*)
SI_UNIT($,.STERADIAN.)
SOLID_ANGLE_UNIT()
);
#2826=(
NAMED_UNIT(*)
SI_UNIT($,.STERADIAN.)
SOLID_ANGLE_UNIT()
);
#2827=(
NAMED_UNIT(*)
SI_UNIT($,.STERADIAN.)
SOLID_ANGLE_UNIT()
);
#2828=(
NAMED_UNIT(*)
SI_UNIT($,.STERADIAN.)
SOLID_ANGLE_UNIT()
);
#2829=(
NAMED_UNIT(*)
SI_UNIT($,.STERADIAN.)
SOLID_ANGLE_UNIT()
);
#2830=(
NAMED_UNIT(*)
SI_UNIT($,.STERADIAN.)
SOLID_ANGLE_UNIT()
);
#2831=(
NAMED_UNIT(*)
SI_UNIT($,.STERADIAN.)
SOLID_ANGLE_UNIT()
);
#2832=(
NAMED_UNIT(*)
PLANE_ANGLE_UNIT()
SI_UNIT($,.RADIAN.)
);
#2833=(
NAMED_UNIT(*)
PLANE_ANGLE_UNIT()
SI_UNIT($,.RADIAN.)
);
#2834=(
NAMED_UNIT(*)
PLANE_ANGLE_UNIT()
SI_UNIT($,.RADIAN.)
);
#2835=(
NAMED_UNIT(*)
PLANE_ANGLE_UNIT()
SI_UNIT($,.RADIAN.)
);
#2836=(
NAMED_UNIT(*)
PLANE_ANGLE_UNIT()
SI_UNIT($,.RADIAN.)
);
#2837=(
NAMED_UNIT(*)
PLANE_ANGLE_UNIT()
SI_UNIT($,.RADIAN.)
);
#2838=(
NAMED_UNIT(*)
PLANE_ANGLE_UNIT()
SI_UNIT($,.RADIAN.)
);
#2839=(
NAMED_UNIT(*)
PLANE_ANGLE_UNIT()
SI_UNIT($,.RADIAN.)
);
#2840=(
NAMED_UNIT(*)
PLANE_ANGLE_UNIT()
SI_UNIT($,.RADIAN.)
);
#2841=(
NAMED_UNIT(*)
PLANE_ANGLE_UNIT()
SI_UNIT($,.RADIAN.)
);
#2842=(
LENGTH_UNIT()
NAMED_UNIT(*)
SI_UNIT($,.METRE.)
);
#2843=(
LENGTH_UNIT()
NAMED_UNIT(*)
SI_UNIT($,.METRE.)
);
#2844=(
LENGTH_UNIT()
NAMED_UNIT(*)
SI_UNIT($,.METRE.)
);
#2845=(
LENGTH_UNIT()
NAMED_UNIT(*)
SI_UNIT($,.METRE.)
);
#2846=(
LENGTH_UNIT()
NAMED_UNIT(*)
SI_UNIT($,.METRE.)
);
#2847=(
LENGTH_UNIT()
NAMED_UNIT(*)
SI_UNIT($,.METRE.)
);
#2848=(
LENGTH_UNIT()
NAMED_UNIT(*)
SI_UNIT($,.METRE.)
);
#2849=(
LENGTH_UNIT()
NAMED_UNIT(*)
SI_UNIT($,.METRE.)
);
#2850=(
LENGTH_UNIT()
NAMED_UNIT(*)
SI_UNIT($,.METRE.)
);
#2851=(
LENGTH_UNIT()
NAMED_UNIT(*)
SI_UNIT($,.METRE.)
);
#2852=PRODUCT_DEFINITION_SHAPE('','',#2862);
#2853=PRODUCT_DEFINITION_SHAPE('','',#2863);
#2854=PRODUCT_DEFINITION_SHAPE('','',#2864);
#2855=PRODUCT_DEFINITION_SHAPE('','',#2865);
#2856=PRODUCT_DEFINITION_SHAPE('','',#2866);
#2857=PRODUCT_DEFINITION_SHAPE('','',#2867);
#2858=PRODUCT_DEFINITION_SHAPE('','',#2868);
#2859=PRODUCT_DEFINITION_SHAPE('','',#2869);
#2860=PRODUCT_DEFINITION_SHAPE('','',#2870);
#2861=PRODUCT_DEFINITION_SHAPE('','',#2871);
#2862=PRODUCT_DEFINITION('','',#2882,#2872);
#2863=PRODUCT_DEFINITION('','',#2883,#2873);
#2864=PRODUCT_DEFINITION('','',#2884,#2874);
#2865=PRODUCT_DEFINITION('','',#2885,#2875);
#2866=PRODUCT_DEFINITION('','',#2886,#2876);
#2867=PRODUCT_DEFINITION('','',#2887,#2877);
#2868=PRODUCT_DEFINITION('','',#2888,#2878);
#2869=PRODUCT_DEFINITION('','',#2889,#2879);
#2870=PRODUCT_DEFINITION('','',#2890,#2880);
#2871=PRODUCT_DEFINITION('','',#2891,#2881);
#2872=PRODUCT_DEFINITION_CONTEXT('',#2942,'design');
#2873=PRODUCT_DEFINITION_CONTEXT('',#2943,'design');
#2874=PRODUCT_DEFINITION_CONTEXT('',#2944,'design');
#2875=PRODUCT_DEFINITION_CONTEXT('',#2945,'design');
#2876=PRODUCT_DEFINITION_CONTEXT('',#2946,'design');
#2877=PRODUCT_DEFINITION_CONTEXT('',#2947,'design');
#2878=PRODUCT_DEFINITION_CONTEXT('',#2948,'design');
#2879=PRODUCT_DEFINITION_CONTEXT('',#2949,'design');
#2880=PRODUCT_DEFINITION_CONTEXT('',#2950,'design');
#2881=PRODUCT_DEFINITION_CONTEXT('',#2951,'design');
#2882=PRODUCT_DEFINITION_FORMATION_WITH_SPECIFIED_SOURCE('','',#2902,
 .NOT_KNOWN.);
#2883=PRODUCT_DEFINITION_FORMATION_WITH_SPECIFIED_SOURCE('','',#2903,
 .NOT_KNOWN.);
#2884=PRODUCT_DEFINITION_FORMATION_WITH_SPECIFIED_SOURCE('','',#2904,
 .NOT_KNOWN.);
#2885=PRODUCT_DEFINITION_FORMATION_WITH_SPECIFIED_SOURCE('','',#2905,
 .NOT_KNOWN.);
#2886=PRODUCT_DEFINITION_FORMATION_WITH_SPECIFIED_SOURCE('','',#2906,
 .NOT_KNOWN.);
#2887=PRODUCT_DEFINITION_FORMATION_WITH_SPECIFIED_SOURCE('','',#2907,
 .NOT_KNOWN.);
#2888=PRODUCT_DEFINITION_FORMATION_WITH_SPECIFIED_SOURCE('','',#2908,
 .NOT_KNOWN.);
#2889=PRODUCT_DEFINITION_FORMATION_WITH_SPECIFIED_SOURCE('','',#2909,
 .NOT_KNOWN.);
#2890=PRODUCT_DEFINITION_FORMATION_WITH_SPECIFIED_SOURCE('','',#2910,
 .NOT_KNOWN.);
#2891=PRODUCT_DEFINITION_FORMATION_WITH_SPECIFIED_SOURCE('','',#2911,
 .NOT_KNOWN.);
#2892=PRODUCT_RELATED_PRODUCT_CATEGORY('','',(#2902));
#2893=PRODUCT_RELATED_PRODUCT_CATEGORY('','',(#2903));
#2894=PRODUCT_RELATED_PRODUCT_CATEGORY('','',(#2904));
#2895=PRODUCT_RELATED_PRODUCT_CATEGORY('','',(#2905));
#2896=PRODUCT_RELATED_PRODUCT_CATEGORY('','',(#2906));
#2897=PRODUCT_RELATED_PRODUCT_CATEGORY('','',(#2907));
#2898=PRODUCT_RELATED_PRODUCT_CATEGORY('','',(#2908));
#2899=PRODUCT_RELATED_PRODUCT_CATEGORY('','',(#2909));
#2900=PRODUCT_RELATED_PRODUCT_CATEGORY('','',(#2910));
#2901=PRODUCT_RELATED_PRODUCT_CATEGORY('','',(#2911));
#2902=PRODUCT('Part 7','Part 7','Part 7',(#2922));
#2903=PRODUCT('Part 9','Part 9','Part 9',(#2923));
#2904=PRODUCT('Part 2','Part 2','Part 2',(#2924));
#2905=PRODUCT('Part 1','Part 1','Part 1',(#2925));
#2906=PRODUCT('Part 10','Part 10','Part 10',(#2926));
#2907=PRODUCT('Part 3','Part 3','Part 3',(#2927));
#2908=PRODUCT('Part 5','Part 5','Part 5',(#2928));
#2909=PRODUCT('Part 4','Part 4','Part 4',(#2929));
#2910=PRODUCT('Part 6','Part 6','Part 6',(#2930));
#2911=PRODUCT('Part 8','Part 8','Part 8',(#2931));
#2912=PRODUCT_CATEGORY('','');
#2913=PRODUCT_CATEGORY('','');
#2914=PRODUCT_CATEGORY('','');
#2915=PRODUCT_CATEGORY('','');
#2916=PRODUCT_CATEGORY('','');
#2917=PRODUCT_CATEGORY('','');
#2918=PRODUCT_CATEGORY('','');
#2919=PRODUCT_CATEGORY('','');
#2920=PRODUCT_CATEGORY('','');
#2921=PRODUCT_CATEGORY('','');
#2922=PRODUCT_CONTEXT('',#2942,'mechanical');
#2923=PRODUCT_CONTEXT('',#2943,'mechanical');
#2924=PRODUCT_CONTEXT('',#2944,'mechanical');
#2925=PRODUCT_CONTEXT('',#2945,'mechanical');
#2926=PRODUCT_CONTEXT('',#2946,'mechanical');
#2927=PRODUCT_CONTEXT('',#2947,'mechanical');
#2928=PRODUCT_CONTEXT('',#2948,'mechanical');
#2929=PRODUCT_CONTEXT('',#2949,'mechanical');
#2930=PRODUCT_CONTEXT('',#2950,'mechanical');
#2931=PRODUCT_CONTEXT('',#2951,'mechanical');
#2932=APPLICATION_PROTOCOL_DEFINITION('international standard',
'ap242_managed_model_based_3d_engineering',2020,#2942);
#2933=APPLICATION_PROTOCOL_DEFINITION('international standard',
'ap242_managed_model_based_3d_engineering',2020,#2943);
#2934=APPLICATION_PROTOCOL_DEFINITION('international standard',
'ap242_managed_model_based_3d_engineering',2020,#2944);
#2935=APPLICATION_PROTOCOL_DEFINITION('international standard',
'ap242_managed_model_based_3d_engineering',2020,#2945);
#2936=APPLICATION_PROTOCOL_DEFINITION('international standard',
'ap242_managed_model_based_3d_engineering',2020,#2946);
#2937=APPLICATION_PROTOCOL_DEFINITION('international standard',
'ap242_managed_model_based_3d_engineering',2020,#2947);
#2938=APPLICATION_PROTOCOL_DEFINITION('international standard',
'ap242_managed_model_based_3d_engineering',2020,#2948);
#2939=APPLICATION_PROTOCOL_DEFINITION('international standard',
'ap242_managed_model_based_3d_engineering',2020,#2949);
#2940=APPLICATION_PROTOCOL_DEFINITION('international standard',
'ap242_managed_model_based_3d_engineering',2020,#2950);
#2941=APPLICATION_PROTOCOL_DEFINITION('international standard',
'ap242_managed_model_based_3d_engineering',2020,#2951);
#2942=APPLICATION_CONTEXT('managed model based 3d engineering');
#2943=APPLICATION_CONTEXT('managed model based 3d engineering');
#2944=APPLICATION_CONTEXT('managed model based 3d engineering');
#2945=APPLICATION_CONTEXT('managed model based 3d engineering');
#2946=APPLICATION_CONTEXT('managed model based 3d engineering');
#2947=APPLICATION_CONTEXT('managed model based 3d engineering');
#2948=APPLICATION_CONTEXT('managed model based 3d engineering');
#2949=APPLICATION_CONTEXT('managed model based 3d engineering');
#2950=APPLICATION_CONTEXT('managed model based 3d engineering');
#2951=APPLICATION_CONTEXT('managed model based 3d engineering');
ENDSEC;
END-ISO-10303-21;
