ISO-10303-21;
HEADER;
/* Generated by software containing ST-Developer
 * from STEP Tools, Inc. (www.steptools.com) 
 */
/* OPTION: using custom renumber hook */

FILE_DESCRIPTION(
/* description */ ('STEP AP242 Edition 2',
'CAx-IF Rec.Pracs.---Representation and Presentation of Product Manufa
cturing Information (PMI)---4.0---2014-10-13',
'CAx-IF Rec.Pracs.---3D Tessellated Geometry---0.4---2014-09-14','2;1',
'CAx-IF Rec.Pracs.---User Defined Attributes---1.5---2016-08-15'),
/* implementation_level */ '2;1');

FILE_NAME(
/* name */ 'Part Studio 1',
/* time_stamp */ '2026-10-10T12:16:07Z',
/* author */ (''),
/* organization */ (''),
/* preprocessor_version */ 'ST-DEVELOPER v20',
/* originating_system */ 'ONSHAPE BY PTC INC, 1.222',
/* authorisation */ '  ');

FILE_SCHEMA (('AP242_MANAGED_MODEL_BASED_3D_ENGINEERING_MIM_LF { 1 0 10303 442 3 1 4 }'));
ENDSEC;

DATA;
#10=SHAPE_REPRESENTATION_RELATIONSHIP('','',#1078,#11);
#11=ADVANCED_BREP_SHAPE_REPRESENTATION('',(#1076),#9221);
#12=CYLINDRICAL_SURFACE('',#1088,0.0364746382854942);
#13=CIRCLE('',#1087,0.0364746382854942);
#14=CIRCLE('',#1089,0.0364746382854942);
#15=LINE('',#1959,#50);
#16=LINE('',#2117,#51);
#17=LINE('',#2185,#52);
#18=LINE('',#2378,#53);
#19=LINE('',#2447,#54);
#20=LINE('',#2515,#55);
#21=LINE('',#3012,#56);
#22=LINE('',#3037,#57);
#23=LINE('',#3052,#58);
#24=LINE('',#3063,#59);
#25=LINE('',#3089,#60);
#26=LINE('',#3126,#61);
#27=LINE('',#3179,#62);
#28=LINE('',#3249,#63);
#29=LINE('',#3434,#64);
#30=LINE('',#3771,#65);
#31=LINE('',#4025,#66);
#32=LINE('',#4095,#67);
#33=LINE('',#4192,#68);
#34=LINE('',#4244,#69);
#35=LINE('',#4288,#70);
#36=LINE('',#5403,#71);
#37=LINE('',#5407,#72);
#38=LINE('',#5468,#73);
#39=LINE('',#5571,#74);
#40=LINE('',#5610,#75);
#41=LINE('',#5879,#76);
#42=LINE('',#5900,#77);
#43=LINE('',#6117,#78);
#44=LINE('',#6170,#79);
#45=LINE('',#6222,#80);
#46=LINE('',#6303,#81);
#47=LINE('',#6366,#82);
#48=LINE('',#6389,#83);
#49=LINE('',#6451,#84);
#50=VECTOR('',#1100,1.);
#51=VECTOR('',#1101,1.);
#52=VECTOR('',#1102,1.);
#53=VECTOR('',#1103,1.);
#54=VECTOR('',#1104,1.);
#55=VECTOR('',#1105,1.);
#56=VECTOR('',#1112,1.);
#57=VECTOR('',#1113,1.);
#58=VECTOR('',#1114,1.);
#59=VECTOR('',#1115,1.);
#60=VECTOR('',#1116,1.);
#61=VECTOR('',#1117,1.);
#62=VECTOR('',#1118,1.);
#63=VECTOR('',#1119,1.);
#64=VECTOR('',#1120,1.);
#65=VECTOR('',#1121,1.);
#66=VECTOR('',#1122,1.);
#67=VECTOR('',#1123,1.);
#68=VECTOR('',#1124,1.);
#69=VECTOR('',#1125,1.);
#70=VECTOR('',#1126,1.);
#71=VECTOR('',#1135,1.);
#72=VECTOR('',#1138,1.);
#73=VECTOR('',#1139,1.);
#74=VECTOR('',#1140,1.);
#75=VECTOR('',#1141,1.);
#76=VECTOR('',#1142,1.);
#77=VECTOR('',#1143,1.);
#78=VECTOR('',#1144,1.);
#79=VECTOR('',#1145,1.);
#80=VECTOR('',#1146,1.);
#81=VECTOR('',#1147,1.);
#82=VECTOR('',#1148,1.);
#83=VECTOR('',#1149,1.);
#84=VECTOR('',#1150,1.);
#85=B_SPLINE_SURFACE_WITH_KNOTS('',3,1,((#1744,#1745),(#1746,#1747),(#1748,
#1749),(#1750,#1751),(#1752,#1753),(#1754,#1755),(#1756,#1757),(#1758,#1759),
(#1760,#1761),(#1762,#1763),(#1764,#1765),(#1766,#1767),(#1768,#1769),(#1770,
#1771),(#1772,#1773),(#1774,#1775),(#1776,#1777),(#1778,#1779),(#1780,#1781),
(#1782,#1783),(#1784,#1785),(#1786,#1787),(#1788,#1789),(#1790,#1791),(#1792,
#1793),(#1794,#1795),(#1796,#1797),(#1798,#1799),(#1800,#1801),(#1802,#1803),
(#1804,#1805),(#1806,#1807),(#1808,#1809),(#1810,#1811),(#1812,#1813),(#1814,
#1815),(#1816,#1817),(#1818,#1819),(#1820,#1821),(#1822,#1823),(#1824,#1825),
(#1826,#1827),(#1828,#1829),(#1830,#1831),(#1832,#1833),(#1834,#1835),(#1836,
#1837),(#1838,#1839),(#1840,#1841),(#1842,#1843),(#1844,#1845),(#1846,#1847),
(#1848,#1849),(#1850,#1851),(#1852,#1853),(#1854,#1855),(#1856,#1857),(#1858,
#1859),(#1860,#1861),(#1862,#1863),(#1864,#1865),(#1866,#1867),(#1868,#1869),
(#1870,#1871),(#1872,#1873),(#1874,#1875),(#1876,#1877),(#1878,#1879),(#1880,
#1881),(#1882,#1883),(#1884,#1885),(#1886,#1887),(#1888,#1889),(#1890,#1891)),
 .SURF_OF_LINEAR_EXTRUSION.,.F.,.F.,.F.,(4,1,1,1,1,1,1,1,1,1,1,1,1,1,1,
1,1,1,1,1,1,1,1,1,1,1,1,1,1,1,1,1,1,1,1,1,1,1,1,1,1,1,1,1,1,1,1,1,1,1,1,
1,1,1,1,1,1,1,1,1,1,1,1,1,1,1,1,1,1,1,1,4),(2,2),(0.,0.00637946866944957,
0.0127589373388991,0.0191384060083487,0.0255178746777983,0.0318973433472478,
0.0382768120166974,0.044656280686147,0.0478460150208718,0.0510357493555965,
0.0542254836903213,0.0574152180250461,0.0637946866944957,0.0701741553639453,
0.0765536240333948,0.0829330927028444,0.089312561372294,0.0956920300417435,
0.102071498711193,0.108450967380643,0.111640701715367,0.114830436050092,
0.116425303217455,0.118020170384817,0.121209904719542,0.124399639054267,
0.127589373388991,0.130779107723716,0.133968842058441,0.140348310727891,
0.14672777939734,0.15310724806679,0.159486716736239,0.165866185405689,0.169055919740414,
0.172245654075138,0.178625122744588,0.185004591414037,0.191384060083487,
0.197763528752937,0.204142997422386,0.210522466091836,0.216901934761285,
0.223281403430735,0.229660872100184,0.236040340769634,0.242419809439084,
0.248799278108533,0.255178746777983,0.267937684116882,0.280696621455781,
0.287076090125231,0.29345555879468,0.29983502746413,0.306214496133579,0.312593964803029,
0.318973433472478,0.325352902141928,0.331732370811378,0.334922105146102,
0.338111839480827,0.344491308150277,0.350870776819726,0.357250245489176,
0.363629714158625,0.370009182828075,0.376388651497525,0.382768120166974,
0.389147588836424,0.395527057505873,0.401906526175323,0.408285994844772),
(0.,1.),.UNSPECIFIED.);
#86=B_SPLINE_SURFACE_WITH_KNOTS('',3,1,((#2186,#2187),(#2188,#2189),(#2190,
#2191),(#2192,#2193),(#2194,#2195),(#2196,#2197),(#2198,#2199),(#2200,#2201),
(#2202,#2203),(#2204,#2205),(#2206,#2207),(#2208,#2209),(#2210,#2211),(#2212,
#2213),(#2214,#2215),(#2216,#2217),(#2218,#2219),(#2220,#2221),(#2222,#2223),
(#2224,#2225),(#2226,#2227),(#2228,#2229),(#2230,#2231),(#2232,#2233),(#2234,
#2235),(#2236,#2237),(#2238,#2239),(#2240,#2241),(#2242,#2243),(#2244,#2245),
(#2246,#2247),(#2248,#2249),(#2250,#2251),(#2252,#2253),(#2254,#2255),(#2256,
#2257),(#2258,#2259),(#2260,#2261),(#2262,#2263),(#2264,#2265),(#2266,#2267),
(#2268,#2269),(#2270,#2271),(#2272,#2273),(#2274,#2275),(#2276,#2277),(#2278,
#2279),(#2280,#2281),(#2282,#2283),(#2284,#2285),(#2286,#2287),(#2288,#2289),
(#2290,#2291),(#2292,#2293),(#2294,#2295),(#2296,#2297),(#2298,#2299),(#2300,
#2301),(#2302,#2303),(#2304,#2305),(#2306,#2307),(#2308,#2309),(#2310,#2311),
(#2312,#2313),(#2314,#2315),(#2316,#2317),(#2318,#2319),(#2320,#2321),(#2322,
#2323),(#2324,#2325),(#2326,#2327),(#2328,#2329),(#2330,#2331),(#2332,#2333),
(#2334,#2335),(#2336,#2337),(#2338,#2339),(#2340,#2341),(#2342,#2343),(#2344,
#2345),(#2346,#2347),(#2348,#2349),(#2350,#2351),(#2352,#2353),(#2354,#2355),
(#2356,#2357),(#2358,#2359),(#2360,#2361),(#2362,#2363),(#2364,#2365),(#2366,
#2367),(#2368,#2369),(#2370,#2371),(#2372,#2373),(#2374,#2375),(#2376,#2377)),
 .SURF_OF_LINEAR_EXTRUSION.,.F.,.F.,.F.,(4,1,1,1,1,1,1,1,1,1,1,1,1,1,1,
1,1,1,1,1,1,1,1,1,1,1,1,1,1,1,1,1,1,1,1,1,1,1,1,1,1,1,1,1,1,1,1,1,1,1,1,
1,1,1,1,1,1,1,1,1,1,1,1,1,1,1,1,1,1,1,1,1,1,1,1,1,1,1,1,1,1,1,1,1,1,1,1,
1,1,1,1,1,1,4),(2,2),(0.409822911197638,0.419044428210175,0.423655186716444,
0.428265945222712,0.437487462235249,0.442098220741517,0.446708979247786,
0.451319737754054,0.455930496260323,0.46515201327286,0.469762771779128,
0.474373530285397,0.483595047297933,0.49281656431047,0.497427322816739,
0.502038081323007,0.506648839829276,0.511259598335544,0.520481115348081,
0.529702632360618,0.538924149373155,0.548145666385692,0.557367183398229,
0.561977941904497,0.566588700410765,0.575810217423302,0.580420975929571,
0.585031734435839,0.589642492942108,0.594253251448376,0.598864009954645,
0.603474768460913,0.608085526967182,0.61269628547345,0.621917802485987,
0.631139319498524,0.635750078004792,0.640360836511061,0.649582353523598,
0.654193112029866,0.658803870536135,0.668025387548671,0.67263614605494,
0.677246904561208,0.686468421573745,0.691079180080014,0.695689938586282,
0.700300697092551,0.704911455598819,0.709522214105087,0.714132972611356,
0.723354489623893,0.73257600663643,0.741797523648967,0.751019040661504,
0.760240557674041,0.769462074686577,0.774072833192846,0.778683591699114,
0.783294350205383,0.787905108711651,0.79251586721792,0.797126625724188,
0.801737384230457,0.806348142736725,0.815569659749262,0.82018041825553,
0.824791176761799,0.834012693774336,0.843234210786873,0.85245572779941,
0.861677244811947,0.866288003318215,0.870898761824483,0.875509520330752,
0.88012027883702,0.889341795849557,0.898563312862094,0.903174071368362,
0.907784829874631,0.912395588380899,0.917006346887168,0.921617105393436,
0.926227863899705,0.930838622405973,0.935449380912242,0.944670897924779,
0.953892414937316,0.958503173443584,0.963113931949852,0.972335448962389,
0.981556965974926,0.990778482987463,1.),(0.,1.),.UNSPECIFIED.);
#87=B_SPLINE_SURFACE_WITH_KNOTS('',3,1,((#2990,#2991),(#2992,#2993),(#2994,
#2995),(#2996,#2997),(#2998,#2999),(#3000,#3001),(#3002,#3003)),
 .SURF_OF_LINEAR_EXTRUSION.,.F.,.F.,.F.,(4,1,1,1,4),(2,2),(0.,0.446223470415153,
0.897991573603485,0.954811986323982,1.),(0.,1.),.UNSPECIFIED.);
#88=B_SPLINE_SURFACE_WITH_KNOTS('',3,1,((#3021,#3022),(#3023,#3024),(#3025,
#3026),(#3027,#3028),(#3029,#3030)),.SURF_OF_LINEAR_EXTRUSION.,.F.,.F.,
 .F.,(4,1,4),(2,2),(0.,0.506284019104504,1.),(0.,1.),.UNSPECIFIED.);
#89=B_SPLINE_SURFACE_WITH_KNOTS('',3,1,((#3038,#3039),(#3040,#3041),(#3042,
#3043),(#3044,#3045),(#3046,#3047),(#3048,#3049),(#3050,#3051)),
 .SURF_OF_LINEAR_EXTRUSION.,.F.,.F.,.F.,(4,1,1,1,4),(2,2),(0.0142954473684762,
0.0873271258213705,0.160358804274265,0.233390482727159,0.306422161180054),
(0.,1.),.UNSPECIFIED.);
#90=B_SPLINE_SURFACE_WITH_KNOTS('',3,1,((#3079,#3080),(#3081,#3082),(#3083,
#3084),(#3085,#3086),(#3087,#3088)),.SURF_OF_LINEAR_EXTRUSION.,.F.,.F.,
 .F.,(4,1,4),(2,2),(0.413016662712683,0.452020092598793,0.491023522484903),
(0.,1.),.UNSPECIFIED.);
#91=B_SPLINE_SURFACE_WITH_KNOTS('',3,1,((#3104,#3105),(#3106,#3107),(#3108,
#3109),(#3110,#3111),(#3112,#3113),(#3114,#3115),(#3116,#3117),(#3118,#3119),
(#3120,#3121),(#3122,#3123),(#3124,#3125)),.SURF_OF_LINEAR_EXTRUSION.,.F.,
 .F.,.F.,(4,1,1,1,1,1,1,1,4),(2,2),(0.75701969659614,0.795194743695949,
0.833369790795758,0.871544837895568,0.909719884995377,0.947894932095186,
0.986069979194995,1.0242450262948,1.06242007339461),(0.,1.),
 .UNSPECIFIED.);
#92=B_SPLINE_SURFACE_WITH_KNOTS('',3,1,((#3161,#3162),(#3163,#3164),(#3165,
#3166),(#3167,#3168),(#3169,#3170),(#3171,#3172),(#3173,#3174),(#3175,#3176),
(#3177,#3178)),.SURF_OF_LINEAR_EXTRUSION.,.F.,.F.,.F.,(4,1,1,1,1,1,4),(2,
2),(-0.119961238287194,0.180192204489303,0.330268925877552,0.480345647265801,
0.63042236865405,0.780499090042298,1.0806525328188),(0.,1.),
 .UNSPECIFIED.);
#93=B_SPLINE_SURFACE_WITH_KNOTS('',3,1,((#3207,#3208),(#3209,#3210),(#3211,
#3212),(#3213,#3214),(#3215,#3216),(#3217,#3218),(#3219,#3220),(#3221,#3222),
(#3223,#3224),(#3225,#3226),(#3227,#3228),(#3229,#3230),(#3231,#3232),(#3233,
#3234),(#3235,#3236),(#3237,#3238),(#3239,#3240),(#3241,#3242),(#3243,#3244),
(#3245,#3246),(#3247,#3248)),.SURF_OF_LINEAR_EXTRUSION.,.F.,.F.,.F.,(4,
1,1,1,1,1,1,1,1,1,1,1,1,1,1,1,1,1,4),(2,2),(0.925128229906671,0.930242446451809,
0.935356662996947,0.940470879542085,0.943027987814654,0.945585096087223,
0.948142204359792,0.950699312632361,0.955813529177499,0.958370637450068,
0.960927745722638,0.966041962267776,0.971156178812913,0.976270395358052,
0.986498828448328,0.991613044993466,0.996727261538604,1.00184147808374,
1.00695569462888),(0.,1.),.UNSPECIFIED.);
#94=B_SPLINE_SURFACE_WITH_KNOTS('',3,1,((#3308,#3309),(#3310,#3311),(#3312,
#3313),(#3314,#3315),(#3316,#3317),(#3318,#3319),(#3320,#3321),(#3322,#3323),
(#3324,#3325),(#3326,#3327),(#3328,#3329),(#3330,#3331),(#3332,#3333),(#3334,
#3335),(#3336,#3337),(#3338,#3339),(#3340,#3341),(#3342,#3343),(#3344,#3345),
(#3346,#3347),(#3348,#3349),(#3350,#3351),(#3352,#3353),(#3354,#3355),(#3356,
#3357),(#3358,#3359),(#3360,#3361),(#3362,#3363),(#3364,#3365),(#3366,#3367),
(#3368,#3369),(#3370,#3371),(#3372,#3373),(#3374,#3375),(#3376,#3377),(#3378,
#3379),(#3380,#3381),(#3382,#3383),(#3384,#3385),(#3386,#3387),(#3388,#3389),
(#3390,#3391),(#3392,#3393),(#3394,#3395),(#3396,#3397),(#3398,#3399),(#3400,
#3401),(#3402,#3403),(#3404,#3405),(#3406,#3407),(#3408,#3409),(#3410,#3411),
(#3412,#3413),(#3414,#3415),(#3416,#3417),(#3418,#3419),(#3420,#3421),(#3422,
#3423),(#3424,#3425),(#3426,#3427),(#3428,#3429),(#3430,#3431),(#3432,#3433)),
 .SURF_OF_LINEAR_EXTRUSION.,.F.,.F.,.F.,(4,1,1,1,1,1,1,1,1,1,1,1,1,1,1,
1,1,1,1,1,1,1,1,1,1,1,1,1,1,1,1,1,1,1,1,1,1,1,1,1,1,1,1,1,1,1,1,1,1,1,1,
1,1,1,1,1,1,1,1,1,4),(2,2),(0.711825471044327,0.717986783784001,0.724148096523676,
0.73030940926335,0.736470722003025,0.739551378372862,0.742632034742699,
0.745712691112537,0.748793347482374,0.750333675667292,0.751874003852211,
0.75341433203713,0.754184496129589,0.754954660222048,0.755724824314508,
0.756494988406967,0.756880070453197,0.757265152499426,0.757650234545656,
0.758035316591885,0.758420398638115,0.758805480684345,0.759190562730574,
0.759575644776804,0.759960726823034,0.760345808869263,0.761115972961723,
0.761886137054182,0.762656301146641,0.763426465239101,0.76419662933156,
0.765736957516479,0.767277285701397,0.768817613886316,0.770357942071234,
0.773438598441072,0.776519254810909,0.779599911180746,0.785761223920421,
0.791922536660095,0.79808384939977,0.804245162139444,0.810406474879119,
0.816567787618793,0.822729100358468,0.835051725837817,0.841213038577491,
0.847374351317165,0.85353566405684,0.859696976796514,0.865858289536189,
0.872019602275863,0.875100258645701,0.878180915015538,0.884342227755212,
0.887422884125049,0.890503540494887,0.893584196864724,0.896664853234561,
0.902826165974236,0.90898747871391),(0.,1.),.UNSPECIFIED.);
#95=B_SPLINE_SURFACE_WITH_KNOTS('',3,1,((#3603,#3604),(#3605,#3606),(#3607,
#3608),(#3609,#3610),(#3611,#3612),(#3613,#3614),(#3615,#3616),(#3617,#3618),
(#3619,#3620),(#3621,#3622),(#3623,#3624),(#3625,#3626),(#3627,#3628),(#3629,
#3630),(#3631,#3632),(#3633,#3634),(#3635,#3636),(#3637,#3638),(#3639,#3640),
(#3641,#3642),(#3643,#3644),(#3645,#3646),(#3647,#3648),(#3649,#3650),(#3651,
#3652),(#3653,#3654),(#3655,#3656),(#3657,#3658),(#3659,#3660),(#3661,#3662),
(#3663,#3664),(#3665,#3666),(#3667,#3668),(#3669,#3670),(#3671,#3672),(#3673,
#3674),(#3675,#3676),(#3677,#3678),(#3679,#3680),(#3681,#3682),(#3683,#3684),
(#3685,#3686),(#3687,#3688),(#3689,#3690),(#3691,#3692),(#3693,#3694),(#3695,
#3696),(#3697,#3698),(#3699,#3700),(#3701,#3702),(#3703,#3704),(#3705,#3706),
(#3707,#3708),(#3709,#3710),(#3711,#3712),(#3713,#3714),(#3715,#3716),(#3717,
#3718),(#3719,#3720),(#3721,#3722),(#3723,#3724),(#3725,#3726),(#3727,#3728),
(#3729,#3730),(#3731,#3732),(#3733,#3734),(#3735,#3736),(#3737,#3738),(#3739,
#3740),(#3741,#3742),(#3743,#3744),(#3745,#3746),(#3747,#3748),(#3749,#3750),
(#3751,#3752),(#3753,#3754),(#3755,#3756),(#3757,#3758),(#3759,#3760),(#3761,
#3762),(#3763,#3764),(#3765,#3766),(#3767,#3768),(#3769,#3770)),
 .SURF_OF_LINEAR_EXTRUSION.,.F.,.F.,.F.,(4,1,1,1,1,1,1,1,1,1,1,1,1,1,1,
1,1,1,1,1,1,1,1,1,1,1,1,1,1,1,1,1,1,1,1,1,1,1,1,1,1,1,1,1,1,1,1,1,1,1,1,
1,1,1,1,1,1,1,1,1,1,1,1,1,1,1,1,1,1,1,1,1,1,1,1,1,1,1,1,1,1,4),(2,2),(0.34570993711138,
0.348358634832646,0.351007332553913,0.35365603027518,0.356304727996447,
0.358953425717714,0.36160212343898,0.364250821160247,0.366899518881514,
0.369548216602781,0.372196914324048,0.377494309766581,0.382791705209115,
0.388089100651648,0.393386496094182,0.398683891536716,0.403981286979249,
0.409278682421783,0.41192738014305,0.414576077864316,0.41987347330685,0.422522171028117,
0.425170868749384,0.427819566470651,0.430468264191917,0.433116961913184,
0.435765659634451,0.438414357355718,0.441063055076985,0.443711752798251,
0.446360450519518,0.451657845962052,0.454306543683319,0.456955241404585,
0.462252636847119,0.467550032289653,0.472847427732186,0.47814482317472,
0.480793520895987,0.483442218617253,0.488739614059787,0.494037009502321,
0.496685707223588,0.499334404944854,0.504631800387388,0.509929195829922,
0.515226591272455,0.520523986714989,0.525821382157522,0.53641617304259,
0.547010963927657,0.552308359370191,0.557605754812724,0.562903150255258,
0.568200545697791,0.573497941140325,0.578795336582859,0.589390127467926,
0.594687522910459,0.599984918352993,0.605282313795527,0.61057970923806,
0.615877104680594,0.621174500123127,0.623823197844394,0.626471895565661,
0.631769291008195,0.637066686450728,0.639715384171995,0.642364081893262,
0.647661477335796,0.650310175057062,0.652958872778329,0.655607570499596,
0.658256268220863,0.66090496594213,0.663553663663397,0.66885105910593,0.671499756827197,
0.674148454548464,0.679445849990997,0.684743245433531),(0.,1.),
 .UNSPECIFIED.);
#96=B_SPLINE_SURFACE_WITH_KNOTS('',3,1,((#4013,#4014),(#4015,#4016),(#4017,
#4018),(#4019,#4020),(#4021,#4022),(#4023,#4024)),
 .SURF_OF_LINEAR_EXTRUSION.,.F.,.F.,.F.,(4,1,1,4),(2,2),(0.301136671960043,
0.313807308833243,0.320142627269843,0.326477945706443),(0.,1.),
 .UNSPECIFIED.);
#97=B_SPLINE_SURFACE_WITH_KNOTS('',3,1,((#4045,#4046),(#4047,#4048),(#4049,
#4050),(#4051,#4052),(#4053,#4054),(#4055,#4056),(#4057,#4058),(#4059,#4060),
(#4061,#4062),(#4063,#4064),(#4065,#4066),(#4067,#4068),(#4069,#4070),(#4071,
#4072),(#4073,#4074),(#4075,#4076),(#4077,#4078),(#4079,#4080),(#4081,#4082),
(#4083,#4084),(#4085,#4086),(#4087,#4088),(#4089,#4090),(#4091,#4092),(#4093,
#4094)),.SURF_OF_LINEAR_EXTRUSION.,.F.,.F.,.F.,(4,1,1,1,1,1,1,1,1,1,1,1,
1,1,1,1,1,1,1,1,1,1,4),(2,2),(0.17202397836707,0.174964752127937,0.177905525888803,
0.180846299649669,0.183787073410535,0.189668620932268,0.195550168454,0.201431715975732,
0.204372489736599,0.207313263497465,0.210254037258331,0.213194811019197,
0.216135584780063,0.219076358540929,0.222017132301796,0.224957906062662,
0.230839453584394,0.236721001106127,0.239661774866993,0.242602548627859,
0.248484096149591,0.254365643671324,0.266128738714788),(0.,1.),
 .UNSPECIFIED.);
#98=B_SPLINE_SURFACE_WITH_KNOTS('',3,1,((#4168,#4169),(#4170,#4171),(#4172,
#4173),(#4174,#4175),(#4176,#4177),(#4178,#4179),(#4180,#4181),(#4182,#4183),
(#4184,#4185),(#4186,#4187),(#4188,#4189),(#4190,#4191)),
 .SURF_OF_LINEAR_EXTRUSION.,.F.,.F.,.F.,(4,1,1,1,1,1,1,1,1,4),(2,2),(0.130992643373549,
0.14067711060212,0.145519344216405,0.150361577830691,0.155203811444977,
0.157624928252119,0.160046045059262,0.162467161866405,0.164888278673548,
0.169730512287833),(0.,1.),.UNSPECIFIED.);
#99=B_SPLINE_SURFACE_WITH_KNOTS('',3,1,((#4226,#4227),(#4228,#4229),(#4230,
#4231),(#4232,#4233),(#4234,#4235),(#4236,#4237),(#4238,#4239),(#4240,#4241),
(#4242,#4243)),.SURF_OF_LINEAR_EXTRUSION.,.F.,.F.,.F.,(4,1,1,1,1,1,4),(2,
2),(0.0651127049906489,0.0697935256261669,0.074474346261685,0.083835987532721,
0.0931976288037571,0.0978784494392752,0.102559270074793),(0.,1.),
 .UNSPECIFIED.);
#100=B_SPLINE_SURFACE_WITH_KNOTS('',3,1,((#4270,#4271),(#4272,#4273),(#4274,
#4275),(#4276,#4277),(#4278,#4279),(#4280,#4281),(#4282,#4283),(#4284,#4285),
(#4286,#4287)),.SURF_OF_LINEAR_EXTRUSION.,.F.,.F.,.F.,(4,1,1,1,1,1,4),(2,
2),(-0.00471242591920481,0.0010974668879939,0.00690735969519261,0.0127172525023913,
0.01852714530959,0.0301469309239874,0.0417667165383849),(0.,1.),
 .UNSPECIFIED.);
#101=B_SPLINE_SURFACE_WITH_KNOTS('',3,1,((#4318,#4319),(#4320,#4321),(#4322,
#4323),(#4324,#4325),(#4326,#4327),(#4328,#4329),(#4330,#4331),(#4332,#4333),
(#4334,#4335),(#4336,#4337),(#4338,#4339),(#4340,#4341),(#4342,#4343),(#4344,
#4345),(#4346,#4347),(#4348,#4349),(#4350,#4351),(#4352,#4353),(#4354,#4355),
(#4356,#4357)),.SURF_OF_LINEAR_EXTRUSION.,.F.,.F.,.F.,(4,1,1,1,1,1,1,1,
1,1,1,1,1,1,1,1,1,4),(2,2),(-0.0652966274097169,0.0563632033685547,0.178023034146826,
0.299682864925098,0.42134269570337,0.482172611092505,0.543002526481641,
0.603832441870777,0.664662357259913,0.725492272649049,0.755907230343617,
0.786322188038184,0.816737145732752,0.84715210342732,0.862359582274604,
0.877567061121888,0.892774539969172,0.907982018816456),(0.,1.),
 .UNSPECIFIED.);
#102=B_SPLINE_SURFACE_WITH_KNOTS('',3,1,((#4413,#4414),(#4415,#4416),(#4417,
#4418),(#4419,#4420),(#4421,#4422),(#4423,#4424),(#4425,#4426),(#4427,#4428),
(#4429,#4430),(#4431,#4432),(#4433,#4434),(#4435,#4436),(#4437,#4438),(#4439,
#4440)),.SURF_OF_LINEAR_EXTRUSION.,.F.,.F.,.F.,(4,1,1,1,1,1,1,1,1,1,1,4),
(2,2),(0.,0.103820324831734,0.239894033455624,0.358973541236424,0.375793714783937,
0.486518405895359,0.59369162221997,0.620444929976995,0.706578643250108,
0.805603695605565,0.916316595654481,1.),(0.,1.),.UNSPECIFIED.);
#103=B_SPLINE_SURFACE_WITH_KNOTS('',3,1,((#5408,#5409),(#5410,#5411),(#5412,
#5413),(#5414,#5415),(#5416,#5417),(#5418,#5419),(#5420,#5421),(#5422,#5423),
(#5424,#5425),(#5426,#5427),(#5428,#5429),(#5430,#5431),(#5432,#5433),(#5434,
#5435),(#5436,#5437)),.SURF_OF_LINEAR_EXTRUSION.,.F.,.F.,.F.,(4,1,1,1,1,
1,1,1,1,1,1,1,4),(2,2),(-0.247224347752239,-0.0560358211749862,0.0395584421136403,
0.135152705402267,0.230746968690893,0.32634123197952,0.421935495268146,
0.517529758556772,0.613124021845399,0.708718285134025,0.899906811711278,
1.09109533828853,1.28228386486578),(0.,1.),.UNSPECIFIED.);
#104=B_SPLINE_SURFACE_WITH_KNOTS('',3,1,((#5469,#5470),(#5471,#5472),(#5473,
#5474),(#5475,#5476),(#5477,#5478),(#5479,#5480),(#5481,#5482),(#5483,#5484),
(#5485,#5486),(#5487,#5488),(#5489,#5490),(#5491,#5492),(#5493,#5494),(#5495,
#5496),(#5497,#5498),(#5499,#5500),(#5501,#5502),(#5503,#5504),(#5505,#5506),
(#5507,#5508),(#5509,#5510),(#5511,#5512),(#5513,#5514),(#5515,#5516)),
 .SURF_OF_LINEAR_EXTRUSION.,.F.,.F.,.F.,(4,1,1,1,1,1,1,1,1,1,1,1,1,1,1,
1,1,1,1,1,1,4),(2,2),(0.937885862879897,0.940587708764934,0.943289554649971,
0.945991400535008,0.948693246420045,0.951395092305082,0.954096938190119,
0.956798784075156,0.958149707017674,0.959500629960193,0.96220247584523,
0.964904321730267,0.970308013500341,0.975711705270415,0.981115397040488,
0.986519088810562,0.991922780580636,0.99732647235071,1.00273016412078,1.00813385589086,
1.01353754766093,1.02434493120108),(0.,1.),.UNSPECIFIED.);
#105=B_SPLINE_SURFACE_WITH_KNOTS('',3,1,((#5572,#5573),(#5574,#5575),(#5576,
#5577),(#5578,#5579),(#5580,#5581),(#5582,#5583),(#5584,#5585),(#5586,#5587),
(#5588,#5589)),.SURF_OF_LINEAR_EXTRUSION.,.F.,.F.,.F.,(4,1,1,1,1,1,4),(2,
2),(0.885847915882748,0.887910049582683,0.889972183282618,0.892034316982552,
0.894096450682487,0.898220718082357,0.902344985482226),(0.,1.),
 .UNSPECIFIED.);
#106=B_SPLINE_SURFACE_WITH_KNOTS('',3,1,((#5611,#5612),(#5613,#5614),(#5615,
#5616),(#5617,#5618),(#5619,#5620),(#5621,#5622),(#5623,#5624),(#5625,#5626),
(#5627,#5628),(#5629,#5630),(#5631,#5632),(#5633,#5634),(#5635,#5636),(#5637,
#5638),(#5639,#5640),(#5641,#5642),(#5643,#5644),(#5645,#5646),(#5647,#5648),
(#5649,#5650),(#5651,#5652),(#5653,#5654),(#5655,#5656),(#5657,#5658),(#5659,
#5660),(#5661,#5662),(#5663,#5664),(#5665,#5666),(#5667,#5668),(#5669,#5670),
(#5671,#5672),(#5673,#5674),(#5675,#5676),(#5677,#5678),(#5679,#5680),(#5681,
#5682),(#5683,#5684),(#5685,#5686),(#5687,#5688),(#5689,#5690),(#5691,#5692),
(#5693,#5694),(#5695,#5696),(#5697,#5698),(#5699,#5700),(#5701,#5702),(#5703,
#5704),(#5705,#5706),(#5707,#5708),(#5709,#5710),(#5711,#5712),(#5713,#5714),
(#5715,#5716),(#5717,#5718),(#5719,#5720),(#5721,#5722),(#5723,#5724),(#5725,
#5726),(#5727,#5728),(#5729,#5730),(#5731,#5732),(#5733,#5734),(#5735,#5736),
(#5737,#5738),(#5739,#5740),(#5741,#5742)),.SURF_OF_LINEAR_EXTRUSION.,.F.,
 .F.,.F.,(4,1,1,1,1,1,1,1,1,1,1,1,1,1,1,1,1,1,1,1,1,1,1,1,1,1,1,1,1,1,1,
1,1,1,1,1,1,1,1,1,1,1,1,1,1,1,1,1,1,1,1,1,1,1,1,1,1,1,1,1,1,1,1,4),(2,2),
(0.737607478815645,0.741565369271685,0.743544314499706,0.745523259727726,
0.747502204955746,0.749481150183767,0.750470622797777,0.751460095411787,
0.752449568025797,0.753439040639807,0.754428513253817,0.754923249560822,
0.755417985867827,0.755912722174832,0.756407458481837,0.756902194788842,
0.757149562942345,0.757396931095847,0.757520615172599,0.75764429924935,
0.757891667402853,0.758139035556355,0.758386403709858,0.758510087786609,
0.758571929824985,0.75863377186336,0.758757455940111,0.758881140016863,
0.759128508170365,0.759375876323868,0.759499560400619,0.75962324447737,
0.759870612630873,0.760117980784375,0.760365348937878,0.760860085244883,
0.761354821551888,0.761849557858893,0.762344294165898,0.763333766779908,
0.764323239393918,0.765312712007929,0.766302184621939,0.767291657235949,
0.769270602463969,0.771249547691989,0.77322849292001,0.77520743814803,0.77718638337605,
0.781144273832091,0.785102164288131,0.789060054744172,0.793017945200212,
0.796975835656253,0.800933726112293,0.808849507024374,0.816765287936455,
0.824681068848536,0.832596849760617,0.840512630672698,0.844470521128739,
0.848428411584779,0.85634419249686,0.864259973408941),(0.,1.),
 .UNSPECIFIED.);
#107=B_SPLINE_SURFACE_WITH_KNOTS('',3,1,((#5880,#5881),(#5882,#5883),(#5884,
#5885),(#5886,#5887),(#5888,#5889)),.SURF_OF_LINEAR_EXTRUSION.,.F.,.F.,
 .F.,(4,1,4),(2,2),(0.645331246246785,0.648447012128804,0.651562778010822),
(0.,1.),.UNSPECIFIED.);
#108=B_SPLINE_SURFACE_WITH_KNOTS('',3,1,((#5901,#5902),(#5903,#5904),(#5905,
#5906),(#5907,#5908),(#5909,#5910),(#5911,#5912),(#5913,#5914),(#5915,#5916),
(#5917,#5918),(#5919,#5920),(#5921,#5922),(#5923,#5924),(#5925,#5926),(#5927,
#5928),(#5929,#5930),(#5931,#5932),(#5933,#5934),(#5935,#5936),(#5937,#5938),
(#5939,#5940),(#5941,#5942),(#5943,#5944),(#5945,#5946),(#5947,#5948),(#5949,
#5950),(#5951,#5952),(#5953,#5954),(#5955,#5956),(#5957,#5958),(#5959,#5960),
(#5961,#5962),(#5963,#5964),(#5965,#5966),(#5967,#5968),(#5969,#5970),(#5971,
#5972),(#5973,#5974),(#5975,#5976),(#5977,#5978),(#5979,#5980),(#5981,#5982),
(#5983,#5984),(#5985,#5986),(#5987,#5988),(#5989,#5990),(#5991,#5992),(#5993,
#5994),(#5995,#5996),(#5997,#5998),(#5999,#6000),(#6001,#6002),(#6003,#6004)),
 .SURF_OF_LINEAR_EXTRUSION.,.F.,.F.,.F.,(4,1,1,1,1,1,1,1,1,1,1,1,1,1,1,
1,1,1,1,1,1,1,1,1,1,1,1,1,1,1,1,1,1,1,1,1,1,1,1,1,1,1,1,1,1,1,1,1,1,4),
(2,2),(0.45812782283058,0.463503505714065,0.466191347155808,0.468879188597551,
0.474254871481036,0.476942712922779,0.479630554364522,0.482318395806264,
0.485006237248007,0.48769407868975,0.490381920131493,0.493069761573235,
0.494413682294107,0.495757603014978,0.498445444456721,0.501133285898464,
0.503821127340206,0.506508968781949,0.509196810223692,0.511884651665434,
0.514572493107177,0.51726033454892,0.519948175990662,0.522636017432405,
0.525323858874148,0.528011700315891,0.533387383199376,0.538763066082862,
0.544138748966347,0.549514431849832,0.554890114733318,0.560265797616803,
0.565641480500289,0.571017163383774,0.57639284626726,0.581768529150745,
0.587144212034231,0.592519894917716,0.597895577801201,0.600583419242944,
0.603271260684687,0.60595910212643,0.608646943568172,0.614022626451658,
0.619398309335143,0.620742230056015,0.622086150776886,0.624773992218629,
0.627461833660371,0.630149675102114),(0.,1.),.UNSPECIFIED.);
#109=B_SPLINE_SURFACE_WITH_KNOTS('',3,1,((#6118,#6119),(#6120,#6121),(#6122,
#6123),(#6124,#6125),(#6126,#6127),(#6128,#6129),(#6130,#6131),(#6132,#6133),
(#6134,#6135),(#6136,#6137),(#6138,#6139),(#6140,#6141),(#6142,#6143)),
 .SURF_OF_LINEAR_EXTRUSION.,.F.,.F.,.F.,(4,1,1,1,1,1,1,1,1,1,4),(2,2),(0.429952787892806,
0.432498677871149,0.435044567849492,0.437590457827835,0.438863402817006,
0.440136347806178,0.441409292795349,0.442682237784521,0.445228127762863,
0.447774017741206,0.450319907719549),(0.,1.),.UNSPECIFIED.);
#110=B_SPLINE_SURFACE_WITH_KNOTS('',3,1,((#6171,#6172),(#6173,#6174),(#6175,
#6176),(#6177,#6178),(#6179,#6180),(#6181,#6182),(#6183,#6184),(#6185,#6186),
(#6187,#6188),(#6189,#6190),(#6191,#6192),(#6193,#6194)),
 .SURF_OF_LINEAR_EXTRUSION.,.F.,.F.,.F.,(4,1,1,1,1,1,1,1,1,4),(2,2),(0.395217264628878,
0.398328205752936,0.401439146876994,0.404550088001052,0.40766102912511,
0.410771970249169,0.412327440811198,0.413882911373227,0.416993852497285,
0.420104793621343),(0.,1.),.UNSPECIFIED.);
#111=B_SPLINE_SURFACE_WITH_KNOTS('',3,1,((#6223,#6224),(#6225,#6226),(#6227,
#6228),(#6229,#6230),(#6231,#6232),(#6233,#6234),(#6235,#6236),(#6237,#6238),
(#6239,#6240),(#6241,#6242),(#6243,#6244),(#6245,#6246),(#6247,#6248),(#6249,
#6250),(#6251,#6252),(#6253,#6254),(#6255,#6256),(#6257,#6258)),
 .SURF_OF_LINEAR_EXTRUSION.,.F.,.F.,.F.,(4,1,1,1,1,1,1,1,1,1,1,1,1,1,1,
4),(2,2),(0.174387161181916,0.177079085331408,0.1797710094809,0.181116971555646,
0.182462933630392,0.185154857779884,0.187846781929376,0.190538706078868,
0.195922554377852,0.201306402676836,0.203998326826327,0.206690250975819,
0.209382175125311,0.212074099274803,0.214766023424295,0.217457947573787),
(0.,1.),.UNSPECIFIED.);
#112=B_SPLINE_SURFACE_WITH_KNOTS('',3,1,((#6304,#6305),(#6306,#6307),(#6308,
#6309),(#6310,#6311),(#6312,#6313),(#6314,#6315),(#6316,#6317),(#6318,#6319),
(#6320,#6321),(#6322,#6323),(#6324,#6325),(#6326,#6327),(#6328,#6329),(#6330,
#6331),(#6332,#6333),(#6334,#6335),(#6336,#6337)),
 .SURF_OF_LINEAR_EXTRUSION.,.F.,.F.,.F.,(4,1,1,1,1,1,1,1,1,1,1,1,1,1,4),
(2,2),(0.137040014955548,0.14085179187181,0.144663568788072,0.148475345704334,
0.152287122620596,0.154193011078727,0.156098899536858,0.15800478799499,
0.159910676453121,0.161816564911252,0.162769509140317,0.163722453369383,
0.164675397598448,0.165628341827514,0.167534230285645),(0.,1.),
 .UNSPECIFIED.);
#113=B_SPLINE_SURFACE_WITH_KNOTS('',3,1,((#6367,#6368),(#6369,#6370),(#6371,
#6372),(#6373,#6374),(#6375,#6376),(#6377,#6378),(#6379,#6380)),
 .SURF_OF_LINEAR_EXTRUSION.,.F.,.F.,.F.,(4,1,1,1,4),(2,2),(0.075202693951842,
0.0805679824452804,0.0859332709387187,0.0912985594321571,0.0966638479255955),
(0.,1.),.UNSPECIFIED.);
#114=B_SPLINE_SURFACE_WITH_KNOTS('',3,1,((#6390,#6391),(#6392,#6393),(#6394,
#6395),(#6396,#6397),(#6398,#6399),(#6400,#6401),(#6402,#6403),(#6404,#6405),
(#6406,#6407),(#6408,#6409),(#6410,#6411),(#6412,#6413),(#6414,#6415),(#6416,
#6417),(#6418,#6419),(#6420,#6421)),.SURF_OF_LINEAR_EXTRUSION.,.F.,.F.,
 .F.,(4,1,1,1,1,1,1,1,1,1,1,1,1,4),(2,2),(-0.0164934907172168,-0.0104943328980424,
-0.00749475398845526,-0.00449517507886807,-0.00149559616928089,0.00150398274030629,
0.00450356164989347,0.00750314055948065,0.013502298378655,0.0165018772882422,
0.0195014561978294,0.0225010351074166,0.0255006140170037,0.0314997718361781),
(0.,1.),.UNSPECIFIED.);
#115=B_SPLINE_SURFACE_WITH_KNOTS('',3,1,((#6452,#6453),(#6454,#6455),(#6456,
#6457),(#6458,#6459),(#6460,#6461),(#6462,#6463),(#6464,#6465),(#6466,#6467),
(#6468,#6469),(#6470,#6471),(#6472,#6473),(#6474,#6475),(#6476,#6477),(#6478,
#6479),(#6480,#6481),(#6482,#6483),(#6484,#6485),(#6486,#6487),(#6488,#6489),
(#6490,#6491),(#6492,#6493),(#6494,#6495),(#6496,#6497),(#6498,#6499),(#6500,
#6501),(#6502,#6503),(#6504,#6505)),.SURF_OF_LINEAR_EXTRUSION.,.F.,.F.,
 .F.,(4,1,1,1,1,1,1,1,1,1,1,1,1,1,1,1,1,1,1,1,1,1,1,1,4),(2,2),(-0.228538195934011,
-0.0869853797656722,-0.016208971681503,0.0545674364026661,0.196120252571004,
0.266896660655174,0.337673068739343,0.408449476823512,0.479225884907681,
0.55000229299185,0.620778701076019,0.656166905118104,0.691555109160189,
0.726943313202273,0.762331517244358,0.797719721286442,0.815413823307485,
0.833107925328527,0.850802027349569,0.868496129370611,0.877343180381133,
0.886190231391654,0.895037282402175,0.899460807907435,0.903884333412696),
(0.,1.),.UNSPECIFIED.);
#116=B_SPLINE_SURFACE_WITH_KNOTS('',1,3,((#6602,#6603,#6604,#6605,#6606,
#6607,#6608,#6609,#6610,#6611,#6612,#6613,#6614,#6615,#6616,#6617,#6618,
#6619,#6620,#6621,#6622,#6623,#6624,#6625),(#6626,#6627,#6628,#6629,#6630,
#6631,#6632,#6633,#6634,#6635,#6636,#6637,#6638,#6639,#6640,#6641,#6642,
#6643,#6644,#6645,#6646,#6647,#6648,#6649)),.RULED_SURF.,.F.,.F.,.F.,(2,
2),(4,2,2,2,2,2,2,2,2,2,2,4),(0.,1.),(0.0262225948546455,0.0286674984363691,
0.0329650433895113,0.0351138158660824,0.0361882021043679,0.0372625883426535,
0.0377997814617963,0.038336974580939,0.0388741677000818,0.0394113608192246,
0.0404857470575102,0.0405523558297665),.UNSPECIFIED.);
#117=B_SPLINE_SURFACE_WITH_KNOTS('',1,3,((#6660,#6661,#6662,#6663,#6664,
#6665,#6666,#6667,#6668,#6669,#6670,#6671,#6672,#6673,#6674,#6675,#6676,
#6677,#6678,#6679,#6680,#6681,#6682,#6683,#6684,#6685,#6686,#6687,#6688,
#6689,#6690,#6691,#6692,#6693,#6694,#6695,#6696,#6697,#6698,#6699,#6700,
#6701,#6702,#6703,#6704,#6705,#6706,#6707,#6708,#6709,#6710,#6711,#6712,
#6713,#6714,#6715,#6716,#6717,#6718,#6719),(#6720,#6721,#6722,#6723,#6724,
#6725,#6726,#6727,#6728,#6729,#6730,#6731,#6732,#6733,#6734,#6735,#6736,
#6737,#6738,#6739,#6740,#6741,#6742,#6743,#6744,#6745,#6746,#6747,#6748,
#6749,#6750,#6751,#6752,#6753,#6754,#6755,#6756,#6757,#6758,#6759,#6760,
#6761,#6762,#6763,#6764,#6765,#6766,#6767,#6768,#6769,#6770,#6771,#6772,
#6773,#6774,#6775,#6776,#6777,#6778,#6779)),.RULED_SURF.,.F.,.F.,.F.,(2,
2),(4,2,2,2,2,2,2,2,2,2,2,2,2,2,2,2,2,2,2,2,2,2,2,2,2,2,2,2,2,4),(0.,1.),
(0.157845251342593,0.158090138298796,0.158161613924888,0.158233089550981,
0.158376040803165,0.158661943307533,0.158947845811901,0.159233748316271,
0.159805553325007,0.160949163342482,0.162092773359956,0.163236383377431,
0.165523603412379,0.167810823447328,0.168954433464802,0.170098043482277,
0.170669848491013,0.171241653499751,0.171813458508487,0.172385263517225,
0.173528873534699,0.174672483552173,0.175816093569648,0.176959703587122,
0.179246923622071,0.18153414365702,0.183821363691968,0.186108583726916,
0.188395803761866,0.190343152634667),.UNSPECIFIED.);
#118=B_SPLINE_SURFACE_WITH_KNOTS('',1,3,((#6784,#6785,#6786,#6787,#6788,
#6789,#6790,#6791,#6792,#6793,#6794,#6795,#6796,#6797,#6798,#6799,#6800,
#6801,#6802,#6803,#6804,#6805,#6806,#6807,#6808,#6809,#6810,#6811,#6812,
#6813,#6814,#6815,#6816,#6817,#6818,#6819,#6820,#6821,#6822,#6823,#6824,
#6825,#6826,#6827,#6828,#6829,#6830,#6831,#6832,#6833,#6834,#6835,#6836,
#6837,#6838,#6839,#6840,#6841,#6842,#6843,#6844,#6845,#6846,#6847,#6848,
#6849,#6850,#6851,#6852,#6853,#6854,#6855,#6856,#6857,#6858,#6859,#6860,
#6861,#6862,#6863,#6864,#6865,#6866,#6867,#6868,#6869,#6870,#6871,#6872,
#6873,#6874,#6875,#6876,#6877,#6878,#6879,#6880,#6881,#6882,#6883,#6884,
#6885,#6886,#6887,#6888,#6889,#6890,#6891,#6892,#6893,#6894,#6895,#6896,
#6897,#6898,#6899,#6900,#6901,#6902,#6903,#6904,#6905,#6906,#6907,#6908,
#6909,#6910,#6911,#6912,#6913,#6914,#6915,#6916,#6917,#6918,#6919,#6920,
#6921,#6922,#6923,#6924,#6925,#6926,#6927,#6928,#6929,#6930,#6931,#6932,
#6933,#6934,#6935,#6936,#6937,#6938,#6939,#6940,#6941,#6942,#6943,#6944,
#6945,#6946,#6947),(#6948,#6949,#6950,#6951,#6952,#6953,#6954,#6955,#6956,
#6957,#6958,#6959,#6960,#6961,#6962,#6963,#6964,#6965,#6966,#6967,#6968,
#6969,#6970,#6971,#6972,#6973,#6974,#6975,#6976,#6977,#6978,#6979,#6980,
#6981,#6982,#6983,#6984,#6985,#6986,#6987,#6988,#6989,#6990,#6991,#6992,
#6993,#6994,#6995,#6996,#6997,#6998,#6999,#7000,#7001,#7002,#7003,#7004,
#7005,#7006,#7007,#7008,#7009,#7010,#7011,#7012,#7013,#7014,#7015,#7016,
#7017,#7018,#7019,#7020,#7021,#7022,#7023,#7024,#7025,#7026,#7027,#7028,
#7029,#7030,#7031,#7032,#7033,#7034,#7035,#7036,#7037,#7038,#7039,#7040,
#7041,#7042,#7043,#7044,#7045,#7046,#7047,#7048,#7049,#7050,#7051,#7052,
#7053,#7054,#7055,#7056,#7057,#7058,#7059,#7060,#7061,#7062,#7063,#7064,
#7065,#7066,#7067,#7068,#7069,#7070,#7071,#7072,#7073,#7074,#7075,#7076,
#7077,#7078,#7079,#7080,#7081,#7082,#7083,#7084,#7085,#7086,#7087,#7088,
#7089,#7090,#7091,#7092,#7093,#7094,#7095,#7096,#7097,#7098,#7099,#7100,
#7101,#7102,#7103,#7104,#7105,#7106,#7107,#7108,#7109,#7110,#7111)),
 .RULED_SURF.,.F.,.F.,.F.,(2,2),(4,2,2,2,2,2,2,2,2,2,2,2,2,2,2,2,2,2,2,
2,2,2,2,2,2,2,2,2,2,2,2,2,2,2,2,2,2,2,2,2,2,2,2,2,2,2,2,2,2,2,2,2,2,2,2,
2,2,2,2,2,2,2,2,2,2,2,2,2,2,2,2,2,2,2,2,2,2,2,2,2,2,4),(0.,1.),(0.132178944864519,
0.132500363313209,0.133212437690128,0.133924512067048,0.134280549255508,
0.134636586443967,0.135348660820887,0.136060735197807,0.136238753792037,
0.136416772386267,0.136594790980496,0.136772809574726,0.137484883951646,
0.138196958328566,0.138909032705485,0.139621107082405,0.141045255836244,
0.142469404590083,0.143893553343923,0.145317702097762,0.146029776474681,
0.146741850851601,0.147453925228521,0.14816599960544,0.14887807398236,0.14959014835928,
0.150302222736199,0.151014297113119,0.151726371490039,0.152438445866958,
0.153150520243878,0.153862594620798,0.154574668997717,0.155286743374636,
0.155998817751556,0.156710892128476,0.158135040882315,0.159559189636155,
0.160271264013074,0.160983338389994,0.161695412766914,0.162051449955373,
0.162407487143833,0.163119561520753,0.163831635897672,0.164543710274592,
0.165255784651512,0.166679933405351,0.16810408215919,0.169528230913029,
0.170952379666869,0.173800677174547,0.176648974682226,0.179497272189904,
0.182345569697583,0.185193867205261,0.188042164712939,0.190890462220618,
0.192314610974457,0.193738759728297,0.195162908482135,0.195874982859055,
0.196587057235975,0.198011205989814,0.199435354743654,0.200147429120573,
0.200859503497492,0.202283652251332,0.202995726628252,0.203351763816711,
0.203707801005171,0.204063838193631,0.20441987538209,0.204775912570551,
0.205131949759011,0.20655609851285,0.207980247266689,0.209404396020528,
0.210828544774368,0.212252693528206,0.213676842282046,0.215229030296349),
 .UNSPECIFIED.);
#119=B_SPLINE_SURFACE_WITH_KNOTS('',1,3,((#7117,#7118,#7119,#7120,#7121,
#7122,#7123,#7124,#7125,#7126,#7127,#7128,#7129,#7130,#7131,#7132,#7133,
#7134,#7135,#7136,#7137,#7138,#7139,#7140,#7141,#7142,#7143,#7144,#7145,
#7146,#7147,#7148,#7149,#7150,#7151,#7152,#7153,#7154,#7155,#7156),(#7157,
#7158,#7159,#7160,#7161,#7162,#7163,#7164,#7165,#7166,#7167,#7168,#7169,
#7170,#7171,#7172,#7173,#7174,#7175,#7176,#7177,#7178,#7179,#7180,#7181,
#7182,#7183,#7184,#7185,#7186,#7187,#7188,#7189,#7190,#7191,#7192,#7193,
#7194,#7195,#7196)),.RULED_SURF.,.F.,.F.,.F.,(2,2),(4,2,2,2,2,2,2,2,2,2,
2,2,2,2,2,2,2,2,2,4),(0.,1.),(0.0647393274279667,0.0651672034565044,0.0663557063373801,
0.0687327120991314,0.0734867236226342,0.0758637293843856,0.0770522322652613,
0.0782407351461369,0.0794292380270126,0.0800234894674505,0.0806177409078883,
0.0812119923483262,0.0815091180685451,0.0816576809286545,0.081806243788764,
0.0818805252188187,0.0819548066488735,0.0820290880789282,0.0821033695089829,
0.0822340945689616),.UNSPECIFIED.);
#120=B_SPLINE_SURFACE_WITH_KNOTS('',1,3,((#7201,#7202,#7203,#7204,#7205,
#7206,#7207,#7208,#7209,#7210,#7211,#7212,#7213,#7214,#7215,#7216,#7217,
#7218,#7219,#7220,#7221,#7222,#7223,#7224,#7225,#7226,#7227,#7228,#7229,
#7230,#7231,#7232,#7233,#7234,#7235,#7236,#7237,#7238,#7239,#7240,#7241,
#7242,#7243,#7244,#7245,#7246,#7247,#7248,#7249,#7250,#7251,#7252,#7253,
#7254,#7255,#7256,#7257,#7258,#7259,#7260,#7261,#7262,#7263,#7264,#7265,
#7266,#7267,#7268,#7269,#7270,#7271,#7272,#7273,#7274,#7275,#7276,#7277,
#7278,#7279,#7280,#7281,#7282,#7283,#7284,#7285,#7286,#7287,#7288,#7289,
#7290,#7291,#7292,#7293,#7294,#7295,#7296,#7297,#7298,#7299,#7300,#7301,
#7302,#7303,#7304,#7305,#7306,#7307,#7308,#7309,#7310,#7311,#7312,#7313,
#7314,#7315,#7316,#7317,#7318,#7319,#7320,#7321,#7322,#7323,#7324,#7325,
#7326,#7327,#7328,#7329,#7330,#7331,#7332,#7333,#7334,#7335,#7336,#7337,
#7338,#7339,#7340,#7341,#7342,#7343,#7344,#7345,#7346,#7347,#7348,#7349,
#7350,#7351,#7352,#7353,#7354,#7355,#7356,#7357,#7358,#7359,#7360,#7361,
#7362,#7363,#7364,#7365,#7366,#7367,#7368,#7369,#7370,#7371,#7372,#7373,
#7374,#7375,#7376,#7377,#7378,#7379,#7380,#7381,#7382,#7383,#7384,#7385,
#7386,#7387,#7388,#7389,#7390,#7391,#7392,#7393,#7394,#7395,#7396,#7397,
#7398,#7399,#7400,#7401,#7402,#7403,#7404,#7405,#7406,#7407,#7408,#7409,
#7410,#7411,#7412,#7413,#7414,#7415,#7416,#7417,#7418),(#7419,#7420,#7421,
#7422,#7423,#7424,#7425,#7426,#7427,#7428,#7429,#7430,#7431,#7432,#7433,
#7434,#7435,#7436,#7437,#7438,#7439,#7440,#7441,#7442,#7443,#7444,#7445,
#7446,#7447,#7448,#7449,#7450,#7451,#7452,#7453,#7454,#7455,#7456,#7457,
#7458,#7459,#7460,#7461,#7462,#7463,#7464,#7465,#7466,#7467,#7468,#7469,
#7470,#7471,#7472,#7473,#7474,#7475,#7476,#7477,#7478,#7479,#7480,#7481,
#7482,#7483,#7484,#7485,#7486,#7487,#7488,#7489,#7490,#7491,#7492,#7493,
#7494,#7495,#7496,#7497,#7498,#7499,#7500,#7501,#7502,#7503,#7504,#7505,
#7506,#7507,#7508,#7509,#7510,#7511,#7512,#7513,#7514,#7515,#7516,#7517,
#7518,#7519,#7520,#7521,#7522,#7523,#7524,#7525,#7526,#7527,#7528,#7529,
#7530,#7531,#7532,#7533,#7534,#7535,#7536,#7537,#7538,#7539,#7540,#7541,
#7542,#7543,#7544,#7545,#7546,#7547,#7548,#7549,#7550,#7551,#7552,#7553,
#7554,#7555,#7556,#7557,#7558,#7559,#7560,#7561,#7562,#7563,#7564,#7565,
#7566,#7567,#7568,#7569,#7570,#7571,#7572,#7573,#7574,#7575,#7576,#7577,
#7578,#7579,#7580,#7581,#7582,#7583,#7584,#7585,#7586,#7587,#7588,#7589,
#7590,#7591,#7592,#7593,#7594,#7595,#7596,#7597,#7598,#7599,#7600,#7601,
#7602,#7603,#7604,#7605,#7606,#7607,#7608,#7609,#7610,#7611,#7612,#7613,
#7614,#7615,#7616,#7617,#7618,#7619,#7620,#7621,#7622,#7623,#7624,#7625,
#7626,#7627,#7628,#7629,#7630,#7631,#7632,#7633,#7634,#7635,#7636)),
 .RULED_SURF.,.F.,.F.,.F.,(2,2),(4,2,2,2,2,2,2,2,2,2,2,2,2,2,2,2,2,2,2,
2,2,2,2,2,2,2,2,2,2,2,2,2,2,2,2,2,2,2,2,2,2,2,2,2,2,2,2,2,2,2,2,2,2,2,2,
2,2,2,2,2,2,2,2,2,2,2,2,2,2,2,2,2,2,2,2,2,2,2,2,2,2,2,2,2,2,2,2,2,2,2,2,
2,2,2,2,2,2,2,2,2,2,2,2,2,2,2,2,2,4),(0.,1.),(0.0996483211515623,0.100608506485855,
0.101595743007211,0.102582979528568,0.103570216049924,0.104557452571281,
0.108506398656706,0.112455344742132,0.114429817784845,0.115417054306201,
0.116404290827558,0.116897909088236,0.117391527348914,0.117638336479253,
0.117885145609592,0.118008550174762,0.118131954739931,0.118193657022516,
0.118224508163809,0.118239933734455,0.118255359305101,0.118263072090424,
0.118270784875747,0.11827849766107,0.118282354053732,0.118284282250063,
0.118286210446393,0.118288138642724,0.118290066839055,0.118293923231716,
0.11830163601704,0.118309348802363,0.118317061587686,0.118324774373009,
0.118332487158332,0.118347912728978,0.118363338299624,0.11837876387027,
0.118386476655594,0.118390333048255,0.118394189440917,0.11840190222624,
0.118409615011563,0.118417327796886,0.118421184189548,0.118423112385878,
0.118425040582209,0.118428896974871,0.118432753367532,0.118440466152855,
0.118448178938178,0.118455891723501,0.118463604508825,0.118471317294148,
0.118486742864794,0.11850216843544,0.118509881220763,0.118517594006086,
0.118525306791409,0.118533019576732,0.118540732362056,0.118548445147379,
0.118556157932702,0.118560014325363,0.118563870718025,0.118571583503348,
0.118579296288671,0.118594721859317,0.11862557300061,0.118687275283194,
0.118748977565779,0.118872382130949,0.119119191261288,0.119366000391627,
0.119859618652305,0.120353236912983,0.12134047343434,0.122327709955696,
0.124302182998409,0.125289419519765,0.126276656041122,0.128251129083835,
0.130225602126548,0.13220007516926,0.136149021254686,0.140097967340112,
0.144046913425537,0.14602138646825,0.147995859510963,0.14898309603232,0.149970332553676,
0.150463950814354,0.150957569075033,0.151451187335711,0.151944805596389,
0.152932042117745,0.153919278639101,0.154906515160458,0.155400133421137,
0.155646942551475,0.155770347116645,0.155893751681814,0.1559554539644,0.156017156246984,
0.156140560812153,0.156387369942493,0.156634179072832,0.156880988203171,
0.15731310737752),.UNSPECIFIED.);
#121=B_SPLINE_SURFACE_WITH_KNOTS('',1,3,((#7646,#7647,#7648,#7649,#7650,
#7651,#7652,#7653,#7654,#7655,#7656,#7657,#7658,#7659,#7660,#7661,#7662,
#7663,#7664,#7665,#7666,#7667,#7668,#7669,#7670,#7671,#7672,#7673,#7674,
#7675,#7676,#7677,#7678,#7679,#7680,#7681,#7682,#7683),(#7684,#7685,#7686,
#7687,#7688,#7689,#7690,#7691,#7692,#7693,#7694,#7695,#7696,#7697,#7698,
#7699,#7700,#7701,#7702,#7703,#7704,#7705,#7706,#7707,#7708,#7709,#7710,
#7711,#7712,#7713,#7714,#7715,#7716,#7717,#7718,#7719,#7720,#7721)),
 .RULED_SURF.,.F.,.F.,.F.,(2,2),(4,2,2,2,2,2,2,2,2,2,2,2,2,2,2,2,2,2,4),
(0.,1.),(0.0472276148049605,0.0478038077192599,0.0486041473909398,0.0494044870626197,
0.0502048267342996,0.0510051664059796,0.0526058457493394,0.055807204436059,
0.0590085631227787,0.0622099218094983,0.065411280496218,0.0670119598395778,
0.0678122995112577,0.0686126391829376,0.0690128090187776,0.0692128939366976,
0.0694129788546176,0.0702133185262975,0.0707895211271991),.UNSPECIFIED.);
#122=B_SPLINE_SURFACE_WITH_KNOTS('',1,3,((#7727,#7728,#7729,#7730,#7731,
#7732,#7733,#7734,#7735,#7736,#7737,#7738,#7739,#7740,#7741,#7742,#7743,
#7744,#7745,#7746,#7747,#7748,#7749,#7750,#7751,#7752,#7753,#7754,#7755,
#7756,#7757,#7758,#7759,#7760,#7761,#7762),(#7763,#7764,#7765,#7766,#7767,
#7768,#7769,#7770,#7771,#7772,#7773,#7774,#7775,#7776,#7777,#7778,#7779,
#7780,#7781,#7782,#7783,#7784,#7785,#7786,#7787,#7788,#7789,#7790,#7791,
#7792,#7793,#7794,#7795,#7796,#7797,#7798)),.RULED_SURF.,.F.,.F.,.F.,(2,
2),(4,2,2,2,2,2,2,2,2,2,2,2,2,2,2,2,2,4),(0.,1.),(0.0149380002885205,0.0153577209427819,
0.0159409753918869,0.016524229840992,0.017107484290097,0.0176907387392021,
0.0188572476374122,0.0200237565356223,0.0211902654338324,0.0223567743320425,
0.0235232832302526,0.0246897921284627,0.0258563010266728,0.028189318823093,
0.0293558277213031,0.0305223366195132,0.0316888455177233,0.0321075199364323),
 .UNSPECIFIED.);
#123=B_SPLINE_SURFACE_WITH_KNOTS('',1,3,((#7803,#7804,#7805,#7806,#7807,
#7808,#7809,#7810,#7811,#7812,#7813,#7814,#7815,#7816,#7817,#7818,#7819,
#7820,#7821,#7822),(#7823,#7824,#7825,#7826,#7827,#7828,#7829,#7830,#7831,
#7832,#7833,#7834,#7835,#7836,#7837,#7838,#7839,#7840,#7841,#7842)),
 .RULED_SURF.,.F.,.F.,.F.,(2,2),(4,2,2,2,2,2,2,2,2,4),(0.,1.),(0.0134994152041958,
0.0139759886768622,0.0153023228757516,0.0166286570746411,0.0179549912735305,
0.0206076596713093,0.0232603280690882,0.0259129964668671,0.028565664864646,
0.0330221451872434),.UNSPECIFIED.);
#124=B_SPLINE_SURFACE_WITH_KNOTS('',1,3,((#7847,#7848,#7849,#7850,#7851,
#7852,#7853,#7854,#7855,#7856,#7857,#7858,#7859,#7860),(#7861,#7862,#7863,
#7864,#7865,#7866,#7867,#7868,#7869,#7870,#7871,#7872,#7873,#7874)),
 .RULED_SURF.,.F.,.F.,.F.,(2,2),(4,2,2,2,2,2,4),(0.,1.),(0.0545998755065921,
0.0577619660869367,0.0596434277772725,0.0615248894676084,0.0634063511579442,
0.06528781284828,0.0684484136199666),.UNSPECIFIED.);
#125=B_SPLINE_SURFACE_WITH_KNOTS('',1,3,((#7879,#7880,#7881,#7882,#7883,
#7884,#7885,#7886,#7887,#7888,#7889,#7890,#7891,#7892,#7893,#7894,#7895,
#7896,#7897,#7898,#7899,#7900,#7901,#7902,#7903,#7904,#7905,#7906,#7907,
#7908,#7909,#7910,#7911,#7912,#7913,#7914,#7915,#7916,#7917,#7918,#7919,
#7920,#7921,#7922,#7923,#7924,#7925,#7926,#7927,#7928,#7929,#7930,#7931,
#7932,#7933,#7934,#7935,#7936,#7937,#7938,#7939,#7940,#7941,#7942,#7943,
#7944,#7945,#7946,#7947,#7948,#7949,#7950,#7951,#7952),(#7953,#7954,#7955,
#7956,#7957,#7958,#7959,#7960,#7961,#7962,#7963,#7964,#7965,#7966,#7967,
#7968,#7969,#7970,#7971,#7972,#7973,#7974,#7975,#7976,#7977,#7978,#7979,
#7980,#7981,#7982,#7983,#7984,#7985,#7986,#7987,#7988,#7989,#7990,#7991,
#7992,#7993,#7994,#7995,#7996,#7997,#7998,#7999,#8000,#8001,#8002,#8003,
#8004,#8005,#8006,#8007,#8008,#8009,#8010,#8011,#8012,#8013,#8014,#8015,
#8016,#8017,#8018,#8019,#8020,#8021,#8022,#8023,#8024,#8025,#8026)),
 .RULED_SURF.,.F.,.F.,.F.,(2,2),(4,2,2,2,2,2,2,2,2,2,2,2,2,2,2,2,2,2,2,
2,2,2,2,2,2,2,2,2,2,2,2,2,2,2,2,2,4),(0.,1.),(0.0355987678298715,0.0371343820599325,
0.03939353399105,0.0416526859221674,0.0439118378532849,0.0461709897844024,
0.0484301417155198,0.0495597176810786,0.0501245056638579,0.0506892936466373,
0.050971687638027,0.0512540816294167,0.0513952786251115,0.0515364756208064,
0.0516070741186538,0.0516776726165012,0.051695322240963,0.0517129718654249,
0.0517482711143486,0.0517659207388105,0.0517835703632723,0.0518012199877342,
0.051818869612196,0.0518365192366579,0.0518453440488888,0.0518497564550043,
0.051851962658062,0.0518530657595909,0.0518541688611197,0.0518629936733507,
0.0518718184855816,0.0518894681100435,0.0519247673589672,0.0519600666078909,
0.0520306651057383,0.0521012636035857,0.0522254220299741),.UNSPECIFIED.);
#126=B_SPLINE_SURFACE_WITH_KNOTS('',1,3,((#8040,#8041,#8042,#8043,#8044,
#8045,#8046,#8047,#8048,#8049,#8050,#8051,#8052,#8053,#8054,#8055,#8056,
#8057,#8058,#8059,#8060,#8061,#8062,#8063,#8064,#8065,#8066,#8067),(#8068,
#8069,#8070,#8071,#8072,#8073,#8074,#8075,#8076,#8077,#8078,#8079,#8080,
#8081,#8082,#8083,#8084,#8085,#8086,#8087,#8088,#8089,#8090,#8091,#8092,
#8093,#8094,#8095)),.RULED_SURF.,.F.,.F.,.F.,(2,2),(4,2,2,2,2,2,2,2,2,2,
2,2,2,4),(0.,1.),(0.0155705838504216,0.0162700050460637,0.0179400509896522,
0.0187750739614464,0.0196100969332408,0.020445119905035,0.0212801428768293,
0.0229501888204179,0.0237852117922121,0.0246202347640064,0.0254552577358007,
0.026290280707595,0.0271253036793892,0.0274233621876868),.UNSPECIFIED.);
#127=B_SPLINE_SURFACE_WITH_KNOTS('',1,3,((#8102,#8103,#8104,#8105,#8106,
#8107,#8108,#8109,#8110,#8111),(#8112,#8113,#8114,#8115,#8116,#8117,#8118,
#8119,#8120,#8121)),.RULED_SURF.,.F.,.F.,.F.,(2,2),(4,2,2,2,4),(0.,1.),
(0.0420612918809297,0.0448969662557669,0.0482715558178688,0.0516461453799708,
0.0544808071260836),.UNSPECIFIED.);
#128=B_SPLINE_SURFACE_WITH_KNOTS('',1,3,((#8126,#8127,#8128,#8129,#8130,
#8131,#8132,#8133,#8134,#8135,#8136,#8137,#8138,#8139,#8140,#8141,#8142,
#8143),(#8144,#8145,#8146,#8147,#8148,#8149,#8150,#8151,#8152,#8153,#8154,
#8155,#8156,#8157,#8158,#8159,#8160,#8161)),.RULED_SURF.,.F.,.F.,.F.,(2,
2),(4,2,2,2,2,2,2,2,4),(0.,1.),(0.00949791630754172,0.00968527825925122,
0.0102111076005581,0.0107369369418649,0.0112627662831718,0.0123144249657855,
0.0133660836483993,0.0154694010136267,0.016877525777693),.UNSPECIFIED.);
#129=B_SPLINE_SURFACE_WITH_KNOTS('',3,1,((#8162,#8163),(#8164,#8165),(#8166,
#8167),(#8168,#8169),(#8170,#8171),(#8172,#8173),(#8174,#8175),(#8176,#8177),
(#8178,#8179),(#8180,#8181),(#8182,#8183),(#8184,#8185),(#8186,#8187),(#8188,
#8189),(#8190,#8191),(#8192,#8193),(#8194,#8195),(#8196,#8197),(#8198,#8199),
(#8200,#8201),(#8202,#8203),(#8204,#8205),(#8206,#8207),(#8208,#8209),(#8210,
#8211),(#8212,#8213),(#8214,#8215),(#8216,#8217),(#8218,#8219),(#8220,#8221),
(#8222,#8223),(#8224,#8225),(#8226,#8227),(#8228,#8229),(#8230,#8231),(#8232,
#8233),(#8234,#8235),(#8236,#8237),(#8238,#8239),(#8240,#8241),(#8242,#8243),
(#8244,#8245),(#8246,#8247),(#8248,#8249),(#8250,#8251),(#8252,#8253),(#8254,
#8255),(#8256,#8257),(#8258,#8259),(#8260,#8261),(#8262,#8263),(#8264,#8265),
(#8266,#8267),(#8268,#8269),(#8270,#8271),(#8272,#8273),(#8274,#8275),(#8276,
#8277),(#8278,#8279),(#8280,#8281),(#8282,#8283)),
 .SURF_OF_LINEAR_EXTRUSION.,.F.,.F.,.F.,(4,1,1,1,1,1,1,1,1,1,1,1,1,1,1,
1,1,1,1,1,1,1,1,1,1,1,1,1,1,1,1,1,1,1,1,1,1,1,1,1,1,1,1,1,1,1,1,1,1,1,1,
1,1,1,1,1,1,1,4),(2,2),(0.219038649864878,0.242468295396407,0.265897940927936,
0.289327586459464,0.312757231990993,0.324472054756758,0.336186877522522,
0.347901700288286,0.359616523054051,0.371331345819815,0.38304616858558,
0.394760991351344,0.406475814117109,0.418190636882873,0.429905459648637,
0.441620282414402,0.453335105180166,0.465049927945931,0.476764750711695,
0.48847957347746,0.500194396243224,0.511909219008988,0.523624041774753,
0.535338864540517,0.547053687306282,0.558768510072046,0.57048333283781,
0.582198155603575,0.593912978369339,0.605627801135104,0.617342623900868,
0.640772269432397,0.652487092198161,0.664201914963926,0.67591673772969,
0.687631560495455,0.699346383261219,0.711061206026984,0.722776028792748,
0.734490851558512,0.746205674324277,0.757920497090041,0.769635319855806,
0.78135014262157,0.793064965387335,0.804779788153099,0.816494610918863,
0.828209433684628,0.839924256450392,0.851639079216157,0.863353901981921,
0.875068724747685,0.88678354751345,0.898498370279214,0.910213193044979,
0.921928015810743,0.933642838576508,0.945357661342272,0.968787306873801),
(0.,1.),.UNSPECIFIED.);
#130=B_SPLINE_SURFACE_WITH_KNOTS('',3,1,((#8355,#8356),(#8357,#8358),(#8359,
#8360),(#8361,#8362),(#8363,#8364),(#8365,#8366),(#8367,#8368),(#8369,#8370),
(#8371,#8372),(#8373,#8374),(#8375,#8376),(#8377,#8378),(#8379,#8380),(#8381,
#8382),(#8383,#8384),(#8385,#8386),(#8387,#8388),(#8389,#8390),(#8391,#8392),
(#8393,#8394),(#8395,#8396)),.SURF_OF_LINEAR_EXTRUSION.,.F.,.F.,.F.,(4,
1,1,1,1,1,1,1,1,1,1,1,1,1,1,1,1,1,4),(2,2),(0.932550219606465,0.981176372800747,
1.02980252599503,1.07842867918931,1.12705483238359,1.17568098557788,1.19999406217502,
1.22430713877216,1.27293329196644,1.32155944516072,1.370185598355,1.41881175154929,
1.46743790474357,1.51606405793785,1.56469021113213,1.58900328772927,1.61331636432642,
1.6619425175207,1.71056867071498),(0.,1.),.UNSPECIFIED.);
#131=B_SPLINE_SURFACE_WITH_KNOTS('',3,1,((#8418,#8419),(#8420,#8421),(#8422,
#8423),(#8424,#8425),(#8426,#8427),(#8428,#8429),(#8430,#8431),(#8432,#8433),
(#8434,#8435),(#8436,#8437),(#8438,#8439),(#8440,#8441),(#8442,#8443),(#8444,
#8445),(#8446,#8447)),.SURF_OF_LINEAR_EXTRUSION.,.T.,.F.,.F.,(1,3,1,1,1,
1,1,1,1,1,1,1,1,3,1),(2,2),(-0.0486679998367213,0.,0.0897628443157417,0.184932320977756,
0.281897577197351,0.353249949981314,0.443362275089634,0.532412804451394,
0.639738781634095,0.732788601079663,0.821062417234519,0.894527439203901,
0.951332000163279,1.,1.08976284431574),(0.,1.),.UNSPECIFIED.);
#132=B_SPLINE_SURFACE_WITH_KNOTS('',3,1,((#8473,#8474),(#8475,#8476),(#8477,
#8478),(#8479,#8480),(#8481,#8482),(#8483,#8484),(#8485,#8486),(#8487,#8488),
(#8489,#8490),(#8491,#8492),(#8493,#8494),(#8495,#8496),(#8497,#8498),(#8499,
#8500),(#8501,#8502),(#8503,#8504),(#8505,#8506),(#8507,#8508),(#8509,#8510)),
 .SURF_OF_LINEAR_EXTRUSION.,.T.,.F.,.F.,(1,3,1,1,1,1,1,1,1,1,1,1,1,1,1,
1,1,3,1),(2,2),(-0.0414745808675561,0.,0.0682652702725526,0.133135575215219,
0.192281107310328,0.278703410581136,0.359182023206364,0.431168153333367,
0.492314669694854,0.554577862351624,0.611435541216799,0.677256180257388,
0.738980428760971,0.803748299137848,0.863068541586585,0.895895388978003,
0.958525419132444,1.,1.06826527027255),(0.,1.),.UNSPECIFIED.);
#133=B_SPLINE_SURFACE_WITH_KNOTS('',3,1,((#8563,#8564),(#8565,#8566),(#8567,
#8568),(#8569,#8570),(#8571,#8572),(#8573,#8574),(#8575,#8576),(#8577,#8578),
(#8579,#8580),(#8581,#8582),(#8583,#8584),(#8585,#8586),(#8587,#8588),(#8589,
#8590),(#8591,#8592),(#8593,#8594)),.SURF_OF_LINEAR_EXTRUSION.,.T.,.F.,
 .F.,(1,3,1,1,1,1,1,1,1,1,1,1,1,1,3,1),(2,2),(-0.0521836070179655,0.,0.0986301849200229,
0.192958770369215,0.263719065766724,0.336113411419152,0.398339886064526,
0.477624726671806,0.546767910061965,0.623394757270036,0.693545020120621,
0.787648881466771,0.873307695475113,0.947816392982034,1.,1.09863018492002),
(0.,1.),.UNSPECIFIED.);
#134=B_SPLINE_SURFACE_WITH_KNOTS('',1,3,((#8635,#8636,#8637,#8638,#8639,
#8640,#8641,#8642,#8643,#8644,#8645,#8646,#8647,#8648,#8649,#8650,#8651,
#8652,#8653,#8654,#8655,#8656,#8657,#8658,#8659,#8660,#8661,#8662,#8663,
#8664,#8665,#8666,#8667,#8668,#8669,#8670,#8671,#8672,#8673,#8674,#8675,
#8676,#8677,#8678,#8679,#8680,#8681,#8682,#8683,#8684,#8685,#8686,#8687,
#8688,#8689,#8690,#8691,#8692,#8693,#8694,#8695,#8696,#8697,#8698,#8699,
#8700,#8701,#8702,#8703,#8704,#8705,#8706,#8707,#8708,#8709,#8710,#8711,
#8712),(#8713,#8714,#8715,#8716,#8717,#8718,#8719,#8720,#8721,#8722,#8723,
#8724,#8725,#8726,#8727,#8728,#8729,#8730,#8731,#8732,#8733,#8734,#8735,
#8736,#8737,#8738,#8739,#8740,#8741,#8742,#8743,#8744,#8745,#8746,#8747,
#8748,#8749,#8750,#8751,#8752,#8753,#8754,#8755,#8756,#8757,#8758,#8759,
#8760,#8761,#8762,#8763,#8764,#8765,#8766,#8767,#8768,#8769,#8770,#8771,
#8772,#8773,#8774,#8775,#8776,#8777,#8778,#8779,#8780,#8781,#8782,#8783,
#8784,#8785,#8786,#8787,#8788,#8789,#8790)),.RULED_SURF.,.F.,.F.,.F.,(2,
2),(4,2,2,2,2,2,2,2,2,2,2,2,2,2,2,2,2,2,2,2,2,2,2,2,2,2,2,2,2,2,2,2,2,2,
2,2,2,2,4),(0.,1.),(0.00617708308925719,0.00644744058951769,0.0068229423610691,
0.00719844413262051,0.00757394590417192,0.00776169678994762,0.00794944767572332,
0.00813719856149903,0.00832494944727473,0.00841882489016258,0.00851270033305044,
0.00860657577593829,0.00870045121882614,0.00888820210460184,0.00907595299037755,
0.00945145476192896,0.0102024583050318,0.0105779600765832,0.0109534618481346,
0.0111412127339103,0.011328963619686,0.0117044653912374,0.0120799671627888,
0.0124554689343402,0.013206472477443,0.0135819742489944,0.0139574760205459,
0.0141452269063216,0.0143329777920973,0.014520728677873,0.0147084795636487,
0.0150839813352001,0.0154594831067515,0.0158349848783029,0.0160227357640786,
0.0162104866498543,0.0165859884214057,0.0169614901929571,0.0172311897445256),
 .UNSPECIFIED.);
#135=B_SPLINE_SURFACE_WITH_KNOTS('',1,3,((#8804,#8805,#8806,#8807,#8808,
#8809,#8810,#8811,#8812,#8813,#8814,#8815,#8816,#8817,#8818,#8819,#8820,
#8821,#8822,#8823,#8824,#8825,#8826,#8827,#8828,#8829,#8830,#8831,#8832,
#8833,#8834,#8835,#8836,#8837,#8838,#8839,#8840,#8841,#8842,#8843,#8844,
#8845,#8846,#8847,#8848,#8849,#8850,#8851,#8852,#8853,#8854,#8855,#8856,
#8857,#8858,#8859,#8860,#8861),(#8862,#8863,#8864,#8865,#8866,#8867,#8868,
#8869,#8870,#8871,#8872,#8873,#8874,#8875,#8876,#8877,#8878,#8879,#8880,
#8881,#8882,#8883,#8884,#8885,#8886,#8887,#8888,#8889,#8890,#8891,#8892,
#8893,#8894,#8895,#8896,#8897,#8898,#8899,#8900,#8901,#8902,#8903,#8904,
#8905,#8906,#8907,#8908,#8909,#8910,#8911,#8912,#8913,#8914,#8915,#8916,
#8917,#8918,#8919)),.RULED_SURF.,.F.,.T.,.F.,(2,2),(2,2,2,2,2,2,2,2,2,2,
2,2,2,2,2,2,2,2,2,2,2,2,2,2,2,2,2,2,2,2,2),(0.,1.),(-8.39268772466796E-5,
0.000244836873230685,0.000902364374185416,0.00155989187514015,0.00221741937609488,
0.00254618312657224,0.00287494687704961,0.00303932875228829,0.00320371062752698,
0.00336809250276565,0.00353247437800434,0.00369685625324303,0.0038612381284817,
0.00419000187895907,0.0048475293799138,0.00550505688086853,0.00616258438182326,
0.00649134813230063,0.00682011188277799,0.00714887563325536,0.00747763938373272,
0.00780640313421009,0.00813516688468745,0.00879269438564219,0.00912145813611955,
0.00945022188659692,0.00977898563707428,0.0101077493875516,0.010436513138029,
0.0107652768885064,0.0114228043894611),.UNSPECIFIED.);
#136=B_SPLINE_SURFACE_WITH_KNOTS('',1,3,((#8920,#8921,#8922,#8923,#8924,
#8925,#8926,#8927,#8928,#8929,#8930,#8931,#8932,#8933,#8934,#8935,#8936,
#8937,#8938,#8939,#8940,#8941,#8942,#8943,#8944,#8945,#8946,#8947,#8948,
#8949,#8950,#8951,#8952,#8953,#8954,#8955,#8956,#8957,#8958,#8959,#8960,
#8961,#8962,#8963,#8964,#8965,#8966,#8967,#8968,#8969,#8970,#8971,#8972,
#8973,#8974,#8975,#8976,#8977,#8978,#8979,#8980,#8981,#8982,#8983,#8984,
#8985,#8986,#8987,#8988,#8989,#8990,#8991),(#8992,#8993,#8994,#8995,#8996,
#8997,#8998,#8999,#9000,#9001,#9002,#9003,#9004,#9005,#9006,#9007,#9008,
#9009,#9010,#9011,#9012,#9013,#9014,#9015,#9016,#9017,#9018,#9019,#9020,
#9021,#9022,#9023,#9024,#9025,#9026,#9027,#9028,#9029,#9030,#9031,#9032,
#9033,#9034,#9035,#9036,#9037,#9038,#9039,#9040,#9041,#9042,#9043,#9044,
#9045,#9046,#9047,#9048,#9049,#9050,#9051,#9052,#9053,#9054,#9055,#9056,
#9057,#9058,#9059,#9060,#9061,#9062,#9063)),.RULED_SURF.,.F.,.T.,.F.,(2,
2),(2,2,2,2,2,2,2,2,2,2,2,2,2,2,2,2,2,2,2,2,2,2,2,2,2,2,2,2,2,2,2,2,2,2,
2,2,2,2),(0.,1.),(0.0124146049677763,0.012439604132188,0.0124896024610115,
0.0125396007898349,0.0126395974474818,0.0128395907627755,0.013239577393363,
0.014039550654538,0.014839523915713,0.0156394971768879,0.0160394838074754,
0.0164394704380629,0.0168394570686504,0.0172394436992379,0.0176394303298253,
0.0180394169604128,0.0184394035910003,0.0188393902215878,0.0196393634827627,
0.0204393367439378,0.0212393100051127,0.0220392832662877,0.0228392565274626,
0.0236392297886376,0.0240392164192251,0.0244392030498126,0.0246391963651063,
0.0248391896804,0.024939186338047,0.0250391829956938,0.0250891813245172,
0.025114180488929,0.0251391796533407,0.0251641788177524,0.0251891779821641,
0.0252141771465758,0.0252391763109876,0.025289174639811),.UNSPECIFIED.);
#137=B_SPLINE_SURFACE_WITH_KNOTS('',1,3,((#9064,#9065,#9066,#9067,#9068,
#9069,#9070,#9071,#9072,#9073,#9074,#9075,#9076,#9077,#9078,#9079,#9080,
#9081,#9082,#9083,#9084,#9085,#9086,#9087,#9088,#9089,#9090,#9091,#9092,
#9093,#9094,#9095,#9096,#9097,#9098,#9099,#9100,#9101,#9102,#9103,#9104,
#9105,#9106,#9107,#9108,#9109,#9110,#9111,#9112,#9113,#9114,#9115,#9116,
#9117,#9118,#9119,#9120,#9121,#9122,#9123,#9124,#9125,#9126,#9127,#9128,
#9129,#9130,#9131,#9132,#9133,#9134,#9135,#9136,#9137,#9138,#9139,#9140,
#9141),(#9142,#9143,#9144,#9145,#9146,#9147,#9148,#9149,#9150,#9151,#9152,
#9153,#9154,#9155,#9156,#9157,#9158,#9159,#9160,#9161,#9162,#9163,#9164,
#9165,#9166,#9167,#9168,#9169,#9170,#9171,#9172,#9173,#9174,#9175,#9176,
#9177,#9178,#9179,#9180,#9181,#9182,#9183,#9184,#9185,#9186,#9187,#9188,
#9189,#9190,#9191,#9192,#9193,#9194,#9195,#9196,#9197,#9198,#9199,#9200,
#9201,#9202,#9203,#9204,#9205,#9206,#9207,#9208,#9209,#9210,#9211,#9212,
#9213,#9214,#9215,#9216,#9217,#9218,#9219)),.RULED_SURF.,.F.,.T.,.F.,(2,
2),(2,2,2,2,2,2,2,2,2,2,2,2,2,2,2,2,2,2,2,2,2,2,2,2,2,2,2,2,2,2,2,2,2,2,
2,2,2,2,2,2,2),(0.,1.),(0.00998811774243125,0.0103140049258584,0.0106398921092856,
0.0109657792927128,0.01129166647614,0.0116175536595672,0.0119434408429944,
0.0122693280264216,0.012921102393276,0.0135728767601304,0.0142246511269849,
0.0148764254938393,0.0155281998606936,0.016179974227548,0.0165058614109753,
0.0168317485944025,0.0171576357778296,0.0174835229612568,0.017809410144684,
0.0181352973281113,0.0182982409198248,0.0184611845115384,0.0186241281032521,
0.0187870716949656,0.0191129588783928,0.0192759024701065,0.0193573742659633,
0.0193981101638916,0.0194388460618201,0.0194592140107843,0.0194795819597485,
0.0194999499087126,0.0195203178576768,0.0196017896535336,0.0196832614493904,
0.0197647332452472,0.0199276768369608,0.0200906204286745,0.0204165076121016,
0.0207423947955289,0.0210682819789561),.UNSPECIFIED.);
#138=ORIENTED_EDGE('',*,*,#456,.T.);
#139=ORIENTED_EDGE('',*,*,#457,.T.);
#140=ORIENTED_EDGE('',*,*,#458,.T.);
#141=ORIENTED_EDGE('',*,*,#459,.T.);
#142=ORIENTED_EDGE('',*,*,#460,.T.);
#143=ORIENTED_EDGE('',*,*,#461,.T.);
#144=ORIENTED_EDGE('',*,*,#462,.T.);
#145=ORIENTED_EDGE('',*,*,#463,.T.);
#146=ORIENTED_EDGE('',*,*,#464,.T.);
#147=ORIENTED_EDGE('',*,*,#465,.F.);
#148=ORIENTED_EDGE('',*,*,#466,.T.);
#149=ORIENTED_EDGE('',*,*,#467,.T.);
#150=ORIENTED_EDGE('',*,*,#459,.F.);
#151=ORIENTED_EDGE('',*,*,#468,.T.);
#152=ORIENTED_EDGE('',*,*,#469,.T.);
#153=ORIENTED_EDGE('',*,*,#470,.F.);
#154=ORIENTED_EDGE('',*,*,#471,.T.);
#155=ORIENTED_EDGE('',*,*,#472,.T.);
#156=ORIENTED_EDGE('',*,*,#473,.F.);
#157=ORIENTED_EDGE('',*,*,#474,.F.);
#158=ORIENTED_EDGE('',*,*,#475,.T.);
#159=ORIENTED_EDGE('',*,*,#476,.T.);
#160=ORIENTED_EDGE('',*,*,#477,.F.);
#161=ORIENTED_EDGE('',*,*,#478,.F.);
#162=ORIENTED_EDGE('',*,*,#479,.T.);
#163=ORIENTED_EDGE('',*,*,#480,.T.);
#164=ORIENTED_EDGE('',*,*,#481,.T.);
#165=ORIENTED_EDGE('',*,*,#482,.F.);
#166=ORIENTED_EDGE('',*,*,#483,.F.);
#167=ORIENTED_EDGE('',*,*,#484,.T.);
#168=ORIENTED_EDGE('',*,*,#485,.T.);
#169=ORIENTED_EDGE('',*,*,#457,.F.);
#170=ORIENTED_EDGE('',*,*,#486,.T.);
#171=ORIENTED_EDGE('',*,*,#487,.T.);
#172=ORIENTED_EDGE('',*,*,#488,.T.);
#173=ORIENTED_EDGE('',*,*,#489,.T.);
#174=ORIENTED_EDGE('',*,*,#490,.T.);
#175=ORIENTED_EDGE('',*,*,#482,.T.);
#176=ORIENTED_EDGE('',*,*,#491,.T.);
#177=ORIENTED_EDGE('',*,*,#483,.T.);
#178=ORIENTED_EDGE('',*,*,#492,.T.);
#179=ORIENTED_EDGE('',*,*,#470,.T.);
#180=ORIENTED_EDGE('',*,*,#493,.T.);
#181=ORIENTED_EDGE('',*,*,#494,.F.);
#182=ORIENTED_EDGE('',*,*,#495,.F.);
#183=ORIENTED_EDGE('',*,*,#496,.T.);
#184=ORIENTED_EDGE('',*,*,#474,.T.);
#185=ORIENTED_EDGE('',*,*,#491,.F.);
#186=ORIENTED_EDGE('',*,*,#481,.F.);
#187=ORIENTED_EDGE('',*,*,#497,.T.);
#188=ORIENTED_EDGE('',*,*,#498,.T.);
#189=ORIENTED_EDGE('',*,*,#499,.T.);
#190=ORIENTED_EDGE('',*,*,#500,.T.);
#191=ORIENTED_EDGE('',*,*,#501,.F.);
#192=ORIENTED_EDGE('',*,*,#502,.F.);
#193=ORIENTED_EDGE('',*,*,#503,.T.);
#194=ORIENTED_EDGE('',*,*,#504,.T.);
#195=ORIENTED_EDGE('',*,*,#499,.F.);
#196=ORIENTED_EDGE('',*,*,#505,.F.);
#197=ORIENTED_EDGE('',*,*,#506,.T.);
#198=ORIENTED_EDGE('',*,*,#507,.T.);
#199=ORIENTED_EDGE('',*,*,#503,.F.);
#200=ORIENTED_EDGE('',*,*,#508,.F.);
#201=ORIENTED_EDGE('',*,*,#509,.T.);
#202=ORIENTED_EDGE('',*,*,#510,.T.);
#203=ORIENTED_EDGE('',*,*,#506,.F.);
#204=ORIENTED_EDGE('',*,*,#511,.F.);
#205=ORIENTED_EDGE('',*,*,#512,.T.);
#206=ORIENTED_EDGE('',*,*,#513,.T.);
#207=ORIENTED_EDGE('',*,*,#509,.F.);
#208=ORIENTED_EDGE('',*,*,#514,.F.);
#209=ORIENTED_EDGE('',*,*,#515,.T.);
#210=ORIENTED_EDGE('',*,*,#516,.T.);
#211=ORIENTED_EDGE('',*,*,#512,.F.);
#212=ORIENTED_EDGE('',*,*,#517,.F.);
#213=ORIENTED_EDGE('',*,*,#518,.T.);
#214=ORIENTED_EDGE('',*,*,#519,.T.);
#215=ORIENTED_EDGE('',*,*,#515,.F.);
#216=ORIENTED_EDGE('',*,*,#520,.F.);
#217=ORIENTED_EDGE('',*,*,#521,.T.);
#218=ORIENTED_EDGE('',*,*,#522,.T.);
#219=ORIENTED_EDGE('',*,*,#518,.F.);
#220=ORIENTED_EDGE('',*,*,#523,.F.);
#221=ORIENTED_EDGE('',*,*,#524,.T.);
#222=ORIENTED_EDGE('',*,*,#525,.T.);
#223=ORIENTED_EDGE('',*,*,#521,.F.);
#224=ORIENTED_EDGE('',*,*,#526,.F.);
#225=ORIENTED_EDGE('',*,*,#527,.T.);
#226=ORIENTED_EDGE('',*,*,#528,.T.);
#227=ORIENTED_EDGE('',*,*,#524,.F.);
#228=ORIENTED_EDGE('',*,*,#529,.F.);
#229=ORIENTED_EDGE('',*,*,#530,.T.);
#230=ORIENTED_EDGE('',*,*,#531,.T.);
#231=ORIENTED_EDGE('',*,*,#527,.F.);
#232=ORIENTED_EDGE('',*,*,#532,.F.);
#233=ORIENTED_EDGE('',*,*,#533,.T.);
#234=ORIENTED_EDGE('',*,*,#534,.T.);
#235=ORIENTED_EDGE('',*,*,#530,.F.);
#236=ORIENTED_EDGE('',*,*,#535,.F.);
#237=ORIENTED_EDGE('',*,*,#501,.T.);
#238=ORIENTED_EDGE('',*,*,#536,.T.);
#239=ORIENTED_EDGE('',*,*,#533,.F.);
#240=ORIENTED_EDGE('',*,*,#537,.F.);
#241=ORIENTED_EDGE('',*,*,#538,.F.);
#242=ORIENTED_EDGE('',*,*,#539,.T.);
#243=ORIENTED_EDGE('',*,*,#540,.T.);
#244=ORIENTED_EDGE('',*,*,#487,.F.);
#245=ORIENTED_EDGE('',*,*,#498,.F.);
#246=ORIENTED_EDGE('',*,*,#541,.T.);
#247=ORIENTED_EDGE('',*,*,#495,.T.);
#248=ORIENTED_EDGE('',*,*,#542,.T.);
#249=ORIENTED_EDGE('',*,*,#543,.T.);
#250=ORIENTED_EDGE('',*,*,#538,.T.);
#251=ORIENTED_EDGE('',*,*,#494,.T.);
#252=ORIENTED_EDGE('',*,*,#473,.T.);
#253=ORIENTED_EDGE('',*,*,#544,.T.);
#254=ORIENTED_EDGE('',*,*,#545,.T.);
#255=ORIENTED_EDGE('',*,*,#546,.T.);
#256=ORIENTED_EDGE('',*,*,#547,.T.);
#257=ORIENTED_EDGE('',*,*,#548,.T.);
#258=ORIENTED_EDGE('',*,*,#549,.F.);
#259=ORIENTED_EDGE('',*,*,#550,.F.);
#260=ORIENTED_EDGE('',*,*,#551,.F.);
#261=ORIENTED_EDGE('',*,*,#552,.F.);
#262=ORIENTED_EDGE('',*,*,#553,.F.);
#263=ORIENTED_EDGE('',*,*,#554,.F.);
#264=ORIENTED_EDGE('',*,*,#555,.F.);
#265=ORIENTED_EDGE('',*,*,#556,.F.);
#266=ORIENTED_EDGE('',*,*,#557,.F.);
#267=ORIENTED_EDGE('',*,*,#558,.F.);
#268=ORIENTED_EDGE('',*,*,#559,.F.);
#269=ORIENTED_EDGE('',*,*,#560,.F.);
#270=ORIENTED_EDGE('',*,*,#561,.F.);
#271=ORIENTED_EDGE('',*,*,#562,.F.);
#272=ORIENTED_EDGE('',*,*,#520,.T.);
#273=ORIENTED_EDGE('',*,*,#517,.T.);
#274=ORIENTED_EDGE('',*,*,#514,.T.);
#275=ORIENTED_EDGE('',*,*,#511,.T.);
#276=ORIENTED_EDGE('',*,*,#508,.T.);
#277=ORIENTED_EDGE('',*,*,#505,.T.);
#278=ORIENTED_EDGE('',*,*,#502,.T.);
#279=ORIENTED_EDGE('',*,*,#537,.T.);
#280=ORIENTED_EDGE('',*,*,#535,.T.);
#281=ORIENTED_EDGE('',*,*,#532,.T.);
#282=ORIENTED_EDGE('',*,*,#529,.T.);
#283=ORIENTED_EDGE('',*,*,#526,.T.);
#284=ORIENTED_EDGE('',*,*,#523,.T.);
#285=ORIENTED_EDGE('',*,*,#549,.T.);
#286=ORIENTED_EDGE('',*,*,#563,.F.);
#287=ORIENTED_EDGE('',*,*,#564,.F.);
#288=ORIENTED_EDGE('',*,*,#565,.T.);
#289=ORIENTED_EDGE('',*,*,#550,.T.);
#290=ORIENTED_EDGE('',*,*,#565,.F.);
#291=ORIENTED_EDGE('',*,*,#566,.F.);
#292=ORIENTED_EDGE('',*,*,#567,.T.);
#293=ORIENTED_EDGE('',*,*,#551,.T.);
#294=ORIENTED_EDGE('',*,*,#567,.F.);
#295=ORIENTED_EDGE('',*,*,#568,.F.);
#296=ORIENTED_EDGE('',*,*,#569,.T.);
#297=ORIENTED_EDGE('',*,*,#552,.T.);
#298=ORIENTED_EDGE('',*,*,#569,.F.);
#299=ORIENTED_EDGE('',*,*,#570,.F.);
#300=ORIENTED_EDGE('',*,*,#571,.T.);
#301=ORIENTED_EDGE('',*,*,#553,.T.);
#302=ORIENTED_EDGE('',*,*,#571,.F.);
#303=ORIENTED_EDGE('',*,*,#572,.F.);
#304=ORIENTED_EDGE('',*,*,#573,.T.);
#305=ORIENTED_EDGE('',*,*,#554,.T.);
#306=ORIENTED_EDGE('',*,*,#573,.F.);
#307=ORIENTED_EDGE('',*,*,#574,.F.);
#308=ORIENTED_EDGE('',*,*,#575,.T.);
#309=ORIENTED_EDGE('',*,*,#555,.T.);
#310=ORIENTED_EDGE('',*,*,#575,.F.);
#311=ORIENTED_EDGE('',*,*,#576,.F.);
#312=ORIENTED_EDGE('',*,*,#577,.T.);
#313=ORIENTED_EDGE('',*,*,#556,.T.);
#314=ORIENTED_EDGE('',*,*,#577,.F.);
#315=ORIENTED_EDGE('',*,*,#578,.F.);
#316=ORIENTED_EDGE('',*,*,#579,.T.);
#317=ORIENTED_EDGE('',*,*,#557,.T.);
#318=ORIENTED_EDGE('',*,*,#579,.F.);
#319=ORIENTED_EDGE('',*,*,#580,.F.);
#320=ORIENTED_EDGE('',*,*,#581,.T.);
#321=ORIENTED_EDGE('',*,*,#558,.T.);
#322=ORIENTED_EDGE('',*,*,#581,.F.);
#323=ORIENTED_EDGE('',*,*,#582,.F.);
#324=ORIENTED_EDGE('',*,*,#583,.T.);
#325=ORIENTED_EDGE('',*,*,#559,.T.);
#326=ORIENTED_EDGE('',*,*,#583,.F.);
#327=ORIENTED_EDGE('',*,*,#584,.F.);
#328=ORIENTED_EDGE('',*,*,#585,.T.);
#329=ORIENTED_EDGE('',*,*,#560,.T.);
#330=ORIENTED_EDGE('',*,*,#585,.F.);
#331=ORIENTED_EDGE('',*,*,#586,.F.);
#332=ORIENTED_EDGE('',*,*,#587,.T.);
#333=ORIENTED_EDGE('',*,*,#561,.T.);
#334=ORIENTED_EDGE('',*,*,#587,.F.);
#335=ORIENTED_EDGE('',*,*,#588,.F.);
#336=ORIENTED_EDGE('',*,*,#589,.T.);
#337=ORIENTED_EDGE('',*,*,#562,.T.);
#338=ORIENTED_EDGE('',*,*,#589,.F.);
#339=ORIENTED_EDGE('',*,*,#590,.F.);
#340=ORIENTED_EDGE('',*,*,#563,.T.);
#341=ORIENTED_EDGE('',*,*,#480,.F.);
#342=ORIENTED_EDGE('',*,*,#591,.T.);
#343=ORIENTED_EDGE('',*,*,#475,.F.);
#344=ORIENTED_EDGE('',*,*,#496,.F.);
#345=ORIENTED_EDGE('',*,*,#541,.F.);
#346=ORIENTED_EDGE('',*,*,#497,.F.);
#347=ORIENTED_EDGE('',*,*,#564,.T.);
#348=ORIENTED_EDGE('',*,*,#590,.T.);
#349=ORIENTED_EDGE('',*,*,#588,.T.);
#350=ORIENTED_EDGE('',*,*,#586,.T.);
#351=ORIENTED_EDGE('',*,*,#584,.T.);
#352=ORIENTED_EDGE('',*,*,#582,.T.);
#353=ORIENTED_EDGE('',*,*,#580,.T.);
#354=ORIENTED_EDGE('',*,*,#578,.T.);
#355=ORIENTED_EDGE('',*,*,#576,.T.);
#356=ORIENTED_EDGE('',*,*,#574,.T.);
#357=ORIENTED_EDGE('',*,*,#572,.T.);
#358=ORIENTED_EDGE('',*,*,#570,.T.);
#359=ORIENTED_EDGE('',*,*,#568,.T.);
#360=ORIENTED_EDGE('',*,*,#566,.T.);
#361=ORIENTED_EDGE('',*,*,#592,.F.);
#362=ORIENTED_EDGE('',*,*,#522,.F.);
#363=ORIENTED_EDGE('',*,*,#593,.F.);
#364=ORIENTED_EDGE('',*,*,#471,.F.);
#365=ORIENTED_EDGE('',*,*,#493,.F.);
#366=ORIENTED_EDGE('',*,*,#469,.F.);
#367=ORIENTED_EDGE('',*,*,#593,.T.);
#368=ORIENTED_EDGE('',*,*,#525,.F.);
#369=ORIENTED_EDGE('',*,*,#594,.F.);
#370=ORIENTED_EDGE('',*,*,#544,.F.);
#371=ORIENTED_EDGE('',*,*,#472,.F.);
#372=ORIENTED_EDGE('',*,*,#458,.F.);
#373=ORIENTED_EDGE('',*,*,#485,.F.);
#374=ORIENTED_EDGE('',*,*,#595,.F.);
#375=ORIENTED_EDGE('',*,*,#519,.F.);
#376=ORIENTED_EDGE('',*,*,#592,.T.);
#377=ORIENTED_EDGE('',*,*,#468,.F.);
#378=ORIENTED_EDGE('',*,*,#594,.T.);
#379=ORIENTED_EDGE('',*,*,#528,.F.);
#380=ORIENTED_EDGE('',*,*,#596,.F.);
#381=ORIENTED_EDGE('',*,*,#545,.F.);
#382=ORIENTED_EDGE('',*,*,#484,.F.);
#383=ORIENTED_EDGE('',*,*,#492,.F.);
#384=ORIENTED_EDGE('',*,*,#597,.F.);
#385=ORIENTED_EDGE('',*,*,#516,.F.);
#386=ORIENTED_EDGE('',*,*,#595,.T.);
#387=ORIENTED_EDGE('',*,*,#596,.T.);
#388=ORIENTED_EDGE('',*,*,#531,.F.);
#389=ORIENTED_EDGE('',*,*,#598,.F.);
#390=ORIENTED_EDGE('',*,*,#546,.F.);
#391=ORIENTED_EDGE('',*,*,#597,.T.);
#392=ORIENTED_EDGE('',*,*,#490,.F.);
#393=ORIENTED_EDGE('',*,*,#599,.F.);
#394=ORIENTED_EDGE('',*,*,#513,.F.);
#395=ORIENTED_EDGE('',*,*,#598,.T.);
#396=ORIENTED_EDGE('',*,*,#534,.F.);
#397=ORIENTED_EDGE('',*,*,#600,.F.);
#398=ORIENTED_EDGE('',*,*,#547,.F.);
#399=ORIENTED_EDGE('',*,*,#599,.T.);
#400=ORIENTED_EDGE('',*,*,#489,.F.);
#401=ORIENTED_EDGE('',*,*,#601,.F.);
#402=ORIENTED_EDGE('',*,*,#510,.F.);
#403=ORIENTED_EDGE('',*,*,#600,.T.);
#404=ORIENTED_EDGE('',*,*,#536,.F.);
#405=ORIENTED_EDGE('',*,*,#602,.F.);
#406=ORIENTED_EDGE('',*,*,#548,.F.);
#407=ORIENTED_EDGE('',*,*,#488,.F.);
#408=ORIENTED_EDGE('',*,*,#540,.F.);
#409=ORIENTED_EDGE('',*,*,#603,.F.);
#410=ORIENTED_EDGE('',*,*,#507,.F.);
#411=ORIENTED_EDGE('',*,*,#601,.T.);
#412=ORIENTED_EDGE('',*,*,#602,.T.);
#413=ORIENTED_EDGE('',*,*,#500,.F.);
#414=ORIENTED_EDGE('',*,*,#604,.F.);
#415=ORIENTED_EDGE('',*,*,#542,.F.);
#416=ORIENTED_EDGE('',*,*,#539,.F.);
#417=ORIENTED_EDGE('',*,*,#543,.F.);
#418=ORIENTED_EDGE('',*,*,#604,.T.);
#419=ORIENTED_EDGE('',*,*,#504,.F.);
#420=ORIENTED_EDGE('',*,*,#603,.T.);
#421=ORIENTED_EDGE('',*,*,#479,.F.);
#422=ORIENTED_EDGE('',*,*,#605,.T.);
#423=ORIENTED_EDGE('',*,*,#476,.F.);
#424=ORIENTED_EDGE('',*,*,#591,.F.);
#425=ORIENTED_EDGE('',*,*,#606,.F.);
#426=ORIENTED_EDGE('',*,*,#607,.F.);
#427=ORIENTED_EDGE('',*,*,#465,.T.);
#428=ORIENTED_EDGE('',*,*,#605,.F.);
#429=ORIENTED_EDGE('',*,*,#478,.T.);
#430=ORIENTED_EDGE('',*,*,#477,.T.);
#431=ORIENTED_EDGE('',*,*,#608,.T.);
#432=ORIENTED_EDGE('',*,*,#466,.F.);
#433=ORIENTED_EDGE('',*,*,#607,.T.);
#434=ORIENTED_EDGE('',*,*,#609,.T.);
#435=ORIENTED_EDGE('',*,*,#606,.T.);
#436=ORIENTED_EDGE('',*,*,#610,.T.);
#437=ORIENTED_EDGE('',*,*,#611,.T.);
#438=ORIENTED_EDGE('',*,*,#611,.F.);
#439=ORIENTED_EDGE('',*,*,#612,.T.);
#440=ORIENTED_EDGE('',*,*,#613,.F.);
#441=ORIENTED_EDGE('',*,*,#613,.T.);
#442=ORIENTED_EDGE('',*,*,#614,.F.);
#443=ORIENTED_EDGE('',*,*,#460,.F.);
#444=ORIENTED_EDGE('',*,*,#467,.F.);
#445=ORIENTED_EDGE('',*,*,#608,.F.);
#446=ORIENTED_EDGE('',*,*,#486,.F.);
#447=ORIENTED_EDGE('',*,*,#456,.F.);
#448=ORIENTED_EDGE('',*,*,#461,.F.);
#449=ORIENTED_EDGE('',*,*,#614,.T.);
#450=ORIENTED_EDGE('',*,*,#462,.F.);
#451=ORIENTED_EDGE('',*,*,#612,.F.);
#452=ORIENTED_EDGE('',*,*,#609,.F.);
#453=ORIENTED_EDGE('',*,*,#464,.F.);
#454=ORIENTED_EDGE('',*,*,#610,.F.);
#455=ORIENTED_EDGE('',*,*,#463,.F.);
#456=EDGE_CURVE('',#615,#616,#719,.T.);
#457=EDGE_CURVE('',#616,#617,#720,.T.);
#458=EDGE_CURVE('',#617,#618,#721,.T.);
#459=EDGE_CURVE('',#618,#619,#722,.T.);
#460=EDGE_CURVE('',#619,#620,#723,.T.);
#461=EDGE_CURVE('',#620,#621,#724,.T.);
#462=EDGE_CURVE('',#621,#615,#725,.T.);
#463=EDGE_CURVE('',#622,#622,#726,.T.);
#464=EDGE_CURVE('',#623,#623,#727,.T.);
#465=EDGE_CURVE('',#624,#625,#728,.F.);
#466=EDGE_CURVE('',#624,#626,#15,.T.);
#467=EDGE_CURVE('',#626,#619,#729,.T.);
#468=EDGE_CURVE('',#618,#627,#730,.T.);
#469=EDGE_CURVE('',#627,#628,#731,.T.);
#470=EDGE_CURVE('',#629,#628,#732,.T.);
#471=EDGE_CURVE('',#629,#630,#733,.T.);
#472=EDGE_CURVE('',#630,#631,#734,.T.);
#473=EDGE_CURVE('',#632,#631,#735,.T.);
#474=EDGE_CURVE('',#633,#632,#16,.T.);
#475=EDGE_CURVE('',#633,#634,#736,.T.);
#476=EDGE_CURVE('',#634,#625,#17,.T.);
#477=EDGE_CURVE('',#635,#636,#18,.T.);
#478=EDGE_CURVE('',#637,#635,#737,.F.);
#479=EDGE_CURVE('',#637,#638,#19,.F.);
#480=EDGE_CURVE('',#638,#639,#738,.T.);
#481=EDGE_CURVE('',#639,#640,#20,.T.);
#482=EDGE_CURVE('',#641,#640,#739,.T.);
#483=EDGE_CURVE('',#642,#641,#740,.T.);
#484=EDGE_CURVE('',#642,#643,#741,.T.);
#485=EDGE_CURVE('',#643,#617,#742,.T.);
#486=EDGE_CURVE('',#616,#636,#743,.T.);
#487=EDGE_CURVE('',#644,#645,#744,.F.);
#488=EDGE_CURVE('',#645,#646,#745,.T.);
#489=EDGE_CURVE('',#646,#647,#746,.T.);
#490=EDGE_CURVE('',#647,#641,#747,.T.);
#491=EDGE_CURVE('',#640,#644,#748,.F.);
#492=EDGE_CURVE('',#641,#642,#749,.T.);
#493=EDGE_CURVE('',#628,#629,#750,.T.);
#494=EDGE_CURVE('',#648,#632,#751,.F.);
#495=EDGE_CURVE('',#649,#648,#21,.T.);
#496=EDGE_CURVE('',#649,#633,#752,.F.);
#497=EDGE_CURVE('',#639,#650,#753,.F.);
#498=EDGE_CURVE('',#650,#644,#22,.T.);
#499=EDGE_CURVE('',#651,#652,#23,.T.);
#500=EDGE_CURVE('',#652,#653,#754,.T.);
#501=EDGE_CURVE('',#654,#653,#24,.T.);
#502=EDGE_CURVE('',#651,#654,#755,.F.);
#503=EDGE_CURVE('',#655,#656,#25,.T.);
#504=EDGE_CURVE('',#656,#652,#756,.T.);
#505=EDGE_CURVE('',#655,#651,#757,.F.);
#506=EDGE_CURVE('',#657,#658,#26,.T.);
#507=EDGE_CURVE('',#658,#656,#758,.T.);
#508=EDGE_CURVE('',#657,#655,#759,.F.);
#509=EDGE_CURVE('',#659,#660,#27,.T.);
#510=EDGE_CURVE('',#660,#658,#760,.T.);
#511=EDGE_CURVE('',#659,#657,#761,.F.);
#512=EDGE_CURVE('',#661,#662,#28,.T.);
#513=EDGE_CURVE('',#662,#660,#762,.T.);
#514=EDGE_CURVE('',#661,#659,#763,.T.);
#515=EDGE_CURVE('',#663,#664,#29,.T.);
#516=EDGE_CURVE('',#664,#662,#764,.T.);
#517=EDGE_CURVE('',#663,#661,#765,.T.);
#518=EDGE_CURVE('',#665,#666,#30,.T.);
#519=EDGE_CURVE('',#666,#664,#766,.T.);
#520=EDGE_CURVE('',#665,#663,#767,.T.);
#521=EDGE_CURVE('',#667,#668,#31,.T.);
#522=EDGE_CURVE('',#668,#666,#768,.T.);
#523=EDGE_CURVE('',#667,#665,#769,.T.);
#524=EDGE_CURVE('',#669,#670,#32,.T.);
#525=EDGE_CURVE('',#670,#668,#770,.T.);
#526=EDGE_CURVE('',#669,#667,#771,.T.);
#527=EDGE_CURVE('',#671,#672,#33,.T.);
#528=EDGE_CURVE('',#672,#670,#772,.T.);
#529=EDGE_CURVE('',#671,#669,#773,.T.);
#530=EDGE_CURVE('',#673,#674,#34,.T.);
#531=EDGE_CURVE('',#674,#672,#774,.T.);
#532=EDGE_CURVE('',#673,#671,#775,.T.);
#533=EDGE_CURVE('',#675,#676,#35,.T.);
#534=EDGE_CURVE('',#676,#674,#776,.T.);
#535=EDGE_CURVE('',#675,#673,#777,.T.);
#536=EDGE_CURVE('',#653,#676,#778,.T.);
#537=EDGE_CURVE('',#654,#675,#779,.F.);
#538=EDGE_CURVE('',#677,#648,#780,.F.);
#539=EDGE_CURVE('',#677,#678,#781,.T.);
#540=EDGE_CURVE('',#678,#645,#782,.T.);
#541=EDGE_CURVE('',#650,#649,#783,.F.);
#542=EDGE_CURVE('',#679,#680,#784,.T.);
#543=EDGE_CURVE('',#680,#677,#785,.T.);
#544=EDGE_CURVE('',#631,#681,#786,.T.);
#545=EDGE_CURVE('',#681,#682,#787,.T.);
#546=EDGE_CURVE('',#682,#683,#788,.T.);
#547=EDGE_CURVE('',#683,#684,#789,.T.);
#548=EDGE_CURVE('',#684,#679,#790,.T.);
#549=EDGE_CURVE('',#685,#686,#13,.F.);
#550=EDGE_CURVE('',#687,#685,#791,.F.);
#551=EDGE_CURVE('',#688,#687,#792,.T.);
#552=EDGE_CURVE('',#689,#688,#793,.T.);
#553=EDGE_CURVE('',#690,#689,#794,.T.);
#554=EDGE_CURVE('',#691,#690,#795,.T.);
#555=EDGE_CURVE('',#692,#691,#796,.T.);
#556=EDGE_CURVE('',#693,#692,#797,.T.);
#557=EDGE_CURVE('',#694,#693,#798,.T.);
#558=EDGE_CURVE('',#695,#694,#799,.T.);
#559=EDGE_CURVE('',#696,#695,#800,.T.);
#560=EDGE_CURVE('',#697,#696,#801,.T.);
#561=EDGE_CURVE('',#698,#697,#802,.T.);
#562=EDGE_CURVE('',#686,#698,#803,.F.);
#563=EDGE_CURVE('',#699,#686,#36,.T.);
#564=EDGE_CURVE('',#700,#699,#14,.F.);
#565=EDGE_CURVE('',#700,#685,#37,.T.);
#566=EDGE_CURVE('',#701,#700,#804,.F.);
#567=EDGE_CURVE('',#701,#687,#38,.T.);
#568=EDGE_CURVE('',#702,#701,#805,.T.);
#569=EDGE_CURVE('',#702,#688,#39,.T.);
#570=EDGE_CURVE('',#703,#702,#806,.T.);
#571=EDGE_CURVE('',#703,#689,#40,.T.);
#572=EDGE_CURVE('',#704,#703,#807,.T.);
#573=EDGE_CURVE('',#704,#690,#41,.T.);
#574=EDGE_CURVE('',#705,#704,#808,.T.);
#575=EDGE_CURVE('',#705,#691,#42,.T.);
#576=EDGE_CURVE('',#706,#705,#809,.T.);
#577=EDGE_CURVE('',#706,#692,#43,.T.);
#578=EDGE_CURVE('',#707,#706,#810,.T.);
#579=EDGE_CURVE('',#707,#693,#44,.T.);
#580=EDGE_CURVE('',#708,#707,#811,.T.);
#581=EDGE_CURVE('',#708,#694,#45,.T.);
#582=EDGE_CURVE('',#709,#708,#812,.T.);
#583=EDGE_CURVE('',#709,#695,#46,.T.);
#584=EDGE_CURVE('',#710,#709,#813,.T.);
#585=EDGE_CURVE('',#710,#696,#47,.T.);
#586=EDGE_CURVE('',#711,#710,#814,.T.);
#587=EDGE_CURVE('',#711,#697,#48,.T.);
#588=EDGE_CURVE('',#712,#711,#815,.T.);
#589=EDGE_CURVE('',#712,#698,#49,.T.);
#590=EDGE_CURVE('',#699,#712,#816,.F.);
#591=EDGE_CURVE('',#638,#634,#817,.T.);
#592=EDGE_CURVE('',#666,#627,#818,.F.);
#593=EDGE_CURVE('',#630,#668,#819,.F.);
#594=EDGE_CURVE('',#681,#670,#820,.F.);
#595=EDGE_CURVE('',#664,#643,#821,.F.);
#596=EDGE_CURVE('',#682,#672,#822,.F.);
#597=EDGE_CURVE('',#662,#641,#823,.F.);
#598=EDGE_CURVE('',#683,#674,#824,.F.);
#599=EDGE_CURVE('',#660,#647,#825,.F.);
#600=EDGE_CURVE('',#684,#676,#826,.F.);
#601=EDGE_CURVE('',#658,#646,#827,.F.);
#602=EDGE_CURVE('',#679,#653,#828,.F.);
#603=EDGE_CURVE('',#656,#678,#829,.F.);
#604=EDGE_CURVE('',#680,#652,#830,.F.);
#605=EDGE_CURVE('',#637,#625,#831,.T.);
#606=EDGE_CURVE('',#713,#713,#832,.T.);
#607=EDGE_CURVE('',#624,#635,#833,.T.);
#608=EDGE_CURVE('',#636,#626,#834,.T.);
#609=EDGE_CURVE('',#714,#714,#835,.T.);
#610=EDGE_CURVE('',#715,#715,#836,.T.);
#611=EDGE_CURVE('',#716,#716,#837,.T.);
#612=EDGE_CURVE('',#717,#717,#838,.T.);
#613=EDGE_CURVE('',#718,#718,#839,.T.);
#614=EDGE_CURVE('',#620,#615,#840,.F.);
#615=VERTEX_POINT('',#1198);
#616=VERTEX_POINT('',#1199);
#617=VERTEX_POINT('',#1265);
#618=VERTEX_POINT('',#1512);
#619=VERTEX_POINT('',#1578);
#620=VERTEX_POINT('',#1599);
#621=VERTEX_POINT('',#1636);
#622=VERTEX_POINT('',#1694);
#623=VERTEX_POINT('',#1743);
#624=VERTEX_POINT('',#1957);
#625=VERTEX_POINT('',#1958);
#626=VERTEX_POINT('',#1960);
#627=VERTEX_POINT('',#1969);
#628=VERTEX_POINT('',#1974);
#629=VERTEX_POINT('',#2040);
#630=VERTEX_POINT('',#2045);
#631=VERTEX_POINT('',#2050);
#632=VERTEX_POINT('',#2116);
#633=VERTEX_POINT('',#2118);
#634=VERTEX_POINT('',#2184);
#635=VERTEX_POINT('',#2379);
#636=VERTEX_POINT('',#2380);
#637=VERTEX_POINT('',#2446);
#638=VERTEX_POINT('',#2448);
#639=VERTEX_POINT('',#2514);
#640=VERTEX_POINT('',#2516);
#641=VERTEX_POINT('',#2582);
#642=VERTEX_POINT('',#2648);
#643=VERTEX_POINT('',#2653);
#644=VERTEX_POINT('',#2677);
#645=VERTEX_POINT('',#2678);
#646=VERTEX_POINT('',#2711);
#647=VERTEX_POINT('',#2739);
#648=VERTEX_POINT('',#3011);
#649=VERTEX_POINT('',#3013);
#650=VERTEX_POINT('',#3036);
#651=VERTEX_POINT('',#3053);
#652=VERTEX_POINT('',#3054);
#653=VERTEX_POINT('',#3062);
#654=VERTEX_POINT('',#3064);
#655=VERTEX_POINT('',#3090);
#656=VERTEX_POINT('',#3091);
#657=VERTEX_POINT('',#3127);
#658=VERTEX_POINT('',#3128);
#659=VERTEX_POINT('',#3180);
#660=VERTEX_POINT('',#3181);
#661=VERTEX_POINT('',#3250);
#662=VERTEX_POINT('',#3251);
#663=VERTEX_POINT('',#3435);
#664=VERTEX_POINT('',#3436);
#665=VERTEX_POINT('',#3772);
#666=VERTEX_POINT('',#3773);
#667=VERTEX_POINT('',#4026);
#668=VERTEX_POINT('',#4027);
#669=VERTEX_POINT('',#4096);
#670=VERTEX_POINT('',#4097);
#671=VERTEX_POINT('',#4193);
#672=VERTEX_POINT('',#4194);
#673=VERTEX_POINT('',#4245);
#674=VERTEX_POINT('',#4246);
#675=VERTEX_POINT('',#4289);
#676=VERTEX_POINT('',#4290);
#677=VERTEX_POINT('',#4455);
#678=VERTEX_POINT('',#4460);
#679=VERTEX_POINT('',#4510);
#680=VERTEX_POINT('',#4511);
#681=VERTEX_POINT('',#4631);
#682=VERTEX_POINT('',#4680);
#683=VERTEX_POINT('',#4740);
#684=VERTEX_POINT('',#4777);
#685=VERTEX_POINT('',#4819);
#686=VERTEX_POINT('',#4820);
#687=VERTEX_POINT('',#4850);
#688=VERTEX_POINT('',#4904);
#689=VERTEX_POINT('',#4924);
#690=VERTEX_POINT('',#5060);
#691=VERTEX_POINT('',#5070);
#692=VERTEX_POINT('',#5182);
#693=VERTEX_POINT('',#5208);
#694=VERTEX_POINT('',#5235);
#695=VERTEX_POINT('',#5279);
#696=VERTEX_POINT('',#5307);
#697=VERTEX_POINT('',#5315);
#698=VERTEX_POINT('',#5344);
#699=VERTEX_POINT('',#5404);
#700=VERTEX_POINT('',#5406);
#701=VERTEX_POINT('',#5467);
#702=VERTEX_POINT('',#5570);
#703=VERTEX_POINT('',#5609);
#704=VERTEX_POINT('',#5878);
#705=VERTEX_POINT('',#5899);
#706=VERTEX_POINT('',#6116);
#707=VERTEX_POINT('',#6169);
#708=VERTEX_POINT('',#6221);
#709=VERTEX_POINT('',#6302);
#710=VERTEX_POINT('',#6365);
#711=VERTEX_POINT('',#6388);
#712=VERTEX_POINT('',#6450);
#713=VERTEX_POINT('',#8338);
#714=VERTEX_POINT('',#8472);
#715=VERTEX_POINT('',#8541);
#716=VERTEX_POINT('',#8561);
#717=VERTEX_POINT('',#8616);
#718=VERTEX_POINT('',#8633);
#719=B_SPLINE_CURVE_WITH_KNOTS('',3,(#1161,#1162,#1163,#1164,#1165,#1166,
#1167,#1168,#1169,#1170,#1171,#1172,#1173,#1174,#1175,#1176,#1177,#1178,
#1179,#1180,#1181,#1182,#1183,#1184,#1185,#1186,#1187,#1188,#1189,#1190,
#1191,#1192,#1193,#1194,#1195,#1196,#1197),.UNSPECIFIED.,.F.,.F.,(4,1,1,
1,1,1,1,1,1,1,1,1,1,1,1,1,1,1,1,1,1,1,1,1,1,1,1,1,1,1,1,1,1,1,4),(0.403022619051459,
0.421678162206101,0.440333705360743,0.477644791670027,0.496300334824669,
0.505628106401989,0.51495587797931,0.533611421133952,0.552266964288594,
0.589578050597878,0.626889136907162,0.664200223216446,0.682855766371088,
0.692183537948408,0.701511309525729,0.738822395835013,0.748150167412334,
0.757477938989655,0.776133482144297,0.785461253721618,0.794789025298939,
0.813444568453581,0.832100111608223,0.841427883185544,0.850755654762865,
0.869411197917507,0.888066741072149,0.90672228422679,0.925377827381432,
0.934705598958753,0.939369484747414,0.944033370536074,0.953361142113395,
0.962688913690716,1.),.UNSPECIFIED.);
#720=B_SPLINE_CURVE_WITH_KNOTS('',3,(#1200,#1201,#1202,#1203,#1204,#1205,
#1206,#1207,#1208,#1209,#1210,#1211,#1212,#1213,#1214,#1215,#1216,#1217,
#1218,#1219,#1220,#1221,#1222,#1223,#1224,#1225,#1226,#1227,#1228,#1229,
#1230,#1231,#1232,#1233,#1234,#1235,#1236,#1237,#1238,#1239,#1240,#1241,
#1242,#1243,#1244,#1245,#1246,#1247,#1248,#1249,#1250,#1251,#1252,#1253,
#1254,#1255,#1256,#1257,#1258,#1259,#1260,#1261,#1262,#1263,#1264),
 .UNSPECIFIED.,.F.,.F.,(4,1,1,1,1,1,1,1,1,1,1,1,1,1,1,1,1,1,1,1,1,1,1,1,
1,1,1,1,1,1,1,1,1,1,1,1,1,1,1,1,1,1,1,1,1,1,1,1,1,1,1,1,1,1,1,1,1,1,1,1,
1,1,4),(0.,0.0197200782132146,0.0499125124515653,0.0539262110370225,0.0730928629045247,
0.108906461131501,0.116128786504915,0.118320696010399,0.125317355487743,
0.158653683436343,0.170641558601418,0.179894928384749,0.206674681333654,
0.220153264984319,0.237129170558003,0.255346525516089,0.280843567373262,
0.294264197874825,0.316652145690408,0.335143316976537,0.346928381190248,
0.35817447059266,0.370817815861696,0.384784863598833,0.400728171203773,
0.41330807373767,0.425687044679437,0.440294991998606,0.45377638549285,0.467552253455048,
0.482934957652938,0.494859328486321,0.507095925228323,0.522082302990147,
0.539280229610934,0.563668346629151,0.581017766967235,0.606040040057276,
0.621652882100875,0.638718512099561,0.654833114175692,0.669940947023383,
0.69270131132947,0.700441404365723,0.726444656521974,0.752703637614245,
0.759447216198292,0.779680394438514,0.794341799886762,0.819554376397875,
0.842380229677333,0.864617602886565,0.877562226466886,0.889897302295251,
0.901433125641769,0.91065911688148,0.917101116955847,0.9306656384944,0.94486193957982,
0.957489202880445,0.975026620766667,0.989781202644527,1.),.UNSPECIFIED.);
#721=B_SPLINE_CURVE_WITH_KNOTS('',3,(#1266,#1267,#1268,#1269,#1270,#1271,
#1272,#1273,#1274,#1275,#1276,#1277,#1278,#1279,#1280,#1281,#1282,#1283,
#1284,#1285,#1286,#1287,#1288,#1289,#1290,#1291,#1292,#1293,#1294,#1295,
#1296,#1297,#1298,#1299,#1300,#1301,#1302,#1303,#1304,#1305,#1306,#1307,
#1308,#1309,#1310,#1311,#1312,#1313,#1314,#1315,#1316,#1317,#1318,#1319,
#1320,#1321,#1322,#1323,#1324,#1325,#1326,#1327,#1328,#1329,#1330,#1331,
#1332,#1333,#1334,#1335,#1336,#1337,#1338,#1339,#1340,#1341,#1342,#1343,
#1344,#1345,#1346,#1347,#1348,#1349,#1350,#1351,#1352,#1353,#1354,#1355,
#1356,#1357,#1358,#1359,#1360,#1361,#1362,#1363,#1364,#1365,#1366,#1367,
#1368,#1369,#1370,#1371,#1372,#1373,#1374,#1375,#1376,#1377,#1378,#1379,
#1380,#1381,#1382,#1383,#1384,#1385,#1386,#1387,#1388,#1389,#1390,#1391,
#1392,#1393,#1394,#1395,#1396,#1397,#1398,#1399,#1400,#1401,#1402,#1403,
#1404,#1405,#1406,#1407,#1408,#1409,#1410,#1411,#1412,#1413,#1414,#1415,
#1416,#1417,#1418,#1419,#1420,#1421,#1422,#1423,#1424,#1425,#1426,#1427,
#1428,#1429,#1430,#1431,#1432,#1433,#1434,#1435,#1436,#1437,#1438,#1439,
#1440,#1441,#1442,#1443,#1444,#1445,#1446,#1447,#1448,#1449,#1450,#1451,
#1452,#1453,#1454,#1455,#1456,#1457,#1458,#1459,#1460,#1461,#1462,#1463,
#1464,#1465,#1466,#1467,#1468,#1469,#1470,#1471,#1472,#1473,#1474,#1475,
#1476,#1477,#1478,#1479,#1480,#1481,#1482,#1483,#1484,#1485,#1486,#1487,
#1488,#1489,#1490,#1491,#1492,#1493,#1494,#1495,#1496,#1497,#1498,#1499,
#1500,#1501,#1502,#1503,#1504,#1505,#1506,#1507,#1508,#1509,#1510,#1511),
 .UNSPECIFIED.,.F.,.F.,(4,1,1,1,1,1,1,1,1,1,1,1,1,1,1,1,1,1,1,1,1,1,1,1,
1,1,1,1,1,1,1,1,1,1,1,1,1,1,1,1,1,1,1,1,1,1,1,1,1,1,1,1,1,1,1,1,1,1,1,1,
1,1,1,1,1,1,1,1,1,1,1,1,1,1,1,1,1,1,1,1,1,1,1,1,1,1,1,1,1,1,1,1,1,1,1,1,
1,1,1,1,1,1,1,1,1,1,1,1,1,1,1,1,1,1,1,1,1,1,1,1,1,1,1,1,1,1,1,1,1,1,1,1,
1,1,1,1,1,1,1,1,1,1,1,1,1,1,1,1,1,1,1,1,1,1,1,1,1,1,1,1,1,1,1,1,1,1,1,1,
1,1,1,1,1,1,1,1,1,1,1,1,1,1,1,1,1,1,1,1,1,1,1,1,1,1,1,1,1,1,1,1,1,1,1,1,
1,1,1,1,1,1,1,1,1,1,1,1,1,1,1,1,1,1,1,1,1,1,1,1,1,1,1,1,1,1,1,1,1,1,1,1,
1,1,1,4),(0.,0.015625,0.03125,0.046875,0.0546875,0.05859375,0.0625,0.06640625,
0.0703125,0.078125,0.0859375,0.09375,0.1015625,0.10546875,0.109375,0.111328125,
0.11328125,0.115234375,0.1171875,0.119140625,0.12109375,0.125,0.1328125,
0.13671875,0.138671875,0.140625,0.142578125,0.14453125,0.1484375,0.150390625,
0.15234375,0.154296875,0.1552734375,0.15625,0.1572265625,0.158203125,0.16015625,
0.1640625,0.16796875,0.171875,0.1796875,0.18359375,0.1875,0.19140625,0.1953125,
0.19921875,0.201171875,0.203125,0.205078125,0.20703125,0.2109375,0.21484375,
0.216796875,0.21875,0.220703125,0.22265625,0.2265625,0.23046875,0.232421875,
0.234375,0.236328125,0.23828125,0.2421875,0.24609375,0.25,0.2578125,0.265625,
0.2734375,0.27734375,0.28125,0.28515625,0.2890625,0.296875,0.3046875,0.30859375,
0.3125,0.31640625,0.3203125,0.328125,0.3359375,0.33984375,0.34375,0.34765625,
0.3515625,0.359375,0.3671875,0.37109375,0.375,0.37890625,0.3828125,0.38671875,
0.388671875,0.390625,0.392578125,0.39453125,0.3984375,0.40234375,0.40625,
0.41015625,0.4140625,0.421875,0.4296875,0.4375,0.4453125,0.453125,0.46875,
0.484375,0.4921875,0.49609375,0.5,0.50390625,0.5078125,0.515625,0.5234375,
0.52734375,0.53125,0.53515625,0.5390625,0.546875,0.5625,0.5703125,0.578125,
0.5859375,0.59375,0.6015625,0.609375,0.6171875,0.62109375,0.625,0.62890625,
0.6328125,0.63671875,0.638671875,0.640625,0.642578125,0.64453125,0.646484375,
0.6484375,0.650390625,0.65234375,0.65625,0.66015625,0.6640625,0.671875,
0.6796875,0.6875,0.6953125,0.703125,0.7109375,0.71484375,0.716796875,0.71875,
0.720703125,0.72265625,0.724609375,0.7265625,0.73046875,0.732421875,0.734375,
0.73828125,0.740234375,0.7421875,0.744140625,0.74609375,0.75,0.75390625,
0.755859375,0.7578125,0.759765625,0.76171875,0.765625,0.7734375,0.77734375,
0.78125,0.78515625,0.7890625,0.79296875,0.796875,0.80078125,0.8046875,0.80859375,
0.810546875,0.8125,0.814453125,0.81640625,0.818359375,0.8203125,0.82421875,
0.826171875,0.828125,0.83203125,0.8359375,0.84375,0.8515625,0.85546875,
0.859375,0.86328125,0.8671875,0.87109375,0.875,0.87890625,0.8828125,0.890625,
0.8984375,0.90234375,0.904296875,0.9052734375,0.90625,0.9072265625,0.908203125,
0.91015625,0.9140625,0.91796875,0.919921875,0.921875,0.923828125,0.92578125,
0.9296875,0.93359375,0.935546875,0.9375,0.939453125,0.94140625,0.943359375,
0.9453125,0.947265625,0.94921875,0.953125,0.95703125,0.9609375,0.96484375,
0.96875,0.97265625,0.9765625,0.98046875,0.982421875,0.9833984375,0.984375,
0.9853515625,0.986328125,0.98828125,0.9921875,0.99609375,1.),
 .UNSPECIFIED.);
#722=B_SPLINE_CURVE_WITH_KNOTS('',3,(#1513,#1514,#1515,#1516,#1517,#1518,
#1519,#1520,#1521,#1522,#1523,#1524,#1525,#1526,#1527,#1528,#1529,#1530,
#1531,#1532,#1533,#1534,#1535,#1536,#1537,#1538,#1539,#1540,#1541,#1542,
#1543,#1544,#1545,#1546,#1547,#1548,#1549,#1550,#1551,#1552,#1553,#1554,
#1555,#1556,#1557,#1558,#1559,#1560,#1561,#1562,#1563,#1564,#1565,#1566,
#1567,#1568,#1569,#1570,#1571,#1572,#1573,#1574,#1575,#1576,#1577),
 .UNSPECIFIED.,.F.,.F.,(4,1,1,1,1,1,1,1,1,1,1,1,1,1,1,1,1,1,1,1,1,1,1,1,
1,1,1,1,1,1,1,1,1,1,1,1,1,1,1,1,1,1,1,1,1,1,1,1,1,1,1,1,1,1,1,1,1,1,1,1,
1,1,4),(0.,0.0197200782132146,0.0499125124515653,0.0539262110370225,0.0730928629045247,
0.108906461131501,0.116128786504915,0.118320696010399,0.125317355487743,
0.158653683436343,0.170641558601418,0.179894928384749,0.206674681333654,
0.220153264984319,0.237129170558003,0.255346525516089,0.280843567373262,
0.294264197874825,0.316652145690408,0.335143316976537,0.346928381190248,
0.35817447059266,0.370817815861696,0.384784863598833,0.400728171203773,
0.41330807373767,0.425687044679437,0.440294991998606,0.45377638549285,0.467552253455048,
0.482934957652938,0.494859328486321,0.507095925228323,0.522082302990147,
0.539280229610934,0.563668346629151,0.581017766967235,0.606040040057276,
0.621652882100875,0.638718512099561,0.654833114175692,0.669940947023383,
0.69270131132947,0.700441404365723,0.726444656521974,0.752703637614245,
0.759447216198292,0.779680394438514,0.794341799886762,0.819554376397875,
0.842380229677333,0.864617602886565,0.877562226466886,0.889897302295251,
0.901433125641769,0.91065911688148,0.917101116955847,0.9306656384944,0.94486193957982,
0.957489202880445,0.975026620766667,0.989781202644527,1.),.UNSPECIFIED.);
#723=B_SPLINE_CURVE_WITH_KNOTS('',3,(#1579,#1580,#1581,#1582,#1583,#1584,
#1585,#1586,#1587,#1588,#1589,#1590,#1591,#1592,#1593,#1594,#1595,#1596,
#1597,#1598),.UNSPECIFIED.,.F.,.F.,(4,1,1,1,1,1,1,1,1,1,1,1,1,1,1,1,1,4),
(0.,0.028510717512166,0.042766076268249,0.0498937556462905,0.057021435024332,
0.0605852747133528,0.0641491144023735,0.071276793780415,0.085532152536498,
0.0926598319145395,0.099787511292581,0.114042870048664,0.14255358756083,
0.156808946316913,0.171064305072996,0.185319663829079,0.199575022585162,
0.228085740097328),.UNSPECIFIED.);
#724=B_SPLINE_CURVE_WITH_KNOTS('',3,(#1600,#1601,#1602,#1603,#1604,#1605,
#1606,#1607,#1608,#1609,#1610,#1611,#1612,#1613,#1614,#1615,#1616,#1617,
#1618,#1619,#1620,#1621,#1622,#1623,#1624,#1625,#1626,#1627,#1628,#1629,
#1630,#1631,#1632,#1633,#1634,#1635),.UNSPECIFIED.,.F.,.F.,(4,1,1,1,1,1,
1,1,1,1,1,1,1,1,1,1,1,1,1,1,1,1,1,1,1,1,1,1,1,1,1,1,1,4),(0.23278283040647,
0.244770598681369,0.250764482818818,0.256758366956268,0.280733903506066,
0.304709440055863,0.328684976605661,0.34067274488056,0.34666662901801,0.352660513155459,
0.364648281430358,0.376636049705257,0.388623817980156,0.400611586255055,
0.412599354529954,0.424587122804853,0.436574891079751,0.44856265935465,
0.472538195904448,0.496513732454246,0.520489269004044,0.568440342103639,
0.616391415203235,0.640366951753033,0.664342488302831,0.688318024852628,
0.712293561402426,0.736269097952224,0.760244634502022,0.808195707601618,
0.856146780701213,0.904097853800809,0.952048926900404,1.),.UNSPECIFIED.);
#725=B_SPLINE_CURVE_WITH_KNOTS('',3,(#1637,#1638,#1639,#1640),
 .UNSPECIFIED.,.F.,.F.,(4,4),(0.,0.0618670830188542),.UNSPECIFIED.);
#726=B_SPLINE_CURVE_WITH_KNOTS('',3,(#1642,#1643,#1644,#1645,#1646,#1647,
#1648,#1649,#1650,#1651,#1652,#1653,#1654,#1655,#1656,#1657,#1658,#1659,
#1660,#1661,#1662,#1663,#1664,#1665,#1666,#1667,#1668,#1669,#1670,#1671,
#1672,#1673,#1674,#1675,#1676,#1677,#1678,#1679,#1680,#1681,#1682,#1683,
#1684,#1685,#1686,#1687,#1688,#1689,#1690,#1691,#1692,#1693),
 .UNSPECIFIED.,.T.,.F.,(1,1,1,1,1,1,1,1,1,1,1,1,1,1,1,1,1,1,1,1,1,1,1,1,
1,1,1,1,1,1,1,1,1,1,1,1,1,1,1,1,1,1,1,1,1,1,1,1,1,1,1,1,1,1,1,1),(-0.0480769447824576,
-0.0320512965216384,-0.0160256482608192,0.,0.007421875,0.01484375,0.02263671875,
0.0304296875,0.0456630859375,0.060896484375,0.076501904296875,0.09210732421875,
0.107731345214844,0.123355366210937,0.154605268310547,0.185855263415527,
0.216324013293152,0.246792763170776,0.278003700664658,0.309214638158539,
0.340462685033233,0.371710731907927,0.434210536595396,0.471264098258342,
0.498563204912917,0.528933182579281,0.559303160245646,0.592027658012282,
0.608507632900614,0.624175381645031,0.643954830465682,0.663734279286333,
0.694793856821459,0.721793264269645,0.748589663213482,0.764103323187078,
0.779616983160674,0.795236416159354,0.810855849158034,0.826480570807968,
0.842105292457902,0.858511514622895,0.86634354517702,0.874175575731145,
0.882380653786557,0.890212782689328,0.905448139134466,0.920672773045595,
0.935897406956723,0.951923055217542,0.967948703478362,0.983974351739181,
1.,1.007421875,1.01484375,1.02263671875),.UNSPECIFIED.);
#727=B_SPLINE_CURVE_WITH_KNOTS('',3,(#1695,#1696,#1697,#1698,#1699,#1700,
#1701,#1702,#1703,#1704,#1705,#1706,#1707,#1708,#1709,#1710,#1711,#1712,
#1713,#1714,#1715,#1716,#1717,#1718,#1719,#1720,#1721,#1722,#1723,#1724,
#1725,#1726,#1727,#1728,#1729,#1730,#1731,#1732,#1733,#1734,#1735,#1736,
#1737,#1738,#1739,#1740,#1741,#1742),.UNSPECIFIED.,.T.,.F.,(1,1,1,1,1,1,
1,1,1,1,1,1,1,1,1,1,1,1,1,1,1,1,1,1,1,1,1,1,1,1,1,1,1,1,1,1,1,1,1,1,1,1,
1,1,1,1,1,1,1,1,1,1),(-0.0328949434107698,-0.0164884971705386,-0.00824629985852698,
0.,0.0169642857142857,0.0339285714285714,0.0475,0.0610714285714286,0.0762544642857143,
0.0914375,0.121803571428571,0.153009375,0.184215178571429,0.21546296875,
0.246710758928571,0.2631168984375,0.279523037946429,0.295187094921875,0.303019123409598,
0.310851151897321,0.314757890109514,0.318664628321708,0.326478104746094,
0.342105057594866,0.357730155237305,0.373355252879743,0.388980257761865,
0.404605262643987,0.420230262888093,0.435855263132199,0.466324013144405,
0.49679276315661,0.52800370065722,0.55921463815783,0.621710731907892,0.652179433079767,
0.682648134251643,0.713116835423519,0.743585536595395,0.776319906712582,
0.80905427682977,0.871702713841488,0.904522635692074,0.935851131784604,
0.951478094186917,0.96710505658923,0.983511502829461,0.991753700141473,
1.,1.01696428571429,1.03392857142857,1.0475),.UNSPECIFIED.);
#728=B_SPLINE_CURVE_WITH_KNOTS('',3,(#1892,#1893,#1894,#1895,#1896,#1897,
#1898,#1899,#1900,#1901,#1902,#1903,#1904,#1905,#1906,#1907,#1908,#1909,
#1910,#1911,#1912,#1913,#1914,#1915,#1916,#1917,#1918,#1919,#1920,#1921,
#1922,#1923,#1924,#1925,#1926,#1927,#1928,#1929,#1930,#1931,#1932,#1933,
#1934,#1935,#1936,#1937,#1938,#1939,#1940,#1941,#1942,#1943,#1944,#1945,
#1946,#1947,#1948,#1949,#1950,#1951,#1952,#1953,#1954,#1955,#1956),
 .UNSPECIFIED.,.F.,.F.,(4,1,1,1,1,1,1,1,1,1,1,1,1,1,1,1,1,1,1,1,1,1,1,1,
1,1,1,1,1,1,1,1,1,1,1,1,1,1,1,1,1,1,1,1,1,1,1,1,1,1,1,1,1,1,1,1,1,1,1,1,
1,1,4),(0.,0.0197200782132146,0.0499125124515653,0.0539262110370225,0.0730928629045247,
0.108906461131501,0.116128786504915,0.118320696010399,0.125317355487743,
0.158653683436343,0.170641558601418,0.179894928384749,0.206674681333654,
0.220153264984319,0.237129170558003,0.255346525516089,0.280843567373262,
0.294264197874825,0.316652145690408,0.335143316976537,0.346928381190248,
0.35817447059266,0.370817815861696,0.384784863598833,0.400728171203773,
0.41330807373767,0.425687044679437,0.440294991998606,0.45377638549285,0.467552253455048,
0.482934957652938,0.494859328486321,0.507095925228323,0.522082302990147,
0.539280229610934,0.563668346629151,0.581017766967235,0.606040040057276,
0.621652882100875,0.638718512099561,0.654833114175692,0.669940947023383,
0.69270131132947,0.700441404365723,0.726444656521974,0.752703637614245,
0.759447216198292,0.779680394438514,0.794341799886762,0.819554376397875,
0.842380229677333,0.864617602886565,0.877562226466886,0.889897302295251,
0.901433125641769,0.91065911688148,0.917101116955847,0.9306656384944,0.94486193957982,
0.957489202880445,0.975026620766667,0.989781202644527,1.),.UNSPECIFIED.);
#729=B_SPLINE_CURVE_WITH_KNOTS('',3,(#1961,#1962,#1963,#1964),
 .UNSPECIFIED.,.F.,.F.,(4,4),(3.17132843088836E-8,0.00101952058753438),
 .UNSPECIFIED.);
#730=B_SPLINE_CURVE_WITH_KNOTS('',3,(#1965,#1966,#1967,#1968),
 .UNSPECIFIED.,.F.,.F.,(4,4),(0.,1.),.UNSPECIFIED.);
#731=B_SPLINE_CURVE_WITH_KNOTS('',3,(#1970,#1971,#1972,#1973),
 .UNSPECIFIED.,.F.,.F.,(4,4),(0.,1.),.UNSPECIFIED.);
#732=B_SPLINE_CURVE_WITH_KNOTS('',3,(#1975,#1976,#1977,#1978,#1979,#1980,
#1981,#1982,#1983,#1984,#1985,#1986,#1987,#1988,#1989,#1990,#1991,#1992,
#1993,#1994,#1995,#1996,#1997,#1998,#1999,#2000,#2001,#2002,#2003,#2004,
#2005,#2006,#2007,#2008,#2009,#2010,#2011,#2012,#2013,#2014,#2015,#2016,
#2017,#2018,#2019,#2020,#2021,#2022,#2023,#2024,#2025,#2026,#2027,#2028,
#2029,#2030,#2031,#2032,#2033,#2034,#2035,#2036,#2037,#2038,#2039),
 .UNSPECIFIED.,.F.,.F.,(4,1,1,1,1,1,1,1,1,1,1,1,1,1,1,1,1,1,1,1,1,1,1,1,
1,1,1,1,1,1,1,1,1,1,1,1,1,1,1,1,1,1,1,1,1,1,1,1,1,1,1,1,1,1,1,1,1,1,1,1,
1,1,4),(0.,0.0197200782132146,0.0499125124515653,0.0539262110370225,0.0730928629045247,
0.108906461131501,0.116128786504915,0.118320696010399,0.125317355487743,
0.158653683436343,0.170641558601418,0.179894928384749,0.206674681333654,
0.220153264984319,0.237129170558003,0.255346525516089,0.280843567373262,
0.294264197874825,0.316652145690408,0.335143316976537,0.346928381190248,
0.35817447059266,0.370817815861696,0.384784863598833,0.400728171203773,
0.41330807373767,0.425687044679437,0.440294991998606,0.45377638549285,0.467552253455048,
0.482934957652938,0.494859328486321,0.507095925228323,0.522082302990147,
0.539280229610934,0.563668346629151,0.581017766967235,0.606040040057276,
0.621652882100875,0.638718512099561,0.654833114175692,0.669940947023383,
0.69270131132947,0.700441404365723,0.726444656521974,0.752703637614245,
0.759447216198292,0.779680394438514,0.794341799886762,0.819554376397875,
0.842380229677333,0.864617602886565,0.877562226466886,0.889897302295251,
0.901433125641769,0.91065911688148,0.917101116955847,0.9306656384944,0.94486193957982,
0.957489202880445,0.975026620766667,0.989781202644527,1.),.UNSPECIFIED.);
#733=B_SPLINE_CURVE_WITH_KNOTS('',3,(#2041,#2042,#2043,#2044),
 .UNSPECIFIED.,.F.,.F.,(4,4),(0.,1.),.UNSPECIFIED.);
#734=B_SPLINE_CURVE_WITH_KNOTS('',3,(#2046,#2047,#2048,#2049),
 .UNSPECIFIED.,.F.,.F.,(4,4),(0.,1.),.UNSPECIFIED.);
#735=B_SPLINE_CURVE_WITH_KNOTS('',3,(#2051,#2052,#2053,#2054,#2055,#2056,
#2057,#2058,#2059,#2060,#2061,#2062,#2063,#2064,#2065,#2066,#2067,#2068,
#2069,#2070,#2071,#2072,#2073,#2074,#2075,#2076,#2077,#2078,#2079,#2080,
#2081,#2082,#2083,#2084,#2085,#2086,#2087,#2088,#2089,#2090,#2091,#2092,
#2093,#2094,#2095,#2096,#2097,#2098,#2099,#2100,#2101,#2102,#2103,#2104,
#2105,#2106,#2107,#2108,#2109,#2110,#2111,#2112,#2113,#2114,#2115),
 .UNSPECIFIED.,.F.,.F.,(4,1,1,1,1,1,1,1,1,1,1,1,1,1,1,1,1,1,1,1,1,1,1,1,
1,1,1,1,1,1,1,1,1,1,1,1,1,1,1,1,1,1,1,1,1,1,1,1,1,1,1,1,1,1,1,1,1,1,1,1,
1,1,4),(0.,0.0197200782132146,0.0499125124515653,0.0539262110370225,0.0730928629045247,
0.108906461131501,0.116128786504915,0.118320696010399,0.125317355487743,
0.158653683436343,0.170641558601418,0.179894928384749,0.206674681333654,
0.220153264984319,0.237129170558003,0.255346525516089,0.280843567373262,
0.294264197874825,0.316652145690408,0.335143316976537,0.346928381190248,
0.35817447059266,0.370817815861696,0.384784863598833,0.400728171203773,
0.41330807373767,0.425687044679437,0.440294991998606,0.45377638549285,0.467552253455048,
0.482934957652938,0.494859328486321,0.507095925228323,0.522082302990147,
0.539280229610934,0.563668346629151,0.581017766967235,0.606040040057276,
0.621652882100875,0.638718512099561,0.654833114175692,0.669940947023383,
0.69270131132947,0.700441404365723,0.726444656521974,0.752703637614245,
0.759447216198292,0.779680394438514,0.794341799886762,0.819554376397875,
0.842380229677333,0.864617602886565,0.877562226466886,0.889897302295251,
0.901433125641769,0.91065911688148,0.917101116955847,0.9306656384944,0.94486193957982,
0.957489202880445,0.975026620766667,0.989781202644527,1.),.UNSPECIFIED.);
#736=B_SPLINE_CURVE_WITH_KNOTS('',3,(#2119,#2120,#2121,#2122,#2123,#2124,
#2125,#2126,#2127,#2128,#2129,#2130,#2131,#2132,#2133,#2134,#2135,#2136,
#2137,#2138,#2139,#2140,#2141,#2142,#2143,#2144,#2145,#2146,#2147,#2148,
#2149,#2150,#2151,#2152,#2153,#2154,#2155,#2156,#2157,#2158,#2159,#2160,
#2161,#2162,#2163,#2164,#2165,#2166,#2167,#2168,#2169,#2170,#2171,#2172,
#2173,#2174,#2175,#2176,#2177,#2178,#2179,#2180,#2181,#2182,#2183),
 .UNSPECIFIED.,.F.,.F.,(4,1,1,1,1,1,1,1,1,1,1,1,1,1,1,1,1,1,1,1,1,1,1,1,
1,1,1,1,1,1,1,1,1,1,1,1,1,1,1,1,1,1,1,1,1,1,1,1,1,1,1,1,1,1,1,1,1,1,1,1,
1,1,4),(0.,0.0197200782132146,0.0499125124515653,0.0539262110370225,0.0730928629045247,
0.108906461131501,0.116128786504915,0.118320696010399,0.125317355487743,
0.158653683436343,0.170641558601418,0.179894928384749,0.206674681333654,
0.220153264984319,0.237129170558003,0.255346525516089,0.280843567373262,
0.294264197874825,0.316652145690408,0.335143316976537,0.346928381190248,
0.35817447059266,0.370817815861696,0.384784863598833,0.400728171203773,
0.41330807373767,0.425687044679437,0.440294991998606,0.45377638549285,0.467552253455048,
0.482934957652938,0.494859328486321,0.507095925228323,0.522082302990147,
0.539280229610934,0.563668346629151,0.581017766967235,0.606040040057276,
0.621652882100875,0.638718512099561,0.654833114175692,0.669940947023383,
0.69270131132947,0.700441404365723,0.726444656521974,0.752703637614245,
0.759447216198292,0.779680394438514,0.794341799886762,0.819554376397875,
0.842380229677333,0.864617602886565,0.877562226466886,0.889897302295251,
0.901433125641769,0.91065911688148,0.917101116955847,0.9306656384944,0.94486193957982,
0.957489202880445,0.975026620766667,0.989781202644527,1.),.UNSPECIFIED.);
#737=B_SPLINE_CURVE_WITH_KNOTS('',3,(#2381,#2382,#2383,#2384,#2385,#2386,
#2387,#2388,#2389,#2390,#2391,#2392,#2393,#2394,#2395,#2396,#2397,#2398,
#2399,#2400,#2401,#2402,#2403,#2404,#2405,#2406,#2407,#2408,#2409,#2410,
#2411,#2412,#2413,#2414,#2415,#2416,#2417,#2418,#2419,#2420,#2421,#2422,
#2423,#2424,#2425,#2426,#2427,#2428,#2429,#2430,#2431,#2432,#2433,#2434,
#2435,#2436,#2437,#2438,#2439,#2440,#2441,#2442,#2443,#2444,#2445),
 .UNSPECIFIED.,.F.,.F.,(4,1,1,1,1,1,1,1,1,1,1,1,1,1,1,1,1,1,1,1,1,1,1,1,
1,1,1,1,1,1,1,1,1,1,1,1,1,1,1,1,1,1,1,1,1,1,1,1,1,1,1,1,1,1,1,1,1,1,1,1,
1,1,4),(0.,0.0197200782132146,0.0499125124515653,0.0539262110370225,0.0730928629045247,
0.108906461131501,0.116128786504915,0.118320696010399,0.125317355487743,
0.158653683436343,0.170641558601418,0.179894928384749,0.206674681333654,
0.220153264984319,0.237129170558003,0.255346525516089,0.280843567373262,
0.294264197874825,0.316652145690408,0.335143316976537,0.346928381190248,
0.35817447059266,0.370817815861696,0.384784863598833,0.400728171203773,
0.41330807373767,0.425687044679437,0.440294991998606,0.45377638549285,0.467552253455048,
0.482934957652938,0.494859328486321,0.507095925228323,0.522082302990147,
0.539280229610934,0.563668346629151,0.581017766967235,0.606040040057276,
0.621652882100875,0.638718512099561,0.654833114175692,0.669940947023383,
0.69270131132947,0.700441404365723,0.726444656521974,0.752703637614245,
0.759447216198292,0.779680394438514,0.794341799886762,0.819554376397875,
0.842380229677333,0.864617602886565,0.877562226466886,0.889897302295251,
0.901433125641769,0.91065911688148,0.917101116955847,0.9306656384944,0.94486193957982,
0.957489202880445,0.975026620766667,0.989781202644527,1.),.UNSPECIFIED.);
#738=B_SPLINE_CURVE_WITH_KNOTS('',3,(#2449,#2450,#2451,#2452,#2453,#2454,
#2455,#2456,#2457,#2458,#2459,#2460,#2461,#2462,#2463,#2464,#2465,#2466,
#2467,#2468,#2469,#2470,#2471,#2472,#2473,#2474,#2475,#2476,#2477,#2478,
#2479,#2480,#2481,#2482,#2483,#2484,#2485,#2486,#2487,#2488,#2489,#2490,
#2491,#2492,#2493,#2494,#2495,#2496,#2497,#2498,#2499,#2500,#2501,#2502,
#2503,#2504,#2505,#2506,#2507,#2508,#2509,#2510,#2511,#2512,#2513),
 .UNSPECIFIED.,.F.,.F.,(4,1,1,1,1,1,1,1,1,1,1,1,1,1,1,1,1,1,1,1,1,1,1,1,
1,1,1,1,1,1,1,1,1,1,1,1,1,1,1,1,1,1,1,1,1,1,1,1,1,1,1,1,1,1,1,1,1,1,1,1,
1,1,4),(0.,0.0197200782132146,0.0499125124515653,0.0539262110370225,0.0730928629045247,
0.108906461131501,0.116128786504915,0.118320696010399,0.125317355487743,
0.158653683436343,0.170641558601418,0.179894928384749,0.206674681333654,
0.220153264984319,0.237129170558003,0.255346525516089,0.280843567373262,
0.294264197874825,0.316652145690408,0.335143316976537,0.346928381190248,
0.35817447059266,0.370817815861696,0.384784863598833,0.400728171203773,
0.41330807373767,0.425687044679437,0.440294991998606,0.45377638549285,0.467552253455048,
0.482934957652938,0.494859328486321,0.507095925228323,0.522082302990147,
0.539280229610934,0.563668346629151,0.581017766967235,0.606040040057276,
0.621652882100875,0.638718512099561,0.654833114175692,0.669940947023383,
0.69270131132947,0.700441404365723,0.726444656521974,0.752703637614245,
0.759447216198292,0.779680394438514,0.794341799886762,0.819554376397875,
0.842380229677333,0.864617602886565,0.877562226466886,0.889897302295251,
0.901433125641769,0.91065911688148,0.917101116955847,0.9306656384944,0.94486193957982,
0.957489202880445,0.975026620766667,0.989781202644527,1.),.UNSPECIFIED.);
#739=B_SPLINE_CURVE_WITH_KNOTS('',3,(#2517,#2518,#2519,#2520,#2521,#2522,
#2523,#2524,#2525,#2526,#2527,#2528,#2529,#2530,#2531,#2532,#2533,#2534,
#2535,#2536,#2537,#2538,#2539,#2540,#2541,#2542,#2543,#2544,#2545,#2546,
#2547,#2548,#2549,#2550,#2551,#2552,#2553,#2554,#2555,#2556,#2557,#2558,
#2559,#2560,#2561,#2562,#2563,#2564,#2565,#2566,#2567,#2568,#2569,#2570,
#2571,#2572,#2573,#2574,#2575,#2576,#2577,#2578,#2579,#2580,#2581),
 .UNSPECIFIED.,.F.,.F.,(4,1,1,1,1,1,1,1,1,1,1,1,1,1,1,1,1,1,1,1,1,1,1,1,
1,1,1,1,1,1,1,1,1,1,1,1,1,1,1,1,1,1,1,1,1,1,1,1,1,1,1,1,1,1,1,1,1,1,1,1,
1,1,4),(0.,0.0197200782132146,0.0499125124515653,0.0539262110370225,0.0730928629045247,
0.108906461131501,0.116128786504915,0.118320696010399,0.125317355487743,
0.158653683436343,0.170641558601418,0.179894928384749,0.206674681333654,
0.220153264984319,0.237129170558003,0.255346525516089,0.280843567373262,
0.294264197874825,0.316652145690408,0.335143316976537,0.346928381190248,
0.35817447059266,0.370817815861696,0.384784863598833,0.400728171203773,
0.41330807373767,0.425687044679437,0.440294991998606,0.45377638549285,0.467552253455048,
0.482934957652938,0.494859328486321,0.507095925228323,0.522082302990147,
0.539280229610934,0.563668346629151,0.581017766967235,0.606040040057276,
0.621652882100875,0.638718512099561,0.654833114175692,0.669940947023383,
0.69270131132947,0.700441404365723,0.726444656521974,0.752703637614245,
0.759447216198292,0.779680394438514,0.794341799886762,0.819554376397875,
0.842380229677333,0.864617602886565,0.877562226466886,0.889897302295251,
0.901433125641769,0.91065911688148,0.917101116955847,0.9306656384944,0.94486193957982,
0.957489202880445,0.975026620766667,0.989781202644527,1.),.UNSPECIFIED.);
#740=B_SPLINE_CURVE_WITH_KNOTS('',3,(#2583,#2584,#2585,#2586,#2587,#2588,
#2589,#2590,#2591,#2592,#2593,#2594,#2595,#2596,#2597,#2598,#2599,#2600,
#2601,#2602,#2603,#2604,#2605,#2606,#2607,#2608,#2609,#2610,#2611,#2612,
#2613,#2614,#2615,#2616,#2617,#2618,#2619,#2620,#2621,#2622,#2623,#2624,
#2625,#2626,#2627,#2628,#2629,#2630,#2631,#2632,#2633,#2634,#2635,#2636,
#2637,#2638,#2639,#2640,#2641,#2642,#2643,#2644,#2645,#2646,#2647),
 .UNSPECIFIED.,.F.,.F.,(4,1,1,1,1,1,1,1,1,1,1,1,1,1,1,1,1,1,1,1,1,1,1,1,
1,1,1,1,1,1,1,1,1,1,1,1,1,1,1,1,1,1,1,1,1,1,1,1,1,1,1,1,1,1,1,1,1,1,1,1,
1,1,4),(0.,0.0197200782132146,0.0499125124515653,0.0539262110370225,0.0730928629045247,
0.108906461131501,0.116128786504915,0.118320696010399,0.125317355487743,
0.158653683436343,0.170641558601418,0.179894928384749,0.206674681333654,
0.220153264984319,0.237129170558003,0.255346525516089,0.280843567373262,
0.294264197874825,0.316652145690408,0.335143316976537,0.346928381190248,
0.35817447059266,0.370817815861696,0.384784863598833,0.400728171203773,
0.41330807373767,0.425687044679437,0.440294991998606,0.45377638549285,0.467552253455048,
0.482934957652938,0.494859328486321,0.507095925228323,0.522082302990147,
0.539280229610934,0.563668346629151,0.581017766967235,0.606040040057276,
0.621652882100875,0.638718512099561,0.654833114175692,0.669940947023383,
0.69270131132947,0.700441404365723,0.726444656521974,0.752703637614245,
0.759447216198292,0.779680394438514,0.794341799886762,0.819554376397875,
0.842380229677333,0.864617602886565,0.877562226466886,0.889897302295251,
0.901433125641769,0.91065911688148,0.917101116955847,0.9306656384944,0.94486193957982,
0.957489202880445,0.975026620766667,0.989781202644527,1.),.UNSPECIFIED.);
#741=B_SPLINE_CURVE_WITH_KNOTS('',3,(#2649,#2650,#2651,#2652),
 .UNSPECIFIED.,.F.,.F.,(4,4),(0.,1.),.UNSPECIFIED.);
#742=B_SPLINE_CURVE_WITH_KNOTS('',3,(#2654,#2655,#2656,#2657),
 .UNSPECIFIED.,.F.,.F.,(4,4),(0.,1.),.UNSPECIFIED.);
#743=B_SPLINE_CURVE_WITH_KNOTS('',3,(#2658,#2659,#2660,#2661),
 .UNSPECIFIED.,.F.,.F.,(4,4),(0.,0.000628722658929698),.UNSPECIFIED.);
#744=B_SPLINE_CURVE_WITH_KNOTS('',3,(#2663,#2664,#2665,#2666,#2667,#2668,
#2669,#2670,#2671,#2672,#2673,#2674,#2675,#2676),.UNSPECIFIED.,.F.,.F.,
(4,1,1,1,1,1,1,1,1,1,1,4),(0.,0.103820324831734,0.239894033455624,0.358973541236424,
0.375793714783937,0.486518405895359,0.59369162221997,0.620444929976995,
0.706578643250108,0.805603695605565,0.916316595654481,1.),.UNSPECIFIED.);
#745=B_SPLINE_CURVE_WITH_KNOTS('',3,(#2679,#2680,#2681,#2682,#2683,#2684,
#2685,#2686,#2687,#2688,#2689,#2690,#2691,#2692,#2693,#2694,#2695,#2696,
#2697,#2698,#2699,#2700,#2701,#2702,#2703,#2704,#2705,#2706,#2707,#2708,
#2709,#2710),.UNSPECIFIED.,.F.,.F.,(4,1,1,1,1,1,1,1,1,1,1,1,1,1,1,1,1,1,
1,1,1,1,1,1,1,1,1,1,1,4),(0.,0.0625,0.125,0.1875,0.21875,0.234375,0.25,
0.265625,0.28125,0.3125,0.34375,0.359375,0.375,0.390625,0.40625,0.4375,
0.46875,0.5,0.5625,0.625,0.6875,0.71875,0.75,0.78125,0.8125,0.84375,0.875,
0.90625,0.9375,1.),.UNSPECIFIED.);
#746=B_SPLINE_CURVE_WITH_KNOTS('',3,(#2712,#2713,#2714,#2715,#2716,#2717,
#2718,#2719,#2720,#2721,#2722,#2723,#2724,#2725,#2726,#2727,#2728,#2729,
#2730,#2731,#2732,#2733,#2734,#2735,#2736,#2737,#2738),.UNSPECIFIED.,.F.,
 .F.,(4,1,1,1,1,1,1,1,1,1,1,1,1,1,1,1,1,1,1,1,1,1,1,1,4),(0.,0.0625,0.125,
0.1875,0.21875,0.234375,0.25,0.265625,0.28125,0.3125,0.375,0.4375,0.5,0.5625,
0.625,0.6875,0.71875,0.734375,0.75,0.765625,0.78125,0.8125,0.875,0.9375,
1.),.UNSPECIFIED.);
#747=B_SPLINE_CURVE_WITH_KNOTS('',3,(#2740,#2741,#2742,#2743,#2744,#2745,
#2746,#2747,#2748,#2749,#2750,#2751,#2752,#2753,#2754,#2755,#2756,#2757,
#2758,#2759,#2760,#2761,#2762,#2763,#2764,#2765,#2766,#2767,#2768,#2769,
#2770,#2771,#2772,#2773,#2774,#2775,#2776,#2777,#2778,#2779,#2780,#2781,
#2782,#2783,#2784,#2785,#2786,#2787,#2788,#2789,#2790,#2791,#2792,#2793,
#2794,#2795,#2796,#2797,#2798,#2799,#2800,#2801,#2802),.UNSPECIFIED.,.F.,
 .F.,(4,1,1,1,1,1,1,1,1,1,1,1,1,1,1,1,1,1,1,1,1,1,1,1,1,1,1,1,1,1,1,1,1,
1,1,1,1,1,1,1,1,1,1,1,1,1,1,1,1,1,1,1,1,1,1,1,1,1,1,1,4),(0.,0.03125,0.046875,
0.0625,0.078125,0.09375,0.125,0.15625,0.1875,0.21875,0.234375,0.2421875,
0.25,0.2578125,0.265625,0.28125,0.3125,0.34375,0.375,0.4375,0.46875,0.484375,
0.5,0.515625,0.53125,0.546875,0.5625,0.578125,0.59375,0.609375,0.625,0.640625,
0.65625,0.6875,0.71875,0.734375,0.7421875,0.75,0.7578125,0.765625,0.78125,
0.796875,0.8046875,0.8125,0.8203125,0.828125,0.84375,0.859375,0.875,0.890625,
0.90625,0.921875,0.9296875,0.93359375,0.9375,0.94140625,0.9453125,0.953125,
0.96875,0.984375,1.),.UNSPECIFIED.);
#748=B_SPLINE_CURVE_WITH_KNOTS('',3,(#2803,#2804,#2805,#2806,#2807),
 .UNSPECIFIED.,.F.,.F.,(4,1,4),(0.,0.506284019104504,1.),.UNSPECIFIED.);
#749=B_SPLINE_CURVE_WITH_KNOTS('',3,(#2809,#2810,#2811,#2812,#2813,#2814,
#2815,#2816,#2817,#2818,#2819,#2820,#2821,#2822,#2823,#2824,#2825,#2826,
#2827,#2828,#2829,#2830,#2831,#2832,#2833,#2834,#2835,#2836,#2837,#2838,
#2839,#2840,#2841,#2842,#2843,#2844,#2845,#2846,#2847,#2848,#2849,#2850,
#2851,#2852,#2853,#2854,#2855,#2856,#2857,#2858,#2859,#2860,#2861,#2862,
#2863,#2864,#2865,#2866,#2867,#2868,#2869,#2870,#2871,#2872,#2873,#2874,
#2875,#2876,#2877,#2878,#2879,#2880,#2881,#2882,#2883,#2884,#2885,#2886,
#2887,#2888,#2889,#2890,#2891,#2892,#2893,#2894,#2895,#2896,#2897,#2898,
#2899,#2900,#2901,#2902,#2903,#2904,#2905,#2906,#2907,#2908,#2909,#2910,
#2911,#2912,#2913,#2914,#2915,#2916,#2917,#2918,#2919,#2920,#2921,#2922,
#2923,#2924,#2925,#2926,#2927,#2928,#2929,#2930,#2931,#2932,#2933,#2934,
#2935,#2936,#2937,#2938,#2939,#2940,#2941,#2942,#2943,#2944,#2945,#2946,
#2947,#2948,#2949,#2950,#2951,#2952),.UNSPECIFIED.,.F.,.F.,(4,1,1,1,1,1,
1,1,1,1,1,1,1,1,1,1,1,1,1,1,1,1,1,1,1,1,1,1,1,1,1,1,1,1,1,1,1,1,1,1,1,1,
1,1,1,1,1,1,1,1,1,1,1,1,1,1,1,1,1,1,1,1,1,1,1,1,1,1,1,1,1,1,1,1,1,1,1,1,
1,1,1,1,1,1,1,1,1,1,1,1,1,1,1,1,1,1,1,1,1,1,1,1,1,1,1,1,1,1,1,1,1,1,1,1,
1,1,1,1,1,1,1,1,1,1,1,1,1,1,1,1,1,1,1,1,1,1,1,1,1,1,1,4),(0.,0.0078125,
0.01171875,0.015625,0.01953125,0.0234375,0.03125,0.046875,0.0546875,0.0625,
0.0703125,0.07421875,0.076171875,0.078125,0.080078125,0.08203125,0.0859375,
0.08984375,0.09375,0.1015625,0.10546875,0.109375,0.1171875,0.12109375,0.125,
0.12890625,0.1328125,0.13671875,0.138671875,0.140625,0.142578125,0.14453125,
0.1484375,0.15234375,0.15625,0.1640625,0.171875,0.1796875,0.18359375,0.1875,
0.19140625,0.1953125,0.203125,0.21875,0.234375,0.2421875,0.25,0.2578125,
0.265625,0.28125,0.3125,0.328125,0.34375,0.359375,0.3671875,0.375,0.3828125,
0.390625,0.40625,0.421875,0.4375,0.453125,0.46875,0.484375,0.5,0.5078125,
0.515625,0.5234375,0.53125,0.5390625,0.546875,0.5546875,0.55859375,0.560546875,
0.5625,0.564453125,0.56640625,0.5703125,0.578125,0.5859375,0.59375,0.6015625,
0.609375,0.6171875,0.62109375,0.625,0.62890625,0.6328125,0.640625,0.6484375,
0.65234375,0.65625,0.66015625,0.6640625,0.66796875,0.671875,0.67578125,
0.677734375,0.6796875,0.681640625,0.68359375,0.685546875,0.6875,0.689453125,
0.69140625,0.693359375,0.6953125,0.69921875,0.703125,0.7109375,0.71484375,
0.71875,0.72265625,0.7265625,0.734375,0.7421875,0.74609375,0.75,0.75390625,
0.7578125,0.765625,0.78125,0.796875,0.8125,0.828125,0.84375,0.875,0.8828125,
0.890625,0.89453125,0.8984375,0.90625,0.921875,0.9375,0.9453125,0.953125,
0.9609375,0.96875,0.97265625,0.9765625,0.984375,1.),.UNSPECIFIED.);
#750=B_SPLINE_CURVE_WITH_KNOTS('',3,(#2954,#2955,#2956,#2957,#2958,#2959,
#2960,#2961,#2962,#2963,#2964,#2965,#2966,#2967,#2968,#2969,#2970,#2971,
#2972,#2973,#2974,#2975,#2976,#2977,#2978,#2979,#2980,#2981,#2982,#2983,
#2984,#2985,#2986,#2987,#2988,#2989),.UNSPECIFIED.,.F.,.F.,(4,1,1,1,1,1,
1,1,1,1,1,1,1,1,1,1,1,1,1,1,1,1,1,1,1,1,1,1,1,1,1,1,1,4),(0.,0.0625,0.09375,
0.109375,0.125,0.140625,0.15625,0.1875,0.21875,0.234375,0.2421875,0.25,
0.2578125,0.265625,0.28125,0.3125,0.375,0.40625,0.4375,0.46875,0.484375,
0.4921875,0.5,0.5078125,0.515625,0.53125,0.5625,0.59375,0.625,0.6875,0.75,
0.8125,0.875,1.),.UNSPECIFIED.);
#751=B_SPLINE_CURVE_WITH_KNOTS('',3,(#3004,#3005,#3006,#3007,#3008,#3009,
#3010),.UNSPECIFIED.,.F.,.F.,(4,1,1,1,4),(0.,0.446223470415153,0.897991573603485,
0.954811986323982,1.),.UNSPECIFIED.);
#752=B_SPLINE_CURVE_WITH_KNOTS('',3,(#3014,#3015,#3016,#3017,#3018,#3019,
#3020),.UNSPECIFIED.,.F.,.F.,(4,1,1,1,4),(0.,0.446223470415153,0.897991573603485,
0.954811986323982,1.),.UNSPECIFIED.);
#753=B_SPLINE_CURVE_WITH_KNOTS('',3,(#3031,#3032,#3033,#3034,#3035),
 .UNSPECIFIED.,.F.,.F.,(4,1,4),(0.,0.506284019104504,1.),.UNSPECIFIED.);
#754=B_SPLINE_CURVE_WITH_KNOTS('',3,(#3055,#3056,#3057,#3058,#3059,#3060,
#3061),.UNSPECIFIED.,.F.,.F.,(4,1,1,1,4),(0.,0.25,0.5,0.75,1.),
 .UNSPECIFIED.);
#755=B_SPLINE_CURVE_WITH_KNOTS('',3,(#3065,#3066,#3067,#3068,#3069,#3070,
#3071,#3072,#3073,#3074,#3075,#3076,#3077,#3078),.UNSPECIFIED.,.F.,.F.,
(4,1,1,1,1,1,1,1,1,1,1,4),(0.0142954473684762,0.0508112865949233,0.0873271258213705,
0.105585045434594,0.123842965047818,0.160358804274265,0.196874643500712,
0.215132563113935,0.233390482727159,0.251648402340382,0.269906321953607,
0.306422161180054),.UNSPECIFIED.);
#756=B_SPLINE_CURVE_WITH_KNOTS('',3,(#3092,#3093,#3094,#3095,#3096),
 .UNSPECIFIED.,.F.,.F.,(4,1,4),(0.,0.5,1.),.UNSPECIFIED.);
#757=B_SPLINE_CURVE_WITH_KNOTS('',3,(#3097,#3098,#3099,#3100,#3101,#3102,
#3103),.UNSPECIFIED.,.F.,.F.,(4,1,1,1,4),(0.413016662712683,0.432518377655738,
0.452020092598793,0.471521807541848,0.491023522484903),
 .QUASI_UNIFORM_KNOTS.);
#758=B_SPLINE_CURVE_WITH_KNOTS('',3,(#3129,#3130,#3131,#3132,#3133,#3134,
#3135,#3136,#3137,#3138,#3139),.UNSPECIFIED.,.F.,.F.,(4,1,1,1,1,1,1,1,4),
(0.,0.125,0.25,0.375,0.5,0.625,0.75,0.875,1.),.UNSPECIFIED.);
#759=B_SPLINE_CURVE_WITH_KNOTS('',3,(#3140,#3141,#3142,#3143,#3144,#3145,
#3146,#3147,#3148,#3149,#3150,#3151,#3152,#3153,#3154,#3155,#3156,#3157,
#3158,#3159,#3160),.UNSPECIFIED.,.F.,.F.,(4,1,1,1,1,1,1,1,1,1,1,1,1,1,1,
1,1,1,4),(0.75701969659614,0.776107220146044,0.795194743695949,0.814282267245854,
0.833369790795759,0.852457314345663,0.871544837895568,0.890632361445473,
0.909719884995378,0.91926364677033,0.928807408545282,0.947894932095187,
0.966982455645092,0.986069979194997,0.995613740969949,1.0051575027449,1.02424502629481,
1.04333254984471,1.06242007339461),.UNSPECIFIED.);
#760=B_SPLINE_CURVE_WITH_KNOTS('',3,(#3182,#3183,#3184,#3185,#3186,#3187,
#3188,#3189,#3190),.UNSPECIFIED.,.F.,.F.,(4,1,1,1,1,1,4),(0.,0.25,0.375,
0.5,0.625,0.75,1.),.UNSPECIFIED.);
#761=B_SPLINE_CURVE_WITH_KNOTS('',3,(#3191,#3192,#3193,#3194,#3195,#3196,
#3197,#3198,#3199,#3200,#3201,#3202,#3203,#3204,#3205,#3206),
 .UNSPECIFIED.,.F.,.F.,(4,1,1,1,1,1,1,1,1,1,1,1,1,4),(-0.119961238287194,
-0.0449228775930698,0.0301154831010546,0.180192204489304,0.330268925877552,
0.405307286571677,0.480345647265801,0.517864827612864,0.555384007959926,
0.63042236865405,0.705460729348175,0.780499090042299,0.930575811430548,
1.0806525328188),.UNSPECIFIED.);
#762=B_SPLINE_CURVE_WITH_KNOTS('',3,(#3252,#3253,#3254,#3255,#3256,#3257,
#3258,#3259,#3260,#3261,#3262,#3263,#3264,#3265,#3266,#3267,#3268,#3269,
#3270,#3271,#3272),.UNSPECIFIED.,.F.,.F.,(4,1,1,1,1,1,1,1,1,1,1,1,1,1,1,
1,1,1,4),(0.,0.0625,0.125,0.1875,0.21875,0.25,0.28125,0.3125,0.375,0.40625,
0.4375,0.5,0.5625,0.625,0.75,0.8125,0.875,0.9375,1.),.UNSPECIFIED.);
#763=B_SPLINE_CURVE_WITH_KNOTS('',3,(#3273,#3274,#3275,#3276,#3277,#3278,
#3279,#3280,#3281,#3282,#3283,#3284,#3285,#3286,#3287,#3288,#3289,#3290,
#3291,#3292,#3293,#3294,#3295,#3296,#3297,#3298,#3299,#3300,#3301,#3302,
#3303,#3304,#3305,#3306,#3307),.UNSPECIFIED.,.F.,.F.,(4,1,1,1,1,1,1,1,1,
1,1,1,1,1,1,1,1,1,1,1,1,1,1,1,1,1,1,1,1,1,1,1,4),(0.925128229906671,0.92768533817924,
0.930242446451809,0.932799554724378,0.935356662996947,0.937913771269516,
0.940470879542085,0.94174943367837,0.943027987814654,0.944306541950939,
0.945585096087223,0.946863650223508,0.948142204359792,0.950699312632362,
0.953256420904931,0.9558135291775,0.957092083313784,0.958370637450068,0.960927745722638,
0.963484853995207,0.966041962267776,0.971156178812914,0.973713287085483,
0.976270395358052,0.98138461190319,0.986498828448328,0.989055936720897,
0.991613044993466,0.996727261538604,0.999284369811173,1.00056292394746,
1.00184147808374,1.00695569462888),.UNSPECIFIED.);
#764=B_SPLINE_CURVE_WITH_KNOTS('',3,(#3437,#3438,#3439,#3440,#3441,#3442,
#3443,#3444,#3445,#3446,#3447,#3448,#3449,#3450,#3451,#3452,#3453,#3454,
#3455,#3456,#3457,#3458,#3459,#3460,#3461,#3462,#3463,#3464,#3465,#3466,
#3467,#3468,#3469,#3470,#3471,#3472,#3473,#3474,#3475,#3476,#3477,#3478,
#3479,#3480,#3481,#3482,#3483,#3484,#3485,#3486,#3487,#3488,#3489,#3490,
#3491,#3492,#3493,#3494,#3495,#3496,#3497,#3498,#3499),.UNSPECIFIED.,.F.,
 .F.,(4,1,1,1,1,1,1,1,1,1,1,1,1,1,1,1,1,1,1,1,1,1,1,1,1,1,1,1,1,1,1,1,1,
1,1,1,1,1,1,1,1,1,1,1,1,1,1,1,1,1,1,1,1,1,1,1,1,1,1,1,4),(0.,0.03125,0.0625,
0.09375,0.125,0.140625,0.15625,0.171875,0.1875,0.1953125,0.203125,0.2109375,
0.21484375,0.21875,0.22265625,0.2265625,0.228515625,0.23046875,0.232421875,
0.234375,0.236328125,0.23828125,0.240234375,0.2421875,0.244140625,0.24609375,
0.25,0.25390625,0.2578125,0.26171875,0.265625,0.2734375,0.28125,0.2890625,
0.296875,0.3125,0.328125,0.34375,0.375,0.40625,0.4375,0.46875,0.5,0.53125,
0.5625,0.625,0.65625,0.6875,0.71875,0.75,0.78125,0.8125,0.828125,0.84375,
0.875,0.890625,0.90625,0.921875,0.9375,0.96875,1.),.UNSPECIFIED.);
#765=B_SPLINE_CURVE_WITH_KNOTS('',3,(#3500,#3501,#3502,#3503,#3504,#3505,
#3506,#3507,#3508,#3509,#3510,#3511,#3512,#3513,#3514,#3515,#3516,#3517,
#3518,#3519,#3520,#3521,#3522,#3523,#3524,#3525,#3526,#3527,#3528,#3529,
#3530,#3531,#3532,#3533,#3534,#3535,#3536,#3537,#3538,#3539,#3540,#3541,
#3542,#3543,#3544,#3545,#3546,#3547,#3548,#3549,#3550,#3551,#3552,#3553,
#3554,#3555,#3556,#3557,#3558,#3559,#3560,#3561,#3562,#3563,#3564,#3565,
#3566,#3567,#3568,#3569,#3570,#3571,#3572,#3573,#3574,#3575,#3576,#3577,
#3578,#3579,#3580,#3581,#3582,#3583,#3584,#3585,#3586,#3587,#3588,#3589,
#3590,#3591,#3592,#3593,#3594,#3595,#3596,#3597,#3598,#3599,#3600,#3601,
#3602),.UNSPECIFIED.,.F.,.F.,(4,1,1,1,1,1,1,1,1,1,1,1,1,1,1,1,1,1,1,1,1,
1,1,1,1,1,1,1,1,1,1,1,1,1,1,1,1,1,1,1,1,1,1,1,1,1,1,1,1,1,1,1,1,1,1,1,1,
1,1,1,1,1,1,1,1,1,1,1,1,1,1,1,1,1,1,1,1,1,1,1,1,1,1,1,1,1,1,1,1,1,1,1,1,
1,1,1,1,1,1,1,4),(0.711825471044327,0.717986783784001,0.721067440153839,
0.724148096523676,0.727228752893513,0.73030940926335,0.733390065633187,
0.736470722003025,0.739551378372862,0.742632034742699,0.744172362927618,
0.745712691112536,0.747253019297455,0.748793347482374,0.750333675667292,
0.751103839759752,0.751874003852211,0.75264416794467,0.753414332037129,
0.754184496129589,0.754954660222048,0.755339742268278,0.755724824314507,
0.756109906360737,0.756494988406967,0.756880070453196,0.757265152499426,
0.757650234545656,0.75784277556877,0.758035316591885,0.758227857615,0.758420398638115,
0.75861293966123,0.758805480684345,0.758998021707459,0.759190562730574,
0.759383103753689,0.759575644776804,0.759960726823034,0.760345808869263,
0.760730890915493,0.761115972961723,0.761501055007952,0.761886137054182,
0.762656301146641,0.763426465239101,0.76419662933156,0.764966793424019,
0.765736957516478,0.766507121608938,0.767277285701397,0.768817613886316,
0.770357942071234,0.771898270256153,0.773438598441071,0.77497892662599,
0.776519254810909,0.779599911180746,0.782680567550583,0.78576122392042,
0.788841880290258,0.791922536660095,0.795003193029932,0.798083849399769,
0.801164505769607,0.804245162139444,0.810406474879118,0.813487131248955,
0.816567787618793,0.81964844398863,0.822729100358467,0.825809756728304,
0.828890413098142,0.835051725837816,0.841213038577491,0.844293694947328,
0.847374351317165,0.853535664056839,0.859696976796514,0.862777633166351,
0.865858289536188,0.868938945906026,0.872019602275863,0.873559930460782,
0.8751002586457,0.876640586830619,0.878180915015537,0.879721243200456,0.881261571385375,
0.884342227755212,0.88588255594013,0.887422884125049,0.888963212309968,
0.890503540494886,0.892043868679805,0.893584196864724,0.896664853234561,
0.899745509604398,0.902826165974235,0.905906822344072,0.90898747871391),
 .UNSPECIFIED.);
#766=B_SPLINE_CURVE_WITH_KNOTS('',3,(#3774,#3775,#3776,#3777,#3778,#3779,
#3780,#3781,#3782,#3783,#3784,#3785,#3786,#3787,#3788,#3789,#3790,#3791,
#3792,#3793,#3794,#3795,#3796,#3797,#3798,#3799,#3800,#3801,#3802,#3803,
#3804,#3805,#3806,#3807,#3808,#3809,#3810,#3811,#3812,#3813,#3814,#3815,
#3816,#3817,#3818,#3819,#3820,#3821,#3822,#3823,#3824,#3825,#3826,#3827,
#3828,#3829,#3830,#3831,#3832,#3833,#3834,#3835,#3836,#3837,#3838,#3839,
#3840,#3841,#3842,#3843,#3844,#3845,#3846,#3847,#3848,#3849,#3850,#3851,
#3852,#3853,#3854,#3855,#3856,#3857),.UNSPECIFIED.,.F.,.F.,(4,1,1,1,1,1,
1,1,1,1,1,1,1,1,1,1,1,1,1,1,1,1,1,1,1,1,1,1,1,1,1,1,1,1,1,1,1,1,1,1,1,1,
1,1,1,1,1,1,1,1,1,1,1,1,1,1,1,1,1,1,1,1,1,1,1,1,1,1,1,1,1,1,1,1,1,1,1,1,
1,1,1,4),(0.,0.00781249935763357,0.0156249987152671,0.0234374980729007,
0.0312499974305343,0.0390624967881679,0.0468749961458014,0.054687495503435,
0.0624999948610686,0.0703124942187021,0.0781249935763357,0.0937499922916029,
0.10937499100687,0.124999989722137,0.140624988437404,0.156249987152671,
0.171874985867939,0.187499984583206,0.195312483940839,0.203124983298473,
0.21874998201374,0.226562481371374,0.234374980729007,0.242187480086641,
0.249999979444274,0.257812478801908,0.265624978159541,0.273437477517175,
0.281249976874809,0.289062476232442,0.296874975590076,0.312499974305343,
0.320312473662976,0.32812497302061,0.343749971735877,0.359374970451144,
0.374999969166411,0.390624967881679,0.398437467239312,0.406249966596946,
0.421874965312213,0.43749996402748,0.445312463385114,0.453124962742747,
0.468749961458014,0.484374960173281,0.499999958888549,0.515624957603816,
0.531249956319083,0.562499953749617,0.593749951180151,0.609374949895419,
0.624999948610686,0.640624947325953,0.65624994604122,0.671874944756487,
0.687499943471754,0.718749940902289,0.734374939617556,0.749999938332823,
0.76562493704809,0.781249935763357,0.796874934478624,0.812499933193891,
0.820312432551525,0.828124931909158,0.843749930624426,0.859374929339693,
0.867187428697326,0.87499992805496,0.890624926770227,0.898437426127861,
0.906249925485494,0.914062424843128,0.921874924200761,0.929687423558395,
0.937499922916029,0.953124921631296,0.960937420988929,0.968749920346563,
0.98437491906183,0.999999917777097),.UNSPECIFIED.);
#767=B_SPLINE_CURVE_WITH_KNOTS('',3,(#3858,#3859,#3860,#3861,#3862,#3863,
#3864,#3865,#3866,#3867,#3868,#3869,#3870,#3871,#3872,#3873,#3874,#3875,
#3876,#3877,#3878,#3879,#3880,#3881,#3882,#3883,#3884,#3885,#3886,#3887,
#3888,#3889,#3890,#3891,#3892,#3893,#3894,#3895,#3896,#3897,#3898,#3899,
#3900,#3901,#3902,#3903,#3904,#3905,#3906,#3907,#3908,#3909,#3910,#3911,
#3912,#3913,#3914,#3915,#3916,#3917,#3918,#3919,#3920,#3921,#3922,#3923,
#3924,#3925,#3926,#3927,#3928,#3929,#3930,#3931,#3932,#3933,#3934,#3935,
#3936,#3937,#3938,#3939,#3940,#3941,#3942,#3943,#3944,#3945,#3946,#3947,
#3948,#3949,#3950,#3951,#3952,#3953,#3954,#3955,#3956,#3957,#3958,#3959,
#3960,#3961,#3962,#3963,#3964,#3965,#3966,#3967,#3968,#3969,#3970,#3971,
#3972,#3973,#3974,#3975,#3976,#3977,#3978,#3979,#3980,#3981,#3982,#3983,
#3984,#3985,#3986,#3987,#3988,#3989,#3990,#3991,#3992,#3993,#3994,#3995,
#3996,#3997,#3998,#3999,#4000,#4001,#4002,#4003,#4004,#4005,#4006,#4007,
#4008,#4009,#4010,#4011,#4012),.UNSPECIFIED.,.F.,.F.,(4,1,1,1,1,1,1,1,1,
1,1,1,1,1,1,1,1,1,1,1,1,1,1,1,1,1,1,1,1,1,1,1,1,1,1,1,1,1,1,1,1,1,1,1,1,
1,1,1,1,1,1,1,1,1,1,1,1,1,1,1,1,1,1,1,1,1,1,1,1,1,1,1,1,1,1,1,1,1,1,1,1,
1,1,1,1,1,1,1,1,1,1,1,1,1,1,1,1,1,1,1,1,1,1,1,1,1,1,1,1,1,1,1,1,1,1,1,1,
1,1,1,1,1,1,1,1,1,1,1,1,1,1,1,1,1,1,1,1,1,1,1,1,1,1,1,1,1,1,1,1,1,1,1,4),
(0.34570993711138,0.347034285972013,0.348358634832647,0.351007332553913,
0.35365603027518,0.354980379135814,0.356304727996447,0.35762907685708,0.358953425717713,
0.360277774578347,0.361602123438981,0.364250821160247,0.366899518881514,
0.369548216602781,0.372196914324048,0.374845612045314,0.377494309766581,
0.380143007487848,0.382791705209115,0.388089100651649,0.393386496094182,
0.396035193815449,0.398683891536716,0.400008240397349,0.401332589257983,
0.40398128697925,0.406629984700516,0.409278682421783,0.41192738014305,0.413251729003683,
0.414576077864316,0.417224775585584,0.41987347330685,0.422522171028117,
0.42384651988875,0.425170868749384,0.426495217610017,0.427819566470651,
0.429143915331284,0.430468264191917,0.433116961913184,0.435765659634451,
0.437090008495084,0.438414357355718,0.439738706216351,0.441063055076984,
0.442387403937618,0.443711752798252,0.446360450519519,0.449009148240785,
0.450333497101419,0.451657845962052,0.452982194822685,0.454306543683319,
0.455630892543952,0.456955241404586,0.459603939125852,0.462252636847119,
0.464901334568386,0.466225683429019,0.467550032289653,0.468874381150286,
0.47019873001092,0.472847427732186,0.475496125453453,0.47814482317472,0.479469172035353,
0.480793520895987,0.48211786975662,0.483442218617254,0.484766567477887,
0.48609091633852,0.488739614059787,0.491388311781054,0.494037009502321,
0.495361358362954,0.496685707223588,0.498010056084221,0.499334404944855,
0.501983102666121,0.504631800387388,0.505956149248022,0.507280498108655,
0.508604846969288,0.509929195829922,0.512577893551188,0.515226591272455,
0.517875288993722,0.520523986714989,0.523172684436256,0.525821382157523,
0.531118777600056,0.533767475321323,0.53641617304259,0.539064870763857,
0.541713568485123,0.547010963927657,0.552308359370191,0.557605754812724,
0.562903150255258,0.568200545697791,0.573497941140325,0.576146638861592,
0.578795336582859,0.581444034304126,0.584092732025392,0.589390127467926,
0.59468752291046,0.599984918352993,0.605282313795527,0.607931011516794,
0.610579709238061,0.613228406959327,0.615877104680594,0.618525802401861,
0.619850151262494,0.621174500123128,0.622498848983761,0.623823197844394,
0.625147546705028,0.626471895565661,0.629120593286928,0.631769291008195,
0.634417988729462,0.635742337590095,0.637066686450729,0.638391035311362,
0.639053209741679,0.639715384171995,0.641039733032629,0.642364081893262,
0.645012779614529,0.647661477335796,0.650310175057063,0.651634523917696,
0.65295887277833,0.654283221638963,0.655607570499596,0.65693191936023,0.658256268220863,
0.66090496594213,0.663553663663397,0.666202361384664,0.66885105910593,0.669513233536247,
0.670175407966564,0.671499756827197,0.672824105687831,0.674148454548464,
0.676797152269731,0.679445849990998,0.682094547712264,0.684743245433531),
 .UNSPECIFIED.);
#768=B_SPLINE_CURVE_WITH_KNOTS('',3,(#4028,#4029,#4030,#4031,#4032,#4033),
 .UNSPECIFIED.,.F.,.F.,(4,1,1,4),(4.56322075619432E-6,0.500002281610378,
0.750001140805189,1.),.UNSPECIFIED.);
#769=B_SPLINE_CURVE_WITH_KNOTS('',3,(#4034,#4035,#4036,#4037,#4038,#4039,
#4040,#4041,#4042,#4043,#4044),.UNSPECIFIED.,.F.,.F.,(4,1,1,1,1,1,1,1,4),
(0.301136671960043,0.307471990396643,0.310639649614943,0.313807308833243,
0.315391138442393,0.316974968051543,0.320142627269842,0.323310286488143,
0.326477945706443),.UNSPECIFIED.);
#770=B_SPLINE_CURVE_WITH_KNOTS('',3,(#4098,#4099,#4100,#4101,#4102,#4103,
#4104,#4105,#4106,#4107,#4108,#4109,#4110,#4111,#4112,#4113,#4114,#4115,
#4116,#4117,#4118,#4119,#4120,#4121,#4122),.UNSPECIFIED.,.F.,.F.,(4,1,1,
1,1,1,1,1,1,1,1,1,1,1,1,1,1,1,1,1,1,1,4),(0.,0.03125,0.0625,0.09375,0.125,
0.1875,0.25,0.3125,0.34375,0.375,0.40625,0.4375,0.46875,0.5,0.53125,0.5625,
0.625,0.6875,0.71875,0.75,0.8125,0.875,1.),.UNSPECIFIED.);
#771=B_SPLINE_CURVE_WITH_KNOTS('',3,(#4123,#4124,#4125,#4126,#4127,#4128,
#4129,#4130,#4131,#4132,#4133,#4134,#4135,#4136,#4137,#4138,#4139,#4140,
#4141,#4142,#4143,#4144,#4145,#4146,#4147,#4148,#4149,#4150,#4151,#4152,
#4153,#4154,#4155,#4156,#4157,#4158,#4159,#4160,#4161,#4162,#4163,#4164,
#4165,#4166,#4167),.UNSPECIFIED.,.F.,.F.,(4,1,1,1,1,1,1,1,1,1,1,1,1,1,1,
1,1,1,1,1,1,1,1,1,1,1,1,1,1,1,1,1,1,1,1,1,1,1,1,1,1,1,4),(0.17202397836707,
0.173494365247504,0.174964752127936,0.176435139008369,0.177905525888803,
0.179375912769236,0.180111106209453,0.180846299649669,0.182316686530102,
0.183787073410535,0.186727847171402,0.189668620932267,0.192609394693134,
0.195550168454,0.198490942214866,0.201431715975732,0.204372489736598,0.207313263497465,
0.210254037258331,0.211724424138764,0.213194811019197,0.21466519789963,
0.216135584780063,0.217605971660496,0.219076358540929,0.220546745421362,
0.222017132301796,0.224957906062662,0.227898679823528,0.230839453584394,
0.23378022734526,0.235250614225693,0.236721001106126,0.23819138798656,0.239661774866992,
0.242602548627859,0.245543322388725,0.248484096149591,0.251424869910457,
0.254365643671323,0.25730641743219,0.260247191193056,0.266128738714788),
 .UNSPECIFIED.);
#772=B_SPLINE_CURVE_WITH_KNOTS('',3,(#4195,#4196,#4197,#4198,#4199,#4200,
#4201,#4202,#4203,#4204,#4205,#4206),.UNSPECIFIED.,.F.,.F.,(4,1,1,1,1,1,
1,1,1,4),(0.,0.25,0.375,0.5,0.625,0.6875,0.75,0.8125,0.875,1.),
 .UNSPECIFIED.);
#773=B_SPLINE_CURVE_WITH_KNOTS('',3,(#4207,#4208,#4209,#4210,#4211,#4212,
#4213,#4214,#4215,#4216,#4217,#4218,#4219,#4220,#4221,#4222,#4223,#4224,
#4225),.UNSPECIFIED.,.F.,.F.,(4,1,1,1,1,1,1,1,1,1,1,1,1,1,1,1,4),(0.130992643373549,
0.135834876987834,0.14067711060212,0.145519344216405,0.147940461023548,
0.150361577830691,0.152782694637834,0.155203811444976,0.156414369848548,
0.157624928252119,0.158230207453905,0.158835486655691,0.160046045059262,
0.162467161866405,0.164888278673548,0.167309395480691,0.169730512287833),
 .UNSPECIFIED.);
#774=B_SPLINE_CURVE_WITH_KNOTS('',3,(#4247,#4248,#4249,#4250,#4251,#4252,
#4253,#4254,#4255),.UNSPECIFIED.,.F.,.F.,(4,1,1,1,1,1,4),(0.,0.125,0.25,
0.5,0.75,0.875,1.),.UNSPECIFIED.);
#775=B_SPLINE_CURVE_WITH_KNOTS('',3,(#4256,#4257,#4258,#4259,#4260,#4261,
#4262,#4263,#4264,#4265,#4266,#4267,#4268,#4269),.UNSPECIFIED.,.F.,.F.,
(4,1,1,1,1,1,1,1,1,1,1,4),(0.0651127049906489,0.0674531153084079,0.0697935256261669,
0.0721339359439259,0.074474346261685,0.079155166897203,0.083835987532721,
0.0885168081682391,0.0931976288037571,0.0978784494392752,0.100218859757034,
0.102559270074793),.UNSPECIFIED.);
#776=B_SPLINE_CURVE_WITH_KNOTS('',3,(#4291,#4292,#4293,#4294,#4295,#4296,
#4297,#4298,#4299),.UNSPECIFIED.,.F.,.F.,(4,1,1,1,1,1,4),(0.,0.125,0.25,
0.375,0.5,0.75,1.),.UNSPECIFIED.);
#777=B_SPLINE_CURVE_WITH_KNOTS('',3,(#4300,#4301,#4302,#4303,#4304,#4305,
#4306,#4307,#4308,#4309,#4310,#4311,#4312,#4313,#4314,#4315,#4316,#4317),
 .UNSPECIFIED.,.F.,.F.,(4,1,1,1,1,1,1,1,1,1,1,1,1,1,1,4),(-0.00471242591920481,
-0.00180747951560545,-0.000355006313805776,0.0010974668879939,0.00400241329159326,
0.00690735969519261,0.00981230609879196,0.0127172525023913,0.0156221989059907,
0.01852714530959,0.0214320917131894,0.0243370381167887,0.027241984520388,
0.0301469309239875,0.0359568237311862,0.0417667165383849),.UNSPECIFIED.);
#778=B_SPLINE_CURVE_WITH_KNOTS('',3,(#4358,#4359,#4360,#4361,#4362,#4363,
#4364,#4365,#4366,#4367,#4368,#4369,#4370,#4371,#4372,#4373,#4374,#4375,
#4376,#4377),.UNSPECIFIED.,.F.,.F.,(4,1,1,1,1,1,1,1,1,1,1,1,1,1,1,1,1,4),
(0.,0.015625,0.03125,0.046875,0.0625,0.09375,0.125,0.15625,0.1875,0.25,
0.3125,0.375,0.4375,0.5,0.625,0.75,0.875,1.),.UNSPECIFIED.);
#779=B_SPLINE_CURVE_WITH_KNOTS('',3,(#4378,#4379,#4380,#4381,#4382,#4383,
#4384,#4385,#4386,#4387,#4388,#4389,#4390,#4391,#4392,#4393,#4394,#4395,
#4396,#4397,#4398,#4399,#4400,#4401,#4402,#4403,#4404,#4405,#4406,#4407,
#4408,#4409,#4410,#4411,#4412),.UNSPECIFIED.,.F.,.F.,(4,1,1,1,1,1,1,1,1,
1,1,1,1,1,1,1,1,1,1,1,1,1,1,1,1,1,1,1,1,1,1,1,4),(-0.0652966274097169,-0.00446671202058111,
0.0259482456739868,0.0563632033685547,0.11719311875769,0.178023034146826,
0.238852949535962,0.299682864925098,0.360512780314234,0.421342695703369,
0.451757653397937,0.482172611092505,0.543002526481641,0.603832441870777,
0.634247399565345,0.664662357259913,0.695077314954481,0.725492272649049,
0.755907230343616,0.786322188038184,0.801529666885468,0.816737145732752,
0.831944624580036,0.84715210342732,0.862359582274604,0.869963321698246,
0.877567061121888,0.88517080054553,0.888972670257351,0.892774539969172,
0.896576409680993,0.900378279392814,0.907982018816456),.UNSPECIFIED.);
#780=B_SPLINE_CURVE_WITH_KNOTS('',3,(#4441,#4442,#4443,#4444,#4445,#4446,
#4447,#4448,#4449,#4450,#4451,#4452,#4453,#4454),.UNSPECIFIED.,.F.,.F.,
(4,1,1,1,1,1,1,1,1,1,1,4),(0.,0.103820324831734,0.239894033455624,0.358973541236424,
0.375793714783937,0.486518405895359,0.59369162221997,0.620444929976995,
0.706578643250108,0.805603695605565,0.916316595654481,1.),.UNSPECIFIED.);
#781=B_SPLINE_CURVE_WITH_KNOTS('',3,(#4456,#4457,#4458,#4459),
 .UNSPECIFIED.,.F.,.F.,(4,4),(0.,1.),.UNSPECIFIED.);
#782=B_SPLINE_CURVE_WITH_KNOTS('',3,(#4461,#4462,#4463,#4464,#4465),
 .UNSPECIFIED.,.F.,.F.,(4,1,4),(0.,0.5,1.),.UNSPECIFIED.);
#783=B_SPLINE_CURVE_WITH_KNOTS('',3,(#4466,#4467,#4468,#4469,#4470,#4471,
#4472,#4473,#4474,#4475,#4476,#4477,#4478,#4479),.UNSPECIFIED.,.F.,.F.,
(4,1,1,1,1,1,1,1,1,1,1,4),(0.,0.103820324831734,0.239894033455624,0.358973541236424,
0.375793714783937,0.486518405895359,0.59369162221997,0.620444929976995,
0.706578643250108,0.805603695605565,0.916316595654481,1.),.UNSPECIFIED.);
#784=B_SPLINE_CURVE_WITH_KNOTS('',3,(#4481,#4482,#4483,#4484,#4485,#4486,
#4487,#4488,#4489,#4490,#4491,#4492,#4493,#4494,#4495,#4496,#4497,#4498,
#4499,#4500,#4501,#4502,#4503,#4504,#4505,#4506,#4507,#4508,#4509),
 .UNSPECIFIED.,.F.,.F.,(4,1,1,1,1,1,1,1,1,1,1,1,1,1,1,1,1,1,1,1,1,1,1,1,
1,1,4),(0.,0.0625,0.09375,0.109375,0.125,0.140625,0.15625,0.1875,0.25,0.28125,
0.3125,0.375,0.4375,0.46875,0.484375,0.5,0.515625,0.53125,0.5625,0.625,
0.6875,0.71875,0.75,0.78125,0.8125,0.875,1.),.UNSPECIFIED.);
#785=B_SPLINE_CURVE_WITH_KNOTS('',3,(#4512,#4513,#4514,#4515,#4516,#4517,
#4518,#4519,#4520,#4521,#4522,#4523,#4524,#4525,#4526,#4527,#4528,#4529,
#4530,#4531,#4532,#4533,#4534,#4535,#4536,#4537,#4538,#4539,#4540,#4541,
#4542,#4543,#4544,#4545,#4546,#4547),.UNSPECIFIED.,.F.,.F.,(4,1,1,1,1,1,
1,1,1,1,1,1,1,1,1,1,1,1,1,1,1,1,1,1,1,1,1,1,1,1,1,1,1,4),(0.,0.0625,0.09375,
0.109375,0.125,0.140625,0.15625,0.1875,0.21875,0.234375,0.2421875,0.25,
0.265625,0.28125,0.3125,0.375,0.40625,0.4375,0.453125,0.46875,0.484375,
0.4921875,0.5,0.5078125,0.515625,0.53125,0.5625,0.59375,0.625,0.6875,0.75,
0.8125,0.875,1.),.UNSPECIFIED.);
#786=B_SPLINE_CURVE_WITH_KNOTS('',3,(#4548,#4549,#4550,#4551,#4552,#4553,
#4554,#4555,#4556,#4557,#4558,#4559,#4560,#4561,#4562,#4563,#4564,#4565,
#4566,#4567,#4568,#4569,#4570,#4571,#4572,#4573,#4574,#4575,#4576,#4577,
#4578,#4579,#4580,#4581,#4582,#4583,#4584,#4585,#4586,#4587,#4588,#4589,
#4590,#4591,#4592,#4593,#4594,#4595,#4596,#4597,#4598,#4599,#4600,#4601,
#4602,#4603,#4604,#4605,#4606,#4607,#4608,#4609,#4610,#4611,#4612,#4613,
#4614,#4615,#4616,#4617,#4618,#4619,#4620,#4621,#4622,#4623,#4624,#4625,
#4626,#4627,#4628,#4629,#4630),.UNSPECIFIED.,.F.,.F.,(4,1,1,1,1,1,1,1,1,
1,1,1,1,1,1,1,1,1,1,1,1,1,1,1,1,1,1,1,1,1,1,1,1,1,1,1,1,1,1,1,1,1,1,1,1,
1,1,1,1,1,1,1,1,1,1,1,1,1,1,1,1,1,1,1,1,1,1,1,1,1,1,1,1,1,1,1,1,1,1,1,4),
(0.,0.03125,0.0625,0.078125,0.09375,0.109375,0.1171875,0.12109375,0.125,
0.12890625,0.1328125,0.140625,0.15625,0.171875,0.1796875,0.18359375,0.1875,
0.19140625,0.1953125,0.203125,0.21875,0.234375,0.2421875,0.25,0.2578125,
0.265625,0.28125,0.3125,0.34375,0.359375,0.3671875,0.375,0.3828125,0.390625,
0.40625,0.421875,0.4375,0.453125,0.46875,0.484375,0.4921875,0.49609375,
0.5,0.50390625,0.5078125,0.515625,0.53125,0.546875,0.5546875,0.5625,0.5703125,
0.578125,0.5859375,0.59375,0.6015625,0.609375,0.6171875,0.625,0.6328125,
0.640625,0.65625,0.6875,0.71875,0.734375,0.75,0.765625,0.78125,0.8125,0.84375,
0.875,0.890625,0.90625,0.921875,0.9375,0.9453125,0.953125,0.9609375,0.96875,
0.9765625,0.984375,1.),.UNSPECIFIED.);
#787=B_SPLINE_CURVE_WITH_KNOTS('',3,(#4632,#4633,#4634,#4635,#4636,#4637,
#4638,#4639,#4640,#4641,#4642,#4643,#4644,#4645,#4646,#4647,#4648,#4649,
#4650,#4651,#4652,#4653,#4654,#4655,#4656,#4657,#4658,#4659,#4660,#4661,
#4662,#4663,#4664,#4665,#4666,#4667,#4668,#4669,#4670,#4671,#4672,#4673,
#4674,#4675,#4676,#4677,#4678,#4679),.UNSPECIFIED.,.F.,.F.,(4,1,1,1,1,1,
1,1,1,1,1,1,1,1,1,1,1,1,1,1,1,1,1,1,1,1,1,1,1,1,1,1,1,1,1,1,1,1,1,1,1,1,
1,1,1,4),(0.,0.015625,0.0234375,0.02734375,0.03125,0.03515625,0.0390625,
0.046875,0.0625,0.09375,0.109375,0.125,0.140625,0.15625,0.1875,0.21875,
0.234375,0.2421875,0.25,0.2578125,0.265625,0.28125,0.3125,0.375,0.4375,
0.46875,0.484375,0.5,0.515625,0.53125,0.5625,0.625,0.6875,0.75,0.78125,
0.8125,0.84375,0.859375,0.8671875,0.875,0.8828125,0.890625,0.90625,0.9375,
0.96875,1.),.UNSPECIFIED.);
#788=B_SPLINE_CURVE_WITH_KNOTS('',3,(#4681,#4682,#4683,#4684,#4685,#4686,
#4687,#4688,#4689,#4690,#4691,#4692,#4693,#4694,#4695,#4696,#4697,#4698,
#4699,#4700,#4701,#4702,#4703,#4704,#4705,#4706,#4707,#4708,#4709,#4710,
#4711,#4712,#4713,#4714,#4715,#4716,#4717,#4718,#4719,#4720,#4721,#4722,
#4723,#4724,#4725,#4726,#4727,#4728,#4729,#4730,#4731,#4732,#4733,#4734,
#4735,#4736,#4737,#4738,#4739),.UNSPECIFIED.,.F.,.F.,(4,1,1,1,1,1,1,1,1,
1,1,1,1,1,1,1,1,1,1,1,1,1,1,1,1,1,1,1,1,1,1,1,1,1,1,1,1,1,1,1,1,1,1,1,1,
1,1,1,1,1,1,1,1,1,1,1,4),(0.,0.015625,0.03125,0.046875,0.0546875,0.05859375,
0.0625,0.06640625,0.0703125,0.078125,0.09375,0.109375,0.1171875,0.125,0.1328125,
0.140625,0.15625,0.1875,0.21875,0.234375,0.25,0.265625,0.28125,0.3125,0.375,
0.4375,0.46875,0.5,0.53125,0.5625,0.625,0.6875,0.71875,0.734375,0.75,0.765625,
0.78125,0.8125,0.84375,0.859375,0.8671875,0.875,0.8828125,0.890625,0.90625,
0.921875,0.9296875,0.9375,0.94140625,0.9453125,0.947265625,0.94921875,0.953125,
0.9609375,0.96875,0.984375,1.),.UNSPECIFIED.);
#789=B_SPLINE_CURVE_WITH_KNOTS('',3,(#4741,#4742,#4743,#4744,#4745,#4746,
#4747,#4748,#4749,#4750,#4751,#4752,#4753,#4754,#4755,#4756,#4757,#4758,
#4759,#4760,#4761,#4762,#4763,#4764,#4765,#4766,#4767,#4768,#4769,#4770,
#4771,#4772,#4773,#4774,#4775,#4776),.UNSPECIFIED.,.F.,.F.,(4,1,1,1,1,1,
1,1,1,1,1,1,1,1,1,1,1,1,1,1,1,1,1,1,1,1,1,1,1,1,1,1,1,4),(0.,0.125,0.1875,
0.21875,0.25,0.28125,0.3125,0.375,0.4375,0.46875,0.484375,0.4921875,0.5,
0.5078125,0.515625,0.53125,0.5625,0.625,0.6875,0.71875,0.734375,0.75,0.765625,
0.78125,0.8125,0.875,0.90625,0.921875,0.9296875,0.9375,0.9453125,0.953125,
0.96875,1.),.UNSPECIFIED.);
#790=B_SPLINE_CURVE_WITH_KNOTS('',3,(#4778,#4779,#4780,#4781,#4782,#4783,
#4784,#4785,#4786,#4787,#4788,#4789,#4790,#4791,#4792,#4793,#4794,#4795,
#4796,#4797,#4798,#4799,#4800,#4801,#4802,#4803,#4804,#4805,#4806,#4807,
#4808,#4809,#4810,#4811,#4812,#4813,#4814,#4815,#4816),.UNSPECIFIED.,.F.,
 .F.,(4,1,1,1,1,1,1,1,1,1,1,1,1,1,1,1,1,1,1,1,1,1,1,1,1,1,1,1,1,1,1,1,1,
1,1,1,4),(0.,0.0625,0.09375,0.109375,0.125,0.140625,0.15625,0.1875,0.21875,
0.25,0.28125,0.3125,0.375,0.4375,0.46875,0.5,0.53125,0.5625,0.625,0.6875,
0.71875,0.75,0.78125,0.8125,0.84375,0.875,0.90625,0.921875,0.9375,0.953125,
0.9609375,0.96875,0.9765625,0.98046875,0.984375,0.9921875,1.),
 .UNSPECIFIED.);
#791=B_SPLINE_CURVE_WITH_KNOTS('',3,(#4821,#4822,#4823,#4824,#4825,#4826,
#4827,#4828,#4829,#4830,#4831,#4832,#4833,#4834,#4835,#4836,#4837,#4838,
#4839,#4840,#4841,#4842,#4843,#4844,#4845,#4846,#4847,#4848,#4849),
 .UNSPECIFIED.,.F.,.F.,(4,1,1,1,1,1,1,1,1,1,1,1,1,1,1,1,1,1,1,1,1,1,1,1,
1,1,4),(-0.247224347752239,-0.151630084463613,-0.0560358211749861,0.0395584421136404,
0.135152705402267,0.230746968690894,0.32634123197952,0.374138363623833,
0.421935495268146,0.46973262691246,0.493631192734616,0.517529758556773,
0.54142832437893,0.565326890201086,0.6131240218454,0.660921153489713,0.708718285134026,
0.804312548422653,0.899906811711279,0.947703943355592,0.995501074999906,
1.04329820664422,1.06719677246638,1.09109533828853,1.13889246993284,1.18668960157716,
1.28228386486578),.UNSPECIFIED.);
#792=B_SPLINE_CURVE_WITH_KNOTS('',3,(#4851,#4852,#4853,#4854,#4855,#4856,
#4857,#4858,#4859,#4860,#4861,#4862,#4863,#4864,#4865,#4866,#4867,#4868,
#4869,#4870,#4871,#4872,#4873,#4874,#4875,#4876,#4877,#4878,#4879,#4880,
#4881,#4882,#4883,#4884,#4885,#4886,#4887,#4888,#4889,#4890,#4891,#4892,
#4893,#4894,#4895,#4896,#4897,#4898,#4899,#4900,#4901,#4902,#4903),
 .UNSPECIFIED.,.F.,.F.,(4,1,1,1,1,1,1,1,1,1,1,1,1,1,1,1,1,1,1,1,1,1,1,1,
1,1,1,1,1,1,1,1,1,1,1,1,1,1,1,1,1,1,1,1,1,1,1,1,1,1,4),(0.937885862879897,
0.939236785822415,0.940587708764934,0.941263170236193,0.941938631707452,
0.942614093178711,0.943289554649971,0.94396501612123,0.944640477592489,
0.945315939063748,0.945991400535008,0.946666862006267,0.947342323477526,
0.948693246420045,0.950044169362563,0.951395092305082,0.9527460152476,0.954096938190119,
0.955447861132637,0.956798784075156,0.958149707017674,0.959500629960192,
0.960851552902711,0.962202475845229,0.963553398787748,0.964904321730266,
0.967606167615303,0.97030801350034,0.973009859385377,0.975711705270414,
0.978413551155451,0.981115397040488,0.983817242925525,0.985168165868044,
0.986519088810562,0.987870011753081,0.989220934695599,0.990571857638118,
0.991922780580636,0.994624626465673,0.99732647235071,0.998677395293229,
1.00002831823575,1.00137924117826,1.00273016412078,1.0040810870633,1.00543201000582,
1.00813385589086,1.01353754766093,1.01894123943101,1.02434493120108),
 .UNSPECIFIED.);
#793=B_SPLINE_CURVE_WITH_KNOTS('',3,(#4905,#4906,#4907,#4908,#4909,#4910,
#4911,#4912,#4913,#4914,#4915,#4916,#4917,#4918,#4919,#4920,#4921,#4922,
#4923),.UNSPECIFIED.,.F.,.F.,(4,1,1,1,1,1,1,1,1,1,1,1,1,1,1,1,4),(0.885847915882748,
0.886878982732715,0.887910049582683,0.888425583007666,0.88894111643265,
0.889456649857634,0.889972183282618,0.890487716707601,0.891003250132585,
0.892034316982552,0.89306538383252,0.894096450682487,0.896158584382422,
0.898220718082357,0.899251784932324,0.900282851782291,0.902344985482226),
 .UNSPECIFIED.);
#794=B_SPLINE_CURVE_WITH_KNOTS('',3,(#4925,#4926,#4927,#4928,#4929,#4930,
#4931,#4932,#4933,#4934,#4935,#4936,#4937,#4938,#4939,#4940,#4941,#4942,
#4943,#4944,#4945,#4946,#4947,#4948,#4949,#4950,#4951,#4952,#4953,#4954,
#4955,#4956,#4957,#4958,#4959,#4960,#4961,#4962,#4963,#4964,#4965,#4966,
#4967,#4968,#4969,#4970,#4971,#4972,#4973,#4974,#4975,#4976,#4977,#4978,
#4979,#4980,#4981,#4982,#4983,#4984,#4985,#4986,#4987,#4988,#4989,#4990,
#4991,#4992,#4993,#4994,#4995,#4996,#4997,#4998,#4999,#5000,#5001,#5002,
#5003,#5004,#5005,#5006,#5007,#5008,#5009,#5010,#5011,#5012,#5013,#5014,
#5015,#5016,#5017,#5018,#5019,#5020,#5021,#5022,#5023,#5024,#5025,#5026,
#5027,#5028,#5029,#5030,#5031,#5032,#5033,#5034,#5035,#5036,#5037,#5038,
#5039,#5040,#5041,#5042,#5043,#5044,#5045,#5046,#5047,#5048,#5049,#5050,
#5051,#5052,#5053,#5054,#5055,#5056,#5057,#5058,#5059),.UNSPECIFIED.,.F.,
 .F.,(4,1,1,1,1,1,1,1,1,1,1,1,1,1,1,1,1,1,1,1,1,1,1,1,1,1,1,1,1,1,1,1,1,
1,1,1,1,1,1,1,1,1,1,1,1,1,1,1,1,1,1,1,1,1,1,1,1,1,1,1,1,1,1,1,1,1,1,1,1,
1,1,1,1,1,1,1,1,1,1,1,1,1,1,1,1,1,1,1,1,1,1,1,1,1,1,1,1,1,1,1,1,1,1,1,1,
1,1,1,1,1,1,1,1,1,1,1,1,1,1,1,1,1,1,1,1,1,1,1,1,1,1,1,4),(0.737607478815645,
0.739586424043665,0.741565369271685,0.743544314499705,0.745523259727726,
0.746512732341736,0.747502204955746,0.748491677569756,0.749481150183766,
0.750470622797776,0.751460095411786,0.752449568025796,0.752944304332802,
0.753439040639807,0.753933776946812,0.754428513253817,0.754923249560822,
0.755417985867827,0.755665354021329,0.755912722174832,0.756036406251583,
0.756160090328334,0.756407458481837,0.756531142558588,0.75665482663534,
0.756778510712091,0.756840352750466,0.756902194788842,0.757025878865593,
0.757149562942345,0.75721140498072,0.757273247019096,0.757335089057472,
0.757396931095847,0.757520615172598,0.757582457210974,0.75764429924935,
0.757675220268538,0.757706141287725,0.757767983326101,0.757829825364477,
0.757891667402852,0.757953509441228,0.758015351479603,0.758077193517979,
0.758139035556355,0.75820087759473,0.758262719633106,0.758324561671482,
0.758386403709857,0.758448245748233,0.758510087786608,0.758571929824984,
0.758602850844172,0.75863377186336,0.758695613901735,0.758757455940111,
0.758788376959299,0.758819297978487,0.758881140016862,0.758942982055238,
0.759004824093614,0.759066666131989,0.759128508170365,0.759190350208741,
0.759252192247116,0.759314034285492,0.759375876323867,0.759437718362243,
0.759499560400619,0.759561402438994,0.75962324447737,0.759746928554121,
0.759808770592497,0.759870612630872,0.759932454669248,0.759994296707624,
0.760117980784375,0.760241664861126,0.760365348937877,0.760489033014629,
0.76061271709138,0.760736401168131,0.760860085244883,0.761107453398385,
0.761354821551888,0.761849557858893,0.762096926012395,0.762344294165898,
0.762839030472903,0.763333766779908,0.763828503086913,0.764323239393918,
0.765312712007928,0.766302184621938,0.767291657235948,0.768281129849959,
0.769270602463969,0.770260075077979,0.771249547691989,0.773228492920009,
0.775207438148029,0.77718638337605,0.77916532860407,0.78114427383209,0.78312321906011,
0.785102164288131,0.787081109516151,0.789060054744171,0.791038999972191,
0.793017945200212,0.794996890428232,0.796975835656252,0.800933726112293,
0.804891616568333,0.808849507024374,0.812807397480414,0.816765287936455,
0.820723178392495,0.824681068848536,0.828638959304576,0.832596849760617,
0.836554740216657,0.840512630672698,0.842491575900718,0.844470521128738,
0.848428411584779,0.852386302040819,0.85634419249686,0.85832313772488,0.8603020829529,
0.862281028180921,0.864259973408941),.UNSPECIFIED.);
#795=B_SPLINE_CURVE_WITH_KNOTS('',3,(#5061,#5062,#5063,#5064,#5065,#5066,
#5067,#5068,#5069),.UNSPECIFIED.,.F.,.F.,(4,1,1,1,1,1,4),(0.645331246246785,
0.646889129187794,0.648447012128804,0.649225953599308,0.650004895069813,
0.650783836540318,0.651562778010822),.UNSPECIFIED.);
#796=B_SPLINE_CURVE_WITH_KNOTS('',3,(#5071,#5072,#5073,#5074,#5075,#5076,
#5077,#5078,#5079,#5080,#5081,#5082,#5083,#5084,#5085,#5086,#5087,#5088,
#5089,#5090,#5091,#5092,#5093,#5094,#5095,#5096,#5097,#5098,#5099,#5100,
#5101,#5102,#5103,#5104,#5105,#5106,#5107,#5108,#5109,#5110,#5111,#5112,
#5113,#5114,#5115,#5116,#5117,#5118,#5119,#5120,#5121,#5122,#5123,#5124,
#5125,#5126,#5127,#5128,#5129,#5130,#5131,#5132,#5133,#5134,#5135,#5136,
#5137,#5138,#5139,#5140,#5141,#5142,#5143,#5144,#5145,#5146,#5147,#5148,
#5149,#5150,#5151,#5152,#5153,#5154,#5155,#5156,#5157,#5158,#5159,#5160,
#5161,#5162,#5163,#5164,#5165,#5166,#5167,#5168,#5169,#5170,#5171,#5172,
#5173,#5174,#5175,#5176,#5177,#5178,#5179,#5180,#5181),.UNSPECIFIED.,.F.,
 .F.,(4,1,1,1,1,1,1,1,1,1,1,1,1,1,1,1,1,1,1,1,1,1,1,1,1,1,1,1,1,1,1,1,1,
1,1,1,1,1,1,1,1,1,1,1,1,1,1,1,1,1,1,1,1,1,1,1,1,1,1,1,1,1,1,1,1,1,1,1,1,
1,1,1,1,1,1,1,1,1,1,1,1,1,1,1,1,1,1,1,1,1,1,1,1,1,1,1,1,1,1,1,1,1,1,1,1,
1,1,1,4),(0.45812782283058,0.459471743551451,0.460815664272322,0.462159584993194,
0.463503505714065,0.466191347155808,0.466863307516244,0.467535267876679,
0.468207228237115,0.468879188597551,0.470223109318422,0.471567030039293,
0.474254871481036,0.476942712922779,0.47828663364365,0.479630554364521,
0.480302514724957,0.480974475085393,0.481646435445828,0.482318395806264,
0.4829903561667,0.483662316527136,0.484334276887571,0.485006237248007,0.486350157968878,
0.48769407868975,0.489037999410621,0.490381920131492,0.491053880491928,
0.491725840852364,0.492397801212799,0.493069761573235,0.493741721933671,
0.494413682294106,0.495757603014978,0.497101523735849,0.498445444456721,
0.499789365177592,0.501133285898463,0.502477206619335,0.503821127340206,
0.505165048061077,0.506508968781949,0.507180929142384,0.50785288950282,
0.509196810223691,0.510540730944563,0.511884651665434,0.514572493107177,
0.51726033454892,0.519948175990662,0.521292096711534,0.522636017432405,
0.523979938153276,0.525323858874148,0.526667779595019,0.52801170031589,
0.530699541757633,0.533387383199376,0.536075224641119,0.538763066082861,
0.540106986803733,0.541450907524604,0.544138748966347,0.54682659040809,
0.549514431849832,0.552202273291575,0.554890114733318,0.557577956175061,
0.560265797616803,0.561609718337675,0.562953639058546,0.564297559779417,
0.565641480500289,0.568329321942032,0.571017163383774,0.573705004825517,
0.57639284626726,0.579080687709002,0.580424608429874,0.581768529150745,
0.584456370592488,0.587144212034231,0.589832053475973,0.592519894917716,
0.595207736359459,0.597895577801201,0.600583419242944,0.601927339963815,
0.603271260684687,0.604615181405558,0.60595910212643,0.607303022847301,
0.608646943568172,0.611334785009915,0.614022626451658,0.6167104678934,0.618054388614272,
0.619398309335143,0.620742230056015,0.62141419041645,0.622086150776886,
0.623430071497757,0.624102031858193,0.624773992218629,0.6261179129395,0.627461833660371,
0.628805754381243,0.630149675102114),.UNSPECIFIED.);
#797=B_SPLINE_CURVE_WITH_KNOTS('',3,(#5183,#5184,#5185,#5186,#5187,#5188,
#5189,#5190,#5191,#5192,#5193,#5194,#5195,#5196,#5197,#5198,#5199,#5200,
#5201,#5202,#5203,#5204,#5205,#5206,#5207),.UNSPECIFIED.,.F.,.F.,(4,1,1,
1,1,1,1,1,1,1,1,1,1,1,1,1,1,1,1,1,1,1,4),(0.429952787892806,0.431225732881978,
0.432498677871149,0.433771622860321,0.435044567849492,0.436317512838664,
0.437590457827835,0.43822693032242,0.438863402817007,0.439499875311592,
0.440136347806178,0.440772820300764,0.44140929279535,0.442045765289935,
0.44268223778452,0.443955182773692,0.445228127762863,0.445864600257449,
0.446501072752035,0.447774017741207,0.448410490235792,0.449046962730377,
0.450319907719549),.UNSPECIFIED.);
#798=B_SPLINE_CURVE_WITH_KNOTS('',3,(#5209,#5210,#5211,#5212,#5213,#5214,
#5215,#5216,#5217,#5218,#5219,#5220,#5221,#5222,#5223,#5224,#5225,#5226,
#5227,#5228,#5229,#5230,#5231,#5232,#5233,#5234),.UNSPECIFIED.,.F.,.F.,
(4,1,1,1,1,1,1,1,1,1,1,1,1,1,1,1,1,1,1,1,1,1,1,4),(0.395217264628878,0.396772735190907,
0.398328205752935,0.39910594103395,0.399883676314965,0.401439146876994,
0.402994617439023,0.404550088001052,0.406105558563082,0.40766102912511,
0.40921649968714,0.410771970249169,0.412327440811198,0.413105176092213,
0.413494043732719,0.413882911373227,0.414660646654242,0.415438381935256,
0.41621611721627,0.416993852497285,0.417771587778299,0.418549323059314,
0.419327058340329,0.420104793621343),.UNSPECIFIED.);
#799=B_SPLINE_CURVE_WITH_KNOTS('',3,(#5236,#5237,#5238,#5239,#5240,#5241,
#5242,#5243,#5244,#5245,#5246,#5247,#5248,#5249,#5250,#5251,#5252,#5253,
#5254,#5255,#5256,#5257,#5258,#5259,#5260,#5261,#5262,#5263,#5264,#5265,
#5266,#5267,#5268,#5269,#5270,#5271,#5272,#5273,#5274,#5275,#5276,#5277,
#5278),.UNSPECIFIED.,.F.,.F.,(4,1,1,1,1,1,1,1,1,1,1,1,1,1,1,1,1,1,1,1,1,
1,1,1,1,1,1,1,1,1,1,1,1,1,1,1,1,1,1,1,4),(0.174387161181916,0.175060142219289,
0.175733123256663,0.176069613775349,0.176406104294035,0.176742594812722,
0.177079085331408,0.177752066368781,0.178425047406154,0.179098028443527,
0.1797710094809,0.180443990518273,0.181116971555646,0.181789952593019,0.182462933630392,
0.183808895705138,0.185154857779884,0.18650081985463,0.187846781929376,
0.190538706078868,0.19323063022836,0.195922554377851,0.198614478527343,
0.201306402676835,0.203998326826327,0.205344288901074,0.206690250975819,
0.208036213050565,0.209382175125311,0.210055156162684,0.210728137200057,
0.212074099274803,0.212747080312176,0.213420061349549,0.214093042386922,
0.214429532905609,0.214766023424295,0.215439004461668,0.216111985499041,
0.216784966536414,0.217457947573787),.UNSPECIFIED.);
#800=B_SPLINE_CURVE_WITH_KNOTS('',3,(#5280,#5281,#5282,#5283,#5284,#5285,
#5286,#5287,#5288,#5289,#5290,#5291,#5292,#5293,#5294,#5295,#5296,#5297,
#5298,#5299,#5300,#5301,#5302,#5303,#5304,#5305,#5306),.UNSPECIFIED.,.F.,
 .F.,(4,1,1,1,1,1,1,1,1,1,1,1,1,1,1,1,1,1,1,1,1,1,1,1,4),(0.137040014955548,
0.14085179187181,0.144663568788072,0.146569457246203,0.148475345704334,
0.150381234162465,0.152287122620596,0.154193011078727,0.156098899536858,
0.157051843765924,0.158004787994989,0.158957732224055,0.159910676453121,
0.160863620682186,0.161816564911251,0.162293037025785,0.162769509140317,
0.163722453369383,0.164675397598448,0.165151869712981,0.165628341827514,
0.166104813942047,0.166581286056579,0.167057758171112,0.167534230285645),
 .UNSPECIFIED.);
#801=B_SPLINE_CURVE_WITH_KNOTS('',3,(#5308,#5309,#5310,#5311,#5312,#5313,
#5314),.UNSPECIFIED.,.F.,.F.,(4,1,1,1,4),(0.075202693951842,0.0805679824452804,
0.0859332709387187,0.0912985594321571,0.0966638479255955),
 .QUASI_UNIFORM_KNOTS.);
#802=B_SPLINE_CURVE_WITH_KNOTS('',3,(#5316,#5317,#5318,#5319,#5320,#5321,
#5322,#5323,#5324,#5325,#5326,#5327,#5328,#5329,#5330,#5331,#5332,#5333,
#5334,#5335,#5336,#5337,#5338,#5339,#5340,#5341,#5342,#5343),
 .UNSPECIFIED.,.F.,.F.,(4,1,1,1,1,1,1,1,1,1,1,1,1,1,1,1,1,1,1,1,1,1,1,1,
1,4),(-0.0164934907172168,-0.0134939118076296,-0.0104943328980424,-0.00749475398845526,
-0.00449517507886808,-0.00299538562407448,-0.0014955961692809,-0.0007457014418841,
4.19328551269584E-6,0.00150398274030628,0.00300377219509988,0.00450356164989347,
0.00750314055948065,0.00900293001427424,0.0105027194690678,0.0120025089238614,
0.013502298378655,0.0150020878334486,0.0165018772882422,0.0180016667430358,
0.0195014561978294,0.021001245652623,0.0225010351074166,0.0255006140170038,
0.028500192926591,0.0314997718361781),.UNSPECIFIED.);
#803=B_SPLINE_CURVE_WITH_KNOTS('',3,(#5345,#5346,#5347,#5348,#5349,#5350,
#5351,#5352,#5353,#5354,#5355,#5356,#5357,#5358,#5359,#5360,#5361,#5362,
#5363,#5364,#5365,#5366,#5367,#5368,#5369,#5370,#5371,#5372,#5373,#5374,
#5375,#5376,#5377,#5378,#5379,#5380,#5381,#5382,#5383,#5384,#5385,#5386,
#5387,#5388,#5389,#5390,#5391,#5392,#5393,#5394,#5395,#5396,#5397,#5398,
#5399,#5400,#5401),.UNSPECIFIED.,.F.,.F.,(4,1,1,1,1,1,1,1,1,1,1,1,1,1,1,
1,1,1,1,1,1,1,1,1,1,1,1,1,1,1,1,1,1,1,1,1,1,1,1,1,1,1,1,1,1,1,1,1,1,1,1,
1,1,1,4),(-0.228538195934011,-0.157761787849841,-0.0869853797656723,-0.0515971757235877,
-0.0162089716815031,0.0191792323605815,0.0545674364026661,0.0899556404447507,
0.125343844486835,0.196120252571005,0.266896660655174,0.337673068739343,
0.408449476823512,0.426143578844555,0.443837680865596,0.461531782886639,
0.479225884907681,0.496919986928723,0.514614088949766,0.55000229299185,
0.585390497033935,0.62077870107602,0.656166905118104,0.691555109160189,
0.726943313202273,0.762331517244358,0.7800256192654,0.797719721286442,0.815413823307485,
0.824260874318006,0.833107925328527,0.841954976339048,0.846378501844309,
0.850802027349569,0.85964907836009,0.864072603865351,0.868496129370612,
0.870707892123242,0.872919654875872,0.875131417628502,0.877343180381133,
0.879554943133763,0.881766705886393,0.883978468639024,0.886190231391654,
0.888401994144284,0.890613756896915,0.89171963827323,0.892825519649545,
0.89393140102586,0.895037282402175,0.897249045154805,0.899460807907436,
0.901672570660066,0.903884333412696),.UNSPECIFIED.);
#804=B_SPLINE_CURVE_WITH_KNOTS('',3,(#5438,#5439,#5440,#5441,#5442,#5443,
#5444,#5445,#5446,#5447,#5448,#5449,#5450,#5451,#5452,#5453,#5454,#5455,
#5456,#5457,#5458,#5459,#5460,#5461,#5462,#5463,#5464,#5465,#5466),
 .UNSPECIFIED.,.F.,.F.,(4,1,1,1,1,1,1,1,1,1,1,1,1,1,1,1,1,1,1,1,1,1,1,1,
1,1,4),(-0.247224347752239,-0.151630084463613,-0.0560358211749861,0.0395584421136404,
0.135152705402267,0.230746968690894,0.32634123197952,0.374138363623833,
0.421935495268146,0.46973262691246,0.493631192734616,0.517529758556773,
0.54142832437893,0.565326890201086,0.6131240218454,0.660921153489713,0.708718285134026,
0.804312548422653,0.899906811711279,0.947703943355592,0.995501074999906,
1.04329820664422,1.06719677246638,1.09109533828853,1.13889246993284,1.18668960157716,
1.28228386486578),.UNSPECIFIED.);
#805=B_SPLINE_CURVE_WITH_KNOTS('',3,(#5517,#5518,#5519,#5520,#5521,#5522,
#5523,#5524,#5525,#5526,#5527,#5528,#5529,#5530,#5531,#5532,#5533,#5534,
#5535,#5536,#5537,#5538,#5539,#5540,#5541,#5542,#5543,#5544,#5545,#5546,
#5547,#5548,#5549,#5550,#5551,#5552,#5553,#5554,#5555,#5556,#5557,#5558,
#5559,#5560,#5561,#5562,#5563,#5564,#5565,#5566,#5567,#5568,#5569),
 .UNSPECIFIED.,.F.,.F.,(4,1,1,1,1,1,1,1,1,1,1,1,1,1,1,1,1,1,1,1,1,1,1,1,
1,1,1,1,1,1,1,1,1,1,1,1,1,1,1,1,1,1,1,1,1,1,1,1,1,1,4),(0.937885862879897,
0.939236785822415,0.940587708764934,0.941263170236193,0.941938631707452,
0.942614093178711,0.943289554649971,0.94396501612123,0.944640477592489,
0.945315939063748,0.945991400535008,0.946666862006267,0.947342323477526,
0.948693246420045,0.950044169362563,0.951395092305082,0.9527460152476,0.954096938190119,
0.955447861132637,0.956798784075156,0.958149707017674,0.959500629960192,
0.960851552902711,0.962202475845229,0.963553398787748,0.964904321730266,
0.967606167615303,0.97030801350034,0.973009859385377,0.975711705270414,
0.978413551155451,0.981115397040488,0.983817242925525,0.985168165868044,
0.986519088810562,0.987870011753081,0.989220934695599,0.990571857638118,
0.991922780580636,0.994624626465673,0.99732647235071,0.998677395293229,
1.00002831823575,1.00137924117826,1.00273016412078,1.0040810870633,1.00543201000582,
1.00813385589086,1.01353754766093,1.01894123943101,1.02434493120108),
 .UNSPECIFIED.);
#806=B_SPLINE_CURVE_WITH_KNOTS('',3,(#5590,#5591,#5592,#5593,#5594,#5595,
#5596,#5597,#5598,#5599,#5600,#5601,#5602,#5603,#5604,#5605,#5606,#5607,
#5608),.UNSPECIFIED.,.F.,.F.,(4,1,1,1,1,1,1,1,1,1,1,1,1,1,1,1,4),(0.885847915882748,
0.886878982732715,0.887910049582683,0.888425583007666,0.88894111643265,
0.889456649857634,0.889972183282618,0.890487716707601,0.891003250132585,
0.892034316982552,0.89306538383252,0.894096450682487,0.896158584382422,
0.898220718082357,0.899251784932324,0.900282851782291,0.902344985482226),
 .UNSPECIFIED.);
#807=B_SPLINE_CURVE_WITH_KNOTS('',3,(#5743,#5744,#5745,#5746,#5747,#5748,
#5749,#5750,#5751,#5752,#5753,#5754,#5755,#5756,#5757,#5758,#5759,#5760,
#5761,#5762,#5763,#5764,#5765,#5766,#5767,#5768,#5769,#5770,#5771,#5772,
#5773,#5774,#5775,#5776,#5777,#5778,#5779,#5780,#5781,#5782,#5783,#5784,
#5785,#5786,#5787,#5788,#5789,#5790,#5791,#5792,#5793,#5794,#5795,#5796,
#5797,#5798,#5799,#5800,#5801,#5802,#5803,#5804,#5805,#5806,#5807,#5808,
#5809,#5810,#5811,#5812,#5813,#5814,#5815,#5816,#5817,#5818,#5819,#5820,
#5821,#5822,#5823,#5824,#5825,#5826,#5827,#5828,#5829,#5830,#5831,#5832,
#5833,#5834,#5835,#5836,#5837,#5838,#5839,#5840,#5841,#5842,#5843,#5844,
#5845,#5846,#5847,#5848,#5849,#5850,#5851,#5852,#5853,#5854,#5855,#5856,
#5857,#5858,#5859,#5860,#5861,#5862,#5863,#5864,#5865,#5866,#5867,#5868,
#5869,#5870,#5871,#5872,#5873,#5874,#5875,#5876,#5877),.UNSPECIFIED.,.F.,
 .F.,(4,1,1,1,1,1,1,1,1,1,1,1,1,1,1,1,1,1,1,1,1,1,1,1,1,1,1,1,1,1,1,1,1,
1,1,1,1,1,1,1,1,1,1,1,1,1,1,1,1,1,1,1,1,1,1,1,1,1,1,1,1,1,1,1,1,1,1,1,1,
1,1,1,1,1,1,1,1,1,1,1,1,1,1,1,1,1,1,1,1,1,1,1,1,1,1,1,1,1,1,1,1,1,1,1,1,
1,1,1,1,1,1,1,1,1,1,1,1,1,1,1,1,1,1,1,1,1,1,1,1,1,1,1,4),(0.737607478815645,
0.739586424043665,0.741565369271685,0.743544314499705,0.745523259727726,
0.746512732341736,0.747502204955746,0.748491677569756,0.749481150183766,
0.750470622797776,0.751460095411786,0.752449568025796,0.752944304332802,
0.753439040639807,0.753933776946812,0.754428513253817,0.754923249560822,
0.755417985867827,0.755665354021329,0.755912722174832,0.756036406251583,
0.756160090328334,0.756407458481837,0.756531142558588,0.75665482663534,
0.756778510712091,0.756840352750466,0.756902194788842,0.757025878865593,
0.757149562942345,0.75721140498072,0.757273247019096,0.757335089057472,
0.757396931095847,0.757520615172598,0.757582457210974,0.75764429924935,
0.757675220268538,0.757706141287725,0.757767983326101,0.757829825364477,
0.757891667402852,0.757953509441228,0.758015351479603,0.758077193517979,
0.758139035556355,0.75820087759473,0.758262719633106,0.758324561671482,
0.758386403709857,0.758448245748233,0.758510087786608,0.758571929824984,
0.758602850844172,0.75863377186336,0.758695613901735,0.758757455940111,
0.758788376959299,0.758819297978487,0.758881140016862,0.758942982055238,
0.759004824093614,0.759066666131989,0.759128508170365,0.759190350208741,
0.759252192247116,0.759314034285492,0.759375876323867,0.759437718362243,
0.759499560400619,0.759561402438994,0.75962324447737,0.759746928554121,
0.759808770592497,0.759870612630872,0.759932454669248,0.759994296707624,
0.760117980784375,0.760241664861126,0.760365348937877,0.760489033014629,
0.76061271709138,0.760736401168131,0.760860085244883,0.761107453398385,
0.761354821551888,0.761849557858893,0.762096926012395,0.762344294165898,
0.762839030472903,0.763333766779908,0.763828503086913,0.764323239393918,
0.765312712007928,0.766302184621938,0.767291657235948,0.768281129849959,
0.769270602463969,0.770260075077979,0.771249547691989,0.773228492920009,
0.775207438148029,0.77718638337605,0.77916532860407,0.78114427383209,0.78312321906011,
0.785102164288131,0.787081109516151,0.789060054744171,0.791038999972191,
0.793017945200212,0.794996890428232,0.796975835656252,0.800933726112293,
0.804891616568333,0.808849507024374,0.812807397480414,0.816765287936455,
0.820723178392495,0.824681068848536,0.828638959304576,0.832596849760617,
0.836554740216657,0.840512630672698,0.842491575900718,0.844470521128738,
0.848428411584779,0.852386302040819,0.85634419249686,0.85832313772488,0.8603020829529,
0.862281028180921,0.864259973408941),.UNSPECIFIED.);
#808=B_SPLINE_CURVE_WITH_KNOTS('',3,(#5890,#5891,#5892,#5893,#5894,#5895,
#5896,#5897,#5898),.UNSPECIFIED.,.F.,.F.,(4,1,1,1,1,1,4),(0.645331246246785,
0.646889129187794,0.648447012128804,0.649225953599308,0.650004895069813,
0.650783836540318,0.651562778010822),.UNSPECIFIED.);
#809=B_SPLINE_CURVE_WITH_KNOTS('',3,(#6005,#6006,#6007,#6008,#6009,#6010,
#6011,#6012,#6013,#6014,#6015,#6016,#6017,#6018,#6019,#6020,#6021,#6022,
#6023,#6024,#6025,#6026,#6027,#6028,#6029,#6030,#6031,#6032,#6033,#6034,
#6035,#6036,#6037,#6038,#6039,#6040,#6041,#6042,#6043,#6044,#6045,#6046,
#6047,#6048,#6049,#6050,#6051,#6052,#6053,#6054,#6055,#6056,#6057,#6058,
#6059,#6060,#6061,#6062,#6063,#6064,#6065,#6066,#6067,#6068,#6069,#6070,
#6071,#6072,#6073,#6074,#6075,#6076,#6077,#6078,#6079,#6080,#6081,#6082,
#6083,#6084,#6085,#6086,#6087,#6088,#6089,#6090,#6091,#6092,#6093,#6094,
#6095,#6096,#6097,#6098,#6099,#6100,#6101,#6102,#6103,#6104,#6105,#6106,
#6107,#6108,#6109,#6110,#6111,#6112,#6113,#6114,#6115),.UNSPECIFIED.,.F.,
 .F.,(4,1,1,1,1,1,1,1,1,1,1,1,1,1,1,1,1,1,1,1,1,1,1,1,1,1,1,1,1,1,1,1,1,
1,1,1,1,1,1,1,1,1,1,1,1,1,1,1,1,1,1,1,1,1,1,1,1,1,1,1,1,1,1,1,1,1,1,1,1,
1,1,1,1,1,1,1,1,1,1,1,1,1,1,1,1,1,1,1,1,1,1,1,1,1,1,1,1,1,1,1,1,1,1,1,1,
1,1,1,4),(0.45812782283058,0.459471743551451,0.460815664272322,0.462159584993194,
0.463503505714065,0.466191347155808,0.466863307516244,0.467535267876679,
0.468207228237115,0.468879188597551,0.470223109318422,0.471567030039293,
0.474254871481036,0.476942712922779,0.47828663364365,0.479630554364521,
0.480302514724957,0.480974475085393,0.481646435445828,0.482318395806264,
0.4829903561667,0.483662316527136,0.484334276887571,0.485006237248007,0.486350157968878,
0.48769407868975,0.489037999410621,0.490381920131492,0.491053880491928,
0.491725840852364,0.492397801212799,0.493069761573235,0.493741721933671,
0.494413682294106,0.495757603014978,0.497101523735849,0.498445444456721,
0.499789365177592,0.501133285898463,0.502477206619335,0.503821127340206,
0.505165048061077,0.506508968781949,0.507180929142384,0.50785288950282,
0.509196810223691,0.510540730944563,0.511884651665434,0.514572493107177,
0.51726033454892,0.519948175990662,0.521292096711534,0.522636017432405,
0.523979938153276,0.525323858874148,0.526667779595019,0.52801170031589,
0.530699541757633,0.533387383199376,0.536075224641119,0.538763066082861,
0.540106986803733,0.541450907524604,0.544138748966347,0.54682659040809,
0.549514431849832,0.552202273291575,0.554890114733318,0.557577956175061,
0.560265797616803,0.561609718337675,0.562953639058546,0.564297559779417,
0.565641480500289,0.568329321942032,0.571017163383774,0.573705004825517,
0.57639284626726,0.579080687709002,0.580424608429874,0.581768529150745,
0.584456370592488,0.587144212034231,0.589832053475973,0.592519894917716,
0.595207736359459,0.597895577801201,0.600583419242944,0.601927339963815,
0.603271260684687,0.604615181405558,0.60595910212643,0.607303022847301,
0.608646943568172,0.611334785009915,0.614022626451658,0.6167104678934,0.618054388614272,
0.619398309335143,0.620742230056015,0.62141419041645,0.622086150776886,
0.623430071497757,0.624102031858193,0.624773992218629,0.6261179129395,0.627461833660371,
0.628805754381243,0.630149675102114),.UNSPECIFIED.);
#810=B_SPLINE_CURVE_WITH_KNOTS('',3,(#6144,#6145,#6146,#6147,#6148,#6149,
#6150,#6151,#6152,#6153,#6154,#6155,#6156,#6157,#6158,#6159,#6160,#6161,
#6162,#6163,#6164,#6165,#6166,#6167,#6168),.UNSPECIFIED.,.F.,.F.,(4,1,1,
1,1,1,1,1,1,1,1,1,1,1,1,1,1,1,1,1,1,1,4),(0.429952787892806,0.431225732881978,
0.432498677871149,0.433771622860321,0.435044567849492,0.436317512838664,
0.437590457827835,0.43822693032242,0.438863402817007,0.439499875311592,
0.440136347806178,0.440772820300764,0.44140929279535,0.442045765289935,
0.44268223778452,0.443955182773692,0.445228127762863,0.445864600257449,
0.446501072752035,0.447774017741207,0.448410490235792,0.449046962730377,
0.450319907719549),.UNSPECIFIED.);
#811=B_SPLINE_CURVE_WITH_KNOTS('',3,(#6195,#6196,#6197,#6198,#6199,#6200,
#6201,#6202,#6203,#6204,#6205,#6206,#6207,#6208,#6209,#6210,#6211,#6212,
#6213,#6214,#6215,#6216,#6217,#6218,#6219,#6220),.UNSPECIFIED.,.F.,.F.,
(4,1,1,1,1,1,1,1,1,1,1,1,1,1,1,1,1,1,1,1,1,1,1,4),(0.395217264628878,0.396772735190907,
0.398328205752935,0.39910594103395,0.399883676314965,0.401439146876994,
0.402994617439023,0.404550088001052,0.406105558563082,0.40766102912511,
0.40921649968714,0.410771970249169,0.412327440811198,0.413105176092213,
0.413494043732719,0.413882911373227,0.414660646654242,0.415438381935256,
0.41621611721627,0.416993852497285,0.417771587778299,0.418549323059314,
0.419327058340329,0.420104793621343),.UNSPECIFIED.);
#812=B_SPLINE_CURVE_WITH_KNOTS('',3,(#6259,#6260,#6261,#6262,#6263,#6264,
#6265,#6266,#6267,#6268,#6269,#6270,#6271,#6272,#6273,#6274,#6275,#6276,
#6277,#6278,#6279,#6280,#6281,#6282,#6283,#6284,#6285,#6286,#6287,#6288,
#6289,#6290,#6291,#6292,#6293,#6294,#6295,#6296,#6297,#6298,#6299,#6300,
#6301),.UNSPECIFIED.,.F.,.F.,(4,1,1,1,1,1,1,1,1,1,1,1,1,1,1,1,1,1,1,1,1,
1,1,1,1,1,1,1,1,1,1,1,1,1,1,1,1,1,1,1,4),(0.174387161181916,0.175060142219289,
0.175733123256663,0.176069613775349,0.176406104294035,0.176742594812722,
0.177079085331408,0.177752066368781,0.178425047406154,0.179098028443527,
0.1797710094809,0.180443990518273,0.181116971555646,0.181789952593019,0.182462933630392,
0.183808895705138,0.185154857779884,0.18650081985463,0.187846781929376,
0.190538706078868,0.19323063022836,0.195922554377851,0.198614478527343,
0.201306402676835,0.203998326826327,0.205344288901074,0.206690250975819,
0.208036213050565,0.209382175125311,0.210055156162684,0.210728137200057,
0.212074099274803,0.212747080312176,0.213420061349549,0.214093042386922,
0.214429532905609,0.214766023424295,0.215439004461668,0.216111985499041,
0.216784966536414,0.217457947573787),.UNSPECIFIED.);
#813=B_SPLINE_CURVE_WITH_KNOTS('',3,(#6338,#6339,#6340,#6341,#6342,#6343,
#6344,#6345,#6346,#6347,#6348,#6349,#6350,#6351,#6352,#6353,#6354,#6355,
#6356,#6357,#6358,#6359,#6360,#6361,#6362,#6363,#6364),.UNSPECIFIED.,.F.,
 .F.,(4,1,1,1,1,1,1,1,1,1,1,1,1,1,1,1,1,1,1,1,1,1,1,1,4),(0.137040014955548,
0.14085179187181,0.144663568788072,0.146569457246203,0.148475345704334,
0.150381234162465,0.152287122620596,0.154193011078727,0.156098899536858,
0.157051843765924,0.158004787994989,0.158957732224055,0.159910676453121,
0.160863620682186,0.161816564911251,0.162293037025785,0.162769509140317,
0.163722453369383,0.164675397598448,0.165151869712981,0.165628341827514,
0.166104813942047,0.166581286056579,0.167057758171112,0.167534230285645),
 .UNSPECIFIED.);
#814=B_SPLINE_CURVE_WITH_KNOTS('',3,(#6381,#6382,#6383,#6384,#6385,#6386,
#6387),.UNSPECIFIED.,.F.,.F.,(4,1,1,1,4),(0.075202693951842,0.0805679824452804,
0.0859332709387187,0.0912985594321571,0.0966638479255955),
 .QUASI_UNIFORM_KNOTS.);
#815=B_SPLINE_CURVE_WITH_KNOTS('',3,(#6422,#6423,#6424,#6425,#6426,#6427,
#6428,#6429,#6430,#6431,#6432,#6433,#6434,#6435,#6436,#6437,#6438,#6439,
#6440,#6441,#6442,#6443,#6444,#6445,#6446,#6447,#6448,#6449),
 .UNSPECIFIED.,.F.,.F.,(4,1,1,1,1,1,1,1,1,1,1,1,1,1,1,1,1,1,1,1,1,1,1,1,
1,4),(-0.0164934907172168,-0.0134939118076296,-0.0104943328980424,-0.00749475398845526,
-0.00449517507886808,-0.00299538562407448,-0.0014955961692809,-0.0007457014418841,
4.19328551269584E-6,0.00150398274030628,0.00300377219509988,0.00450356164989347,
0.00750314055948065,0.00900293001427424,0.0105027194690678,0.0120025089238614,
0.013502298378655,0.0150020878334486,0.0165018772882422,0.0180016667430358,
0.0195014561978294,0.021001245652623,0.0225010351074166,0.0255006140170038,
0.028500192926591,0.0314997718361781),.UNSPECIFIED.);
#816=B_SPLINE_CURVE_WITH_KNOTS('',3,(#6506,#6507,#6508,#6509,#6510,#6511,
#6512,#6513,#6514,#6515,#6516,#6517,#6518,#6519,#6520,#6521,#6522,#6523,
#6524,#6525,#6526,#6527,#6528,#6529,#6530,#6531,#6532,#6533,#6534,#6535,
#6536,#6537,#6538,#6539,#6540,#6541,#6542,#6543,#6544,#6545,#6546,#6547,
#6548,#6549,#6550,#6551,#6552,#6553,#6554,#6555,#6556,#6557,#6558,#6559,
#6560,#6561,#6562),.UNSPECIFIED.,.F.,.F.,(4,1,1,1,1,1,1,1,1,1,1,1,1,1,1,
1,1,1,1,1,1,1,1,1,1,1,1,1,1,1,1,1,1,1,1,1,1,1,1,1,1,1,1,1,1,1,1,1,1,1,1,
1,1,1,4),(-0.228538195934011,-0.157761787849841,-0.0869853797656723,-0.0515971757235877,
-0.0162089716815031,0.0191792323605815,0.0545674364026661,0.0899556404447507,
0.125343844486835,0.196120252571005,0.266896660655174,0.337673068739343,
0.408449476823512,0.426143578844555,0.443837680865596,0.461531782886639,
0.479225884907681,0.496919986928723,0.514614088949766,0.55000229299185,
0.585390497033935,0.62077870107602,0.656166905118104,0.691555109160189,
0.726943313202273,0.762331517244358,0.7800256192654,0.797719721286442,0.815413823307485,
0.824260874318006,0.833107925328527,0.841954976339048,0.846378501844309,
0.850802027349569,0.85964907836009,0.864072603865351,0.868496129370612,
0.870707892123242,0.872919654875872,0.875131417628502,0.877343180381133,
0.879554943133763,0.881766705886393,0.883978468639024,0.886190231391654,
0.888401994144284,0.890613756896915,0.89171963827323,0.892825519649545,
0.89393140102586,0.895037282402175,0.897249045154805,0.899460807907436,
0.901672570660066,0.903884333412696),.UNSPECIFIED.);
#817=B_SPLINE_CURVE_WITH_KNOTS('',3,(#6564,#6565,#6566,#6567,#6568,#6569,
#6570,#6571,#6572,#6573,#6574,#6575,#6576,#6577,#6578,#6579,#6580,#6581,
#6582,#6583,#6584,#6585,#6586,#6587,#6588,#6589,#6590,#6591,#6592,#6593,
#6594,#6595,#6596,#6597,#6598,#6599,#6600,#6601),.UNSPECIFIED.,.T.,.F.,
(1,3,1,1,1,1,1,1,1,1,1,1,1,1,1,1,1,1,1,1,1,1,1,1,1,1,1,1,1,1,1,1,1,1,1,
1,3,1),(-0.0327994231922177,0.,0.038533929238085,0.0866951240113032,0.118729873976191,
0.150793406777426,0.18080485936033,0.214469579613095,0.247895774154353,
0.286283279278111,0.324499019766416,0.355733711312068,0.391544598946675,
0.409561879276266,0.441635273204071,0.458304539293148,0.490718369323448,
0.512405064093164,0.543273848532159,0.561291151512421,0.588576740716743,
0.615414864028511,0.64454884936911,0.666777478666696,0.696199852999243,
0.719386002944705,0.742686415083992,0.76811132983458,0.791615246901514,
0.817751683005397,0.836640242951504,0.854010249723446,0.886051979820855,
0.905773980002449,0.930615722179004,0.967200576807782,1.,1.03853392923808),
 .UNSPECIFIED.);
#818=B_SPLINE_CURVE_WITH_KNOTS('',3,(#6650,#6651,#6652,#6653,#6654,#6655),
 .UNSPECIFIED.,.F.,.F.,(4,1,1,4),(0.,0.499999921733799,0.749999882600698,
0.999999843467597),.UNSPECIFIED.);
#819=B_SPLINE_CURVE_WITH_KNOTS('',3,(#6656,#6657,#6658,#6659),
 .UNSPECIFIED.,.F.,.F.,(4,4),(0.,1.),.UNSPECIFIED.);
#820=B_SPLINE_CURVE_WITH_KNOTS('',3,(#6780,#6781,#6782,#6783),
 .UNSPECIFIED.,.F.,.F.,(4,4),(0.,1.),.UNSPECIFIED.);
#821=B_SPLINE_CURVE_WITH_KNOTS('',3,(#7112,#7113,#7114,#7115,#7116),
 .UNSPECIFIED.,.F.,.F.,(4,1,4),(0.,0.5,1.),.UNSPECIFIED.);
#822=B_SPLINE_CURVE_WITH_KNOTS('',3,(#7197,#7198,#7199,#7200),
 .UNSPECIFIED.,.F.,.F.,(4,4),(0.,1.),.UNSPECIFIED.);
#823=B_SPLINE_CURVE_WITH_KNOTS('',3,(#7637,#7638,#7639,#7640,#7641,#7642,
#7643,#7644,#7645),.UNSPECIFIED.,.F.,.F.,(4,1,1,1,1,1,4),(0.,0.25,0.5,0.75,
0.875,0.9375,1.),.UNSPECIFIED.);
#824=B_SPLINE_CURVE_WITH_KNOTS('',3,(#7722,#7723,#7724,#7725,#7726),
 .UNSPECIFIED.,.F.,.F.,(4,1,4),(0.,0.5,1.),.UNSPECIFIED.);
#825=B_SPLINE_CURVE_WITH_KNOTS('',3,(#7799,#7800,#7801,#7802),
 .UNSPECIFIED.,.F.,.F.,(4,4),(0.,1.),.UNSPECIFIED.);
#826=B_SPLINE_CURVE_WITH_KNOTS('',3,(#7843,#7844,#7845,#7846),
 .UNSPECIFIED.,.F.,.F.,(4,4),(0.,1.),.UNSPECIFIED.);
#827=B_SPLINE_CURVE_WITH_KNOTS('',3,(#7875,#7876,#7877,#7878),
 .UNSPECIFIED.,.F.,.F.,(4,4),(0.,1.),.UNSPECIFIED.);
#828=B_SPLINE_CURVE_WITH_KNOTS('',3,(#8027,#8028,#8029,#8030,#8031,#8032,
#8033,#8034,#8035,#8036,#8037,#8038,#8039),.UNSPECIFIED.,.F.,.F.,(4,1,1,
1,1,1,1,1,1,1,4),(0.,0.015625,0.03125,0.0625,0.125,0.1875,0.25,0.375,0.5,
0.75,1.),.UNSPECIFIED.);
#829=B_SPLINE_CURVE_WITH_KNOTS('',3,(#8096,#8097,#8098,#8099,#8100,#8101),
 .UNSPECIFIED.,.F.,.F.,(4,1,1,4),(0.,0.5,0.75,1.),.UNSPECIFIED.);
#830=B_SPLINE_CURVE_WITH_KNOTS('',3,(#8122,#8123,#8124,#8125),
 .UNSPECIFIED.,.F.,.F.,(4,4),(0.,1.),.UNSPECIFIED.);
#831=B_SPLINE_CURVE_WITH_KNOTS('',3,(#8284,#8285,#8286,#8287,#8288,#8289,
#8290,#8291,#8292,#8293,#8294,#8295,#8296,#8297,#8298,#8299,#8300,#8301,
#8302,#8303,#8304,#8305,#8306,#8307,#8308,#8309,#8310,#8311,#8312,#8313,
#8314,#8315,#8316,#8317,#8318,#8319,#8320,#8321),.UNSPECIFIED.,.T.,.F.,
(1,3,1,1,1,1,1,1,1,1,1,1,1,1,1,1,1,1,1,1,1,1,1,1,1,1,1,1,1,1,1,1,1,1,1,
1,3,1),(-0.0327994231922177,0.,0.038533929238085,0.0866951240113032,0.118729873976191,
0.150793406777426,0.18080485936033,0.214469579613095,0.247895774154353,
0.286283279278111,0.324499019766416,0.355733711312068,0.391544598946675,
0.409561879276266,0.441635273204071,0.458304539293148,0.490718369323448,
0.512405064093164,0.543273848532159,0.561291151512421,0.588576740716743,
0.615414864028511,0.64454884936911,0.666777478666696,0.696199852999243,
0.719386002944705,0.742686415083992,0.76811132983458,0.791615246901514,
0.817751683005397,0.836640242951504,0.854010249723446,0.886051979820855,
0.905773980002449,0.930615722179004,0.967200576807782,1.,1.03853392923808),
 .UNSPECIFIED.);
#832=B_SPLINE_CURVE_WITH_KNOTS('',3,(#8323,#8324,#8325,#8326,#8327,#8328,
#8329,#8330,#8331,#8332,#8333,#8334,#8335,#8336,#8337),.UNSPECIFIED.,.T.,
 .F.,(1,3,1,1,1,1,1,1,1,1,1,1,1,3,1),(-0.0486679998367213,0.,0.0897628443157417,
0.184932320977756,0.281897577197351,0.353249949981314,0.443362275089634,
0.532412804451394,0.639738781634095,0.732788601079663,0.821062417234519,
0.894527439203901,0.951332000163279,1.,1.08976284431574),.UNSPECIFIED.);
#833=B_SPLINE_CURVE_WITH_KNOTS('',3,(#8339,#8340,#8341,#8342,#8343,#8344,
#8345,#8346,#8347,#8348,#8349,#8350,#8351,#8352,#8353,#8354),
 .UNSPECIFIED.,.F.,.F.,(4,3,1,1,1,1,1,1,1,1,1,4),(0.932550219606465,1.,
1.07392204554556,1.12625215187705,1.19731972951303,1.25852866967284,1.31842523886293,
1.42715105899287,1.50916254555249,1.57722330657688,1.64849963212482,1.71056867071498),
 .UNSPECIFIED.);
#834=B_SPLINE_CURVE_WITH_KNOTS('',3,(#8397,#8398,#8399,#8400,#8401,#8402,
#8403,#8404,#8405,#8406,#8407,#8408,#8409,#8410,#8411,#8412,#8413,#8414,
#8415,#8416,#8417),.UNSPECIFIED.,.F.,.F.,(4,1,1,1,1,1,1,1,1,1,1,1,1,1,1,
1,1,1,4),(0.,0.0625,0.125,0.15625,0.1875,0.25,0.3125,0.375,0.4375,0.5,0.5625,
0.625,0.65625,0.6875,0.75,0.8125,0.875,0.9375,1.),.UNSPECIFIED.);
#835=B_SPLINE_CURVE_WITH_KNOTS('',3,(#8448,#8449,#8450,#8451,#8452,#8453,
#8454,#8455,#8456,#8457,#8458,#8459,#8460,#8461,#8462,#8463,#8464,#8465,
#8466,#8467,#8468,#8469,#8470,#8471),.UNSPECIFIED.,.T.,.F.,(1,1,1,1,1,1,
1,1,1,1,1,1,1,1,1,1,1,1,1,1,1,1,1,1,1,1,1,1),(-0.125,-0.09375,-0.0625,0.,
0.03125,0.0625,0.09375,0.125,0.15625,0.1875,0.25,0.3125,0.375,0.4375,0.5,
0.5625,0.625,0.6875,0.71875,0.75,0.8125,0.875,0.90625,0.9375,1.,1.03125,
1.0625,1.09375),.UNSPECIFIED.);
#836=B_SPLINE_CURVE_WITH_KNOTS('',3,(#8511,#8512,#8513,#8514,#8515,#8516,
#8517,#8518,#8519,#8520,#8521,#8522,#8523,#8524,#8525,#8526,#8527,#8528,
#8529,#8530,#8531,#8532,#8533,#8534,#8535,#8536,#8537,#8538,#8539,#8540),
 .UNSPECIFIED.,.T.,.F.,(1,1,1,1,1,1,1,1,1,1,1,1,1,1,1,1,1,1,1,1,1,1,1,1,
1,1,1,1,1,1,1,1,1,1),(-0.125,-0.09375,-0.0625,0.,0.03125,0.0625,0.09375,
0.125,0.15625,0.1875,0.21875,0.25,0.28125,0.3125,0.34375,0.375,0.40625,
0.4375,0.46875,0.5,0.53125,0.5625,0.625,0.6875,0.75,0.8125,0.84375,0.875,
0.90625,0.9375,1.,1.03125,1.0625,1.09375),.UNSPECIFIED.);
#837=B_SPLINE_CURVE_WITH_KNOTS('',3,(#8542,#8543,#8544,#8545,#8546,#8547,
#8548,#8549,#8550,#8551,#8552,#8553,#8554,#8555,#8556,#8557,#8558,#8559,
#8560),.UNSPECIFIED.,.T.,.F.,(1,3,1,1,1,1,1,1,1,1,1,1,1,1,1,1,1,3,1),(-0.0414745808675561,
0.,0.0682652702725526,0.133135575215219,0.192281107310328,0.278703410581136,
0.359182023206364,0.431168153333367,0.492314669694854,0.554577862351624,
0.611435541216799,0.677256180257388,0.738980428760971,0.803748299137848,
0.863068541586585,0.895895388978003,0.958525419132444,1.,1.06826527027255),
 .UNSPECIFIED.);
#838=B_SPLINE_CURVE_WITH_KNOTS('',3,(#8595,#8596,#8597,#8598,#8599,#8600,
#8601,#8602,#8603,#8604,#8605,#8606,#8607,#8608,#8609,#8610,#8611,#8612,
#8613,#8614,#8615),.UNSPECIFIED.,.T.,.F.,(1,1,1,1,1,1,1,1,1,1,1,1,1,1,1,
1,1,1,1,1,1,1,1,1,1),(-0.1875,-0.125,-0.0625,0.,0.0625,0.125,0.1875,0.25,
0.28125,0.3125,0.375,0.4375,0.5,0.5625,0.625,0.6875,0.75,0.78125,0.8125,
0.875,0.9375,1.,1.0625,1.125,1.1875),.UNSPECIFIED.);
#839=B_SPLINE_CURVE_WITH_KNOTS('',3,(#8617,#8618,#8619,#8620,#8621,#8622,
#8623,#8624,#8625,#8626,#8627,#8628,#8629,#8630,#8631,#8632),
 .UNSPECIFIED.,.T.,.F.,(1,3,1,1,1,1,1,1,1,1,1,1,1,1,3,1),(-0.0521836070179655,
0.,0.0986301849200229,0.192958770369215,0.263719065766724,0.336113411419152,
0.398339886064526,0.477624726671806,0.546767910061965,0.623394757270036,
0.693545020120621,0.787648881466771,0.873307695475113,0.947816392982034,
1.,1.09863018492002),.UNSPECIFIED.);
#840=B_SPLINE_CURVE_WITH_KNOTS('',3,(#8791,#8792,#8793,#8794,#8795,#8796,
#8797,#8798,#8799,#8800,#8801,#8802,#8803),.UNSPECIFIED.,.F.,.F.,(4,1,1,
1,1,1,1,1,1,1,4),(0.,0.25,0.375,0.4375,0.5,0.5625,0.625,0.6875,0.75,0.875,
1.),.UNSPECIFIED.);
#841=EDGE_LOOP('',(#138,#139,#140,#141,#142,#143,#144));
#842=EDGE_LOOP('',(#145));
#843=EDGE_LOOP('',(#146));
#844=EDGE_LOOP('',(#147,#148,#149,#150,#151,#152,#153,#154,#155,#156,#157,
#158,#159));
#845=EDGE_LOOP('',(#160,#161,#162,#163,#164,#165,#166,#167,#168,#169,#170));
#846=EDGE_LOOP('',(#171,#172,#173,#174,#175,#176));
#847=EDGE_LOOP('',(#177,#178));
#848=EDGE_LOOP('',(#179,#180));
#849=EDGE_LOOP('',(#181,#182,#183,#184));
#850=EDGE_LOOP('',(#185,#186,#187,#188));
#851=EDGE_LOOP('',(#189,#190,#191,#192));
#852=EDGE_LOOP('',(#193,#194,#195,#196));
#853=EDGE_LOOP('',(#197,#198,#199,#200));
#854=EDGE_LOOP('',(#201,#202,#203,#204));
#855=EDGE_LOOP('',(#205,#206,#207,#208));
#856=EDGE_LOOP('',(#209,#210,#211,#212));
#857=EDGE_LOOP('',(#213,#214,#215,#216));
#858=EDGE_LOOP('',(#217,#218,#219,#220));
#859=EDGE_LOOP('',(#221,#222,#223,#224));
#860=EDGE_LOOP('',(#225,#226,#227,#228));
#861=EDGE_LOOP('',(#229,#230,#231,#232));
#862=EDGE_LOOP('',(#233,#234,#235,#236));
#863=EDGE_LOOP('',(#237,#238,#239,#240));
#864=EDGE_LOOP('',(#241,#242,#243,#244,#245,#246,#247));
#865=EDGE_LOOP('',(#248,#249,#250,#251,#252,#253,#254,#255,#256,#257));
#866=EDGE_LOOP('',(#258,#259,#260,#261,#262,#263,#264,#265,#266,#267,#268,
#269,#270,#271));
#867=EDGE_LOOP('',(#272,#273,#274,#275,#276,#277,#278,#279,#280,#281,#282,
#283,#284));
#868=EDGE_LOOP('',(#285,#286,#287,#288));
#869=EDGE_LOOP('',(#289,#290,#291,#292));
#870=EDGE_LOOP('',(#293,#294,#295,#296));
#871=EDGE_LOOP('',(#297,#298,#299,#300));
#872=EDGE_LOOP('',(#301,#302,#303,#304));
#873=EDGE_LOOP('',(#305,#306,#307,#308));
#874=EDGE_LOOP('',(#309,#310,#311,#312));
#875=EDGE_LOOP('',(#313,#314,#315,#316));
#876=EDGE_LOOP('',(#317,#318,#319,#320));
#877=EDGE_LOOP('',(#321,#322,#323,#324));
#878=EDGE_LOOP('',(#325,#326,#327,#328));
#879=EDGE_LOOP('',(#329,#330,#331,#332));
#880=EDGE_LOOP('',(#333,#334,#335,#336));
#881=EDGE_LOOP('',(#337,#338,#339,#340));
#882=EDGE_LOOP('',(#341,#342,#343,#344,#345,#346));
#883=EDGE_LOOP('',(#347,#348,#349,#350,#351,#352,#353,#354,#355,#356,#357,
#358,#359,#360));
#884=EDGE_LOOP('',(#361,#362,#363,#364,#365,#366));
#885=EDGE_LOOP('',(#367,#368,#369,#370,#371));
#886=EDGE_LOOP('',(#372,#373,#374,#375,#376,#377));
#887=EDGE_LOOP('',(#378,#379,#380,#381));
#888=EDGE_LOOP('',(#382,#383,#384,#385,#386));
#889=EDGE_LOOP('',(#387,#388,#389,#390));
#890=EDGE_LOOP('',(#391,#392,#393,#394));
#891=EDGE_LOOP('',(#395,#396,#397,#398));
#892=EDGE_LOOP('',(#399,#400,#401,#402));
#893=EDGE_LOOP('',(#403,#404,#405,#406));
#894=EDGE_LOOP('',(#407,#408,#409,#410,#411));
#895=EDGE_LOOP('',(#412,#413,#414,#415));
#896=EDGE_LOOP('',(#416,#417,#418,#419,#420));
#897=EDGE_LOOP('',(#421,#422,#423,#424));
#898=EDGE_LOOP('',(#425));
#899=EDGE_LOOP('',(#426,#427,#428,#429));
#900=EDGE_LOOP('',(#430,#431,#432,#433));
#901=EDGE_LOOP('',(#434));
#902=EDGE_LOOP('',(#435));
#903=EDGE_LOOP('',(#436));
#904=EDGE_LOOP('',(#437));
#905=EDGE_LOOP('',(#438));
#906=EDGE_LOOP('',(#439));
#907=EDGE_LOOP('',(#440));
#908=EDGE_LOOP('',(#441));
#909=EDGE_LOOP('',(#442,#443,#444,#445,#446,#447));
#910=EDGE_LOOP('',(#448,#449,#450));
#911=EDGE_LOOP('',(#451));
#912=EDGE_LOOP('',(#452));
#913=EDGE_LOOP('',(#453));
#914=EDGE_LOOP('',(#454));
#915=EDGE_LOOP('',(#455));
#916=FACE_BOUND('',#841,.T.);
#917=FACE_BOUND('',#842,.T.);
#918=FACE_BOUND('',#843,.T.);
#919=FACE_BOUND('',#844,.T.);
#920=FACE_BOUND('',#845,.T.);
#921=FACE_BOUND('',#846,.T.);
#922=FACE_BOUND('',#847,.T.);
#923=FACE_BOUND('',#848,.T.);
#924=FACE_BOUND('',#849,.T.);
#925=FACE_BOUND('',#850,.T.);
#926=FACE_BOUND('',#851,.T.);
#927=FACE_BOUND('',#852,.T.);
#928=FACE_BOUND('',#853,.T.);
#929=FACE_BOUND('',#854,.T.);
#930=FACE_BOUND('',#855,.T.);
#931=FACE_BOUND('',#856,.T.);
#932=FACE_BOUND('',#857,.T.);
#933=FACE_BOUND('',#858,.T.);
#934=FACE_BOUND('',#859,.T.);
#935=FACE_BOUND('',#860,.T.);
#936=FACE_BOUND('',#861,.T.);
#937=FACE_BOUND('',#862,.T.);
#938=FACE_BOUND('',#863,.T.);
#939=FACE_BOUND('',#864,.T.);
#940=FACE_BOUND('',#865,.T.);
#941=FACE_BOUND('',#866,.T.);
#942=FACE_BOUND('',#867,.T.);
#943=FACE_BOUND('',#868,.T.);
#944=FACE_BOUND('',#869,.T.);
#945=FACE_BOUND('',#870,.T.);
#946=FACE_BOUND('',#871,.T.);
#947=FACE_BOUND('',#872,.T.);
#948=FACE_BOUND('',#873,.T.);
#949=FACE_BOUND('',#874,.T.);
#950=FACE_BOUND('',#875,.T.);
#951=FACE_BOUND('',#876,.T.);
#952=FACE_BOUND('',#877,.T.);
#953=FACE_BOUND('',#878,.T.);
#954=FACE_BOUND('',#879,.T.);
#955=FACE_BOUND('',#880,.T.);
#956=FACE_BOUND('',#881,.T.);
#957=FACE_BOUND('',#882,.T.);
#958=FACE_BOUND('',#883,.T.);
#959=FACE_BOUND('',#884,.T.);
#960=FACE_BOUND('',#885,.T.);
#961=FACE_BOUND('',#886,.T.);
#962=FACE_BOUND('',#887,.T.);
#963=FACE_BOUND('',#888,.T.);
#964=FACE_BOUND('',#889,.T.);
#965=FACE_BOUND('',#890,.T.);
#966=FACE_BOUND('',#891,.T.);
#967=FACE_BOUND('',#892,.T.);
#968=FACE_BOUND('',#893,.T.);
#969=FACE_BOUND('',#894,.T.);
#970=FACE_BOUND('',#895,.T.);
#971=FACE_BOUND('',#896,.T.);
#972=FACE_BOUND('',#897,.T.);
#973=FACE_BOUND('',#898,.T.);
#974=FACE_BOUND('',#899,.T.);
#975=FACE_BOUND('',#900,.T.);
#976=FACE_BOUND('',#901,.T.);
#977=FACE_BOUND('',#902,.T.);
#978=FACE_BOUND('',#903,.T.);
#979=FACE_BOUND('',#904,.T.);
#980=FACE_BOUND('',#905,.T.);
#981=FACE_BOUND('',#906,.T.);
#982=FACE_BOUND('',#907,.T.);
#983=FACE_BOUND('',#908,.T.);
#984=FACE_BOUND('',#909,.T.);
#985=FACE_BOUND('',#910,.T.);
#986=FACE_BOUND('',#911,.T.);
#987=FACE_BOUND('',#912,.T.);
#988=FACE_BOUND('',#913,.T.);
#989=FACE_BOUND('',#914,.T.);
#990=FACE_BOUND('',#915,.T.);
#991=PLANE('',#1080);
#992=PLANE('',#1081);
#993=PLANE('',#1082);
#994=PLANE('',#1083);
#995=PLANE('',#1084);
#996=PLANE('',#1085);
#997=PLANE('',#1086);
#998=PLANE('',#1090);
#999=PLANE('',#1091);
#1000=PLANE('',#1092);
#1001=PLANE('',#1093);
#1002=ADVANCED_FACE('',(#916),#991,.F.);
#1003=ADVANCED_FACE('',(#917,#918),#992,.T.);
#1004=ADVANCED_FACE('',(#919),#85,.T.);
#1005=ADVANCED_FACE('',(#920),#86,.T.);
#1006=ADVANCED_FACE('',(#921),#993,.F.);
#1007=ADVANCED_FACE('',(#922),#994,.F.);
#1008=ADVANCED_FACE('',(#923),#995,.F.);
#1009=ADVANCED_FACE('',(#924),#87,.F.);
#1010=ADVANCED_FACE('',(#925),#88,.F.);
#1011=ADVANCED_FACE('',(#926),#89,.T.);
#1012=ADVANCED_FACE('',(#927),#90,.T.);
#1013=ADVANCED_FACE('',(#928),#91,.T.);
#1014=ADVANCED_FACE('',(#929),#92,.T.);
#1015=ADVANCED_FACE('',(#930),#93,.F.);
#1016=ADVANCED_FACE('',(#931),#94,.F.);
#1017=ADVANCED_FACE('',(#932),#95,.F.);
#1018=ADVANCED_FACE('',(#933),#96,.F.);
#1019=ADVANCED_FACE('',(#934),#97,.F.);
#1020=ADVANCED_FACE('',(#935),#98,.F.);
#1021=ADVANCED_FACE('',(#936),#99,.F.);
#1022=ADVANCED_FACE('',(#937),#100,.F.);
#1023=ADVANCED_FACE('',(#938),#101,.T.);
#1024=ADVANCED_FACE('',(#939),#102,.F.);
#1025=ADVANCED_FACE('',(#940),#996,.F.);
#1026=ADVANCED_FACE('',(#941,#942),#997,.F.);
#1027=ADVANCED_FACE('',(#943),#12,.T.);
#1028=ADVANCED_FACE('',(#944),#103,.T.);
#1029=ADVANCED_FACE('',(#945),#104,.F.);
#1030=ADVANCED_FACE('',(#946),#105,.F.);
#1031=ADVANCED_FACE('',(#947),#106,.F.);
#1032=ADVANCED_FACE('',(#948),#107,.F.);
#1033=ADVANCED_FACE('',(#949),#108,.F.);
#1034=ADVANCED_FACE('',(#950),#109,.F.);
#1035=ADVANCED_FACE('',(#951),#110,.F.);
#1036=ADVANCED_FACE('',(#952),#111,.F.);
#1037=ADVANCED_FACE('',(#953),#112,.F.);
#1038=ADVANCED_FACE('',(#954),#113,.F.);
#1039=ADVANCED_FACE('',(#955),#114,.F.);
#1040=ADVANCED_FACE('',(#956),#115,.T.);
#1041=ADVANCED_FACE('',(#957,#958),#998,.T.);
#1042=ADVANCED_FACE('',(#959),#116,.T.);
#1043=ADVANCED_FACE('',(#960),#117,.T.);
#1044=ADVANCED_FACE('',(#961),#118,.T.);
#1045=ADVANCED_FACE('',(#962),#119,.T.);
#1046=ADVANCED_FACE('',(#963),#120,.T.);
#1047=ADVANCED_FACE('',(#964),#121,.T.);
#1048=ADVANCED_FACE('',(#965),#122,.T.);
#1049=ADVANCED_FACE('',(#966),#123,.T.);
#1050=ADVANCED_FACE('',(#967),#124,.T.);
#1051=ADVANCED_FACE('',(#968),#125,.T.);
#1052=ADVANCED_FACE('',(#969),#126,.T.);
#1053=ADVANCED_FACE('',(#970),#127,.T.);
#1054=ADVANCED_FACE('',(#971),#128,.T.);
#1055=ADVANCED_FACE('',(#972),#129,.F.);
#1056=ADVANCED_FACE('',(#973,#974),#999,.T.);
#1057=ADVANCED_FACE('',(#975),#130,.T.);
#1058=ADVANCED_FACE('',(#976,#977),#131,.T.);
#1059=ADVANCED_FACE('',(#978,#979),#132,.T.);
#1060=ADVANCED_FACE('',(#980),#1000,.T.);
#1061=ADVANCED_FACE('',(#981,#982),#133,.F.);
#1062=ADVANCED_FACE('',(#983),#1001,.T.);
#1063=ADVANCED_FACE('',(#984),#134,.T.);
#1064=ADVANCED_FACE('',(#985,#986),#135,.T.);
#1065=ADVANCED_FACE('',(#987,#988),#136,.T.);
#1066=ADVANCED_FACE('',(#989,#990),#137,.T.);
#1067=CLOSED_SHELL('',(#1002,#1003,#1004,#1005,#1006,#1007,#1008,#1009,
#1010,#1011,#1012,#1013,#1014,#1015,#1016,#1017,#1018,#1019,#1020,#1021,
#1022,#1023,#1024,#1025,#1026,#1027,#1028,#1029,#1030,#1031,#1032,#1033,
#1034,#1035,#1036,#1037,#1038,#1039,#1040,#1041,#1042,#1043,#1044,#1045,
#1046,#1047,#1048,#1049,#1050,#1051,#1052,#1053,#1054,#1055,#1056,#1057,
#1058,#1059,#1060,#1061,#1062,#1063,#1064,#1065,#1066));
#1068=STYLED_ITEM('',(#1069),#1076);
#1069=PRESENTATION_STYLE_ASSIGNMENT((#1070));
#1070=SURFACE_STYLE_USAGE(.BOTH.,#1071);
#1071=SURFACE_SIDE_STYLE('',(#1072));
#1072=SURFACE_STYLE_FILL_AREA(#1073);
#1073=FILL_AREA_STYLE('',(#1074));
#1074=FILL_AREA_STYLE_COLOUR('',#1075);
#1075=COLOUR_RGB('',0.615686274509804,0.811764705882353,0.929411764705882);
#1076=MANIFOLD_SOLID_BREP('Part 1',#1067);
#1077=SHAPE_DEFINITION_REPRESENTATION(#9226,#1078);
#1078=SHAPE_REPRESENTATION('Part 1',(#1079),#9221);
#1079=AXIS2_PLACEMENT_3D('',#1159,#1094,#1095);
#1080=AXIS2_PLACEMENT_3D('',#1160,#1096,#1097);
#1081=AXIS2_PLACEMENT_3D('',#1641,#1098,#1099);
#1082=AXIS2_PLACEMENT_3D('',#2662,#1106,#1107);
#1083=AXIS2_PLACEMENT_3D('',#2808,#1108,#1109);
#1084=AXIS2_PLACEMENT_3D('',#2953,#1110,#1111);
#1085=AXIS2_PLACEMENT_3D('',#4480,#1127,#1128);
#1086=AXIS2_PLACEMENT_3D('',#4817,#1129,#1130);
#1087=AXIS2_PLACEMENT_3D('',#4818,#1131,#1132);
#1088=AXIS2_PLACEMENT_3D('',#5402,#1133,#1134);
#1089=AXIS2_PLACEMENT_3D('',#5405,#1136,#1137);
#1090=AXIS2_PLACEMENT_3D('',#6563,#1151,#1152);
#1091=AXIS2_PLACEMENT_3D('',#8322,#1153,#1154);
#1092=AXIS2_PLACEMENT_3D('',#8562,#1155,#1156);
#1093=AXIS2_PLACEMENT_3D('',#8634,#1157,#1158);
#1094=DIRECTION('',(0.,0.,1.));
#1095=DIRECTION('',(1.,0.,0.));
#1096=DIRECTION('',(0.,-1.,0.));
#1097=DIRECTION('',(-1.,0.,0.));
#1098=DIRECTION('',(0.,1.,0.));
#1099=DIRECTION('',(1.,0.,0.));
#1100=DIRECTION('',(0.,1.,0.));
#1101=DIRECTION('',(0.,1.,0.));
#1102=DIRECTION('',(0.,1.,0.));
#1103=DIRECTION('',(0.,1.,0.));
#1104=DIRECTION('',(0.,1.,0.));
#1105=DIRECTION('',(0.,1.,0.));
#1106=DIRECTION('',(0.,-1.,0.));
#1107=DIRECTION('',(-1.,0.,0.));
#1108=DIRECTION('',(0.,-1.,0.));
#1109=DIRECTION('',(-1.,0.,0.));
#1110=DIRECTION('',(0.,-1.,0.));
#1111=DIRECTION('',(-1.,0.,0.));
#1112=DIRECTION('',(0.,1.,0.));
#1113=DIRECTION('',(0.,1.,0.));
#1114=DIRECTION('',(0.,1.,0.));
#1115=DIRECTION('',(0.,1.,0.));
#1116=DIRECTION('',(0.,1.,0.));
#1117=DIRECTION('',(0.,1.,0.));
#1118=DIRECTION('',(0.,1.,0.));
#1119=DIRECTION('',(0.,1.,0.));
#1120=DIRECTION('',(0.,1.,0.));
#1121=DIRECTION('',(0.,1.,0.));
#1122=DIRECTION('',(0.,1.,0.));
#1123=DIRECTION('',(0.,1.,0.));
#1124=DIRECTION('',(0.,1.,0.));
#1125=DIRECTION('',(0.,1.,0.));
#1126=DIRECTION('',(0.,1.,0.));
#1127=DIRECTION('',(0.,-1.,0.));
#1128=DIRECTION('',(-1.,0.,0.));
#1129=DIRECTION('',(9.92544945974968E-13,-1.,1.67073611204199E-12));
#1130=DIRECTION('',(0.,-1.67073611204199E-12,-1.));
#1131=DIRECTION('',(0.,1.,0.));
#1132=DIRECTION('',(0.,0.,1.));
#1133=DIRECTION('',(0.,1.,0.));
#1134=DIRECTION('',(0.518119267253084,0.,0.855308380001697));
#1135=DIRECTION('',(0.,1.,0.));
#1136=DIRECTION('',(0.,1.,0.));
#1137=DIRECTION('',(0.,0.,1.));
#1138=DIRECTION('',(0.,1.,0.));
#1139=DIRECTION('',(0.,1.,0.));
#1140=DIRECTION('',(0.,1.,0.));
#1141=DIRECTION('',(0.,1.,0.));
#1142=DIRECTION('',(0.,1.,0.));
#1143=DIRECTION('',(0.,1.,0.));
#1144=DIRECTION('',(0.,1.,0.));
#1145=DIRECTION('',(0.,1.,0.));
#1146=DIRECTION('',(0.,1.,0.));
#1147=DIRECTION('',(0.,1.,0.));
#1148=DIRECTION('',(0.,1.,0.));
#1149=DIRECTION('',(0.,1.,0.));
#1150=DIRECTION('',(0.,1.,0.));
#1151=DIRECTION('',(9.92544945974968E-13,-1.,1.67073611204199E-12));
#1152=DIRECTION('',(0.,-1.67073611204199E-12,-1.));
#1153=DIRECTION('',(0.,1.,0.));
#1154=DIRECTION('',(1.,0.,0.));
#1155=DIRECTION('',(0.,1.,0.));
#1156=DIRECTION('',(1.,0.,0.));
#1157=DIRECTION('',(0.,1.,0.));
#1158=DIRECTION('',(1.,0.,0.));
#1159=CARTESIAN_POINT('',(0.,0.,0.));
#1160=CARTESIAN_POINT('',(-0.0118164283292791,0.,0.0328833783797694));
#1161=CARTESIAN_POINT('',(-0.00768354467275828,0.,-0.0336294849210138));
#1162=CARTESIAN_POINT('',(-0.00762610719517844,0.,-0.0335946209245751));
#1163=CARTESIAN_POINT('',(-0.00748022597735889,0.,-0.0335162730046023));
#1164=CARTESIAN_POINT('',(-0.00724668370682929,0.,-0.03351177645049));
#1165=CARTESIAN_POINT('',(-0.00709651461773778,0.,-0.0336395145186054));
#1166=CARTESIAN_POINT('',(-0.00697225100191776,0.,-0.0339349177396035));
#1167=CARTESIAN_POINT('',(-0.00693061025389977,0.,-0.0340803193897911));
#1168=CARTESIAN_POINT('',(-0.00690261440619597,0.,-0.0341918905335358));
#1169=CARTESIAN_POINT('',(-0.00687089624467359,0.,-0.0343532904202785));
#1170=CARTESIAN_POINT('',(-0.00683583284817329,0.,-0.0346275803747332));
#1171=CARTESIAN_POINT('',(-0.00682111957172976,0.,-0.0349842710919976));
#1172=CARTESIAN_POINT('',(-0.00684060722842312,0.,-0.0353517506983156));
#1173=CARTESIAN_POINT('',(-0.00691559950487717,0.,-0.0357253447025092));
#1174=CARTESIAN_POINT('',(-0.00698106185671998,0.,-0.0359089169795003));
#1175=CARTESIAN_POINT('',(-0.00704211274875298,0.,-0.036045033387008));
#1176=CARTESIAN_POINT('',(-0.00716866185408653,0.,-0.0362701848384178));
#1177=CARTESIAN_POINT('',(-0.00729555145495293,0.,-0.0363910971311377));
#1178=CARTESIAN_POINT('',(-0.0074692171239938,0.,-0.0364332835346327));
#1179=CARTESIAN_POINT('',(-0.00753401249865047,0.,-0.0364345711325841));
#1180=CARTESIAN_POINT('',(-0.00768029650315251,0.,-0.0364273785280888));
#1181=CARTESIAN_POINT('',(-0.00787737024631997,0.,-0.036407726067475));
#1182=CARTESIAN_POINT('',(-0.00802327471840479,0.,-0.03639874154216));
#1183=CARTESIAN_POINT('',(-0.00815481791033914,0.,-0.0363969040738933));
#1184=CARTESIAN_POINT('',(-0.00832438500074107,0.,-0.0364199704211841));
#1185=CARTESIAN_POINT('',(-0.00847700139682507,0.,-0.0364605413721216));
#1186=CARTESIAN_POINT('',(-0.00857067745684712,0.,-0.0364913122650439));
#1187=CARTESIAN_POINT('',(-0.00874842641263109,0.,-0.0365595589396317));
#1188=CARTESIAN_POINT('',(-0.00905216565158847,0.,-0.0366818084363245));
#1189=CARTESIAN_POINT('',(-0.00919285301630106,0.,-0.0367207846186679));
#1190=CARTESIAN_POINT('',(-0.009333341228589,0.,-0.0367213236369753));
#1191=CARTESIAN_POINT('',(-0.00947994891905611,0.,-0.0366969042975677));
#1192=CARTESIAN_POINT('',(-0.0095400434953851,0.,-0.0366837182531649));
#1193=CARTESIAN_POINT('',(-0.00954428210154194,0.,-0.0366826150206361));
#1194=CARTESIAN_POINT('',(-0.00958745587215226,0.,-0.0366725523978438));
#1195=CARTESIAN_POINT('',(-0.00972373147323133,0.,-0.0366400727946935));
#1196=CARTESIAN_POINT('',(-0.00994790191645751,0.,-0.0365862988508907));
#1197=CARTESIAN_POINT('',(-0.0101934863628604,0.,-0.0365271846808983));
#1198=CARTESIAN_POINT('',(-0.00768401198944596,0.,-0.0336287176371816));
#1199=CARTESIAN_POINT('',(-0.0101930204389775,2.71990600183867E-7,-0.0365270165346944));
#1200=CARTESIAN_POINT('',(-0.0282676219940186,0.,0.0259871613234281));
#1201=CARTESIAN_POINT('',(-0.0273868759778081,0.,0.0248381015342088));
#1202=CARTESIAN_POINT('',(-0.0251576633942947,0.,0.0219297732600048));
#1203=CARTESIAN_POINT('',(-0.0119254797173869,0.,0.0191063717440684));
#1204=CARTESIAN_POINT('',(-0.011728529041028,0.,0.0185578754406408));
#1205=CARTESIAN_POINT('',(-0.014393685898545,0.,0.0143114755774253));
#1206=CARTESIAN_POINT('',(-0.0152732583220054,0.,-0.00586678145060337));
#1207=CARTESIAN_POINT('',(-0.0130743760906527,0.,-0.00365076014218949));
#1208=CARTESIAN_POINT('',(-0.0131485400652318,0.,-0.00392484380378233));
#1209=CARTESIAN_POINT('',(-0.0140228191903433,0.,-0.00379112700070137));
#1210=CARTESIAN_POINT('',(-0.0275385800216344,0.,-0.0125467637288296));
#1211=CARTESIAN_POINT('',(-0.0265193920970224,0.,-0.015149759939818));
#1212=CARTESIAN_POINT('',(-0.0270228519498206,0.,-0.0164680303007483));
#1213=CARTESIAN_POINT('',(-0.0206896466930495,0.,-0.0248519755463363));
#1214=CARTESIAN_POINT('',(-0.0180676517407855,0.,-0.0253663206761331));
#1215=CARTESIAN_POINT('',(-0.0141991718456452,0.,-0.0227663824975349));
#1216=CARTESIAN_POINT('',(-0.0112200905723819,0.,-0.0205709038643655));
#1217=CARTESIAN_POINT('',(-0.00690847575116219,0.,-0.00934993429714789));
#1218=CARTESIAN_POINT('',(-0.00583293680614646,0.,-0.0147310296826338));
#1219=CARTESIAN_POINT('',(-0.00466480042058795,0.,-0.0203677759364253));
#1220=CARTESIAN_POINT('',(-0.00362663707437217,0.,-0.0262151419595777));
#1221=CARTESIAN_POINT('',(-0.00642706446371832,0.,-0.0258819578467352));
#1222=CARTESIAN_POINT('',(-0.00830566167164027,0.,-0.0262490061618527));
#1223=CARTESIAN_POINT('',(-0.00901328091108966,0.,-0.0286528139127839));
#1224=CARTESIAN_POINT('',(-0.0102201718283122,0.,-0.0309036700308578));
#1225=CARTESIAN_POINT('',(-0.011230428426598,0.,-0.0344010445790152));
#1226=CARTESIAN_POINT('',(-0.0103700999888438,0.,-0.0366768057729943));
#1227=CARTESIAN_POINT('',(-0.00848007497042839,0.,-0.0378435083667416));
#1228=CARTESIAN_POINT('',(-0.00716836110525094,0.,-0.0407182818243837));
#1229=CARTESIAN_POINT('',(-0.0045554410618886,0.,-0.0414781527661151));
#1230=CARTESIAN_POINT('',(-0.0027587499778945,0.,-0.043390137723644));
#1231=CARTESIAN_POINT('',(0.00061416520737614,0.,-0.0444391965955704));
#1232=CARTESIAN_POINT('',(0.00247929239523478,0.,-0.0435299940364179));
#1233=CARTESIAN_POINT('',(0.0045805265648536,0.,-0.042944022304487));
#1234=CARTESIAN_POINT('',(0.00678255501727203,0.,-0.0403654776127346));
#1235=CARTESIAN_POINT('',(0.00861495881036051,0.,-0.0369280499299698));
#1236=CARTESIAN_POINT('',(0.0100913763551515,0.,-0.0283711271504795));
#1237=CARTESIAN_POINT('',(0.0111320023782517,0.,-0.0249608898679125));
#1238=CARTESIAN_POINT('',(0.0116816016314363,0.,-0.0157548271933436));
#1239=CARTESIAN_POINT('',(0.0130422044172675,0.,-0.0128772177718501));
#1240=CARTESIAN_POINT('',(0.0128201424459939,0.,-0.00846027405450648));
#1241=CARTESIAN_POINT('',(0.0160967564813779,0.,-0.0055983450716595));
#1242=CARTESIAN_POINT('',(0.014357354637996,0.,-0.00257097862608205));
#1243=CARTESIAN_POINT('',(0.0162274732835391,0.,0.00450173316429801));
#1244=CARTESIAN_POINT('',(0.0169959175042585,0.,0.006100766215988));
#1245=CARTESIAN_POINT('',(0.0238651668368936,0.,-0.00163080460234365));
#1246=CARTESIAN_POINT('',(0.0291405390668084,0.,-0.00837956566663573));
#1247=CARTESIAN_POINT('',(0.0300917877412683,0.,-0.0103319737179239));
#1248=CARTESIAN_POINT('',(0.0291533045307511,0.,-0.00315092804149014));
#1249=CARTESIAN_POINT('',(0.0289887477085194,0.,-0.0011074339274185));
#1250=CARTESIAN_POINT('',(0.0261659493865264,0.,0.00805341025521835));
#1251=CARTESIAN_POINT('',(0.0230746422686289,0.,0.0138067975731331));
#1252=CARTESIAN_POINT('',(0.0174692112628734,0.,0.0183969153376957));
#1253=CARTESIAN_POINT('',(0.0156691415896631,0.,0.0200214556963863));
#1254=CARTESIAN_POINT('',(0.0152916571870282,0.,0.022295808054086));
#1255=CARTESIAN_POINT('',(0.0139869384130285,0.,0.0236439273190114));
#1256=CARTESIAN_POINT('',(0.012802278765804,0.,0.0241490130238103));
#1257=CARTESIAN_POINT('',(0.0120185511680116,0.,0.0238278378797621));
#1258=CARTESIAN_POINT('',(0.0108971702632312,0.,0.026524194471033));
#1259=CARTESIAN_POINT('',(0.0105213904217031,0.,0.0292052182095597));
#1260=CARTESIAN_POINT('',(0.00882639481777399,0.,0.0308148509141166));
#1261=CARTESIAN_POINT('',(0.00729166130543166,0.,0.0347872994229751));
#1262=CARTESIAN_POINT('',(0.00588247840005514,0.,0.0374139199256485));
#1263=CARTESIAN_POINT('',(0.00516063652935568,0.,0.0382427100457393));
#1264=CARTESIAN_POINT('',(0.00486526777967811,0.,0.0385818406939507));
#1265=CARTESIAN_POINT('',(0.0164608081486316,0.,0.00490833981071004));
#1266=CARTESIAN_POINT('',(0.0164608081486459,0.,0.00490833981073555));
#1267=CARTESIAN_POINT('',(0.0163584166921272,0.,0.00449833014758342));
#1268=CARTESIAN_POINT('',(0.0161541034786434,0.,0.00367494372429044));
#1269=CARTESIAN_POINT('',(0.0158448035037441,0.,0.00246006965745211));
#1270=CARTESIAN_POINT('',(0.0155952931957688,0.,0.00138874542750298));
#1271=CARTESIAN_POINT('',(0.0154583950029519,0.,0.000678973403002347));
#1272=CARTESIAN_POINT('',(0.0153856527968371,0.,0.000264455330441381));
#1273=CARTESIAN_POINT('',(0.0153401953457605,0.,-9.99177573614655E-6));
#1274=CARTESIAN_POINT('',(0.0152798274100876,0.,-0.000411662904572091));
#1275=CARTESIAN_POINT('',(0.0152200466777429,0.,-0.000876757293624504));
#1276=CARTESIAN_POINT('',(0.0151652340095967,0.,-0.00143496161409071));
#1277=CARTESIAN_POINT('',(0.0151383635279504,0.,-0.00204136469321666));
#1278=CARTESIAN_POINT('',(0.0151447504100312,0.,-0.00256482689196419));
#1279=CARTESIAN_POINT('',(0.0151907421991503,0.,-0.00301890744048375));
#1280=CARTESIAN_POINT('',(0.0152659762819834,0.,-0.00349949750055075));
#1281=CARTESIAN_POINT('',(0.0153200180709293,0.,-0.00379248273059379));
#1282=CARTESIAN_POINT('',(0.015386174893866,0.,-0.00413320465547708));
#1283=CARTESIAN_POINT('',(0.015419965595706,0.,-0.00431339381631781));
#1284=CARTESIAN_POINT('',(0.0154475851161837,0.,-0.00446965224472039));
#1285=CARTESIAN_POINT('',(0.0154576991305501,0.,-0.00452481289239673));
#1286=CARTESIAN_POINT('',(0.0154859892038013,0.,-0.00473612240211558));
#1287=CARTESIAN_POINT('',(0.0155014658928964,0.,-0.00494913148060438));
#1288=CARTESIAN_POINT('',(0.015506845732371,0.,-0.00529420746324757));
#1289=CARTESIAN_POINT('',(0.0154000218010378,0.,-0.00573682439428459));
#1290=CARTESIAN_POINT('',(0.015249372703874,0.,-0.0060426643042004));
#1291=CARTESIAN_POINT('',(0.0151398272553601,0.,-0.00623908505742669));
#1292=CARTESIAN_POINT('',(0.0150289587232836,0.,-0.00641736465685176));
#1293=CARTESIAN_POINT('',(0.0149677068907375,0.,-0.00650939917598183));
#1294=CARTESIAN_POINT('',(0.0148378904441903,0.,-0.00669899621353915));
#1295=CARTESIAN_POINT('',(0.0147044647127116,0.,-0.00688460405845921));
#1296=CARTESIAN_POINT('',(0.0144730324098034,0.,-0.00720063626156007));
#1297=CARTESIAN_POINT('',(0.0143560044633005,0.,-0.00736130811512577));
#1298=CARTESIAN_POINT('',(0.0142857546029768,0.,-0.00745791142158686));
#1299=CARTESIAN_POINT('',(0.0142407803217063,0.,-0.00752039353687955));
#1300=CARTESIAN_POINT('',(0.0142357249643984,0.,-0.00752717631772311));
#1301=CARTESIAN_POINT('',(0.0141628328767946,0.,-0.00763043836056814));
#1302=CARTESIAN_POINT('',(0.0140927072708347,0.,-0.00773220596186165));
#1303=CARTESIAN_POINT('',(0.0139656645938135,0.,-0.00792160217746178));
#1304=CARTESIAN_POINT('',(0.0138106365129989,0.,-0.00816969253215162));
#1305=CARTESIAN_POINT('',(0.0136529050265587,0.,-0.00845300851150469));
#1306=CARTESIAN_POINT('',(0.0134937536918131,0.,-0.00878402131897467));
#1307=CARTESIAN_POINT('',(0.0133588843729239,0.,-0.00916709555499237));
#1308=CARTESIAN_POINT('',(0.0132522198085905,0.,-0.00957738498762709));
#1309=CARTESIAN_POINT('',(0.0131777325763646,0.,-0.00995356148436179));
#1310=CARTESIAN_POINT('',(0.0131433698497966,0.,-0.0101770703208584));
#1311=CARTESIAN_POINT('',(0.0131021632217785,0.,-0.0104864341370023));
#1312=CARTESIAN_POINT('',(0.0130731833589405,0.,-0.0107564156936503));
#1313=CARTESIAN_POINT('',(0.0130501496804053,0.,-0.0110029285005701));
#1314=CARTESIAN_POINT('',(0.0130364007746684,0.,-0.0111659357613582));
#1315=CARTESIAN_POINT('',(0.0130132662735233,0.,-0.0114525301964988));
#1316=CARTESIAN_POINT('',(0.0129890998862264,0.,-0.0117447734796928));
#1317=CARTESIAN_POINT('',(0.0129622655274257,0.,-0.0120613378243835));
#1318=CARTESIAN_POINT('',(0.0129435938930793,0.,-0.0122713229433183));
#1319=CARTESIAN_POINT('',(0.0129303725414744,0.,-0.0124029797470248));
#1320=CARTESIAN_POINT('',(0.0129284150715956,0.,-0.0124263288290592));
#1321=CARTESIAN_POINT('',(0.0129057681458905,0.,-0.012603861019448));
#1322=CARTESIAN_POINT('',(0.0128769519013545,0.,-0.0127914124891474));
#1323=CARTESIAN_POINT('',(0.0128306305114515,0.,-0.0130493884658507));
#1324=CARTESIAN_POINT('',(0.0127721115872074,0.,-0.013314974060418));
#1325=CARTESIAN_POINT('',(0.012721469557003,0.,-0.0135225969649932));
#1326=CARTESIAN_POINT('',(0.0126712808469212,0.,-0.013712470203536));
#1327=CARTESIAN_POINT('',(0.0126511634116507,0.,-0.0137842653989015));
#1328=CARTESIAN_POINT('',(0.0125985924698628,0.,-0.01397208330662));
#1329=CARTESIAN_POINT('',(0.0125011091287421,0.,-0.0143106688261104));
#1330=CARTESIAN_POINT('',(0.0123956060231158,0.,-0.0146796923887691));
#1331=CARTESIAN_POINT('',(0.012309803893037,0.,-0.0149875132956792));
#1332=CARTESIAN_POINT('',(0.0121923127333772,0.,-0.0154579194344974));
#1333=CARTESIAN_POINT('',(0.0120692897744141,0.,-0.0160470356157891));
#1334=CARTESIAN_POINT('',(0.0119727903003957,0.,-0.0165932663046066));
#1335=CARTESIAN_POINT('',(0.0119035141872636,0.,-0.017036157113936));
#1336=CARTESIAN_POINT('',(0.0118476903061054,0.,-0.0174306325906191));
#1337=CARTESIAN_POINT('',(0.0118190488084816,0.,-0.0176483964375244));
#1338=CARTESIAN_POINT('',(0.0117705043128423,0.,-0.0180278096330099));
#1339=CARTESIAN_POINT('',(0.0117120288298031,0.,-0.0185178904742859));
#1340=CARTESIAN_POINT('',(0.0116501699451886,0.,-0.0190753829479338));
#1341=CARTESIAN_POINT('',(0.0116010327755006,0.,-0.0195405341472748));
#1342=CARTESIAN_POINT('',(0.0115606555377423,0.,-0.0199366763678273));
#1343=CARTESIAN_POINT('',(0.011531197714667,0.,-0.0202309230018067));
#1344=CARTESIAN_POINT('',(0.0114884147774707,0.,-0.0206587362188195));
#1345=CARTESIAN_POINT('',(0.0114365497787063,0.,-0.0211823668826732));
#1346=CARTESIAN_POINT('',(0.0113852307999411,0.,-0.0217064434754987));
#1347=CARTESIAN_POINT('',(0.0113436689597222,0.,-0.0221337495773216));
#1348=CARTESIAN_POINT('',(0.0113152609859107,0.,-0.022429981891992));
#1349=CARTESIAN_POINT('',(0.0112771000797797,0.,-0.0228192840252508));
#1350=CARTESIAN_POINT('',(0.0112291098075808,0.,-0.0232806603465482));
#1351=CARTESIAN_POINT('',(0.0111669434620071,0.,-0.0238347130607543));
#1352=CARTESIAN_POINT('',(0.011104998651457,0.,-0.0243288609479634));
#1353=CARTESIAN_POINT('',(0.0110527508701752,0.,-0.024707931341414));
#1354=CARTESIAN_POINT('',(0.011018580621941,0.,-0.0249433055433689));
#1355=CARTESIAN_POINT('',(0.0109637424626962,0.,-0.0252934412504936));
#1356=CARTESIAN_POINT('',(0.0109111746922904,0.,-0.0256011751831149));
#1357=CARTESIAN_POINT('',(0.0108632574073015,0.,-0.0258616658709998));
#1358=CARTESIAN_POINT('',(0.0108253946644351,0.,-0.0260565541728769));
#1359=CARTESIAN_POINT('',(0.0107918560899882,0.,-0.0262220591856561));
#1360=CARTESIAN_POINT('',(0.0107745182103585,0.,-0.0263044635021642));
#1361=CARTESIAN_POINT('',(0.0107396156971266,0.,-0.0264677546272455));
#1362=CARTESIAN_POINT('',(0.0106884232339695,0.,-0.0266999608278246));
#1363=CARTESIAN_POINT('',(0.0106144358675122,0.,-0.0270288141935155));
#1364=CARTESIAN_POINT('',(0.0105140528382913,0.,-0.0274654655109838));
#1365=CARTESIAN_POINT('',(0.0104430846507673,0.,-0.0277742884188715));
#1366=CARTESIAN_POINT('',(0.0103425876510096,0.,-0.0282190567792404));
#1367=CARTESIAN_POINT('',(0.010227205470235,0.,-0.028741029242916));
#1368=CARTESIAN_POINT('',(0.010096085107333,0.,-0.0293538013469016));
#1369=CARTESIAN_POINT('',(0.00998279809840092,0.,-0.0299056930204875));
#1370=CARTESIAN_POINT('',(0.00985440829991789,0.,-0.0305450606491404));
#1371=CARTESIAN_POINT('',(0.00968792220175233,0.,-0.0313688888656109));
#1372=CARTESIAN_POINT('',(0.00948351106673727,0.,-0.0323951890290078));
#1373=CARTESIAN_POINT('',(0.00925963036859313,0.,-0.0334714971824797));
#1374=CARTESIAN_POINT('',(0.0091010820646752,0.,-0.0341783737460963));
#1375=CARTESIAN_POINT('',(0.00900624802002593,0.,-0.034587998800523));
#1376=CARTESIAN_POINT('',(0.00894174283511457,0.,-0.0348618860196322));
#1377=CARTESIAN_POINT('',(0.00884846838367517,0.,-0.03524655726321));
#1378=CARTESIAN_POINT('',(0.00873507333872881,0.,-0.0356951503466062));
#1379=CARTESIAN_POINT('',(0.00859055709990513,0.,-0.0362347476276506));
#1380=CARTESIAN_POINT('',(0.00845100305709699,0.,-0.0367128502642133));
#1381=CARTESIAN_POINT('',(0.00833573736119407,0.,-0.0370786761209112));
#1382=CARTESIAN_POINT('',(0.00826172980362801,0.,-0.0373040420643787));
#1383=CARTESIAN_POINT('',(0.00814280105077978,0.,-0.0376431706014117));
#1384=CARTESIAN_POINT('',(0.00799110839362391,0.,-0.0380428593893589));
#1385=CARTESIAN_POINT('',(0.00770022677391631,0.,-0.03873675936547));
#1386=CARTESIAN_POINT('',(0.00733217736627744,0.,-0.0394536951924913));
#1387=CARTESIAN_POINT('',(0.00691073742773965,0.,-0.040133623510596));
#1388=CARTESIAN_POINT('',(0.00654472624055479,0.,-0.0406690591274066));
#1389=CARTESIAN_POINT('',(0.00613644597458301,0.,-0.0412107364149004));
#1390=CARTESIAN_POINT('',(0.00577723761213152,0.,-0.0416472274993174));
#1391=CARTESIAN_POINT('',(0.00528534744267993,0.,-0.0421700829078226));
#1392=CARTESIAN_POINT('',(0.00486896510393048,0.,-0.0425468927032383));
#1393=CARTESIAN_POINT('',(0.00442560680122412,0.,-0.0428650522357723));
#1394=CARTESIAN_POINT('',(0.00406273246140146,0.,-0.0430715527063669));
#1395=CARTESIAN_POINT('',(0.00375479869672108,0.,-0.0432198299752812));
#1396=CARTESIAN_POINT('',(0.00351529421009953,0.,-0.0433197206723604));
#1397=CARTESIAN_POINT('',(0.00316466236789434,0.,-0.0434526523736001));
#1398=CARTESIAN_POINT('',(0.00292363182245627,0.,-0.0435389511700942));
#1399=CARTESIAN_POINT('',(0.00273060880623136,0.,-0.0436086622277639));
#1400=CARTESIAN_POINT('',(0.00255479697373074,0.,-0.0436710019556258));
#1401=CARTESIAN_POINT('',(0.00250263423508473,0.,-0.0436910372170183));
#1402=CARTESIAN_POINT('',(0.00227134577554003,0.,-0.0437816116040978));
#1403=CARTESIAN_POINT('',(0.002082729179619,0.,-0.0438557192951511));
#1404=CARTESIAN_POINT('',(0.00199918073234391,0.,-0.0438883461661672));
#1405=CARTESIAN_POINT('',(0.00181137269157671,0.,-0.0439580536060522));
#1406=CARTESIAN_POINT('',(0.00161027380694699,0.,-0.0440262072918678));
#1407=CARTESIAN_POINT('',(0.00138842444476066,0.,-0.0440941879934329));
#1408=CARTESIAN_POINT('',(0.00107297792564705,0.,-0.0441630458472211));
#1409=CARTESIAN_POINT('',(0.00066309676325897,0.,-0.0442139488604146));
#1410=CARTESIAN_POINT('',(0.000105089657435195,0.,-0.0442037532695918));
#1411=CARTESIAN_POINT('',(-0.0004674838995785,0.,-0.0441123233437372));
#1412=CARTESIAN_POINT('',(-0.00113608079400739,0.,-0.0439378690397269));
#1413=CARTESIAN_POINT('',(-0.00172478120050314,0.,-0.0437255760698536));
#1414=CARTESIAN_POINT('',(-0.0023060190780917,0.,-0.0434600867177711));
#1415=CARTESIAN_POINT('',(-0.00272764742012732,0.,-0.0432170965472188));
#1416=CARTESIAN_POINT('',(-0.00304851443503559,0.,-0.0430027630736105));
#1417=CARTESIAN_POINT('',(-0.00322283948786811,0.,-0.0428789839528899));
#1418=CARTESIAN_POINT('',(-0.00338144285502025,0.,-0.0427608641785827));
#1419=CARTESIAN_POINT('',(-0.00343854008745178,0.,-0.0427166481742299));
#1420=CARTESIAN_POINT('',(-0.003558847982932,0.,-0.0426232349477569));
#1421=CARTESIAN_POINT('',(-0.00369333363974621,0.,-0.0425176176802417));
#1422=CARTESIAN_POINT('',(-0.00393343794272986,0.,-0.0423273602925153));
#1423=CARTESIAN_POINT('',(-0.00411147471727366,0.,-0.0421879388539724));
#1424=CARTESIAN_POINT('',(-0.00427636246953199,0.,-0.0420637005643498));
#1425=CARTESIAN_POINT('',(-0.00440089498507328,0.,-0.0419716170293426));
#1426=CARTESIAN_POINT('',(-0.00460499991275699,0.,-0.0418320904335979));
#1427=CARTESIAN_POINT('',(-0.00477853862200342,0.,-0.0417255510260828));
#1428=CARTESIAN_POINT('',(-0.00492958875481387,0.,-0.0416391427951078));
#1429=CARTESIAN_POINT('',(-0.00501818416514459,0.,-0.0415922655571142));
#1430=CARTESIAN_POINT('',(-0.00519946433734382,0.,-0.0414991404288255));
#1431=CARTESIAN_POINT('',(-0.00549999471378043,0.,-0.0413541422123303));
#1432=CARTESIAN_POINT('',(-0.00581730379061083,0.,-0.0412023584948341));
#1433=CARTESIAN_POINT('',(-0.0059987489736853,0.,-0.0411116038374763));
#1434=CARTESIAN_POINT('',(-0.00607418678863238,0.,-0.0410735267375106));
#1435=CARTESIAN_POINT('',(-0.00624988654068144,0.,-0.0409787809352611));
#1436=CARTESIAN_POINT('',(-0.0064335364399971,0.,-0.0408713086806771));
#1437=CARTESIAN_POINT('',(-0.00673191697519927,0.,-0.0406801467836213));
#1438=CARTESIAN_POINT('',(-0.00703356899959693,0.,-0.040420364093116));
#1439=CARTESIAN_POINT('',(-0.00732754414882226,0.,-0.040101550347957));
#1440=CARTESIAN_POINT('',(-0.00756382648494396,0.,-0.0397991445795153));
#1441=CARTESIAN_POINT('',(-0.00770968739326635,0.,-0.0395916357936592));
#1442=CARTESIAN_POINT('',(-0.00793641881069656,0.,-0.039252129773169));
#1443=CARTESIAN_POINT('',(-0.00811073702319751,0.,-0.0389842953784515));
#1444=CARTESIAN_POINT('',(-0.00829267118054848,0.,-0.038701706041825));
#1445=CARTESIAN_POINT('',(-0.00849409665940857,0.,-0.0384048620637244));
#1446=CARTESIAN_POINT('',(-0.00869950697411217,0.,-0.0381392361550894));
#1447=CARTESIAN_POINT('',(-0.00888190120441694,0.,-0.037929573853796));
#1448=CARTESIAN_POINT('',(-0.00902334536068739,0.,-0.0377804970755985));
#1449=CARTESIAN_POINT('',(-0.00915444581593377,0.,-0.037652458023699));
#1450=CARTESIAN_POINT('',(-0.00919993588962897,0.,-0.0376111805092546));
#1451=CARTESIAN_POINT('',(-0.00931482580620727,0.,-0.0375068324240158));
#1452=CARTESIAN_POINT('',(-0.00945066356324928,0.,-0.037385408588436));
#1453=CARTESIAN_POINT('',(-0.00971144140691464,0.,-0.037155212909123));
#1454=CARTESIAN_POINT('',(-0.00987823222488639,0.,-0.0370037591296051));
#1455=CARTESIAN_POINT('',(-0.0100333458512044,0.,-0.0368520973084541));
#1456=CARTESIAN_POINT('',(-0.0101471562581888,0.,-0.0367355071516984));
#1457=CARTESIAN_POINT('',(-0.0103471298762306,0.,-0.0365010278968186));
#1458=CARTESIAN_POINT('',(-0.0105847727774994,0.,-0.0361486648084831));
#1459=CARTESIAN_POINT('',(-0.01082663072722,0.,-0.0356361301878568));
#1460=CARTESIAN_POINT('',(-0.0109504500972944,0.,-0.0351273948588112));
#1461=CARTESIAN_POINT('',(-0.01100340175774,0.,-0.0346908101063923));
#1462=CARTESIAN_POINT('',(-0.0110147315577769,0.,-0.0343228401233464));
#1463=CARTESIAN_POINT('',(-0.0110043033235254,0.,-0.0340470998522649));
#1464=CARTESIAN_POINT('',(-0.0109759412641151,0.,-0.0337218211722859));
#1465=CARTESIAN_POINT('',(-0.0109311028340326,0.,-0.0333959938121746));
#1466=CARTESIAN_POINT('',(-0.0108601340062014,0.,-0.0330154269777317));
#1467=CARTESIAN_POINT('',(-0.010800193434441,0.,-0.0327478941169896));
#1468=CARTESIAN_POINT('',(-0.0106988806886972,0.,-0.0323420019414693));
#1469=CARTESIAN_POINT('',(-0.0105490208268095,0.,-0.0318351243985353));
#1470=CARTESIAN_POINT('',(-0.0103626884979947,0.,-0.0313019831696359));
#1471=CARTESIAN_POINT('',(-0.0102158395836636,0.,-0.0309235436076228));
#1472=CARTESIAN_POINT('',(-0.0101356404319937,0.,-0.0307265591960633));
#1473=CARTESIAN_POINT('',(-0.0100920646784088,0.,-0.0306216218847193));
#1474=CARTESIAN_POINT('',(-0.0100487081847828,0.,-0.0305190446097573));
#1475=CARTESIAN_POINT('',(-0.0100430220342392,0.,-0.0305060071433815));
#1476=CARTESIAN_POINT('',(-0.0100179047382167,0.,-0.0304479927832998));
#1477=CARTESIAN_POINT('',(-0.00997123451368851,0.,-0.0303421230946499));
#1478=CARTESIAN_POINT('',(-0.00987574809236247,0.,-0.0301285259592378));
#1479=CARTESIAN_POINT('',(-0.0097435652580838,0.,-0.029836675979718));
#1480=CARTESIAN_POINT('',(-0.00962324096203053,0.,-0.0295721289317132));
#1481=CARTESIAN_POINT('',(-0.00950447380566562,0.,-0.0293123032938224));
#1482=CARTESIAN_POINT('',(-0.00944424082225741,0.,-0.0291792937613288));
#1483=CARTESIAN_POINT('',(-0.00934757258249854,0.,-0.0289613894624662));
#1484=CARTESIAN_POINT('',(-0.00923895546178122,0.,-0.0287079960061824));
#1485=CARTESIAN_POINT('',(-0.00913778426642065,0.,-0.0284611929643969));
#1486=CARTESIAN_POINT('',(-0.00905789986390186,0.,-0.0282582162137401));
#1487=CARTESIAN_POINT('',(-0.00901188433384786,0.,-0.0281377365122861));
#1488=CARTESIAN_POINT('',(-0.00892410009847412,0.,-0.0279057486289935));
#1489=CARTESIAN_POINT('',(-0.00886284744467009,0.,-0.0277468353085198));
#1490=CARTESIAN_POINT('',(-0.00880415321892668,0.,-0.027598166072593));
#1491=CARTESIAN_POINT('',(-0.0087756097483908,0.,-0.0275264800896438));
#1492=CARTESIAN_POINT('',(-0.00869082087798395,0.,-0.0273276511642213));
#1493=CARTESIAN_POINT('',(-0.00859622684985746,0.,-0.0271271057056579));
#1494=CARTESIAN_POINT('',(-0.00849353870261882,0.,-0.0269252342751478));
#1495=CARTESIAN_POINT('',(-0.00828401442292911,0.,-0.0266100406324171));
#1496=CARTESIAN_POINT('',(-0.00808069544869621,0.,-0.0263949131911408));
#1497=CARTESIAN_POINT('',(-0.00783332788564441,0.,-0.0262089235141974));
#1498=CARTESIAN_POINT('',(-0.0074938510865289,0.,-0.0260549271744693));
#1499=CARTESIAN_POINT('',(-0.00726665038713354,0.,-0.0259905592113102));
#1500=CARTESIAN_POINT('',(-0.00695494766949862,0.,-0.025929846055697));
#1501=CARTESIAN_POINT('',(-0.00667483014774655,0.,-0.0259016243083689));
#1502=CARTESIAN_POINT('',(-0.00644903505707195,0.,-0.0258906416701917));
#1503=CARTESIAN_POINT('',(-0.0063301482124661,0.,-0.0258871956449761));
#1504=CARTESIAN_POINT('',(-0.00619560222931952,0.,-0.0258859054940326));
#1505=CARTESIAN_POINT('',(-0.00622187454158816,0.,-0.0258862164038006));
#1506=CARTESIAN_POINT('',(-0.00618456043357588,0.,-0.0258860739955657));
#1507=CARTESIAN_POINT('',(-0.00611315961992772,0.,-0.0258860879973905));
#1508=CARTESIAN_POINT('',(-0.00590006985669841,0.,-0.0258859809523528));
#1509=CARTESIAN_POINT('',(-0.00549605537880925,0.,-0.0258859255087721));
#1510=CARTESIAN_POINT('',(-0.00512248940080369,0.,-0.0258858869860833));
#1511=CARTESIAN_POINT('',(-0.00491009664845356,0.,-0.0258858715208255));
#1512=CARTESIAN_POINT('',(-0.00491009664844981,0.,-0.0258858715208255));
#1513=CARTESIAN_POINT('',(-0.0282676219940186,0.,0.0259871613234281));
#1514=CARTESIAN_POINT('',(-0.0273868759778081,0.,0.0248381015342088));
#1515=CARTESIAN_POINT('',(-0.0251576633942947,0.,0.0219297732600048));
#1516=CARTESIAN_POINT('',(-0.0119254797173869,0.,0.0191063717440684));
#1517=CARTESIAN_POINT('',(-0.011728529041028,0.,0.0185578754406408));
#1518=CARTESIAN_POINT('',(-0.014393685898545,0.,0.0143114755774253));
#1519=CARTESIAN_POINT('',(-0.0152732583220054,0.,-0.00586678145060337));
#1520=CARTESIAN_POINT('',(-0.0130743760906527,0.,-0.00365076014218949));
#1521=CARTESIAN_POINT('',(-0.0131485400652318,0.,-0.00392484380378233));
#1522=CARTESIAN_POINT('',(-0.0140228191903433,0.,-0.00379112700070137));
#1523=CARTESIAN_POINT('',(-0.0275385800216344,0.,-0.0125467637288296));
#1524=CARTESIAN_POINT('',(-0.0265193920970224,0.,-0.015149759939818));
#1525=CARTESIAN_POINT('',(-0.0270228519498206,0.,-0.0164680303007483));
#1526=CARTESIAN_POINT('',(-0.0206896466930495,0.,-0.0248519755463363));
#1527=CARTESIAN_POINT('',(-0.0180676517407855,0.,-0.0253663206761331));
#1528=CARTESIAN_POINT('',(-0.0141991718456452,0.,-0.0227663824975349));
#1529=CARTESIAN_POINT('',(-0.0112200905723819,0.,-0.0205709038643655));
#1530=CARTESIAN_POINT('',(-0.00690847575116219,0.,-0.00934993429714789));
#1531=CARTESIAN_POINT('',(-0.00583293680614646,0.,-0.0147310296826338));
#1532=CARTESIAN_POINT('',(-0.00466480042058795,0.,-0.0203677759364253));
#1533=CARTESIAN_POINT('',(-0.00362663707437217,0.,-0.0262151419595777));
#1534=CARTESIAN_POINT('',(-0.00642706446371832,0.,-0.0258819578467352));
#1535=CARTESIAN_POINT('',(-0.00830566167164027,0.,-0.0262490061618527));
#1536=CARTESIAN_POINT('',(-0.00901328091108966,0.,-0.0286528139127839));
#1537=CARTESIAN_POINT('',(-0.0102201718283122,0.,-0.0309036700308578));
#1538=CARTESIAN_POINT('',(-0.011230428426598,0.,-0.0344010445790152));
#1539=CARTESIAN_POINT('',(-0.0103700999888438,0.,-0.0366768057729943));
#1540=CARTESIAN_POINT('',(-0.00848007497042839,0.,-0.0378435083667416));
#1541=CARTESIAN_POINT('',(-0.00716836110525094,0.,-0.0407182818243837));
#1542=CARTESIAN_POINT('',(-0.0045554410618886,0.,-0.0414781527661151));
#1543=CARTESIAN_POINT('',(-0.0027587499778945,0.,-0.043390137723644));
#1544=CARTESIAN_POINT('',(0.00061416520737614,0.,-0.0444391965955704));
#1545=CARTESIAN_POINT('',(0.00247929239523478,0.,-0.0435299940364179));
#1546=CARTESIAN_POINT('',(0.0045805265648536,0.,-0.042944022304487));
#1547=CARTESIAN_POINT('',(0.00678255501727203,0.,-0.0403654776127346));
#1548=CARTESIAN_POINT('',(0.00861495881036051,0.,-0.0369280499299698));
#1549=CARTESIAN_POINT('',(0.0100913763551515,0.,-0.0283711271504795));
#1550=CARTESIAN_POINT('',(0.0111320023782517,0.,-0.0249608898679125));
#1551=CARTESIAN_POINT('',(0.0116816016314363,0.,-0.0157548271933436));
#1552=CARTESIAN_POINT('',(0.0130422044172675,0.,-0.0128772177718501));
#1553=CARTESIAN_POINT('',(0.0128201424459939,0.,-0.00846027405450648));
#1554=CARTESIAN_POINT('',(0.0160967564813779,0.,-0.0055983450716595));
#1555=CARTESIAN_POINT('',(0.014357354637996,0.,-0.00257097862608205));
#1556=CARTESIAN_POINT('',(0.0162274732835391,0.,0.00450173316429801));
#1557=CARTESIAN_POINT('',(0.0169959175042585,0.,0.006100766215988));
#1558=CARTESIAN_POINT('',(0.0238651668368936,0.,-0.00163080460234365));
#1559=CARTESIAN_POINT('',(0.0291405390668084,0.,-0.00837956566663573));
#1560=CARTESIAN_POINT('',(0.0300917877412683,0.,-0.0103319737179239));
#1561=CARTESIAN_POINT('',(0.0291533045307511,0.,-0.00315092804149014));
#1562=CARTESIAN_POINT('',(0.0289887477085194,0.,-0.0011074339274185));
#1563=CARTESIAN_POINT('',(0.0261659493865264,0.,0.00805341025521835));
#1564=CARTESIAN_POINT('',(0.0230746422686289,0.,0.0138067975731331));
#1565=CARTESIAN_POINT('',(0.0174692112628734,0.,0.0183969153376957));
#1566=CARTESIAN_POINT('',(0.0156691415896631,0.,0.0200214556963863));
#1567=CARTESIAN_POINT('',(0.0152916571870282,0.,0.022295808054086));
#1568=CARTESIAN_POINT('',(0.0139869384130285,0.,0.0236439273190114));
#1569=CARTESIAN_POINT('',(0.012802278765804,0.,0.0241490130238103));
#1570=CARTESIAN_POINT('',(0.0120185511680116,0.,0.0238278378797621));
#1571=CARTESIAN_POINT('',(0.0108971702632312,0.,0.026524194471033));
#1572=CARTESIAN_POINT('',(0.0105213904217031,0.,0.0292052182095597));
#1573=CARTESIAN_POINT('',(0.00882639481777399,0.,0.0308148509141166));
#1574=CARTESIAN_POINT('',(0.00729166130543166,0.,0.0347872994229751));
#1575=CARTESIAN_POINT('',(0.00588247840005514,0.,0.0374139199256485));
#1576=CARTESIAN_POINT('',(0.00516063652935568,0.,0.0382427100457393));
#1577=CARTESIAN_POINT('',(0.00486526777967811,0.,0.0385818406939507));
#1578=CARTESIAN_POINT('',(-0.0107732374113257,0.,-0.0354012419507608));
#1579=CARTESIAN_POINT('',(-0.0107732374113257,0.,-0.0354012419507609));
#1580=CARTESIAN_POINT('',(-0.0107398555486389,0.,-0.0352087395452168));
#1581=CARTESIAN_POINT('',(-0.0107004152709445,0.,-0.0349811862202168));
#1582=CARTESIAN_POINT('',(-0.0106725978185454,0.,-0.0348203776424903));
#1583=CARTESIAN_POINT('',(-0.0106623704170651,0.,-0.034761170192044));
#1584=CARTESIAN_POINT('',(-0.0106572644374176,0.,-0.034731418726338));
#1585=CARTESIAN_POINT('',(-0.0106565915472441,0.,-0.0347275921463126));
#1586=CARTESIAN_POINT('',(-0.0106491578818829,0.,-0.0346836176853353));
#1587=CARTESIAN_POINT('',(-0.0106238158417067,0.,-0.0345357412303402));
#1588=CARTESIAN_POINT('',(-0.0106046471237021,0.,-0.0344358564972497));
#1589=CARTESIAN_POINT('',(-0.0105966366733329,0.,-0.0343933195065948));
#1590=CARTESIAN_POINT('',(-0.0105661938110604,0.,-0.0342740966942784));
#1591=CARTESIAN_POINT('',(-0.0104978619323292,0.,-0.0341027846064649));
#1592=CARTESIAN_POINT('',(-0.0103860140069576,0.,-0.0339588239060117));
#1593=CARTESIAN_POINT('',(-0.0101684821384075,0.,-0.0338614847637968));
#1594=CARTESIAN_POINT('',(-0.0100205387865235,0.,-0.0338255481227354));
#1595=CARTESIAN_POINT('',(-0.00986964343498659,0.,-0.0338069125190041));
#1596=CARTESIAN_POINT('',(-0.00961786459097157,0.,-0.0338146167915568));
#1597=CARTESIAN_POINT('',(-0.00950994110123712,0.,-0.0338889968304498));
#1598=CARTESIAN_POINT('',(-0.00942640853891603,0.,-0.0339521876178561));
#1599=CARTESIAN_POINT('',(-0.00942688693078176,-5.31681090492375E-20,-0.0339528200090016));
#1600=CARTESIAN_POINT('',(-0.00942741187861558,0.,-0.033953748072549));
#1601=CARTESIAN_POINT('',(-0.00947085071663211,0.,-0.0339468447044004));
#1602=CARTESIAN_POINT('',(-0.00953163412745406,0.,-0.0339383069839602));
#1603=CARTESIAN_POINT('',(-0.00958896151457807,0.,-0.033930923722983));
#1604=CARTESIAN_POINT('',(-0.00977000726679047,0.,-0.0339162705760399));
#1605=CARTESIAN_POINT('',(-0.00996372015625804,0.,-0.033936309804163));
#1606=CARTESIAN_POINT('',(-0.0101702767604963,0.,-0.0340378240295271));
#1607=CARTESIAN_POINT('',(-0.0102841102776634,0.,-0.0341873877525263));
#1608=CARTESIAN_POINT('',(-0.0103288707417543,0.,-0.03435795881496));
#1609=CARTESIAN_POINT('',(-0.0103368998052739,0.,-0.0344224402322435));
#1610=CARTESIAN_POINT('',(-0.0103387840481898,0.,-0.0344625047597429));
#1611=CARTESIAN_POINT('',(-0.0103428709405015,0.,-0.0345651908069391));
#1612=CARTESIAN_POINT('',(-0.0103441623078101,0.,-0.0347784438622546));
#1613=CARTESIAN_POINT('',(-0.0103504169402774,0.,-0.0348374669114392));
#1614=CARTESIAN_POINT('',(-0.010368568909048,0.,-0.0349917540207052));
#1615=CARTESIAN_POINT('',(-0.0103959809368672,0.,-0.03516165112183));
#1616=CARTESIAN_POINT('',(-0.0104086975202,0.,-0.0352960714746615));
#1617=CARTESIAN_POINT('',(-0.010413044353366,0.,-0.0353954673654097));
#1618=CARTESIAN_POINT('',(-0.0103994899624437,0.,-0.0355675634124108));
#1619=CARTESIAN_POINT('',(-0.0103430859415557,0.,-0.0357626948500874));
#1620=CARTESIAN_POINT('',(-0.0102011524181465,0.,-0.0359956107242895));
#1621=CARTESIAN_POINT('',(-0.00997279748609583,0.,-0.0362393143818438));
#1622=CARTESIAN_POINT('',(-0.00961613479754201,0.,-0.0365116653113031));
#1623=CARTESIAN_POINT('',(-0.00917649155227146,0.,-0.0366206616805989));
#1624=CARTESIAN_POINT('',(-0.00887887566386124,0.,-0.0365554432309097));
#1625=CARTESIAN_POINT('',(-0.00861697936729531,0.,-0.0364431961042955));
#1626=CARTESIAN_POINT('',(-0.00839845616707069,0.,-0.0363089437709056));
#1627=CARTESIAN_POINT('',(-0.00814021332801721,0.,-0.0362998891011513));
#1628=CARTESIAN_POINT('',(-0.00787705893664929,0.,-0.036305941533197));
#1629=CARTESIAN_POINT('',(-0.00757319605165956,0.,-0.0362098779044124));
#1630=CARTESIAN_POINT('',(-0.00723788337066318,0.,-0.0359229439588177));
#1631=CARTESIAN_POINT('',(-0.00698566133862836,0.,-0.0354565786119543));
#1632=CARTESIAN_POINT('',(-0.00690968974417479,0.,-0.0349950456114615));
#1633=CARTESIAN_POINT('',(-0.00696845869644126,0.,-0.0345198272909957));
#1634=CARTESIAN_POINT('',(-0.00709752476164401,0.,-0.0341730252673603));
#1635=CARTESIAN_POINT('',(-0.00718452450745623,0.,-0.0339938656583233));
#1636=CARTESIAN_POINT('',(-0.00718452450745623,0.,-0.0339938656583233));
#1637=CARTESIAN_POINT('',(-0.00718452450745623,0.,-0.0339938656583233));
#1638=CARTESIAN_POINT('',(-0.00730839985273132,0.,-0.0337387676896843));
#1639=CARTESIAN_POINT('',(-0.00747489568006123,0.,-0.033617051682637));
#1640=CARTESIAN_POINT('',(-0.00768401198944596,0.,-0.0336287176371816));
#1641=CARTESIAN_POINT('',(0.000666189591350147,0.,-0.00261944811791181));
#1642=CARTESIAN_POINT('',(-0.000681847068859662,0.,-0.0339916974345754));
#1643=CARTESIAN_POINT('',(-0.000735517434502408,0.,-0.034066742026519));
#1644=CARTESIAN_POINT('',(-0.000758088123614613,0.,-0.0341614212170477));
#1645=CARTESIAN_POINT('',(-0.000754421755946439,0.,-0.0342671721023909));
#1646=CARTESIAN_POINT('',(-0.000751264014587337,0.,-0.0342712571132405));
#1647=CARTESIAN_POINT('',(-0.000721487546486,0.,-0.0344497307445051));
#1648=CARTESIAN_POINT('',(-0.000696783609487932,0.,-0.0346167742054908));
#1649=CARTESIAN_POINT('',(-0.000685694293580089,0.,-0.0347306055913382));
#1650=CARTESIAN_POINT('',(-0.000708920165241322,0.,-0.0348592958338511));
#1651=CARTESIAN_POINT('',(-0.000797509052810946,0.,-0.0350111943195021));
#1652=CARTESIAN_POINT('',(-0.000936078688509616,0.,-0.0352079682982817));
#1653=CARTESIAN_POINT('',(-0.00100709910772979,0.,-0.0353222219145583));
#1654=CARTESIAN_POINT('',(-0.00100238936015412,0.,-0.0356320545010096));
#1655=CARTESIAN_POINT('',(-0.000774737994651259,0.,-0.035883143082779));
#1656=CARTESIAN_POINT('',(-0.000556728504558697,0.,-0.0360496112152894));
#1657=CARTESIAN_POINT('',(-0.000242519331828601,0.,-0.0362151879544619));
#1658=CARTESIAN_POINT('',(4.77594447047899E-5,0.,-0.0363259018903597));
#1659=CARTESIAN_POINT('',(0.000373808938960486,0.,-0.0364096493663553));
#1660=CARTESIAN_POINT('',(0.000635027238291191,0.,-0.0364490814965613));
#1661=CARTESIAN_POINT('',(0.00111148924529702,0.,-0.0364795642256312));
#1662=CARTESIAN_POINT('',(0.00153358222773896,0.,-0.0365007126262863));
#1663=CARTESIAN_POINT('',(0.00196915313684204,0.,-0.0364983823043542));
#1664=CARTESIAN_POINT('',(0.00227954883401203,0.,-0.0363438521599392));
#1665=CARTESIAN_POINT('',(0.0024222605207334,0.,-0.0361748213415));
#1666=CARTESIAN_POINT('',(0.00262954855552081,0.,-0.0358479154024208));
#1667=CARTESIAN_POINT('',(0.00273643211098316,0.,-0.0355952045456624));
#1668=CARTESIAN_POINT('',(0.00270423061133075,0.,-0.0353706097107108));
#1669=CARTESIAN_POINT('',(0.00253106826376169,0.,-0.0352559801067348));
#1670=CARTESIAN_POINT('',(0.00243543996491763,0.,-0.0352555737311482));
#1671=CARTESIAN_POINT('',(0.00209711137023196,0.,-0.0352368903736219));
#1672=CARTESIAN_POINT('',(0.00185847538087852,0.,-0.0352383994124881));
#1673=CARTESIAN_POINT('',(0.00155156393742355,0.,-0.0352336433521875));
#1674=CARTESIAN_POINT('',(0.00134267914379432,0.,-0.0352560279785428));
#1675=CARTESIAN_POINT('',(0.00109189872839298,0.,-0.035270461174046));
#1676=CARTESIAN_POINT('',(0.000955399514077539,0.,-0.035213467986191));
#1677=CARTESIAN_POINT('',(0.000904733066738029,0.,-0.0351561702218099));
#1678=CARTESIAN_POINT('',(0.000760323790258429,0.,-0.0349684215051677));
#1679=CARTESIAN_POINT('',(0.000651670169511743,0.,-0.034820950941058));
#1680=CARTESIAN_POINT('',(0.000541128481175164,0.,-0.034709642874898));
#1681=CARTESIAN_POINT('',(0.000454638376369982,0.,-0.0346439075586362));
#1682=CARTESIAN_POINT('',(0.000313066577652783,0.,-0.0345347859053708));
#1683=CARTESIAN_POINT('',(0.000275119107036434,0.,-0.0345101691972894));
#1684=CARTESIAN_POINT('',(0.00022374672251035,0.,-0.0344375430858838));
#1685=CARTESIAN_POINT('',(0.000234251554393203,0.,-0.0343234097034307));
#1686=CARTESIAN_POINT('',(0.000136034123455729,0.,-0.034212129658523));
#1687=CARTESIAN_POINT('',(2.59909661867287E-5,0.,-0.0341409601439494));
#1688=CARTESIAN_POINT('',(-0.000120098783788297,0.,-0.0340665605168612));
#1689=CARTESIAN_POINT('',(-0.000380128061167589,0.,-0.0339748640771953));
#1690=CARTESIAN_POINT('',(-0.000554012680767934,0.,-0.0339552918347257));
#1691=CARTESIAN_POINT('',(-0.000681847068859662,0.,-0.0339916974345754));
#1692=CARTESIAN_POINT('',(-0.000735517434502408,0.,-0.034066742026519));
#1693=CARTESIAN_POINT('',(-0.000758088123614613,0.,-0.0341614212170477));
#1694=CARTESIAN_POINT('',(-0.000740331723884465,0.,-0.0340958696430323));
#1695=CARTESIAN_POINT('',(-0.00114687243103779,0.,-0.0335617609509974));
#1696=CARTESIAN_POINT('',(-0.00101930683760081,0.,-0.0334812039313187));
#1697=CARTESIAN_POINT('',(-0.000897805835120274,0.,-0.0335147583043496));
#1698=CARTESIAN_POINT('',(-0.000636518362611623,0.,-0.0335825660144251));
#1699=CARTESIAN_POINT('',(-0.000489198686827304,0.,-0.033647293588225));
#1700=CARTESIAN_POINT('',(-0.000299912426913185,0.,-0.0337421675869684));
#1701=CARTESIAN_POINT('',(-0.000177093377690329,0.,-0.0338171865443587));
#1702=CARTESIAN_POINT('',(2.30960108805387E-5,0.,-0.033962184772143));
#1703=CARTESIAN_POINT('',(0.000282777911551413,0.,-0.0342035093961249));
#1704=CARTESIAN_POINT('',(0.000659196319942156,0.,-0.0345779981236259));
#1705=CARTESIAN_POINT('',(0.000886695157153038,0.,-0.0347620154577903));
#1706=CARTESIAN_POINT('',(0.00122707454811879,0.,-0.0349365839445875));
#1707=CARTESIAN_POINT('',(0.00159814546192368,0.,-0.0349849964516468));
#1708=CARTESIAN_POINT('',(0.00184975980678246,0.,-0.0349768670147011));
#1709=CARTESIAN_POINT('',(0.00204140165491504,0.,-0.0349638916441871));
#1710=CARTESIAN_POINT('',(0.00234748580816637,0.,-0.034933560379769));
#1711=CARTESIAN_POINT('',(0.0024675550768321,0.,-0.0349229119392633));
#1712=CARTESIAN_POINT('',(0.00248368742282391,0.,-0.0349209148876477));
#1713=CARTESIAN_POINT('',(0.0025360142677353,0.,-0.0349177404222934));
#1714=CARTESIAN_POINT('',(0.00262499087187173,0.,-0.0349142927623055));
#1715=CARTESIAN_POINT('',(0.00275185041239441,0.,-0.0349164861730467));
#1716=CARTESIAN_POINT('',(0.00287863756283937,0.,-0.0349260429064467));
#1717=CARTESIAN_POINT('',(0.0030955216178014,0.,-0.0350093036981301));
#1718=CARTESIAN_POINT('',(0.0032014634707336,0.,-0.0351792912647754));
#1719=CARTESIAN_POINT('',(0.00322020897614552,0.,-0.0353402883846803));
#1720=CARTESIAN_POINT('',(0.00316426780136101,0.,-0.0355795722685711));
#1721=CARTESIAN_POINT('',(0.00309021482562049,0.,-0.0357448080638405));
#1722=CARTESIAN_POINT('',(0.00294754082421547,0.,-0.0359876702459822));
#1723=CARTESIAN_POINT('',(0.00272859500991302,0.,-0.0362527500364984));
#1724=CARTESIAN_POINT('',(0.00241039437221969,0.,-0.0364786948178093));
#1725=CARTESIAN_POINT('',(0.00210849851110288,0.,-0.036598805486082));
#1726=CARTESIAN_POINT('',(0.00149760446124215,0.,-0.0367237908155311));
#1727=CARTESIAN_POINT('',(0.00104012607064635,0.,-0.0367492260873154));
#1728=CARTESIAN_POINT('',(0.000404597927127319,0.,-0.0367223952630838));
#1729=CARTESIAN_POINT('',(3.57401501567522E-6,0.,-0.0366629775316665));
#1730=CARTESIAN_POINT('',(-0.000365256948499233,0.,-0.036561946016025));
#1731=CARTESIAN_POINT('',(-0.000666610568858985,0.,-0.0364393126982176));
#1732=CARTESIAN_POINT('',(-0.0010385188836992,0.,-0.0361956187286679));
#1733=CARTESIAN_POINT('',(-0.00134620040076904,0.,-0.0357726246330476));
#1734=CARTESIAN_POINT('',(-0.00146406879740085,0.,-0.0351998156454544));
#1735=CARTESIAN_POINT('',(-0.00136728043168315,0.,-0.0346737326582489));
#1736=CARTESIAN_POINT('',(-0.00124259038322155,0.,-0.034331055299115));
#1737=CARTESIAN_POINT('',(-0.00117301622149849,0.,-0.0341088976892038));
#1738=CARTESIAN_POINT('',(-0.00114831636709403,0.,-0.0338821199346385));
#1739=CARTESIAN_POINT('',(-0.00113634838640974,0.,-0.033717653231928));
#1740=CARTESIAN_POINT('',(-0.00114687243103779,0.,-0.0335617609509974));
#1741=CARTESIAN_POINT('',(-0.00101930683760081,0.,-0.0334812039313187));
#1742=CARTESIAN_POINT('',(-0.000897805835120274,0.,-0.0335147583043496));
#1743=CARTESIAN_POINT('',(-0.00105506620095908,0.,-0.0335108389626739));
#1744=CARTESIAN_POINT('',(-0.0282676219940186,-0.0147,0.0259871613234282));
#1745=CARTESIAN_POINT('',(-0.0282676219940186,8.82306381519149E-5,0.0259871613234282));
#1746=CARTESIAN_POINT('',(-0.027982699614127,-0.0147,0.0256154391200275));
#1747=CARTESIAN_POINT('',(-0.027982699614127,8.82306381519149E-5,0.0256154391200275));
#1748=CARTESIAN_POINT('',(-0.0274132969821291,-0.0147,0.0248720191070646));
#1749=CARTESIAN_POINT('',(-0.0274132969821291,8.82306381519149E-5,0.0248720191070646));
#1750=CARTESIAN_POINT('',(-0.0262388799683879,-0.0147,0.0237660990174642));
#1751=CARTESIAN_POINT('',(-0.0262388799683879,8.82306381519132E-5,0.0237660990174642));
#1752=CARTESIAN_POINT('',(-0.0244384270400694,-0.0147,0.0226794037842203));
#1753=CARTESIAN_POINT('',(-0.0244384270400694,8.82306381519201E-5,0.0226794037842203));
#1754=CARTESIAN_POINT('',(-0.0216505072474073,-0.0147,0.0216188747102014));
#1755=CARTESIAN_POINT('',(-0.0216505072474073,8.82306381519097E-5,0.0216188747102014));
#1756=CARTESIAN_POINT('',(-0.0183884449447341,-0.0147,0.0206389035957498));
#1757=CARTESIAN_POINT('',(-0.0183884449447341,8.82306381519166E-5,0.0206389035957498));
#1758=CARTESIAN_POINT('',(-0.0152386395849467,-0.0147,0.0197968853441738));
#1759=CARTESIAN_POINT('',(-0.0152386395849467,8.82306381519184E-5,0.0197968853441738));
#1760=CARTESIAN_POINT('',(-0.013184480371974,-0.0147,0.0192602935116349));
#1761=CARTESIAN_POINT('',(-0.013184480371974,8.82306381519149E-5,0.0192602935116349));
#1762=CARTESIAN_POINT('',(-0.012161322668667,-0.0147,0.0189531477366269));
#1763=CARTESIAN_POINT('',(-0.012161322668667,8.82306381519132E-5,0.0189531477366269));
#1764=CARTESIAN_POINT('',(-0.0117980314006272,-0.0147,0.0188053924115015));
#1765=CARTESIAN_POINT('',(-0.0117980314006272,8.82306381519166E-5,0.0188053924115015));
#1766=CARTESIAN_POINT('',(-0.011804743884357,-0.0147,0.0186803201349761));
#1767=CARTESIAN_POINT('',(-0.011804743884357,8.82306381519149E-5,0.0186803201349761));
#1768=CARTESIAN_POINT('',(-0.011961763444066,-0.0147,0.0182804243698877));
#1769=CARTESIAN_POINT('',(-0.011961763444066,8.82306381519166E-5,0.0182804243698877));
#1770=CARTESIAN_POINT('',(-0.012411588641783,-0.0147,0.0173220778767856));
#1771=CARTESIAN_POINT('',(-0.012411588641783,8.82306381519149E-5,0.0173220778767856));
#1772=CARTESIAN_POINT('',(-0.0131311963768815,-0.0147,0.0152939977725145));
#1773=CARTESIAN_POINT('',(-0.0131311963768815,8.82306381519114E-5,0.0152939977725145));
#1774=CARTESIAN_POINT('',(-0.0137983852775575,-0.0147,0.0121565145834679));
#1775=CARTESIAN_POINT('',(-0.0137983852775575,8.82306381519166E-5,0.0121565145834679));
#1776=CARTESIAN_POINT('',(-0.0142931301336219,-0.0147,0.00815590150488511));
#1777=CARTESIAN_POINT('',(-0.0142931301336219,8.82306381519132E-5,0.00815590150488511));
#1778=CARTESIAN_POINT('',(-0.0145935535186955,-0.0147,0.0039394780603768));
#1779=CARTESIAN_POINT('',(-0.0145935535186955,8.82306381519201E-5,0.0039394780603768));
#1780=CARTESIAN_POINT('',(-0.0146568522826791,-0.0147,6.39247523148121E-5));
#1781=CARTESIAN_POINT('',(-0.0146568522826791,8.82306381519114E-5,6.39247523148121E-5));
#1782=CARTESIAN_POINT('',(-0.0144428576789342,-0.0147,-0.00288228664894092));
#1783=CARTESIAN_POINT('',(-0.0144428576789342,8.82306381519149E-5,-0.00288228664894092));
#1784=CARTESIAN_POINT('',(-0.0140086338387388,-0.0147,-0.00410305646127505));
#1785=CARTESIAN_POINT('',(-0.0140086338387388,8.82306381519114E-5,-0.00410305646127505));
#1786=CARTESIAN_POINT('',(-0.0134707340244721,-0.0147,-0.00400589917066285));
#1787=CARTESIAN_POINT('',(-0.0134707340244721,8.82306381519201E-5,-0.00400589917066285));
#1788=CARTESIAN_POINT('',(-0.0131915428699341,-0.0147,-0.0037913823563093));
#1789=CARTESIAN_POINT('',(-0.0131915428699341,8.82306381519149E-5,-0.0037913823563093));
#1790=CARTESIAN_POINT('',(-0.0131046938528749,-0.0147,-0.00375446859974934));
#1791=CARTESIAN_POINT('',(-0.0131046938528749,8.82306381519149E-5,-0.00375446859974934));
#1792=CARTESIAN_POINT('',(-0.0131297707154326,-0.0147,-0.00385208545406248));
#1793=CARTESIAN_POINT('',(-0.0131297707154326,8.82306381519132E-5,-0.00385208545406248));
#1794=CARTESIAN_POINT('',(-0.0132317525421631,-0.0147,-0.00390328666759242));
#1795=CARTESIAN_POINT('',(-0.0132317525421631,8.82306381519184E-5,-0.00390328666759242));
#1796=CARTESIAN_POINT('',(-0.0135570226702474,-0.0147,-0.00398026583669944));
#1797=CARTESIAN_POINT('',(-0.0135570226702474,8.82306381519149E-5,-0.00398026583669944));
#1798=CARTESIAN_POINT('',(-0.0142250927136391,-0.0147,-0.00428415868092014));
#1799=CARTESIAN_POINT('',(-0.0142250927136391,8.82306381519132E-5,-0.00428415868092014));
#1800=CARTESIAN_POINT('',(-0.0152118769901653,-0.0147,-0.0048275596323936));
#1801=CARTESIAN_POINT('',(-0.0152118769901653,8.82306381519132E-5,-0.0048275596323936));
#1802=CARTESIAN_POINT('',(-0.0168441631464038,-0.0147,-0.00580105339300904));
#1803=CARTESIAN_POINT('',(-0.0168441631464038,8.82306381519184E-5,-0.00580105339300904));
#1804=CARTESIAN_POINT('',(-0.0193102231932498,-0.0147,-0.00739243005344032));
#1805=CARTESIAN_POINT('',(-0.0193102231932498,8.82306381519149E-5,-0.00739243005344032));
#1806=CARTESIAN_POINT('',(-0.0223842483506407,-0.0147,-0.00957690749372812));
#1807=CARTESIAN_POINT('',(-0.0223842483506407,8.82306381519114E-5,-0.00957690749372812));
#1808=CARTESIAN_POINT('',(-0.0250235098687627,-0.0147,-0.0117196499484956));
#1809=CARTESIAN_POINT('',(-0.0250235098687627,8.82306381519166E-5,-0.0117196499484956));
#1810=CARTESIAN_POINT('',(-0.02662611629233,-0.0147,-0.01348597182042));
#1811=CARTESIAN_POINT('',(-0.02662611629233,8.82306381519166E-5,-0.01348597182042));
#1812=CARTESIAN_POINT('',(-0.0267595491698832,-0.0147,-0.0144202132017431));
#1813=CARTESIAN_POINT('',(-0.0267595491698832,8.82306381519149E-5,-0.0144202132017431));
#1814=CARTESIAN_POINT('',(-0.0266774923809884,-0.0147,-0.0149757493641098));
#1815=CARTESIAN_POINT('',(-0.0266774923809884,8.82306381519132E-5,-0.0149757493641098));
#1816=CARTESIAN_POINT('',(-0.0266476291274616,-0.0147,-0.0154288992649608));
#1817=CARTESIAN_POINT('',(-0.0266476291274616,8.82306381519184E-5,-0.0154288992649608));
#1818=CARTESIAN_POINT('',(-0.0267318272677507,-0.0147,-0.0159501385449332));
#1819=CARTESIAN_POINT('',(-0.0267318272677507,8.82306381519184E-5,-0.0159501385449332));
#1820=CARTESIAN_POINT('',(-0.0259714412396466,-0.0147,-0.0174666153844139));
#1821=CARTESIAN_POINT('',(-0.0259714412396466,8.82306381519132E-5,-0.0174666153844139));
#1822=CARTESIAN_POINT('',(-0.0245099781574521,-0.0147,-0.0196173381140183));
#1823=CARTESIAN_POINT('',(-0.0245099781574521,8.82306381519149E-5,-0.0196173381140183));
#1824=CARTESIAN_POINT('',(-0.0227404005423232,-0.0147,-0.0218847132588849));
#1825=CARTESIAN_POINT('',(-0.0227404005423232,8.82306381519149E-5,-0.0218847132588849));
#1826=CARTESIAN_POINT('',(-0.0209731994523287,-0.0147,-0.0238416011928888));
#1827=CARTESIAN_POINT('',(-0.0209731994523287,8.82306381519166E-5,-0.0238416011928888));
#1828=CARTESIAN_POINT('',(-0.0196257548987051,-0.0147,-0.0249497707343494));
#1829=CARTESIAN_POINT('',(-0.0196257548987051,8.82306381519132E-5,-0.0249497707343494));
#1830=CARTESIAN_POINT('',(-0.0186155556897571,-0.0147,-0.0251750377683195));
#1831=CARTESIAN_POINT('',(-0.0186155556897571,8.82306381519149E-5,-0.0251750377683195));
#1832=CARTESIAN_POINT('',(-0.017465061546337,-0.0147,-0.0247967821600419));
#1833=CARTESIAN_POINT('',(-0.017465061546337,8.8230638151908E-5,-0.0247967821600419));
#1834=CARTESIAN_POINT('',(-0.0160943627007485,-0.0147,-0.0240310222462376));
#1835=CARTESIAN_POINT('',(-0.0160943627007485,8.82306381519184E-5,-0.0240310222462376));
#1836=CARTESIAN_POINT('',(-0.014728682373516,-0.0147,-0.0231033689031902));
#1837=CARTESIAN_POINT('',(-0.014728682373516,8.82306381519097E-5,-0.0231033689031902));
#1838=CARTESIAN_POINT('',(-0.0135592053298445,-0.0147,-0.0222920582567073));
#1839=CARTESIAN_POINT('',(-0.0135592053298445,8.82306381519166E-5,-0.0222920582567073));
#1840=CARTESIAN_POINT('',(-0.0125055528652899,-0.0147,-0.0213209332539429));
#1841=CARTESIAN_POINT('',(-0.0125055528652899,8.82306381519132E-5,-0.0213209332539429));
#1842=CARTESIAN_POINT('',(-0.0110741369307696,-0.0147,-0.0193192317266309));
#1843=CARTESIAN_POINT('',(-0.0110741369307696,8.82306381519218E-5,-0.0193192317266309));
#1844=CARTESIAN_POINT('',(-0.00891548660026803,-0.0147,-0.0145632733044758));
#1845=CARTESIAN_POINT('',(-0.00891548660026803,8.82306381519114E-5,-0.0145632733044758));
#1846=CARTESIAN_POINT('',(-0.0071022251860888,-0.0147,-0.0112147803252424));
#1847=CARTESIAN_POINT('',(-0.0071022251860888,8.82306381519184E-5,-0.0112147803252424));
#1848=CARTESIAN_POINT('',(-0.00637679625018231,-0.0147,-0.0120909427681894));
#1849=CARTESIAN_POINT('',(-0.00637679625018231,8.82306381519149E-5,-0.0120909427681894));
#1850=CARTESIAN_POINT('',(-0.00601855011682338,-0.0147,-0.0137699913301069));
#1851=CARTESIAN_POINT('',(-0.00601855011682338,8.82306381519166E-5,-0.0137699913301069));
#1852=CARTESIAN_POINT('',(-0.00564686099330596,-0.0147,-0.0156183225278899));
#1853=CARTESIAN_POINT('',(-0.00564686099330596,8.82306381519114E-5,-0.0156183225278899));
#1854=CARTESIAN_POINT('',(-0.00525267124467809,-0.0147,-0.017545863273583));
#1855=CARTESIAN_POINT('',(-0.00525267124467809,8.82306381519184E-5,-0.017545863273583));
#1856=CARTESIAN_POINT('',(-0.00485639887033316,-0.0147,-0.0195460455928898));
#1857=CARTESIAN_POINT('',(-0.00485639887033316,8.82306381519132E-5,-0.0195460455928898));
#1858=CARTESIAN_POINT('',(-0.00444968296617899,-0.0147,-0.021620474580921));
#1859=CARTESIAN_POINT('',(-0.00444968296617899,8.82306381519132E-5,-0.021620474580921));
#1860=CARTESIAN_POINT('',(-0.00412118825999675,-0.0147,-0.0236403716996036));
#1861=CARTESIAN_POINT('',(-0.00412118825999675,8.82306381519149E-5,-0.0236403716996036));
#1862=CARTESIAN_POINT('',(-0.00413255099445098,-0.0147,-0.0249592598167419));
#1863=CARTESIAN_POINT('',(-0.00413255099445098,8.82306381519166E-5,-0.0249592598167419));
#1864=CARTESIAN_POINT('',(-0.00442762586181174,-0.0147,-0.0256291900364022));
#1865=CARTESIAN_POINT('',(-0.00442762586181174,8.82306381519184E-5,-0.0256291900364022));
#1866=CARTESIAN_POINT('',(-0.00495704675198341,-0.0147,-0.0259790203724275));
#1867=CARTESIAN_POINT('',(-0.00495704675198341,8.82306381519184E-5,-0.0259790203724275));
#1868=CARTESIAN_POINT('',(-0.00593135419614108,-0.0147,-0.0259873417878298));
#1869=CARTESIAN_POINT('',(-0.00593135419614108,8.82306381519149E-5,-0.0259873417878298));
#1870=CARTESIAN_POINT('',(-0.00708854771595429,-0.0147,-0.0259927855238802));
#1871=CARTESIAN_POINT('',(-0.00708854771595429,8.82306381519149E-5,-0.0259927855238802));
#1872=CARTESIAN_POINT('',(-0.00800409198083825,-0.0147,-0.0263347559509348));
#1873=CARTESIAN_POINT('',(-0.00800409198083825,8.82306381519132E-5,-0.0263347559509348));
#1874=CARTESIAN_POINT('',(-0.00857705208949787,-0.0147,-0.0272119258499682));
#1875=CARTESIAN_POINT('',(-0.00857705208949787,8.82306381519132E-5,-0.0272119258499682));
#1876=CARTESIAN_POINT('',(-0.00897782015274366,-0.0147,-0.0283762455423742));
#1877=CARTESIAN_POINT('',(-0.00897782015274366,8.82306381519149E-5,-0.0283762455423742));
#1878=CARTESIAN_POINT('',(-0.00945630026553279,-0.0147,-0.0294585408300554));
#1879=CARTESIAN_POINT('',(-0.00945630026553279,8.82306381519132E-5,-0.0294585408300554));
#1880=CARTESIAN_POINT('',(-0.0099763795688518,-0.0147,-0.0305620931516735));
#1881=CARTESIAN_POINT('',(-0.0099763795688518,8.82306381519166E-5,-0.0305620931516735));
#1882=CARTESIAN_POINT('',(-0.0104822352842379,-0.0147,-0.0318873662557971));
#1883=CARTESIAN_POINT('',(-0.0104822352842379,8.82306381519149E-5,-0.0318873662557971));
#1884=CARTESIAN_POINT('',(-0.010862208782847,-0.0147,-0.0333437780942824));
#1885=CARTESIAN_POINT('',(-0.010862208782847,8.82306381519132E-5,-0.0333437780942824));
#1886=CARTESIAN_POINT('',(-0.0109643959032315,-0.0147,-0.0347148394271204));
#1887=CARTESIAN_POINT('',(-0.0109643959032315,8.82306381519184E-5,-0.0347148394271204));
#1888=CARTESIAN_POINT('',(-0.0107753161304278,-0.0147,-0.0354677846865898));
#1889=CARTESIAN_POINT('',(-0.0107753161304278,8.82306381519149E-5,-0.0354677846865898));
#1890=CARTESIAN_POINT('',(-0.010630197781123,-0.0147,-0.0358043404113175));
#1891=CARTESIAN_POINT('',(-0.010630197781123,8.82306381519149E-5,-0.0358043404113175));
#1892=CARTESIAN_POINT('',(-0.0282676219940186,-0.0127,0.0259871613234281));
#1893=CARTESIAN_POINT('',(-0.0273868759778081,-0.0127,0.0248381015342088));
#1894=CARTESIAN_POINT('',(-0.0251576633942947,-0.0127,0.0219297732600048));
#1895=CARTESIAN_POINT('',(-0.0119254797173869,-0.0127,0.0191063717440684));
#1896=CARTESIAN_POINT('',(-0.011728529041028,-0.0127,0.0185578754406408));
#1897=CARTESIAN_POINT('',(-0.014393685898545,-0.0127,0.0143114755774253));
#1898=CARTESIAN_POINT('',(-0.0152732583220054,-0.0127,-0.00586678145060337));
#1899=CARTESIAN_POINT('',(-0.0130743760906527,-0.0127,-0.00365076014218949));
#1900=CARTESIAN_POINT('',(-0.0131485400652318,-0.0127,-0.00392484380378233));
#1901=CARTESIAN_POINT('',(-0.0140228191903433,-0.0127,-0.00379112700070137));
#1902=CARTESIAN_POINT('',(-0.0275385800216344,-0.0127,-0.0125467637288296));
#1903=CARTESIAN_POINT('',(-0.0265193920970224,-0.0127,-0.015149759939818));
#1904=CARTESIAN_POINT('',(-0.0270228519498206,-0.0127,-0.0164680303007483));
#1905=CARTESIAN_POINT('',(-0.0206896466930495,-0.0127,-0.0248519755463363));
#1906=CARTESIAN_POINT('',(-0.0180676517407855,-0.0127,-0.0253663206761331));
#1907=CARTESIAN_POINT('',(-0.0141991718456452,-0.0127,-0.0227663824975349));
#1908=CARTESIAN_POINT('',(-0.0112200905723819,-0.0127,-0.0205709038643655));
#1909=CARTESIAN_POINT('',(-0.00690847575116219,-0.0127,-0.00934993429714789));
#1910=CARTESIAN_POINT('',(-0.00583293680614646,-0.0127,-0.0147310296826338));
#1911=CARTESIAN_POINT('',(-0.00466480042058795,-0.0127,-0.0203677759364253));
#1912=CARTESIAN_POINT('',(-0.00362663707437217,-0.0127,-0.0262151419595777));
#1913=CARTESIAN_POINT('',(-0.00642706446371832,-0.0127,-0.0258819578467352));
#1914=CARTESIAN_POINT('',(-0.00830566167164027,-0.0127,-0.0262490061618527));
#1915=CARTESIAN_POINT('',(-0.00901328091108966,-0.0127,-0.0286528139127839));
#1916=CARTESIAN_POINT('',(-0.0102201718283122,-0.0127,-0.0309036700308578));
#1917=CARTESIAN_POINT('',(-0.011230428426598,-0.0127,-0.0344010445790152));
#1918=CARTESIAN_POINT('',(-0.0103700999888438,-0.0127,-0.0366768057729943));
#1919=CARTESIAN_POINT('',(-0.00848007497042839,-0.0127,-0.0378435083667416));
#1920=CARTESIAN_POINT('',(-0.00716836110525094,-0.0127,-0.0407182818243837));
#1921=CARTESIAN_POINT('',(-0.0045554410618886,-0.0127,-0.0414781527661151));
#1922=CARTESIAN_POINT('',(-0.0027587499778945,-0.0127,-0.043390137723644));
#1923=CARTESIAN_POINT('',(0.00061416520737614,-0.0127,-0.0444391965955704));
#1924=CARTESIAN_POINT('',(0.00247929239523478,-0.0127,-0.0435299940364179));
#1925=CARTESIAN_POINT('',(0.0045805265648536,-0.0127,-0.042944022304487));
#1926=CARTESIAN_POINT('',(0.00678255501727203,-0.0127,-0.0403654776127346));
#1927=CARTESIAN_POINT('',(0.00861495881036051,-0.0127,-0.0369280499299698));
#1928=CARTESIAN_POINT('',(0.0100913763551515,-0.0127,-0.0283711271504795));
#1929=CARTESIAN_POINT('',(0.0111320023782517,-0.0127,-0.0249608898679125));
#1930=CARTESIAN_POINT('',(0.0116816016314363,-0.0127,-0.0157548271933436));
#1931=CARTESIAN_POINT('',(0.0130422044172675,-0.0127,-0.0128772177718501));
#1932=CARTESIAN_POINT('',(0.0128201424459939,-0.0127,-0.00846027405450648));
#1933=CARTESIAN_POINT('',(0.0160967564813779,-0.0127,-0.0055983450716595));
#1934=CARTESIAN_POINT('',(0.014357354637996,-0.0127,-0.00257097862608205));
#1935=CARTESIAN_POINT('',(0.0162274732835391,-0.0127,0.00450173316429801));
#1936=CARTESIAN_POINT('',(0.0169959175042585,-0.0127,0.006100766215988));
#1937=CARTESIAN_POINT('',(0.0238651668368936,-0.0127,-0.00163080460234365));
#1938=CARTESIAN_POINT('',(0.0291405390668084,-0.0127,-0.00837956566663573));
#1939=CARTESIAN_POINT('',(0.0300917877412683,-0.0127,-0.0103319737179239));
#1940=CARTESIAN_POINT('',(0.0291533045307511,-0.0127,-0.00315092804149014));
#1941=CARTESIAN_POINT('',(0.0289887477085194,-0.0127,-0.0011074339274185));
#1942=CARTESIAN_POINT('',(0.0261659493865264,-0.0127,0.00805341025521835));
#1943=CARTESIAN_POINT('',(0.0230746422686289,-0.0127,0.0138067975731331));
#1944=CARTESIAN_POINT('',(0.0174692112628734,-0.0127,0.0183969153376957));
#1945=CARTESIAN_POINT('',(0.0156691415896631,-0.0127,0.0200214556963863));
#1946=CARTESIAN_POINT('',(0.0152916571870282,-0.0127,0.022295808054086));
#1947=CARTESIAN_POINT('',(0.0139869384130285,-0.0127,0.0236439273190114));
#1948=CARTESIAN_POINT('',(0.012802278765804,-0.0127,0.0241490130238103));
#1949=CARTESIAN_POINT('',(0.0120185511680116,-0.0127,0.0238278378797621));
#1950=CARTESIAN_POINT('',(0.0108971702632312,-0.0127,0.026524194471033));
#1951=CARTESIAN_POINT('',(0.0105213904217031,-0.0127,0.0292052182095597));
#1952=CARTESIAN_POINT('',(0.00882639481777399,-0.0127,0.0308148509141166));
#1953=CARTESIAN_POINT('',(0.00729166130543166,-0.0127,0.0347872994229751));
#1954=CARTESIAN_POINT('',(0.00588247840005514,-0.0127,0.0374139199256485));
#1955=CARTESIAN_POINT('',(0.00516063652935568,-0.0127,0.0382427100457393));
#1956=CARTESIAN_POINT('',(0.00486526777967811,-0.0127,0.0385818406939507));
#1957=CARTESIAN_POINT('',(-0.0109110660850921,-0.0127,-0.0344402045015808));
#1958=CARTESIAN_POINT('',(-0.00963437368447346,-0.0127,-0.0298343393388601));
#1959=CARTESIAN_POINT('',(-0.0109110660851002,-0.0127,-0.0344402045011521));
#1960=CARTESIAN_POINT('',(-0.0109110672576981,-0.000299852390428261,-0.0344401422578384));
#1961=CARTESIAN_POINT('',(-0.010911067844063,-0.000299698485443681,-0.0344401111506645));
#1962=CARTESIAN_POINT('',(-0.0109047847470517,-0.000232238449582474,-0.0347737561050398));
#1963=CARTESIAN_POINT('',(-0.0108584573776254,-0.000135357236720363,-0.0351004492850922));
#1964=CARTESIAN_POINT('',(-0.0107732024025427,3.04554193933995E-8,-0.0354012183181355));
#1965=CARTESIAN_POINT('',(-0.00491009664844979,0.,-0.0258858715208255));
#1966=CARTESIAN_POINT('',(-0.00471759111501889,-6.26435754498255E-5,-0.0258232139280742));
#1967=CARTESIAN_POINT('',(-0.00456698455704013,-0.000160851743835319,-0.0257249947930515));
#1968=CARTESIAN_POINT('',(-0.00445856444317289,-0.000294624505156479,-0.0255912141368266));
#1969=CARTESIAN_POINT('',(-0.00445856444317289,-0.000294624505156472,-0.0255912141368266));
#1970=CARTESIAN_POINT('',(-0.00445856444317289,-0.000294624505156479,-0.0255912141368266));
#1971=CARTESIAN_POINT('',(-0.00433534194962697,-0.000163371061526825,-0.0254391686771768));
#1972=CARTESIAN_POINT('',(-0.00424842455032221,-6.51628931039322E-5,-0.0252236703557288));
#1973=CARTESIAN_POINT('',(-0.00419818616897694,1.12200179702704E-13,-0.0249451226116225));
#1974=CARTESIAN_POINT('',(-0.00419818616890838,0.,-0.0249451226112423));
#1975=CARTESIAN_POINT('',(-0.0282676219940186,0.,0.0259871613234281));
#1976=CARTESIAN_POINT('',(-0.0273868759778081,0.,0.0248381015342088));
#1977=CARTESIAN_POINT('',(-0.0251576633942947,0.,0.0219297732600048));
#1978=CARTESIAN_POINT('',(-0.0119254797173869,0.,0.0191063717440684));
#1979=CARTESIAN_POINT('',(-0.011728529041028,0.,0.0185578754406408));
#1980=CARTESIAN_POINT('',(-0.014393685898545,0.,0.0143114755774253));
#1981=CARTESIAN_POINT('',(-0.0152732583220054,0.,-0.00586678145060337));
#1982=CARTESIAN_POINT('',(-0.0130743760906527,0.,-0.00365076014218949));
#1983=CARTESIAN_POINT('',(-0.0131485400652318,0.,-0.00392484380378233));
#1984=CARTESIAN_POINT('',(-0.0140228191903433,0.,-0.00379112700070137));
#1985=CARTESIAN_POINT('',(-0.0275385800216344,0.,-0.0125467637288296));
#1986=CARTESIAN_POINT('',(-0.0265193920970224,0.,-0.015149759939818));
#1987=CARTESIAN_POINT('',(-0.0270228519498206,0.,-0.0164680303007483));
#1988=CARTESIAN_POINT('',(-0.0206896466930495,0.,-0.0248519755463363));
#1989=CARTESIAN_POINT('',(-0.0180676517407855,0.,-0.0253663206761331));
#1990=CARTESIAN_POINT('',(-0.0141991718456452,0.,-0.0227663824975349));
#1991=CARTESIAN_POINT('',(-0.0112200905723819,0.,-0.0205709038643655));
#1992=CARTESIAN_POINT('',(-0.00690847575116219,0.,-0.00934993429714789));
#1993=CARTESIAN_POINT('',(-0.00583293680614646,0.,-0.0147310296826338));
#1994=CARTESIAN_POINT('',(-0.00466480042058795,0.,-0.0203677759364253));
#1995=CARTESIAN_POINT('',(-0.00362663707437217,0.,-0.0262151419595777));
#1996=CARTESIAN_POINT('',(-0.00642706446371832,0.,-0.0258819578467352));
#1997=CARTESIAN_POINT('',(-0.00830566167164027,0.,-0.0262490061618527));
#1998=CARTESIAN_POINT('',(-0.00901328091108966,0.,-0.0286528139127839));
#1999=CARTESIAN_POINT('',(-0.0102201718283122,0.,-0.0309036700308578));
#2000=CARTESIAN_POINT('',(-0.011230428426598,0.,-0.0344010445790152));
#2001=CARTESIAN_POINT('',(-0.0103700999888438,0.,-0.0366768057729943));
#2002=CARTESIAN_POINT('',(-0.00848007497042839,0.,-0.0378435083667416));
#2003=CARTESIAN_POINT('',(-0.00716836110525094,0.,-0.0407182818243837));
#2004=CARTESIAN_POINT('',(-0.0045554410618886,0.,-0.0414781527661151));
#2005=CARTESIAN_POINT('',(-0.0027587499778945,0.,-0.043390137723644));
#2006=CARTESIAN_POINT('',(0.00061416520737614,0.,-0.0444391965955704));
#2007=CARTESIAN_POINT('',(0.00247929239523478,0.,-0.0435299940364179));
#2008=CARTESIAN_POINT('',(0.0045805265648536,0.,-0.042944022304487));
#2009=CARTESIAN_POINT('',(0.00678255501727203,0.,-0.0403654776127346));
#2010=CARTESIAN_POINT('',(0.00861495881036051,0.,-0.0369280499299698));
#2011=CARTESIAN_POINT('',(0.0100913763551515,0.,-0.0283711271504795));
#2012=CARTESIAN_POINT('',(0.0111320023782517,0.,-0.0249608898679125));
#2013=CARTESIAN_POINT('',(0.0116816016314363,0.,-0.0157548271933436));
#2014=CARTESIAN_POINT('',(0.0130422044172675,0.,-0.0128772177718501));
#2015=CARTESIAN_POINT('',(0.0128201424459939,0.,-0.00846027405450648));
#2016=CARTESIAN_POINT('',(0.0160967564813779,0.,-0.0055983450716595));
#2017=CARTESIAN_POINT('',(0.014357354637996,0.,-0.00257097862608205));
#2018=CARTESIAN_POINT('',(0.0162274732835391,0.,0.00450173316429801));
#2019=CARTESIAN_POINT('',(0.0169959175042585,0.,0.006100766215988));
#2020=CARTESIAN_POINT('',(0.0238651668368936,0.,-0.00163080460234365));
#2021=CARTESIAN_POINT('',(0.0291405390668084,0.,-0.00837956566663573));
#2022=CARTESIAN_POINT('',(0.0300917877412683,0.,-0.0103319737179239));
#2023=CARTESIAN_POINT('',(0.0291533045307511,0.,-0.00315092804149014));
#2024=CARTESIAN_POINT('',(0.0289887477085194,0.,-0.0011074339274185));
#2025=CARTESIAN_POINT('',(0.0261659493865264,0.,0.00805341025521835));
#2026=CARTESIAN_POINT('',(0.0230746422686289,0.,0.0138067975731331));
#2027=CARTESIAN_POINT('',(0.0174692112628734,0.,0.0183969153376957));
#2028=CARTESIAN_POINT('',(0.0156691415896631,0.,0.0200214556963863));
#2029=CARTESIAN_POINT('',(0.0152916571870282,0.,0.022295808054086));
#2030=CARTESIAN_POINT('',(0.0139869384130285,0.,0.0236439273190114));
#2031=CARTESIAN_POINT('',(0.012802278765804,0.,0.0241490130238103));
#2032=CARTESIAN_POINT('',(0.0120185511680116,0.,0.0238278378797621));
#2033=CARTESIAN_POINT('',(0.0108971702632312,0.,0.026524194471033));
#2034=CARTESIAN_POINT('',(0.0105213904217031,0.,0.0292052182095597));
#2035=CARTESIAN_POINT('',(0.00882639481777399,0.,0.0308148509141166));
#2036=CARTESIAN_POINT('',(0.00729166130543166,0.,0.0347872994229751));
#2037=CARTESIAN_POINT('',(0.00588247840005514,0.,0.0374139199256485));
#2038=CARTESIAN_POINT('',(0.00516063652935568,0.,0.0382427100457393));
#2039=CARTESIAN_POINT('',(0.00486526777967811,0.,0.0385818406939507));
#2040=CARTESIAN_POINT('',(-0.00645372524039182,0.,-0.0121500732309918));
#2041=CARTESIAN_POINT('',(-0.00645372524039218,-4.16187917462452E-12,-0.0121500732309909));
#2042=CARTESIAN_POINT('',(-0.00659695902618205,-7.58447900964925E-5,-0.0118267321483351));
#2043=CARTESIAN_POINT('',(-0.00675814101178217,-0.000205609204135526,-0.0116855335609019));
#2044=CARTESIAN_POINT('',(-0.00693875084084415,-0.000389293246278979,-0.0117191426359859));
#2045=CARTESIAN_POINT('',(-0.00693875084084414,-0.000389293246278977,-0.0117191426359858));
#2046=CARTESIAN_POINT('',(-0.00693875084084415,-0.000389293246278979,-0.0117191426359859));
#2047=CARTESIAN_POINT('',(-0.00716241266331167,-0.000205834655360099,-0.0117607631115922));
#2048=CARTESIAN_POINT('',(-0.00746331235376362,-7.60702399330929E-5,-0.0120866001148083));
#2049=CARTESIAN_POINT('',(-0.00784483200822246,2.04003480774873E-15,-0.0127033133389033));
#2050=CARTESIAN_POINT('',(-0.00784483200823485,0.,-0.0127033133389233));
#2051=CARTESIAN_POINT('',(-0.0282676219940186,0.,0.0259871613234281));
#2052=CARTESIAN_POINT('',(-0.0273868759778081,0.,0.0248381015342088));
#2053=CARTESIAN_POINT('',(-0.0251576633942947,0.,0.0219297732600048));
#2054=CARTESIAN_POINT('',(-0.0119254797173869,0.,0.0191063717440684));
#2055=CARTESIAN_POINT('',(-0.011728529041028,0.,0.0185578754406408));
#2056=CARTESIAN_POINT('',(-0.014393685898545,0.,0.0143114755774253));
#2057=CARTESIAN_POINT('',(-0.0152732583220054,0.,-0.00586678145060337));
#2058=CARTESIAN_POINT('',(-0.0130743760906527,0.,-0.00365076014218949));
#2059=CARTESIAN_POINT('',(-0.0131485400652318,0.,-0.00392484380378233));
#2060=CARTESIAN_POINT('',(-0.0140228191903433,0.,-0.00379112700070137));
#2061=CARTESIAN_POINT('',(-0.0275385800216344,0.,-0.0125467637288296));
#2062=CARTESIAN_POINT('',(-0.0265193920970224,0.,-0.015149759939818));
#2063=CARTESIAN_POINT('',(-0.0270228519498206,0.,-0.0164680303007483));
#2064=CARTESIAN_POINT('',(-0.0206896466930495,0.,-0.0248519755463363));
#2065=CARTESIAN_POINT('',(-0.0180676517407855,0.,-0.0253663206761331));
#2066=CARTESIAN_POINT('',(-0.0141991718456452,0.,-0.0227663824975349));
#2067=CARTESIAN_POINT('',(-0.0112200905723819,0.,-0.0205709038643655));
#2068=CARTESIAN_POINT('',(-0.00690847575116219,0.,-0.00934993429714789));
#2069=CARTESIAN_POINT('',(-0.00583293680614646,0.,-0.0147310296826338));
#2070=CARTESIAN_POINT('',(-0.00466480042058795,0.,-0.0203677759364253));
#2071=CARTESIAN_POINT('',(-0.00362663707437217,0.,-0.0262151419595777));
#2072=CARTESIAN_POINT('',(-0.00642706446371832,0.,-0.0258819578467352));
#2073=CARTESIAN_POINT('',(-0.00830566167164027,0.,-0.0262490061618527));
#2074=CARTESIAN_POINT('',(-0.00901328091108966,0.,-0.0286528139127839));
#2075=CARTESIAN_POINT('',(-0.0102201718283122,0.,-0.0309036700308578));
#2076=CARTESIAN_POINT('',(-0.011230428426598,0.,-0.0344010445790152));
#2077=CARTESIAN_POINT('',(-0.0103700999888438,0.,-0.0366768057729943));
#2078=CARTESIAN_POINT('',(-0.00848007497042839,0.,-0.0378435083667416));
#2079=CARTESIAN_POINT('',(-0.00716836110525094,0.,-0.0407182818243837));
#2080=CARTESIAN_POINT('',(-0.0045554410618886,0.,-0.0414781527661151));
#2081=CARTESIAN_POINT('',(-0.0027587499778945,0.,-0.043390137723644));
#2082=CARTESIAN_POINT('',(0.00061416520737614,0.,-0.0444391965955704));
#2083=CARTESIAN_POINT('',(0.00247929239523478,0.,-0.0435299940364179));
#2084=CARTESIAN_POINT('',(0.0045805265648536,0.,-0.042944022304487));
#2085=CARTESIAN_POINT('',(0.00678255501727203,0.,-0.0403654776127346));
#2086=CARTESIAN_POINT('',(0.00861495881036051,0.,-0.0369280499299698));
#2087=CARTESIAN_POINT('',(0.0100913763551515,0.,-0.0283711271504795));
#2088=CARTESIAN_POINT('',(0.0111320023782517,0.,-0.0249608898679125));
#2089=CARTESIAN_POINT('',(0.0116816016314363,0.,-0.0157548271933436));
#2090=CARTESIAN_POINT('',(0.0130422044172675,0.,-0.0128772177718501));
#2091=CARTESIAN_POINT('',(0.0128201424459939,0.,-0.00846027405450648));
#2092=CARTESIAN_POINT('',(0.0160967564813779,0.,-0.0055983450716595));
#2093=CARTESIAN_POINT('',(0.014357354637996,0.,-0.00257097862608205));
#2094=CARTESIAN_POINT('',(0.0162274732835391,0.,0.00450173316429801));
#2095=CARTESIAN_POINT('',(0.0169959175042585,0.,0.006100766215988));
#2096=CARTESIAN_POINT('',(0.0238651668368936,0.,-0.00163080460234365));
#2097=CARTESIAN_POINT('',(0.0291405390668084,0.,-0.00837956566663573));
#2098=CARTESIAN_POINT('',(0.0300917877412683,0.,-0.0103319737179239));
#2099=CARTESIAN_POINT('',(0.0291533045307511,0.,-0.00315092804149014));
#2100=CARTESIAN_POINT('',(0.0289887477085194,0.,-0.0011074339274185));
#2101=CARTESIAN_POINT('',(0.0261659493865264,0.,0.00805341025521835));
#2102=CARTESIAN_POINT('',(0.0230746422686289,0.,0.0138067975731331));
#2103=CARTESIAN_POINT('',(0.0174692112628734,0.,0.0183969153376957));
#2104=CARTESIAN_POINT('',(0.0156691415896631,0.,0.0200214556963863));
#2105=CARTESIAN_POINT('',(0.0152916571870282,0.,0.022295808054086));
#2106=CARTESIAN_POINT('',(0.0139869384130285,0.,0.0236439273190114));
#2107=CARTESIAN_POINT('',(0.012802278765804,0.,0.0241490130238103));
#2108=CARTESIAN_POINT('',(0.0120185511680116,0.,0.0238278378797621));
#2109=CARTESIAN_POINT('',(0.0108971702632312,0.,0.026524194471033));
#2110=CARTESIAN_POINT('',(0.0105213904217031,0.,0.0292052182095597));
#2111=CARTESIAN_POINT('',(0.00882639481777399,0.,0.0308148509141166));
#2112=CARTESIAN_POINT('',(0.00729166130543166,0.,0.0347872994229751));
#2113=CARTESIAN_POINT('',(0.00588247840005514,0.,0.0374139199256485));
#2114=CARTESIAN_POINT('',(0.00516063652935568,0.,0.0382427100457393));
#2115=CARTESIAN_POINT('',(0.00486526777967811,0.,0.0385818406939507));
#2116=CARTESIAN_POINT('',(-0.0282676219940186,0.,0.0259871613234281));
#2117=CARTESIAN_POINT('',(-0.0282676219940186,-0.0127,0.0259871613234281));
#2118=CARTESIAN_POINT('',(-0.0282676219940186,-0.0147,0.0259871613234281));
#2119=CARTESIAN_POINT('',(-0.0282676219940186,-0.0147,0.0259871613234281));
#2120=CARTESIAN_POINT('',(-0.0273868759778081,-0.0147,0.0248381015342088));
#2121=CARTESIAN_POINT('',(-0.0251576633942947,-0.0147,0.0219297732600048));
#2122=CARTESIAN_POINT('',(-0.0119254797173869,-0.0147,0.0191063717440684));
#2123=CARTESIAN_POINT('',(-0.011728529041028,-0.0147,0.0185578754406408));
#2124=CARTESIAN_POINT('',(-0.014393685898545,-0.0147,0.0143114755774253));
#2125=CARTESIAN_POINT('',(-0.0152732583220054,-0.0147,-0.00586678145060337));
#2126=CARTESIAN_POINT('',(-0.0130743760906527,-0.0147,-0.00365076014218949));
#2127=CARTESIAN_POINT('',(-0.0131485400652318,-0.0147,-0.00392484380378233));
#2128=CARTESIAN_POINT('',(-0.0140228191903433,-0.0147,-0.00379112700070137));
#2129=CARTESIAN_POINT('',(-0.0275385800216344,-0.0147,-0.0125467637288296));
#2130=CARTESIAN_POINT('',(-0.0265193920970224,-0.0147,-0.015149759939818));
#2131=CARTESIAN_POINT('',(-0.0270228519498206,-0.0147,-0.0164680303007483));
#2132=CARTESIAN_POINT('',(-0.0206896466930495,-0.0147,-0.0248519755463363));
#2133=CARTESIAN_POINT('',(-0.0180676517407855,-0.0147,-0.0253663206761331));
#2134=CARTESIAN_POINT('',(-0.0141991718456452,-0.0147,-0.0227663824975349));
#2135=CARTESIAN_POINT('',(-0.0112200905723819,-0.0147,-0.0205709038643655));
#2136=CARTESIAN_POINT('',(-0.00690847575116219,-0.0147,-0.00934993429714789));
#2137=CARTESIAN_POINT('',(-0.00583293680614646,-0.0147,-0.0147310296826338));
#2138=CARTESIAN_POINT('',(-0.00466480042058795,-0.0147,-0.0203677759364253));
#2139=CARTESIAN_POINT('',(-0.00362663707437217,-0.0147,-0.0262151419595777));
#2140=CARTESIAN_POINT('',(-0.00642706446371832,-0.0147,-0.0258819578467352));
#2141=CARTESIAN_POINT('',(-0.00830566167164027,-0.0147,-0.0262490061618527));
#2142=CARTESIAN_POINT('',(-0.00901328091108966,-0.0147,-0.0286528139127839));
#2143=CARTESIAN_POINT('',(-0.0102201718283122,-0.0147,-0.0309036700308578));
#2144=CARTESIAN_POINT('',(-0.011230428426598,-0.0147,-0.0344010445790152));
#2145=CARTESIAN_POINT('',(-0.0103700999888438,-0.0147,-0.0366768057729943));
#2146=CARTESIAN_POINT('',(-0.00848007497042839,-0.0147,-0.0378435083667416));
#2147=CARTESIAN_POINT('',(-0.00716836110525094,-0.0147,-0.0407182818243837));
#2148=CARTESIAN_POINT('',(-0.0045554410618886,-0.0147,-0.0414781527661151));
#2149=CARTESIAN_POINT('',(-0.0027587499778945,-0.0147,-0.043390137723644));
#2150=CARTESIAN_POINT('',(0.00061416520737614,-0.0147,-0.0444391965955704));
#2151=CARTESIAN_POINT('',(0.00247929239523478,-0.0147,-0.0435299940364179));
#2152=CARTESIAN_POINT('',(0.0045805265648536,-0.0147,-0.042944022304487));
#2153=CARTESIAN_POINT('',(0.00678255501727203,-0.0147,-0.0403654776127346));
#2154=CARTESIAN_POINT('',(0.00861495881036051,-0.0147,-0.0369280499299698));
#2155=CARTESIAN_POINT('',(0.0100913763551515,-0.0147,-0.0283711271504795));
#2156=CARTESIAN_POINT('',(0.0111320023782517,-0.0147,-0.0249608898679125));
#2157=CARTESIAN_POINT('',(0.0116816016314363,-0.0147,-0.0157548271933436));
#2158=CARTESIAN_POINT('',(0.0130422044172675,-0.0147,-0.0128772177718501));
#2159=CARTESIAN_POINT('',(0.0128201424459939,-0.0147,-0.00846027405450648));
#2160=CARTESIAN_POINT('',(0.0160967564813779,-0.0147,-0.0055983450716595));
#2161=CARTESIAN_POINT('',(0.014357354637996,-0.0147,-0.00257097862608205));
#2162=CARTESIAN_POINT('',(0.0162274732835391,-0.0147,0.00450173316429801));
#2163=CARTESIAN_POINT('',(0.0169959175042585,-0.0147,0.006100766215988));
#2164=CARTESIAN_POINT('',(0.0238651668368936,-0.0147,-0.00163080460234365));
#2165=CARTESIAN_POINT('',(0.0291405390668084,-0.0147,-0.00837956566663573));
#2166=CARTESIAN_POINT('',(0.0300917877412683,-0.0147,-0.0103319737179239));
#2167=CARTESIAN_POINT('',(0.0291533045307511,-0.0147,-0.00315092804149014));
#2168=CARTESIAN_POINT('',(0.0289887477085194,-0.0147,-0.0011074339274185));
#2169=CARTESIAN_POINT('',(0.0261659493865264,-0.0147,0.00805341025521835));
#2170=CARTESIAN_POINT('',(0.0230746422686289,-0.0147,0.0138067975731331));
#2171=CARTESIAN_POINT('',(0.0174692112628734,-0.0147,0.0183969153376957));
#2172=CARTESIAN_POINT('',(0.0156691415896631,-0.0147,0.0200214556963863));
#2173=CARTESIAN_POINT('',(0.0152916571870282,-0.0147,0.022295808054086));
#2174=CARTESIAN_POINT('',(0.0139869384130285,-0.0147,0.0236439273190114));
#2175=CARTESIAN_POINT('',(0.012802278765804,-0.0147,0.0241490130238103));
#2176=CARTESIAN_POINT('',(0.0120185511680116,-0.0147,0.0238278378797621));
#2177=CARTESIAN_POINT('',(0.0108971702632312,-0.0147,0.026524194471033));
#2178=CARTESIAN_POINT('',(0.0105213904217031,-0.0147,0.0292052182095597));
#2179=CARTESIAN_POINT('',(0.00882639481777399,-0.0147,0.0308148509141166));
#2180=CARTESIAN_POINT('',(0.00729166130543166,-0.0147,0.0347872994229751));
#2181=CARTESIAN_POINT('',(0.00588247840005514,-0.0147,0.0374139199256485));
#2182=CARTESIAN_POINT('',(0.00516063652935568,-0.0147,0.0382427100457393));
#2183=CARTESIAN_POINT('',(0.00486526777967811,-0.0147,0.0385818406939507));
#2184=CARTESIAN_POINT('',(-0.00963437368444933,-0.0147,-0.0298343393388155));
#2185=CARTESIAN_POINT('',(-0.00963437368447007,-0.0147,-0.0298343393388608));
#2186=CARTESIAN_POINT('',(-0.0105164535280421,-0.0147,-0.0360404467147596));
#2187=CARTESIAN_POINT('',(-0.0105164535280421,8.87496661009669E-5,-0.0360404467147596));
#2188=CARTESIAN_POINT('',(-0.0102715325575261,-0.0147,-0.0364983177472745));
#2189=CARTESIAN_POINT('',(-0.0102715325575261,8.87496661009669E-5,-0.0364983177472745));
#2190=CARTESIAN_POINT('',(-0.00973332779730003,-0.0147,-0.0370159589904028));
#2191=CARTESIAN_POINT('',(-0.00973332779730003,8.87496661009651E-5,-0.0370159589904028));
#2192=CARTESIAN_POINT('',(-0.00891926762169425,-0.0147,-0.0377071501463811));
#2193=CARTESIAN_POINT('',(-0.00891926762169425,8.87496661009669E-5,-0.0377071501463811));
#2194=CARTESIAN_POINT('',(-0.00817436258117534,-0.0147,-0.0386220773640489));
#2195=CARTESIAN_POINT('',(-0.00817436258117534,8.87496661009634E-5,-0.0386220773640489));
#2196=CARTESIAN_POINT('',(-0.00751948050766139,-0.0147,-0.0398089623945111));
#2197=CARTESIAN_POINT('',(-0.00751948050766139,8.87496661009651E-5,-0.0398089623945111));
#2198=CARTESIAN_POINT('',(-0.00665404680752437,-0.0147,-0.0406503799296056));
#2199=CARTESIAN_POINT('',(-0.00665404680752437,8.87496661009651E-5,-0.0406503799296056));
#2200=CARTESIAN_POINT('',(-0.00588810785776467,-0.0147,-0.0410686274981583));
#2201=CARTESIAN_POINT('',(-0.00588810785776467,8.87496661009669E-5,-0.0410686274981583));
#2202=CARTESIAN_POINT('',(-0.00509573505237124,-0.0147,-0.0414221688863953));
#2203=CARTESIAN_POINT('',(-0.00509573505237124,8.87496661009651E-5,-0.0414221688863953));
#2204=CARTESIAN_POINT('',(-0.00412586410283029,-0.0147,-0.0419905815400989));
#2205=CARTESIAN_POINT('',(-0.00412586410283029,8.87496661009703E-5,-0.0419905815400989));
#2206=CARTESIAN_POINT('',(-0.00328783202678056,-0.0147,-0.0427670155399954));
#2207=CARTESIAN_POINT('',(-0.00328783202678056,8.87496661009669E-5,-0.0427670155399954));
#2208=CARTESIAN_POINT('',(-0.00216730327640611,-0.0147,-0.0434363982158596));
#2209=CARTESIAN_POINT('',(-0.00216730327640611,8.87496661009686E-5,-0.0434363982158596));
#2210=CARTESIAN_POINT('',(-0.000856254454330156,-0.0147,-0.0439652399414356));
#2211=CARTESIAN_POINT('',(-0.000856254454330156,8.87496661009634E-5,-0.0439652399414356));
#2212=CARTESIAN_POINT('',(0.000826728557286976,-0.0147,-0.0442505118673993));
#2213=CARTESIAN_POINT('',(0.000826728557286976,8.87496661009686E-5,-0.0442505118673993));
#2214=CARTESIAN_POINT('',(0.00196283577194408,-0.0147,-0.0437889957280158));
#2215=CARTESIAN_POINT('',(0.00196283577194408,8.87496661009738E-5,-0.0437889957280158));
#2216=CARTESIAN_POINT('',(0.00289075406416358,-0.0147,-0.0434407449969336));
#2217=CARTESIAN_POINT('',(0.00289075406416358,8.87496661009634E-5,-0.0434407449969336));
#2218=CARTESIAN_POINT('',(0.00361657619567356,-0.0147,-0.0431852389244941));
#2219=CARTESIAN_POINT('',(0.00361657619567356,8.87496661009669E-5,-0.0431852389244941));
#2220=CARTESIAN_POINT('',(0.00434364659821482,-0.0147,-0.0428261382071928));
#2221=CARTESIAN_POINT('',(0.00434364659821482,8.87496661009669E-5,-0.0428261382071928));
#2222=CARTESIAN_POINT('',(0.00528996659364952,-0.0147,-0.0420849924222979));
#2223=CARTESIAN_POINT('',(0.00528996659364952,8.87496661009651E-5,-0.0420849924222979));
#2224=CARTESIAN_POINT('',(0.00639353178683216,-0.0147,-0.0407688451459301));
#2225=CARTESIAN_POINT('',(0.00639353178683216,8.87496661009669E-5,-0.0407688451459301));
#2226=CARTESIAN_POINT('',(0.0074526268923044,-0.0147,-0.0391289911964155));
#2227=CARTESIAN_POINT('',(0.0074526268923044,8.87496661009651E-5,-0.0391289911964155));
#2228=CARTESIAN_POINT('',(0.00831347892601827,-0.0147,-0.0370406291173962));
#2229=CARTESIAN_POINT('',(0.00831347892601827,8.87496661009634E-5,-0.0370406291173962));
#2230=CARTESIAN_POINT('',(0.00908411288800104,-0.0147,-0.0339038539092149));
#2231=CARTESIAN_POINT('',(0.00908411288800104,8.87496661009738E-5,-0.0339038539092149));
#2232=CARTESIAN_POINT('',(0.00964357543472432,-0.0147,-0.0310881237329946));
#2233=CARTESIAN_POINT('',(0.00964357543472432,8.87496661009703E-5,-0.0310881237329946));
#2234=CARTESIAN_POINT('',(0.0100367134838594,-0.0147,-0.0291206401221095));
#2235=CARTESIAN_POINT('',(0.0100367134838594,8.87496661009617E-5,-0.0291206401221095));
#2236=CARTESIAN_POINT('',(0.0103914248148399,-0.0147,-0.0275174919070132));
#2237=CARTESIAN_POINT('',(0.0103914248148399,8.87496661009703E-5,-0.0275174919070132));
#2238=CARTESIAN_POINT('',(0.0106914302875689,-0.0147,-0.0263047789071542));
#2239=CARTESIAN_POINT('',(0.0106914302875689,8.87496661009634E-5,-0.0263047789071542));
#2240=CARTESIAN_POINT('',(0.0109486195331392,-0.0147,-0.0248083136488522));
#2241=CARTESIAN_POINT('',(0.0109486195331392,8.87496661009634E-5,-0.0248083136488522));
#2242=CARTESIAN_POINT('',(0.0111223002498738,-0.0147,-0.0233696613697929));
#2243=CARTESIAN_POINT('',(0.0111223002498738,8.87496661009669E-5,-0.0233696613697929));
#2244=CARTESIAN_POINT('',(0.0112874849959174,-0.0147,-0.0217075685601722));
#2245=CARTESIAN_POINT('',(0.0112874849959174,8.87496661009651E-5,-0.0217075685601722));
#2246=CARTESIAN_POINT('',(0.0114558448271099,-0.0147,-0.0199521442066801));
#2247=CARTESIAN_POINT('',(0.0114558448271099,8.87496661009634E-5,-0.0199521442066801));
#2248=CARTESIAN_POINT('',(0.0116392351859827,-0.0147,-0.0182257995566075));
#2249=CARTESIAN_POINT('',(0.0116392351859827,8.87496661009686E-5,-0.0182257995566075));
#2250=CARTESIAN_POINT('',(0.0118478371263037,-0.0147,-0.0166451093086724));
#2251=CARTESIAN_POINT('',(0.0118478371263037,8.87496661009651E-5,-0.0166451093086724));
#2252=CARTESIAN_POINT('',(0.0120983448702022,-0.0147,-0.0153576920952888));
#2253=CARTESIAN_POINT('',(0.0120983448702022,8.87496661009686E-5,-0.0153576920952888));
#2254=CARTESIAN_POINT('',(0.0124713431261411,-0.0147,-0.0140397117408113));
#2255=CARTESIAN_POINT('',(0.0124713431261411,8.87496661009634E-5,-0.0140397117408113));
#2256=CARTESIAN_POINT('',(0.0128770688483025,-0.0147,-0.0126970787719614));
#2257=CARTESIAN_POINT('',(0.0128770688483025,8.87496661009686E-5,-0.0126970787719614));
#2258=CARTESIAN_POINT('',(0.0129273769693459,-0.0147,-0.010824525634299));
#2259=CARTESIAN_POINT('',(0.0129273769693459,8.87496661009721E-5,-0.010824525634299));
#2260=CARTESIAN_POINT('',(0.013174803480066,-0.0147,-0.00932003598773722));
#2261=CARTESIAN_POINT('',(0.013174803480066,8.87496661009669E-5,-0.00932003598773722));
#2262=CARTESIAN_POINT('',(0.0137299175932803,-0.0147,-0.00791976727172634));
#2263=CARTESIAN_POINT('',(0.0137299175932803,8.87496661009669E-5,-0.00791976727172634));
#2264=CARTESIAN_POINT('',(0.0147344997599235,-0.0147,-0.00675091308225028));
#2265=CARTESIAN_POINT('',(0.0147344997599235,8.87496661009651E-5,-0.00675091308225028));
#2266=CARTESIAN_POINT('',(0.0153644302967362,-0.0147,-0.0056725568888916));
#2267=CARTESIAN_POINT('',(0.0153644302967362,8.87496661009634E-5,-0.0056725568888916));
#2268=CARTESIAN_POINT('',(0.0154609841329614,-0.0147,-0.00462144818660332));
#2269=CARTESIAN_POINT('',(0.0154609841329614,8.87496661009669E-5,-0.00462144818660332));
#2270=CARTESIAN_POINT('',(0.0150604897508193,-0.0147,-0.00342776955657752));
#2271=CARTESIAN_POINT('',(0.0150604897508193,8.87496661009651E-5,-0.00342776955657752));
#2272=CARTESIAN_POINT('',(0.0150232973522933,-0.0147,-0.00162157536061234));
#2273=CARTESIAN_POINT('',(0.0150232973522933,8.87496661009686E-5,-0.00162157536061234));
#2274=CARTESIAN_POINT('',(0.0152851139529885,-0.0147,0.000521014915344777));
#2275=CARTESIAN_POINT('',(0.0152851139529885,8.87496661009651E-5,0.000521014915344777));
#2276=CARTESIAN_POINT('',(0.0157968554973866,-0.0147,0.00276666832050159));
#2277=CARTESIAN_POINT('',(0.0157968554973866,8.87496661009634E-5,0.00276666832050159));
#2278=CARTESIAN_POINT('',(0.0162912238923379,-0.0147,0.00443204848178341));
#2279=CARTESIAN_POINT('',(0.0162912238923379,8.87496661009634E-5,0.00443204848178341));
#2280=CARTESIAN_POINT('',(0.0165426610363457,-0.0147,0.00520060801001606));
#2281=CARTESIAN_POINT('',(0.0165426610363457,8.87496661009686E-5,0.00520060801001606));
#2282=CARTESIAN_POINT('',(0.0168473787585725,-0.0147,0.00540670343012147));
#2283=CARTESIAN_POINT('',(0.0168473787585725,8.87496661009703E-5,0.00540670343012147));
#2284=CARTESIAN_POINT('',(0.0175357378544341,-0.0147,0.00502000060946504));
#2285=CARTESIAN_POINT('',(0.0175357378544341,8.87496661009686E-5,0.00502000060946504));
#2286=CARTESIAN_POINT('',(0.0185295541855782,-0.0147,0.00414590525279775));
#2287=CARTESIAN_POINT('',(0.0185295541855782,8.87496661009669E-5,0.00414590525279775));
#2288=CARTESIAN_POINT('',(0.0201561981520592,-0.0147,0.00248333442760147));
#2289=CARTESIAN_POINT('',(0.0201561981520592,8.87496661009669E-5,0.00248333442760147));
#2290=CARTESIAN_POINT('',(0.0225662232515476,-0.0147,-0.000262041281277661));
#2291=CARTESIAN_POINT('',(0.0225662232515476,8.87496661009651E-5,-0.000262041281277661));
#2292=CARTESIAN_POINT('',(0.0253967561305089,-0.0147,-0.00366674574567238));
#2293=CARTESIAN_POINT('',(0.0253967561305089,8.87496661009669E-5,-0.00366674574567238));
#2294=CARTESIAN_POINT('',(0.027759388052557,-0.0147,-0.00666295909645958));
#2295=CARTESIAN_POINT('',(0.027759388052557,8.87496661009669E-5,-0.00666295909645958));
#2296=CARTESIAN_POINT('',(0.0293919712320018,-0.0147,-0.00886944383801805));
#2297=CARTESIAN_POINT('',(0.0293919712320018,8.87496661009669E-5,-0.00886944383801805));
#2298=CARTESIAN_POINT('',(0.0299228649425477,-0.0147,-0.0100770960405772));
#2299=CARTESIAN_POINT('',(0.0299228649425477,8.87496661009669E-5,-0.0100770960405772));
#2300=CARTESIAN_POINT('',(0.0297426534610231,-0.0147,-0.00786401450829212));
#2301=CARTESIAN_POINT('',(0.0297426534610231,8.87496661009669E-5,-0.00786401450829212));
#2302=CARTESIAN_POINT('',(0.0294821722798785,-0.0147,-0.00562447507039811));
#2303=CARTESIAN_POINT('',(0.0294821722798785,8.87496661009651E-5,-0.00562447507039811));
#2304=CARTESIAN_POINT('',(0.0292832496769201,-0.0147,-0.00402177239261346));
#2305=CARTESIAN_POINT('',(0.0292832496769201,8.87496661009634E-5,-0.00402177239261346));
#2306=CARTESIAN_POINT('',(0.0291529500386389,-0.0147,-0.00289666268703126));
#2307=CARTESIAN_POINT('',(0.0291529500386389,8.87496661009651E-5,-0.00289666268703126));
#2308=CARTESIAN_POINT('',(0.0290477880992997,-0.0147,-0.00208420065126873));
#2309=CARTESIAN_POINT('',(0.0290477880992997,8.87496661009651E-5,-0.00208420065126873));
#2310=CARTESIAN_POINT('',(0.0288993812459741,-0.0147,-0.00129528667308524));
#2311=CARTESIAN_POINT('',(0.0288993812459741,8.87496661009686E-5,-0.00129528667308524));
#2312=CARTESIAN_POINT('',(0.0286342101549081,-0.0147,-0.000225704221426026));
#2313=CARTESIAN_POINT('',(0.0286342101549081,8.87496661009651E-5,-0.000225704221426026));
#2314=CARTESIAN_POINT('',(0.0282428815739921,-0.0147,0.00116908751600209));
#2315=CARTESIAN_POINT('',(0.0282428815739921,8.87496661009634E-5,0.00116908751600209));
#2316=CARTESIAN_POINT('',(0.027596987182795,-0.0147,0.00329102354714832));
#2317=CARTESIAN_POINT('',(0.027596987182795,8.87496661009703E-5,0.00329102354714832));
#2318=CARTESIAN_POINT('',(0.0268107749524739,-0.0147,0.00563006629890669));
#2319=CARTESIAN_POINT('',(0.0268107749524739,8.87496661009721E-5,0.00563006629890669));
#2320=CARTESIAN_POINT('',(0.0259884288126272,-0.0147,0.0077904082954829));
#2321=CARTESIAN_POINT('',(0.0259884288126272,8.87496661009634E-5,0.0077904082954829));
#2322=CARTESIAN_POINT('',(0.0251677470348801,-0.0147,0.00972044872015261));
#2323=CARTESIAN_POINT('',(0.0251677470348801,8.87496661009669E-5,0.00972044872015261));
#2324=CARTESIAN_POINT('',(0.0240630846702608,-0.0147,0.0118013392681236));
#2325=CARTESIAN_POINT('',(0.0240630846702608,8.87496661009651E-5,0.0118013392681236));
#2326=CARTESIAN_POINT('',(0.0223520208619047,-0.0147,0.014035296258821));
#2327=CARTESIAN_POINT('',(0.0223520208619047,8.87496661009669E-5,0.014035296258821));
#2328=CARTESIAN_POINT('',(0.020068426578211,-0.0147,0.016233415816465));
#2329=CARTESIAN_POINT('',(0.020068426578211,8.87496661009651E-5,0.016233415816465));
#2330=CARTESIAN_POINT('',(0.0182194237919273,-0.0147,0.0178055634848057));
#2331=CARTESIAN_POINT('',(0.0182194237919273,8.87496661009669E-5,0.0178055634848057));
#2332=CARTESIAN_POINT('',(0.0170770423867091,-0.0147,0.0187675056026465));
#2333=CARTESIAN_POINT('',(0.0170770423867091,8.87496661009651E-5,0.0187675056026465));
#2334=CARTESIAN_POINT('',(0.0164335989472692,-0.0147,0.0193534885576675));
#2335=CARTESIAN_POINT('',(0.0164335989472692,8.87496661009634E-5,0.0193534885576675));
#2336=CARTESIAN_POINT('',(0.0159631358199076,-0.0147,0.0199218295643191));
#2337=CARTESIAN_POINT('',(0.0159631358199076,8.87496661009703E-5,0.0199218295643191));
#2338=CARTESIAN_POINT('',(0.0155471676789198,-0.0147,0.020823719992449));
#2339=CARTESIAN_POINT('',(0.0155471676789198,8.87496661009703E-5,0.020823719992449));
#2340=CARTESIAN_POINT('',(0.0152401467915873,-0.0147,0.0221976921209067));
#2341=CARTESIAN_POINT('',(0.0152401467915873,8.87496661009651E-5,0.0221976921209067));
#2342=CARTESIAN_POINT('',(0.0144256521592369,-0.0147,0.0232103356147776));
#2343=CARTESIAN_POINT('',(0.0144256521592369,8.87496661009669E-5,0.0232103356147776));
#2344=CARTESIAN_POINT('',(0.013650477204426,-0.0147,0.0237577285998395));
#2345=CARTESIAN_POINT('',(0.013650477204426,8.87496661009669E-5,0.0237577285998395));
#2346=CARTESIAN_POINT('',(0.0130691499119957,-0.0147,0.0240269697055483));
#2347=CARTESIAN_POINT('',(0.0130691499119957,8.87496661009651E-5,0.0240269697055483));
#2348=CARTESIAN_POINT('',(0.0125871639138762,-0.0147,0.0240471863794675));
#2349=CARTESIAN_POINT('',(0.0125871639138762,8.87496661009669E-5,0.0240471863794675));
#2350=CARTESIAN_POINT('',(0.012212249348318,-0.0147,0.0239902773715442));
#2351=CARTESIAN_POINT('',(0.012212249348318,8.87496661009651E-5,0.0239902773715442));
#2352=CARTESIAN_POINT('',(0.0117954731981657,-0.0147,0.0245162775188923));
#2353=CARTESIAN_POINT('',(0.0117954731981657,8.87496661009651E-5,0.0245162775188923));
#2354=CARTESIAN_POINT('',(0.0113897414168559,-0.0147,0.0254038967808664));
#2355=CARTESIAN_POINT('',(0.0113897414168559,8.87496661009686E-5,0.0254038967808664));
#2356=CARTESIAN_POINT('',(0.01104472201904,-0.0147,0.0264399008453577));
#2357=CARTESIAN_POINT('',(0.01104472201904,8.87496661009634E-5,0.0264399008453577));
#2358=CARTESIAN_POINT('',(0.0107272041883006,-0.0147,0.0277385583113865));
#2359=CARTESIAN_POINT('',(0.0107272041883006,8.87496661009669E-5,0.0277385583113865));
#2360=CARTESIAN_POINT('',(0.0103950467222067,-0.0147,0.0291521258489654));
#2361=CARTESIAN_POINT('',(0.0103950467222067,8.87496661009634E-5,0.0291521258489654));
#2362=CARTESIAN_POINT('',(0.0096056645021054,-0.0147,0.0300761041000624));
#2363=CARTESIAN_POINT('',(0.0096056645021054,8.87496661009669E-5,0.0300761041000624));
#2364=CARTESIAN_POINT('',(0.00892122521709892,-0.0147,0.0310581466201791));
#2365=CARTESIAN_POINT('',(0.00892122521709892,8.87496661009651E-5,0.0310581466201791));
#2366=CARTESIAN_POINT('',(0.00826460880210856,-0.0147,0.0323295140169073));
#2367=CARTESIAN_POINT('',(0.00826460880210856,8.87496661009686E-5,0.0323295140169073));
#2368=CARTESIAN_POINT('',(0.00747536550320132,-0.0147,0.0342112938277574));
#2369=CARTESIAN_POINT('',(0.00747536550320132,8.87496661009686E-5,0.0342112938277574));
#2370=CARTESIAN_POINT('',(0.00654680707005938,-0.0147,0.0362058309966604));
#2371=CARTESIAN_POINT('',(0.00654680707005938,8.87496661009651E-5,0.0362058309966604));
#2372=CARTESIAN_POINT('',(0.00566374506651851,-0.0147,0.0376673145343014));
#2373=CARTESIAN_POINT('',(0.00566374506651851,8.87496661009651E-5,0.0376673145343014));
#2374=CARTESIAN_POINT('',(0.00513181068637982,-0.0147,0.0382758067319132));
#2375=CARTESIAN_POINT('',(0.00513181068637982,8.87496661009669E-5,0.0382758067319132));
#2376=CARTESIAN_POINT('',(0.00486526777967811,-0.0147,0.0385818406939507));
#2377=CARTESIAN_POINT('',(0.00486526777967811,8.87496661009669E-5,0.0385818406939507));
#2378=CARTESIAN_POINT('',(-0.00981267468721624,-0.0127,-0.0369268889612056));
#2379=CARTESIAN_POINT('',(-0.00981267468721624,-0.0127,-0.0369268889612056));
#2380=CARTESIAN_POINT('',(-0.00981268531974793,-0.0003,-0.0369269318262027));
#2381=CARTESIAN_POINT('',(-0.0282676219940186,-0.0127,0.0259871613234281));
#2382=CARTESIAN_POINT('',(-0.0273868759778081,-0.0127,0.0248381015342088));
#2383=CARTESIAN_POINT('',(-0.0251576633942947,-0.0127,0.0219297732600048));
#2384=CARTESIAN_POINT('',(-0.0119254797173869,-0.0127,0.0191063717440684));
#2385=CARTESIAN_POINT('',(-0.011728529041028,-0.0127,0.0185578754406408));
#2386=CARTESIAN_POINT('',(-0.014393685898545,-0.0127,0.0143114755774253));
#2387=CARTESIAN_POINT('',(-0.0152732583220054,-0.0127,-0.00586678145060337));
#2388=CARTESIAN_POINT('',(-0.0130743760906527,-0.0127,-0.00365076014218949));
#2389=CARTESIAN_POINT('',(-0.0131485400652318,-0.0127,-0.00392484380378233));
#2390=CARTESIAN_POINT('',(-0.0140228191903433,-0.0127,-0.00379112700070137));
#2391=CARTESIAN_POINT('',(-0.0275385800216344,-0.0127,-0.0125467637288296));
#2392=CARTESIAN_POINT('',(-0.0265193920970224,-0.0127,-0.015149759939818));
#2393=CARTESIAN_POINT('',(-0.0270228519498206,-0.0127,-0.0164680303007483));
#2394=CARTESIAN_POINT('',(-0.0206896466930495,-0.0127,-0.0248519755463363));
#2395=CARTESIAN_POINT('',(-0.0180676517407855,-0.0127,-0.0253663206761331));
#2396=CARTESIAN_POINT('',(-0.0141991718456452,-0.0127,-0.0227663824975349));
#2397=CARTESIAN_POINT('',(-0.0112200905723819,-0.0127,-0.0205709038643655));
#2398=CARTESIAN_POINT('',(-0.00690847575116219,-0.0127,-0.00934993429714789));
#2399=CARTESIAN_POINT('',(-0.00583293680614646,-0.0127,-0.0147310296826338));
#2400=CARTESIAN_POINT('',(-0.00466480042058795,-0.0127,-0.0203677759364253));
#2401=CARTESIAN_POINT('',(-0.00362663707437217,-0.0127,-0.0262151419595777));
#2402=CARTESIAN_POINT('',(-0.00642706446371832,-0.0127,-0.0258819578467352));
#2403=CARTESIAN_POINT('',(-0.00830566167164027,-0.0127,-0.0262490061618527));
#2404=CARTESIAN_POINT('',(-0.00901328091108966,-0.0127,-0.0286528139127839));
#2405=CARTESIAN_POINT('',(-0.0102201718283122,-0.0127,-0.0309036700308578));
#2406=CARTESIAN_POINT('',(-0.011230428426598,-0.0127,-0.0344010445790152));
#2407=CARTESIAN_POINT('',(-0.0103700999888438,-0.0127,-0.0366768057729943));
#2408=CARTESIAN_POINT('',(-0.00848007497042839,-0.0127,-0.0378435083667416));
#2409=CARTESIAN_POINT('',(-0.00716836110525094,-0.0127,-0.0407182818243837));
#2410=CARTESIAN_POINT('',(-0.0045554410618886,-0.0127,-0.0414781527661151));
#2411=CARTESIAN_POINT('',(-0.0027587499778945,-0.0127,-0.043390137723644));
#2412=CARTESIAN_POINT('',(0.00061416520737614,-0.0127,-0.0444391965955704));
#2413=CARTESIAN_POINT('',(0.00247929239523478,-0.0127,-0.0435299940364179));
#2414=CARTESIAN_POINT('',(0.0045805265648536,-0.0127,-0.042944022304487));
#2415=CARTESIAN_POINT('',(0.00678255501727203,-0.0127,-0.0403654776127346));
#2416=CARTESIAN_POINT('',(0.00861495881036051,-0.0127,-0.0369280499299698));
#2417=CARTESIAN_POINT('',(0.0100913763551515,-0.0127,-0.0283711271504795));
#2418=CARTESIAN_POINT('',(0.0111320023782517,-0.0127,-0.0249608898679125));
#2419=CARTESIAN_POINT('',(0.0116816016314363,-0.0127,-0.0157548271933436));
#2420=CARTESIAN_POINT('',(0.0130422044172675,-0.0127,-0.0128772177718501));
#2421=CARTESIAN_POINT('',(0.0128201424459939,-0.0127,-0.00846027405450648));
#2422=CARTESIAN_POINT('',(0.0160967564813779,-0.0127,-0.0055983450716595));
#2423=CARTESIAN_POINT('',(0.014357354637996,-0.0127,-0.00257097862608205));
#2424=CARTESIAN_POINT('',(0.0162274732835391,-0.0127,0.00450173316429801));
#2425=CARTESIAN_POINT('',(0.0169959175042585,-0.0127,0.006100766215988));
#2426=CARTESIAN_POINT('',(0.0238651668368936,-0.0127,-0.00163080460234365));
#2427=CARTESIAN_POINT('',(0.0291405390668084,-0.0127,-0.00837956566663573));
#2428=CARTESIAN_POINT('',(0.0300917877412683,-0.0127,-0.0103319737179239));
#2429=CARTESIAN_POINT('',(0.0291533045307511,-0.0127,-0.00315092804149014));
#2430=CARTESIAN_POINT('',(0.0289887477085194,-0.0127,-0.0011074339274185));
#2431=CARTESIAN_POINT('',(0.0261659493865264,-0.0127,0.00805341025521835));
#2432=CARTESIAN_POINT('',(0.0230746422686289,-0.0127,0.0138067975731331));
#2433=CARTESIAN_POINT('',(0.0174692112628734,-0.0127,0.0183969153376957));
#2434=CARTESIAN_POINT('',(0.0156691415896631,-0.0127,0.0200214556963863));
#2435=CARTESIAN_POINT('',(0.0152916571870282,-0.0127,0.022295808054086));
#2436=CARTESIAN_POINT('',(0.0139869384130285,-0.0127,0.0236439273190114));
#2437=CARTESIAN_POINT('',(0.012802278765804,-0.0127,0.0241490130238103));
#2438=CARTESIAN_POINT('',(0.0120185511680116,-0.0127,0.0238278378797621));
#2439=CARTESIAN_POINT('',(0.0108971702632312,-0.0127,0.026524194471033));
#2440=CARTESIAN_POINT('',(0.0105213904217031,-0.0127,0.0292052182095597));
#2441=CARTESIAN_POINT('',(0.00882639481777399,-0.0127,0.0308148509141166));
#2442=CARTESIAN_POINT('',(0.00729166130543166,-0.0127,0.0347872994229751));
#2443=CARTESIAN_POINT('',(0.00588247840005514,-0.0127,0.0374139199256485));
#2444=CARTESIAN_POINT('',(0.00516063652935568,-0.0127,0.0382427100457393));
#2445=CARTESIAN_POINT('',(0.00486526777967811,-0.0127,0.0385818406939507));
#2446=CARTESIAN_POINT('',(-0.00804459482293505,-0.0127,-0.0389003223659928));
#2447=CARTESIAN_POINT('',(-0.00804459482292704,-0.0147,-0.0389003223660051));
#2448=CARTESIAN_POINT('',(-0.00804459482698113,-0.0147,-0.038900322359755));
#2449=CARTESIAN_POINT('',(-0.0282676219940186,-0.0147,0.0259871613234281));
#2450=CARTESIAN_POINT('',(-0.0273868759778081,-0.0147,0.0248381015342088));
#2451=CARTESIAN_POINT('',(-0.0251576633942947,-0.0147,0.0219297732600048));
#2452=CARTESIAN_POINT('',(-0.0119254797173869,-0.0147,0.0191063717440684));
#2453=CARTESIAN_POINT('',(-0.011728529041028,-0.0147,0.0185578754406408));
#2454=CARTESIAN_POINT('',(-0.014393685898545,-0.0147,0.0143114755774253));
#2455=CARTESIAN_POINT('',(-0.0152732583220054,-0.0147,-0.00586678145060337));
#2456=CARTESIAN_POINT('',(-0.0130743760906527,-0.0147,-0.00365076014218949));
#2457=CARTESIAN_POINT('',(-0.0131485400652318,-0.0147,-0.00392484380378233));
#2458=CARTESIAN_POINT('',(-0.0140228191903433,-0.0147,-0.00379112700070137));
#2459=CARTESIAN_POINT('',(-0.0275385800216344,-0.0147,-0.0125467637288296));
#2460=CARTESIAN_POINT('',(-0.0265193920970224,-0.0147,-0.015149759939818));
#2461=CARTESIAN_POINT('',(-0.0270228519498206,-0.0147,-0.0164680303007483));
#2462=CARTESIAN_POINT('',(-0.0206896466930495,-0.0147,-0.0248519755463363));
#2463=CARTESIAN_POINT('',(-0.0180676517407855,-0.0147,-0.0253663206761331));
#2464=CARTESIAN_POINT('',(-0.0141991718456452,-0.0147,-0.0227663824975349));
#2465=CARTESIAN_POINT('',(-0.0112200905723819,-0.0147,-0.0205709038643655));
#2466=CARTESIAN_POINT('',(-0.00690847575116219,-0.0147,-0.00934993429714789));
#2467=CARTESIAN_POINT('',(-0.00583293680614646,-0.0147,-0.0147310296826338));
#2468=CARTESIAN_POINT('',(-0.00466480042058795,-0.0147,-0.0203677759364253));
#2469=CARTESIAN_POINT('',(-0.00362663707437217,-0.0147,-0.0262151419595777));
#2470=CARTESIAN_POINT('',(-0.00642706446371832,-0.0147,-0.0258819578467352));
#2471=CARTESIAN_POINT('',(-0.00830566167164027,-0.0147,-0.0262490061618527));
#2472=CARTESIAN_POINT('',(-0.00901328091108966,-0.0147,-0.0286528139127839));
#2473=CARTESIAN_POINT('',(-0.0102201718283122,-0.0147,-0.0309036700308578));
#2474=CARTESIAN_POINT('',(-0.011230428426598,-0.0147,-0.0344010445790152));
#2475=CARTESIAN_POINT('',(-0.0103700999888438,-0.0147,-0.0366768057729943));
#2476=CARTESIAN_POINT('',(-0.00848007497042839,-0.0147,-0.0378435083667416));
#2477=CARTESIAN_POINT('',(-0.00716836110525094,-0.0147,-0.0407182818243837));
#2478=CARTESIAN_POINT('',(-0.0045554410618886,-0.0147,-0.0414781527661151));
#2479=CARTESIAN_POINT('',(-0.0027587499778945,-0.0147,-0.043390137723644));
#2480=CARTESIAN_POINT('',(0.00061416520737614,-0.0147,-0.0444391965955704));
#2481=CARTESIAN_POINT('',(0.00247929239523478,-0.0147,-0.0435299940364179));
#2482=CARTESIAN_POINT('',(0.0045805265648536,-0.0147,-0.042944022304487));
#2483=CARTESIAN_POINT('',(0.00678255501727203,-0.0147,-0.0403654776127346));
#2484=CARTESIAN_POINT('',(0.00861495881036051,-0.0147,-0.0369280499299698));
#2485=CARTESIAN_POINT('',(0.0100913763551515,-0.0147,-0.0283711271504795));
#2486=CARTESIAN_POINT('',(0.0111320023782517,-0.0147,-0.0249608898679125));
#2487=CARTESIAN_POINT('',(0.0116816016314363,-0.0147,-0.0157548271933436));
#2488=CARTESIAN_POINT('',(0.0130422044172675,-0.0147,-0.0128772177718501));
#2489=CARTESIAN_POINT('',(0.0128201424459939,-0.0147,-0.00846027405450648));
#2490=CARTESIAN_POINT('',(0.0160967564813779,-0.0147,-0.0055983450716595));
#2491=CARTESIAN_POINT('',(0.014357354637996,-0.0147,-0.00257097862608205));
#2492=CARTESIAN_POINT('',(0.0162274732835391,-0.0147,0.00450173316429801));
#2493=CARTESIAN_POINT('',(0.0169959175042585,-0.0147,0.006100766215988));
#2494=CARTESIAN_POINT('',(0.0238651668368936,-0.0147,-0.00163080460234365));
#2495=CARTESIAN_POINT('',(0.0291405390668084,-0.0147,-0.00837956566663573));
#2496=CARTESIAN_POINT('',(0.0300917877412683,-0.0147,-0.0103319737179239));
#2497=CARTESIAN_POINT('',(0.0291533045307511,-0.0147,-0.00315092804149014));
#2498=CARTESIAN_POINT('',(0.0289887477085194,-0.0147,-0.0011074339274185));
#2499=CARTESIAN_POINT('',(0.0261659493865264,-0.0147,0.00805341025521835));
#2500=CARTESIAN_POINT('',(0.0230746422686289,-0.0147,0.0138067975731331));
#2501=CARTESIAN_POINT('',(0.0174692112628734,-0.0147,0.0183969153376957));
#2502=CARTESIAN_POINT('',(0.0156691415896631,-0.0147,0.0200214556963863));
#2503=CARTESIAN_POINT('',(0.0152916571870282,-0.0147,0.022295808054086));
#2504=CARTESIAN_POINT('',(0.0139869384130285,-0.0147,0.0236439273190114));
#2505=CARTESIAN_POINT('',(0.012802278765804,-0.0147,0.0241490130238103));
#2506=CARTESIAN_POINT('',(0.0120185511680116,-0.0147,0.0238278378797621));
#2507=CARTESIAN_POINT('',(0.0108971702632312,-0.0147,0.026524194471033));
#2508=CARTESIAN_POINT('',(0.0105213904217031,-0.0147,0.0292052182095597));
#2509=CARTESIAN_POINT('',(0.00882639481777399,-0.0147,0.0308148509141166));
#2510=CARTESIAN_POINT('',(0.00729166130543166,-0.0147,0.0347872994229751));
#2511=CARTESIAN_POINT('',(0.00588247840005514,-0.0147,0.0374139199256485));
#2512=CARTESIAN_POINT('',(0.00516063652935568,-0.0147,0.0382427100457393));
#2513=CARTESIAN_POINT('',(0.00486526777967811,-0.0147,0.0385818406939507));
#2514=CARTESIAN_POINT('',(0.00486526777967811,-0.0147,0.0385818406939507));
#2515=CARTESIAN_POINT('',(0.00486526777967811,-0.0127,0.0385818406939507));
#2516=CARTESIAN_POINT('',(0.00486526777967811,0.,0.0385818406939507));
#2517=CARTESIAN_POINT('',(-0.0282676219940186,0.,0.0259871613234281));
#2518=CARTESIAN_POINT('',(-0.0273868759778081,0.,0.0248381015342088));
#2519=CARTESIAN_POINT('',(-0.0251576633942947,0.,0.0219297732600048));
#2520=CARTESIAN_POINT('',(-0.0119254797173869,0.,0.0191063717440684));
#2521=CARTESIAN_POINT('',(-0.011728529041028,0.,0.0185578754406408));
#2522=CARTESIAN_POINT('',(-0.014393685898545,0.,0.0143114755774253));
#2523=CARTESIAN_POINT('',(-0.0152732583220054,0.,-0.00586678145060337));
#2524=CARTESIAN_POINT('',(-0.0130743760906527,0.,-0.00365076014218949));
#2525=CARTESIAN_POINT('',(-0.0131485400652318,0.,-0.00392484380378233));
#2526=CARTESIAN_POINT('',(-0.0140228191903433,0.,-0.00379112700070137));
#2527=CARTESIAN_POINT('',(-0.0275385800216344,0.,-0.0125467637288296));
#2528=CARTESIAN_POINT('',(-0.0265193920970224,0.,-0.015149759939818));
#2529=CARTESIAN_POINT('',(-0.0270228519498206,0.,-0.0164680303007483));
#2530=CARTESIAN_POINT('',(-0.0206896466930495,0.,-0.0248519755463363));
#2531=CARTESIAN_POINT('',(-0.0180676517407855,0.,-0.0253663206761331));
#2532=CARTESIAN_POINT('',(-0.0141991718456452,0.,-0.0227663824975349));
#2533=CARTESIAN_POINT('',(-0.0112200905723819,0.,-0.0205709038643655));
#2534=CARTESIAN_POINT('',(-0.00690847575116219,0.,-0.00934993429714789));
#2535=CARTESIAN_POINT('',(-0.00583293680614646,0.,-0.0147310296826338));
#2536=CARTESIAN_POINT('',(-0.00466480042058795,0.,-0.0203677759364253));
#2537=CARTESIAN_POINT('',(-0.00362663707437217,0.,-0.0262151419595777));
#2538=CARTESIAN_POINT('',(-0.00642706446371832,0.,-0.0258819578467352));
#2539=CARTESIAN_POINT('',(-0.00830566167164027,0.,-0.0262490061618527));
#2540=CARTESIAN_POINT('',(-0.00901328091108966,0.,-0.0286528139127839));
#2541=CARTESIAN_POINT('',(-0.0102201718283122,0.,-0.0309036700308578));
#2542=CARTESIAN_POINT('',(-0.011230428426598,0.,-0.0344010445790152));
#2543=CARTESIAN_POINT('',(-0.0103700999888438,0.,-0.0366768057729943));
#2544=CARTESIAN_POINT('',(-0.00848007497042839,0.,-0.0378435083667416));
#2545=CARTESIAN_POINT('',(-0.00716836110525094,0.,-0.0407182818243837));
#2546=CARTESIAN_POINT('',(-0.0045554410618886,0.,-0.0414781527661151));
#2547=CARTESIAN_POINT('',(-0.0027587499778945,0.,-0.043390137723644));
#2548=CARTESIAN_POINT('',(0.00061416520737614,0.,-0.0444391965955704));
#2549=CARTESIAN_POINT('',(0.00247929239523478,0.,-0.0435299940364179));
#2550=CARTESIAN_POINT('',(0.0045805265648536,0.,-0.042944022304487));
#2551=CARTESIAN_POINT('',(0.00678255501727203,0.,-0.0403654776127346));
#2552=CARTESIAN_POINT('',(0.00861495881036051,0.,-0.0369280499299698));
#2553=CARTESIAN_POINT('',(0.0100913763551515,0.,-0.0283711271504795));
#2554=CARTESIAN_POINT('',(0.0111320023782517,0.,-0.0249608898679125));
#2555=CARTESIAN_POINT('',(0.0116816016314363,0.,-0.0157548271933436));
#2556=CARTESIAN_POINT('',(0.0130422044172675,0.,-0.0128772177718501));
#2557=CARTESIAN_POINT('',(0.0128201424459939,0.,-0.00846027405450648));
#2558=CARTESIAN_POINT('',(0.0160967564813779,0.,-0.0055983450716595));
#2559=CARTESIAN_POINT('',(0.014357354637996,0.,-0.00257097862608205));
#2560=CARTESIAN_POINT('',(0.0162274732835391,0.,0.00450173316429801));
#2561=CARTESIAN_POINT('',(0.0169959175042585,0.,0.006100766215988));
#2562=CARTESIAN_POINT('',(0.0238651668368936,0.,-0.00163080460234365));
#2563=CARTESIAN_POINT('',(0.0291405390668084,0.,-0.00837956566663573));
#2564=CARTESIAN_POINT('',(0.0300917877412683,0.,-0.0103319737179239));
#2565=CARTESIAN_POINT('',(0.0291533045307511,0.,-0.00315092804149014));
#2566=CARTESIAN_POINT('',(0.0289887477085194,0.,-0.0011074339274185));
#2567=CARTESIAN_POINT('',(0.0261659493865264,0.,0.00805341025521835));
#2568=CARTESIAN_POINT('',(0.0230746422686289,0.,0.0138067975731331));
#2569=CARTESIAN_POINT('',(0.0174692112628734,0.,0.0183969153376957));
#2570=CARTESIAN_POINT('',(0.0156691415896631,0.,0.0200214556963863));
#2571=CARTESIAN_POINT('',(0.0152916571870282,0.,0.022295808054086));
#2572=CARTESIAN_POINT('',(0.0139869384130285,0.,0.0236439273190114));
#2573=CARTESIAN_POINT('',(0.012802278765804,0.,0.0241490130238103));
#2574=CARTESIAN_POINT('',(0.0120185511680116,0.,0.0238278378797621));
#2575=CARTESIAN_POINT('',(0.0108971702632312,0.,0.026524194471033));
#2576=CARTESIAN_POINT('',(0.0105213904217031,0.,0.0292052182095597));
#2577=CARTESIAN_POINT('',(0.00882639481777399,0.,0.0308148509141166));
#2578=CARTESIAN_POINT('',(0.00729166130543166,0.,0.0347872994229751));
#2579=CARTESIAN_POINT('',(0.00588247840005514,0.,0.0374139199256485));
#2580=CARTESIAN_POINT('',(0.00516063652935568,0.,0.0382427100457393));
#2581=CARTESIAN_POINT('',(0.00486526777967811,0.,0.0385818406939507));
#2582=CARTESIAN_POINT('',(0.0119758873032698,0.,0.0243072542134467));
#2583=CARTESIAN_POINT('',(-0.0282676219940186,0.,0.0259871613234281));
#2584=CARTESIAN_POINT('',(-0.0273868759778081,0.,0.0248381015342088));
#2585=CARTESIAN_POINT('',(-0.0251576633942947,0.,0.0219297732600048));
#2586=CARTESIAN_POINT('',(-0.0119254797173869,0.,0.0191063717440684));
#2587=CARTESIAN_POINT('',(-0.011728529041028,0.,0.0185578754406408));
#2588=CARTESIAN_POINT('',(-0.014393685898545,0.,0.0143114755774253));
#2589=CARTESIAN_POINT('',(-0.0152732583220054,0.,-0.00586678145060337));
#2590=CARTESIAN_POINT('',(-0.0130743760906527,0.,-0.00365076014218949));
#2591=CARTESIAN_POINT('',(-0.0131485400652318,0.,-0.00392484380378233));
#2592=CARTESIAN_POINT('',(-0.0140228191903433,0.,-0.00379112700070137));
#2593=CARTESIAN_POINT('',(-0.0275385800216344,0.,-0.0125467637288296));
#2594=CARTESIAN_POINT('',(-0.0265193920970224,0.,-0.015149759939818));
#2595=CARTESIAN_POINT('',(-0.0270228519498206,0.,-0.0164680303007483));
#2596=CARTESIAN_POINT('',(-0.0206896466930495,0.,-0.0248519755463363));
#2597=CARTESIAN_POINT('',(-0.0180676517407855,0.,-0.0253663206761331));
#2598=CARTESIAN_POINT('',(-0.0141991718456452,0.,-0.0227663824975349));
#2599=CARTESIAN_POINT('',(-0.0112200905723819,0.,-0.0205709038643655));
#2600=CARTESIAN_POINT('',(-0.00690847575116219,0.,-0.00934993429714789));
#2601=CARTESIAN_POINT('',(-0.00583293680614646,0.,-0.0147310296826338));
#2602=CARTESIAN_POINT('',(-0.00466480042058795,0.,-0.0203677759364253));
#2603=CARTESIAN_POINT('',(-0.00362663707437217,0.,-0.0262151419595777));
#2604=CARTESIAN_POINT('',(-0.00642706446371832,0.,-0.0258819578467352));
#2605=CARTESIAN_POINT('',(-0.00830566167164027,0.,-0.0262490061618527));
#2606=CARTESIAN_POINT('',(-0.00901328091108966,0.,-0.0286528139127839));
#2607=CARTESIAN_POINT('',(-0.0102201718283122,0.,-0.0309036700308578));
#2608=CARTESIAN_POINT('',(-0.011230428426598,0.,-0.0344010445790152));
#2609=CARTESIAN_POINT('',(-0.0103700999888438,0.,-0.0366768057729943));
#2610=CARTESIAN_POINT('',(-0.00848007497042839,0.,-0.0378435083667416));
#2611=CARTESIAN_POINT('',(-0.00716836110525094,0.,-0.0407182818243837));
#2612=CARTESIAN_POINT('',(-0.0045554410618886,0.,-0.0414781527661151));
#2613=CARTESIAN_POINT('',(-0.0027587499778945,0.,-0.043390137723644));
#2614=CARTESIAN_POINT('',(0.00061416520737614,0.,-0.0444391965955704));
#2615=CARTESIAN_POINT('',(0.00247929239523478,0.,-0.0435299940364179));
#2616=CARTESIAN_POINT('',(0.0045805265648536,0.,-0.042944022304487));
#2617=CARTESIAN_POINT('',(0.00678255501727203,0.,-0.0403654776127346));
#2618=CARTESIAN_POINT('',(0.00861495881036051,0.,-0.0369280499299698));
#2619=CARTESIAN_POINT('',(0.0100913763551515,0.,-0.0283711271504795));
#2620=CARTESIAN_POINT('',(0.0111320023782517,0.,-0.0249608898679125));
#2621=CARTESIAN_POINT('',(0.0116816016314363,0.,-0.0157548271933436));
#2622=CARTESIAN_POINT('',(0.0130422044172675,0.,-0.0128772177718501));
#2623=CARTESIAN_POINT('',(0.0128201424459939,0.,-0.00846027405450648));
#2624=CARTESIAN_POINT('',(0.0160967564813779,0.,-0.0055983450716595));
#2625=CARTESIAN_POINT('',(0.014357354637996,0.,-0.00257097862608205));
#2626=CARTESIAN_POINT('',(0.0162274732835391,0.,0.00450173316429801));
#2627=CARTESIAN_POINT('',(0.0169959175042585,0.,0.006100766215988));
#2628=CARTESIAN_POINT('',(0.0238651668368936,0.,-0.00163080460234365));
#2629=CARTESIAN_POINT('',(0.0291405390668084,0.,-0.00837956566663573));
#2630=CARTESIAN_POINT('',(0.0300917877412683,0.,-0.0103319737179239));
#2631=CARTESIAN_POINT('',(0.0291533045307511,0.,-0.00315092804149014));
#2632=CARTESIAN_POINT('',(0.0289887477085194,0.,-0.0011074339274185));
#2633=CARTESIAN_POINT('',(0.0261659493865264,0.,0.00805341025521835));
#2634=CARTESIAN_POINT('',(0.0230746422686289,0.,0.0138067975731331));
#2635=CARTESIAN_POINT('',(0.0174692112628734,0.,0.0183969153376957));
#2636=CARTESIAN_POINT('',(0.0156691415896631,0.,0.0200214556963863));
#2637=CARTESIAN_POINT('',(0.0152916571870282,0.,0.022295808054086));
#2638=CARTESIAN_POINT('',(0.0139869384130285,0.,0.0236439273190114));
#2639=CARTESIAN_POINT('',(0.012802278765804,0.,0.0241490130238103));
#2640=CARTESIAN_POINT('',(0.0120185511680116,0.,0.0238278378797621));
#2641=CARTESIAN_POINT('',(0.0108971702632312,0.,0.026524194471033));
#2642=CARTESIAN_POINT('',(0.0105213904217031,0.,0.0292052182095597));
#2643=CARTESIAN_POINT('',(0.00882639481777399,0.,0.0308148509141166));
#2644=CARTESIAN_POINT('',(0.00729166130543166,0.,0.0347872994229751));
#2645=CARTESIAN_POINT('',(0.00588247840005514,0.,0.0374139199256485));
#2646=CARTESIAN_POINT('',(0.00516063652935568,0.,0.0382427100457393));
#2647=CARTESIAN_POINT('',(0.00486526777967811,0.,0.0385818406939507));
#2648=CARTESIAN_POINT('',(0.0176566314728921,0.,0.0048854308731073));
#2649=CARTESIAN_POINT('',(0.0176566314728786,0.,0.00488543087311775));
#2650=CARTESIAN_POINT('',(0.0172907114001976,-6.2951150257533E-5,0.00516865153246808));
#2651=CARTESIAN_POINT('',(0.0170224266535522,-0.000155322748953233,0.00531063716835814));
#2652=CARTESIAN_POINT('',(0.0168480399561457,-0.000277114796087099,0.00531452997779381));
#2653=CARTESIAN_POINT('',(0.0168480399561457,-0.000277114796087094,0.00531452997779382));
#2654=CARTESIAN_POINT('',(0.0168480399561457,-0.000277114796087099,0.00531452997779381));
#2655=CARTESIAN_POINT('',(0.0167047100236766,-0.000137302119852766,0.00531772951148432));
#2656=CARTESIAN_POINT('',(0.0165889520917843,-4.49305211557994E-5,0.00523602568722684));
#2657=CARTESIAN_POINT('',(0.0164608081486428,3.80077913586518E-15,0.00490833981073872));
#2658=CARTESIAN_POINT('',(-0.0101925503925982,5.46387774327532E-7,-0.0365268469007321));
#2659=CARTESIAN_POINT('',(-0.0100790853102003,-0.000107869860970809,-0.0366658800198099));
#2660=CARTESIAN_POINT('',(-0.00995006890611901,-0.000207980568040973,-0.0367980557508023));
#2661=CARTESIAN_POINT('',(-0.00981263659502296,-0.000299937193769783,-0.0369269246801559));
#2662=CARTESIAN_POINT('',(-0.0118164283292791,0.,0.0328833783797694));
#2663=CARTESIAN_POINT('',(-0.0173452664166689,0.,0.0342965126037598));
#2664=CARTESIAN_POINT('',(-0.0164712126394387,0.,0.0337951069580614));
#2665=CARTESIAN_POINT('',(-0.0144515668098122,0.,0.0326365262761096));
#2666=CARTESIAN_POINT('',(-0.0110817714404082,0.,0.0295413990879877));
#2667=CARTESIAN_POINT('',(-0.00733336571365399,0.,0.0259721116388456));
#2668=CARTESIAN_POINT('',(-0.0078301193222226,0.,0.0265552898936552));
#2669=CARTESIAN_POINT('',(-0.00379275688931473,0.,0.0261910104878786));
#2670=CARTESIAN_POINT('',(-0.000831906681716851,0.,0.0260750931544466));
#2671=CARTESIAN_POINT('',(-0.000260505857749725,0.,0.0258429738075027));
#2672=CARTESIAN_POINT('',(-0.0013867867331519,0.,0.0283451946182462));
#2673=CARTESIAN_POINT('',(-0.00263891417387917,0.,0.0303907430630325));
#2674=CARTESIAN_POINT('',(-0.00514197468831166,0.,0.0331538259520167));
#2675=CARTESIAN_POINT('',(-0.00552596744113605,0.,0.0345737067591496));
#2676=CARTESIAN_POINT('',(-0.0056912680156529,0.,0.0351849347352982));
#2677=CARTESIAN_POINT('',(-0.0056912680156529,0.,0.0351849347352982));
#2678=CARTESIAN_POINT('',(-0.00115675606896107,0.,0.0277598456466713));
#2679=CARTESIAN_POINT('',(-0.0011567560689514,0.,0.027759845646651));
#2680=CARTESIAN_POINT('',(-0.00132615574813395,0.,0.0280316501140222));
#2681=CARTESIAN_POINT('',(-0.00162969661055193,0.,0.0285177980712756));
#2682=CARTESIAN_POINT('',(-0.00197783537503543,0.,0.0290725821408568));
#2683=CARTESIAN_POINT('',(-0.00218213317440752,0.,0.0293946746448383));
#2684=CARTESIAN_POINT('',(-0.00227336400791016,0.,0.0295366305627081));
#2685=CARTESIAN_POINT('',(-0.00232048159443882,0.,0.0296082730997661));
#2686=CARTESIAN_POINT('',(-0.00232589568961548,0.,0.0296169393609611));
#2687=CARTESIAN_POINT('',(-0.00241367288473319,0.,0.029745705287294));
#2688=CARTESIAN_POINT('',(-0.0025074197677812,0.,0.0298792640546062));
#2689=CARTESIAN_POINT('',(-0.00264091512335289,0.,0.0300643659572468));
#2690=CARTESIAN_POINT('',(-0.00278582436656129,0.,0.030256949601826));
#2691=CARTESIAN_POINT('',(-0.00289934836802843,0.,0.0304044848603232));
#2692=CARTESIAN_POINT('',(-0.00301338271982387,0.,0.0305497026892465));
#2693=CARTESIAN_POINT('',(-0.00303207303470767,0.,0.0305728944456949));
#2694=CARTESIAN_POINT('',(-0.00311219736702278,0.,0.0306729918617572));
#2695=CARTESIAN_POINT('',(-0.00323372776371411,0.,0.0308232073713743));
#2696=CARTESIAN_POINT('',(-0.0034306115398633,0.,0.0310658633591327));
#2697=CARTESIAN_POINT('',(-0.0037956320434163,0.,0.0315126141358802));
#2698=CARTESIAN_POINT('',(-0.00414365033757751,0.,0.0319463546755896));
#2699=CARTESIAN_POINT('',(-0.00451682674849463,0.,0.0324359262398156));
#2700=CARTESIAN_POINT('',(-0.00475765757136028,0.,0.0327729549542577));
#2701=CARTESIAN_POINT('',(-0.00492331718353177,0.,0.0330241496160368));
#2702=CARTESIAN_POINT('',(-0.00500747674467577,0.,0.0331572782961842));
#2703=CARTESIAN_POINT('',(-0.00515668608876078,0.,0.0334186098633275));
#2704=CARTESIAN_POINT('',(-0.00527601985547478,0.,0.0336582996129261));
#2705=CARTESIAN_POINT('',(-0.00538689907713666,0.,0.0339049330422672));
#2706=CARTESIAN_POINT('',(-0.00549856498478286,0.,0.0341940128667431));
#2707=CARTESIAN_POINT('',(-0.00555263162194879,0.,0.0343549427274971));
#2708=CARTESIAN_POINT('',(-0.00565792154079835,0.,0.0346890628913524));
#2709=CARTESIAN_POINT('',(-0.00574330265572308,0.,0.0349924645727527));
#2710=CARTESIAN_POINT('',(-0.00580651142459729,0.,0.035227279590212));
#2711=CARTESIAN_POINT('',(-0.0058070603738731,3.31090204647672E-7,0.0352291784752811));
#2712=CARTESIAN_POINT('',(-0.00580776218704493,0.,0.0352290976204784));
#2713=CARTESIAN_POINT('',(-0.00554243184483479,0.,0.0354116387114219));
#2714=CARTESIAN_POINT('',(-0.00504304198437072,0.,0.0357520257521649));
#2715=CARTESIAN_POINT('',(-0.00438978365273425,0.,0.0361873287610168));
#2716=CARTESIAN_POINT('',(-0.00392022212427604,0.,0.0364903302969174));
#2717=CARTESIAN_POINT('',(-0.00364050208536238,0.,0.0366653249920263));
#2718=CARTESIAN_POINT('',(-0.00348055644736246,0.,0.0367630650396099));
#2719=CARTESIAN_POINT('',(-0.00340006890960413,0.,0.0368118460864749));
#2720=CARTESIAN_POINT('',(-0.00319717884211073,0.,0.0369319204992649));
#2721=CARTESIAN_POINT('',(-0.00297234802189548,0.,0.0370611637036721));
#2722=CARTESIAN_POINT('',(-0.00256481435334694,0.,0.0372870846328427));
#2723=CARTESIAN_POINT('',(-0.0020117908039547,0.,0.0375676160438937));
#2724=CARTESIAN_POINT('',(-0.00136805122892308,0.,0.0378512879244999));
#2725=CARTESIAN_POINT('',(-0.000768369046837357,0.,0.0380728044963135));
#2726=CARTESIAN_POINT('',(-0.000142848587714576,0.,0.0382543491189744));
#2727=CARTESIAN_POINT('',(0.000538199745110856,0.,0.0384038150954981));
#2728=CARTESIAN_POINT('',(0.00114076861512357,0.,0.0384995177236687));
#2729=CARTESIAN_POINT('',(0.00159158137113426,0.,0.0385523610673975));
#2730=CARTESIAN_POINT('',(0.00184331287462367,0.,0.0385774220297202));
#2731=CARTESIAN_POINT('',(0.00206863499643222,0.,0.038596643129005));
#2732=CARTESIAN_POINT('',(0.0021689250394944,0.,0.0386040485003893));
#2733=CARTESIAN_POINT('',(0.0023576687587323,0.,0.0386171069228282));
#2734=CARTESIAN_POINT('',(0.00269028956646213,0.,0.0386361800069186));
#2735=CARTESIAN_POINT('',(0.0032445054377975,0.,0.038658815015777));
#2736=CARTESIAN_POINT('',(0.00401327420497621,0.,0.0386766534582869));
#2737=CARTESIAN_POINT('',(0.00459906462910495,0.,0.0386826834887617));
#2738=CARTESIAN_POINT('',(0.00490993447781405,0.,0.0386842034839038));
#2739=CARTESIAN_POINT('',(0.00490954841109272,-5.41549256517524E-8,0.0386841264770571));
#2740=CARTESIAN_POINT('',(0.0049096360492728,0.,0.0386839434583379));
#2741=CARTESIAN_POINT('',(0.00505366811823495,0.,0.0385186394041795));
#2742=CARTESIAN_POINT('',(0.00523986141706854,0.,0.0383012652580054));
#2743=CARTESIAN_POINT('',(0.00544142337500425,0.,0.0380554200519488));
#2744=CARTESIAN_POINT('',(0.00554321928578111,0.,0.0379273834043966));
#2745=CARTESIAN_POINT('',(0.0056997503218979,0.,0.037718278963558));
#2746=CARTESIAN_POINT('',(0.00588332789321153,0.,0.0374582111584272));
#2747=CARTESIAN_POINT('',(0.00612974667419664,0.,0.037076854462085));
#2748=CARTESIAN_POINT('',(0.00634016747044783,0.,0.0367191379002639));
#2749=CARTESIAN_POINT('',(0.00657901500716331,0.,0.0362888623859166));
#2750=CARTESIAN_POINT('',(0.00677443461918813,0.,0.0359122866868));
#2751=CARTESIAN_POINT('',(0.00691692918580757,0.,0.0356255314555383));
#2752=CARTESIAN_POINT('',(0.00699418301602449,0.,0.0354670260256254));
#2753=CARTESIAN_POINT('',(0.00706526710128814,0.,0.0353188284295223));
#2754=CARTESIAN_POINT('',(0.00708736723052433,0.,0.0352719813481677));
#2755=CARTESIAN_POINT('',(0.00713803379368636,0.,0.0351640110060799));
#2756=CARTESIAN_POINT('',(0.0072267503540313,0.,0.0349717652075628));
#2757=CARTESIAN_POINT('',(0.00738328154605681,0.,0.0346251898319931));
#2758=CARTESIAN_POINT('',(0.00760355120936699,0.,0.0341287692469256));
#2759=CARTESIAN_POINT('',(0.00797280975810892,0.,0.0332793977914884));
#2760=CARTESIAN_POINT('',(0.00829195461041276,0.,0.0325602903030641));
#2761=CARTESIAN_POINT('',(0.0085175797353095,0.,0.0320813705311399));
#2762=CARTESIAN_POINT('',(0.00864179123432417,0.,0.0318286924483577));
#2763=CARTESIAN_POINT('',(0.00870357051058048,0.,0.0317051592853438));
#2764=CARTESIAN_POINT('',(0.0088526573033927,0.,0.0314218220972674));
#2765=CARTESIAN_POINT('',(0.00897617273667254,0.,0.0312031335017129));
#2766=CARTESIAN_POINT('',(0.0090985428910655,0.,0.0309974523527));
#2767=CARTESIAN_POINT('',(0.00923494232007791,0.,0.0307868906165653));
#2768=CARTESIAN_POINT('',(0.00930024672903895,0.,0.0306946415739423));
#2769=CARTESIAN_POINT('',(0.00943901208665074,0.,0.0305027531967492));
#2770=CARTESIAN_POINT('',(0.00960285909637682,0.,0.0302815942657285));
#2771=CARTESIAN_POINT('',(0.0098407489756609,0.,0.0299676416859923));
#2772=CARTESIAN_POINT('',(0.0100052161512647,0.,0.0297446190563494));
#2773=CARTESIAN_POINT('',(0.0102095400897213,0.,0.0294416543223559));
#2774=CARTESIAN_POINT('',(0.0103840600325093,0.,0.0291389330314007));
#2775=CARTESIAN_POINT('',(0.0105241429756007,0.,0.0288005750623005));
#2776=CARTESIAN_POINT('',(0.0106243727839687,0.,0.0284993986442407));
#2777=CARTESIAN_POINT('',(0.0106754470422459,0.,0.0283312887526681));
#2778=CARTESIAN_POINT('',(0.0107253279798058,0.,0.0281531259127186));
#2779=CARTESIAN_POINT('',(0.0107277385606177,0.,0.0281422983142306));
#2780=CARTESIAN_POINT('',(0.0107560592600914,0.,0.0280337090474535));
#2781=CARTESIAN_POINT('',(0.0107973978748071,0.,0.0278693041909277));
#2782=CARTESIAN_POINT('',(0.010859163574811,0.,0.0276207893272627));
#2783=CARTESIAN_POINT('',(0.0109152499669739,0.,0.0273935971236298));
#2784=CARTESIAN_POINT('',(0.0109703737853065,0.,0.0271689257020822));
#2785=CARTESIAN_POINT('',(0.0110001491052929,0.,0.0270489640380375));
#2786=CARTESIAN_POINT('',(0.0110481223635084,0.,0.0268608037316684));
#2787=CARTESIAN_POINT('',(0.0111037339642427,0.,0.0266515338353825));
#2788=CARTESIAN_POINT('',(0.0111721465261645,0.,0.0264096038229961));
#2789=CARTESIAN_POINT('',(0.0112317245093437,0.,0.0262112003362818));
#2790=CARTESIAN_POINT('',(0.0113158741966158,0.,0.0259512876407019));
#2791=CARTESIAN_POINT('',(0.0113992992492219,0.,0.0257133217711294));
#2792=CARTESIAN_POINT('',(0.011472594848226,0.,0.0255176749224629));
#2793=CARTESIAN_POINT('',(0.0115277556181845,0.,0.0253784306414881));
#2794=CARTESIAN_POINT('',(0.0115564500714174,0.,0.0253075185338474));
#2795=CARTESIAN_POINT('',(0.0115878042868502,0.,0.0252317836061321));
#2796=CARTESIAN_POINT('',(0.0115828756705986,0.,0.0252437657740437));
#2797=CARTESIAN_POINT('',(0.0115937463898033,0.,0.0252178030387401));
#2798=CARTESIAN_POINT('',(0.0116163696511466,0.,0.0251641208442848));
#2799=CARTESIAN_POINT('',(0.0116804690892264,0.,0.0250119737768632));
#2800=CARTESIAN_POINT('',(0.0118014812557072,0.,0.0247249737513809));
#2801=CARTESIAN_POINT('',(0.011912779614824,0.,0.0244610593220308));
#2802=CARTESIAN_POINT('',(0.0119759823268921,0.,0.024311203952819));
#2803=CARTESIAN_POINT('',(-0.0056912680156529,0.,0.0351849347352982));
#2804=CARTESIAN_POINT('',(-0.00404858982127252,0.,0.0363140006175761));
#2805=CARTESIAN_POINT('',(-0.000804011417857998,0.,0.038544104353173));
#2806=CARTESIAN_POINT('',(0.00299140837415448,0.,0.038569367750807));
#2807=CARTESIAN_POINT('',(0.00486526777967811,0.,0.0385818406939507));
#2808=CARTESIAN_POINT('',(-0.0118164283292791,0.,0.0328833783797694));
#2809=CARTESIAN_POINT('',(0.0119760241373735,0.,0.024311407960435));
#2810=CARTESIAN_POINT('',(0.0121195750870943,0.,0.0242832947238411));
#2811=CARTESIAN_POINT('',(0.0123328165416493,0.,0.0242417374042014));
#2812=CARTESIAN_POINT('',(0.0126254738878263,0.,0.024183854666361));
#2813=CARTESIAN_POINT('',(0.0128241239071994,0.,0.0241466022214666));
#2814=CARTESIAN_POINT('',(0.0131019737108922,0.,0.0240859249944727));
#2815=CARTESIAN_POINT('',(0.013302899516484,0.,0.0240237439918459));
#2816=CARTESIAN_POINT('',(0.0138169562418962,0.,0.0237800559714601));
#2817=CARTESIAN_POINT('',(0.0142806530605278,0.,0.023435373972771));
#2818=CARTESIAN_POINT('',(0.0146881058312613,0.,0.0230172983969806));
#2819=CARTESIAN_POINT('',(0.0149641628741632,0.,0.0226543952977403));
#2820=CARTESIAN_POINT('',(0.0151371642910985,0.,0.0223605400120107));
#2821=CARTESIAN_POINT('',(0.0152517755162415,0.,0.0221183465766715));
#2822=CARTESIAN_POINT('',(0.015308887520688,0.,0.0219848659737293));
#2823=CARTESIAN_POINT('',(0.0153604064785963,0.,0.0218528968670374));
#2824=CARTESIAN_POINT('',(0.0153691692555757,0.,0.0218275453658727));
#2825=CARTESIAN_POINT('',(0.0154035713644184,0.,0.0217302428956095));
#2826=CARTESIAN_POINT('',(0.0154532256133261,0.,0.0215814996897926));
#2827=CARTESIAN_POINT('',(0.0155309844094794,0.,0.0213442215688224));
#2828=CARTESIAN_POINT('',(0.0156731979521769,0.,0.020893997265588));
#2829=CARTESIAN_POINT('',(0.015772330675575,0.,0.0206066275795859));
#2830=CARTESIAN_POINT('',(0.0158838726863281,0.,0.0203412902625958));
#2831=CARTESIAN_POINT('',(0.0159761245441506,0.,0.0201478839640751));
#2832=CARTESIAN_POINT('',(0.0161446139362925,0.,0.0198780591698867));
#2833=CARTESIAN_POINT('',(0.0163291193137257,0.,0.0196438458886008));
#2834=CARTESIAN_POINT('',(0.0165091637923962,0.,0.0194438868427817));
#2835=CARTESIAN_POINT('',(0.0166251724532316,0.,0.0193273963520535));
#2836=CARTESIAN_POINT('',(0.0167860938472519,0.,0.0191717369254771));
#2837=CARTESIAN_POINT('',(0.016938514007371,0.,0.019032290143406));
#2838=CARTESIAN_POINT('',(0.0170628271291422,0.,0.0189212286593856));
#2839=CARTESIAN_POINT('',(0.0171895388077667,0.,0.0188104516148362));
#2840=CARTESIAN_POINT('',(0.0172155541186259,0.,0.0187881293505524));
#2841=CARTESIAN_POINT('',(0.0173037039981231,0.,0.0187121856185322));
#2842=CARTESIAN_POINT('',(0.0174293949793332,0.,0.0186048086811036));
#2843=CARTESIAN_POINT('',(0.0176232929665087,0.,0.0184397755303245));
#2844=CARTESIAN_POINT('',(0.0179704807764299,0.,0.018145563154378));
#2845=CARTESIAN_POINT('',(0.0182907996121204,0.,0.0178738483847015));
#2846=CARTESIAN_POINT('',(0.0186722543381858,0.,0.0175484237508388));
#2847=CARTESIAN_POINT('',(0.0189413098483928,0.,0.0173175476098298));
#2848=CARTESIAN_POINT('',(0.0191491118707705,0.,0.0171380769948738));
#2849=CARTESIAN_POINT('',(0.0192620226879734,0.,0.0170403165367995));
#2850=CARTESIAN_POINT('',(0.0194873762204898,0.,0.0168437176032438));
#2851=CARTESIAN_POINT('',(0.0197411629866197,0.,0.016619929604329));
#2852=CARTESIAN_POINT('',(0.0201885478709876,0.,0.0162201380548305));
#2853=CARTESIAN_POINT('',(0.0207747084849886,0.,0.0156791406076643));
#2854=CARTESIAN_POINT('',(0.021299703431599,0.,0.0151717685706704));
#2855=CARTESIAN_POINT('',(0.021695423536125,0.,0.0147719521220372));
#2856=CARTESIAN_POINT('',(0.021941659092737,0.,0.014516837623304));
#2857=CARTESIAN_POINT('',(0.0222955296758575,0.,0.0141351356009434));
#2858=CARTESIAN_POINT('',(0.0227072935403281,0.,0.01366747695939));
#2859=CARTESIAN_POINT('',(0.0233999862051701,0.,0.0128246222414195));
#2860=CARTESIAN_POINT('',(0.0240799467897394,0.,0.0118467490214684));
#2861=CARTESIAN_POINT('',(0.0246436981401294,0.,0.0108822030779706));
#2862=CARTESIAN_POINT('',(0.0250678555848027,0.,0.0100821795735929));
#2863=CARTESIAN_POINT('',(0.0254125871620864,0.,0.00936169006015291));
#2864=CARTESIAN_POINT('',(0.0256770553410891,0.,0.00877055506600817));
#2865=CARTESIAN_POINT('',(0.0258908943342181,0.,0.00826708225375002));
#2866=CARTESIAN_POINT('',(0.0260326383228764,0.,0.00792037828465133));
#2867=CARTESIAN_POINT('',(0.0262493219523678,0.,0.00737897766211346));
#2868=CARTESIAN_POINT('',(0.0265162274470579,0.,0.00668311806630255));
#2869=CARTESIAN_POINT('',(0.0268421329137037,0.,0.00579371984625951));
#2870=CARTESIAN_POINT('',(0.0271894826057606,0.,0.00479931985425864));
#2871=CARTESIAN_POINT('',(0.0274830377731588,0.,0.00392625095469964));
#2872=CARTESIAN_POINT('',(0.0277730823545446,0.,0.00303445126446213));
#2873=CARTESIAN_POINT('',(0.0280504168972874,0.,0.00214668813869963));
#2874=CARTESIAN_POINT('',(0.0282596988772672,0.,0.00145107638971537));
#2875=CARTESIAN_POINT('',(0.0284455983604309,0.,0.000811732901429124));
#2876=CARTESIAN_POINT('',(0.0285729765982381,0.,0.000359555106025987));
#2877=CARTESIAN_POINT('',(0.0286822196911817,0.,-3.81767905380942E-5));
#2878=CARTESIAN_POINT('',(0.0288189660446094,0.,-0.000558683965734035));
#2879=CARTESIAN_POINT('',(0.0289354713384691,0.,-0.00104376242253311));
#2880=CARTESIAN_POINT('',(0.0290346960144852,0.,-0.00150016475127801));
#2881=CARTESIAN_POINT('',(0.029101840484137,0.,-0.0018516545063331));
#2882=CARTESIAN_POINT('',(0.0291417851859823,0.,-0.00208999154476785));
#2883=CARTESIAN_POINT('',(0.0291611175067168,0.,-0.00221340749722878));
#2884=CARTESIAN_POINT('',(0.0291779861472069,0.,-0.00232918092743476));
#2885=CARTESIAN_POINT('',(0.0291803728718179,0.,-0.00234695007383408));
#2886=CARTESIAN_POINT('',(0.0291895338800111,0.,-0.00241308552430526));
#2887=CARTESIAN_POINT('',(0.0292050519866256,0.,-0.00252928159714815));
#2888=CARTESIAN_POINT('',(0.0292340092149814,0.,-0.00275310395853625));
#2889=CARTESIAN_POINT('',(0.0292770365525083,0.,-0.00309654692345535));
#2890=CARTESIAN_POINT('',(0.0293290068431529,0.,-0.00351934676444691));
#2891=CARTESIAN_POINT('',(0.029389845872337,0.,-0.00402116912556155));
#2892=CARTESIAN_POINT('',(0.0294591862087559,0.,-0.00459885068577756));
#2893=CARTESIAN_POINT('',(0.0295253408616317,0.,-0.00515429101857233));
#2894=CARTESIAN_POINT('',(0.0295803830435061,0.,-0.00561867308481508));
#2895=CARTESIAN_POINT('',(0.0296301313831158,0.,-0.00603918662328234));
#2896=CARTESIAN_POINT('',(0.0296581834837508,0.,-0.00627860384552185));
#2897=CARTESIAN_POINT('',(0.0296998092847229,0.,-0.006639914138173));
#2898=CARTESIAN_POINT('',(0.029744692622031,0.,-0.00704206987199135));
#2899=CARTESIAN_POINT('',(0.0297831758544078,0.,-0.00740297702163407));
#2900=CARTESIAN_POINT('',(0.0298112682149478,0.,-0.00768103068890504));
#2901=CARTESIAN_POINT('',(0.029826430018154,0.,-0.00783439547714729));
#2902=CARTESIAN_POINT('',(0.0298546819986748,0.,-0.00813917096042452));
#2903=CARTESIAN_POINT('',(0.0298740870248656,0.,-0.00837064734620337));
#2904=CARTESIAN_POINT('',(0.0298911698199535,0.,-0.00860283000427612));
#2905=CARTESIAN_POINT('',(0.029901768622675,0.,-0.00876440724800696));
#2906=CARTESIAN_POINT('',(0.0299136328994929,0.,-0.00901625158645694));
#2907=CARTESIAN_POINT('',(0.0299148937089472,0.,-0.00916413349398679));
#2908=CARTESIAN_POINT('',(0.029915755616774,0.,-0.00923881339949033));
#2909=CARTESIAN_POINT('',(0.0299057633806339,0.,-0.00940075336476458));
#2910=CARTESIAN_POINT('',(0.0298958680920385,0.,-0.00947662753218553));
#2911=CARTESIAN_POINT('',(0.029843570818861,0.,-0.00960308242616192));
#2912=CARTESIAN_POINT('',(0.0297005597333742,0.,-0.00961248985812969));
#2913=CARTESIAN_POINT('',(0.0296495659855934,0.,-0.00957034479550011));
#2914=CARTESIAN_POINT('',(0.0295353043735552,0.,-0.00942432842327938));
#2915=CARTESIAN_POINT('',(0.0295124228624084,0.,-0.00938082421933039));
#2916=CARTESIAN_POINT('',(0.0293933812993809,0.,-0.00918650339385597));
#2917=CARTESIAN_POINT('',(0.0292953584336031,0.,-0.00902311963732886));
#2918=CARTESIAN_POINT('',(0.0291380134168176,0.,-0.00877541385011285));
#2919=CARTESIAN_POINT('',(0.0289835224374485,0.,-0.00854487928035401));
#2920=CARTESIAN_POINT('',(0.0288012047337469,0.,-0.00828061147174191));
#2921=CARTESIAN_POINT('',(0.0286340772008856,0.,-0.00804388660511295));
#2922=CARTESIAN_POINT('',(0.0285284097900866,0.,-0.00789642272574188));
#2923=CARTESIAN_POINT('',(0.0283559743689465,0.,-0.00765786798192246));
#2924=CARTESIAN_POINT('',(0.0281344908900745,0.,-0.00735639654786408));
#2925=CARTESIAN_POINT('',(0.0278873156982319,0.,-0.00702581010735692));
#2926=CARTESIAN_POINT('',(0.0276848826595636,0.,-0.00675812151699612));
#2927=CARTESIAN_POINT('',(0.0275092232952164,0.,-0.00652769399931549));
#2928=CARTESIAN_POINT('',(0.0273956965357093,0.,-0.00637966157182273));
#2929=CARTESIAN_POINT('',(0.0272188012321616,0.,-0.00614984698676492));
#2930=CARTESIAN_POINT('',(0.0269117238622502,0.,-0.00575377244514452));
#2931=CARTESIAN_POINT('',(0.0264444151293553,0.,-0.00515848146524091));
#2932=CARTESIAN_POINT('',(0.0258505430022871,0.,-0.00441353436987252));
#2933=CARTESIAN_POINT('',(0.025215120188539,0.,-0.00362731820654855));
#2934=CARTESIAN_POINT('',(0.0245592416506418,0.,-0.00282596315878274));
#2935=CARTESIAN_POINT('',(0.0237444617803182,0.,-0.00184065834944931));
#2936=CARTESIAN_POINT('',(0.0230371754553735,0.,-0.00099878335977749));
#2937=CARTESIAN_POINT('',(0.0224387330477511,0.,-0.000296735144388396));
#2938=CARTESIAN_POINT('',(0.0222002982759618,0.,-1.86176367214348E-5));
#2939=CARTESIAN_POINT('',(0.0219889575670444,0.,0.000226802074717644));
#2940=CARTESIAN_POINT('',(0.0217463366731008,0.,0.000507429147850681));
#2941=CARTESIAN_POINT('',(0.0213504107528415,0.,0.000962410515285411));
#2942=CARTESIAN_POINT('',(0.0208081080774037,0.,0.00157702322718833));
#2943=CARTESIAN_POINT('',(0.0203202142402704,0.,0.00211800586273285));
#2944=CARTESIAN_POINT('',(0.0199424522687597,0.,0.0025287005641545));
#2945=CARTESIAN_POINT('',(0.0197101603943968,0.,0.00277685476228413));
#2946=CARTESIAN_POINT('',(0.0194103585402547,0.,0.00309119667516955));
#2947=CARTESIAN_POINT('',(0.0191194782459042,0.,0.00339206888409369));
#2948=CARTESIAN_POINT('',(0.0188659128802901,0.,0.0036524533328865));
#2949=CARTESIAN_POINT('',(0.0185755032497492,0.,0.00394914457786147));
#2950=CARTESIAN_POINT('',(0.0182226891989519,0.,0.00430851372944885));
#2951=CARTESIAN_POINT('',(0.017877365817269,0.,0.004660565661581));
#2952=CARTESIAN_POINT('',(0.0176566314728776,0.,0.00488543087311655));
#2953=CARTESIAN_POINT('',(-0.0118164283292791,0.,0.0328833783797694));
#2954=CARTESIAN_POINT('',(-0.00419818616909184,0.,-0.0249451226115755));
#2955=CARTESIAN_POINT('',(-0.00422165667927685,0.,-0.0245098787923579));
#2956=CARTESIAN_POINT('',(-0.00425263413379225,0.,-0.0239778593140733));
#2957=CARTESIAN_POINT('',(-0.00427964444741643,0.,-0.0235847021093033));
#2958=CARTESIAN_POINT('',(-0.00429444804794358,0.,-0.0234067057620365));
#2959=CARTESIAN_POINT('',(-0.00429979658254476,0.,-0.0233469877376742));
#2960=CARTESIAN_POINT('',(-0.00432164031605331,0.,-0.0231546757593619));
#2961=CARTESIAN_POINT('',(-0.00435039775898355,0.,-0.0229281657865249));
#2962=CARTESIAN_POINT('',(-0.00439613155480621,0.,-0.0226049151892215));
#2963=CARTESIAN_POINT('',(-0.00445144527716045,0.,-0.0222574315898516));
#2964=CARTESIAN_POINT('',(-0.00449698407600391,0.,-0.0219900494460112));
#2965=CARTESIAN_POINT('',(-0.00452292276623002,0.,-0.0218417277115616));
#2966=CARTESIAN_POINT('',(-0.00454791915605931,0.,-0.0217018849486057));
#2967=CARTESIAN_POINT('',(-0.00455561464515251,0.,-0.0216594837001807));
#2968=CARTESIAN_POINT('',(-0.00457275674683364,0.,-0.0215650120248448));
#2969=CARTESIAN_POINT('',(-0.00460163091888848,0.,-0.0214076490899804));
#2970=CARTESIAN_POINT('',(-0.00466847840912109,0.,-0.0210485588673707));
#2971=CARTESIAN_POINT('',(-0.00476015384722975,0.,-0.0205677383134332));
#2972=CARTESIAN_POINT('',(-0.00486812719487114,0.,-0.0200106706139648));
#2973=CARTESIAN_POINT('',(-0.00495746702350571,0.,-0.0195537985566515));
#2974=CARTESIAN_POINT('',(-0.00503755549922632,0.,-0.0191471655133446));
#2975=CARTESIAN_POINT('',(-0.00509927403676233,0.,-0.0188353647293702));
#2976=CARTESIAN_POINT('',(-0.00513221963221429,0.,-0.018669240173254));
#2977=CARTESIAN_POINT('',(-0.00516681231773591,0.,-0.0184951238464995));
#2978=CARTESIAN_POINT('',(-0.00516605427820654,0.,-0.0184989819795524));
#2979=CARTESIAN_POINT('',(-0.00517809175179251,0.,-0.018438543391272));
#2980=CARTESIAN_POINT('',(-0.00519483570980881,0.,-0.0183547491131818));
#2981=CARTESIAN_POINT('',(-0.00522606067765831,0.,-0.0181989179774515));
#2982=CARTESIAN_POINT('',(-0.00526905375625128,0.,-0.0179851469709729));
#2983=CARTESIAN_POINT('',(-0.00533593141752308,0.,-0.0176534021175564));
#2984=CARTESIAN_POINT('',(-0.00543643322901291,0.,-0.0171562008789548));
#2985=CARTESIAN_POINT('',(-0.00558439938228984,0.,-0.0164259347445799));
#2986=CARTESIAN_POINT('',(-0.0057596447640785,0.,-0.0155624704906674));
#2987=CARTESIAN_POINT('',(-0.0060297077114932,0.,-0.0142334356714839));
#2988=CARTESIAN_POINT('',(-0.00627319919011504,0.,-0.0130367344192351));
#2989=CARTESIAN_POINT('',(-0.0064537252366786,0.,-0.0121500732283697));
#2990=CARTESIAN_POINT('',(-0.0282676219940186,-0.0147,0.0259871613234281));
#2991=CARTESIAN_POINT('',(-0.0282676219940186,0.,0.0259871613234281));
#2992=CARTESIAN_POINT('',(-0.0275612169055068,-0.0147,0.0282434421971976));
#2993=CARTESIAN_POINT('',(-0.0275612169055068,0.,0.0282434421971976));
#2994=CARTESIAN_POINT('',(-0.0261396291605948,-0.0147,0.0327840397826242));
#2995=CARTESIAN_POINT('',(-0.0261396291605948,0.,0.0327840397826242));
#2996=CARTESIAN_POINT('',(-0.0173259201554948,-0.0147,0.0347939648300912));
#2997=CARTESIAN_POINT('',(-0.0173259201554948,0.,0.0347939648300912));
#2998=CARTESIAN_POINT('',(-0.0174159890624553,-0.0147,0.0343422911373792));
#2999=CARTESIAN_POINT('',(-0.0174159890624553,0.,0.0343422911373792));
#3000=CARTESIAN_POINT('',(-0.0173669776474801,-0.0147,0.0343105662113215));
#3001=CARTESIAN_POINT('',(-0.0173669776474801,0.,0.0343105662113215));
#3002=CARTESIAN_POINT('',(-0.0173452664166689,-0.0147,0.0342965126037598));
#3003=CARTESIAN_POINT('',(-0.0173452664166689,0.,0.0342965126037598));
#3004=CARTESIAN_POINT('',(-0.0282676219940186,0.,0.0259871613234281));
#3005=CARTESIAN_POINT('',(-0.0275612169055068,0.,0.0282434421971976));
#3006=CARTESIAN_POINT('',(-0.0261396291605948,0.,0.0327840397826242));
#3007=CARTESIAN_POINT('',(-0.0173259201554948,0.,0.0347939648300912));
#3008=CARTESIAN_POINT('',(-0.0174159890624553,0.,0.0343422911373792));
#3009=CARTESIAN_POINT('',(-0.0173669776474801,0.,0.0343105662113215));
#3010=CARTESIAN_POINT('',(-0.0173452664166689,0.,0.0342965126037598));
#3011=CARTESIAN_POINT('',(-0.0173452664166689,0.,0.0342965126037598));
#3012=CARTESIAN_POINT('',(-0.0173452664166689,-0.0127,0.0342965126037598));
#3013=CARTESIAN_POINT('',(-0.0173452664166689,-0.0147,0.0342965126037598));
#3014=CARTESIAN_POINT('',(-0.0282676219940186,-0.0147,0.0259871613234281));
#3015=CARTESIAN_POINT('',(-0.0275612169055068,-0.0147,0.0282434421971976));
#3016=CARTESIAN_POINT('',(-0.0261396291605948,-0.0147,0.0327840397826242));
#3017=CARTESIAN_POINT('',(-0.0173259201554948,-0.0147,0.0347939648300912));
#3018=CARTESIAN_POINT('',(-0.0174159890624553,-0.0147,0.0343422911373792));
#3019=CARTESIAN_POINT('',(-0.0173669776474801,-0.0147,0.0343105662113215));
#3020=CARTESIAN_POINT('',(-0.0173452664166689,-0.0147,0.0342965126037598));
#3021=CARTESIAN_POINT('',(-0.0056912680156529,-0.0147,0.0351849347352982));
#3022=CARTESIAN_POINT('',(-0.0056912680156529,0.,0.0351849347352982));
#3023=CARTESIAN_POINT('',(-0.00404858982127252,-0.0147,0.0363140006175761));
#3024=CARTESIAN_POINT('',(-0.00404858982127252,0.,0.0363140006175761));
#3025=CARTESIAN_POINT('',(-0.000804011417857998,-0.0147,0.038544104353173));
#3026=CARTESIAN_POINT('',(-0.000804011417857998,0.,0.038544104353173));
#3027=CARTESIAN_POINT('',(0.00299140837415448,-0.0147,0.038569367750807));
#3028=CARTESIAN_POINT('',(0.00299140837415448,0.,0.038569367750807));
#3029=CARTESIAN_POINT('',(0.00486526777967811,-0.0147,0.0385818406939507));
#3030=CARTESIAN_POINT('',(0.00486526777967811,0.,0.0385818406939507));
#3031=CARTESIAN_POINT('',(-0.0056912680156529,-0.0147,0.0351849347352982));
#3032=CARTESIAN_POINT('',(-0.00404858982127252,-0.0147,0.0363140006175761));
#3033=CARTESIAN_POINT('',(-0.000804011417857998,-0.0147,0.038544104353173));
#3034=CARTESIAN_POINT('',(0.00299140837415448,-0.0147,0.038569367750807));
#3035=CARTESIAN_POINT('',(0.00486526777967811,-0.0147,0.0385818406939507));
#3036=CARTESIAN_POINT('',(-0.0056912680156529,-0.0147,0.0351849347352982));
#3037=CARTESIAN_POINT('',(-0.0056912680156529,-0.0127,0.0351849347352982));
#3038=CARTESIAN_POINT('',(-0.0159848021856045,-0.0127,0.0358214038800018));
#3039=CARTESIAN_POINT('',(-0.0159848021856045,-0.0019,0.0358214038800018));
#3040=CARTESIAN_POINT('',(-0.0153554329739921,-0.0127,0.0354583790994328));
#3041=CARTESIAN_POINT('',(-0.0153554329739921,-0.0019,0.0354583790994328));
#3042=CARTESIAN_POINT('',(-0.0140054368154925,-0.0127,0.034666449963723));
#3043=CARTESIAN_POINT('',(-0.0140054368154925,-0.0019,0.034666449963723));
#3044=CARTESIAN_POINT('',(-0.0118329208757249,-0.0127,0.0329480011263991));
#3045=CARTESIAN_POINT('',(-0.0118329208757249,-0.0019,0.0329480011263991));
#3046=CARTESIAN_POINT('',(-0.00956144965728245,-0.0127,0.030841815809297));
#3047=CARTESIAN_POINT('',(-0.00956144965728245,-0.0019,0.030841815809297));
#3048=CARTESIAN_POINT('',(-0.00764934671791836,-0.0127,0.0290303101858808));
#3049=CARTESIAN_POINT('',(-0.00764934671791836,-0.0019,0.0290303101858808));
#3050=CARTESIAN_POINT('',(-0.00699688744248046,-0.0127,0.0284198958852807));
#3051=CARTESIAN_POINT('',(-0.00699688744248046,-0.0019,0.0284198958852807));
#3052=CARTESIAN_POINT('',(-0.00699688744248045,-0.0127,0.0284198958852807));
#3053=CARTESIAN_POINT('',(-0.00699688744248045,-0.0127,0.0284198958852807));
#3054=CARTESIAN_POINT('',(-0.00699652064509381,-0.0018999412697259,0.0284198088632277));
#3055=CARTESIAN_POINT('',(-0.00699688744248046,-0.0019,0.0284198958852807));
#3056=CARTESIAN_POINT('',(-0.00764934668944859,-0.0019,0.0290303101592457));
#3057=CARTESIAN_POINT('',(-0.0095614495324206,-0.0019,0.0308418156910787));
#3058=CARTESIAN_POINT('',(-0.011832920688855,-0.0019,0.032948000955083));
#3059=CARTESIAN_POINT('',(-0.0140054365287813,-0.0019,0.0346664497653278));
#3060=CARTESIAN_POINT('',(-0.0153554326581431,-0.00189999999999999,0.0354583789137863));
#3061=CARTESIAN_POINT('',(-0.0159848018560575,-0.0019,0.0358214036899167));
#3062=CARTESIAN_POINT('',(-0.0159851394748459,-0.00189996781072284,0.0358217086861231));
#3063=CARTESIAN_POINT('',(-0.0159848021856045,-0.0127,0.0358214038800018));
#3064=CARTESIAN_POINT('',(-0.0159848021856045,-0.0127,0.0358214038800018));
#3065=CARTESIAN_POINT('',(-0.0159848021856045,-0.0127,0.0358214038800018));
#3066=CARTESIAN_POINT('',(-0.0156701175797983,-0.0127,0.0356398914897173));
#3067=CARTESIAN_POINT('',(-0.0150210330312049,-0.0127,0.0352605352027139));
#3068=CARTESIAN_POINT('',(-0.0141622156557346,-0.0127,0.034710887424839));
#3069=CARTESIAN_POINT('',(-0.0134463548089053,-0.0127,0.0342023679190364));
#3070=CARTESIAN_POINT('',(-0.0127270116135761,-0.0127,0.0336530314612236));
#3071=CARTESIAN_POINT('',(-0.0118242507955975,-0.0127,0.0329017729801406));
#3072=CARTESIAN_POINT('',(-0.0108823776460269,-0.0127,0.0320585414972017));
#3073=CARTESIAN_POINT('',(-0.0100875436378655,-0.0127,0.0313251994086308));
#3074=CARTESIAN_POINT('',(-0.00946749602782501,-0.0127,0.030745778034814));
#3075=CARTESIAN_POINT('',(-0.00881448700392551,-0.0127,0.0301315101898732));
#3076=CARTESIAN_POINT('',(-0.00793223130670377,-0.0127,0.0292994285357362));
#3077=CARTESIAN_POINT('',(-0.00732311708019941,-0.0127,0.0287251030355807));
#3078=CARTESIAN_POINT('',(-0.00699688744248046,-0.0127,0.0284198958852807));
#3079=CARTESIAN_POINT('',(-0.00699688744248046,-0.0127,0.0284198958852807));
#3080=CARTESIAN_POINT('',(-0.00699688744248046,-0.0019,0.0284198958852807));
#3081=CARTESIAN_POINT('',(-0.00652181773257712,-0.0127,0.0284203052617318));
#3082=CARTESIAN_POINT('',(-0.00652181773257712,-0.0019,0.0284203052617318));
#3083=CARTESIAN_POINT('',(-0.00545063487094654,-0.0127,0.0283573221128352));
#3084=CARTESIAN_POINT('',(-0.00545063487094654,-0.0019,0.0283573221128352));
#3085=CARTESIAN_POINT('',(-0.00424023489037914,-0.0127,0.0282652443852467));
#3086=CARTESIAN_POINT('',(-0.00424023489037914,-0.0019,0.0282652443852467));
#3087=CARTESIAN_POINT('',(-0.00368923743342792,-0.0127,0.0282284370599983));
#3088=CARTESIAN_POINT('',(-0.00368923743342792,-0.0019,0.0282284370599983));
#3089=CARTESIAN_POINT('',(-0.00368923743342792,-0.0127,0.0282284370599983));
#3090=CARTESIAN_POINT('',(-0.00368923743342792,-0.0127,0.0282284370599983));
#3091=CARTESIAN_POINT('',(-0.00368923743342792,-0.00190000000000012,0.0282284370599983));
#3092=CARTESIAN_POINT('',(-0.00368923743422654,-0.0019,0.0282284370600517));
#3093=CARTESIAN_POINT('',(-0.00424023489108776,-0.0019,0.0282652443852995));
#3094=CARTESIAN_POINT('',(-0.00545063487136821,-0.0019,0.0283573221128647));
#3095=CARTESIAN_POINT('',(-0.00652181773269188,-0.0019,0.0284203052617317));
#3096=CARTESIAN_POINT('',(-0.00699688744248046,-0.0019,0.0284198958852807));
#3097=CARTESIAN_POINT('',(-0.00699688744248046,-0.0127,0.0284198958852807));
#3098=CARTESIAN_POINT('',(-0.00675935258752879,-0.0127,0.0284201005735062));
#3099=CARTESIAN_POINT('',(-0.00626294204400415,-0.0127,0.0284035546486503));
#3100=CARTESIAN_POINT('',(-0.00542350164340494,-0.0127,0.0283521895150564));
#3101=CARTESIAN_POINT('',(-0.00453803492965009,-0.0127,0.0282879781000973));
#3102=CARTESIAN_POINT('',(-0.00396473616190353,-0.0127,0.0282468407226225));
#3103=CARTESIAN_POINT('',(-0.00368923743342792,-0.0127,0.0282284370599983));
#3104=CARTESIAN_POINT('',(-0.00368923743342792,-0.0127,0.0282284370599983));
#3105=CARTESIAN_POINT('',(-0.00368923743342792,-0.0019,0.0282284370599983));
#3106=CARTESIAN_POINT('',(-0.00384689721357209,-0.0127,0.0284811288525471));
#3107=CARTESIAN_POINT('',(-0.00384689721357209,-0.0019,0.0284811288525471));
#3108=CARTESIAN_POINT('',(-0.00417077229676466,-0.0127,0.0289588376771124));
#3109=CARTESIAN_POINT('',(-0.00417077229676466,-0.0019,0.0289588376771124));
#3110=CARTESIAN_POINT('',(-0.00487050887943702,-0.0127,0.0298295812738171));
#3111=CARTESIAN_POINT('',(-0.00487050887943702,-0.0019,0.0298295812738171));
#3112=CARTESIAN_POINT('',(-0.00573548770561013,-0.0127,0.0308799017374465));
#3113=CARTESIAN_POINT('',(-0.00573548770561013,-0.0019,0.0308799017374465));
#3114=CARTESIAN_POINT('',(-0.0065902630881366,-0.0127,0.0320265224001549));
#3115=CARTESIAN_POINT('',(-0.0065902630881366,-0.0019,0.0320265224001549));
#3116=CARTESIAN_POINT('',(-0.00723773108730706,-0.0127,0.0333185129239251));
#3117=CARTESIAN_POINT('',(-0.00723773108730706,-0.0019,0.0333185129239251));
#3118=CARTESIAN_POINT('',(-0.00755014425727775,-0.0127,0.0343833460307665));
#3119=CARTESIAN_POINT('',(-0.00755014425727775,-0.0019,0.0343833460307665));
#3120=CARTESIAN_POINT('',(-0.00776250632419121,-0.0127,0.0351867085441034));
#3121=CARTESIAN_POINT('',(-0.00776250632419121,-0.0019,0.0351867085441034));
#3122=CARTESIAN_POINT('',(-0.00791640144925946,-0.0127,0.0357517369998987));
#3123=CARTESIAN_POINT('',(-0.00791640144925946,-0.0019,0.0357517369998987));
#3124=CARTESIAN_POINT('',(-0.0079918089600695,-0.0127,0.0360305695469333));
#3125=CARTESIAN_POINT('',(-0.0079918089600695,-0.0019,0.0360305695469333));
#3126=CARTESIAN_POINT('',(-0.0079918089600695,-0.0127,0.0360305695469333));
#3127=CARTESIAN_POINT('',(-0.0079918089600695,-0.0127,0.0360305695469333));
#3128=CARTESIAN_POINT('',(-0.0079918089600695,-0.0019,0.0360305695469333));
#3129=CARTESIAN_POINT('',(-0.0079918089600695,-0.0019,0.0360305695469333));
#3130=CARTESIAN_POINT('',(-0.00791640144925946,-0.0019,0.0357517369998987));
#3131=CARTESIAN_POINT('',(-0.00776250632419121,-0.00189999999999999,0.0351867085441034));
#3132=CARTESIAN_POINT('',(-0.00755014425727775,-0.0019,0.0343833460307665));
#3133=CARTESIAN_POINT('',(-0.00723773108730706,-0.00189999999999999,0.033318512923925));
#3134=CARTESIAN_POINT('',(-0.0065902630881366,-0.0019,0.0320265224001549));
#3135=CARTESIAN_POINT('',(-0.00573548770561013,-0.0019,0.0308799017374465));
#3136=CARTESIAN_POINT('',(-0.00487050887943702,-0.0019,0.0298295812738171));
#3137=CARTESIAN_POINT('',(-0.00417077229676466,-0.0019,0.0289588376771124));
#3138=CARTESIAN_POINT('',(-0.00384689721357209,-0.0019,0.0284811288525471));
#3139=CARTESIAN_POINT('',(-0.00368923743342792,-0.0019,0.0282284370599983));
#3140=CARTESIAN_POINT('',(-0.00368923743342792,-0.0127,0.0282284370599983));
#3141=CARTESIAN_POINT('',(-0.0037680673235,-0.0127,0.0283547829562727));
#3142=CARTESIAN_POINT('',(-0.00392945714690668,-0.0127,0.028601802871749));
#3143=CARTESIAN_POINT('',(-0.0041989660479263,-0.0127,0.0289796846102225));
#3144=CARTESIAN_POINT('',(-0.00451323639985958,-0.0127,0.0293866651098918));
#3145=CARTESIAN_POINT('',(-0.00489228163112379,-0.0127,0.0298532583090438));
#3146=CARTESIAN_POINT('',(-0.00530593259576816,-0.0127,0.0303573661637603));
#3147=CARTESIAN_POINT('',(-0.00573445896929325,-0.0127,0.0308914627565));
#3148=CARTESIAN_POINT('',(-0.00615895431707302,-0.0127,0.0314524934339978));
#3149=CARTESIAN_POINT('',(-0.00649410365322534,-0.0127,0.0319428685001241));
#3150=CARTESIAN_POINT('',(-0.00674595813351163,-0.0127,0.0323645901439727));
#3151=CARTESIAN_POINT('',(-0.00696884959104684,-0.0127,0.0327828594974178));
#3152=CARTESIAN_POINT('',(-0.00719380994967436,-0.0127,0.0332880318447914));
#3153=CARTESIAN_POINT('',(-0.00739223437662389,-0.0127,0.0338499677195131));
#3154=CARTESIAN_POINT('',(-0.00751423911287118,-0.0127,0.034267463343849));
#3155=CARTESIAN_POINT('',(-0.00759632994181175,-0.0127,0.0345678752327166));
#3156=CARTESIAN_POINT('',(-0.00767109003978463,-0.0127,0.0348448518013838));
#3157=CARTESIAN_POINT('',(-0.00776566735424401,-0.0127,0.0351943039031253));
#3158=CARTESIAN_POINT('',(-0.0078786745719674,-0.0127,0.0356122544414397));
#3159=CARTESIAN_POINT('',(-0.00795410520466448,-0.0127,0.035891153273416));
#3160=CARTESIAN_POINT('',(-0.0079918089600695,-0.0127,0.0360305695469333));
#3161=CARTESIAN_POINT('',(-0.00799180896006951,-0.0127,0.0360305695469333));
#3162=CARTESIAN_POINT('',(-0.00799180896006951,-0.0019,0.0360305695469333));
#3163=CARTESIAN_POINT('',(-0.00701793758192635,-0.0127,0.0366999428609215));
#3164=CARTESIAN_POINT('',(-0.00701793758192635,-0.0019,0.0366999428609215));
#3165=CARTESIAN_POINT('',(-0.00557094024621834,-0.0127,0.0377313221838955));
#3166=CARTESIAN_POINT('',(-0.00557094024621834,-0.0019,0.0377313221838955));
#3167=CARTESIAN_POINT('',(-0.00339155333214607,-0.0127,0.0390370678533029));
#3168=CARTESIAN_POINT('',(-0.00339155333214607,-0.0019,0.0390370678533029));
#3169=CARTESIAN_POINT('',(-0.00158325087283279,-0.0127,0.0398584538373021));
#3170=CARTESIAN_POINT('',(-0.00158325087283279,-0.0019,0.0398584538373021));
#3171=CARTESIAN_POINT('',(0.000384368496649474,-0.0127,0.0403491834310078));
#3172=CARTESIAN_POINT('',(0.000384368496649474,-0.0019,0.0403491834310078));
#3173=CARTESIAN_POINT('',(0.00289230462100906,-0.0127,0.0405993716501539));
#3174=CARTESIAN_POINT('',(0.00289230462100906,-0.0019,0.0405993716501539));
#3175=CARTESIAN_POINT('',(0.0046310778442867,-0.0127,0.0405803261645309));
#3176=CARTESIAN_POINT('',(0.0046310778442867,-0.0019,0.0405803261645309));
#3177=CARTESIAN_POINT('',(0.00577028616164131,-0.0127,0.0405879090603069));
#3178=CARTESIAN_POINT('',(0.00577028616164131,-0.0019,0.0405879090603069));
#3179=CARTESIAN_POINT('',(0.0057702861616413,-0.0127,0.0405879090603069));
#3180=CARTESIAN_POINT('',(0.0057702861616413,-0.0127,0.0405879090603069));
#3181=CARTESIAN_POINT('',(0.00577028694679456,-0.0019,0.0405877229471719));
#3182=CARTESIAN_POINT('',(0.00577028525434529,-0.0019,0.0405879090542677));
#3183=CARTESIAN_POINT('',(0.00463107706880744,-0.0019,0.0405803261642305));
#3184=CARTESIAN_POINT('',(0.00289230397393017,-0.0019,0.0405993716276923));
#3185=CARTESIAN_POINT('',(0.000384368104073706,-0.0019,0.0403491833575893));
#3186=CARTESIAN_POINT('',(-0.00158325105275717,-0.0019,0.039858453759226));
#3187=CARTESIAN_POINT('',(-0.00339155329843526,-0.0019,0.0390370678612884));
#3188=CARTESIAN_POINT('',(-0.00557093999359973,-0.0019,0.0377313223490316));
#3189=CARTESIAN_POINT('',(-0.0070179371867344,-0.00189999999999999,0.036699943132095));
#3190=CARTESIAN_POINT('',(-0.00799180846002639,-0.0019,0.0360305698906291));
#3191=CARTESIAN_POINT('',(-0.00799180896006951,-0.0127,0.0360305695469333));
#3192=CARTESIAN_POINT('',(-0.00774834111553372,-0.0127,0.0361979128754304));
#3193=CARTESIAN_POINT('',(-0.00726087451919473,-0.0127,0.0365327983888338));
#3194=CARTESIAN_POINT('',(-0.00629018858465605,-0.0127,0.037200978564366));
#3195=CARTESIAN_POINT('',(-0.00502454653021951,-0.0127,0.0380613152331777));
#3196=CARTESIAN_POINT('',(-0.00366244894105,-0.0127,0.0388749409251608));
#3197=CARTESIAN_POINT('',(-0.00249046145962476,-0.0127,0.0394450852139554));
#3198=CARTESIAN_POINT('',(-0.00172029990191664,-0.0127,0.0397538557571206));
#3199=CARTESIAN_POINT('',(-0.00107546204803897,-0.0127,0.0399640759111514));
#3200=CARTESIAN_POINT('',(-0.000429836421577049,-0.0127,0.0401422534620548));
#3201=CARTESIAN_POINT('',(0.00037213176614898,-0.0127,0.0403103548444966));
#3202=CARTESIAN_POINT('',(0.00132124669821064,-0.0127,0.0404419595931479));
#3203=CARTESIAN_POINT('',(0.00256312310742016,-0.0127,0.0405463259596038));
#3204=CARTESIAN_POINT('',(0.00406850260763294,-0.0127,0.0405811595783651));
#3205=CARTESIAN_POINT('',(0.00520068200296401,-0.0127,0.0405841176124189));
#3206=CARTESIAN_POINT('',(0.00577028616164131,-0.0127,0.0405879090603069));
#3207=CARTESIAN_POINT('',(0.0133336281795524,-0.0127,0.0259816261001155));
#3208=CARTESIAN_POINT('',(0.0133336281795524,-0.0019,0.0259816261001155));
#3209=CARTESIAN_POINT('',(0.013225131953045,-0.0127,0.0262386635258144));
#3210=CARTESIAN_POINT('',(0.013225131953045,-0.0019,0.0262386635258144));
#3211=CARTESIAN_POINT('',(0.0129988267782708,-0.0127,0.0268766282024416));
#3212=CARTESIAN_POINT('',(0.0129988267782708,-0.0019,0.0268766282024416));
#3213=CARTESIAN_POINT('',(0.0127624044151184,-0.0127,0.0278312084737044));
#3214=CARTESIAN_POINT('',(0.0127624044151184,-0.0019,0.0278312084737044));
#3215=CARTESIAN_POINT('',(0.0125492495735829,-0.0127,0.0287317427795926));
#3216=CARTESIAN_POINT('',(0.0125492495735829,-0.0019,0.0287317427795926));
#3217=CARTESIAN_POINT('',(0.0122961356075006,-0.0127,0.0295079920633705));
#3218=CARTESIAN_POINT('',(0.0122961356075006,-0.0019,0.0295079920633705));
#3219=CARTESIAN_POINT('',(0.0120069019696788,-0.0127,0.0301497785626868));
#3220=CARTESIAN_POINT('',(0.0120069019696788,-0.0019,0.0301497785626868));
#3221=CARTESIAN_POINT('',(0.0116716137972542,-0.0127,0.0306869126867956));
#3222=CARTESIAN_POINT('',(0.0116716137972542,-0.0019,0.0306869126867956));
#3223=CARTESIAN_POINT('',(0.0112539965943599,-0.0127,0.0312537415860324));
#3224=CARTESIAN_POINT('',(0.0112539965943599,-0.0019,0.0312537415860324));
#3225=CARTESIAN_POINT('',(0.0109219256480156,-0.0127,0.031674950124149));
#3226=CARTESIAN_POINT('',(0.0109219256480156,-0.0019,0.031674950124149));
#3227=CARTESIAN_POINT('',(0.0106636322721801,-0.0127,0.0320739721938513));
#3228=CARTESIAN_POINT('',(0.0106636322721801,-0.0019,0.0320739721938513));
#3229=CARTESIAN_POINT('',(0.0103633269321356,-0.0127,0.0326155608315161));
#3230=CARTESIAN_POINT('',(0.0103633269321356,-0.0019,0.0326155608315161));
#3231=CARTESIAN_POINT('',(0.00995130427963655,-0.0127,0.0334875553331732));
#3232=CARTESIAN_POINT('',(0.00995130427963655,-0.0019,0.0334875553331732));
#3233=CARTESIAN_POINT('',(0.00943787932596464,-0.0127,0.0346820023209576));
#3234=CARTESIAN_POINT('',(0.00943787932596464,-0.0019,0.0346820023209576));
#3235=CARTESIAN_POINT('',(0.00871287669550213,-0.0127,0.0363288126015667));
#3236=CARTESIAN_POINT('',(0.00871287669550213,-0.0019,0.0363288126015667));
#3237=CARTESIAN_POINT('',(0.00798141234338549,-0.0127,0.0377346211278382));
#3238=CARTESIAN_POINT('',(0.00798141234338549,-0.0019,0.0377346211278382));
#3239=CARTESIAN_POINT('',(0.00721199912988224,-0.0127,0.0388942677913817));
#3240=CARTESIAN_POINT('',(0.00721199912988224,-0.0019,0.0388942677913817));
#3241=CARTESIAN_POINT('',(0.00665876255558699,-0.0127,0.0395723302782257));
#3242=CARTESIAN_POINT('',(0.00665876255558699,-0.00189999999999999,0.0395723302782257));
#3243=CARTESIAN_POINT('',(0.00621331860306092,-0.0127,0.0400779412730262));
#3244=CARTESIAN_POINT('',(0.00621331860306092,-0.0019,0.0400779412730262));
#3245=CARTESIAN_POINT('',(0.00591810979430282,-0.0127,0.0404181838459091));
#3246=CARTESIAN_POINT('',(0.00591810979430282,-0.0019,0.0404181838459091));
#3247=CARTESIAN_POINT('',(0.00577028616164131,-0.0127,0.0405879090603069));
#3248=CARTESIAN_POINT('',(0.00577028616164131,-0.0019,0.0405879090603069));
#3249=CARTESIAN_POINT('',(0.0133336281795511,-0.0127,0.025981626100115));
#3250=CARTESIAN_POINT('',(0.0133336281795511,-0.0127,0.025981626100115));
#3251=CARTESIAN_POINT('',(0.0133336705744899,-0.00189999999999994,0.0259816437682613));
#3252=CARTESIAN_POINT('',(0.0133336281795524,-0.0019,0.0259816261001155));
#3253=CARTESIAN_POINT('',(0.0132251319538363,-0.0019,0.0262386635239397));
#3254=CARTESIAN_POINT('',(0.0129988267805622,-0.0019,0.0268766281955604));
#3255=CARTESIAN_POINT('',(0.0127624044183914,-0.0019,0.0278312084591417));
#3256=CARTESIAN_POINT('',(0.0125492495793954,-0.0019,0.0287317427568145));
#3257=CARTESIAN_POINT('',(0.0122961356187575,-0.0019,0.0295079920324412));
#3258=CARTESIAN_POINT('',(0.012006901989266,-0.0019,0.0301497785259986));
#3259=CARTESIAN_POINT('',(0.0116716138187471,-0.0019,0.0306869126557585));
#3260=CARTESIAN_POINT('',(0.0112539966160554,-0.0019,0.0312537415586637));
#3261=CARTESIAN_POINT('',(0.0109219256661479,-0.0019,0.0316749500999393));
#3262=CARTESIAN_POINT('',(0.0106636322911192,-0.0019,0.0320739721621392));
#3263=CARTESIAN_POINT('',(0.0103633269580273,-0.0019,0.0326155607805627));
#3264=CARTESIAN_POINT('',(0.00995130430888103,-0.0019,0.033487555267279));
#3265=CARTESIAN_POINT('',(0.0094378793603304,-0.0019,0.034682002239975));
#3266=CARTESIAN_POINT('',(0.00871287673794596,-0.0019,0.0363288125122419));
#3267=CARTESIAN_POINT('',(0.0079814123898197,-0.0019,0.0377346210446332));
#3268=CARTESIAN_POINT('',(0.00721199918560011,-0.0019,0.0388942677160023));
#3269=CARTESIAN_POINT('',(0.00665876260709753,-0.0019,0.0395723302193254));
#3270=CARTESIAN_POINT('',(0.00621331864982609,-0.0019,0.0400779412192522));
#3271=CARTESIAN_POINT('',(0.00591810984496584,-0.0019,0.0404181837877437));
#3272=CARTESIAN_POINT('',(0.00577028621339238,-0.0019,0.0405879090008884));
#3273=CARTESIAN_POINT('',(0.0133336281795524,-0.0127,0.0259816261001155));
#3274=CARTESIAN_POINT('',(0.0132793800662987,-0.0127,0.0261101448129649));
#3275=CARTESIAN_POINT('',(0.0131671921815422,-0.0127,0.026401071419457));
#3276=CARTESIAN_POINT('',(0.0130117004224602,-0.0127,0.0268769660424542));
#3277=CARTESIAN_POINT('',(0.0128820021972505,-0.0127,0.0273484668816974));
#3278=CARTESIAN_POINT('',(0.0127597603789178,-0.0127,0.0278482917943384));
#3279=CARTESIAN_POINT('',(0.0126340193310985,-0.0127,0.0283716776789779));
#3280=CARTESIAN_POINT('',(0.012511366611703,-0.0127,0.0288326152948226));
#3281=CARTESIAN_POINT('',(0.0123900019556884,-0.0127,0.029218327694902));
#3282=CARTESIAN_POINT('',(0.0122829410518054,-0.0127,0.0295165601427758));
#3283=CARTESIAN_POINT('',(0.0121556493188333,-0.0127,0.0298229836507013));
#3284=CARTESIAN_POINT('',(0.01200035102055,-0.0127,0.0301379645951909));
#3285=CARTESIAN_POINT('',(0.0118383038824366,-0.0127,0.0304191769694483));
#3286=CARTESIAN_POINT('',(0.0116199412624841,-0.0127,0.0307572467624155));
#3287=CARTESIAN_POINT('',(0.0113584043599074,-0.0127,0.0311125534687516));
#3288=CARTESIAN_POINT('',(0.0110873124161464,-0.0127,0.0314629966906246));
#3289=CARTESIAN_POINT('',(0.0108965644220849,-0.0127,0.0317219073067475));
#3290=CARTESIAN_POINT('',(0.0107592228618151,-0.0127,0.0319265378173499));
#3291=CARTESIAN_POINT('',(0.0106268220909886,-0.0127,0.032140402130437));
#3292=CARTESIAN_POINT('',(0.0104381985218367,-0.0127,0.0324805869620171));
#3293=CARTESIAN_POINT('',(0.0101984223197372,-0.0127,0.0329642725022406));
#3294=CARTESIAN_POINT('',(0.00986596875590613,-0.0127,0.0336864490624173));
#3295=CARTESIAN_POINT('',(0.00952218524400068,-0.0127,0.0344845377237871));
#3296=CARTESIAN_POINT('',(0.0091681581023286,-0.0127,0.0352967840419774));
#3297=CARTESIAN_POINT('',(0.0088022138979573,-0.0127,0.0361040678745536));
#3298=CARTESIAN_POINT('',(0.00834311755143958,-0.0127,0.037034867197425));
#3299=CARTESIAN_POINT('',(0.00788080112555152,-0.0127,0.0378601819478728));
#3300=CARTESIAN_POINT('',(0.0075036243684017,-0.0127,0.0384567569698342));
#3301=CARTESIAN_POINT('',(0.00711765255878813,-0.0127,0.039009099776214));
#3302=CARTESIAN_POINT('',(0.00675357084512735,-0.0127,0.0394571421621184));
#3303=CARTESIAN_POINT('',(0.00647221548224469,-0.0127,0.0397820727110476));
#3304=CARTESIAN_POINT('',(0.00632466713585624,-0.0127,0.0399513743392005));
#3305=CARTESIAN_POINT('',(0.00610283639546174,-0.0127,0.0402061087868051));
#3306=CARTESIAN_POINT('',(0.00591810979430281,-0.0127,0.0404181838459091));
#3307=CARTESIAN_POINT('',(0.00577028616164131,-0.0127,0.0405879090603069));
#3308=CARTESIAN_POINT('',(0.0177193846619014,-0.0127,0.00210877160597241));
#3309=CARTESIAN_POINT('',(0.0177193846619014,-0.0019,0.00210877160597241));
#3310=CARTESIAN_POINT('',(0.0182264286442656,-0.0127,0.00159201729962747));
#3311=CARTESIAN_POINT('',(0.0182264286442656,-0.0019,0.00159201729962747));
#3312=CARTESIAN_POINT('',(0.0193790955506246,-0.0127,0.0003450902375052));
#3313=CARTESIAN_POINT('',(0.0193790955506246,-0.0019,0.0003450902375052));
#3314=CARTESIAN_POINT('',(0.0212837991681739,-0.0127,-0.00185846209042781));
#3315=CARTESIAN_POINT('',(0.0212837991681739,-0.0019,-0.00185846209042781));
#3316=CARTESIAN_POINT('',(0.0231536702141281,-0.0127,-0.00409921747058541));
#3317=CARTESIAN_POINT('',(0.0231536702141281,-0.0019,-0.00409921747058541));
#3318=CARTESIAN_POINT('',(0.0245651374545533,-0.0127,-0.00584308155667202));
#3319=CARTESIAN_POINT('',(0.0245651374545533,-0.0019,-0.00584308155667202));
#3320=CARTESIAN_POINT('',(0.0255644777533985,-0.0127,-0.00711380555382084));
#3321=CARTESIAN_POINT('',(0.0255644777533985,-0.0019,-0.00711380555382084));
#3322=CARTESIAN_POINT('',(0.0262358699353348,-0.0127,-0.00798796402520276));
#3323=CARTESIAN_POINT('',(0.0262358699353348,-0.0019,-0.00798796402520276));
#3324=CARTESIAN_POINT('',(0.0268163568424193,-0.0127,-0.00876702234055619));
#3325=CARTESIAN_POINT('',(0.0268163568424193,-0.0019,-0.00876702234055619));
#3326=CARTESIAN_POINT('',(0.0272127965459592,-0.0127,-0.00932196162036264));
#3327=CARTESIAN_POINT('',(0.0272127965459592,-0.0019,-0.00932196162036264));
#3328=CARTESIAN_POINT('',(0.0274679660024279,-0.0127,-0.00969556014478402));
#3329=CARTESIAN_POINT('',(0.0274679660024279,-0.0019,-0.00969556014478402));
#3330=CARTESIAN_POINT('',(0.0276273036061099,-0.0127,-0.0099387238045529));
#3331=CARTESIAN_POINT('',(0.0276273036061099,-0.0019,-0.0099387238045529));
#3332=CARTESIAN_POINT('',(0.0277237115420476,-0.0127,-0.010094958479082));
#3333=CARTESIAN_POINT('',(0.0277237115420476,-0.0019,-0.010094958479082));
#3334=CARTESIAN_POINT('',(0.027805106122188,-0.0127,-0.0102310405172912));
#3335=CARTESIAN_POINT('',(0.027805106122188,-0.0019,-0.0102310405172912));
#3336=CARTESIAN_POINT('',(0.027870938750552,-0.0127,-0.0103406633950343));
#3337=CARTESIAN_POINT('',(0.027870938750552,-0.0019,-0.0103406633950343));
#3338=CARTESIAN_POINT('',(0.0279498509312821,-0.0127,-0.0104669486811977));
#3339=CARTESIAN_POINT('',(0.0279498509312821,-0.0019,-0.0104669486811977));
#3340=CARTESIAN_POINT('',(0.0280408070708818,-0.0127,-0.0106023583225307));
#3341=CARTESIAN_POINT('',(0.0280408070708818,-0.0019,-0.0106023583225307));
#3342=CARTESIAN_POINT('',(0.0281611445061134,-0.0127,-0.0107556838041066));
#3343=CARTESIAN_POINT('',(0.0281611445061134,-0.0019,-0.0107556838041066));
#3344=CARTESIAN_POINT('',(0.028296967240717,-0.0127,-0.0109070026181284));
#3345=CARTESIAN_POINT('',(0.028296967240717,-0.0019,-0.0109070026181284));
#3346=CARTESIAN_POINT('',(0.0285273390419213,-0.0127,-0.0111123463593941));
#3347=CARTESIAN_POINT('',(0.0285273390419213,-0.0019,-0.0111123463593941));
#3348=CARTESIAN_POINT('',(0.0289489697687052,-0.0127,-0.0113814967298121));
#3349=CARTESIAN_POINT('',(0.0289489697687052,-0.0019,-0.0113814967298121));
#3350=CARTESIAN_POINT('',(0.0298116941670493,-0.0127,-0.0116017905016798));
#3351=CARTESIAN_POINT('',(0.0298116941670493,-0.0019,-0.0116017905016798));
#3352=CARTESIAN_POINT('',(0.0309055678641342,-0.0127,-0.0112520569271948));
#3353=CARTESIAN_POINT('',(0.0309055678641342,-0.0019,-0.0112520569271948));
#3354=CARTESIAN_POINT('',(0.0314470971989504,-0.0127,-0.0106438855882057));
#3355=CARTESIAN_POINT('',(0.0314470971989504,-0.0019,-0.0106438855882057));
#3356=CARTESIAN_POINT('',(0.0316493297047402,-0.0127,-0.0102285543269811));
#3357=CARTESIAN_POINT('',(0.0316493297047402,-0.0019,-0.0102285543269811));
#3358=CARTESIAN_POINT('',(0.0317330808129194,-0.0127,-0.00995748960788568));
#3359=CARTESIAN_POINT('',(0.0317330808129194,-0.0019,-0.00995748960788568));
#3360=CARTESIAN_POINT('',(0.031785226391953,-0.0127,-0.00970319159016198));
#3361=CARTESIAN_POINT('',(0.031785226391953,-0.00189999999999999,-0.00970319159016198));
#3362=CARTESIAN_POINT('',(0.031806402754158,-0.0127,-0.00948908028932844));
#3363=CARTESIAN_POINT('',(0.031806402754158,-0.0019,-0.00948908028932844));
#3364=CARTESIAN_POINT('',(0.0318152383866709,-0.0127,-0.00928085527079445));
#3365=CARTESIAN_POINT('',(0.0318152383866709,-0.0019,-0.00928085527079445));
#3366=CARTESIAN_POINT('',(0.0318151965236528,-0.0127,-0.00908744898225743));
#3367=CARTESIAN_POINT('',(0.0318151965236528,-0.0019,-0.00908744898225743));
#3368=CARTESIAN_POINT('',(0.0318099530264878,-0.0127,-0.00889335457106849));
#3369=CARTESIAN_POINT('',(0.0318099530264878,-0.0019,-0.00889335457106849));
#3370=CARTESIAN_POINT('',(0.0317973492983046,-0.0127,-0.00862546048116171));
#3371=CARTESIAN_POINT('',(0.0317973492983046,-0.0019,-0.00862546048116171));
#3372=CARTESIAN_POINT('',(0.0317726923756509,-0.0127,-0.00826595501205938));
#3373=CARTESIAN_POINT('',(0.0317726923756509,-0.0019,-0.00826595501205938));
#3374=CARTESIAN_POINT('',(0.0317315786099199,-0.0127,-0.00779138640071455));
#3375=CARTESIAN_POINT('',(0.0317315786099199,-0.0019,-0.00779138640071455));
#3376=CARTESIAN_POINT('',(0.0316810828493179,-0.0127,-0.00728002966440478));
#3377=CARTESIAN_POINT('',(0.0316810828493179,-0.0019,-0.00728002966440478));
#3378=CARTESIAN_POINT('',(0.0316040870816885,-0.0127,-0.00656164010589255));
#3379=CARTESIAN_POINT('',(0.0316040870816885,-0.0019,-0.00656164010589255));
#3380=CARTESIAN_POINT('',(0.0314951006431007,-0.0127,-0.00562263663710893));
#3381=CARTESIAN_POINT('',(0.0314951006431007,-0.0019,-0.00562263663710893));
#3382=CARTESIAN_POINT('',(0.0313613231086866,-0.0127,-0.00452387879045108));
#3383=CARTESIAN_POINT('',(0.0313613231086866,-0.0019,-0.00452387879045108));
#3384=CARTESIAN_POINT('',(0.0312036163119533,-0.0127,-0.00324084695029745));
#3385=CARTESIAN_POINT('',(0.0312036163119533,-0.0019,-0.00324084695029745));
#3386=CARTESIAN_POINT('',(0.0310873909805405,-0.0127,-0.0021872761733478));
#3387=CARTESIAN_POINT('',(0.0310873909805405,-0.0019,-0.0021872761733478));
#3388=CARTESIAN_POINT('',(0.0308928380220011,-0.0127,-0.00100417928356985));
#3389=CARTESIAN_POINT('',(0.0308928380220011,-0.0019,-0.00100417928356985));
#3390=CARTESIAN_POINT('',(0.0305062169662667,-0.0127,0.000532640560191374));
#3391=CARTESIAN_POINT('',(0.0305062169662667,-0.0019,0.000532640560191374));
#3392=CARTESIAN_POINT('',(0.02991232692,-0.0127,0.00258331468021884));
#3393=CARTESIAN_POINT('',(0.02991232692,-0.0019,0.00258331468021884));
#3394=CARTESIAN_POINT('',(0.0291770639218751,-0.0127,0.00488424994437783));
#3395=CARTESIAN_POINT('',(0.0291770639218751,-0.0019,0.00488424994437783));
#3396=CARTESIAN_POINT('',(0.0283488378184319,-0.0127,0.00724283934189628));
#3397=CARTESIAN_POINT('',(0.0283488378184319,-0.0019,0.00724283934189628));
#3398=CARTESIAN_POINT('',(0.027211182095895,-0.0127,0.0101317820755015));
#3399=CARTESIAN_POINT('',(0.027211182095895,-0.00189999999999999,0.0101317820755015));
#3400=CARTESIAN_POINT('',(0.0259486558393039,-0.0127,0.0125842005493648));
#3401=CARTESIAN_POINT('',(0.0259486558393039,-0.00189999999999999,0.0125842005493648));
#3402=CARTESIAN_POINT('',(0.0242543851397564,-0.0127,0.0148424338258292));
#3403=CARTESIAN_POINT('',(0.0242543851397564,-0.0019,0.0148424338258292));
#3404=CARTESIAN_POINT('',(0.0227307972647666,-0.0127,0.0164607712647755));
#3405=CARTESIAN_POINT('',(0.0227307972647666,-0.00189999999999999,0.0164607712647755));
#3406=CARTESIAN_POINT('',(0.0211337893689717,-0.0127,0.017940018370361));
#3407=CARTESIAN_POINT('',(0.0211337893689717,-0.0019,0.017940018370361));
#3408=CARTESIAN_POINT('',(0.0196345629527242,-0.0127,0.0192309832493011));
#3409=CARTESIAN_POINT('',(0.0196345629527242,-0.00189999999999999,0.0192309832493011));
#3410=CARTESIAN_POINT('',(0.0183920316953147,-0.0127,0.0202691616142025));
#3411=CARTESIAN_POINT('',(0.0183920316953147,-0.0019,0.0202691616142025));
#3412=CARTESIAN_POINT('',(0.0178460651252011,-0.0127,0.0207778968923938));
#3413=CARTESIAN_POINT('',(0.0178460651252011,-0.0019,0.0207778968923938));
#3414=CARTESIAN_POINT('',(0.0176780728425723,-0.0127,0.0210074842613215));
#3415=CARTESIAN_POINT('',(0.0176780728425723,-0.0019,0.0210074842613215));
#3416=CARTESIAN_POINT('',(0.0175958401714086,-0.0127,0.0211398291278561));
#3417=CARTESIAN_POINT('',(0.0175958401714086,-0.00189999999999999,0.0211398291278561));
#3418=CARTESIAN_POINT('',(0.017417194506834,-0.0127,0.0216811250757262));
#3419=CARTESIAN_POINT('',(0.017417194506834,-0.0019,0.0216811250757262));
#3420=CARTESIAN_POINT('',(0.0171603953430105,-0.0127,0.0224991879157831));
#3421=CARTESIAN_POINT('',(0.0171603953430105,-0.0019,0.0224991879157831));
#3422=CARTESIAN_POINT('',(0.0168322365342389,-0.0127,0.023260331094482));
#3423=CARTESIAN_POINT('',(0.0168322365342389,-0.0019,0.023260331094482));
#3424=CARTESIAN_POINT('',(0.0163821900449079,-0.0127,0.0239553977530929));
#3425=CARTESIAN_POINT('',(0.0163821900449079,-0.00189999999999999,0.0239553977530929));
#3426=CARTESIAN_POINT('',(0.0157019178205357,-0.0127,0.0247361015194704));
#3427=CARTESIAN_POINT('',(0.0157019178205357,-0.0019,0.0247361015194704));
#3428=CARTESIAN_POINT('',(0.0147490298896308,-0.0127,0.0254667210169027));
#3429=CARTESIAN_POINT('',(0.0147490298896308,-0.0019,0.0254667210169027));
#3430=CARTESIAN_POINT('',(0.0138921546680928,-0.0127,0.0258722434220702));
#3431=CARTESIAN_POINT('',(0.0138921546680928,-0.0019,0.0258722434220702));
#3432=CARTESIAN_POINT('',(0.0133336281795511,-0.0127,0.025981626100115));
#3433=CARTESIAN_POINT('',(0.0133336281795511,-0.0019,0.025981626100115));
#3434=CARTESIAN_POINT('',(0.0177193846619013,-0.0127,0.00210877160597241));
#3435=CARTESIAN_POINT('',(0.0177193846619013,-0.0127,0.00210877160597241));
#3436=CARTESIAN_POINT('',(0.017719377306716,-0.00189999999999992,0.00210876440937649));
#3437=CARTESIAN_POINT('',(0.0177193846619014,-0.0019,0.00210877160597241));
#3438=CARTESIAN_POINT('',(0.0182264286442371,-0.0019,0.00159201729965652));
#3439=CARTESIAN_POINT('',(0.0193790955505237,-0.0019,0.000345090237616126));
#3440=CARTESIAN_POINT('',(0.0212837991679567,-0.0019,-0.00185846209017262));
#3441=CARTESIAN_POINT('',(0.0231536702138223,-0.0019,-0.00409921747021497));
#3442=CARTESIAN_POINT('',(0.0245651374542023,-0.0019,-0.00584308155623377));
#3443=CARTESIAN_POINT('',(0.0255644777530366,-0.0019,-0.00711380555335588));
#3444=CARTESIAN_POINT('',(0.0262358699349801,-0.0019,-0.00798796402473481));
#3445=CARTESIAN_POINT('',(0.0268163568420892,-0.0019,-0.00876702234010515));
#3446=CARTESIAN_POINT('',(0.0272127965456681,-0.0019,-0.00932196161994817));
#3447=CARTESIAN_POINT('',(0.0274679660021798,-0.0019,-0.00969556014441368));
#3448=CARTESIAN_POINT('',(0.0276273036059091,-0.0019,-0.00993872380423895));
#3449=CARTESIAN_POINT('',(0.0277237115418768,-0.0019,-0.0100949584787988));
#3450=CARTESIAN_POINT('',(0.0278051061219928,-0.0019,-0.0102310405169643));
#3451=CARTESIAN_POINT('',(0.0278709387503315,-0.0019,-0.0103406633946705));
#3452=CARTESIAN_POINT('',(0.0279498509309935,-0.0019,-0.0104669486807515));
#3453=CARTESIAN_POINT('',(0.0280408070704629,-0.0019,-0.0106023583219284));
#3454=CARTESIAN_POINT('',(0.0281611445053995,-0.0019,-0.0107556838032536));
#3455=CARTESIAN_POINT('',(0.0282969672395922,-0.0019,-0.0109070026169536));
#3456=CARTESIAN_POINT('',(0.028527339039884,-0.0019,-0.0111123463578338));
#3457=CARTESIAN_POINT('',(0.0289489697647619,-0.0019,-0.0113814967277648));
#3458=CARTESIAN_POINT('',(0.029811694159371,-0.0019,-0.0116017905016281));
#3459=CARTESIAN_POINT('',(0.0309055678582108,-0.0019,-0.0112520569314505));
#3460=CARTESIAN_POINT('',(0.0314470971968462,-0.0019,-0.0106438855917702));
#3461=CARTESIAN_POINT('',(0.0316493297038388,-0.0019,-0.0102285543293034));
#3462=CARTESIAN_POINT('',(0.0317330808125535,-0.0019,-0.00995748960944193));
#3463=CARTESIAN_POINT('',(0.031785226391806,-0.0019,-0.00970319159120994));
#3464=CARTESIAN_POINT('',(0.0318064027541064,-0.00189999999999999,-0.00948908029013437));
#3465=CARTESIAN_POINT('',(0.0318152383866575,-0.0019,-0.00928085527151558));
#3466=CARTESIAN_POINT('',(0.0318151965236638,-0.0019,-0.00908744898296978));
#3467=CARTESIAN_POINT('',(0.0318099530265159,-0.0019,-0.00889335457180994));
#3468=CARTESIAN_POINT('',(0.0317973492983528,-0.0019,-0.00862546048196158));
#3469=CARTESIAN_POINT('',(0.031772692375721,-0.0019,-0.00826595501295107));
#3470=CARTESIAN_POINT('',(0.0317315786100131,-0.0019,-0.00779138640171408));
#3471=CARTESIAN_POINT('',(0.0316810828494311,-0.0019,-0.0072800296654997));
#3472=CARTESIAN_POINT('',(0.0316040870818234,-0.0019,-0.00656164010709051));
#3473=CARTESIAN_POINT('',(0.0314951006432522,-0.0019,-0.0056226366383765));
#3474=CARTESIAN_POINT('',(0.0313613231088408,-0.0019,-0.00452387879169988));
#3475=CARTESIAN_POINT('',(0.0312036163120679,-0.0019,-0.00324084695127011));
#3476=CARTESIAN_POINT('',(0.0310873909806307,-0.0019,-0.00218727617411044));
#3477=CARTESIAN_POINT('',(0.0308928380221966,-0.0019,-0.00100417928449253));
#3478=CARTESIAN_POINT('',(0.0305062169666586,-0.0019,0.000532640558751854));
#3479=CARTESIAN_POINT('',(0.0299123269205646,-0.0019,0.00258331467836221));
#3480=CARTESIAN_POINT('',(0.0291770639225839,-0.0019,0.00488424994225232));
#3481=CARTESIAN_POINT('',(0.0283488378192459,-0.0019,0.00724283933969035));
#3482=CARTESIAN_POINT('',(0.0272111820967891,-0.0019,0.0101317820734882));
#3483=CARTESIAN_POINT('',(0.0259486558404699,-0.0019,0.0125842005474153));
#3484=CARTESIAN_POINT('',(0.0242543851414179,-0.0019,0.0148424338238631));
#3485=CARTESIAN_POINT('',(0.0227307972667317,-0.0019,0.0164607712628517));
#3486=CARTESIAN_POINT('',(0.0211337893710134,-0.0019,0.0179400183685521));
#3487=CARTESIAN_POINT('',(0.0196345629546163,-0.0019,0.0192309832477042));
#3488=CARTESIAN_POINT('',(0.0183920316967442,-0.0019,0.0202691616130056));
#3489=CARTESIAN_POINT('',(0.0178460651258372,-0.0019,0.0207778968916909));
#3490=CARTESIAN_POINT('',(0.017678072842811,-0.0019,0.0210074842609505));
#3491=CARTESIAN_POINT('',(0.017595840171648,-0.0019,0.0211398291273187));
#3492=CARTESIAN_POINT('',(0.0174171945073072,-0.0019,0.0216811250740748));
#3493=CARTESIAN_POINT('',(0.0171603953437565,-0.0019,0.0224991879136199));
#3494=CARTESIAN_POINT('',(0.0168322365355947,-0.0019,0.0232603310919252));
#3495=CARTESIAN_POINT('',(0.0163821900464905,-0.0019,0.0239553977510195));
#3496=CARTESIAN_POINT('',(0.0157019178224254,-0.0019,0.0247361015177311));
#3497=CARTESIAN_POINT('',(0.0147490298916809,-0.00190000000000001,0.0254667210156582));
#3498=CARTESIAN_POINT('',(0.0138921546705561,-0.00189999999999999,0.0258722434210996));
#3499=CARTESIAN_POINT('',(0.0133336281825646,-0.0019,0.0259816260995248));
#3500=CARTESIAN_POINT('',(0.0177193846619014,-0.0127,0.00210877160597241));
#3501=CARTESIAN_POINT('',(0.0182264286442655,-0.0127,0.00159201729962752));
#3502=CARTESIAN_POINT('',(0.0190912637397635,-0.0127,0.000656328194648767));
#3503=CARTESIAN_POINT('',(0.0203308891665178,-0.0127,-0.000755862912482678));
#3504=CARTESIAN_POINT('',(0.0212791024088662,-0.0127,-0.00186259310863479));
#3505=CARTESIAN_POINT('',(0.0222206636354649,-0.0127,-0.00298174024776869));
#3506=CARTESIAN_POINT('',(0.0231312905946987,-0.0127,-0.00408015038895211));
#3507=CARTESIAN_POINT('',(0.0240000849130643,-0.0127,-0.00514484454308041));
#3508=CARTESIAN_POINT('',(0.0248150965680099,-0.0127,-0.00616094666615923));
#3509=CARTESIAN_POINT('',(0.0255644472437359,-0.0127,-0.00711376049217736));
#3510=CARTESIAN_POINT('',(0.0261239644866556,-0.0127,-0.00784226021667642));
#3511=CARTESIAN_POINT('',(0.0265261316438511,-0.0127,-0.00837752150914068));
#3512=CARTESIAN_POINT('',(0.026803284340208,-0.0127,-0.00875291933845838));
#3513=CARTESIAN_POINT('',(0.0270541127869956,-0.0127,-0.00909980400077674));
#3514=CARTESIAN_POINT('',(0.0272765397589974,-0.0127,-0.00941528977159017));
#3515=CARTESIAN_POINT('',(0.0274363153634088,-0.0127,-0.00964923827189662));
#3516=CARTESIAN_POINT('',(0.0275472026570136,-0.0127,-0.00981647597384653));
#3517=CARTESIAN_POINT('',(0.0276217625368517,-0.0127,-0.00993165924840237));
#3518=CARTESIAN_POINT('',(0.0276859207516823,-0.0127,-0.0100335478095273));
#3519=CARTESIAN_POINT('',(0.0277438534960214,-0.0127,-0.0101286860659518));
#3520=CARTESIAN_POINT('',(0.0278051605024234,-0.0127,-0.0102311290077639));
#3521=CARTESIAN_POINT('',(0.0278599666842968,-0.0127,-0.010322356797815));
#3522=CARTESIAN_POINT('',(0.0279103838956202,-0.0127,-0.010403853351693));
#3523=CARTESIAN_POINT('',(0.0279534769806129,-0.0127,-0.0104713707866857));
#3524=CARTESIAN_POINT('',(0.0280050489564097,-0.0127,-0.0105485618721857));
#3525=CARTESIAN_POINT('',(0.0280707586504577,-0.0127,-0.0106405763083161));
#3526=CARTESIAN_POINT('',(0.0281610512816733,-0.0127,-0.0107557699363521));
#3527=CARTESIAN_POINT('',(0.0282974729177085,-0.0127,-0.0109067714737539));
#3528=CARTESIAN_POINT('',(0.0284874201182791,-0.0127,-0.0110787825828293));
#3529=CARTESIAN_POINT('',(0.0287407957921082,-0.0127,-0.0112457794489138));
#3530=CARTESIAN_POINT('',(0.0290058674879165,-0.0127,-0.0113765928928455));
#3531=CARTESIAN_POINT('',(0.0293706465400114,-0.0127,-0.0114879727600243));
#3532=CARTESIAN_POINT('',(0.0298414016998282,-0.0127,-0.0115284539702084));
#3533=CARTESIAN_POINT('',(0.0303650609617063,-0.0127,-0.0114389270228687));
#3534=CARTESIAN_POINT('',(0.0308342704016704,-0.0127,-0.0112188252342089));
#3535=CARTESIAN_POINT('',(0.0311789202541523,-0.0127,-0.0109396758389583));
#3536=CARTESIAN_POINT('',(0.0314044966645281,-0.0127,-0.010669782420883));
#3537=CARTESIAN_POINT('',(0.0315463794524083,-0.0127,-0.0104373480845128));
#3538=CARTESIAN_POINT('',(0.0316643525995486,-0.0127,-0.010182717344961));
#3539=CARTESIAN_POINT('',(0.031732671419096,-0.0127,-0.00995778473282911));
#3540=CARTESIAN_POINT('',(0.031772468441589,-0.0127,-0.00976643605441405));
#3541=CARTESIAN_POINT('',(0.0317929925530806,-0.0127,-0.00961857210560194));
#3542=CARTESIAN_POINT('',(0.0318044908532968,-0.0127,-0.00949490877585252));
#3543=CARTESIAN_POINT('',(0.0318108845565473,-0.0127,-0.00938498306942496));
#3544=CARTESIAN_POINT('',(0.0318151944505588,-0.0127,-0.00924861230813131));
#3545=CARTESIAN_POINT('',(0.0318152092234711,-0.0127,-0.00908744976660517));
#3546=CARTESIAN_POINT('',(0.0318099491179096,-0.0127,-0.00889336188803564));
#3547=CARTESIAN_POINT('',(0.0318005031648452,-0.0127,-0.00869240395142282));
#3548=CARTESIAN_POINT('',(0.0317874786998424,-0.0127,-0.00848177118541622));
#3549=CARTESIAN_POINT('',(0.0317712534438689,-0.0127,-0.00826052939087059));
#3550=CARTESIAN_POINT('',(0.0317521363200411,-0.0127,-0.00802867927503627));
#3551=CARTESIAN_POINT('',(0.0317231621946745,-0.0127,-0.00770615551393506));
#3552=CARTESIAN_POINT('',(0.031681082809345,-0.0127,-0.00728002969771033));
#3553=CARTESIAN_POINT('',(0.0316233367216672,-0.0127,-0.00674124308583319));
#3554=CARTESIAN_POINT('',(0.0315604897539409,-0.0127,-0.00618601632382386));
#3555=CARTESIAN_POINT('',(0.0314947194564393,-0.0127,-0.00562605263403705));
#3556=CARTESIAN_POINT('',(0.0314282424707978,-0.0127,-0.00507363927856573));
#3557=CARTESIAN_POINT('',(0.0313415963494477,-0.0127,-0.00436343627875269));
#3558=CARTESIAN_POINT('',(0.0312430107234423,-0.0127,-0.00356026887152128));
#3559=CARTESIAN_POINT('',(0.0311572649642035,-0.0127,-0.00282457182502864));
#3560=CARTESIAN_POINT('',(0.0310804377369273,-0.0127,-0.00219708495874464));
#3561=CARTESIAN_POINT('',(0.0309902474104862,-0.0127,-0.00159193342264153));
#3562=CARTESIAN_POINT('',(0.0308682095277431,-0.0127,-0.000957928041047242));
#3563=CARTESIAN_POINT('',(0.0307018745133535,-0.0127,-0.000247707160605776));
#3564=CARTESIAN_POINT('',(0.0304798373592143,-0.0127,0.000599220947025451));
#3565=CARTESIAN_POINT('',(0.0302088088568577,-0.0127,0.00156052100991732));
#3566=CARTESIAN_POINT('',(0.0297901082529205,-0.0127,0.00296521081946038));
#3567=CARTESIAN_POINT('',(0.0292991839384093,-0.0127,0.00450173867499572));
#3568=CARTESIAN_POINT('',(0.0287636112575199,-0.0127,0.00606223151370523));
#3569=CARTESIAN_POINT('',(0.0283462089686662,-0.0127,0.00721779090354655));
#3570=CARTESIAN_POINT('',(0.0279195640899477,-0.0127,0.00833175857617054));
#3571=CARTESIAN_POINT('',(0.0274879331241634,-0.0127,0.00938182571300751));
#3572=CARTESIAN_POINT('',(0.0270398443055477,-0.0127,0.010379954794528));
#3573=CARTESIAN_POINT('',(0.026407037323114,-0.0127,0.0116521002660573));
#3574=CARTESIAN_POINT('',(0.0255238790869133,-0.0127,0.013150655806439));
#3575=CARTESIAN_POINT('',(0.024466872720333,-0.0127,0.0145588161581139));
#3576=CARTESIAN_POINT('',(0.0234915662801228,-0.0127,0.0156536324723936));
#3577=CARTESIAN_POINT('',(0.0224651022526207,-0.0127,0.0167062064859077));
#3578=CARTESIAN_POINT('',(0.0211346572452887,-0.0127,0.0179398224030898));
#3579=CARTESIAN_POINT('',(0.0198813574226621,-0.0127,0.0190175163010891));
#3580=CARTESIAN_POINT('',(0.0190186616277425,-0.0127,0.0197470626683052));
#3581=CARTESIAN_POINT('',(0.0184653821721289,-0.0127,0.0202160496988283));
#3582=CARTESIAN_POINT('',(0.0180593712289039,-0.0127,0.0205760121905244));
#3583=CARTESIAN_POINT('',(0.0178475812868305,-0.0127,0.0207925121121676));
#3584=CARTESIAN_POINT('',(0.0177418758449217,-0.0127,0.0209198067504641));
#3585=CARTESIAN_POINT('',(0.0176864630482063,-0.0127,0.0209967323749016));
#3586=CARTESIAN_POINT('',(0.0176450287262856,-0.0127,0.0210652374410631));
#3587=CARTESIAN_POINT('',(0.0176113357762604,-0.0127,0.0211312763191182));
#3588=CARTESIAN_POINT('',(0.0175598117071647,-0.0127,0.0212545902904661));
#3589=CARTESIAN_POINT('',(0.0174777636975064,-0.0127,0.0214855706978333));
#3590=CARTESIAN_POINT('',(0.0173796340796065,-0.0127,0.0218055749327713));
#3591=CARTESIAN_POINT('',(0.0172556452091342,-0.0127,0.0221949652734597));
#3592=CARTESIAN_POINT('',(0.0171423670556269,-0.0127,0.0225192612088583));
#3593=CARTESIAN_POINT('',(0.0170016991905176,-0.0127,0.0228707134344613));
#3594=CARTESIAN_POINT('',(0.0168161127119036,-0.0127,0.0232537439920588));
#3595=CARTESIAN_POINT('',(0.0166053814867428,-0.0127,0.0236102206441065));
#3596=CARTESIAN_POINT('',(0.01629809107961,-0.0127,0.0240517405017117));
#3597=CARTESIAN_POINT('',(0.0158727293260448,-0.0127,0.0245403514758853));
#3598=CARTESIAN_POINT('',(0.0153168154650952,-0.0127,0.0250320251726215));
#3599=CARTESIAN_POINT('',(0.0147340537403593,-0.0127,0.0254340070700525));
#3600=CARTESIAN_POINT('',(0.0140993015960325,-0.0127,0.0257638128594168));
#3601=CARTESIAN_POINT('',(0.013612891423822,-0.0127,0.0259269347610926));
#3602=CARTESIAN_POINT('',(0.0133336281795511,-0.0127,0.025981626100115));
#3603=CARTESIAN_POINT('',(-0.00615320868769918,-0.0127,-0.0239859620322865));
#3604=CARTESIAN_POINT('',(-0.00615320868769918,-0.00189999999999984,-0.0239859620322865));
#3605=CARTESIAN_POINT('',(-0.00633251683257993,-0.0127,-0.0239859750885073));
#3606=CARTESIAN_POINT('',(-0.00633251683257993,-0.00189999999999984,-0.0239859750885073));
#3607=CARTESIAN_POINT('',(-0.00675468284146185,-0.0127,-0.0239928481455323));
#3608=CARTESIAN_POINT('',(-0.00675468284146185,-0.00189999999999984,-0.0239928481455323));
#3609=CARTESIAN_POINT('',(-0.00742474544811535,-0.0127,-0.0240675350552128));
#3610=CARTESIAN_POINT('',(-0.00742474544811535,-0.00189999999999985,-0.0240675350552128));
#3611=CARTESIAN_POINT('',(-0.00816282355896493,-0.0127,-0.0242567459990974));
#3612=CARTESIAN_POINT('',(-0.00816282355896493,-0.00189999999999984,-0.0242567459990974));
#3613=CARTESIAN_POINT('',(-0.00893745838391896,-0.0127,-0.0246239633214252));
#3614=CARTESIAN_POINT('',(-0.00893745838391896,-0.00189999999999984,-0.0246239633214252));
#3615=CARTESIAN_POINT('',(-0.0096738279211928,-0.0127,-0.0252651966719197));
#3616=CARTESIAN_POINT('',(-0.0096738279211928,-0.00189999999999985,-0.0252651966719197));
#3617=CARTESIAN_POINT('',(-0.0101306995961274,-0.0127,-0.0259398674880709));
#3618=CARTESIAN_POINT('',(-0.0101306995961274,-0.00189999999999984,-0.0259398674880709));
#3619=CARTESIAN_POINT('',(-0.010432668843234,-0.0127,-0.0265507434889163));
#3620=CARTESIAN_POINT('',(-0.010432668843234,-0.00189999999999984,-0.0265507434889163));
#3621=CARTESIAN_POINT('',(-0.0106531210085534,-0.0127,-0.0271011957452253));
#3622=CARTESIAN_POINT('',(-0.0106531210085534,-0.00189999999999985,-0.0271011957452253));
#3623=CARTESIAN_POINT('',(-0.0108323323885717,-0.0127,-0.0275842216853711));
#3624=CARTESIAN_POINT('',(-0.0108323323885717,-0.00189999999999984,-0.0275842216853711));
#3625=CARTESIAN_POINT('',(-0.0110343232796171,-0.0127,-0.0280918744966923));
#3626=CARTESIAN_POINT('',(-0.0110343232796171,-0.00189999999999985,-0.0280918744966923));
#3627=CARTESIAN_POINT('',(-0.0113548571809531,-0.0127,-0.0287893269730459));
#3628=CARTESIAN_POINT('',(-0.0113548571809531,-0.00189999999999984,-0.0287893269730459));
#3629=CARTESIAN_POINT('',(-0.0118147682755414,-0.0127,-0.0297857086109585));
#3630=CARTESIAN_POINT('',(-0.0118147682755414,-0.00189999999999984,-0.0297857086109585));
#3631=CARTESIAN_POINT('',(-0.0122938736339219,-0.0127,-0.0310151439310828));
#3632=CARTESIAN_POINT('',(-0.0122938736339219,-0.00189999999999985,-0.0310151439310828));
#3633=CARTESIAN_POINT('',(-0.0126951200276219,-0.0127,-0.0323926584665449));
#3634=CARTESIAN_POINT('',(-0.0126951200276219,-0.00189999999999984,-0.0323926584665449));
#3635=CARTESIAN_POINT('',(-0.0129471822670459,-0.0127,-0.0338615045071532));
#3636=CARTESIAN_POINT('',(-0.0129471822670459,-0.00189999999999984,-0.0338615045071532));
#3637=CARTESIAN_POINT('',(-0.0128883653689113,-0.0127,-0.035448841249536));
#3638=CARTESIAN_POINT('',(-0.0128883653689113,-0.00189999999999984,-0.035448841249536));
#3639=CARTESIAN_POINT('',(-0.012488694895282,-0.0127,-0.0366469818951882));
#3640=CARTESIAN_POINT('',(-0.012488694895282,-0.00189999999999984,-0.0366469818951882));
#3641=CARTESIAN_POINT('',(-0.0119916490502444,-0.0127,-0.0374919403741916));
#3642=CARTESIAN_POINT('',(-0.0119916490502444,-0.00189999999999985,-0.0374919403741916));
#3643=CARTESIAN_POINT('',(-0.0113688500911118,-0.0127,-0.0382489904765095));
#3644=CARTESIAN_POINT('',(-0.0113688500911118,-0.00189999999999984,-0.0382489904765095));
#3645=CARTESIAN_POINT('',(-0.0108172576299495,-0.0127,-0.0387077383083083));
#3646=CARTESIAN_POINT('',(-0.0108172576299495,-0.00189999999999985,-0.0387077383083083));
#3647=CARTESIAN_POINT('',(-0.0104377480718911,-0.0127,-0.039050242225885));
#3648=CARTESIAN_POINT('',(-0.0104377480718911,-0.00189999999999984,-0.039050242225885));
#3649=CARTESIAN_POINT('',(-0.0102362169055311,-0.0127,-0.0392556723506135));
#3650=CARTESIAN_POINT('',(-0.0102362169055311,-0.00189999999999984,-0.0392556723506135));
#3651=CARTESIAN_POINT('',(-0.0100583194859841,-0.0127,-0.0394828857386918));
#3652=CARTESIAN_POINT('',(-0.0100583194859841,-0.00189999999999985,-0.0394828857386918));
#3653=CARTESIAN_POINT('',(-0.0097972562847373,-0.0127,-0.0398699621417562));
#3654=CARTESIAN_POINT('',(-0.0097972562847373,-0.00189999999999984,-0.0398699621417562));
#3655=CARTESIAN_POINT('',(-0.00949612864769472,-0.0127,-0.0403419459801517));
#3656=CARTESIAN_POINT('',(-0.00949612864769472,-0.00189999999999985,-0.0403419459801517));
#3657=CARTESIAN_POINT('',(-0.00913076244367575,-0.0127,-0.0408827852187023));
#3658=CARTESIAN_POINT('',(-0.00913076244367575,-0.00189999999999985,-0.0408827852187023));
#3659=CARTESIAN_POINT('',(-0.00868619968486395,-0.0127,-0.0414582090498874));
#3660=CARTESIAN_POINT('',(-0.00868619968486395,-0.00189999999999984,-0.0414582090498874));
#3661=CARTESIAN_POINT('',(-0.00806641880501374,-0.0127,-0.0420657109317192));
#3662=CARTESIAN_POINT('',(-0.00806641880501374,-0.00189999999999985,-0.0420657109317192));
#3663=CARTESIAN_POINT('',(-0.00741872116546131,-0.0127,-0.0425093019786777));
#3664=CARTESIAN_POINT('',(-0.00741872116546131,-0.00189999999999984,-0.0425093019786777));
#3665=CARTESIAN_POINT('',(-0.00664212178720151,-0.0127,-0.0429269694213387));
#3666=CARTESIAN_POINT('',(-0.00664212178720151,-0.00189999999999984,-0.0429269694213387));
#3667=CARTESIAN_POINT('',(-0.00602133745919545,-0.0127,-0.0432038226480635));
#3668=CARTESIAN_POINT('',(-0.00602133745919545,-0.00189999999999985,-0.0432038226480635));
#3669=CARTESIAN_POINT('',(-0.0056909067498282,-0.0127,-0.0433891319699709));
#3670=CARTESIAN_POINT('',(-0.0056909067498282,-0.00189999999999985,-0.0433891319699709));
#3671=CARTESIAN_POINT('',(-0.00533913413408456,-0.0127,-0.0436312317891382));
#3672=CARTESIAN_POINT('',(-0.00533913413408456,-0.00189999999999984,-0.0436312317891382));
#3673=CARTESIAN_POINT('',(-0.00473215926218819,-0.0127,-0.0441319638260991));
#3674=CARTESIAN_POINT('',(-0.00473215926218819,-0.00189999999999985,-0.0441319638260991));
#3675=CARTESIAN_POINT('',(-0.0036269809529729,-0.0127,-0.0449431658120984));
#3676=CARTESIAN_POINT('',(-0.0036269809529729,-0.00189999999999985,-0.0449431658120984));
#3677=CARTESIAN_POINT('',(-0.00222375975512998,-0.0127,-0.045604123510008));
#3678=CARTESIAN_POINT('',(-0.00222375975512998,-0.00189999999999984,-0.045604123510008));
#3679=CARTESIAN_POINT('',(-0.00100246602964994,-0.0127,-0.0459575792967774));
#3680=CARTESIAN_POINT('',(-0.00100246602964994,-0.00189999999999984,-0.0459575792967774));
#3681=CARTESIAN_POINT('',(7.05801953390172E-6,-0.0127,-0.0461037568752192));
#3682=CARTESIAN_POINT('',(7.05801953390172E-6,-0.00189999999999984,-0.0461037568752192));
#3683=CARTESIAN_POINT('',(0.00108626691310824,-0.0127,-0.0461255050912967));
#3684=CARTESIAN_POINT('',(0.00108626691310824,-0.00189999999999985,-0.0461255050912967));
#3685=CARTESIAN_POINT('',(0.00227214075737538,-0.0127,-0.0458445548145434));
#3686=CARTESIAN_POINT('',(0.00227214075737538,-0.00189999999999984,-0.0458445548145434));
#3687=CARTESIAN_POINT('',(0.00301242180380479,-0.0127,-0.0455259441481732));
#3688=CARTESIAN_POINT('',(0.00301242180380479,-0.00189999999999984,-0.0455259441481732));
#3689=CARTESIAN_POINT('',(0.00343559152175278,-0.0127,-0.0453719852143706));
#3690=CARTESIAN_POINT('',(0.00343559152175278,-0.00189999999999984,-0.0453719852143706));
#3691=CARTESIAN_POINT('',(0.00401645892139421,-0.0127,-0.0451663439602682));
#3692=CARTESIAN_POINT('',(0.00401645892139421,-0.00189999999999985,-0.0451663439602682));
#3693=CARTESIAN_POINT('',(0.00492880819516699,-0.0127,-0.0448158860020234));
#3694=CARTESIAN_POINT('',(0.00492880819516699,-0.00189999999999984,-0.0448158860020234));
#3695=CARTESIAN_POINT('',(0.00617739769341864,-0.0127,-0.0439787301348385));
#3696=CARTESIAN_POINT('',(0.00617739769341864,-0.00189999999999985,-0.0439787301348385));
#3697=CARTESIAN_POINT('',(0.00714408683447445,-0.0127,-0.0429945590412824));
#3698=CARTESIAN_POINT('',(0.00714408683447445,-0.00189999999999984,-0.0429945590412824));
#3699=CARTESIAN_POINT('',(0.00798671769384664,-0.0127,-0.0419356383661802));
#3700=CARTESIAN_POINT('',(0.00798671769384664,-0.00189999999999985,-0.0419356383661802));
#3701=CARTESIAN_POINT('',(0.00895298004745144,-0.0127,-0.040517040965828));
#3702=CARTESIAN_POINT('',(0.00895298004745144,-0.00189999999999984,-0.040517040965828));
#3703=CARTESIAN_POINT('',(0.010008283039178,-0.0127,-0.0383963664293522));
#3704=CARTESIAN_POINT('',(0.010008283039178,-0.00189999999999984,-0.0383963664293522));
#3705=CARTESIAN_POINT('',(0.0107970348965151,-0.0127,-0.0353718319832394));
#3706=CARTESIAN_POINT('',(0.0107970348965151,-0.00189999999999985,-0.0353718319832394));
#3707=CARTESIAN_POINT('',(0.011348633205089,-0.0127,-0.0327696320708667));
#3708=CARTESIAN_POINT('',(0.011348633205089,-0.00189999999999985,-0.0327696320708667));
#3709=CARTESIAN_POINT('',(0.0117215679025507,-0.0127,-0.0308941198019989));
#3710=CARTESIAN_POINT('',(0.0117215679025507,-0.00189999999999984,-0.0308941198019989));
#3711=CARTESIAN_POINT('',(0.0120519770269089,-0.0127,-0.0292469280218069));
#3712=CARTESIAN_POINT('',(0.0120519770269089,-0.00189999999999985,-0.0292469280218069));
#3713=CARTESIAN_POINT('',(0.0123345194390017,-0.0127,-0.0280183564707534));
#3714=CARTESIAN_POINT('',(0.0123345194390017,-0.00189999999999985,-0.0280183564707534));
#3715=CARTESIAN_POINT('',(0.0126058089196658,-0.0127,-0.0268629470237027));
#3716=CARTESIAN_POINT('',(0.0126058089196658,-0.00189999999999985,-0.0268629470237027));
#3717=CARTESIAN_POINT('',(0.0129456468522657,-0.0127,-0.025135968982604));
#3718=CARTESIAN_POINT('',(0.0129456468522657,-0.00189999999999984,-0.025135968982604));
#3719=CARTESIAN_POINT('',(0.0132057261293221,-0.0127,-0.0226718863088266));
#3720=CARTESIAN_POINT('',(0.0132057261293221,-0.00189999999999984,-0.0226718863088266));
#3721=CARTESIAN_POINT('',(0.0134617035303541,-0.0127,-0.0199807126825682));
#3722=CARTESIAN_POINT('',(0.0134617035303541,-0.00189999999999985,-0.0199807126825682));
#3723=CARTESIAN_POINT('',(0.0136714165165739,-0.0127,-0.0180539345354412));
#3724=CARTESIAN_POINT('',(0.0136714165165739,-0.00189999999999984,-0.0180539345354412));
#3725=CARTESIAN_POINT('',(0.0139103149489776,-0.0127,-0.0164228612881351));
#3726=CARTESIAN_POINT('',(0.0139103149489776,-0.00189999999999985,-0.0164228612881351));
#3727=CARTESIAN_POINT('',(0.0141724274068273,-0.0127,-0.0153426865940144));
#3728=CARTESIAN_POINT('',(0.0141724274068273,-0.00189999999999984,-0.0153426865940144));
#3729=CARTESIAN_POINT('',(0.0144778344094101,-0.0127,-0.0143451221830826));
#3730=CARTESIAN_POINT('',(0.0144778344094101,-0.00189999999999985,-0.0143451221830826));
#3731=CARTESIAN_POINT('',(0.0147373649580507,-0.0127,-0.0133081806153066));
#3732=CARTESIAN_POINT('',(0.0147373649580507,-0.00189999999999985,-0.0133081806153066));
#3733=CARTESIAN_POINT('',(0.0148501845325697,-0.0127,-0.0123627292782435));
#3734=CARTESIAN_POINT('',(0.0148501845325697,-0.00189999999999984,-0.0123627292782435));
#3735=CARTESIAN_POINT('',(0.0149158796863134,-0.0127,-0.0115041074142045));
#3736=CARTESIAN_POINT('',(0.0149158796863134,-0.00189999999999985,-0.0115041074142045));
#3737=CARTESIAN_POINT('',(0.0149891363949481,-0.0127,-0.0105197792102825));
#3738=CARTESIAN_POINT('',(0.0149891363949481,-0.00189999999999984,-0.0105197792102825));
#3739=CARTESIAN_POINT('',(0.0151577736185189,-0.0127,-0.00974348779247983));
#3740=CARTESIAN_POINT('',(0.0151577736185189,-0.00189999999999985,-0.00974348779247983));
#3741=CARTESIAN_POINT('',(0.0153244320150621,-0.0127,-0.00934416091448773));
#3742=CARTESIAN_POINT('',(0.0153244320150621,-0.00189999999999984,-0.00934416091448773));
#3743=CARTESIAN_POINT('',(0.015617401522148,-0.0127,-0.00883858345550022));
#3744=CARTESIAN_POINT('',(0.015617401522148,-0.00189999999999985,-0.00883858345550022));
#3745=CARTESIAN_POINT('',(0.0160888621338459,-0.0127,-0.00821959699248364));
#3746=CARTESIAN_POINT('',(0.0160888621338459,-0.00189999999999985,-0.00821959699248364));
#3747=CARTESIAN_POINT('',(0.0166288389180608,-0.0127,-0.00745794824072287));
#3748=CARTESIAN_POINT('',(0.0166288389180608,-0.00189999999999984,-0.00745794824072287));
#3749=CARTESIAN_POINT('',(0.0170345739757622,-0.0127,-0.00678139222798385));
#3750=CARTESIAN_POINT('',(0.0170345739757622,-0.00189999999999985,-0.00678139222798385));
#3751=CARTESIAN_POINT('',(0.017375172430517,-0.0127,-0.00581776005326048));
#3752=CARTESIAN_POINT('',(0.017375172430517,-0.00189999999999984,-0.00581776005326048));
#3753=CARTESIAN_POINT('',(0.0174230563424074,-0.0127,-0.00487534613917942));
#3754=CARTESIAN_POINT('',(0.0174230563424074,-0.00189999999999985,-0.00487534613917942));
#3755=CARTESIAN_POINT('',(0.0173278315277894,-0.0127,-0.00414313570940198));
#3756=CARTESIAN_POINT('',(0.0173278315277894,-0.00189999999999984,-0.00414313570940198));
#3757=CARTESIAN_POINT('',(0.0171694867767534,-0.0127,-0.003362772524636));
#3758=CARTESIAN_POINT('',(0.0171694867767534,-0.00189999999999985,-0.003362772524636));
#3759=CARTESIAN_POINT('',(0.0170521756183456,-0.0127,-0.0027452016889029));
#3760=CARTESIAN_POINT('',(0.0170521756183456,-0.00189999999999984,-0.0027452016889029));
#3761=CARTESIAN_POINT('',(0.0170339261544322,-0.0127,-0.00202299027038478));
#3762=CARTESIAN_POINT('',(0.0170339261544322,-0.00189999999999985,-0.00202299027038478));
#3763=CARTESIAN_POINT('',(0.0170974816384784,-0.0127,-0.00104758723589854));
#3764=CARTESIAN_POINT('',(0.0170974816384784,-0.00189999999999985,-0.00104758723589854));
#3765=CARTESIAN_POINT('',(0.0173198709835106,-0.0127,0.000397037095874235));
#3766=CARTESIAN_POINT('',(0.0173198709835106,-0.00189999999999984,0.000397037095874235));
#3767=CARTESIAN_POINT('',(0.0175845696360973,-0.0127,0.00157005385458688));
#3768=CARTESIAN_POINT('',(0.0175845696360973,-0.00189999999999984,0.00157005385458688));
#3769=CARTESIAN_POINT('',(0.0177193846619013,-0.0127,0.00210877160597238));
#3770=CARTESIAN_POINT('',(0.0177193846619013,-0.00189999999999984,0.00210877160597238));
#3771=CARTESIAN_POINT('',(-0.00615320868769917,-0.0127,-0.0239859620322865));
#3772=CARTESIAN_POINT('',(-0.00615320868769917,-0.0127,-0.0239859620322865));
#3773=CARTESIAN_POINT('',(-0.00615320868769917,-0.00190000000000002,-0.0239859620322865));
#3774=CARTESIAN_POINT('',(-0.00615320868769918,-0.0019,-0.0239859620322865));
#3775=CARTESIAN_POINT('',(-0.00633251681783669,-0.0019,-0.0239859750885063));
#3776=CARTESIAN_POINT('',(-0.0067546827889006,-0.0019,-0.0239928481442541));
#3777=CARTESIAN_POINT('',(-0.00742474533407053,-0.0019,-0.0240675350383405));
#3778=CARTESIAN_POINT('',(-0.00816282337239831,-0.0019,-0.0242567459383715));
#3779=CARTESIAN_POINT('',(-0.00893745812444066,-0.0019,-0.0246239631663987));
#3780=CARTESIAN_POINT('',(-0.00967382766156733,-0.0019,-0.0252651963773688));
#3781=CARTESIAN_POINT('',(-0.0101306994165054,-0.0019,-0.0259398671722012));
#3782=CARTESIAN_POINT('',(-0.0104326686955813,-0.0019,-0.0265507431527362));
#3783=CARTESIAN_POINT('',(-0.0106531208775854,-0.0019,-0.0271011953979798));
#3784=CARTESIAN_POINT('',(-0.0108323322710781,-0.0019,-0.0275842213717503));
#3785=CARTESIAN_POINT('',(-0.011034323141735,-0.0019,-0.0280918741807613));
#3786=CARTESIAN_POINT('',(-0.0113548569692322,-0.0019,-0.0287893265261255));
#3787=CARTESIAN_POINT('',(-0.011814767998454,-0.0019,-0.0297857079783627));
#3788=CARTESIAN_POINT('',(-0.0122938733317096,-0.0019,-0.0310151430657118));
#3789=CARTESIAN_POINT('',(-0.0126951197742412,-0.0019,-0.0323926574177538));
#3790=CARTESIAN_POINT('',(-0.0129471821429208,-0.0019,-0.0338615032409571));
#3791=CARTESIAN_POINT('',(-0.0128883656105469,-0.0019,-0.0354488398502866));
#3792=CARTESIAN_POINT('',(-0.0124886954655333,-0.0019,-0.036646980572698));
#3793=CARTESIAN_POINT('',(-0.0119916499249004,-0.0019,-0.0374919391114227));
#3794=CARTESIAN_POINT('',(-0.0113688511386267,-0.0019,-0.0382489894898812));
#3795=CARTESIAN_POINT('',(-0.0108172584198382,-0.0019,-0.0387077376480547));
#3796=CARTESIAN_POINT('',(-0.0104377486742253,-0.0019,-0.0390502416515464));
#3797=CARTESIAN_POINT('',(-0.0102362172742554,-0.0019,-0.0392556719400966));
#3798=CARTESIAN_POINT('',(-0.0100583200832699,-0.0019,-0.0394828849112885));
#3799=CARTESIAN_POINT('',(-0.00979725701386017,-0.0019,-0.0398699610089863));
#3800=CARTESIAN_POINT('',(-0.00949612954092727,-0.0019,-0.0403419445935987));
#3801=CARTESIAN_POINT('',(-0.0091307635637967,-0.0019,-0.0408827836495423));
#3802=CARTESIAN_POINT('',(-0.00868620114919987,-0.0019,-0.0414582073283978));
#3803=CARTESIAN_POINT('',(-0.00806642083104184,-0.0019,-0.042065709281494));
#3804=CARTESIAN_POINT('',(-0.00741872303083909,-0.0019,-0.0425093008746617));
#3805=CARTESIAN_POINT('',(-0.00664212344668337,-0.0019,-0.0429269686617408));
#3806=CARTESIAN_POINT('',(-0.00602133870838785,-0.0019,-0.0432038220414325));
#3807=CARTESIAN_POINT('',(-0.00569090743953508,-0.0019,-0.0433891315338847));
#3808=CARTESIAN_POINT('',(-0.00533913532247955,-0.0019,-0.0436312308888834));
#3809=CARTESIAN_POINT('',(-0.00473216079002728,-0.0019,-0.0441319625186714));
#3810=CARTESIAN_POINT('',(-0.00362698352097015,-0.0019,-0.0449431642630483));
#3811=CARTESIAN_POINT('',(-0.0022237625501193,-0.0019,-0.0456041224677655));
#3812=CARTESIAN_POINT('',(-0.00100246907942375,-0.00189999999999999,-0.0459575785904236));
#3813=CARTESIAN_POINT('',(7.05478703538377E-6,-0.0019,-0.046103756575821));
#3814=CARTESIAN_POINT('',(0.00108626337886037,-0.0019,-0.0461255054673669));
#3815=CARTESIAN_POINT('',(0.00227213815124477,-0.0019,-0.0458445558417565));
#3816=CARTESIAN_POINT('',(0.00301242040146334,-0.0019,-0.0455259447314156));
#3817=CARTESIAN_POINT('',(0.00343558973946678,-0.0019,-0.0453719858378911));
#3818=CARTESIAN_POINT('',(0.00401645653028575,-0.0019,-0.0451663448194773));
#3819=CARTESIAN_POINT('',(0.00492880509987383,-0.0019,-0.044815887497294));
#3820=CARTESIAN_POINT('',(0.00617739491065648,-0.0019,-0.0439787325574447));
#3821=CARTESIAN_POINT('',(0.00714408445227732,-0.0019,-0.0429945617564864));
#3822=CARTESIAN_POINT('',(0.00798671561862666,-0.0019,-0.0419356412082632));
#3823=CARTESIAN_POINT('',(0.00895297810559256,-0.0019,-0.0405170442084926));
#3824=CARTESIAN_POINT('',(0.0100082814383382,-0.0019,-0.0383963708835918));
#3825=CARTESIAN_POINT('',(0.0107970335151431,-0.0019,-0.0353718379892465));
#3826=CARTESIAN_POINT('',(0.0113486319427886,-0.0019,-0.0327696382721502));
#3827=CARTESIAN_POINT('',(0.011721566738704,-0.0019,-0.0308941257395846));
#3828=CARTESIAN_POINT('',(0.0120519760040243,-0.0019,-0.0292469328318925));
#3829=CARTESIAN_POINT('',(0.0123345184958826,-0.0019,-0.0280183603810351));
#3830=CARTESIAN_POINT('',(0.0126058079759974,-0.0019,-0.0268629512484302));
#3831=CARTESIAN_POINT('',(0.0129456460222294,-0.0019,-0.0251359746022529));
#3832=CARTESIAN_POINT('',(0.0132057254376746,-0.0019,-0.0226718938449734));
#3833=CARTESIAN_POINT('',(0.0134617027654825,-0.0019,-0.0199807203925652));
#3834=CARTESIAN_POINT('',(0.0136714156268254,-0.0019,-0.0180539418191813));
#3835=CARTESIAN_POINT('',(0.0139103139548979,-0.0019,-0.0164228666152739));
#3836=CARTESIAN_POINT('',(0.014172426245445,-0.0019,-0.0153426906170283));
#3837=CARTESIAN_POINT('',(0.0144778330399387,-0.0019,-0.0143451265469165));
#3838=CARTESIAN_POINT('',(0.0147373638108809,-0.0019,-0.0133081867829932));
#3839=CARTESIAN_POINT('',(0.0148501840320582,-0.0019,-0.0123627350420214));
#3840=CARTESIAN_POINT('',(0.014915879333489,-0.0019,-0.0115041128060961));
#3841=CARTESIAN_POINT('',(0.0149891357875774,-0.0019,-0.0105197840774944));
#3842=CARTESIAN_POINT('',(0.0151577726425765,-0.0019,-0.00974349115198122));
#3843=CARTESIAN_POINT('',(0.0153244305647005,-0.0019,-0.00934416378736788));
#3844=CARTESIAN_POINT('',(0.0156173986882665,-0.0019,-0.00883858761436997));
#3845=CARTESIAN_POINT('',(0.0160888585098359,-0.0019,-0.00821960161279234));
#3846=CARTESIAN_POINT('',(0.0166288350579618,-0.0019,-0.00745795408696779));
#3847=CARTESIAN_POINT('',(0.0170345701147612,-0.0019,-0.00678139965126221));
#3848=CARTESIAN_POINT('',(0.0173751704342963,-0.0019,-0.00581777025572554));
#3849=CARTESIAN_POINT('',(0.0174230569010496,-0.0019,-0.00487535410361872));
#3850=CARTESIAN_POINT('',(0.017327832680664,-0.0019,-0.00414314207968141));
#3851=CARTESIAN_POINT('',(0.0171694878680853,-0.0019,-0.00336277747428674));
#3852=CARTESIAN_POINT('',(0.0170521762217673,-0.0019,-0.00274520604926849));
#3853=CARTESIAN_POINT('',(0.0170339259916043,-0.0019,-0.00202299683768897));
#3854=CARTESIAN_POINT('',(0.0170974806350171,-0.0019,-0.00104759570080807));
#3855=CARTESIAN_POINT('',(0.0173198691703068,-0.0019,0.000397027790037569));
#3856=CARTESIAN_POINT('',(0.0175845675447946,-0.0019,0.0015700448958923));
#3857=CARTESIAN_POINT('',(0.017719382533604,-0.0019,0.00210876310134046));
#3858=CARTESIAN_POINT('',(-0.00615320868769918,-0.0127,-0.0239859620322865));
#3859=CARTESIAN_POINT('',(-0.00624286276013956,-0.0127,-0.0239859685603969));
#3860=CARTESIAN_POINT('',(-0.00644025457424393,-0.0127,-0.0239871670990282));
#3861=CARTESIAN_POINT('',(-0.00686508401599237,-0.0127,-0.0240055645776825));
#3862=CARTESIAN_POINT('',(-0.00742524759010377,-0.0127,-0.0240677487990591));
#3863=CARTESIAN_POINT('',(-0.00803958004110335,-0.0127,-0.0242243009963743));
#3864=CARTESIAN_POINT('',(-0.00855045544194036,-0.0127,-0.0244419496332283));
#3865=CARTESIAN_POINT('',(-0.00893337494734585,-0.0127,-0.0246599046887516));
#3866=CARTESIAN_POINT('',(-0.00930252978451032,-0.0127,-0.0249362275684835));
#3867=CARTESIAN_POINT('',(-0.00963984679660123,-0.0127,-0.0252709034763041));
#3868=CARTESIAN_POINT('',(-0.00990155269390235,-0.0127,-0.025604776023475));
#3869=CARTESIAN_POINT('',(-0.0101814379506261,-0.0127,-0.026040383834715));
#3870=CARTESIAN_POINT('',(-0.0104325328471944,-0.0127,-0.0265511906529893));
#3871=CARTESIAN_POINT('',(-0.0106531456175269,-0.0127,-0.0271010521059437));
#3872=CARTESIAN_POINT('',(-0.0108323699487175,-0.0127,-0.0275843490784241));
#3873=CARTESIAN_POINT('',(-0.0109836507072993,-0.0127,-0.0279645953609315));
#3874=CARTESIAN_POINT('',(-0.0111631986782317,-0.0127,-0.0283721918259029));
#3875=CARTESIAN_POINT('',(-0.011364176775495,-0.0127,-0.0288088700902979));
#3876=CARTESIAN_POINT('',(-0.011584507718492,-0.0127,-0.0292877283174691));
#3877=CARTESIAN_POINT('',(-0.0118948372304341,-0.0127,-0.0299904619563255));
#3878=CARTESIAN_POINT('',(-0.0122934361262348,-0.0127,-0.031015464175633));
#3879=CARTESIAN_POINT('',(-0.0126293400899042,-0.0127,-0.0321622645183047));
#3880=CARTESIAN_POINT('',(-0.0128192686186532,-0.0127,-0.0331284721841329));
#3881=CARTESIAN_POINT('',(-0.0128929313264438,-0.0127,-0.0337521861890065));
#3882=CARTESIAN_POINT('',(-0.0129149771210289,-0.0127,-0.0342641292953086));
#3883=CARTESIAN_POINT('',(-0.0129069000464396,-0.0127,-0.0347886539466977));
#3884=CARTESIAN_POINT('',(-0.0128347981196498,-0.0127,-0.0354292036312218));
#3885=CARTESIAN_POINT('',(-0.0126488916328504,-0.0127,-0.0361661209949362));
#3886=CARTESIAN_POINT('',(-0.0123646875973304,-0.0127,-0.0368587372889733));
#3887=CARTESIAN_POINT('',(-0.0120527011403019,-0.0127,-0.0373860244815338));
#3888=CARTESIAN_POINT('',(-0.0117599901609379,-0.0127,-0.0377762639567623));
#3889=CARTESIAN_POINT('',(-0.011451978037106,-0.0127,-0.0381295245483543));
#3890=CARTESIAN_POINT('',(-0.0110895024472431,-0.0127,-0.0384760007068015));
#3891=CARTESIAN_POINT('',(-0.0107229621420195,-0.0127,-0.0387944347902639));
#3892=CARTESIAN_POINT('',(-0.01048630358937,-0.0127,-0.0390060090494162));
#3893=CARTESIAN_POINT('',(-0.0103348558274954,-0.0127,-0.0391552995239261));
#3894=CARTESIAN_POINT('',(-0.0102379831489738,-0.0127,-0.0392598893092259));
#3895=CARTESIAN_POINT('',(-0.0101541467566087,-0.0127,-0.039360960606201));
#3896=CARTESIAN_POINT('',(-0.0100466157587627,-0.0127,-0.0395044843581779));
#3897=CARTESIAN_POINT('',(-0.00992614134254518,-0.0127,-0.0396782794082245));
#3898=CARTESIAN_POINT('',(-0.00974806908582802,-0.0127,-0.0399475279654407));
#3899=CARTESIAN_POINT('',(-0.00949535469639157,-0.0127,-0.040342551984583));
#3900=CARTESIAN_POINT('',(-0.00919297792432384,-0.0127,-0.0407919254816981));
#3901=CARTESIAN_POINT('',(-0.00890625785056954,-0.0127,-0.041171671688451));
#3902=CARTESIAN_POINT('',(-0.00866272449187078,-0.0127,-0.041463185559127));
#3903=CARTESIAN_POINT('',(-0.00838482417009243,-0.0127,-0.0417569184250125));
#3904=CARTESIAN_POINT('',(-0.00806118472153866,-0.0127,-0.0420464391163934));
#3905=CARTESIAN_POINT('',(-0.00774103301413336,-0.0127,-0.0422876798648558));
#3906=CARTESIAN_POINT('',(-0.00732265833455191,-0.0127,-0.0425612550127182));
#3907=CARTESIAN_POINT('',(-0.00683484766492915,-0.0127,-0.0428239840790163));
#3908=CARTESIAN_POINT('',(-0.00641907976709839,-0.0127,-0.0430208829636268));
#3909=CARTESIAN_POINT('',(-0.00613918239622616,-0.0127,-0.0431542859262245));
#3910=CARTESIAN_POINT('',(-0.00595817525307917,-0.0127,-0.0432438795054653));
#3911=CARTESIAN_POINT('',(-0.00580567209189821,-0.0127,-0.0433253239707481));
#3912=CARTESIAN_POINT('',(-0.00569047953160727,-0.0127,-0.0433934607757562));
#3913=CARTESIAN_POINT('',(-0.00556184385085951,-0.0127,-0.0434782176189975));
#3914=CARTESIAN_POINT('',(-0.00537085767572674,-0.0127,-0.0436150282264562));
#3915=CARTESIAN_POINT('',(-0.00509196188225151,-0.0127,-0.0438323676451048));
#3916=CARTESIAN_POINT('',(-0.00468378792438594,-0.0127,-0.0441593384982542));
#3917=CARTESIAN_POINT('',(-0.00427149259605936,-0.0127,-0.044470210466475));
#3918=CARTESIAN_POINT('',(-0.0038927874042552,-0.0127,-0.0447265388112189));
#3919=CARTESIAN_POINT('',(-0.00358034880573439,-0.0127,-0.0449197738682399));
#3920=CARTESIAN_POINT('',(-0.00324966020201676,-0.0127,-0.0451031163003222));
#3921=CARTESIAN_POINT('',(-0.00280018863966649,-0.0127,-0.0453270843087898));
#3922=CARTESIAN_POINT('',(-0.00221744269248401,-0.0127,-0.0455738909062543));
#3923=CARTESIAN_POINT('',(-0.00149371865900759,-0.0127,-0.0458146436919476));
#3924=CARTESIAN_POINT('',(-0.000874340067237616,-0.0127,-0.0459646554983814));
#3925=CARTESIAN_POINT('',(-0.000369576932032676,-0.0127,-0.0460489156759441));
#3926=CARTESIAN_POINT('',(1.48394596855495E-5,-0.0127,-0.0460919985316179));
#3927=CARTESIAN_POINT('',(0.000404830843786959,-0.0127,-0.0461123094271262));
#3928=CARTESIAN_POINT('',(0.00080881445526711,-0.0127,-0.0461044962320068));
#3929=CARTESIAN_POINT('',(0.00119344456435299,-0.0127,-0.0460668596497704));
#3930=CARTESIAN_POINT('',(0.00167351069535926,-0.0127,-0.0459851712684844));
#3931=CARTESIAN_POINT('',(0.00220350559983003,-0.0127,-0.0458393811500516));
#3932=CARTESIAN_POINT('',(0.00271659907306184,-0.0127,-0.0456502825273429));
#3933=CARTESIAN_POINT('',(0.00305538543173697,-0.0127,-0.0455139326476113));
#3934=CARTESIAN_POINT('',(0.00326936532833764,-0.0127,-0.0454324603728221));
#3935=CARTESIAN_POINT('',(0.00345167540241055,-0.0127,-0.0453666202369245));
#3936=CARTESIAN_POINT('',(0.00365575545380712,-0.0127,-0.0452942082254787));
#3937=CARTESIAN_POINT('',(0.00395533645967937,-0.0127,-0.0451863748420939));
#3938=CARTESIAN_POINT('',(0.00437809069033003,-0.0127,-0.0450244930100511));
#3939=CARTESIAN_POINT('',(0.00485339264625179,-0.0127,-0.044805539475127));
#3940=CARTESIAN_POINT('',(0.00525158486904403,-0.0127,-0.0445844851901857));
#3941=CARTESIAN_POINT('',(0.00555933652958918,-0.0127,-0.044390229024593));
#3942=CARTESIAN_POINT('',(0.00585449427862401,-0.0127,-0.044178201792219));
#3943=CARTESIAN_POINT('',(0.00622533609290299,-0.0127,-0.0438817441164557));
#3944=CARTESIAN_POINT('',(0.00665571827904337,-0.0127,-0.0434867079474527));
#3945=CARTESIAN_POINT('',(0.007129427436949,-0.0127,-0.0429851609999954));
#3946=CARTESIAN_POINT('',(0.00756703469832345,-0.0127,-0.0424652527187145));
#3947=CARTESIAN_POINT('',(0.00797269347283444,-0.0127,-0.0419341000223312));
#3948=CARTESIAN_POINT('',(0.00834456347925038,-0.0127,-0.0414071500138794));
#3949=CARTESIAN_POINT('',(0.00882379982360827,-0.0127,-0.0406702586490402));
#3950=CARTESIAN_POINT('',(0.00927010086612085,-0.0127,-0.0398619309633637));
#3951=CARTESIAN_POINT('',(0.00967466912478726,-0.0127,-0.0389580571172227));
#3952=CARTESIAN_POINT('',(0.00995786651789116,-0.0127,-0.0382263092234979));
#3953=CARTESIAN_POINT('',(0.0102237016774491,-0.0127,-0.0374302726733332));
#3954=CARTESIAN_POINT('',(0.0105561768754712,-0.0127,-0.0362783319449574));
#3955=CARTESIAN_POINT('',(0.0109352482256906,-0.0127,-0.0347189866013727));
#3956=CARTESIAN_POINT('',(0.0113485497451141,-0.0127,-0.0327702584339703));
#3957=CARTESIAN_POINT('',(0.0117215879904183,-0.0127,-0.0308939097533573));
#3958=CARTESIAN_POINT('',(0.0120519801354134,-0.0127,-0.029247141853269));
#3959=CARTESIAN_POINT('',(0.0123344869171158,-0.0127,-0.0280177111935462));
#3960=CARTESIAN_POINT('',(0.0125606944017733,-0.0127,-0.0270573804498151));
#3961=CARTESIAN_POINT('',(0.0127330739367752,-0.0127,-0.0262121019808449));
#3962=CARTESIAN_POINT('',(0.0128553460756336,-0.0127,-0.0255206191396556));
#3963=CARTESIAN_POINT('',(0.0129697866476132,-0.0127,-0.0247431501014652));
#3964=CARTESIAN_POINT('',(0.0131091516558038,-0.0127,-0.0235930252349901));
#3965=CARTESIAN_POINT('',(0.0132693250444721,-0.0127,-0.021996929765393));
#3966=CARTESIAN_POINT('',(0.0134618547835102,-0.0127,-0.0199810485468487));
#3967=CARTESIAN_POINT('',(0.0136712069390576,-0.0127,-0.0180547542151873));
#3968=CARTESIAN_POINT('',(0.0138710361614154,-0.0127,-0.0166918312899221));
#3969=CARTESIAN_POINT('',(0.0140404453812967,-0.0127,-0.0158877859761002));
#3970=CARTESIAN_POINT('',(0.0141782046458554,-0.0127,-0.0153521017375065));
#3971=CARTESIAN_POINT('',(0.0143245950209789,-0.0127,-0.0148425369211483));
#3972=CARTESIAN_POINT('',(0.014479034716277,-0.0127,-0.0143130082863145));
#3973=CARTESIAN_POINT('',(0.0146067576411795,-0.0127,-0.0138266660157938));
#3974=CARTESIAN_POINT('',(0.0146985547401806,-0.0127,-0.013402008821851));
#3975=CARTESIAN_POINT('',(0.0147595570712134,-0.0127,-0.0130650998843198));
#3976=CARTESIAN_POINT('',(0.014809233652852,-0.0127,-0.0127105492856925));
#3977=CARTESIAN_POINT('',(0.0148455246127534,-0.0127,-0.0123721190619354));
#3978=CARTESIAN_POINT('',(0.0148744317759711,-0.0127,-0.0120424722407939));
#3979=CARTESIAN_POINT('',(0.014907272653095,-0.0127,-0.0116165320250269));
#3980=CARTESIAN_POINT('',(0.0149453634769069,-0.0127,-0.0111092429001274));
#3981=CARTESIAN_POINT('',(0.0150041543745912,-0.0127,-0.0105504406388285));
#3982=CARTESIAN_POINT('',(0.0150734374060491,-0.0127,-0.010139501731135));
#3983=CARTESIAN_POINT('',(0.0151427430048779,-0.0127,-0.00985186266571343));
#3984=CARTESIAN_POINT('',(0.0152010863351927,-0.0127,-0.00965842084107678));
#3985=CARTESIAN_POINT('',(0.0152546937801347,-0.0127,-0.00951577308684179));
#3986=CARTESIAN_POINT('',(0.015299381479337,-0.0127,-0.00941405481204035));
#3987=CARTESIAN_POINT('',(0.0153524995127266,-0.0127,-0.00930421339526145));
#3988=CARTESIAN_POINT('',(0.015433910546975,-0.0127,-0.00915499926039353));
#3989=CARTESIAN_POINT('',(0.0155958887982839,-0.0127,-0.00889246768953904));
#3990=CARTESIAN_POINT('',(0.0158529491419826,-0.0127,-0.00852570054085055));
#3991=CARTESIAN_POINT('',(0.016223875493511,-0.0127,-0.00802929948764341));
#3992=CARTESIAN_POINT('',(0.0165614333736102,-0.0127,-0.00755561590749381));
#3993=CARTESIAN_POINT('',(0.0168315378177521,-0.0127,-0.00711521646669181));
#3994=CARTESIAN_POINT('',(0.0170267563196473,-0.0127,-0.00674253707205885));
#3995=CARTESIAN_POINT('',(0.017203744155286,-0.0127,-0.00631591245099019));
#3996=CARTESIAN_POINT('',(0.0173388207814792,-0.0127,-0.00581739229946531));
#3997=CARTESIAN_POINT('',(0.0173992927590353,-0.0127,-0.00534229693135222));
#3998=CARTESIAN_POINT('',(0.0174070834133962,-0.0127,-0.00475577677233312));
#3999=CARTESIAN_POINT('',(0.0173278588040975,-0.0127,-0.0041422251906895));
#4000=CARTESIAN_POINT('',(0.0172090918664314,-0.0127,-0.00355836444619503));
#4001=CARTESIAN_POINT('',(0.0171107283135655,-0.0127,-0.00305289312401172));
#4002=CARTESIAN_POINT('',(0.0170635404019012,-0.0127,-0.00268615029715893));
#4003=CARTESIAN_POINT('',(0.0170471892233038,-0.0127,-0.00242670401206937));
#4004=CARTESIAN_POINT('',(0.0170408518704533,-0.0127,-0.00225025270097596));
#4005=CARTESIAN_POINT('',(0.0170416239679325,-0.0127,-0.0019980512335148));
#4006=CARTESIAN_POINT('',(0.0170577173148752,-0.0127,-0.00165514998180515));
#4007=CARTESIAN_POINT('',(0.0170991168230707,-0.0127,-0.00115557904570605));
#4008=CARTESIAN_POINT('',(0.0171861985199653,-0.0127,-0.000470238058753356));
#4009=CARTESIAN_POINT('',(0.017336203781989,-0.0127,0.000400354415410967));
#4010=CARTESIAN_POINT('',(0.0175183930179838,-0.0127,0.00127701891229748));
#4011=CARTESIAN_POINT('',(0.0176519771489993,-0.0127,0.00183941273027962));
#4012=CARTESIAN_POINT('',(0.0177193846619013,-0.0127,0.00210877160597238));
#4013=CARTESIAN_POINT('',(-0.00752426256494222,-0.0127,-0.0164166222737371));
#4014=CARTESIAN_POINT('',(-0.00752426256494222,-0.0019,-0.0164166222737371));
#4015=CARTESIAN_POINT('',(-0.0072683152874397,-0.0127,-0.0176739107639005));
#4016=CARTESIAN_POINT('',(-0.0072683152874397,-0.0019,-0.0176739107639005));
#4017=CARTESIAN_POINT('',(-0.0068781131518812,-0.0127,-0.0196284779814016));
#4018=CARTESIAN_POINT('',(-0.0068781131518812,-0.0019,-0.0196284779814016));
#4019=CARTESIAN_POINT('',(-0.00634099256019059,-0.0127,-0.022375968047126));
#4020=CARTESIAN_POINT('',(-0.00634099256019059,-0.0019,-0.022375968047126));
#4021=CARTESIAN_POINT('',(-0.00617669444685489,-0.0127,-0.0235522066085991));
#4022=CARTESIAN_POINT('',(-0.00617669444685489,-0.0019,-0.0235522066085991));
#4023=CARTESIAN_POINT('',(-0.00615320868769917,-0.0127,-0.0239859620322865));
#4024=CARTESIAN_POINT('',(-0.00615320868769917,-0.0019,-0.0239859620322865));
#4025=CARTESIAN_POINT('',(-0.00752426256494222,-0.0127,-0.016416622273737));
#4026=CARTESIAN_POINT('',(-0.00752426256494222,-0.0127,-0.016416622273737));
#4027=CARTESIAN_POINT('',(-0.00752403143946428,-0.00190012420383819,-0.0164166110542994));
#4028=CARTESIAN_POINT('',(-0.00752425555727632,-0.0019,-0.0164166566974603));
#4029=CARTESIAN_POINT('',(-0.00726830927785341,-0.0019,-0.0176739404415896));
#4030=CARTESIAN_POINT('',(-0.00687810883794259,-0.0019,-0.0196284998086751));
#4031=CARTESIAN_POINT('',(-0.00634099105418803,-0.0019,-0.0223759768533966));
#4032=CARTESIAN_POINT('',(-0.00617669433968418,-0.0019,-0.0235522085879209));
#4033=CARTESIAN_POINT('',(-0.00615320868769917,-0.0019,-0.0239859620322865));
#4034=CARTESIAN_POINT('',(-0.00752426256494222,-0.0127,-0.0164166222737371));
#4035=CARTESIAN_POINT('',(-0.00739628892619096,-0.0127,-0.0170452665188188));
#4036=CARTESIAN_POINT('',(-0.00720083861664018,-0.0127,-0.0180085979717702));
#4037=CARTESIAN_POINT('',(-0.00693850719692058,-0.0127,-0.0193245755901932));
#4038=CARTESIAN_POINT('',(-0.00677482014614132,-0.0127,-0.0201586796885973));
#4039=CARTESIAN_POINT('',(-0.006644908540034,-0.0127,-0.0208308630465818));
#4040=CARTESIAN_POINT('',(-0.00651513869026658,-0.0127,-0.0215090685974771));
#4041=CARTESIAN_POINT('',(-0.00636009115669127,-0.0127,-0.0223403565024093));
#4042=CARTESIAN_POINT('',(-0.00621583581116121,-0.0127,-0.0232553115495449));
#4043=CARTESIAN_POINT('',(-0.00616495156727703,-0.0127,-0.0237690843204428));
#4044=CARTESIAN_POINT('',(-0.00615320868769917,-0.0127,-0.0239859620322865));
#4045=CARTESIAN_POINT('',(-0.0286625738673724,-0.0127,-0.0152606969613001));
#4046=CARTESIAN_POINT('',(-0.0286625738673724,-0.0019,-0.0152606969613001));
#4047=CARTESIAN_POINT('',(-0.0286630698356758,-0.0127,-0.0152950298839279));
#4048=CARTESIAN_POINT('',(-0.0286630698356758,-0.0019,-0.0152950298839279));
#4049=CARTESIAN_POINT('',(-0.028687277711853,-0.0127,-0.015574143217299));
#4050=CARTESIAN_POINT('',(-0.028687277711853,-0.0019,-0.015574143217299));
#4051=CARTESIAN_POINT('',(-0.0286063481376638,-0.0127,-0.016443721736184));
#4052=CARTESIAN_POINT('',(-0.0286063481376638,-0.0019,-0.016443721736184));
#4053=CARTESIAN_POINT('',(-0.0282713197284157,-0.0127,-0.0173480405916952));
#4054=CARTESIAN_POINT('',(-0.0282713197284157,-0.0019,-0.0173480405916952));
#4055=CARTESIAN_POINT('',(-0.0276598732432685,-0.0127,-0.0184981409905231));
#4056=CARTESIAN_POINT('',(-0.0276598732432685,-0.0019,-0.0184981409905231));
#4057=CARTESIAN_POINT('',(-0.0265718271374295,-0.0127,-0.0201699717003319));
#4058=CARTESIAN_POINT('',(-0.0265718271374295,-0.0019,-0.0201699717003319));
#4059=CARTESIAN_POINT('',(-0.02493128634918,-0.0127,-0.0223549214838707));
#4060=CARTESIAN_POINT('',(-0.02493128634918,-0.0019,-0.0223549214838707));
#4061=CARTESIAN_POINT('',(-0.0234842196100414,-0.0127,-0.0240619063397252));
#4062=CARTESIAN_POINT('',(-0.0234842196100414,-0.0019,-0.0240619063397252));
#4063=CARTESIAN_POINT('',(-0.0223773960080247,-0.0127,-0.0252101431412081));
#4064=CARTESIAN_POINT('',(-0.0223773960080247,-0.0019,-0.0252101431412081));
#4065=CARTESIAN_POINT('',(-0.0215783939754873,-0.0127,-0.0259370173829726));
#4066=CARTESIAN_POINT('',(-0.0215783939754873,-0.0019,-0.0259370173829726));
#4067=CARTESIAN_POINT('',(-0.0207629184293809,-0.0127,-0.0265259575665225));
#4068=CARTESIAN_POINT('',(-0.0207629184293809,-0.0019,-0.0265259575665225));
#4069=CARTESIAN_POINT('',(-0.019806047930287,-0.0127,-0.0269699880805618));
#4070=CARTESIAN_POINT('',(-0.019806047930287,-0.0019,-0.0269699880805618));
#4071=CARTESIAN_POINT('',(-0.018706743114254,-0.0127,-0.0271302052095695));
#4072=CARTESIAN_POINT('',(-0.018706743114254,-0.00189999999999999,-0.0271302052095695));
#4073=CARTESIAN_POINT('',(-0.0177214616730309,-0.0127,-0.0269811663493551));
#4074=CARTESIAN_POINT('',(-0.0177214616730309,-0.0019,-0.0269811663493551));
#4075=CARTESIAN_POINT('',(-0.0169268727582774,-0.0127,-0.0267074033092981));
#4076=CARTESIAN_POINT('',(-0.0169268727582774,-0.0019,-0.0267074033092981));
#4077=CARTESIAN_POINT('',(-0.0159285464203569,-0.0127,-0.0262449120980514));
#4078=CARTESIAN_POINT('',(-0.0159285464203569,-0.0019,-0.0262449120980514));
#4079=CARTESIAN_POINT('',(-0.0147472305563116,-0.0127,-0.0255379509365831));
#4080=CARTESIAN_POINT('',(-0.0147472305563116,-0.0019,-0.0255379509365831));
#4081=CARTESIAN_POINT('',(-0.0136694730179299,-0.0127,-0.0248013759196722));
#4082=CARTESIAN_POINT('',(-0.0136694730179299,-0.00189999999999999,-0.0248013759196722));
#4083=CARTESIAN_POINT('',(-0.0129034289947943,-0.0127,-0.0242667100240709));
#4084=CARTESIAN_POINT('',(-0.0129034289947943,-0.0019,-0.0242667100240709));
#4085=CARTESIAN_POINT('',(-0.0120909743278025,-0.0127,-0.0236593680066217));
#4086=CARTESIAN_POINT('',(-0.0120909743278025,-0.0019,-0.0236593680066217));
#4087=CARTESIAN_POINT('',(-0.0110395655770006,-0.0127,-0.0226890100364496));
#4088=CARTESIAN_POINT('',(-0.0110395655770006,-0.0019,-0.0226890100364496));
#4089=CARTESIAN_POINT('',(-0.00945037721632828,-0.0127,-0.0205195737316497));
#4090=CARTESIAN_POINT('',(-0.00945037721632828,-0.0019,-0.0205195737316497));
#4091=CARTESIAN_POINT('',(-0.00826401321292453,-0.0127,-0.0179527918654284));
#4092=CARTESIAN_POINT('',(-0.00826401321292453,-0.0019,-0.0179527918654284));
#4093=CARTESIAN_POINT('',(-0.00752426256494223,-0.0127,-0.0164166222737371));
#4094=CARTESIAN_POINT('',(-0.00752426256494223,-0.0019,-0.0164166222737371));
#4095=CARTESIAN_POINT('',(-0.0286625738673724,-0.0127,-0.0152606969613001));
#4096=CARTESIAN_POINT('',(-0.0286625738673724,-0.0127,-0.0152606969613001));
#4097=CARTESIAN_POINT('',(-0.0286625738673724,-0.00190000000000007,-0.0152606969613001));
#4098=CARTESIAN_POINT('',(-0.0286625738673724,-0.0019,-0.0152606969613001));
#4099=CARTESIAN_POINT('',(-0.0286630698356758,-0.0019,-0.0152950298839279));
#4100=CARTESIAN_POINT('',(-0.028687277711853,-0.0019,-0.015574143217299));
#4101=CARTESIAN_POINT('',(-0.0286063481376638,-0.0019,-0.016443721736184));
#4102=CARTESIAN_POINT('',(-0.0282713197284157,-0.0019,-0.0173480405916952));
#4103=CARTESIAN_POINT('',(-0.0276598732432685,-0.0019,-0.018498140990523));
#4104=CARTESIAN_POINT('',(-0.0265718271374295,-0.0019,-0.0201699717003318));
#4105=CARTESIAN_POINT('',(-0.02493128634918,-0.0019,-0.0223549214838708));
#4106=CARTESIAN_POINT('',(-0.0234842196100415,-0.0019,-0.0240619063397252));
#4107=CARTESIAN_POINT('',(-0.0223773960080247,-0.0019,-0.0252101431412082));
#4108=CARTESIAN_POINT('',(-0.0215783939754873,-0.0019,-0.0259370173829725));
#4109=CARTESIAN_POINT('',(-0.020762918429381,-0.0019,-0.0265259575665225));
#4110=CARTESIAN_POINT('',(-0.019806047930287,-0.0019,-0.0269699880805617));
#4111=CARTESIAN_POINT('',(-0.018706743114254,-0.0019,-0.0271302052095695));
#4112=CARTESIAN_POINT('',(-0.0177214616730308,-0.0019,-0.0269811663493551));
#4113=CARTESIAN_POINT('',(-0.0169268727582774,-0.0019,-0.0267074033092981));
#4114=CARTESIAN_POINT('',(-0.0159285464203569,-0.0019,-0.0262449120980514));
#4115=CARTESIAN_POINT('',(-0.0147472305563117,-0.0019,-0.0255379509365832));
#4116=CARTESIAN_POINT('',(-0.01366947301793,-0.0019,-0.0248013759196722));
#4117=CARTESIAN_POINT('',(-0.0129034289947942,-0.0019,-0.0242667100240709));
#4118=CARTESIAN_POINT('',(-0.0120909743278025,-0.0019,-0.0236593680066217));
#4119=CARTESIAN_POINT('',(-0.0110395655770006,-0.0019,-0.0226890100364496));
#4120=CARTESIAN_POINT('',(-0.00945037721632831,-0.0019,-0.0205195737316497));
#4121=CARTESIAN_POINT('',(-0.00826401321292454,-0.0019,-0.0179527918654284));
#4122=CARTESIAN_POINT('',(-0.00752426256494223,-0.0019,-0.0164166222737371));
#4123=CARTESIAN_POINT('',(-0.0286625738673724,-0.0127,-0.0152606969613001));
#4124=CARTESIAN_POINT('',(-0.0286628218515241,-0.0127,-0.015277863422614));
#4125=CARTESIAN_POINT('',(-0.0286658043462723,-0.0127,-0.0153591512364312));
#4126=CARTESIAN_POINT('',(-0.028672616396629,-0.0127,-0.0156308796530772));
#4127=CARTESIAN_POINT('',(-0.0286501549498747,-0.0127,-0.016013097973882));
#4128=CARTESIAN_POINT('',(-0.0285733101369116,-0.0127,-0.0164476538039782));
#4129=CARTESIAN_POINT('',(-0.0284627137673208,-0.0127,-0.0168190736039426));
#4130=CARTESIAN_POINT('',(-0.0283471191038316,-0.0127,-0.0171215709653473));
#4131=CARTESIAN_POINT('',(-0.0282203305296714,-0.0127,-0.0174146959792576));
#4132=CARTESIAN_POINT('',(-0.0280423345035043,-0.0127,-0.017776131344398));
#4133=CARTESIAN_POINT('',(-0.0277144648444895,-0.0127,-0.0183718923382211));
#4134=CARTESIAN_POINT('',(-0.0272254288509984,-0.0127,-0.019165755807535));
#4135=CARTESIAN_POINT('',(-0.0265297678347663,-0.0127,-0.0201926269580051));
#4136=CARTESIAN_POINT('',(-0.025751577173271,-0.0127,-0.0212623194942038));
#4137=CARTESIAN_POINT('',(-0.024919456970842,-0.0127,-0.0223377708952536));
#4138=CARTESIAN_POINT('',(-0.0240623737397246,-0.0127,-0.0233795578714926));
#4139=CARTESIAN_POINT('',(-0.0232077162222321,-0.0127,-0.0243488326871784));
#4140=CARTESIAN_POINT('',(-0.0223772585232178,-0.0127,-0.0252102290787684));
#4141=CARTESIAN_POINT('',(-0.0215787414020203,-0.0127,-0.0259368064856488));
#4142=CARTESIAN_POINT('',(-0.0208978454070501,-0.0127,-0.0264283970961559));
#4143=CARTESIAN_POINT('',(-0.0202861877985549,-0.0127,-0.0267469417946018));
#4144=CARTESIAN_POINT('',(-0.0197875906131931,-0.0127,-0.0269341513219307));
#4145=CARTESIAN_POINT('',(-0.0192573030134558,-0.0127,-0.0270525680160143));
#4146=CARTESIAN_POINT('',(-0.0187214272491958,-0.0127,-0.0270909638483682));
#4147=CARTESIAN_POINT('',(-0.0182114700500955,-0.0127,-0.0270555518587076));
#4148=CARTESIAN_POINT('',(-0.0177453197161485,-0.0127,-0.0269657587520726));
#4149=CARTESIAN_POINT('',(-0.0173267136499656,-0.0127,-0.0268436870492903));
#4150=CARTESIAN_POINT('',(-0.0168006910650611,-0.0127,-0.0266499481417746));
#4151=CARTESIAN_POINT('',(-0.0161779139420666,-0.0127,-0.0263603176961046));
#4152=CARTESIAN_POINT('',(-0.0154585025944381,-0.0127,-0.0259625255308878));
#4153=CARTESIAN_POINT('',(-0.0147628450026945,-0.0127,-0.0255337719745282));
#4154=CARTESIAN_POINT('',(-0.0142086164366576,-0.0127,-0.0251677582990608));
#4155=CARTESIAN_POINT('',(-0.0137867800843808,-0.0127,-0.0248804946075778));
#4156=CARTESIAN_POINT('',(-0.0134836933957429,-0.0127,-0.0246709113529618));
#4157=CARTESIAN_POINT('',(-0.0131942994093089,-0.0127,-0.0244694137141703));
#4158=CARTESIAN_POINT('',(-0.0127998054156394,-0.0127,-0.0241895907687548));
#4159=CARTESIAN_POINT('',(-0.0122946691773849,-0.0127,-0.0238109971429542));
#4160=CARTESIAN_POINT('',(-0.0116706824276481,-0.0127,-0.0232734508208279));
#4161=CARTESIAN_POINT('',(-0.0110485895778916,-0.0127,-0.0226313265481461));
#4162=CARTESIAN_POINT('',(-0.0104421519532472,-0.0127,-0.0218726555408923));
#4163=CARTESIAN_POINT('',(-0.00984836095737068,-0.0127,-0.0209840763781644));
#4164=CARTESIAN_POINT('',(-0.00925413490098203,-0.0127,-0.0199361660351339));
#4165=CARTESIAN_POINT('',(-0.00847443341496977,-0.0127,-0.0184101346933888));
#4166=CARTESIAN_POINT('',(-0.00789413788893339,-0.0127,-0.0171847070695827));
#4167=CARTESIAN_POINT('',(-0.00752426256494223,-0.0127,-0.0164166222737371));
#4168=CARTESIAN_POINT('',(-0.0163276964484204,-0.0127,-0.00317063869224201));
#4169=CARTESIAN_POINT('',(-0.0163276964484204,-0.0019,-0.00317063869224201));
#4170=CARTESIAN_POINT('',(-0.0175212013321466,-0.0127,-0.00386132035272754));
#4171=CARTESIAN_POINT('',(-0.0175212013321466,-0.0019,-0.00386132035272754));
#4172=CARTESIAN_POINT('',(-0.0198078729740075,-0.0127,-0.00530475122952557));
#4173=CARTESIAN_POINT('',(-0.0198078729740075,-0.00190000000000001,-0.00530475122952557));
#4174=CARTESIAN_POINT('',(-0.0229816673349358,-0.0127,-0.0075467073368402));
#4175=CARTESIAN_POINT('',(-0.0229816673349358,-0.00189999999999999,-0.0075467073368402));
#4176=CARTESIAN_POINT('',(-0.0251902322283673,-0.0127,-0.00925871300498318));
#4177=CARTESIAN_POINT('',(-0.0251902322283673,-0.0019,-0.00925871300498318));
#4178=CARTESIAN_POINT('',(-0.026710642449315,-0.0127,-0.0106231056838977));
#4179=CARTESIAN_POINT('',(-0.026710642449315,-0.0019,-0.0106231056838977));
#4180=CARTESIAN_POINT('',(-0.0276642591800203,-0.0127,-0.0116798598677232));
#4181=CARTESIAN_POINT('',(-0.0276642591800203,-0.0019,-0.0116798598677232));
#4182=CARTESIAN_POINT('',(-0.0282557829161689,-0.0127,-0.0125507574542254));
#4183=CARTESIAN_POINT('',(-0.0282557829161689,-0.0019,-0.0125507574542254));
#4184=CARTESIAN_POINT('',(-0.028620960510814,-0.0127,-0.0134545780992968));
#4185=CARTESIAN_POINT('',(-0.028620960510814,-0.00189999999999999,-0.0134545780992968));
#4186=CARTESIAN_POINT('',(-0.0287870091557911,-0.0127,-0.0146179764004788));
#4187=CARTESIAN_POINT('',(-0.0287870091557911,-0.00190000000000001,-0.0146179764004788));
#4188=CARTESIAN_POINT('',(-0.0286703658491127,-0.0127,-0.0151899894768131));
#4189=CARTESIAN_POINT('',(-0.0286703658491127,-0.0019,-0.0151899894768131));
#4190=CARTESIAN_POINT('',(-0.0286625738673724,-0.0127,-0.0152606969613001));
#4191=CARTESIAN_POINT('',(-0.0286625738673724,-0.0019,-0.0152606969613001));
#4192=CARTESIAN_POINT('',(-0.0163276964484204,-0.0127,-0.00317063869224202));
#4193=CARTESIAN_POINT('',(-0.0163276964484204,-0.0127,-0.00317063869224202));
#4194=CARTESIAN_POINT('',(-0.0163277284600963,-0.00189998756158535,-0.00317068411877045));
#4195=CARTESIAN_POINT('',(-0.0163276964484204,-0.0019,-0.00317063869224201));
#4196=CARTESIAN_POINT('',(-0.0175212013321466,-0.0019,-0.00386132035272754));
#4197=CARTESIAN_POINT('',(-0.0198078729740076,-0.0019,-0.00530475122952562));
#4198=CARTESIAN_POINT('',(-0.0229816673349357,-0.0019,-0.00754670733684014));
#4199=CARTESIAN_POINT('',(-0.0251902322283674,-0.0019,-0.00925871300498326));
#4200=CARTESIAN_POINT('',(-0.026710642449315,-0.0019,-0.0106231056838976));
#4201=CARTESIAN_POINT('',(-0.0276642591800203,-0.0019,-0.0116798598677232));
#4202=CARTESIAN_POINT('',(-0.028255782916169,-0.0019,-0.0125507574542255));
#4203=CARTESIAN_POINT('',(-0.028620960510814,-0.0019,-0.0134545780992968));
#4204=CARTESIAN_POINT('',(-0.028787009155791,-0.0019,-0.0146179764004788));
#4205=CARTESIAN_POINT('',(-0.0286703658491127,-0.0019,-0.0151899894768131));
#4206=CARTESIAN_POINT('',(-0.0286625738673724,-0.0019,-0.0152606969613001));
#4207=CARTESIAN_POINT('',(-0.0163276964484204,-0.0127,-0.00317063869224201));
#4208=CARTESIAN_POINT('',(-0.0169244488902835,-0.0127,-0.00351597952248477));
#4209=CARTESIAN_POINT('',(-0.0182802952808104,-0.0127,-0.00434110815278519));
#4210=CARTESIAN_POINT('',(-0.0206021676656701,-0.0127,-0.00586561918364235));
#4211=CARTESIAN_POINT('',(-0.0225848719952534,-0.0127,-0.00726639274163156));
#4212=CARTESIAN_POINT('',(-0.0240859084415848,-0.0127,-0.0084027605326837));
#4213=CARTESIAN_POINT('',(-0.0251420212278295,-0.0127,-0.00924908495571359));
#4214=CARTESIAN_POINT('',(-0.026103327389007,-0.0127,-0.0100784432209156));
#4215=CARTESIAN_POINT('',(-0.0268077354487426,-0.0127,-0.0107512070634825));
#4216=CARTESIAN_POINT('',(-0.0273068727489227,-0.0127,-0.0112853313412839));
#4217=CARTESIAN_POINT('',(-0.027592038225833,-0.0127,-0.0116228899777572));
#4218=CARTESIAN_POINT('',(-0.0278038897778367,-0.0127,-0.0119004773492663));
#4219=CARTESIAN_POINT('',(-0.0280064191382486,-0.0127,-0.0121890672176864));
#4220=CARTESIAN_POINT('',(-0.0283154059544908,-0.0127,-0.0127010420173597));
#4221=CARTESIAN_POINT('',(-0.0286208339758589,-0.0127,-0.013454651500616));
#4222=CARTESIAN_POINT('',(-0.0287474657003189,-0.0127,-0.0143272705534231));
#4223=CARTESIAN_POINT('',(-0.0287014986632053,-0.0127,-0.0149986701370895));
#4224=CARTESIAN_POINT('',(-0.0286664698582425,-0.0127,-0.0152253432190566));
#4225=CARTESIAN_POINT('',(-0.0286625738673724,-0.0127,-0.0152606969613001));
#4226=CARTESIAN_POINT('',(-0.0144502321325526,-0.0127,0.0175217353643693));
#4227=CARTESIAN_POINT('',(-0.0144502321325526,-0.0019,0.0175217353643693));
#4228=CARTESIAN_POINT('',(-0.0146291563804022,-0.0127,0.0170386607739762));
#4229=CARTESIAN_POINT('',(-0.0146291563804022,-0.0019,0.0170386607739762));
#4230=CARTESIAN_POINT('',(-0.0150120115463388,-0.0127,0.0158986908224085));
#4231=CARTESIAN_POINT('',(-0.0150120115463388,-0.0019,0.0158986908224085));
#4232=CARTESIAN_POINT('',(-0.015736757992427,-0.0127,0.0128197997143778));
#4233=CARTESIAN_POINT('',(-0.015736757992427,-0.0019,0.0128197997143778));
#4234=CARTESIAN_POINT('',(-0.0163796128401213,-0.0127,0.00776396424190463));
#4235=CARTESIAN_POINT('',(-0.0163796128401213,-0.00189999999999999,0.00776396424190463));
#4236=CARTESIAN_POINT('',(-0.0166603181038936,-0.0127,0.00246601742677321));
#4237=CARTESIAN_POINT('',(-0.0166603181038936,-0.0019,0.00246601742677321));
#4238=CARTESIAN_POINT('',(-0.0165928094062219,-0.0127,-0.00108995168732824));
#4239=CARTESIAN_POINT('',(-0.0165928094062219,-0.0019,-0.00108995168732824));
#4240=CARTESIAN_POINT('',(-0.0164496711279447,-0.0127,-0.00252528573902852));
#4241=CARTESIAN_POINT('',(-0.0164496711279447,-0.0019,-0.00252528573902852));
#4242=CARTESIAN_POINT('',(-0.0163276964484204,-0.0127,-0.00317063869224201));
#4243=CARTESIAN_POINT('',(-0.0163276964484204,-0.0019,-0.00317063869224201));
#4244=CARTESIAN_POINT('',(-0.0144502321325526,-0.0127,0.0175217353643693));
#4245=CARTESIAN_POINT('',(-0.0144502321325526,-0.0127,0.0175217353643693));
#4246=CARTESIAN_POINT('',(-0.0144501326560772,-0.00189967951022265,0.0175210752105784));
#4247=CARTESIAN_POINT('',(-0.0144502321325526,-0.0019,0.0175217353643693));
#4248=CARTESIAN_POINT('',(-0.0146291563779779,-0.0019,0.0170386607805213));
#4249=CARTESIAN_POINT('',(-0.0150120115383026,-0.0019,0.0158986908466471));
#4250=CARTESIAN_POINT('',(-0.0157367579767601,-0.0019,0.0128197997970637));
#4251=CARTESIAN_POINT('',(-0.016379612822727,-0.0019,0.00776396441664418));
#4252=CARTESIAN_POINT('',(-0.0166603180962351,-0.0019,0.00246601766190757));
#4253=CARTESIAN_POINT('',(-0.0165928094178434,-0.0019,-0.00108995145398256));
#4254=CARTESIAN_POINT('',(-0.0164496711540914,-0.0019,-0.00252528552384724));
#4255=CARTESIAN_POINT('',(-0.0163276964880833,-0.0019,-0.00317063848239016));
#4256=CARTESIAN_POINT('',(-0.0144502321325526,-0.0127,0.0175217353643693));
#4257=CARTESIAN_POINT('',(-0.0145396942564774,-0.0127,0.0172801980691727));
#4258=CARTESIAN_POINT('',(-0.0147248457657689,-0.0127,0.0167523047992775));
#4259=CARTESIAN_POINT('',(-0.0150079203327782,-0.0127,0.0158225120400701));
#4260=CARTESIAN_POINT('',(-0.0152848192668122,-0.0127,0.0147505785712214));
#4261=CARTESIAN_POINT('',(-0.0156283985372887,-0.0127,0.0131204672349658));
#4262=CARTESIAN_POINT('',(-0.0159908093339985,-0.0127,0.0107985178125482));
#4263=CARTESIAN_POINT('',(-0.0163260438766718,-0.0127,0.00772775687496805));
#4264=CARTESIAN_POINT('',(-0.0165481126993361,-0.0127,0.00458370652781751));
#4265=CARTESIAN_POINT('',(-0.0166430272397341,-0.0127,0.00157675911855572));
#4266=CARTESIAN_POINT('',(-0.0166024940934866,-0.0127,-0.000643371766533481));
#4267=CARTESIAN_POINT('',(-0.0164832954553622,-0.0127,-0.00217014982692283));
#4268=CARTESIAN_POINT('',(-0.0163886837881825,-0.0127,-0.00284796221563527));
#4269=CARTESIAN_POINT('',(-0.0163276964484204,-0.0127,-0.00317063869224201));
#4270=CARTESIAN_POINT('',(-0.0304863727451733,-0.0127,0.025594230361003));
#4271=CARTESIAN_POINT('',(-0.0304863727451733,-0.0019,0.025594230361003));
#4272=CARTESIAN_POINT('',(-0.0302268889901281,-0.0127,0.0252556965006275));
#4273=CARTESIAN_POINT('',(-0.0302268889901281,-0.0019,0.0252556965006275));
#4274=CARTESIAN_POINT('',(-0.0297357962316209,-0.0127,0.0246092843445302));
#4275=CARTESIAN_POINT('',(-0.0297357962316209,-0.0019,0.0246092843445302));
#4276=CARTESIAN_POINT('',(-0.0288104745280006,-0.0127,0.0234299989387502));
#4277=CARTESIAN_POINT('',(-0.0288104745280006,-0.0019,0.0234299989387502));
#4278=CARTESIAN_POINT('',(-0.0274237406946055,-0.0127,0.0221508999081899));
#4279=CARTESIAN_POINT('',(-0.0274237406946055,-0.0019,0.0221508999081899));
#4280=CARTESIAN_POINT('',(-0.0248395086603694,-0.0127,0.0205760015388401));
#4281=CARTESIAN_POINT('',(-0.0248395086603694,-0.0019,0.0205760015388401));
#4282=CARTESIAN_POINT('',(-0.0198565873449882,-0.0127,0.0189246624614923));
#4283=CARTESIAN_POINT('',(-0.0198565873449882,-0.0019,0.0189246624614923));
#4284=CARTESIAN_POINT('',(-0.0158590240586323,-0.0127,0.0178981938069028));
#4285=CARTESIAN_POINT('',(-0.0158590240586323,-0.0019,0.0178981938069028));
#4286=CARTESIAN_POINT('',(-0.0144502321325526,-0.0127,0.0175217353643692));
#4287=CARTESIAN_POINT('',(-0.0144502321325526,-0.0019,0.0175217353643692));
#4288=CARTESIAN_POINT('',(-0.0304863727451733,-0.0127,0.025594230361003));
#4289=CARTESIAN_POINT('',(-0.0304863727451733,-0.0127,0.025594230361003));
#4290=CARTESIAN_POINT('',(-0.0304864189331118,-0.00189993536259849,0.0255941622561161));
#4291=CARTESIAN_POINT('',(-0.0304863727119538,-0.0019,0.0255942303176634));
#4292=CARTESIAN_POINT('',(-0.0302268889582585,-0.0019,0.0252556964590403));
#4293=CARTESIAN_POINT('',(-0.029735796203866,-0.0019,0.0246092843066026));
#4294=CARTESIAN_POINT('',(-0.0288104744904228,-0.0019,0.0234299988971263));
#4295=CARTESIAN_POINT('',(-0.0274237406501137,-0.0019,0.0221508998754059));
#4296=CARTESIAN_POINT('',(-0.0248395086076081,-0.0019,0.020576001518178));
#4297=CARTESIAN_POINT('',(-0.0198565873094997,-0.0019,0.0189246624528071));
#4298=CARTESIAN_POINT('',(-0.0158590240511174,-0.0019,0.0178981938048947));
#4299=CARTESIAN_POINT('',(-0.0144502321325526,-0.0019,0.0175217353643692));
#4300=CARTESIAN_POINT('',(-0.0304863727451733,-0.0127,0.025594230361003));
#4301=CARTESIAN_POINT('',(-0.0303566308676507,-0.0127,0.0254249634308152));
#4302=CARTESIAN_POINT('',(-0.0301618676723104,-0.0127,0.0251708284565778));
#4303=CARTESIAN_POINT('',(-0.0299027849280823,-0.0127,0.0248329201400845));
#4304=CARTESIAN_POINT('',(-0.029641697129769,-0.0127,0.02449188410418));
#4305=CARTESIAN_POINT('',(-0.0292760382513321,-0.0127,0.024023539600826));
#4306=CARTESIAN_POINT('',(-0.0287520797629965,-0.0127,0.0234170867300835));
#4307=CARTESIAN_POINT('',(-0.0281170777349105,-0.0127,0.0227882934865609));
#4308=CARTESIAN_POINT('',(-0.0273551403982326,-0.0127,0.0221635900572049));
#4309=CARTESIAN_POINT('',(-0.0264533646475103,-0.0127,0.021560670987307));
#4310=CARTESIAN_POINT('',(-0.0253988078438534,-0.0127,0.0209860638069495));
#4311=CARTESIAN_POINT('',(-0.0241637514816123,-0.0127,0.0204403441256961));
#4312=CARTESIAN_POINT('',(-0.0228042105688671,-0.0127,0.0199321812048289));
#4313=CARTESIAN_POINT('',(-0.0213519692693046,-0.0127,0.0194492429103599));
#4314=CARTESIAN_POINT('',(-0.0193538499982259,-0.0127,0.0188414376427849));
#4315=CARTESIAN_POINT('',(-0.0168622154665758,-0.0127,0.018155543362854));
#4316=CARTESIAN_POINT('',(-0.0151546280955925,-0.0127,0.017709964585636));
#4317=CARTESIAN_POINT('',(-0.0144502321325526,-0.0127,0.0175217353643692));
#4318=CARTESIAN_POINT('',(-0.0304863727451733,-0.0127,0.025594230361003));
#4319=CARTESIAN_POINT('',(-0.0304863727451733,-0.0019,0.025594230361003));
#4320=CARTESIAN_POINT('',(-0.0302937761445299,-0.0127,0.0262093901799961));
#4321=CARTESIAN_POINT('',(-0.0302937761445299,-0.0019,0.0262093901799961));
#4322=CARTESIAN_POINT('',(-0.0299243078801254,-0.0127,0.0274271821512313));
#4323=CARTESIAN_POINT('',(-0.0299243078801254,-0.0019,0.0274271821512313));
#4324=CARTESIAN_POINT('',(-0.0292104750359869,-0.0127,0.0294611274465273));
#4325=CARTESIAN_POINT('',(-0.0292104750359869,-0.0019,0.0294611274465273));
#4326=CARTESIAN_POINT('',(-0.0280486882884708,-0.0127,0.0315622568537246));
#4327=CARTESIAN_POINT('',(-0.0280486882884708,-0.0019,0.0315622568537246));
#4328=CARTESIAN_POINT('',(-0.0264896232038096,-0.0127,0.0331773990078707));
#4329=CARTESIAN_POINT('',(-0.0264896232038096,-0.00190000000000001,0.0331773990078707));
#4330=CARTESIAN_POINT('',(-0.0248382673284212,-0.0127,0.0342417656231955));
#4331=CARTESIAN_POINT('',(-0.0248382673284212,-0.0019,0.0342417656231955));
#4332=CARTESIAN_POINT('',(-0.0235274382055054,-0.0127,0.0348897272542256));
#4333=CARTESIAN_POINT('',(-0.0235274382055054,-0.00189999999999999,0.0348897272542256));
#4334=CARTESIAN_POINT('',(-0.0221895936258407,-0.0127,0.0354280099391226));
#4335=CARTESIAN_POINT('',(-0.0221895936258407,-0.0019,0.0354280099391226));
#4336=CARTESIAN_POINT('',(-0.0208909265097674,-0.0127,0.0358586892401201));
#4337=CARTESIAN_POINT('',(-0.0208909265097674,-0.0019,0.0358586892401201));
#4338=CARTESIAN_POINT('',(-0.0198951622480255,-0.0127,0.0361292710132966));
#4339=CARTESIAN_POINT('',(-0.0198951622480255,-0.00189999999999999,0.0361292710132966));
#4340=CARTESIAN_POINT('',(-0.0191779985167167,-0.0127,0.0362917070381939));
#4341=CARTESIAN_POINT('',(-0.0191779985167167,-0.00190000000000001,0.0362917070381939));
#4342=CARTESIAN_POINT('',(-0.0186832509065783,-0.0127,0.0363862453352682));
#4343=CARTESIAN_POINT('',(-0.0186832509065783,-0.00189999999999999,0.0363862453352682));
#4344=CARTESIAN_POINT('',(-0.0182282364708469,-0.0127,0.0364532904436867));
#4345=CARTESIAN_POINT('',(-0.0182282364708469,-0.00190000000000001,0.0364532904436867));
#4346=CARTESIAN_POINT('',(-0.0178665049152904,-0.0127,0.0364839373568339));
#4347=CARTESIAN_POINT('',(-0.0178665049152904,-0.0019,0.0364839373568339));
#4348=CARTESIAN_POINT('',(-0.0175408907661115,-0.0127,0.0364877354347554));
#4349=CARTESIAN_POINT('',(-0.0175408907661115,-0.0019,0.0364877354347554));
#4350=CARTESIAN_POINT('',(-0.0172344739322963,-0.0127,0.0364579980822519));
#4351=CARTESIAN_POINT('',(-0.0172344739322963,-0.0019,0.0364579980822519));
#4352=CARTESIAN_POINT('',(-0.0167972346094207,-0.0127,0.0363882204255645));
#4353=CARTESIAN_POINT('',(-0.0167972346094207,-0.0019,0.0363882204255645));
#4354=CARTESIAN_POINT('',(-0.0162159122256588,-0.0127,0.036062396545047));
#4355=CARTESIAN_POINT('',(-0.0162159122256588,-0.0019,0.036062396545047));
#4356=CARTESIAN_POINT('',(-0.0159848021856044,-0.0127,0.0358214038800017));
#4357=CARTESIAN_POINT('',(-0.0159848021856044,-0.0019,0.0358214038800017));
#4358=CARTESIAN_POINT('',(-0.0159848021856044,-0.0019,0.0358214038800017));
#4359=CARTESIAN_POINT('',(-0.0162159122256588,-0.0019,0.036062396545047));
#4360=CARTESIAN_POINT('',(-0.0167972346094206,-0.0019,0.0363882204255645));
#4361=CARTESIAN_POINT('',(-0.0172344739322963,-0.0019,0.0364579980822519));
#4362=CARTESIAN_POINT('',(-0.0175408907661115,-0.0019,0.0364877354347554));
#4363=CARTESIAN_POINT('',(-0.0178665049152904,-0.0019,0.036483937356834));
#4364=CARTESIAN_POINT('',(-0.0182282364708469,-0.0019,0.0364532904436867));
#4365=CARTESIAN_POINT('',(-0.0186832509065783,-0.0019,0.0363862453352682));
#4366=CARTESIAN_POINT('',(-0.0191779985167167,-0.0019,0.0362917070381939));
#4367=CARTESIAN_POINT('',(-0.0198951622480255,-0.0019,0.0361292710132966));
#4368=CARTESIAN_POINT('',(-0.0208909265097674,-0.0019,0.0358586892401201));
#4369=CARTESIAN_POINT('',(-0.0221895936258407,-0.0019,0.0354280099391226));
#4370=CARTESIAN_POINT('',(-0.0235274382055055,-0.0019,0.0348897272542257));
#4371=CARTESIAN_POINT('',(-0.0248382673284212,-0.0019,0.0342417656231955));
#4372=CARTESIAN_POINT('',(-0.0264896232038096,-0.0019,0.0331773990078707));
#4373=CARTESIAN_POINT('',(-0.0280486882884708,-0.0019,0.0315622568537246));
#4374=CARTESIAN_POINT('',(-0.0292104750359869,-0.0019,0.0294611274465273));
#4375=CARTESIAN_POINT('',(-0.0299243078801254,-0.0019,0.0274271821512313));
#4376=CARTESIAN_POINT('',(-0.0302937761445299,-0.0019,0.0262093901799961));
#4377=CARTESIAN_POINT('',(-0.0304863727451733,-0.0019,0.025594230361003));
#4378=CARTESIAN_POINT('',(-0.0304863727451733,-0.0127,0.025594230361003));
#4379=CARTESIAN_POINT('',(-0.0303900744448516,-0.0127,0.0259018102704996));
#4380=CARTESIAN_POINT('',(-0.0302459773858598,-0.0127,0.0263618057593039));
#4381=CARTESIAN_POINT('',(-0.0300524464079078,-0.0127,0.0269806305794715));
#4382=CARTESIAN_POINT('',(-0.0298484644232778,-0.0127,0.0276197032335581));
#4383=CARTESIAN_POINT('',(-0.0295671302340129,-0.0127,0.0284453936151973));
#4384=CARTESIAN_POINT('',(-0.0291543311208979,-0.0127,0.0294696216863361));
#4385=CARTESIAN_POINT('',(-0.0286304415949394,-0.0127,0.0305100684305234));
#4386=CARTESIAN_POINT('',(-0.0279599167921399,-0.0127,0.0315420577256554));
#4387=CARTESIAN_POINT('',(-0.0271129296132486,-0.0127,0.0325322829669808));
#4388=CARTESIAN_POINT('',(-0.0262501436451298,-0.0127,0.0332899929354681));
#4389=CARTESIAN_POINT('',(-0.0254564822690893,-0.0127,0.033845091330869));
#4390=CARTESIAN_POINT('',(-0.0246203974555484,-0.0127,0.0343483378129247));
#4391=CARTESIAN_POINT('',(-0.0235272409400002,-0.0127,0.0348902040511068));
#4392=CARTESIAN_POINT('',(-0.0224125578713541,-0.0127,0.0353382871831055));
#4393=CARTESIAN_POINT('',(-0.0215403172528803,-0.0127,0.0356432703856068));
#4394=CARTESIAN_POINT('',(-0.0209039226512721,-0.0127,0.0358454576945631));
#4395=CARTESIAN_POINT('',(-0.0202933012026187,-0.0127,0.0360210531036756));
#4396=CARTESIAN_POINT('',(-0.0197159167714037,-0.0127,0.0361698784972311));
#4397=CARTESIAN_POINT('',(-0.0191779834419988,-0.0127,0.0362916983277034));
#4398=CARTESIAN_POINT('',(-0.0187657186980368,-0.0127,0.0363705178042171));
#4399=CARTESIAN_POINT('',(-0.0184557289620722,-0.0127,0.0364197176983451));
#4400=CARTESIAN_POINT('',(-0.018231068178949,-0.0127,0.0364495006982308));
#4401=CARTESIAN_POINT('',(-0.0180103537162766,-0.0127,0.0364717533582102));
#4402=CARTESIAN_POINT('',(-0.0177854453088988,-0.0127,0.0364851705268023));
#4403=CARTESIAN_POINT('',(-0.017581206604596,-0.0127,0.0364863001429405));
#4404=CARTESIAN_POINT('',(-0.0173883082373162,-0.0127,0.0364745389861404));
#4405=CARTESIAN_POINT('',(-0.0172191678069668,-0.0127,0.0364546616646164));
#4406=CARTESIAN_POINT('',(-0.017045729334106,-0.0127,0.0364214123980372));
#4407=CARTESIAN_POINT('',(-0.0168757323556197,-0.0127,0.0363738387039372));
#4408=CARTESIAN_POINT('',(-0.0167286751385761,-0.0127,0.0363222715909476));
#4409=CARTESIAN_POINT('',(-0.0165582304938325,-0.0127,0.0362474393215706));
#4410=CARTESIAN_POINT('',(-0.0162952713202091,-0.0127,0.0360997349122733));
#4411=CARTESIAN_POINT('',(-0.0161003572056316,-0.0127,0.0359419002125244));
#4412=CARTESIAN_POINT('',(-0.0159848021856044,-0.0127,0.0358214038800017));
#4413=CARTESIAN_POINT('',(-0.0173452664166689,-0.0147,0.0342965126037598));
#4414=CARTESIAN_POINT('',(-0.0173452664166689,2.60208521396521E-16,0.0342965126037598));
#4415=CARTESIAN_POINT('',(-0.0164712126394387,-0.0147,0.0337951069580614));
#4416=CARTESIAN_POINT('',(-0.0164712126394387,2.60208521396521E-16,0.0337951069580614));
#4417=CARTESIAN_POINT('',(-0.0144515668098122,-0.0147,0.0326365262761096));
#4418=CARTESIAN_POINT('',(-0.0144515668098122,2.60208521396521E-16,0.0326365262761096));
#4419=CARTESIAN_POINT('',(-0.0110817714404082,-0.0147,0.0295413990879877));
#4420=CARTESIAN_POINT('',(-0.0110817714404082,2.60208521396521E-16,0.0295413990879877));
#4421=CARTESIAN_POINT('',(-0.00733336571365399,-0.0147,0.0259721116388456));
#4422=CARTESIAN_POINT('',(-0.00733336571365399,2.60208521396521E-16,0.0259721116388456));
#4423=CARTESIAN_POINT('',(-0.0078301193222226,-0.0147,0.0265552898936552));
#4424=CARTESIAN_POINT('',(-0.0078301193222226,2.60208521396521E-16,0.0265552898936552));
#4425=CARTESIAN_POINT('',(-0.00379275688931473,-0.0147,0.0261910104878786));
#4426=CARTESIAN_POINT('',(-0.00379275688931473,2.60208521396521E-16,0.0261910104878786));
#4427=CARTESIAN_POINT('',(-0.000831906681716851,-0.0147,0.0260750931544466));
#4428=CARTESIAN_POINT('',(-0.000831906681716851,2.60208521396521E-16,0.0260750931544466));
#4429=CARTESIAN_POINT('',(-0.000260505857749725,-0.0147,0.0258429738075027));
#4430=CARTESIAN_POINT('',(-0.000260505857749725,2.60208521396521E-16,0.0258429738075027));
#4431=CARTESIAN_POINT('',(-0.0013867867331519,-0.0147,0.0283451946182462));
#4432=CARTESIAN_POINT('',(-0.0013867867331519,2.60208521396521E-16,0.0283451946182462));
#4433=CARTESIAN_POINT('',(-0.00263891417387917,-0.0147,0.0303907430630325));
#4434=CARTESIAN_POINT('',(-0.00263891417387917,2.60208521396521E-16,0.0303907430630325));
#4435=CARTESIAN_POINT('',(-0.00514197468831166,-0.0147,0.0331538259520167));
#4436=CARTESIAN_POINT('',(-0.00514197468831166,2.60208521396521E-16,0.0331538259520167));
#4437=CARTESIAN_POINT('',(-0.00552596744113605,-0.0147,0.0345737067591496));
#4438=CARTESIAN_POINT('',(-0.00552596744113605,2.60208521396521E-16,0.0345737067591496));
#4439=CARTESIAN_POINT('',(-0.0056912680156529,-0.0147,0.0351849347352982));
#4440=CARTESIAN_POINT('',(-0.0056912680156529,2.60208521396521E-16,0.0351849347352982));
#4441=CARTESIAN_POINT('',(-0.0173452664166689,0.,0.0342965126037598));
#4442=CARTESIAN_POINT('',(-0.0164712126394387,0.,0.0337951069580614));
#4443=CARTESIAN_POINT('',(-0.0144515668098122,0.,0.0326365262761096));
#4444=CARTESIAN_POINT('',(-0.0110817714404082,0.,0.0295413990879877));
#4445=CARTESIAN_POINT('',(-0.00733336571365399,0.,0.0259721116388456));
#4446=CARTESIAN_POINT('',(-0.0078301193222226,0.,0.0265552898936552));
#4447=CARTESIAN_POINT('',(-0.00379275688931473,0.,0.0261910104878786));
#4448=CARTESIAN_POINT('',(-0.000831906681716851,0.,0.0260750931544466));
#4449=CARTESIAN_POINT('',(-0.000260505857749725,0.,0.0258429738075027));
#4450=CARTESIAN_POINT('',(-0.0013867867331519,0.,0.0283451946182462));
#4451=CARTESIAN_POINT('',(-0.00263891417387917,0.,0.0303907430630325));
#4452=CARTESIAN_POINT('',(-0.00514197468831166,0.,0.0331538259520167));
#4453=CARTESIAN_POINT('',(-0.00552596744113605,0.,0.0345737067591496));
#4454=CARTESIAN_POINT('',(-0.0056912680156529,0.,0.0351849347352982));
#4455=CARTESIAN_POINT('',(-0.000468321430203832,0.,0.0261090360046459));
#4456=CARTESIAN_POINT('',(-0.000468321430203831,-1.73472347597681E-18,0.0261090360046459));
#4457=CARTESIAN_POINT('',(-0.000479349357647259,-5.70236219284278E-5,0.0261669232455698));
#4458=CARTESIAN_POINT('',(-0.000500568388879761,-0.000131359847173913,0.0262428423358175));
#4459=CARTESIAN_POINT('',(-0.000532387871673257,-0.00022300867573646,0.0263368206298797));
#4460=CARTESIAN_POINT('',(-0.000532387871673441,-0.000223008675736294,0.0263368206298802));
#4461=CARTESIAN_POINT('',(-0.000532387871673442,-0.000223008675736299,0.0263368206298802));
#4462=CARTESIAN_POINT('',(-0.000603877345065473,-0.000171894480165473,0.0265479635575131));
#4463=CARTESIAN_POINT('',(-0.000823523311835241,-8.36121719718896E-5,0.0270689509521846));
#4464=CARTESIAN_POINT('',(-0.00105416551224291,-2.32220296744335E-5,0.0275513315431543));
#4465=CARTESIAN_POINT('',(-0.00115675606895109,2.60208521396521E-16,0.027759845646651));
#4466=CARTESIAN_POINT('',(-0.0173452664166689,-0.0147,0.0342965126037598));
#4467=CARTESIAN_POINT('',(-0.0164712126394387,-0.0147,0.0337951069580614));
#4468=CARTESIAN_POINT('',(-0.0144515668098122,-0.0147,0.0326365262761096));
#4469=CARTESIAN_POINT('',(-0.0110817714404082,-0.0147,0.0295413990879877));
#4470=CARTESIAN_POINT('',(-0.00733336571365399,-0.0147,0.0259721116388456));
#4471=CARTESIAN_POINT('',(-0.0078301193222226,-0.0147,0.0265552898936552));
#4472=CARTESIAN_POINT('',(-0.00379275688931473,-0.0147,0.0261910104878786));
#4473=CARTESIAN_POINT('',(-0.000831906681716851,-0.0147,0.0260750931544466));
#4474=CARTESIAN_POINT('',(-0.000260505857749725,-0.0147,0.0258429738075027));
#4475=CARTESIAN_POINT('',(-0.0013867867331519,-0.0147,0.0283451946182462));
#4476=CARTESIAN_POINT('',(-0.00263891417387917,-0.0147,0.0303907430630325));
#4477=CARTESIAN_POINT('',(-0.00514197468831166,-0.0147,0.0331538259520167));
#4478=CARTESIAN_POINT('',(-0.00552596744113605,-0.0147,0.0345737067591496));
#4479=CARTESIAN_POINT('',(-0.0056912680156529,-0.0147,0.0351849347352982));
#4480=CARTESIAN_POINT('',(-0.0118164283292791,0.,0.0328833783797694));
#4481=CARTESIAN_POINT('',(-0.0171685390375029,0.,0.0343111470584101));
#4482=CARTESIAN_POINT('',(-0.0168909647424543,0.,0.0341511278937551));
#4483=CARTESIAN_POINT('',(-0.0165160642811117,0.,0.0339321638617447));
#4484=CARTESIAN_POINT('',(-0.0161601449066048,0.,0.0337191510306046));
#4485=CARTESIAN_POINT('',(-0.0159698576575818,0.,0.0336031772374355));
#4486=CARTESIAN_POINT('',(-0.0158616857258686,0.,0.0335366140920278));
#4487=CARTESIAN_POINT('',(-0.0156735287004103,0.,0.0334187001531758));
#4488=CARTESIAN_POINT('',(-0.015455957176291,0.,0.033279151324711));
#4489=CARTESIAN_POINT('',(-0.0150782252937209,0.,0.0330301570807711));
#4490=CARTESIAN_POINT('',(-0.0146506661918332,0.,0.0327271361897494));
#4491=CARTESIAN_POINT('',(-0.0143319990038287,0.,0.0324867006839131));
#4492=CARTESIAN_POINT('',(-0.0139746800726458,0.,0.0322089545909992));
#4493=CARTESIAN_POINT('',(-0.0135055940167047,0.,0.0318271219072462));
#4494=CARTESIAN_POINT('',(-0.0129983616341394,0.,0.0313942799885725));
#4495=CARTESIAN_POINT('',(-0.0126157650252154,0.,0.0310572916687148));
#4496=CARTESIAN_POINT('',(-0.012402920159432,0.,0.0308674393234282));
#4497=CARTESIAN_POINT('',(-0.0122073764607372,0.,0.0306911896701957));
#4498=CARTESIAN_POINT('',(-0.0121349610181828,0.,0.0306254006156533));
#4499=CARTESIAN_POINT('',(-0.0119862903339296,0.,0.0304901009646914));
#4500=CARTESIAN_POINT('',(-0.0117277475962116,0.,0.0302531409174764));
#4501=CARTESIAN_POINT('',(-0.011294188742119,0.,0.0298521324784298));
#4502=CARTESIAN_POINT('',(-0.0107868112626833,0.,0.0293781022054785));
#4503=CARTESIAN_POINT('',(-0.0103473953454281,0.,0.0289654442077709));
#4504=CARTESIAN_POINT('',(-0.00996613015636085,0.,0.0286060540608051));
#4505=CARTESIAN_POINT('',(-0.00967741078701539,0.,0.0283336266735411));
#4506=CARTESIAN_POINT('',(-0.00927321928629953,0.,0.0279527604919041));
#4507=CARTESIAN_POINT('',(-0.0086069181061025,0.,0.0273256806434137));
#4508=CARTESIAN_POINT('',(-0.00807762136273798,0.,0.0268290721470384));
#4509=CARTESIAN_POINT('',(-0.00774651237486895,0.,0.0265191409348744));
#4510=CARTESIAN_POINT('',(-0.0171685390375028,0.,0.0343111470584101));
#4511=CARTESIAN_POINT('',(-0.00774646165715674,-1.0842021724855E-19,0.0265191951181568));
#4512=CARTESIAN_POINT('',(-0.0077464109394446,0.,0.026519249301439));
#4513=CARTESIAN_POINT('',(-0.00747693554733951,0.,0.0265194815134225));
#4514=CARTESIAN_POINT('',(-0.00715875009712377,0.,0.0265195016141163));
#4515=CARTESIAN_POINT('',(-0.00694951631483642,0.,0.0265191495761518));
#4516=CARTESIAN_POINT('',(-0.00686316722115799,0.,0.0265186138245579));
#4517=CARTESIAN_POINT('',(-0.00685094802296863,0.,0.0265186698048151));
#4518=CARTESIAN_POINT('',(-0.00674426017671403,0.,0.0265166264029948));
#4519=CARTESIAN_POINT('',(-0.0066228527115921,0.,0.026513123122492));
#4520=CARTESIAN_POINT('',(-0.00644177023563546,0.,0.0265063062343172));
#4521=CARTESIAN_POINT('',(-0.00624275430162142,0.,0.0264966870989467));
#4522=CARTESIAN_POINT('',(-0.00608520900751008,0.,0.0264880760947649));
#4523=CARTESIAN_POINT('',(-0.0059990700016334,0.,0.0264831569056227));
#4524=CARTESIAN_POINT('',(-0.0058824953709114,0.,0.0264762420918947));
#4525=CARTESIAN_POINT('',(-0.00593289260061152,0.,0.0264791823212065));
#4526=CARTESIAN_POINT('',(-0.00588047011024649,0.,0.0264757795580964));
#4527=CARTESIAN_POINT('',(-0.00579301111782955,0.,0.026469585572479));
#4528=CARTESIAN_POINT('',(-0.00555788277971862,0.,0.0264533336629525));
#4529=CARTESIAN_POINT('',(-0.00521838990848876,0.,0.0264297399286134));
#4530=CARTESIAN_POINT('',(-0.00495893228475081,0.,0.0264117140092329));
#4531=CARTESIAN_POINT('',(-0.00472258354305313,0.,0.0263952888863492));
#4532=CARTESIAN_POINT('',(-0.00453378508784835,0.,0.0263821675211356));
#4533=CARTESIAN_POINT('',(-0.00435676348686358,0.,0.0263698635181238));
#4534=CARTESIAN_POINT('',(-0.00422608639596709,0.,0.0263607805918941));
#4535=CARTESIAN_POINT('',(-0.00407550934746294,0.,0.0263503133912728));
#4536=CARTESIAN_POINT('',(-0.00410869752957612,0.,0.0263526221452844));
#4537=CARTESIAN_POINT('',(-0.00408612301512732,0.,0.0263510623685509));
#4538=CARTESIAN_POINT('',(-0.00407107403752451,0.,0.0263500485341209));
#4539=CARTESIAN_POINT('',(-0.00401761816887487,0.,0.0263464252137212));
#4540=CARTESIAN_POINT('',(-0.00393428400990711,0.,0.0263408173458172));
#4541=CARTESIAN_POINT('',(-0.0037862442294133,0.,0.0263308719044238));
#4542=CARTESIAN_POINT('',(-0.00353717938553581,0.,0.0263141751335587));
#4543=CARTESIAN_POINT('',(-0.0031342378848291,0.,0.0262872011156809));
#4544=CARTESIAN_POINT('',(-0.00262767184754296,0.,0.026253319725207));
#4545=CARTESIAN_POINT('',(-0.00181392827297578,0.,0.026198923856138));
#4546=CARTESIAN_POINT('',(-0.00104805204173897,0.,0.026147756739369));
#4547=CARTESIAN_POINT('',(-0.000468321430204081,0.,0.0261090360046459));
#4548=CARTESIAN_POINT('',(-0.00784483200822092,0.,-0.0127033133389049));
#4549=CARTESIAN_POINT('',(-0.00805775633759698,0.,-0.0131453216209007));
#4550=CARTESIAN_POINT('',(-0.00844680154822868,0.,-0.0139530925467475));
#4551=CARTESIAN_POINT('',(-0.00884090863123384,0.,-0.0147717944505647));
#4552=CARTESIAN_POINT('',(-0.00910121809743753,0.,-0.0153128647061558));
#4553=CARTESIAN_POINT('',(-0.00926810345206446,0.,-0.0156599323025378));
#4554=CARTESIAN_POINT('',(-0.00938646214564662,0.,-0.0159062736732288));
#4555=CARTESIAN_POINT('',(-0.00945270417006982,0.,-0.0160442476667719));
#4556=CARTESIAN_POINT('',(-0.00949416878670642,0.,-0.0161306602417158));
#4557=CARTESIAN_POINT('',(-0.00950363941371484,0.,-0.0161504174304294));
#4558=CARTESIAN_POINT('',(-0.00958745724181514,0.,-0.0163251394447529));
#4559=CARTESIAN_POINT('',(-0.00966987350084197,0.,-0.0164966648090828));
#4560=CARTESIAN_POINT('',(-0.00981948382264235,0.,-0.0168074897857799));
#4561=CARTESIAN_POINT('',(-0.0100060782901266,0.,-0.0171933116661791));
#4562=CARTESIAN_POINT('',(-0.0101695832590096,0.,-0.0175286655421373));
#4563=CARTESIAN_POINT('',(-0.0102665552762566,0.,-0.0177260269324318));
#4564=CARTESIAN_POINT('',(-0.0103224499533877,0.,-0.0178391280563117));
#4565=CARTESIAN_POINT('',(-0.0103497128905591,0.,-0.0178942121190615));
#4566=CARTESIAN_POINT('',(-0.0104232294050009,0.,-0.0180417990245076));
#4567=CARTESIAN_POINT('',(-0.0105034805373024,0.,-0.0182015621785922));
#4568=CARTESIAN_POINT('',(-0.0106480777024044,0.,-0.0184865622718902));
#4569=CARTESIAN_POINT('',(-0.0108416148144235,0.,-0.0188585551120052));
#4570=CARTESIAN_POINT('',(-0.0110206418559554,0.,-0.0191907521218267));
#4571=CARTESIAN_POINT('',(-0.0111621424797129,0.,-0.0194440734763031));
#4572=CARTESIAN_POINT('',(-0.0112469099742305,0.,-0.0195932009757285));
#4573=CARTESIAN_POINT('',(-0.0113944851706864,0.,-0.0198439674844051));
#4574=CARTESIAN_POINT('',(-0.0115699001040477,0.,-0.0201289039017284));
#4575=CARTESIAN_POINT('',(-0.011890818160237,0.,-0.0206189585603795));
#4576=CARTESIAN_POINT('',(-0.0123303537332691,0.,-0.0212099076392922));
#4577=CARTESIAN_POINT('',(-0.0128463596618169,0.,-0.021763019696504));
#4578=CARTESIAN_POINT('',(-0.0132708675934903,0.,-0.022141760729687));
#4579=CARTESIAN_POINT('',(-0.0135174565823589,0.,-0.022345907695529));
#4580=CARTESIAN_POINT('',(-0.0137400098970939,0.,-0.0225192121955316));
#4581=CARTESIAN_POINT('',(-0.0138552687065981,0.,-0.0226051805958099));
#4582=CARTESIAN_POINT('',(-0.0140716152037137,0.,-0.0227645007617219));
#4583=CARTESIAN_POINT('',(-0.0143670419684313,0.,-0.022974794056529));
#4584=CARTESIAN_POINT('',(-0.0147797040877626,0.,-0.0232602398379806));
#4585=CARTESIAN_POINT('',(-0.0152826051928111,0.,-0.0236003134962942));
#4586=CARTESIAN_POINT('',(-0.0157292291750355,0.,-0.0238936139469387));
#4587=CARTESIAN_POINT('',(-0.016150822097958,0.,-0.0241575337835648));
#4588=CARTESIAN_POINT('',(-0.0164775019711806,0.,-0.0243507546489025));
#4589=CARTESIAN_POINT('',(-0.0166875232868774,0.,-0.0244690558430491));
#4590=CARTESIAN_POINT('',(-0.0168120380861331,0.,-0.0245369175046524));
#4591=CARTESIAN_POINT('',(-0.0168798107351581,0.,-0.0245734667892273));
#4592=CARTESIAN_POINT('',(-0.0170361622242287,0.,-0.0246550015268228));
#4593=CARTESIAN_POINT('',(-0.0172081515780614,0.,-0.0247404432791589));
#4594=CARTESIAN_POINT('',(-0.017512274853576,0.,-0.024882247008852));
#4595=CARTESIAN_POINT('',(-0.0179068931645621,0.,-0.0250355033882364));
#4596=CARTESIAN_POINT('',(-0.0182552872645946,0.,-0.0251304071239458));
#4597=CARTESIAN_POINT('',(-0.0185171245220742,0.,-0.0251695626377473));
#4598=CARTESIAN_POINT('',(-0.0186721028560624,0.,-0.0251820406925199));
#4599=CARTESIAN_POINT('',(-0.0189212731689212,0.,-0.0251723217462684));
#4600=CARTESIAN_POINT('',(-0.0191479139825919,0.,-0.0251297111555675));
#4601=CARTESIAN_POINT('',(-0.0193759366040942,0.,-0.0250612871283439));
#4602=CARTESIAN_POINT('',(-0.0196264172834076,0.,-0.024949431476316));
#4603=CARTESIAN_POINT('',(-0.0197911397135949,0.,-0.0248575387446834));
#4604=CARTESIAN_POINT('',(-0.0199920750251528,0.,-0.0247308250020285));
#4605=CARTESIAN_POINT('',(-0.0201842908564056,0.,-0.0245944535417319));
#4606=CARTESIAN_POINT('',(-0.0204255455235594,0.,-0.0244025551216882));
#4607=CARTESIAN_POINT('',(-0.0205297381234656,0.,-0.0243134434169388));
#4608=CARTESIAN_POINT('',(-0.0207231001833422,0.,-0.0241452581216891));
#4609=CARTESIAN_POINT('',(-0.0210525604951395,0.,-0.0238405747972263));
#4610=CARTESIAN_POINT('',(-0.02157334023044,0.,-0.0233171255454938));
#4611=CARTESIAN_POINT('',(-0.0221476701309676,0.,-0.0226833364484521));
#4612=CARTESIAN_POINT('',(-0.0226281495410345,0.,-0.0221254140292744));
#4613=CARTESIAN_POINT('',(-0.0230355577333673,0.,-0.0216361570532094));
#4614=CARTESIAN_POINT('',(-0.0233390804436496,0.,-0.0212624779656433));
#4615=CARTESIAN_POINT('',(-0.0237631454544685,0.,-0.0207302792720386));
#4616=CARTESIAN_POINT('',(-0.0242581769179255,0.,-0.0200858447466837));
#4617=CARTESIAN_POINT('',(-0.0248119979864818,0.,-0.0193296278254364));
#4618=CARTESIAN_POINT('',(-0.0252549668665095,0.,-0.0186880925536324));
#4619=CARTESIAN_POINT('',(-0.0255543647178748,0.,-0.0182376102806536));
#4620=CARTESIAN_POINT('',(-0.0258652722545065,0.,-0.0177513589868995));
#4621=CARTESIAN_POINT('',(-0.0261150835169441,0.,-0.0173353792645671));
#4622=CARTESIAN_POINT('',(-0.026301330947372,0.,-0.0169983371033903));
#4623=CARTESIAN_POINT('',(-0.0264081280404129,0.,-0.0167934449224371));
#4624=CARTESIAN_POINT('',(-0.026533952326875,0.,-0.0165319882719516));
#4625=CARTESIAN_POINT('',(-0.0266265563293374,0.,-0.0163046141771826));
#4626=CARTESIAN_POINT('',(-0.0266950278805497,0.,-0.0160992151023738));
#4627=CARTESIAN_POINT('',(-0.0267438928406636,0.,-0.0158979998757774));
#4628=CARTESIAN_POINT('',(-0.0267793812777432,0.,-0.0155706471308867));
#4629=CARTESIAN_POINT('',(-0.0267694731930997,0.,-0.0153309098302123));
#4630=CARTESIAN_POINT('',(-0.026761151045646,0.,-0.0151700083649735));
#4631=CARTESIAN_POINT('',(-0.0267611232152858,0.,-0.0151700053444776));
#4632=CARTESIAN_POINT('',(-0.0267611232152858,0.,-0.0151700053444777));
#4633=CARTESIAN_POINT('',(-0.0267806121817833,0.,-0.014990437159557));
#4634=CARTESIAN_POINT('',(-0.0268027192053118,0.,-0.0147849338908818));
#4635=CARTESIAN_POINT('',(-0.0268154205626899,0.,-0.0146692025550117));
#4636=CARTESIAN_POINT('',(-0.026819645774532,0.,-0.0146244633997112));
#4637=CARTESIAN_POINT('',(-0.0268193531397702,0.,-0.0146402209332169));
#4638=CARTESIAN_POINT('',(-0.0268235565581022,0.,-0.0145473183507872));
#4639=CARTESIAN_POINT('',(-0.0268237495861676,0.,-0.0144621633826092));
#4640=CARTESIAN_POINT('',(-0.0268174247294789,0.,-0.0142977545809992));
#4641=CARTESIAN_POINT('',(-0.0267698948209133,0.,-0.0139827666965121));
#4642=CARTESIAN_POINT('',(-0.0266577996142432,0.,-0.0136724239339499));
#4643=CARTESIAN_POINT('',(-0.0264898565691139,0.,-0.0133480530122125));
#4644=CARTESIAN_POINT('',(-0.0263011613369552,0.,-0.0130630156419551));
#4645=CARTESIAN_POINT('',(-0.0261993039673689,0.,-0.0129292288902074));
#4646=CARTESIAN_POINT('',(-0.0260043707877711,0.,-0.0126840737492969));
#4647=CARTESIAN_POINT('',(-0.025729647824633,0.,-0.0123753954116132));
#4648=CARTESIAN_POINT('',(-0.0253956680245818,0.,-0.0120342168220481));
#4649=CARTESIAN_POINT('',(-0.0251278901757808,0.,-0.0117777736931495));
#4650=CARTESIAN_POINT('',(-0.0249737071989954,0.,-0.0116337161514474));
#4651=CARTESIAN_POINT('',(-0.0248326751052516,0.,-0.0115045269896726));
#4652=CARTESIAN_POINT('',(-0.0247680672893859,0.,-0.01144619076488));
#4653=CARTESIAN_POINT('',(-0.0246526166572018,0.,-0.0113425195877711));
#4654=CARTESIAN_POINT('',(-0.0244577007056702,0.,-0.0111702422100075));
#4655=CARTESIAN_POINT('',(-0.0240369142876772,0.,-0.0108077181218392));
#4656=CARTESIAN_POINT('',(-0.0233765750329971,0.,-0.0102655133695311));
#4657=CARTESIAN_POINT('',(-0.0226336075213257,0.,-0.00968670012655217));
#4658=CARTESIAN_POINT('',(-0.0220635839555213,0.,-0.00925776591787575));
#4659=CARTESIAN_POINT('',(-0.0217347311905613,0.,-0.00901395652308368));
#4660=CARTESIAN_POINT('',(-0.0214549691637524,0.,-0.00880878857020789));
#4661=CARTESIAN_POINT('',(-0.0212714142118921,0.,-0.00867540745259797));
#4662=CARTESIAN_POINT('',(-0.0209889958981714,0.,-0.00847159844580302));
#4663=CARTESIAN_POINT('',(-0.0205021050407389,0.,-0.00812468403797668));
#4664=CARTESIAN_POINT('',(-0.0197744367749043,0.,-0.0076179150780019));
#4665=CARTESIAN_POINT('',(-0.0188618155946257,0.,-0.00700119750873872));
#4666=CARTESIAN_POINT('',(-0.0180791010065643,0.,-0.00648642334348424));
#4667=CARTESIAN_POINT('',(-0.0174080670138333,0.,-0.00605428736986838));
#4668=CARTESIAN_POINT('',(-0.0169404404299413,0.,-0.00575835582589044));
#4669=CARTESIAN_POINT('',(-0.0165708974815074,0.,-0.00552870392664817));
#4670=CARTESIAN_POINT('',(-0.0163174632322658,0.,-0.00537376861926223));
#4671=CARTESIAN_POINT('',(-0.016184670736053,0.,-0.00529320657588591));
#4672=CARTESIAN_POINT('',(-0.0160610281660374,0.,-0.00521872395483043));
#4673=CARTESIAN_POINT('',(-0.016036586070508,0.,-0.00520417902194416));
#4674=CARTESIAN_POINT('',(-0.0159538221301857,0.,-0.0051549660765197));
#4675=CARTESIAN_POINT('',(-0.0157942116239831,0.,-0.0050609013930428));
#4676=CARTESIAN_POINT('',(-0.0154644018922071,0.,-0.00486799243111876));
#4677=CARTESIAN_POINT('',(-0.0149244851852647,0.,-0.00455411611836921));
#4678=CARTESIAN_POINT('',(-0.0144650392048496,0.,-0.00428789357578782));
#4679=CARTESIAN_POINT('',(-0.0142107245726325,0.,-0.0041407100511257));
#4680=CARTESIAN_POINT('',(-0.0142107101872822,0.,-0.00414070733222746));
#4681=CARTESIAN_POINT('',(-0.0142107101872822,0.,-0.0041407073322275));
#4682=CARTESIAN_POINT('',(-0.0142541886140856,0.,-0.00391066834997275));
#4683=CARTESIAN_POINT('',(-0.0143307401658143,0.,-0.00350543110875121));
#4684=CARTESIAN_POINT('',(-0.0144140197270654,0.,-0.00306402705943401));
#4685=CARTESIAN_POINT('',(-0.014457959207926,0.,-0.00283007608880406));
#4686=CARTESIAN_POINT('',(-0.0144737531842763,0.,-0.00274588682661802));
#4687=CARTESIAN_POINT('',(-0.0144808260070737,0.,-0.00270700729745402));
#4688=CARTESIAN_POINT('',(-0.0144786417045074,0.,-0.00272033119794106));
#4689=CARTESIAN_POINT('',(-0.0144956417866699,0.,-0.00262104361769006));
#4690=CARTESIAN_POINT('',(-0.0145110281841795,0.,-0.0025246724131268));
#4691=CARTESIAN_POINT('',(-0.0145399162112853,0.,-0.00233106203003656));
#4692=CARTESIAN_POINT('',(-0.0145759488324456,0.,-0.00204558120933039));
#4693=CARTESIAN_POINT('',(-0.0146082263065627,0.,-0.00172615872421509));
#4694=CARTESIAN_POINT('',(-0.0146304796050161,0.,-0.00146554499039471));
#4695=CARTESIAN_POINT('',(-0.0146475513409006,0.,-0.00123543838513758));
#4696=CARTESIAN_POINT('',(-0.0146564954565588,0.,-0.00109962917849739));
#4697=CARTESIAN_POINT('',(-0.0146699270050995,0.,-0.000879915220438277));
#4698=CARTESIAN_POINT('',(-0.0146894714648621,0.,-0.000499109936607741));
#4699=CARTESIAN_POINT('',(-0.0147101355791152,0.,8.58217303813529E-5));
#4700=CARTESIAN_POINT('',(-0.0147199593481661,0.,0.000719615181515663));
#4701=CARTESIAN_POINT('',(-0.0147217117847578,0.,0.00124105980263452));
#4702=CARTESIAN_POINT('',(-0.0147194035743889,0.,0.00168290969516808));
#4703=CARTESIAN_POINT('',(-0.0147156744840079,0.,0.00199669766936218));
#4704=CARTESIAN_POINT('',(-0.0147078674513092,0.,0.00246485044068241));
#4705=CARTESIAN_POINT('',(-0.0146873805380163,0.,0.00327326931464935));
#4706=CARTESIAN_POINT('',(-0.0146381747829514,0.,0.00447059434202362));
#4707=CARTESIAN_POINT('',(-0.0145629681815145,0.,0.00570026878926216));
#4708=CARTESIAN_POINT('',(-0.0144861518882541,0.,0.0067175764765584));
#4709=CARTESIAN_POINT('',(-0.0144228401882669,0.,0.00746931280750488));
#4710=CARTESIAN_POINT('',(-0.014343149898371,0.,0.00832182254907409));
#4711=CARTESIAN_POINT('',(-0.0142335082113324,0.,0.00937407271369138));
#4712=CARTESIAN_POINT('',(-0.0140818793274085,0.,0.0106305199698348));
#4713=CARTESIAN_POINT('',(-0.0139118594992307,0.,0.0117878127838676));
#4714=CARTESIAN_POINT('',(-0.013785017242418,0.,0.012539240723969));
#4715=CARTESIAN_POINT('',(-0.0137071934099769,0.,0.0129669177135142));
#4716=CARTESIAN_POINT('',(-0.0136549498927565,0.,0.0132435485700831));
#4717=CARTESIAN_POINT('',(-0.0135727869181386,0.,0.0136535268609978));
#4718=CARTESIAN_POINT('',(-0.0134677447370308,0.,0.0141400314727864));
#4719=CARTESIAN_POINT('',(-0.0133240753230914,0.,0.0147461536952589));
#4720=CARTESIAN_POINT('',(-0.0131708851515486,0.,0.0153158381964411));
#4721=CARTESIAN_POINT('',(-0.0130549559435,0.,0.0157087957475702));
#4722=CARTESIAN_POINT('',(-0.0129904689054605,0.,0.0159183626380888));
#4723=CARTESIAN_POINT('',(-0.0129313107609092,0.,0.0161041962232732));
#4724=CARTESIAN_POINT('',(-0.0129091097742756,0.,0.0161709224523399));
#4725=CARTESIAN_POINT('',(-0.0128542760217934,0.,0.0163327093020031));
#4726=CARTESIAN_POINT('',(-0.0127728269697169,0.,0.0165645568890017));
#4727=CARTESIAN_POINT('',(-0.0126647886657894,0.,0.0168649099124524));
#4728=CARTESIAN_POINT('',(-0.0125646919211013,0.,0.0171394758369379));
#4729=CARTESIAN_POINT('',(-0.0124947127134823,0.,0.0173301104154188));
#4730=CARTESIAN_POINT('',(-0.0124379994052352,0.,0.0174839700434329));
#4731=CARTESIAN_POINT('',(-0.0123943681585599,0.,0.0176019850495834));
#4732=CARTESIAN_POINT('',(-0.0123738028142099,0.,0.017657511726278));
#4733=CARTESIAN_POINT('',(-0.0123772305983731,0.,0.0176482565107423));
#4734=CARTESIAN_POINT('',(-0.012367342831849,0.,0.0176749527868052));
#4735=CARTESIAN_POINT('',(-0.0123479933950673,0.,0.0177271938664828));
#4736=CARTESIAN_POINT('',(-0.01228919032439,0.,0.017885955486461));
#4737=CARTESIAN_POINT('',(-0.0121711785199448,0.,0.0182045736306848));
#4738=CARTESIAN_POINT('',(-0.012027651356587,0.,0.0185920802581556));
#4739=CARTESIAN_POINT('',(-0.0119437452246214,0.,0.0188186170233953));
#4740=CARTESIAN_POINT('',(-0.0119437588178717,0.,0.0188185660739647));
#4741=CARTESIAN_POINT('',(-0.0119437588178717,0.,0.0188185660739646));
#4742=CARTESIAN_POINT('',(-0.0126814355033767,0.,0.0190153773771214));
#4743=CARTESIAN_POINT('',(-0.0137904303964237,0.,0.0193109911970263));
#4744=CARTESIAN_POINT('',(-0.0150759588560511,0.,0.0196530555506394));
#4745=CARTESIAN_POINT('',(-0.0158226196330698,0.,0.0198517304284228));
#4746=CARTESIAN_POINT('',(-0.0163489301962387,0.,0.0199913006521765));
#4747=CARTESIAN_POINT('',(-0.0170040530409349,0.,0.0201666014454972));
#4748=CARTESIAN_POINT('',(-0.0177970416981634,0.,0.0203835791836989));
#4749=CARTESIAN_POINT('',(-0.0187542128390249,0.,0.0206532664422011));
#4750=CARTESIAN_POINT('',(-0.0196324307942699,0.,0.0209121557867924));
#4751=CARTESIAN_POINT('',(-0.0202157370829846,0.,0.0210906100162758));
#4752=CARTESIAN_POINT('',(-0.0204923748911677,0.,0.0211768796619205));
#4753=CARTESIAN_POINT('',(-0.0206569979786124,0.,0.0212288007683897));
#4754=CARTESIAN_POINT('',(-0.0207532780894635,0.,0.0212592934640962));
#4755=CARTESIAN_POINT('',(-0.0209471386619232,0.,0.0213213195286585));
#4756=CARTESIAN_POINT('',(-0.0211672638142818,0.,0.0213927386532312));
#4757=CARTESIAN_POINT('',(-0.0215597184119433,0.,0.0215222639843675));
#4758=CARTESIAN_POINT('',(-0.0222972674381722,0.,0.0217753780117755));
#4759=CARTESIAN_POINT('',(-0.0232529351647656,0.,0.0221314262027596));
#4760=CARTESIAN_POINT('',(-0.0240739452035347,0.,0.0224803217568894));
#4761=CARTESIAN_POINT('',(-0.0245682812486612,0.,0.0227150059420662));
#4762=CARTESIAN_POINT('',(-0.024843906373934,0.,0.0228554258148074));
#4763=CARTESIAN_POINT('',(-0.0250016318262784,0.,0.022938428290684));
#4764=CARTESIAN_POINT('',(-0.0252970809033122,0.,0.0231034598072679));
#4765=CARTESIAN_POINT('',(-0.0256275821492069,0.,0.0233017705933135));
#4766=CARTESIAN_POINT('',(-0.0261993245385559,0.,0.0236771241179959));
#4767=CARTESIAN_POINT('',(-0.0267617450900916,0.,0.0241267127969246));
#4768=CARTESIAN_POINT('',(-0.0272134319322173,0.,0.0245685335030663));
#4769=CARTESIAN_POINT('',(-0.027443949747355,0.,0.0248166123416487));
#4770=CARTESIAN_POINT('',(-0.0275697145831316,0.,0.0249577415889629));
#4771=CARTESIAN_POINT('',(-0.0276787204287286,0.,0.0250841479252929));
#4772=CARTESIAN_POINT('',(-0.0277307364608621,0.,0.0251462527415688));
#4773=CARTESIAN_POINT('',(-0.0278311842802474,0.,0.025267858974624));
#4774=CARTESIAN_POINT('',(-0.0280198780139031,0.,0.025502609318943));
#4775=CARTESIAN_POINT('',(-0.0282251629192837,0.,0.0257663413965973));
#4776=CARTESIAN_POINT('',(-0.028378994386426,0.,0.0259671808875838));
#4777=CARTESIAN_POINT('',(-0.0283788431570962,0.,0.0259671334437266));
#4778=CARTESIAN_POINT('',(-0.0283788431570962,0.,0.0259671334437266));
#4779=CARTESIAN_POINT('',(-0.028247553742855,0.,0.0263856240829216));
#4780=CARTESIAN_POINT('',(-0.0280716508657285,0.,0.0269319260064171));
#4781=CARTESIAN_POINT('',(-0.0279102353652816,0.,0.0274083212935783));
#4782=CARTESIAN_POINT('',(-0.0278225136910388,0.,0.0276556422072908));
#4783=CARTESIAN_POINT('',(-0.0277809798269385,0.,0.0277707028826373));
#4784=CARTESIAN_POINT('',(-0.0276737053414164,0.,0.0280525143427945));
#4785=CARTESIAN_POINT('',(-0.0275504575897804,0.,0.0283572537789352));
#4786=CARTESIAN_POINT('',(-0.0273852398365415,0.,0.0287381150431497));
#4787=CARTESIAN_POINT('',(-0.0271783124156376,0.,0.0291630589955844));
#4788=CARTESIAN_POINT('',(-0.0269805057258367,0.,0.0295312542169268));
#4789=CARTESIAN_POINT('',(-0.0267114855897649,0.,0.0299733260881398));
#4790=CARTESIAN_POINT('',(-0.0263452550850181,0.,0.0304976108232079));
#4791=CARTESIAN_POINT('',(-0.0258364070573901,0.,0.0311034961152354));
#4792=CARTESIAN_POINT('',(-0.0252555989167663,0.,0.0316353322464294));
#4793=CARTESIAN_POINT('',(-0.0247498622736229,0.,0.0320232504899348));
#4794=CARTESIAN_POINT('',(-0.0243113669585329,0.,0.0323167371569307));
#4795=CARTESIAN_POINT('',(-0.0239797618447196,0.,0.0325157848861954));
#4796=CARTESIAN_POINT('',(-0.0234624576092161,0.,0.0328040600260869));
#4797=CARTESIAN_POINT('',(-0.0227766349674382,0.,0.0331382930027737));
#4798=CARTESIAN_POINT('',(-0.0220058393475949,0.,0.0334577500267811));
#4799=CARTESIAN_POINT('',(-0.0213559338991164,0.,0.0336971690621862));
#4800=CARTESIAN_POINT('',(-0.0208178769739984,0.,0.0338796654401703));
#4801=CARTESIAN_POINT('',(-0.0203646868912788,0.,0.0340222578899468));
#4802=CARTESIAN_POINT('',(-0.0198922977732618,0.,0.0341596876567732));
#4803=CARTESIAN_POINT('',(-0.0194587875640543,0.,0.0342752691610794));
#4804=CARTESIAN_POINT('',(-0.0189359103649244,0.,0.0344010034758886));
#4805=CARTESIAN_POINT('',(-0.0185343353749384,0.,0.0344810499470752));
#4806=CARTESIAN_POINT('',(-0.0182788955764419,0.,0.0345248276686956));
#4807=CARTESIAN_POINT('',(-0.0179871386844713,0.,0.0345671486657563));
#4808=CARTESIAN_POINT('',(-0.0177805716536455,0.,0.0345822788280027));
#4809=CARTESIAN_POINT('',(-0.0176753694603706,0.,0.0345869396898517));
#4810=CARTESIAN_POINT('',(-0.0175144543600394,0.,0.0345791870802934));
#4811=CARTESIAN_POINT('',(-0.0174273856815002,0.,0.0345569358757614));
#4812=CARTESIAN_POINT('',(-0.0173670216003242,0.,0.0345183623918431));
#4813=CARTESIAN_POINT('',(-0.017362264378376,0.,0.03451093442816));
#4814=CARTESIAN_POINT('',(-0.0173067524198849,0.,0.0344550999464088));
#4815=CARTESIAN_POINT('',(-0.0172221230962071,0.,0.0343665772721866));
#4816=CARTESIAN_POINT('',(-0.0171686993254602,0.,0.0343108690178588));
#4817=CARTESIAN_POINT('',(-0.0125699033182539,-0.0127,0.0396127265372076));
#4818=CARTESIAN_POINT('',(-0.0314681151552873,-0.0127,0.00841566444577511));
#4819=CARTESIAN_POINT('',(-0.0120627294082248,-0.0127,0.0392996718107895));
#4820=CARTESIAN_POINT('',(-0.0130464398648923,-0.0127,0.0398966149345882));
#4821=CARTESIAN_POINT('',(-0.0120627294082248,-0.0127,0.0392996718107895));
#4822=CARTESIAN_POINT('',(-0.0117525663260682,-0.0127,0.0395128569344511));
#4823=CARTESIAN_POINT('',(-0.0111326911895317,-0.0127,0.0399390186684729));
#4824=CARTESIAN_POINT('',(-0.0102001723180668,-0.0127,0.0405795123493137));
#4825=CARTESIAN_POINT('',(-0.00927932329085917,-0.0127,0.0412139554697467));
#4826=CARTESIAN_POINT('',(-0.008246033777909,-0.0127,0.0419165161183494));
#4827=CARTESIAN_POINT('',(-0.00708217847830652,-0.0127,0.0426620404914308));
#4828=CARTESIAN_POINT('',(-0.00598233563222188,-0.0127,0.043293178924731));
#4829=CARTESIAN_POINT('',(-0.00501455559712677,-0.0127,0.04378034974174));
#4830=CARTESIAN_POINT('',(-0.00424036075689005,-0.0127,0.0441306481062934));
#4831=CARTESIAN_POINT('',(-0.00354879280608144,-0.0127,0.0444045128943306));
#4832=CARTESIAN_POINT('',(-0.00296783490086295,-0.0127,0.0446071194972813));
#4833=CARTESIAN_POINT('',(-0.0025229433898149,-0.0127,0.0447483117790973));
#4834=CARTESIAN_POINT('',(-0.00207640532899225,-0.0127,0.0448757690126521));
#4835=CARTESIAN_POINT('',(-0.00149513122387904,-0.0127,0.0450245087963815));
#4836=CARTESIAN_POINT('',(-0.00078430679875928,-0.0127,0.0451770855070693));
#4837=CARTESIAN_POINT('',(3.63980801303372E-5,-0.0127,0.0453140442755744));
#4838=CARTESIAN_POINT('',(0.00108380785118737,-0.0127,0.0454460138767639));
#4839=CARTESIAN_POINT('',(0.00230496066545837,-0.0127,0.0455356953274485));
#4840=CARTESIAN_POINT('',(0.00340571232126145,-0.0127,0.0455669131770212));
#4841=CARTESIAN_POINT('',(0.00419874799485023,-0.0127,0.0455775852644742));
#4842=CARTESIAN_POINT('',(0.0047691573736244,-0.0127,0.0455822969921031));
#4843=CARTESIAN_POINT('',(0.00522864634664785,-0.0127,0.0455847980530204));
#4844=CARTESIAN_POINT('',(0.00558692659907158,-0.0127,0.0455867997757012));
#4845=CARTESIAN_POINT('',(0.0059448081846598,-0.0127,0.04558918123617));
#4846=CARTESIAN_POINT('',(0.00640074279097782,-0.0127,0.0455922164092781));
#4847=CARTESIAN_POINT('',(0.00712541984567191,-0.0127,0.0455970399297474));
#4848=CARTESIAN_POINT('',(0.00767001175766076,-0.0127,0.0456006649403126));
#4849=CARTESIAN_POINT('',(0.00803283211654926,-0.0127,0.0456030799761976));
#4850=CARTESIAN_POINT('',(0.00803283211654927,-0.0127,0.0456030799761976));
#4851=CARTESIAN_POINT('',(0.0174789211094562,-0.0127,0.0295982438878984));
#4852=CARTESIAN_POINT('',(0.0174497456145412,-0.0127,0.0297134498180123));
#4853=CARTESIAN_POINT('',(0.0173846851319458,-0.0127,0.0299642844160164));
#4854=CARTESIAN_POINT('',(0.0172836286610606,-0.0127,0.0303206788996305));
#4855=CARTESIAN_POINT('',(0.0171860987929847,-0.0127,0.0306349617073852));
#4856=CARTESIAN_POINT('',(0.0171026906307192,-0.0127,0.0308867369800014));
#4857=CARTESIAN_POINT('',(0.0170078343037519,-0.0127,0.0311533415049918));
#4858=CARTESIAN_POINT('',(0.0169011900262109,-0.0127,0.0314315546206317));
#4859=CARTESIAN_POINT('',(0.0167766846079369,-0.0127,0.031731837313433));
#4860=CARTESIAN_POINT('',(0.0166309455214486,-0.0127,0.03205256598016));
#4861=CARTESIAN_POINT('',(0.0164794906384512,-0.0127,0.0323586565097495));
#4862=CARTESIAN_POINT('',(0.0163136892961728,-0.0127,0.0326674671312523));
#4863=CARTESIAN_POINT('',(0.016152557045388,-0.0127,0.0329449305673958));
#4864=CARTESIAN_POINT('',(0.0159461556849955,-0.0127,0.0332787904267781));
#4865=CARTESIAN_POINT('',(0.0157044829663658,-0.0127,0.0336385282708991));
#4866=CARTESIAN_POINT('',(0.0154504029084637,-0.0127,0.033988475441981));
#4867=CARTESIAN_POINT('',(0.0152590228596629,-0.0127,0.0342409400806323));
#4868=CARTESIAN_POINT('',(0.015112623480518,-0.0127,0.0344320036417025));
#4869=CARTESIAN_POINT('',(0.0150248834279406,-0.0127,0.0345484127520893));
#4870=CARTESIAN_POINT('',(0.0149743854213952,-0.0127,0.034618420738882));
#4871=CARTESIAN_POINT('',(0.0149595713827312,-0.0127,0.0346411377932094));
#4872=CARTESIAN_POINT('',(0.014966255384817,-0.0127,0.034630016024689));
#4873=CARTESIAN_POINT('',(0.0149333818186967,-0.0127,0.0346855885249696));
#4874=CARTESIAN_POINT('',(0.0148736530242424,-0.0127,0.0347956061589461));
#4875=CARTESIAN_POINT('',(0.0147983308030661,-0.0127,0.0349431338921705));
#4876=CARTESIAN_POINT('',(0.0147066435221674,-0.0127,0.0351316762991308));
#4877=CARTESIAN_POINT('',(0.0145690867553327,-0.0127,0.0354258870423736));
#4878=CARTESIAN_POINT('',(0.01437440501707,-0.0127,0.0358611769545016));
#4879=CARTESIAN_POINT('',(0.0141112621571218,-0.0127,0.0364676156936582));
#4880=CARTESIAN_POINT('',(0.0138227072009289,-0.0127,0.0371339499697296));
#4881=CARTESIAN_POINT('',(0.0134980169327645,-0.0127,0.0378595821643416));
#4882=CARTESIAN_POINT('',(0.0131564013316945,-0.0127,0.0385807891344505));
#4883=CARTESIAN_POINT('',(0.0128076738679191,-0.0127,0.0392723520797205));
#4884=CARTESIAN_POINT('',(0.0125060544439835,-0.0127,0.0398323268247311));
#4885=CARTESIAN_POINT('',(0.0122539305516168,-0.0127,0.0402744312310131));
#4886=CARTESIAN_POINT('',(0.0120592116504954,-0.0127,0.0406022685872594));
#4887=CARTESIAN_POINT('',(0.011856978310232,-0.0127,0.0409284967017826));
#4888=CARTESIAN_POINT('',(0.0116414452672994,-0.0127,0.0412596045849373));
#4889=CARTESIAN_POINT('',(0.0114216915846556,-0.0127,0.0415797988765687));
#4890=CARTESIAN_POINT('',(0.0111256641740856,-0.0127,0.0419897431235607));
#4891=CARTESIAN_POINT('',(0.0107715767863512,-0.0127,0.0424435147186099));
#4892=CARTESIAN_POINT('',(0.0104678088431462,-0.0127,0.0428051847119417));
#4893=CARTESIAN_POINT('',(0.0102653542339009,-0.0127,0.043039805700717));
#4894=CARTESIAN_POINT('',(0.0101393340817169,-0.0127,0.0431844967862985));
#4895=CARTESIAN_POINT('',(0.0100250107247954,-0.0127,0.0433157258349689));
#4896=CARTESIAN_POINT('',(0.00990701163615372,-0.0127,0.0434512321714392));
#4897=CARTESIAN_POINT('',(0.00978995549201794,-0.0127,0.0435856277926546));
#4898=CARTESIAN_POINT('',(0.00963369738393313,-0.0127,0.043765031470978));
#4899=CARTESIAN_POINT('',(0.00936051826214115,-0.0127,0.0440786826185527));
#4900=CARTESIAN_POINT('',(0.00896995455091803,-0.0127,0.0445271135988584));
#4901=CARTESIAN_POINT('',(0.00850141069810513,-0.0127,0.0450650765976009));
#4902=CARTESIAN_POINT('',(0.00818902287229557,-0.0127,0.0454237479639293));
#4903=CARTESIAN_POINT('',(0.00803283211654927,-0.0127,0.0456030799761976));
#4904=CARTESIAN_POINT('',(0.0174789211094562,-0.0127,0.0295982438878984));
#4905=CARTESIAN_POINT('',(0.0219970712448209,-0.0127,0.0237773256484157));
#4906=CARTESIAN_POINT('',(0.0219645108921198,-0.0127,0.0238748170020455));
#4907=CARTESIAN_POINT('',(0.021891040594644,-0.0127,0.0240886301872173));
#4908=CARTESIAN_POINT('',(0.0217784903501358,-0.0127,0.0243912178910181));
#4909=CARTESIAN_POINT('',(0.0216660055067512,-0.0127,0.0246699415955001));
#4910=CARTESIAN_POINT('',(0.0215697040734674,-0.0127,0.0248945841739406));
#4911=CARTESIAN_POINT('',(0.0214635767583258,-0.0127,0.0251268747645948));
#4912=CARTESIAN_POINT('',(0.0213500008680703,-0.0127,0.0253606915813512));
#4913=CARTESIAN_POINT('',(0.0212245092472122,-0.0127,0.0256034527848536));
#4914=CARTESIAN_POINT('',(0.0210449401402868,-0.0127,0.0259282707275718));
#4915=CARTESIAN_POINT('',(0.0208151135266715,-0.0127,0.0263066236874472));
#4916=CARTESIAN_POINT('',(0.0205262269281814,-0.0127,0.0267333717462119));
#4917=CARTESIAN_POINT('',(0.0201218090262188,-0.0127,0.0272726618995958));
#4918=CARTESIAN_POINT('',(0.01958714541981,-0.0127,0.0278884033793991));
#4919=CARTESIAN_POINT('',(0.0190268285489725,-0.0127,0.0284287258632356));
#4920=CARTESIAN_POINT('',(0.0185665456210872,-0.0127,0.0288203375131966));
#4921=CARTESIAN_POINT('',(0.0181016476531295,-0.0127,0.0291845750290627));
#4922=CARTESIAN_POINT('',(0.0177315048643355,-0.0127,0.0294396260113256));
#4923=CARTESIAN_POINT('',(0.017478921109456,-0.0127,0.0295982438878985));
#4924=CARTESIAN_POINT('',(0.0219970712448209,-0.0127,0.0237773256484159));
#4925=CARTESIAN_POINT('',(0.0211621474663323,-0.0127,-0.00960536491577721));
#4926=CARTESIAN_POINT('',(0.021317531021974,-0.0127,-0.00980239882296225));
#4927=CARTESIAN_POINT('',(0.0216179491812859,-0.0127,-0.0101859899953426));
#4928=CARTESIAN_POINT('',(0.022033621298755,-0.0127,-0.0107249041976672));
#4929=CARTESIAN_POINT('',(0.0224098350015405,-0.0127,-0.0112213846951166));
#4930=CARTESIAN_POINT('',(0.0226863661491042,-0.0127,-0.0115941627657456));
#4931=CARTESIAN_POINT('',(0.0228823368226227,-0.0127,-0.0118633998934602));
#4932=CARTESIAN_POINT('',(0.0230157510929025,-0.0127,-0.0120494138651285));
#4933=CARTESIAN_POINT('',(0.0231345623369291,-0.0127,-0.0122178800667558));
#4934=CARTESIAN_POINT('',(0.0232374599388285,-0.0127,-0.012366668508778));
#4935=CARTESIAN_POINT('',(0.0233230542413027,-0.0127,-0.012493296492448));
#4936=CARTESIAN_POINT('',(0.0233891756034884,-0.0127,-0.0125938935127903));
#4937=CARTESIAN_POINT('',(0.023425807697897,-0.0127,-0.0126516104287316));
#4938=CARTESIAN_POINT('',(0.0234425909404493,-0.0127,-0.0126787739931699));
#4939=CARTESIAN_POINT('',(0.0234628246123415,-0.0127,-0.0127120625757693));
#4940=CARTESIAN_POINT('',(0.0234952890724814,-0.0127,-0.0127661241964094));
#4941=CARTESIAN_POINT('',(0.02353843199584,-0.0127,-0.0128382304041882));
#4942=CARTESIAN_POINT('',(0.0236021804556988,-0.0127,-0.0129437162736501));
#4943=CARTESIAN_POINT('',(0.023673495601725,-0.0127,-0.0130592498728885));
#4944=CARTESIAN_POINT('',(0.0237529156742524,-0.0127,-0.0131834031869582));
#4945=CARTESIAN_POINT('',(0.023812123609765,-0.0127,-0.0132734436969355));
#4946=CARTESIAN_POINT('',(0.0238702405058646,-0.0127,-0.0133592386893749));
#4947=CARTESIAN_POINT('',(0.0239316823891788,-0.0127,-0.0134481889178315));
#4948=CARTESIAN_POINT('',(0.0240115660648374,-0.0127,-0.0135599331074303));
#4949=CARTESIAN_POINT('',(0.0240981178645795,-0.0127,-0.0136757564656069));
#4950=CARTESIAN_POINT('',(0.0241798139697657,-0.0127,-0.0137817483210046));
#4951=CARTESIAN_POINT('',(0.0242592474112913,-0.0127,-0.013880686331862));
#4952=CARTESIAN_POINT('',(0.0243279681506911,-0.0127,-0.0139634287127819));
#4953=CARTESIAN_POINT('',(0.0243981562748263,-0.0127,-0.0140461697313545));
#4954=CARTESIAN_POINT('',(0.0245056419411447,-0.0127,-0.0141686907880776));
#4955=CARTESIAN_POINT('',(0.024630692738516,-0.0127,-0.0143030222445772));
#4956=CARTESIAN_POINT('',(0.0247391196040257,-0.0127,-0.0144139671122864));
#4957=CARTESIAN_POINT('',(0.0248198108851811,-0.0127,-0.0144941082978083));
#4958=CARTESIAN_POINT('',(0.0249172577740315,-0.0127,-0.0145879312477168));
#4959=CARTESIAN_POINT('',(0.0250745262351268,-0.0127,-0.0147331175588188));
#4960=CARTESIAN_POINT('',(0.0252618477532598,-0.0127,-0.0148940014449372));
#4961=CARTESIAN_POINT('',(0.0254690980521653,-0.0127,-0.0150569237724553));
#4962=CARTESIAN_POINT('',(0.0256039934223039,-0.0127,-0.0151569773954505));
#4963=CARTESIAN_POINT('',(0.0257168631318127,-0.0127,-0.0152370967187743));
#4964=CARTESIAN_POINT('',(0.02584215427679,-0.0127,-0.0153232498184632));
#4965=CARTESIAN_POINT('',(0.0260162216460949,-0.0127,-0.0154367913206471));
#4966=CARTESIAN_POINT('',(0.0262469843438761,-0.0127,-0.0155753740508778));
#4967=CARTESIAN_POINT('',(0.0265002595250662,-0.0127,-0.0157145274974832));
#4968=CARTESIAN_POINT('',(0.0267937606808053,-0.0127,-0.0158594820988072));
#4969=CARTESIAN_POINT('',(0.0271149319533153,-0.0127,-0.0159988729790046));
#4970=CARTESIAN_POINT('',(0.0274612438998357,-0.0127,-0.0161290710790814));
#4971=CARTESIAN_POINT('',(0.0278559687456309,-0.0127,-0.0162531133532843));
#4972=CARTESIAN_POINT('',(0.0282891620891488,-0.0127,-0.0163602771660385));
#4973=CARTESIAN_POINT('',(0.028755480855077,-0.0127,-0.0164436429439758));
#4974=CARTESIAN_POINT('',(0.0292516641447202,-0.0127,-0.0164973903293538));
#4975=CARTESIAN_POINT('',(0.0297818432837432,-0.0127,-0.016516528414731));
#4976=CARTESIAN_POINT('',(0.0303541721548978,-0.0127,-0.0164909650802391));
#4977=CARTESIAN_POINT('',(0.0309083739223167,-0.0127,-0.0164205047382335));
#4978=CARTESIAN_POINT('',(0.0313723068777223,-0.0127,-0.016324485765304));
#4979=CARTESIAN_POINT('',(0.0317504628657772,-0.0127,-0.0162213121728499));
#4980=CARTESIAN_POINT('',(0.0321333046373432,-0.0127,-0.0160986716674891));
#4981=CARTESIAN_POINT('',(0.0325746109634774,-0.0127,-0.01592507268642));
#4982=CARTESIAN_POINT('',(0.0329856825626958,-0.0127,-0.0157252521683594));
#4983=CARTESIAN_POINT('',(0.0333002241846294,-0.0127,-0.0155495153157507));
#4984=CARTESIAN_POINT('',(0.0336093239000824,-0.0127,-0.0153606907463271));
#4985=CARTESIAN_POINT('',(0.0339630123950736,-0.0127,-0.0151150383081293));
#4986=CARTESIAN_POINT('',(0.034338758248972,-0.0127,-0.0148123751103485));
#4987=CARTESIAN_POINT('',(0.0346675163375937,-0.0127,-0.0145099332725403));
#4988=CARTESIAN_POINT('',(0.0349592604217865,-0.0127,-0.0142066727635923));
#4989=CARTESIAN_POINT('',(0.0352152376726673,-0.0127,-0.0139072821840055));
#4990=CARTESIAN_POINT('',(0.0354304171077362,-0.0127,-0.0136265773623904));
#4991=CARTESIAN_POINT('',(0.0356154615284923,-0.0127,-0.0133603608887453));
#4992=CARTESIAN_POINT('',(0.0357801934333468,-0.0127,-0.0130989605640252));
#4993=CARTESIAN_POINT('',(0.0359186356556919,-0.0127,-0.0128570683578327));
#4994=CARTESIAN_POINT('',(0.0360348288800149,-0.0127,-0.0126357624437708));
#4995=CARTESIAN_POINT('',(0.0361374999353907,-0.0127,-0.0124228086790794));
#4996=CARTESIAN_POINT('',(0.036222238916714,-0.0127,-0.0122315504556153));
#4997=CARTESIAN_POINT('',(0.0363146088758765,-0.0127,-0.0120079116373877));
#4998=CARTESIAN_POINT('',(0.0363989420393884,-0.0127,-0.0117794098074495));
#4999=CARTESIAN_POINT('',(0.0364679379611748,-0.0127,-0.0115682760225074));
#5000=CARTESIAN_POINT('',(0.0365120498653086,-0.0127,-0.0114220840055575));
#5001=CARTESIAN_POINT('',(0.0365479673330206,-0.0127,-0.0112933784918925));
#5002=CARTESIAN_POINT('',(0.0365839225844653,-0.0127,-0.0111564603540508));
#5003=CARTESIAN_POINT('',(0.0366255222368763,-0.0127,-0.0109839747891109));
#5004=CARTESIAN_POINT('',(0.0366665595221844,-0.0127,-0.0107889944159881));
#5005=CARTESIAN_POINT('',(0.0366974216356623,-0.0127,-0.0106216336164435));
#5006=CARTESIAN_POINT('',(0.0367223377981817,-0.0127,-0.0104689489370132));
#5007=CARTESIAN_POINT('',(0.0367428870170862,-0.0127,-0.0103245173731243));
#5008=CARTESIAN_POINT('',(0.0367581881033824,-0.0127,-0.0102011260400916));
#5009=CARTESIAN_POINT('',(0.0367745101888018,-0.0127,-0.0100523534082543));
#5010=CARTESIAN_POINT('',(0.0367896719493329,-0.0127,-0.00988037196066938));
#5011=CARTESIAN_POINT('',(0.0368049004328704,-0.0127,-0.00964601928039007));
#5012=CARTESIAN_POINT('',(0.0368118035411348,-0.0127,-0.00945049687184923));
#5013=CARTESIAN_POINT('',(0.0368146172427525,-0.0127,-0.00928088416118253));
#5014=CARTESIAN_POINT('',(0.0368152907466603,-0.0127,-0.00911815790220846));
#5015=CARTESIAN_POINT('',(0.036813077198665,-0.0127,-0.00894006509489949));
#5016=CARTESIAN_POINT('',(0.0368074485595851,-0.0127,-0.00874009907530293));
#5017=CARTESIAN_POINT('',(0.0367996425644878,-0.0127,-0.00855263212586337));
#5018=CARTESIAN_POINT('',(0.0367869812751083,-0.0127,-0.00831144165762896));
#5019=CARTESIAN_POINT('',(0.036767657539597,-0.0127,-0.00801941712750266));
#5020=CARTESIAN_POINT('',(0.036740041612469,-0.0127,-0.00767074529356144));
#5021=CARTESIAN_POINT('',(0.036708638402864,-0.0127,-0.00731849256064051));
#5022=CARTESIAN_POINT('',(0.0366739453574937,-0.0127,-0.00696030420252867));
#5023=CARTESIAN_POINT('',(0.036636476154002,-0.0127,-0.00659644852610132));
#5024=CARTESIAN_POINT('',(0.036596708684865,-0.0127,-0.00622776196769656));
#5025=CARTESIAN_POINT('',(0.0365413225721148,-0.0127,-0.00573239717918157));
#5026=CARTESIAN_POINT('',(0.0364689717911652,-0.0127,-0.00511163841559996));
#5027=CARTESIAN_POINT('',(0.036381624636634,-0.0127,-0.00438658751050054));
#5028=CARTESIAN_POINT('',(0.0362984579271965,-0.0127,-0.00370690096886628));
#5029=CARTESIAN_POINT('',(0.0362245950347563,-0.0127,-0.00310303520585451));
#5030=CARTESIAN_POINT('',(0.036165419990966,-0.0127,-0.00260467288001341));
#5031=CARTESIAN_POINT('',(0.036111786886195,-0.0127,-0.00214867961733913));
#5032=CARTESIAN_POINT('',(0.0360555770880844,-0.0127,-0.0016917677748145));
#5033=CARTESIAN_POINT('',(0.0359894246627,-0.0127,-0.00120906612971735));
#5034=CARTESIAN_POINT('',(0.0359061693413832,-0.0127,-0.00068786304083672));
#5035=CARTESIAN_POINT('',(0.0358041283272077,-0.0127,-0.000145719628164769));
#5036=CARTESIAN_POINT('',(0.0356836314551508,-0.0127,0.00041131491527124));
#5037=CARTESIAN_POINT('',(0.0355474546675827,-0.0127,0.000977986595063316));
#5038=CARTESIAN_POINT('',(0.0353417303766694,-0.0127,0.00177541632274002));
#5039=CARTESIAN_POINT('',(0.035038007163418,-0.0127,0.00286678526499718));
#5040=CARTESIAN_POINT('',(0.0346054324741738,-0.0127,0.00431328126549852));
#5041=CARTESIAN_POINT('',(0.0341150888527606,-0.0127,0.00585619386631031));
#5042=CARTESIAN_POINT('',(0.033578879984683,-0.0127,0.007446850743625));
#5043=CARTESIAN_POINT('',(0.0330063417162817,-0.0127,0.00903977088644801));
#5044=CARTESIAN_POINT('',(0.0324067659332714,-0.0127,0.0105872758777686));
#5045=CARTESIAN_POINT('',(0.0317654047864237,-0.0127,0.0120883742877222));
#5046=CARTESIAN_POINT('',(0.0310483160788235,-0.0127,0.013568920833668));
#5047=CARTESIAN_POINT('',(0.0302312473604362,-0.0127,0.0150272453168116));
#5048=CARTESIAN_POINT('',(0.0292994990516464,-0.0127,0.0164518335804189));
#5049=CARTESIAN_POINT('',(0.0284261113784254,-0.0127,0.0175963986166135));
#5050=CARTESIAN_POINT('',(0.0276698150316756,-0.0127,0.0184834054571271));
#5051=CARTESIAN_POINT('',(0.0268979411897266,-0.0127,0.0193305490627942));
#5052=CARTESIAN_POINT('',(0.0259286997069844,-0.0127,0.0203068983628714));
#5053=CARTESIAN_POINT('',(0.0247914964097169,-0.0127,0.0213669914994336));
#5054=CARTESIAN_POINT('',(0.0238961210091272,-0.0127,0.0221572762450383));
#5055=CARTESIAN_POINT('',(0.0232348679333913,-0.0127,0.0227268404464749));
#5056=CARTESIAN_POINT('',(0.0227743332527112,-0.0127,0.02311896354752));
#5057=CARTESIAN_POINT('',(0.0223544033878305,-0.0127,0.0234744621254512));
#5058=CARTESIAN_POINT('',(0.0221071500466324,-0.0127,0.0236836851530992));
#5059=CARTESIAN_POINT('',(0.0219970712448209,-0.0127,0.0237773256484158));
#5060=CARTESIAN_POINT('',(0.0211621474663323,-0.0127,-0.00960536491577725));
#5061=CARTESIAN_POINT('',(0.0199424704459401,-0.0127,-0.0114085001930722));
#5062=CARTESIAN_POINT('',(0.0199973574154153,-0.0127,-0.0113333452015979));
#5063=CARTESIAN_POINT('',(0.020134917521773,-0.0127,-0.0111472029484955));
#5064=CARTESIAN_POINT('',(0.0203577278279672,-0.0127,-0.0108439076951919));
#5065=CARTESIAN_POINT('',(0.0205784855716256,-0.0127,-0.0105305482168306));
#5066=CARTESIAN_POINT('',(0.0207587823459093,-0.0127,-0.0102635635583484));
#5067=CARTESIAN_POINT('',(0.0209501382330153,-0.0127,-0.00996532786980498));
#5068=CARTESIAN_POINT('',(0.021090766572775,-0.0127,-0.00973044612786617));
#5069=CARTESIAN_POINT('',(0.0211621474663322,-0.0127,-0.00960536491577738));
#5070=CARTESIAN_POINT('',(0.0199424704460664,-0.0127,-0.0114085001931644));
#5071=CARTESIAN_POINT('',(-0.00832766594921288,-0.0127,-0.0476504994429553));
#5072=CARTESIAN_POINT('',(-0.00829422625421617,-0.0127,-0.0476762700517297));
#5073=CARTESIAN_POINT('',(-0.00820799101614162,-0.0127,-0.0477436751096921));
#5074=CARTESIAN_POINT('',(-0.00801819939465021,-0.0127,-0.0478947838468589));
#5075=CARTESIAN_POINT('',(-0.00776261520635767,-0.0127,-0.0480965625752704));
#5076=CARTESIAN_POINT('',(-0.00734221964740658,-0.0127,-0.0484189015218463));
#5077=CARTESIAN_POINT('',(-0.00686180267729485,-0.0127,-0.0487623795529086));
#5078=CARTESIAN_POINT('',(-0.00637175353200788,-0.0127,-0.0490728939024914));
#5079=CARTESIAN_POINT('',(-0.00611101979351535,-0.0127,-0.0492300555609479));
#5080=CARTESIAN_POINT('',(-0.0058420085582847,-0.0127,-0.0493834412518913));
#5081=CARTESIAN_POINT('',(-0.00548559978794207,-0.0127,-0.0495759040376006));
#5082=CARTESIAN_POINT('',(-0.00503886604749176,-0.0127,-0.0497981790559716));
#5083=CARTESIAN_POINT('',(-0.00432085399104896,-0.0127,-0.0501186040539081));
#5084=CARTESIAN_POINT('',(-0.00340426612954439,-0.0127,-0.05046257091509));
#5085=CARTESIAN_POINT('',(-0.00244314329279926,-0.0127,-0.0507369161328182));
#5086=CARTESIAN_POINT('',(-0.00162818379870492,-0.0127,-0.0509101135564764));
#5087=CARTESIAN_POINT('',(-0.00109290113350711,-0.0127,-0.0509965575795584));
#5088=CARTESIAN_POINT('',(-0.000644641586582155,-0.0127,-0.0510497439333782));
#5089=CARTESIAN_POINT('',(-0.000300959242258571,-0.0127,-0.051080448602752));
#5090=CARTESIAN_POINT('',(6.07046649296173E-5,-0.0127,-0.0511015905908624));
#5091=CARTESIAN_POINT('',(0.000442369274694351,-0.0127,-0.0511104792537543));
#5092=CARTESIAN_POINT('',(0.000826007111825693,-0.0127,-0.0511055951023438));
#5093=CARTESIAN_POINT('',(0.00122507240368894,-0.0127,-0.0510854039981025));
#5094=CARTESIAN_POINT('',(0.00161076878846834,-0.0127,-0.0510504069758816));
#5095=CARTESIAN_POINT('',(0.00210328718296941,-0.0127,-0.0509873483025478));
#5096=CARTESIAN_POINT('',(0.00268136323180519,-0.0127,-0.0508811236132971));
#5097=CARTESIAN_POINT('',(0.00329525988248807,-0.0127,-0.0507272295820431));
#5098=CARTESIAN_POINT('',(0.00381543542060352,-0.0127,-0.0505675837118709));
#5099=CARTESIAN_POINT('',(0.00417608936689956,-0.0127,-0.0504408583575689));
#5100=CARTESIAN_POINT('',(0.00441535574931345,-0.0127,-0.0503514521795065));
#5101=CARTESIAN_POINT('',(0.00456601290862634,-0.0127,-0.0502935367500559));
#5102=CARTESIAN_POINT('',(0.00469835388097346,-0.0127,-0.0502417755826006));
#5103=CARTESIAN_POINT('',(0.00480868695145339,-0.0127,-0.050198201955276));
#5104=CARTESIAN_POINT('',(0.0048947416812737,-0.0127,-0.0501642596719669));
#5105=CARTESIAN_POINT('',(0.00496682091199439,-0.0127,-0.0501362908491236));
#5106=CARTESIAN_POINT('',(0.00502563149752879,-0.0127,-0.050114197555837));
#5107=CARTESIAN_POINT('',(0.00518421753892536,-0.0127,-0.0500572374759288));
#5108=CARTESIAN_POINT('',(0.00541269762924051,-0.0127,-0.0499761239955347));
#5109=CARTESIAN_POINT('',(0.00570700592987723,-0.0127,-0.049869184189733));
#5110=CARTESIAN_POINT('',(0.00607190044740186,-0.0127,-0.0497291542342842));
#5111=CARTESIAN_POINT('',(0.00649256257891017,-0.0127,-0.0495540328094498));
#5112=CARTESIAN_POINT('',(0.00696554405296456,-0.0127,-0.0493364284526955));
#5113=CARTESIAN_POINT('',(0.00747903883473212,-0.0127,-0.0490719686214399));
#5114=CARTESIAN_POINT('',(0.00794045006394813,-0.0127,-0.0488021351699817));
#5115=CARTESIAN_POINT('',(0.00831037064078866,-0.0127,-0.048563205601609));
#5116=CARTESIAN_POINT('',(0.00867804203434126,-0.0127,-0.048309619595183));
#5117=CARTESIAN_POINT('',(0.00909392015764292,-0.0127,-0.0479951496093617));
#5118=CARTESIAN_POINT('',(0.00954748628320172,-0.0127,-0.0476162607512726));
#5119=CARTESIAN_POINT('',(0.0101013079301006,-0.0127,-0.0471107688171537));
#5120=CARTESIAN_POINT('',(0.0107078315658322,-0.0127,-0.0464878113244205));
#5121=CARTESIAN_POINT('',(0.0113396719375798,-0.0127,-0.0457552121680014));
#5122=CARTESIAN_POINT('',(0.0118047558002005,-0.0127,-0.0451576264296942));
#5123=CARTESIAN_POINT('',(0.0121410909731599,-0.0127,-0.0446984232509761));
#5124=CARTESIAN_POINT('',(0.0123872424157106,-0.0127,-0.0443483857951281));
#5125=CARTESIAN_POINT('',(0.0126259072524391,-0.0127,-0.0439947514369744));
#5126=CARTESIAN_POINT('',(0.0128691820068102,-0.0127,-0.0436178004871596));
#5127=CARTESIAN_POINT('',(0.0131124117679933,-0.0127,-0.0432201083179618));
#5128=CARTESIAN_POINT('',(0.0134297464822339,-0.0127,-0.0426701393386289));
#5129=CARTESIAN_POINT('',(0.0138125238384222,-0.0127,-0.0419424429020451));
#5130=CARTESIAN_POINT('',(0.0142378965164612,-0.0127,-0.0410117530444015));
#5131=CARTESIAN_POINT('',(0.0146208471909713,-0.0127,-0.0400403724192791));
#5132=CARTESIAN_POINT('',(0.0149082755229574,-0.0127,-0.0391937119524583));
#5133=CARTESIAN_POINT('',(0.0151201045076674,-0.0127,-0.0384964934848844));
#5134=CARTESIAN_POINT('',(0.0153172652816061,-0.0127,-0.0378019734143595));
#5135=CARTESIAN_POINT('',(0.0155433763477828,-0.0127,-0.0369309787276399));
#5136=CARTESIAN_POINT('',(0.0157907211408979,-0.0127,-0.0358846495273358));
#5137=CARTESIAN_POINT('',(0.0160198670683036,-0.0127,-0.0348445822792425));
#5138=CARTESIAN_POINT('',(0.0162336789234117,-0.0127,-0.0338226538857561));
#5139=CARTESIAN_POINT('',(0.016433096766819,-0.0127,-0.0328371244826643));
#5140=CARTESIAN_POINT('',(0.0166184102064557,-0.0127,-0.0319069427377249));
#5141=CARTESIAN_POINT('',(0.0167601129625901,-0.0127,-0.0311988818100059));
#5142=CARTESIAN_POINT('',(0.0168646507062839,-0.0127,-0.0306885284181533));
#5143=CARTESIAN_POINT('',(0.0169375392995444,-0.0127,-0.0303412447379467));
#5144=CARTESIAN_POINT('',(0.0170062941050895,-0.0127,-0.0300246006204744));
#5145=CARTESIAN_POINT('',(0.0170964179526487,-0.0127,-0.0296213965866365));
#5146=CARTESIAN_POINT('',(0.017207620143972,-0.0127,-0.0291407816638099));
#5147=CARTESIAN_POINT('',(0.0173509026945182,-0.0127,-0.0285284582206004));
#5148=CARTESIAN_POINT('',(0.0175041227470315,-0.0127,-0.02784295255093));
#5149=CARTESIAN_POINT('',(0.0176592126718003,-0.0127,-0.0270756892541072));
#5150=CARTESIAN_POINT('',(0.0177831112206104,-0.0127,-0.0263625855890254));
#5151=CARTESIAN_POINT('',(0.0178750279102293,-0.0127,-0.0257529704492298));
#5152=CARTESIAN_POINT('',(0.017962106671721,-0.0127,-0.0251163827784777));
#5153=CARTESIAN_POINT('',(0.0180580346189445,-0.0127,-0.024306151145209));
#5154=CARTESIAN_POINT('',(0.018162772575151,-0.0127,-0.0233112830983224));
#5155=CARTESIAN_POINT('',(0.0182621111846694,-0.0127,-0.022301000664158));
#5156=CARTESIAN_POINT('',(0.0183596953177798,-0.0127,-0.021291880564051));
#5157=CARTESIAN_POINT('',(0.0184576632433302,-0.0127,-0.0203081377442495));
#5158=CARTESIAN_POINT('',(0.0185576209127667,-0.0127,-0.0193762568345877));
#5159=CARTESIAN_POINT('',(0.0186426283227802,-0.0127,-0.0186720100403703));
#5160=CARTESIAN_POINT('',(0.0187111004510513,-0.0127,-0.0181684406259719));
#5161=CARTESIAN_POINT('',(0.0187615774301249,-0.0127,-0.0178287551983018));
#5162=CARTESIAN_POINT('',(0.0188099525926874,-0.0127,-0.0175350801911693));
#5163=CARTESIAN_POINT('',(0.0188524232769804,-0.0127,-0.0173063736337835));
#5164=CARTESIAN_POINT('',(0.0188927394564499,-0.0127,-0.0171143302834718));
#5165=CARTESIAN_POINT('',(0.01894820100403,-0.0127,-0.0168771164034146));
#5166=CARTESIAN_POINT('',(0.0190294932918825,-0.0127,-0.0165710966419887));
#5167=CARTESIAN_POINT('',(0.01916577303008,-0.0127,-0.0161026910367499));
#5168=CARTESIAN_POINT('',(0.0193232981819958,-0.0127,-0.0155555686827615));
#5169=CARTESIAN_POINT('',(0.0194638726278817,-0.0127,-0.0150070151355997));
#5170=CARTESIAN_POINT('',(0.0195692989737346,-0.0127,-0.0145435385066196));
#5171=CARTESIAN_POINT('',(0.0196511700625703,-0.0127,-0.0141216978185918));
#5172=CARTESIAN_POINT('',(0.0197112396011127,-0.0127,-0.0137532507969051));
#5173=CARTESIAN_POINT('',(0.0197620137334984,-0.0127,-0.0133980965193977));
#5174=CARTESIAN_POINT('',(0.0198011827096541,-0.0127,-0.0130596604036197));
#5175=CARTESIAN_POINT('',(0.0198297078062284,-0.0127,-0.0127676424542588));
#5176=CARTESIAN_POINT('',(0.0198542242163727,-0.0127,-0.0124925635173377));
#5177=CARTESIAN_POINT('',(0.0198784930317833,-0.0127,-0.0121842699398361));
#5178=CARTESIAN_POINT('',(0.0199021003410261,-0.0127,-0.0118708873904343));
#5179=CARTESIAN_POINT('',(0.0199232403714957,-0.0127,-0.0116071426193942));
#5180=CARTESIAN_POINT('',(0.0199361797898754,-0.0127,-0.0114693906889755));
#5181=CARTESIAN_POINT('',(0.0199424704460664,-0.0127,-0.0114085001931644));
#5182=CARTESIAN_POINT('',(-0.00832766594921269,-0.0127,-0.0476504994429553));
#5183=CARTESIAN_POINT('',(-0.0140164583459349,-0.0127,-0.042557859769774));
#5184=CARTESIAN_POINT('',(-0.0139859502587099,-0.0127,-0.0426040632356971));
#5185=CARTESIAN_POINT('',(-0.0139123372326743,-0.0127,-0.0427171370605737));
#5186=CARTESIAN_POINT('',(-0.0137575733397685,-0.0127,-0.0429566993959778));
#5187=CARTESIAN_POINT('',(-0.0135675211621157,-0.0127,-0.0432469922087082));
#5188=CARTESIAN_POINT('',(-0.0133256468847562,-0.0127,-0.0436029322837009));
#5189=CARTESIAN_POINT('',(-0.0130357803439846,-0.0127,-0.0440048958267262));
#5190=CARTESIAN_POINT('',(-0.0127362303524798,-0.0127,-0.0443879102755607));
#5191=CARTESIAN_POINT('',(-0.0124586941313634,-0.0127,-0.0447145013654852));
#5192=CARTESIAN_POINT('',(-0.0122300841616179,-0.0127,-0.0449684699559764));
#5193=CARTESIAN_POINT('',(-0.0119686747912409,-0.0127,-0.045240347639187));
#5194=CARTESIAN_POINT('',(-0.0116772742418863,-0.0127,-0.0455201058859773));
#5195=CARTESIAN_POINT('',(-0.0113852682744123,-0.0127,-0.0457796889023965));
#5196=CARTESIAN_POINT('',(-0.0110726828384545,-0.0127,-0.0460364818854774));
#5197=CARTESIAN_POINT('',(-0.0107727724691455,-0.0127,-0.0462633362048562));
#5198=CARTESIAN_POINT('',(-0.0103944505788665,-0.0127,-0.0465298831299575));
#5199=CARTESIAN_POINT('',(-0.00994874047995911,-0.0127,-0.0468134227416957));
#5200=CARTESIAN_POINT('',(-0.00954833416771349,-0.0127,-0.0470407070203981));
#5201=CARTESIAN_POINT('',(-0.00926359687364702,-0.0127,-0.0471920998959445));
#5202=CARTESIAN_POINT('',(-0.00900932786156272,-0.0127,-0.0473223328570439));
#5203=CARTESIAN_POINT('',(-0.00878804239874357,-0.0127,-0.0474305991247213));
#5204=CARTESIAN_POINT('',(-0.00860466109816858,-0.0127,-0.0475183154838218));
#5205=CARTESIAN_POINT('',(-0.00845334034911079,-0.0127,-0.0475901649626624));
#5206=CARTESIAN_POINT('',(-0.00836931752951413,-0.0127,-0.0476303014272255));
#5207=CARTESIAN_POINT('',(-0.00832766594921274,-0.0127,-0.0476504994429553));
#5208=CARTESIAN_POINT('',(-0.0140164583459366,-0.0127,-0.0425578597697754));
#5209=CARTESIAN_POINT('',(-0.0176928392522736,-0.0127,-0.0320193063316116));
#5210=CARTESIAN_POINT('',(-0.0177309802022298,-0.0127,-0.0322309405749334));
#5211=CARTESIAN_POINT('',(-0.0178003808190884,-0.0127,-0.0326658554779943));
#5212=CARTESIAN_POINT('',(-0.017864886574999,-0.0127,-0.0332519750717957));
#5213=CARTESIAN_POINT('',(-0.0178977923087783,-0.0127,-0.0337430015814387));
#5214=CARTESIAN_POINT('',(-0.0179166505473238,-0.0127,-0.0342617150948264));
#5215=CARTESIAN_POINT('',(-0.0179070309888242,-0.0127,-0.0349471142795183));
#5216=CARTESIAN_POINT('',(-0.0178314211589829,-0.0127,-0.0357860816420627));
#5217=CARTESIAN_POINT('',(-0.0176900712100069,-0.0127,-0.0366192954975292));
#5218=CARTESIAN_POINT('',(-0.0174806024612237,-0.0127,-0.0374465523875164));
#5219=CARTESIAN_POINT('',(-0.0172004725778431,-0.0127,-0.0382614769012337));
#5220=CARTESIAN_POINT('',(-0.0168536191540048,-0.0127,-0.0390480195598186));
#5221=CARTESIAN_POINT('',(-0.0164404653885805,-0.0127,-0.039803965646637));
#5222=CARTESIAN_POINT('',(-0.0160429347070395,-0.0127,-0.0404020430320221));
#5223=CARTESIAN_POINT('',(-0.0157429411735531,-0.0127,-0.0407965634363274));
#5224=CARTESIAN_POINT('',(-0.0155636720714376,-0.0127,-0.041017171227948));
#5225=CARTESIAN_POINT('',(-0.0153895275604757,-0.0127,-0.041222534038984));
#5226=CARTESIAN_POINT('',(-0.0151793238529803,-0.0127,-0.041456420387557));
#5227=CARTESIAN_POINT('',(-0.0149401587072591,-0.0127,-0.04170539033955));
#5228=CARTESIAN_POINT('',(-0.0147194428358114,-0.0127,-0.0419222493856055));
#5229=CARTESIAN_POINT('',(-0.0145245182372448,-0.0127,-0.0421050337367109));
#5230=CARTESIAN_POINT('',(-0.0143614176656168,-0.0127,-0.0422532494376726));
#5231=CARTESIAN_POINT('',(-0.0142170477999626,-0.0127,-0.0423816802335207));
#5232=CARTESIAN_POINT('',(-0.0140983923942984,-0.0127,-0.0424858455644957));
#5233=CARTESIAN_POINT('',(-0.0140411628600444,-0.0127,-0.0425360649242945));
#5234=CARTESIAN_POINT('',(-0.0140164583459366,-0.0127,-0.0425578597697754));
#5235=CARTESIAN_POINT('',(-0.0176928392522736,-0.0127,-0.0320193063316115));
#5236=CARTESIAN_POINT('',(-0.033668823495851,-0.0127,-0.015507756546755));
#5237=CARTESIAN_POINT('',(-0.0336692204643893,-0.0127,-0.0155978961070444));
#5238=CARTESIAN_POINT('',(-0.0336674741183124,-0.0127,-0.015808075099762));
#5239=CARTESIAN_POINT('',(-0.0336530541166569,-0.0127,-0.0161155354221889));
#5240=CARTESIAN_POINT('',(-0.0336310661649674,-0.0127,-0.0163864145790845));
#5241=CARTESIAN_POINT('',(-0.0336080323759934,-0.0127,-0.0166045796456762));
#5242=CARTESIAN_POINT('',(-0.0335780361358209,-0.0127,-0.0168308194509405));
#5243=CARTESIAN_POINT('',(-0.0335307243857512,-0.0127,-0.0171278946040785));
#5244=CARTESIAN_POINT('',(-0.033456475092699,-0.0127,-0.017502853183536));
#5245=CARTESIAN_POINT('',(-0.0333411605618234,-0.0127,-0.0179581791981457));
#5246=CARTESIAN_POINT('',(-0.0332073469907429,-0.0127,-0.0183928385458771));
#5247=CARTESIAN_POINT('',(-0.0330570330083206,-0.0127,-0.0188108402881769));
#5248=CARTESIAN_POINT('',(-0.0328980766699193,-0.0127,-0.0191995475780567));
#5249=CARTESIAN_POINT('',(-0.0327449383708313,-0.0127,-0.0195393748470184));
#5250=CARTESIAN_POINT('',(-0.0325899548635757,-0.0127,-0.0198592374777564));
#5251=CARTESIAN_POINT('',(-0.0323854548957809,-0.0127,-0.0202561788261733));
#5252=CARTESIAN_POINT('',(-0.0321259774474481,-0.0127,-0.0207245738349897));
#5253=CARTESIAN_POINT('',(-0.0318025813216861,-0.0127,-0.0212686449004146));
#5254=CARTESIAN_POINT('',(-0.0314642959788666,-0.0127,-0.0218067279435808));
#5255=CARTESIAN_POINT('',(-0.0309943624748995,-0.0127,-0.0225215139175546));
#5256=CARTESIAN_POINT('',(-0.0303658484127844,-0.0127,-0.0234251952231301));
#5257=CARTESIAN_POINT('',(-0.0295581205982344,-0.0127,-0.0245175777889576));
#5258=CARTESIAN_POINT('',(-0.0287093271456583,-0.0127,-0.0256034705840349));
#5259=CARTESIAN_POINT('',(-0.0278328880841447,-0.0127,-0.0266631595166414));
#5260=CARTESIAN_POINT('',(-0.026937060034445,-0.0127,-0.0276796038613037));
#5261=CARTESIAN_POINT('',(-0.0261692002753092,-0.0127,-0.0284840500318435));
#5262=CARTESIAN_POINT('',(-0.0255246641326788,-0.0127,-0.0291054975251733));
#5263=CARTESIAN_POINT('',(-0.0249999027549264,-0.0127,-0.0295753939173444));
#5264=CARTESIAN_POINT('',(-0.0244316507336033,-0.0127,-0.030039473846567));
#5265=CARTESIAN_POINT('',(-0.0238729979536747,-0.0127,-0.0304417745186678));
#5266=CARTESIAN_POINT('',(-0.0233759090262838,-0.0127,-0.0307550335041668));
#5267=CARTESIAN_POINT('',(-0.0228456475658994,-0.0127,-0.0310585888521618));
#5268=CARTESIAN_POINT('',(-0.0222361167371813,-0.0127,-0.0313529320497528));
#5269=CARTESIAN_POINT('',(-0.0215652152245621,-0.0127,-0.0316066319421843));
#5270=CARTESIAN_POINT('',(-0.0210264729031507,-0.0127,-0.0317733200440059));
#5271=CARTESIAN_POINT('',(-0.0205647549411178,-0.0127,-0.0318840402384706));
#5272=CARTESIAN_POINT('',(-0.0201868848234277,-0.0127,-0.0319553578081114));
#5273=CARTESIAN_POINT('',(-0.0197999860708303,-0.0127,-0.0320149348730066));
#5274=CARTESIAN_POINT('',(-0.019323459252666,-0.0127,-0.0320636462484606));
#5275=CARTESIAN_POINT('',(-0.0187572471824368,-0.0127,-0.0320846120278277));
#5276=CARTESIAN_POINT('',(-0.0182058860463867,-0.0127,-0.0320692875915604));
#5277=CARTESIAN_POINT('',(-0.017860899126116,-0.0127,-0.0320387720134227));
#5278=CARTESIAN_POINT('',(-0.0176928392522736,-0.0127,-0.0320193063316115));
#5279=CARTESIAN_POINT('',(-0.0336688234958509,-0.0127,-0.0155077565467545));
#5280=CARTESIAN_POINT('',(-0.0215916096180564,-0.0127,-0.000541200138552147));
#5281=CARTESIAN_POINT('',(-0.0222165416284615,-0.0127,-0.00094487011273195));
#5282=CARTESIAN_POINT('',(-0.0235113552420679,-0.0127,-0.0018042742185612));
#5283=CARTESIAN_POINT('',(-0.0251651635007791,-0.0127,-0.00296715341381586));
#5284=CARTESIAN_POINT('',(-0.0264632709320376,-0.0127,-0.00392838220027559));
#5285=CARTESIAN_POINT('',(-0.0274147112247778,-0.0127,-0.00466132799341285));
#5286=CARTESIAN_POINT('',(-0.0283361917991085,-0.0127,-0.00540542030812964));
#5287=CARTESIAN_POINT('',(-0.0292221371272896,-0.0127,-0.00616344380000582));
#5288=CARTESIAN_POINT('',(-0.0300741542661239,-0.0127,-0.00694855176768182));
#5289=CARTESIAN_POINT('',(-0.0307624561324946,-0.0127,-0.00764864785539036));
#5290=CARTESIAN_POINT('',(-0.0313150850621835,-0.0127,-0.0082766415782103));
#5291=CARTESIAN_POINT('',(-0.0317330085174301,-0.0127,-0.0087967162089134));
#5292=CARTESIAN_POINT('',(-0.0321689710880704,-0.0127,-0.00940983231491477));
#5293=CARTESIAN_POINT('',(-0.0325783129456497,-0.0127,-0.010085855736749));
#5294=CARTESIAN_POINT('',(-0.0329396642533721,-0.0127,-0.0108087590663449));
#5295=CARTESIAN_POINT('',(-0.0331902845660595,-0.0127,-0.0114382840405076));
#5296=CARTESIAN_POINT('',(-0.0333595752983184,-0.0127,-0.0119636938723664));
#5297=CARTESIAN_POINT('',(-0.0335054779102087,-0.0127,-0.0125034555515612));
#5298=CARTESIAN_POINT('',(-0.033630871792147,-0.0127,-0.0131444878723649));
#5299=CARTESIAN_POINT('',(-0.0336986993448146,-0.0127,-0.0137540035507286));
#5300=CARTESIAN_POINT('',(-0.0337222753197085,-0.0127,-0.0142316445433545));
#5301=CARTESIAN_POINT('',(-0.0337253786930273,-0.0127,-0.0145579843045417));
#5302=CARTESIAN_POINT('',(-0.0337180782211581,-0.0127,-0.0148534591547707));
#5303=CARTESIAN_POINT('',(-0.033703799859479,-0.0127,-0.0151141425763789));
#5304=CARTESIAN_POINT('',(-0.033685914653931,-0.0127,-0.0153375971058042));
#5305=CARTESIAN_POINT('',(-0.033674502169643,-0.0127,-0.0154533233843878));
#5306=CARTESIAN_POINT('',(-0.0336688234958509,-0.0127,-0.0155077565467546));
#5307=CARTESIAN_POINT('',(-0.0215916096180564,-0.0127,-0.000541200138552163));
#5308=CARTESIAN_POINT('',(-0.020534009907476,-0.0127,0.0139893672592757));
#5309=CARTESIAN_POINT('',(-0.0207371182872784,-0.0127,0.0128585244525166));
#5310=CARTESIAN_POINT('',(-0.0210764883578429,-0.0127,0.0104800162824431));
#5311=CARTESIAN_POINT('',(-0.0214350684675468,-0.0127,0.00667705123007758));
#5312=CARTESIAN_POINT('',(-0.0216272194077503,-0.0127,0.00289919211368131));
#5313=CARTESIAN_POINT('',(-0.0216314538103406,-0.0127,0.000565748613346081));
#5314=CARTESIAN_POINT('',(-0.0215916096180564,-0.0127,-0.000541200138552163));
#5315=CARTESIAN_POINT('',(-0.020534009907476,-0.0127,0.0139893672592757));
#5316=CARTESIAN_POINT('',(-0.0360332496230602,-0.0127,0.0246119029549401));
#5317=CARTESIAN_POINT('',(-0.0358992812307261,-0.0127,0.0244371219286009));
#5318=CARTESIAN_POINT('',(-0.0356313447470624,-0.0127,0.0240875600263971));
#5319=CARTESIAN_POINT('',(-0.0352294382155395,-0.0127,0.0235632162702425));
#5320=CARTESIAN_POINT('',(-0.034827538005112,-0.0127,0.0230388756740588));
#5321=CARTESIAN_POINT('',(-0.0344926015977941,-0.0127,0.0226019153963769));
#5322=CARTESIAN_POINT('',(-0.034224780047118,-0.0127,0.0222524771793623));
#5323=CARTESIAN_POINT('',(-0.0340568069327788,-0.0127,0.0220333468907976));
#5324=CARTESIAN_POINT('',(-0.0339233027258719,-0.0127,0.0218592096211663));
#5325=CARTESIAN_POINT('',(-0.0337912598431305,-0.0127,0.0216868419677132));
#5326=CARTESIAN_POINT('',(-0.0336081877083051,-0.0127,0.0214480020669499));
#5327=CARTESIAN_POINT('',(-0.0333373564117614,-0.0127,0.0211014727748197));
#5328=CARTESIAN_POINT('',(-0.0329097508869994,-0.0127,0.0205759811962698));
#5329=CARTESIAN_POINT('',(-0.032372590390769,-0.0127,0.019968410801957));
#5330=CARTESIAN_POINT('',(-0.0317280646699948,-0.0127,0.0193298718537614));
#5331=CARTESIAN_POINT('',(-0.0311892161203388,-0.0127,0.0188435751140372));
#5332=CARTESIAN_POINT('',(-0.0306041469233149,-0.0127,0.0183656026016415));
#5333=CARTESIAN_POINT('',(-0.0299709195434556,-0.0127,0.0178991726553239));
#5334=CARTESIAN_POINT('',(-0.0293007957070623,-0.0127,0.0174551497688301));
#5335=CARTESIAN_POINT('',(-0.0285929435894747,-0.0127,0.0170328838768655));
#5336=CARTESIAN_POINT('',(-0.0278445720304073,-0.0127,0.0166313978162815));
#5337=CARTESIAN_POINT('',(-0.0270567095438347,-0.0127,0.0162526069296857));
#5338=CARTESIAN_POINT('',(-0.0262588759028906,-0.0127,0.0159055606155255));
#5339=CARTESIAN_POINT('',(-0.0251764918721245,-0.0127,0.0154747925029095));
#5340=CARTESIAN_POINT('',(-0.0238209635113992,-0.0127,0.014993930684975));
#5341=CARTESIAN_POINT('',(-0.0221657668666176,-0.0127,0.0144653645906455));
#5342=CARTESIAN_POINT('',(-0.0210716767521397,-0.0127,0.0141433272943033));
#5343=CARTESIAN_POINT('',(-0.020534009907476,-0.0127,0.0139893672592757));
#5344=CARTESIAN_POINT('',(-0.0360332496230602,-0.0127,0.0246119029549401));
#5345=CARTESIAN_POINT('',(-0.0360332496230602,-0.0127,0.0246119029549401));
#5346=CARTESIAN_POINT('',(-0.0359212052817558,-0.0127,0.0249697762324839));
#5347=CARTESIAN_POINT('',(-0.035697095429152,-0.0127,0.025685604714525));
#5348=CARTESIAN_POINT('',(-0.0354170639633716,-0.0127,0.0265799806823086));
#5349=CARTESIAN_POINT('',(-0.0351928165058014,-0.0127,0.0272963416895475));
#5350=CARTESIAN_POINT('',(-0.0350249774136275,-0.0127,0.0278319774343977));
#5351=CARTESIAN_POINT('',(-0.0348573853598919,-0.0127,0.0283687179107036));
#5352=CARTESIAN_POINT('',(-0.0346663810508138,-0.0127,0.0289709744609944));
#5353=CARTESIAN_POINT('',(-0.0344445695391284,-0.0127,0.0296362938520344));
#5354=CARTESIAN_POINT('',(-0.0340973934038402,-0.0127,0.0305980240375424));
#5355=CARTESIAN_POINT('',(-0.0335386633399349,-0.0127,0.0319377457119277));
#5356=CARTESIAN_POINT('',(-0.0325726372797307,-0.0127,0.0337007905701237));
#5357=CARTESIAN_POINT('',(-0.0312198858063766,-0.0127,0.0355058097234583));
#5358=CARTESIAN_POINT('',(-0.0299090253617566,-0.0127,0.036761345103041));
#5359=CARTESIAN_POINT('',(-0.0289187634664262,-0.0127,0.0375224102878066));
#5360=CARTESIAN_POINT('',(-0.0284094211465867,-0.0127,0.0378813787849884));
#5361=CARTESIAN_POINT('',(-0.0278848775708342,-0.0127,0.0382200711516456));
#5362=CARTESIAN_POINT('',(-0.0273706898108869,-0.0127,0.0385252429611016));
#5363=CARTESIAN_POINT('',(-0.0268643503702239,-0.0127,0.0388042793076631));
#5364=CARTESIAN_POINT('',(-0.0261933345103873,-0.0127,0.0391487553862745));
#5365=CARTESIAN_POINT('',(-0.0253720430906486,-0.0127,0.039529342313301));
#5366=CARTESIAN_POINT('',(-0.0244075819244042,-0.0127,0.0399260927573525));
#5367=CARTESIAN_POINT('',(-0.0234701619181796,-0.0127,0.040270291934325));
#5368=CARTESIAN_POINT('',(-0.0225639532763618,-0.0127,0.0405682172520155));
#5369=CARTESIAN_POINT('',(-0.0216941820661332,-0.0127,0.0408234029840457));
#5370=CARTESIAN_POINT('',(-0.0208621970438969,-0.0127,0.041038766534759));
#5371=CARTESIAN_POINT('',(-0.0201986882492699,-0.0127,0.0411866493374268));
#5372=CARTESIAN_POINT('',(-0.019670301812795,-0.0127,0.0412877004605307));
#5373=CARTESIAN_POINT('',(-0.0192703786456604,-0.0127,0.0413544342877391));
#5374=CARTESIAN_POINT('',(-0.018921812085113,-0.0127,0.0414026984890652));
#5375=CARTESIAN_POINT('',(-0.0186210134793543,-0.0127,0.0414360087652385));
#5376=CARTESIAN_POINT('',(-0.0183802682647177,-0.0127,0.0414576136624793));
#5377=CARTESIAN_POINT('',(-0.0181567043301984,-0.0127,0.0414721602138711));
#5378=CARTESIAN_POINT('',(-0.0179663067327438,-0.0127,0.0414801606161001));
#5379=CARTESIAN_POINT('',(-0.0177635885877356,-0.0127,0.0414856950572045));
#5380=CARTESIAN_POINT('',(-0.0175128674302591,-0.0127,0.0414854297164581));
#5381=CARTESIAN_POINT('',(-0.0172504231080419,-0.0127,0.0414756145612952));
#5382=CARTESIAN_POINT('',(-0.0170539385143561,-0.0127,0.0414631094922703));
#5383=CARTESIAN_POINT('',(-0.0168876952520008,-0.0127,0.0414484081872889));
#5384=CARTESIAN_POINT('',(-0.0167500162776276,-0.0127,0.0414339256194953));
#5385=CARTESIAN_POINT('',(-0.0166015199993687,-0.0127,0.0414153898471833));
#5386=CARTESIAN_POINT('',(-0.0164483424233275,-0.0127,0.0413931262349918));
#5387=CARTESIAN_POINT('',(-0.0162819656813682,-0.0127,0.0413654735019246));
#5388=CARTESIAN_POINT('',(-0.0160896957217587,-0.0127,0.0413286258078797));
#5389=CARTESIAN_POINT('',(-0.0158835870362052,-0.0127,0.0412829047712093));
#5390=CARTESIAN_POINT('',(-0.0156714986416866,-0.0127,0.0412295161574052));
#5391=CARTESIAN_POINT('',(-0.0154272818541581,-0.0127,0.0411596468054328));
#5392=CARTESIAN_POINT('',(-0.015207579773089,-0.0127,0.0410879592822917));
#5393=CARTESIAN_POINT('',(-0.0150160704063125,-0.0127,0.041018703225656));
#5394=CARTESIAN_POINT('',(-0.0148701565675092,-0.0127,0.0409623517344414));
#5395=CARTESIAN_POINT('',(-0.0147145473548018,-0.0127,0.040898285903061));
#5396=CARTESIAN_POINT('',(-0.014490680065092,-0.0127,0.0407995938441632));
#5397=CARTESIAN_POINT('',(-0.0141926423418687,-0.0127,0.0406536620191009));
#5398=CARTESIAN_POINT('',(-0.0138230547355327,-0.0127,0.040446307592758));
#5399=CARTESIAN_POINT('',(-0.0134205213892164,-0.0127,0.0401847260670333));
#5400=CARTESIAN_POINT('',(-0.0131702580235412,-0.0127,0.0399963037548428));
#5401=CARTESIAN_POINT('',(-0.0130464398648926,-0.0127,0.0398966149345884));
#5402=CARTESIAN_POINT('',(-0.0314681151552873,-0.0147,0.00841566444577511));
#5403=CARTESIAN_POINT('',(-0.0130464398648923,-0.0147,0.0398966149345882));
#5404=CARTESIAN_POINT('',(-0.0130464398648923,-0.0147,0.0398966149345882));
#5405=CARTESIAN_POINT('',(-0.0314681151552873,-0.0147,0.00841566444577511));
#5406=CARTESIAN_POINT('',(-0.0120627294082248,-0.0147,0.0392996718107895));
#5407=CARTESIAN_POINT('',(-0.0120627294082248,-0.0147,0.0392996718107895));
#5408=CARTESIAN_POINT('',(-0.0120627294082248,-0.0147,0.0392996718107895));
#5409=CARTESIAN_POINT('',(-0.0120627294082248,-0.0127,0.0392996718107895));
#5410=CARTESIAN_POINT('',(-0.0114424032439116,-0.0147,0.0397260420581126));
#5411=CARTESIAN_POINT('',(-0.0114424032439116,-0.0127,0.0397260420581126));
#5412=CARTESIAN_POINT('',(-0.0105077881577734,-0.0147,0.040367691408043));
#5413=CARTESIAN_POINT('',(-0.0105077881577734,-0.0127,0.040367691408043));
#5414=CARTESIAN_POINT('',(-0.00927923719873612,-0.0147,0.0412140120682948));
#5415=CARTESIAN_POINT('',(-0.00927923719873612,-0.0127,0.0412140120682948));
#5416=CARTESIAN_POINT('',(-0.00824590004645393,-0.0147,0.0419165305003648));
#5417=CARTESIAN_POINT('',(-0.00824590004645393,-0.0127,0.0419165305003648));
#5418=CARTESIAN_POINT('',(-0.00708279949624989,-0.0147,0.0426619263648213));
#5419=CARTESIAN_POINT('',(-0.00708279949624989,-0.0127,0.0426619263648213));
#5420=CARTESIAN_POINT('',(-0.00576001672268659,-0.0147,0.0434198487358139));
#5421=CARTESIAN_POINT('',(-0.00576001672268659,-0.0127,0.0434198487358139));
#5422=CARTESIAN_POINT('',(-0.00427552447457871,-0.0147,0.0441396385010071));
#5423=CARTESIAN_POINT('',(-0.00427552447457871,-0.0127,0.0441396385010071));
#5424=CARTESIAN_POINT('',(-0.0025243632196053,-0.0147,0.0447838252790094));
#5425=CARTESIAN_POINT('',(-0.0025243632196053,-0.0127,0.0447838252790094));
#5426=CARTESIAN_POINT('',(-0.000763036436114949,-0.0147,0.0452011960092778));
#5427=CARTESIAN_POINT('',(-0.000763036436114949,-0.0127,0.0452011960092778));
#5428=CARTESIAN_POINT('',(0.00137219046571199,-0.0147,0.0455032952528741));
#5429=CARTESIAN_POINT('',(0.00137219046571199,-0.0127,0.0455032952528741));
#5430=CARTESIAN_POINT('',(0.00370668971596307,-0.0147,0.0455844042739397));
#5431=CARTESIAN_POINT('',(0.00370668971596307,-0.0127,0.0455844042739397));
#5432=CARTESIAN_POINT('',(0.00584799513291088,-0.0147,0.0455856455527841));
#5433=CARTESIAN_POINT('',(0.00584799513291088,-0.0127,0.0455856455527841));
#5434=CARTESIAN_POINT('',(0.00730719139877224,-0.0147,0.0455982499044276));
#5435=CARTESIAN_POINT('',(0.00730719139877224,-0.0127,0.0455982499044276));
#5436=CARTESIAN_POINT('',(0.00803283211654926,-0.0147,0.0456030799761976));
#5437=CARTESIAN_POINT('',(0.00803283211654926,-0.0127,0.0456030799761976));
#5438=CARTESIAN_POINT('',(-0.0120627294082248,-0.0147,0.0392996718107895));
#5439=CARTESIAN_POINT('',(-0.0117525663260682,-0.0147,0.0395128569344511));
#5440=CARTESIAN_POINT('',(-0.0111326911895317,-0.0147,0.0399390186684729));
#5441=CARTESIAN_POINT('',(-0.0102001723180668,-0.0147,0.0405795123493137));
#5442=CARTESIAN_POINT('',(-0.00927932329085917,-0.0147,0.0412139554697467));
#5443=CARTESIAN_POINT('',(-0.008246033777909,-0.0147,0.0419165161183494));
#5444=CARTESIAN_POINT('',(-0.00708217847830652,-0.0147,0.0426620404914308));
#5445=CARTESIAN_POINT('',(-0.00598233563222188,-0.0147,0.043293178924731));
#5446=CARTESIAN_POINT('',(-0.00501455559712677,-0.0147,0.04378034974174));
#5447=CARTESIAN_POINT('',(-0.00424036075689005,-0.0147,0.0441306481062934));
#5448=CARTESIAN_POINT('',(-0.00354879280608144,-0.0147,0.0444045128943306));
#5449=CARTESIAN_POINT('',(-0.00296783490086295,-0.0147,0.0446071194972813));
#5450=CARTESIAN_POINT('',(-0.0025229433898149,-0.0147,0.0447483117790973));
#5451=CARTESIAN_POINT('',(-0.00207640532899225,-0.0147,0.0448757690126521));
#5452=CARTESIAN_POINT('',(-0.00149513122387904,-0.0147,0.0450245087963815));
#5453=CARTESIAN_POINT('',(-0.00078430679875928,-0.0147,0.0451770855070693));
#5454=CARTESIAN_POINT('',(3.63980801303372E-5,-0.0147,0.0453140442755744));
#5455=CARTESIAN_POINT('',(0.00108380785118737,-0.0147,0.0454460138767639));
#5456=CARTESIAN_POINT('',(0.00230496066545837,-0.0147,0.0455356953274485));
#5457=CARTESIAN_POINT('',(0.00340571232126145,-0.0147,0.0455669131770212));
#5458=CARTESIAN_POINT('',(0.00419874799485023,-0.0147,0.0455775852644742));
#5459=CARTESIAN_POINT('',(0.0047691573736244,-0.0147,0.0455822969921031));
#5460=CARTESIAN_POINT('',(0.00522864634664785,-0.0147,0.0455847980530204));
#5461=CARTESIAN_POINT('',(0.00558692659907158,-0.0147,0.0455867997757012));
#5462=CARTESIAN_POINT('',(0.0059448081846598,-0.0147,0.04558918123617));
#5463=CARTESIAN_POINT('',(0.00640074279097782,-0.0147,0.0455922164092781));
#5464=CARTESIAN_POINT('',(0.00712541984567191,-0.0147,0.0455970399297474));
#5465=CARTESIAN_POINT('',(0.00767001175766076,-0.0147,0.0456006649403126));
#5466=CARTESIAN_POINT('',(0.00803283211654926,-0.0147,0.0456030799761976));
#5467=CARTESIAN_POINT('',(0.00803283211654927,-0.0147,0.0456030799761976));
#5468=CARTESIAN_POINT('',(0.00803283211654927,-0.0147,0.0456030799761976));
#5469=CARTESIAN_POINT('',(0.0174789211094562,-0.0147,0.0295982438878984));
#5470=CARTESIAN_POINT('',(0.0174789211094562,-0.0127000000000001,0.0295982438878984));
#5471=CARTESIAN_POINT('',(0.0174205701196262,-0.0147,0.0298286557481262));
#5472=CARTESIAN_POINT('',(0.0174205701196262,-0.0127000000000001,0.0298286557481262));
#5473=CARTESIAN_POINT('',(0.017276166340888,-0.0147,0.0303680198903628));
#5474=CARTESIAN_POINT('',(0.017276166340888,-0.0127000000000001,0.0303680198903628));
#5475=CARTESIAN_POINT('',(0.0169496974460184,-0.0147,0.0313790279813878));
#5476=CARTESIAN_POINT('',(0.0169496974460184,-0.0127000000000001,0.0313790279813878));
#5477=CARTESIAN_POINT('',(0.0163143228915708,-0.0147,0.0327272654850372));
#5478=CARTESIAN_POINT('',(0.0163143228915708,-0.0127000000000001,0.0327272654850372));
#5479=CARTESIAN_POINT('',(0.0156798158562287,-0.0147,0.0336853656806179));
#5480=CARTESIAN_POINT('',(0.0156798158562287,-0.0127000000000001,0.0336853656806179));
#5481=CARTESIAN_POINT('',(0.0152292386861622,-0.0147,0.0342807031760229));
#5482=CARTESIAN_POINT('',(0.0152292386861622,-0.0127000000000001,0.0342807031760229));
#5483=CARTESIAN_POINT('',(0.015002347226756,-0.0147,0.0345760610215032));
#5484=CARTESIAN_POINT('',(0.015002347226756,-0.0127000000000001,0.0345760610215032));
#5485=CARTESIAN_POINT('',(0.0149569870548676,-0.0147,0.0346452836093389));
#5486=CARTESIAN_POINT('',(0.0149569870548676,-0.0127000000000001,0.0346452836093389));
#5487=CARTESIAN_POINT('',(0.0149664170244557,-0.0147,0.0346297712670937));
#5488=CARTESIAN_POINT('',(0.0149664170244557,-0.0127000000000001,0.0346297712670937));
#5489=CARTESIAN_POINT('',(0.0149218104526596,-0.0147,0.0347051426773453));
#5490=CARTESIAN_POINT('',(0.0149218104526596,-0.0127000000000001,0.0347051426773453));
#5491=CARTESIAN_POINT('',(0.0148052100134005,-0.0147,0.0349248002772075));
#5492=CARTESIAN_POINT('',(0.0148052100134005,-0.0127000000000001,0.0349248002772075));
#5493=CARTESIAN_POINT('',(0.0145417955482809,-0.0147,0.0354776075883389));
#5494=CARTESIAN_POINT('',(0.0145417955482809,-0.0127000000000001,0.0354776075883389));
#5495=CARTESIAN_POINT('',(0.014127193424371,-0.0147,0.0364300721504303));
#5496=CARTESIAN_POINT('',(0.014127193424371,-0.0127000000000001,0.0364300721504303));
#5497=CARTESIAN_POINT('',(0.0135086711759392,-0.0147,0.0378581864212229));
#5498=CARTESIAN_POINT('',(0.0135086711759392,-0.0127000000000001,0.0378581864212229));
#5499=CARTESIAN_POINT('',(0.0128092981355536,-0.0147,0.0392902499262246));
#5500=CARTESIAN_POINT('',(0.0128092981355536,-0.0127000000000001,0.0392902499262246));
#5501=CARTESIAN_POINT('',(0.0120869636444133,-0.0147,0.0405953331009452));
#5502=CARTESIAN_POINT('',(0.0120869636444133,-0.0127000000000001,0.0405953331009452));
#5503=CARTESIAN_POINT('',(0.0111906027506236,-0.0147,0.0419404199518275));
#5504=CARTESIAN_POINT('',(0.0111906027506236,-0.0127000000000001,0.0419404199518275));
#5505=CARTESIAN_POINT('',(0.0103550302636515,-0.0147,0.0429430659771449));
#5506=CARTESIAN_POINT('',(0.0103550302636515,-0.0127000000000001,0.0429430659771449));
#5507=CARTESIAN_POINT('',(0.00991272721243899,-0.0147,0.0434429983914609));
#5508=CARTESIAN_POINT('',(0.00991272721243899,-0.0127000000000001,0.0434429983914609));
#5509=CARTESIAN_POINT('',(0.00943707364802027,-0.0147,0.0439912227703924));
#5510=CARTESIAN_POINT('',(0.00943707364802027,-0.0127000000000001,0.0439912227703924));
#5511=CARTESIAN_POINT('',(0.0088146710574285,-0.0147,0.0447051413720899));
#5512=CARTESIAN_POINT('',(0.0088146710574285,-0.0127000000000001,0.0447051413720899));
#5513=CARTESIAN_POINT('',(0.00834521362804187,-0.0147,0.045244415951661));
#5514=CARTESIAN_POINT('',(0.00834521362804187,-0.0127000000000001,0.045244415951661));
#5515=CARTESIAN_POINT('',(0.00803283211654927,-0.0147,0.0456030799761976));
#5516=CARTESIAN_POINT('',(0.00803283211654927,-0.0127000000000001,0.0456030799761976));
#5517=CARTESIAN_POINT('',(0.0174789211094562,-0.0147,0.0295982438878984));
#5518=CARTESIAN_POINT('',(0.0174497456145412,-0.0147,0.0297134498180123));
#5519=CARTESIAN_POINT('',(0.0173846851319458,-0.0147,0.0299642844160164));
#5520=CARTESIAN_POINT('',(0.0172836286610606,-0.0147,0.0303206788996305));
#5521=CARTESIAN_POINT('',(0.0171860987929847,-0.0147,0.0306349617073852));
#5522=CARTESIAN_POINT('',(0.0171026906307192,-0.0147,0.0308867369800014));
#5523=CARTESIAN_POINT('',(0.0170078343037519,-0.0147,0.0311533415049918));
#5524=CARTESIAN_POINT('',(0.0169011900262109,-0.0147,0.0314315546206317));
#5525=CARTESIAN_POINT('',(0.0167766846079369,-0.0147,0.031731837313433));
#5526=CARTESIAN_POINT('',(0.0166309455214486,-0.0147,0.03205256598016));
#5527=CARTESIAN_POINT('',(0.0164794906384512,-0.0147,0.0323586565097495));
#5528=CARTESIAN_POINT('',(0.0163136892961728,-0.0147,0.0326674671312523));
#5529=CARTESIAN_POINT('',(0.016152557045388,-0.0147,0.0329449305673958));
#5530=CARTESIAN_POINT('',(0.0159461556849955,-0.0147,0.0332787904267781));
#5531=CARTESIAN_POINT('',(0.0157044829663658,-0.0147,0.0336385282708991));
#5532=CARTESIAN_POINT('',(0.0154504029084637,-0.0147,0.033988475441981));
#5533=CARTESIAN_POINT('',(0.0152590228596629,-0.0147,0.0342409400806323));
#5534=CARTESIAN_POINT('',(0.015112623480518,-0.0147,0.0344320036417025));
#5535=CARTESIAN_POINT('',(0.0150248834279406,-0.0147,0.0345484127520893));
#5536=CARTESIAN_POINT('',(0.0149743854213952,-0.0147,0.034618420738882));
#5537=CARTESIAN_POINT('',(0.0149595713827312,-0.0147,0.0346411377932094));
#5538=CARTESIAN_POINT('',(0.014966255384817,-0.0147,0.034630016024689));
#5539=CARTESIAN_POINT('',(0.0149333818186967,-0.0147,0.0346855885249696));
#5540=CARTESIAN_POINT('',(0.0148736530242424,-0.0147,0.0347956061589461));
#5541=CARTESIAN_POINT('',(0.0147983308030661,-0.0147,0.0349431338921705));
#5542=CARTESIAN_POINT('',(0.0147066435221674,-0.0147,0.0351316762991308));
#5543=CARTESIAN_POINT('',(0.0145690867553327,-0.0147,0.0354258870423736));
#5544=CARTESIAN_POINT('',(0.01437440501707,-0.0147,0.0358611769545016));
#5545=CARTESIAN_POINT('',(0.0141112621571218,-0.0147,0.0364676156936582));
#5546=CARTESIAN_POINT('',(0.0138227072009289,-0.0147,0.0371339499697296));
#5547=CARTESIAN_POINT('',(0.0134980169327645,-0.0147,0.0378595821643416));
#5548=CARTESIAN_POINT('',(0.0131564013316945,-0.0147,0.0385807891344505));
#5549=CARTESIAN_POINT('',(0.0128076738679191,-0.0147,0.0392723520797205));
#5550=CARTESIAN_POINT('',(0.0125060544439835,-0.0147,0.0398323268247311));
#5551=CARTESIAN_POINT('',(0.0122539305516168,-0.0147,0.0402744312310131));
#5552=CARTESIAN_POINT('',(0.0120592116504954,-0.0147,0.0406022685872594));
#5553=CARTESIAN_POINT('',(0.011856978310232,-0.0147,0.0409284967017826));
#5554=CARTESIAN_POINT('',(0.0116414452672994,-0.0147,0.0412596045849373));
#5555=CARTESIAN_POINT('',(0.0114216915846556,-0.0147,0.0415797988765687));
#5556=CARTESIAN_POINT('',(0.0111256641740856,-0.0147,0.0419897431235607));
#5557=CARTESIAN_POINT('',(0.0107715767863512,-0.0147,0.0424435147186099));
#5558=CARTESIAN_POINT('',(0.0104678088431462,-0.0147,0.0428051847119417));
#5559=CARTESIAN_POINT('',(0.0102653542339009,-0.0147,0.043039805700717));
#5560=CARTESIAN_POINT('',(0.0101393340817169,-0.0147,0.0431844967862985));
#5561=CARTESIAN_POINT('',(0.0100250107247954,-0.0147,0.0433157258349689));
#5562=CARTESIAN_POINT('',(0.00990701163615372,-0.0147,0.0434512321714392));
#5563=CARTESIAN_POINT('',(0.00978995549201794,-0.0147,0.0435856277926546));
#5564=CARTESIAN_POINT('',(0.00963369738393313,-0.0147,0.043765031470978));
#5565=CARTESIAN_POINT('',(0.00936051826214115,-0.0147,0.0440786826185527));
#5566=CARTESIAN_POINT('',(0.00896995455091803,-0.0147,0.0445271135988584));
#5567=CARTESIAN_POINT('',(0.00850141069810513,-0.0147,0.0450650765976009));
#5568=CARTESIAN_POINT('',(0.00818902287229557,-0.0147,0.0454237479639293));
#5569=CARTESIAN_POINT('',(0.00803283211654927,-0.0147,0.0456030799761976));
#5570=CARTESIAN_POINT('',(0.0174789211094562,-0.0147,0.0295982438878984));
#5571=CARTESIAN_POINT('',(0.0174789211094562,-0.0147,0.0295982438878984));
#5572=CARTESIAN_POINT('',(0.0219970712448209,-0.0147,0.0237773256484157));
#5573=CARTESIAN_POINT('',(0.0219970712448209,-0.0127,0.0237773256484157));
#5574=CARTESIAN_POINT('',(0.0219319505394186,-0.0147,0.0239723083556754));
#5575=CARTESIAN_POINT('',(0.0219319505394186,-0.0127,0.0239723083556754));
#5576=CARTESIAN_POINT('',(0.0217771505779043,-0.0147,0.0244196073081908));
#5577=CARTESIAN_POINT('',(0.0217771505779043,-0.0127,0.0244196073081908));
#5578=CARTESIAN_POINT('',(0.0213730396800551,-0.0147,0.0253566315613728));
#5579=CARTESIAN_POINT('',(0.0213730396800551,-0.0127,0.0253566315613728));
#5580=CARTESIAN_POINT('',(0.0208187801796946,-0.0147,0.0263269603211706));
#5581=CARTESIAN_POINT('',(0.0208187801796946,-0.0127,0.0263269603211706));
#5582=CARTESIAN_POINT('',(0.0200329747388257,-0.0147,0.0274216716070005));
#5583=CARTESIAN_POINT('',(0.0200329747388257,-0.0127,0.0274216716070005));
#5584=CARTESIAN_POINT('',(0.0189238877487839,-0.0147,0.0285793731379609));
#5585=CARTESIAN_POINT('',(0.0189238877487839,-0.0127,0.0285793731379609));
#5586=CARTESIAN_POINT('',(0.0179840886192148,-0.0147,0.0292810081347527));
#5587=CARTESIAN_POINT('',(0.0179840886192148,-0.0127,0.0292810081347527));
#5588=CARTESIAN_POINT('',(0.017478921109456,-0.0147,0.0295982438878985));
#5589=CARTESIAN_POINT('',(0.017478921109456,-0.0127,0.0295982438878985));
#5590=CARTESIAN_POINT('',(0.0219970712448209,-0.0147,0.0237773256484157));
#5591=CARTESIAN_POINT('',(0.0219645108921198,-0.0147,0.0238748170020455));
#5592=CARTESIAN_POINT('',(0.021891040594644,-0.0147,0.0240886301872173));
#5593=CARTESIAN_POINT('',(0.0217784903501358,-0.0147,0.0243912178910181));
#5594=CARTESIAN_POINT('',(0.0216660055067512,-0.0147,0.0246699415955001));
#5595=CARTESIAN_POINT('',(0.0215697040734674,-0.0147,0.0248945841739406));
#5596=CARTESIAN_POINT('',(0.0214635767583258,-0.0147,0.0251268747645948));
#5597=CARTESIAN_POINT('',(0.0213500008680703,-0.0147,0.0253606915813512));
#5598=CARTESIAN_POINT('',(0.0212245092472122,-0.0147,0.0256034527848536));
#5599=CARTESIAN_POINT('',(0.0210449401402868,-0.0147,0.0259282707275718));
#5600=CARTESIAN_POINT('',(0.0208151135266715,-0.0147,0.0263066236874472));
#5601=CARTESIAN_POINT('',(0.0205262269281814,-0.0147,0.0267333717462119));
#5602=CARTESIAN_POINT('',(0.0201218090262188,-0.0147,0.0272726618995958));
#5603=CARTESIAN_POINT('',(0.01958714541981,-0.0147,0.0278884033793991));
#5604=CARTESIAN_POINT('',(0.0190268285489725,-0.0147,0.0284287258632356));
#5605=CARTESIAN_POINT('',(0.0185665456210872,-0.0147,0.0288203375131966));
#5606=CARTESIAN_POINT('',(0.0181016476531295,-0.0147,0.0291845750290627));
#5607=CARTESIAN_POINT('',(0.0177315048643355,-0.0147,0.0294396260113256));
#5608=CARTESIAN_POINT('',(0.017478921109456,-0.0147,0.0295982438878985));
#5609=CARTESIAN_POINT('',(0.0219970712448209,-0.0147,0.0237773256484159));
#5610=CARTESIAN_POINT('',(0.0219970712448209,-0.0147,0.0237773256484159));
#5611=CARTESIAN_POINT('',(0.0211621474663323,-0.0147,-0.00960536491577721));
#5612=CARTESIAN_POINT('',(0.0211621474663323,-0.0127000000000001,-0.00960536491577721));
#5613=CARTESIAN_POINT('',(0.0214729145776158,-0.0147,-0.00999943273014736));
#5614=CARTESIAN_POINT('',(0.0214729145776158,-0.0127000000000001,-0.00999943273014736));
#5615=CARTESIAN_POINT('',(0.021908193725747,-0.0147,-0.0105593752443263));
#5616=CARTESIAN_POINT('',(0.021908193725747,-0.0127000000000001,-0.0105593752443263));
#5617=CARTESIAN_POINT('',(0.0224098402868066,-0.0147,-0.011221392756638));
#5618=CARTESIAN_POINT('',(0.0224098402868066,-0.0127000000000001,-0.011221392756638));
#5619=CARTESIAN_POINT('',(0.0227416671702966,-0.0147,-0.0116687107090498));
#5620=CARTESIAN_POINT('',(0.0227416671702966,-0.0127000000000001,-0.0116687107090498));
#5621=CARTESIAN_POINT('',(0.0230230168146442,-0.0147,-0.0120581040288147));
#5622=CARTESIAN_POINT('',(0.0230230168146442,-0.0127000000000001,-0.0120581040288147));
#5623=CARTESIAN_POINT('',(0.0232089770543478,-0.0147,-0.0123245245018206));
#5624=CARTESIAN_POINT('',(0.0232089770543478,-0.0127000000000001,-0.0123245245018206));
#5625=CARTESIAN_POINT('',(0.023322966106018,-0.0147,-0.012493160388118));
#5626=CARTESIAN_POINT('',(0.023322966106018,-0.0127000000000001,-0.012493160388118));
#5627=CARTESIAN_POINT('',(0.0233895137661906,-0.0147,-0.0125944229654939));
#5628=CARTESIAN_POINT('',(0.0233895137661906,-0.0127000000000001,-0.0125944229654939));
#5629=CARTESIAN_POINT('',(0.023431869601255,-0.0147,-0.0126611721054361));
#5630=CARTESIAN_POINT('',(0.023431869601255,-0.0127000000000001,-0.0126611721054361));
#5631=CARTESIAN_POINT('',(0.0234567676635124,-0.0147,-0.0127017915476517));
#5632=CARTESIAN_POINT('',(0.0234567676635124,-0.0127000000000001,-0.0127017915476517));
#5633=CARTESIAN_POINT('',(0.023517993116412,-0.0147,-0.0128043070884533));
#5634=CARTESIAN_POINT('',(0.023517993116412,-0.0127000000000001,-0.0128043070884533));
#5635=CARTESIAN_POINT('',(0.023601857613526,-0.0147,-0.0129432699746597));
#5636=CARTESIAN_POINT('',(0.023601857613526,-0.0127000000000001,-0.0129432699746597));
#5637=CARTESIAN_POINT('',(0.0236885227547714,-0.0147,-0.0130833243828817));
#5638=CARTESIAN_POINT('',(0.0236885227547714,-0.0127000000000001,-0.0130833243828817));
#5639=CARTESIAN_POINT('',(0.0238153390643834,-0.0147,-0.0132810249195898));
#5640=CARTESIAN_POINT('',(0.0238153390643834,-0.0127000000000001,-0.0132810249195898));
#5641=CARTESIAN_POINT('',(0.0240154132642811,-0.0147,-0.0135688119012625));
#5642=CARTESIAN_POINT('',(0.0240154132642811,-0.0127000000000001,-0.0135688119012625));
#5643=CARTESIAN_POINT('',(0.0242738739016903,-0.0147,-0.0139107192681243));
#5644=CARTESIAN_POINT('',(0.0242738739016903,-0.0127000000000001,-0.0139107192681243));
#5645=CARTESIAN_POINT('',(0.0246497221577112,-0.0147,-0.0143272153239623));
#5646=CARTESIAN_POINT('',(0.0246497221577112,-0.0127000000000001,-0.0143272153239623));
#5647=CARTESIAN_POINT('',(0.0249285080651409,-0.0147,-0.0146066909226183));
#5648=CARTESIAN_POINT('',(0.0249285080651409,-0.0127000000000001,-0.0146066909226183));
#5649=CARTESIAN_POINT('',(0.0253118816750231,-0.0147,-0.0149369006113792));
#5650=CARTESIAN_POINT('',(0.0253118816750231,-0.0127000000000001,-0.0149369006113792));
#5651=CARTESIAN_POINT('',(0.0257227703624631,-0.0147,-0.0152511205845774));
#5652=CARTESIAN_POINT('',(0.0257227703624631,-0.0127000000000001,-0.0152511205845774));
#5653=CARTESIAN_POINT('',(0.026425012874675,-0.0147,-0.0157106156072842));
#5654=CARTESIAN_POINT('',(0.026425012874675,-0.0127000000000001,-0.0157106156072842));
#5655=CARTESIAN_POINT('',(0.02775940976624,-0.0147,-0.0162912821304525));
#5656=CARTESIAN_POINT('',(0.02775940976624,-0.0127000000000001,-0.0162912821304525));
#5657=CARTESIAN_POINT('',(0.0293862591542747,-0.0147,-0.0165702616293799));
#5658=CARTESIAN_POINT('',(0.0293862591542747,-0.0127000000000001,-0.0165702616293799));
#5659=CARTESIAN_POINT('',(0.0307278066448442,-0.0147,-0.0164584764820462));
#5660=CARTESIAN_POINT('',(0.0307278066448442,-0.0127000000000001,-0.0164584764820462));
#5661=CARTESIAN_POINT('',(0.0314624170083187,-0.0147,-0.0163062107310892));
#5662=CARTESIAN_POINT('',(0.0314624170083187,-0.0127000000000001,-0.0163062107310892));
#5663=CARTESIAN_POINT('',(0.0322371313856497,-0.0147,-0.0160762257928608));
#5664=CARTESIAN_POINT('',(0.0322371313856497,-0.0127000000000001,-0.0160762257928608));
#5665=CARTESIAN_POINT('',(0.0330803995160249,-0.0147,-0.0157025927668736));
#5666=CARTESIAN_POINT('',(0.0330803995160249,-0.0127000000000001,-0.0157025927668736));
#5667=CARTESIAN_POINT('',(0.0342914323702519,-0.0147,-0.0149239944731786));
#5668=CARTESIAN_POINT('',(0.0342914323702519,-0.0127000000000001,-0.0149239944731786));
#5669=CARTESIAN_POINT('',(0.0352985961635585,-0.0147,-0.01387695984905));
#5670=CARTESIAN_POINT('',(0.0352985961635585,-0.0127000000000001,-0.01387695984905));
#5671=CARTESIAN_POINT('',(0.0358549693225642,-0.0147,-0.0129971083646772));
#5672=CARTESIAN_POINT('',(0.0358549693225642,-0.0127000000000001,-0.0129971083646772));
#5673=CARTESIAN_POINT('',(0.0361461184547415,-0.0147,-0.0124113111933268));
#5674=CARTESIAN_POINT('',(0.0361461184547415,-0.0127000000000001,-0.0124113111933268));
#5675=CARTESIAN_POINT('',(0.0363444100000456,-0.0147,-0.0119464212962926));
#5676=CARTESIAN_POINT('',(0.0363444100000456,-0.0127000000000001,-0.0119464212962926));
#5677=CARTESIAN_POINT('',(0.0365324175226101,-0.0147,-0.0113768937312544));
#5678=CARTESIAN_POINT('',(0.0365324175226101,-0.0127000000000001,-0.0113768937312544));
#5679=CARTESIAN_POINT('',(0.0366276261694599,-0.0147,-0.0109820888023006));
#5680=CARTESIAN_POINT('',(0.0366276261694599,-0.0127000000000001,-0.0109820888023006));
#5681=CARTESIAN_POINT('',(0.0367258965078108,-0.0147,-0.0104867731979165));
#5682=CARTESIAN_POINT('',(0.0367258965078108,-0.0127000000000001,-0.0104867731979165));
#5683=CARTESIAN_POINT('',(0.0367752602399415,-0.0147,-0.010069791754179));
#5684=CARTESIAN_POINT('',(0.0367752602399415,-0.0127000000000001,-0.010069791754179));
#5685=CARTESIAN_POINT('',(0.0368034169450341,-0.0147,-0.00969353663078325));
#5686=CARTESIAN_POINT('',(0.0368034169450341,-0.0127000000000001,-0.00969353663078325));
#5687=CARTESIAN_POINT('',(0.0368134691642018,-0.0147,-0.0094031215613144));
#5688=CARTESIAN_POINT('',(0.0368134691642018,-0.0127000000000001,-0.0094031215613144));
#5689=CARTESIAN_POINT('',(0.036816448270694,-0.0147,-0.00907295166354782));
#5690=CARTESIAN_POINT('',(0.036816448270694,-0.0127000000000001,-0.00907295166354782));
#5691=CARTESIAN_POINT('',(0.0368083998751153,-0.0147,-0.0087357342421859));
#5692=CARTESIAN_POINT('',(0.0368083998751153,-0.0127000000000001,-0.0087357342421859));
#5693=CARTESIAN_POINT('',(0.036790856551222,-0.0147,-0.00836976140540937));
#5694=CARTESIAN_POINT('',(0.036790856551222,-0.0127000000000001,-0.00836976140540937));
#5695=CARTESIAN_POINT('',(0.0367676546552008,-0.0147,-0.00801944120636847));
#5696=CARTESIAN_POINT('',(0.0367676546552008,-0.0127000000000001,-0.00801944120636847));
#5697=CARTESIAN_POINT('',(0.0367400426210421,-0.0147,-0.00767073413634251));
#5698=CARTESIAN_POINT('',(0.0367400426210421,-0.0127000000000001,-0.00767073413634251));
#5699=CARTESIAN_POINT('',(0.0366981687969426,-0.0147,-0.00720110610208516));
#5700=CARTESIAN_POINT('',(0.0366981687969426,-0.0127000000000001,-0.00720110610208516));
#5701=CARTESIAN_POINT('',(0.0366376191758522,-0.0147,-0.00659892374614704));
#5702=CARTESIAN_POINT('',(0.0366376191758522,-0.0127000000000001,-0.00659892374614704));
#5703=CARTESIAN_POINT('',(0.0365558032337971,-0.0147,-0.00585662271677029));
#5704=CARTESIAN_POINT('',(0.0365558032337971,-0.0127000000000001,-0.00585662271677029));
#5705=CARTESIAN_POINT('',(0.0364689352347682,-0.0147,-0.00511139453345715));
#5706=CARTESIAN_POINT('',(0.0364689352347682,-0.0127000000000001,-0.00511139453345715));
#5707=CARTESIAN_POINT('',(0.0363817603567295,-0.0147,-0.00438748925419881));
#5708=CARTESIAN_POINT('',(0.0363817603567295,-0.0127000000000001,-0.00438748925419881));
#5709=CARTESIAN_POINT('',(0.0362700153520385,-0.0147,-0.00347555408355312));
#5710=CARTESIAN_POINT('',(0.0362700153520385,-0.0127000000000001,-0.00347555408355312));
#5711=CARTESIAN_POINT('',(0.0361611884984461,-0.0147,-0.00257563345657484));
#5712=CARTESIAN_POINT('',(0.0361611884984461,-0.0127000000000001,-0.00257563345657484));
#5713=CARTESIAN_POINT('',(0.0360615271682742,-0.0147,-0.00171233430799891));
#5714=CARTESIAN_POINT('',(0.0360615271682742,-0.0127000000000001,-0.00171233430799891));
#5715=CARTESIAN_POINT('',(0.0359162227296896,-0.0147,-0.000699846157743765));
#5716=CARTESIAN_POINT('',(0.0359162227296896,-0.0127000000000001,-0.000699846157743765));
#5717=CARTESIAN_POINT('',(0.0356918122684079,-0.0147,0.000405481017745478));
#5718=CARTESIAN_POINT('',(0.0356918122684079,-0.0127000000000001,0.000405481017745478));
#5719=CARTESIAN_POINT('',(0.0354026370120722,-0.0147,0.00155544871474667));
#5720=CARTESIAN_POINT('',(0.0354026370120722,-0.0127000000000001,0.00155544871474667));
#5721=CARTESIAN_POINT('',(0.0349164293157701,-0.0147,0.00330406400342769));
#5722=CARTESIAN_POINT('',(0.0349164293157701,-0.0127000000000001,0.00330406400342769));
#5723=CARTESIAN_POINT('',(0.0341387914656218,-0.0147,0.00583009254485882));
#5724=CARTESIAN_POINT('',(0.0341387914656218,-0.0127000000000001,0.00583009254485882));
#5725=CARTESIAN_POINT('',(0.0330175451216118,-0.0147,0.0090656789997896));
#5726=CARTESIAN_POINT('',(0.0330175451216118,-0.0127000000000001,0.0090656789997896));
#5727=CARTESIAN_POINT('',(0.0318020408310121,-0.0147,0.0121004016231687));
#5728=CARTESIAN_POINT('',(0.0318020408310121,-0.0127000000000001,0.0121004016231687));
#5729=CARTESIAN_POINT('',(0.0302909927121284,-0.0147,0.0150424083698624));
#5730=CARTESIAN_POINT('',(0.0302909927121284,-0.0127000000000001,0.0150424083698624));
#5731=CARTESIAN_POINT('',(0.0286374928625956,-0.0147,0.0173901518772395));
#5732=CARTESIAN_POINT('',(0.0286374928625956,-0.0127000000000001,0.0173901518772395));
#5733=CARTESIAN_POINT('',(0.0270910296280721,-0.0147,0.0191365346301124));
#5734=CARTESIAN_POINT('',(0.0270910296280721,-0.0127000000000001,0.0191365346301124));
#5735=CARTESIAN_POINT('',(0.025541260341186,-0.0147,0.0206967028560358));
#5736=CARTESIAN_POINT('',(0.025541260341186,-0.0127000000000001,0.0206967028560358));
#5737=CARTESIAN_POINT('',(0.0236687205987892,-0.0147,0.0223716615293617));
#5738=CARTESIAN_POINT('',(0.0236687205987892,-0.0127000000000001,0.0223716615293617));
#5739=CARTESIAN_POINT('',(0.0224373864520668,-0.0147,0.0234027636671494));
#5740=CARTESIAN_POINT('',(0.0224373864520668,-0.0127000000000001,0.0234027636671494));
#5741=CARTESIAN_POINT('',(0.0219970712448209,-0.0147,0.0237773256484158));
#5742=CARTESIAN_POINT('',(0.0219970712448209,-0.0127000000000001,0.0237773256484158));
#5743=CARTESIAN_POINT('',(0.0211621474663323,-0.0147,-0.00960536491577721));
#5744=CARTESIAN_POINT('',(0.021317531021974,-0.0147,-0.00980239882296225));
#5745=CARTESIAN_POINT('',(0.0216179491812859,-0.0147,-0.0101859899953426));
#5746=CARTESIAN_POINT('',(0.022033621298755,-0.0147,-0.0107249041976672));
#5747=CARTESIAN_POINT('',(0.0224098350015405,-0.0147,-0.0112213846951166));
#5748=CARTESIAN_POINT('',(0.0226863661491042,-0.0147,-0.0115941627657456));
#5749=CARTESIAN_POINT('',(0.0228823368226227,-0.0147,-0.0118633998934602));
#5750=CARTESIAN_POINT('',(0.0230157510929025,-0.0147,-0.0120494138651285));
#5751=CARTESIAN_POINT('',(0.0231345623369291,-0.0147,-0.0122178800667558));
#5752=CARTESIAN_POINT('',(0.0232374599388285,-0.0147,-0.012366668508778));
#5753=CARTESIAN_POINT('',(0.0233230542413027,-0.0147,-0.012493296492448));
#5754=CARTESIAN_POINT('',(0.0233891756034884,-0.0147,-0.0125938935127903));
#5755=CARTESIAN_POINT('',(0.023425807697897,-0.0147,-0.0126516104287316));
#5756=CARTESIAN_POINT('',(0.0234425909404493,-0.0147,-0.0126787739931699));
#5757=CARTESIAN_POINT('',(0.0234628246123415,-0.0147,-0.0127120625757693));
#5758=CARTESIAN_POINT('',(0.0234952890724814,-0.0147,-0.0127661241964094));
#5759=CARTESIAN_POINT('',(0.02353843199584,-0.0147,-0.0128382304041882));
#5760=CARTESIAN_POINT('',(0.0236021804556988,-0.0147,-0.0129437162736501));
#5761=CARTESIAN_POINT('',(0.023673495601725,-0.0147,-0.0130592498728885));
#5762=CARTESIAN_POINT('',(0.0237529156742524,-0.0147,-0.0131834031869582));
#5763=CARTESIAN_POINT('',(0.023812123609765,-0.0147,-0.0132734436969355));
#5764=CARTESIAN_POINT('',(0.0238702405058646,-0.0147,-0.0133592386893749));
#5765=CARTESIAN_POINT('',(0.0239316823891788,-0.0147,-0.0134481889178315));
#5766=CARTESIAN_POINT('',(0.0240115660648374,-0.0147,-0.0135599331074303));
#5767=CARTESIAN_POINT('',(0.0240981178645795,-0.0147,-0.0136757564656069));
#5768=CARTESIAN_POINT('',(0.0241798139697657,-0.0147,-0.0137817483210046));
#5769=CARTESIAN_POINT('',(0.0242592474112913,-0.0147,-0.013880686331862));
#5770=CARTESIAN_POINT('',(0.0243279681506911,-0.0147,-0.0139634287127819));
#5771=CARTESIAN_POINT('',(0.0243981562748263,-0.0147,-0.0140461697313545));
#5772=CARTESIAN_POINT('',(0.0245056419411447,-0.0147,-0.0141686907880776));
#5773=CARTESIAN_POINT('',(0.024630692738516,-0.0147,-0.0143030222445772));
#5774=CARTESIAN_POINT('',(0.0247391196040257,-0.0147,-0.0144139671122864));
#5775=CARTESIAN_POINT('',(0.0248198108851811,-0.0147,-0.0144941082978083));
#5776=CARTESIAN_POINT('',(0.0249172577740315,-0.0147,-0.0145879312477168));
#5777=CARTESIAN_POINT('',(0.0250745262351268,-0.0147,-0.0147331175588188));
#5778=CARTESIAN_POINT('',(0.0252618477532598,-0.0147,-0.0148940014449372));
#5779=CARTESIAN_POINT('',(0.0254690980521653,-0.0147,-0.0150569237724553));
#5780=CARTESIAN_POINT('',(0.0256039934223039,-0.0147,-0.0151569773954505));
#5781=CARTESIAN_POINT('',(0.0257168631318127,-0.0147,-0.0152370967187743));
#5782=CARTESIAN_POINT('',(0.02584215427679,-0.0147,-0.0153232498184632));
#5783=CARTESIAN_POINT('',(0.0260162216460949,-0.0147,-0.0154367913206471));
#5784=CARTESIAN_POINT('',(0.0262469843438761,-0.0147,-0.0155753740508778));
#5785=CARTESIAN_POINT('',(0.0265002595250662,-0.0147,-0.0157145274974832));
#5786=CARTESIAN_POINT('',(0.0267937606808053,-0.0147,-0.0158594820988072));
#5787=CARTESIAN_POINT('',(0.0271149319533153,-0.0147,-0.0159988729790046));
#5788=CARTESIAN_POINT('',(0.0274612438998357,-0.0147,-0.0161290710790814));
#5789=CARTESIAN_POINT('',(0.0278559687456309,-0.0147,-0.0162531133532843));
#5790=CARTESIAN_POINT('',(0.0282891620891488,-0.0147,-0.0163602771660385));
#5791=CARTESIAN_POINT('',(0.028755480855077,-0.0147,-0.0164436429439758));
#5792=CARTESIAN_POINT('',(0.0292516641447202,-0.0147,-0.0164973903293538));
#5793=CARTESIAN_POINT('',(0.0297818432837432,-0.0147,-0.016516528414731));
#5794=CARTESIAN_POINT('',(0.0303541721548978,-0.0147,-0.0164909650802391));
#5795=CARTESIAN_POINT('',(0.0309083739223167,-0.0147,-0.0164205047382335));
#5796=CARTESIAN_POINT('',(0.0313723068777223,-0.0147,-0.016324485765304));
#5797=CARTESIAN_POINT('',(0.0317504628657772,-0.0147,-0.0162213121728499));
#5798=CARTESIAN_POINT('',(0.0321333046373432,-0.0147,-0.0160986716674891));
#5799=CARTESIAN_POINT('',(0.0325746109634774,-0.0147,-0.01592507268642));
#5800=CARTESIAN_POINT('',(0.0329856825626958,-0.0147,-0.0157252521683594));
#5801=CARTESIAN_POINT('',(0.0333002241846294,-0.0147,-0.0155495153157507));
#5802=CARTESIAN_POINT('',(0.0336093239000824,-0.0147,-0.0153606907463271));
#5803=CARTESIAN_POINT('',(0.0339630123950736,-0.0147,-0.0151150383081293));
#5804=CARTESIAN_POINT('',(0.034338758248972,-0.0147,-0.0148123751103485));
#5805=CARTESIAN_POINT('',(0.0346675163375937,-0.0147,-0.0145099332725403));
#5806=CARTESIAN_POINT('',(0.0349592604217865,-0.0147,-0.0142066727635923));
#5807=CARTESIAN_POINT('',(0.0352152376726673,-0.0147,-0.0139072821840055));
#5808=CARTESIAN_POINT('',(0.0354304171077362,-0.0147,-0.0136265773623904));
#5809=CARTESIAN_POINT('',(0.0356154615284923,-0.0147,-0.0133603608887453));
#5810=CARTESIAN_POINT('',(0.0357801934333468,-0.0147,-0.0130989605640252));
#5811=CARTESIAN_POINT('',(0.0359186356556919,-0.0147,-0.0128570683578327));
#5812=CARTESIAN_POINT('',(0.0360348288800149,-0.0147,-0.0126357624437708));
#5813=CARTESIAN_POINT('',(0.0361374999353907,-0.0147,-0.0124228086790794));
#5814=CARTESIAN_POINT('',(0.036222238916714,-0.0147,-0.0122315504556153));
#5815=CARTESIAN_POINT('',(0.0363146088758765,-0.0147,-0.0120079116373877));
#5816=CARTESIAN_POINT('',(0.0363989420393884,-0.0147,-0.0117794098074495));
#5817=CARTESIAN_POINT('',(0.0364679379611748,-0.0147,-0.0115682760225074));
#5818=CARTESIAN_POINT('',(0.0365120498653086,-0.0147,-0.0114220840055575));
#5819=CARTESIAN_POINT('',(0.0365479673330206,-0.0147,-0.0112933784918925));
#5820=CARTESIAN_POINT('',(0.0365839225844653,-0.0147,-0.0111564603540508));
#5821=CARTESIAN_POINT('',(0.0366255222368763,-0.0147,-0.0109839747891109));
#5822=CARTESIAN_POINT('',(0.0366665595221844,-0.0147,-0.0107889944159881));
#5823=CARTESIAN_POINT('',(0.0366974216356623,-0.0147,-0.0106216336164435));
#5824=CARTESIAN_POINT('',(0.0367223377981817,-0.0147,-0.0104689489370132));
#5825=CARTESIAN_POINT('',(0.0367428870170862,-0.0147,-0.0103245173731243));
#5826=CARTESIAN_POINT('',(0.0367581881033824,-0.0147,-0.0102011260400916));
#5827=CARTESIAN_POINT('',(0.0367745101888018,-0.0147,-0.0100523534082543));
#5828=CARTESIAN_POINT('',(0.0367896719493329,-0.0147,-0.00988037196066938));
#5829=CARTESIAN_POINT('',(0.0368049004328704,-0.0147,-0.00964601928039007));
#5830=CARTESIAN_POINT('',(0.0368118035411348,-0.0147,-0.00945049687184923));
#5831=CARTESIAN_POINT('',(0.0368146172427525,-0.0147,-0.00928088416118253));
#5832=CARTESIAN_POINT('',(0.0368152907466603,-0.0147,-0.00911815790220846));
#5833=CARTESIAN_POINT('',(0.036813077198665,-0.0147,-0.00894006509489949));
#5834=CARTESIAN_POINT('',(0.0368074485595851,-0.0147,-0.00874009907530293));
#5835=CARTESIAN_POINT('',(0.0367996425644878,-0.0147,-0.00855263212586337));
#5836=CARTESIAN_POINT('',(0.0367869812751083,-0.0147,-0.00831144165762896));
#5837=CARTESIAN_POINT('',(0.036767657539597,-0.0147,-0.00801941712750266));
#5838=CARTESIAN_POINT('',(0.036740041612469,-0.0147,-0.00767074529356144));
#5839=CARTESIAN_POINT('',(0.036708638402864,-0.0147,-0.00731849256064051));
#5840=CARTESIAN_POINT('',(0.0366739453574937,-0.0147,-0.00696030420252867));
#5841=CARTESIAN_POINT('',(0.036636476154002,-0.0147,-0.00659644852610132));
#5842=CARTESIAN_POINT('',(0.036596708684865,-0.0147,-0.00622776196769656));
#5843=CARTESIAN_POINT('',(0.0365413225721148,-0.0147,-0.00573239717918157));
#5844=CARTESIAN_POINT('',(0.0364689717911652,-0.0147,-0.00511163841559996));
#5845=CARTESIAN_POINT('',(0.036381624636634,-0.0147,-0.00438658751050054));
#5846=CARTESIAN_POINT('',(0.0362984579271965,-0.0147,-0.00370690096886628));
#5847=CARTESIAN_POINT('',(0.0362245950347563,-0.0147,-0.00310303520585451));
#5848=CARTESIAN_POINT('',(0.036165419990966,-0.0147,-0.00260467288001341));
#5849=CARTESIAN_POINT('',(0.036111786886195,-0.0147,-0.00214867961733913));
#5850=CARTESIAN_POINT('',(0.0360555770880844,-0.0147,-0.0016917677748145));
#5851=CARTESIAN_POINT('',(0.0359894246627,-0.0147,-0.00120906612971735));
#5852=CARTESIAN_POINT('',(0.0359061693413832,-0.0147,-0.00068786304083672));
#5853=CARTESIAN_POINT('',(0.0358041283272077,-0.0147,-0.000145719628164769));
#5854=CARTESIAN_POINT('',(0.0356836314551508,-0.0147,0.00041131491527124));
#5855=CARTESIAN_POINT('',(0.0355474546675827,-0.0147,0.000977986595063316));
#5856=CARTESIAN_POINT('',(0.0353417303766694,-0.0147,0.00177541632274002));
#5857=CARTESIAN_POINT('',(0.035038007163418,-0.0147,0.00286678526499718));
#5858=CARTESIAN_POINT('',(0.0346054324741738,-0.0147,0.00431328126549852));
#5859=CARTESIAN_POINT('',(0.0341150888527606,-0.0147,0.00585619386631031));
#5860=CARTESIAN_POINT('',(0.033578879984683,-0.0147,0.007446850743625));
#5861=CARTESIAN_POINT('',(0.0330063417162817,-0.0147,0.00903977088644801));
#5862=CARTESIAN_POINT('',(0.0324067659332714,-0.0147,0.0105872758777686));
#5863=CARTESIAN_POINT('',(0.0317654047864237,-0.0147,0.0120883742877222));
#5864=CARTESIAN_POINT('',(0.0310483160788235,-0.0147,0.013568920833668));
#5865=CARTESIAN_POINT('',(0.0302312473604362,-0.0147,0.0150272453168116));
#5866=CARTESIAN_POINT('',(0.0292994990516464,-0.0147,0.0164518335804189));
#5867=CARTESIAN_POINT('',(0.0284261113784254,-0.0147,0.0175963986166135));
#5868=CARTESIAN_POINT('',(0.0276698150316756,-0.0147,0.0184834054571271));
#5869=CARTESIAN_POINT('',(0.0268979411897266,-0.0147,0.0193305490627942));
#5870=CARTESIAN_POINT('',(0.0259286997069844,-0.0147,0.0203068983628714));
#5871=CARTESIAN_POINT('',(0.0247914964097169,-0.0147,0.0213669914994336));
#5872=CARTESIAN_POINT('',(0.0238961210091272,-0.0147,0.0221572762450383));
#5873=CARTESIAN_POINT('',(0.0232348679333913,-0.0147,0.0227268404464749));
#5874=CARTESIAN_POINT('',(0.0227743332527112,-0.0147,0.02311896354752));
#5875=CARTESIAN_POINT('',(0.0223544033878305,-0.0147,0.0234744621254512));
#5876=CARTESIAN_POINT('',(0.0221071500466324,-0.0147,0.0236836851530992));
#5877=CARTESIAN_POINT('',(0.0219970712448209,-0.0147,0.0237773256484158));
#5878=CARTESIAN_POINT('',(0.0211621474663323,-0.0147,-0.00960536491577725));
#5879=CARTESIAN_POINT('',(0.0211621474663323,-0.0147,-0.00960536491577725));
#5880=CARTESIAN_POINT('',(0.0199424704459401,-0.0147,-0.0114085001930722));
#5881=CARTESIAN_POINT('',(0.0199424704459401,-0.0127,-0.0114085001930722));
#5882=CARTESIAN_POINT('',(0.0200522443848906,-0.0147,-0.0112581902101236));
#5883=CARTESIAN_POINT('',(0.0200522443848906,-0.0127,-0.0112581902101236));
#5884=CARTESIAN_POINT('',(0.0203684853057173,-0.0147,-0.0108374084514552));
#5885=CARTESIAN_POINT('',(0.0203684853057173,-0.0127,-0.0108374084514552));
#5886=CARTESIAN_POINT('',(0.020876623892103,-0.0147,-0.010105689764133));
#5887=CARTESIAN_POINT('',(0.020876623892103,-0.0127,-0.010105689764133));
#5888=CARTESIAN_POINT('',(0.0211621474663322,-0.0147,-0.00960536491577738));
#5889=CARTESIAN_POINT('',(0.0211621474663322,-0.0127,-0.00960536491577738));
#5890=CARTESIAN_POINT('',(0.0199424704459401,-0.0147,-0.0114085001930722));
#5891=CARTESIAN_POINT('',(0.0199973574154153,-0.0147,-0.0113333452015979));
#5892=CARTESIAN_POINT('',(0.020134917521773,-0.0147,-0.0111472029484955));
#5893=CARTESIAN_POINT('',(0.0203577278279672,-0.0147,-0.0108439076951919));
#5894=CARTESIAN_POINT('',(0.0205784855716256,-0.0147,-0.0105305482168306));
#5895=CARTESIAN_POINT('',(0.0207587823459093,-0.0147,-0.0102635635583484));
#5896=CARTESIAN_POINT('',(0.0209501382330153,-0.0147,-0.00996532786980498));
#5897=CARTESIAN_POINT('',(0.021090766572775,-0.0147,-0.00973044612786617));
#5898=CARTESIAN_POINT('',(0.0211621474663322,-0.0147,-0.00960536491577738));
#5899=CARTESIAN_POINT('',(0.0199424704460664,-0.0147,-0.0114085001931644));
#5900=CARTESIAN_POINT('',(0.0199424704460664,-0.0147,-0.0114085001931644));
#5901=CARTESIAN_POINT('',(-0.00832766594921288,-0.0147,-0.0476504994429553));
#5902=CARTESIAN_POINT('',(-0.00832766594921288,-0.0127,-0.0476504994429553));
#5903=CARTESIAN_POINT('',(-0.00819390716922601,-0.0147,-0.0477535818780529));
#5904=CARTESIAN_POINT('',(-0.00819390716922601,-0.0127,-0.0477535818780529));
#5905=CARTESIAN_POINT('',(-0.00775196278844412,-0.0147,-0.0481226092153771));
#5906=CARTESIAN_POINT('',(-0.00775196278844412,-0.0127,-0.0481226092153771));
#5907=CARTESIAN_POINT('',(-0.00665855213922806,-0.0147,-0.0489102928809537));
#5908=CARTESIAN_POINT('',(-0.00665855213922806,-0.0127,-0.0489102928809537));
#5909=CARTESIAN_POINT('',(-0.00521007903448954,-0.0147,-0.0497610218828138));
#5910=CARTESIAN_POINT('',(-0.00521007903448954,-0.0127,-0.0497610218828138));
#5911=CARTESIAN_POINT('',(-0.00379068374597524,-0.0147,-0.050350492619556));
#5912=CARTESIAN_POINT('',(-0.00379068374597524,-0.0127,-0.050350492619556));
#5913=CARTESIAN_POINT('',(-0.00224986108940915,-0.0147,-0.0507923222042715));
#5914=CARTESIAN_POINT('',(-0.00224986108940915,-0.0127,-0.0507923222042715));
#5915=CARTESIAN_POINT('',(-0.00100846746383364,-0.0147,-0.0510279147243136));
#5916=CARTESIAN_POINT('',(-0.00100846746383364,-0.0127,-0.0510279147243136));
#5917=CARTESIAN_POINT('',(0.000408730171473327,-0.0147,-0.0511471594742313));
#5918=CARTESIAN_POINT('',(0.000408730171473327,-0.0127,-0.0511471594742313));
#5919=CARTESIAN_POINT('',(0.0020297356534748,-0.0147,-0.0510325500869846));
#5920=CARTESIAN_POINT('',(0.0020297356534748,-0.0127,-0.0510325500869846));
#5921=CARTESIAN_POINT('',(0.00333824394297782,-0.0147,-0.0507303574640843));
#5922=CARTESIAN_POINT('',(0.00333824394297782,-0.0127,-0.0507303574640843));
#5923=CARTESIAN_POINT('',(0.00429512675697585,-0.0147,-0.0504036457100183));
#5924=CARTESIAN_POINT('',(0.00429512675697585,-0.0127,-0.0504036457100183));
#5925=CARTESIAN_POINT('',(0.00477590147351772,-0.0147,-0.0502106806407127));
#5926=CARTESIAN_POINT('',(0.00477590147351772,-0.0127,-0.0502106806407127));
#5927=CARTESIAN_POINT('',(0.00495827368030348,-0.0147,-0.0501394672425491));
#5928=CARTESIAN_POINT('',(0.00495827368030348,-0.0127,-0.0501394672425491));
#5929=CARTESIAN_POINT('',(0.00504817810431325,-0.0147,-0.0501056431348108));
#5930=CARTESIAN_POINT('',(0.00504817810431325,-0.0127,-0.0501056431348108));
#5931=CARTESIAN_POINT('',(0.00537953446948413,-0.0147,-0.0499887185916017));
#5932=CARTESIAN_POINT('',(0.00537953446948413,-0.0127,-0.0499887185916017));
#5933=CARTESIAN_POINT('',(0.00604196927654934,-0.0147,-0.0497470152379411));
#5934=CARTESIAN_POINT('',(0.00604196927654934,-0.0127,-0.0497470152379411));
#5935=CARTESIAN_POINT('',(0.00693975872271367,-0.0147,-0.0493630543929534));
#5936=CARTESIAN_POINT('',(0.00693975872271367,-0.0127,-0.0493630543929534));
#5937=CARTESIAN_POINT('',(0.00803277345809718,-0.0147,-0.0487724824319166));
#5938=CARTESIAN_POINT('',(0.00803277345809718,-0.0127,-0.0487724824319166));
#5939=CARTESIAN_POINT('',(0.00912712449058259,-0.0147,-0.0479899011431072));
#5940=CARTESIAN_POINT('',(0.00912712449058259,-0.0127,-0.0479899011431072));
#5941=CARTESIAN_POINT('',(0.00997676190302761,-0.0147,-0.0472372857767205));
#5942=CARTESIAN_POINT('',(0.00997676190302761,-0.0127,-0.0472372857767205));
#5943=CARTESIAN_POINT('',(0.0107086416384052,-0.0147,-0.0464873695240778));
#5944=CARTESIAN_POINT('',(0.0107086416384052,-0.0127,-0.0464873695240778));
#5945=CARTESIAN_POINT('',(0.0113396729472149,-0.0147,-0.045755053908352));
#5946=CARTESIAN_POINT('',(0.0113396729472149,-0.0127,-0.045755053908352));
#5947=CARTESIAN_POINT('',(0.0118969584616117,-0.0147,-0.0450391841209726));
#5948=CARTESIAN_POINT('',(0.0118969584616117,-0.0127,-0.0450391841209726));
#5949=CARTESIAN_POINT('',(0.012387664808412,-0.0147,-0.0443545961238091));
#5950=CARTESIAN_POINT('',(0.012387664808412,-0.0127,-0.0443545961238091));
#5951=CARTESIAN_POINT('',(0.012868350193182,-0.0147,-0.0436291492522535));
#5952=CARTESIAN_POINT('',(0.012868350193182,-0.0127,-0.0436291492522535));
#5953=CARTESIAN_POINT('',(0.0135158585576509,-0.0147,-0.042543441676917));
#5954=CARTESIAN_POINT('',(0.0135158585576509,-0.0127,-0.042543441676917));
#5955=CARTESIAN_POINT('',(0.0142578230337265,-0.0147,-0.0410375171859908));
#5956=CARTESIAN_POINT('',(0.0142578230337265,-0.0127,-0.0410375171859908));
#5957=CARTESIAN_POINT('',(0.0149861992978972,-0.0147,-0.0390351321798639));
#5958=CARTESIAN_POINT('',(0.0149861992978972,-0.0127,-0.0390351321798639));
#5959=CARTESIAN_POINT('',(0.0155557195490549,-0.0147,-0.0369284530608834));
#5960=CARTESIAN_POINT('',(0.0155557195490549,-0.0127,-0.0369284530608834));
#5961=CARTESIAN_POINT('',(0.0160271921062832,-0.0147,-0.0348357923662012));
#5962=CARTESIAN_POINT('',(0.0160271921062832,-0.0127,-0.0348357923662012));
#5963=CARTESIAN_POINT('',(0.0164393803633362,-0.0147,-0.0328140100043732));
#5964=CARTESIAN_POINT('',(0.0164393803633362,-0.0127,-0.0328140100043732));
#5965=CARTESIAN_POINT('',(0.0167997626375153,-0.0147,-0.0309862621704438));
#5966=CARTESIAN_POINT('',(0.0167997626375153,-0.0127,-0.0309862621704438));
#5967=CARTESIAN_POINT('',(0.017074641247077,-0.0147,-0.029696749761269));
#5968=CARTESIAN_POINT('',(0.017074641247077,-0.0127,-0.029696749761269));
#5969=CARTESIAN_POINT('',(0.0173444132714799,-0.0147,-0.0285692804028442));
#5970=CARTESIAN_POINT('',(0.0173444132714799,-0.0127,-0.0285692804028442));
#5971=CARTESIAN_POINT('',(0.0176630593360801,-0.0147,-0.0271236957244955));
#5972=CARTESIAN_POINT('',(0.0176630593360801,-0.0127,-0.0271236957244955));
#5973=CARTESIAN_POINT('',(0.0179522137488049,-0.0147,-0.0253016111225411));
#5974=CARTESIAN_POINT('',(0.0179522137488049,-0.0127,-0.0253016111225411));
#5975=CARTESIAN_POINT('',(0.0181649393549326,-0.0147,-0.0233172391444029));
#5976=CARTESIAN_POINT('',(0.0181649393549326,-0.0127,-0.0233172391444029));
#5977=CARTESIAN_POINT('',(0.0183592649356827,-0.0147,-0.0212817165025043));
#5978=CARTESIAN_POINT('',(0.0183592649356827,-0.0127,-0.0212817165025043));
#5979=CARTESIAN_POINT('',(0.0185236746571602,-0.0147,-0.0196574156755764));
#5980=CARTESIAN_POINT('',(0.0185236746571602,-0.0127,-0.0196574156755764));
#5981=CARTESIAN_POINT('',(0.0186594209795651,-0.0147,-0.0185324713655247));
#5982=CARTESIAN_POINT('',(0.0186594209795651,-0.0127,-0.0185324713655247));
#5983=CARTESIAN_POINT('',(0.0187634160731961,-0.0147,-0.0178005550709493));
#5984=CARTESIAN_POINT('',(0.0187634160731961,-0.0127,-0.0178005550709493));
#5985=CARTESIAN_POINT('',(0.0188542774918886,-0.0147,-0.0172838499610263));
#5986=CARTESIAN_POINT('',(0.0188542774918886,-0.0127,-0.0172838499610263));
#5987=CARTESIAN_POINT('',(0.0189577196577813,-0.0147,-0.0168239834726191));
#5988=CARTESIAN_POINT('',(0.0189577196577813,-0.0127,-0.0168239834726191));
#5989=CARTESIAN_POINT('',(0.0191361352309265,-0.0147,-0.0162016946313761));
#5990=CARTESIAN_POINT('',(0.0191361352309265,-0.0127,-0.0162016946313761));
#5991=CARTESIAN_POINT('',(0.0194696421760239,-0.0147,-0.0150550125837787));
#5992=CARTESIAN_POINT('',(0.0194696421760239,-0.0127,-0.0150550125837787));
#5993=CARTESIAN_POINT('',(0.0196681507196783,-0.0147,-0.0140348664590011));
#5994=CARTESIAN_POINT('',(0.0196681507196783,-0.0127,-0.0140348664590011));
#5995=CARTESIAN_POINT('',(0.0197811653473181,-0.0147,-0.0132918762283255));
#5996=CARTESIAN_POINT('',(0.0197811653473181,-0.0127,-0.0132918762283255));
#5997=CARTESIAN_POINT('',(0.0198540548364877,-0.0147,-0.0125229556838441));
#5998=CARTESIAN_POINT('',(0.0198540548364877,-0.0127,-0.0125229556838441));
#5999=CARTESIAN_POINT('',(0.0199032132086769,-0.0147,-0.0118447384742696));
#6000=CARTESIAN_POINT('',(0.0199032132086769,-0.0127,-0.0118447384742696));
#6001=CARTESIAN_POINT('',(0.0199298891336843,-0.0147,-0.0115302811847866));
#6002=CARTESIAN_POINT('',(0.0199298891336843,-0.0127,-0.0115302811847866));
#6003=CARTESIAN_POINT('',(0.0199424704460664,-0.0147,-0.0114085001931644));
#6004=CARTESIAN_POINT('',(0.0199424704460664,-0.0127,-0.0114085001931644));
#6005=CARTESIAN_POINT('',(-0.00832766594921288,-0.0147,-0.0476504994429553));
#6006=CARTESIAN_POINT('',(-0.00829422625421617,-0.0147,-0.0476762700517297));
#6007=CARTESIAN_POINT('',(-0.00820799101614162,-0.0147,-0.0477436751096921));
#6008=CARTESIAN_POINT('',(-0.00801819939465021,-0.0147,-0.0478947838468589));
#6009=CARTESIAN_POINT('',(-0.00776261520635767,-0.0147,-0.0480965625752704));
#6010=CARTESIAN_POINT('',(-0.00734221964740658,-0.0147,-0.0484189015218463));
#6011=CARTESIAN_POINT('',(-0.00686180267729485,-0.0147,-0.0487623795529086));
#6012=CARTESIAN_POINT('',(-0.00637175353200788,-0.0147,-0.0490728939024914));
#6013=CARTESIAN_POINT('',(-0.00611101979351535,-0.0147,-0.0492300555609479));
#6014=CARTESIAN_POINT('',(-0.0058420085582847,-0.0147,-0.0493834412518913));
#6015=CARTESIAN_POINT('',(-0.00548559978794207,-0.0147,-0.0495759040376006));
#6016=CARTESIAN_POINT('',(-0.00503886604749176,-0.0147,-0.0497981790559716));
#6017=CARTESIAN_POINT('',(-0.00432085399104896,-0.0147,-0.0501186040539081));
#6018=CARTESIAN_POINT('',(-0.00340426612954439,-0.0147,-0.05046257091509));
#6019=CARTESIAN_POINT('',(-0.00244314329279926,-0.0147,-0.0507369161328182));
#6020=CARTESIAN_POINT('',(-0.00162818379870492,-0.0147,-0.0509101135564764));
#6021=CARTESIAN_POINT('',(-0.00109290113350711,-0.0147,-0.0509965575795584));
#6022=CARTESIAN_POINT('',(-0.000644641586582155,-0.0147,-0.0510497439333782));
#6023=CARTESIAN_POINT('',(-0.000300959242258571,-0.0147,-0.051080448602752));
#6024=CARTESIAN_POINT('',(6.07046649296173E-5,-0.0147,-0.0511015905908624));
#6025=CARTESIAN_POINT('',(0.000442369274694351,-0.0147,-0.0511104792537543));
#6026=CARTESIAN_POINT('',(0.000826007111825693,-0.0147,-0.0511055951023438));
#6027=CARTESIAN_POINT('',(0.00122507240368894,-0.0147,-0.0510854039981025));
#6028=CARTESIAN_POINT('',(0.00161076878846834,-0.0147,-0.0510504069758816));
#6029=CARTESIAN_POINT('',(0.00210328718296941,-0.0147,-0.0509873483025478));
#6030=CARTESIAN_POINT('',(0.00268136323180519,-0.0147,-0.0508811236132971));
#6031=CARTESIAN_POINT('',(0.00329525988248807,-0.0147,-0.0507272295820431));
#6032=CARTESIAN_POINT('',(0.00381543542060352,-0.0147,-0.0505675837118709));
#6033=CARTESIAN_POINT('',(0.00417608936689956,-0.0147,-0.0504408583575689));
#6034=CARTESIAN_POINT('',(0.00441535574931345,-0.0147,-0.0503514521795065));
#6035=CARTESIAN_POINT('',(0.00456601290862634,-0.0147,-0.0502935367500559));
#6036=CARTESIAN_POINT('',(0.00469835388097346,-0.0147,-0.0502417755826006));
#6037=CARTESIAN_POINT('',(0.00480868695145339,-0.0147,-0.050198201955276));
#6038=CARTESIAN_POINT('',(0.0048947416812737,-0.0147,-0.0501642596719669));
#6039=CARTESIAN_POINT('',(0.00496682091199439,-0.0147,-0.0501362908491236));
#6040=CARTESIAN_POINT('',(0.00502563149752879,-0.0147,-0.050114197555837));
#6041=CARTESIAN_POINT('',(0.00518421753892536,-0.0147,-0.0500572374759288));
#6042=CARTESIAN_POINT('',(0.00541269762924051,-0.0147,-0.0499761239955347));
#6043=CARTESIAN_POINT('',(0.00570700592987723,-0.0147,-0.049869184189733));
#6044=CARTESIAN_POINT('',(0.00607190044740186,-0.0147,-0.0497291542342842));
#6045=CARTESIAN_POINT('',(0.00649256257891017,-0.0147,-0.0495540328094498));
#6046=CARTESIAN_POINT('',(0.00696554405296456,-0.0147,-0.0493364284526955));
#6047=CARTESIAN_POINT('',(0.00747903883473212,-0.0147,-0.0490719686214399));
#6048=CARTESIAN_POINT('',(0.00794045006394813,-0.0147,-0.0488021351699817));
#6049=CARTESIAN_POINT('',(0.00831037064078866,-0.0147,-0.048563205601609));
#6050=CARTESIAN_POINT('',(0.00867804203434126,-0.0147,-0.048309619595183));
#6051=CARTESIAN_POINT('',(0.00909392015764292,-0.0147,-0.0479951496093617));
#6052=CARTESIAN_POINT('',(0.00954748628320172,-0.0147,-0.0476162607512726));
#6053=CARTESIAN_POINT('',(0.0101013079301006,-0.0147,-0.0471107688171537));
#6054=CARTESIAN_POINT('',(0.0107078315658322,-0.0147,-0.0464878113244205));
#6055=CARTESIAN_POINT('',(0.0113396719375798,-0.0147,-0.0457552121680014));
#6056=CARTESIAN_POINT('',(0.0118047558002005,-0.0147,-0.0451576264296942));
#6057=CARTESIAN_POINT('',(0.0121410909731599,-0.0147,-0.0446984232509761));
#6058=CARTESIAN_POINT('',(0.0123872424157106,-0.0147,-0.0443483857951281));
#6059=CARTESIAN_POINT('',(0.0126259072524391,-0.0147,-0.0439947514369744));
#6060=CARTESIAN_POINT('',(0.0128691820068102,-0.0147,-0.0436178004871596));
#6061=CARTESIAN_POINT('',(0.0131124117679933,-0.0147,-0.0432201083179618));
#6062=CARTESIAN_POINT('',(0.0134297464822339,-0.0147,-0.0426701393386289));
#6063=CARTESIAN_POINT('',(0.0138125238384222,-0.0147,-0.0419424429020451));
#6064=CARTESIAN_POINT('',(0.0142378965164612,-0.0147,-0.0410117530444015));
#6065=CARTESIAN_POINT('',(0.0146208471909713,-0.0147,-0.0400403724192791));
#6066=CARTESIAN_POINT('',(0.0149082755229574,-0.0147,-0.0391937119524583));
#6067=CARTESIAN_POINT('',(0.0151201045076674,-0.0147,-0.0384964934848844));
#6068=CARTESIAN_POINT('',(0.0153172652816061,-0.0147,-0.0378019734143595));
#6069=CARTESIAN_POINT('',(0.0155433763477828,-0.0147,-0.0369309787276399));
#6070=CARTESIAN_POINT('',(0.0157907211408979,-0.0147,-0.0358846495273358));
#6071=CARTESIAN_POINT('',(0.0160198670683036,-0.0147,-0.0348445822792425));
#6072=CARTESIAN_POINT('',(0.0162336789234117,-0.0147,-0.0338226538857561));
#6073=CARTESIAN_POINT('',(0.016433096766819,-0.0147,-0.0328371244826643));
#6074=CARTESIAN_POINT('',(0.0166184102064557,-0.0147,-0.0319069427377249));
#6075=CARTESIAN_POINT('',(0.0167601129625901,-0.0147,-0.0311988818100059));
#6076=CARTESIAN_POINT('',(0.0168646507062839,-0.0147,-0.0306885284181533));
#6077=CARTESIAN_POINT('',(0.0169375392995444,-0.0147,-0.0303412447379467));
#6078=CARTESIAN_POINT('',(0.0170062941050895,-0.0147,-0.0300246006204744));
#6079=CARTESIAN_POINT('',(0.0170964179526487,-0.0147,-0.0296213965866365));
#6080=CARTESIAN_POINT('',(0.017207620143972,-0.0147,-0.0291407816638099));
#6081=CARTESIAN_POINT('',(0.0173509026945182,-0.0147,-0.0285284582206004));
#6082=CARTESIAN_POINT('',(0.0175041227470315,-0.0147,-0.02784295255093));
#6083=CARTESIAN_POINT('',(0.0176592126718003,-0.0147,-0.0270756892541072));
#6084=CARTESIAN_POINT('',(0.0177831112206104,-0.0147,-0.0263625855890254));
#6085=CARTESIAN_POINT('',(0.0178750279102293,-0.0147,-0.0257529704492298));
#6086=CARTESIAN_POINT('',(0.017962106671721,-0.0147,-0.0251163827784777));
#6087=CARTESIAN_POINT('',(0.0180580346189445,-0.0147,-0.024306151145209));
#6088=CARTESIAN_POINT('',(0.018162772575151,-0.0147,-0.0233112830983224));
#6089=CARTESIAN_POINT('',(0.0182621111846694,-0.0147,-0.022301000664158));
#6090=CARTESIAN_POINT('',(0.0183596953177798,-0.0147,-0.021291880564051));
#6091=CARTESIAN_POINT('',(0.0184576632433302,-0.0147,-0.0203081377442495));
#6092=CARTESIAN_POINT('',(0.0185576209127667,-0.0147,-0.0193762568345877));
#6093=CARTESIAN_POINT('',(0.0186426283227802,-0.0147,-0.0186720100403703));
#6094=CARTESIAN_POINT('',(0.0187111004510513,-0.0147,-0.0181684406259719));
#6095=CARTESIAN_POINT('',(0.0187615774301249,-0.0147,-0.0178287551983018));
#6096=CARTESIAN_POINT('',(0.0188099525926874,-0.0147,-0.0175350801911693));
#6097=CARTESIAN_POINT('',(0.0188524232769804,-0.0147,-0.0173063736337835));
#6098=CARTESIAN_POINT('',(0.0188927394564499,-0.0147,-0.0171143302834718));
#6099=CARTESIAN_POINT('',(0.01894820100403,-0.0147,-0.0168771164034146));
#6100=CARTESIAN_POINT('',(0.0190294932918825,-0.0147,-0.0165710966419887));
#6101=CARTESIAN_POINT('',(0.01916577303008,-0.0147,-0.0161026910367499));
#6102=CARTESIAN_POINT('',(0.0193232981819958,-0.0147,-0.0155555686827615));
#6103=CARTESIAN_POINT('',(0.0194638726278817,-0.0147,-0.0150070151355997));
#6104=CARTESIAN_POINT('',(0.0195692989737346,-0.0147,-0.0145435385066196));
#6105=CARTESIAN_POINT('',(0.0196511700625703,-0.0147,-0.0141216978185918));
#6106=CARTESIAN_POINT('',(0.0197112396011127,-0.0147,-0.0137532507969051));
#6107=CARTESIAN_POINT('',(0.0197620137334984,-0.0147,-0.0133980965193977));
#6108=CARTESIAN_POINT('',(0.0198011827096541,-0.0147,-0.0130596604036197));
#6109=CARTESIAN_POINT('',(0.0198297078062284,-0.0147,-0.0127676424542588));
#6110=CARTESIAN_POINT('',(0.0198542242163727,-0.0147,-0.0124925635173377));
#6111=CARTESIAN_POINT('',(0.0198784930317833,-0.0147,-0.0121842699398361));
#6112=CARTESIAN_POINT('',(0.0199021003410261,-0.0147,-0.0118708873904343));
#6113=CARTESIAN_POINT('',(0.0199232403714957,-0.0147,-0.0116071426193942));
#6114=CARTESIAN_POINT('',(0.0199361797898754,-0.0147,-0.0114693906889755));
#6115=CARTESIAN_POINT('',(0.0199424704460664,-0.0147,-0.0114085001931644));
#6116=CARTESIAN_POINT('',(-0.00832766594921269,-0.0147,-0.0476504994429553));
#6117=CARTESIAN_POINT('',(-0.00832766594921269,-0.0147,-0.0476504994429553));
#6118=CARTESIAN_POINT('',(-0.0140164583459349,-0.0147,-0.042557859769774));
#6119=CARTESIAN_POINT('',(-0.0140164583459349,-0.0127,-0.042557859769774));
#6120=CARTESIAN_POINT('',(-0.0139554421714849,-0.0147,-0.0426502667016202));
#6121=CARTESIAN_POINT('',(-0.0139554421714849,-0.0127,-0.0426502667016202));
#6122=CARTESIAN_POINT('',(-0.0137779915103824,-0.0147,-0.0429263895420504));
#6123=CARTESIAN_POINT('',(-0.0137779915103824,-0.0127,-0.0429263895420504));
#6124=CARTESIAN_POINT('',(-0.0133540182102986,-0.0147,-0.0435731634035861));
#6125=CARTESIAN_POINT('',(-0.0133540182102986,-0.0127,-0.0435731634035861));
#6126=CARTESIAN_POINT('',(-0.01281885694634,-0.0147,-0.0442993389121337));
#6127=CARTESIAN_POINT('',(-0.01281885694634,-0.0127,-0.0442993389121337));
#6128=CARTESIAN_POINT('',(-0.0122463186891521,-0.0147,-0.044960276304282));
#6129=CARTESIAN_POINT('',(-0.0122463186891521,-0.0127,-0.044960276304282));
#6130=CARTESIAN_POINT('',(-0.0116867084304243,-0.0147,-0.045523050351279));
#6131=CARTESIAN_POINT('',(-0.0116867084304243,-0.0127,-0.045523050351279));
#6132=CARTESIAN_POINT('',(-0.0110698876223493,-0.0147,-0.0460479823760943));
#6133=CARTESIAN_POINT('',(-0.0110698876223493,-0.0127,-0.0460479823760943));
#6134=CARTESIAN_POINT('',(-0.0102867216959559,-0.0147,-0.0466159695993095));
#6135=CARTESIAN_POINT('',(-0.0102867216959559,-0.0127,-0.0466159695993095));
#6136=CARTESIAN_POINT('',(-0.00943272466013413,-0.0147,-0.0471154136613378));
#6137=CARTESIAN_POINT('',(-0.00943272466013413,-0.0127,-0.0471154136613378));
#6138=CARTESIAN_POINT('',(-0.00869227319938959,-0.0147,-0.0474783787297453));
#6139=CARTESIAN_POINT('',(-0.00869227319938959,-0.0127,-0.0474783787297453));
#6140=CARTESIAN_POINT('',(-0.00841096910981551,-0.0147,-0.0476101034114957));
#6141=CARTESIAN_POINT('',(-0.00841096910981551,-0.0127,-0.0476101034114957));
#6142=CARTESIAN_POINT('',(-0.00832766594921274,-0.0147,-0.0476504994429553));
#6143=CARTESIAN_POINT('',(-0.00832766594921274,-0.0127,-0.0476504994429553));
#6144=CARTESIAN_POINT('',(-0.0140164583459349,-0.0147,-0.042557859769774));
#6145=CARTESIAN_POINT('',(-0.0139859502587099,-0.0147,-0.0426040632356971));
#6146=CARTESIAN_POINT('',(-0.0139123372326743,-0.0147,-0.0427171370605737));
#6147=CARTESIAN_POINT('',(-0.0137575733397685,-0.0147,-0.0429566993959778));
#6148=CARTESIAN_POINT('',(-0.0135675211621157,-0.0147,-0.0432469922087082));
#6149=CARTESIAN_POINT('',(-0.0133256468847562,-0.0147,-0.0436029322837009));
#6150=CARTESIAN_POINT('',(-0.0130357803439846,-0.0147,-0.0440048958267262));
#6151=CARTESIAN_POINT('',(-0.0127362303524798,-0.0147,-0.0443879102755607));
#6152=CARTESIAN_POINT('',(-0.0124586941313634,-0.0147,-0.0447145013654852));
#6153=CARTESIAN_POINT('',(-0.0122300841616179,-0.0147,-0.0449684699559764));
#6154=CARTESIAN_POINT('',(-0.0119686747912409,-0.0147,-0.045240347639187));
#6155=CARTESIAN_POINT('',(-0.0116772742418863,-0.0147,-0.0455201058859773));
#6156=CARTESIAN_POINT('',(-0.0113852682744123,-0.0147,-0.0457796889023965));
#6157=CARTESIAN_POINT('',(-0.0110726828384545,-0.0147,-0.0460364818854774));
#6158=CARTESIAN_POINT('',(-0.0107727724691455,-0.0147,-0.0462633362048562));
#6159=CARTESIAN_POINT('',(-0.0103944505788665,-0.0147,-0.0465298831299575));
#6160=CARTESIAN_POINT('',(-0.00994874047995911,-0.0147,-0.0468134227416957));
#6161=CARTESIAN_POINT('',(-0.00954833416771349,-0.0147,-0.0470407070203981));
#6162=CARTESIAN_POINT('',(-0.00926359687364702,-0.0147,-0.0471920998959445));
#6163=CARTESIAN_POINT('',(-0.00900932786156272,-0.0147,-0.0473223328570439));
#6164=CARTESIAN_POINT('',(-0.00878804239874357,-0.0147,-0.0474305991247213));
#6165=CARTESIAN_POINT('',(-0.00860466109816858,-0.0147,-0.0475183154838218));
#6166=CARTESIAN_POINT('',(-0.00845334034911079,-0.0147,-0.0475901649626624));
#6167=CARTESIAN_POINT('',(-0.00836931752951413,-0.0147,-0.0476303014272255));
#6168=CARTESIAN_POINT('',(-0.00832766594921274,-0.0147,-0.0476504994429553));
#6169=CARTESIAN_POINT('',(-0.0140164583459366,-0.0147,-0.0425578597697754));
#6170=CARTESIAN_POINT('',(-0.0140164583459366,-0.0147,-0.0425578597697754));
#6171=CARTESIAN_POINT('',(-0.0176928392522736,-0.0147,-0.0320193063316116));
#6172=CARTESIAN_POINT('',(-0.0176928392522736,-0.0127,-0.0320193063316116));
#6173=CARTESIAN_POINT('',(-0.0177691211521859,-0.0147,-0.0324425748182551));
#6174=CARTESIAN_POINT('',(-0.0177691211521859,-0.0127,-0.0324425748182551));
#6175=CARTESIAN_POINT('',(-0.0178960659386819,-0.0147,-0.0333314329683893));
#6176=CARTESIAN_POINT('',(-0.0178960659386819,-0.0127,-0.0333314329683893));
#6177=CARTESIAN_POINT('',(-0.0179394161015231,-0.0147,-0.0349355779957952));
#6178=CARTESIAN_POINT('',(-0.0179394161015231,-0.0127,-0.0349355779957952));
#6179=CARTESIAN_POINT('',(-0.0177243892285292,-0.0147,-0.0366254290664541));
#6180=CARTESIAN_POINT('',(-0.0177243892285292,-0.0127,-0.0366254290664541));
#6181=CARTESIAN_POINT('',(-0.0172353354445939,-0.0147,-0.0382725217580846));
#6182=CARTESIAN_POINT('',(-0.0172353354445939,-0.0127,-0.0382725217580846));
#6183=CARTESIAN_POINT('',(-0.0165978733405125,-0.0147,-0.0395662231709115));
#6184=CARTESIAN_POINT('',(-0.0165978733405125,-0.0127,-0.0395662231709115));
#6185=CARTESIAN_POINT('',(-0.0159662155376877,-0.0147,-0.0405190642684754));
#6186=CARTESIAN_POINT('',(-0.0159662155376877,-0.0127,-0.0405190642684754));
#6187=CARTESIAN_POINT('',(-0.0152460614463503,-0.0147,-0.0414191087677093));
#6188=CARTESIAN_POINT('',(-0.0152460614463503,-0.0127,-0.0414191087677093));
#6189=CARTESIAN_POINT('',(-0.0144578015488591,-0.0147,-0.0421777826263919));
#6190=CARTESIAN_POINT('',(-0.0144578015488591,-0.0127,-0.0421777826263919));
#6191=CARTESIAN_POINT('',(-0.0141152764023679,-0.0147,-0.0424706803878518));
#6192=CARTESIAN_POINT('',(-0.0141152764023679,-0.0127,-0.0424706803878518));
#6193=CARTESIAN_POINT('',(-0.0140164583459366,-0.0147,-0.0425578597697754));
#6194=CARTESIAN_POINT('',(-0.0140164583459366,-0.0127,-0.0425578597697754));
#6195=CARTESIAN_POINT('',(-0.0176928392522736,-0.0147,-0.0320193063316116));
#6196=CARTESIAN_POINT('',(-0.0177309802022298,-0.0147,-0.0322309405749334));
#6197=CARTESIAN_POINT('',(-0.0178003808190884,-0.0147,-0.0326658554779943));
#6198=CARTESIAN_POINT('',(-0.017864886574999,-0.0147,-0.0332519750717957));
#6199=CARTESIAN_POINT('',(-0.0178977923087783,-0.0147,-0.0337430015814387));
#6200=CARTESIAN_POINT('',(-0.0179166505473238,-0.0147,-0.0342617150948264));
#6201=CARTESIAN_POINT('',(-0.0179070309888242,-0.0147,-0.0349471142795183));
#6202=CARTESIAN_POINT('',(-0.0178314211589829,-0.0147,-0.0357860816420627));
#6203=CARTESIAN_POINT('',(-0.0176900712100069,-0.0147,-0.0366192954975292));
#6204=CARTESIAN_POINT('',(-0.0174806024612237,-0.0147,-0.0374465523875164));
#6205=CARTESIAN_POINT('',(-0.0172004725778431,-0.0147,-0.0382614769012337));
#6206=CARTESIAN_POINT('',(-0.0168536191540048,-0.0147,-0.0390480195598186));
#6207=CARTESIAN_POINT('',(-0.0164404653885805,-0.0147,-0.039803965646637));
#6208=CARTESIAN_POINT('',(-0.0160429347070395,-0.0147,-0.0404020430320221));
#6209=CARTESIAN_POINT('',(-0.0157429411735531,-0.0147,-0.0407965634363274));
#6210=CARTESIAN_POINT('',(-0.0155636720714376,-0.0147,-0.041017171227948));
#6211=CARTESIAN_POINT('',(-0.0153895275604757,-0.0147,-0.041222534038984));
#6212=CARTESIAN_POINT('',(-0.0151793238529803,-0.0147,-0.041456420387557));
#6213=CARTESIAN_POINT('',(-0.0149401587072591,-0.0147,-0.04170539033955));
#6214=CARTESIAN_POINT('',(-0.0147194428358114,-0.0147,-0.0419222493856055));
#6215=CARTESIAN_POINT('',(-0.0145245182372448,-0.0147,-0.0421050337367109));
#6216=CARTESIAN_POINT('',(-0.0143614176656168,-0.0147,-0.0422532494376726));
#6217=CARTESIAN_POINT('',(-0.0142170477999626,-0.0147,-0.0423816802335207));
#6218=CARTESIAN_POINT('',(-0.0140983923942984,-0.0147,-0.0424858455644957));
#6219=CARTESIAN_POINT('',(-0.0140411628600444,-0.0147,-0.0425360649242945));
#6220=CARTESIAN_POINT('',(-0.0140164583459366,-0.0147,-0.0425578597697754));
#6221=CARTESIAN_POINT('',(-0.0176928392522736,-0.0147,-0.0320193063316115));
#6222=CARTESIAN_POINT('',(-0.0176928392522736,-0.0147,-0.0320193063316115));
#6223=CARTESIAN_POINT('',(-0.033668823495851,-0.0147,-0.015507756546755));
#6224=CARTESIAN_POINT('',(-0.033668823495851,-0.0127,-0.015507756546755));
#6225=CARTESIAN_POINT('',(-0.0336704113700045,-0.0147,-0.0158683147879127));
#6226=CARTESIAN_POINT('',(-0.0336704113700045,-0.0127,-0.0158683147879127));
#6227=CARTESIAN_POINT('',(-0.0336191707981245,-0.0147,-0.0170357300757891));
#6228=CARTESIAN_POINT('',(-0.0336191707981245,-0.0127,-0.0170357300757891));
#6229=CARTESIAN_POINT('',(-0.0331669911738397,-0.0147,-0.0185856827650051));
#6230=CARTESIAN_POINT('',(-0.0331669911738397,-0.0127,-0.0185856827650051));
#6231=CARTESIAN_POINT('',(-0.0327423595744356,-0.0147,-0.0195564986461544));
#6232=CARTESIAN_POINT('',(-0.0327423595744356,-0.0127,-0.0195564986461544));
#6233=CARTESIAN_POINT('',(-0.0323358980686394,-0.0147,-0.0203637046165854));
#6234=CARTESIAN_POINT('',(-0.0323358980686394,-0.0127,-0.0203637046165854));
#6235=CARTESIAN_POINT('',(-0.0318099653374212,-0.0147,-0.0212705358792912));
#6236=CARTESIAN_POINT('',(-0.0318099653374212,-0.0127,-0.0212705358792912));
#6237=CARTESIAN_POINT('',(-0.0311196527484907,-0.0147,-0.0223413994990204));
#6238=CARTESIAN_POINT('',(-0.0311196527484907,-0.0127,-0.0223413994990204));
#6239=CARTESIAN_POINT('',(-0.0301148622853049,-0.0147,-0.0237860004393095));
#6240=CARTESIAN_POINT('',(-0.0301148622853049,-0.0127,-0.0237860004393095));
#6241=CARTESIAN_POINT('',(-0.0287219245315384,-0.0147,-0.0256168393959079));
#6242=CARTESIAN_POINT('',(-0.0287219245315384,-0.0127,-0.0256168393959079));
#6243=CARTESIAN_POINT('',(-0.027242961840923,-0.0147,-0.0273589977410828));
#6244=CARTESIAN_POINT('',(-0.027242961840923,-0.0127,-0.0273589977410828));
#6245=CARTESIAN_POINT('',(-0.0260166620527342,-0.0147,-0.0286436933007733));
#6246=CARTESIAN_POINT('',(-0.0260166620527342,-0.0127,-0.0286436933007733));
#6247=CARTESIAN_POINT('',(-0.0250302381654363,-0.0147,-0.029570471875406));
#6248=CARTESIAN_POINT('',(-0.0250302381654363,-0.0127,-0.029570471875406));
#6249=CARTESIAN_POINT('',(-0.0238183111715078,-0.0147,-0.0305209662387209));
#6250=CARTESIAN_POINT('',(-0.0238183111715078,-0.0127,-0.0305209662387209));
#6251=CARTESIAN_POINT('',(-0.0221637881277694,-0.0147,-0.0314619079838751));
#6252=CARTESIAN_POINT('',(-0.0221637881277694,-0.0127,-0.0314619079838751));
#6253=CARTESIAN_POINT('',(-0.019906199129622,-0.0147,-0.0321092223103632));
#6254=CARTESIAN_POINT('',(-0.019906199129622,-0.0127,-0.0321092223103632));
#6255=CARTESIAN_POINT('',(-0.0183650787476429,-0.0147,-0.0320971690588565));
#6256=CARTESIAN_POINT('',(-0.0183650787476429,-0.0127,-0.0320971690588565));
#6257=CARTESIAN_POINT('',(-0.0176928392522736,-0.0147,-0.0320193063316115));
#6258=CARTESIAN_POINT('',(-0.0176928392522736,-0.0127,-0.0320193063316115));
#6259=CARTESIAN_POINT('',(-0.033668823495851,-0.0147,-0.015507756546755));
#6260=CARTESIAN_POINT('',(-0.0336692204643893,-0.0147,-0.0155978961070444));
#6261=CARTESIAN_POINT('',(-0.0336674741183124,-0.0147,-0.015808075099762));
#6262=CARTESIAN_POINT('',(-0.0336530541166569,-0.0147,-0.0161155354221889));
#6263=CARTESIAN_POINT('',(-0.0336310661649674,-0.0147,-0.0163864145790845));
#6264=CARTESIAN_POINT('',(-0.0336080323759934,-0.0147,-0.0166045796456762));
#6265=CARTESIAN_POINT('',(-0.0335780361358209,-0.0147,-0.0168308194509405));
#6266=CARTESIAN_POINT('',(-0.0335307243857512,-0.0147,-0.0171278946040785));
#6267=CARTESIAN_POINT('',(-0.033456475092699,-0.0147,-0.017502853183536));
#6268=CARTESIAN_POINT('',(-0.0333411605618234,-0.0147,-0.0179581791981457));
#6269=CARTESIAN_POINT('',(-0.0332073469907429,-0.0147,-0.0183928385458771));
#6270=CARTESIAN_POINT('',(-0.0330570330083206,-0.0147,-0.0188108402881769));
#6271=CARTESIAN_POINT('',(-0.0328980766699193,-0.0147,-0.0191995475780567));
#6272=CARTESIAN_POINT('',(-0.0327449383708313,-0.0147,-0.0195393748470184));
#6273=CARTESIAN_POINT('',(-0.0325899548635757,-0.0147,-0.0198592374777564));
#6274=CARTESIAN_POINT('',(-0.0323854548957809,-0.0147,-0.0202561788261733));
#6275=CARTESIAN_POINT('',(-0.0321259774474481,-0.0147,-0.0207245738349897));
#6276=CARTESIAN_POINT('',(-0.0318025813216861,-0.0147,-0.0212686449004146));
#6277=CARTESIAN_POINT('',(-0.0314642959788666,-0.0147,-0.0218067279435808));
#6278=CARTESIAN_POINT('',(-0.0309943624748995,-0.0147,-0.0225215139175546));
#6279=CARTESIAN_POINT('',(-0.0303658484127844,-0.0147,-0.0234251952231301));
#6280=CARTESIAN_POINT('',(-0.0295581205982344,-0.0147,-0.0245175777889576));
#6281=CARTESIAN_POINT('',(-0.0287093271456583,-0.0147,-0.0256034705840349));
#6282=CARTESIAN_POINT('',(-0.0278328880841447,-0.0147,-0.0266631595166414));
#6283=CARTESIAN_POINT('',(-0.026937060034445,-0.0147,-0.0276796038613037));
#6284=CARTESIAN_POINT('',(-0.0261692002753092,-0.0147,-0.0284840500318435));
#6285=CARTESIAN_POINT('',(-0.0255246641326788,-0.0147,-0.0291054975251733));
#6286=CARTESIAN_POINT('',(-0.0249999027549264,-0.0147,-0.0295753939173444));
#6287=CARTESIAN_POINT('',(-0.0244316507336033,-0.0147,-0.030039473846567));
#6288=CARTESIAN_POINT('',(-0.0238729979536747,-0.0147,-0.0304417745186678));
#6289=CARTESIAN_POINT('',(-0.0233759090262838,-0.0147,-0.0307550335041668));
#6290=CARTESIAN_POINT('',(-0.0228456475658994,-0.0147,-0.0310585888521618));
#6291=CARTESIAN_POINT('',(-0.0222361167371813,-0.0147,-0.0313529320497528));
#6292=CARTESIAN_POINT('',(-0.0215652152245621,-0.0147,-0.0316066319421843));
#6293=CARTESIAN_POINT('',(-0.0210264729031507,-0.0147,-0.0317733200440059));
#6294=CARTESIAN_POINT('',(-0.0205647549411178,-0.0147,-0.0318840402384706));
#6295=CARTESIAN_POINT('',(-0.0201868848234277,-0.0147,-0.0319553578081114));
#6296=CARTESIAN_POINT('',(-0.0197999860708303,-0.0147,-0.0320149348730066));
#6297=CARTESIAN_POINT('',(-0.019323459252666,-0.0147,-0.0320636462484606));
#6298=CARTESIAN_POINT('',(-0.0187572471824368,-0.0147,-0.0320846120278277));
#6299=CARTESIAN_POINT('',(-0.0182058860463867,-0.0147,-0.0320692875915604));
#6300=CARTESIAN_POINT('',(-0.017860899126116,-0.0147,-0.0320387720134227));
#6301=CARTESIAN_POINT('',(-0.0176928392522736,-0.0147,-0.0320193063316115));
#6302=CARTESIAN_POINT('',(-0.0336688234958509,-0.0147,-0.0155077565467545));
#6303=CARTESIAN_POINT('',(-0.0336688234958509,-0.0147,-0.0155077565467545));
#6304=CARTESIAN_POINT('',(-0.0215916096180565,-0.0147,-0.000541200138552147));
#6305=CARTESIAN_POINT('',(-0.0215916096180565,-0.0127,-0.000541200138552147));
#6306=CARTESIAN_POINT('',(-0.0222165416284615,-0.0147,-0.00094487011273195));
#6307=CARTESIAN_POINT('',(-0.0222165416284615,-0.0127,-0.00094487011273195));
#6308=CARTESIAN_POINT('',(-0.0235113497725334,-0.0147,-0.00180426210737875));
#6309=CARTESIAN_POINT('',(-0.0235113497725334,-0.0127,-0.00180426210737875));
#6310=CARTESIAN_POINT('',(-0.0254959442958923,-0.0147,-0.00319977164200545));
#6311=CARTESIAN_POINT('',(-0.0254959442958923,-0.0127,-0.00319977164200545));
#6312=CARTESIAN_POINT('',(-0.0274305456076047,-0.0147,-0.00465687770231243));
#6313=CARTESIAN_POINT('',(-0.0274305456076047,-0.0127,-0.00465687770231243));
#6314=CARTESIAN_POINT('',(-0.0289385750212228,-0.0147,-0.00590267297605356));
#6315=CARTESIAN_POINT('',(-0.0289385750212228,-0.0127,-0.00590267297605356));
#6316=CARTESIAN_POINT('',(-0.0300739031274734,-0.0147,-0.00694768674055839));
#6317=CARTESIAN_POINT('',(-0.0300739031274734,-0.0127,-0.00694768674055839));
#6318=CARTESIAN_POINT('',(-0.0309008511398747,-0.0147,-0.00779164456425168));
#6319=CARTESIAN_POINT('',(-0.0309008511398747,-0.0127,-0.00779164456425168));
#6320=CARTESIAN_POINT('',(-0.0317273662208251,-0.0147,-0.00875357114533358));
#6321=CARTESIAN_POINT('',(-0.0317273662208251,-0.0127,-0.00875357114533358));
#6322=CARTESIAN_POINT('',(-0.0326057741967992,-0.0147,-0.0100674095831929));
#6323=CARTESIAN_POINT('',(-0.0326057741967992,-0.0127,-0.0100674095831929));
#6324=CARTESIAN_POINT('',(-0.0331604824628164,-0.0147,-0.0112935723056583));
#6325=CARTESIAN_POINT('',(-0.0331604824628164,-0.0127,-0.0112935723056583));
#6326=CARTESIAN_POINT('',(-0.0334799970954708,-0.0147,-0.0123724448917258));
#6327=CARTESIAN_POINT('',(-0.0334799970954708,-0.0127,-0.0123724448917258));
#6328=CARTESIAN_POINT('',(-0.0336308702873836,-0.0147,-0.0131445528602206));
#6329=CARTESIAN_POINT('',(-0.0336308702873836,-0.0127,-0.0131445528602206));
#6330=CARTESIAN_POINT('',(-0.0337126729127522,-0.0147,-0.0138784509306537));
#6331=CARTESIAN_POINT('',(-0.0337126729127522,-0.0127,-0.0138784509306537));
#6332=CARTESIAN_POINT('',(-0.0337366491080375,-0.0147,-0.0148100369370379));
#6333=CARTESIAN_POINT('',(-0.0337366491080375,-0.0127,-0.0148100369370379));
#6334=CARTESIAN_POINT('',(-0.0336915381910193,-0.0147,-0.0152900238972878));
#6335=CARTESIAN_POINT('',(-0.0336915381910193,-0.0127,-0.0152900238972878));
#6336=CARTESIAN_POINT('',(-0.0336688234958509,-0.0147,-0.0155077565467546));
#6337=CARTESIAN_POINT('',(-0.0336688234958509,-0.0127,-0.0155077565467546));
#6338=CARTESIAN_POINT('',(-0.0215916096180564,-0.0147,-0.000541200138552147));
#6339=CARTESIAN_POINT('',(-0.0222165416284615,-0.0147,-0.00094487011273195));
#6340=CARTESIAN_POINT('',(-0.0235113552420679,-0.0147,-0.0018042742185612));
#6341=CARTESIAN_POINT('',(-0.0251651635007791,-0.0147,-0.00296715341381586));
#6342=CARTESIAN_POINT('',(-0.0264632709320376,-0.0147,-0.00392838220027559));
#6343=CARTESIAN_POINT('',(-0.0274147112247778,-0.0147,-0.00466132799341285));
#6344=CARTESIAN_POINT('',(-0.0283361917991085,-0.0147,-0.00540542030812964));
#6345=CARTESIAN_POINT('',(-0.0292221371272896,-0.0147,-0.00616344380000582));
#6346=CARTESIAN_POINT('',(-0.0300741542661239,-0.0147,-0.00694855176768182));
#6347=CARTESIAN_POINT('',(-0.0307624561324946,-0.0147,-0.00764864785539036));
#6348=CARTESIAN_POINT('',(-0.0313150850621835,-0.0147,-0.0082766415782103));
#6349=CARTESIAN_POINT('',(-0.0317330085174301,-0.0147,-0.0087967162089134));
#6350=CARTESIAN_POINT('',(-0.0321689710880704,-0.0147,-0.00940983231491477));
#6351=CARTESIAN_POINT('',(-0.0325783129456497,-0.0147,-0.010085855736749));
#6352=CARTESIAN_POINT('',(-0.0329396642533721,-0.0147,-0.0108087590663449));
#6353=CARTESIAN_POINT('',(-0.0331902845660595,-0.0147,-0.0114382840405076));
#6354=CARTESIAN_POINT('',(-0.0333595752983184,-0.0147,-0.0119636938723664));
#6355=CARTESIAN_POINT('',(-0.0335054779102087,-0.0147,-0.0125034555515612));
#6356=CARTESIAN_POINT('',(-0.033630871792147,-0.0147,-0.0131444878723649));
#6357=CARTESIAN_POINT('',(-0.0336986993448146,-0.0147,-0.0137540035507286));
#6358=CARTESIAN_POINT('',(-0.0337222753197085,-0.0147,-0.0142316445433545));
#6359=CARTESIAN_POINT('',(-0.0337253786930273,-0.0147,-0.0145579843045417));
#6360=CARTESIAN_POINT('',(-0.0337180782211581,-0.0147,-0.0148534591547707));
#6361=CARTESIAN_POINT('',(-0.033703799859479,-0.0147,-0.0151141425763789));
#6362=CARTESIAN_POINT('',(-0.033685914653931,-0.0147,-0.0153375971058042));
#6363=CARTESIAN_POINT('',(-0.033674502169643,-0.0147,-0.0154533233843878));
#6364=CARTESIAN_POINT('',(-0.0336688234958509,-0.0147,-0.0155077565467546));
#6365=CARTESIAN_POINT('',(-0.0215916096180564,-0.0147,-0.000541200138552163));
#6366=CARTESIAN_POINT('',(-0.0215916096180564,-0.0147,-0.000541200138552163));
#6367=CARTESIAN_POINT('',(-0.020534009907476,-0.0147,0.0139893672592757));
#6368=CARTESIAN_POINT('',(-0.020534009907476,-0.0127,0.0139893672592757));
#6369=CARTESIAN_POINT('',(-0.0207371182872784,-0.0147,0.0128585244525166));
#6370=CARTESIAN_POINT('',(-0.0207371182872784,-0.0127,0.0128585244525166));
#6371=CARTESIAN_POINT('',(-0.0210764883578429,-0.0147,0.0104800162824431));
#6372=CARTESIAN_POINT('',(-0.0210764883578429,-0.0127,0.0104800162824431));
#6373=CARTESIAN_POINT('',(-0.0214350684675468,-0.0147,0.00667705123007753));
#6374=CARTESIAN_POINT('',(-0.0214350684675468,-0.0127,0.00667705123007753));
#6375=CARTESIAN_POINT('',(-0.0216272194077503,-0.0147,0.00289919211368137));
#6376=CARTESIAN_POINT('',(-0.0216272194077503,-0.0127,0.00289919211368137));
#6377=CARTESIAN_POINT('',(-0.0216314538103406,-0.0147,0.000565748613346081));
#6378=CARTESIAN_POINT('',(-0.0216314538103406,-0.0127,0.000565748613346081));
#6379=CARTESIAN_POINT('',(-0.0215916096180564,-0.0147,-0.000541200138552163));
#6380=CARTESIAN_POINT('',(-0.0215916096180564,-0.0127,-0.000541200138552163));
#6381=CARTESIAN_POINT('',(-0.020534009907476,-0.0147,0.0139893672592757));
#6382=CARTESIAN_POINT('',(-0.0207371182872784,-0.0147,0.0128585244525166));
#6383=CARTESIAN_POINT('',(-0.0210764883578429,-0.0147,0.0104800162824431));
#6384=CARTESIAN_POINT('',(-0.0214350684675468,-0.0147,0.00667705123007758));
#6385=CARTESIAN_POINT('',(-0.0216272194077503,-0.0147,0.00289919211368131));
#6386=CARTESIAN_POINT('',(-0.0216314538103406,-0.0147,0.000565748613346081));
#6387=CARTESIAN_POINT('',(-0.0215916096180564,-0.0147,-0.000541200138552163));
#6388=CARTESIAN_POINT('',(-0.020534009907476,-0.0147,0.0139893672592757));
#6389=CARTESIAN_POINT('',(-0.020534009907476,-0.0147,0.0139893672592757));
#6390=CARTESIAN_POINT('',(-0.0360332496230602,-0.0147,0.0246119029549401));
#6391=CARTESIAN_POINT('',(-0.0360332496230602,-0.0127,0.0246119029549401));
#6392=CARTESIAN_POINT('',(-0.035765312838392,-0.0147,0.0242623409022616));
#6393=CARTESIAN_POINT('',(-0.035765312838392,-0.0127,0.0242623409022616));
#6394=CARTESIAN_POINT('',(-0.035363565438211,-0.0147,0.023738172115793));
#6395=CARTESIAN_POINT('',(-0.035363565438211,-0.0127,0.023738172115793));
#6396=CARTESIAN_POINT('',(-0.0348272711306839,-0.0147,0.023038583230304));
#6397=CARTESIAN_POINT('',(-0.0348272711306839,-0.0127,0.023038583230304));
#6398=CARTESIAN_POINT('',(-0.0344266281682533,-0.0147,0.0225156344916816));
#6399=CARTESIAN_POINT('',(-0.0344266281682533,-0.0127,0.0225156344916816));
#6400=CARTESIAN_POINT('',(-0.0340201572446424,-0.0147,0.0219862788582746));
#6401=CARTESIAN_POINT('',(-0.0340201572446424,-0.0127,0.0219862788582746));
#6402=CARTESIAN_POINT('',(-0.0336337652817718,-0.0147,0.0214787089961691));
#6403=CARTESIAN_POINT('',(-0.0336337652817718,-0.0127,0.0214787089961691));
#6404=CARTESIAN_POINT('',(-0.0330427631433478,-0.0147,0.0207269761475341));
#6405=CARTESIAN_POINT('',(-0.0330427631433478,-0.0127,0.0207269761475341));
#6406=CARTESIAN_POINT('',(-0.031972836643207,-0.0147,0.0195129700191639));
#6407=CARTESIAN_POINT('',(-0.031972836643207,-0.0127,0.0195129700191639));
#6408=CARTESIAN_POINT('',(-0.0304492332265217,-0.0147,0.0181756495007304));
#6409=CARTESIAN_POINT('',(-0.0304492332265217,-0.0127,0.0181756495007304));
#6410=CARTESIAN_POINT('',(-0.0286149430948852,-0.0147,0.0170230923648144));
#6411=CARTESIAN_POINT('',(-0.0286149430948852,-0.0127,0.0170230923648144));
#6412=CARTESIAN_POINT('',(-0.0270667090222151,-0.0147,0.0162382034165644));
#6413=CARTESIAN_POINT('',(-0.0270667090222151,-0.0127,0.0162382034165644));
#6414=CARTESIAN_POINT('',(-0.025448506924891,-0.0147,0.0155714801194778));
#6415=CARTESIAN_POINT('',(-0.025448506924891,-0.0127,0.0155714801194778));
#6416=CARTESIAN_POINT('',(-0.02327819266265,-0.0147,0.0148012701215597));
#6417=CARTESIAN_POINT('',(-0.02327819266265,-0.0127,0.0148012701215597));
#6418=CARTESIAN_POINT('',(-0.0216093435968033,-0.0147,0.0142972873293309));
#6419=CARTESIAN_POINT('',(-0.0216093435968033,-0.0127,0.0142972873293309));
#6420=CARTESIAN_POINT('',(-0.020534009907476,-0.0147,0.0139893672592757));
#6421=CARTESIAN_POINT('',(-0.020534009907476,-0.0127,0.0139893672592757));
#6422=CARTESIAN_POINT('',(-0.0360332496230602,-0.0147,0.0246119029549401));
#6423=CARTESIAN_POINT('',(-0.0358992812307261,-0.0147,0.0244371219286009));
#6424=CARTESIAN_POINT('',(-0.0356313447470624,-0.0147,0.0240875600263971));
#6425=CARTESIAN_POINT('',(-0.0352294382155395,-0.0147,0.0235632162702425));
#6426=CARTESIAN_POINT('',(-0.034827538005112,-0.0147,0.0230388756740588));
#6427=CARTESIAN_POINT('',(-0.0344926015977941,-0.0147,0.0226019153963769));
#6428=CARTESIAN_POINT('',(-0.034224780047118,-0.0147,0.0222524771793623));
#6429=CARTESIAN_POINT('',(-0.0340568069327788,-0.0147,0.0220333468907976));
#6430=CARTESIAN_POINT('',(-0.0339233027258719,-0.0147,0.0218592096211663));
#6431=CARTESIAN_POINT('',(-0.0337912598431305,-0.0147,0.0216868419677132));
#6432=CARTESIAN_POINT('',(-0.0336081877083051,-0.0147,0.0214480020669499));
#6433=CARTESIAN_POINT('',(-0.0333373564117614,-0.0147,0.0211014727748197));
#6434=CARTESIAN_POINT('',(-0.0329097508869994,-0.0147,0.0205759811962698));
#6435=CARTESIAN_POINT('',(-0.032372590390769,-0.0147,0.019968410801957));
#6436=CARTESIAN_POINT('',(-0.0317280646699948,-0.0147,0.0193298718537614));
#6437=CARTESIAN_POINT('',(-0.0311892161203388,-0.0147,0.0188435751140372));
#6438=CARTESIAN_POINT('',(-0.0306041469233149,-0.0147,0.0183656026016415));
#6439=CARTESIAN_POINT('',(-0.0299709195434556,-0.0147,0.0178991726553239));
#6440=CARTESIAN_POINT('',(-0.0293007957070623,-0.0147,0.0174551497688301));
#6441=CARTESIAN_POINT('',(-0.0285929435894747,-0.0147,0.0170328838768655));
#6442=CARTESIAN_POINT('',(-0.0278445720304073,-0.0147,0.0166313978162815));
#6443=CARTESIAN_POINT('',(-0.0270567095438347,-0.0147,0.0162526069296857));
#6444=CARTESIAN_POINT('',(-0.0262588759028906,-0.0147,0.0159055606155255));
#6445=CARTESIAN_POINT('',(-0.0251764918721245,-0.0147,0.0154747925029095));
#6446=CARTESIAN_POINT('',(-0.0238209635113992,-0.0147,0.014993930684975));
#6447=CARTESIAN_POINT('',(-0.0221657668666176,-0.0147,0.0144653645906455));
#6448=CARTESIAN_POINT('',(-0.0210716767521397,-0.0147,0.0141433272943033));
#6449=CARTESIAN_POINT('',(-0.020534009907476,-0.0147,0.0139893672592757));
#6450=CARTESIAN_POINT('',(-0.0360332496230602,-0.0147,0.0246119029549401));
#6451=CARTESIAN_POINT('',(-0.0360332496230602,-0.0147,0.0246119029549401));
#6452=CARTESIAN_POINT('',(-0.0360332496230602,-0.0147,0.0246119029549401));
#6453=CARTESIAN_POINT('',(-0.0360332496230602,-0.0127,0.0246119029549401));
#6454=CARTESIAN_POINT('',(-0.0358091609404513,-0.0147,0.0253276495100276));
#6455=CARTESIAN_POINT('',(-0.0358091609404513,-0.0127,0.0253276495100276));
#6456=CARTESIAN_POINT('',(-0.0354717902060578,-0.0147,0.0264062356723012));
#6457=CARTESIAN_POINT('',(-0.0354717902060578,-0.0127,0.0264062356723012));
#6458=CARTESIAN_POINT('',(-0.0350269134021206,-0.0147,0.0278244852367635));
#6459=CARTESIAN_POINT('',(-0.0350269134021206,-0.0127,0.0278244852367635));
#6460=CARTESIAN_POINT('',(-0.0345668780748227,-0.0147,0.029304145357574));
#6461=CARTESIAN_POINT('',(-0.0345668780748227,-0.0127,0.029304145357574));
#6462=CARTESIAN_POINT('',(-0.0338591580723096,-0.0147,0.0313508607633596));
#6463=CARTESIAN_POINT('',(-0.0338591580723096,-0.0127,0.0313508607633596));
#6464=CARTESIAN_POINT('',(-0.0325729688827983,-0.0147,0.0337008838849772));
#6465=CARTESIAN_POINT('',(-0.0325729688827983,-0.0127,0.0337008838849772));
#6466=CARTESIAN_POINT('',(-0.0312196119591093,-0.0147,0.0355048156322081));
#6467=CARTESIAN_POINT('',(-0.0312196119591093,-0.0127,0.0355048156322081));
#6468=CARTESIAN_POINT('',(-0.0294728356662184,-0.0147,0.0371837399463826));
#6469=CARTESIAN_POINT('',(-0.0294728356662184,-0.0127,0.0371837399463826));
#6470=CARTESIAN_POINT('',(-0.0273491408741156,-0.0147,0.0385962990744797));
#6471=CARTESIAN_POINT('',(-0.0273491408741156,-0.0127,0.0385962990744797));
#6472=CARTESIAN_POINT('',(-0.0253625880219248,-0.0147,0.0395563860594135));
#6473=CARTESIAN_POINT('',(-0.0253625880219248,-0.0127,0.0395563860594135));
#6474=CARTESIAN_POINT('',(-0.0237719764365865,-0.0147,0.0401712782593125));
#6475=CARTESIAN_POINT('',(-0.0237719764365865,-0.0127,0.0401712782593125));
#6476=CARTESIAN_POINT('',(-0.0225640162465016,-0.0147,0.0405681607946889));
#6477=CARTESIAN_POINT('',(-0.0225640162465016,-0.0127,0.0405681607946889));
#6478=CARTESIAN_POINT('',(-0.0216941057146883,-0.0147,0.0408234218545204));
#6479=CARTESIAN_POINT('',(-0.0216941057146883,-0.0127,0.0408234218545204));
#6480=CARTESIAN_POINT('',(-0.0208624394795365,-0.0147,0.0410387475101868));
#6481=CARTESIAN_POINT('',(-0.0208624394795365,-0.0127,0.0410387475101868));
#6482=CARTESIAN_POINT('',(-0.0200650930992309,-0.0147,0.0412162831257746));
#6483=CARTESIAN_POINT('',(-0.0200650930992309,-0.0127,0.0412162831257746));
#6484=CARTESIAN_POINT('',(-0.019409139069922,-0.0147,0.0413351848013091));
#6485=CARTESIAN_POINT('',(-0.019409139069922,-0.0127,0.0413351848013091));
#6486=CARTESIAN_POINT('',(-0.0188524886385143,-0.0147,0.0414123052028974));
#6487=CARTESIAN_POINT('',(-0.0188524886385143,-0.0127,0.0414123052028974));
#6488=CARTESIAN_POINT('',(-0.0183887709072522,-0.0147,0.0414598200929115));
#6489=CARTESIAN_POINT('',(-0.0183887709072522,-0.0127,0.0414598200929115));
#6490=CARTESIAN_POINT('',(-0.0178465058139965,-0.0147,0.0414899473647618));
#6491=CARTESIAN_POINT('',(-0.0178465058139965,-0.0127,0.0414899473647618));
#6492=CARTESIAN_POINT('',(-0.0172134285310441,-0.0147,0.0414844572596989));
#6493=CARTESIAN_POINT('',(-0.0172134285310441,-0.0127,0.0414844572596989));
#6494=CARTESIAN_POINT('',(-0.0164813966807715,-0.0147,0.041407115645224));
#6495=CARTESIAN_POINT('',(-0.0164813966807715,-0.0127,0.041407115645224));
#6496=CARTESIAN_POINT('',(-0.0157208480824847,-0.0147,0.0412597838520992));
#6497=CARTESIAN_POINT('',(-0.0157208480824847,-0.0127,0.0412597838520992));
#6498=CARTESIAN_POINT('',(-0.0148135367190807,-0.0147,0.0409719349358852));
#6499=CARTESIAN_POINT('',(-0.0148135367190807,-0.0127,0.0409719349358852));
#6500=CARTESIAN_POINT('',(-0.0138277642294988,-0.0147,0.0404668475713617));
#6501=CARTESIAN_POINT('',(-0.0138277642294988,-0.0127,0.0404668475713617));
#6502=CARTESIAN_POINT('',(-0.01329407618219,-0.0147,0.0400959925750972));
#6503=CARTESIAN_POINT('',(-0.01329407618219,-0.0127,0.0400959925750972));
#6504=CARTESIAN_POINT('',(-0.0130464398648926,-0.0147,0.0398966149345884));
#6505=CARTESIAN_POINT('',(-0.0130464398648926,-0.0127,0.0398966149345884));
#6506=CARTESIAN_POINT('',(-0.0360332496230602,-0.0147,0.0246119029549401));
#6507=CARTESIAN_POINT('',(-0.0359212052817558,-0.0147,0.0249697762324839));
#6508=CARTESIAN_POINT('',(-0.035697095429152,-0.0147,0.025685604714525));
#6509=CARTESIAN_POINT('',(-0.0354170639633716,-0.0147,0.0265799806823086));
#6510=CARTESIAN_POINT('',(-0.0351928165058014,-0.0147,0.0272963416895475));
#6511=CARTESIAN_POINT('',(-0.0350249774136275,-0.0147,0.0278319774343977));
#6512=CARTESIAN_POINT('',(-0.0348573853598919,-0.0147,0.0283687179107036));
#6513=CARTESIAN_POINT('',(-0.0346663810508138,-0.0147,0.0289709744609944));
#6514=CARTESIAN_POINT('',(-0.0344445695391284,-0.0147,0.0296362938520344));
#6515=CARTESIAN_POINT('',(-0.0340973934038402,-0.0147,0.0305980240375424));
#6516=CARTESIAN_POINT('',(-0.0335386633399349,-0.0147,0.0319377457119277));
#6517=CARTESIAN_POINT('',(-0.0325726372797307,-0.0147,0.0337007905701237));
#6518=CARTESIAN_POINT('',(-0.0312198858063766,-0.0147,0.0355058097234583));
#6519=CARTESIAN_POINT('',(-0.0299090253617566,-0.0147,0.036761345103041));
#6520=CARTESIAN_POINT('',(-0.0289187634664262,-0.0147,0.0375224102878066));
#6521=CARTESIAN_POINT('',(-0.0284094211465867,-0.0147,0.0378813787849884));
#6522=CARTESIAN_POINT('',(-0.0278848775708342,-0.0147,0.0382200711516456));
#6523=CARTESIAN_POINT('',(-0.0273706898108869,-0.0147,0.0385252429611016));
#6524=CARTESIAN_POINT('',(-0.0268643503702239,-0.0147,0.0388042793076631));
#6525=CARTESIAN_POINT('',(-0.0261933345103873,-0.0147,0.0391487553862745));
#6526=CARTESIAN_POINT('',(-0.0253720430906486,-0.0147,0.039529342313301));
#6527=CARTESIAN_POINT('',(-0.0244075819244042,-0.0147,0.0399260927573525));
#6528=CARTESIAN_POINT('',(-0.0234701619181796,-0.0147,0.040270291934325));
#6529=CARTESIAN_POINT('',(-0.0225639532763618,-0.0147,0.0405682172520155));
#6530=CARTESIAN_POINT('',(-0.0216941820661332,-0.0147,0.0408234029840457));
#6531=CARTESIAN_POINT('',(-0.0208621970438969,-0.0147,0.041038766534759));
#6532=CARTESIAN_POINT('',(-0.0201986882492699,-0.0147,0.0411866493374268));
#6533=CARTESIAN_POINT('',(-0.019670301812795,-0.0147,0.0412877004605307));
#6534=CARTESIAN_POINT('',(-0.0192703786456604,-0.0147,0.0413544342877391));
#6535=CARTESIAN_POINT('',(-0.018921812085113,-0.0147,0.0414026984890652));
#6536=CARTESIAN_POINT('',(-0.0186210134793543,-0.0147,0.0414360087652385));
#6537=CARTESIAN_POINT('',(-0.0183802682647177,-0.0147,0.0414576136624793));
#6538=CARTESIAN_POINT('',(-0.0181567043301984,-0.0147,0.0414721602138711));
#6539=CARTESIAN_POINT('',(-0.0179663067327438,-0.0147,0.0414801606161001));
#6540=CARTESIAN_POINT('',(-0.0177635885877356,-0.0147,0.0414856950572045));
#6541=CARTESIAN_POINT('',(-0.0175128674302591,-0.0147,0.0414854297164581));
#6542=CARTESIAN_POINT('',(-0.0172504231080419,-0.0147,0.0414756145612952));
#6543=CARTESIAN_POINT('',(-0.0170539385143561,-0.0147,0.0414631094922703));
#6544=CARTESIAN_POINT('',(-0.0168876952520008,-0.0147,0.0414484081872889));
#6545=CARTESIAN_POINT('',(-0.0167500162776276,-0.0147,0.0414339256194953));
#6546=CARTESIAN_POINT('',(-0.0166015199993687,-0.0147,0.0414153898471833));
#6547=CARTESIAN_POINT('',(-0.0164483424233275,-0.0147,0.0413931262349918));
#6548=CARTESIAN_POINT('',(-0.0162819656813682,-0.0147,0.0413654735019246));
#6549=CARTESIAN_POINT('',(-0.0160896957217587,-0.0147,0.0413286258078797));
#6550=CARTESIAN_POINT('',(-0.0158835870362052,-0.0147,0.0412829047712093));
#6551=CARTESIAN_POINT('',(-0.0156714986416866,-0.0147,0.0412295161574052));
#6552=CARTESIAN_POINT('',(-0.0154272818541581,-0.0147,0.0411596468054328));
#6553=CARTESIAN_POINT('',(-0.015207579773089,-0.0147,0.0410879592822917));
#6554=CARTESIAN_POINT('',(-0.0150160704063125,-0.0147,0.041018703225656));
#6555=CARTESIAN_POINT('',(-0.0148701565675092,-0.0147,0.0409623517344414));
#6556=CARTESIAN_POINT('',(-0.0147145473548018,-0.0147,0.040898285903061));
#6557=CARTESIAN_POINT('',(-0.014490680065092,-0.0147,0.0407995938441632));
#6558=CARTESIAN_POINT('',(-0.0141926423418687,-0.0147,0.0406536620191009));
#6559=CARTESIAN_POINT('',(-0.0138230547355327,-0.0147,0.040446307592758));
#6560=CARTESIAN_POINT('',(-0.0134205213892164,-0.0147,0.0401847260670333));
#6561=CARTESIAN_POINT('',(-0.0131702580235412,-0.0147,0.0399963037548428));
#6562=CARTESIAN_POINT('',(-0.0130464398648926,-0.0147,0.0398966149345884));
#6563=CARTESIAN_POINT('',(-0.0125699033182539,-0.0147,0.0396127265372076));
#6564=CARTESIAN_POINT('',(-0.0112682860344648,-0.0147,-0.0300883781164884));
#6565=CARTESIAN_POINT('',(-0.0118659959935072,-0.0147,-0.0304531084193792));
#6566=CARTESIAN_POINT('',(-0.0129608709391956,-0.0147,-0.0320369557568914));
#6567=CARTESIAN_POINT('',(-0.0127597560842178,-0.0147,-0.0358058502778416));
#6568=CARTESIAN_POINT('',(-0.0125440019831665,-0.0147,-0.0375237921867037));
#6569=CARTESIAN_POINT('',(-0.0111614123749197,-0.0147,-0.0385742471340284));
#6570=CARTESIAN_POINT('',(-0.0100938086044409,-0.0147,-0.0400006097505207));
#6571=CARTESIAN_POINT('',(-0.00826459901588774,-0.0147,-0.0386288950147973));
#6572=CARTESIAN_POINT('',(-0.00646090261462139,-0.0147,-0.0391428435751439));
#6573=CARTESIAN_POINT('',(-0.00416034407876427,-0.0147,-0.0393850635379911));
#6574=CARTESIAN_POINT('',(-0.00178245922113124,-0.0147,-0.0400912266549065));
#6575=CARTESIAN_POINT('',(-0.000365847319538989,-0.0147,-0.0395301107419265));
#6576=CARTESIAN_POINT('',(0.00186637843485306,-0.0147,-0.0399519320444503));
#6577=CARTESIAN_POINT('',(0.00228010426813739,-0.0147,-0.0399203764832273));
#6578=CARTESIAN_POINT('',(0.00397232920819893,-0.0147,-0.0392311299381078));
#6579=CARTESIAN_POINT('',(0.00420039099970972,-0.0147,-0.0390154345489298));
#6580=CARTESIAN_POINT('',(0.00560951336075523,-0.0147,-0.0377686777694628));
#6581=CARTESIAN_POINT('',(0.00569055190606147,-0.0147,-0.0371070603505324));
#6582=CARTESIAN_POINT('',(0.00561737236209468,-0.0147,-0.0354567048890534));
#6583=CARTESIAN_POINT('',(0.00577260151611291,-0.0147,-0.0350084917800507));
#6584=CARTESIAN_POINT('',(0.00554234802388933,-0.0147,-0.0336946749045513));
#6585=CARTESIAN_POINT('',(0.00475620641511832,-0.0147,-0.0328582237303138));
#6586=CARTESIAN_POINT('',(0.00336853031420843,-0.0147,-0.0324084156953266));
#6587=CARTESIAN_POINT('',(0.00264223134311023,-0.0147,-0.0322927102325741));
#6588=CARTESIAN_POINT('',(0.00118600636561998,-0.0147,-0.0320313240231933));
#6589=CARTESIAN_POINT('',(0.000554717047061267,-0.0147,-0.0314620486910065));
#6590=CARTESIAN_POINT('',(-0.000287735016474321,-0.0147,-0.0309872102303645));
#6591=CARTESIAN_POINT('',(-0.00133371637198767,-0.0147,-0.0313681674669178));
#6592=CARTESIAN_POINT('',(-0.00214352603376812,-0.0147,-0.0317098314759014));
#6593=CARTESIAN_POINT('',(-0.00325170916908053,-0.0147,-0.0314433502694693));
#6594=CARTESIAN_POINT('',(-0.00386416312190251,-0.0147,-0.0314396822181899));
#6595=CARTESIAN_POINT('',(-0.00431444452333223,-0.0147,-0.0313066749661642));
#6596=CARTESIAN_POINT('',(-0.0059021425652924,-0.0147,-0.0306638406617168));
#6597=CARTESIAN_POINT('',(-0.00650436361284983,-0.0147,-0.030694431861053));
#6598=CARTESIAN_POINT('',(-0.00759325069032374,-0.0147,-0.0306987825712829));
#6599=CARTESIAN_POINT('',(-0.00951306634236583,-0.0147,-0.029641144038429));
#6600=CARTESIAN_POINT('',(-0.0107595255140491,-0.0147,-0.0297779259048381));
#6601=CARTESIAN_POINT('',(-0.0112682860344648,-0.0147,-0.0300883781164884));
#6602=CARTESIAN_POINT('',(-0.00843605416277031,-0.0019,-0.0119372164355867));
#6603=CARTESIAN_POINT('',(-0.00827344460337803,-0.0019,-0.0127357748380301));
#6604=CARTESIAN_POINT('',(-0.00811085705782998,-0.0019,-0.0135343498001462));
#6605=CARTESIAN_POINT('',(-0.00766289421183872,-0.0019,-0.0157369364516603));
#6606=CARTESIAN_POINT('',(-0.00737285620628151,-0.0019,-0.0171445360549659));
#6607=CARTESIAN_POINT('',(-0.00695669244392591,-0.0019,-0.0192354033096807));
#6608=CARTESIAN_POINT('',(-0.00681744813601058,-0.0019,-0.0199356805830293));
#6609=CARTESIAN_POINT('',(-0.00661569890405918,-0.0019,-0.0209835793070348));
#6610=CARTESIAN_POINT('',(-0.00654833590202526,-0.0019,-0.0213338088430193));
#6611=CARTESIAN_POINT('',(-0.00641998903854843,-0.0019,-0.022021703488086));
#6612=CARTESIAN_POINT('',(-0.00635948108212937,-0.0019,-0.0223587886872732));
#6613=CARTESIAN_POINT('',(-0.00628054070863373,-0.0019,-0.0228523404036908));
#6614=CARTESIAN_POINT('',(-0.00625625450154039,-0.0019,-0.0230145546872186));
#6615=CARTESIAN_POINT('',(-0.00621362955751368,-0.0019,-0.023330768812188));
#6616=CARTESIAN_POINT('',(-0.006195539731828,-0.0019,-0.0234811788984697));
#6617=CARTESIAN_POINT('',(-0.00616529007603659,-0.0019,-0.0237919476274482));
#6618=CARTESIAN_POINT('',(-0.0061570259456131,-0.0019,-0.0239089531568897));
#6619=CARTESIAN_POINT('',(-0.00613822853017506,-0.0019,-0.0242691370451238));
#6620=CARTESIAN_POINT('',(-0.00612866868835631,-0.0019,-0.0244447589778235));
#6621=CARTESIAN_POINT('',(-0.00609851865087874,-0.0019,-0.0249848833970572));
#6622=CARTESIAN_POINT('',(-0.00607994059315672,-0.0019,-0.0253391409174277));
#6623=CARTESIAN_POINT('',(-0.00605940258838084,-0.0019,-0.0257184546498129));
#6624=CARTESIAN_POINT('',(-0.0060582036249585,-0.0019,-0.0257405981489349));
#6625=CARTESIAN_POINT('',(-0.00605700466153615,-0.0019,-0.0257627416480569));
#6626=CARTESIAN_POINT('',(-0.00657423195367538,1.70125975054726E-19,-0.0115582444191138));
#6627=CARTESIAN_POINT('',(-0.00641161780369237,3.81586426402092E-19,-0.0123568241276519));
#6628=CARTESIAN_POINT('',(-0.00624902818159061,4.77240561306423E-19,-0.01315540872758));
#6629=CARTESIAN_POINT('',(-0.00580110688889524,-1.43686575692086E-18,-0.0153578025197186));
#6630=CARTESIAN_POINT('',(-0.00551180138348103,9.03312989607031E-19,-0.0167608445056218));
#6631=CARTESIAN_POINT('',(-0.00509257402433351,-7.76917146549167E-19,-0.0188682726275002));
#6632=CARTESIAN_POINT('',(-0.00495275918827049,-3.69609584334352E-18,-0.0195707737316862));
#6633=CARTESIAN_POINT('',(-0.00474971477330116,1.5227872699261E-18,-0.0206257948031601));
#6634=CARTESIAN_POINT('',(-0.00468202828310007,2.74824564138336E-18,-0.020977465337366));
#6635=CARTESIAN_POINT('',(-0.00455067208412687,-3.18192651037756E-18,-0.0216815492930913));
#6636=CARTESIAN_POINT('',(-0.00448725826130446,-5.53515800543893E-18,-0.0220340221312208));
#6637=CARTESIAN_POINT('',(-0.00440242418765178,-1.460809469974E-18,-0.0225645890905561));
#6638=CARTESIAN_POINT('',(-0.00437586102522004,-2.10740538491972E-18,-0.0227415998414851));
#6639=CARTESIAN_POINT('',(-0.00432807804535336,1.67372451592552E-18,-0.0230961230829244));
#6640=CARTESIAN_POINT('',(-0.00430702448690729,-1.22170563127612E-19,-0.0232736487371885));
#6641=CARTESIAN_POINT('',(-0.00427187410611823,-3.11510305866588E-19,-0.0236293476950786));
#6642=CARTESIAN_POINT('',(-0.00425961887713346,1.91452719487962E-18,-0.0238076915322752));
#6643=CARTESIAN_POINT('',(-0.00424119360880399,-2.34820806387386E-18,-0.0241649479806232));
#6644=CARTESIAN_POINT('',(-0.00423141763965526,-5.66789166446547E-19,-0.0243435219073144));
#6645=CARTESIAN_POINT('',(-0.00420135776350476,4.83057029401787E-19,-0.0248791815044028));
#6646=CARTESIAN_POINT('',(-0.00418271959823137,-2.16840434497101E-19,-0.0252364155728701));
#6647=CARTESIAN_POINT('',(-0.00416218159345549,-2.16840434497101E-19,-0.0256157293052553));
#6648=CARTESIAN_POINT('',(-0.00416098263003314,-2.16840434497101E-19,-0.0256378728043773));
#6649=CARTESIAN_POINT('',(-0.0041597836666108,-2.16840434497101E-19,-0.0256600163034993));
#6650=CARTESIAN_POINT('',(-0.00445856444317289,-0.000294624505156474,-0.0255912141368266));
#6651=CARTESIAN_POINT('',(-0.00474103569231299,-0.000562181973306385,-0.025322676412596));
#6652=CARTESIAN_POINT('',(-0.00516398364131805,-0.00096351817553125,-0.0249184719589818));
#6653=CARTESIAN_POINT('',(-0.00573029388770647,-0.00149863311183107,-0.0243868852934869));
#6654=CARTESIAN_POINT('',(-0.00601236403616317,-0.00176619057998098,-0.0241040095006477));
#6655=CARTESIAN_POINT('',(-0.00615326586081464,-0.00189996931405594,-0.0239859955085674));
#6656=CARTESIAN_POINT('',(-0.00752355691662467,-0.0019,-0.016416550150166));
#6657=CARTESIAN_POINT('',(-0.00732843594540614,-0.00139643108209299,-0.0148512143067806));
#6658=CARTESIAN_POINT('',(-0.00713388245461287,-0.000892862164185985,-0.0132846119711162));
#6659=CARTESIAN_POINT('',(-0.00693875084084414,-0.000389293246278978,-0.0117191426359858));
#6660=CARTESIAN_POINT('',(-0.0286580789708117,-0.0019,-0.0149488591435102));
#6661=CARTESIAN_POINT('',(-0.0286592805359609,-0.0019,-0.0150295454435742));
#6662=CARTESIAN_POINT('',(-0.0286605241163685,-0.0019,-0.0151077431120344));
#6663=CARTESIAN_POINT('',(-0.0286619400857247,-0.0019,-0.0152200526825797));
#6664=CARTESIAN_POINT('',(-0.0286624600555919,-0.0019,-0.0152524772211926));
#6665=CARTESIAN_POINT('',(-0.0286627269140141,-0.0019,-0.0152714252545692));
#6666=CARTESIAN_POINT('',(-0.0286630865598517,-0.0019,-0.0152826239291354));
#6667=CARTESIAN_POINT('',(-0.0286653229498126,-0.0019,-0.0153532890755879));
#6668=CARTESIAN_POINT('',(-0.0286670117117874,-0.0019,-0.0154000407717514));
#6669=CARTESIAN_POINT('',(-0.0286711703152287,-0.0019,-0.0156420794005196));
#6670=CARTESIAN_POINT('',(-0.0286650195976368,-0.0019,-0.0158288945787783));
#6671=CARTESIAN_POINT('',(-0.0286163123108527,-0.0019,-0.0162217112593162));
#6672=CARTESIAN_POINT('',(-0.0285801891416314,-0.0019,-0.016395194420174));
#6673=CARTESIAN_POINT('',(-0.0284897712584808,-0.0019,-0.0167326424262067));
#6674=CARTESIAN_POINT('',(-0.0284389392064198,-0.0019,-0.0168810001901938));
#6675=CARTESIAN_POINT('',(-0.0282802695353302,-0.0019,-0.0172931909310593));
#6676=CARTESIAN_POINT('',(-0.0281697499335847,-0.0019,-0.0175174420864444));
#6677=CARTESIAN_POINT('',(-0.0278585806553629,-0.0019,-0.0181316838025542));
#6678=CARTESIAN_POINT('',(-0.0276410317100838,-0.0019,-0.0184901239461564));
#6679=CARTESIAN_POINT('',(-0.0272040698062816,-0.0019,-0.0191901003880922));
#6680=CARTESIAN_POINT('',(-0.0269821178520169,-0.0019,-0.0195244916055921));
#6681=CARTESIAN_POINT('',(-0.0265308267659162,-0.0019,-0.0201825966168762));
#6682=CARTESIAN_POINT('',(-0.0263019048227874,-0.0019,-0.0205042835280613));
#6683=CARTESIAN_POINT('',(-0.0256047055407732,-0.0019,-0.0214579134937372));
#6684=CARTESIAN_POINT('',(-0.0251269953049704,-0.0019,-0.0220762383888564));
#6685=CARTESIAN_POINT('',(-0.0241337762937861,-0.0019,-0.0232949085943924));
#6686=CARTESIAN_POINT('',(-0.0236274718438037,-0.0019,-0.0238930163937007));
#6687=CARTESIAN_POINT('',(-0.0227862425463099,-0.0019,-0.0247843689902592));
#6688=CARTESIAN_POINT('',(-0.0225038703793248,-0.0019,-0.0250782241445641));
#6689=CARTESIAN_POINT('',(-0.0218651114096567,-0.0019,-0.0256770722068427));
#6690=CARTESIAN_POINT('',(-0.0215292878157328,-0.0019,-0.0259791278039925));
#6691=CARTESIAN_POINT('',(-0.0208586543167506,-0.0019,-0.0264376181509442));
#6692=CARTESIAN_POINT('',(-0.020605154822028,-0.0019,-0.0265911510627126));
#6693=CARTESIAN_POINT('',(-0.0199872945367266,-0.0019,-0.0268705671794135));
#6694=CARTESIAN_POINT('',(-0.0196353195665131,-0.0019,-0.0269847228514447));
#6695=CARTESIAN_POINT('',(-0.0188473606455411,-0.0019,-0.0270980970953568));
#6696=CARTESIAN_POINT('',(-0.0184556742325076,-0.0019,-0.027085062309798));
#6697=CARTESIAN_POINT('',(-0.0177736300973787,-0.0019,-0.0269784911482304));
#6698=CARTESIAN_POINT('',(-0.0174766625787177,-0.0019,-0.0268921929893462));
#6699=CARTESIAN_POINT('',(-0.0167336131171499,-0.0019,-0.0266317770878021));
#6700=CARTESIAN_POINT('',(-0.0163162263570454,-0.0019,-0.026426727152666));
#6701=CARTESIAN_POINT('',(-0.0155457639970388,-0.0019,-0.0260140958785425));
#6702=CARTESIAN_POINT('',(-0.0151883042202086,-0.0019,-0.0257981616764355));
#6703=CARTESIAN_POINT('',(-0.0144978586449035,-0.0019,-0.0253613817853726));
#6704=CARTESIAN_POINT('',(-0.0141684443604488,-0.0019,-0.0251416476676473));
#6705=CARTESIAN_POINT('',(-0.0135240382766015,-0.0019,-0.0246997394941011));
#6706=CARTESIAN_POINT('',(-0.0132171604378319,-0.0019,-0.0244859993884742));
#6707=CARTESIAN_POINT('',(-0.0122143726625832,-0.0019,-0.0237689023322278));
#6708=CARTESIAN_POINT('',(-0.0114723644812593,-0.0019,-0.0231306006168571));
#6709=CARTESIAN_POINT('',(-0.0102816674338059,-0.0019,-0.0216850297689143));
#6710=CARTESIAN_POINT('',(-0.00981088725534277,-0.0019,-0.0209280399826482));
#6711=CARTESIAN_POINT('',(-0.00901448308465597,-0.0019,-0.0194875569916167));
#6712=CARTESIAN_POINT('',(-0.00866614933405451,-0.0019,-0.0187821465204097));
#6713=CARTESIAN_POINT('',(-0.00798645847111955,-0.0019,-0.0173850596410768));
#6714=CARTESIAN_POINT('',(-0.00766250484233234,-0.0019,-0.0167025461743787));
#6715=CARTESIAN_POINT('',(-0.00700051399208424,-0.0019,-0.0153301542301216));
#6716=CARTESIAN_POINT('',(-0.00667056471193923,-0.0019,-0.0146434458877133));
#6717=CARTESIAN_POINT('',(-0.00605698971241087,-0.0019,-0.0133700032501468));
#6718=CARTESIAN_POINT('',(-0.00577527873310343,-0.0019,-0.0127850494564094));
#6719=CARTESIAN_POINT('',(-0.00549373164028455,-0.0019,-0.0122003355083162));
#6720=CARTESIAN_POINT('',(-0.0267582842504073,3.09895903440271E-20,-0.0149766181173984));
#6721=CARTESIAN_POINT('',(-0.0267595115715348,9.34840296808784E-19,-0.0150584522175597));
#6722=CARTESIAN_POINT('',(-0.0267608367145787,3.79710574003775E-18,-0.0151402846771759));
#6723=CARTESIAN_POINT('',(-0.0267621049186719,-1.38839861127278E-18,-0.0152460091752569));
#6724=CARTESIAN_POINT('',(-0.0267624807903501,-2.97221251369998E-18,-0.0152698938634446));
#6725=CARTESIAN_POINT('',(-0.0267632393678158,2.53853164470578E-18,-0.0153176635317271));
#6726=CARTESIAN_POINT('',(-0.0267639810669437,-1.54074661112088E-18,-0.0153415432895532));
#6727=CARTESIAN_POINT('',(-0.0267663055240678,2.43097191875096E-18,-0.0154131816871179));
#6728=CARTESIAN_POINT('',(-0.02676781285144,8.48840323613786E-19,-0.0154609646418465));
#6729=CARTESIAN_POINT('',(-0.0267701865650294,-2.34820195071866E-18,-0.015604200995387));
#6730=CARTESIAN_POINT('',(-0.0267663203007025,1.58089717753864E-18,-0.0157004364541367));
#6731=CARTESIAN_POINT('',(-0.0267432452578453,-2.01457804653285E-18,-0.015887807402986));
#6732=CARTESIAN_POINT('',(-0.0267245696129137,-2.76109232286777E-18,-0.0159797826582082));
#6733=CARTESIAN_POINT('',(-0.0266759068213621,-2.87675897405685E-18,-0.0161606903117478));
#6734=CARTESIAN_POINT('',(-0.0266460297452462,-7.35206957625433E-19,-0.0162496567364025));
#6735=CARTESIAN_POINT('',(-0.0265444325086641,8.19892611759564E-19,-0.0165138254494195));
#6736=CARTESIAN_POINT('',(-0.0264622694299224,-1.1599229439767E-19,-0.0166855559601016));
#6737=CARTESIAN_POINT('',(-0.0262045000050093,-4.18536714695963E-19,-0.017188769140261));
#6738=CARTESIAN_POINT('',(-0.026011279381029,-1.76724300610449E-18,-0.0175130704405689));
#6739=CARTESIAN_POINT('',(-0.0256116539403984,-3.87060829082013E-18,-0.018152797390096));
#6740=CARTESIAN_POINT('',(-0.0254028132693561,3.86794899922285E-19,-0.0184679733626935));
#6741=CARTESIAN_POINT('',(-0.0249763766305517,-8.20475768916487E-19,-0.0190897937187505));
#6742=CARTESIAN_POINT('',(-0.0247580175098893,-3.13636114884902E-19,-0.0193967598966495));
#6743=CARTESIAN_POINT('',(-0.0240918556142278,-2.32490737214984E-20,-0.020307807902916));
#6744=CARTESIAN_POINT('',(-0.0236321327713406,-5.0084996909924E-19,-0.0209028942899552));
#6745=CARTESIAN_POINT('',(-0.0226825539751012,6.7169100105038E-20,-0.0220681310207609));
#6746=CARTESIAN_POINT('',(-0.0221941739567348,-1.33027327867759E-18,-0.0226408817278096));
#6747=CARTESIAN_POINT('',(-0.0214213646642998,3.39875987593147E-19,-0.0234637093072782));
#6748=CARTESIAN_POINT('',(-0.0211580999957642,-4.23423475852975E-18,-0.0237347654044631));
#6749=CARTESIAN_POINT('',(-0.0206058549305524,3.80055388953545E-18,-0.024253974414936));
#6750=CARTESIAN_POINT('',(-0.0203211269744191,3.14732014794129E-18,-0.0245032938628795));
#6751=CARTESIAN_POINT('',(-0.0198550953203047,-1.89892072571625E-18,-0.0248222405150864));
#6752=CARTESIAN_POINT('',(-0.0196905257667967,1.44157423729535E-19,-0.0249197180423333));
#6753=CARTESIAN_POINT('',(-0.01934207386523,-5.77838292723754E-19,-0.0250769072962724));
#6754=CARTESIAN_POINT('',(-0.0191624258346829,1.0474134661592E-18,-0.0251332616580599));
#6755=CARTESIAN_POINT('',(-0.0187830093413195,-1.4810943351534E-18,-0.0251877279136134));
#6756=CARTESIAN_POINT('',(-0.0185918619695938,1.31788394727246E-18,-0.0251830197594199));
#6757=CARTESIAN_POINT('',(-0.0182166784895457,-1.75156481626666E-18,-0.025124939803288));
#6758=CARTESIAN_POINT('',(-0.0180308690745019,-6.24251795665965E-19,-0.0250729465629264));
#6759=CARTESIAN_POINT('',(-0.0174977232599225,-7.208273354055E-18,-0.024886622746466));
#6760=CARTESIAN_POINT('',(-0.0171602489221004,3.02834246080546E-18,-0.0247237509086598));
#6761=CARTESIAN_POINT('',(-0.0164998595557349,-3.46202332979966E-18,-0.0243694205258262));
#6762=CARTESIAN_POINT('',(-0.0161774689566735,-2.79686983695716E-18,-0.0241756909565446));
#6763=CARTESIAN_POINT('',(-0.0155408922337993,2.36318896796295E-18,-0.0237729071668311));
#6764=CARTESIAN_POINT('',(-0.0152284509284899,-2.38503892714805E-18,-0.0235646805645159));
#6765=CARTESIAN_POINT('',(-0.0146096660237705,1.95135805815384E-18,-0.0231404264143736));
#6766=CARTESIAN_POINT('',(-0.0143018177383669,6.61835422682521E-19,-0.0229264097552545));
#6767=CARTESIAN_POINT('',(-0.0133885842821978,-1.97419214885632E-18,-0.0222717158839957));
#6768=CARTESIAN_POINT('',(-0.0128258212839606,-1.17201471185558E-18,-0.0217833851204559));
#6769=CARTESIAN_POINT('',(-0.0118510165312102,7.38333842861382E-19,-0.0206038289768041));
#6770=CARTESIAN_POINT('',(-0.0114425679984775,-2.68120313681288E-18,-0.0199526248170407));
#6771=CARTESIAN_POINT('',(-0.0107070413260808,2.24752226781871E-18,-0.018621930285475));
#6772=CARTESIAN_POINT('',(-0.0103685022065599,-2.16586072288417E-18,-0.0179384009898986));
#6773=CARTESIAN_POINT('',(-0.00970171338827362,1.73217985388996E-18,-0.0165674933417201));
#6774=CARTESIAN_POINT('',(-0.0093745876179364,-4.3498980333742E-18,-0.015878679983848));
#6775=CARTESIAN_POINT('',(-0.00871213873568659,3.91621716438E-18,-0.0145053158313067));
#6776=CARTESIAN_POINT('',(-0.00838193915210105,7.2326209187688E-20,-0.0138181005178722));
#6777=CARTESIAN_POINT('',(-0.00776925156662659,-4.63038145704194E-19,-0.012546496463899));
#6778=CARTESIAN_POINT('',(-0.00748760122844161,-4.99622077703467E-19,-0.0119616683091149));
#6779=CARTESIAN_POINT('',(-0.00720598919079035,-4.60441778339097E-19,-0.0113768198054524));
#6780=CARTESIAN_POINT('',(-0.0286625746544475,-0.0018999990972048,-0.0152606993525196));
#6781=CARTESIAN_POINT('',(-0.028029047099103,-0.0012666684033989,-0.0152517147894729));
#6782=CARTESIAN_POINT('',(-0.0273949499377214,-0.000633337709593002,-0.0152002773758649));
#6783=CARTESIAN_POINT('',(-0.0267611549437211,-7.01578710365947E-9,-0.0151697780184567));
#6784=CARTESIAN_POINT('',(-0.00394900926126283,-0.0019,-0.0239858015347559));
#6785=CARTESIAN_POINT('',(-0.00405990875534367,-0.0019,-0.0239858096098396));
#6786=CARTESIAN_POINT('',(-0.00417080824942453,-0.0019,-0.0239858176849233));
#6787=CARTESIAN_POINT('',(-0.00452739584408029,-0.0019,-0.0239858436496467));
#6788=CARTESIAN_POINT('',(-0.004773083944655,-0.0019,-0.0239858615392863));
#6789=CARTESIAN_POINT('',(-0.00526446014580468,-0.0019,-0.0239858973185656));
#6790=CARTESIAN_POINT('',(-0.00550992631842345,-0.0019,-0.0239853261271696));
#6791=CARTESIAN_POINT('',(-0.00587879136121958,-0.0019,-0.0239862365831826));
#6792=CARTESIAN_POINT('',(-0.00600002305574908,-0.0019,-0.023986019937779));
#6793=CARTESIAN_POINT('',(-0.00624871393988406,-0.0019,-0.0239858999268297));
#6794=CARTESIAN_POINT('',(-0.00640593690321373,-0.0019,-0.023986794058095));
#6795=CARTESIAN_POINT('',(-0.00690068879031151,-0.0019,-0.0240065410502042));
#6796=CARTESIAN_POINT('',(-0.00725535376897306,-0.0019,-0.0240397736391883));
#6797=CARTESIAN_POINT('',(-0.00805189364298373,-0.0019,-0.0242246042638568));
#6798=CARTESIAN_POINT('',(-0.00851618135125951,-0.0019,-0.0243961342045632));
#6799=CARTESIAN_POINT('',(-0.00905832436919526,-0.0019,-0.0247535701864449));
#6800=CARTESIAN_POINT('',(-0.0091629965577086,-0.0019,-0.0248318347035417));
#6801=CARTESIAN_POINT('',(-0.00938032426277391,-0.0019,-0.0250162995084173));
#6802=CARTESIAN_POINT('',(-0.00946956673392323,-0.0019,-0.0251027327415384));
#6803=CARTESIAN_POINT('',(-0.00964269210577638,-0.0019,-0.0252845698929928));
#6804=CARTESIAN_POINT('',(-0.00972883042270267,-0.0019,-0.0253860111995251));
#6805=CARTESIAN_POINT('',(-0.00987368924551687,-0.0019,-0.0255741414733409));
#6806=CARTESIAN_POINT('',(-0.00993674086888593,-0.0019,-0.0256632676698652));
#6807=CARTESIAN_POINT('',(-0.0102179760384924,-0.0019,-0.0260963245709772));
#6808=CARTESIAN_POINT('',(-0.0103718508680083,-0.0019,-0.0264253143074468));
#6809=CARTESIAN_POINT('',(-0.0106093013651115,-0.0019,-0.0269834362171542));
#6810=CARTESIAN_POINT('',(-0.0107041789544462,-0.0019,-0.0272413283737704));
#6811=CARTESIAN_POINT('',(-0.010872900065081,-0.0019,-0.0276869943346791));
#6812=CARTESIAN_POINT('',(-0.0109463447293398,-0.0019,-0.0278728887887345));
#6813=CARTESIAN_POINT('',(-0.0111182295867155,-0.0019,-0.0282720336140301));
#6814=CARTESIAN_POINT('',(-0.0112135708041424,-0.0019,-0.0284816779534393));
#6815=CARTESIAN_POINT('',(-0.0115214404519775,-0.0019,-0.0291503866371359));
#6816=CARTESIAN_POINT('',(-0.0117452701983671,-0.0019,-0.0296334533583497));
#6817=CARTESIAN_POINT('',(-0.0121535144742219,-0.0019,-0.0306543114530711));
#6818=CARTESIAN_POINT('',(-0.0123379911373778,-0.0019,-0.031174057338119));
#6819=CARTESIAN_POINT('',(-0.0126511080044218,-0.0019,-0.0322740979150042));
#6820=CARTESIAN_POINT('',(-0.012781272066052,-0.0019,-0.0328494940803552));
#6821=CARTESIAN_POINT('',(-0.0129316475851802,-0.0019,-0.034083714804182));
#6822=CARTESIAN_POINT('',(-0.0129436162543459,-0.0019,-0.034813706603141));
#6823=CARTESIAN_POINT('',(-0.0127204799094366,-0.0019,-0.0359113452002493));
#6824=CARTESIAN_POINT('',(-0.0126044999512712,-0.0019,-0.036285868582521));
#6825=CARTESIAN_POINT('',(-0.0122882489671139,-0.0019,-0.0369996659253093));
#6826=CARTESIAN_POINT('',(-0.0120897920713531,-0.0019,-0.0373396151096231));
#6827=CARTESIAN_POINT('',(-0.0116006589814012,-0.0019,-0.0379815172791099));
#6828=CARTESIAN_POINT('',(-0.0113319426565208,-0.0019,-0.0382482562906645));
#6829=CARTESIAN_POINT('',(-0.0108809873159094,-0.0019,-0.0386611110458247));
#6830=CARTESIAN_POINT('',(-0.0106905011603959,-0.0019,-0.0388215890363936));
#6831=CARTESIAN_POINT('',(-0.0103929581939184,-0.0019,-0.0390940299588891));
#6832=CARTESIAN_POINT('',(-0.0102859708918059,-0.0019,-0.0392030143464877));
#6833=CARTESIAN_POINT('',(-0.01011254681287,-0.0019,-0.039411224578041));
#6834=CARTESIAN_POINT('',(-0.00999885575539347,-0.0019,-0.0395697033065396));
#6835=CARTESIAN_POINT('',(-0.00975495562312411,-0.0019,-0.0399365470192958));
#6836=CARTESIAN_POINT('',(-0.00961922751495197,-0.0019,-0.0401505697001485));
#6837=CARTESIAN_POINT('',(-0.00931673689738431,-0.0019,-0.0406092606926503));
#6838=CARTESIAN_POINT('',(-0.00914643461366014,-0.0019,-0.0408590810494912));
#6839=CARTESIAN_POINT('',(-0.00875000430283945,-0.0019,-0.0413678812787365));
#6840=CARTESIAN_POINT('',(-0.00851247969872883,-0.0019,-0.0416397645925505));
#6841=CARTESIAN_POINT('',(-0.00794179115123718,-0.0019,-0.042152428792003));
#6842=CARTESIAN_POINT('',(-0.00763837204259279,-0.0019,-0.0423637254033895));
#6843=CARTESIAN_POINT('',(-0.00706798940480278,-0.0019,-0.0427043606851552));
#6844=CARTESIAN_POINT('',(-0.00679472769370732,-0.0019,-0.0428406849403465));
#6845=CARTESIAN_POINT('',(-0.00631252385756028,-0.0019,-0.0430727601028752));
#6846=CARTESIAN_POINT('',(-0.0061082357735055,-0.0019,-0.0431669057993292));
#6847=CARTESIAN_POINT('',(-0.00577484402483023,-0.0019,-0.0433401804925046));
#6848=CARTESIAN_POINT('',(-0.00567746732361204,-0.0019,-0.0433990726466793));
#6849=CARTESIAN_POINT('',(-0.00539372830905202,-0.0019,-0.043596367377255));
#6850=CARTESIAN_POINT('',(-0.00523579863878215,-0.0019,-0.0437196382841898));
#6851=CARTESIAN_POINT('',(-0.00487323126940626,-0.0019,-0.044007059111679));
#6852=CARTESIAN_POINT('',(-0.00466894476921165,-0.0019,-0.0441707547405624));
#6853=CARTESIAN_POINT('',(-0.00421837199021833,-0.0019,-0.0445070044214518));
#6854=CARTESIAN_POINT('',(-0.0039717443074334,-0.0019,-0.0446792929802513));
#6855=CARTESIAN_POINT('',(-0.00317599391484506,-0.0019,-0.0451639141730835));
#6856=CARTESIAN_POINT('',(-0.00263838656829968,-0.0019,-0.0454127574388014));
#6857=CARTESIAN_POINT('',(-0.00152072397593598,-0.0019,-0.0458152537776997));
#6858=CARTESIAN_POINT('',(-0.000927217327926709,-0.0019,-0.0459694908302173));
#6859=CARTESIAN_POINT('',(2.47196301099744E-5,-0.0019,-0.0460988550992537));
#6860=CARTESIAN_POINT('',(0.000377480942944292,-0.0019,-0.0461201626533924));
#6861=CARTESIAN_POINT('',(0.00113237798990982,-0.0019,-0.0460842227500387));
#6862=CARTESIAN_POINT('',(0.00150071096639712,-0.0019,-0.0460244058963915));
#6863=CARTESIAN_POINT('',(0.00217289733579322,-0.0019,-0.0458486436403249));
#6864=CARTESIAN_POINT('',(0.00247040384646473,-0.0019,-0.0457427789762054));
#6865=CARTESIAN_POINT('',(0.00284887992128029,-0.0019,-0.0455966347406454));
#6866=CARTESIAN_POINT('',(0.00296421300693281,-0.0019,-0.0455506849938429));
#6867=CARTESIAN_POINT('',(0.00316781092145981,-0.0019,-0.0454708244501022));
#6868=CARTESIAN_POINT('',(0.0032558285571439,-0.0019,-0.0454374407435638));
#6869=CARTESIAN_POINT('',(0.00355452861590523,-0.0019,-0.0453295961839559));
#6870=CARTESIAN_POINT('',(0.00379633962495356,-0.0019,-0.0452463357090557));
#6871=CARTESIAN_POINT('',(0.00432414945643717,-0.0019,-0.0450441768278502));
#6872=CARTESIAN_POINT('',(0.00461033558306381,-0.0019,-0.0449231496685623));
#6873=CARTESIAN_POINT('',(0.0051970971085704,-0.0019,-0.0446224333432838));
#6874=CARTESIAN_POINT('',(0.00550277057112999,-0.0019,-0.0444343944588791));
#6875=CARTESIAN_POINT('',(0.00603639267674219,-0.0019,-0.0440410399825047));
#6876=CARTESIAN_POINT('',(0.0062742391534076,-0.0019,-0.0438385113936613));
#6877=CARTESIAN_POINT('',(0.00692268446562151,-0.0019,-0.0432262649544544));
#6878=CARTESIAN_POINT('',(0.00730020134048374,-0.0019,-0.0427959923435241));
#6879=CARTESIAN_POINT('',(0.00797203785751553,-0.0019,-0.0419436865281399));
#6880=CARTESIAN_POINT('',(0.00827113818541929,-0.0019,-0.0415225443969953));
#6881=CARTESIAN_POINT('',(0.00885384794792171,-0.0019,-0.0406160829226902));
#6882=CARTESIAN_POINT('',(0.00912423951242713,-0.0019,-0.0401344143193288));
#6883=CARTESIAN_POINT('',(0.00959955233783829,-0.0019,-0.0391460152094195));
#6884=CARTESIAN_POINT('',(0.0098051190372966,-0.0019,-0.0386424964999907));
#6885=CARTESIAN_POINT('',(0.0103381416715442,-0.0019,-0.0371277973121066));
#6886=CARTESIAN_POINT('',(0.0105876287915883,-0.0019,-0.0361541022241231));
#6887=CARTESIAN_POINT('',(0.0110412471320365,-0.0019,-0.0342415899261872));
#6888=CARTESIAN_POINT('',(0.0112378909864122,-0.0019,-0.0332954154394252));
#6889=CARTESIAN_POINT('',(0.0116195667087348,-0.0019,-0.0314182652855092));
#6890=CARTESIAN_POINT('',(0.0118031978273387,-0.0019,-0.030480388129419));
#6891=CARTESIAN_POINT('',(0.0121755730298873,-0.0019,-0.0286712475244883));
#6892=CARTESIAN_POINT('',(0.0123950571068185,-0.0019,-0.0277983550783066));
#6893=CARTESIAN_POINT('',(0.0128254577983397,-0.0019,-0.0258135573457055));
#6894=CARTESIAN_POINT('',(0.0129721429560304,-0.0019,-0.0247828340824842));
#6895=CARTESIAN_POINT('',(0.0131870399567091,-0.0019,-0.0228474241320176));
#6896=CARTESIAN_POINT('',(0.0132772528087117,-0.0019,-0.0218929413605278));
#6897=CARTESIAN_POINT('',(0.0134620222198535,-0.0019,-0.0200090492726815));
#6898=CARTESIAN_POINT('',(0.0135539797177627,-0.0019,-0.0190792292895824));
#6899=CARTESIAN_POINT('',(0.013725155556766,-0.0019,-0.0177130905295367));
#6900=CARTESIAN_POINT('',(0.0137866170030652,-0.0019,-0.0172669725354839));
#6901=CARTESIAN_POINT('',(0.0139289727482086,-0.0019,-0.016406974802413));
#6902=CARTESIAN_POINT('',(0.0140102733028167,-0.0019,-0.0160127260251327));
#6903=CARTESIAN_POINT('',(0.0142182623450774,-0.0019,-0.0151954327175976));
#6904=CARTESIAN_POINT('',(0.0143501910508367,-0.0019,-0.0147668922351998));
#6905=CARTESIAN_POINT('',(0.0145609333029056,-0.0019,-0.0140079934382516));
#6906=CARTESIAN_POINT('',(0.0146295872896904,-0.0019,-0.0137313310635087));
#6907=CARTESIAN_POINT('',(0.0147464886002811,-0.0019,-0.0131583775701876));
#6908=CARTESIAN_POINT('',(0.0147933189055628,-0.0019,-0.01285406052725));
#6909=CARTESIAN_POINT('',(0.0148829694317727,-0.0019,-0.0120190834552952));
#6910=CARTESIAN_POINT('',(0.0149088978423359,-0.0019,-0.0115453064287476));
#6911=CARTESIAN_POINT('',(0.0149871226957184,-0.0019,-0.0106794196536511));
#6912=CARTESIAN_POINT('',(0.0150344825488673,-0.0019,-0.0103022979237753));
#6913=CARTESIAN_POINT('',(0.015153191919602,-0.0019,-0.00981116799643604));
#6914=CARTESIAN_POINT('',(0.015196829376972,-0.0019,-0.00966725624803825));
#6915=CARTESIAN_POINT('',(0.0152942201650787,-0.0019,-0.00941719764169449));
#6916=CARTESIAN_POINT('',(0.0153533519312292,-0.0019,-0.00929771073560161));
#6917=CARTESIAN_POINT('',(0.0156152447155819,-0.0019,-0.00884640310518626));
#6918=CARTESIAN_POINT('',(0.0158943736324246,-0.0019,-0.00848403156254269));
#6919=CARTESIAN_POINT('',(0.0163914313747178,-0.0019,-0.00779179065868663));
#6920=CARTESIAN_POINT('',(0.0165770308390998,-0.0019,-0.00753592683152947));
#6921=CARTESIAN_POINT('',(0.0168481902531793,-0.0019,-0.00708130509633157));
#6922=CARTESIAN_POINT('',(0.016941613136837,-0.0019,-0.00690861995207056));
#6923=CARTESIAN_POINT('',(0.0171087792173465,-0.0019,-0.00655211732556324));
#6924=CARTESIAN_POINT('',(0.0172001111687934,-0.0019,-0.00631200128857867));
#6925=CARTESIAN_POINT('',(0.0173175783974279,-0.0019,-0.00589230020648736));
#6926=CARTESIAN_POINT('',(0.0173669132261877,-0.0019,-0.00563124865920396));
#6927=CARTESIAN_POINT('',(0.0174040997945648,-0.0019,-0.00518237174925349));
#6928=CARTESIAN_POINT('',(0.0174046225268202,-0.0019,-0.00497128914501033));
#6929=CARTESIAN_POINT('',(0.0173817076167232,-0.0019,-0.0045714817805825));
#6930=CARTESIAN_POINT('',(0.0173572989513014,-0.0019,-0.00438076351048416));
#6931=CARTESIAN_POINT('',(0.017307507949346,-0.0019,-0.0040614223697019));
#6932=CARTESIAN_POINT('',(0.0172791280313415,-0.0019,-0.00390956856424649));
#6933=CARTESIAN_POINT('',(0.017148854958029,-0.0019,-0.0032407932454231));
#6934=CARTESIAN_POINT('',(0.0170773063988263,-0.0019,-0.00287217078274421));
#6935=CARTESIAN_POINT('',(0.0170298890295359,-0.0019,-0.00217698928474142));
#6936=CARTESIAN_POINT('',(0.0170440029661852,-0.0019,-0.001798223141982));
#6937=CARTESIAN_POINT('',(0.0171173703594234,-0.0019,-0.000976417850474531));
#6938=CARTESIAN_POINT('',(0.0171760508659876,-0.0019,-0.000551199403606717));
#6939=CARTESIAN_POINT('',(0.0173200202273749,-0.0019,0.000309044152009215));
#6940=CARTESIAN_POINT('',(0.0174057485785901,-0.0019,0.000742699761392847));
#6941=CARTESIAN_POINT('',(0.0175970659067485,-0.0019,0.00161901598306507));
#6942=CARTESIAN_POINT('',(0.0177031735530198,-0.0019,0.00204561499002708));
#6943=CARTESIAN_POINT('',(0.0179368404784559,-0.0019,0.00297609745861275));
#6944=CARTESIAN_POINT('',(0.0180512967594433,-0.0019,0.00343223577021051));
#6945=CARTESIAN_POINT('',(0.0182904746037625,-0.0019,0.00439393902114892));
#6946=CARTESIAN_POINT('',(0.0184161588860367,-0.0019,0.00489589136383363));
#6947=CARTESIAN_POINT('',(0.0185420167482681,-0.0019,0.00539791945948175));
#6948=CARTESIAN_POINT('',(-0.00394887091384122,-2.16840434497101E-19,-0.025885801529719));
#6949=CARTESIAN_POINT('',(-0.00405977040792206,-2.16840434497101E-19,-0.0258858096048027));
#6950=CARTESIAN_POINT('',(-0.00417066990200292,-2.16840434497101E-19,-0.0258858176798865));
#6951=CARTESIAN_POINT('',(-0.00452725749665868,-2.16840434497101E-19,-0.0258858436446099));
#6952=CARTESIAN_POINT('',(-0.00477294559723339,-2.16840434497101E-19,-0.0258858615342495));
#6953=CARTESIAN_POINT('',(-0.00526432179838307,-2.16840434497101E-19,-0.0258858973135288));
#6954=CARTESIAN_POINT('',(-0.00551001058207966,-7.23958581588084E-19,-0.025885483275442));
#6955=CARTESIAN_POINT('',(-0.00587854170825906,3.67186390483808E-20,-0.0258861580014912));
#6956=CARTESIAN_POINT('',(-0.00600138585009027,-9.84513481178004E-19,-0.0258860200351394));
#6957=CARTESIAN_POINT('',(-0.00624707445069965,5.50832612183862E-19,-0.0258858998193957));
#6958=CARTESIAN_POINT('',(-0.00636984019869044,-7.94682557288738E-19,-0.0258867817397197));
#6959=CARTESIAN_POINT('',(-0.00673854856411914,9.38843811086083E-19,-0.0259017467856907));
#6960=CARTESIAN_POINT('',(-0.00698356320085704,1.37158579020468E-19,-0.0259270176137938));
#6961=CARTESIAN_POINT('',(-0.00745880756758248,-5.7083944801467E-19,-0.026037628981049));
#6962=CARTESIAN_POINT('',(-0.00769357560282047,7.13591291823506E-22,-0.026128681173478));
#6963=CARTESIAN_POINT('',(-0.00794712673995291,-2.71228940944328E-19,-0.0262969287101978));
#6964=CARTESIAN_POINT('',(-0.00799615816669489,1.25624041472232E-19,-0.0263336265964414));
#6965=CARTESIAN_POINT('',(-0.00809023319893933,-5.59304910466487E-19,-0.0264133863045798));
#6966=CARTESIAN_POINT('',(-0.00813534399326336,2.42661678820219E-18,-0.0264567105869641));
#6967=CARTESIAN_POINT('',(-0.00822015001958085,2.34387277073402E-18,-0.0265459787664699));
#6968=CARTESIAN_POINT('',(-0.00825997750283819,-3.4943921780004E-18,-0.0265927761317931));
#6969=CARTESIAN_POINT('',(-0.00833484932583771,-2.14345911892432E-18,-0.0266898286467056));
#6970=CARTESIAN_POINT('',(-0.00837030690304184,-1.43407720622908E-19,-0.0267399874300569));
#6971=CARTESIAN_POINT('',(-0.00853807924299393,-5.10571289993894E-19,-0.0269968365900622));
#6972=CARTESIAN_POINT('',(-0.00864583699658731,-3.09593622885752E-18,-0.027221423850655));
#6973=CARTESIAN_POINT('',(-0.00883832406681493,-2.5419150680671E-18,-0.0276742875876615));
#6974=CARTESIAN_POINT('',(-0.00892437198081431,-1.26668143751363E-18,-0.0279059495312386));
#6975=CARTESIAN_POINT('',(-0.00909874368558957,8.33000568519432E-19,-0.0283674919394979));
#6976=CARTESIAN_POINT('',(-0.00918932806579773,-1.79708055844687E-18,-0.0285968513483381));
#6977=CARTESIAN_POINT('',(-0.0093844996004289,-3.84077073847771E-18,-0.0290496328502612));
#6978=CARTESIAN_POINT('',(-0.00948656780775281,-3.15761918572943E-19,-0.0292741293303759));
#6979=CARTESIAN_POINT('',(-0.00979638562353611,-1.89974663454132E-20,-0.0299460991419929));
#6980=CARTESIAN_POINT('',(-0.0100031811679941,2.33519361376845E-18,-0.0303940833330955));
#6981=CARTESIAN_POINT('',(-0.0103684785645997,-2.76887448276265E-18,-0.0313076792356303));
#6982=CARTESIAN_POINT('',(-0.010532284589305,3.47270555990349E-18,-0.0317711145378538));
#6983=CARTESIAN_POINT('',(-0.010802762325586,-3.90638642889761E-18,-0.032720066277288));
#6984=CARTESIAN_POINT('',(-0.0109111405814002,4.0300417935625E-18,-0.0332057914423644));
#6985=CARTESIAN_POINT('',(-0.0110284777029472,-4.46372266255679E-18,-0.0341770804211538));
#6986=CARTESIAN_POINT('',(-0.0110317333614558,-4.16178191952885E-18,-0.0346825796464821));
#6987=CARTESIAN_POINT('',(-0.0108838019432682,1.75563030801882E-18,-0.035407894780423));
#6988=CARTESIAN_POINT('',(-0.010809259504784,-1.88185094880501E-18,-0.0356474554479081));
#6989=CARTESIAN_POINT('',(-0.0106089095508391,1.44817007981075E-18,-0.0360994774944452));
#6990=CARTESIAN_POINT('',(-0.010484790004411,1.51422246581834E-18,-0.0363110003880185));
#6991=CARTESIAN_POINT('',(-0.0101830765283005,-1.94790333481254E-18,-0.0367070942634646));
#6992=CARTESIAN_POINT('',(-0.010006796253025,-3.22560092448556E-18,-0.036885338477161));
#6993=CARTESIAN_POINT('',(-0.00963750515431165,-2.41225037243907E-18,-0.0372236454401184));
#6994=CARTESIAN_POINT('',(-0.00944513875642193,-6.99882431436967E-19,-0.0373861148110621));
#6995=CARTESIAN_POINT('',(-0.00907517698913551,2.66201562442765E-19,-0.0377240996071785));
#6996=CARTESIAN_POINT('',(-0.00889793335830152,3.33497103292227E-19,-0.0379000731877491));
#6997=CARTESIAN_POINT('',(-0.00857908467352589,-7.6717797228645E-19,-0.038284178152131));
#6998=CARTESIAN_POINT('',(-0.00843517073342466,-1.90653134267515E-18,-0.0384902633086025));
#6999=CARTESIAN_POINT('',(-0.00815571103383856,1.47285047368095E-18,-0.0389098350107884));
#7000=CARTESIAN_POINT('',(-0.00802033817074322,-2.31836361578482E-18,-0.0391238441002896));
#7001=CARTESIAN_POINT('',(-0.00774296359534838,1.88468274679054E-18,-0.0395445246664868));
#7002=CARTESIAN_POINT('',(-0.00760132587093152,1.32001401433789E-19,-0.0397510397880854));
#7003=CARTESIAN_POINT('',(-0.00729833194806874,-5.65682270427991E-19,-0.0401394073885392));
#7004=CARTESIAN_POINT('',(-0.00713712643368514,-8.33854100269903E-19,-0.0403213890294292));
#7005=CARTESIAN_POINT('',(-0.0067800622889666,4.00173231275725E-19,-0.0406418090777754));
#7006=CARTESIAN_POINT('',(-0.0065839563465016,-5.0600705982617E-19,-0.0407799314419291));
#7007=CARTESIAN_POINT('',(-0.00616958141850042,7.23261908319679E-20,-0.0410283264815916));
#7008=CARTESIAN_POINT('',(-0.00595095337242056,-1.96436466617051E-18,-0.0411381466143719));
#7009=CARTESIAN_POINT('',(-0.00550844191318281,1.53068379717624E-18,-0.0413511825243116));
#7010=CARTESIAN_POINT('',(-0.00528475469906752,-4.22231326471533E-18,-0.0414546439817117));
#7011=CARTESIAN_POINT('',(-0.00485061385476542,3.78863239572113E-18,-0.0416782008537591));
#7012=CARTESIAN_POINT('',(-0.00464353684153189,3.58164610017812E-18,-0.041802535651108));
#7013=CARTESIAN_POINT('',(-0.00425084653006926,6.39301388668852E-18,-0.0420781831364897));
#7014=CARTESIAN_POINT('',(-0.00406209576598301,5.7058617353315E-19,-0.0422255492908028));
#7015=CARTESIAN_POINT('',(-0.00368674024138097,-1.00426704252735E-18,-0.0425229800858785));
#7016=CARTESIAN_POINT('',(-0.0034998388763198,-9.26680051440594E-19,-0.0426725264626944));
#7017=CARTESIAN_POINT('',(-0.00311563762183982,4.9299918244642E-19,-0.0429591299716903));
#7018=CARTESIAN_POINT('',(-0.00291873741068975,-1.49113865924749E-18,-0.0430959654168381));
#7019=CARTESIAN_POINT('',(-0.00231028264331604,2.33175601500363E-18,-0.0434665328960622));
#7020=CARTESIAN_POINT('',(-0.00188217604933657,3.21341452912843E-19,-0.0436654853599423));
#7021=CARTESIAN_POINT('',(-0.000988843602767483,-7.55022321907035E-19,-0.0439874983246918));
#7022=CARTESIAN_POINT('',(-0.000521441360027445,9.31581034315378E-19,-0.0441092421719852));
#7023=CARTESIAN_POINT('',(0.000184448334424666,-7.91051168903341E-19,-0.0442021421254122));
#7024=CARTESIAN_POINT('',(0.000425084100372118,2.06624056506567E-18,-0.0442158537407051));
#7025=CARTESIAN_POINT('',(0.000903675896925978,2.70424899387056E-18,-0.044192849487472));
#7026=CARTESIAN_POINT('',(0.00113618223653241,-4.8112659299537E-19,-0.0441551617467067));
#7027=CARTESIAN_POINT('',(0.0015926495615316,4.74457240011686E-20,-0.0440372088638806));
#7028=CARTESIAN_POINT('',(0.00181719124823263,5.52092282290539E-18,-0.0439582442441006));
#7029=CARTESIAN_POINT('',(0.00215097139318833,8.17405757749529E-19,-0.0438294154327641));
#7030=CARTESIAN_POINT('',(0.00226169934195031,-9.7813607583438E-19,-0.043785347886799));
#7031=CARTESIAN_POINT('',(0.002483635638985,5.44455206840178E-19,-0.0436982110539592));
#7032=CARTESIAN_POINT('',(0.00259512388640378,-3.44523399147316E-18,-0.0436559137233826));
#7033=CARTESIAN_POINT('',(0.00293180960008532,6.23994667945503E-18,-0.0435344448409513));
#7034=CARTESIAN_POINT('',(0.00315749955972669,3.46414017562724E-18,-0.0434564791721328));
#7035=CARTESIAN_POINT('',(0.00360284134356836,6.51051981123946E-18,-0.0432857947970294));
#7036=CARTESIAN_POINT('',(0.00382201554943764,2.49860990275403E-18,-0.0431923540646042));
#7037=CARTESIAN_POINT('',(0.00424806210184325,-2.93229077174823E-18,-0.0429736435490373));
#7038=CARTESIAN_POINT('',(0.00445396087826753,8.99674608704048E-19,-0.0428469127693672));
#7039=CARTESIAN_POINT('',(0.00483573719440875,-1.33335547769821E-18,-0.0425658583823975));
#7040=CARTESIAN_POINT('',(0.00501669390295997,7.50118334729367E-19,-0.0424122496110496));
#7041=CARTESIAN_POINT('',(0.00553368355807057,-2.15075797295003E-18,-0.041925708906367));
#7042=CARTESIAN_POINT('',(0.00585197707670745,2.68219403089814E-18,-0.0415641456841714));
#7043=CARTESIAN_POINT('',(0.00643674492837673,-3.1158748998924E-18,-0.040822104803288));
#7044=CARTESIAN_POINT('',(0.00670953421832749,9.80967911292251E-19,-0.0404383527606873));
#7045=CARTESIAN_POINT('',(0.00721653481422069,-1.41464878028645E-18,-0.0396491945063783));
#7046=CARTESIAN_POINT('',(0.00744586013427639,1.41239245987036E-18,-0.0392403242380694));
#7047=CARTESIAN_POINT('',(0.00785367543460891,3.35809709906584E-18,-0.0383925407488692));
#7048=CARTESIAN_POINT('',(0.00803288350292015,-6.45333723897734E-19,-0.037953909950901));
#7049=CARTESIAN_POINT('',(0.00850939379134945,6.40146144304183E-19,-0.0366027301187693));
#7050=CARTESIAN_POINT('',(0.00874657644270095,5.26266149572825E-18,-0.0356843289196331));
#7051=CARTESIAN_POINT('',(0.00918403462239923,-4.92171936792031E-19,-0.0338379578058021));
#7052=CARTESIAN_POINT('',(0.00937759529866789,-3.50027423462939E-19,-0.0329089459693912));
#7053=CARTESIAN_POINT('',(0.00975579902925662,-5.28782387346166E-18,-0.031048856434045));
#7054=CARTESIAN_POINT('',(0.00993805931422647,-3.4588356008675E-19,-0.0301171562581937));
#7055=CARTESIAN_POINT('',(0.0103208331487794,-8.77973089074521E-20,-0.0282582676126195));
#7056=CARTESIAN_POINT('',(0.0105513340023826,9.63884948867538E-19,-0.0273373625301513));
#7057=CARTESIAN_POINT('',(0.0109523166644725,-1.39756581786175E-18,-0.025484030928861));
#7058=CARTESIAN_POINT('',(0.0110864978007165,-2.41225035069732E-18,-0.0245456351846924));
#7059=CARTESIAN_POINT('',(0.0112966650727531,-3.2256009462273E-18,-0.0226583922671553));
#7060=CARTESIAN_POINT('',(0.0113858853127157,-5.70412248960055E-18,-0.0217119457581837));
#7061=CARTESIAN_POINT('',(0.0115714193070449,5.27044162060629E-18,-0.0198203154781337));
#7062=CARTESIAN_POINT('',(0.011664748887881,-1.37940156888519E-18,-0.0188746009848164));
#7063=CARTESIAN_POINT('',(0.0118416910684227,3.64440132696951E-19,-0.0174626100381966));
#7064=CARTESIAN_POINT('',(0.0119062785375117,-5.00849981364045E-19,-0.016992945683119));
#7065=CARTESIAN_POINT('',(0.0120607097464781,6.71691123698375E-20,-0.0160581155982027));
#7066=CARTESIAN_POINT('',(0.0121559480071797,4.67467921162299E-19,-0.0155939120627808));
#7067=CARTESIAN_POINT('',(0.0123908960221489,-9.01148790156514E-19,-0.0146734242600508));
#7068=CARTESIAN_POINT('',(0.0125316199290219,5.42269251662132E-18,-0.0142173241566176));
#7069=CARTESIAN_POINT('',(0.0127215940588685,8.66520910891473E-19,-0.0135294105804439));
#7070=CARTESIAN_POINT('',(0.0127787205459523,2.71141084732919E-18,-0.0132990024687893));
#7071=CARTESIAN_POINT('',(0.0128733211273691,-3.14509171632328E-18,-0.0128346842384928));
#7072=CARTESIAN_POINT('',(0.0129092792903244,-3.58707396906145E-19,-0.012600505615576));
#7073=CARTESIAN_POINT('',(0.012986385210849,6.68934903209938E-20,-0.0118924835798301));
#7074=CARTESIAN_POINT('',(0.0130128680150311,-3.2256007610768E-18,-0.0114160323044028));
#7075=CARTESIAN_POINT('',(0.0130983729891504,-2.41225053584783E-18,-0.0104689234438318));
#7076=CARTESIAN_POINT('',(0.0131561559921483,-1.11843106015813E-18,-0.00999804760374764));
#7077=CARTESIAN_POINT('',(0.013319337982469,2.33954878333403E-19,-0.00930536039196507));
#7078=CARTESIAN_POINT('',(0.0133878680481834,-2.09587178854017E-18,-0.00907698398271749));
#7079=CARTESIAN_POINT('',(0.0135628083573958,1.66219091954597E-18,-0.00862697794595521));
#7080=CARTESIAN_POINT('',(0.013672410544338,-3.85678990499149E-19,-0.00840592002946254));
#7081=CARTESIAN_POINT('',(0.0140566862984374,1.20836677507002E-19,-0.00775261445321668));
#7082=CARTESIAN_POINT('',(0.0143803623944227,-5.39283822877687E-19,-0.00732911067625929));
#7083=CARTESIAN_POINT('',(0.0148455347719707,-5.56187403068047E-20,-0.00669022121613013));
#7084=CARTESIAN_POINT('',(0.0149966451196649,5.42765865527657E-20,-0.00647655624154546));
#7085=CARTESIAN_POINT('',(0.0151911470763899,-3.52398945022029E-19,-0.00615032760285312));
#7086=CARTESIAN_POINT('',(0.0152504765454218,1.66034958221224E-18,-0.00604060438304864));
#7087=CARTESIAN_POINT('',(0.015353958224101,-2.09403045120644E-18,-0.00581845367429164));
#7088=CARTESIAN_POINT('',(0.0153968759611088,3.828563723669E-18,-0.00570580724391292));
#7089=CARTESIAN_POINT('',(0.0154607934710235,-4.26224459266321E-18,-0.00547660745797953));
#7090=CARTESIAN_POINT('',(0.0154825329068094,6.53274799936562E-20,-0.0053601882316476));
#7091=CARTESIAN_POINT('',(0.0155028544249253,-4.99008348987858E-19,-0.00512322293610266));
#7092=CARTESIAN_POINT('',(0.0155033521990507,-1.30535939239888E-18,-0.00500301907049171));
#7093=CARTESIAN_POINT('',(0.0154893627214673,8.71678523404681E-19,-0.00475994163604047));
#7094=CARTESIAN_POINT('',(0.0154742821116907,4.79001312323405E-19,-0.00463696246678224));
#7095=CARTESIAN_POINT('',(0.0154357127327418,-9.12682181317607E-19,-0.00438950624089679));
#7096=CARTESIAN_POINT('',(0.0154130369057532,-2.26695239147331E-19,-0.00426517466883192));
#7097=CARTESIAN_POINT('',(0.015289849155607,-1.7742121589618E-19,-0.00364176295892492));
#7098=CARTESIAN_POINT('',(0.0151904944480317,8.94178858283393E-19,-0.0031428973309087));
#7099=CARTESIAN_POINT('',(0.0151257967347315,9.08048112858325E-18,-0.00216902689071614));
#7100=CARTESIAN_POINT('',(0.015146128404218,6.5354315046235E-18,-0.00169148051354939));
#7101=CARTESIAN_POINT('',(0.015230397176118,3.43922848224314E-18,-0.000744150825497437));
#7102=CARTESIAN_POINT('',(0.0152959520699475,3.1022445807312E-18,-0.000274658874665608));
#7103=CARTESIAN_POINT('',(0.0154522592449384,-3.5359254497254E-18,0.0006598369323041));
#7104=CARTESIAN_POINT('',(0.0155444380349472,1.57189425544921E-18,0.00112459073796323));
#7105=CARTESIAN_POINT('',(0.0157465388739235,3.19859530348701E-18,0.00205091970168553));
#7106=CARTESIAN_POINT('',(0.0158612001451808,9.63885358706721E-19,0.00251169398003171));
#7107=CARTESIAN_POINT('',(0.0160924907944714,-1.39756622770092E-18,0.00343252703913126));
#7108=CARTESIAN_POINT('',(0.0162080578603058,-2.14714653753494E-19,0.00389300723068586));
#7109=CARTESIAN_POINT('',(0.0164473973655816,-2.19157335300032E-19,0.00485571953995465));
#7110=CARTESIAN_POINT('',(0.0165730740681001,-2.18949032435197E-19,0.00535762457118145));
#7111=CARTESIAN_POINT('',(0.0166989075746192,-2.18279701531835E-19,0.00585950064289611));
#7112=CARTESIAN_POINT('',(0.0168480399561458,-0.0002771147960874,0.00531452997779316));
#7113=CARTESIAN_POINT('',(0.016992883310261,-0.000547579947891284,0.00477942108358052));
#7114=CARTESIAN_POINT('',(0.0172865756284141,-0.00108851025149905,0.00371532086930443));
#7115=CARTESIAN_POINT('',(0.0175696458440379,-0.00162944055510682,0.00262920092885665));
#7116=CARTESIAN_POINT('',(0.0177195108649161,-0.0018999057069107,0.00210874802175777));
#7117=CARTESIAN_POINT('',(-0.0150718082467248,-0.0019,-0.00244380119518272));
#7118=CARTESIAN_POINT('',(-0.0151952210542492,-0.0019,-0.00251521795091246));
#7119=CARTESIAN_POINT('',(-0.0153188416375431,-0.0019,-0.0025867696608504));
#7120=CARTESIAN_POINT('',(-0.0157875470959503,-0.0019,-0.00285817749349738));
#7121=CARTESIAN_POINT('',(-0.0161233772413758,-0.0019,-0.00305161539560171));
#7122=CARTESIAN_POINT('',(-0.0171877708278882,-0.0019,-0.0036711903204096));
#7123=CARTESIAN_POINT('',(-0.0178838034282334,-0.0019,-0.00410197200355408));
#7124=CARTESIAN_POINT('',(-0.01993635303522,-0.0019,-0.00542064542502876));
#7125=CARTESIAN_POINT('',(-0.0212742021619603,-0.0019,-0.00632366303412417));
#7126=CARTESIAN_POINT('',(-0.0232485003187397,-0.0019,-0.00776644395498584));
#7127=CARTESIAN_POINT('',(-0.0239009511596294,-0.0019,-0.00825774923399282));
#7128=CARTESIAN_POINT('',(-0.0248719763852542,-0.0019,-0.0090345226390848));
#7129=CARTESIAN_POINT('',(-0.0251943184189059,-0.0019,-0.0092993041084748));
#7130=CARTESIAN_POINT('',(-0.0258354822194555,-0.0019,-0.00984867654200906));
#7131=CARTESIAN_POINT('',(-0.0261530290866664,-0.0019,-0.0101307709378399));
#7132=CARTESIAN_POINT('',(-0.0267886270358898,-0.0019,-0.0107365494519817));
#7133=CARTESIAN_POINT('',(-0.0271067162589677,-0.0019,-0.0110549175057247));
#7134=CARTESIAN_POINT('',(-0.0275828233877259,-0.0019,-0.0116122392103031));
#7135=CARTESIAN_POINT('',(-0.0277472516190407,-0.0019,-0.0118164362913749));
#7136=CARTESIAN_POINT('',(-0.0280790696742781,-0.0019,-0.0122986525599067));
#7137=CARTESIAN_POINT('',(-0.0282482135509973,-0.0019,-0.0125897023037148));
#7138=CARTESIAN_POINT('',(-0.0285224425168634,-0.0019,-0.0132122575972214));
#7139=CARTESIAN_POINT('',(-0.0286403762886144,-0.0019,-0.0136135350716904));
#7140=CARTESIAN_POINT('',(-0.028716375320393,-0.0019,-0.014182818782926));
#7141=CARTESIAN_POINT('',(-0.0287273135435062,-0.0019,-0.0143955900404836));
#7142=CARTESIAN_POINT('',(-0.0287206565086251,-0.0019,-0.0146743570127462));
#7143=CARTESIAN_POINT('',(-0.0287158810642493,-0.0019,-0.0147610684543397));
#7144=CARTESIAN_POINT('',(-0.0287031378724759,-0.0019,-0.0149205432710892));
#7145=CARTESIAN_POINT('',(-0.0286961435722997,-0.0019,-0.0149885515904918));
#7146=CARTESIAN_POINT('',(-0.028684317326284,-0.0019,-0.0150925462463993));
#7147=CARTESIAN_POINT('',(-0.0286799156689595,-0.0019,-0.0151279801273986));
#7148=CARTESIAN_POINT('',(-0.0286714000791305,-0.0019,-0.0151936413498808));
#7149=CARTESIAN_POINT('',(-0.0286675523229625,-0.0019,-0.0152212574873249));
#7150=CARTESIAN_POINT('',(-0.0286629035238683,-0.0019,-0.0152574678976083));
#7151=CARTESIAN_POINT('',(-0.0286638739794651,-0.0019,-0.0152489112438665));
#7152=CARTESIAN_POINT('',(-0.0286580680734101,-0.0019,-0.0153015722875936));
#7153=CARTESIAN_POINT('',(-0.0286555501482978,-0.0019,-0.0153239145087786));
#7154=CARTESIAN_POINT('',(-0.0286475634196781,-0.0019,-0.0153978199746047));
#7155=CARTESIAN_POINT('',(-0.0286426599645093,-0.0019,-0.0154424253862808));
#7156=CARTESIAN_POINT('',(-0.0286378209105288,-0.0019,-0.0154861734010099));
#7157=CARTESIAN_POINT('',(-0.0141209381124767,1.25573136349012E-19,-0.00408874946467999));
#7158=CARTESIAN_POINT('',(-0.01424438403992,1.39847398396372E-19,-0.00416018548802074));
#7159=CARTESIAN_POINT('',(-0.0143678235970352,6.18274271910239E-20,-0.0042316318854423));
#7160=CARTESIAN_POINT('',(-0.0148340864815972,-9.90890706852171E-19,-0.00450161874351022));
#7161=CARTESIAN_POINT('',(-0.0151773671339691,-1.25170134767726E-18,-0.00469941373669209));
#7162=CARTESIAN_POINT('',(-0.0162044839518477,-5.95337425003242E-18,-0.00529724063220221));
#7163=CARTESIAN_POINT('',(-0.0168779908836564,-1.23999159988861E-18,-0.00571406227839735));
#7164=CARTESIAN_POINT('',(-0.0188775418287636,1.82946189628593E-18,-0.00699879982353136));
#7165=CARTESIAN_POINT('',(-0.0201927770885517,-1.65420266568098E-18,-0.00788721427636469));
#7166=CARTESIAN_POINT('',(-0.0221101238884132,5.01840681094841E-19,-0.009287527478667));
#7167=CARTESIAN_POINT('',(-0.0227429591111803,-3.12615381311482E-19,-0.00976465196109944));
#7168=CARTESIAN_POINT('',(-0.0236713827633688,-1.6895296108991E-19,-0.0105071801433675));
#7169=CARTESIAN_POINT('',(-0.0239780491935596,6.71690824517817E-20,-0.0107592511031177));
#7170=CARTESIAN_POINT('',(-0.0245796037556536,-5.00849951445984E-19,-0.0112746411543006));
#7171=CARTESIAN_POINT('',(-0.0248749888549108,-1.59452629408122E-18,-0.0115375933124838));
#7172=CARTESIAN_POINT('',(-0.0254466826928285,1.16084542508702E-18,-0.0120821225481454));
#7173=CARTESIAN_POINT('',(-0.0257249028178054,-2.2033117000397E-18,-0.0123633246093099));
#7174=CARTESIAN_POINT('',(-0.0261095981757151,7.76395198274198E-19,-0.0128124986477168));
#7175=CARTESIAN_POINT('',(-0.0262334483381754,-2.73903649788462E-18,-0.0129680743232729));
#7176=CARTESIAN_POINT('',(-0.0264601767371454,2.30535562889043E-18,-0.0132978781698376));
#7177=CARTESIAN_POINT('',(-0.0265630687401554,-2.19324084755536E-18,-0.0134757981835775));
#7178=CARTESIAN_POINT('',(-0.0267231105119904,1.75955997856116E-18,-0.0138422162416901));
#7179=CARTESIAN_POINT('',(-0.0267805341467554,2.76556524940944E-18,-0.0140396520796693));
#7180=CARTESIAN_POINT('',(-0.0268204454518359,2.19508454449744E-18,-0.0143399851670821));
#7181=CARTESIAN_POINT('',(-0.0268255660396124,-1.43728136558331E-18,-0.0144398328424669));
#7182=CARTESIAN_POINT('',(-0.0268222056228552,3.93380031046003E-19,-0.0145901944246254));
#7183=CARTESIAN_POINT('',(-0.0268194589487092,-1.78202390188561E-18,-0.01464035205123));
#7184=CARTESIAN_POINT('',(-0.0268114630212458,1.34834303289141E-18,-0.0147407245342453));
#7185=CARTESIAN_POINT('',(-0.0268063950005497,-5.11287054922897E-19,-0.0147909278522606));
#7186=CARTESIAN_POINT('',(-0.0267977921735204,-6.96171242842166E-20,-0.0148662777887077));
#7187=CARTESIAN_POINT('',(-0.0267946819948115,1.31334834271327E-18,-0.0148913974486482));
#7188=CARTESIAN_POINT('',(-0.0267881813782245,-1.74702921170776E-18,-0.0149415864359818));
#7189=CARTESIAN_POINT('',(-0.0267847502110771,-1.30535952011486E-18,-0.0149666630397469));
#7190=CARTESIAN_POINT('',(-0.0267781130309196,8.71678651120658E-19,-0.0150168391995241));
#7191=CARTESIAN_POINT('',(-0.0267751398339965,-9.84514131530165E-19,-0.0150419666477443));
#7192=CARTESIAN_POINT('',(-0.0267696679421563,5.5083326253582E-19,-0.0150922757809765));
#7193=CARTESIAN_POINT('',(-0.0267667980330514,-4.19688821702676E-19,-0.0151174152084698));
#7194=CARTESIAN_POINT('',(-0.0267593218150931,1.40144717303224E-19,-0.0151868462452332));
#7195=CARTESIAN_POINT('',(-0.0267544574464525,1.83007582105178E-19,-0.0152311090785631));
#7196=CARTESIAN_POINT('',(-0.0267495600721037,1.19052603857191E-19,-0.0152753682488294));
#7197=CARTESIAN_POINT('',(-0.0163277604717724,-0.00189997512317066,-0.0031707295452989));
#7198=CARTESIAN_POINT('',(-0.0156140741644741,-0.00126665154694196,-0.00348869300685715));
#7199=CARTESIAN_POINT('',(-0.0149152787878227,-0.000633327970713257,-0.00381672059773694));
#7200=CARTESIAN_POINT('',(-0.0142107160388122,-4.39448455510759E-9,-0.00414070003482488));
#7201=CARTESIAN_POINT('',(0.0154303536922653,-0.0019,0.00444231353772059));
#7202=CARTESIAN_POINT('',(0.0156719446195979,-0.0019,0.00419601561865381));
#7203=CARTESIAN_POINT('',(0.0159137714737653,-0.0019,0.00394935607488598));
#7204=CARTESIAN_POINT('',(0.0164049913586052,-0.0019,0.00344793335846974));
#7205=CARTESIAN_POINT('',(0.016652442621626,-0.0019,0.00319614649475813));
#7206=CARTESIAN_POINT('',(0.0171489155380311,-0.0019,0.00269016569928603));
#7207=CARTESIAN_POINT('',(0.0173995350450998,-0.0019,0.00243424197841807));
#7208=CARTESIAN_POINT('',(0.0178912418637727,-0.0019,0.00193412782920978));
#7209=CARTESIAN_POINT('',(0.0181162439335031,-0.0019,0.00169937246957068));
#7210=CARTESIAN_POINT('',(0.0185848443847903,-0.0019,0.00119908727979152));
#7211=CARTESIAN_POINT('',(0.0188167125862443,-0.0019,0.000947290776448814));
#7212=CARTESIAN_POINT('',(0.0199681882595808,-0.0019,-0.000329753397925541));
#7213=CARTESIAN_POINT('',(0.020881755987983,-0.0019,-0.00139112900399281));
#7214=CARTESIAN_POINT('',(0.0226853935563982,-0.0019,-0.00353479676563613));
#7215=CARTESIAN_POINT('',(0.023578271477805,-0.0019,-0.00461793003844349));
#7216=CARTESIAN_POINT('',(0.0248876666143346,-0.0019,-0.00625313829278752));
#7217=CARTESIAN_POINT('',(0.0253208486137826,-0.0019,-0.00680115374379604));
#7218=CARTESIAN_POINT('',(0.0259571363028726,-0.0019,-0.0076250508349123));
#7219=CARTESIAN_POINT('',(0.0261672481156405,-0.0019,-0.00790013028789495));
#7220=CARTESIAN_POINT('',(0.0265804462584497,-0.0019,-0.00845009064173247));
#7221=CARTESIAN_POINT('',(0.026784028062352,-0.0019,-0.00872540582690611));
#7222=CARTESIAN_POINT('',(0.0270789422797843,-0.0019,-0.00913534760331876));
#7223=CARTESIAN_POINT('',(0.027175756472347,-0.0019,-0.00927181037530322));
#7224=CARTESIAN_POINT('',(0.0273633196751835,-0.0019,-0.00954175825658457));
#7225=CARTESIAN_POINT('',(0.0274533812856168,-0.0019,-0.00967405045084632));
#7226=CARTESIAN_POINT('',(0.0275829795006945,-0.0019,-0.0098714370512444));
#7227=CARTESIAN_POINT('',(0.0276238078031099,-0.0019,-0.00993485299740093));
#7228=CARTESIAN_POINT('',(0.0277002055459965,-0.0019,-0.0100566055801915));
#7229=CARTESIAN_POINT('',(0.0277357422156282,-0.0019,-0.0101156530276395));
#7230=CARTESIAN_POINT('',(0.0278031469557206,-0.0019,-0.0102275086403249));
#7231=CARTESIAN_POINT('',(0.0278264459558869,-0.0019,-0.0102668500648322));
#7232=CARTESIAN_POINT('',(0.0278835629415843,-0.0019,-0.010360675636941));
#7233=CARTESIAN_POINT('',(0.0279108001595931,-0.0019,-0.0104085678784377));
#7234=CARTESIAN_POINT('',(0.0279894908807942,-0.0019,-0.0105243045792151));
#7235=CARTESIAN_POINT('',(0.0280197402858303,-0.0019,-0.0105703851722943));
#7236=CARTESIAN_POINT('',(0.0280774027941384,-0.0019,-0.0106479136432433));
#7237=CARTESIAN_POINT('',(0.0281005183124207,-0.0019,-0.0106789715626812));
#7238=CARTESIAN_POINT('',(0.0281510974330401,-0.0019,-0.0107410129650073));
#7239=CARTESIAN_POINT('',(0.0281637742254253,-0.0019,-0.0107559839578576));
#7240=CARTESIAN_POINT('',(0.0281966545357643,-0.0019,-0.0107942468967752));
#7241=CARTESIAN_POINT('',(0.0282273813713739,-0.0019,-0.0108284358127275));
#7242=CARTESIAN_POINT('',(0.0282606856577143,-0.0019,-0.0108634942283246));
#7243=CARTESIAN_POINT('',(0.0282705433830985,-0.0019,-0.0108736966428364));
#7244=CARTESIAN_POINT('',(0.0282882861114928,-0.0019,-0.010891759855363));
#7245=CARTESIAN_POINT('',(0.0282961758021806,-0.0019,-0.010899664514466));
#7246=CARTESIAN_POINT('',(0.0283112606309947,-0.0019,-0.0109145928371996));
#7247=CARTESIAN_POINT('',(0.0283129972289303,-0.0019,-0.0109170303347155));
#7248=CARTESIAN_POINT('',(0.0283349802113674,-0.0019,-0.0109372792962912));
#7249=CARTESIAN_POINT('',(0.0283398082336924,-0.0019,-0.0109423185575062));
#7250=CARTESIAN_POINT('',(0.0283538522911432,-0.0019,-0.0109553623227443));
#7251=CARTESIAN_POINT('',(0.0283627361370531,-0.0019,-0.0109635459485817));
#7252=CARTESIAN_POINT('',(0.0283798509944421,-0.0019,-0.010979425168123));
#7253=CARTESIAN_POINT('',(0.0284156485903879,-0.0019,-0.0110110569934154));
#7254=CARTESIAN_POINT('',(0.0284543893112312,-0.0019,-0.0110431425998604));
#7255=CARTESIAN_POINT('',(0.0284627527927956,-0.0019,-0.0110498587345552));
#7256=CARTESIAN_POINT('',(0.0284801046725219,-0.0019,-0.0110636957717102));
#7257=CARTESIAN_POINT('',(0.0284864085056664,-0.0019,-0.0110685773597545));
#7258=CARTESIAN_POINT('',(0.0285052195218316,-0.0019,-0.0110832222240094));
#7259=CARTESIAN_POINT('',(0.0285132491076768,-0.0019,-0.0110891407208238));
#7260=CARTESIAN_POINT('',(0.0285405467753141,-0.0019,-0.0111097907552315));
#7261=CARTESIAN_POINT('',(0.0285512498118291,-0.0019,-0.0111173192398731));
#7262=CARTESIAN_POINT('',(0.0285762950235095,-0.0019,-0.0111351507681289));
#7263=CARTESIAN_POINT('',(0.0285926914302618,-0.0019,-0.011146668644881));
#7264=CARTESIAN_POINT('',(0.0286388836481481,-0.0019,-0.0111776902156257));
#7265=CARTESIAN_POINT('',(0.0286707808064533,-0.0019,-0.0111981651335148));
#7266=CARTESIAN_POINT('',(0.0287287615164445,-0.0019,-0.011232924670455));
#7267=CARTESIAN_POINT('',(0.0287487818660224,-0.0019,-0.0112443278732853));
#7268=CARTESIAN_POINT('',(0.0288003511546423,-0.0019,-0.01127269387388));
#7269=CARTESIAN_POINT('',(0.0288408386589203,-0.0019,-0.0112940378898626));
#7270=CARTESIAN_POINT('',(0.0289869038385948,-0.0019,-0.0113623918266959));
#7271=CARTESIAN_POINT('',(0.0290202154090625,-0.0019,-0.0113730433900933));
#7272=CARTESIAN_POINT('',(0.0291560454249888,-0.0019,-0.0114216443987872));
#7273=CARTESIAN_POINT('',(0.0292688667977257,-0.0019,-0.0114533676651789));
#7274=CARTESIAN_POINT('',(0.0294473529532761,-0.0019,-0.0114874941585753));
#7275=CARTESIAN_POINT('',(0.0295139431190825,-0.0019,-0.0114960249783982));
#7276=CARTESIAN_POINT('',(0.0296225364920376,-0.0019,-0.011505374445056));
#7277=CARTESIAN_POINT('',(0.0296699638785297,-0.0019,-0.0115074645005769));
#7278=CARTESIAN_POINT('',(0.0297371608381006,-0.0019,-0.0115094699312288));
#7279=CARTESIAN_POINT('',(0.0297634215715135,-0.0019,-0.0115096064402892));
#7280=CARTESIAN_POINT('',(0.0298506391681429,-0.0019,-0.0115072688742309));
#7281=CARTESIAN_POINT('',(0.0298964313762471,-0.0019,-0.0115042932982434));
#7282=CARTESIAN_POINT('',(0.0299599437191035,-0.0019,-0.0114983292775036));
#7283=CARTESIAN_POINT('',(0.0299955582259463,-0.0019,-0.0114945051440381));
#7284=CARTESIAN_POINT('',(0.0300592403538425,-0.0019,-0.011485778034851));
#7285=CARTESIAN_POINT('',(0.0300883665303386,-0.0019,-0.0114810554377823));
#7286=CARTESIAN_POINT('',(0.0301497992167977,-0.0019,-0.0114697629782908));
#7287=CARTESIAN_POINT('',(0.0301856632812708,-0.0019,-0.0114622414267611));
#7288=CARTESIAN_POINT('',(0.0302355052564662,-0.0019,-0.0114506926311211));
#7289=CARTESIAN_POINT('',(0.0302628725897835,-0.0019,-0.0114435151888395));
#7290=CARTESIAN_POINT('',(0.0302982939531262,-0.0019,-0.0114343831356054));
#7291=CARTESIAN_POINT('',(0.0303063556409251,-0.0019,-0.011432578923679));
#7292=CARTESIAN_POINT('',(0.0303971261995658,-0.0019,-0.0114043870759759));
#7293=CARTESIAN_POINT('',(0.0304124467716345,-0.0019,-0.0113987866122118));
#7294=CARTESIAN_POINT('',(0.0304540048726602,-0.0019,-0.0113836955164262));
#7295=CARTESIAN_POINT('',(0.0304766317812225,-0.0019,-0.0113752744118977));
#7296=CARTESIAN_POINT('',(0.0305151853402964,-0.0019,-0.011360027577341));
#7297=CARTESIAN_POINT('',(0.0305316858108867,-0.0019,-0.0113531380267514));
#7298=CARTESIAN_POINT('',(0.0305803586397002,-0.0019,-0.0113323795009636));
#7299=CARTESIAN_POINT('',(0.0306082700107529,-0.0019,-0.0113194914215107));
#7300=CARTESIAN_POINT('',(0.0306653959494818,-0.0019,-0.0112917677007999));
#7301=CARTESIAN_POINT('',(0.0306953453723189,-0.0019,-0.0112763950175202));
#7302=CARTESIAN_POINT('',(0.0307557301781749,-0.0019,-0.0112434588607099));
#7303=CARTESIAN_POINT('',(0.0308049956500096,-0.0019,-0.0112154961132699));
#7304=CARTESIAN_POINT('',(0.030919460046767,-0.0019,-0.0111407292215758));
#7305=CARTESIAN_POINT('',(0.0309534660020377,-0.0019,-0.0111152823148477));
#7306=CARTESIAN_POINT('',(0.0310229241596601,-0.0019,-0.0110618487142308));
#7307=CARTESIAN_POINT('',(0.0310521911876684,-0.0019,-0.0110376054774675));
#7308=CARTESIAN_POINT('',(0.0311367043578654,-0.0019,-0.0109643216748419));
#7309=CARTESIAN_POINT('',(0.0311770718961617,-0.0019,-0.0109266990129908));
#7310=CARTESIAN_POINT('',(0.0313130974013697,-0.0019,-0.0107798293182629));
#7311=CARTESIAN_POINT('',(0.0313663908893504,-0.0019,-0.0107089884258302));
#7312=CARTESIAN_POINT('',(0.0314079180936852,-0.0019,-0.010652288551699));
#7313=CARTESIAN_POINT('',(0.0314273986765822,-0.0019,-0.0106245870825984));
#7314=CARTESIAN_POINT('',(0.0314722178736326,-0.0019,-0.0105567061998771));
#7315=CARTESIAN_POINT('',(0.031498785930684,-0.0019,-0.0105130999337221));
#7316=CARTESIAN_POINT('',(0.0315329879750637,-0.0019,-0.010452842446869));
#7317=CARTESIAN_POINT('',(0.0315423210532952,-0.0019,-0.0104355966740587));
#7318=CARTESIAN_POINT('',(0.0315690307473565,-0.0019,-0.0103845541804901));
#7319=CARTESIAN_POINT('',(0.0315835394041531,-0.0019,-0.0103550418048221));
#7320=CARTESIAN_POINT('',(0.0316070627294762,-0.0019,-0.0103046094606283));
#7321=CARTESIAN_POINT('',(0.031615542908259,-0.0019,-0.0102853565611373));
#7322=CARTESIAN_POINT('',(0.0316287053385268,-0.0019,-0.0102548232548023));
#7323=CARTESIAN_POINT('',(0.0316330886877677,-0.0019,-0.0102444332216423));
#7324=CARTESIAN_POINT('',(0.0316459560149762,-0.0019,-0.0102128817555387));
#7325=CARTESIAN_POINT('',(0.0316535928509992,-0.0019,-0.0101926478507079));
#7326=CARTESIAN_POINT('',(0.0316690462086509,-0.0019,-0.0101531633267205));
#7327=CARTESIAN_POINT('',(0.0316783640821659,-0.0019,-0.0101284410808884));
#7328=CARTESIAN_POINT('',(0.0317114532826357,-0.0019,-0.0100251309995916));
#7329=CARTESIAN_POINT('',(0.0317123486317157,-0.0019,-0.010021548608918));
#7330=CARTESIAN_POINT('',(0.0317183068736472,-0.0019,-0.00999366874113011));
#7331=CARTESIAN_POINT('',(0.0317227150166388,-0.0019,-0.00998189575604926));
#7332=CARTESIAN_POINT('',(0.0317275019162756,-0.0019,-0.00996388798008838));
#7333=CARTESIAN_POINT('',(0.0317296040753198,-0.0019,-0.00995570416223959));
#7334=CARTESIAN_POINT('',(0.0317373530399649,-0.0019,-0.00992535585502415));
#7335=CARTESIAN_POINT('',(0.0317419433290293,-0.0019,-0.00990630660713375));
#7336=CARTESIAN_POINT('',(0.0317616126804535,-0.0019,-0.00981924689985297));
#7337=CARTESIAN_POINT('',(0.0317695315706022,-0.0019,-0.0097751482903953));
#7338=CARTESIAN_POINT('',(0.0317902387146345,-0.0019,-0.00964349884773021));
#7339=CARTESIAN_POINT('',(0.031796038912809,-0.0019,-0.00958468730740548));
#7340=CARTESIAN_POINT('',(0.0318062676075469,-0.0019,-0.00947089502808133));
#7341=CARTESIAN_POINT('',(0.0318082759221475,-0.0019,-0.00942810610468876));
#7342=CARTESIAN_POINT('',(0.0318147209228477,-0.0019,-0.00929813971204241));
#7343=CARTESIAN_POINT('',(0.031814288808854,-0.0019,-0.00923436682210239));
#7344=CARTESIAN_POINT('',(0.03181618958443,-0.0019,-0.00903144114567952));
#7345=CARTESIAN_POINT('',(0.0318110575887777,-0.0019,-0.00892929779226174));
#7346=CARTESIAN_POINT('',(0.0318018731232086,-0.0019,-0.00871778941305515));
#7347=CARTESIAN_POINT('',(0.0317959899091408,-0.0019,-0.00861883172286092));
#7348=CARTESIAN_POINT('',(0.031777021689024,-0.0019,-0.00832492348673068));
#7349=CARTESIAN_POINT('',(0.0317617096753693,-0.0019,-0.00813957788831207));
#7350=CARTESIAN_POINT('',(0.0317292340181242,-0.0019,-0.00777174582983119));
#7351=CARTESIAN_POINT('',(0.0317117890202679,-0.0019,-0.00759102672174254));
#7352=CARTESIAN_POINT('',(0.0316575656033999,-0.0019,-0.0070516073525772));
#7353=CARTESIAN_POINT('',(0.0316185590434438,-0.0019,-0.00669788311367706));
#7354=CARTESIAN_POINT('',(0.0315382137181251,-0.0019,-0.00599313424190228));
#7355=CARTESIAN_POINT('',(0.0314966732234879,-0.0019,-0.00564308585685426));
#7356=CARTESIAN_POINT('',(0.0313706994761777,-0.0019,-0.00459509728075597));
#7357=CARTESIAN_POINT('',(0.0312840486801354,-0.0019,-0.00390144592893864));
#7358=CARTESIAN_POINT('',(0.0311628758568701,-0.0019,-0.00287716541249585));
#7359=CARTESIAN_POINT('',(0.0311218725429794,-0.0019,-0.00252025507047143));
#7360=CARTESIAN_POINT('',(0.0310186143244668,-0.0019,-0.00176486847193709));
#7361=CARTESIAN_POINT('',(0.030951220585679,-0.0019,-0.00136449008682919));
#7362=CARTESIAN_POINT('',(0.0307027336786522,-0.0019,-0.000213032192105506));
#7363=CARTESIAN_POINT('',(0.0305160813466379,-0.0019,0.000468432113235336));
#7364=CARTESIAN_POINT('',(0.0301264374285733,-0.0019,0.00184955166998507));
#7365=CARTESIAN_POINT('',(0.0299213446141245,-0.0019,0.00252802759320465));
#7366=CARTESIAN_POINT('',(0.0294963671584045,-0.0019,0.00388451491249107));
#7367=CARTESIAN_POINT('',(0.0292760770726623,-0.0019,0.00455988669808896));
#7368=CARTESIAN_POINT('',(0.0285871722314052,-0.0019,0.00658451998326745));
#7369=CARTESIAN_POINT('',(0.0280990082628076,-0.0019,0.00792596478511332));
#7370=CARTESIAN_POINT('',(0.0269571483932258,-0.0019,0.0106198096971573));
#7371=CARTESIAN_POINT('',(0.0262571386731065,-0.0019,0.012004186128993));
#7372=CARTESIAN_POINT('',(0.0245279779241017,-0.0019,0.0145474099561586));
#7373=CARTESIAN_POINT('',(0.0235042590779409,-0.0019,0.0156786833347637));
#7374=CARTESIAN_POINT('',(0.0219389602410835,-0.0019,0.0171965774016203));
#7375=CARTESIAN_POINT('',(0.0214051375097642,-0.0019,0.0176848783936503));
#7376=CARTESIAN_POINT('',(0.0203334065764655,-0.0019,0.0186315230972846));
#7377=CARTESIAN_POINT('',(0.0197905095066545,-0.0019,0.0190926072080357));
#7378=CARTESIAN_POINT('',(0.0189996435933707,-0.0019,0.0197639905042889));
#7379=CARTESIAN_POINT('',(0.0187331725353034,-0.0019,0.0199878358869117));
#7380=CARTESIAN_POINT('',(0.0182388556275772,-0.0019,0.0204146856092304));
#7381=CARTESIAN_POINT('',(0.018019449915235,-0.0019,0.0206122989162786));
#7382=CARTESIAN_POINT('',(0.0177973878190833,-0.0019,0.0208507999562275));
#7383=CARTESIAN_POINT('',(0.0177437716061325,-0.0019,0.0209166654120282));
#7384=CARTESIAN_POINT('',(0.0176690387601285,-0.0019,0.0210226590927383));
#7385=CARTESIAN_POINT('',(0.0176431516716042,-0.0019,0.0210667096157993));
#7386=CARTESIAN_POINT('',(0.0175929845054175,-0.0019,0.0211727984503645));
#7387=CARTESIAN_POINT('',(0.0175517336079489,-0.0019,0.0212749719008219));
#7388=CARTESIAN_POINT('',(0.017471671487597,-0.0019,0.0215085158274022));
#7389=CARTESIAN_POINT('',(0.0174250096137384,-0.0019,0.0216580574854432));
#7390=CARTESIAN_POINT('',(0.017271103771911,-0.0019,0.0221499210650139));
#7391=CARTESIAN_POINT('',(0.0171495494220152,-0.0019,0.0225509485343359));
#7392=CARTESIAN_POINT('',(0.0167143630543704,-0.0019,0.0234718640220147));
#7393=CARTESIAN_POINT('',(0.016428382046399,-0.0019,0.0239004255548128));
#7394=CARTESIAN_POINT('',(0.0157634266827276,-0.0019,0.0246539490567505));
#7395=CARTESIAN_POINT('',(0.0154109214643764,-0.0019,0.024970429512297));
#7396=CARTESIAN_POINT('',(0.0147871538203828,-0.0019,0.0253887701755749));
#7397=CARTESIAN_POINT('',(0.014572247591624,-0.0019,0.0255195663272694));
#7398=CARTESIAN_POINT('',(0.0142066694854039,-0.0019,0.0256975670278811));
#7399=CARTESIAN_POINT('',(0.0140860950835073,-0.0019,0.0257511728933447));
#7400=CARTESIAN_POINT('',(0.0138754218652692,-0.0019,0.0258319464082776));
#7401=CARTESIAN_POINT('',(0.0137989648749864,-0.0019,0.0258588301553194));
#7402=CARTESIAN_POINT('',(0.0136383440621341,-0.0019,0.0259090952935742));
#7403=CARTESIAN_POINT('',(0.0135571979553971,-0.0019,0.0259316329067763));
#7404=CARTESIAN_POINT('',(0.0134254907112878,-0.0019,0.0259626721274267));
#7405=CARTESIAN_POINT('',(0.0133787420470265,-0.0019,0.0259727136915409));
#7406=CARTESIAN_POINT('',(0.0133061326300859,-0.0019,0.025987065579414));
#7407=CARTESIAN_POINT('',(0.0132958795163267,-0.0019,0.0259889854817248));
#7408=CARTESIAN_POINT('',(0.0132401261603917,-0.0019,0.0260000044260929));
#7409=CARTESIAN_POINT('',(0.0131994722302687,-0.0019,0.0260077058830179));
#7410=CARTESIAN_POINT('',(0.0130696287002669,-0.0019,0.0260337152051552));
#7411=CARTESIAN_POINT('',(0.0129947190392721,-0.0019,0.0260479985822409));
#7412=CARTESIAN_POINT('',(0.0128332470249428,-0.0019,0.026079621507418));
#7413=CARTESIAN_POINT('',(0.0127525110177781,-0.0019,0.0260954329700067));
#7414=CARTESIAN_POINT('',(0.0125910390034489,-0.0019,0.0261270558951839));
#7415=CARTESIAN_POINT('',(0.0125103029962842,-0.0019,0.0261428673577725));
#7416=CARTESIAN_POINT('',(0.0122882125071835,-0.0019,0.0261863618973591));
#7417=CARTESIAN_POINT('',(0.0121468580252471,-0.0019,0.0262140449743574));
#7418=CARTESIAN_POINT('',(0.0120055035433109,-0.0019,0.0262417280513555));
#7419=CARTESIAN_POINT('',(0.0167882083530931,-2.16840434497101E-19,0.00577131258167679));
#7420=CARTESIAN_POINT('',(0.0170296002679285,-2.16840434497101E-19,0.00552521739438017));
#7421=CARTESIAN_POINT('',(0.0172709278564164,-2.16840434497101E-19,0.00527906644688816));
#7422=CARTESIAN_POINT('',(0.0177601765592313,-2.16840434497101E-19,0.00477965175120804));
#7423=CARTESIAN_POINT('',(0.0180086271038817,-2.16840434497101E-19,0.00452684693065231));
#7424=CARTESIAN_POINT('',(0.0185051000202869,-2.16840434497101E-19,0.00402086613518021));
#7425=CARTESIAN_POINT('',(0.0187530541655795,-4.12165107542763E-18,0.00376763181729985));
#7426=CARTESIAN_POINT('',(0.0192500917078044,3.68797020643343E-18,0.00326213886211637));
#7427=CARTESIAN_POINT('',(0.0194952670741927,-8.2813660849387E-18,0.00300650112354285));
#7428=CARTESIAN_POINT('',(0.019979224291509,-2.56065563991634E-18,0.00248969524384411));
#7429=CARTESIAN_POINT('',(0.0202189827996142,-7.81857206692536E-19,0.00222937372375255));
#7430=CARTESIAN_POINT('',(0.0214037064021909,2.04322665428465E-18,0.00091558133883133));
#7431=CARTESIAN_POINT('',(0.0223264761278794,-1.38418958322027E-18,-0.000157070383508086));
#7432=CARTESIAN_POINT('',(0.0241485992506336,9.50508714226069E-19,-0.00232264048485219));
#7433=CARTESIAN_POINT('',(0.0250490075897246,-1.84820708780118E-18,-0.00341475938425607));
#7434=CARTESIAN_POINT('',(0.0263764170791809,5.98842892154938E-19,-0.00507264707679811));
#7435=CARTESIAN_POINT('',(0.0268157331692915,4.50391595666304E-19,-0.00562829969530889));
#7436=CARTESIAN_POINT('',(0.0274651878389919,-5.50456449578808E-19,-0.00646928164300295));
#7437=CARTESIAN_POINT('',(0.0276801593319383,-8.61847773591634E-19,-0.00675069014462564));
#7438=CARTESIAN_POINT('',(0.0281055572124772,4.28166904597423E-19,-0.00731689605894247));
#7439=CARTESIAN_POINT('',(0.0283161464363665,3.49950710436127E-19,-0.00760156491150121));
#7440=CARTESIAN_POINT('',(0.0286263059915061,-5.00236006963719E-19,-0.00803276378297447));
#7441=CARTESIAN_POINT('',(0.0287288022327282,-1.67519797937939E-18,-0.00817717366594336));
#7442=CARTESIAN_POINT('',(0.0289309094827649,1.24151711038514E-18,-0.00846806988608052));
#7443=CARTESIAN_POINT('',(0.0290305993525462,-8.71760544753409E-20,-0.00861461119465575));
#7444=CARTESIAN_POINT('',(0.0291766151345756,-2.81672624507984E-19,-0.00883673654877915));
#7445=CARTESIAN_POINT('',(0.0292245594171203,9.36510822836646E-19,-0.00891122413538898));
#7446=CARTESIAN_POINT('',(0.0293187426923993,-1.37019169183078E-18,-0.00906127929731372));
#7447=CARTESIAN_POINT('',(0.0293645517128847,-2.00586733092056E-18,-0.00913712127882644));
#7448=CARTESIAN_POINT('',(0.0294329507952153,6.77673013714679E-19,-0.00925105135610093));
#7449=CARTESIAN_POINT('',(0.0294556361401566,-1.62252184310176E-18,-0.00928911419538947));
#7450=CARTESIAN_POINT('',(0.029501659275199,1.1888409741074E-18,-0.00936480306731425));
#7451=CARTESIAN_POINT('',(0.02952482759901,9.57506845467305E-19,-0.00940259601153041));
#7452=CARTESIAN_POINT('',(0.0295614473659493,-8.04014074479436E-19,-0.00945789548133606));
#7453=CARTESIAN_POINT('',(0.02957389057428,-3.55889590966468E-18,-0.00947615588668697));
#7454=CARTESIAN_POINT('',(0.0295935570831343,1.45418730308669E-18,-0.00950281117036402));
#7455=CARTESIAN_POINT('',(0.0296002155483543,-8.88739427956635E-19,-0.00951162071900353));
#7456=CARTESIAN_POINT('',(0.0296107059186725,1.19109062232364E-19,-0.00952446637071721));
#7457=CARTESIAN_POINT('',(0.0296142652280648,1.57451919722006E-18,-0.00952870238644139));
#7458=CARTESIAN_POINT('',(0.0296215001993114,-2.00820006621588E-18,-0.00953708908352466));
#7459=CARTESIAN_POINT('',(0.0296252146272023,-2.40626628712609E-20,-0.00954121132402013));
#7460=CARTESIAN_POINT('',(0.0296309570012462,-3.13229320309934E-19,-0.00954726945424458));
#7461=CARTESIAN_POINT('',(0.0296328932058685,8.34842004278561E-19,-0.0095492726347221));
#7462=CARTESIAN_POINT('',(0.0296368022814745,-1.26852287327465E-18,-0.0095532521014259));
#7463=CARTESIAN_POINT('',(0.0296387738980432,1.11063238368684E-18,-0.0095552289799239));
#7464=CARTESIAN_POINT('',(0.0296427464194963,-1.54431325267865E-18,-0.00955916256407946));
#7465=CARTESIAN_POINT('',(0.0296447388199901,8.74501694750562E-18,-0.00956112340873573));
#7466=CARTESIAN_POINT('',(0.0296477552942576,-7.94641304556369E-19,-0.00956402324101838));
#7467=CARTESIAN_POINT('',(0.0296487607176531,-5.63134769333619E-18,-0.00956499000744328));
#7468=CARTESIAN_POINT('',(0.0296502843419069,-1.41271462603043E-18,-0.00956641815697124));
#7469=CARTESIAN_POINT('',(0.029650793495972,1.50330971854758E-18,-0.00956689239100476));
#7470=CARTESIAN_POINT('',(0.0296518199883374,-1.93699058754178E-18,-0.00956782925798941));
#7471=CARTESIAN_POINT('',(0.0296523391526583,1.44157604239048E-19,-0.00956828930003747));
#7472=CARTESIAN_POINT('',(0.0296534022066571,-5.77838473233249E-19,-0.00956917433224246));
#7473=CARTESIAN_POINT('',(0.0296539392964295,2.00919005748489E-18,-0.00956960896017397));
#7474=CARTESIAN_POINT('',(0.0296550199364902,-2.44287092649511E-18,-0.00957046905798022));
#7475=CARTESIAN_POINT('',(0.0296555635559619,7.58835997471473E-19,-0.00957089442892376));
#7476=CARTESIAN_POINT('',(0.0296572000620681,-2.16819329842722E-18,-0.00957216253513176));
#7477=CARTESIAN_POINT('',(0.0296583002394021,9.63194546919595E-19,-0.00957299493271281));
#7478=CARTESIAN_POINT('',(0.0296616142710924,-2.57691039732624E-18,-0.00957547299040813));
#7479=CARTESIAN_POINT('',(0.0296638468994694,-3.73210281099926E-18,-0.00957709202908744));
#7480=CARTESIAN_POINT('',(0.029668339066525,-1.90574848592536E-18,-0.00958029195668187));
#7481=CARTESIAN_POINT('',(0.029670600944866,-1.60274517393789E-18,-0.00958186952686908));
#7482=CARTESIAN_POINT('',(0.0296751841979835,1.16906430494619E-18,-0.0095849403152655));
#7483=CARTESIAN_POINT('',(0.0296775108908382,8.3999912160119E-19,-0.00958642599334419));
#7484=CARTESIAN_POINT('',(0.0296822494033996,-1.27367999059539E-18,-0.00958927665932776));
#7485=CARTESIAN_POINT('',(0.0296846540740466,1.04517854060436E-18,-0.00959065178261739));
#7486=CARTESIAN_POINT('',(0.0296895211545273,-1.47885940959629E-18,-0.00959332016903778));
#7487=CARTESIAN_POINT('',(0.0296919906719415,4.17116626039556E-19,-0.00959459893319395));
#7488=CARTESIAN_POINT('',(0.0296996127622112,-1.48475455557155E-18,-0.00959815900589438));
#7489=CARTESIAN_POINT('',(0.0297048395063376,2.21252854065882E-18,-0.00960019119527989));
#7490=CARTESIAN_POINT('',(0.0297153482573409,-2.64620940965302E-18,-0.00960386353051155));
#7491=CARTESIAN_POINT('',(0.0297207042224749,8.39999226710225E-19,-0.00960535204692373));
#7492=CARTESIAN_POINT('',(0.0297316291542178,-1.27368009570443E-18,-0.00960748929270326));
#7493=CARTESIAN_POINT('',(0.0297372067747562,2.94943160932338E-19,-0.00960825466200162));
#7494=CARTESIAN_POINT('',(0.0297455983346746,-4.72732232212051E-19,-0.0096089393957707));
#7495=CARTESIAN_POINT('',(0.0297483862072606,1.17017772169919E-18,-0.00960909477809533));
#7496=CARTESIAN_POINT('',(0.0297525613744059,-9.10349512592751E-19,-0.0096091780752196));
#7497=CARTESIAN_POINT('',(0.0297539511727906,-1.63136306997423E-18,-0.00960917701917719));
#7498=CARTESIAN_POINT('',(0.0297567261045877,1.19768220098512E-18,-0.0096091048899194));
#7499=CARTESIAN_POINT('',(0.0297581099040332,-1.4165234335505E-19,-0.00960901397330258));
#7500=CARTESIAN_POINT('',(0.0297622558122041,-3.67216616780931E-19,-0.00960865815707846));
#7501=CARTESIAN_POINT('',(0.0297650145694925,-2.8786008004799E-18,-0.00960834371121093));
#7502=CARTESIAN_POINT('',(0.0297705234249392,-2.75925049644461E-18,-0.00960758448382049));
#7503=CARTESIAN_POINT('',(0.0297732750058223,1.43847734264972E-18,-0.00960714140879432));
#7504=CARTESIAN_POINT('',(0.029778764515229,-1.87215821164094E-18,-0.00960613358921948));
#7505=CARTESIAN_POINT('',(0.0297815175589035,1.2718465104237E-18,-0.00960557064792628));
#7506=CARTESIAN_POINT('',(0.0297855923717345,-9.61183906958842E-19,-0.00960460653361135));
#7507=CARTESIAN_POINT('',(0.0297869440054772,6.75833554177406E-19,-0.00960426950714994));
#7508=CARTESIAN_POINT('',(0.0297889557579552,-6.63177428832748E-19,-0.00960372617387757));
#7509=CARTESIAN_POINT('',(0.0297896236131862,-2.16840434497101E-19,-0.00960353854391869));
#7510=CARTESIAN_POINT('',(0.0297909450672301,-2.16840434497101E-19,-0.00960312911607708));
#7511=CARTESIAN_POINT('',(0.0297915975730788,-2.78518121912928E-19,-0.00960290473429146));
#7512=CARTESIAN_POINT('',(0.0297935464287937,-9.34850596650015E-20,-0.00960221078068196));
#7513=CARTESIAN_POINT('',(0.0297948354852331,3.56659175196492E-18,-0.00960172380171408));
#7514=CARTESIAN_POINT('',(0.0297973967128324,1.20389780697129E-18,-0.00960070937563219));
#7515=CARTESIAN_POINT('',(0.0297986692121565,7.33863945755602E-19,-0.0096001827321797));
#7516=CARTESIAN_POINT('',(0.0298024675464794,-2.11824919499908E-18,-0.0095985569120062));
#7517=CARTESIAN_POINT('',(0.0298049731347395,-3.34348910997313E-19,-0.00959740925431126));
#7518=CARTESIAN_POINT('',(0.0298099370445662,-9.93319579968881E-20,-0.00959500075473993));
#7519=CARTESIAN_POINT('',(0.0298123976380392,-1.0493458073833E-18,-0.0095937403975268));
#7520=CARTESIAN_POINT('',(0.0298172542467204,6.15664938390592E-19,-0.00959108487064571));
#7521=CARTESIAN_POINT('',(0.0298196725469984,-1.17447478146343E-18,-0.00958969303380668));
#7522=CARTESIAN_POINT('',(0.0298243252893065,7.40793912467509E-19,-0.00958664313775015));
#7523=CARTESIAN_POINT('',(0.0298265630457713,-4.28881764738831E-18,-0.00958502983549027));
#7524=CARTESIAN_POINT('',(0.0298309273733454,-1.34903364953631E-18,-0.00958166866920632));
#7525=CARTESIAN_POINT('',(0.0298330507791999,-6.74917766997615E-19,-0.00957992253328124));
#7526=CARTESIAN_POINT('',(0.0298392742829796,8.50556987240507E-18,-0.00957452041980205));
#7527=CARTESIAN_POINT('',(0.0298432468220316,2.31206678928944E-19,-0.00957072038050709));
#7528=CARTESIAN_POINT('',(0.0298507326247939,-6.64887547923145E-19,-0.00956261493062382));
#7529=CARTESIAN_POINT('',(0.0298541741442961,-2.80055369849315E-18,-0.00955820217010667));
#7530=CARTESIAN_POINT('',(0.029859051587505,1.07501619750208E-18,-0.00955149827416392));
#7531=CARTESIAN_POINT('',(0.0298606347582754,8.94517227927645E-19,-0.00954923396444293));
#7532=CARTESIAN_POINT('',(0.0298636647041558,-1.32819809691985E-18,-0.009544629943891));
#7533=CARTESIAN_POINT('',(0.0298650991021168,1.26005047544649E-18,-0.00954228064455519));
#7534=CARTESIAN_POINT('',(0.0298678276093212,-1.69373134444069E-18,-0.00953749970996442));
#7535=CARTESIAN_POINT('',(0.0298691421097886,-4.08094460684562E-18,-0.0095350800426208));
#7536=CARTESIAN_POINT('',(0.0298716898588035,-1.55690669007673E-18,-0.00953019302082895));
#7537=CARTESIAN_POINT('',(0.0298729104729443,-7.95173690631705E-19,-0.0095277182516034));
#7538=CARTESIAN_POINT('',(0.029875250733495,3.61492821637503E-19,-0.00952270945485774));
#7539=CARTESIAN_POINT('',(0.0298763751753572,-2.0634087544707E-18,-0.00952017868056945));
#7540=CARTESIAN_POINT('',(0.0298785714363372,-3.57444254245256E-18,-0.00951508449337723));
#7541=CARTESIAN_POINT('',(0.0298796451428751,-4.50877782572115E-18,-0.00951252928334408));
#7542=CARTESIAN_POINT('',(0.0298817381397273,4.07509695672694E-18,-0.00950740678302461));
#7543=CARTESIAN_POINT('',(0.0298827517251378,-2.6532367968948E-18,-0.00950483702443053));
#7544=CARTESIAN_POINT('',(0.0298842084479884,1.00135774670394E-18,-0.00950096609189516));
#7545=CARTESIAN_POINT('',(0.0298846771094171,1.24151855379613E-18,-0.00949967148551136));
#7546=CARTESIAN_POINT('',(0.0298855117534407,-1.67519942279033E-18,-0.00949705596066546));
#7547=CARTESIAN_POINT('',(0.029885891875485,-5.35847292983481E-19,-0.00949573868817051));
#7548=CARTESIAN_POINT('',(0.0298870056600754,4.21173282475659E-19,-0.00949178002495281));
#7549=CARTESIAN_POINT('',(0.029887722472529,-1.52969375989296E-18,-0.00948913436306215));
#7550=CARTESIAN_POINT('',(0.0298891263881652,1.0960128908964E-18,-0.00948383541039113));
#7551=CARTESIAN_POINT('',(0.0298898140254408,5.66058348871766E-19,-0.00948118226988191));
#7552=CARTESIAN_POINT('',(0.0298918380538151,-1.78263800123624E-18,-0.00947321289569883));
#7553=CARTESIAN_POINT('',(0.029893120136714,2.86430806302831E-19,-0.00946788276781981));
#7554=CARTESIAN_POINT('',(0.0298967231344206,-1.22338291609651E-18,-0.00945183012906623));
#7555=CARTESIAN_POINT('',(0.0298987203544351,-4.34673990120308E-19,-0.00944102853711809));
#7556=CARTESIAN_POINT('',(0.029903898175915,8.02508231864621E-18,-0.00940839301807624));
#7557=CARTESIAN_POINT('',(0.0299062631466654,-1.87215911348778E-18,-0.00938657945852918));
#7558=CARTESIAN_POINT('',(0.029910054053575,1.43847824449395E-18,-0.00934298927605797));
#7559=CARTESIAN_POINT('',(0.0299113569487879,8.09598942074505E-20,-0.00932118550238699));
#7560=CARTESIAN_POINT('',(0.0299143199443866,-8.1244109190607E-19,-0.00925577189463071));
#7561=CARTESIAN_POINT('',(0.0299148954666284,4.54854292339615E-19,-0.00921214757126945));
#7562=CARTESIAN_POINT('',(0.0299149788115893,-1.56022988817068E-18,-0.00908126359271135));
#7563=CARTESIAN_POINT('',(0.0299121014700605,3.37987675514881E-18,-0.00899398864291628));
#7564=CARTESIAN_POINT('',(0.0299044691971935,-3.81355762414281E-18,-0.00881938268900435));
#7565=CARTESIAN_POINT('',(0.0298993999088095,-1.04418873099661E-18,-0.00873214506466334));
#7566=CARTESIAN_POINT('',(0.0298823839142179,1.43785615850196E-18,-0.00847076016114033));
#7567=CARTESIAN_POINT('',(0.0298682013299503,-2.0684968251031E-18,-0.00829676153216454));
#7568=CARTESIAN_POINT('',(0.0298374928832313,1.63481595610885E-18,-0.00794905638891683));
#7569=CARTESIAN_POINT('',(0.0298207549410789,9.33233985673187E-19,-0.00777535071818745));
#7570=CARTESIAN_POINT('',(0.0297683569471857,-1.03232449167334E-17,-0.00725446552086938));
#7571=CARTESIAN_POINT('',(0.0297301569595323,-1.47929679276892E-18,-0.00690755567414892));
#7572=CARTESIAN_POINT('',(0.0296510866952701,-4.1585545041557E-18,-0.00621401941734862));
#7573=CARTESIAN_POINT('',(0.0296099657749434,8.29692574057327E-19,-0.0058674285313708));
#7574=CARTESIAN_POINT('',(0.0294849849876699,-2.30990645160597E-18,-0.00482777424141885));
#7575=CARTESIAN_POINT('',(0.0293983872775526,-2.7887660634729E-18,-0.00413518239298579));
#7576=CARTESIAN_POINT('',(0.0292754070648464,1.06912237999079E-18,-0.00309481889597065));
#7577=CARTESIAN_POINT('',(0.0292354367956938,9.50508794870722E-19,-0.00274777856371439));
#7578=CARTESIAN_POINT('',(0.0291407785019669,-1.38418966386494E-18,-0.00205720991202223));
#7579=CARTESIAN_POINT('',(0.0290829604537705,-1.87617561153322E-19,-0.00171442283236565));
#7580=CARTESIAN_POINT('',(0.028863543871173,-2.75286181184657E-19,-0.000696998277249253));
#7581=CARTESIAN_POINT('',(0.0286819291185356,-2.00635917387285E-18,-2.7128883615459E-5));
#7582=CARTESIAN_POINT('',(0.0283045046906803,1.57267830487866E-18,0.00130923491274365));
#7583=CARTESIAN_POINT('',(0.0281036817481593,-1.34035407893012E-18,0.0019745660251075));
#7584=CARTESIAN_POINT('',(0.0276878828259312,9.06673209935922E-19,0.00330172981051338));
#7585=CARTESIAN_POINT('',(0.0274719394194054,-4.68065549524792E-19,0.00396367024726156));
#7586=CARTESIAN_POINT('',(0.0267989457901258,2.85609795558284E-19,0.00594180469306844));
#7587=CARTESIAN_POINT('',(0.0263216297131842,1.82869111786837E-18,0.00725119287175026));
#7588=CARTESIAN_POINT('',(0.0252383525183953,-2.26237198686257E-18,0.00980570136221474));
#7589=CARTESIAN_POINT('',(0.0245980272049392,5.50834886564524E-19,0.011065505978131));
#7590=CARTESIAN_POINT('',(0.0230460108392484,-9.84515755558721E-19,0.0133474864682521));
#7591=CARTESIAN_POINT('',(0.0221270548959582,6.12717821822176E-19,0.0143671160309558));
#7592=CARTESIAN_POINT('',(0.0206420006771589,-6.31619562656739E-19,0.0158078452393209));
#7593=CARTESIAN_POINT('',(0.020131118357427,1.9285180700974E-18,0.0162751529381933));
#7594=CARTESIAN_POINT('',(0.0190920552722288,-2.3621989390916E-18,0.0171929312484028));
#7595=CARTESIAN_POINT('',(0.0185630495432909,-7.54534128513035E-19,0.0176406626463408));
#7596=CARTESIAN_POINT('',(0.0177716468317476,5.20064125108622E-20,0.018314981727059));
#7597=CARTESIAN_POINT('',(0.0175055228355131,-1.21147466168459E-18,0.0185371131888612));
#7598=CARTESIAN_POINT('',(0.0169814267747053,5.98196422062092E-18,0.0189906240393578));
#7599=CARTESIAN_POINT('',(0.0167224724699544,-1.13709332056697E-18,0.0192189003820679));
#7600=CARTESIAN_POINT('',(0.0163639673007079,2.43286008537822E-19,0.0196011811835014));
#7601=CARTESIAN_POINT('',(0.0162523759819027,1.33356233873178E-18,0.0197348480715803));
#7602=CARTESIAN_POINT('',(0.0160565558488385,3.43692722020449E-18,0.0200122314567434));
#7603=CARTESIAN_POINT('',(0.0159713781220483,1.33126019297063E-18,0.0201570819383946));
#7604=CARTESIAN_POINT('',(0.01582895223514,-1.76494106196474E-18,0.020459084398989));
#7605=CARTESIAN_POINT('',(0.0157694340898526,-1.63820025748663E-18,0.0206153949523632));
#7606=CARTESIAN_POINT('',(0.0156604362379266,-3.999651039438E-18,0.0209325735033068));
#7607=CARTESIAN_POINT('',(0.0156109891830081,-2.35785536667081E-18,0.0210935357985896));
#7608=CARTESIAN_POINT('',(0.0154598924518771,-3.7410662120453E-18,0.0215746945932725));
#7609=CARTESIAN_POINT('',(0.0153577675929684,-1.6358994038996E-18,0.0218965294979588));
#7610=CARTESIAN_POINT('',(0.0150740757863756,1.20221853490544E-18,0.0224950560008878));
#7611=CARTESIAN_POINT('',(0.0148901423242657,-1.67519891867086E-18,0.0227710449776678));
#7612=CARTESIAN_POINT('',(0.0144475071693755,1.24151804967666E-18,0.0232745898987906));
#7613=CARTESIAN_POINT('',(0.0141998994616079,-9.21406067048292E-19,0.0234927684991311));
#7614=CARTESIAN_POINT('',(0.0137887520673861,1.35442381778485E-19,0.0237717645511135));
#7615=CARTESIAN_POINT('',(0.0136437088557271,7.21117945912166E-20,0.0238583649931285));
#7616=CARTESIAN_POINT('',(0.0134196992001953,-3.61316549041268E-19,0.0239675233755727));
#7617=CARTESIAN_POINT('',(0.0133442028999458,-1.31116927707959E-17,0.0240008068238446));
#7618=CARTESIAN_POINT('',(0.0132291382205989,2.32745791270391E-18,0.0240448477781244));
#7619=CARTESIAN_POINT('',(0.0131904481856178,-4.63475853401375E-18,0.024058400240193));
#7620=CARTESIAN_POINT('',(0.0131122809277955,4.20107766501954E-18,0.0240828561276241));
#7621=CARTESIAN_POINT('',(0.0130727810994504,-4.86856060098455E-18,0.0240936832778621));
#7622=CARTESIAN_POINT('',(0.0130129244908086,2.10901964874715E-18,0.0241078823232213));
#7623=CARTESIAN_POINT('',(0.0129928585679784,-4.32890216562274E-18,0.0241122324260507));
#7624=CARTESIAN_POINT('',(0.0129525083722274,3.89522129662854E-18,0.0241201981481686));
#7625=CARTESIAN_POINT('',(0.012932312651182,1.89834916249988E-19,0.0241241115126326));
#7626=CARTESIAN_POINT('',(0.0128717736341822,-1.03019113599109E-18,0.024136013912953));
#7627=CARTESIAN_POINT('',(0.0128313715025801,-9.84518382343933E-19,0.0241438040487114));
#7628=CARTESIAN_POINT('',(0.0127103438991452,1.31851546119674E-18,0.0241677804224442));
#7629=CARTESIAN_POINT('',(0.0126295569537725,-2.16840434497101E-19,0.0241834190984662));
#7630=CARTESIAN_POINT('',(0.0124680849394432,-2.16840434497101E-19,0.0242150420236434));
#7631=CARTESIAN_POINT('',(0.0123873489322785,-2.16840434497101E-19,0.0242308534862319));
#7632=CARTESIAN_POINT('',(0.0122258769179493,-2.16840434497101E-19,0.0242624764114092));
#7633=CARTESIAN_POINT('',(0.0121451409107846,-2.16840434497101E-19,0.0242782878739977));
#7634=CARTESIAN_POINT('',(0.0119230504216839,-2.16840434497101E-19,0.0243217824135844));
#7635=CARTESIAN_POINT('',(0.0117816959397475,-2.16840434497101E-19,0.0243494654905827));
#7636=CARTESIAN_POINT('',(0.0116403414578112,-2.16840434497101E-19,0.0243771485675808));
#7637=CARTESIAN_POINT('',(0.0119758539728932,-2.16840434497101E-19,0.0243114412857059));
#7638=CARTESIAN_POINT('',(0.0120889239765226,-0.000158331122941422,0.0244506363468521));
#7639=CARTESIAN_POINT('',(0.0123146583725769,-0.000474993368824266,0.0247291421918487));
#7640=CARTESIAN_POINT('',(0.0126556936338855,-0.000949986737648531,0.0251462066231184));
#7641=CARTESIAN_POINT('',(0.0129327914888974,-0.00134581454500209,0.0254957854631662));
#7642=CARTESIAN_POINT('',(0.0131355711415882,-0.00162289401014957,0.0257379146574425));
#7643=CARTESIAN_POINT('',(0.0132529653190486,-0.001781225133091,0.0258764123850422));
#7644=CARTESIAN_POINT('',(0.0132932066385555,-0.00186039069456171,0.0259492256928349));
#7645=CARTESIAN_POINT('',(0.0133337164314328,-0.00189997347529706,0.0259815841782641));
#7646=CARTESIAN_POINT('',(-0.013676956370592,-0.0019,0.0196094896875519));
#7647=CARTESIAN_POINT('',(-0.0137436655961845,-0.0019,0.0194293825628003));
#7648=CARTESIAN_POINT('',(-0.0138103748217769,-0.0019,0.0192492754380487));
#7649=CARTESIAN_POINT('',(-0.0139697440547796,-0.0019,0.0188189971058532));
#7650=CARTESIAN_POINT('',(-0.0140624040621898,-0.0019,0.0185688258984094));
#7651=CARTESIAN_POINT('',(-0.0142477240770102,-0.0019,0.0180684834835216));
#7652=CARTESIAN_POINT('',(-0.0143372930454297,-0.0019,0.0178257577101054));
#7653=CARTESIAN_POINT('',(-0.0145287951382315,-0.0019,0.0173105244271623));
#7654=CARTESIAN_POINT('',(-0.0146312202670006,-0.0019,0.0170191040254955));
#7655=CARTESIAN_POINT('',(-0.0148112607792854,-0.0019,0.016467097885605));
#7656=CARTESIAN_POINT('',(-0.0148965209189255,-0.0019,0.0161873462167537));
#7657=CARTESIAN_POINT('',(-0.0151334485481131,-0.0019,0.0153553887467651));
#7658=CARTESIAN_POINT('',(-0.0152718614562257,-0.0019,0.0147932497980138));
#7659=CARTESIAN_POINT('',(-0.0156296506710697,-0.0019,0.013119400164758));
#7660=CARTESIAN_POINT('',(-0.0158037529954927,-0.0019,0.0120196239995782));
#7661=CARTESIAN_POINT('',(-0.0160978208755627,-0.0019,0.00983491742024538));
#7662=CARTESIAN_POINT('',(-0.0162155994231804,-0.0019,0.00874547062875174));
#7663=CARTESIAN_POINT('',(-0.0164096922186474,-0.0019,0.00656325627735645));
#7664=CARTESIAN_POINT('',(-0.016485247102884,-0.0019,0.00547250625428082));
#7665=CARTESIAN_POINT('',(-0.0165915001039231,-0.0019,0.0032831620134984));
#7666=CARTESIAN_POINT('',(-0.0166243560807065,-0.0019,0.00218613761219161));
#7667=CARTESIAN_POINT('',(-0.0166190494685913,-0.0019,0.000517976340615835));
#7668=CARTESIAN_POINT('',(-0.0166097822382951,-0.0019,-3.96080287593473E-5));
#7669=CARTESIAN_POINT('',(-0.0165728703280501,-0.0019,-0.000889129231520626));
#7670=CARTESIAN_POINT('',(-0.0165571511366211,-0.0019,-0.00117379897612223));
#7671=CARTESIAN_POINT('',(-0.0165145459777379,-0.0019,-0.00175263010197219));
#7672=CARTESIAN_POINT('',(-0.0164870658270483,-0.0019,-0.00204969201226478));
#7673=CARTESIAN_POINT('',(-0.0164347171066601,-0.0019,-0.00249560894051785));
#7674=CARTESIAN_POINT('',(-0.0164130471885636,-0.0019,-0.00265473094453827));
#7675=CARTESIAN_POINT('',(-0.0163774291396767,-0.0019,-0.0028879764378033));
#7676=CARTESIAN_POINT('',(-0.0163644131756169,-0.0019,-0.00296673641531082));
#7677=CARTESIAN_POINT('',(-0.0163351117778413,-0.0019,-0.00313294768171181));
#7678=CARTESIAN_POINT('',(-0.0163212314085917,-0.0019,-0.00320604070177793));
#7679=CARTESIAN_POINT('',(-0.0162592140293953,-0.0019,-0.00352818557528919));
#7680=CARTESIAN_POINT('',(-0.0162091036134074,-0.0019,-0.00379809872414386));
#7681=CARTESIAN_POINT('',(-0.0161233433130997,-0.0019,-0.00425184587304282));
#7682=CARTESIAN_POINT('',(-0.0160874451724646,-0.0019,-0.00444177849810993));
#7683=CARTESIAN_POINT('',(-0.0160515470318294,-0.0019,-0.00463171112317705));
#7684=CARTESIAN_POINT('',(-0.0118952430145153,-2.16840434497101E-19,0.0189495673309236));
#7685=CARTESIAN_POINT('',(-0.0119619522401078,-2.16840434497101E-19,0.018769460206172));
#7686=CARTESIAN_POINT('',(-0.0120286614657002,-2.16840434497101E-19,0.0185893530814204));
#7687=CARTESIAN_POINT('',(-0.0121880306987029,-2.16840434497101E-19,0.018159074749225));
#7688=CARTESIAN_POINT('',(-0.0122806907061131,-2.16840434497101E-19,0.0179089035417811));
#7689=CARTESIAN_POINT('',(-0.0124660107209335,-2.16840434497101E-19,0.0174085611268933));
#7690=CARTESIAN_POINT('',(-0.0125583987752664,-2.16840434497101E-19,0.017158308433672));
#7691=CARTESIAN_POINT('',(-0.0127442626962413,-2.16840434497101E-19,0.0166581289903391));
#7692=CARTESIAN_POINT('',(-0.0128324262517354,2.15366975031699E-19,0.0164066080692217));
#7693=CARTESIAN_POINT('',(-0.0129976955519418,-6.49047844025897E-19,0.0159002462670144));
#7694=CARTESIAN_POINT('',(-0.0130752430663275,5.68268449296307E-19,0.0156455381700881));
#7695=CARTESIAN_POINT('',(-0.0132941229679986,-9.59331384397958E-18,0.0148772822098687));
#7696=CARTESIAN_POINT('',(-0.0134215173877443,7.41814469727597E-19,0.0143597583212287));
#7697=CARTESIAN_POINT('',(-0.013756903426356,-2.1341502429465E-18,0.0127918882266363));
#7698=CARTESIAN_POINT('',(-0.0139252049068184,-2.7441937649165E-18,0.011733399439331));
#7699=CARTESIAN_POINT('',(-0.0142102041050625,2.3105128959223E-18,0.00961517532791581));
#7700=CARTESIAN_POINT('',(-0.0143253299594407,-3.81355756977666E-18,0.00855178917677149));
#7701=CARTESIAN_POINT('',(-0.014514894564989,3.37987670078245E-18,0.00642038622244322));
#7702=CARTESIAN_POINT('',(-0.0145887739676888,5.94667954072197E-19,0.00535343900406953));
#7703=CARTESIAN_POINT('',(-0.0146924547320378,-1.0283488230664E-18,0.00321773194012699));
#7704=CARTESIAN_POINT('',(-0.014723912076007,1.05245399202154E-18,0.00214742115673097));
#7705=CARTESIAN_POINT('',(-0.0147192785566283,-8.5148764775642E-19,0.000543689752618294));
#7706=CARTESIAN_POINT('',(-0.0147100748938834,-6.69771835970802E-18,9.54839064755604E-6));
#7707=CARTESIAN_POINT('',(-0.0146753755519869,-8.79529292839441E-19,-0.000790797660736638));
#7708=CARTESIAN_POINT('',(-0.0146605670808143,-2.04257313025466E-18,-0.00105743446658255));
#7709=CARTESIAN_POINT('',(-0.0146213651930239,1.60889226126046E-18,-0.00159027888975869));
#7710=CARTESIAN_POINT('',(-0.014596998747824,-4.01443984795243E-18,-0.00185652341117836));
#7711=CARTESIAN_POINT('',(-0.0145497320860011,1.68195927223057E-18,-0.00225530312763988));
#7712=CARTESIAN_POINT('',(-0.0145318130277586,-1.21845603392665E-18,-0.00238814594598643));
#7713=CARTESIAN_POINT('',(-0.0145012820854044,2.83967365217672E-19,-0.00258728759000407));
#7714=CARTESIAN_POINT('',(-0.0144903084432235,1.33356220366349E-18,-0.00265352418261169));
#7715=CARTESIAN_POINT('',(-0.0144670445017102,3.43692735527273E-18,-0.00278574439474485));
#7716=CARTESIAN_POINT('',(-0.0144545229645068,-7.08590569548182E-19,-0.00285169274351185));
#7717=CARTESIAN_POINT('',(-0.0143913159017982,1.75016010570722E-18,-0.0031812700990606));
#7718=CARTESIAN_POINT('',(-0.01434215723262,-2.16840434497101E-19,-0.00344523726228527));
#7719=CARTESIAN_POINT('',(-0.0142563969323124,-2.16840434497101E-19,-0.00389898441118423));
#7720=CARTESIAN_POINT('',(-0.0142204987916772,-2.16840434497101E-19,-0.00408891703625135));
#7721=CARTESIAN_POINT('',(-0.014184600651042,-2.16840434497101E-19,-0.00427884966131846));
#7722=CARTESIAN_POINT('',(-0.0144500331796017,-0.00189935902044518,0.0175204150567875));
#7723=CARTESIAN_POINT('',(-0.0140273260009604,-0.00158279918370431,0.0177516068783791));
#7724=CARTESIAN_POINT('',(-0.0131988132467758,-0.000949679510222589,0.0181636595368285));
#7725=CARTESIAN_POINT('',(-0.012361368751195,-0.000316559836740863,0.0186024980756616));
#7726=CARTESIAN_POINT('',(-0.0119437629710792,-2.16840434497101E-19,0.0188185691100302));
#7727=CARTESIAN_POINT('',(0.0137669634415025,-0.0019,0.0249541859783509));
#7728=CARTESIAN_POINT('',(0.013712092404459,-0.0019,0.0250841461499219));
#7729=CARTESIAN_POINT('',(0.0136571311213916,-0.0019,0.0252145435819082));
#7730=CARTESIAN_POINT('',(0.0135253257257045,-0.0019,0.0255284146718524));
#7731=CARTESIAN_POINT('',(0.0134497145065315,-0.0019,0.0257077151730019));
#7732=CARTESIAN_POINT('',(0.01329661643287,-0.0019,0.0260682021565894));
#7733=CARTESIAN_POINT('',(0.0132493089784161,-0.0019,0.0261871230100709));
#7734=CARTESIAN_POINT('',(0.0131346218377284,-0.0019,0.0265020539980513));
#7735=CARTESIAN_POINT('',(0.0130839529790528,-0.0019,0.026654859820831));
#7736=CARTESIAN_POINT('',(0.0129860324965378,-0.0019,0.0269728261022372));
#7737=CARTESIAN_POINT('',(0.0129403880917395,-0.0019,0.0271352566953524));
#7738=CARTESIAN_POINT('',(0.0128056848184825,-0.0019,0.0276482764366132));
#7739=CARTESIAN_POINT('',(0.0127221954077535,-0.0019,0.0280251545065818));
#7740=CARTESIAN_POINT('',(0.0125002150085612,-0.0019,0.0288787453602308));
#7741=CARTESIAN_POINT('',(0.0123721318470847,-0.0019,0.0293537921448391));
#7742=CARTESIAN_POINT('',(0.0118550808865891,-0.0019,0.0304558872289756));
#7743=CARTESIAN_POINT('',(0.0115176523455118,-0.0019,0.0309025262744706));
#7744=CARTESIAN_POINT('',(0.0110202891357909,-0.0019,0.0315520022708812));
#7745=CARTESIAN_POINT('',(0.0108438525193919,-0.0019,0.0317864111724123));
#7746=CARTESIAN_POINT('',(0.0105467234285084,-0.0019,0.0322746520243022));
#7747=CARTESIAN_POINT('',(0.0103877071693083,-0.0019,0.032577889184914));
#7748=CARTESIAN_POINT('',(0.0100830118433487,-0.0019,0.0332093873661817));
#7749=CARTESIAN_POINT('',(0.00993167320671955,-0.0019,0.0335456628606099));
#7750=CARTESIAN_POINT('',(0.00962798215636492,-0.0019,0.0342368428920827));
#7751=CARTESIAN_POINT('',(0.00947537782590746,-0.0019,0.0345919797887681));
#7752=CARTESIAN_POINT('',(0.00899862135032406,-0.0019,0.0356842057296665));
#7753=CARTESIAN_POINT('',(0.00864543405319924,-0.0019,0.0364492219911686));
#7754=CARTESIAN_POINT('',(0.00805189122166614,-0.0019,0.0375583101624901));
#7755=CARTESIAN_POINT('',(0.00783591096388119,-0.0019,0.0379343986490673));
#7756=CARTESIAN_POINT('',(0.00734549701706888,-0.0019,0.0386984871296418));
#7757=CARTESIAN_POINT('',(0.00705861101417484,-0.0019,0.0390872162958871));
#7758=CARTESIAN_POINT('',(0.00648229033517095,-0.0019,0.0397763632697917));
#7759=CARTESIAN_POINT('',(0.00623550475810551,-0.0019,0.0400526623763948));
#7760=CARTESIAN_POINT('',(0.00588723431757834,-0.0019,0.0404540369901084));
#7761=CARTESIAN_POINT('',(0.00579548625067554,-0.0019,0.0405594900950464));
#7762=CARTESIAN_POINT('',(0.00570384656880236,-0.0019,0.0406646868632992));
#7763=CARTESIAN_POINT('',(0.0120158231413119,9.57199460996272E-21,0.024216795922172));
#7764=CARTESIAN_POINT('',(0.0119609235164726,1.89355616739354E-20,0.0243468172782458));
#7765=CARTESIAN_POINT('',(0.0119061198670717,-3.26953306162616E-20,0.0244768773376842));
#7766=CARTESIAN_POINT('',(0.0117756579455966,-4.7273313367443E-19,0.0247878730817214));
#7767=CARTESIAN_POINT('',(0.011699500301272,-1.67520378582309E-18,0.0249686052234545));
#7768=CARTESIAN_POINT('',(0.0115459325519671,1.24152291682888E-18,0.0253295730932172));
#7769=CARTESIAN_POINT('',(0.0114729058857459,-9.93319296731858E-20,0.0255115607769711));
#7770=CARTESIAN_POINT('',(0.0113392588155124,-3.34348939321016E-19,0.0258805091343581));
#7771=CARTESIAN_POINT('',(0.0112770026910905,-2.2300709709063E-18,0.0260668109423889));
#7772=CARTESIAN_POINT('',(0.0111611611189241,1.7963901019121E-18,0.0264428985097938));
#7773=CARTESIAN_POINT('',(0.0111078575503809,-1.28157712730973E-18,0.0266327730196301));
#7774=CARTESIAN_POINT('',(0.010957450908144,9.71888859302376E-18,0.0272063235001541));
#7775=CARTESIAN_POINT('',(0.010870086316705,3.85513774820386E-18,0.0275949946776062));
#7776=CARTESIAN_POINT('',(0.0106723935481856,9.1535181073236E-19,0.0283612179324092));
#7777=CARTESIAN_POINT('',(0.0105622015817276,1.60889425623232E-18,0.0287388957262881));
#7778=CARTESIAN_POINT('',(0.0102319505008448,-2.04257512522653E-18,0.0294416444374343));
#7779=CARTESIAN_POINT('',(0.00999921911571855,-2.16840434497101E-19,0.0297606449971734));
#7780=CARTESIAN_POINT('',(0.0095164922739878,-2.16840434497101E-19,0.0303903807212972));
#7781=CARTESIAN_POINT('',(0.0092768156854504,-2.15370533853407E-18,0.0307060558402964));
#7782=CARTESIAN_POINT('',(0.00887163846681338,1.72002446953986E-18,0.0313729260608454));
#7783=CARTESIAN_POINT('',(0.00869324875026141,2.21952683835757E-18,0.0317179578526506));
#7784=CARTESIAN_POINT('',(0.00835546675740524,-2.65320770735177E-18,0.032417080213288));
#7785=CARTESIAN_POINT('',(0.00819653432507166,3.20969198785889E-18,0.0327714812207228));
#7786=CARTESIAN_POINT('',(0.00788409562914769,-3.64337285685311E-18,0.0334825016487682));
#7787=CARTESIAN_POINT('',(0.00773087851104089,1.81935933245058E-18,0.0338392712852185));
#7788=CARTESIAN_POINT('',(0.00726460776696089,-4.28923996839245E-18,0.0349070488777535));
#7789=CARTESIAN_POINT('',(0.00693942799401301,-9.25651643143827E-19,0.0356115843016575));
#7790=CARTESIAN_POINT('',(0.00639323802966012,1.37565169826262E-19,0.0366302500132368));
#7791=CARTESIAN_POINT('',(0.00620154101622187,2.01478453587452E-18,0.036963772170683));
#7792=CARTESIAN_POINT('',(0.00578588746392904,2.7557050230617E-18,0.0376103530710829));
#7793=CARTESIAN_POINT('',(0.00555714384992231,-4.61790593460643E-18,0.0379204139040879));
#7794=CARTESIAN_POINT('',(0.00506024030238406,-1.01994536231819E-18,0.0385156057347066));
#7795=CARTESIAN_POINT('',(0.00480131329518824,-5.12395400710477E-18,0.0388065758094808));
#7796=CARTESIAN_POINT('',(0.00445500862889386,1.54438309813386E-18,0.0392054928302529));
#7797=CARTESIAN_POINT('',(0.00436340443010624,1.64579643633778E-18,0.0393107658036042));
#7798=CARTESIAN_POINT('',(0.00427173600309209,1.19394640537595E-18,0.0394159981818882));
#7799=CARTESIAN_POINT('',(0.00490946077291265,-1.08309851307088E-7,0.0386843094957763));
#7800=CARTESIAN_POINT('',(0.00519680374109589,-0.000633354353550262,0.0393184950742996));
#7801=CARTESIAN_POINT('',(0.00548381127888242,-0.00126660039724922,0.0399527734367682));
#7802=CARTESIAN_POINT('',(0.00577095907777151,-0.00189984644094817,0.0405873861097153));
#7803=CARTESIAN_POINT('',(-0.0305569957860922,-0.0019,0.0256858893315004));
#7804=CARTESIAN_POINT('',(-0.0304603902281707,-0.0019,0.0255598330411864));
#7805=CARTESIAN_POINT('',(-0.0303635833977884,-0.0019,0.0254336411921481));
#7806=CARTESIAN_POINT('',(-0.0299956957197973,-0.0019,0.0249551245270707));
#7807=CARTESIAN_POINT('',(-0.0297394019998592,-0.0019,0.0246135188717747));
#7808=CARTESIAN_POINT('',(-0.0291289404445035,-0.0019,0.0238442605427137));
#7809=CARTESIAN_POINT('',(-0.0287823637193277,-0.0019,0.0234453911356364));
#7810=CARTESIAN_POINT('',(-0.0280153161547847,-0.0019,0.022699028962541));
#7811=CARTESIAN_POINT('',(-0.0275983360818035,-0.0019,0.0223517428185226));
#7812=CARTESIAN_POINT('',(-0.0262953484275925,-0.0019,0.0214341102444965));
#7813=CARTESIAN_POINT('',(-0.0253614812943868,-0.0019,0.0209591536719918));
#7814=CARTESIAN_POINT('',(-0.0235763713098677,-0.0019,0.0202046049458498));
#7815=CARTESIAN_POINT('',(-0.0227014119803856,-0.0019,0.0198971978059142));
#7816=CARTESIAN_POINT('',(-0.0209599226333796,-0.0019,0.0193245783821855));
#7817=CARTESIAN_POINT('',(-0.0200923158077007,-0.0019,0.0190645938200278));
#7818=CARTESIAN_POINT('',(-0.0183597402369104,-0.0019,0.0185670153655212));
#7819=CARTESIAN_POINT('',(-0.0174944034396588,-0.0019,0.0183303881041071));
#7820=CARTESIAN_POINT('',(-0.0151855342856448,-0.0019,0.0177149439076653));
#7821=CARTESIAN_POINT('',(-0.0137595788145743,-0.0019,0.0173366522103332));
#7822=CARTESIAN_POINT('',(-0.0123234437705162,-0.0019,0.0169533952629465));
#7823=CARTESIAN_POINT('',(-0.0290484418332796,-3.33340695668457E-19,0.0268410407886624));
#7824=CARTESIAN_POINT('',(-0.0289518094041119,-5.34483851441555E-19,0.0267149513546904));
#7825=CARTESIAN_POINT('',(-0.0288551289265753,-6.18022707659692E-19,0.0265889135683702));
#7826=CARTESIAN_POINT('',(-0.0284889862133113,8.99675274836675E-19,0.0261125284849462));
#7827=CARTESIAN_POINT('',(-0.0282228073912449,-1.33335546109229E-18,0.0257586647166736));
#7828=CARTESIAN_POINT('',(-0.0276741861651649,8.99674592098087E-19,0.0250678877528079));
#7829=CARTESIAN_POINT('',(-0.0273858820886867,-2.09841494363174E-19,0.0247376257388627));
#7830=CARTESIAN_POINT('',(-0.0267606785928349,-2.23839374631028E-19,0.0241292136926792));
#7831=CARTESIAN_POINT('',(-0.0264251917154966,1.32734966936651E-18,0.0238501722288095));
#7832=CARTESIAN_POINT('',(-0.0253458792100657,-3.30522064222433E-18,0.0230878405838126));
#7833=CARTESIAN_POINT('',(-0.0245416876263169,8.99674312423116E-19,0.022675433878503));
#7834=CARTESIAN_POINT('',(-0.0229119449348979,-1.33335518141732E-18,0.0219864800909258));
#7835=CARTESIAN_POINT('',(-0.0220776901354472,8.99674499285679E-19,0.021692065888887));
#7836=CARTESIAN_POINT('',(-0.0203988415284477,-1.33335536827988E-18,0.0211402839336895));
#7837=CARTESIAN_POINT('',(-0.0195519748998624,5.4383355621976E-19,0.0208862057527306));
#7838=CARTESIAN_POINT('',(-0.0178514822660724,-9.77514425213962E-19,0.0203978601939093));
#7839=CARTESIAN_POINT('',(-0.0169975382357778,-5.89012433537259E-19,0.0201642514974204));
#7840=CARTESIAN_POINT('',(-0.0147056312707664,4.08408161118163E-19,0.0195534227487613));
#7841=CARTESIAN_POINT('',(-0.0132684403579765,-1.09022216062411E-18,0.0191720983994049));
#7842=CARTESIAN_POINT('',(-0.0118318182550555,-6.84084324705719E-19,0.0187886960843498));
#7843=CARTESIAN_POINT('',(-0.0304864651210503,-0.00189987072519694,0.0255940941512293));
#7844=CARTESIAN_POINT('',(-0.0297837284271201,-0.00126659526010172,0.0257183733378055));
#7845=CARTESIAN_POINT('',(-0.0290813201602496,-0.0006333197950065,0.0258425691096921));
#7846=CARTESIAN_POINT('',(-0.0283789257283276,-4.4329911282938E-8,0.0259670183443731));
#7847=CARTESIAN_POINT('',(-0.00698484224692918,8.27835321279966E-19,0.0344165462997285));
#7848=CARTESIAN_POINT('',(-0.00610574459140196,3.07384194976235E-18,0.0350221871753107));
#7849=CARTESIAN_POINT('',(-0.00523124686313809,6.87216701404891E-18,0.0356346678649218));
#7850=CARTESIAN_POINT('',(-0.00380779419898244,-2.84499200781769E-19,0.0365690328590935));
#7851=CARTESIAN_POINT('',(-0.00326876044354104,1.20037534850348E-18,0.0369026559399967));
#7852=CARTESIAN_POINT('',(-0.00215712433365144,-1.63405621749768E-18,0.0375057812514979));
#7853=CARTESIAN_POINT('',(-0.00158536499050183,1.95135702446315E-18,0.0377753096078738));
#7854=CARTESIAN_POINT('',(-0.000381339352554687,-2.38503789345734E-18,0.0382063004674743));
#7855=CARTESIAN_POINT('',(0.000230220055191151,-2.20023339425972E-18,0.0383525337727841));
#7856=CARTESIAN_POINT('',(0.00146248309237927,1.76655252526554E-18,0.0385517170652709));
#7857=CARTESIAN_POINT('',(0.00208379404175803,-2.61097295779273E-18,0.0386065786195715));
#7858=CARTESIAN_POINT('',(0.00375636365326599,1.07782137763984E-17,0.0386875654833757));
#7859=CARTESIAN_POINT('',(0.00481115724591941,4.40807366207184E-19,0.0386827905487222));
#7860=CARTESIAN_POINT('',(0.0058648461182011,-7.35499414456231E-19,0.0386879913433259));
#7861=CARTESIAN_POINT('',(-0.00806015041841779,-0.0019,0.0359830125674819));
#7862=CARTESIAN_POINT('',(-0.00718201301068192,-0.0019,0.0365882622316046));
#7863=CARTESIAN_POINT('',(-0.00631786727351843,-0.0019,0.0371947549090143));
#7864=CARTESIAN_POINT('',(-0.00482163627066057,-0.0019,0.0381759466350421));
#7865=CARTESIAN_POINT('',(-0.00423969313967871,-0.0019,0.0385375475464048));
#7866=CARTESIAN_POINT('',(-0.00299897602954266,-0.0019,0.0392106220816806));
#7867=CARTESIAN_POINT('',(-0.00234409238741756,-0.0019,0.0395216206051474));
#7868=CARTESIAN_POINT('',(-0.000900118227704801,-0.0019,0.0400388129814726));
#7869=CARTESIAN_POINT('',(-0.00016405666256294,-0.0019,0.0402137432664235));
#7870=CARTESIAN_POINT('',(0.00124983256913244,-0.0019,0.0404417259502561));
#7871=CARTESIAN_POINT('',(0.00194228821065957,-0.0019,0.040501981812442));
#7872=CARTESIAN_POINT('',(0.00374322956723208,-0.0019,0.0405891048102376));
#7873=CARTESIAN_POINT('',(0.00480073861175304,-0.0019,0.0405829310260379));
#7874=CARTESIAN_POINT('',(0.00585297480747898,-0.0019,0.0405879060781839));
#7875=CARTESIAN_POINT('',(-0.00580673369875349,3.89155962757893E-18,0.0352298051910273));
#7876=CARTESIAN_POINT('',(-0.00653581888867722,-0.000633333333333332,0.0354971396886797));
#7877=CARTESIAN_POINT('',(-0.00726386675430552,-0.00126666666666667,0.035762876779997));
#7878=CARTESIAN_POINT('',(-0.00799177277063878,-0.0019,0.0360301624408376));
#7879=CARTESIAN_POINT('',(-0.0287025152930384,-8.54424948081996E-19,0.0249330920484943));
#7880=CARTESIAN_POINT('',(-0.0285497373747701,-8.34642249292821E-19,0.0254216539607778));
#7881=CARTESIAN_POINT('',(-0.0283970157079511,-7.38682980412025E-20,0.0259102353262058));
#7882=CARTESIAN_POINT('',(-0.0280171863192108,-4.27176970749115E-19,0.0271166202269533));
#7883=CARTESIAN_POINT('',(-0.0277784394403085,-2.0431949996118E-18,0.0278336931643009));
#7884=CARTESIAN_POINT('',(-0.0271820936192959,1.60951413061759E-18,0.0292047652737101));
#7885=CARTESIAN_POINT('',(-0.0268158533377745,-2.76187557467121E-18,0.0298689175438064));
#7886=CARTESIAN_POINT('',(-0.0258953872241223,2.328194705677E-18,0.031065757694473));
#7887=CARTESIAN_POINT('',(-0.0253548002456537,-2.28996483846139E-19,0.0315851693019845));
#7888=CARTESIAN_POINT('',(-0.0241220982085885,-2.04684385148062E-19,0.0324658421094335));
#7889=CARTESIAN_POINT('',(-0.0234625079573864,-2.71104219446101E-18,0.0328137441010702));
#7890=CARTESIAN_POINT('',(-0.0220987553727194,2.27736132546681E-18,0.0334302191602655));
#7891=CARTESIAN_POINT('',(-0.0213909474848796,-2.16009090965949E-18,0.0336952881854291));
#7892=CARTESIAN_POINT('',(-0.0203186879870609,7.547848030841E-19,0.034037447488689));
#7893=CARTESIAN_POINT('',(-0.0199586475683516,9.73961253676057E-19,0.034142963762016));
#7894=CARTESIAN_POINT('',(-0.0194142909857421,-8.1224127858368E-19,0.0342853434364273));
#7895=CARTESIAN_POINT('',(-0.0192321357514838,-9.79356255271579E-19,0.0343302996317364));
#7896=CARTESIAN_POINT('',(-0.0188660100704062,5.45675386277368E-19,0.0344137479512127));
#7897=CARTESIAN_POINT('',(-0.0186820955598583,5.63848175475829E-19,0.034452476564031));
#7898=CARTESIAN_POINT('',(-0.0184042197135659,-6.07184739483561E-19,0.0345033206497464));
#7899=CARTESIAN_POINT('',(-0.018311182239068,-4.79853137850372E-19,0.034519152282494));
#7900=CARTESIAN_POINT('',(-0.0181247079233009,4.61722688561768E-20,0.0345472712199731));
#7901=CARTESIAN_POINT('',(-0.0180312474734755,9.91397624991668E-19,0.0345597072140122));
#7902=CARTESIAN_POINT('',(-0.0178906229108962,-8.20959464241485E-19,0.0345738404804931));
#7903=CARTESIAN_POINT('',(-0.0178436399448207,8.3484231500592E-19,0.0345778646836523));
#7904=CARTESIAN_POINT('',(-0.0177493884804941,-1.26852318400012E-18,0.0345834922724388));
#7905=CARTESIAN_POINT('',(-0.0177021840687273,1.86621999503673E-18,0.0345854082310363));
#7906=CARTESIAN_POINT('',(-0.0176315288530094,-1.25837064926401E-18,0.0345848488961369));
#7907=CARTESIAN_POINT('',(-0.0176079781673559,-2.36779329341227E-18,0.0345841320418215));
#7908=CARTESIAN_POINT('',(-0.0175609349441607,-3.27005800351235E-18,0.0345812176837371));
#7909=CARTESIAN_POINT('',(-0.0175373935534841,4.50920141940892E-18,0.0345789624389298));
#7910=CARTESIAN_POINT('',(-0.0175081020530686,1.85425561948301E-18,0.0345744471139976));
#7911=CARTESIAN_POINT('',(-0.017502280560338,1.37158455815649E-19,0.0345735003412808));
#7912=CARTESIAN_POINT('',(-0.0174906843385248,-5.7083932480999E-19,0.0345713797692761));
#7913=CARTESIAN_POINT('',(-0.0174849227242335,-8.66469728719407E-20,0.0345702012551308));
#7914=CARTESIAN_POINT('',(-0.017467770710096,7.32902828414724E-18,0.0345662353762634));
#7915=CARTESIAN_POINT('',(-0.0174564438694643,-4.79040212345859E-19,0.0345632422051104));
#7916=CARTESIAN_POINT('',(-0.0174397581990701,-8.57405455727474E-20,0.0345577654850125));
#7917=CARTESIAN_POINT('',(-0.0174342449839504,-3.11771599325267E-18,0.0345557822962263));
#7918=CARTESIAN_POINT('',(-0.0174233219913583,2.6840351242596E-18,0.0345514807513054));
#7919=CARTESIAN_POINT('',(-0.0174179006191947,-6.70666279298816E-19,0.0345491999968692));
#7920=CARTESIAN_POINT('',(-0.017407257563095,2.36985410304614E-19,0.0345439915808736));
#7921=CARTESIAN_POINT('',(-0.0174020202574564,4.35166887927728E-19,0.0345411612220107));
#7922=CARTESIAN_POINT('',(-0.0173915971866817,-8.68847756921673E-19,0.0345351467645494));
#7923=CARTESIAN_POINT('',(-0.0173865958656005,7.2326748450693E-20,0.0345318948297875));
#7924=CARTESIAN_POINT('',(-0.0173771029771563,-5.06007617444895E-19,0.0345249238027574));
#7925=CARTESIAN_POINT('',(-0.0173725062741201,-1.70086076548573E-18,0.0345212882352414));
#7926=CARTESIAN_POINT('',(-0.0173658665404541,5.25169730997215E-19,0.0345155841511595));
#7927=CARTESIAN_POINT('',(-0.0173636924869267,-1.50685514284527E-18,0.034513644065648));
#7928=CARTESIAN_POINT('',(-0.0173605044762052,4.28166919678001E-19,0.034510661732197));
#7929=CARTESIAN_POINT('',(-0.0173594550108675,-7.64314301228765E-18,0.0345096545734798));
#7930=CARTESIAN_POINT('',(-0.0173579019318393,3.4963108543865E-18,0.0345081229646278));
#7931=CARTESIAN_POINT('',(-0.0173573889320639,4.53970427925955E-18,0.0345076077915596));
#7932=CARTESIAN_POINT('',(-0.0173566257595391,5.21114285052161E-18,0.034506828778981));
#7933=CARTESIAN_POINT('',(-0.0173563727833977,-1.01043705666143E-18,0.0345065677103011));
#7934=CARTESIAN_POINT('',(-0.0173558695396851,5.76756187662232E-19,0.0345060428963721));
#7935=CARTESIAN_POINT('',(-0.017355617393771,1.91288792321072E-20,0.0345057810089007));
#7936=CARTESIAN_POINT('',(-0.0173533571763624,-2.10459494433522E-18,0.0345034150040223));
#7937=CARTESIAN_POINT('',(-0.0173513401089672,-2.16840434497101E-19,0.0345013198055135));
#7938=CARTESIAN_POINT('',(-0.0173473139594309,-2.16840434497101E-19,0.0344971214915572));
#7939=CARTESIAN_POINT('',(-0.0173453008846628,-2.16840434497101E-19,0.034495022334579));
#7940=CARTESIAN_POINT('',(-0.0173392616603584,-2.16840434497101E-19,0.0344887248636445));
#7941=CARTESIAN_POINT('',(-0.0173352355108223,-2.16840434497101E-19,0.0344845265496882));
#7942=CARTESIAN_POINT('',(-0.0173231570622135,-2.16840434497101E-19,0.0344719316078193));
#7943=CARTESIAN_POINT('',(-0.0173151047631411,-2.16840434497101E-19,0.0344635349799067));
#7944=CARTESIAN_POINT('',(-0.0172990001649962,-2.16840434497101E-19,0.0344467417240814));
#7945=CARTESIAN_POINT('',(-0.0172909478659238,-2.16840434497101E-19,0.0344383450961687));
#7946=CARTESIAN_POINT('',(-0.0172667909687064,-2.16840434497101E-19,0.0344131552124309));
#7947=CARTESIAN_POINT('',(-0.0172506863705615,-2.16840434497101E-19,0.0343963619566056));
#7948=CARTESIAN_POINT('',(-0.0172184771742717,-2.16840434497101E-19,0.034362775444955));
#7949=CARTESIAN_POINT('',(-0.0172023725761268,-2.16840434497101E-19,0.0343459821891298));
#7950=CARTESIAN_POINT('',(-0.0171579455401928,-2.16840434497101E-19,0.0342996553839972));
#7951=CARTESIAN_POINT('',(-0.0171296231024037,-2.16840434497101E-19,0.0342701218346898));
#7952=CARTESIAN_POINT('',(-0.0171013006646146,-2.16840434497101E-19,0.0342405882853825));
#7953=CARTESIAN_POINT('',(-0.0305159063336678,-0.0019,0.0255003457105852));
#7954=CARTESIAN_POINT('',(-0.0303636583760092,-0.0019,0.0259873755150287));
#7955=CARTESIAN_POINT('',(-0.0302117048327433,-0.0019,0.0264736797768579));
#7956=CARTESIAN_POINT('',(-0.02982468170271,-0.0019,0.0277018035405508));
#7957=CARTESIAN_POINT('',(-0.0295656615867522,-0.0019,0.0284876525302514));
#7958=CARTESIAN_POINT('',(-0.0288789568964068,-0.0019,0.0300677596847005));
#7959=CARTESIAN_POINT('',(-0.0284352969668635,-0.0019,0.0308793278456837));
#7960=CARTESIAN_POINT('',(-0.0272881020860918,-0.0019,0.0323720047312505));
#7961=CARTESIAN_POINT('',(-0.0266059580683532,-0.0019,0.0330274234635857));
#7962=CARTESIAN_POINT('',(-0.0250830055941249,-0.0019,0.034113372327771));
#7963=CARTESIAN_POINT('',(-0.0243225074991413,-0.0019,0.0345097766411293));
#7964=CARTESIAN_POINT('',(-0.0228014846622759,-0.0019,0.0351979820240646));
#7965=CARTESIAN_POINT('',(-0.0220331768115791,-0.0019,0.0354850100465069));
#7966=CARTESIAN_POINT('',(-0.0208655516772441,-0.0019,0.0358571976864332));
#7967=CARTESIAN_POINT('',(-0.0204757599421872,-0.0019,0.0359716790900693));
#7968=CARTESIAN_POINT('',(-0.0198774226190896,-0.0019,0.0361280977922651));
#7969=CARTESIAN_POINT('',(-0.0196765840550173,-0.0019,0.0361777353624717));
#7970=CARTESIAN_POINT('',(-0.0192662712904852,-0.0019,0.0362712367569177));
#7971=CARTESIAN_POINT('',(-0.0190584905103598,-0.0019,0.0363152368680063));
#7972=CARTESIAN_POINT('',(-0.0187297291094483,-0.0019,0.0363752608951717));
#7973=CARTESIAN_POINT('',(-0.0186184947294506,-0.0019,0.0363943101750692));
#7974=CARTESIAN_POINT('',(-0.0183841784930025,-0.0019,0.0364296067688827));
#7975=CARTESIAN_POINT('',(-0.0182657155568996,-0.0019,0.0364459988547385));
#7976=CARTESIAN_POINT('',(-0.018059390717694,-0.0019,0.0364663079875512));
#7977=CARTESIAN_POINT('',(-0.0179913005993949,-0.0019,0.0364725276060068));
#7978=CARTESIAN_POINT('',(-0.0178301629037205,-0.0019,0.0364819570061526));
#7979=CARTESIAN_POINT('',(-0.0177546165372102,-0.0019,0.0364860751388636));
#7980=CARTESIAN_POINT('',(-0.0175848791046546,-0.0019,0.036484442190668));
#7981=CARTESIAN_POINT('',(-0.0175326319649547,-0.0019,0.0364830132888317));
#7982=CARTESIAN_POINT('',(-0.0174005007614766,-0.0019,0.0364750145947057));
#7983=CARTESIAN_POINT('',(-0.0173159938476727,-0.0019,0.0364671669202309));
#7984=CARTESIAN_POINT('',(-0.0172042716398466,-0.0019,0.0364500787839128));
#7985=CARTESIAN_POINT('',(-0.0171850085797924,-0.0019,0.0364469586037889));
#7986=CARTESIAN_POINT('',(-0.0171233648748667,-0.0019,0.0364357463494437));
#7987=CARTESIAN_POINT('',(-0.0170851792400563,-0.0019,0.0364278969456504));
#7988=CARTESIAN_POINT('',(-0.0169907079914673,-0.0019,0.0364060596433035));
#7989=CARTESIAN_POINT('',(-0.0169392538049089,-0.0019,0.0363934960339061));
#7990=CARTESIAN_POINT('',(-0.0168131482463812,-0.0019,0.036351681230779));
#7991=CARTESIAN_POINT('',(-0.0167651091374514,-0.0019,0.0363342554839906));
#7992=CARTESIAN_POINT('',(-0.0167006533660718,-0.0019,0.0363089487836857));
#7993=CARTESIAN_POINT('',(-0.0166395340862935,-0.0019,0.0362836887811139));
#7994=CARTESIAN_POINT('',(-0.0165202510126235,-0.0019,0.0362251334109047));
#7995=CARTESIAN_POINT('',(-0.0164830767478908,-0.0019,0.0362038254713205));
#7996=CARTESIAN_POINT('',(-0.0164018563246298,-0.0019,0.0361583498238117));
#7997=CARTESIAN_POINT('',(-0.0163036656955218,-0.0019,0.0360946659934678));
#7998=CARTESIAN_POINT('',(-0.0162182785739955,-0.0019,0.0360304642975238));
#7999=CARTESIAN_POINT('',(-0.016171147760284,-0.0019,0.0359938336203061));
#8000=CARTESIAN_POINT('',(-0.0161101059453435,-0.0019,0.0359417478335986));
#8001=CARTESIAN_POINT('',(-0.0160849320307163,-0.0019,0.0359188846161115));
#8002=CARTESIAN_POINT('',(-0.0160525371002604,-0.0019,0.0358889877102358));
#8003=CARTESIAN_POINT('',(-0.0160366432720718,-0.0019,0.0358735315432346));
#8004=CARTESIAN_POINT('',(-0.0160169036765923,-0.0019,0.0358542075865233));
#8005=CARTESIAN_POINT('',(-0.0160090615813346,-0.0019,0.0358463458523881));
#8006=CARTESIAN_POINT('',(-0.0159942771561985,-0.0019,0.0358312294791733));
#8007=CARTESIAN_POINT('',(-0.015987399966967,-0.0019,0.0358241130962587));
#8008=CARTESIAN_POINT('',(-0.0159821897803883,-0.0019,0.0358186794145525));
#8009=CARTESIAN_POINT('',(-0.0159848440833617,-0.0019,0.0358216916855231));
#8010=CARTESIAN_POINT('',(-0.0159776070688623,-0.00190000000000002,0.0358119481596643));
#8011=CARTESIAN_POINT('',(-0.0159800138211034,-0.0019,0.0358164107575826));
#8012=CARTESIAN_POINT('',(-0.0159759876715671,-0.0019,0.0358122124436262));
#8013=CARTESIAN_POINT('',(-0.015973974596799,-0.0019,0.0358101132866481));
#8014=CARTESIAN_POINT('',(-0.0159679353724946,-0.0019,0.0358038158157135));
#8015=CARTESIAN_POINT('',(-0.0159639092229585,-0.0019,0.0357996175017572));
#8016=CARTESIAN_POINT('',(-0.0159518307743498,-0.0019,0.0357870225598883));
#8017=CARTESIAN_POINT('',(-0.0159437784752774,-0.0019,0.0357786259319757));
#8018=CARTESIAN_POINT('',(-0.0159276738771324,-0.0019,0.0357618326761504));
#8019=CARTESIAN_POINT('',(-0.01591962157806,-0.0019,0.0357534360482378));
#8020=CARTESIAN_POINT('',(-0.0158954646808426,-0.0019,0.0357282461644999));
#8021=CARTESIAN_POINT('',(-0.0158793600826977,-0.0019,0.0357114529086747));
#8022=CARTESIAN_POINT('',(-0.015847150886408,-0.0019,0.0356778663970241));
#8023=CARTESIAN_POINT('',(-0.0158310462882631,-0.0019,0.0356610731411988));
#8024=CARTESIAN_POINT('',(-0.015786619252329,-0.0019,0.0356147463360662));
#8025=CARTESIAN_POINT('',(-0.0157582968145399,-0.0019,0.0355852127867589));
#8026=CARTESIAN_POINT('',(-0.0157299743767508,-0.0019,0.0355556792374515));
#8027=CARTESIAN_POINT('',(-0.0159854767642534,-0.00189993562145093,0.035822013492424));
#8028=CARTESIAN_POINT('',(-0.0159802714269819,-0.00189004052860509,0.0358023190258248));
#8029=CARTESIAN_POINT('',(-0.0160049087222005,-0.00187025034291343,0.0357978869148223));
#8030=CARTESIAN_POINT('',(-0.0160267092622478,-0.00183066997153003,0.0357655650131212));
#8031=CARTESIAN_POINT('',(-0.0160722576145343,-0.00176140432160915,0.0357119091459235));
#8032=CARTESIAN_POINT('',(-0.0161326299326193,-0.00166245339315072,0.0356325065872168));
#8033=CARTESIAN_POINT('',(-0.0162070870753853,-0.00154371227900061,0.0355384011690864));
#8034=CARTESIAN_POINT('',(-0.0163056610874998,-0.00138539079346714,0.035412515948238));
#8035=CARTESIAN_POINT('',(-0.0164291190367852,-0.0011874889365503,0.0352553002664419));
#8036=CARTESIAN_POINT('',(-0.016626517333611,-0.000870845965483349,0.0350036764322921));
#8037=CARTESIAN_POINT('',(-0.0168733116333053,-0.000475042251649663,0.0346891738371177));
#8038=CARTESIAN_POINT('',(-0.0170707329233732,-0.000158399280582715,0.0344375634722125));
#8039=CARTESIAN_POINT('',(-0.0171694453371181,-7.77950492402569E-8,0.0343117593258556));
#8040=CARTESIAN_POINT('',(-0.000305813488720149,-2.16840434497101E-19,0.0263949700344646));
#8041=CARTESIAN_POINT('',(-0.000429798685998721,-2.16840434497101E-19,0.0265936893382793));
#8042=CARTESIAN_POINT('',(-0.000553783883277292,-2.16840434497101E-19,0.0267924086420939));
#8043=CARTESIAN_POINT('',(-0.000973815264272152,-2.16840434497101E-19,0.0274656208113183));
#8044=CARTESIAN_POINT('',(-0.00126876318346925,-2.16840434497101E-19,0.0279408726421807));
#8045=CARTESIAN_POINT('',(-0.00171447985582246,-2.16840434497101E-19,0.0286514734921162));
#8046=CARTESIAN_POINT('',(-0.00186255127847793,1.59552211650424E-18,0.02888868327147));
#8047=CARTESIAN_POINT('',(-0.00215740253608039,-2.02920298549843E-18,0.0293640084090344));
#8048=CARTESIAN_POINT('',(-0.00230956621012002,1.18884148472611E-18,0.0295983775763417));
#8049=CARTESIAN_POINT('',(-0.002631501969631,-1.62252235372031E-18,0.0300548883025169));
#8050=CARTESIAN_POINT('',(-0.00279972581069104,-1.32697781448946E-18,0.0302781043759912));
#8051=CARTESIAN_POINT('',(-0.00314578010502243,8.93296945495261E-19,0.0307178608104356));
#8052=CARTESIAN_POINT('',(-0.00332301902662488,-2.67727392596781E-18,0.0309348210592116));
#8053=CARTESIAN_POINT('',(-0.00385478732369812,-3.10222909345132E-18,0.0315853944105878));
#8054=CARTESIAN_POINT('',(-0.00421080757657237,-1.05531648191557E-18,0.0320184544588753));
#8055=CARTESIAN_POINT('',(-0.00470798714798374,2.02397589212133E-19,0.0326948283577461));
#8056=CARTESIAN_POINT('',(-0.00486722037516773,-1.59452645714189E-18,0.0329266355162896));
#8057=CARTESIAN_POINT('',(-0.00515594627401169,1.16084558814769E-18,0.033408134164338));
#8058=CARTESIAN_POINT('',(-0.00528082924557426,-1.38253238948952E-19,0.0336559065324783));
#8059=CARTESIAN_POINT('',(-0.00549328919514408,-2.9542763004525E-19,0.0341664976777038));
#8060=CARTESIAN_POINT('',(-0.00558152340125414,5.50832609717891E-19,0.034429146650038));
#8061=CARTESIAN_POINT('',(-0.00573686821025596,-9.84513478712093E-19,0.0349625505039826));
#8062=CARTESIAN_POINT('',(-0.00580727460128113,-3.69343674531493E-19,0.0352321144292482));
#8063=CARTESIAN_POINT('',(-0.00595319678713603,-6.43371944627086E-20,0.0357692637071689));
#8064=CARTESIAN_POINT('',(-0.00602557745457839,-1.88369263575964E-18,0.0360380628683548));
#8065=CARTESIAN_POINT('',(-0.00612418141570358,3.78136587025127E-19,0.0364026583779046));
#8066=CARTESIAN_POINT('',(-0.00615011892009345,5.48363704661059E-19,0.0364985657911066));
#8067=CARTESIAN_POINT('',(-0.00617605624221439,5.21260391338189E-19,0.0365944732536013));
#8068=CARTESIAN_POINT('',(-0.00191779131557813,-0.0019,0.0253892228069177));
#8069=CARTESIAN_POINT('',(-0.0020417765128567,-0.0019,0.0255879421107324));
#8070=CARTESIAN_POINT('',(-0.00216576171013527,-0.0019,0.0257866614145471));
#8071=CARTESIAN_POINT('',(-0.00258579309113013,-0.0019,0.0264598735837715));
#8072=CARTESIAN_POINT('',(-0.00287912009453492,-0.0019,0.0269321715226649));
#8073=CARTESIAN_POINT('',(-0.00332726814057659,-0.0019,0.0276472032105538));
#8074=CARTESIAN_POINT('',(-0.00347491488862728,-0.0019,0.0278837790270859));
#8075=CARTESIAN_POINT('',(-0.00376899457964698,-0.0019,0.0283574181983248));
#8076=CARTESIAN_POINT('',(-0.00388333992770816,-0.0019,0.0285327446492399));
#8077=CARTESIAN_POINT('',(-0.00416441958923551,-0.0019,0.0289322641753831));
#8078=CARTESIAN_POINT('',(-0.00430799971422179,-0.0019,0.0291223314663771));
#8079=CARTESIAN_POINT('',(-0.00462426550933233,-0.0019,0.0295243213021225));
#8080=CARTESIAN_POINT('',(-0.00479436555579225,-0.0019,0.0297326692354592));
#8081=CARTESIAN_POINT('',(-0.0053248288977872,-0.0019,0.0303816829439602));
#8082=CARTESIAN_POINT('',(-0.00570227301758682,-0.0019,0.0308408236209261));
#8083=CARTESIAN_POINT('',(-0.00626103134421966,-0.0019,0.0315989703107195));
#8084=CARTESIAN_POINT('',(-0.00645398239917421,-0.0019,0.0318784883512038));
#8085=CARTESIAN_POINT('',(-0.00682938768058098,-0.0019,0.0325040842104673));
#8086=CARTESIAN_POINT('',(-0.00700070148047622,-0.0019,0.0328421548082074));
#8087=CARTESIAN_POINT('',(-0.00728060501134894,-0.0019,0.0335175013121883));
#8088=CARTESIAN_POINT('',(-0.00739234514184541,-0.0019,0.0338515015418107));
#8089=CARTESIAN_POINT('',(-0.00757336657871299,-0.0019,0.0344738673221736));
#8090=CARTESIAN_POINT('',(-0.007641302817651,-0.0019,0.03473601994934));
#8091=CARTESIAN_POINT('',(-0.00778733091408218,-0.0019,0.0352730956093899));
#8092=CARTESIAN_POINT('',(-0.00785971533644826,-0.0019,0.0355421412534088));
#8093=CARTESIAN_POINT('',(-0.00795828151558163,-0.0019,0.035906597068434));
#8094=CARTESIAN_POINT('',(-0.00798421653763888,-0.0019,0.0360024953035931));
#8095=CARTESIAN_POINT('',(-0.00801015473521003,-0.0019,0.0360984060030731));
#8096=CARTESIAN_POINT('',(-0.000532387871673258,-0.000223008675736436,0.0263368206298797));
#8097=CARTESIAN_POINT('',(-0.00105898168479672,-0.000502501182273155,0.0266528262617033));
#8098=CARTESIAN_POINT('',(-0.00184850227431459,-0.000921739942078233,0.0271293095520917));
#8099=CARTESIAN_POINT('',(-0.00290007766729154,-0.00148072495515167,0.0277535650888714));
#8100=CARTESIAN_POINT('',(-0.00343579529156452,-0.00176021746168839,0.0280880133583572));
#8101=CARTESIAN_POINT('',(-0.0036892775125695,-0.00189996371495675,0.028228402034694));
#8102=CARTESIAN_POINT('',(-0.0172333568213488,-1.45057631353145E-19,0.0343484985878617));
#8103=CARTESIAN_POINT('',(-0.0164133834045843,8.28201972713192E-20,0.033876157940317));
#8104=CARTESIAN_POINT('',(-0.0155947625945844,7.21369940748699E-19,0.0333988693972247));
#8105=CARTESIAN_POINT('',(-0.0139147093335999,-1.33335612736186E-18,0.0322009499387467));
#8106=CARTESIAN_POINT('',(-0.0130622280328833,-1.66006023541752E-19,0.0314639840171805));
#8107=CARTESIAN_POINT('',(-0.0113936246930487,-2.6767484545245E-19,0.0299552671084207));
#8108=CARTESIAN_POINT('',(-0.0105766752364381,-2.50070521690326E-18,0.0291819021199573));
#8109=CARTESIAN_POINT('',(-0.00907109979864384,1.70161039125267E-18,0.0277616535055019));
#8110=CARTESIAN_POINT('',(-0.00838266104706026,-6.76411642012429E-19,0.0271144548797938));
#8111=CARTESIAN_POINT('',(-0.00769275187212328,-5.84765421176377E-19,0.0264688248971192));
#8112=CARTESIAN_POINT('',(-0.0162873851623979,-0.0019,0.0359962532898058));
#8113=CARTESIAN_POINT('',(-0.0154621439093,-0.0019,0.03552125721491));
#8114=CARTESIAN_POINT('',(-0.0145815528527457,-0.0019,0.035009855305004));
#8115=CARTESIAN_POINT('',(-0.0127110001907935,-0.0019,0.0336763056493197));
#8116=CARTESIAN_POINT('',(-0.0118117351487802,-0.0019,0.0328944932084319));
#8117=CARTESIAN_POINT('',(-0.0100947806502606,-0.0019,0.0313427148425302));
#8118=CARTESIAN_POINT('',(-0.00927507267844186,-0.0019,0.0305659917381085));
#8119=CARTESIAN_POINT('',(-0.00776614976185554,-0.0019,0.0291426753193128));
#8120=CARTESIAN_POINT('',(-0.00708484909529635,-0.0019,0.0285021576956141));
#8121=CARTESIAN_POINT('',(-0.0063953214884894,-0.0019,0.0278568773398084));
#8122=CARTESIAN_POINT('',(-0.00699615384770721,-0.0018998825394518,0.0284197218411748));
#8123=CARTESIAN_POINT('',(-0.00724720284012852,-0.00126660162639549,0.0277868859650461));
#8124=CARTESIAN_POINT('',(-0.00749710272307115,-0.000633320713339193,0.0271531662265553));
#8125=CARTESIAN_POINT('',(-0.00774661223969692,-3.98002828917579E-8,0.0265192889282725));
#8126=CARTESIAN_POINT('',(-0.00779035216896936,-2.16840434497101E-19,0.02651921143646));
#8127=CARTESIAN_POINT('',(-0.00772791625887546,-2.16840434497101E-19,0.0265192652386511));
#8128=CARTESIAN_POINT('',(-0.00766548034878156,-2.16840434497101E-19,0.0265193190408421));
#8129=CARTESIAN_POINT('',(-0.00742781871554046,-2.16840434497101E-19,0.0265195238383149));
#8130=CARTESIAN_POINT('',(-0.00725259773571998,-1.22715413178981E-18,0.0265192291811939));
#8131=CARTESIAN_POINT('',(-0.00690213680277213,7.93473262795605E-19,0.0265204224765626));
#8132=CARTESIAN_POINT('',(-0.00672694324438306,5.23619828978016E-19,0.0265173728206468));
#8133=CARTESIAN_POINT('',(-0.0063766186248827,-6.16147112590264E-18,0.026503800716131));
#8134=CARTESIAN_POINT('',(-0.00620157475868202,1.94243925383287E-18,0.0264947587510841));
#8135=CARTESIAN_POINT('',(-0.00567667220296527,-4.53539981115703E-18,0.026464638498077));
#8136=CARTESIAN_POINT('',(-0.005326951913657,-2.0291968674591E-18,0.026439875572223));
#8137=CARTESIAN_POINT('',(-0.00462764896726446,1.59551599846489E-18,0.0263897478328448));
#8138=CARTESIAN_POINT('',(-0.00427804606014716,-9.61183615452361E-19,0.0263638835392021));
#8139=CARTESIAN_POINT('',(-0.00322879026251847,1.27184592741342E-18,0.0262929680016707));
#8140=CARTESIAN_POINT('',(-0.00252920433374671,-2.16840434497101E-19,0.0262467326052621));
#8141=CARTESIAN_POINT('',(-0.00136132903772835,-2.16840434497101E-19,0.0261686806857463));
#8142=CARTESIAN_POINT('',(-0.000892997550387121,-2.16840434497101E-19,0.0261374004960131));
#8143=CARTESIAN_POINT('',(-0.000424666068797766,-2.16840434497101E-19,0.0261061202242977));
#8144=CARTESIAN_POINT('',(-0.00779198943388443,-0.0019,0.0284192107310292));
#8145=CARTESIAN_POINT('',(-0.00772955352379053,-0.0019,0.0284192645332203));
#8146=CARTESIAN_POINT('',(-0.00766711761369663,-0.0019,0.0284193183354113));
#8147=CARTESIAN_POINT('',(-0.00742945598045553,-0.0019,0.0284195231328841));
#8148=CARTESIAN_POINT('',(-0.0072562515093922,-0.0019,0.028419131808079));
#8149=CARTESIAN_POINT('',(-0.00690175755893005,-0.0019,0.028420518438816));
#8150=CARTESIAN_POINT('',(-0.00666904388378877,-0.0019,0.028416749196089));
#8151=CARTESIAN_POINT('',(-0.00629019807937843,-0.0019,0.0284016827944555));
#8152=CARTESIAN_POINT('',(-0.00609856206744255,-0.0019,0.0283920253385971));
#8153=CARTESIAN_POINT('',(-0.00555381881513957,-0.0019,0.0283606095849284));
#8154=CARTESIAN_POINT('',(-0.00519343821246053,-0.0019,0.0283351758936772));
#8155=CARTESIAN_POINT('',(-0.00448931364408801,-0.0019,0.0282847111048557));
#8156=CARTESIAN_POINT('',(-0.00414382706331911,-0.0019,0.0282591301641305));
#8157=CARTESIAN_POINT('',(-0.0031101162421398,-0.0019,0.0281893143212576));
#8158=CARTESIAN_POINT('',(-0.00240185108385447,-0.0019,0.0281424593638852));
#8159=CARTESIAN_POINT('',(-0.00123516628999063,-0.0019,0.0280644877275267));
#8160=CARTESIAN_POINT('',(-0.000766672983763453,-0.0019,0.0280331966253134));
#8161=CARTESIAN_POINT('',(-0.000298182378917731,-0.0019,0.0280019056229015));
#8162=CARTESIAN_POINT('',(-0.00804459482292804,-0.0147,-0.0389003223660052));
#8163=CARTESIAN_POINT('',(-0.00804459482292804,-0.0127,-0.0389003223660052));
#8164=CARTESIAN_POINT('',(-0.00762804947535745,-0.0147,-0.0388486478626641));
#8165=CARTESIAN_POINT('',(-0.00762804947535745,-0.0127,-0.0388486478626641));
#8166=CARTESIAN_POINT('',(-0.00681477331331216,-0.0147,-0.0390210052508172));
#8167=CARTESIAN_POINT('',(-0.00681477331331216,-0.0127,-0.0390210052508172));
#8168=CARTESIAN_POINT('',(-0.00544306754414238,-0.0147,-0.039251087478294));
#8169=CARTESIAN_POINT('',(-0.00544306754414238,-0.0127,-0.039251087478294));
#8170=CARTESIAN_POINT('',(-0.00394177008595735,-0.0147,-0.0394820138461742));
#8171=CARTESIAN_POINT('',(-0.00394177008595735,-0.0127,-0.0394820138461742));
#8172=CARTESIAN_POINT('',(-0.00267328836195849,-0.0147,-0.0398167478041795));
#8173=CARTESIAN_POINT('',(-0.00267328836195849,-0.0127,-0.0398167478041795));
#8174=CARTESIAN_POINT('',(-0.0017938276456525,-0.0147,-0.0399103399838317));
#8175=CARTESIAN_POINT('',(-0.0017938276456525,-0.0127,-0.0399103399838317));
#8176=CARTESIAN_POINT('',(-0.00123494224184288,-0.0147,-0.0398413348648928));
#8177=CARTESIAN_POINT('',(-0.00123494224184288,-0.0127,-0.0398413348648928));
#8178=CARTESIAN_POINT('',(-0.000685141805690886,-0.0147,-0.0397286022619027));
#8179=CARTESIAN_POINT('',(-0.000685141805690886,-0.0127,-0.0397286022619027));
#8180=CARTESIAN_POINT('',(-2.83061111125776E-5,-0.0147,-0.0396848707982976));
#8181=CARTESIAN_POINT('',(-2.83061111125776E-5,-0.0127,-0.0396848707982976));
#8182=CARTESIAN_POINT('',(0.000752724590067192,-0.0147,-0.039758953393513));
#8183=CARTESIAN_POINT('',(0.000752724590067192,-0.0127,-0.039758953393513));
#8184=CARTESIAN_POINT('',(0.00148021883959543,-0.0147,-0.0398655296538589));
#8185=CARTESIAN_POINT('',(0.00148021883959543,-0.0127,-0.0398655296538589));
#8186=CARTESIAN_POINT('',(0.0019728609149029,-0.0147,-0.0399393707192228));
#8187=CARTESIAN_POINT('',(0.0019728609149029,-0.0127,-0.0399393707192228));
#8188=CARTESIAN_POINT('',(0.00219439613281454,-0.0147,-0.039919049737742));
#8189=CARTESIAN_POINT('',(0.00219439613281454,-0.0127,-0.039919049737742));
#8190=CARTESIAN_POINT('',(0.00270692968959981,-0.0147,-0.0397367561692558));
#8191=CARTESIAN_POINT('',(0.00270692968959981,-0.0127,-0.0397367561692558));
#8192=CARTESIAN_POINT('',(0.00339026371099576,-0.0147,-0.0394630760737573));
#8193=CARTESIAN_POINT('',(0.00339026371099576,-0.0127,-0.0394630760737573));
#8194=CARTESIAN_POINT('',(0.00395237705292963,-0.0147,-0.0392110455787941));
#8195=CARTESIAN_POINT('',(0.00395237705292963,-0.0127,-0.0392110455787941));
#8196=CARTESIAN_POINT('',(0.00412021255328892,-0.0147,-0.0390975257985718));
#8197=CARTESIAN_POINT('',(0.00412021255328892,-0.0127,-0.0390975257985718));
#8198=CARTESIAN_POINT('',(0.00443270774177635,-0.0147,-0.0388115236396762));
#8199=CARTESIAN_POINT('',(0.00443270774177635,-0.0127,-0.0388115236396762));
#8200=CARTESIAN_POINT('',(0.00495872015646726,-0.0147,-0.0383304259554078));
#8201=CARTESIAN_POINT('',(0.00495872015646726,-0.0127,-0.0383304259554078));
#8202=CARTESIAN_POINT('',(0.00543717182733395,-0.0147,-0.0378280740224696));
#8203=CARTESIAN_POINT('',(0.00543717182733395,-0.0127,-0.0378280740224696));
#8204=CARTESIAN_POINT('',(0.00564739396575717,-0.0147,-0.0374689096812552));
#8205=CARTESIAN_POINT('',(0.00564739396575717,-0.0127,-0.0374689096812552));
#8206=CARTESIAN_POINT('',(0.00566897305768793,-0.0147,-0.0371007058360478));
#8207=CARTESIAN_POINT('',(0.00566897305768793,-0.0127,-0.0371007058360478));
#8208=CARTESIAN_POINT('',(0.00565923642501599,-0.0147,-0.036487716897196));
#8209=CARTESIAN_POINT('',(0.00565923642501599,-0.0127,-0.036487716897196));
#8210=CARTESIAN_POINT('',(0.00564652433361532,-0.0147,-0.0358172604812869));
#8211=CARTESIAN_POINT('',(0.00564652433361532,-0.0127,-0.0358172604812869));
#8212=CARTESIAN_POINT('',(0.00567083735408823,-0.0147,-0.0353308737365903));
#8213=CARTESIAN_POINT('',(0.00567083735408823,-0.0127,-0.0353308737365903));
#8214=CARTESIAN_POINT('',(0.00572852504605095,-0.0147,-0.0350845655257847));
#8215=CARTESIAN_POINT('',(0.00572852504605095,-0.0127,-0.0350845655257847));
#8216=CARTESIAN_POINT('',(0.00570214151302449,-0.0147,-0.0346410398206292));
#8217=CARTESIAN_POINT('',(0.00570214151302449,-0.0127,-0.0346410398206292));
#8218=CARTESIAN_POINT('',(0.00557782894975929,-0.0147,-0.0340730065549914));
#8219=CARTESIAN_POINT('',(0.00557782894975929,-0.0127,-0.0340730065549914));
#8220=CARTESIAN_POINT('',(0.00535985633353172,-0.0147,-0.0335646999730621));
#8221=CARTESIAN_POINT('',(0.00535985633353172,-0.0127,-0.0335646999730621));
#8222=CARTESIAN_POINT('',(0.00504283174224658,-0.0147,-0.0331821667688025));
#8223=CARTESIAN_POINT('',(0.00504283174224658,-0.0127,-0.0331821667688025));
#8224=CARTESIAN_POINT('',(0.00446697112563372,-0.0147,-0.0327804654752031));
#8225=CARTESIAN_POINT('',(0.00446697112563372,-0.0127,-0.0327804654752031));
#8226=CARTESIAN_POINT('',(0.00366186528633442,-0.0147,-0.0325026987858984));
#8227=CARTESIAN_POINT('',(0.00366186528633442,-0.0127,-0.0325026987858984));
#8228=CARTESIAN_POINT('',(0.00310146227462572,-0.0147,-0.0323683826623267));
#8229=CARTESIAN_POINT('',(0.00310146227462572,-0.0127,-0.0323683826623267));
#8230=CARTESIAN_POINT('',(0.00273332899430197,-0.0147,-0.0323047103366198));
#8231=CARTESIAN_POINT('',(0.00273332899430197,-0.0127,-0.0323047103366198));
#8232=CARTESIAN_POINT('',(0.00220899349489952,-0.0147,-0.0322159086561362));
#8233=CARTESIAN_POINT('',(0.00220899349489952,-0.0127,-0.0322159086561362));
#8234=CARTESIAN_POINT('',(0.00161099142593397,-0.0147,-0.0320843539327016));
#8235=CARTESIAN_POINT('',(0.00161099142593397,-0.0127,-0.0320843539327016));
#8236=CARTESIAN_POINT('',(0.00110178171285272,-0.0147,-0.0318966379811709));
#8237=CARTESIAN_POINT('',(0.00110178171285272,-0.0127,-0.0318966379811709));
#8238=CARTESIAN_POINT('',(0.000756199657391967,-0.0147,-0.0316532262244785));
#8239=CARTESIAN_POINT('',(0.000756199657391967,-0.0127,-0.0316532262244785));
#8240=CARTESIAN_POINT('',(0.000423126535303275,-0.0147,-0.0313966631402911));
#8241=CARTESIAN_POINT('',(0.000423126535303275,-0.0127,-0.0313966631402911));
#8242=CARTESIAN_POINT('',(2.35972812645989E-5,-0.0147,-0.0311756519933966));
#8243=CARTESIAN_POINT('',(2.35972812645989E-5,-0.0127,-0.0311756519933966));
#8244=CARTESIAN_POINT('',(-0.000427121720263692,-0.0147,-0.0311013060305236));
#8245=CARTESIAN_POINT('',(-0.000427121720263692,-0.0127,-0.0311013060305236));
#8246=CARTESIAN_POINT('',(-0.000914330785392366,-0.0147,-0.0312137909828558));
#8247=CARTESIAN_POINT('',(-0.000914330785392366,-0.0127,-0.0312137909828558));
#8248=CARTESIAN_POINT('',(-0.00137956918505172,-0.0147,-0.0313943964940583));
#8249=CARTESIAN_POINT('',(-0.00137956918505172,-0.0127,-0.0313943964940583));
#8250=CARTESIAN_POINT('',(-0.00178545039287782,-0.0147,-0.0315547528618484));
#8251=CARTESIAN_POINT('',(-0.00178545039287782,-0.0127,-0.0315547528618484));
#8252=CARTESIAN_POINT('',(-0.00221944207165903,-0.0147,-0.0316278995803846));
#8253=CARTESIAN_POINT('',(-0.00221944207165903,-0.0127,-0.0316278995803846));
#8254=CARTESIAN_POINT('',(-0.0027389225763036,-0.0147,-0.0315654123309693));
#8255=CARTESIAN_POINT('',(-0.0027389225763036,-0.0127,-0.0315654123309693));
#8256=CARTESIAN_POINT('',(-0.00324292681003303,-0.0147,-0.0314687639584557));
#8257=CARTESIAN_POINT('',(-0.00324292681003303,-0.0127,-0.0314687639584557));
#8258=CARTESIAN_POINT('',(-0.00363799827508162,-0.0147,-0.0314391486733818));
#8259=CARTESIAN_POINT('',(-0.00363799827508162,-0.0127,-0.0314391486733818));
#8260=CARTESIAN_POINT('',(-0.00393074508891266,-0.0147,-0.0314183883708384));
#8261=CARTESIAN_POINT('',(-0.00393074508891266,-0.0127,-0.0314183883708384));
#8262=CARTESIAN_POINT('',(-0.00419201220008071,-0.0147,-0.0313404277085874));
#8263=CARTESIAN_POINT('',(-0.00419201220008071,-0.0127,-0.0313404277085874));
#8264=CARTESIAN_POINT('',(-0.00471193370842682,-0.0147,-0.0311408595687288));
#8265=CARTESIAN_POINT('',(-0.00471193370842682,-0.0127,-0.0311408595687288));
#8266=CARTESIAN_POINT('',(-0.00536876829465216,-0.0147,-0.030893705881384));
#8267=CARTESIAN_POINT('',(-0.00536876829465216,-0.0127,-0.030893705881384));
#8268=CARTESIAN_POINT('',(-0.00595511264848324,-0.0147,-0.0307090239741727));
#8269=CARTESIAN_POINT('',(-0.00595511264848324,-0.0127,-0.0307090239741727));
#8270=CARTESIAN_POINT('',(-0.00630030228304144,-0.0147,-0.0306783644790548));
#8271=CARTESIAN_POINT('',(-0.00630030228304144,-0.0127,-0.0306783644790548));
#8272=CARTESIAN_POINT('',(-0.00663780266719368,-0.0147,-0.0306969454496737));
#8273=CARTESIAN_POINT('',(-0.00663780266719368,-0.0127,-0.0306969454496737));
#8274=CARTESIAN_POINT('',(-0.00709287169632814,-0.0147,-0.0306832891558415));
#8275=CARTESIAN_POINT('',(-0.00709287169632814,-0.0127,-0.0306832891558415));
#8276=CARTESIAN_POINT('',(-0.00764146023100704,-0.0147,-0.0305622675259063));
#8277=CARTESIAN_POINT('',(-0.00764146023100704,-0.0127,-0.0305622675259063));
#8278=CARTESIAN_POINT('',(-0.00848895739042266,-0.0147,-0.030215983111641));
#8279=CARTESIAN_POINT('',(-0.00848895739042266,-0.0127,-0.030215983111641));
#8280=CARTESIAN_POINT('',(-0.00918943212192426,-0.0147,-0.0299200944123305));
#8281=CARTESIAN_POINT('',(-0.00918943212192426,-0.0127,-0.0299200944123305));
#8282=CARTESIAN_POINT('',(-0.0096343736027508,-0.0147,-0.0298343393546108));
#8283=CARTESIAN_POINT('',(-0.0096343736027508,-0.0127,-0.0298343393546108));
#8284=CARTESIAN_POINT('',(-0.0112682860344648,-0.0127,-0.0300883781164884));
#8285=CARTESIAN_POINT('',(-0.0118659959935072,-0.0127,-0.0304531084193792));
#8286=CARTESIAN_POINT('',(-0.0129608709391956,-0.0127,-0.0320369557568914));
#8287=CARTESIAN_POINT('',(-0.0127597560842178,-0.0127,-0.0358058502778416));
#8288=CARTESIAN_POINT('',(-0.0125440019831665,-0.0127,-0.0375237921867037));
#8289=CARTESIAN_POINT('',(-0.0111614123749197,-0.0127,-0.0385742471340284));
#8290=CARTESIAN_POINT('',(-0.0100938086044409,-0.0127,-0.0400006097505207));
#8291=CARTESIAN_POINT('',(-0.00826459901588774,-0.0127,-0.0386288950147973));
#8292=CARTESIAN_POINT('',(-0.00646090261462139,-0.0127,-0.0391428435751439));
#8293=CARTESIAN_POINT('',(-0.00416034407876427,-0.0127,-0.0393850635379911));
#8294=CARTESIAN_POINT('',(-0.00178245922113124,-0.0127,-0.0400912266549065));
#8295=CARTESIAN_POINT('',(-0.000365847319538989,-0.0127,-0.0395301107419265));
#8296=CARTESIAN_POINT('',(0.00186637843485306,-0.0127,-0.0399519320444503));
#8297=CARTESIAN_POINT('',(0.00228010426813739,-0.0127,-0.0399203764832273));
#8298=CARTESIAN_POINT('',(0.00397232920819893,-0.0127,-0.0392311299381078));
#8299=CARTESIAN_POINT('',(0.00420039099970972,-0.0127,-0.0390154345489298));
#8300=CARTESIAN_POINT('',(0.00560951336075523,-0.0127,-0.0377686777694628));
#8301=CARTESIAN_POINT('',(0.00569055190606147,-0.0127,-0.0371070603505324));
#8302=CARTESIAN_POINT('',(0.00561737236209468,-0.0127,-0.0354567048890534));
#8303=CARTESIAN_POINT('',(0.00577260151611291,-0.0127,-0.0350084917800507));
#8304=CARTESIAN_POINT('',(0.00554234802388933,-0.0127,-0.0336946749045513));
#8305=CARTESIAN_POINT('',(0.00475620641511832,-0.0127,-0.0328582237303138));
#8306=CARTESIAN_POINT('',(0.00336853031420843,-0.0127,-0.0324084156953266));
#8307=CARTESIAN_POINT('',(0.00264223134311023,-0.0127,-0.0322927102325741));
#8308=CARTESIAN_POINT('',(0.00118600636561998,-0.0127,-0.0320313240231933));
#8309=CARTESIAN_POINT('',(0.000554717047061267,-0.0127,-0.0314620486910065));
#8310=CARTESIAN_POINT('',(-0.000287735016474321,-0.0127,-0.0309872102303645));
#8311=CARTESIAN_POINT('',(-0.00133371637198767,-0.0127,-0.0313681674669178));
#8312=CARTESIAN_POINT('',(-0.00214352603376812,-0.0127,-0.0317098314759014));
#8313=CARTESIAN_POINT('',(-0.00325170916908053,-0.0127,-0.0314433502694693));
#8314=CARTESIAN_POINT('',(-0.00386416312190251,-0.0127,-0.0314396822181899));
#8315=CARTESIAN_POINT('',(-0.00431444452333223,-0.0127,-0.0313066749661642));
#8316=CARTESIAN_POINT('',(-0.0059021425652924,-0.0127,-0.0306638406617168));
#8317=CARTESIAN_POINT('',(-0.00650436361284983,-0.0127,-0.030694431861053));
#8318=CARTESIAN_POINT('',(-0.00759325069032374,-0.0127,-0.0306987825712829));
#8319=CARTESIAN_POINT('',(-0.00951306634236583,-0.0127,-0.029641144038429));
#8320=CARTESIAN_POINT('',(-0.0107595255140491,-0.0127,-0.0297779259048381));
#8321=CARTESIAN_POINT('',(-0.0112682860344648,-0.0127,-0.0300883781164884));
#8322=CARTESIAN_POINT('',(-0.00359413471154136,-0.0127,-0.0348661853466678));
#8323=CARTESIAN_POINT('',(-0.0010938358027488,-0.0127,-0.0332133546471596));
#8324=CARTESIAN_POINT('',(-0.000783052734816657,-0.0127,-0.0331728518873221));
#8325=CARTESIAN_POINT('',(0.00032325909033289,-0.0127,-0.033587017677691));
#8326=CARTESIAN_POINT('',(0.0011793096559851,-0.0127,-0.0349872503712797));
#8327=CARTESIAN_POINT('',(0.00293656907863878,-0.0127,-0.0343829372794166));
#8328=CARTESIAN_POINT('',(0.00376883975011557,-0.0127,-0.0352330390976451));
#8329=CARTESIAN_POINT('',(0.00297426918925742,-0.0127,-0.036648741712164));
#8330=CARTESIAN_POINT('',(0.00171059815383847,-0.0127,-0.0370700002476196));
#8331=CARTESIAN_POINT('',(-0.000247345405780808,-0.0127,-0.037061809929328));
#8332=CARTESIAN_POINT('',(-0.00160506067435348,-0.0127,-0.0362868629056938));
#8333=CARTESIAN_POINT('',(-0.00182900994449712,-0.0127,-0.0348485162897825));
#8334=CARTESIAN_POINT('',(-0.00139303192629385,-0.0127,-0.0340360408555294));
#8335=CARTESIAN_POINT('',(-0.00148340511616925,-0.0127,-0.0334367792582353));
#8336=CARTESIAN_POINT('',(-0.00126233748531775,-0.0127,-0.0332353146053604));
#8337=CARTESIAN_POINT('',(-0.0010938358027488,-0.0127,-0.0332133546471596));
#8338=CARTESIAN_POINT('',(-0.0010938358027488,-0.0127,-0.0332133546471596));
#8339=CARTESIAN_POINT('',(-0.0109110660851002,-0.0127,-0.0344402045011521));
#8340=CARTESIAN_POINT('',(-0.0108606627320634,-0.0127,-0.0341494521272755));
#8341=CARTESIAN_POINT('',(-0.0107567204258476,-0.0127,-0.03386375515826));
#8342=CARTESIAN_POINT('',(-0.0104984911158681,-0.0127,-0.0336937494575978));
#8343=CARTESIAN_POINT('',(-0.0102154829473888,-0.0127,-0.0335074305537549));
#8344=CARTESIAN_POINT('',(-0.00941562532204132,-0.0127,-0.0334265445548666));
#8345=CARTESIAN_POINT('',(-0.00909298397096682,-0.0127,-0.0339917142164398));
#8346=CARTESIAN_POINT('',(-0.00808577192410894,-0.0127,-0.0335641488244998));
#8347=CARTESIAN_POINT('',(-0.00754806197265578,-0.0127,-0.0331423031333316));
#8348=CARTESIAN_POINT('',(-0.006614280687599,-0.0127,-0.0333242977922839));
#8349=CARTESIAN_POINT('',(-0.00635441921243,-0.0127,-0.0357185378444885));
#8350=CARTESIAN_POINT('',(-0.00722681361791263,-0.0127,-0.0369256271977615));
#8351=CARTESIAN_POINT('',(-0.00820337715793977,-0.0127,-0.036549281932429));
#8352=CARTESIAN_POINT('',(-0.00909019487289732,-0.0127,-0.0371198644593513));
#8353=CARTESIAN_POINT('',(-0.00954966340950511,-0.0127,-0.0369905970146159));
#8354=CARTESIAN_POINT('',(-0.00981267468721624,-0.0127,-0.0369268889612056));
#8355=CARTESIAN_POINT('',(-0.0109110660851002,-0.0127,-0.0344402045011521));
#8356=CARTESIAN_POINT('',(-0.0109110660851002,-0.0003,-0.0344402045011521));
#8357=CARTESIAN_POINT('',(-0.0108747291073966,-0.0127,-0.0342305941897287));
#8358=CARTESIAN_POINT('',(-0.0108747291073966,-0.0003,-0.0342305941897287));
#8359=CARTESIAN_POINT('',(-0.0107610167702143,-0.0127,-0.0338138546850674));
#8360=CARTESIAN_POINT('',(-0.0107610167702143,-0.0003,-0.0338138546850674));
#8361=CARTESIAN_POINT('',(-0.0101093193968259,-0.0127,-0.0334698754743797));
#8362=CARTESIAN_POINT('',(-0.0101093193968259,-0.000300000000000003,-0.0334698754743797));
#8363=CARTESIAN_POINT('',(-0.00934955384083264,-0.0127,-0.0335286043057449));
#8364=CARTESIAN_POINT('',(-0.00934955384083264,-0.000299999999999998,-0.0335286043057449));
#8365=CARTESIAN_POINT('',(-0.00910830255281327,-0.0127,-0.0339260900234766));
#8366=CARTESIAN_POINT('',(-0.00910830255281327,-0.000299999999999995,-0.0339260900234766));
#8367=CARTESIAN_POINT('',(-0.00852039943363103,-0.0127,-0.0337499296460074));
#8368=CARTESIAN_POINT('',(-0.00852039943363103,-0.000300000000000003,-0.0337499296460074));
#8369=CARTESIAN_POINT('',(-0.00808931018823717,-0.0127,-0.0335266161355705));
#8370=CARTESIAN_POINT('',(-0.00808931018823717,-0.000299999999999998,-0.0335266161355705));
#8371=CARTESIAN_POINT('',(-0.00775633411200921,-0.0127,-0.0333135743478828));
#8372=CARTESIAN_POINT('',(-0.00775633411200921,-0.000300000000000002,-0.0333135743478828));
#8373=CARTESIAN_POINT('',(-0.00736824310658139,-0.0127,-0.0331443076430236));
#8374=CARTESIAN_POINT('',(-0.00736824310658139,-0.000299999999999998,-0.0331443076430236));
#8375=CARTESIAN_POINT('',(-0.00680288874941835,-0.0127,-0.0333888753688017));
#8376=CARTESIAN_POINT('',(-0.00680288874941835,-0.000300000000000002,-0.0333888753688017));
#8377=CARTESIAN_POINT('',(-0.00651712367597281,-0.0127,-0.0343616485666416));
#8378=CARTESIAN_POINT('',(-0.00651712367597281,-0.000300000000000002,-0.0343616485666416));
#8379=CARTESIAN_POINT('',(-0.00651199000916548,-0.0127,-0.0355456345528237));
#8380=CARTESIAN_POINT('',(-0.00651199000916548,-0.000300000000000002,-0.0355456345528237));
#8381=CARTESIAN_POINT('',(-0.00684156433057159,-0.0127,-0.0364351089250906));
#8382=CARTESIAN_POINT('',(-0.00684156433057159,-0.0003,-0.0364351089250906));
#8383=CARTESIAN_POINT('',(-0.00738906171154168,-0.0127,-0.0368160003501247));
#8384=CARTESIAN_POINT('',(-0.00738906171154168,-0.0003,-0.0368160003501247));
#8385=CARTESIAN_POINT('',(-0.00791511088889987,-0.0127,-0.0366749967506137));
#8386=CARTESIAN_POINT('',(-0.00791511088889987,-0.0003,-0.0366749967506137));
#8387=CARTESIAN_POINT('',(-0.00834503678867,-0.0127,-0.0367196803941284));
#8388=CARTESIAN_POINT('',(-0.00834503678867,-0.0003,-0.0367196803941284));
#8389=CARTESIAN_POINT('',(-0.00877046700563966,-0.0127,-0.0368930640677499));
#8390=CARTESIAN_POINT('',(-0.00877046700563966,-0.0003,-0.0368930640677499));
#8391=CARTESIAN_POINT('',(-0.00925878166127993,-0.0127,-0.0370839503908605));
#8392=CARTESIAN_POINT('',(-0.00925878166127993,-0.0003,-0.0370839503908605));
#8393=CARTESIAN_POINT('',(-0.00960662627769838,-0.0127,-0.0369767991521028));
#8394=CARTESIAN_POINT('',(-0.00960662627769838,-0.0003,-0.0369767991521028));
#8395=CARTESIAN_POINT('',(-0.00981267468721624,-0.0127,-0.0369268889612056));
#8396=CARTESIAN_POINT('',(-0.00981267468721624,-0.0003,-0.0369268889612056));
#8397=CARTESIAN_POINT('',(-0.00981267468721624,-0.0003,-0.0369268889612056));
#8398=CARTESIAN_POINT('',(-0.00960662636290052,-0.0003,-0.0369767991314647));
#8399=CARTESIAN_POINT('',(-0.00925878186457637,-0.0003,-0.0370839503269506));
#8400=CARTESIAN_POINT('',(-0.00877046747301932,-0.0003,-0.0368930643037431));
#8401=CARTESIAN_POINT('',(-0.00834503745324836,-0.000299999999999999,-0.0367196806143386));
#8402=CARTESIAN_POINT('',(-0.00791511173302133,-0.000300000000000003,-0.0366749965948947));
#8403=CARTESIAN_POINT('',(-0.00738906271629658,-0.000299999999999999,-0.0368160003018011));
#8404=CARTESIAN_POINT('',(-0.00684156533478239,-0.0003,-0.0364351102412848));
#8405=CARTESIAN_POINT('',(-0.00651199044845789,-0.0003,-0.0355456372426904));
#8406=CARTESIAN_POINT('',(-0.00651712328945828,-0.0003,-0.0343616520046622));
#8407=CARTESIAN_POINT('',(-0.00680288731508504,-0.0003,-0.0333888776000838));
#8408=CARTESIAN_POINT('',(-0.0073682409059456,-0.0003,-0.0331443075058484));
#8409=CARTESIAN_POINT('',(-0.00775633239565587,-0.000299999999999999,-0.0333135732476798));
#8410=CARTESIAN_POINT('',(-0.00808930773369987,-0.000300000000000002,-0.0335266146703932));
#8411=CARTESIAN_POINT('',(-0.00852039599395518,-0.000300000000000002,-0.0337499281697544));
#8412=CARTESIAN_POINT('',(-0.00910830038488782,-0.000299999999999998,-0.033926090649293));
#8413=CARTESIAN_POINT('',(-0.00934955185368279,-0.000300000000000006,-0.0335286063066122));
#8414=CARTESIAN_POINT('',(-0.0101093141078223,-0.000299999999999998,-0.033469874536237));
#8415=CARTESIAN_POINT('',(-0.0107610146033032,-0.0003,-0.0338138514877001));
#8416=CARTESIAN_POINT('',(-0.0108747280329945,-0.0003,-0.0342305901507724));
#8417=CARTESIAN_POINT('',(-0.0109110653638707,-0.0003,-0.034440200340752));
#8418=CARTESIAN_POINT('',(-0.0010938358027488,-0.0127,-0.0332133546471596));
#8419=CARTESIAN_POINT('',(-0.0010938358027488,-0.0003,-0.0332133546471596));
#8420=CARTESIAN_POINT('',(-0.000783052734816657,-0.0127,-0.0331728518873221));
#8421=CARTESIAN_POINT('',(-0.000783052734816657,-0.0003,-0.0331728518873221));
#8422=CARTESIAN_POINT('',(0.00032325909033289,-0.0127,-0.033587017677691));
#8423=CARTESIAN_POINT('',(0.00032325909033289,-0.0003,-0.033587017677691));
#8424=CARTESIAN_POINT('',(0.0011793096559851,-0.0127,-0.0349872503712797));
#8425=CARTESIAN_POINT('',(0.0011793096559851,-0.0003,-0.0349872503712797));
#8426=CARTESIAN_POINT('',(0.00293656907863878,-0.0127,-0.0343829372794166));
#8427=CARTESIAN_POINT('',(0.00293656907863878,-0.0003,-0.0343829372794166));
#8428=CARTESIAN_POINT('',(0.00376883975011557,-0.0127,-0.0352330390976451));
#8429=CARTESIAN_POINT('',(0.00376883975011557,-0.0003,-0.0352330390976451));
#8430=CARTESIAN_POINT('',(0.00297426918925742,-0.0127,-0.036648741712164));
#8431=CARTESIAN_POINT('',(0.00297426918925742,-0.0003,-0.036648741712164));
#8432=CARTESIAN_POINT('',(0.00171059815383847,-0.0127,-0.0370700002476196));
#8433=CARTESIAN_POINT('',(0.00171059815383847,-0.0003,-0.0370700002476196));
#8434=CARTESIAN_POINT('',(-0.000247345405780808,-0.0127,-0.037061809929328));
#8435=CARTESIAN_POINT('',(-0.000247345405780808,-0.0003,-0.037061809929328));
#8436=CARTESIAN_POINT('',(-0.00160506067435348,-0.0127,-0.0362868629056938));
#8437=CARTESIAN_POINT('',(-0.00160506067435348,-0.0003,-0.0362868629056938));
#8438=CARTESIAN_POINT('',(-0.00182900994449712,-0.0127,-0.0348485162897825));
#8439=CARTESIAN_POINT('',(-0.00182900994449712,-0.0003,-0.0348485162897825));
#8440=CARTESIAN_POINT('',(-0.00139303192629385,-0.0127,-0.0340360408555294));
#8441=CARTESIAN_POINT('',(-0.00139303192629385,-0.0003,-0.0340360408555294));
#8442=CARTESIAN_POINT('',(-0.00148340511616925,-0.0127,-0.0334367792582353));
#8443=CARTESIAN_POINT('',(-0.00148340511616925,-0.0003,-0.0334367792582353));
#8444=CARTESIAN_POINT('',(-0.00126233748531775,-0.0127,-0.0332353146053604));
#8445=CARTESIAN_POINT('',(-0.00126233748531775,-0.0003,-0.0332353146053604));
#8446=CARTESIAN_POINT('',(-0.0010938358027488,-0.0127,-0.0332133546471596));
#8447=CARTESIAN_POINT('',(-0.0010938358027488,-0.0003,-0.0332133546471596));
#8448=CARTESIAN_POINT('',(-0.000387396621722511,-0.0003,-0.0333181129946418));
#8449=CARTESIAN_POINT('',(-0.00103988472059761,-0.0003,-0.0331405560474355));
#8450=CARTESIAN_POINT('',(-0.00136485999176995,-0.0003,-0.0333145626098063));
#8451=CARTESIAN_POINT('',(-0.00144932884257726,-0.0003,-0.0335571060728729));
#8452=CARTESIAN_POINT('',(-0.00143582654081822,-0.000299999999999999,-0.033863151749636));
#8453=CARTESIAN_POINT('',(-0.00150414201274624,-0.000300000000000003,-0.0341948092330492));
#8454=CARTESIAN_POINT('',(-0.0016427225863377,-0.000299999999999999,-0.0345524886310538));
#8455=CARTESIAN_POINT('',(-0.00176629433853234,-0.000300000000000004,-0.0351064021415389));
#8456=CARTESIAN_POINT('',(-0.0016499695282871,-0.000299999999999999,-0.035952805439919));
#8457=CARTESIAN_POINT('',(-0.00101776425245129,-0.0003,-0.0366680175041859));
#8458=CARTESIAN_POINT('',(8.95247385229808E-8,-0.0003,-0.0370138385670652));
#8459=CARTESIAN_POINT('',(0.00120288146687484,-0.0003,-0.0370629674692855));
#8460=CARTESIAN_POINT('',(0.00223695997669059,-0.0003,-0.0369252850186716));
#8461=CARTESIAN_POINT('',(0.00300737182811938,-0.0003,-0.0364898076613688));
#8462=CARTESIAN_POINT('',(0.00361772355832958,-0.0003,-0.0355186723545824));
#8463=CARTESIAN_POINT('',(0.00343891176038827,-0.0003,-0.0348408087679657));
#8464=CARTESIAN_POINT('',(0.00292457362598895,-0.0003,-0.0346023720377725));
#8465=CARTESIAN_POINT('',(0.00225858230757801,-0.0003,-0.0346194428693451));
#8466=CARTESIAN_POINT('',(0.00130947270267798,-0.000300000000000003,-0.0347919786272109));
#8467=CARTESIAN_POINT('',(0.000726556575315733,-0.0003,-0.0342340490700612));
#8468=CARTESIAN_POINT('',(0.000231873810946862,-0.0003,-0.0337240295826021));
#8469=CARTESIAN_POINT('',(-0.000387396621722511,-0.0003,-0.0333181129946418));
#8470=CARTESIAN_POINT('',(-0.00103988472059761,-0.0003,-0.0331405560474355));
#8471=CARTESIAN_POINT('',(-0.00136485999176995,-0.0003,-0.0333145626098063));
#8472=CARTESIAN_POINT('',(-0.0010938358027488,-0.0003,-0.0332133546471596));
#8473=CARTESIAN_POINT('',(-0.000646465516183525,-0.0127,-0.0341303534805774));
#8474=CARTESIAN_POINT('',(-0.000646465516183525,-9.99999999999994E-5,-0.0341303534805774));
#8475=CARTESIAN_POINT('',(-0.000691779368128454,-0.0127,-0.0342536993649448));
#8476=CARTESIAN_POINT('',(-0.000691779368128454,-9.99999999999994E-5,-0.0342536993649448));
#8477=CARTESIAN_POINT('',(-0.000424609789259917,-0.0127,-0.0348821686279932));
#8478=CARTESIAN_POINT('',(-0.000424609789259917,-9.99999999999994E-5,-0.0348821686279932));
#8479=CARTESIAN_POINT('',(-0.00103884108433916,-0.0127,-0.0353272299823124));
#8480=CARTESIAN_POINT('',(-0.00103884108433916,-9.99999999999994E-5,-0.0353272299823124));
#8481=CARTESIAN_POINT('',(-0.000705962596860783,-0.0127,-0.0359215843021614));
#8482=CARTESIAN_POINT('',(-0.000705962596860783,-9.99999999999994E-5,-0.0359215843021614));
#8483=CARTESIAN_POINT('',(0.000324818368279391,-0.0127,-0.0363656938147391));
#8484=CARTESIAN_POINT('',(0.000324818368279391,-9.99999999999994E-5,-0.0363656938147391));
#8485=CARTESIAN_POINT('',(0.0012268196304472,-0.0127,-0.036368606612264));
#8486=CARTESIAN_POINT('',(0.0012268196304472,-9.99999999999994E-5,-0.036368606612264));
#8487=CARTESIAN_POINT('',(0.00206205323082514,-0.0127,-0.0364441682401999));
#8488=CARTESIAN_POINT('',(0.00206205323082514,-9.99999999999994E-5,-0.0364441682401999));
#8489=CARTESIAN_POINT('',(0.00243181551170841,-0.0127,-0.036032090150169));
#8490=CARTESIAN_POINT('',(0.00243181551170841,-9.99999999999994E-5,-0.036032090150169));
#8491=CARTESIAN_POINT('',(0.00277390762441719,-0.0127,-0.0353235371898628));
#8492=CARTESIAN_POINT('',(0.00277390762441719,-9.99999999999994E-5,-0.0353235371898628));
#8493=CARTESIAN_POINT('',(0.00208267986612867,-0.0127,-0.0353533860161796));
#8494=CARTESIAN_POINT('',(0.00208267986612867,-9.99999999999994E-5,-0.0353533860161796));
#8495=CARTESIAN_POINT('',(0.00152278895694116,-0.0127,-0.0353152658770381));
#8496=CARTESIAN_POINT('',(0.00152278895694116,-9.99999999999994E-5,-0.0353152658770381));
#8497=CARTESIAN_POINT('',(0.00086692583765749,-0.0127,-0.0354330178237026));
#8498=CARTESIAN_POINT('',(0.00086692583765749,-9.99999999999994E-5,-0.0354330178237026));
#8499=CARTESIAN_POINT('',(0.000609576665254015,-0.0127,-0.0348065635237323));
#8500=CARTESIAN_POINT('',(0.000609576665254015,-9.99999999999994E-5,-0.0348065635237323));
#8501=CARTESIAN_POINT('',(7.80816046544299E-5,-0.0127,-0.0345414467588882));
#8502=CARTESIAN_POINT('',(7.80816046544299E-5,-9.99999999999994E-5,-0.0345414467588882));
#8503=CARTESIAN_POINT('',(0.000192498846265954,-0.0127,-0.0343065117199415));
#8504=CARTESIAN_POINT('',(0.000192498846265954,-9.99999999999994E-5,-0.0343065117199415));
#8505=CARTESIAN_POINT('',(-0.000380923070631403,-0.0127,-0.0340515974599512));
#8506=CARTESIAN_POINT('',(-0.000380923070631403,-9.99999999999994E-5,-0.0340515974599512));
#8507=CARTESIAN_POINT('',(-0.000618935074871173,-0.0127,-0.0340554146597767));
#8508=CARTESIAN_POINT('',(-0.000618935074871173,-9.99999999999994E-5,-0.0340554146597767));
#8509=CARTESIAN_POINT('',(-0.000646465516183525,-0.0127,-0.0341303534805774));
#8510=CARTESIAN_POINT('',(-0.000646465516183525,-9.99999999999994E-5,-0.0341303534805774));
#8511=CARTESIAN_POINT('',(-0.000511658378523781,-9.99999999999994E-5,-0.0346678563873108));
#8512=CARTESIAN_POINT('',(-0.000744755322240169,-9.99999999999994E-5,-0.0341022441396577));
#8513=CARTESIAN_POINT('',(-0.000508160139999335,-9.99999999999994E-5,-0.0340451691005037));
#8514=CARTESIAN_POINT('',(-0.000191583474671937,-9.99999999999994E-5,-0.0341394383204718));
#8515=CARTESIAN_POINT('',(0.000122302659478384,-9.99999999999994E-5,-0.0342975007834227));
#8516=CARTESIAN_POINT('',(0.000121271460478059,-9.99999999999994E-5,-0.034448207505337));
#8517=CARTESIAN_POINT('',(0.000196023182972212,-9.99999999999994E-5,-0.0345930614797564));
#8518=CARTESIAN_POINT('',(0.000480679828656875,-9.99999999999992E-5,-0.034769115545736));
#8519=CARTESIAN_POINT('',(0.000686424822964743,-0.0001,-0.0350258800004582));
#8520=CARTESIAN_POINT('',(0.000850697202362977,-9.99999999999964E-5,-0.0352834790900245));
#8521=CARTESIAN_POINT('',(0.00109123797857091,-0.0001,-0.035379812623059));
#8522=CARTESIAN_POINT('',(0.00139891063374857,-9.99999999999992E-5,-0.0353476868667344));
#8523=CARTESIAN_POINT('',(0.00169995976216044,-9.99999999999995E-5,-0.035330856721436));
#8524=CARTESIAN_POINT('',(0.00199215831145231,-9.99999999999992E-5,-0.0353437125771126));
#8525=CARTESIAN_POINT('',(0.00232313172695854,-0.0001,-0.0353376815647613));
#8526=CARTESIAN_POINT('',(0.00261084664505008,-9.99999999999964E-5,-0.0353668378413618));
#8527=CARTESIAN_POINT('',(0.00263803307355814,-0.0001,-0.0355890768818905));
#8528=CARTESIAN_POINT('',(0.00247614679351928,-9.99999999999992E-5,-0.0359183776792881));
#8529=CARTESIAN_POINT('',(0.0022966829648695,-9.99999999999995E-5,-0.0361828035325636));
#8530=CARTESIAN_POINT('',(0.00202566917466315,-9.99999999999994E-5,-0.0364070422084157));
#8531=CARTESIAN_POINT('',(0.00145093204014413,-9.99999999999994E-5,-0.0363930343338685));
#8532=CARTESIAN_POINT('',(0.000737099573242059,-9.99999999999994E-5,-0.0363753836303668));
#8533=CARTESIAN_POINT('',(-5.18729849016366E-5,-9.99999999999994E-5,-0.0362251677799608));
#8534=CARTESIAN_POINT('',(-0.000677985872332815,-9.99999999999994E-5,-0.0358768837537507));
#8535=CARTESIAN_POINT('',(-0.000917696175901834,-9.99999999999994E-5,-0.0355405701495558));
#8536=CARTESIAN_POINT('',(-0.000903488182050391,-9.99999999999994E-5,-0.0352925170785942));
#8537=CARTESIAN_POINT('',(-0.000694746230246307,-9.99999999999994E-5,-0.0350618140450185));
#8538=CARTESIAN_POINT('',(-0.000511658378523781,-9.99999999999994E-5,-0.0346678563873108));
#8539=CARTESIAN_POINT('',(-0.000744755322240169,-9.99999999999994E-5,-0.0341022441396577));
#8540=CARTESIAN_POINT('',(-0.000508160139999335,-9.99999999999994E-5,-0.0340451691005037));
#8541=CARTESIAN_POINT('',(-0.000646465516183525,-0.0001,-0.0341303534805774));
#8542=CARTESIAN_POINT('',(-0.000646465516183525,-0.0127,-0.0341303534805774));
#8543=CARTESIAN_POINT('',(-0.000691779368128454,-0.0127,-0.0342536993649448));
#8544=CARTESIAN_POINT('',(-0.000424609789259917,-0.0127,-0.0348821686279932));
#8545=CARTESIAN_POINT('',(-0.00103884108433916,-0.0127,-0.0353272299823124));
#8546=CARTESIAN_POINT('',(-0.000705962596860783,-0.0127,-0.0359215843021614));
#8547=CARTESIAN_POINT('',(0.000324818368279391,-0.0127,-0.0363656938147391));
#8548=CARTESIAN_POINT('',(0.0012268196304472,-0.0127,-0.036368606612264));
#8549=CARTESIAN_POINT('',(0.00206205323082514,-0.0127,-0.0364441682401999));
#8550=CARTESIAN_POINT('',(0.00243181551170841,-0.0127,-0.036032090150169));
#8551=CARTESIAN_POINT('',(0.00277390762441719,-0.0127,-0.0353235371898628));
#8552=CARTESIAN_POINT('',(0.00208267986612867,-0.0127,-0.0353533860161796));
#8553=CARTESIAN_POINT('',(0.00152278895694116,-0.0127,-0.0353152658770381));
#8554=CARTESIAN_POINT('',(0.00086692583765749,-0.0127,-0.0354330178237026));
#8555=CARTESIAN_POINT('',(0.000609576665254015,-0.0127,-0.0348065635237323));
#8556=CARTESIAN_POINT('',(7.80816046544299E-5,-0.0127,-0.0345414467588882));
#8557=CARTESIAN_POINT('',(0.000192498846265954,-0.0127,-0.0343065117199415));
#8558=CARTESIAN_POINT('',(-0.000380923070631403,-0.0127,-0.0340515974599512));
#8559=CARTESIAN_POINT('',(-0.000618935074871173,-0.0127,-0.0340554146597767));
#8560=CARTESIAN_POINT('',(-0.000646465516183525,-0.0127,-0.0341303534805774));
#8561=CARTESIAN_POINT('',(-0.000646465516183525,-0.0127,-0.0341303534805774));
#8562=CARTESIAN_POINT('',(-0.00317383036186142,-0.0127,-0.0351214260674708));
#8563=CARTESIAN_POINT('',(-0.00745167816057801,-0.0127,-0.0341303534805774));
#8564=CARTESIAN_POINT('',(-0.00745167816057801,-0.0003,-0.0341303534805774));
#8565=CARTESIAN_POINT('',(-0.00732782961030888,-0.0127,-0.0343727677274442));
#8566=CARTESIAN_POINT('',(-0.00732782961030888,-0.0003,-0.0343727677274442));
#8567=CARTESIAN_POINT('',(-0.00704829465225996,-0.0127,-0.0351905269615696));
#8568=CARTESIAN_POINT('',(-0.00704829465225996,-0.0003,-0.0351905269615696));
#8569=CARTESIAN_POINT('',(-0.00775238644453758,-0.0127,-0.0361123860809627));
#8570=CARTESIAN_POINT('',(-0.00775238644453758,-0.0003,-0.0361123860809627));
#8571=CARTESIAN_POINT('',(-0.00835875723705219,-0.0127,-0.0359244659018988));
#8572=CARTESIAN_POINT('',(-0.00835875723705219,-0.0003,-0.0359244659018988));
#8573=CARTESIAN_POINT('',(-0.00887282887180526,-0.0127,-0.0362585424013341));
#8574=CARTESIAN_POINT('',(-0.00887282887180526,-0.0003,-0.0362585424013341));
#8575=CARTESIAN_POINT('',(-0.00931375242372208,-0.0127,-0.0363469637156577));
#8576=CARTESIAN_POINT('',(-0.00931375242372208,-0.0003,-0.0363469637156577));
#8577=CARTESIAN_POINT('',(-0.00991728967488123,-0.0127,-0.0359301437333423));
#8578=CARTESIAN_POINT('',(-0.00991728967488123,-0.0003,-0.0359301437333423));
#8579=CARTESIAN_POINT('',(-0.0101853521854406,-0.0127,-0.0354396394660675));
#8580=CARTESIAN_POINT('',(-0.0101853521854406,-0.0003,-0.0354396394660675));
#8581=CARTESIAN_POINT('',(-0.00999530337119178,-0.0127,-0.0348341493076359));
#8582=CARTESIAN_POINT('',(-0.00999530337119178,-0.0003,-0.0348341493076359));
#8583=CARTESIAN_POINT('',(-0.0101250440380126,-0.0127,-0.0340530229246073));
#8584=CARTESIAN_POINT('',(-0.0101250440380126,-0.0003,-0.0340530229246073));
#8585=CARTESIAN_POINT('',(-0.00893330289643033,-0.0127,-0.0344061410195345));
#8586=CARTESIAN_POINT('',(-0.00893330289643033,-0.0003,-0.0344061410195345));
#8587=CARTESIAN_POINT('',(-0.0082204749760809,-0.0127,-0.0343228522519123));
#8588=CARTESIAN_POINT('',(-0.0082204749760809,-0.0003,-0.0343228522519123));
#8589=CARTESIAN_POINT('',(-0.00766335380572467,-0.0127,-0.0338100380662412));
#8590=CARTESIAN_POINT('',(-0.00766335380572467,-0.0003,-0.0338100380662412));
#8591=CARTESIAN_POINT('',(-0.0075172043895132,-0.0127,-0.0340020960936091));
#8592=CARTESIAN_POINT('',(-0.0075172043895132,-0.0003,-0.0340020960936091));
#8593=CARTESIAN_POINT('',(-0.00745167816057801,-0.0127,-0.0341303534805774));
#8594=CARTESIAN_POINT('',(-0.00745167816057801,-0.0003,-0.0341303534805774));
#8595=CARTESIAN_POINT('',(-0.00768071981462319,-0.0003,-0.0338305796113518));
#8596=CARTESIAN_POINT('',(-0.00745890931955026,-0.0003,-0.0340543651168876));
#8597=CARTESIAN_POINT('',(-0.00719371187064384,-0.000300000000000001,-0.0347340808045627));
#8598=CARTESIAN_POINT('',(-0.00727214488845271,-0.000299999999999996,-0.0355003440120345));
#8599=CARTESIAN_POINT('',(-0.00776893649003113,-0.000300000000000004,-0.0360500441455118));
#8600=CARTESIAN_POINT('',(-0.00817010900638299,-0.0003,-0.0359794194703885));
#8601=CARTESIAN_POINT('',(-0.00848566643049122,-0.0003,-0.0360320758853012));
#8602=CARTESIAN_POINT('',(-0.00879798717891834,-0.0003,-0.036189835942618));
#8603=CARTESIAN_POINT('',(-0.00912438559429206,-0.0003,-0.0363581925943566));
#8604=CARTESIAN_POINT('',(-0.00960348299936858,-0.0003,-0.036169986096834));
#8605=CARTESIAN_POINT('',(-0.0100469992331572,-0.0003,-0.0357626358772205));
#8606=CARTESIAN_POINT('',(-0.0101505351370361,-0.0003,-0.0353337371456474));
#8607=CARTESIAN_POINT('',(-0.0100049597311643,-0.0003,-0.0347953837493462));
#8608=CARTESIAN_POINT('',(-0.0101041896450685,-0.0003,-0.0341876182706834));
#8609=CARTESIAN_POINT('',(-0.0095712596767061,-0.0003,-0.0342227714741889));
#8610=CARTESIAN_POINT('',(-0.00905352973005297,-0.000299999999999999,-0.0343296221191116));
#8611=CARTESIAN_POINT('',(-0.00861042448098718,-0.000300000000000003,-0.0343724122500314));
#8612=CARTESIAN_POINT('',(-0.00818134069753175,-0.000299999999999999,-0.0342682469702955));
#8613=CARTESIAN_POINT('',(-0.00768071981462319,-0.0003,-0.0338305796113518));
#8614=CARTESIAN_POINT('',(-0.00745890931955026,-0.0003,-0.0340543651168876));
#8615=CARTESIAN_POINT('',(-0.00719371187064384,-0.000300000000000001,-0.0347340808045627));
#8616=CARTESIAN_POINT('',(-0.00745167816057801,-0.0003,-0.0341303534805774));
#8617=CARTESIAN_POINT('',(-0.00745167816057801,-0.0127,-0.0341303534805774));
#8618=CARTESIAN_POINT('',(-0.00732782961030888,-0.0127,-0.0343727677274442));
#8619=CARTESIAN_POINT('',(-0.00704829465225996,-0.0127,-0.0351905269615696));
#8620=CARTESIAN_POINT('',(-0.00775238644453758,-0.0127,-0.0361123860809627));
#8621=CARTESIAN_POINT('',(-0.00835875723705219,-0.0127,-0.0359244659018988));
#8622=CARTESIAN_POINT('',(-0.00887282887180526,-0.0127,-0.0362585424013341));
#8623=CARTESIAN_POINT('',(-0.00931375242372208,-0.0127,-0.0363469637156577));
#8624=CARTESIAN_POINT('',(-0.00991728967488123,-0.0127,-0.0359301437333423));
#8625=CARTESIAN_POINT('',(-0.0101853521854406,-0.0127,-0.0354396394660675));
#8626=CARTESIAN_POINT('',(-0.00999530337119178,-0.0127,-0.0348341493076359));
#8627=CARTESIAN_POINT('',(-0.0101250440380126,-0.0127,-0.0340530229246073));
#8628=CARTESIAN_POINT('',(-0.00893330289643033,-0.0127,-0.0344061410195345));
#8629=CARTESIAN_POINT('',(-0.0082204749760809,-0.0127,-0.0343228522519123));
#8630=CARTESIAN_POINT('',(-0.00766335380572467,-0.0127,-0.0338100380662412));
#8631=CARTESIAN_POINT('',(-0.0075172043895132,-0.0127,-0.0340020960936091));
#8632=CARTESIAN_POINT('',(-0.00745167816057801,-0.0127,-0.0341303534805774));
#8633=CARTESIAN_POINT('',(-0.00745167816057801,-0.0127,-0.0341303534805774));
#8634=CARTESIAN_POINT('',(-0.00317383036186142,-0.0127,-0.0351214260674708));
#8635=CARTESIAN_POINT('',(-0.010784591051099,1.62630325872826E-19,-0.0354667297755217));
#8636=CARTESIAN_POINT('',(-0.0107689822798697,1.62630325872826E-19,-0.0353766792841731));
#8637=CARTESIAN_POINT('',(-0.0107533614316741,1.62630325872826E-19,-0.0352866309354118));
#8638=CARTESIAN_POINT('',(-0.0107159819400026,1.62630325872826E-19,-0.0350715248160333));
#8639=CARTESIAN_POINT('',(-0.0106945027828081,1.62630325872826E-19,-0.0349464174932138));
#8640=CARTESIAN_POINT('',(-0.0106508354110927,1.62630325872826E-19,-0.0346963285151705));
#8641=CARTESIAN_POINT('',(-0.0106310883524268,1.27919090085748E-18,-0.0345710078670706));
#8642=CARTESIAN_POINT('',(-0.0105831379357243,-9.53930249111825E-19,-0.0343214913027149));
#8643=CARTESIAN_POINT('',(-0.0105458223195745,5.44387630631669E-19,-0.034198688092202));
#8644=CARTESIAN_POINT('',(-0.0104430515871015,-2.82483265065956E-20,-0.0340369909776048));
#8645=CARTESIAN_POINT('',(-0.010399795672464,5.3403748959046E-18,-0.0339907666925433));
#8646=CARTESIAN_POINT('',(-0.0102948387771979,-5.01511424415894E-18,-0.0339167219263654));
#8647=CARTESIAN_POINT('',(-0.0102371516606039,-2.95142131733554E-19,-0.0338903994669925));
#8648=CARTESIAN_POINT('',(-0.010116536309175,6.20402783479204E-19,-0.0338489074311728));
#8649=CARTESIAN_POINT('',(-0.0100552594297933,-2.81707611607171E-18,-0.0338340931620791));
#8650=CARTESIAN_POINT('',(-0.00993101569263631,3.14233676781738E-18,-0.0338143663731822));
#8651=CARTESIAN_POINT('',(-0.00986793335498997,3.17266720517464E-18,-0.0338092185658787));
#8652=CARTESIAN_POINT('',(-0.00977226916227789,-1.3423881137781E-18,-0.0338106073271423));
#8653=CARTESIAN_POINT('',(-0.00974063812493718,7.0412728448105E-19,-0.0338124670937571));
#8654=CARTESIAN_POINT('',(-0.00967793815506384,-3.78866632735389E-19,-0.0338202529718404));
#8655=CARTESIAN_POINT('',(-0.00964707296126153,-4.15709582732733E-19,-0.0338260681965382));
#8656=CARTESIAN_POINT('',(-0.00958555200489743,7.40970234478385E-19,-0.0338443383345754));
#8657=CARTESIAN_POINT('',(-0.00955668661135894,5.11473064143215E-19,-0.0338591206443074));
#8658=CARTESIAN_POINT('',(-0.00950431124940972,-1.86212412397563E-19,-0.0338939131007901));
#8659=CARTESIAN_POINT('',(-0.00947928368603309,5.77815096960401E-19,-0.0339134314006697));
#8660=CARTESIAN_POINT('',(-0.0094044572868235,-6.67739216302326E-19,-0.0339713102896368));
#8661=CARTESIAN_POINT('',(-0.0093537958211451,-5.2755056487338E-18,-0.0340096346934596));
#8662=CARTESIAN_POINT('',(-0.00924489616079347,3.96595872549056E-19,-0.0340715122187061));
#8663=CARTESIAN_POINT('',(-0.00918617134885182,-5.28621864220498E-19,-0.0340961408646617));
#8664=CARTESIAN_POINT('',(-0.00900388589306327,1.54513470605946E-18,-0.0341407202908868));
#8665=CARTESIAN_POINT('',(-0.00887599593873367,-8.12508332303088E-19,-0.0341372140266619));
#8666=CARTESIAN_POINT('',(-0.00850705829694045,2.11290764222466E-18,-0.0340607892225958));
#8667=CARTESIAN_POINT('',(-0.00828153442192745,1.97326541684506E-18,-0.0339592669493009));
#8668=CARTESIAN_POINT('',(-0.00795238022154855,-7.42687219613292E-19,-0.0337933206638378));
#8669=CARTESIAN_POINT('',(-0.0078471680338856,-1.38257851222727E-18,-0.0337251772934028));
#8670=CARTESIAN_POINT('',(-0.00763534209151649,-3.4963312639575E-18,-0.0335998835623469));
#8671=CARTESIAN_POINT('',(-0.00752727413705203,1.7824961159249E-18,-0.0335323066307818));
#8672=CARTESIAN_POINT('',(-0.00733948597643465,-6.47302569153206E-19,-0.0335135110149205));
#8673=CARTESIAN_POINT('',(-0.00727661841786472,9.36684299249267E-19,-0.0335260064442197));
#8674=CARTESIAN_POINT('',(-0.00716859535044771,-6.11423647503623E-19,-0.033588293008709));
#8675=CARTESIAN_POINT('',(-0.00712503571150067,-8.50558420294879E-19,-0.0336350141159305));
#8676=CARTESIAN_POINT('',(-0.00702607810828167,-5.61724782368738E-18,-0.0337914834760199));
#8677=CARTESIAN_POINT('',(-0.00698225451050639,-1.30726843198732E-18,-0.0339061624375278));
#8678=CARTESIAN_POINT('',(-0.0069121348074242,1.63252908373298E-18,-0.0341415918520731));
#8679=CARTESIAN_POINT('',(-0.00688776128611819,5.6930547309616E-19,-0.0342607616203184));
#8680=CARTESIAN_POINT('',(-0.00685082183011038,-2.44044821350508E-19,-0.0345013432691983));
#8681=CARTESIAN_POINT('',(-0.00683895255762795,-5.0246943473117E-20,-0.0346226408475645));
#8682=CARTESIAN_POINT('',(-0.00681999447761622,5.88384864564712E-19,-0.034989738664851));
#8683=CARTESIAN_POINT('',(-0.00682905421621158,-9.87052228085495E-18,-0.035233754240904));
#8684=CARTESIAN_POINT('',(-0.00688737408190206,1.27607880828889E-18,-0.035594294150005));
#8685=CARTESIAN_POINT('',(-0.00691533312798681,-2.1467662830966E-18,-0.0357150185619988));
#8686=CARTESIAN_POINT('',(-0.00699442122249388,2.47202693484227E-18,-0.0359466763027289));
#8687=CARTESIAN_POINT('',(-0.00704458811382905,-1.77007031376638E-18,-0.0360594296457864));
#8688=CARTESIAN_POINT('',(-0.00714662060893276,1.12898064569242E-18,-0.0362131536343665));
#8689=CARTESIAN_POINT('',(-0.00718444467546692,-1.93210970203777E-19,-0.0362616009883501));
#8690=CARTESIAN_POINT('',(-0.00727295118346613,5.18471621949431E-19,-0.0363478638884038));
#8691=CARTESIAN_POINT('',(-0.00732349910786565,3.43088155979752E-18,-0.0363858053926808));
#8692=CARTESIAN_POINT('',(-0.00743850719977654,-3.10562090805187E-18,-0.0364323595932524));
#8693=CARTESIAN_POINT('',(-0.00750136252858469,-1.67177972248568E-18,-0.0364357201188601));
#8694=CARTESIAN_POINT('',(-0.00762458979283672,-3.20713005369907E-18,-0.0364333194305428));
#8695=CARTESIAN_POINT('',(-0.00768655252923459,-9.52692344229057E-19,-0.0364264804612288));
#8696=CARTESIAN_POINT('',(-0.00787042099171832,2.39327566607661E-18,-0.0364087168648165));
#8697=CARTESIAN_POINT('',(-0.0079940342835523,2.04971431168251E-18,-0.0363954502180949));
#8698=CARTESIAN_POINT('',(-0.00824287783888721,3.47971676799356E-18,-0.0364037579056763));
#8699=CARTESIAN_POINT('',(-0.00836895772795108,-5.86510708961469E-19,-0.0364278492565514));
#8700=CARTESIAN_POINT('',(-0.00862365552624949,9.1177136070712E-19,-0.0365068700146388));
#8701=CARTESIAN_POINT('',(-0.0087522641050875,-2.96430006124469E-18,-0.0365616379359893));
#8702=CARTESIAN_POINT('',(-0.00894485373235401,1.7260955194316E-18,-0.0366398549806541));
#8703=CARTESIAN_POINT('',(-0.00900898974321378,-1.94405898443118E-18,-0.0366652040956257));
#8704=CARTESIAN_POINT('',(-0.00913642476975791,2.26931963617679E-18,-0.0367057532937282));
#8705=CARTESIAN_POINT('',(-0.00919951109500775,-2.33686627947427E-18,-0.0367184040583128));
#8706=CARTESIAN_POINT('',(-0.00938584736646627,5.16162353656703E-18,-0.0367209217048527));
#8707=CARTESIAN_POINT('',(-0.00950753665995724,5.1847394358358E-19,-0.036691968309387));
#8708=CARTESIAN_POINT('',(-0.0097508864091896,-1.93213291837932E-19,-0.0366336286072208));
#8709=CARTESIAN_POINT('',(-0.00987237018346865,6.6976174234842E-19,-0.0366023517845611));
#8710=CARTESIAN_POINT('',(-0.0100816130390707,-2.01610607118364E-19,-0.0365540765465816));
#8711=CARTESIAN_POINT('',(-0.010169012145237,-3.04239948013136E-19,-0.0365331899470293));
#8712=CARTESIAN_POINT('',(-0.0102563807311709,-2.86182189887787E-19,-0.0365119771256275));
#8713=CARTESIAN_POINT('',(-0.0110802932025884,-0.0003,-0.0354160856718256));
#8714=CARTESIAN_POINT('',(-0.0110646890479079,-0.0003,-0.0353260600966921));
#8715=CARTESIAN_POINT('',(-0.0110490429474925,-0.0003,-0.0352358754578645));
#8716=CARTESIAN_POINT('',(-0.011011448016281,-0.0003,-0.0350196065785644));
#8717=CARTESIAN_POINT('',(-0.0109904698853114,-0.0003,-0.0348972033706024));
#8718=CARTESIAN_POINT('',(-0.0109460509737035,-0.0003,-0.0346430582171676));
#8719=CARTESIAN_POINT('',(-0.0109293341127336,-0.0003,-0.0345306763963761));
#8720=CARTESIAN_POINT('',(-0.0108735484566651,-0.0003,-0.0342457030827978));
#8721=CARTESIAN_POINT('',(-0.010830577221287,-0.0003,-0.0340903115579485));
#8722=CARTESIAN_POINT('',(-0.0106778039804857,-0.0003,-0.033845673479864));
#8723=CARTESIAN_POINT('',(-0.0106069017294288,-0.000299999999999997,-0.0337693910551403));
#8724=CARTESIAN_POINT('',(-0.0104347093469118,-0.000300000000000003,-0.0336486006582229));
#8725=CARTESIAN_POINT('',(-0.0103541577798183,-0.0003,-0.033613129716027));
#8726=CARTESIAN_POINT('',(-0.0101961376136923,-0.0003,-0.0335593037210081));
#8727=CARTESIAN_POINT('',(-0.0101183529703414,-0.0003,-0.0335403538050464));
#8728=CARTESIAN_POINT('',(-0.0099620026973725,-0.0003,-0.0335155275910646));
#8729=CARTESIAN_POINT('',(-0.00988372481797765,-0.0003,-0.033508734370781));
#8730=CARTESIAN_POINT('',(-0.00975841814106832,-0.0003,-0.0335108888325006));
#8731=CARTESIAN_POINT('',(-0.00971670269682294,-0.0003,-0.0335130796718502));
#8732=CARTESIAN_POINT('',(-0.00962827821929548,-0.0003,-0.0335241710642139));
#8733=CARTESIAN_POINT('',(-0.00958448085698633,-0.0003,-0.0335320602148582));
#8734=CARTESIAN_POINT('',(-0.00947331050462773,-0.0003,-0.033564383590356));
#8735=CARTESIAN_POINT('',(-0.00940466329552848,-0.0003,-0.0335993227849342));
#8736=CARTESIAN_POINT('',(-0.00932624735028912,-0.0003,-0.0336526696140392));
#8737=CARTESIAN_POINT('',(-0.00929454560964767,-0.0003,-0.0336772450900678));
#8738=CARTESIAN_POINT('',(-0.00922218020309889,-0.0003,-0.0337326496021858));
#8739=CARTESIAN_POINT('',(-0.00918509974643099,-0.000300000000000003,-0.0337604830672089));
#8740=CARTESIAN_POINT('',(-0.00911705968253213,-0.0003,-0.0337990620379948));
#8741=CARTESIAN_POINT('',(-0.00908544498034437,-0.0003,-0.0338115864207684));
#8742=CARTESIAN_POINT('',(-0.00898807157927516,-0.0003,-0.0338364478022775));
#8743=CARTESIAN_POINT('',(-0.00890773257104748,-0.0003,-0.0338341107793907));
#8744=CARTESIAN_POINT('',(-0.00860908223632506,-0.0003,-0.0337823428612312));
#8745=CARTESIAN_POINT('',(-0.00841074799214098,-0.0003,-0.0336839718208011));
#8746=CARTESIAN_POINT('',(-0.00809856002271249,-0.0003,-0.03353338928618));
#8747=CARTESIAN_POINT('',(-0.00800539544448202,-0.0003,-0.0334681005646452));
#8748=CARTESIAN_POINT('',(-0.00778522917988294,-0.0003,-0.0333421152119509));
#8749=CARTESIAN_POINT('',(-0.00765476966184274,-0.0003,-0.0332492919621538));
#8750=CARTESIAN_POINT('',(-0.00731220579742181,-0.0003,-0.0332064984328849));
#8751=CARTESIAN_POINT('',(-0.0071836773732355,-0.0003,-0.0332329466804238));
#8752=CARTESIAN_POINT('',(-0.00696354296892068,-0.0003,-0.0333605841886141));
#8753=CARTESIAN_POINT('',(-0.00688698114461439,-0.0003,-0.0334461311707603));
#8754=CARTESIAN_POINT('',(-0.00675053562937166,-0.000300000000000004,-0.0336742545652245));
#8755=CARTESIAN_POINT('',(-0.00670014220596463,-0.0003,-0.0338039150171647));
#8756=CARTESIAN_POINT('',(-0.0066188425375496,-0.0003,-0.0340738111108253));
#8757=CARTESIAN_POINT('',(-0.00659292701899442,-0.0003,-0.0342043250182853));
#8758=CARTESIAN_POINT('',(-0.00655258638852516,-0.0003,-0.0344668495648873));
#8759=CARTESIAN_POINT('',(-0.00653987233017893,-0.0003,-0.0345976141084001));
#8760=CARTESIAN_POINT('',(-0.00651933362754924,-0.0003,-0.0349937458432094));
#8761=CARTESIAN_POINT('',(-0.00652820240413456,-0.000300000000000006,-0.0352546221197083));
#8762=CARTESIAN_POINT('',(-0.00659357422586606,-0.0003,-0.035655717515794));
#8763=CARTESIAN_POINT('',(-0.00662482205710384,-0.0003,-0.0357928763953372));
#8764=CARTESIAN_POINT('',(-0.00671692657538937,-0.0003,-0.0360621304047012));
#8765=CARTESIAN_POINT('',(-0.00677427401040308,-0.0003,-0.036196693009161));
#8766=CARTESIAN_POINT('',(-0.00690635028368523,-0.0003,-0.0363926233122655));
#8767=CARTESIAN_POINT('',(-0.00695521541743874,-0.0003,-0.0364574082668142));
#8768=CARTESIAN_POINT('',(-0.00708312134799261,-0.0003,-0.0365814625672268));
#8769=CARTESIAN_POINT('',(-0.00715523060739223,-0.0003,-0.0366417763585356));
#8770=CARTESIAN_POINT('',(-0.00738388894295444,-0.0003,-0.0367334536984821));
#8771=CARTESIAN_POINT('',(-0.00749082115235623,-0.0003,-0.03673584509411));
#8772=CARTESIAN_POINT('',(-0.00764730573736153,-0.0003,-0.0367330709258157));
#8773=CARTESIAN_POINT('',(-0.00771575652940782,-0.0003,-0.0367239731469089));
#8774=CARTESIAN_POINT('',(-0.00790421356868983,-0.0003,-0.0367089962886661));
#8775=CARTESIAN_POINT('',(-0.00801017002811342,-0.0003,-0.0366960080181615));
#8776=CARTESIAN_POINT('',(-0.00820545213810467,-0.0003,-0.0367028222681122));
#8777=CARTESIAN_POINT('',(-0.00829790762938802,-0.0003,-0.0367201765466159));
#8778=CARTESIAN_POINT('',(-0.00851706495615942,-0.0003,-0.0367876428840931));
#8779=CARTESIAN_POINT('',(-0.00863656511762659,-0.0003,-0.0368387414564633));
#8780=CARTESIAN_POINT('',(-0.0088328286249449,-0.0003,-0.0369180076959002));
#8781=CARTESIAN_POINT('',(-0.00890488656170013,-0.0003,-0.0369465093611525));
#8782=CARTESIAN_POINT('',(-0.00906094043133933,-0.0003,-0.03699694110474));
#8783=CARTESIAN_POINT('',(-0.00916126106175295,-0.0003,-0.0370178146760721));
#8784=CARTESIAN_POINT('',(-0.00944114888257682,-0.000299999999999997,-0.037021850779954));
#8785=CARTESIAN_POINT('',(-0.00957523907484658,-0.0003,-0.0369836703903259));
#8786=CARTESIAN_POINT('',(-0.00982390279875664,-0.0003,-0.0369251916615954));
#8787=CARTESIAN_POINT('',(-0.00994113223297906,-0.0003,-0.0368936889579689));
#8788=CARTESIAN_POINT('',(-0.0101535765818618,-0.0003,-0.0368458108344913));
#8789=CARTESIAN_POINT('',(-0.0102413527566205,-0.0003,-0.0368249710066774));
#8790=CARTESIAN_POINT('',(-0.0103286549968741,-0.0003,-0.036803749955731));
#8791=CARTESIAN_POINT('',(-0.00768401176530218,-2.47334252769687E-18,-0.0336287154008987));
#8792=CARTESIAN_POINT('',(-0.00781963606151734,-3.31888655956416E-5,-0.0336693968831769));
#8793=CARTESIAN_POINT('',(-0.00803426166170625,-3.63271236409528E-5,-0.0338007213674837));
#8794=CARTESIAN_POINT('',(-0.00826940138566484,-1.10315430296426E-5,-0.0339372668040128));
#8795=CARTESIAN_POINT('',(-0.00841034279015837,-6.01261169382925E-6,-0.0340022990925662));
#8796=CARTESIAN_POINT('',(-0.00852958786607665,-9.05367948139141E-6,-0.0340422743378074));
#8797=CARTESIAN_POINT('',(-0.00860976070478905,-1.51251368373433E-5,-0.0340611536420418));
#8798=CARTESIAN_POINT('',(-0.00875152408179631,-2.97857080910378E-5,-0.034084354397684));
#8799=CARTESIAN_POINT('',(-0.00889618006528023,-4.45137022436804E-5,-0.034088091667794));
#8800=CARTESIAN_POINT('',(-0.0090062250104326,-5.35608273315516E-5,-0.0340810865501484));
#8801=CARTESIAN_POINT('',(-0.00922836224157574,-4.99837128657096E-5,-0.0340396946875192));
#8802=CARTESIAN_POINT('',(-0.00934677480929616,-2.13742083522311E-5,-0.0339879297854592));
#8803=CARTESIAN_POINT('',(-0.00942736532264982,-5.8551447311464E-19,-0.0339534524001468));
#8804=CARTESIAN_POINT('',(-0.00749516720041279,-0.0003,-0.0340446784186326));
#8805=CARTESIAN_POINT('',(-0.00736470008090846,-0.0003,-0.0343017036044672));
#8806=CARTESIAN_POINT('',(-0.00730100837171407,-0.0003,-0.0344852138602181));
#8807=CARTESIAN_POINT('',(-0.007228260158736,-0.0003,-0.0348544327738497));
#8808=CARTESIAN_POINT('',(-0.00722157427224843,-0.0003,-0.035037575593866));
#8809=CARTESIAN_POINT('',(-0.00729071788387393,-0.0003,-0.03537403311508));
#8810=CARTESIAN_POINT('',(-0.00736746901261374,-0.0003,-0.0355422085492516));
#8811=CARTESIAN_POINT('',(-0.00752379184952905,-0.0003,-0.0357522264053369));
#8812=CARTESIAN_POINT('',(-0.00758192038595968,-0.0003,-0.0358137768468818));
#8813=CARTESIAN_POINT('',(-0.0077086923963801,-0.0003,-0.0359159512684366));
#8814=CARTESIAN_POINT('',(-0.00777275550239473,-0.0003,-0.035952885204762));
#8815=CARTESIAN_POINT('',(-0.00787142447153727,-0.0003,-0.0359853157599671));
#8816=CARTESIAN_POINT('',(-0.00790646180697486,-0.0003,-0.0359931349102412));
#8817=CARTESIAN_POINT('',(-0.00798156829152993,-0.0003,-0.0360026560385689));
#8818=CARTESIAN_POINT('',(-0.00802188209884332,-0.0003,-0.0360043538125493));
#8819=CARTESIAN_POINT('',(-0.00811652095057812,-0.0003,-0.0360040407383363));
#8820=CARTESIAN_POINT('',(-0.00816993188087672,-0.0003,-0.0360029609021032));
#8821=CARTESIAN_POINT('',(-0.00831231151069939,-0.0003,-0.0360001284017108));
#8822=CARTESIAN_POINT('',(-0.00843835886387061,-0.0003,-0.0360249044831898));
#8823=CARTESIAN_POINT('',(-0.00857018737475763,-0.0003,-0.0360793923352873));
#8824=CARTESIAN_POINT('',(-0.0086324980697364,-0.0003,-0.0361072399493733));
#8825=CARTESIAN_POINT('',(-0.00873845483645276,-0.0003,-0.0361596202895958));
#8826=CARTESIAN_POINT('',(-0.00878591845159068,-0.0003,-0.0361841928523794));
#8827=CARTESIAN_POINT('',(-0.00892033238780781,-0.0003,-0.0362469171251254));
#8828=CARTESIAN_POINT('',(-0.00899496001646326,-0.0003,-0.0362745200511808));
#8829=CARTESIAN_POINT('',(-0.00921634728200191,-0.0003,-0.0363090200592395));
#8830=CARTESIAN_POINT('',(-0.00935450981048247,-0.0003,-0.0362738125084707));
#8831=CARTESIAN_POINT('',(-0.00967532206768478,-0.0003,-0.0360937672120865));
#8832=CARTESIAN_POINT('',(-0.00982701068254162,-0.0003,-0.0359673499600434));
#8833=CARTESIAN_POINT('',(-0.010048546684554,-0.0003,-0.0356934699525692));
#8834=CARTESIAN_POINT('',(-0.0101041347012343,-0.0003,-0.0355563956755432));
#8835=CARTESIAN_POINT('',(-0.010113813779992,-0.0003,-0.0353199316308041));
#8836=CARTESIAN_POINT('',(-0.0101018344615002,-0.0003,-0.03522645381555));
#8837=CARTESIAN_POINT('',(-0.010069144369168,-0.0003,-0.0350140238049248));
#8838=CARTESIAN_POINT('',(-0.0100461976718277,-0.0003,-0.0348805738398704));
#8839=CARTESIAN_POINT('',(-0.0100434358330661,-0.0003,-0.0346134621668897));
#8840=CARTESIAN_POINT('',(-0.0100474885685913,-0.0003,-0.0345211328556849));
#8841=CARTESIAN_POINT('',(-0.0100273837212724,-0.0003,-0.0343718060537489));
#8842=CARTESIAN_POINT('',(-0.0100072650320201,-0.0003,-0.0343261636812038));
#8843=CARTESIAN_POINT('',(-0.00995509717616278,-0.0003,-0.0342659921975354));
#8844=CARTESIAN_POINT('',(-0.00992153254812334,-0.0003,-0.0342456910602195));
#8845=CARTESIAN_POINT('',(-0.00979917764716896,-0.0003,-0.0342193973446814));
#8846=CARTESIAN_POINT('',(-0.00971486868254271,-0.0003,-0.0342196036757183));
#8847=CARTESIAN_POINT('',(-0.00942210600506098,-0.0003,-0.034251218259202));
#8848=CARTESIAN_POINT('',(-0.00920651226883337,-0.0003,-0.0343014932722197));
#8849=CARTESIAN_POINT('',(-0.00883901432774067,-0.0003,-0.0343532115422699));
#8850=CARTESIAN_POINT('',(-0.00869976063993983,-0.0003,-0.0343586870176385));
#8851=CARTESIAN_POINT('',(-0.0083995788134417,-0.0003,-0.0343192512473545));
#8852=CARTESIAN_POINT('',(-0.00823789159329046,-0.0003,-0.0342527488606778));
#8853=CARTESIAN_POINT('',(-0.00801384209758155,-0.0003,-0.0341123379229703));
#8854=CARTESIAN_POINT('',(-0.00792541697884507,-0.0003,-0.0340482023403339));
#8855=CARTESIAN_POINT('',(-0.00776724517213148,-0.0003,-0.0339520894481515));
#8856=CARTESIAN_POINT('',(-0.00770769875185192,-0.0003,-0.0339300824625801));
#8857=CARTESIAN_POINT('',(-0.0076332033939905,-0.0003,-0.0339268188619389));
#8858=CARTESIAN_POINT('',(-0.00760372188358175,-0.0003,-0.0339352345650192));
#8859=CARTESIAN_POINT('',(-0.00753424580892878,-0.0003,-0.0339897349521825));
#8860=CARTESIAN_POINT('',(-0.00749516720041279,-0.0003,-0.0340446784186326));
#8861=CARTESIAN_POINT('',(-0.00736470008090846,-0.0003,-0.0343017036044672));
#8862=CARTESIAN_POINT('',(-0.00723194647083112,1.51539381536538E-18,-0.0338962090463563));
#8863=CARTESIAN_POINT('',(-0.00708968058070646,-2.86815730485794E-18,-0.0341891788822573));
#8864=CARTESIAN_POINT('',(-0.00701268887081767,5.42101086242752E-20,-0.034397263518721));
#8865=CARTESIAN_POINT('',(-0.00692783440652086,5.42101086242752E-20,-0.034826715371621));
#8866=CARTESIAN_POINT('',(-0.0069177220575262,-7.73138453117121E-19,-0.0350496361171734));
#8867=CARTESIAN_POINT('',(-0.0070066759526847,8.81558670365672E-19,-0.0354818912025178));
#8868=CARTESIAN_POINT('',(-0.00710037835849709,-7.42234398042719E-20,-0.0356864865838821));
#8869=CARTESIAN_POINT('',(-0.00729693391781045,1.18426882838549E-19,-0.0359495488714714));
#8870=CARTESIAN_POINT('',(-0.00737110601519162,-1.32347591449515E-18,-0.0360291079029919));
#8871=CARTESIAN_POINT('',(-0.00754293541914174,1.4318961317437E-18,-0.0361677326397576));
#8872=CARTESIAN_POINT('',(-0.00763883869866399,-1.61915036020053E-18,-0.0362244084393702));
#8873=CARTESIAN_POINT('',(-0.00779720470223222,8.9089034303668E-19,-0.0362768347576984));
#8874=CARTESIAN_POINT('',(-0.0078518421844328,-7.73138159922376E-19,-0.0362886197515236));
#8875=CARTESIAN_POINT('',(-0.00796074729649748,8.81558377170927E-19,-0.0363024095640104));
#8876=CARTESIAN_POINT('',(-0.00801579760196213,6.29228801081556E-19,-0.036304465705628));
#8877=CARTESIAN_POINT('',(-0.0081261223681887,-5.20808583833006E-19,-0.0363039185378928));
#8878=CARTESIAN_POINT('',(-0.00818150450513687,-2.09131972486122E-18,-0.0363015688215962));
#8879=CARTESIAN_POINT('',(-0.00829170158987,2.19973994210978E-18,-0.0363014524177495));
#8880=CARTESIAN_POINT('',(-0.00834613474199274,-2.44005051695472E-18,-0.0363126917572576));
#8881=CARTESIAN_POINT('',(-0.00845157214093407,2.54847073420327E-18,-0.036353340555992));
#8882=CARTESIAN_POINT('',(-0.00850191116747756,-1.82297910289675E-18,-0.0363772898720853));
#8883=CARTESIAN_POINT('',(-0.00860241176515398,1.9313993201453E-18,-0.0364270724200898));
#8884=CARTESIAN_POINT('',(-0.00865230538089228,-3.17347057783452E-19,-0.0364527478489207));
#8885=CARTESIAN_POINT('',(-0.00880451622426419,7.9732444143973E-19,-0.0365242263070541));
#8886=CARTESIAN_POINT('',(-0.0089083342656422,3.02637224024051E-20,-0.0365635958296888));
#8887=CARTESIAN_POINT('',(-0.0092428843266959,1.02102881068015E-19,-0.0366188295757637));
#8888=CARTESIAN_POINT('',(-0.00946865575286339,6.99218361964931E-19,-0.0365560756883342));
#8889=CARTESIAN_POINT('',(-0.0098548609550257,-5.90798144716381E-19,-0.0363347145259933));
#8890=CARTESIAN_POINT('',(-0.010029534535844,-7.13463068473258E-19,-0.0361916868769355));
#8891=CARTESIAN_POINT('',(-0.0103130817714929,8.21883285721808E-19,-0.035845770721445));
#8892=CARTESIAN_POINT('',(-0.0104039783403871,-3.57143952210557E-19,-0.0356323178262355));
#8893=CARTESIAN_POINT('',(-0.0104136824956606,2.59887139041692E-19,-0.035295699153494));
#8894=CARTESIAN_POINT('',(-0.0103989845269952,6.12090469938477E-20,-0.0351851366266413));
#8895=CARTESIAN_POINT('',(-0.0103650266257861,4.72111702547028E-20,-0.0349641671767082));
#8896=CARTESIAN_POINT('',(-0.0103460781601488,3.15381640563551E-19,-0.034853826838795));
#8897=CARTESIAN_POINT('',(-0.0103434760919862,-2.06961423315001E-19,-0.0346304573973804));
#8898=CARTESIAN_POINT('',(-0.0103489709878908,9.97230841681393E-19,-0.0345180715681668));
#8899=CARTESIAN_POINT('',(-0.0103208756527446,-8.88810624432843E-19,-0.0342973720386743));
#8900=CARTESIAN_POINT('',(-0.0102820812189776,1.83877961010316E-19,-0.0341863545395711));
#8901=CARTESIAN_POINT('',(-0.0101356313204645,-7.54577437617657E-20,-0.0340150890718637));
#8902=CARTESIAN_POINT('',(-0.0100302749231358,1.10590090550435E-18,-0.0339605548327241));
#8903=CARTESIAN_POINT('',(-0.00981108283932473,-9.97480688255802E-19,-0.0339167885896067));
#8904=CARTESIAN_POINT('',(-0.00969604681426158,2.4698980743911E-19,-0.033919794249017));
#8905=CARTESIAN_POINT('',(-0.00936661524735302,-3.31349289005394E-19,-0.0339556689909776));
#8906=CARTESIAN_POINT('',(-0.00914575145384628,5.42101086242752E-20,-0.034009381461857));
#8907=CARTESIAN_POINT('',(-0.00881457155640477,5.42101086242752E-20,-0.0340526194663038));
#8908=CARTESIAN_POINT('',(-0.00870251911349331,3.43378591017489E-19,-0.0340571597511019));
#8909=CARTESIAN_POINT('',(-0.00848130886504645,-2.34958373768939E-19,-0.0340267568904492));
#8910=CARTESIAN_POINT('',(-0.00837613086196935,2.83246817848282E-18,-0.0339846124023716));
#8911=CARTESIAN_POINT('',(-0.00818747962686978,-2.72404796123427E-18,-0.0338678996424435));
#8912=CARTESIAN_POINT('',(-0.00809679322254516,2.63423997927782E-18,-0.0338012125286908));
#8913=CARTESIAN_POINT('',(-0.00790659217579227,-2.52581976202927E-18,-0.0336858044176783));
#8914=CARTESIAN_POINT('',(-0.00780183432111818,5.93672866799482E-20,-0.0336369420724928));
#8915=CARTESIAN_POINT('',(-0.00757905231952865,4.90529305686022E-20,-0.0336212930343596));
#8916=CARTESIAN_POINT('',(-0.00746691472664667,-1.04831767286389E-18,-0.033658158109226));
#8917=CARTESIAN_POINT('',(-0.00729301407290192,1.15673789011243E-18,-0.0338008858823731));
#8918=CARTESIAN_POINT('',(-0.00723194647083112,1.51539381536538E-18,-0.0338962090463563));
#8919=CARTESIAN_POINT('',(-0.00708968058070646,-2.86815730485794E-18,-0.0341891788822573));
#8920=CARTESIAN_POINT('',(-0.00106332428852303,-7.24774065073739E-18,-0.033511931397372));
#8921=CARTESIAN_POINT('',(-0.00103855002583119,1.49833722790927E-17,-0.0335086540932778));
#8922=CARTESIAN_POINT('',(-0.00102181602616836,2.91984392290808E-18,-0.0335080688933573));
#8923=CARTESIAN_POINT('',(-0.000988237038823257,-2.59458327116252E-18,-0.0335083379942413));
#8924=CARTESIAN_POINT('',(-0.00097150547603119,-1.41716684646628E-18,-0.0335093241707351));
#8925=CARTESIAN_POINT('',(-0.00092181667623571,3.32222467055104E-18,-0.0335137965861508));
#8926=CARTESIAN_POINT('',(-0.000889028677907259,9.06974109380427E-19,-0.0335190780042682));
#8927=CARTESIAN_POINT('',(-0.000791726979715726,-1.32605724114235E-18,-0.0335383405067957));
#8928=CARTESIAN_POINT('',(-0.000727897714395156,3.19806058598041E-19,-0.0335571653878758));
#8929=CARTESIAN_POINT('',(-0.000536539845947667,-1.51721139577605E-19,-0.0336221310343017));
#8930=CARTESIAN_POINT('',(-0.000416115472996694,2.05853343969437E-19,-0.0336810199595863));
#8931=CARTESIAN_POINT('',(-6.67062500217508E-5,7.61842896796022E-20,-0.0338732028205048));
#8932=CARTESIAN_POINT('',(0.000137066553213281,1.21948379720239E-18,-0.034058343792719));
#8933=CARTESIAN_POINT('',(0.000513198567234876,-8.9422314545674E-19,-0.0344408119031966));
#8934=CARTESIAN_POINT('',(0.00070011296544225,3.19572978969934E-18,-0.0346323479767288));
#8935=CARTESIAN_POINT('',(0.00115891213979959,-2.8704691379537E-18,-0.0349194120747128));
#8936=CARTESIAN_POINT('',(0.00142843311916493,6.69774066239805E-18,-0.0349792868884689));
#8937=CARTESIAN_POINT('',(0.00183359436665097,7.9820297855802E-19,-0.0349796888191796));
#8938=CARTESIAN_POINT('',(0.00196756908840347,-5.33211423478705E-19,-0.0349698946886519));
#8939=CARTESIAN_POINT('',(0.00223566772088334,8.5847207522435E-19,-0.0349443570342323));
#8940=CARTESIAN_POINT('',(0.00236985672011143,4.59562508618346E-18,-0.0349279314791762));
#8941=CARTESIAN_POINT('',(0.00263778178782275,9.33805993492608E-19,-0.0349115143392589));
#8942=CARTESIAN_POINT('',(0.00277623920506809,7.63977475632995E-19,-0.034907333803446));
#8943=CARTESIAN_POINT('',(0.00303320630752727,-5.64288725181777E-18,-0.0349764002296319));
#8944=CARTESIAN_POINT('',(0.0031550118474161,-1.29572722599445E-18,-0.0350662249658291));
#8945=CARTESIAN_POINT('',(0.00323183187331999,1.6209878777401E-18,-0.0353294661862772));
#8946=CARTESIAN_POINT('',(0.00319763426459289,-3.096014073014E-18,-0.0354673633300988));
#8947=CARTESIAN_POINT('',(0.00310739189371735,-1.78289570317076E-18,-0.0357170549250328));
#8948=CARTESIAN_POINT('',(0.00304170357777792,1.68812106869573E-18,-0.0358354105933868));
#8949=CARTESIAN_POINT('',(0.0028903547063627,3.84131001098035E-18,-0.0360562999080754));
#8950=CARTESIAN_POINT('',(0.00280500613624691,4.37127101838136E-18,-0.0361571214724307));
#8951=CARTESIAN_POINT('',(0.00261043270492711,1.15816006129473E-18,-0.0363390993830636));
#8952=CARTESIAN_POINT('',(0.00249946282847245,2.48533155148561E-18,-0.0364175378209792));
#8953=CARTESIAN_POINT('',(0.00214555013663262,-4.48277212535276E-18,-0.0365979121359131));
#8954=CARTESIAN_POINT('',(0.00187826618548321,-2.44583221184882E-18,-0.0366553654038214));
#8955=CARTESIAN_POINT('',(0.00134897568271288,-2.43307756433594E-18,-0.0367271109907917));
#8956=CARTESIAN_POINT('',(0.00108291941342557,3.36835111645911E-18,-0.036741854577726));
#8957=CARTESIAN_POINT('',(0.000552897696813467,2.16107996321696E-18,-0.0367331829658687));
#8958=CARTESIAN_POINT('',(0.000285733748711255,1.87085496797136E-18,-0.0367096541516734));
#8959=CARTESIAN_POINT('',(-0.00023927981922627,-1.54559431622572E-18,-0.0366055053345624));
#8960=CARTESIAN_POINT('',(-0.000498913192791423,8.58474595201494E-19,-0.0365223258221406));
#8961=CARTESIAN_POINT('',(-0.000960642600279266,-5.33213943455842E-19,-0.0362598381227531));
#8962=CARTESIAN_POINT('',(-0.00116407989036321,9.25154686507043E-19,-0.0360650878735477));
#8963=CARTESIAN_POINT('',(-0.00138829708302027,-5.99894034761388E-19,-0.0355745439540319));
#8964=CARTESIAN_POINT('',(-0.0014342117881258,2.31855415948913E-18,-0.0353051293421277));
#8965=CARTESIAN_POINT('',(-0.00141379322606605,-9.15331590935326E-19,-0.0349002330379746));
#8966=CARTESIAN_POINT('',(-0.00138460066083484,-1.93210940186714E-19,-0.034769178313458));
#8967=CARTESIAN_POINT('',(-0.00130654659616629,5.18471591932368E-19,-0.0345132130131183));
#8968=CARTESIAN_POINT('',(-0.00125926677639742,4.50349807502676E-19,-0.0343870354260899));
#8969=CARTESIAN_POINT('',(-0.00120109612985448,1.87705850579019E-20,-0.0341952337676003));
#8970=CARTESIAN_POINT('',(-0.00118445926876911,-1.79444742864309E-18,-0.0341307924068374));
#8971=CARTESIAN_POINT('',(-0.00115994329746859,-3.08446234754169E-18,-0.0340002497292847));
#8972=CARTESIAN_POINT('',(-0.00115291236377813,-2.75064249762112E-19,-0.0339339946193175));
#8973=CARTESIAN_POINT('',(-0.00114675144439315,3.81477613690294E-19,-0.0338337850366325));
#8974=CARTESIAN_POINT('',(-0.00114546517980457,-8.8905217075557E-19,-0.0338002382690068));
#8975=CARTESIAN_POINT('',(-0.00114317534717142,1.21431282250118E-18,-0.0337330890210637));
#8976=CARTESIAN_POINT('',(-0.00114231134081536,1.11620713722293E-18,-0.0336994740252479));
#8977=CARTESIAN_POINT('',(-0.00113945441453202,-3.14158079802208E-19,-0.0336493075976718));
#8978=CARTESIAN_POINT('',(-0.00113833138223928,-6.20268911445266E-19,-0.0336326048754074));
#8979=CARTESIAN_POINT('',(-0.00113570119584788,5.54079944531899E-19,-0.0336076714944354));
#8980=CARTESIAN_POINT('',(-0.00113468751473932,1.91015459356381E-18,-0.0335993776324474));
#8981=CARTESIAN_POINT('',(-0.00113215786606318,-1.58489394181816E-18,-0.0335828531874525));
#8982=CARTESIAN_POINT('',(-0.00113067063750244,3.22754218992721E-19,-0.0335746064005817));
#8983=CARTESIAN_POINT('',(-0.0011267392671056,2.50643275293032E-21,-0.0335582837541614));
#8984=CARTESIAN_POINT('',(-0.0011242410753369,2.76471553983803E-18,-0.0335501252755534));
#8985=CARTESIAN_POINT('',(-0.00111696475281209,2.76471553983803E-18,-0.0335349006746358));
#8986=CARTESIAN_POINT('',(-0.00111093952303985,6.53955220573709E-19,-0.0335283511079789));
#8987=CARTESIAN_POINT('',(-0.00109585691396877,-3.28694568828057E-19,-0.0335204961313567));
#8988=CARTESIAN_POINT('',(-0.00108796808033088,-1.02075516915798E-17,-0.0335176889175604));
#8989=CARTESIAN_POINT('',(-0.00107158666509455,5.32864191539502E-18,-0.0335133855706327));
#8990=CARTESIAN_POINT('',(-0.00106332428852303,-7.24774065073739E-18,-0.033511931397372));
#8991=CARTESIAN_POINT('',(-0.00103855002583119,1.49833722790927E-17,-0.0335086540932778));
#8992=CARTESIAN_POINT('',(-0.00111246219204199,-0.000300000000000005,-0.0332161362295681));
#8993=CARTESIAN_POINT('',(-0.00105658302416242,-0.00029999999999999,-0.0332077914823426));
#8994=CARTESIAN_POINT('',(-0.00102944410573089,-0.0003,-0.0332080338843688));
#8995=CARTESIAN_POINT('',(-0.000975561337461938,-0.0003,-0.033208394235677));
#8996=CARTESIAN_POINT('',(-0.000951334274319186,-0.0003,-0.0332100014582972));
#8997=CARTESIAN_POINT('',(-0.000880708853893503,-0.0003,-0.0332161352216278));
#8998=CARTESIAN_POINT('',(-0.000839210510062637,-0.0003,-0.0332234303169949));
#8999=CARTESIAN_POINT('',(-0.000714557654859282,-0.0003,-0.0332471735544415));
#9000=CARTESIAN_POINT('',(-0.000642244841287504,-0.0003,-0.0332704114646155));
#9001=CARTESIAN_POINT('',(-0.000414210301122051,-0.0003,-0.0333448872626309));
#9002=CARTESIAN_POINT('',(-0.000286468332583341,-0.0003,-0.0334127163353536));
#9003=CARTESIAN_POINT('',(0.000117908911515027,-0.0003,-0.0336269024071221));
#9004=CARTESIAN_POINT('',(0.000349167781139622,-0.0003,-0.0338450056288079));
#9005=CARTESIAN_POINT('',(0.000726683512689784,-0.0003,-0.0342312122359471));
#9006=CARTESIAN_POINT('',(0.000900640516168445,-0.0003,-0.0344058398807438));
#9007=CARTESIAN_POINT('',(0.00127255035235464,-0.0003,-0.0346347451779782));
#9008=CARTESIAN_POINT('',(0.00146117991089206,-0.000299999999999995,-0.0346781254077206));
#9009=CARTESIAN_POINT('',(0.00181960255204953,-0.0003,-0.0346802758617415));
#9010=CARTESIAN_POINT('',(0.00194278915107708,-0.0003,-0.0346708889992293));
#9011=CARTESIAN_POINT('',(0.0022032938864839,-0.0003,-0.0346460910548327));
#9012=CARTESIAN_POINT('',(0.00233826680969021,-0.0003,-0.0346284783739038));
#9013=CARTESIAN_POINT('',(0.00263051309428122,-0.0003,-0.0346122270927109));
#9014=CARTESIAN_POINT('',(0.00279178038970184,-0.0003,-0.0346033317584583));
#9015=CARTESIAN_POINT('',(0.00318100870416967,-0.000300000000000004,-0.0347030645273209));
#9016=CARTESIAN_POINT('',(0.00340868651908074,-0.0003,-0.03485552349104));
#9017=CARTESIAN_POINT('',(0.00355151023013986,-0.0003,-0.0353633448550496));
#9018=CARTESIAN_POINT('',(0.00348813050580088,-0.0003,-0.035540386687238));
#9019=CARTESIAN_POINT('',(0.00338009872121926,-0.0003,-0.0358509187434164));
#9020=CARTESIAN_POINT('',(0.0033011816584948,-0.0003,-0.0359874042238949));
#9021=CARTESIAN_POINT('',(0.00312580749015045,-0.0003,-0.0362434868185197));
#9022=CARTESIAN_POINT('',(0.00302807766873466,-0.0003,-0.0363591061067988));
#9023=CARTESIAN_POINT('',(0.00279632882778163,-0.0003,-0.0365761426030327));
#9024=CARTESIAN_POINT('',(0.00266109474952694,-0.0003,-0.0366719976558663));
#9025=CARTESIAN_POINT('',(0.00223330881095964,-0.0003,-0.0368896549986597));
#9026=CARTESIAN_POINT('',(0.00193424811014765,-0.0003,-0.036950319724289));
#9027=CARTESIAN_POINT('',(0.00137366899805368,-0.0003,-0.0370267081867211));
#9028=CARTESIAN_POINT('',(0.0010931852408312,-0.0003,-0.0370420767719343));
#9029=CARTESIAN_POINT('',(0.000532834497381131,-0.0003,-0.037032880775912));
#9030=CARTESIAN_POINT('',(0.000249520931123408,-0.0003,-0.0370084253890645));
#9031=CARTESIAN_POINT('',(-0.000320122680392225,-0.0003,-0.0368952049699182));
#9032=CARTESIAN_POINT('',(-0.000610151475988744,-0.0003,-0.0368028873394221));
#9033=CARTESIAN_POINT('',(-0.00114799286042872,-0.0003,-0.0364997042006104));
#9034=CARTESIAN_POINT('',(-0.00141021514363405,-0.0003,-0.0362502262944575));
#9035=CARTESIAN_POINT('',(-0.0016853649910082,-0.0003,-0.0356442198294213));
#9036=CARTESIAN_POINT('',(-0.00173660276409867,-0.0003,-0.0353421241216282));
#9037=CARTESIAN_POINT('',(-0.00171182394732592,-0.0003,-0.0348553573820529));
#9038=CARTESIAN_POINT('',(-0.00167563330760655,-0.0003,-0.0346940567760389));
#9039=CARTESIAN_POINT('',(-0.00158968453369114,-0.0003,-0.0344141847870333));
#9040=CARTESIAN_POINT('',(-0.00154238433737298,-0.0003,-0.0342880108521789));
#9041=CARTESIAN_POINT('',(-0.00149049538752242,-0.0003,-0.034115227062323));
#9042=CARTESIAN_POINT('',(-0.00147664168863728,-0.0003,-0.0340613039318304));
#9043=CARTESIAN_POINT('',(-0.00145751430289343,-0.0003,-0.033959325807546));
#9044=CARTESIAN_POINT('',(-0.00145188485235817,-0.0003,-0.0339075051838868));
#9045=CARTESIAN_POINT('',(-0.00144643201857571,-0.0003,-0.0338196587992455));
#9046=CARTESIAN_POINT('',(-0.0014452712318548,-0.0003,-0.0337892469962743));
#9047=CARTESIAN_POINT('',(-0.00144302383238391,-0.0003,-0.0337237225940183));
#9048=CARTESIAN_POINT('',(-0.00144246932921868,-0.0003,-0.0336897571456272));
#9049=CARTESIAN_POINT('',(-0.00143868950823165,-0.0003,-0.0336293295640321));
#9050=CARTESIAN_POINT('',(-0.00143753513847898,-0.0003,-0.0336088013919703));
#9051=CARTESIAN_POINT('',(-0.00143364330156368,-0.0003,-0.0335726223838451));
#9052=CARTESIAN_POINT('',(-0.0014321670035627,-0.0003,-0.0335600160472364));
#9053=CARTESIAN_POINT('',(-0.00142778622686224,-0.0003,-0.0335315335799263));
#9054=CARTESIAN_POINT('',(-0.00142520264188407,-0.0003,-0.0335157236598007));
#9055=CARTESIAN_POINT('',(-0.00141563439802186,-0.0003,-0.0334771208673844));
#9056=CARTESIAN_POINT('',(-0.00140358537434541,-0.0003,-0.0334477724843157));
#9057=CARTESIAN_POINT('',(-0.00137482519313935,-0.0003,-0.033370024971818));
#9058=CARTESIAN_POINT('',(-0.00128947965941065,-0.0003,-0.0332792971205415));
#9059=CARTESIAN_POINT('',(-0.00120560488702308,-0.0003,-0.0332433467684018));
#9060=CARTESIAN_POINT('',(-0.00117972807200517,-0.000300000000000007,-0.0332318088875957));
#9061=CARTESIAN_POINT('',(-0.00113159454667452,-0.000299999999999997,-0.0332187774330627));
#9062=CARTESIAN_POINT('',(-0.00111246219204199,-0.000300000000000005,-0.0332161362295681));
#9063=CARTESIAN_POINT('',(-0.00105658302416242,-0.00029999999999999,-0.0332077914823426));
#9064=CARTESIAN_POINT('',(-0.000704622686184102,1.19718797644032E-18,-0.0339869868149713));
#9065=CARTESIAN_POINT('',(-0.000776040761584828,6.18850662472896E-19,-0.0342047524710933));
#9066=CARTESIAN_POINT('',(-0.000744768910599739,1.95976013867269E-18,-0.0343126953943044));
#9067=CARTESIAN_POINT('',(-0.000708880074569019,-1.43721499759471E-19,-0.034524893929446));
#9068=CARTESIAN_POINT('',(-0.000686769179178554,4.1699763622771E-18,-0.0346322633382889));
#9069=CARTESIAN_POINT('',(-0.00069654411010563,-2.35393772336388E-18,-0.0348512143338175));
#9070=CARTESIAN_POINT('',(-0.000755228986040063,3.05339428863679E-18,-0.0349484320747232));
#9071=CARTESIAN_POINT('',(-0.000881156196854714,-1.23735564972357E-18,-0.0351240258017168));
#9072=CARTESIAN_POINT('',(-0.000951764236686691,2.02128707216388E-18,-0.0352090624595956));
#9073=CARTESIAN_POINT('',(-0.00102065101055585,-2.05248433250658E-19,-0.0354179396007092));
#9074=CARTESIAN_POINT('',(-0.00100378658717614,1.5460324211204E-18,-0.0355324296945502));
#9075=CARTESIAN_POINT('',(-0.000910416157271418,2.70006217792828E-19,-0.0357268458413381));
#9076=CARTESIAN_POINT('',(-0.000838837380535866,4.66345760195998E-19,-0.0358125739361082));
#9077=CARTESIAN_POINT('',(-0.000603399040169921,1.79136643797784E-18,-0.0360263689166107));
#9078=CARTESIAN_POINT('',(-0.000410294572357649,-2.23716175438984E-19,-0.0361349959278009));
#9079=CARTESIAN_POINT('',(-1.99161932803546E-5,2.0397548143522E-18,-0.0363048216584953));
#9080=CARTESIAN_POINT('',(0.000188918777006688,5.38913596077471E-18,-0.036369149896614));
#9081=CARTESIAN_POINT('',(0.000603261608276216,1.63107310606893E-18,-0.0364484474091745));
#9082=CARTESIAN_POINT('',(0.000813734028555122,-2.47816914150954E-19,-0.0364647287690791));
#9083=CARTESIAN_POINT('',(0.00123556934168902,2.06385555306418E-18,-0.0364805527630768));
#9084=CARTESIAN_POINT('',(0.00144665539245423,9.6069554394286E-19,-0.0364974249418686));
#9085=CARTESIAN_POINT('',(0.00186751883981603,8.5534309497036E-19,-0.0365011949596646));
#9086=CARTESIAN_POINT('',(0.00209221155938764,-2.66330919961365E-19,-0.0364732073405131));
#9087=CARTESIAN_POINT('',(0.00242573344063755,2.08236955887458E-18,-0.0361996721688577));
#9088=CARTESIAN_POINT('',(0.00253637128646804,-1.44639785839686E-18,-0.0360073771789247));
#9089=CARTESIAN_POINT('',(0.0026775192670751,2.08522790838335E-18,-0.03573329482093));
#9090=CARTESIAN_POINT('',(0.00271338788666305,5.40556849333184E-19,-0.0356302081177913));
#9091=CARTESIAN_POINT('',(0.00272528058490192,1.27548178958004E-18,-0.0354121362951793));
#9092=CARTESIAN_POINT('',(0.00265116574871125,2.73585867741648E-18,-0.0353099590855897));
#9093=CARTESIAN_POINT('',(0.00244417214636121,4.28435038942716E-18,-0.0352451425039366));
#9094=CARTESIAN_POINT('',(0.00233817150226569,2.84161260734935E-18,-0.0352426387878685));
#9095=CARTESIAN_POINT('',(0.00212493555006346,4.17859645949429E-18,-0.0352418576343981));
#9096=CARTESIAN_POINT('',(0.0020182253187883,4.42888672452918E-19,-0.0352412269421318));
#9097=CARTESIAN_POINT('',(0.00180489250952282,1.3731499664603E-18,-0.0352361061716146));
#9098=CARTESIAN_POINT('',(0.00169823418183487,-1.4565377309324E-18,-0.0352346124786846));
#9099=CARTESIAN_POINT('',(0.00148497557935298,3.27257636984561E-18,-0.0352405122518391));
#9100=CARTESIAN_POINT('',(0.00137745534452483,1.52782110188594E-18,-0.035254012134475));
#9101=CARTESIAN_POINT('',(0.00121899139009854,5.98118428241945E-19,-0.0352627001051856));
#9102=CARTESIAN_POINT('',(0.00116513137496009,1.55180646534941E-18,-0.0352644163933414));
#9103=CARTESIAN_POINT('',(0.00105853429239569,2.64232173563804E-19,-0.0352532632640934));
#9104=CARTESIAN_POINT('',(0.0010032677272223,1.02689444980641E-17,-0.035239011762076));
#9105=CARTESIAN_POINT('',(0.00091511801688351,-3.24873543122049E-18,-0.0351731082802259));
#9106=CARTESIAN_POINT('',(0.000880115723013044,3.15959062686864E-18,-0.035131053977785));
#9107=CARTESIAN_POINT('',(0.000813583775388998,-1.34355198795542E-18,-0.0350437976991174));
#9108=CARTESIAN_POINT('',(0.000782730152179617,1.93122110151302E-18,-0.0349980364043915));
#9109=CARTESIAN_POINT('',(0.000686439283420649,-1.13838424465621E-18,-0.0348644847874412));
#9110=CARTESIAN_POINT('',(0.000617279120779746,-7.72379236347336E-18,-0.034779569043472));
#9111=CARTESIAN_POINT('',(0.000490780204780377,1.32079733997378E-18,-0.0346706161757554));
#9112=CARTESIAN_POINT('',(0.000446437435085995,1.47066042778417E-19,-0.034636790971121));
#9113=CARTESIAN_POINT('',(0.000379611464158559,1.28849595779571E-18,-0.0345866434997026));
#9114=CARTESIAN_POINT('',(0.000357167295129956,3.91985545784049E-19,-0.0345701147686319));
#9115=CARTESIAN_POINT('',(0.000324015855411052,1.1660362062929E-18,-0.0345446914349313));
#9116=CARTESIAN_POINT('',(0.000313025995290135,4.23135679527464E-19,-0.0345361303431606));
#9117=CARTESIAN_POINT('',(0.00029141305006559,1.39290295938571E-18,-0.0345185590757881));
#9118=CARTESIAN_POINT('',(0.000280727087673751,9.50913454328471E-18,-0.034509558959637));
#9119=CARTESIAN_POINT('',(0.000265394565874715,5.10589528490375E-19,-0.0344953522878767));
#9120=CARTESIAN_POINT('',(0.000260373004481466,-9.71011833754288E-19,-0.0344905133330857));
#9121=CARTESIAN_POINT('',(0.000250744886778998,2.78705047266751E-18,-0.0344804256958533));
#9122=CARTESIAN_POINT('',(0.000246269704389582,2.8217978891709E-19,-0.0344751276025223));
#9123=CARTESIAN_POINT('',(0.00023762890209526,6.73802927792655E-18,-0.0344640655326674));
#9124=CARTESIAN_POINT('',(0.000234856140303065,2.31577359890518E-18,-0.0344575717678324));
#9125=CARTESIAN_POINT('',(0.000233942272045254,-4.99734959992203E-19,-0.0344436751507318));
#9126=CARTESIAN_POINT('',(0.000233194375701905,1.21865915547415E-18,-0.0344369630588373));
#9127=CARTESIAN_POINT('',(0.000233777591163376,-3.34540024613392E-19,-0.0344018578625427));
#9128=CARTESIAN_POINT('',(0.000230586037750956,1.67569706742539E-18,-0.0343749738341752));
#9129=CARTESIAN_POINT('',(0.000215301061623776,1.40341571487824E-19,-0.0343218192637426));
#9130=CARTESIAN_POINT('',(0.000202825638919957,1.51803258747984E-18,-0.0342972036931775));
#9131=CARTESIAN_POINT('',(0.000170255787034503,2.98006051433378E-19,-0.0342533273029777));
#9132=CARTESIAN_POINT('',(0.000150590077516618,-4.78999226296079E-19,-0.0342335590979805));
#9133=CARTESIAN_POINT('',(8.83390833047891E-5,3.68205641096198E-18,-0.0341808357202271));
#9134=CARTESIAN_POINT('',(4.1100069289117E-5,2.91007282408563E-19,-0.0341516431844401));
#9135=CARTESIAN_POINT('',(-5.44124819181607E-5,1.52503135650466E-18,-0.0341002460253136));
#9136=CARTESIAN_POINT('',(-0.000103880275980192,1.13886142215172E-18,-0.0340777640912971));
#9137=CARTESIAN_POINT('',(-0.000253675906113441,4.46335114066398E-19,-0.0340174426932689));
#9138=CARTESIAN_POINT('',(-0.000360326937841902,-1.52192100186084E-18,-0.0339861426610689));
#9139=CARTESIAN_POINT('',(-0.000573067546007944,3.33795964077406E-18,-0.0339527807207143));
#9140=CARTESIAN_POINT('',(-0.000704622686184102,1.19718797644032E-18,-0.0339869868149713));
#9141=CARTESIAN_POINT('',(-0.000776040761584828,6.18850662472896E-19,-0.0342047524710933));
#9142=CARTESIAN_POINT('',(-0.000627069253686567,-0.0001,-0.0340771858191153));
#9143=CARTESIAN_POINT('',(-0.000665861778680482,-0.0001,-0.0341835211420396));
#9144=CARTESIAN_POINT('',(-0.000647612005101233,-9.99999999999987E-5,-0.0342952249241291));
#9145=CARTESIAN_POINT('',(-0.000609334953494004,-0.0001,-0.0345061937935734));
#9146=CARTESIAN_POINT('',(-0.000585893025827812,-9.99999999999972E-5,-0.0346143676871688));
#9147=CARTESIAN_POINT('',(-0.000597786973404597,-0.000100000000000002,-0.0348812157481562));
#9148=CARTESIAN_POINT('',(-0.000671788184107434,-9.9999999999998E-5,-0.0350048727628436));
#9149=CARTESIAN_POINT('',(-0.000801975960203987,-0.0001,-0.035184008469544));
#9150=CARTESIAN_POINT('',(-0.000866402783489967,-9.99999999999987E-5,-0.035266769078779));
#9151=CARTESIAN_POINT('',(-0.000915661266965099,-0.0001,-0.0354216041627234));
#9152=CARTESIAN_POINT('',(-0.000905258327468256,-0.0001,-0.0355057783175097));
#9153=CARTESIAN_POINT('',(-0.000828189787196861,-0.0001,-0.035667894859695));
#9154=CARTESIAN_POINT('',(-0.000765375202696301,-0.0001,-0.0357442567570818));
#9155=CARTESIAN_POINT('',(-0.000547313680714013,-9.99999999999988E-5,-0.0359421253546245));
#9156=CARTESIAN_POINT('',(-0.000363531587160083,-0.0001,-0.0360464011738978));
#9157=CARTESIAN_POINT('',(1.28821341808929E-5,-9.99999999999986E-5,-0.0362099225500269));
#9158=CARTESIAN_POINT('',(0.000215134759855159,-9.99999999999964E-5,-0.036272368909787));
#9159=CARTESIAN_POINT('',(0.000614519711284115,-9.99999999999989E-5,-0.0363487705305717));
#9160=CARTESIAN_POINT('',(0.000819370663717647,-0.0001,-0.0363648604503513));
#9161=CARTESIAN_POINT('',(0.00123894894440325,-9.99999999999986E-5,-0.0363806244165307));
#9162=CARTESIAN_POINT('',(0.00145313637907201,-0.0001,-0.0363979033353743));
#9163=CARTESIAN_POINT('',(0.00186122979291182,-0.0001,-0.0364007166582612));
#9164=CARTESIAN_POINT('',(0.0020548979688272,-0.0001,-0.0363738132607562));
#9165=CARTESIAN_POINT('',(0.00233911391925471,-9.99999999999986E-5,-0.0361420930542022));
#9166=CARTESIAN_POINT('',(0.0024520713592099,-0.0001,-0.035961414156037));
#9167=CARTESIAN_POINT('',(0.00258440629139464,-9.99999999999986E-5,-0.0356914385559672));
#9168=CARTESIAN_POINT('',(0.00261841143016799,-0.0001,-0.035598807778263));
#9169=CARTESIAN_POINT('',(0.00262028153114351,-0.0001,-0.0354404068904905));
#9170=CARTESIAN_POINT('',(0.00259043996589165,-9.99999999999982E-5,-0.035399390263391));
#9171=CARTESIAN_POINT('',(0.00243806367350745,-9.99999999999971E-5,-0.0353442137989801));
#9172=CARTESIAN_POINT('',(0.00233590152377759,-9.99999999999981E-5,-0.0353422374894023));
#9173=CARTESIAN_POINT('',(0.00212658818734653,-9.99999999999972E-5,-0.0353422579800866));
#9174=CARTESIAN_POINT('',(0.00201550268222269,-0.0001,-0.0353412044051696));
#9175=CARTESIAN_POINT('',(0.00180316536384131,-0.0001,-0.0353360792010442));
#9176=CARTESIAN_POINT('',(0.00169782418474839,-0.0001,-0.0353346773254383));
#9177=CARTESIAN_POINT('',(0.00149171425077565,-9.99999999999978E-5,-0.0353403472497106));
#9178=CARTESIAN_POINT('',(0.00138837364722595,-0.0001,-0.0353542757167165));
#9179=CARTESIAN_POINT('',(0.00122252693909649,-0.0001,-0.0353622983890853));
#9180=CARTESIAN_POINT('',(0.00116317565471372,-0.0001,-0.0353645105681439));
#9181=CARTESIAN_POINT('',(0.00103926153199353,-0.0001,-0.0353520392771255));
#9182=CARTESIAN_POINT('',(0.000960949944826586,-9.99999999999932E-5,-0.0353323055682753));
#9183=CARTESIAN_POINT('',(0.000839459298607068,-0.000100000000000002,-0.0352413122922445));
#9184=CARTESIAN_POINT('',(0.000802941510957943,-9.99999999999979E-5,-0.0351945365870326));
#9185=CARTESIAN_POINT('',(0.000731507632288905,-0.0001,-0.0351013081656342));
#9186=CARTESIAN_POINT('',(0.000701154540228504,-9.99999999999987E-5,-0.0350554025688516));
#9187=CARTESIAN_POINT('',(0.000605676594589972,-0.0001,-0.0349244121366821));
#9188=CARTESIAN_POINT('',(0.000546296572072151,-0.000100000000000005,-0.0348506197694533));
#9189=CARTESIAN_POINT('',(0.000428296150193309,-0.0001,-0.034748672655147));
#9190=CARTESIAN_POINT('',(0.000386236311924455,-0.0001,-0.0347166992721005));
#9191=CARTESIAN_POINT('',(0.000319869866293523,-0.0001,-0.0346668075675901));
#9192=CARTESIAN_POINT('',(0.000297357706339779,-0.0001,-0.034650282632432));
#9193=CARTESIAN_POINT('',(0.000262697945512488,-0.0001,-0.0346236806663442));
#9194=CARTESIAN_POINT('',(0.000251031048836636,-0.0001,-0.0346146099502066));
#9195=CARTESIAN_POINT('',(0.000227263496250876,-0.0001,-0.0345952811602667));
#9196=CARTESIAN_POINT('',(0.000215253503508608,-9.99999999999937E-5,-0.0345852996517116));
#9197=CARTESIAN_POINT('',(0.000196318635696646,-0.0001,-0.0345676371486426));
#9198=CARTESIAN_POINT('',(0.00018998011255714,-0.0001,-0.0345616200528192));
#9199=CARTESIAN_POINT('',(0.000176532388003726,-9.99999999999981E-5,-0.0345474829402371));
#9200=CARTESIAN_POINT('',(0.00016934879768896,-0.0001,-0.0345343845462315));
#9201=CARTESIAN_POINT('',(0.00015357391765867,-9.99999999999951E-5,-0.0345234962566942));
#9202=CARTESIAN_POINT('',(0.000133185034299107,-9.99999999999984E-5,-0.0344711374189356));
#9203=CARTESIAN_POINT('',(0.000136703786624098,-0.0001,-0.0344509655404584));
#9204=CARTESIAN_POINT('',(0.00013244901964521,-0.0001,-0.0344387580152174));
#9205=CARTESIAN_POINT('',(0.000136996322073982,-0.0001,-0.0344100809708132));
#9206=CARTESIAN_POINT('',(0.000131137159409129,-9.99999999999989E-5,-0.0343910526720839));
#9207=CARTESIAN_POINT('',(0.000122444572850084,-0.0001,-0.0343606826298174));
#9208=CARTESIAN_POINT('',(0.000116308490693634,-0.0001,-0.0343485333113389));
#9209=CARTESIAN_POINT('',(9.59633906445106E-5,-0.0001,-0.0343209106376865));
#9210=CARTESIAN_POINT('',(8.18181314203432E-5,-0.0001,-0.0343064392585644));
#9211=CARTESIAN_POINT('',(3.16201294420622E-5,-9.99999999999976E-5,-0.0342636841185835));
#9212=CARTESIAN_POINT('',(-1.02789597106674E-5,-0.0001,-0.0342375123236477));
#9213=CARTESIAN_POINT('',(-9.77168572126177E-5,-0.0001,-0.0341905445702914));
#9214=CARTESIAN_POINT('',(-0.000144383717949176,-0.0001,-0.0341692310292234));
#9215=CARTESIAN_POINT('',(-0.000284605896009652,-0.0001,-0.0341128433935585));
#9216=CARTESIAN_POINT('',(-0.000385203803485811,-0.0001,-0.0340806643161078));
#9217=CARTESIAN_POINT('',(-0.000572336314960699,-9.99999999999978E-5,-0.0340567961864612));
#9218=CARTESIAN_POINT('',(-0.000627069253686567,-0.0001,-0.0340771858191153));
#9219=CARTESIAN_POINT('',(-0.000665861778680482,-0.0001,-0.0341835211420396));
#9220=MECHANICAL_DESIGN_GEOMETRIC_PRESENTATION_REPRESENTATION('',(#1068),
#9221);
#9221=(
GEOMETRIC_REPRESENTATION_CONTEXT(3)
GLOBAL_UNCERTAINTY_ASSIGNED_CONTEXT((#9222))
GLOBAL_UNIT_ASSIGNED_CONTEXT((#9225,#9224,#9223))
REPRESENTATION_CONTEXT('Part 1','TOP_LEVEL_ASSEMBLY_PART')
);
#9222=UNCERTAINTY_MEASURE_WITH_UNIT(LENGTH_MEASURE(2.E-5),#9225,
'DISTANCE_ACCURACY_VALUE','Maximum Tolerance applied to model');
#9223=(
NAMED_UNIT(*)
SI_UNIT($,.STERADIAN.)
SOLID_ANGLE_UNIT()
);
#9224=(
NAMED_UNIT(*)
PLANE_ANGLE_UNIT()
SI_UNIT($,.RADIAN.)
);
#9225=(
LENGTH_UNIT()
NAMED_UNIT(*)
SI_UNIT($,.METRE.)
);
#9226=PRODUCT_DEFINITION_SHAPE('','',#9227);
#9227=PRODUCT_DEFINITION('','',#9229,#9228);
#9228=PRODUCT_DEFINITION_CONTEXT('',#9235,'design');
#9229=PRODUCT_DEFINITION_FORMATION_WITH_SPECIFIED_SOURCE('','',#9231,
 .NOT_KNOWN.);
#9230=PRODUCT_RELATED_PRODUCT_CATEGORY('','',(#9231));
#9231=PRODUCT('Part 1','Part 1','Part 1',(#9233));
#9232=PRODUCT_CATEGORY('','');
#9233=PRODUCT_CONTEXT('',#9235,'mechanical');
#9234=APPLICATION_PROTOCOL_DEFINITION('international standard',
'ap242_managed_model_based_3d_engineering',2020,#9235);
#9235=APPLICATION_CONTEXT('managed model based 3d engineering');
ENDSEC;
END-ISO-10303-21;
