ISO-10303-21;
HEADER;
FILE_DESCRIPTION(('convert3d faceted mesh'),'2;1');
FILE_NAME('Pacman Cookie cutter.stp','2024-01-01',(''),(''),'','convert3d','');
FILE_SCHEMA(('AUTOMOTIVE_DESIGN { 1 0 10303 214 1 1 1 1 }'));
ENDSEC;
DATA;
#1=APPLICATION_PROTOCOL_DEFINITION('international standard','automotive_design',2000,#2);
#2=APPLICATION_CONTEXT('core data for automotive mechanical design processes');
#3=SHAPE_DEFINITION_REPRESENTATION(#4,#7159);
#4=PRODUCT_DEFINITION_SHAPE('','',#5);
#5=PRODUCT_DEFINITION('design','',#6,#9);
#6=PRODUCT_DEFINITION_FORMATION('','',#7);
#7=PRODUCT('Pacman Cookie cutter','Pacman Cookie cutter','',(#8));
#8=PRODUCT_CONTEXT('',#2,'mechanical');
#9=PRODUCT_DEFINITION_CONTEXT('part definition',#2,'design');
#7150=CARTESIAN_POINT('',(0.,0.,0.));
#7151=DIRECTION('',(0.,0.,1.));
#7152=DIRECTION('',(1.,0.,0.));
#7153=AXIS2_PLACEMENT_3D('',#7150,#7151,#7152);
#7154=(LENGTH_UNIT() NAMED_UNIT(*) SI_UNIT($,.METRE.));
#7155=(NAMED_UNIT(*) PLANE_ANGLE_UNIT() SI_UNIT($,.RADIAN.));
#7156=(NAMED_UNIT(*) SI_UNIT($,.STERADIAN.) SOLID_ANGLE_UNIT());
#7157=UNCERTAINTY_MEASURE_WITH_UNIT(LENGTH_MEASURE(1.E-07),#7154,'distance_accuracy_value','confusion accuracy');
#7158=(GEOMETRIC_REPRESENTATION_CONTEXT(3) GLOBAL_UNCERTAINTY_ASSIGNED_CONTEXT((#7157)) GLOBAL_UNIT_ASSIGNED_CONTEXT((#7154,#7155,#7156)) REPRESENTATION_CONTEXT('','3D'));
#20=CARTESIAN_POINT('',(0.9056517,2.135092,0.5787402));
#21=CARTESIAN_POINT('',(1.078426,2.06194,0.5787402));
#22=CARTESIAN_POINT('',(0.9056517,2.135092,0.5));
#23=CARTESIAN_POINT('',(1.078426,2.06194,0.5787402));
#24=CARTESIAN_POINT('',(1.078426,2.06194,0.5));
#25=CARTESIAN_POINT('',(0.9056517,2.135092,0.5));
#26=CARTESIAN_POINT('',(0.7271833,2.193908,0.5787402));
#27=CARTESIAN_POINT('',(0.9056517,2.135092,0.5787402));
#28=CARTESIAN_POINT('',(0.7271833,2.193908,0.5));
#29=CARTESIAN_POINT('',(0.9056517,2.135092,0.5787402));
#30=CARTESIAN_POINT('',(0.9056517,2.135092,0.5));
#31=CARTESIAN_POINT('',(0.7271833,2.193908,0.5));
#32=CARTESIAN_POINT('',(0.5439097,2.237957,0.5787402));
#33=CARTESIAN_POINT('',(0.7271833,2.193908,0.5787402));
#34=CARTESIAN_POINT('',(0.5439097,2.237957,0.5));
#35=CARTESIAN_POINT('',(0.7271833,2.193908,0.5787402));
#36=CARTESIAN_POINT('',(0.7271833,2.193908,0.5));
#37=CARTESIAN_POINT('',(0.5439097,2.237957,0.5));
#38=CARTESIAN_POINT('',(0.3567319,2.266805,0.5787402));
#39=CARTESIAN_POINT('',(0.5439097,2.237957,0.5787402));
#40=CARTESIAN_POINT('',(0.3567319,2.266805,0.5));
#41=CARTESIAN_POINT('',(0.5439097,2.237957,0.5787402));
#42=CARTESIAN_POINT('',(0.5439097,2.237957,0.5));
#43=CARTESIAN_POINT('',(0.3567319,2.266805,0.5));
#44=CARTESIAN_POINT('',(0.1665715,2.280013,0.5787402));
#45=CARTESIAN_POINT('',(0.3567319,2.266805,0.5787402));
#46=CARTESIAN_POINT('',(0.1665715,2.280013,0.5));
#47=CARTESIAN_POINT('',(0.3567319,2.266805,0.5787402));
#48=CARTESIAN_POINT('',(0.3567319,2.266805,0.5));
#49=CARTESIAN_POINT('',(0.1665715,2.280013,0.5));
#50=CARTESIAN_POINT('',(-0.02562368,2.277146,0.5787402));
#51=CARTESIAN_POINT('',(0.1665715,2.280013,0.5787402));
#52=CARTESIAN_POINT('',(-0.02562368,2.277146,0.5));
#53=CARTESIAN_POINT('',(0.1665715,2.280013,0.5787402));
#54=CARTESIAN_POINT('',(0.1665715,2.280013,0.5));
#55=CARTESIAN_POINT('',(-0.02562368,2.277146,0.5));
#56=CARTESIAN_POINT('',(-0.2188758,2.257782,0.5787402));
#57=CARTESIAN_POINT('',(-0.02562368,2.277146,0.5787402));
#58=CARTESIAN_POINT('',(-0.2188758,2.257782,0.5));
#59=CARTESIAN_POINT('',(-0.02562368,2.277146,0.5787402));
#60=CARTESIAN_POINT('',(-0.02562368,2.277146,0.5));
#61=CARTESIAN_POINT('',(-0.2188758,2.257782,0.5));
#62=CARTESIAN_POINT('',(-0.4121301,2.221532,0.5787402));
#63=CARTESIAN_POINT('',(-0.2188758,2.257782,0.5787402));
#64=CARTESIAN_POINT('',(-0.4121301,2.221532,0.5));
#65=CARTESIAN_POINT('',(-0.2188758,2.257782,0.5787402));
#66=CARTESIAN_POINT('',(-0.2188758,2.257782,0.5));
#67=CARTESIAN_POINT('',(-0.4121301,2.221532,0.5));
#68=CARTESIAN_POINT('',(-0.6015752,2.168883,0.5787402));
#69=CARTESIAN_POINT('',(-0.4121301,2.221532,0.5787402));
#70=CARTESIAN_POINT('',(-0.6015752,2.168883,0.5));
#71=CARTESIAN_POINT('',(-0.4121301,2.221532,0.5787402));
#72=CARTESIAN_POINT('',(-0.4121301,2.221532,0.5));
#73=CARTESIAN_POINT('',(-0.6015752,2.168883,0.5));
#74=CARTESIAN_POINT('',(-0.7835749,2.101079,0.5787402));
#75=CARTESIAN_POINT('',(-0.6015752,2.168883,0.5787402));
#76=CARTESIAN_POINT('',(-0.7835749,2.101079,0.5));
#77=CARTESIAN_POINT('',(-0.6015752,2.168883,0.5787402));
#78=CARTESIAN_POINT('',(-0.6015752,2.168883,0.5));
#79=CARTESIAN_POINT('',(-0.7835749,2.101079,0.5));
#80=CARTESIAN_POINT('',(-0.9573541,2.018933,0.5787402));
#81=CARTESIAN_POINT('',(-0.7835749,2.101079,0.5787402));
#82=CARTESIAN_POINT('',(-0.9573541,2.018933,0.5));
#83=CARTESIAN_POINT('',(-0.7835749,2.101079,0.5787402));
#84=CARTESIAN_POINT('',(-0.7835749,2.101079,0.5));
#85=CARTESIAN_POINT('',(-0.9573541,2.018933,0.5));
#86=CARTESIAN_POINT('',(-1.122221,1.923254,0.5787402));
#87=CARTESIAN_POINT('',(-0.9573541,2.018933,0.5787402));
#88=CARTESIAN_POINT('',(-1.122221,1.923254,0.5));
#89=CARTESIAN_POINT('',(-0.9573541,2.018933,0.5787402));
#90=CARTESIAN_POINT('',(-0.9573541,2.018933,0.5));
#91=CARTESIAN_POINT('',(-1.122221,1.923254,0.5));
#92=CARTESIAN_POINT('',(-1.277516,1.814852,0.5787402));
#93=CARTESIAN_POINT('',(-1.122221,1.923254,0.5787402));
#94=CARTESIAN_POINT('',(-1.277516,1.814852,0.5));
#95=CARTESIAN_POINT('',(-1.122221,1.923254,0.5787402));
#96=CARTESIAN_POINT('',(-1.122221,1.923254,0.5));
#97=CARTESIAN_POINT('',(-1.277516,1.814852,0.5));
#98=CARTESIAN_POINT('',(-1.422607,1.694526,0.5787402));
#99=CARTESIAN_POINT('',(-1.277516,1.814852,0.5787402));
#100=CARTESIAN_POINT('',(-1.422607,1.694526,0.5));
#101=CARTESIAN_POINT('',(-1.277516,1.814852,0.5787402));
#102=CARTESIAN_POINT('',(-1.277516,1.814852,0.5));
#103=CARTESIAN_POINT('',(-1.422607,1.694526,0.5));
#104=CARTESIAN_POINT('',(-1.556875,1.563064,0.5787402));
#105=CARTESIAN_POINT('',(-1.422607,1.694526,0.5787402));
#106=CARTESIAN_POINT('',(-1.556875,1.563064,0.5));
#107=CARTESIAN_POINT('',(-1.422607,1.694526,0.5787402));
#108=CARTESIAN_POINT('',(-1.422607,1.694526,0.5));
#109=CARTESIAN_POINT('',(-1.556875,1.563064,0.5));
#110=CARTESIAN_POINT('',(-1.679713,1.421243,0.5787402));
#111=CARTESIAN_POINT('',(-1.556875,1.563064,0.5787402));
#112=CARTESIAN_POINT('',(-1.679713,1.421243,0.5));
#113=CARTESIAN_POINT('',(-1.556875,1.563064,0.5787402));
#114=CARTESIAN_POINT('',(-1.556875,1.563064,0.5));
#115=CARTESIAN_POINT('',(-1.679713,1.421243,0.5));
#116=CARTESIAN_POINT('',(-1.790512,1.26983,0.5787402));
#117=CARTESIAN_POINT('',(-1.679713,1.421243,0.5787402));
#118=CARTESIAN_POINT('',(-1.790512,1.26983,0.5));
#119=CARTESIAN_POINT('',(-1.679713,1.421243,0.5787402));
#120=CARTESIAN_POINT('',(-1.679713,1.421243,0.5));
#121=CARTESIAN_POINT('',(-1.790512,1.26983,0.5));
#122=CARTESIAN_POINT('',(-1.888661,1.109589,0.5787402));
#123=CARTESIAN_POINT('',(-1.790512,1.26983,0.5787402));
#124=CARTESIAN_POINT('',(-1.888661,1.109589,0.5));
#125=CARTESIAN_POINT('',(-1.790512,1.26983,0.5787402));
#126=CARTESIAN_POINT('',(-1.790512,1.26983,0.5));
#127=CARTESIAN_POINT('',(-1.888661,1.109589,0.5));
#128=CARTESIAN_POINT('',(-1.973538,0.9412875,0.5787402));
#129=CARTESIAN_POINT('',(-1.888661,1.109589,0.5787402));
#130=CARTESIAN_POINT('',(-1.973538,0.9412875,0.5));
#131=CARTESIAN_POINT('',(-1.888661,1.109589,0.5787402));
#132=CARTESIAN_POINT('',(-1.888661,1.109589,0.5));
#133=CARTESIAN_POINT('',(-1.973538,0.9412875,0.5));
#134=CARTESIAN_POINT('',(-2.044512,0.7657018,0.5787402));
#135=CARTESIAN_POINT('',(-1.973538,0.9412875,0.5787402));
#136=CARTESIAN_POINT('',(-2.044512,0.7657018,0.5));
#137=CARTESIAN_POINT('',(-1.973538,0.9412875,0.5787402));
#138=CARTESIAN_POINT('',(-1.973538,0.9412875,0.5));
#139=CARTESIAN_POINT('',(-2.044512,0.7657018,0.5));
#140=CARTESIAN_POINT('',(-2.100946,0.5836287,0.5787402));
#141=CARTESIAN_POINT('',(-2.044512,0.7657018,0.5787402));
#142=CARTESIAN_POINT('',(-2.100946,0.5836287,0.5));
#143=CARTESIAN_POINT('',(-2.044512,0.7657018,0.5787402));
#144=CARTESIAN_POINT('',(-2.044512,0.7657018,0.5));
#145=CARTESIAN_POINT('',(-2.100946,0.5836287,0.5));
#146=CARTESIAN_POINT('',(-2.1422,0.3958912,0.5787402));
#147=CARTESIAN_POINT('',(-2.100946,0.5836287,0.5787402));
#148=CARTESIAN_POINT('',(-2.1422,0.3958912,0.5));
#149=CARTESIAN_POINT('',(-2.100946,0.5836287,0.5787402));
#150=CARTESIAN_POINT('',(-2.100946,0.5836287,0.5));
#151=CARTESIAN_POINT('',(-2.1422,0.3958912,0.5));
#152=CARTESIAN_POINT('',(-2.167637,0.2033444,0.5787402));
#153=CARTESIAN_POINT('',(-2.1422,0.3958912,0.5787402));
#154=CARTESIAN_POINT('',(-2.167637,0.2033444,0.5));
#155=CARTESIAN_POINT('',(-2.1422,0.3958912,0.5787402));
#156=CARTESIAN_POINT('',(-2.1422,0.3958912,0.5));
#157=CARTESIAN_POINT('',(-2.167637,0.2033444,0.5));
#158=CARTESIAN_POINT('',(-2.176638,0.006925761,0.5787402));
#159=CARTESIAN_POINT('',(-2.167637,0.2033444,0.5787402));
#160=CARTESIAN_POINT('',(-2.176638,0.006925761,0.5));
#161=CARTESIAN_POINT('',(-2.167637,0.2033444,0.5787402));
#162=CARTESIAN_POINT('',(-2.167637,0.2033444,0.5));
#163=CARTESIAN_POINT('',(-2.176638,0.006925761,0.5));
#164=CARTESIAN_POINT('',(-2.168805,-0.1895429,0.5787402));
#165=CARTESIAN_POINT('',(-2.176638,0.006925761,0.5787402));
#166=CARTESIAN_POINT('',(-2.168805,-0.1895429,0.5));
#167=CARTESIAN_POINT('',(-2.176638,0.006925761,0.5787402));
#168=CARTESIAN_POINT('',(-2.176638,0.006925761,0.5));
#169=CARTESIAN_POINT('',(-2.168805,-0.1895429,0.5));
#170=CARTESIAN_POINT('',(-2.144513,-0.3822375,0.5787402));
#171=CARTESIAN_POINT('',(-2.168805,-0.1895429,0.5787402));
#172=CARTESIAN_POINT('',(-2.144513,-0.3822375,0.5));
#173=CARTESIAN_POINT('',(-2.168805,-0.1895429,0.5787402));
#174=CARTESIAN_POINT('',(-2.168805,-0.1895429,0.5));
#175=CARTESIAN_POINT('',(-2.144513,-0.3822375,0.5));
#176=CARTESIAN_POINT('',(-2.104376,-0.570217,0.5787402));
#177=CARTESIAN_POINT('',(-2.144513,-0.3822375,0.5787402));
#178=CARTESIAN_POINT('',(-2.104376,-0.570217,0.5));
#179=CARTESIAN_POINT('',(-2.144513,-0.3822375,0.5787402));
#180=CARTESIAN_POINT('',(-2.144513,-0.3822375,0.5));
#181=CARTESIAN_POINT('',(-2.104376,-0.570217,0.5));
#182=CARTESIAN_POINT('',(-2.049026,-0.7526224,0.5787402));
#183=CARTESIAN_POINT('',(-2.104376,-0.570217,0.5787402));
#184=CARTESIAN_POINT('',(-2.049026,-0.7526224,0.5));
#185=CARTESIAN_POINT('',(-2.104376,-0.570217,0.5787402));
#186=CARTESIAN_POINT('',(-2.104376,-0.570217,0.5));
#187=CARTESIAN_POINT('',(-2.049026,-0.7526224,0.5));
#188=CARTESIAN_POINT('',(-1.979096,-0.928627,0.5787402));
#189=CARTESIAN_POINT('',(-2.049026,-0.7526224,0.5787402));
#190=CARTESIAN_POINT('',(-1.979096,-0.928627,0.5));
#191=CARTESIAN_POINT('',(-2.049026,-0.7526224,0.5787402));
#192=CARTESIAN_POINT('',(-2.049026,-0.7526224,0.5));
#193=CARTESIAN_POINT('',(-1.979096,-0.928627,0.5));
#194=CARTESIAN_POINT('',(-1.895222,-1.09743,0.5787402));
#195=CARTESIAN_POINT('',(-1.979096,-0.928627,0.5787402));
#196=CARTESIAN_POINT('',(-1.895222,-1.09743,0.5));
#197=CARTESIAN_POINT('',(-1.979096,-0.928627,0.5787402));
#198=CARTESIAN_POINT('',(-1.979096,-0.928627,0.5));
#199=CARTESIAN_POINT('',(-1.895222,-1.09743,0.5));
#200=CARTESIAN_POINT('',(-1.798028,-1.258252,0.5787402));
#201=CARTESIAN_POINT('',(-1.895222,-1.09743,0.5787402));
#202=CARTESIAN_POINT('',(-1.798028,-1.258252,0.5));
#203=CARTESIAN_POINT('',(-1.895222,-1.09743,0.5787402));
#204=CARTESIAN_POINT('',(-1.895222,-1.09743,0.5));
#205=CARTESIAN_POINT('',(-1.798028,-1.258252,0.5));
#206=CARTESIAN_POINT('',(1.232862,-1.981326,0.5787402));
#207=CARTESIAN_POINT('',(1.066151,-2.067405,0.5787402));
#208=CARTESIAN_POINT('',(1.232862,-1.981326,0.5));
#209=CARTESIAN_POINT('',(1.066151,-2.067405,0.5787402));
#210=CARTESIAN_POINT('',(1.066151,-2.067405,0.5));
#211=CARTESIAN_POINT('',(1.232862,-1.981326,0.5));
#212=CARTESIAN_POINT('',(1.39219,-1.881703,0.5787402));
#213=CARTESIAN_POINT('',(1.232862,-1.981326,0.5787402));
#214=CARTESIAN_POINT('',(1.39219,-1.881703,0.5));
#215=CARTESIAN_POINT('',(1.232862,-1.981326,0.5787402));
#216=CARTESIAN_POINT('',(1.232862,-1.981326,0.5));
#217=CARTESIAN_POINT('',(1.39219,-1.881703,0.5));
#218=CARTESIAN_POINT('',(1.543237,-1.768944,0.5787402));
#219=CARTESIAN_POINT('',(1.39219,-1.881703,0.5787402));
#220=CARTESIAN_POINT('',(1.543237,-1.768944,0.5));
#221=CARTESIAN_POINT('',(1.39219,-1.881703,0.5787402));
#222=CARTESIAN_POINT('',(1.39219,-1.881703,0.5));
#223=CARTESIAN_POINT('',(1.543237,-1.768944,0.5));
#224=CARTESIAN_POINT('',(1.685091,-1.643464,0.5787402));
#225=CARTESIAN_POINT('',(1.543237,-1.768944,0.5787402));
#226=CARTESIAN_POINT('',(1.685091,-1.643464,0.5));
#227=CARTESIAN_POINT('',(1.543237,-1.768944,0.5787402));
#228=CARTESIAN_POINT('',(1.543237,-1.768944,0.5));
#229=CARTESIAN_POINT('',(1.685091,-1.643464,0.5));
#230=CARTESIAN_POINT('',(1.816826,-1.505692,0.5787402));
#231=CARTESIAN_POINT('',(1.685091,-1.643464,0.5787402));
#232=CARTESIAN_POINT('',(1.816826,-1.505692,0.5));
#233=CARTESIAN_POINT('',(1.685091,-1.643464,0.5787402));
#234=CARTESIAN_POINT('',(1.685091,-1.643464,0.5));
#235=CARTESIAN_POINT('',(1.816826,-1.505692,0.5));
#236=CARTESIAN_POINT('',(1.937501,-1.356077,0.5787402));
#237=CARTESIAN_POINT('',(1.816826,-1.505692,0.5787402));
#238=CARTESIAN_POINT('',(1.937501,-1.356077,0.5));
#239=CARTESIAN_POINT('',(1.816826,-1.505692,0.5787402));
#240=CARTESIAN_POINT('',(1.816826,-1.505692,0.5));
#241=CARTESIAN_POINT('',(1.937501,-1.356077,0.5));
#242=CARTESIAN_POINT('',(2.046168,-1.195102,0.5787402));
#243=CARTESIAN_POINT('',(1.937501,-1.356077,0.5787402));
#244=CARTESIAN_POINT('',(2.046168,-1.195102,0.5));
#245=CARTESIAN_POINT('',(1.937501,-1.356077,0.5787402));
#246=CARTESIAN_POINT('',(1.937501,-1.356077,0.5));
#247=CARTESIAN_POINT('',(2.046168,-1.195102,0.5));
#248=CARTESIAN_POINT('',(2.276691,-0.7812669,0.5787402));
#249=CARTESIAN_POINT('',(2.046168,-1.195102,0.5787402));
#250=CARTESIAN_POINT('',(2.276691,-0.7812669,0.5));
#251=CARTESIAN_POINT('',(2.046168,-1.195102,0.5787402));
#252=CARTESIAN_POINT('',(2.046168,-1.195102,0.5));
#253=CARTESIAN_POINT('',(2.276691,-0.7812669,0.5));
#254=CARTESIAN_POINT('',(0.9830191,-1.888787,0.5));
#255=CARTESIAN_POINT('',(1.066151,-2.067405,0.5));
#256=CARTESIAN_POINT('',(0.824743,-1.954693,0.5));
#257=CARTESIAN_POINT('',(1.066151,-2.067405,0.5));
#258=CARTESIAN_POINT('',(0.8929442,-2.139529,0.5));
#259=CARTESIAN_POINT('',(0.824743,-1.954693,0.5));
#260=CARTESIAN_POINT('',(0.824743,-1.954693,0.5));
#261=CARTESIAN_POINT('',(0.8929442,-2.139529,0.5));
#262=CARTESIAN_POINT('',(0.6613571,-2.007463,0.5));
#263=CARTESIAN_POINT('',(0.8929442,-2.139529,0.5));
#264=CARTESIAN_POINT('',(0.7141292,-2.197282,0.5));
#265=CARTESIAN_POINT('',(0.6613571,-2.007463,0.5));
#266=CARTESIAN_POINT('',(0.6613571,-2.007463,0.5));
#267=CARTESIAN_POINT('',(0.7141292,-2.197282,0.5));
#268=CARTESIAN_POINT('',(0.4936878,-2.04671,0.5));
#269=CARTESIAN_POINT('',(0.7141292,-2.197282,0.5));
#270=CARTESIAN_POINT('',(0.5305969,-2.240241,0.5));
#271=CARTESIAN_POINT('',(0.4936878,-2.04671,0.5));
#272=CARTESIAN_POINT('',(0.4936878,-2.04671,0.5));
#273=CARTESIAN_POINT('',(0.5305969,-2.240241,0.5));
#274=CARTESIAN_POINT('',(0.3225652,-2.072042,0.5));
#275=CARTESIAN_POINT('',(0.5305969,-2.240241,0.5));
#276=CARTESIAN_POINT('',(0.3432509,-2.267976,0.5));
#277=CARTESIAN_POINT('',(0.3225652,-2.072042,0.5));
#278=CARTESIAN_POINT('',(0.3225652,-2.072042,0.5));
#279=CARTESIAN_POINT('',(0.3432509,-2.267976,0.5));
#280=CARTESIAN_POINT('',(0.1488253,-2.083072,0.5));
#281=CARTESIAN_POINT('',(0.3432509,-2.267976,0.5));
#282=CARTESIAN_POINT('',(0.1530154,-2.280053,0.5));
#283=CARTESIAN_POINT('',(0.1488253,-2.083072,0.5));
#284=CARTESIAN_POINT('',(0.1488253,-2.083072,0.5));
#285=CARTESIAN_POINT('',(0.1530154,-2.280053,0.5));
#286=CARTESIAN_POINT('',(-0.02668844,-2.07941,0.5));
#287=CARTESIAN_POINT('',(0.1530154,-2.280053,0.5));
#288=CARTESIAN_POINT('',(-0.03915937,-2.276043,0.5));
#289=CARTESIAN_POINT('',(-0.02668844,-2.07941,0.5));
#290=CARTESIAN_POINT('',(-0.02668844,-2.07941,0.5));
#291=CARTESIAN_POINT('',(-0.03915937,-2.276043,0.5));
#292=CARTESIAN_POINT('',(-0.2031237,-2.060671,0.5));
#293=CARTESIAN_POINT('',(-0.03915937,-2.276043,0.5));
#294=CARTESIAN_POINT('',(-0.2322929,-2.25553,0.5));
#295=CARTESIAN_POINT('',(-0.2031237,-2.060671,0.5));
#296=CARTESIAN_POINT('',(-0.2031237,-2.060671,0.5));
#297=CARTESIAN_POINT('',(-0.2322929,-2.25553,0.5));
#298=CARTESIAN_POINT('',(-0.3796061,-2.026479,0.5));
#299=CARTESIAN_POINT('',(-0.2322929,-2.25553,0.5));
#300=CARTESIAN_POINT('',(-0.4253283,-2.218132,0.5));
#301=CARTESIAN_POINT('',(-0.3796061,-2.026479,0.5));
#302=CARTESIAN_POINT('',(-0.3796061,-2.026479,0.5));
#303=CARTESIAN_POINT('',(-0.4253283,-2.218132,0.5));
#304=CARTESIAN_POINT('',(-0.5525168,-1.977317,0.5));
#305=CARTESIAN_POINT('',(-0.4253283,-2.218132,0.5));
#306=CARTESIAN_POINT('',(-0.6144571,-2.164358,0.5));
#307=CARTESIAN_POINT('',(-0.5525168,-1.977317,0.5));
#308=CARTESIAN_POINT('',(-0.5525168,-1.977317,0.5));
#309=CARTESIAN_POINT('',(-0.6144571,-2.164358,0.5));
#310=CARTESIAN_POINT('',(-0.7184096,-1.914387,0.5));
#311=CARTESIAN_POINT('',(-0.6144571,-2.164358,0.5));
#312=CARTESIAN_POINT('',(-0.7960504,-2.095473,0.5));
#313=CARTESIAN_POINT('',(-0.7184096,-1.914387,0.5));
#314=CARTESIAN_POINT('',(-0.7184096,-1.914387,0.5));
#315=CARTESIAN_POINT('',(-0.7960504,-2.095473,0.5));
#316=CARTESIAN_POINT('',(-0.8766738,-1.838421,0.5));
#317=CARTESIAN_POINT('',(-0.7960504,-2.095473,0.5));
#318=CARTESIAN_POINT('',(-0.9693381,-2.012295,0.5));
#319=CARTESIAN_POINT('',(-0.8766738,-1.838421,0.5));
#320=CARTESIAN_POINT('',(-0.8766738,-1.838421,0.5));
#321=CARTESIAN_POINT('',(-0.9693381,-2.012295,0.5));
#322=CARTESIAN_POINT('',(-1.026723,-1.750145,0.5));
#323=CARTESIAN_POINT('',(-0.9693381,-2.012295,0.5));
#324=CARTESIAN_POINT('',(-1.133633,-1.915638,0.5));
#325=CARTESIAN_POINT('',(-1.026723,-1.750145,0.5));
#326=CARTESIAN_POINT('',(-1.026723,-1.750145,0.5));
#327=CARTESIAN_POINT('',(-1.133633,-1.915638,0.5));
#328=CARTESIAN_POINT('',(-1.167979,-1.650288,0.5));
#329=CARTESIAN_POINT('',(-1.133633,-1.915638,0.5));
#330=CARTESIAN_POINT('',(-1.288282,-1.806314,0.5));
#331=CARTESIAN_POINT('',(-1.167979,-1.650288,0.5));
#332=CARTESIAN_POINT('',(-1.167979,-1.650288,0.5));
#333=CARTESIAN_POINT('',(-1.288282,-1.806314,0.5));
#334=CARTESIAN_POINT('',(-1.299873,-1.539576,0.5));
#335=CARTESIAN_POINT('',(-1.288282,-1.806314,0.5));
#336=CARTESIAN_POINT('',(-1.432654,-1.685128,0.5));
#337=CARTESIAN_POINT('',(-1.299873,-1.539576,0.5));
#338=CARTESIAN_POINT('',(-1.299873,-1.539576,0.5));
#339=CARTESIAN_POINT('',(-1.432654,-1.685128,0.5));
#340=CARTESIAN_POINT('',(-1.421839,-1.41873,0.5));
#341=CARTESIAN_POINT('',(-1.432654,-1.685128,0.5));
#342=CARTESIAN_POINT('',(-1.566138,-1.55287,0.5));
#343=CARTESIAN_POINT('',(-1.421839,-1.41873,0.5));
#344=CARTESIAN_POINT('',(-1.421839,-1.41873,0.5));
#345=CARTESIAN_POINT('',(-1.566138,-1.55287,0.5));
#346=CARTESIAN_POINT('',(-1.533316,-1.288469,0.5));
#347=CARTESIAN_POINT('',(-1.566138,-1.55287,0.5));
#348=CARTESIAN_POINT('',(-1.68813,-1.410321,0.5));
#349=CARTESIAN_POINT('',(-1.533316,-1.288469,0.5));
#350=CARTESIAN_POINT('',(-1.533316,-1.288469,0.5));
#351=CARTESIAN_POINT('',(-1.68813,-1.410321,0.5));
#352=CARTESIAN_POINT('',(-1.63374,-1.149508,0.5));
#353=CARTESIAN_POINT('',(-1.68813,-1.410321,0.5));
#354=CARTESIAN_POINT('',(-1.798028,-1.258252,0.5));
#355=CARTESIAN_POINT('',(-1.63374,-1.149508,0.5));
#356=CARTESIAN_POINT('',(-1.63374,-1.149508,0.5));
#357=CARTESIAN_POINT('',(-1.798028,-1.258252,0.5));
#358=CARTESIAN_POINT('',(-1.722548,-1.002563,0.5));
#359=CARTESIAN_POINT('',(-1.798028,-1.258252,0.5));
#360=CARTESIAN_POINT('',(-1.895222,-1.09743,0.5));
#361=CARTESIAN_POINT('',(-1.722548,-1.002563,0.5));
#362=CARTESIAN_POINT('',(-1.722548,-1.002563,0.5));
#363=CARTESIAN_POINT('',(-1.895222,-1.09743,0.5));
#364=CARTESIAN_POINT('',(-1.799173,-0.8483498,0.5));
#365=CARTESIAN_POINT('',(-1.895222,-1.09743,0.5));
#366=CARTESIAN_POINT('',(-1.979096,-0.928627,0.5));
#367=CARTESIAN_POINT('',(-1.799173,-0.8483498,0.5));
#368=CARTESIAN_POINT('',(-1.799173,-0.8483498,0.5));
#369=CARTESIAN_POINT('',(-1.979096,-0.928627,0.5));
#370=CARTESIAN_POINT('',(-1.863047,-0.6875864,0.5));
#371=CARTESIAN_POINT('',(-1.979096,-0.928627,0.5));
#372=CARTESIAN_POINT('',(-2.049026,-0.7526224,0.5));
#373=CARTESIAN_POINT('',(-1.863047,-0.6875864,0.5));
#374=CARTESIAN_POINT('',(-1.863047,-0.6875864,0.5));
#375=CARTESIAN_POINT('',(-2.049026,-0.7526224,0.5));
#376=CARTESIAN_POINT('',(-1.913598,-0.5209976,0.5));
#377=CARTESIAN_POINT('',(-2.049026,-0.7526224,0.5));
#378=CARTESIAN_POINT('',(-2.104376,-0.570217,0.5));
#379=CARTESIAN_POINT('',(-1.913598,-0.5209976,0.5));
#380=CARTESIAN_POINT('',(-1.913598,-0.5209976,0.5));
#381=CARTESIAN_POINT('',(-2.104376,-0.570217,0.5));
#382=CARTESIAN_POINT('',(-1.950255,-0.3493155,0.5));
#383=CARTESIAN_POINT('',(-2.104376,-0.570217,0.5));
#384=CARTESIAN_POINT('',(-2.144513,-0.3822375,0.5));
#385=CARTESIAN_POINT('',(-1.950255,-0.3493155,0.5));
#386=CARTESIAN_POINT('',(-1.950255,-0.3493155,0.5));
#387=CARTESIAN_POINT('',(-2.144513,-0.3822375,0.5));
#388=CARTESIAN_POINT('',(-1.972447,-0.1732812,0.5));
#389=CARTESIAN_POINT('',(-2.144513,-0.3822375,0.5));
#390=CARTESIAN_POINT('',(-2.168805,-0.1895429,0.5));
#391=CARTESIAN_POINT('',(-1.972447,-0.1732812,0.5));
#392=CARTESIAN_POINT('',(-1.972447,-0.1732812,0.5));
#393=CARTESIAN_POINT('',(-2.168805,-0.1895429,0.5));
#394=CARTESIAN_POINT('',(-1.979608,0.006340041,0.5));
#395=CARTESIAN_POINT('',(-2.168805,-0.1895429,0.5));
#396=CARTESIAN_POINT('',(-2.176638,0.006925761,0.5));
#397=CARTESIAN_POINT('',(-1.979608,0.006340041,0.5));
#398=CARTESIAN_POINT('',(-1.979608,0.006340041,0.5));
#399=CARTESIAN_POINT('',(-2.176638,0.006925761,0.5));
#400=CARTESIAN_POINT('',(-1.971379,0.1859155,0.5));
#401=CARTESIAN_POINT('',(-2.176638,0.006925761,0.5));
#402=CARTESIAN_POINT('',(-2.167637,0.2033444,0.5));
#403=CARTESIAN_POINT('',(-1.971379,0.1859155,0.5));
#404=CARTESIAN_POINT('',(-1.971379,0.1859155,0.5));
#405=CARTESIAN_POINT('',(-2.167637,0.2033444,0.5));
#406=CARTESIAN_POINT('',(-1.94814,0.3618147,0.5));
#407=CARTESIAN_POINT('',(-2.167637,0.2033444,0.5));
#408=CARTESIAN_POINT('',(-2.1422,0.3958912,0.5));
#409=CARTESIAN_POINT('',(-1.94814,0.3618147,0.5));
#410=CARTESIAN_POINT('',(-1.94814,0.3618147,0.5));
#411=CARTESIAN_POINT('',(-2.1422,0.3958912,0.5));
#412=CARTESIAN_POINT('',(-1.910464,0.5332759,0.5));
#413=CARTESIAN_POINT('',(-2.1422,0.3958912,0.5));
#414=CARTESIAN_POINT('',(-2.100946,0.5836287,0.5));
#415=CARTESIAN_POINT('',(-1.910464,0.5332759,0.5));
#416=CARTESIAN_POINT('',(-1.910464,0.5332759,0.5));
#417=CARTESIAN_POINT('',(-2.100946,0.5836287,0.5));
#418=CARTESIAN_POINT('',(-1.858923,0.6995612,0.5));
#419=CARTESIAN_POINT('',(-2.100946,0.5836287,0.5));
#420=CARTESIAN_POINT('',(-2.044512,0.7657018,0.5));
#421=CARTESIAN_POINT('',(-1.858923,0.6995612,0.5));
#422=CARTESIAN_POINT('',(-1.858923,0.6995612,0.5));
#423=CARTESIAN_POINT('',(-2.044512,0.7657018,0.5));
#424=CARTESIAN_POINT('',(-1.794095,0.8599419,0.5));
#425=CARTESIAN_POINT('',(-2.044512,0.7657018,0.5));
#426=CARTESIAN_POINT('',(-1.973538,0.9412875,0.5));
#427=CARTESIAN_POINT('',(-1.794095,0.8599419,0.5));
#428=CARTESIAN_POINT('',(-1.794095,0.8599419,0.5));
#429=CARTESIAN_POINT('',(-1.973538,0.9412875,0.5));
#430=CARTESIAN_POINT('',(-1.716554,1.013697,0.5));
#431=CARTESIAN_POINT('',(-1.973538,0.9412875,0.5));
#432=CARTESIAN_POINT('',(-1.888661,1.109589,0.5));
#433=CARTESIAN_POINT('',(-1.716554,1.013697,0.5));
#434=CARTESIAN_POINT('',(-1.716554,1.013697,0.5));
#435=CARTESIAN_POINT('',(-1.888661,1.109589,0.5));
#436=CARTESIAN_POINT('',(-1.626874,1.160111,0.5));
#437=CARTESIAN_POINT('',(-1.888661,1.109589,0.5));
#438=CARTESIAN_POINT('',(-1.790512,1.26983,0.5));
#439=CARTESIAN_POINT('',(-1.626874,1.160111,0.5));
#440=CARTESIAN_POINT('',(-1.626874,1.160111,0.5));
#441=CARTESIAN_POINT('',(-1.790512,1.26983,0.5));
#442=CARTESIAN_POINT('',(-1.525625,1.298472,0.5));
#443=CARTESIAN_POINT('',(-1.790512,1.26983,0.5));
#444=CARTESIAN_POINT('',(-1.679713,1.421243,0.5));
#445=CARTESIAN_POINT('',(-1.525625,1.298472,0.5));
#446=CARTESIAN_POINT('',(-1.525625,1.298472,0.5));
#447=CARTESIAN_POINT('',(-1.679713,1.421243,0.5));
#448=CARTESIAN_POINT('',(-1.413377,1.428069,0.5));
#449=CARTESIAN_POINT('',(-1.679713,1.421243,0.5));
#450=CARTESIAN_POINT('',(-1.556875,1.563064,0.5));
#451=CARTESIAN_POINT('',(-1.413377,1.428069,0.5));
#452=CARTESIAN_POINT('',(-1.413377,1.428069,0.5));
#453=CARTESIAN_POINT('',(-1.556875,1.563064,0.5));
#454=CARTESIAN_POINT('',(-1.290694,1.548187,0.5));
#455=CARTESIAN_POINT('',(-1.556875,1.563064,0.5));
#456=CARTESIAN_POINT('',(-1.422607,1.694526,0.5));
#457=CARTESIAN_POINT('',(-1.290694,1.548187,0.5));
#458=CARTESIAN_POINT('',(-1.290694,1.548187,0.5));
#459=CARTESIAN_POINT('',(-1.422607,1.694526,0.5));
#460=CARTESIAN_POINT('',(-1.158144,1.658114,0.5));
#461=CARTESIAN_POINT('',(-1.422607,1.694526,0.5));
#462=CARTESIAN_POINT('',(-1.277516,1.814852,0.5));
#463=CARTESIAN_POINT('',(-1.158144,1.658114,0.5));
#464=CARTESIAN_POINT('',(-1.158144,1.658114,0.5));
#465=CARTESIAN_POINT('',(-1.277516,1.814852,0.5));
#466=CARTESIAN_POINT('',(-1.016296,1.757129,0.5));
#467=CARTESIAN_POINT('',(-1.277516,1.814852,0.5));
#468=CARTESIAN_POINT('',(-1.122221,1.923254,0.5));
#469=CARTESIAN_POINT('',(-1.016296,1.757129,0.5));
#470=CARTESIAN_POINT('',(-1.016296,1.757129,0.5));
#471=CARTESIAN_POINT('',(-1.122221,1.923254,0.5));
#472=CARTESIAN_POINT('',(-0.8657251,1.84451,0.5));
#473=CARTESIAN_POINT('',(-1.122221,1.923254,0.5));
#474=CARTESIAN_POINT('',(-0.9573541,2.018933,0.5));
#475=CARTESIAN_POINT('',(-0.8657251,1.84451,0.5));
#476=CARTESIAN_POINT('',(-0.8657251,1.84451,0.5));
#477=CARTESIAN_POINT('',(-0.9573541,2.018933,0.5));
#478=CARTESIAN_POINT('',(-0.7070121,1.919535,0.5));
#479=CARTESIAN_POINT('',(-0.9573541,2.018933,0.5));
#480=CARTESIAN_POINT('',(-0.7835749,2.101079,0.5));
#481=CARTESIAN_POINT('',(-0.7070121,1.919535,0.5));
#482=CARTESIAN_POINT('',(-0.7070121,1.919535,0.5));
#483=CARTESIAN_POINT('',(-0.7835749,2.101079,0.5));
#484=CARTESIAN_POINT('',(-0.5407481,1.981477,0.5));
#485=CARTESIAN_POINT('',(-0.7835749,2.101079,0.5));
#486=CARTESIAN_POINT('',(-0.6015752,2.168883,0.5));
#487=CARTESIAN_POINT('',(-0.5407481,1.981477,0.5));
#488=CARTESIAN_POINT('',(-0.5407481,1.981477,0.5));
#489=CARTESIAN_POINT('',(-0.6015752,2.168883,0.5));
#490=CARTESIAN_POINT('',(-0.3675481,2.029611,0.5));
#491=CARTESIAN_POINT('',(-0.6015752,2.168883,0.5));
#492=CARTESIAN_POINT('',(-0.4121301,2.221532,0.5));
#493=CARTESIAN_POINT('',(-0.3675481,2.029611,0.5));
#494=CARTESIAN_POINT('',(-0.3675481,2.029611,0.5));
#495=CARTESIAN_POINT('',(-0.4121301,2.221532,0.5));
#496=CARTESIAN_POINT('',(-0.1908656,2.062752,0.5));
#497=CARTESIAN_POINT('',(-0.4121301,2.221532,0.5));
#498=CARTESIAN_POINT('',(-0.2188758,2.257782,0.5));
#499=CARTESIAN_POINT('',(-0.1908656,2.062752,0.5));
#500=CARTESIAN_POINT('',(-0.1908656,2.062752,0.5));
#501=CARTESIAN_POINT('',(-0.2188758,2.257782,0.5));
#502=CARTESIAN_POINT('',(-0.01432206,2.080442,0.5));
#503=CARTESIAN_POINT('',(-0.2188758,2.257782,0.5));
#504=CARTESIAN_POINT('',(-0.02562368,2.277146,0.5));
#505=CARTESIAN_POINT('',(-0.01432206,2.080442,0.5));
#506=CARTESIAN_POINT('',(-0.01432206,2.080442,0.5));
#507=CARTESIAN_POINT('',(-0.02562368,2.277146,0.5));
#508=CARTESIAN_POINT('',(0.1612103,2.083061,0.5));
#509=CARTESIAN_POINT('',(-0.02562368,2.277146,0.5));
#510=CARTESIAN_POINT('',(0.1665715,2.280013,0.5));
#511=CARTESIAN_POINT('',(0.1612103,2.083061,0.5));
#512=CARTESIAN_POINT('',(0.1612103,2.083061,0.5));
#513=CARTESIAN_POINT('',(0.1665715,2.280013,0.5));
#514=CARTESIAN_POINT('',(0.3348816,2.070998,0.5));
#515=CARTESIAN_POINT('',(0.1665715,2.280013,0.5));
#516=CARTESIAN_POINT('',(0.3567319,2.266805,0.5));
#517=CARTESIAN_POINT('',(0.3348816,2.070998,0.5));
#518=CARTESIAN_POINT('',(0.3348816,2.070998,0.5));
#519=CARTESIAN_POINT('',(0.3567319,2.266805,0.5));
#520=CARTESIAN_POINT('',(0.5058506,2.044648,0.5));
#521=CARTESIAN_POINT('',(0.3567319,2.266805,0.5));
#522=CARTESIAN_POINT('',(0.5439097,2.237957,0.5));
#523=CARTESIAN_POINT('',(0.5058506,2.044648,0.5));
#524=CARTESIAN_POINT('',(0.5058506,2.044648,0.5));
#525=CARTESIAN_POINT('',(0.5439097,2.237957,0.5));
#526=CARTESIAN_POINT('',(0.6732836,2.004406,0.5));
#527=CARTESIAN_POINT('',(0.5439097,2.237957,0.5));
#528=CARTESIAN_POINT('',(0.7271833,2.193908,0.5));
#529=CARTESIAN_POINT('',(0.6732836,2.004406,0.5));
#530=CARTESIAN_POINT('',(0.6732836,2.004406,0.5));
#531=CARTESIAN_POINT('',(0.7271833,2.193908,0.5));
#532=CARTESIAN_POINT('',(0.8363528,1.950666,0.5));
#533=CARTESIAN_POINT('',(0.7271833,2.193908,0.5));
#534=CARTESIAN_POINT('',(0.9056517,2.135092,0.5));
#535=CARTESIAN_POINT('',(0.8363528,1.950666,0.5));
#536=CARTESIAN_POINT('',(0.8363528,1.950666,0.5));
#537=CARTESIAN_POINT('',(0.9056517,2.135092,0.5));
#538=CARTESIAN_POINT('',(0.9942342,1.883819,0.5));
#539=CARTESIAN_POINT('',(0.9056517,2.135092,0.5));
#540=CARTESIAN_POINT('',(1.078426,2.06194,0.5));
#541=CARTESIAN_POINT('',(0.9942342,1.883819,0.5));
#542=CARTESIAN_POINT('',(0.9942342,1.883819,0.5));
#543=CARTESIAN_POINT('',(1.078426,2.06194,0.5));
#544=CARTESIAN_POINT('',(1.146105,1.804256,0.5));
#545=CARTESIAN_POINT('',(1.078426,2.06194,0.5));
#546=CARTESIAN_POINT('',(1.244623,1.974871,0.5));
#547=CARTESIAN_POINT('',(1.146105,1.804256,0.5));
#548=CARTESIAN_POINT('',(1.146105,1.804256,0.5));
#549=CARTESIAN_POINT('',(1.244623,1.974871,0.5));
#550=CARTESIAN_POINT('',(1.291142,1.712364,0.5));
#551=CARTESIAN_POINT('',(1.244623,1.974871,0.5));
#552=CARTESIAN_POINT('',(1.403356,1.874302,0.5));
#553=CARTESIAN_POINT('',(1.291142,1.712364,0.5));
#554=CARTESIAN_POINT('',(1.291142,1.712364,0.5));
#555=CARTESIAN_POINT('',(1.403356,1.874302,0.5));
#556=CARTESIAN_POINT('',(1.428518,1.608533,0.5));
#557=CARTESIAN_POINT('',(1.403356,1.874302,0.5));
#558=CARTESIAN_POINT('',(1.55373,1.760648,0.5));
#559=CARTESIAN_POINT('',(1.428518,1.608533,0.5));
#560=CARTESIAN_POINT('',(1.428518,1.608533,0.5));
#561=CARTESIAN_POINT('',(1.55373,1.760648,0.5));
#562=CARTESIAN_POINT('',(1.557404,1.493151,0.5));
#563=CARTESIAN_POINT('',(1.55373,1.760648,0.5));
#564=CARTESIAN_POINT('',(1.694835,1.634327,0.5));
#565=CARTESIAN_POINT('',(1.557404,1.493151,0.5));
#566=CARTESIAN_POINT('',(1.557404,1.493151,0.5));
#567=CARTESIAN_POINT('',(1.694835,1.634327,0.5));
#568=CARTESIAN_POINT('',(1.676966,1.366611,0.5));
#569=CARTESIAN_POINT('',(1.694835,1.634327,0.5));
#570=CARTESIAN_POINT('',(1.825748,1.495773,0.5));
#571=CARTESIAN_POINT('',(1.676966,1.366611,0.5));
#572=CARTESIAN_POINT('',(1.676966,1.366611,0.5));
#573=CARTESIAN_POINT('',(1.825748,1.495773,0.5));
#574=CARTESIAN_POINT('',(1.786365,1.229315,0.5));
#575=CARTESIAN_POINT('',(1.825748,1.495773,0.5));
#576=CARTESIAN_POINT('',(1.945532,1.345443,0.5));
#577=CARTESIAN_POINT('',(1.786365,1.229315,0.5));
#578=CARTESIAN_POINT('',(1.786365,1.229315,0.5));
#579=CARTESIAN_POINT('',(1.945532,1.345443,0.5));
#580=CARTESIAN_POINT('',(1.88476,1.08167,0.5));
#581=CARTESIAN_POINT('',(1.945532,1.345443,0.5));
#582=CARTESIAN_POINT('',(2.05324,1.183825,0.5));
#583=CARTESIAN_POINT('',(1.88476,1.08167,0.5));
#584=CARTESIAN_POINT('',(1.88476,1.08167,0.5));
#585=CARTESIAN_POINT('',(2.05324,1.183825,0.5));
#586=CARTESIAN_POINT('',(2.009851,0.8539327,0.5));
#587=CARTESIAN_POINT('',(2.05324,1.183825,0.5));
#588=CARTESIAN_POINT('',(2.281297,0.7686289,0.5));
#589=CARTESIAN_POINT('',(2.009851,0.8539327,0.5));
#590=CARTESIAN_POINT('',(2.009851,0.8539327,0.5));
#591=CARTESIAN_POINT('',(2.281297,0.7686289,0.5));
#592=CARTESIAN_POINT('',(0.283506,-0.0003951082,0.5));
#593=CARTESIAN_POINT('',(2.281297,0.7686289,0.5));
#594=CARTESIAN_POINT('',(0.7246792,-0.001705045,0.5));
#595=CARTESIAN_POINT('',(0.283506,-0.0003951082,0.5));
#596=CARTESIAN_POINT('',(0.283506,-0.0003951082,0.5));
#597=CARTESIAN_POINT('',(0.7246792,-0.001705045,0.5));
#598=CARTESIAN_POINT('',(2.004741,-0.8649567,0.5));
#599=CARTESIAN_POINT('',(0.7246792,-0.001705045,0.5));
#600=CARTESIAN_POINT('',(2.276691,-0.7812669,0.5));
#601=CARTESIAN_POINT('',(2.004741,-0.8649567,0.5));
#602=CARTESIAN_POINT('',(2.004741,-0.8649567,0.5));
#603=CARTESIAN_POINT('',(2.276691,-0.7812669,0.5));
#604=CARTESIAN_POINT('',(1.878299,-1.091947,0.5));
#605=CARTESIAN_POINT('',(2.276691,-0.7812669,0.5));
#606=CARTESIAN_POINT('',(2.046168,-1.195102,0.5));
#607=CARTESIAN_POINT('',(1.878299,-1.091947,0.5));
#608=CARTESIAN_POINT('',(1.878299,-1.091947,0.5));
#609=CARTESIAN_POINT('',(2.046168,-1.195102,0.5));
#610=CARTESIAN_POINT('',(1.779027,-1.239004,0.5));
#611=CARTESIAN_POINT('',(2.046168,-1.195102,0.5));
#612=CARTESIAN_POINT('',(1.937501,-1.356077,0.5));
#613=CARTESIAN_POINT('',(1.779027,-1.239004,0.5));
#614=CARTESIAN_POINT('',(1.779027,-1.239004,0.5));
#615=CARTESIAN_POINT('',(1.937501,-1.356077,0.5));
#616=CARTESIAN_POINT('',(1.668814,-1.375648,0.5));
#617=CARTESIAN_POINT('',(1.937501,-1.356077,0.5));
#618=CARTESIAN_POINT('',(1.816826,-1.505692,0.5));
#619=CARTESIAN_POINT('',(1.668814,-1.375648,0.5));
#620=CARTESIAN_POINT('',(1.668814,-1.375648,0.5));
#621=CARTESIAN_POINT('',(1.816826,-1.505692,0.5));
#622=CARTESIAN_POINT('',(1.548502,-1.501474,0.5));
#623=CARTESIAN_POINT('',(1.816826,-1.505692,0.5));
#624=CARTESIAN_POINT('',(1.685091,-1.643464,0.5));
#625=CARTESIAN_POINT('',(1.548502,-1.501474,0.5));
#626=CARTESIAN_POINT('',(1.548502,-1.501474,0.5));
#627=CARTESIAN_POINT('',(1.685091,-1.643464,0.5));
#628=CARTESIAN_POINT('',(1.418932,-1.616088,0.5));
#629=CARTESIAN_POINT('',(1.685091,-1.643464,0.5));
#630=CARTESIAN_POINT('',(1.543237,-1.768944,0.5));
#631=CARTESIAN_POINT('',(1.418932,-1.616088,0.5));
#632=CARTESIAN_POINT('',(1.418932,-1.616088,0.5));
#633=CARTESIAN_POINT('',(1.543237,-1.768944,0.5));
#634=CARTESIAN_POINT('',(1.280941,-1.7191,0.5));
#635=CARTESIAN_POINT('',(1.543237,-1.768944,0.5));
#636=CARTESIAN_POINT('',(1.39219,-1.881703,0.5));
#637=CARTESIAN_POINT('',(1.280941,-1.7191,0.5));
#638=CARTESIAN_POINT('',(1.280941,-1.7191,0.5));
#639=CARTESIAN_POINT('',(1.39219,-1.881703,0.5));
#640=CARTESIAN_POINT('',(1.13536,-1.810128,0.5));
#641=CARTESIAN_POINT('',(1.39219,-1.881703,0.5));
#642=CARTESIAN_POINT('',(1.232862,-1.981326,0.5));
#643=CARTESIAN_POINT('',(1.13536,-1.810128,0.5));
#644=CARTESIAN_POINT('',(1.13536,-1.810128,0.5));
#645=CARTESIAN_POINT('',(1.232862,-1.981326,0.5));
#646=CARTESIAN_POINT('',(0.9830191,-1.888787,0.5));
#647=CARTESIAN_POINT('',(1.232862,-1.981326,0.5));
#648=CARTESIAN_POINT('',(1.066151,-2.067405,0.5));
#649=CARTESIAN_POINT('',(0.9830191,-1.888787,0.5));
#650=CARTESIAN_POINT('',(-1.463004,1.248579,0.5787402));
#651=CARTESIAN_POINT('',(-1.679713,1.421243,0.5787402));
#652=CARTESIAN_POINT('',(-1.560372,1.115522,0.5787402));
#653=CARTESIAN_POINT('',(-1.679713,1.421243,0.5787402));
#654=CARTESIAN_POINT('',(-1.790512,1.26983,0.5787402));
#655=CARTESIAN_POINT('',(-1.560372,1.115522,0.5787402));
#656=CARTESIAN_POINT('',(-1.560372,1.115522,0.5787402));
#657=CARTESIAN_POINT('',(-1.790512,1.26983,0.5787402));
#658=CARTESIAN_POINT('',(-1.64661,0.9747266,0.5787402));
#659=CARTESIAN_POINT('',(-1.790512,1.26983,0.5787402));
#660=CARTESIAN_POINT('',(-1.888661,1.109589,0.5787402));
#661=CARTESIAN_POINT('',(-1.64661,0.9747266,0.5787402));
#662=CARTESIAN_POINT('',(-1.64661,0.9747266,0.5787402));
#663=CARTESIAN_POINT('',(-1.888661,1.109589,0.5787402));
#664=CARTESIAN_POINT('',(-1.721169,0.8268831,0.5787402));
#665=CARTESIAN_POINT('',(-1.888661,1.109589,0.5787402));
#666=CARTESIAN_POINT('',(-1.973538,0.9412875,0.5787402));
#667=CARTESIAN_POINT('',(-1.721169,0.8268831,0.5787402));
#668=CARTESIAN_POINT('',(-1.721169,0.8268831,0.5787402));
#669=CARTESIAN_POINT('',(-1.973538,0.9412875,0.5787402));
#670=CARTESIAN_POINT('',(-1.7835,0.6726817,0.5787402));
#671=CARTESIAN_POINT('',(-1.973538,0.9412875,0.5787402));
#672=CARTESIAN_POINT('',(-2.044512,0.7657018,0.5787402));
#673=CARTESIAN_POINT('',(-1.7835,0.6726817,0.5787402));
#674=CARTESIAN_POINT('',(-1.7835,0.6726817,0.5787402));
#675=CARTESIAN_POINT('',(-2.044512,0.7657018,0.5787402));
#676=CARTESIAN_POINT('',(-1.833052,0.5128126,0.5787402));
#677=CARTESIAN_POINT('',(-2.044512,0.7657018,0.5787402));
#678=CARTESIAN_POINT('',(-2.100946,0.5836287,0.5787402));
#679=CARTESIAN_POINT('',(-1.833052,0.5128126,0.5787402));
#680=CARTESIAN_POINT('',(-1.833052,0.5128126,0.5787402));
#681=CARTESIAN_POINT('',(-2.100946,0.5836287,0.5787402));
#682=CARTESIAN_POINT('',(-1.869275,0.3479661,0.5787402));
#683=CARTESIAN_POINT('',(-2.100946,0.5836287,0.5787402));
#684=CARTESIAN_POINT('',(-2.1422,0.3958912,0.5787402));
#685=CARTESIAN_POINT('',(-1.869275,0.3479661,0.5787402));
#686=CARTESIAN_POINT('',(-1.869275,0.3479661,0.5787402));
#687=CARTESIAN_POINT('',(-2.1422,0.3958912,0.5787402));
#688=CARTESIAN_POINT('',(-1.891619,0.1788325,0.5787402));
#689=CARTESIAN_POINT('',(-2.1422,0.3958912,0.5787402));
#690=CARTESIAN_POINT('',(-2.167637,0.2033444,0.5787402));
#691=CARTESIAN_POINT('',(-1.891619,0.1788325,0.5787402));
#692=CARTESIAN_POINT('',(-1.891619,0.1788325,0.5787402));
#693=CARTESIAN_POINT('',(-2.167637,0.2033444,0.5787402));
#694=CARTESIAN_POINT('',(-1.899535,0.006102004,0.5787402));
#695=CARTESIAN_POINT('',(-2.167637,0.2033444,0.5787402));
#696=CARTESIAN_POINT('',(-2.176638,0.006925761,0.5787402));
#697=CARTESIAN_POINT('',(-1.899535,0.006102004,0.5787402));
#698=CARTESIAN_POINT('',(-1.899535,0.006102004,0.5787402));
#699=CARTESIAN_POINT('',(-2.176638,0.006925761,0.5787402));
#700=CARTESIAN_POINT('',(-1.892647,-0.1666725,0.5787402));
#701=CARTESIAN_POINT('',(-2.176638,0.006925761,0.5787402));
#702=CARTESIAN_POINT('',(-2.168805,-0.1895429,0.5787402));
#703=CARTESIAN_POINT('',(-1.892647,-0.1666725,0.5787402));
#704=CARTESIAN_POINT('',(-1.892647,-0.1666725,0.5787402));
#705=CARTESIAN_POINT('',(-2.168805,-0.1895429,0.5787402));
#706=CARTESIAN_POINT('',(-1.871308,-0.335936,0.5787402));
#707=CARTESIAN_POINT('',(-2.168805,-0.1895429,0.5787402));
#708=CARTESIAN_POINT('',(-2.144513,-0.3822375,0.5787402));
#709=CARTESIAN_POINT('',(-1.871308,-0.335936,0.5787402));
#710=CARTESIAN_POINT('',(-1.871308,-0.335936,0.5787402));
#711=CARTESIAN_POINT('',(-2.144513,-0.3822375,0.5787402));
#712=CARTESIAN_POINT('',(-1.836066,-0.5009949,0.5787402));
#713=CARTESIAN_POINT('',(-2.144513,-0.3822375,0.5787402));
#714=CARTESIAN_POINT('',(-2.104376,-0.570217,0.5787402));
#715=CARTESIAN_POINT('',(-1.836066,-0.5009949,0.5787402));
#716=CARTESIAN_POINT('',(-1.836066,-0.5009949,0.5787402));
#717=CARTESIAN_POINT('',(-2.104376,-0.570217,0.5787402));
#718=CARTESIAN_POINT('',(-1.787465,-0.6611558,0.5787402));
#719=CARTESIAN_POINT('',(-2.104376,-0.570217,0.5787402));
#720=CARTESIAN_POINT('',(-2.049026,-0.7526224,0.5787402));
#721=CARTESIAN_POINT('',(-1.787465,-0.6611558,0.5787402));
#722=CARTESIAN_POINT('',(-1.787465,-0.6611558,0.5787402));
#723=CARTESIAN_POINT('',(-2.049026,-0.7526224,0.5787402));
#724=CARTESIAN_POINT('',(-1.726052,-0.815725,0.5787402));
#725=CARTESIAN_POINT('',(-2.049026,-0.7526224,0.5787402));
#726=CARTESIAN_POINT('',(-1.979096,-0.928627,0.5787402));
#727=CARTESIAN_POINT('',(-1.726052,-0.815725,0.5787402));
#728=CARTESIAN_POINT('',(-1.726052,-0.815725,0.5787402));
#729=CARTESIAN_POINT('',(-1.979096,-0.928627,0.5787402));
#730=CARTESIAN_POINT('',(-1.652373,-0.9640092,0.5787402));
#731=CARTESIAN_POINT('',(-1.979096,-0.928627,0.5787402));
#732=CARTESIAN_POINT('',(-1.895222,-1.09743,0.5787402));
#733=CARTESIAN_POINT('',(-1.652373,-0.9640092,0.5787402));
#734=CARTESIAN_POINT('',(-1.652373,-0.9640092,0.5787402));
#735=CARTESIAN_POINT('',(-1.895222,-1.09743,0.5787402));
#736=CARTESIAN_POINT('',(-1.566974,-1.105315,0.5787402));
#737=CARTESIAN_POINT('',(-1.895222,-1.09743,0.5787402));
#738=CARTESIAN_POINT('',(-1.798028,-1.258252,0.5787402));
#739=CARTESIAN_POINT('',(-1.566974,-1.105315,0.5787402));
#740=CARTESIAN_POINT('',(-1.566974,-1.105315,0.5787402));
#741=CARTESIAN_POINT('',(-1.798028,-1.258252,0.5787402));
#742=CARTESIAN_POINT('',(-1.470399,-1.238948,0.5787402));
#743=CARTESIAN_POINT('',(-1.798028,-1.258252,0.5787402));
#744=CARTESIAN_POINT('',(-1.68813,-1.410321,0.5787402));
#745=CARTESIAN_POINT('',(-1.470399,-1.238948,0.5787402));
#746=CARTESIAN_POINT('',(-1.470399,-1.238948,0.5787402));
#747=CARTESIAN_POINT('',(-1.68813,-1.410321,0.5787402));
#748=CARTESIAN_POINT('',(-1.363196,-1.364215,0.5787402));
#749=CARTESIAN_POINT('',(-1.68813,-1.410321,0.5787402));
#750=CARTESIAN_POINT('',(-1.566138,-1.55287,0.5787402));
#751=CARTESIAN_POINT('',(-1.363196,-1.364215,0.5787402));
#752=CARTESIAN_POINT('',(-1.363196,-1.364215,0.5787402));
#753=CARTESIAN_POINT('',(-1.566138,-1.55287,0.5787402));
#754=CARTESIAN_POINT('',(-1.245911,-1.480424,0.5787402));
#755=CARTESIAN_POINT('',(-1.566138,-1.55287,0.5787402));
#756=CARTESIAN_POINT('',(-1.432654,-1.685128,0.5787402));
#757=CARTESIAN_POINT('',(-1.245911,-1.480424,0.5787402));
#758=CARTESIAN_POINT('',(-1.245911,-1.480424,0.5787402));
#759=CARTESIAN_POINT('',(-1.432654,-1.685128,0.5787402));
#760=CARTESIAN_POINT('',(-1.119088,-1.586879,0.5787402));
#761=CARTESIAN_POINT('',(-1.432654,-1.685128,0.5787402));
#762=CARTESIAN_POINT('',(-1.288282,-1.806314,0.5787402));
#763=CARTESIAN_POINT('',(-1.119088,-1.586879,0.5787402));
#764=CARTESIAN_POINT('',(-1.119088,-1.586879,0.5787402));
#765=CARTESIAN_POINT('',(-1.288282,-1.806314,0.5787402));
#766=CARTESIAN_POINT('',(-0.9832741,-1.682889,0.5787402));
#767=CARTESIAN_POINT('',(-1.288282,-1.806314,0.5787402));
#768=CARTESIAN_POINT('',(-1.133633,-1.915638,0.5787402));
#769=CARTESIAN_POINT('',(-0.9832741,-1.682889,0.5787402));
#770=CARTESIAN_POINT('',(-0.9832741,-1.682889,0.5787402));
#771=CARTESIAN_POINT('',(-1.133633,-1.915638,0.5787402));
#772=CARTESIAN_POINT('',(-0.8390149,-1.767758,0.5787402));
#773=CARTESIAN_POINT('',(-1.133633,-1.915638,0.5787402));
#774=CARTESIAN_POINT('',(-0.9693381,-2.012295,0.5787402));
#775=CARTESIAN_POINT('',(-0.8390149,-1.767758,0.5787402));
#776=CARTESIAN_POINT('',(-0.8390149,-1.767758,0.5787402));
#777=CARTESIAN_POINT('',(-0.9693381,-2.012295,0.5787402));
#778=CARTESIAN_POINT('',(-0.6868564,-1.840794,0.5787402));
#779=CARTESIAN_POINT('',(-0.9693381,-2.012295,0.5787402));
#780=CARTESIAN_POINT('',(-0.7960504,-2.095473,0.5787402));
#781=CARTESIAN_POINT('',(-0.6868564,-1.840794,0.5787402));
#782=CARTESIAN_POINT('',(-0.6868564,-1.840794,0.5787402));
#783=CARTESIAN_POINT('',(-0.7960504,-2.095473,0.5787402));
#784=CARTESIAN_POINT('',(-0.5273443,-1.901303,0.5787402));
#785=CARTESIAN_POINT('',(-0.7960504,-2.095473,0.5787402));
#786=CARTESIAN_POINT('',(-0.6144571,-2.164358,0.5787402));
#787=CARTESIAN_POINT('',(-0.5273443,-1.901303,0.5787402));
#788=CARTESIAN_POINT('',(-0.5273443,-1.901303,0.5787402));
#789=CARTESIAN_POINT('',(-0.6144571,-2.164358,0.5787402));
#790=CARTESIAN_POINT('',(-0.3610246,-1.948592,0.5787402));
#791=CARTESIAN_POINT('',(-0.6144571,-2.164358,0.5787402));
#792=CARTESIAN_POINT('',(-0.4253283,-2.218132,0.5787402));
#793=CARTESIAN_POINT('',(-0.3610246,-1.948592,0.5787402));
#794=CARTESIAN_POINT('',(-0.3610246,-1.948592,0.5787402));
#795=CARTESIAN_POINT('',(-0.4253283,-2.218132,0.5787402));
#796=CARTESIAN_POINT('',(-0.1912693,-1.98148,0.5787402));
#797=CARTESIAN_POINT('',(-0.4253283,-2.218132,0.5787402));
#798=CARTESIAN_POINT('',(-0.2322929,-2.25553,0.5787402));
#799=CARTESIAN_POINT('',(-0.1912693,-1.98148,0.5787402));
#800=CARTESIAN_POINT('',(-0.1912693,-1.98148,0.5787402));
#801=CARTESIAN_POINT('',(-0.2322929,-2.25553,0.5787402));
#802=CARTESIAN_POINT('',(-0.02162026,-1.999498,0.5787402));
#803=CARTESIAN_POINT('',(-0.2322929,-2.25553,0.5787402));
#804=CARTESIAN_POINT('',(-0.03915937,-2.276043,0.5787402));
#805=CARTESIAN_POINT('',(-0.02162026,-1.999498,0.5787402));
#806=CARTESIAN_POINT('',(-0.02162026,-1.999498,0.5787402));
#807=CARTESIAN_POINT('',(-0.03915937,-2.276043,0.5787402));
#808=CARTESIAN_POINT('',(0.1471224,-2.003019,0.5787402));
#809=CARTESIAN_POINT('',(-0.03915937,-2.276043,0.5787402));
#810=CARTESIAN_POINT('',(0.1530154,-2.280053,0.5787402));
#811=CARTESIAN_POINT('',(0.1471224,-2.003019,0.5787402));
#812=CARTESIAN_POINT('',(0.1471224,-2.003019,0.5787402));
#813=CARTESIAN_POINT('',(0.1530154,-2.280053,0.5787402));
#814=CARTESIAN_POINT('',(0.3141585,-1.992415,0.5787402));
#815=CARTESIAN_POINT('',(0.1530154,-2.280053,0.5787402));
#816=CARTESIAN_POINT('',(0.3432509,-2.267976,0.5787402));
#817=CARTESIAN_POINT('',(0.3141585,-1.992415,0.5787402));
#818=CARTESIAN_POINT('',(0.3141585,-1.992415,0.5787402));
#819=CARTESIAN_POINT('',(0.3432509,-2.267976,0.5787402));
#820=CARTESIAN_POINT('',(0.478688,-1.968058,0.5787402));
#821=CARTESIAN_POINT('',(0.3432509,-2.267976,0.5787402));
#822=CARTESIAN_POINT('',(0.5305969,-2.240241,0.5787402));
#823=CARTESIAN_POINT('',(0.478688,-1.968058,0.5787402));
#824=CARTESIAN_POINT('',(0.478688,-1.968058,0.5787402));
#825=CARTESIAN_POINT('',(0.5305969,-2.240241,0.5787402));
#826=CARTESIAN_POINT('',(0.6399105,-1.930321,0.5787402));
#827=CARTESIAN_POINT('',(0.5305969,-2.240241,0.5787402));
#828=CARTESIAN_POINT('',(0.7141292,-2.197282,0.5787402));
#829=CARTESIAN_POINT('',(0.6399105,-1.930321,0.5787402));
#830=CARTESIAN_POINT('',(0.6399105,-1.930321,0.5787402));
#831=CARTESIAN_POINT('',(0.7141292,-2.197282,0.5787402));
#832=CARTESIAN_POINT('',(0.7970261,-1.879576,0.5787402));
#833=CARTESIAN_POINT('',(0.7141292,-2.197282,0.5787402));
#834=CARTESIAN_POINT('',(0.8929442,-2.139529,0.5787402));
#835=CARTESIAN_POINT('',(0.7970261,-1.879576,0.5787402));
#836=CARTESIAN_POINT('',(0.7970261,-1.879576,0.5787402));
#837=CARTESIAN_POINT('',(0.8929442,-2.139529,0.5787402));
#838=CARTESIAN_POINT('',(0.9492343,-1.816196,0.5787402));
#839=CARTESIAN_POINT('',(0.8929442,-2.139529,0.5787402));
#840=CARTESIAN_POINT('',(1.066151,-2.067405,0.5787402));
#841=CARTESIAN_POINT('',(0.9492343,-1.816196,0.5787402));
#842=CARTESIAN_POINT('',(0.9492343,-1.816196,0.5787402));
#843=CARTESIAN_POINT('',(1.066151,-2.067405,0.5787402));
#844=CARTESIAN_POINT('',(1.095735,-1.740553,0.5787402));
#845=CARTESIAN_POINT('',(1.066151,-2.067405,0.5787402));
#846=CARTESIAN_POINT('',(1.232862,-1.981326,0.5787402));
#847=CARTESIAN_POINT('',(1.095735,-1.740553,0.5787402));
#848=CARTESIAN_POINT('',(1.095735,-1.740553,0.5787402));
#849=CARTESIAN_POINT('',(1.232862,-1.981326,0.5787402));
#850=CARTESIAN_POINT('',(1.235729,-1.653019,0.5787402));
#851=CARTESIAN_POINT('',(1.232862,-1.981326,0.5787402));
#852=CARTESIAN_POINT('',(1.39219,-1.881703,0.5787402));
#853=CARTESIAN_POINT('',(1.235729,-1.653019,0.5787402));
#854=CARTESIAN_POINT('',(1.235729,-1.653019,0.5787402));
#855=CARTESIAN_POINT('',(1.39219,-1.881703,0.5787402));
#856=CARTESIAN_POINT('',(1.368414,-1.553967,0.5787402));
#857=CARTESIAN_POINT('',(1.39219,-1.881703,0.5787402));
#858=CARTESIAN_POINT('',(1.543237,-1.768944,0.5787402));
#859=CARTESIAN_POINT('',(1.368414,-1.553967,0.5787402));
#860=CARTESIAN_POINT('',(1.368414,-1.553967,0.5787402));
#861=CARTESIAN_POINT('',(1.543237,-1.768944,0.5787402));
#862=CARTESIAN_POINT('',(1.492992,-1.443769,0.5787402));
#863=CARTESIAN_POINT('',(1.543237,-1.768944,0.5787402));
#864=CARTESIAN_POINT('',(1.685091,-1.643464,0.5787402));
#865=CARTESIAN_POINT('',(1.492992,-1.443769,0.5787402));
#866=CARTESIAN_POINT('',(1.492992,-1.443769,0.5787402));
#867=CARTESIAN_POINT('',(1.685091,-1.643464,0.5787402));
#868=CARTESIAN_POINT('',(1.608662,-1.322798,0.5787402));
#869=CARTESIAN_POINT('',(1.685091,-1.643464,0.5787402));
#870=CARTESIAN_POINT('',(1.816826,-1.505692,0.5787402));
#871=CARTESIAN_POINT('',(1.608662,-1.322798,0.5787402));
#872=CARTESIAN_POINT('',(1.608662,-1.322798,0.5787402));
#873=CARTESIAN_POINT('',(1.816826,-1.505692,0.5787402));
#874=CARTESIAN_POINT('',(1.714623,-1.191426,0.5787402));
#875=CARTESIAN_POINT('',(1.816826,-1.505692,0.5787402));
#876=CARTESIAN_POINT('',(1.937501,-1.356077,0.5787402));
#877=CARTESIAN_POINT('',(1.714623,-1.191426,0.5787402));
#878=CARTESIAN_POINT('',(1.714623,-1.191426,0.5787402));
#879=CARTESIAN_POINT('',(1.937501,-1.356077,0.5787402));
#880=CARTESIAN_POINT('',(1.810077,-1.050025,0.5787402));
#881=CARTESIAN_POINT('',(1.937501,-1.356077,0.5787402));
#882=CARTESIAN_POINT('',(2.046168,-1.195102,0.5787402));
#883=CARTESIAN_POINT('',(1.810077,-1.050025,0.5787402));
#884=CARTESIAN_POINT('',(1.810077,-1.050025,0.5787402));
#885=CARTESIAN_POINT('',(2.046168,-1.195102,0.5787402));
#886=CARTESIAN_POINT('',(1.894221,-0.8989682,0.5787402));
#887=CARTESIAN_POINT('',(2.046168,-1.195102,0.5787402));
#888=CARTESIAN_POINT('',(2.276691,-0.7812669,0.5787402));
#889=CARTESIAN_POINT('',(1.894221,-0.8989682,0.5787402));
#890=CARTESIAN_POINT('',(1.894221,-0.8989682,0.5787402));
#891=CARTESIAN_POINT('',(2.276691,-0.7812669,0.5787402));
#892=CARTESIAN_POINT('',(0.1042133,0.00013725,0.5787402));
#893=CARTESIAN_POINT('',(2.276691,-0.7812669,0.5787402));
#894=CARTESIAN_POINT('',(0.7246792,-0.001705045,0.5787402));
#895=CARTESIAN_POINT('',(0.1042133,0.00013725,0.5787402));
#896=CARTESIAN_POINT('',(0.1042133,0.00013725,0.5787402));
#897=CARTESIAN_POINT('',(0.7246792,-0.001705045,0.5787402));
#898=CARTESIAN_POINT('',(1.899535,0.8886002,0.5787402));
#899=CARTESIAN_POINT('',(0.7246792,-0.001705045,0.5787402));
#900=CARTESIAN_POINT('',(2.281297,0.7686289,0.5787402));
#901=CARTESIAN_POINT('',(1.899535,0.8886002,0.5787402));
#902=CARTESIAN_POINT('',(1.899535,0.8886002,0.5787402));
#903=CARTESIAN_POINT('',(2.281297,0.7686289,0.5787402));
#904=CARTESIAN_POINT('',(1.81629,1.040155,0.5787402));
#905=CARTESIAN_POINT('',(2.281297,0.7686289,0.5787402));
#906=CARTESIAN_POINT('',(2.05324,1.183825,0.5787402));
#907=CARTESIAN_POINT('',(1.81629,1.040155,0.5787402));
#908=CARTESIAN_POINT('',(1.81629,1.040155,0.5787402));
#909=CARTESIAN_POINT('',(2.05324,1.183825,0.5787402));
#910=CARTESIAN_POINT('',(1.721679,1.18212,0.5787402));
#911=CARTESIAN_POINT('',(2.05324,1.183825,0.5787402));
#912=CARTESIAN_POINT('',(1.945532,1.345443,0.5787402));
#913=CARTESIAN_POINT('',(1.721679,1.18212,0.5787402));
#914=CARTESIAN_POINT('',(1.721679,1.18212,0.5787402));
#915=CARTESIAN_POINT('',(1.945532,1.345443,0.5787402));
#916=CARTESIAN_POINT('',(1.616501,1.31412,0.5787402));
#917=CARTESIAN_POINT('',(1.945532,1.345443,0.5787402));
#918=CARTESIAN_POINT('',(1.825748,1.495773,0.5787402));
#919=CARTESIAN_POINT('',(1.616501,1.31412,0.5787402));
#920=CARTESIAN_POINT('',(1.616501,1.31412,0.5787402));
#921=CARTESIAN_POINT('',(1.825748,1.495773,0.5787402));
#922=CARTESIAN_POINT('',(1.501552,1.435777,0.5787402));
#923=CARTESIAN_POINT('',(1.825748,1.495773,0.5787402));
#924=CARTESIAN_POINT('',(1.694835,1.634327,0.5787402));
#925=CARTESIAN_POINT('',(1.501552,1.435777,0.5787402));
#926=CARTESIAN_POINT('',(1.501552,1.435777,0.5787402));
#927=CARTESIAN_POINT('',(1.694835,1.634327,0.5787402));
#928=CARTESIAN_POINT('',(1.377632,1.546714,0.5787402));
#929=CARTESIAN_POINT('',(1.694835,1.634327,0.5787402));
#930=CARTESIAN_POINT('',(1.55373,1.760648,0.5787402));
#931=CARTESIAN_POINT('',(1.377632,1.546714,0.5787402));
#932=CARTESIAN_POINT('',(1.377632,1.546714,0.5787402));
#933=CARTESIAN_POINT('',(1.55373,1.760648,0.5787402));
#934=CARTESIAN_POINT('',(1.245538,1.646553,0.5787402));
#935=CARTESIAN_POINT('',(1.55373,1.760648,0.5787402));
#936=CARTESIAN_POINT('',(1.403356,1.874302,0.5787402));
#937=CARTESIAN_POINT('',(1.245538,1.646553,0.5787402));
#938=CARTESIAN_POINT('',(1.245538,1.646553,0.5787402));
#939=CARTESIAN_POINT('',(1.403356,1.874302,0.5787402));
#940=CARTESIAN_POINT('',(1.106067,1.734917,0.5787402));
#941=CARTESIAN_POINT('',(1.403356,1.874302,0.5787402));
#942=CARTESIAN_POINT('',(1.244623,1.974871,0.5787402));
#943=CARTESIAN_POINT('',(1.106067,1.734917,0.5787402));
#944=CARTESIAN_POINT('',(1.106067,1.734917,0.5787402));
#945=CARTESIAN_POINT('',(1.244623,1.974871,0.5787402));
#946=CARTESIAN_POINT('',(0.9600185,1.81143,0.5787402));
#947=CARTESIAN_POINT('',(1.244623,1.974871,0.5787402));
#948=CARTESIAN_POINT('',(1.078426,2.06194,0.5787402));
#949=CARTESIAN_POINT('',(0.9600185,1.81143,0.5787402));
#950=CARTESIAN_POINT('',(0.9600185,1.81143,0.5787402));
#951=CARTESIAN_POINT('',(1.078426,2.06194,0.5787402));
#952=CARTESIAN_POINT('',(0.8081897,1.875714,0.5787402));
#953=CARTESIAN_POINT('',(1.078426,2.06194,0.5787402));
#954=CARTESIAN_POINT('',(0.9056517,2.135092,0.5787402));
#955=CARTESIAN_POINT('',(0.8081897,1.875714,0.5787402));
#956=CARTESIAN_POINT('',(0.8081897,1.875714,0.5787402));
#957=CARTESIAN_POINT('',(0.9056517,2.135092,0.5787402));
#958=CARTESIAN_POINT('',(0.6513788,1.927393,0.5787402));
#959=CARTESIAN_POINT('',(0.9056517,2.135092,0.5787402));
#960=CARTESIAN_POINT('',(0.7271833,2.193908,0.5787402));
#961=CARTESIAN_POINT('',(0.6513788,1.927393,0.5787402));
#962=CARTESIAN_POINT('',(0.6513788,1.927393,0.5787402));
#963=CARTESIAN_POINT('',(0.7271833,2.193908,0.5787402));
#964=CARTESIAN_POINT('',(0.4903834,1.966087,0.5787402));
#965=CARTESIAN_POINT('',(0.7271833,2.193908,0.5787402));
#966=CARTESIAN_POINT('',(0.5439097,2.237957,0.5787402));
#967=CARTESIAN_POINT('',(0.4903834,1.966087,0.5787402));
#968=CARTESIAN_POINT('',(0.4903834,1.966087,0.5787402));
#969=CARTESIAN_POINT('',(0.5439097,2.237957,0.5787402));
#970=CARTESIAN_POINT('',(0.3260017,1.991422,0.5787402));
#971=CARTESIAN_POINT('',(0.5439097,2.237957,0.5787402));
#972=CARTESIAN_POINT('',(0.3567319,2.266805,0.5787402));
#973=CARTESIAN_POINT('',(0.3260017,1.991422,0.5787402));
#974=CARTESIAN_POINT('',(0.3260017,1.991422,0.5787402));
#975=CARTESIAN_POINT('',(0.3567319,2.266805,0.5787402));
#976=CARTESIAN_POINT('',(0.1590316,2.003019,0.5787402));
#977=CARTESIAN_POINT('',(0.3567319,2.266805,0.5787402));
#978=CARTESIAN_POINT('',(0.1665715,2.280013,0.5787402));
#979=CARTESIAN_POINT('',(0.1590316,2.003019,0.5787402));
#980=CARTESIAN_POINT('',(0.1590316,2.003019,0.5787402));
#981=CARTESIAN_POINT('',(0.1665715,2.280013,0.5787402));
#982=CARTESIAN_POINT('',(-0.009729087,2.000502,0.5787402));
#983=CARTESIAN_POINT('',(0.1665715,2.280013,0.5787402));
#984=CARTESIAN_POINT('',(-0.02562368,2.277146,0.5787402));
#985=CARTESIAN_POINT('',(-0.009729087,2.000502,0.5787402));
#986=CARTESIAN_POINT('',(-0.009729087,2.000502,0.5787402));
#987=CARTESIAN_POINT('',(-0.02562368,2.277146,0.5787402));
#988=CARTESIAN_POINT('',(-0.1794823,1.983492,0.5787402));
#989=CARTESIAN_POINT('',(-0.02562368,2.277146,0.5787402));
#990=CARTESIAN_POINT('',(-0.2188758,2.257782,0.5787402));
#991=CARTESIAN_POINT('',(-0.1794823,1.983492,0.5787402));
#992=CARTESIAN_POINT('',(-0.1794823,1.983492,0.5787402));
#993=CARTESIAN_POINT('',(-0.2188758,2.257782,0.5787402));
#994=CARTESIAN_POINT('',(-0.34943,1.951614,0.5787402));
#995=CARTESIAN_POINT('',(-0.2188758,2.257782,0.5787402));
#996=CARTESIAN_POINT('',(-0.4121301,2.221532,0.5787402));
#997=CARTESIAN_POINT('',(-0.34943,1.951614,0.5787402));
#998=CARTESIAN_POINT('',(-0.34943,1.951614,0.5787402));
#999=CARTESIAN_POINT('',(-0.4121301,2.221532,0.5787402));
#1000=CARTESIAN_POINT('',(-0.516028,1.905315,0.5787402));
#1001=CARTESIAN_POINT('',(-0.4121301,2.221532,0.5787402));
#1002=CARTESIAN_POINT('',(-0.6015752,2.168883,0.5787402));
#1003=CARTESIAN_POINT('',(-0.516028,1.905315,0.5787402));
#1004=CARTESIAN_POINT('',(-0.516028,1.905315,0.5787402));
#1005=CARTESIAN_POINT('',(-0.6015752,2.168883,0.5787402));
#1006=CARTESIAN_POINT('',(-0.675897,1.845755,0.5787402));
#1007=CARTESIAN_POINT('',(-0.6015752,2.168883,0.5787402));
#1008=CARTESIAN_POINT('',(-0.7835749,2.101079,0.5787402));
#1009=CARTESIAN_POINT('',(-0.675897,1.845755,0.5787402));
#1010=CARTESIAN_POINT('',(-0.675897,1.845755,0.5787402));
#1011=CARTESIAN_POINT('',(-0.7835749,2.101079,0.5787402));
#1012=CARTESIAN_POINT('',(-0.8284872,1.773625,0.5787402));
#1013=CARTESIAN_POINT('',(-0.7835749,2.101079,0.5787402));
#1014=CARTESIAN_POINT('',(-0.9573541,2.018933,0.5787402));
#1015=CARTESIAN_POINT('',(-0.8284872,1.773625,0.5787402));
#1016=CARTESIAN_POINT('',(-0.8284872,1.773625,0.5787402));
#1017=CARTESIAN_POINT('',(-0.9573541,2.018933,0.5787402));
#1018=CARTESIAN_POINT('',(-0.9732484,1.689615,0.5787402));
#1019=CARTESIAN_POINT('',(-0.9573541,2.018933,0.5787402));
#1020=CARTESIAN_POINT('',(-1.122221,1.923254,0.5787402));
#1021=CARTESIAN_POINT('',(-0.9732484,1.689615,0.5787402));
#1022=CARTESIAN_POINT('',(-0.9732484,1.689615,0.5787402));
#1023=CARTESIAN_POINT('',(-1.122221,1.923254,0.5787402));
#1024=CARTESIAN_POINT('',(-1.109631,1.594415,0.5787402));
#1025=CARTESIAN_POINT('',(-1.122221,1.923254,0.5787402));
#1026=CARTESIAN_POINT('',(-1.277516,1.814852,0.5787402));
#1027=CARTESIAN_POINT('',(-1.109631,1.594415,0.5787402));
#1028=CARTESIAN_POINT('',(-1.109631,1.594415,0.5787402));
#1029=CARTESIAN_POINT('',(-1.277516,1.814852,0.5787402));
#1030=CARTESIAN_POINT('',(-1.237084,1.488715,0.5787402));
#1031=CARTESIAN_POINT('',(-1.277516,1.814852,0.5787402));
#1032=CARTESIAN_POINT('',(-1.422607,1.694526,0.5787402));
#1033=CARTESIAN_POINT('',(-1.237084,1.488715,0.5787402));
#1034=CARTESIAN_POINT('',(-1.237084,1.488715,0.5787402));
#1035=CARTESIAN_POINT('',(-1.422607,1.694526,0.5787402));
#1036=CARTESIAN_POINT('',(-1.355059,1.373206,0.5787402));
#1037=CARTESIAN_POINT('',(-1.422607,1.694526,0.5787402));
#1038=CARTESIAN_POINT('',(-1.556875,1.563064,0.5787402));
#1039=CARTESIAN_POINT('',(-1.355059,1.373206,0.5787402));
#1040=CARTESIAN_POINT('',(-1.355059,1.373206,0.5787402));
#1041=CARTESIAN_POINT('',(-1.556875,1.563064,0.5787402));
#1042=CARTESIAN_POINT('',(-1.463004,1.248579,0.5787402));
#1043=CARTESIAN_POINT('',(-1.556875,1.563064,0.5787402));
#1044=CARTESIAN_POINT('',(-1.679713,1.421243,0.5787402));
#1045=CARTESIAN_POINT('',(-1.463004,1.248579,0.5787402));
#1046=CARTESIAN_POINT('',(0.9492343,-1.816196,0.5787402));
#1047=CARTESIAN_POINT('',(1.095735,-1.740553,0.5787402));
#1048=CARTESIAN_POINT('',(0.9492343,-1.816196,0.));
#1049=CARTESIAN_POINT('',(1.095735,-1.740553,0.5787402));
#1050=CARTESIAN_POINT('',(1.095735,-1.740553,0.));
#1051=CARTESIAN_POINT('',(0.9492343,-1.816196,0.));
#1052=CARTESIAN_POINT('',(1.280941,-1.7191,0.5));
#1053=CARTESIAN_POINT('',(1.13536,-1.810128,0.5));
#1054=CARTESIAN_POINT('',(1.280941,-1.7191,0.));
#1055=CARTESIAN_POINT('',(1.13536,-1.810128,0.5));
#1056=CARTESIAN_POINT('',(1.13536,-1.810128,0.));
#1057=CARTESIAN_POINT('',(1.280941,-1.7191,0.));
#1058=CARTESIAN_POINT('',(0.6399105,-1.930321,0.5787402));
#1059=CARTESIAN_POINT('',(0.7970261,-1.879576,0.5787402));
#1060=CARTESIAN_POINT('',(0.6399105,-1.930321,0.));
#1061=CARTESIAN_POINT('',(0.7970261,-1.879576,0.5787402));
#1062=CARTESIAN_POINT('',(0.7970261,-1.879576,0.));
#1063=CARTESIAN_POINT('',(0.6399105,-1.930321,0.));
#1064=CARTESIAN_POINT('',(1.13536,-1.810128,0.5));
#1065=CARTESIAN_POINT('',(0.9830191,-1.888787,0.5));
#1066=CARTESIAN_POINT('',(1.13536,-1.810128,0.));
#1067=CARTESIAN_POINT('',(0.9830191,-1.888787,0.5));
#1068=CARTESIAN_POINT('',(0.9830191,-1.888787,0.));
#1069=CARTESIAN_POINT('',(1.13536,-1.810128,0.));
#1070=CARTESIAN_POINT('',(0.3141585,-1.992415,0.5787402));
#1071=CARTESIAN_POINT('',(0.478688,-1.968058,0.5787402));
#1072=CARTESIAN_POINT('',(0.3141585,-1.992415,0.));
#1073=CARTESIAN_POINT('',(0.478688,-1.968058,0.5787402));
#1074=CARTESIAN_POINT('',(0.478688,-1.968058,0.));
#1075=CARTESIAN_POINT('',(0.3141585,-1.992415,0.));
#1076=CARTESIAN_POINT('',(0.5305969,-2.240241,0.5787402));
#1077=CARTESIAN_POINT('',(0.3432509,-2.267976,0.5787402));
#1078=CARTESIAN_POINT('',(0.5305969,-2.240241,0.5));
#1079=CARTESIAN_POINT('',(0.3432509,-2.267976,0.5787402));
#1080=CARTESIAN_POINT('',(0.3432509,-2.267976,0.5));
#1081=CARTESIAN_POINT('',(0.5305969,-2.240241,0.5));
#1082=CARTESIAN_POINT('',(0.1471224,-2.003019,0.5787402));
#1083=CARTESIAN_POINT('',(0.3141585,-1.992415,0.5787402));
#1084=CARTESIAN_POINT('',(0.1471224,-2.003019,0.));
#1085=CARTESIAN_POINT('',(0.3141585,-1.992415,0.5787402));
#1086=CARTESIAN_POINT('',(0.3141585,-1.992415,0.));
#1087=CARTESIAN_POINT('',(0.1471224,-2.003019,0.));
#1088=CARTESIAN_POINT('',(0.9830191,-1.888787,0.5));
#1089=CARTESIAN_POINT('',(0.824743,-1.954693,0.5));
#1090=CARTESIAN_POINT('',(0.9830191,-1.888787,0.));
#1091=CARTESIAN_POINT('',(0.824743,-1.954693,0.5));
#1092=CARTESIAN_POINT('',(0.824743,-1.954693,0.));
#1093=CARTESIAN_POINT('',(0.9830191,-1.888787,0.));
#1094=CARTESIAN_POINT('',(1.078426,2.06194,0.5787402));
#1095=CARTESIAN_POINT('',(1.244623,1.974871,0.5787402));
#1096=CARTESIAN_POINT('',(1.078426,2.06194,0.5));
#1097=CARTESIAN_POINT('',(1.244623,1.974871,0.5787402));
#1098=CARTESIAN_POINT('',(1.244623,1.974871,0.5));
#1099=CARTESIAN_POINT('',(1.078426,2.06194,0.5));
#1100=CARTESIAN_POINT('',(0.824743,-1.954693,0.5));
#1101=CARTESIAN_POINT('',(0.6613571,-2.007463,0.5));
#1102=CARTESIAN_POINT('',(0.824743,-1.954693,0.));
#1103=CARTESIAN_POINT('',(0.6613571,-2.007463,0.5));
#1104=CARTESIAN_POINT('',(0.6613571,-2.007463,0.));
#1105=CARTESIAN_POINT('',(0.824743,-1.954693,0.));
#1106=CARTESIAN_POINT('',(-0.1912693,-1.98148,0.5787402));
#1107=CARTESIAN_POINT('',(-0.02162026,-1.999498,0.5787402));
#1108=CARTESIAN_POINT('',(-0.1912693,-1.98148,0.));
#1109=CARTESIAN_POINT('',(-0.02162026,-1.999498,0.5787402));
#1110=CARTESIAN_POINT('',(-0.02162026,-1.999498,0.));
#1111=CARTESIAN_POINT('',(-0.1912693,-1.98148,0.));
#1112=CARTESIAN_POINT('',(0.6613571,-2.007463,0.5));
#1113=CARTESIAN_POINT('',(0.4936878,-2.04671,0.5));
#1114=CARTESIAN_POINT('',(0.6613571,-2.007463,0.));
#1115=CARTESIAN_POINT('',(0.4936878,-2.04671,0.5));
#1116=CARTESIAN_POINT('',(0.4936878,-2.04671,0.));
#1117=CARTESIAN_POINT('',(0.6613571,-2.007463,0.));
#1118=CARTESIAN_POINT('',(0.3432509,-2.267976,0.5787402));
#1119=CARTESIAN_POINT('',(0.1530154,-2.280053,0.5787402));
#1120=CARTESIAN_POINT('',(0.3432509,-2.267976,0.5));
#1121=CARTESIAN_POINT('',(0.1530154,-2.280053,0.5787402));
#1122=CARTESIAN_POINT('',(0.1530154,-2.280053,0.5));
#1123=CARTESIAN_POINT('',(0.3432509,-2.267976,0.5));
#1124=CARTESIAN_POINT('',(-0.5273443,-1.901303,0.5787402));
#1125=CARTESIAN_POINT('',(-0.3610246,-1.948592,0.5787402));
#1126=CARTESIAN_POINT('',(-0.5273443,-1.901303,0.));
#1127=CARTESIAN_POINT('',(-0.3610246,-1.948592,0.5787402));
#1128=CARTESIAN_POINT('',(-0.3610246,-1.948592,0.));
#1129=CARTESIAN_POINT('',(-0.5273443,-1.901303,0.));
#1130=CARTESIAN_POINT('',(1.244623,1.974871,0.5787402));
#1131=CARTESIAN_POINT('',(1.403356,1.874302,0.5787402));
#1132=CARTESIAN_POINT('',(1.244623,1.974871,0.5));
#1133=CARTESIAN_POINT('',(1.403356,1.874302,0.5787402));
#1134=CARTESIAN_POINT('',(1.403356,1.874302,0.5));
#1135=CARTESIAN_POINT('',(1.244623,1.974871,0.5));
#1136=CARTESIAN_POINT('',(0.4936878,-2.04671,0.5));
#1137=CARTESIAN_POINT('',(0.3225652,-2.072042,0.5));
#1138=CARTESIAN_POINT('',(0.4936878,-2.04671,0.));
#1139=CARTESIAN_POINT('',(0.3225652,-2.072042,0.5));
#1140=CARTESIAN_POINT('',(0.3225652,-2.072042,0.));
#1141=CARTESIAN_POINT('',(0.4936878,-2.04671,0.));
#1142=CARTESIAN_POINT('',(-0.8390149,-1.767758,0.5787402));
#1143=CARTESIAN_POINT('',(-0.6868564,-1.840794,0.5787402));
#1144=CARTESIAN_POINT('',(-0.8390149,-1.767758,0.));
#1145=CARTESIAN_POINT('',(-0.6868564,-1.840794,0.5787402));
#1146=CARTESIAN_POINT('',(-0.6868564,-1.840794,0.));
#1147=CARTESIAN_POINT('',(-0.8390149,-1.767758,0.));
#1148=CARTESIAN_POINT('',(0.3225652,-2.072042,0.5));
#1149=CARTESIAN_POINT('',(0.1488253,-2.083072,0.5));
#1150=CARTESIAN_POINT('',(0.3225652,-2.072042,0.));
#1151=CARTESIAN_POINT('',(0.1488253,-2.083072,0.5));
#1152=CARTESIAN_POINT('',(0.1488253,-2.083072,0.));
#1153=CARTESIAN_POINT('',(0.3225652,-2.072042,0.));
#1154=CARTESIAN_POINT('',(0.1530154,-2.280053,0.5787402));
#1155=CARTESIAN_POINT('',(-0.03915937,-2.276043,0.5787402));
#1156=CARTESIAN_POINT('',(0.1530154,-2.280053,0.5));
#1157=CARTESIAN_POINT('',(-0.03915937,-2.276043,0.5787402));
#1158=CARTESIAN_POINT('',(-0.03915937,-2.276043,0.5));
#1159=CARTESIAN_POINT('',(0.1530154,-2.280053,0.5));
#1160=CARTESIAN_POINT('',(-1.119088,-1.586879,0.5787402));
#1161=CARTESIAN_POINT('',(-0.9832741,-1.682889,0.5787402));
#1162=CARTESIAN_POINT('',(-1.119088,-1.586879,0.));
#1163=CARTESIAN_POINT('',(-0.9832741,-1.682889,0.5787402));
#1164=CARTESIAN_POINT('',(-0.9832741,-1.682889,0.));
#1165=CARTESIAN_POINT('',(-1.119088,-1.586879,0.));
#1166=CARTESIAN_POINT('',(1.403356,1.874302,0.5787402));
#1167=CARTESIAN_POINT('',(1.55373,1.760648,0.5787402));
#1168=CARTESIAN_POINT('',(1.403356,1.874302,0.5));
#1169=CARTESIAN_POINT('',(1.55373,1.760648,0.5787402));
#1170=CARTESIAN_POINT('',(1.55373,1.760648,0.5));
#1171=CARTESIAN_POINT('',(1.403356,1.874302,0.5));
#1172=CARTESIAN_POINT('',(0.1488253,-2.083072,0.5));
#1173=CARTESIAN_POINT('',(-0.02668844,-2.07941,0.5));
#1174=CARTESIAN_POINT('',(0.1488253,-2.083072,0.));
#1175=CARTESIAN_POINT('',(-0.02668844,-2.07941,0.5));
#1176=CARTESIAN_POINT('',(-0.02668844,-2.07941,0.));
#1177=CARTESIAN_POINT('',(0.1488253,-2.083072,0.));
#1178=CARTESIAN_POINT('',(-1.363196,-1.364215,0.5787402));
#1179=CARTESIAN_POINT('',(-1.245911,-1.480424,0.5787402));
#1180=CARTESIAN_POINT('',(-1.363196,-1.364215,0.));
#1181=CARTESIAN_POINT('',(-1.245911,-1.480424,0.5787402));
#1182=CARTESIAN_POINT('',(-1.245911,-1.480424,0.));
#1183=CARTESIAN_POINT('',(-1.363196,-1.364215,0.));
#1184=CARTESIAN_POINT('',(-0.02668844,-2.07941,0.5));
#1185=CARTESIAN_POINT('',(-0.2031237,-2.060671,0.5));
#1186=CARTESIAN_POINT('',(-0.02668844,-2.07941,0.));
#1187=CARTESIAN_POINT('',(-0.2031237,-2.060671,0.5));
#1188=CARTESIAN_POINT('',(-0.2031237,-2.060671,0.));
#1189=CARTESIAN_POINT('',(-0.02668844,-2.07941,0.));
#1190=CARTESIAN_POINT('',(-0.03915937,-2.276043,0.5787402));
#1191=CARTESIAN_POINT('',(-0.2322929,-2.25553,0.5787402));
#1192=CARTESIAN_POINT('',(-0.03915937,-2.276043,0.5));
#1193=CARTESIAN_POINT('',(-0.2322929,-2.25553,0.5787402));
#1194=CARTESIAN_POINT('',(-0.2322929,-2.25553,0.5));
#1195=CARTESIAN_POINT('',(-0.03915937,-2.276043,0.5));
#1196=CARTESIAN_POINT('',(-1.566974,-1.105315,0.5787402));
#1197=CARTESIAN_POINT('',(-1.470399,-1.238948,0.5787402));
#1198=CARTESIAN_POINT('',(-1.566974,-1.105315,0.));
#1199=CARTESIAN_POINT('',(-1.470399,-1.238948,0.5787402));
#1200=CARTESIAN_POINT('',(-1.470399,-1.238948,0.));
#1201=CARTESIAN_POINT('',(-1.566974,-1.105315,0.));
#1202=CARTESIAN_POINT('',(1.55373,1.760648,0.5787402));
#1203=CARTESIAN_POINT('',(1.694835,1.634327,0.5787402));
#1204=CARTESIAN_POINT('',(1.55373,1.760648,0.5));
#1205=CARTESIAN_POINT('',(1.694835,1.634327,0.5787402));
#1206=CARTESIAN_POINT('',(1.694835,1.634327,0.5));
#1207=CARTESIAN_POINT('',(1.55373,1.760648,0.5));
#1208=CARTESIAN_POINT('',(-0.2031237,-2.060671,0.5));
#1209=CARTESIAN_POINT('',(-0.3796061,-2.026479,0.5));
#1210=CARTESIAN_POINT('',(-0.2031237,-2.060671,0.));
#1211=CARTESIAN_POINT('',(-0.3796061,-2.026479,0.5));
#1212=CARTESIAN_POINT('',(-0.3796061,-2.026479,0.));
#1213=CARTESIAN_POINT('',(-0.2031237,-2.060671,0.));
#1214=CARTESIAN_POINT('',(-1.726052,-0.815725,0.5787402));
#1215=CARTESIAN_POINT('',(-1.652373,-0.9640092,0.5787402));
#1216=CARTESIAN_POINT('',(-1.726052,-0.815725,0.));
#1217=CARTESIAN_POINT('',(-1.652373,-0.9640092,0.5787402));
#1218=CARTESIAN_POINT('',(-1.652373,-0.9640092,0.));
#1219=CARTESIAN_POINT('',(-1.726052,-0.815725,0.));
#1220=CARTESIAN_POINT('',(-0.3796061,-2.026479,0.5));
#1221=CARTESIAN_POINT('',(-0.5525168,-1.977317,0.5));
#1222=CARTESIAN_POINT('',(-0.3796061,-2.026479,0.));
#1223=CARTESIAN_POINT('',(-0.5525168,-1.977317,0.5));
#1224=CARTESIAN_POINT('',(-0.5525168,-1.977317,0.));
#1225=CARTESIAN_POINT('',(-0.3796061,-2.026479,0.));
#1226=CARTESIAN_POINT('',(-0.2322929,-2.25553,0.5787402));
#1227=CARTESIAN_POINT('',(-0.4253283,-2.218132,0.5787402));
#1228=CARTESIAN_POINT('',(-0.2322929,-2.25553,0.5));
#1229=CARTESIAN_POINT('',(-0.4253283,-2.218132,0.5787402));
#1230=CARTESIAN_POINT('',(-0.4253283,-2.218132,0.5));
#1231=CARTESIAN_POINT('',(-0.2322929,-2.25553,0.5));
#1232=CARTESIAN_POINT('',(-1.836066,-0.5009949,0.5787402));
#1233=CARTESIAN_POINT('',(-1.787465,-0.6611558,0.5787402));
#1234=CARTESIAN_POINT('',(-1.836066,-0.5009949,0.));
#1235=CARTESIAN_POINT('',(-1.787465,-0.6611558,0.5787402));
#1236=CARTESIAN_POINT('',(-1.787465,-0.6611558,0.));
#1237=CARTESIAN_POINT('',(-1.836066,-0.5009949,0.));
#1238=CARTESIAN_POINT('',(1.694835,1.634327,0.5787402));
#1239=CARTESIAN_POINT('',(1.825748,1.495773,0.5787402));
#1240=CARTESIAN_POINT('',(1.694835,1.634327,0.5));
#1241=CARTESIAN_POINT('',(1.825748,1.495773,0.5787402));
#1242=CARTESIAN_POINT('',(1.825748,1.495773,0.5));
#1243=CARTESIAN_POINT('',(1.694835,1.634327,0.5));
#1244=CARTESIAN_POINT('',(-0.5525168,-1.977317,0.5));
#1245=CARTESIAN_POINT('',(-0.7184096,-1.914387,0.5));
#1246=CARTESIAN_POINT('',(-0.5525168,-1.977317,0.));
#1247=CARTESIAN_POINT('',(-0.7184096,-1.914387,0.5));
#1248=CARTESIAN_POINT('',(-0.7184096,-1.914387,0.));
#1249=CARTESIAN_POINT('',(-0.5525168,-1.977317,0.));
#1250=CARTESIAN_POINT('',(-1.892647,-0.1666725,0.5787402));
#1251=CARTESIAN_POINT('',(-1.871308,-0.335936,0.5787402));
#1252=CARTESIAN_POINT('',(-1.892647,-0.1666725,0.));
#1253=CARTESIAN_POINT('',(-1.871308,-0.335936,0.5787402));
#1254=CARTESIAN_POINT('',(-1.871308,-0.335936,0.));
#1255=CARTESIAN_POINT('',(-1.892647,-0.1666725,0.));
#1256=CARTESIAN_POINT('',(-0.7184096,-1.914387,0.5));
#1257=CARTESIAN_POINT('',(-0.8766738,-1.838421,0.5));
#1258=CARTESIAN_POINT('',(-0.7184096,-1.914387,0.));
#1259=CARTESIAN_POINT('',(-0.8766738,-1.838421,0.5));
#1260=CARTESIAN_POINT('',(-0.8766738,-1.838421,0.));
#1261=CARTESIAN_POINT('',(-0.7184096,-1.914387,0.));
#1262=CARTESIAN_POINT('',(-0.4253283,-2.218132,0.5787402));
#1263=CARTESIAN_POINT('',(-0.6144571,-2.164358,0.5787402));
#1264=CARTESIAN_POINT('',(-0.4253283,-2.218132,0.5));
#1265=CARTESIAN_POINT('',(-0.6144571,-2.164358,0.5787402));
#1266=CARTESIAN_POINT('',(-0.6144571,-2.164358,0.5));
#1267=CARTESIAN_POINT('',(-0.4253283,-2.218132,0.5));
#1268=CARTESIAN_POINT('',(-1.891619,0.1788325,0.5787402));
#1269=CARTESIAN_POINT('',(-1.899535,0.006102004,0.5787402));
#1270=CARTESIAN_POINT('',(-1.891619,0.1788325,0.));
#1271=CARTESIAN_POINT('',(-1.899535,0.006102004,0.5787402));
#1272=CARTESIAN_POINT('',(-1.899535,0.006102004,0.));
#1273=CARTESIAN_POINT('',(-1.891619,0.1788325,0.));
#1274=CARTESIAN_POINT('',(1.825748,1.495773,0.5787402));
#1275=CARTESIAN_POINT('',(1.945532,1.345443,0.5787402));
#1276=CARTESIAN_POINT('',(1.825748,1.495773,0.5));
#1277=CARTESIAN_POINT('',(1.945532,1.345443,0.5787402));
#1278=CARTESIAN_POINT('',(1.945532,1.345443,0.5));
#1279=CARTESIAN_POINT('',(1.825748,1.495773,0.5));
#1280=CARTESIAN_POINT('',(-0.8766738,-1.838421,0.5));
#1281=CARTESIAN_POINT('',(-1.026723,-1.750145,0.5));
#1282=CARTESIAN_POINT('',(-0.8766738,-1.838421,0.));
#1283=CARTESIAN_POINT('',(-1.026723,-1.750145,0.5));
#1284=CARTESIAN_POINT('',(-1.026723,-1.750145,0.));
#1285=CARTESIAN_POINT('',(-0.8766738,-1.838421,0.));
#1286=CARTESIAN_POINT('',(-1.833052,0.5128126,0.5787402));
#1287=CARTESIAN_POINT('',(-1.869275,0.3479661,0.5787402));
#1288=CARTESIAN_POINT('',(-1.833052,0.5128126,0.));
#1289=CARTESIAN_POINT('',(-1.869275,0.3479661,0.5787402));
#1290=CARTESIAN_POINT('',(-1.869275,0.3479661,0.));
#1291=CARTESIAN_POINT('',(-1.833052,0.5128126,0.));
#1292=CARTESIAN_POINT('',(-1.026723,-1.750145,0.5));
#1293=CARTESIAN_POINT('',(-1.167979,-1.650288,0.5));
#1294=CARTESIAN_POINT('',(-1.026723,-1.750145,0.));
#1295=CARTESIAN_POINT('',(-1.167979,-1.650288,0.5));
#1296=CARTESIAN_POINT('',(-1.167979,-1.650288,0.));
#1297=CARTESIAN_POINT('',(-1.026723,-1.750145,0.));
#1298=CARTESIAN_POINT('',(-0.6144571,-2.164358,0.5787402));
#1299=CARTESIAN_POINT('',(-0.7960504,-2.095473,0.5787402));
#1300=CARTESIAN_POINT('',(-0.6144571,-2.164358,0.5));
#1301=CARTESIAN_POINT('',(-0.7960504,-2.095473,0.5787402));
#1302=CARTESIAN_POINT('',(-0.7960504,-2.095473,0.5));
#1303=CARTESIAN_POINT('',(-0.6144571,-2.164358,0.5));
#1304=CARTESIAN_POINT('',(-1.721169,0.8268831,0.5787402));
#1305=CARTESIAN_POINT('',(-1.7835,0.6726817,0.5787402));
#1306=CARTESIAN_POINT('',(-1.721169,0.8268831,0.));
#1307=CARTESIAN_POINT('',(-1.7835,0.6726817,0.5787402));
#1308=CARTESIAN_POINT('',(-1.7835,0.6726817,0.));
#1309=CARTESIAN_POINT('',(-1.721169,0.8268831,0.));
#1310=CARTESIAN_POINT('',(0.6513788,1.927393,0.5787402));
#1311=CARTESIAN_POINT('',(0.4903834,1.966087,0.5787402));
#1312=CARTESIAN_POINT('',(0.6513788,1.927393,0.));
#1313=CARTESIAN_POINT('',(0.4903834,1.966087,0.5787402));
#1314=CARTESIAN_POINT('',(0.4903834,1.966087,0.));
#1315=CARTESIAN_POINT('',(0.6513788,1.927393,0.));
#1316=CARTESIAN_POINT('',(-1.913598,-0.5209976,0.5));
#1317=CARTESIAN_POINT('',(-1.950255,-0.3493155,0.5));
#1318=CARTESIAN_POINT('',(-1.913598,-0.5209976,0.));
#1319=CARTESIAN_POINT('',(-1.950255,-0.3493155,0.5));
#1320=CARTESIAN_POINT('',(-1.950255,-0.3493155,0.));
#1321=CARTESIAN_POINT('',(-1.913598,-0.5209976,0.));
#1322=CARTESIAN_POINT('',(0.8081897,1.875714,0.5787402));
#1323=CARTESIAN_POINT('',(0.6513788,1.927393,0.5787402));
#1324=CARTESIAN_POINT('',(0.8081897,1.875714,0.));
#1325=CARTESIAN_POINT('',(0.6513788,1.927393,0.5787402));
#1326=CARTESIAN_POINT('',(0.6513788,1.927393,0.));
#1327=CARTESIAN_POINT('',(0.8081897,1.875714,0.));
#1328=CARTESIAN_POINT('',(0.9600185,1.81143,0.5787402));
#1329=CARTESIAN_POINT('',(0.8081897,1.875714,0.5787402));
#1330=CARTESIAN_POINT('',(0.9600185,1.81143,0.));
#1331=CARTESIAN_POINT('',(0.8081897,1.875714,0.5787402));
#1332=CARTESIAN_POINT('',(0.8081897,1.875714,0.));
#1333=CARTESIAN_POINT('',(0.9600185,1.81143,0.));
#1334=CARTESIAN_POINT('',(-1.950255,-0.3493155,0.5));
#1335=CARTESIAN_POINT('',(-1.972447,-0.1732812,0.5));
#1336=CARTESIAN_POINT('',(-1.950255,-0.3493155,0.));
#1337=CARTESIAN_POINT('',(-1.972447,-0.1732812,0.5));
#1338=CARTESIAN_POINT('',(-1.972447,-0.1732812,0.));
#1339=CARTESIAN_POINT('',(-1.950255,-0.3493155,0.));
#1340=CARTESIAN_POINT('',(-1.432654,-1.685128,0.5787402));
#1341=CARTESIAN_POINT('',(-1.566138,-1.55287,0.5787402));
#1342=CARTESIAN_POINT('',(-1.432654,-1.685128,0.5));
#1343=CARTESIAN_POINT('',(-1.566138,-1.55287,0.5787402));
#1344=CARTESIAN_POINT('',(-1.566138,-1.55287,0.5));
#1345=CARTESIAN_POINT('',(-1.432654,-1.685128,0.5));
#1346=CARTESIAN_POINT('',(1.106067,1.734917,0.5787402));
#1347=CARTESIAN_POINT('',(0.9600185,1.81143,0.5787402));
#1348=CARTESIAN_POINT('',(1.106067,1.734917,0.));
#1349=CARTESIAN_POINT('',(0.9600185,1.81143,0.5787402));
#1350=CARTESIAN_POINT('',(0.9600185,1.81143,0.));
#1351=CARTESIAN_POINT('',(1.106067,1.734917,0.));
#1352=CARTESIAN_POINT('',(1.245538,1.646553,0.5787402));
#1353=CARTESIAN_POINT('',(1.106067,1.734917,0.5787402));
#1354=CARTESIAN_POINT('',(1.245538,1.646553,0.));
#1355=CARTESIAN_POINT('',(1.106067,1.734917,0.5787402));
#1356=CARTESIAN_POINT('',(1.106067,1.734917,0.));
#1357=CARTESIAN_POINT('',(1.245538,1.646553,0.));
#1358=CARTESIAN_POINT('',(-1.972447,-0.1732812,0.5));
#1359=CARTESIAN_POINT('',(-1.979608,0.006340041,0.5));
#1360=CARTESIAN_POINT('',(-1.972447,-0.1732812,0.));
#1361=CARTESIAN_POINT('',(-1.979608,0.006340041,0.5));
#1362=CARTESIAN_POINT('',(-1.979608,0.006340041,0.));
#1363=CARTESIAN_POINT('',(-1.972447,-0.1732812,0.));
#1364=CARTESIAN_POINT('',(1.377632,1.546714,0.5787402));
#1365=CARTESIAN_POINT('',(1.245538,1.646553,0.5787402));
#1366=CARTESIAN_POINT('',(1.377632,1.546714,0.));
#1367=CARTESIAN_POINT('',(1.245538,1.646553,0.5787402));
#1368=CARTESIAN_POINT('',(1.245538,1.646553,0.));
#1369=CARTESIAN_POINT('',(1.377632,1.546714,0.));
#1370=CARTESIAN_POINT('',(1.501552,1.435777,0.5787402));
#1371=CARTESIAN_POINT('',(1.377632,1.546714,0.5787402));
#1372=CARTESIAN_POINT('',(1.501552,1.435777,0.));
#1373=CARTESIAN_POINT('',(1.377632,1.546714,0.5787402));
#1374=CARTESIAN_POINT('',(1.377632,1.546714,0.));
#1375=CARTESIAN_POINT('',(1.501552,1.435777,0.));
#1376=CARTESIAN_POINT('',(-1.979608,0.006340041,0.5));
#1377=CARTESIAN_POINT('',(-1.971379,0.1859155,0.5));
#1378=CARTESIAN_POINT('',(-1.979608,0.006340041,0.));
#1379=CARTESIAN_POINT('',(-1.971379,0.1859155,0.5));
#1380=CARTESIAN_POINT('',(-1.971379,0.1859155,0.));
#1381=CARTESIAN_POINT('',(-1.979608,0.006340041,0.));
#1382=CARTESIAN_POINT('',(-1.566138,-1.55287,0.5787402));
#1383=CARTESIAN_POINT('',(-1.68813,-1.410321,0.5787402));
#1384=CARTESIAN_POINT('',(-1.566138,-1.55287,0.5));
#1385=CARTESIAN_POINT('',(-1.68813,-1.410321,0.5787402));
#1386=CARTESIAN_POINT('',(-1.68813,-1.410321,0.5));
#1387=CARTESIAN_POINT('',(-1.566138,-1.55287,0.5));
#1388=CARTESIAN_POINT('',(1.616501,1.31412,0.5787402));
#1389=CARTESIAN_POINT('',(1.501552,1.435777,0.5787402));
#1390=CARTESIAN_POINT('',(1.616501,1.31412,0.));
#1391=CARTESIAN_POINT('',(1.501552,1.435777,0.5787402));
#1392=CARTESIAN_POINT('',(1.501552,1.435777,0.));
#1393=CARTESIAN_POINT('',(1.616501,1.31412,0.));
#1394=CARTESIAN_POINT('',(1.721679,1.18212,0.5787402));
#1395=CARTESIAN_POINT('',(1.616501,1.31412,0.5787402));
#1396=CARTESIAN_POINT('',(1.721679,1.18212,0.));
#1397=CARTESIAN_POINT('',(1.616501,1.31412,0.5787402));
#1398=CARTESIAN_POINT('',(1.616501,1.31412,0.));
#1399=CARTESIAN_POINT('',(1.721679,1.18212,0.));
#1400=CARTESIAN_POINT('',(-1.971379,0.1859155,0.5));
#1401=CARTESIAN_POINT('',(-1.94814,0.3618147,0.5));
#1402=CARTESIAN_POINT('',(-1.971379,0.1859155,0.));
#1403=CARTESIAN_POINT('',(-1.94814,0.3618147,0.5));
#1404=CARTESIAN_POINT('',(-1.94814,0.3618147,0.));
#1405=CARTESIAN_POINT('',(-1.971379,0.1859155,0.));
#1406=CARTESIAN_POINT('',(1.81629,1.040155,0.5787402));
#1407=CARTESIAN_POINT('',(1.721679,1.18212,0.5787402));
#1408=CARTESIAN_POINT('',(1.81629,1.040155,0.));
#1409=CARTESIAN_POINT('',(1.721679,1.18212,0.5787402));
#1410=CARTESIAN_POINT('',(1.721679,1.18212,0.));
#1411=CARTESIAN_POINT('',(1.81629,1.040155,0.));
#1412=CARTESIAN_POINT('',(1.899535,0.8886002,0.5787402));
#1413=CARTESIAN_POINT('',(1.81629,1.040155,0.5787402));
#1414=CARTESIAN_POINT('',(1.899535,0.8886002,0.));
#1415=CARTESIAN_POINT('',(1.81629,1.040155,0.5787402));
#1416=CARTESIAN_POINT('',(1.81629,1.040155,0.));
#1417=CARTESIAN_POINT('',(1.899535,0.8886002,0.));
#1418=CARTESIAN_POINT('',(-1.94814,0.3618147,0.5));
#1419=CARTESIAN_POINT('',(-1.910464,0.5332759,0.5));
#1420=CARTESIAN_POINT('',(-1.94814,0.3618147,0.));
#1421=CARTESIAN_POINT('',(-1.910464,0.5332759,0.5));
#1422=CARTESIAN_POINT('',(-1.910464,0.5332759,0.));
#1423=CARTESIAN_POINT('',(-1.94814,0.3618147,0.));
#1424=CARTESIAN_POINT('',(-1.68813,-1.410321,0.5787402));
#1425=CARTESIAN_POINT('',(-1.798028,-1.258252,0.5787402));
#1426=CARTESIAN_POINT('',(-1.68813,-1.410321,0.5));
#1427=CARTESIAN_POINT('',(-1.798028,-1.258252,0.5787402));
#1428=CARTESIAN_POINT('',(-1.798028,-1.258252,0.5));
#1429=CARTESIAN_POINT('',(-1.68813,-1.410321,0.5));
#1430=CARTESIAN_POINT('',(0.1042133,0.00013725,0.5787402));
#1431=CARTESIAN_POINT('',(1.899535,0.8886002,0.5787402));
#1432=CARTESIAN_POINT('',(0.1042133,0.00013725,0.));
#1433=CARTESIAN_POINT('',(1.899535,0.8886002,0.5787402));
#1434=CARTESIAN_POINT('',(1.899535,0.8886002,0.));
#1435=CARTESIAN_POINT('',(0.1042133,0.00013725,0.));
#1436=CARTESIAN_POINT('',(1.894221,-0.8989682,0.5787402));
#1437=CARTESIAN_POINT('',(0.1042133,0.00013725,0.5787402));
#1438=CARTESIAN_POINT('',(1.894221,-0.8989682,0.));
#1439=CARTESIAN_POINT('',(0.1042133,0.00013725,0.5787402));
#1440=CARTESIAN_POINT('',(0.1042133,0.00013725,0.));
#1441=CARTESIAN_POINT('',(1.894221,-0.8989682,0.));
#1442=CARTESIAN_POINT('',(-1.910464,0.5332759,0.5));
#1443=CARTESIAN_POINT('',(-1.858923,0.6995612,0.5));
#1444=CARTESIAN_POINT('',(-1.910464,0.5332759,0.));
#1445=CARTESIAN_POINT('',(-1.858923,0.6995612,0.5));
#1446=CARTESIAN_POINT('',(-1.858923,0.6995612,0.));
#1447=CARTESIAN_POINT('',(-1.910464,0.5332759,0.));
#1448=CARTESIAN_POINT('',(-1.288282,-1.806314,0.5787402));
#1449=CARTESIAN_POINT('',(-1.432654,-1.685128,0.5787402));
#1450=CARTESIAN_POINT('',(-1.288282,-1.806314,0.5));
#1451=CARTESIAN_POINT('',(-1.432654,-1.685128,0.5787402));
#1452=CARTESIAN_POINT('',(-1.432654,-1.685128,0.5));
#1453=CARTESIAN_POINT('',(-1.288282,-1.806314,0.5));
#1454=CARTESIAN_POINT('',(0.9492343,-1.816196,0.));
#1455=CARTESIAN_POINT('',(0.9830191,-1.888787,0.));
#1456=CARTESIAN_POINT('',(0.7970261,-1.879576,0.));
#1457=CARTESIAN_POINT('',(0.9830191,-1.888787,0.));
#1458=CARTESIAN_POINT('',(0.824743,-1.954693,0.));
#1459=CARTESIAN_POINT('',(0.7970261,-1.879576,0.));
#1460=CARTESIAN_POINT('',(0.7970261,-1.879576,0.));
#1461=CARTESIAN_POINT('',(0.824743,-1.954693,0.));
#1462=CARTESIAN_POINT('',(0.6399105,-1.930321,0.));
#1463=CARTESIAN_POINT('',(0.824743,-1.954693,0.));
#1464=CARTESIAN_POINT('',(0.6613571,-2.007463,0.));
#1465=CARTESIAN_POINT('',(0.6399105,-1.930321,0.));
#1466=CARTESIAN_POINT('',(0.6399105,-1.930321,0.));
#1467=CARTESIAN_POINT('',(0.6613571,-2.007463,0.));
#1468=CARTESIAN_POINT('',(0.478688,-1.968058,0.));
#1469=CARTESIAN_POINT('',(0.6613571,-2.007463,0.));
#1470=CARTESIAN_POINT('',(0.4936878,-2.04671,0.));
#1471=CARTESIAN_POINT('',(0.478688,-1.968058,0.));
#1472=CARTESIAN_POINT('',(0.478688,-1.968058,0.));
#1473=CARTESIAN_POINT('',(0.4936878,-2.04671,0.));
#1474=CARTESIAN_POINT('',(0.3141585,-1.992415,0.));
#1475=CARTESIAN_POINT('',(0.4936878,-2.04671,0.));
#1476=CARTESIAN_POINT('',(0.3225652,-2.072042,0.));
#1477=CARTESIAN_POINT('',(0.3141585,-1.992415,0.));
#1478=CARTESIAN_POINT('',(0.3141585,-1.992415,0.));
#1479=CARTESIAN_POINT('',(0.3225652,-2.072042,0.));
#1480=CARTESIAN_POINT('',(0.1471224,-2.003019,0.));
#1481=CARTESIAN_POINT('',(0.3225652,-2.072042,0.));
#1482=CARTESIAN_POINT('',(0.1488253,-2.083072,0.));
#1483=CARTESIAN_POINT('',(0.1471224,-2.003019,0.));
#1484=CARTESIAN_POINT('',(0.1471224,-2.003019,0.));
#1485=CARTESIAN_POINT('',(0.1488253,-2.083072,0.));
#1486=CARTESIAN_POINT('',(-0.02162026,-1.999498,0.));
#1487=CARTESIAN_POINT('',(0.1488253,-2.083072,0.));
#1488=CARTESIAN_POINT('',(-0.02668844,-2.07941,0.));
#1489=CARTESIAN_POINT('',(-0.02162026,-1.999498,0.));
#1490=CARTESIAN_POINT('',(-0.02162026,-1.999498,0.));
#1491=CARTESIAN_POINT('',(-0.02668844,-2.07941,0.));
#1492=CARTESIAN_POINT('',(-0.1912693,-1.98148,0.));
#1493=CARTESIAN_POINT('',(-0.02668844,-2.07941,0.));
#1494=CARTESIAN_POINT('',(-0.2031237,-2.060671,0.));
#1495=CARTESIAN_POINT('',(-0.1912693,-1.98148,0.));
#1496=CARTESIAN_POINT('',(-0.1912693,-1.98148,0.));
#1497=CARTESIAN_POINT('',(-0.2031237,-2.060671,0.));
#1498=CARTESIAN_POINT('',(-0.3610246,-1.948592,0.));
#1499=CARTESIAN_POINT('',(-0.2031237,-2.060671,0.));
#1500=CARTESIAN_POINT('',(-0.3796061,-2.026479,0.));
#1501=CARTESIAN_POINT('',(-0.3610246,-1.948592,0.));
#1502=CARTESIAN_POINT('',(-0.3610246,-1.948592,0.));
#1503=CARTESIAN_POINT('',(-0.3796061,-2.026479,0.));
#1504=CARTESIAN_POINT('',(-0.5273443,-1.901303,0.));
#1505=CARTESIAN_POINT('',(-0.3796061,-2.026479,0.));
#1506=CARTESIAN_POINT('',(-0.5525168,-1.977317,0.));
#1507=CARTESIAN_POINT('',(-0.5273443,-1.901303,0.));
#1508=CARTESIAN_POINT('',(-0.5273443,-1.901303,0.));
#1509=CARTESIAN_POINT('',(-0.5525168,-1.977317,0.));
#1510=CARTESIAN_POINT('',(-0.6868564,-1.840794,0.));
#1511=CARTESIAN_POINT('',(-0.5525168,-1.977317,0.));
#1512=CARTESIAN_POINT('',(-0.7184096,-1.914387,0.));
#1513=CARTESIAN_POINT('',(-0.6868564,-1.840794,0.));
#1514=CARTESIAN_POINT('',(-0.6868564,-1.840794,0.));
#1515=CARTESIAN_POINT('',(-0.7184096,-1.914387,0.));
#1516=CARTESIAN_POINT('',(-0.8390149,-1.767758,0.));
#1517=CARTESIAN_POINT('',(-0.7184096,-1.914387,0.));
#1518=CARTESIAN_POINT('',(-0.8766738,-1.838421,0.));
#1519=CARTESIAN_POINT('',(-0.8390149,-1.767758,0.));
#1520=CARTESIAN_POINT('',(-0.8390149,-1.767758,0.));
#1521=CARTESIAN_POINT('',(-0.8766738,-1.838421,0.));
#1522=CARTESIAN_POINT('',(-0.9832741,-1.682889,0.));
#1523=CARTESIAN_POINT('',(-0.8766738,-1.838421,0.));
#1524=CARTESIAN_POINT('',(-1.026723,-1.750145,0.));
#1525=CARTESIAN_POINT('',(-0.9832741,-1.682889,0.));
#1526=CARTESIAN_POINT('',(-0.9832741,-1.682889,0.));
#1527=CARTESIAN_POINT('',(-1.026723,-1.750145,0.));
#1528=CARTESIAN_POINT('',(-1.119088,-1.586879,0.));
#1529=CARTESIAN_POINT('',(-1.026723,-1.750145,0.));
#1530=CARTESIAN_POINT('',(-1.167979,-1.650288,0.));
#1531=CARTESIAN_POINT('',(-1.119088,-1.586879,0.));
#1532=CARTESIAN_POINT('',(-1.119088,-1.586879,0.));
#1533=CARTESIAN_POINT('',(-1.167979,-1.650288,0.));
#1534=CARTESIAN_POINT('',(-1.245911,-1.480424,0.));
#1535=CARTESIAN_POINT('',(-1.167979,-1.650288,0.));
#1536=CARTESIAN_POINT('',(-1.299873,-1.539576,0.));
#1537=CARTESIAN_POINT('',(-1.245911,-1.480424,0.));
#1538=CARTESIAN_POINT('',(-1.245911,-1.480424,0.));
#1539=CARTESIAN_POINT('',(-1.299873,-1.539576,0.));
#1540=CARTESIAN_POINT('',(-1.363196,-1.364215,0.));
#1541=CARTESIAN_POINT('',(-1.299873,-1.539576,0.));
#1542=CARTESIAN_POINT('',(-1.421839,-1.41873,0.));
#1543=CARTESIAN_POINT('',(-1.363196,-1.364215,0.));
#1544=CARTESIAN_POINT('',(-1.363196,-1.364215,0.));
#1545=CARTESIAN_POINT('',(-1.421839,-1.41873,0.));
#1546=CARTESIAN_POINT('',(-1.470399,-1.238948,0.));
#1547=CARTESIAN_POINT('',(-1.421839,-1.41873,0.));
#1548=CARTESIAN_POINT('',(-1.533316,-1.288469,0.));
#1549=CARTESIAN_POINT('',(-1.470399,-1.238948,0.));
#1550=CARTESIAN_POINT('',(-1.470399,-1.238948,0.));
#1551=CARTESIAN_POINT('',(-1.533316,-1.288469,0.));
#1552=CARTESIAN_POINT('',(-1.566974,-1.105315,0.));
#1553=CARTESIAN_POINT('',(-1.533316,-1.288469,0.));
#1554=CARTESIAN_POINT('',(-1.63374,-1.149508,0.));
#1555=CARTESIAN_POINT('',(-1.566974,-1.105315,0.));
#1556=CARTESIAN_POINT('',(-1.566974,-1.105315,0.));
#1557=CARTESIAN_POINT('',(-1.63374,-1.149508,0.));
#1558=CARTESIAN_POINT('',(-1.652373,-0.9640092,0.));
#1559=CARTESIAN_POINT('',(-1.63374,-1.149508,0.));
#1560=CARTESIAN_POINT('',(-1.722548,-1.002563,0.));
#1561=CARTESIAN_POINT('',(-1.652373,-0.9640092,0.));
#1562=CARTESIAN_POINT('',(-1.652373,-0.9640092,0.));
#1563=CARTESIAN_POINT('',(-1.722548,-1.002563,0.));
#1564=CARTESIAN_POINT('',(-1.726052,-0.815725,0.));
#1565=CARTESIAN_POINT('',(-1.722548,-1.002563,0.));
#1566=CARTESIAN_POINT('',(-1.799173,-0.8483498,0.));
#1567=CARTESIAN_POINT('',(-1.726052,-0.815725,0.));
#1568=CARTESIAN_POINT('',(-1.726052,-0.815725,0.));
#1569=CARTESIAN_POINT('',(-1.799173,-0.8483498,0.));
#1570=CARTESIAN_POINT('',(-1.787465,-0.6611558,0.));
#1571=CARTESIAN_POINT('',(-1.799173,-0.8483498,0.));
#1572=CARTESIAN_POINT('',(-1.863047,-0.6875864,0.));
#1573=CARTESIAN_POINT('',(-1.787465,-0.6611558,0.));
#1574=CARTESIAN_POINT('',(-1.787465,-0.6611558,0.));
#1575=CARTESIAN_POINT('',(-1.863047,-0.6875864,0.));
#1576=CARTESIAN_POINT('',(-1.836066,-0.5009949,0.));
#1577=CARTESIAN_POINT('',(-1.863047,-0.6875864,0.));
#1578=CARTESIAN_POINT('',(-1.913598,-0.5209976,0.));
#1579=CARTESIAN_POINT('',(-1.836066,-0.5009949,0.));
#1580=CARTESIAN_POINT('',(-1.836066,-0.5009949,0.));
#1581=CARTESIAN_POINT('',(-1.913598,-0.5209976,0.));
#1582=CARTESIAN_POINT('',(-1.871308,-0.335936,0.));
#1583=CARTESIAN_POINT('',(-1.913598,-0.5209976,0.));
#1584=CARTESIAN_POINT('',(-1.950255,-0.3493155,0.));
#1585=CARTESIAN_POINT('',(-1.871308,-0.335936,0.));
#1586=CARTESIAN_POINT('',(-1.871308,-0.335936,0.));
#1587=CARTESIAN_POINT('',(-1.950255,-0.3493155,0.));
#1588=CARTESIAN_POINT('',(-1.892647,-0.1666725,0.));
#1589=CARTESIAN_POINT('',(-1.950255,-0.3493155,0.));
#1590=CARTESIAN_POINT('',(-1.972447,-0.1732812,0.));
#1591=CARTESIAN_POINT('',(-1.892647,-0.1666725,0.));
#1592=CARTESIAN_POINT('',(-1.892647,-0.1666725,0.));
#1593=CARTESIAN_POINT('',(-1.972447,-0.1732812,0.));
#1594=CARTESIAN_POINT('',(-1.899535,0.006102004,0.));
#1595=CARTESIAN_POINT('',(-1.972447,-0.1732812,0.));
#1596=CARTESIAN_POINT('',(-1.979608,0.006340041,0.));
#1597=CARTESIAN_POINT('',(-1.899535,0.006102004,0.));
#1598=CARTESIAN_POINT('',(-1.899535,0.006102004,0.));
#1599=CARTESIAN_POINT('',(-1.979608,0.006340041,0.));
#1600=CARTESIAN_POINT('',(-1.891619,0.1788325,0.));
#1601=CARTESIAN_POINT('',(-1.979608,0.006340041,0.));
#1602=CARTESIAN_POINT('',(-1.971379,0.1859155,0.));
#1603=CARTESIAN_POINT('',(-1.891619,0.1788325,0.));
#1604=CARTESIAN_POINT('',(-1.891619,0.1788325,0.));
#1605=CARTESIAN_POINT('',(-1.971379,0.1859155,0.));
#1606=CARTESIAN_POINT('',(-1.869275,0.3479661,0.));
#1607=CARTESIAN_POINT('',(-1.971379,0.1859155,0.));
#1608=CARTESIAN_POINT('',(-1.94814,0.3618147,0.));
#1609=CARTESIAN_POINT('',(-1.869275,0.3479661,0.));
#1610=CARTESIAN_POINT('',(-1.869275,0.3479661,0.));
#1611=CARTESIAN_POINT('',(-1.94814,0.3618147,0.));
#1612=CARTESIAN_POINT('',(-1.833052,0.5128126,0.));
#1613=CARTESIAN_POINT('',(-1.94814,0.3618147,0.));
#1614=CARTESIAN_POINT('',(-1.910464,0.5332759,0.));
#1615=CARTESIAN_POINT('',(-1.833052,0.5128126,0.));
#1616=CARTESIAN_POINT('',(-1.833052,0.5128126,0.));
#1617=CARTESIAN_POINT('',(-1.910464,0.5332759,0.));
#1618=CARTESIAN_POINT('',(-1.7835,0.6726817,0.));
#1619=CARTESIAN_POINT('',(-1.910464,0.5332759,0.));
#1620=CARTESIAN_POINT('',(-1.858923,0.6995612,0.));
#1621=CARTESIAN_POINT('',(-1.7835,0.6726817,0.));
#1622=CARTESIAN_POINT('',(-1.7835,0.6726817,0.));
#1623=CARTESIAN_POINT('',(-1.858923,0.6995612,0.));
#1624=CARTESIAN_POINT('',(-1.721169,0.8268831,0.));
#1625=CARTESIAN_POINT('',(-1.858923,0.6995612,0.));
#1626=CARTESIAN_POINT('',(-1.794095,0.8599419,0.));
#1627=CARTESIAN_POINT('',(-1.721169,0.8268831,0.));
#1628=CARTESIAN_POINT('',(-1.721169,0.8268831,0.));
#1629=CARTESIAN_POINT('',(-1.794095,0.8599419,0.));
#1630=CARTESIAN_POINT('',(-1.64661,0.9747266,0.));
#1631=CARTESIAN_POINT('',(-1.794095,0.8599419,0.));
#1632=CARTESIAN_POINT('',(-1.716554,1.013697,0.));
#1633=CARTESIAN_POINT('',(-1.64661,0.9747266,0.));
#1634=CARTESIAN_POINT('',(-1.64661,0.9747266,0.));
#1635=CARTESIAN_POINT('',(-1.716554,1.013697,0.));
#1636=CARTESIAN_POINT('',(-1.560372,1.115522,0.));
#1637=CARTESIAN_POINT('',(-1.716554,1.013697,0.));
#1638=CARTESIAN_POINT('',(-1.626874,1.160111,0.));
#1639=CARTESIAN_POINT('',(-1.560372,1.115522,0.));
#1640=CARTESIAN_POINT('',(-1.560372,1.115522,0.));
#1641=CARTESIAN_POINT('',(-1.626874,1.160111,0.));
#1642=CARTESIAN_POINT('',(-1.463004,1.248579,0.));
#1643=CARTESIAN_POINT('',(-1.626874,1.160111,0.));
#1644=CARTESIAN_POINT('',(-1.525625,1.298472,0.));
#1645=CARTESIAN_POINT('',(-1.463004,1.248579,0.));
#1646=CARTESIAN_POINT('',(-1.463004,1.248579,0.));
#1647=CARTESIAN_POINT('',(-1.525625,1.298472,0.));
#1648=CARTESIAN_POINT('',(-1.355059,1.373206,0.));
#1649=CARTESIAN_POINT('',(-1.525625,1.298472,0.));
#1650=CARTESIAN_POINT('',(-1.413377,1.428069,0.));
#1651=CARTESIAN_POINT('',(-1.355059,1.373206,0.));
#1652=CARTESIAN_POINT('',(-1.355059,1.373206,0.));
#1653=CARTESIAN_POINT('',(-1.413377,1.428069,0.));
#1654=CARTESIAN_POINT('',(-1.237084,1.488715,0.));
#1655=CARTESIAN_POINT('',(-1.413377,1.428069,0.));
#1656=CARTESIAN_POINT('',(-1.290694,1.548187,0.));
#1657=CARTESIAN_POINT('',(-1.237084,1.488715,0.));
#1658=CARTESIAN_POINT('',(-1.237084,1.488715,0.));
#1659=CARTESIAN_POINT('',(-1.290694,1.548187,0.));
#1660=CARTESIAN_POINT('',(-1.109631,1.594415,0.));
#1661=CARTESIAN_POINT('',(-1.290694,1.548187,0.));
#1662=CARTESIAN_POINT('',(-1.158144,1.658114,0.));
#1663=CARTESIAN_POINT('',(-1.109631,1.594415,0.));
#1664=CARTESIAN_POINT('',(-1.109631,1.594415,0.));
#1665=CARTESIAN_POINT('',(-1.158144,1.658114,0.));
#1666=CARTESIAN_POINT('',(-0.9732484,1.689615,0.));
#1667=CARTESIAN_POINT('',(-1.158144,1.658114,0.));
#1668=CARTESIAN_POINT('',(-1.016296,1.757129,0.));
#1669=CARTESIAN_POINT('',(-0.9732484,1.689615,0.));
#1670=CARTESIAN_POINT('',(-0.9732484,1.689615,0.));
#1671=CARTESIAN_POINT('',(-1.016296,1.757129,0.));
#1672=CARTESIAN_POINT('',(-0.8284872,1.773625,0.));
#1673=CARTESIAN_POINT('',(-1.016296,1.757129,0.));
#1674=CARTESIAN_POINT('',(-0.8657251,1.84451,0.));
#1675=CARTESIAN_POINT('',(-0.8284872,1.773625,0.));
#1676=CARTESIAN_POINT('',(-0.8284872,1.773625,0.));
#1677=CARTESIAN_POINT('',(-0.8657251,1.84451,0.));
#1678=CARTESIAN_POINT('',(-0.675897,1.845755,0.));
#1679=CARTESIAN_POINT('',(-0.8657251,1.84451,0.));
#1680=CARTESIAN_POINT('',(-0.7070121,1.919535,0.));
#1681=CARTESIAN_POINT('',(-0.675897,1.845755,0.));
#1682=CARTESIAN_POINT('',(-0.675897,1.845755,0.));
#1683=CARTESIAN_POINT('',(-0.7070121,1.919535,0.));
#1684=CARTESIAN_POINT('',(-0.516028,1.905315,0.));
#1685=CARTESIAN_POINT('',(-0.7070121,1.919535,0.));
#1686=CARTESIAN_POINT('',(-0.5407481,1.981477,0.));
#1687=CARTESIAN_POINT('',(-0.516028,1.905315,0.));
#1688=CARTESIAN_POINT('',(-0.516028,1.905315,0.));
#1689=CARTESIAN_POINT('',(-0.5407481,1.981477,0.));
#1690=CARTESIAN_POINT('',(-0.34943,1.951614,0.));
#1691=CARTESIAN_POINT('',(-0.5407481,1.981477,0.));
#1692=CARTESIAN_POINT('',(-0.3675481,2.029611,0.));
#1693=CARTESIAN_POINT('',(-0.34943,1.951614,0.));
#1694=CARTESIAN_POINT('',(-0.34943,1.951614,0.));
#1695=CARTESIAN_POINT('',(-0.3675481,2.029611,0.));
#1696=CARTESIAN_POINT('',(-0.1794823,1.983492,0.));
#1697=CARTESIAN_POINT('',(-0.3675481,2.029611,0.));
#1698=CARTESIAN_POINT('',(-0.1908656,2.062752,0.));
#1699=CARTESIAN_POINT('',(-0.1794823,1.983492,0.));
#1700=CARTESIAN_POINT('',(-0.1794823,1.983492,0.));
#1701=CARTESIAN_POINT('',(-0.1908656,2.062752,0.));
#1702=CARTESIAN_POINT('',(-0.009729087,2.000502,0.));
#1703=CARTESIAN_POINT('',(-0.1908656,2.062752,0.));
#1704=CARTESIAN_POINT('',(-0.01432206,2.080442,0.));
#1705=CARTESIAN_POINT('',(-0.009729087,2.000502,0.));
#1706=CARTESIAN_POINT('',(-0.009729087,2.000502,0.));
#1707=CARTESIAN_POINT('',(-0.01432206,2.080442,0.));
#1708=CARTESIAN_POINT('',(0.1590316,2.003019,0.));
#1709=CARTESIAN_POINT('',(-0.01432206,2.080442,0.));
#1710=CARTESIAN_POINT('',(0.1612103,2.083061,0.));
#1711=CARTESIAN_POINT('',(0.1590316,2.003019,0.));
#1712=CARTESIAN_POINT('',(0.1590316,2.003019,0.));
#1713=CARTESIAN_POINT('',(0.1612103,2.083061,0.));
#1714=CARTESIAN_POINT('',(0.3260017,1.991422,0.));
#1715=CARTESIAN_POINT('',(0.1612103,2.083061,0.));
#1716=CARTESIAN_POINT('',(0.3348816,2.070998,0.));
#1717=CARTESIAN_POINT('',(0.3260017,1.991422,0.));
#1718=CARTESIAN_POINT('',(0.3260017,1.991422,0.));
#1719=CARTESIAN_POINT('',(0.3348816,2.070998,0.));
#1720=CARTESIAN_POINT('',(0.4903834,1.966087,0.));
#1721=CARTESIAN_POINT('',(0.3348816,2.070998,0.));
#1722=CARTESIAN_POINT('',(0.5058506,2.044648,0.));
#1723=CARTESIAN_POINT('',(0.4903834,1.966087,0.));
#1724=CARTESIAN_POINT('',(0.4903834,1.966087,0.));
#1725=CARTESIAN_POINT('',(0.5058506,2.044648,0.));
#1726=CARTESIAN_POINT('',(0.6513788,1.927393,0.));
#1727=CARTESIAN_POINT('',(0.5058506,2.044648,0.));
#1728=CARTESIAN_POINT('',(0.6732836,2.004406,0.));
#1729=CARTESIAN_POINT('',(0.6513788,1.927393,0.));
#1730=CARTESIAN_POINT('',(0.6513788,1.927393,0.));
#1731=CARTESIAN_POINT('',(0.6732836,2.004406,0.));
#1732=CARTESIAN_POINT('',(0.8081897,1.875714,0.));
#1733=CARTESIAN_POINT('',(0.6732836,2.004406,0.));
#1734=CARTESIAN_POINT('',(0.8363528,1.950666,0.));
#1735=CARTESIAN_POINT('',(0.8081897,1.875714,0.));
#1736=CARTESIAN_POINT('',(0.8081897,1.875714,0.));
#1737=CARTESIAN_POINT('',(0.8363528,1.950666,0.));
#1738=CARTESIAN_POINT('',(0.9600185,1.81143,0.));
#1739=CARTESIAN_POINT('',(0.8363528,1.950666,0.));
#1740=CARTESIAN_POINT('',(0.9942342,1.883819,0.));
#1741=CARTESIAN_POINT('',(0.9600185,1.81143,0.));
#1742=CARTESIAN_POINT('',(0.9600185,1.81143,0.));
#1743=CARTESIAN_POINT('',(0.9942342,1.883819,0.));
#1744=CARTESIAN_POINT('',(1.106067,1.734917,0.));
#1745=CARTESIAN_POINT('',(0.9942342,1.883819,0.));
#1746=CARTESIAN_POINT('',(1.146105,1.804256,0.));
#1747=CARTESIAN_POINT('',(1.106067,1.734917,0.));
#1748=CARTESIAN_POINT('',(1.106067,1.734917,0.));
#1749=CARTESIAN_POINT('',(1.146105,1.804256,0.));
#1750=CARTESIAN_POINT('',(1.245538,1.646553,0.));
#1751=CARTESIAN_POINT('',(1.146105,1.804256,0.));
#1752=CARTESIAN_POINT('',(1.291142,1.712364,0.));
#1753=CARTESIAN_POINT('',(1.245538,1.646553,0.));
#1754=CARTESIAN_POINT('',(1.245538,1.646553,0.));
#1755=CARTESIAN_POINT('',(1.291142,1.712364,0.));
#1756=CARTESIAN_POINT('',(1.377632,1.546714,0.));
#1757=CARTESIAN_POINT('',(1.291142,1.712364,0.));
#1758=CARTESIAN_POINT('',(1.428518,1.608533,0.));
#1759=CARTESIAN_POINT('',(1.377632,1.546714,0.));
#1760=CARTESIAN_POINT('',(1.377632,1.546714,0.));
#1761=CARTESIAN_POINT('',(1.428518,1.608533,0.));
#1762=CARTESIAN_POINT('',(1.501552,1.435777,0.));
#1763=CARTESIAN_POINT('',(1.428518,1.608533,0.));
#1764=CARTESIAN_POINT('',(1.557404,1.493151,0.));
#1765=CARTESIAN_POINT('',(1.501552,1.435777,0.));
#1766=CARTESIAN_POINT('',(1.501552,1.435777,0.));
#1767=CARTESIAN_POINT('',(1.557404,1.493151,0.));
#1768=CARTESIAN_POINT('',(1.616501,1.31412,0.));
#1769=CARTESIAN_POINT('',(1.557404,1.493151,0.));
#1770=CARTESIAN_POINT('',(1.676966,1.366611,0.));
#1771=CARTESIAN_POINT('',(1.616501,1.31412,0.));
#1772=CARTESIAN_POINT('',(1.616501,1.31412,0.));
#1773=CARTESIAN_POINT('',(1.676966,1.366611,0.));
#1774=CARTESIAN_POINT('',(1.721679,1.18212,0.));
#1775=CARTESIAN_POINT('',(1.676966,1.366611,0.));
#1776=CARTESIAN_POINT('',(1.786365,1.229315,0.));
#1777=CARTESIAN_POINT('',(1.721679,1.18212,0.));
#1778=CARTESIAN_POINT('',(1.721679,1.18212,0.));
#1779=CARTESIAN_POINT('',(1.786365,1.229315,0.));
#1780=CARTESIAN_POINT('',(1.81629,1.040155,0.));
#1781=CARTESIAN_POINT('',(1.786365,1.229315,0.));
#1782=CARTESIAN_POINT('',(1.88476,1.08167,0.));
#1783=CARTESIAN_POINT('',(1.81629,1.040155,0.));
#1784=CARTESIAN_POINT('',(1.81629,1.040155,0.));
#1785=CARTESIAN_POINT('',(1.88476,1.08167,0.));
#1786=CARTESIAN_POINT('',(1.899535,0.8886002,0.));
#1787=CARTESIAN_POINT('',(1.88476,1.08167,0.));
#1788=CARTESIAN_POINT('',(2.009851,0.8539327,0.));
#1789=CARTESIAN_POINT('',(1.899535,0.8886002,0.));
#1790=CARTESIAN_POINT('',(1.899535,0.8886002,0.));
#1791=CARTESIAN_POINT('',(2.009851,0.8539327,0.));
#1792=CARTESIAN_POINT('',(0.1042133,0.00013725,0.));
#1793=CARTESIAN_POINT('',(2.009851,0.8539327,0.));
#1794=CARTESIAN_POINT('',(0.283506,-0.0003951082,0.));
#1795=CARTESIAN_POINT('',(0.1042133,0.00013725,0.));
#1796=CARTESIAN_POINT('',(0.1042133,0.00013725,0.));
#1797=CARTESIAN_POINT('',(0.283506,-0.0003951082,0.));
#1798=CARTESIAN_POINT('',(1.894221,-0.8989682,0.));
#1799=CARTESIAN_POINT('',(0.283506,-0.0003951082,0.));
#1800=CARTESIAN_POINT('',(2.004741,-0.8649567,0.));
#1801=CARTESIAN_POINT('',(1.894221,-0.8989682,0.));
#1802=CARTESIAN_POINT('',(1.894221,-0.8989682,0.));
#1803=CARTESIAN_POINT('',(2.004741,-0.8649567,0.));
#1804=CARTESIAN_POINT('',(1.810077,-1.050025,0.));
#1805=CARTESIAN_POINT('',(2.004741,-0.8649567,0.));
#1806=CARTESIAN_POINT('',(1.878299,-1.091947,0.));
#1807=CARTESIAN_POINT('',(1.810077,-1.050025,0.));
#1808=CARTESIAN_POINT('',(1.810077,-1.050025,0.));
#1809=CARTESIAN_POINT('',(1.878299,-1.091947,0.));
#1810=CARTESIAN_POINT('',(1.714623,-1.191426,0.));
#1811=CARTESIAN_POINT('',(1.878299,-1.091947,0.));
#1812=CARTESIAN_POINT('',(1.779027,-1.239004,0.));
#1813=CARTESIAN_POINT('',(1.714623,-1.191426,0.));
#1814=CARTESIAN_POINT('',(1.714623,-1.191426,0.));
#1815=CARTESIAN_POINT('',(1.779027,-1.239004,0.));
#1816=CARTESIAN_POINT('',(1.608662,-1.322798,0.));
#1817=CARTESIAN_POINT('',(1.779027,-1.239004,0.));
#1818=CARTESIAN_POINT('',(1.668814,-1.375648,0.));
#1819=CARTESIAN_POINT('',(1.608662,-1.322798,0.));
#1820=CARTESIAN_POINT('',(1.608662,-1.322798,0.));
#1821=CARTESIAN_POINT('',(1.668814,-1.375648,0.));
#1822=CARTESIAN_POINT('',(1.492992,-1.443769,0.));
#1823=CARTESIAN_POINT('',(1.668814,-1.375648,0.));
#1824=CARTESIAN_POINT('',(1.548502,-1.501474,0.));
#1825=CARTESIAN_POINT('',(1.492992,-1.443769,0.));
#1826=CARTESIAN_POINT('',(1.492992,-1.443769,0.));
#1827=CARTESIAN_POINT('',(1.548502,-1.501474,0.));
#1828=CARTESIAN_POINT('',(1.368414,-1.553967,0.));
#1829=CARTESIAN_POINT('',(1.548502,-1.501474,0.));
#1830=CARTESIAN_POINT('',(1.418932,-1.616088,0.));
#1831=CARTESIAN_POINT('',(1.368414,-1.553967,0.));
#1832=CARTESIAN_POINT('',(1.368414,-1.553967,0.));
#1833=CARTESIAN_POINT('',(1.418932,-1.616088,0.));
#1834=CARTESIAN_POINT('',(1.235729,-1.653019,0.));
#1835=CARTESIAN_POINT('',(1.418932,-1.616088,0.));
#1836=CARTESIAN_POINT('',(1.280941,-1.7191,0.));
#1837=CARTESIAN_POINT('',(1.235729,-1.653019,0.));
#1838=CARTESIAN_POINT('',(1.235729,-1.653019,0.));
#1839=CARTESIAN_POINT('',(1.280941,-1.7191,0.));
#1840=CARTESIAN_POINT('',(1.095735,-1.740553,0.));
#1841=CARTESIAN_POINT('',(1.280941,-1.7191,0.));
#1842=CARTESIAN_POINT('',(1.13536,-1.810128,0.));
#1843=CARTESIAN_POINT('',(1.095735,-1.740553,0.));
#1844=CARTESIAN_POINT('',(1.095735,-1.740553,0.));
#1845=CARTESIAN_POINT('',(1.13536,-1.810128,0.));
#1846=CARTESIAN_POINT('',(0.9492343,-1.816196,0.));
#1847=CARTESIAN_POINT('',(1.13536,-1.810128,0.));
#1848=CARTESIAN_POINT('',(0.9830191,-1.888787,0.));
#1849=CARTESIAN_POINT('',(0.9492343,-1.816196,0.));
#1850=CARTESIAN_POINT('',(0.4903834,1.966087,0.5787402));
#1851=CARTESIAN_POINT('',(0.3260017,1.991422,0.5787402));
#1852=CARTESIAN_POINT('',(0.4903834,1.966087,0.));
#1853=CARTESIAN_POINT('',(0.3260017,1.991422,0.5787402));
#1854=CARTESIAN_POINT('',(0.3260017,1.991422,0.));
#1855=CARTESIAN_POINT('',(0.4903834,1.966087,0.));
#1856=CARTESIAN_POINT('',(-1.863047,-0.6875864,0.5));
#1857=CARTESIAN_POINT('',(-1.913598,-0.5209976,0.5));
#1858=CARTESIAN_POINT('',(-1.863047,-0.6875864,0.));
#1859=CARTESIAN_POINT('',(-1.913598,-0.5209976,0.5));
#1860=CARTESIAN_POINT('',(-1.913598,-0.5209976,0.));
#1861=CARTESIAN_POINT('',(-1.863047,-0.6875864,0.));
#1862=CARTESIAN_POINT('',(0.1590316,2.003019,0.5787402));
#1863=CARTESIAN_POINT('',(-0.009729087,2.000502,0.5787402));
#1864=CARTESIAN_POINT('',(0.1590316,2.003019,0.));
#1865=CARTESIAN_POINT('',(-0.009729087,2.000502,0.5787402));
#1866=CARTESIAN_POINT('',(-0.009729087,2.000502,0.));
#1867=CARTESIAN_POINT('',(0.1590316,2.003019,0.));
#1868=CARTESIAN_POINT('',(2.009851,0.8539327,0.5));
#1869=CARTESIAN_POINT('',(0.283506,-0.0003951082,0.5));
#1870=CARTESIAN_POINT('',(2.009851,0.8539327,0.));
#1871=CARTESIAN_POINT('',(0.283506,-0.0003951082,0.5));
#1872=CARTESIAN_POINT('',(0.283506,-0.0003951082,0.));
#1873=CARTESIAN_POINT('',(2.009851,0.8539327,0.));
#1874=CARTESIAN_POINT('',(-0.009729087,2.000502,0.5787402));
#1875=CARTESIAN_POINT('',(-0.1794823,1.983492,0.5787402));
#1876=CARTESIAN_POINT('',(-0.009729087,2.000502,0.));
#1877=CARTESIAN_POINT('',(-0.1794823,1.983492,0.5787402));
#1878=CARTESIAN_POINT('',(-0.1794823,1.983492,0.));
#1879=CARTESIAN_POINT('',(-0.009729087,2.000502,0.));
#1880=CARTESIAN_POINT('',(0.7246792,-0.001705045,0.5787402));
#1881=CARTESIAN_POINT('',(2.276691,-0.7812669,0.5787402));
#1882=CARTESIAN_POINT('',(0.7246792,-0.001705045,0.5));
#1883=CARTESIAN_POINT('',(2.276691,-0.7812669,0.5787402));
#1884=CARTESIAN_POINT('',(2.276691,-0.7812669,0.5));
#1885=CARTESIAN_POINT('',(0.7246792,-0.001705045,0.5));
#1886=CARTESIAN_POINT('',(-1.799173,-0.8483498,0.5));
#1887=CARTESIAN_POINT('',(-1.863047,-0.6875864,0.5));
#1888=CARTESIAN_POINT('',(-1.799173,-0.8483498,0.));
#1889=CARTESIAN_POINT('',(-1.863047,-0.6875864,0.5));
#1890=CARTESIAN_POINT('',(-1.863047,-0.6875864,0.));
#1891=CARTESIAN_POINT('',(-1.799173,-0.8483498,0.));
#1892=CARTESIAN_POINT('',(-1.133633,-1.915638,0.5787402));
#1893=CARTESIAN_POINT('',(-1.288282,-1.806314,0.5787402));
#1894=CARTESIAN_POINT('',(-1.133633,-1.915638,0.5));
#1895=CARTESIAN_POINT('',(-1.288282,-1.806314,0.5787402));
#1896=CARTESIAN_POINT('',(-1.288282,-1.806314,0.5));
#1897=CARTESIAN_POINT('',(-1.133633,-1.915638,0.5));
#1898=CARTESIAN_POINT('',(-0.1794823,1.983492,0.5787402));
#1899=CARTESIAN_POINT('',(-0.34943,1.951614,0.5787402));
#1900=CARTESIAN_POINT('',(-0.1794823,1.983492,0.));
#1901=CARTESIAN_POINT('',(-0.34943,1.951614,0.5787402));
#1902=CARTESIAN_POINT('',(-0.34943,1.951614,0.));
#1903=CARTESIAN_POINT('',(-0.1794823,1.983492,0.));
#1904=CARTESIAN_POINT('',(1.88476,1.08167,0.5));
#1905=CARTESIAN_POINT('',(2.009851,0.8539327,0.5));
#1906=CARTESIAN_POINT('',(1.88476,1.08167,0.));
#1907=CARTESIAN_POINT('',(2.009851,0.8539327,0.5));
#1908=CARTESIAN_POINT('',(2.009851,0.8539327,0.));
#1909=CARTESIAN_POINT('',(1.88476,1.08167,0.));
#1910=CARTESIAN_POINT('',(-0.34943,1.951614,0.5787402));
#1911=CARTESIAN_POINT('',(-0.516028,1.905315,0.5787402));
#1912=CARTESIAN_POINT('',(-0.34943,1.951614,0.));
#1913=CARTESIAN_POINT('',(-0.516028,1.905315,0.5787402));
#1914=CARTESIAN_POINT('',(-0.516028,1.905315,0.));
#1915=CARTESIAN_POINT('',(-0.34943,1.951614,0.));
#1916=CARTESIAN_POINT('',(-1.722548,-1.002563,0.5));
#1917=CARTESIAN_POINT('',(-1.799173,-0.8483498,0.5));
#1918=CARTESIAN_POINT('',(-1.722548,-1.002563,0.));
#1919=CARTESIAN_POINT('',(-1.799173,-0.8483498,0.5));
#1920=CARTESIAN_POINT('',(-1.799173,-0.8483498,0.));
#1921=CARTESIAN_POINT('',(-1.722548,-1.002563,0.));
#1922=CARTESIAN_POINT('',(-0.516028,1.905315,0.5787402));
#1923=CARTESIAN_POINT('',(-0.675897,1.845755,0.5787402));
#1924=CARTESIAN_POINT('',(-0.516028,1.905315,0.));
#1925=CARTESIAN_POINT('',(-0.675897,1.845755,0.5787402));
#1926=CARTESIAN_POINT('',(-0.675897,1.845755,0.));
#1927=CARTESIAN_POINT('',(-0.516028,1.905315,0.));
#1928=CARTESIAN_POINT('',(1.786365,1.229315,0.5));
#1929=CARTESIAN_POINT('',(1.88476,1.08167,0.5));
#1930=CARTESIAN_POINT('',(1.786365,1.229315,0.));
#1931=CARTESIAN_POINT('',(1.88476,1.08167,0.5));
#1932=CARTESIAN_POINT('',(1.88476,1.08167,0.));
#1933=CARTESIAN_POINT('',(1.786365,1.229315,0.));
#1934=CARTESIAN_POINT('',(-0.675897,1.845755,0.5787402));
#1935=CARTESIAN_POINT('',(-0.8284872,1.773625,0.5787402));
#1936=CARTESIAN_POINT('',(-0.675897,1.845755,0.));
#1937=CARTESIAN_POINT('',(-0.8284872,1.773625,0.5787402));
#1938=CARTESIAN_POINT('',(-0.8284872,1.773625,0.));
#1939=CARTESIAN_POINT('',(-0.675897,1.845755,0.));
#1940=CARTESIAN_POINT('',(2.281297,0.7686289,0.5787402));
#1941=CARTESIAN_POINT('',(0.7246792,-0.001705045,0.5787402));
#1942=CARTESIAN_POINT('',(2.281297,0.7686289,0.5));
#1943=CARTESIAN_POINT('',(0.7246792,-0.001705045,0.5787402));
#1944=CARTESIAN_POINT('',(0.7246792,-0.001705045,0.5));
#1945=CARTESIAN_POINT('',(2.281297,0.7686289,0.5));
#1946=CARTESIAN_POINT('',(-1.63374,-1.149508,0.5));
#1947=CARTESIAN_POINT('',(-1.722548,-1.002563,0.5));
#1948=CARTESIAN_POINT('',(-1.63374,-1.149508,0.));
#1949=CARTESIAN_POINT('',(-1.722548,-1.002563,0.5));
#1950=CARTESIAN_POINT('',(-1.722548,-1.002563,0.));
#1951=CARTESIAN_POINT('',(-1.63374,-1.149508,0.));
#1952=CARTESIAN_POINT('',(-0.9693381,-2.012295,0.5787402));
#1953=CARTESIAN_POINT('',(-1.133633,-1.915638,0.5787402));
#1954=CARTESIAN_POINT('',(-0.9693381,-2.012295,0.5));
#1955=CARTESIAN_POINT('',(-1.133633,-1.915638,0.5787402));
#1956=CARTESIAN_POINT('',(-1.133633,-1.915638,0.5));
#1957=CARTESIAN_POINT('',(-0.9693381,-2.012295,0.5));
#1958=CARTESIAN_POINT('',(-0.8284872,1.773625,0.5787402));
#1959=CARTESIAN_POINT('',(-0.9732484,1.689615,0.5787402));
#1960=CARTESIAN_POINT('',(-0.8284872,1.773625,0.));
#1961=CARTESIAN_POINT('',(-0.9732484,1.689615,0.5787402));
#1962=CARTESIAN_POINT('',(-0.9732484,1.689615,0.));
#1963=CARTESIAN_POINT('',(-0.8284872,1.773625,0.));
#1964=CARTESIAN_POINT('',(1.676966,1.366611,0.5));
#1965=CARTESIAN_POINT('',(1.786365,1.229315,0.5));
#1966=CARTESIAN_POINT('',(1.676966,1.366611,0.));
#1967=CARTESIAN_POINT('',(1.786365,1.229315,0.5));
#1968=CARTESIAN_POINT('',(1.786365,1.229315,0.));
#1969=CARTESIAN_POINT('',(1.676966,1.366611,0.));
#1970=CARTESIAN_POINT('',(-0.9732484,1.689615,0.5787402));
#1971=CARTESIAN_POINT('',(-1.109631,1.594415,0.5787402));
#1972=CARTESIAN_POINT('',(-0.9732484,1.689615,0.));
#1973=CARTESIAN_POINT('',(-1.109631,1.594415,0.5787402));
#1974=CARTESIAN_POINT('',(-1.109631,1.594415,0.));
#1975=CARTESIAN_POINT('',(-0.9732484,1.689615,0.));
#1976=CARTESIAN_POINT('',(-1.533316,-1.288469,0.5));
#1977=CARTESIAN_POINT('',(-1.63374,-1.149508,0.5));
#1978=CARTESIAN_POINT('',(-1.533316,-1.288469,0.));
#1979=CARTESIAN_POINT('',(-1.63374,-1.149508,0.5));
#1980=CARTESIAN_POINT('',(-1.63374,-1.149508,0.));
#1981=CARTESIAN_POINT('',(-1.533316,-1.288469,0.));
#1982=CARTESIAN_POINT('',(-1.109631,1.594415,0.5787402));
#1983=CARTESIAN_POINT('',(-1.237084,1.488715,0.5787402));
#1984=CARTESIAN_POINT('',(-1.109631,1.594415,0.));
#1985=CARTESIAN_POINT('',(-1.237084,1.488715,0.5787402));
#1986=CARTESIAN_POINT('',(-1.237084,1.488715,0.));
#1987=CARTESIAN_POINT('',(-1.109631,1.594415,0.));
#1988=CARTESIAN_POINT('',(2.05324,1.183825,0.5787402));
#1989=CARTESIAN_POINT('',(2.281297,0.7686289,0.5787402));
#1990=CARTESIAN_POINT('',(2.05324,1.183825,0.5));
#1991=CARTESIAN_POINT('',(2.281297,0.7686289,0.5787402));
#1992=CARTESIAN_POINT('',(2.281297,0.7686289,0.5));
#1993=CARTESIAN_POINT('',(2.05324,1.183825,0.5));
#1994=CARTESIAN_POINT('',(-1.421839,-1.41873,0.5));
#1995=CARTESIAN_POINT('',(-1.533316,-1.288469,0.5));
#1996=CARTESIAN_POINT('',(-1.421839,-1.41873,0.));
#1997=CARTESIAN_POINT('',(-1.533316,-1.288469,0.5));
#1998=CARTESIAN_POINT('',(-1.533316,-1.288469,0.));
#1999=CARTESIAN_POINT('',(-1.421839,-1.41873,0.));
#2000=CARTESIAN_POINT('',(-0.7960504,-2.095473,0.5787402));
#2001=CARTESIAN_POINT('',(-0.9693381,-2.012295,0.5787402));
#2002=CARTESIAN_POINT('',(-0.7960504,-2.095473,0.5));
#2003=CARTESIAN_POINT('',(-0.9693381,-2.012295,0.5787402));
#2004=CARTESIAN_POINT('',(-0.9693381,-2.012295,0.5));
#2005=CARTESIAN_POINT('',(-0.7960504,-2.095473,0.5));
#2006=CARTESIAN_POINT('',(-1.355059,1.373206,0.5787402));
#2007=CARTESIAN_POINT('',(-1.463004,1.248579,0.5787402));
#2008=CARTESIAN_POINT('',(-1.355059,1.373206,0.));
#2009=CARTESIAN_POINT('',(-1.463004,1.248579,0.5787402));
#2010=CARTESIAN_POINT('',(-1.463004,1.248579,0.));
#2011=CARTESIAN_POINT('',(-1.355059,1.373206,0.));
#2012=CARTESIAN_POINT('',(-1.299873,-1.539576,0.5));
#2013=CARTESIAN_POINT('',(-1.421839,-1.41873,0.5));
#2014=CARTESIAN_POINT('',(-1.299873,-1.539576,0.));
#2015=CARTESIAN_POINT('',(-1.421839,-1.41873,0.5));
#2016=CARTESIAN_POINT('',(-1.421839,-1.41873,0.));
#2017=CARTESIAN_POINT('',(-1.299873,-1.539576,0.));
#2018=CARTESIAN_POINT('',(-1.560372,1.115522,0.5787402));
#2019=CARTESIAN_POINT('',(-1.64661,0.9747266,0.5787402));
#2020=CARTESIAN_POINT('',(-1.560372,1.115522,0.));
#2021=CARTESIAN_POINT('',(-1.64661,0.9747266,0.5787402));
#2022=CARTESIAN_POINT('',(-1.64661,0.9747266,0.));
#2023=CARTESIAN_POINT('',(-1.560372,1.115522,0.));
#2024=CARTESIAN_POINT('',(1.945532,1.345443,0.5787402));
#2025=CARTESIAN_POINT('',(2.05324,1.183825,0.5787402));
#2026=CARTESIAN_POINT('',(1.945532,1.345443,0.5));
#2027=CARTESIAN_POINT('',(2.05324,1.183825,0.5787402));
#2028=CARTESIAN_POINT('',(2.05324,1.183825,0.5));
#2029=CARTESIAN_POINT('',(1.945532,1.345443,0.5));
#2030=CARTESIAN_POINT('',(-1.167979,-1.650288,0.5));
#2031=CARTESIAN_POINT('',(-1.299873,-1.539576,0.5));
#2032=CARTESIAN_POINT('',(-1.167979,-1.650288,0.));
#2033=CARTESIAN_POINT('',(-1.299873,-1.539576,0.5));
#2034=CARTESIAN_POINT('',(-1.299873,-1.539576,0.));
#2035=CARTESIAN_POINT('',(-1.167979,-1.650288,0.));
#2036=CARTESIAN_POINT('',(1.418932,-1.616088,0.5));
#2037=CARTESIAN_POINT('',(1.280941,-1.7191,0.5));
#2038=CARTESIAN_POINT('',(1.418932,-1.616088,0.));
#2039=CARTESIAN_POINT('',(1.280941,-1.7191,0.5));
#2040=CARTESIAN_POINT('',(1.280941,-1.7191,0.));
#2041=CARTESIAN_POINT('',(1.418932,-1.616088,0.));
#2042=CARTESIAN_POINT('',(1.235729,-1.653019,0.5787402));
#2043=CARTESIAN_POINT('',(1.368414,-1.553967,0.5787402));
#2044=CARTESIAN_POINT('',(1.235729,-1.653019,0.));
#2045=CARTESIAN_POINT('',(1.368414,-1.553967,0.5787402));
#2046=CARTESIAN_POINT('',(1.368414,-1.553967,0.));
#2047=CARTESIAN_POINT('',(1.235729,-1.653019,0.));
#2048=CARTESIAN_POINT('',(1.548502,-1.501474,0.5));
#2049=CARTESIAN_POINT('',(1.418932,-1.616088,0.5));
#2050=CARTESIAN_POINT('',(1.548502,-1.501474,0.));
#2051=CARTESIAN_POINT('',(1.418932,-1.616088,0.5));
#2052=CARTESIAN_POINT('',(1.418932,-1.616088,0.));
#2053=CARTESIAN_POINT('',(1.548502,-1.501474,0.));
#2054=CARTESIAN_POINT('',(1.066151,-2.067405,0.5787402));
#2055=CARTESIAN_POINT('',(0.8929442,-2.139529,0.5787402));
#2056=CARTESIAN_POINT('',(1.066151,-2.067405,0.5));
#2057=CARTESIAN_POINT('',(0.8929442,-2.139529,0.5787402));
#2058=CARTESIAN_POINT('',(0.8929442,-2.139529,0.5));
#2059=CARTESIAN_POINT('',(1.066151,-2.067405,0.5));
#2060=CARTESIAN_POINT('',(1.492992,-1.443769,0.5787402));
#2061=CARTESIAN_POINT('',(1.608662,-1.322798,0.5787402));
#2062=CARTESIAN_POINT('',(1.492992,-1.443769,0.));
#2063=CARTESIAN_POINT('',(1.608662,-1.322798,0.5787402));
#2064=CARTESIAN_POINT('',(1.608662,-1.322798,0.));
#2065=CARTESIAN_POINT('',(1.492992,-1.443769,0.));
#2066=CARTESIAN_POINT('',(1.668814,-1.375648,0.5));
#2067=CARTESIAN_POINT('',(1.548502,-1.501474,0.5));
#2068=CARTESIAN_POINT('',(1.668814,-1.375648,0.));
#2069=CARTESIAN_POINT('',(1.548502,-1.501474,0.5));
#2070=CARTESIAN_POINT('',(1.548502,-1.501474,0.));
#2071=CARTESIAN_POINT('',(1.668814,-1.375648,0.));
#2072=CARTESIAN_POINT('',(1.714623,-1.191426,0.5787402));
#2073=CARTESIAN_POINT('',(1.810077,-1.050025,0.5787402));
#2074=CARTESIAN_POINT('',(1.714623,-1.191426,0.));
#2075=CARTESIAN_POINT('',(1.810077,-1.050025,0.5787402));
#2076=CARTESIAN_POINT('',(1.810077,-1.050025,0.));
#2077=CARTESIAN_POINT('',(1.714623,-1.191426,0.));
#2078=CARTESIAN_POINT('',(0.3260017,1.991422,0.5787402));
#2079=CARTESIAN_POINT('',(0.1590316,2.003019,0.5787402));
#2080=CARTESIAN_POINT('',(0.3260017,1.991422,0.));
#2081=CARTESIAN_POINT('',(0.1590316,2.003019,0.5787402));
#2082=CARTESIAN_POINT('',(0.1590316,2.003019,0.));
#2083=CARTESIAN_POINT('',(0.3260017,1.991422,0.));
#2084=CARTESIAN_POINT('',(0.283506,-0.0003951082,0.5));
#2085=CARTESIAN_POINT('',(2.004741,-0.8649567,0.5));
#2086=CARTESIAN_POINT('',(0.283506,-0.0003951082,0.));
#2087=CARTESIAN_POINT('',(2.004741,-0.8649567,0.5));
#2088=CARTESIAN_POINT('',(2.004741,-0.8649567,0.));
#2089=CARTESIAN_POINT('',(0.283506,-0.0003951082,0.));
#2090=CARTESIAN_POINT('',(2.004741,-0.8649567,0.5));
#2091=CARTESIAN_POINT('',(1.878299,-1.091947,0.5));
#2092=CARTESIAN_POINT('',(2.004741,-0.8649567,0.));
#2093=CARTESIAN_POINT('',(1.878299,-1.091947,0.5));
#2094=CARTESIAN_POINT('',(1.878299,-1.091947,0.));
#2095=CARTESIAN_POINT('',(2.004741,-0.8649567,0.));
#2096=CARTESIAN_POINT('',(1.878299,-1.091947,0.5));
#2097=CARTESIAN_POINT('',(1.779027,-1.239004,0.5));
#2098=CARTESIAN_POINT('',(1.878299,-1.091947,0.));
#2099=CARTESIAN_POINT('',(1.779027,-1.239004,0.5));
#2100=CARTESIAN_POINT('',(1.779027,-1.239004,0.));
#2101=CARTESIAN_POINT('',(1.878299,-1.091947,0.));
#2102=CARTESIAN_POINT('',(1.779027,-1.239004,0.5));
#2103=CARTESIAN_POINT('',(1.668814,-1.375648,0.5));
#2104=CARTESIAN_POINT('',(1.779027,-1.239004,0.));
#2105=CARTESIAN_POINT('',(1.668814,-1.375648,0.5));
#2106=CARTESIAN_POINT('',(1.668814,-1.375648,0.));
#2107=CARTESIAN_POINT('',(1.779027,-1.239004,0.));
#2108=CARTESIAN_POINT('',(-1.858923,0.6995612,0.5));
#2109=CARTESIAN_POINT('',(-1.794095,0.8599419,0.5));
#2110=CARTESIAN_POINT('',(-1.858923,0.6995612,0.));
#2111=CARTESIAN_POINT('',(-1.794095,0.8599419,0.5));
#2112=CARTESIAN_POINT('',(-1.794095,0.8599419,0.));
#2113=CARTESIAN_POINT('',(-1.858923,0.6995612,0.));
#2114=CARTESIAN_POINT('',(-1.794095,0.8599419,0.5));
#2115=CARTESIAN_POINT('',(-1.716554,1.013697,0.5));
#2116=CARTESIAN_POINT('',(-1.794095,0.8599419,0.));
#2117=CARTESIAN_POINT('',(-1.716554,1.013697,0.5));
#2118=CARTESIAN_POINT('',(-1.716554,1.013697,0.));
#2119=CARTESIAN_POINT('',(-1.794095,0.8599419,0.));
#2120=CARTESIAN_POINT('',(-1.716554,1.013697,0.5));
#2121=CARTESIAN_POINT('',(-1.626874,1.160111,0.5));
#2122=CARTESIAN_POINT('',(-1.716554,1.013697,0.));
#2123=CARTESIAN_POINT('',(-1.626874,1.160111,0.5));
#2124=CARTESIAN_POINT('',(-1.626874,1.160111,0.));
#2125=CARTESIAN_POINT('',(-1.716554,1.013697,0.));
#2126=CARTESIAN_POINT('',(-1.626874,1.160111,0.5));
#2127=CARTESIAN_POINT('',(-1.525625,1.298472,0.5));
#2128=CARTESIAN_POINT('',(-1.626874,1.160111,0.));
#2129=CARTESIAN_POINT('',(-1.525625,1.298472,0.5));
#2130=CARTESIAN_POINT('',(-1.525625,1.298472,0.));
#2131=CARTESIAN_POINT('',(-1.626874,1.160111,0.));
#2132=CARTESIAN_POINT('',(1.810077,-1.050025,0.5787402));
#2133=CARTESIAN_POINT('',(1.894221,-0.8989682,0.5787402));
#2134=CARTESIAN_POINT('',(1.810077,-1.050025,0.));
#2135=CARTESIAN_POINT('',(1.894221,-0.8989682,0.5787402));
#2136=CARTESIAN_POINT('',(1.894221,-0.8989682,0.));
#2137=CARTESIAN_POINT('',(1.810077,-1.050025,0.));
#2138=CARTESIAN_POINT('',(-1.525625,1.298472,0.5));
#2139=CARTESIAN_POINT('',(-1.413377,1.428069,0.5));
#2140=CARTESIAN_POINT('',(-1.525625,1.298472,0.));
#2141=CARTESIAN_POINT('',(-1.413377,1.428069,0.5));
#2142=CARTESIAN_POINT('',(-1.413377,1.428069,0.));
#2143=CARTESIAN_POINT('',(-1.525625,1.298472,0.));
#2144=CARTESIAN_POINT('',(1.608662,-1.322798,0.5787402));
#2145=CARTESIAN_POINT('',(1.714623,-1.191426,0.5787402));
#2146=CARTESIAN_POINT('',(1.608662,-1.322798,0.));
#2147=CARTESIAN_POINT('',(1.714623,-1.191426,0.5787402));
#2148=CARTESIAN_POINT('',(1.714623,-1.191426,0.));
#2149=CARTESIAN_POINT('',(1.608662,-1.322798,0.));
#2150=CARTESIAN_POINT('',(-1.413377,1.428069,0.5));
#2151=CARTESIAN_POINT('',(-1.290694,1.548187,0.5));
#2152=CARTESIAN_POINT('',(-1.413377,1.428069,0.));
#2153=CARTESIAN_POINT('',(-1.290694,1.548187,0.5));
#2154=CARTESIAN_POINT('',(-1.290694,1.548187,0.));
#2155=CARTESIAN_POINT('',(-1.413377,1.428069,0.));
#2156=CARTESIAN_POINT('',(0.8929442,-2.139529,0.5787402));
#2157=CARTESIAN_POINT('',(0.7141292,-2.197282,0.5787402));
#2158=CARTESIAN_POINT('',(0.8929442,-2.139529,0.5));
#2159=CARTESIAN_POINT('',(0.7141292,-2.197282,0.5787402));
#2160=CARTESIAN_POINT('',(0.7141292,-2.197282,0.5));
#2161=CARTESIAN_POINT('',(0.8929442,-2.139529,0.5));
#2162=CARTESIAN_POINT('',(1.368414,-1.553967,0.5787402));
#2163=CARTESIAN_POINT('',(1.492992,-1.443769,0.5787402));
#2164=CARTESIAN_POINT('',(1.368414,-1.553967,0.));
#2165=CARTESIAN_POINT('',(1.492992,-1.443769,0.5787402));
#2166=CARTESIAN_POINT('',(1.492992,-1.443769,0.));
#2167=CARTESIAN_POINT('',(1.368414,-1.553967,0.));
#2168=CARTESIAN_POINT('',(-1.290694,1.548187,0.5));
#2169=CARTESIAN_POINT('',(-1.158144,1.658114,0.5));
#2170=CARTESIAN_POINT('',(-1.290694,1.548187,0.));
#2171=CARTESIAN_POINT('',(-1.158144,1.658114,0.5));
#2172=CARTESIAN_POINT('',(-1.158144,1.658114,0.));
#2173=CARTESIAN_POINT('',(-1.290694,1.548187,0.));
#2174=CARTESIAN_POINT('',(1.095735,-1.740553,0.5787402));
#2175=CARTESIAN_POINT('',(1.235729,-1.653019,0.5787402));
#2176=CARTESIAN_POINT('',(1.095735,-1.740553,0.));
#2177=CARTESIAN_POINT('',(1.235729,-1.653019,0.5787402));
#2178=CARTESIAN_POINT('',(1.235729,-1.653019,0.));
#2179=CARTESIAN_POINT('',(1.095735,-1.740553,0.));
#2180=CARTESIAN_POINT('',(-1.158144,1.658114,0.5));
#2181=CARTESIAN_POINT('',(-1.016296,1.757129,0.5));
#2182=CARTESIAN_POINT('',(-1.158144,1.658114,0.));
#2183=CARTESIAN_POINT('',(-1.016296,1.757129,0.5));
#2184=CARTESIAN_POINT('',(-1.016296,1.757129,0.));
#2185=CARTESIAN_POINT('',(-1.158144,1.658114,0.));
#2186=CARTESIAN_POINT('',(0.7141292,-2.197282,0.5787402));
#2187=CARTESIAN_POINT('',(0.5305969,-2.240241,0.5787402));
#2188=CARTESIAN_POINT('',(0.7141292,-2.197282,0.5));
#2189=CARTESIAN_POINT('',(0.5305969,-2.240241,0.5787402));
#2190=CARTESIAN_POINT('',(0.5305969,-2.240241,0.5));
#2191=CARTESIAN_POINT('',(0.7141292,-2.197282,0.5));
#2192=CARTESIAN_POINT('',(0.7970261,-1.879576,0.5787402));
#2193=CARTESIAN_POINT('',(0.9492343,-1.816196,0.5787402));
#2194=CARTESIAN_POINT('',(0.7970261,-1.879576,0.));
#2195=CARTESIAN_POINT('',(0.9492343,-1.816196,0.5787402));
#2196=CARTESIAN_POINT('',(0.9492343,-1.816196,0.));
#2197=CARTESIAN_POINT('',(0.7970261,-1.879576,0.));
#2198=CARTESIAN_POINT('',(-1.016296,1.757129,0.5));
#2199=CARTESIAN_POINT('',(-0.8657251,1.84451,0.5));
#2200=CARTESIAN_POINT('',(-1.016296,1.757129,0.));
#2201=CARTESIAN_POINT('',(-0.8657251,1.84451,0.5));
#2202=CARTESIAN_POINT('',(-0.8657251,1.84451,0.));
#2203=CARTESIAN_POINT('',(-1.016296,1.757129,0.));
#2204=CARTESIAN_POINT('',(0.478688,-1.968058,0.5787402));
#2205=CARTESIAN_POINT('',(0.6399105,-1.930321,0.5787402));
#2206=CARTESIAN_POINT('',(0.478688,-1.968058,0.));
#2207=CARTESIAN_POINT('',(0.6399105,-1.930321,0.5787402));
#2208=CARTESIAN_POINT('',(0.6399105,-1.930321,0.));
#2209=CARTESIAN_POINT('',(0.478688,-1.968058,0.));
#2210=CARTESIAN_POINT('',(-0.8657251,1.84451,0.5));
#2211=CARTESIAN_POINT('',(-0.7070121,1.919535,0.5));
#2212=CARTESIAN_POINT('',(-0.8657251,1.84451,0.));
#2213=CARTESIAN_POINT('',(-0.7070121,1.919535,0.5));
#2214=CARTESIAN_POINT('',(-0.7070121,1.919535,0.));
#2215=CARTESIAN_POINT('',(-0.8657251,1.84451,0.));
#2216=CARTESIAN_POINT('',(-0.02162026,-1.999498,0.5787402));
#2217=CARTESIAN_POINT('',(0.1471224,-2.003019,0.5787402));
#2218=CARTESIAN_POINT('',(-0.02162026,-1.999498,0.));
#2219=CARTESIAN_POINT('',(0.1471224,-2.003019,0.5787402));
#2220=CARTESIAN_POINT('',(0.1471224,-2.003019,0.));
#2221=CARTESIAN_POINT('',(-0.02162026,-1.999498,0.));
#2222=CARTESIAN_POINT('',(-0.7070121,1.919535,0.5));
#2223=CARTESIAN_POINT('',(-0.5407481,1.981477,0.5));
#2224=CARTESIAN_POINT('',(-0.7070121,1.919535,0.));
#2225=CARTESIAN_POINT('',(-0.5407481,1.981477,0.5));
#2226=CARTESIAN_POINT('',(-0.5407481,1.981477,0.));
#2227=CARTESIAN_POINT('',(-0.7070121,1.919535,0.));
#2228=CARTESIAN_POINT('',(-0.3610246,-1.948592,0.5787402));
#2229=CARTESIAN_POINT('',(-0.1912693,-1.98148,0.5787402));
#2230=CARTESIAN_POINT('',(-0.3610246,-1.948592,0.));
#2231=CARTESIAN_POINT('',(-0.1912693,-1.98148,0.5787402));
#2232=CARTESIAN_POINT('',(-0.1912693,-1.98148,0.));
#2233=CARTESIAN_POINT('',(-0.3610246,-1.948592,0.));
#2234=CARTESIAN_POINT('',(-0.5407481,1.981477,0.5));
#2235=CARTESIAN_POINT('',(-0.3675481,2.029611,0.5));
#2236=CARTESIAN_POINT('',(-0.5407481,1.981477,0.));
#2237=CARTESIAN_POINT('',(-0.3675481,2.029611,0.5));
#2238=CARTESIAN_POINT('',(-0.3675481,2.029611,0.));
#2239=CARTESIAN_POINT('',(-0.5407481,1.981477,0.));
#2240=CARTESIAN_POINT('',(-0.6868564,-1.840794,0.5787402));
#2241=CARTESIAN_POINT('',(-0.5273443,-1.901303,0.5787402));
#2242=CARTESIAN_POINT('',(-0.6868564,-1.840794,0.));
#2243=CARTESIAN_POINT('',(-0.5273443,-1.901303,0.5787402));
#2244=CARTESIAN_POINT('',(-0.5273443,-1.901303,0.));
#2245=CARTESIAN_POINT('',(-0.6868564,-1.840794,0.));
#2246=CARTESIAN_POINT('',(-0.3675481,2.029611,0.5));
#2247=CARTESIAN_POINT('',(-0.1908656,2.062752,0.5));
#2248=CARTESIAN_POINT('',(-0.3675481,2.029611,0.));
#2249=CARTESIAN_POINT('',(-0.1908656,2.062752,0.5));
#2250=CARTESIAN_POINT('',(-0.1908656,2.062752,0.));
#2251=CARTESIAN_POINT('',(-0.3675481,2.029611,0.));
#2252=CARTESIAN_POINT('',(-0.9832741,-1.682889,0.5787402));
#2253=CARTESIAN_POINT('',(-0.8390149,-1.767758,0.5787402));
#2254=CARTESIAN_POINT('',(-0.9832741,-1.682889,0.));
#2255=CARTESIAN_POINT('',(-0.8390149,-1.767758,0.5787402));
#2256=CARTESIAN_POINT('',(-0.8390149,-1.767758,0.));
#2257=CARTESIAN_POINT('',(-0.9832741,-1.682889,0.));
#2258=CARTESIAN_POINT('',(-0.1908656,2.062752,0.5));
#2259=CARTESIAN_POINT('',(-0.01432206,2.080442,0.5));
#2260=CARTESIAN_POINT('',(-0.1908656,2.062752,0.));
#2261=CARTESIAN_POINT('',(-0.01432206,2.080442,0.5));
#2262=CARTESIAN_POINT('',(-0.01432206,2.080442,0.));
#2263=CARTESIAN_POINT('',(-0.1908656,2.062752,0.));
#2264=CARTESIAN_POINT('',(-1.245911,-1.480424,0.5787402));
#2265=CARTESIAN_POINT('',(-1.119088,-1.586879,0.5787402));
#2266=CARTESIAN_POINT('',(-1.245911,-1.480424,0.));
#2267=CARTESIAN_POINT('',(-1.119088,-1.586879,0.5787402));
#2268=CARTESIAN_POINT('',(-1.119088,-1.586879,0.));
#2269=CARTESIAN_POINT('',(-1.245911,-1.480424,0.));
#2270=CARTESIAN_POINT('',(-0.01432206,2.080442,0.5));
#2271=CARTESIAN_POINT('',(0.1612103,2.083061,0.5));
#2272=CARTESIAN_POINT('',(-0.01432206,2.080442,0.));
#2273=CARTESIAN_POINT('',(0.1612103,2.083061,0.5));
#2274=CARTESIAN_POINT('',(0.1612103,2.083061,0.));
#2275=CARTESIAN_POINT('',(-0.01432206,2.080442,0.));
#2276=CARTESIAN_POINT('',(-1.470399,-1.238948,0.5787402));
#2277=CARTESIAN_POINT('',(-1.363196,-1.364215,0.5787402));
#2278=CARTESIAN_POINT('',(-1.470399,-1.238948,0.));
#2279=CARTESIAN_POINT('',(-1.363196,-1.364215,0.5787402));
#2280=CARTESIAN_POINT('',(-1.363196,-1.364215,0.));
#2281=CARTESIAN_POINT('',(-1.470399,-1.238948,0.));
#2282=CARTESIAN_POINT('',(0.1612103,2.083061,0.5));
#2283=CARTESIAN_POINT('',(0.3348816,2.070998,0.5));
#2284=CARTESIAN_POINT('',(0.1612103,2.083061,0.));
#2285=CARTESIAN_POINT('',(0.3348816,2.070998,0.5));
#2286=CARTESIAN_POINT('',(0.3348816,2.070998,0.));
#2287=CARTESIAN_POINT('',(0.1612103,2.083061,0.));
#2288=CARTESIAN_POINT('',(-1.652373,-0.9640092,0.5787402));
#2289=CARTESIAN_POINT('',(-1.566974,-1.105315,0.5787402));
#2290=CARTESIAN_POINT('',(-1.652373,-0.9640092,0.));
#2291=CARTESIAN_POINT('',(-1.566974,-1.105315,0.5787402));
#2292=CARTESIAN_POINT('',(-1.566974,-1.105315,0.));
#2293=CARTESIAN_POINT('',(-1.652373,-0.9640092,0.));
#2294=CARTESIAN_POINT('',(0.3348816,2.070998,0.5));
#2295=CARTESIAN_POINT('',(0.5058506,2.044648,0.5));
#2296=CARTESIAN_POINT('',(0.3348816,2.070998,0.));
#2297=CARTESIAN_POINT('',(0.5058506,2.044648,0.5));
#2298=CARTESIAN_POINT('',(0.5058506,2.044648,0.));
#2299=CARTESIAN_POINT('',(0.3348816,2.070998,0.));
#2300=CARTESIAN_POINT('',(-1.787465,-0.6611558,0.5787402));
#2301=CARTESIAN_POINT('',(-1.726052,-0.815725,0.5787402));
#2302=CARTESIAN_POINT('',(-1.787465,-0.6611558,0.));
#2303=CARTESIAN_POINT('',(-1.726052,-0.815725,0.5787402));
#2304=CARTESIAN_POINT('',(-1.726052,-0.815725,0.));
#2305=CARTESIAN_POINT('',(-1.787465,-0.6611558,0.));
#2306=CARTESIAN_POINT('',(0.5058506,2.044648,0.5));
#2307=CARTESIAN_POINT('',(0.6732836,2.004406,0.5));
#2308=CARTESIAN_POINT('',(0.5058506,2.044648,0.));
#2309=CARTESIAN_POINT('',(0.6732836,2.004406,0.5));
#2310=CARTESIAN_POINT('',(0.6732836,2.004406,0.));
#2311=CARTESIAN_POINT('',(0.5058506,2.044648,0.));
#2312=CARTESIAN_POINT('',(-1.871308,-0.335936,0.5787402));
#2313=CARTESIAN_POINT('',(-1.836066,-0.5009949,0.5787402));
#2314=CARTESIAN_POINT('',(-1.871308,-0.335936,0.));
#2315=CARTESIAN_POINT('',(-1.836066,-0.5009949,0.5787402));
#2316=CARTESIAN_POINT('',(-1.836066,-0.5009949,0.));
#2317=CARTESIAN_POINT('',(-1.871308,-0.335936,0.));
#2318=CARTESIAN_POINT('',(0.6732836,2.004406,0.5));
#2319=CARTESIAN_POINT('',(0.8363528,1.950666,0.5));
#2320=CARTESIAN_POINT('',(0.6732836,2.004406,0.));
#2321=CARTESIAN_POINT('',(0.8363528,1.950666,0.5));
#2322=CARTESIAN_POINT('',(0.8363528,1.950666,0.));
#2323=CARTESIAN_POINT('',(0.6732836,2.004406,0.));
#2324=CARTESIAN_POINT('',(-1.899535,0.006102004,0.5787402));
#2325=CARTESIAN_POINT('',(-1.892647,-0.1666725,0.5787402));
#2326=CARTESIAN_POINT('',(-1.899535,0.006102004,0.));
#2327=CARTESIAN_POINT('',(-1.892647,-0.1666725,0.5787402));
#2328=CARTESIAN_POINT('',(-1.892647,-0.1666725,0.));
#2329=CARTESIAN_POINT('',(-1.899535,0.006102004,0.));
#2330=CARTESIAN_POINT('',(0.8363528,1.950666,0.5));
#2331=CARTESIAN_POINT('',(0.9942342,1.883819,0.5));
#2332=CARTESIAN_POINT('',(0.8363528,1.950666,0.));
#2333=CARTESIAN_POINT('',(0.9942342,1.883819,0.5));
#2334=CARTESIAN_POINT('',(0.9942342,1.883819,0.));
#2335=CARTESIAN_POINT('',(0.8363528,1.950666,0.));
#2336=CARTESIAN_POINT('',(-1.869275,0.3479661,0.5787402));
#2337=CARTESIAN_POINT('',(-1.891619,0.1788325,0.5787402));
#2338=CARTESIAN_POINT('',(-1.869275,0.3479661,0.));
#2339=CARTESIAN_POINT('',(-1.891619,0.1788325,0.5787402));
#2340=CARTESIAN_POINT('',(-1.891619,0.1788325,0.));
#2341=CARTESIAN_POINT('',(-1.869275,0.3479661,0.));
#2342=CARTESIAN_POINT('',(0.9942342,1.883819,0.5));
#2343=CARTESIAN_POINT('',(1.146105,1.804256,0.5));
#2344=CARTESIAN_POINT('',(0.9942342,1.883819,0.));
#2345=CARTESIAN_POINT('',(1.146105,1.804256,0.5));
#2346=CARTESIAN_POINT('',(1.146105,1.804256,0.));
#2347=CARTESIAN_POINT('',(0.9942342,1.883819,0.));
#2348=CARTESIAN_POINT('',(-1.7835,0.6726817,0.5787402));
#2349=CARTESIAN_POINT('',(-1.833052,0.5128126,0.5787402));
#2350=CARTESIAN_POINT('',(-1.7835,0.6726817,0.));
#2351=CARTESIAN_POINT('',(-1.833052,0.5128126,0.5787402));
#2352=CARTESIAN_POINT('',(-1.833052,0.5128126,0.));
#2353=CARTESIAN_POINT('',(-1.7835,0.6726817,0.));
#2354=CARTESIAN_POINT('',(1.146105,1.804256,0.5));
#2355=CARTESIAN_POINT('',(1.291142,1.712364,0.5));
#2356=CARTESIAN_POINT('',(1.146105,1.804256,0.));
#2357=CARTESIAN_POINT('',(1.291142,1.712364,0.5));
#2358=CARTESIAN_POINT('',(1.291142,1.712364,0.));
#2359=CARTESIAN_POINT('',(1.146105,1.804256,0.));
#2360=CARTESIAN_POINT('',(-1.64661,0.9747266,0.5787402));
#2361=CARTESIAN_POINT('',(-1.721169,0.8268831,0.5787402));
#2362=CARTESIAN_POINT('',(-1.64661,0.9747266,0.));
#2363=CARTESIAN_POINT('',(-1.721169,0.8268831,0.5787402));
#2364=CARTESIAN_POINT('',(-1.721169,0.8268831,0.));
#2365=CARTESIAN_POINT('',(-1.64661,0.9747266,0.));
#2366=CARTESIAN_POINT('',(1.291142,1.712364,0.5));
#2367=CARTESIAN_POINT('',(1.428518,1.608533,0.5));
#2368=CARTESIAN_POINT('',(1.291142,1.712364,0.));
#2369=CARTESIAN_POINT('',(1.428518,1.608533,0.5));
#2370=CARTESIAN_POINT('',(1.428518,1.608533,0.));
#2371=CARTESIAN_POINT('',(1.291142,1.712364,0.));
#2372=CARTESIAN_POINT('',(-1.463004,1.248579,0.5787402));
#2373=CARTESIAN_POINT('',(-1.560372,1.115522,0.5787402));
#2374=CARTESIAN_POINT('',(-1.463004,1.248579,0.));
#2375=CARTESIAN_POINT('',(-1.560372,1.115522,0.5787402));
#2376=CARTESIAN_POINT('',(-1.560372,1.115522,0.));
#2377=CARTESIAN_POINT('',(-1.463004,1.248579,0.));
#2378=CARTESIAN_POINT('',(1.428518,1.608533,0.5));
#2379=CARTESIAN_POINT('',(1.557404,1.493151,0.5));
#2380=CARTESIAN_POINT('',(1.428518,1.608533,0.));
#2381=CARTESIAN_POINT('',(1.557404,1.493151,0.5));
#2382=CARTESIAN_POINT('',(1.557404,1.493151,0.));
#2383=CARTESIAN_POINT('',(1.428518,1.608533,0.));
#2384=CARTESIAN_POINT('',(-1.237084,1.488715,0.5787402));
#2385=CARTESIAN_POINT('',(-1.355059,1.373206,0.5787402));
#2386=CARTESIAN_POINT('',(-1.237084,1.488715,0.));
#2387=CARTESIAN_POINT('',(-1.355059,1.373206,0.5787402));
#2388=CARTESIAN_POINT('',(-1.355059,1.373206,0.));
#2389=CARTESIAN_POINT('',(-1.237084,1.488715,0.));
#2390=CARTESIAN_POINT('',(1.557404,1.493151,0.5));
#2391=CARTESIAN_POINT('',(1.676966,1.366611,0.5));
#2392=CARTESIAN_POINT('',(1.557404,1.493151,0.));
#2393=CARTESIAN_POINT('',(1.676966,1.366611,0.5));
#2394=CARTESIAN_POINT('',(1.676966,1.366611,0.));
#2395=CARTESIAN_POINT('',(1.557404,1.493151,0.));
#2396=DIRECTION('',(0.3898915,0.9208608,0.));
#3188=AXIS2_PLACEMENT_3D('',#20,#2396,$);
#3980=PLANE('',#3188);
#4772=POLY_LOOP('',(#20,#21,#22));
#5564=FACE_OUTER_BOUND('',#4772,.T.);
#6356=FACE_SURFACE('',(#5564),#3980,.T.);
#2397=DIRECTION('',(0.3898915,0.9208608,0.));
#3189=AXIS2_PLACEMENT_3D('',#23,#2397,$);
#3981=PLANE('',#3189);
#4773=POLY_LOOP('',(#23,#24,#25));
#5565=FACE_OUTER_BOUND('',#4773,.T.);
#6357=FACE_SURFACE('',(#5565),#3981,.T.);
#2398=DIRECTION('',(0.3129978,0.9497538,0.));
#3190=AXIS2_PLACEMENT_3D('',#26,#2398,$);
#3982=PLANE('',#3190);
#4774=POLY_LOOP('',(#26,#27,#28));
#5566=FACE_OUTER_BOUND('',#4774,.T.);
#6358=FACE_SURFACE('',(#5566),#3982,.T.);
#2399=DIRECTION('',(0.3129978,0.9497538,0.));
#3191=AXIS2_PLACEMENT_3D('',#29,#2399,$);
#3983=PLANE('',#3191);
#4775=POLY_LOOP('',(#29,#30,#31));
#5567=FACE_OUTER_BOUND('',#4775,.T.);
#6359=FACE_SURFACE('',(#5567),#3983,.T.);
#2400=DIRECTION('',(0.2336931,0.9723104,0.));
#3192=AXIS2_PLACEMENT_3D('',#32,#2400,$);
#3984=PLANE('',#3192);
#4776=POLY_LOOP('',(#32,#33,#34));
#5568=FACE_OUTER_BOUND('',#4776,.T.);
#6360=FACE_SURFACE('',(#5568),#3984,.T.);
#2401=DIRECTION('',(0.2336931,0.9723104,0.));
#3193=AXIS2_PLACEMENT_3D('',#35,#2401,$);
#3985=PLANE('',#3193);
#4777=POLY_LOOP('',(#35,#36,#37));
#5569=FACE_OUTER_BOUND('',#4777,.T.);
#6361=FACE_SURFACE('',(#5569),#3985,.T.);
#2402=DIRECTION('',(0.1523221,0.9883309,0.));
#3194=AXIS2_PLACEMENT_3D('',#38,#2402,$);
#3986=PLANE('',#3194);
#4778=POLY_LOOP('',(#38,#39,#40));
#5570=FACE_OUTER_BOUND('',#4778,.T.);
#6362=FACE_SURFACE('',(#5570),#3986,.T.);
#2403=DIRECTION('',(0.1523221,0.9883309,0.));
#3195=AXIS2_PLACEMENT_3D('',#41,#2403,$);
#3987=PLANE('',#3195);
#4779=POLY_LOOP('',(#41,#42,#43));
#5571=FACE_OUTER_BOUND('',#4779,.T.);
#6363=FACE_SURFACE('',(#5571),#3987,.T.);
#2404=DIRECTION('',(0.06928853,0.9975967,0.));
#3196=AXIS2_PLACEMENT_3D('',#44,#2404,$);
#3988=PLANE('',#3196);
#4780=POLY_LOOP('',(#44,#45,#46));
#5572=FACE_OUTER_BOUND('',#4780,.T.);
#6364=FACE_SURFACE('',(#5572),#3988,.T.);
#2405=DIRECTION('',(0.06928853,0.9975967,0.));
#3197=AXIS2_PLACEMENT_3D('',#47,#2405,$);
#3989=PLANE('',#3197);
#4781=POLY_LOOP('',(#47,#48,#49));
#5573=FACE_OUTER_BOUND('',#4781,.T.);
#6365=FACE_SURFACE('',(#5573),#3989,.T.);
#2406=DIRECTION('',(-0.01491662,0.9998887,0.));
#3198=AXIS2_PLACEMENT_3D('',#50,#2406,$);
#3990=PLANE('',#3198);
#4782=POLY_LOOP('',(#50,#51,#52));
#5574=FACE_OUTER_BOUND('',#4782,.T.);
#6366=FACE_SURFACE('',(#5574),#3990,.T.);
#2407=DIRECTION('',(-0.01491662,0.9998887,0.));
#3199=AXIS2_PLACEMENT_3D('',#53,#2407,$);
#3991=PLANE('',#3199);
#4783=POLY_LOOP('',(#53,#54,#55));
#5575=FACE_OUTER_BOUND('',#4783,.T.);
#6367=FACE_SURFACE('',(#5575),#3991,.T.);
#2408=DIRECTION('',(-0.09970086,0.9950175,0.));
#3200=AXIS2_PLACEMENT_3D('',#56,#2408,$);
#3992=PLANE('',#3200);
#4784=POLY_LOOP('',(#56,#57,#58));
#5576=FACE_OUTER_BOUND('',#4784,.T.);
#6368=FACE_SURFACE('',(#5576),#3992,.T.);
#2409=DIRECTION('',(-0.09970086,0.9950175,0.));
#3201=AXIS2_PLACEMENT_3D('',#59,#2409,$);
#3993=PLANE('',#3201);
#4785=POLY_LOOP('',(#59,#60,#61));
#5577=FACE_OUTER_BOUND('',#4785,.T.);
#6369=FACE_SURFACE('',(#5577),#3993,.T.);
#2410=DIRECTION('',(-0.1843619,0.9828584,0.));
#3202=AXIS2_PLACEMENT_3D('',#62,#2410,$);
#3994=PLANE('',#3202);
#4786=POLY_LOOP('',(#62,#63,#64));
#5578=FACE_OUTER_BOUND('',#4786,.T.);
#6370=FACE_SURFACE('',(#5578),#3994,.T.);
#2411=DIRECTION('',(-0.1843619,0.9828584,0.));
#3203=AXIS2_PLACEMENT_3D('',#65,#2411,$);
#3995=PLANE('',#3203);
#4787=POLY_LOOP('',(#65,#66,#67));
#5579=FACE_OUTER_BOUND('',#4787,.T.);
#6371=FACE_SURFACE('',(#5579),#3995,.T.);
#2412=DIRECTION('',(-0.2677603,0.9634856,0.));
#3204=AXIS2_PLACEMENT_3D('',#68,#2412,$);
#3996=PLANE('',#3204);
#4788=POLY_LOOP('',(#68,#69,#70));
#5580=FACE_OUTER_BOUND('',#4788,.T.);
#6372=FACE_SURFACE('',(#5580),#3996,.T.);
#2413=DIRECTION('',(-0.2677603,0.9634856,0.));
#3205=AXIS2_PLACEMENT_3D('',#71,#2413,$);
#3997=PLANE('',#3205);
#4789=POLY_LOOP('',(#71,#72,#73));
#5581=FACE_OUTER_BOUND('',#4789,.T.);
#6373=FACE_SURFACE('',(#5581),#3997,.T.);
#2414=DIRECTION('',(-0.3491124,0.9370809,0.));
#3206=AXIS2_PLACEMENT_3D('',#74,#2414,$);
#3998=PLANE('',#3206);
#4790=POLY_LOOP('',(#74,#75,#76));
#5582=FACE_OUTER_BOUND('',#4790,.T.);
#6374=FACE_SURFACE('',(#5582),#3998,.T.);
#2415=DIRECTION('',(-0.3491124,0.9370809,0.));
#3207=AXIS2_PLACEMENT_3D('',#77,#2415,$);
#3999=PLANE('',#3207);
#4791=POLY_LOOP('',(#77,#78,#79));
#5583=FACE_OUTER_BOUND('',#4791,.T.);
#6375=FACE_SURFACE('',(#5583),#3999,.T.);
#2416=DIRECTION('',(-0.4273626,0.9040803,0.));
#3208=AXIS2_PLACEMENT_3D('',#80,#2416,$);
#4000=PLANE('',#3208);
#4792=POLY_LOOP('',(#80,#81,#82));
#5584=FACE_OUTER_BOUND('',#4792,.T.);
#6376=FACE_SURFACE('',(#5584),#4000,.T.);
#2417=DIRECTION('',(-0.4273626,0.9040803,0.));
#3209=AXIS2_PLACEMENT_3D('',#83,#2417,$);
#4001=PLANE('',#3209);
#4793=POLY_LOOP('',(#83,#84,#85));
#5585=FACE_OUTER_BOUND('',#4793,.T.);
#6377=FACE_SURFACE('',(#5585),#4001,.T.);
#2418=DIRECTION('',(-0.5019361,0.8649047,0.));
#3210=AXIS2_PLACEMENT_3D('',#86,#2418,$);
#4002=PLANE('',#3210);
#4794=POLY_LOOP('',(#86,#87,#88));
#5586=FACE_OUTER_BOUND('',#4794,.T.);
#6378=FACE_SURFACE('',(#5586),#4002,.T.);
#2419=DIRECTION('',(-0.5019361,0.8649047,0.));
#3211=AXIS2_PLACEMENT_3D('',#89,#2419,$);
#4003=PLANE('',#3211);
#4795=POLY_LOOP('',(#89,#90,#91));
#5587=FACE_OUTER_BOUND('',#4795,.T.);
#6379=FACE_SURFACE('',(#5587),#4003,.T.);
#2420=DIRECTION('',(-0.572382,0.8199871,0.));
#3212=AXIS2_PLACEMENT_3D('',#92,#2420,$);
#4004=PLANE('',#3212);
#4796=POLY_LOOP('',(#92,#93,#94));
#5588=FACE_OUTER_BOUND('',#4796,.T.);
#6380=FACE_SURFACE('',(#5588),#4004,.T.);
#2421=DIRECTION('',(-0.572382,0.8199871,0.));
#3213=AXIS2_PLACEMENT_3D('',#95,#2421,$);
#4005=PLANE('',#3213);
#4797=POLY_LOOP('',(#95,#96,#97));
#5589=FACE_OUTER_BOUND('',#4797,.T.);
#6381=FACE_SURFACE('',(#5589),#4005,.T.);
#2422=DIRECTION('',(-0.6383586,0.7697391,0.));
#3214=AXIS2_PLACEMENT_3D('',#98,#2422,$);
#4006=PLANE('',#3214);
#4798=POLY_LOOP('',(#98,#99,#100));
#5590=FACE_OUTER_BOUND('',#4798,.T.);
#6382=FACE_SURFACE('',(#5590),#4006,.T.);
#2423=DIRECTION('',(-0.6383586,0.7697391,0.));
#3215=AXIS2_PLACEMENT_3D('',#101,#2423,$);
#4007=PLANE('',#3215);
#4799=POLY_LOOP('',(#101,#102,#103));
#5591=FACE_OUTER_BOUND('',#4799,.T.);
#6383=FACE_SURFACE('',(#5591),#4007,.T.);
#2424=DIRECTION('',(-0.6996002,0.7145345,0.));
#3216=AXIS2_PLACEMENT_3D('',#104,#2424,$);
#4008=PLANE('',#3216);
#4800=POLY_LOOP('',(#104,#105,#106));
#5592=FACE_OUTER_BOUND('',#4800,.T.);
#6384=FACE_SURFACE('',(#5592),#4008,.T.);
#2425=DIRECTION('',(-0.6996002,0.7145345,0.));
#3217=AXIS2_PLACEMENT_3D('',#107,#2425,$);
#4009=PLANE('',#3217);
#4801=POLY_LOOP('',(#107,#108,#109));
#5593=FACE_OUTER_BOUND('',#4801,.T.);
#6385=FACE_SURFACE('',(#5593),#4009,.T.);
#2426=DIRECTION('',(-0.7558854,0.6547039,0.));
#3218=AXIS2_PLACEMENT_3D('',#110,#2426,$);
#4010=PLANE('',#3218);
#4802=POLY_LOOP('',(#110,#111,#112));
#5594=FACE_OUTER_BOUND('',#4802,.T.);
#6386=FACE_SURFACE('',(#5594),#4010,.T.);
#2427=DIRECTION('',(-0.7558854,0.6547039,0.));
#3219=AXIS2_PLACEMENT_3D('',#113,#2427,$);
#4011=PLANE('',#3219);
#4803=POLY_LOOP('',(#113,#114,#115));
#5595=FACE_OUTER_BOUND('',#4803,.T.);
#6387=FACE_SURFACE('',(#5595),#4011,.T.);
#2428=DIRECTION('',(-0.8070059,0.5905434,0.));
#3220=AXIS2_PLACEMENT_3D('',#116,#2428,$);
#4012=PLANE('',#3220);
#4804=POLY_LOOP('',(#116,#117,#118));
#5596=FACE_OUTER_BOUND('',#4804,.T.);
#6388=FACE_SURFACE('',(#5596),#4012,.T.);
#2429=DIRECTION('',(-0.8070059,0.5905434,0.));
#3221=AXIS2_PLACEMENT_3D('',#119,#2429,$);
#4013=PLANE('',#3221);
#4805=POLY_LOOP('',(#119,#120,#121));
#5597=FACE_OUTER_BOUND('',#4805,.T.);
#6389=FACE_SURFACE('',(#5597),#4013,.T.);
#2430=DIRECTION('',(-0.8527516,0.5223167,0.));
#3222=AXIS2_PLACEMENT_3D('',#122,#2430,$);
#4014=PLANE('',#3222);
#4806=POLY_LOOP('',(#122,#123,#124));
#5598=FACE_OUTER_BOUND('',#4806,.T.);
#6390=FACE_SURFACE('',(#5598),#4014,.T.);
#2431=DIRECTION('',(-0.8527516,0.5223167,0.));
#3223=AXIS2_PLACEMENT_3D('',#125,#2431,$);
#4015=PLANE('',#3223);
#4807=POLY_LOOP('',(#125,#126,#127));
#5599=FACE_OUTER_BOUND('',#4807,.T.);
#6391=FACE_SURFACE('',(#5599),#4015,.T.);
#2432=DIRECTION('',(-0.892881,0.4502927,0.));
#3224=AXIS2_PLACEMENT_3D('',#128,#2432,$);
#4016=PLANE('',#3224);
#4808=POLY_LOOP('',(#128,#129,#130));
#5600=FACE_OUTER_BOUND('',#4808,.T.);
#6392=FACE_SURFACE('',(#5600),#4016,.T.);
#2433=DIRECTION('',(-0.892881,0.4502927,0.));
#3225=AXIS2_PLACEMENT_3D('',#131,#2433,$);
#4017=PLANE('',#3225);
#4809=POLY_LOOP('',(#131,#132,#133));
#5601=FACE_OUTER_BOUND('',#4809,.T.);
#6393=FACE_SURFACE('',(#5601),#4017,.T.);
#2434=DIRECTION('',(-0.9271229,0.3747575,0.));
#3226=AXIS2_PLACEMENT_3D('',#134,#2434,$);
#4018=PLANE('',#3226);
#4810=POLY_LOOP('',(#134,#135,#136));
#5602=FACE_OUTER_BOUND('',#4810,.T.);
#6394=FACE_SURFACE('',(#5602),#4018,.T.);
#2435=DIRECTION('',(-0.9271229,0.3747575,0.));
#3227=AXIS2_PLACEMENT_3D('',#137,#2435,$);
#4019=PLANE('',#3227);
#4811=POLY_LOOP('',(#137,#138,#139));
#5603=FACE_OUTER_BOUND('',#4811,.T.);
#6395=FACE_SURFACE('',(#5603),#4019,.T.);
#2436=DIRECTION('',(-0.95517,0.296058,0.));
#3228=AXIS2_PLACEMENT_3D('',#140,#2436,$);
#4020=PLANE('',#3228);
#4812=POLY_LOOP('',(#140,#141,#142));
#5604=FACE_OUTER_BOUND('',#4812,.T.);
#6396=FACE_SURFACE('',(#5604),#4020,.T.);
#2437=DIRECTION('',(-0.95517,0.296058,0.));
#3229=AXIS2_PLACEMENT_3D('',#143,#2437,$);
#4021=PLANE('',#3229);
#4813=POLY_LOOP('',(#143,#144,#145));
#5605=FACE_OUTER_BOUND('',#4813,.T.);
#6397=FACE_SURFACE('',(#5605),#4021,.T.);
#2438=DIRECTION('',(-0.9766979,0.214619,0.));
#3230=AXIS2_PLACEMENT_3D('',#146,#2438,$);
#4022=PLANE('',#3230);
#4814=POLY_LOOP('',(#146,#147,#148));
#5606=FACE_OUTER_BOUND('',#4814,.T.);
#6398=FACE_SURFACE('',(#5606),#4022,.T.);
#2439=DIRECTION('',(-0.9766979,0.214619,0.));
#3231=AXIS2_PLACEMENT_3D('',#149,#2439,$);
#4023=PLANE('',#3231);
#4815=POLY_LOOP('',(#149,#150,#151));
#5607=FACE_OUTER_BOUND('',#4815,.T.);
#6399=FACE_SURFACE('',(#5607),#4023,.T.);
#2440=DIRECTION('',(-0.9913859,0.1309732,0.));
#3232=AXIS2_PLACEMENT_3D('',#152,#2440,$);
#4024=PLANE('',#3232);
#4816=POLY_LOOP('',(#152,#153,#154));
#5608=FACE_OUTER_BOUND('',#4816,.T.);
#6400=FACE_SURFACE('',(#5608),#4024,.T.);
#2441=DIRECTION('',(-0.9913859,0.1309732,0.));
#3233=AXIS2_PLACEMENT_3D('',#155,#2441,$);
#4025=PLANE('',#3233);
#4817=POLY_LOOP('',(#155,#156,#157));
#5609=FACE_OUTER_BOUND('',#4817,.T.);
#6401=FACE_SURFACE('',(#5609),#4025,.T.);
#2442=DIRECTION('',(-0.9989516,0.04577885,0.));
#3234=AXIS2_PLACEMENT_3D('',#158,#2442,$);
#4026=PLANE('',#3234);
#4818=POLY_LOOP('',(#158,#159,#160));
#5610=FACE_OUTER_BOUND('',#4818,.T.);
#6402=FACE_SURFACE('',(#5610),#4026,.T.);
#2443=DIRECTION('',(-0.9989516,0.04577885,0.));
#3235=AXIS2_PLACEMENT_3D('',#161,#2443,$);
#4027=PLANE('',#3235);
#4819=POLY_LOOP('',(#161,#162,#163));
#5611=FACE_OUTER_BOUND('',#4819,.T.);
#6403=FACE_SURFACE('',(#5611),#4027,.T.);
#2444=DIRECTION('',(-0.9992061,-0.03983854,0.));
#3236=AXIS2_PLACEMENT_3D('',#164,#2444,$);
#4028=PLANE('',#3236);
#4820=POLY_LOOP('',(#164,#165,#166));
#5612=FACE_OUTER_BOUND('',#4820,.T.);
#6404=FACE_SURFACE('',(#5612),#4028,.T.);
#2445=DIRECTION('',(-0.9992061,-0.03983854,0.));
#3237=AXIS2_PLACEMENT_3D('',#167,#2445,$);
#4029=PLANE('',#3237);
#4821=POLY_LOOP('',(#167,#168,#169));
#5613=FACE_OUTER_BOUND('',#4821,.T.);
#6405=FACE_SURFACE('',(#5613),#4029,.T.);
#2446=DIRECTION('',(-0.992147,-0.1250772,0.));
#3238=AXIS2_PLACEMENT_3D('',#170,#2446,$);
#4030=PLANE('',#3238);
#4822=POLY_LOOP('',(#170,#171,#172));
#5614=FACE_OUTER_BOUND('',#4822,.T.);
#6406=FACE_SURFACE('',(#5614),#4030,.T.);
#2447=DIRECTION('',(-0.992147,-0.1250772,0.));
#3239=AXIS2_PLACEMENT_3D('',#173,#2447,$);
#4031=PLANE('',#3239);
#4823=POLY_LOOP('',(#173,#174,#175));
#5615=FACE_OUTER_BOUND('',#4823,.T.);
#6407=FACE_SURFACE('',(#5615),#4031,.T.);
#2448=DIRECTION('',(-0.9779567,-0.2088079,0.));
#3240=AXIS2_PLACEMENT_3D('',#176,#2448,$);
#4032=PLANE('',#3240);
#4824=POLY_LOOP('',(#176,#177,#178));
#5616=FACE_OUTER_BOUND('',#4824,.T.);
#6408=FACE_SURFACE('',(#5616),#4032,.T.);
#2449=DIRECTION('',(-0.9779567,-0.2088079,0.));
#3241=AXIS2_PLACEMENT_3D('',#179,#2449,$);
#4033=PLANE('',#3241);
#4825=POLY_LOOP('',(#179,#180,#181));
#5617=FACE_OUTER_BOUND('',#4825,.T.);
#6409=FACE_SURFACE('',(#5617),#4033,.T.);
#2450=DIRECTION('',(-0.9569134,-0.2903735,0.));
#3242=AXIS2_PLACEMENT_3D('',#182,#2450,$);
#4034=PLANE('',#3242);
#4826=POLY_LOOP('',(#182,#183,#184));
#5618=FACE_OUTER_BOUND('',#4826,.T.);
#6410=FACE_SURFACE('',(#5618),#4034,.T.);
#2451=DIRECTION('',(-0.9569134,-0.2903735,0.));
#3243=AXIS2_PLACEMENT_3D('',#185,#2451,$);
#4035=PLANE('',#3243);
#4827=POLY_LOOP('',(#185,#186,#187));
#5619=FACE_OUTER_BOUND('',#4827,.T.);
#6411=FACE_SURFACE('',(#5619),#4035,.T.);
#2452=DIRECTION('',(-0.9293345,-0.369239,0.));
#3244=AXIS2_PLACEMENT_3D('',#188,#2452,$);
#4036=PLANE('',#3244);
#4828=POLY_LOOP('',(#188,#189,#190));
#5620=FACE_OUTER_BOUND('',#4828,.T.);
#6412=FACE_SURFACE('',(#5620),#4036,.T.);
#2453=DIRECTION('',(-0.9293345,-0.369239,0.));
#3245=AXIS2_PLACEMENT_3D('',#191,#2453,$);
#4037=PLANE('',#3245);
#4829=POLY_LOOP('',(#191,#192,#193));
#5621=FACE_OUTER_BOUND('',#4829,.T.);
#6413=FACE_SURFACE('',(#5621),#4037,.T.);
#2454=DIRECTION('',(-0.8955426,-0.4449758,0.));
#3246=AXIS2_PLACEMENT_3D('',#194,#2454,$);
#4038=PLANE('',#3246);
#4830=POLY_LOOP('',(#194,#195,#196));
#5622=FACE_OUTER_BOUND('',#4830,.T.);
#6414=FACE_SURFACE('',(#5622),#4038,.T.);
#2455=DIRECTION('',(-0.8955426,-0.4449758,0.));
#3247=AXIS2_PLACEMENT_3D('',#197,#2455,$);
#4039=PLANE('',#3247);
#4831=POLY_LOOP('',(#197,#198,#199));
#5623=FACE_OUTER_BOUND('',#4831,.T.);
#6415=FACE_SURFACE('',(#5623),#4039,.T.);
#2456=DIRECTION('',(-0.8558422,-0.517237,0.));
#3248=AXIS2_PLACEMENT_3D('',#200,#2456,$);
#4040=PLANE('',#3248);
#4832=POLY_LOOP('',(#200,#201,#202));
#5624=FACE_OUTER_BOUND('',#4832,.T.);
#6416=FACE_SURFACE('',(#5624),#4040,.T.);
#2457=DIRECTION('',(-0.8558422,-0.517237,0.));
#3249=AXIS2_PLACEMENT_3D('',#203,#2457,$);
#4041=PLANE('',#3249);
#4833=POLY_LOOP('',(#203,#204,#205));
#5625=FACE_OUTER_BOUND('',#4833,.T.);
#6417=FACE_SURFACE('',(#5625),#4041,.T.);
#2458=DIRECTION('',(0.4587856,-0.888547,0.));
#3250=AXIS2_PLACEMENT_3D('',#206,#2458,$);
#4042=PLANE('',#3250);
#4834=POLY_LOOP('',(#206,#207,#208));
#5626=FACE_OUTER_BOUND('',#4834,.T.);
#6418=FACE_SURFACE('',(#5626),#4042,.T.);
#2459=DIRECTION('',(0.4587856,-0.888547,0.));
#3251=AXIS2_PLACEMENT_3D('',#209,#2459,$);
#4043=PLANE('',#3251);
#4835=POLY_LOOP('',(#209,#210,#211));
#5627=FACE_OUTER_BOUND('',#4835,.T.);
#6419=FACE_SURFACE('',(#5627),#4043,.T.);
#2460=DIRECTION('',(0.5301643,-0.8478949,0.));
#3252=AXIS2_PLACEMENT_3D('',#212,#2460,$);
#4044=PLANE('',#3252);
#4836=POLY_LOOP('',(#212,#213,#214));
#5628=FACE_OUTER_BOUND('',#4836,.T.);
#6420=FACE_SURFACE('',(#5628),#4044,.T.);
#2461=DIRECTION('',(0.5301643,-0.8478949,0.));
#3253=AXIS2_PLACEMENT_3D('',#215,#2461,$);
#4045=PLANE('',#3253);
#4837=POLY_LOOP('',(#215,#216,#217));
#5629=FACE_OUTER_BOUND('',#4837,.T.);
#6421=FACE_SURFACE('',(#5629),#4045,.T.);
#2462=DIRECTION('',(0.5982118,-0.801338,0.));
#3254=AXIS2_PLACEMENT_3D('',#218,#2462,$);
#4046=PLANE('',#3254);
#4838=POLY_LOOP('',(#218,#219,#220));
#5630=FACE_OUTER_BOUND('',#4838,.T.);
#6422=FACE_SURFACE('',(#5630),#4046,.T.);
#2463=DIRECTION('',(0.5982118,-0.801338,0.));
#3255=AXIS2_PLACEMENT_3D('',#221,#2463,$);
#4047=PLANE('',#3255);
#4839=POLY_LOOP('',(#221,#222,#223));
#5631=FACE_OUTER_BOUND('',#4839,.T.);
#6423=FACE_SURFACE('',(#5631),#4047,.T.);
#2464=DIRECTION('',(0.6625551,-0.7490132,0.));
#3256=AXIS2_PLACEMENT_3D('',#224,#2464,$);
#4048=PLANE('',#3256);
#4840=POLY_LOOP('',(#224,#225,#226));
#5632=FACE_OUTER_BOUND('',#4840,.T.);
#6424=FACE_SURFACE('',(#5632),#4048,.T.);
#2465=DIRECTION('',(0.6625551,-0.7490132,0.));
#3257=AXIS2_PLACEMENT_3D('',#227,#2465,$);
#4049=PLANE('',#3257);
#4841=POLY_LOOP('',(#227,#228,#229));
#5633=FACE_OUTER_BOUND('',#4841,.T.);
#6425=FACE_SURFACE('',(#5633),#4049,.T.);
#2466=DIRECTION('',(0.7227666,-0.6910922,0.));
#3258=AXIS2_PLACEMENT_3D('',#230,#2466,$);
#4050=PLANE('',#3258);
#4842=POLY_LOOP('',(#230,#231,#232));
#5634=FACE_OUTER_BOUND('',#4842,.T.);
#6426=FACE_SURFACE('',(#5634),#4050,.T.);
#2467=DIRECTION('',(0.7227666,-0.6910922,0.));
#3259=AXIS2_PLACEMENT_3D('',#233,#2467,$);
#4051=PLANE('',#3259);
#4843=POLY_LOOP('',(#233,#234,#235));
#5635=FACE_OUTER_BOUND('',#4843,.T.);
#6427=FACE_SURFACE('',(#5635),#4051,.T.);
#2468=DIRECTION('',(0.7783661,-0.6278106,0.));
#3260=AXIS2_PLACEMENT_3D('',#236,#2468,$);
#4052=PLANE('',#3260);
#4844=POLY_LOOP('',(#236,#237,#238));
#5636=FACE_OUTER_BOUND('',#4844,.T.);
#6428=FACE_SURFACE('',(#5636),#4052,.T.);
#2469=DIRECTION('',(0.7783661,-0.6278106,0.));
#3261=AXIS2_PLACEMENT_3D('',#239,#2469,$);
#4053=PLANE('',#3261);
#4845=POLY_LOOP('',(#239,#240,#241));
#5637=FACE_OUTER_BOUND('',#4845,.T.);
#6429=FACE_SURFACE('',(#5637),#4053,.T.);
#2470=DIRECTION('',(0.8288278,-0.5595038,0.));
#3262=AXIS2_PLACEMENT_3D('',#242,#2470,$);
#4054=PLANE('',#3262);
#4846=POLY_LOOP('',(#242,#243,#244));
#5638=FACE_OUTER_BOUND('',#4846,.T.);
#6430=FACE_SURFACE('',(#5638),#4054,.T.);
#2471=DIRECTION('',(0.8288278,-0.5595038,0.));
#3263=AXIS2_PLACEMENT_3D('',#245,#2471,$);
#4055=PLANE('',#3263);
#4847=POLY_LOOP('',(#245,#246,#247));
#5639=FACE_OUTER_BOUND('',#4847,.T.);
#6431=FACE_SURFACE('',(#5639),#4055,.T.);
#2472=DIRECTION('',(0.8736062,-0.4866335,0.));
#3264=AXIS2_PLACEMENT_3D('',#248,#2472,$);
#4056=PLANE('',#3264);
#4848=POLY_LOOP('',(#248,#249,#250));
#5640=FACE_OUTER_BOUND('',#4848,.T.);
#6432=FACE_SURFACE('',(#5640),#4056,.T.);
#2473=DIRECTION('',(0.8736062,-0.4866335,0.));
#3265=AXIS2_PLACEMENT_3D('',#251,#2473,$);
#4057=PLANE('',#3265);
#4849=POLY_LOOP('',(#251,#252,#253));
#5641=FACE_OUTER_BOUND('',#4849,.T.);
#6433=FACE_SURFACE('',(#5641),#4057,.T.);
#2474=DIRECTION('',(0.,0.,-1.));
#3266=AXIS2_PLACEMENT_3D('',#254,#2474,$);
#4058=PLANE('',#3266);
#4850=POLY_LOOP('',(#254,#255,#256));
#5642=FACE_OUTER_BOUND('',#4850,.T.);
#6434=FACE_SURFACE('',(#5642),#4058,.T.);
#2475=DIRECTION('',(0.,0.,-1.));
#3267=AXIS2_PLACEMENT_3D('',#257,#2475,$);
#4059=PLANE('',#3267);
#4851=POLY_LOOP('',(#257,#258,#259));
#5643=FACE_OUTER_BOUND('',#4851,.T.);
#6435=FACE_SURFACE('',(#5643),#4059,.T.);
#2476=DIRECTION('',(0.,0.,-1.));
#3268=AXIS2_PLACEMENT_3D('',#260,#2476,$);
#4060=PLANE('',#3268);
#4852=POLY_LOOP('',(#260,#261,#262));
#5644=FACE_OUTER_BOUND('',#4852,.T.);
#6436=FACE_SURFACE('',(#5644),#4060,.T.);
#2477=DIRECTION('',(0.,0.,-1.));
#3269=AXIS2_PLACEMENT_3D('',#263,#2477,$);
#4061=PLANE('',#3269);
#4853=POLY_LOOP('',(#263,#264,#265));
#5645=FACE_OUTER_BOUND('',#4853,.T.);
#6437=FACE_SURFACE('',(#5645),#4061,.T.);
#2478=DIRECTION('',(0.,0.,-1.));
#3270=AXIS2_PLACEMENT_3D('',#266,#2478,$);
#4062=PLANE('',#3270);
#4854=POLY_LOOP('',(#266,#267,#268));
#5646=FACE_OUTER_BOUND('',#4854,.T.);
#6438=FACE_SURFACE('',(#5646),#4062,.T.);
#2479=DIRECTION('',(0.,0.,-1.));
#3271=AXIS2_PLACEMENT_3D('',#269,#2479,$);
#4063=PLANE('',#3271);
#4855=POLY_LOOP('',(#269,#270,#271));
#5647=FACE_OUTER_BOUND('',#4855,.T.);
#6439=FACE_SURFACE('',(#5647),#4063,.T.);
#2480=DIRECTION('',(0.,0.,-1.));
#3272=AXIS2_PLACEMENT_3D('',#272,#2480,$);
#4064=PLANE('',#3272);
#4856=POLY_LOOP('',(#272,#273,#274));
#5648=FACE_OUTER_BOUND('',#4856,.T.);
#6440=FACE_SURFACE('',(#5648),#4064,.T.);
#2481=DIRECTION('',(0.,0.,-1.));
#3273=AXIS2_PLACEMENT_3D('',#275,#2481,$);
#4065=PLANE('',#3273);
#4857=POLY_LOOP('',(#275,#276,#277));
#5649=FACE_OUTER_BOUND('',#4857,.T.);
#6441=FACE_SURFACE('',(#5649),#4065,.T.);
#2482=DIRECTION('',(0.,0.,-1.));
#3274=AXIS2_PLACEMENT_3D('',#278,#2482,$);
#4066=PLANE('',#3274);
#4858=POLY_LOOP('',(#278,#279,#280));
#5650=FACE_OUTER_BOUND('',#4858,.T.);
#6442=FACE_SURFACE('',(#5650),#4066,.T.);
#2483=DIRECTION('',(0.,0.,-1.));
#3275=AXIS2_PLACEMENT_3D('',#281,#2483,$);
#4067=PLANE('',#3275);
#4859=POLY_LOOP('',(#281,#282,#283));
#5651=FACE_OUTER_BOUND('',#4859,.T.);
#6443=FACE_SURFACE('',(#5651),#4067,.T.);
#2484=DIRECTION('',(0.,0.,-1.));
#3276=AXIS2_PLACEMENT_3D('',#284,#2484,$);
#4068=PLANE('',#3276);
#4860=POLY_LOOP('',(#284,#285,#286));
#5652=FACE_OUTER_BOUND('',#4860,.T.);
#6444=FACE_SURFACE('',(#5652),#4068,.T.);
#2485=DIRECTION('',(0.,0.,-1.));
#3277=AXIS2_PLACEMENT_3D('',#287,#2485,$);
#4069=PLANE('',#3277);
#4861=POLY_LOOP('',(#287,#288,#289));
#5653=FACE_OUTER_BOUND('',#4861,.T.);
#6445=FACE_SURFACE('',(#5653),#4069,.T.);
#2486=DIRECTION('',(0.,0.,-1.));
#3278=AXIS2_PLACEMENT_3D('',#290,#2486,$);
#4070=PLANE('',#3278);
#4862=POLY_LOOP('',(#290,#291,#292));
#5654=FACE_OUTER_BOUND('',#4862,.T.);
#6446=FACE_SURFACE('',(#5654),#4070,.T.);
#2487=DIRECTION('',(0.,0.,-1.));
#3279=AXIS2_PLACEMENT_3D('',#293,#2487,$);
#4071=PLANE('',#3279);
#4863=POLY_LOOP('',(#293,#294,#295));
#5655=FACE_OUTER_BOUND('',#4863,.T.);
#6447=FACE_SURFACE('',(#5655),#4071,.T.);
#2488=DIRECTION('',(0.,0.,-1.));
#3280=AXIS2_PLACEMENT_3D('',#296,#2488,$);
#4072=PLANE('',#3280);
#4864=POLY_LOOP('',(#296,#297,#298));
#5656=FACE_OUTER_BOUND('',#4864,.T.);
#6448=FACE_SURFACE('',(#5656),#4072,.T.);
#2489=DIRECTION('',(0.,0.,-1.));
#3281=AXIS2_PLACEMENT_3D('',#299,#2489,$);
#4073=PLANE('',#3281);
#4865=POLY_LOOP('',(#299,#300,#301));
#5657=FACE_OUTER_BOUND('',#4865,.T.);
#6449=FACE_SURFACE('',(#5657),#4073,.T.);
#2490=DIRECTION('',(0.,0.,-1.));
#3282=AXIS2_PLACEMENT_3D('',#302,#2490,$);
#4074=PLANE('',#3282);
#4866=POLY_LOOP('',(#302,#303,#304));
#5658=FACE_OUTER_BOUND('',#4866,.T.);
#6450=FACE_SURFACE('',(#5658),#4074,.T.);
#2491=DIRECTION('',(0.,0.,-1.));
#3283=AXIS2_PLACEMENT_3D('',#305,#2491,$);
#4075=PLANE('',#3283);
#4867=POLY_LOOP('',(#305,#306,#307));
#5659=FACE_OUTER_BOUND('',#4867,.T.);
#6451=FACE_SURFACE('',(#5659),#4075,.T.);
#2492=DIRECTION('',(0.,0.,-1.));
#3284=AXIS2_PLACEMENT_3D('',#308,#2492,$);
#4076=PLANE('',#3284);
#4868=POLY_LOOP('',(#308,#309,#310));
#5660=FACE_OUTER_BOUND('',#4868,.T.);
#6452=FACE_SURFACE('',(#5660),#4076,.T.);
#2493=DIRECTION('',(0.,0.,-1.));
#3285=AXIS2_PLACEMENT_3D('',#311,#2493,$);
#4077=PLANE('',#3285);
#4869=POLY_LOOP('',(#311,#312,#313));
#5661=FACE_OUTER_BOUND('',#4869,.T.);
#6453=FACE_SURFACE('',(#5661),#4077,.T.);
#2494=DIRECTION('',(0.,0.,-1.));
#3286=AXIS2_PLACEMENT_3D('',#314,#2494,$);
#4078=PLANE('',#3286);
#4870=POLY_LOOP('',(#314,#315,#316));
#5662=FACE_OUTER_BOUND('',#4870,.T.);
#6454=FACE_SURFACE('',(#5662),#4078,.T.);
#2495=DIRECTION('',(0.,0.,-1.));
#3287=AXIS2_PLACEMENT_3D('',#317,#2495,$);
#4079=PLANE('',#3287);
#4871=POLY_LOOP('',(#317,#318,#319));
#5663=FACE_OUTER_BOUND('',#4871,.T.);
#6455=FACE_SURFACE('',(#5663),#4079,.T.);
#2496=DIRECTION('',(0.,0.,-1.));
#3288=AXIS2_PLACEMENT_3D('',#320,#2496,$);
#4080=PLANE('',#3288);
#4872=POLY_LOOP('',(#320,#321,#322));
#5664=FACE_OUTER_BOUND('',#4872,.T.);
#6456=FACE_SURFACE('',(#5664),#4080,.T.);
#2497=DIRECTION('',(0.,0.,-1.));
#3289=AXIS2_PLACEMENT_3D('',#323,#2497,$);
#4081=PLANE('',#3289);
#4873=POLY_LOOP('',(#323,#324,#325));
#5665=FACE_OUTER_BOUND('',#4873,.T.);
#6457=FACE_SURFACE('',(#5665),#4081,.T.);
#2498=DIRECTION('',(0.,0.,-1.));
#3290=AXIS2_PLACEMENT_3D('',#326,#2498,$);
#4082=PLANE('',#3290);
#4874=POLY_LOOP('',(#326,#327,#328));
#5666=FACE_OUTER_BOUND('',#4874,.T.);
#6458=FACE_SURFACE('',(#5666),#4082,.T.);
#2499=DIRECTION('',(0.,0.,-1.));
#3291=AXIS2_PLACEMENT_3D('',#329,#2499,$);
#4083=PLANE('',#3291);
#4875=POLY_LOOP('',(#329,#330,#331));
#5667=FACE_OUTER_BOUND('',#4875,.T.);
#6459=FACE_SURFACE('',(#5667),#4083,.T.);
#2500=DIRECTION('',(0.,0.,-1.));
#3292=AXIS2_PLACEMENT_3D('',#332,#2500,$);
#4084=PLANE('',#3292);
#4876=POLY_LOOP('',(#332,#333,#334));
#5668=FACE_OUTER_BOUND('',#4876,.T.);
#6460=FACE_SURFACE('',(#5668),#4084,.T.);
#2501=DIRECTION('',(0.,0.,-1.));
#3293=AXIS2_PLACEMENT_3D('',#335,#2501,$);
#4085=PLANE('',#3293);
#4877=POLY_LOOP('',(#335,#336,#337));
#5669=FACE_OUTER_BOUND('',#4877,.T.);
#6461=FACE_SURFACE('',(#5669),#4085,.T.);
#2502=DIRECTION('',(0.,0.,-1.));
#3294=AXIS2_PLACEMENT_3D('',#338,#2502,$);
#4086=PLANE('',#3294);
#4878=POLY_LOOP('',(#338,#339,#340));
#5670=FACE_OUTER_BOUND('',#4878,.T.);
#6462=FACE_SURFACE('',(#5670),#4086,.T.);
#2503=DIRECTION('',(0.,0.,-1.));
#3295=AXIS2_PLACEMENT_3D('',#341,#2503,$);
#4087=PLANE('',#3295);
#4879=POLY_LOOP('',(#341,#342,#343));
#5671=FACE_OUTER_BOUND('',#4879,.T.);
#6463=FACE_SURFACE('',(#5671),#4087,.T.);
#2504=DIRECTION('',(0.,0.,-1.));
#3296=AXIS2_PLACEMENT_3D('',#344,#2504,$);
#4088=PLANE('',#3296);
#4880=POLY_LOOP('',(#344,#345,#346));
#5672=FACE_OUTER_BOUND('',#4880,.T.);
#6464=FACE_SURFACE('',(#5672),#4088,.T.);
#2505=DIRECTION('',(0.,0.,-1.));
#3297=AXIS2_PLACEMENT_3D('',#347,#2505,$);
#4089=PLANE('',#3297);
#4881=POLY_LOOP('',(#347,#348,#349));
#5673=FACE_OUTER_BOUND('',#4881,.T.);
#6465=FACE_SURFACE('',(#5673),#4089,.T.);
#2506=DIRECTION('',(0.,0.,-1.));
#3298=AXIS2_PLACEMENT_3D('',#350,#2506,$);
#4090=PLANE('',#3298);
#4882=POLY_LOOP('',(#350,#351,#352));
#5674=FACE_OUTER_BOUND('',#4882,.T.);
#6466=FACE_SURFACE('',(#5674),#4090,.T.);
#2507=DIRECTION('',(0.,0.,-1.));
#3299=AXIS2_PLACEMENT_3D('',#353,#2507,$);
#4091=PLANE('',#3299);
#4883=POLY_LOOP('',(#353,#354,#355));
#5675=FACE_OUTER_BOUND('',#4883,.T.);
#6467=FACE_SURFACE('',(#5675),#4091,.T.);
#2508=DIRECTION('',(0.,0.,-1.));
#3300=AXIS2_PLACEMENT_3D('',#356,#2508,$);
#4092=PLANE('',#3300);
#4884=POLY_LOOP('',(#356,#357,#358));
#5676=FACE_OUTER_BOUND('',#4884,.T.);
#6468=FACE_SURFACE('',(#5676),#4092,.T.);
#2509=DIRECTION('',(0.,0.,-1.));
#3301=AXIS2_PLACEMENT_3D('',#359,#2509,$);
#4093=PLANE('',#3301);
#4885=POLY_LOOP('',(#359,#360,#361));
#5677=FACE_OUTER_BOUND('',#4885,.T.);
#6469=FACE_SURFACE('',(#5677),#4093,.T.);
#2510=DIRECTION('',(0.,0.,-1.));
#3302=AXIS2_PLACEMENT_3D('',#362,#2510,$);
#4094=PLANE('',#3302);
#4886=POLY_LOOP('',(#362,#363,#364));
#5678=FACE_OUTER_BOUND('',#4886,.T.);
#6470=FACE_SURFACE('',(#5678),#4094,.T.);
#2511=DIRECTION('',(0.,0.,-1.));
#3303=AXIS2_PLACEMENT_3D('',#365,#2511,$);
#4095=PLANE('',#3303);
#4887=POLY_LOOP('',(#365,#366,#367));
#5679=FACE_OUTER_BOUND('',#4887,.T.);
#6471=FACE_SURFACE('',(#5679),#4095,.T.);
#2512=DIRECTION('',(0.,0.,-1.));
#3304=AXIS2_PLACEMENT_3D('',#368,#2512,$);
#4096=PLANE('',#3304);
#4888=POLY_LOOP('',(#368,#369,#370));
#5680=FACE_OUTER_BOUND('',#4888,.T.);
#6472=FACE_SURFACE('',(#5680),#4096,.T.);
#2513=DIRECTION('',(0.,0.,-1.));
#3305=AXIS2_PLACEMENT_3D('',#371,#2513,$);
#4097=PLANE('',#3305);
#4889=POLY_LOOP('',(#371,#372,#373));
#5681=FACE_OUTER_BOUND('',#4889,.T.);
#6473=FACE_SURFACE('',(#5681),#4097,.T.);
#2514=DIRECTION('',(0.,0.,-1.));
#3306=AXIS2_PLACEMENT_3D('',#374,#2514,$);
#4098=PLANE('',#3306);
#4890=POLY_LOOP('',(#374,#375,#376));
#5682=FACE_OUTER_BOUND('',#4890,.T.);
#6474=FACE_SURFACE('',(#5682),#4098,.T.);
#2515=DIRECTION('',(0.,0.,-1.));
#3307=AXIS2_PLACEMENT_3D('',#377,#2515,$);
#4099=PLANE('',#3307);
#4891=POLY_LOOP('',(#377,#378,#379));
#5683=FACE_OUTER_BOUND('',#4891,.T.);
#6475=FACE_SURFACE('',(#5683),#4099,.T.);
#2516=DIRECTION('',(0.,0.,-1.));
#3308=AXIS2_PLACEMENT_3D('',#380,#2516,$);
#4100=PLANE('',#3308);
#4892=POLY_LOOP('',(#380,#381,#382));
#5684=FACE_OUTER_BOUND('',#4892,.T.);
#6476=FACE_SURFACE('',(#5684),#4100,.T.);
#2517=DIRECTION('',(0.,0.,-1.));
#3309=AXIS2_PLACEMENT_3D('',#383,#2517,$);
#4101=PLANE('',#3309);
#4893=POLY_LOOP('',(#383,#384,#385));
#5685=FACE_OUTER_BOUND('',#4893,.T.);
#6477=FACE_SURFACE('',(#5685),#4101,.T.);
#2518=DIRECTION('',(0.,0.,-1.));
#3310=AXIS2_PLACEMENT_3D('',#386,#2518,$);
#4102=PLANE('',#3310);
#4894=POLY_LOOP('',(#386,#387,#388));
#5686=FACE_OUTER_BOUND('',#4894,.T.);
#6478=FACE_SURFACE('',(#5686),#4102,.T.);
#2519=DIRECTION('',(0.,0.,-1.));
#3311=AXIS2_PLACEMENT_3D('',#389,#2519,$);
#4103=PLANE('',#3311);
#4895=POLY_LOOP('',(#389,#390,#391));
#5687=FACE_OUTER_BOUND('',#4895,.T.);
#6479=FACE_SURFACE('',(#5687),#4103,.T.);
#2520=DIRECTION('',(0.,0.,-1.));
#3312=AXIS2_PLACEMENT_3D('',#392,#2520,$);
#4104=PLANE('',#3312);
#4896=POLY_LOOP('',(#392,#393,#394));
#5688=FACE_OUTER_BOUND('',#4896,.T.);
#6480=FACE_SURFACE('',(#5688),#4104,.T.);
#2521=DIRECTION('',(0.,0.,-1.));
#3313=AXIS2_PLACEMENT_3D('',#395,#2521,$);
#4105=PLANE('',#3313);
#4897=POLY_LOOP('',(#395,#396,#397));
#5689=FACE_OUTER_BOUND('',#4897,.T.);
#6481=FACE_SURFACE('',(#5689),#4105,.T.);
#2522=DIRECTION('',(0.,0.,-1.));
#3314=AXIS2_PLACEMENT_3D('',#398,#2522,$);
#4106=PLANE('',#3314);
#4898=POLY_LOOP('',(#398,#399,#400));
#5690=FACE_OUTER_BOUND('',#4898,.T.);
#6482=FACE_SURFACE('',(#5690),#4106,.T.);
#2523=DIRECTION('',(0.,0.,-1.));
#3315=AXIS2_PLACEMENT_3D('',#401,#2523,$);
#4107=PLANE('',#3315);
#4899=POLY_LOOP('',(#401,#402,#403));
#5691=FACE_OUTER_BOUND('',#4899,.T.);
#6483=FACE_SURFACE('',(#5691),#4107,.T.);
#2524=DIRECTION('',(0.,0.,-1.));
#3316=AXIS2_PLACEMENT_3D('',#404,#2524,$);
#4108=PLANE('',#3316);
#4900=POLY_LOOP('',(#404,#405,#406));
#5692=FACE_OUTER_BOUND('',#4900,.T.);
#6484=FACE_SURFACE('',(#5692),#4108,.T.);
#2525=DIRECTION('',(0.,0.,-1.));
#3317=AXIS2_PLACEMENT_3D('',#407,#2525,$);
#4109=PLANE('',#3317);
#4901=POLY_LOOP('',(#407,#408,#409));
#5693=FACE_OUTER_BOUND('',#4901,.T.);
#6485=FACE_SURFACE('',(#5693),#4109,.T.);
#2526=DIRECTION('',(0.,0.,-1.));
#3318=AXIS2_PLACEMENT_3D('',#410,#2526,$);
#4110=PLANE('',#3318);
#4902=POLY_LOOP('',(#410,#411,#412));
#5694=FACE_OUTER_BOUND('',#4902,.T.);
#6486=FACE_SURFACE('',(#5694),#4110,.T.);
#2527=DIRECTION('',(0.,0.,-1.));
#3319=AXIS2_PLACEMENT_3D('',#413,#2527,$);
#4111=PLANE('',#3319);
#4903=POLY_LOOP('',(#413,#414,#415));
#5695=FACE_OUTER_BOUND('',#4903,.T.);
#6487=FACE_SURFACE('',(#5695),#4111,.T.);
#2528=DIRECTION('',(0.,0.,-1.));
#3320=AXIS2_PLACEMENT_3D('',#416,#2528,$);
#4112=PLANE('',#3320);
#4904=POLY_LOOP('',(#416,#417,#418));
#5696=FACE_OUTER_BOUND('',#4904,.T.);
#6488=FACE_SURFACE('',(#5696),#4112,.T.);
#2529=DIRECTION('',(0.,0.,-1.));
#3321=AXIS2_PLACEMENT_3D('',#419,#2529,$);
#4113=PLANE('',#3321);
#4905=POLY_LOOP('',(#419,#420,#421));
#5697=FACE_OUTER_BOUND('',#4905,.T.);
#6489=FACE_SURFACE('',(#5697),#4113,.T.);
#2530=DIRECTION('',(0.,0.,-1.));
#3322=AXIS2_PLACEMENT_3D('',#422,#2530,$);
#4114=PLANE('',#3322);
#4906=POLY_LOOP('',(#422,#423,#424));
#5698=FACE_OUTER_BOUND('',#4906,.T.);
#6490=FACE_SURFACE('',(#5698),#4114,.T.);
#2531=DIRECTION('',(0.,0.,-1.));
#3323=AXIS2_PLACEMENT_3D('',#425,#2531,$);
#4115=PLANE('',#3323);
#4907=POLY_LOOP('',(#425,#426,#427));
#5699=FACE_OUTER_BOUND('',#4907,.T.);
#6491=FACE_SURFACE('',(#5699),#4115,.T.);
#2532=DIRECTION('',(0.,0.,-1.));
#3324=AXIS2_PLACEMENT_3D('',#428,#2532,$);
#4116=PLANE('',#3324);
#4908=POLY_LOOP('',(#428,#429,#430));
#5700=FACE_OUTER_BOUND('',#4908,.T.);
#6492=FACE_SURFACE('',(#5700),#4116,.T.);
#2533=DIRECTION('',(0.,0.,-1.));
#3325=AXIS2_PLACEMENT_3D('',#431,#2533,$);
#4117=PLANE('',#3325);
#4909=POLY_LOOP('',(#431,#432,#433));
#5701=FACE_OUTER_BOUND('',#4909,.T.);
#6493=FACE_SURFACE('',(#5701),#4117,.T.);
#2534=DIRECTION('',(0.,0.,-1.));
#3326=AXIS2_PLACEMENT_3D('',#434,#2534,$);
#4118=PLANE('',#3326);
#4910=POLY_LOOP('',(#434,#435,#436));
#5702=FACE_OUTER_BOUND('',#4910,.T.);
#6494=FACE_SURFACE('',(#5702),#4118,.T.);
#2535=DIRECTION('',(0.,0.,-1.));
#3327=AXIS2_PLACEMENT_3D('',#437,#2535,$);
#4119=PLANE('',#3327);
#4911=POLY_LOOP('',(#437,#438,#439));
#5703=FACE_OUTER_BOUND('',#4911,.T.);
#6495=FACE_SURFACE('',(#5703),#4119,.T.);
#2536=DIRECTION('',(0.,0.,-1.));
#3328=AXIS2_PLACEMENT_3D('',#440,#2536,$);
#4120=PLANE('',#3328);
#4912=POLY_LOOP('',(#440,#441,#442));
#5704=FACE_OUTER_BOUND('',#4912,.T.);
#6496=FACE_SURFACE('',(#5704),#4120,.T.);
#2537=DIRECTION('',(0.,0.,-1.));
#3329=AXIS2_PLACEMENT_3D('',#443,#2537,$);
#4121=PLANE('',#3329);
#4913=POLY_LOOP('',(#443,#444,#445));
#5705=FACE_OUTER_BOUND('',#4913,.T.);
#6497=FACE_SURFACE('',(#5705),#4121,.T.);
#2538=DIRECTION('',(0.,0.,-1.));
#3330=AXIS2_PLACEMENT_3D('',#446,#2538,$);
#4122=PLANE('',#3330);
#4914=POLY_LOOP('',(#446,#447,#448));
#5706=FACE_OUTER_BOUND('',#4914,.T.);
#6498=FACE_SURFACE('',(#5706),#4122,.T.);
#2539=DIRECTION('',(0.,0.,-1.));
#3331=AXIS2_PLACEMENT_3D('',#449,#2539,$);
#4123=PLANE('',#3331);
#4915=POLY_LOOP('',(#449,#450,#451));
#5707=FACE_OUTER_BOUND('',#4915,.T.);
#6499=FACE_SURFACE('',(#5707),#4123,.T.);
#2540=DIRECTION('',(0.,0.,-1.));
#3332=AXIS2_PLACEMENT_3D('',#452,#2540,$);
#4124=PLANE('',#3332);
#4916=POLY_LOOP('',(#452,#453,#454));
#5708=FACE_OUTER_BOUND('',#4916,.T.);
#6500=FACE_SURFACE('',(#5708),#4124,.T.);
#2541=DIRECTION('',(0.,0.,-1.));
#3333=AXIS2_PLACEMENT_3D('',#455,#2541,$);
#4125=PLANE('',#3333);
#4917=POLY_LOOP('',(#455,#456,#457));
#5709=FACE_OUTER_BOUND('',#4917,.T.);
#6501=FACE_SURFACE('',(#5709),#4125,.T.);
#2542=DIRECTION('',(0.,0.,-1.));
#3334=AXIS2_PLACEMENT_3D('',#458,#2542,$);
#4126=PLANE('',#3334);
#4918=POLY_LOOP('',(#458,#459,#460));
#5710=FACE_OUTER_BOUND('',#4918,.T.);
#6502=FACE_SURFACE('',(#5710),#4126,.T.);
#2543=DIRECTION('',(0.,0.,-1.));
#3335=AXIS2_PLACEMENT_3D('',#461,#2543,$);
#4127=PLANE('',#3335);
#4919=POLY_LOOP('',(#461,#462,#463));
#5711=FACE_OUTER_BOUND('',#4919,.T.);
#6503=FACE_SURFACE('',(#5711),#4127,.T.);
#2544=DIRECTION('',(0.,0.,-1.));
#3336=AXIS2_PLACEMENT_3D('',#464,#2544,$);
#4128=PLANE('',#3336);
#4920=POLY_LOOP('',(#464,#465,#466));
#5712=FACE_OUTER_BOUND('',#4920,.T.);
#6504=FACE_SURFACE('',(#5712),#4128,.T.);
#2545=DIRECTION('',(0.,0.,-1.));
#3337=AXIS2_PLACEMENT_3D('',#467,#2545,$);
#4129=PLANE('',#3337);
#4921=POLY_LOOP('',(#467,#468,#469));
#5713=FACE_OUTER_BOUND('',#4921,.T.);
#6505=FACE_SURFACE('',(#5713),#4129,.T.);
#2546=DIRECTION('',(0.,0.,-1.));
#3338=AXIS2_PLACEMENT_3D('',#470,#2546,$);
#4130=PLANE('',#3338);
#4922=POLY_LOOP('',(#470,#471,#472));
#5714=FACE_OUTER_BOUND('',#4922,.T.);
#6506=FACE_SURFACE('',(#5714),#4130,.T.);
#2547=DIRECTION('',(0.,0.,-1.));
#3339=AXIS2_PLACEMENT_3D('',#473,#2547,$);
#4131=PLANE('',#3339);
#4923=POLY_LOOP('',(#473,#474,#475));
#5715=FACE_OUTER_BOUND('',#4923,.T.);
#6507=FACE_SURFACE('',(#5715),#4131,.T.);
#2548=DIRECTION('',(0.,0.,-1.));
#3340=AXIS2_PLACEMENT_3D('',#476,#2548,$);
#4132=PLANE('',#3340);
#4924=POLY_LOOP('',(#476,#477,#478));
#5716=FACE_OUTER_BOUND('',#4924,.T.);
#6508=FACE_SURFACE('',(#5716),#4132,.T.);
#2549=DIRECTION('',(0.,0.,-1.));
#3341=AXIS2_PLACEMENT_3D('',#479,#2549,$);
#4133=PLANE('',#3341);
#4925=POLY_LOOP('',(#479,#480,#481));
#5717=FACE_OUTER_BOUND('',#4925,.T.);
#6509=FACE_SURFACE('',(#5717),#4133,.T.);
#2550=DIRECTION('',(0.,0.,-1.));
#3342=AXIS2_PLACEMENT_3D('',#482,#2550,$);
#4134=PLANE('',#3342);
#4926=POLY_LOOP('',(#482,#483,#484));
#5718=FACE_OUTER_BOUND('',#4926,.T.);
#6510=FACE_SURFACE('',(#5718),#4134,.T.);
#2551=DIRECTION('',(0.,0.,-1.));
#3343=AXIS2_PLACEMENT_3D('',#485,#2551,$);
#4135=PLANE('',#3343);
#4927=POLY_LOOP('',(#485,#486,#487));
#5719=FACE_OUTER_BOUND('',#4927,.T.);
#6511=FACE_SURFACE('',(#5719),#4135,.T.);
#2552=DIRECTION('',(0.,0.,-1.));
#3344=AXIS2_PLACEMENT_3D('',#488,#2552,$);
#4136=PLANE('',#3344);
#4928=POLY_LOOP('',(#488,#489,#490));
#5720=FACE_OUTER_BOUND('',#4928,.T.);
#6512=FACE_SURFACE('',(#5720),#4136,.T.);
#2553=DIRECTION('',(0.,0.,-1.));
#3345=AXIS2_PLACEMENT_3D('',#491,#2553,$);
#4137=PLANE('',#3345);
#4929=POLY_LOOP('',(#491,#492,#493));
#5721=FACE_OUTER_BOUND('',#4929,.T.);
#6513=FACE_SURFACE('',(#5721),#4137,.T.);
#2554=DIRECTION('',(0.,0.,-1.));
#3346=AXIS2_PLACEMENT_3D('',#494,#2554,$);
#4138=PLANE('',#3346);
#4930=POLY_LOOP('',(#494,#495,#496));
#5722=FACE_OUTER_BOUND('',#4930,.T.);
#6514=FACE_SURFACE('',(#5722),#4138,.T.);
#2555=DIRECTION('',(0.,0.,-1.));
#3347=AXIS2_PLACEMENT_3D('',#497,#2555,$);
#4139=PLANE('',#3347);
#4931=POLY_LOOP('',(#497,#498,#499));
#5723=FACE_OUTER_BOUND('',#4931,.T.);
#6515=FACE_SURFACE('',(#5723),#4139,.T.);
#2556=DIRECTION('',(0.,0.,-1.));
#3348=AXIS2_PLACEMENT_3D('',#500,#2556,$);
#4140=PLANE('',#3348);
#4932=POLY_LOOP('',(#500,#501,#502));
#5724=FACE_OUTER_BOUND('',#4932,.T.);
#6516=FACE_SURFACE('',(#5724),#4140,.T.);
#2557=DIRECTION('',(0.,0.,-1.));
#3349=AXIS2_PLACEMENT_3D('',#503,#2557,$);
#4141=PLANE('',#3349);
#4933=POLY_LOOP('',(#503,#504,#505));
#5725=FACE_OUTER_BOUND('',#4933,.T.);
#6517=FACE_SURFACE('',(#5725),#4141,.T.);
#2558=DIRECTION('',(0.,0.,-1.));
#3350=AXIS2_PLACEMENT_3D('',#506,#2558,$);
#4142=PLANE('',#3350);
#4934=POLY_LOOP('',(#506,#507,#508));
#5726=FACE_OUTER_BOUND('',#4934,.T.);
#6518=FACE_SURFACE('',(#5726),#4142,.T.);
#2559=DIRECTION('',(0.,0.,-1.));
#3351=AXIS2_PLACEMENT_3D('',#509,#2559,$);
#4143=PLANE('',#3351);
#4935=POLY_LOOP('',(#509,#510,#511));
#5727=FACE_OUTER_BOUND('',#4935,.T.);
#6519=FACE_SURFACE('',(#5727),#4143,.T.);
#2560=DIRECTION('',(0.,0.,-1.));
#3352=AXIS2_PLACEMENT_3D('',#512,#2560,$);
#4144=PLANE('',#3352);
#4936=POLY_LOOP('',(#512,#513,#514));
#5728=FACE_OUTER_BOUND('',#4936,.T.);
#6520=FACE_SURFACE('',(#5728),#4144,.T.);
#2561=DIRECTION('',(0.,0.,-1.));
#3353=AXIS2_PLACEMENT_3D('',#515,#2561,$);
#4145=PLANE('',#3353);
#4937=POLY_LOOP('',(#515,#516,#517));
#5729=FACE_OUTER_BOUND('',#4937,.T.);
#6521=FACE_SURFACE('',(#5729),#4145,.T.);
#2562=DIRECTION('',(0.,0.,-1.));
#3354=AXIS2_PLACEMENT_3D('',#518,#2562,$);
#4146=PLANE('',#3354);
#4938=POLY_LOOP('',(#518,#519,#520));
#5730=FACE_OUTER_BOUND('',#4938,.T.);
#6522=FACE_SURFACE('',(#5730),#4146,.T.);
#2563=DIRECTION('',(0.,0.,-1.));
#3355=AXIS2_PLACEMENT_3D('',#521,#2563,$);
#4147=PLANE('',#3355);
#4939=POLY_LOOP('',(#521,#522,#523));
#5731=FACE_OUTER_BOUND('',#4939,.T.);
#6523=FACE_SURFACE('',(#5731),#4147,.T.);
#2564=DIRECTION('',(0.,0.,-1.));
#3356=AXIS2_PLACEMENT_3D('',#524,#2564,$);
#4148=PLANE('',#3356);
#4940=POLY_LOOP('',(#524,#525,#526));
#5732=FACE_OUTER_BOUND('',#4940,.T.);
#6524=FACE_SURFACE('',(#5732),#4148,.T.);
#2565=DIRECTION('',(0.,0.,-1.));
#3357=AXIS2_PLACEMENT_3D('',#527,#2565,$);
#4149=PLANE('',#3357);
#4941=POLY_LOOP('',(#527,#528,#529));
#5733=FACE_OUTER_BOUND('',#4941,.T.);
#6525=FACE_SURFACE('',(#5733),#4149,.T.);
#2566=DIRECTION('',(0.,0.,-1.));
#3358=AXIS2_PLACEMENT_3D('',#530,#2566,$);
#4150=PLANE('',#3358);
#4942=POLY_LOOP('',(#530,#531,#532));
#5734=FACE_OUTER_BOUND('',#4942,.T.);
#6526=FACE_SURFACE('',(#5734),#4150,.T.);
#2567=DIRECTION('',(0.,0.,-1.));
#3359=AXIS2_PLACEMENT_3D('',#533,#2567,$);
#4151=PLANE('',#3359);
#4943=POLY_LOOP('',(#533,#534,#535));
#5735=FACE_OUTER_BOUND('',#4943,.T.);
#6527=FACE_SURFACE('',(#5735),#4151,.T.);
#2568=DIRECTION('',(0.,0.,-1.));
#3360=AXIS2_PLACEMENT_3D('',#536,#2568,$);
#4152=PLANE('',#3360);
#4944=POLY_LOOP('',(#536,#537,#538));
#5736=FACE_OUTER_BOUND('',#4944,.T.);
#6528=FACE_SURFACE('',(#5736),#4152,.T.);
#2569=DIRECTION('',(0.,0.,-1.));
#3361=AXIS2_PLACEMENT_3D('',#539,#2569,$);
#4153=PLANE('',#3361);
#4945=POLY_LOOP('',(#539,#540,#541));
#5737=FACE_OUTER_BOUND('',#4945,.T.);
#6529=FACE_SURFACE('',(#5737),#4153,.T.);
#2570=DIRECTION('',(0.,0.,-1.));
#3362=AXIS2_PLACEMENT_3D('',#542,#2570,$);
#4154=PLANE('',#3362);
#4946=POLY_LOOP('',(#542,#543,#544));
#5738=FACE_OUTER_BOUND('',#4946,.T.);
#6530=FACE_SURFACE('',(#5738),#4154,.T.);
#2571=DIRECTION('',(0.,0.,-1.));
#3363=AXIS2_PLACEMENT_3D('',#545,#2571,$);
#4155=PLANE('',#3363);
#4947=POLY_LOOP('',(#545,#546,#547));
#5739=FACE_OUTER_BOUND('',#4947,.T.);
#6531=FACE_SURFACE('',(#5739),#4155,.T.);
#2572=DIRECTION('',(0.,0.,-1.));
#3364=AXIS2_PLACEMENT_3D('',#548,#2572,$);
#4156=PLANE('',#3364);
#4948=POLY_LOOP('',(#548,#549,#550));
#5740=FACE_OUTER_BOUND('',#4948,.T.);
#6532=FACE_SURFACE('',(#5740),#4156,.T.);
#2573=DIRECTION('',(0.,0.,-1.));
#3365=AXIS2_PLACEMENT_3D('',#551,#2573,$);
#4157=PLANE('',#3365);
#4949=POLY_LOOP('',(#551,#552,#553));
#5741=FACE_OUTER_BOUND('',#4949,.T.);
#6533=FACE_SURFACE('',(#5741),#4157,.T.);
#2574=DIRECTION('',(0.,0.,-1.));
#3366=AXIS2_PLACEMENT_3D('',#554,#2574,$);
#4158=PLANE('',#3366);
#4950=POLY_LOOP('',(#554,#555,#556));
#5742=FACE_OUTER_BOUND('',#4950,.T.);
#6534=FACE_SURFACE('',(#5742),#4158,.T.);
#2575=DIRECTION('',(0.,0.,-1.));
#3367=AXIS2_PLACEMENT_3D('',#557,#2575,$);
#4159=PLANE('',#3367);
#4951=POLY_LOOP('',(#557,#558,#559));
#5743=FACE_OUTER_BOUND('',#4951,.T.);
#6535=FACE_SURFACE('',(#5743),#4159,.T.);
#2576=DIRECTION('',(0.,0.,-1.));
#3368=AXIS2_PLACEMENT_3D('',#560,#2576,$);
#4160=PLANE('',#3368);
#4952=POLY_LOOP('',(#560,#561,#562));
#5744=FACE_OUTER_BOUND('',#4952,.T.);
#6536=FACE_SURFACE('',(#5744),#4160,.T.);
#2577=DIRECTION('',(0.,0.,-1.));
#3369=AXIS2_PLACEMENT_3D('',#563,#2577,$);
#4161=PLANE('',#3369);
#4953=POLY_LOOP('',(#563,#564,#565));
#5745=FACE_OUTER_BOUND('',#4953,.T.);
#6537=FACE_SURFACE('',(#5745),#4161,.T.);
#2578=DIRECTION('',(0.,0.,-1.));
#3370=AXIS2_PLACEMENT_3D('',#566,#2578,$);
#4162=PLANE('',#3370);
#4954=POLY_LOOP('',(#566,#567,#568));
#5746=FACE_OUTER_BOUND('',#4954,.T.);
#6538=FACE_SURFACE('',(#5746),#4162,.T.);
#2579=DIRECTION('',(0.,0.,-1.));
#3371=AXIS2_PLACEMENT_3D('',#569,#2579,$);
#4163=PLANE('',#3371);
#4955=POLY_LOOP('',(#569,#570,#571));
#5747=FACE_OUTER_BOUND('',#4955,.T.);
#6539=FACE_SURFACE('',(#5747),#4163,.T.);
#2580=DIRECTION('',(0.,0.,-1.));
#3372=AXIS2_PLACEMENT_3D('',#572,#2580,$);
#4164=PLANE('',#3372);
#4956=POLY_LOOP('',(#572,#573,#574));
#5748=FACE_OUTER_BOUND('',#4956,.T.);
#6540=FACE_SURFACE('',(#5748),#4164,.T.);
#2581=DIRECTION('',(0.,0.,-1.));
#3373=AXIS2_PLACEMENT_3D('',#575,#2581,$);
#4165=PLANE('',#3373);
#4957=POLY_LOOP('',(#575,#576,#577));
#5749=FACE_OUTER_BOUND('',#4957,.T.);
#6541=FACE_SURFACE('',(#5749),#4165,.T.);
#2582=DIRECTION('',(0.,0.,-1.));
#3374=AXIS2_PLACEMENT_3D('',#578,#2582,$);
#4166=PLANE('',#3374);
#4958=POLY_LOOP('',(#578,#579,#580));
#5750=FACE_OUTER_BOUND('',#4958,.T.);
#6542=FACE_SURFACE('',(#5750),#4166,.T.);
#2583=DIRECTION('',(0.,0.,-1.));
#3375=AXIS2_PLACEMENT_3D('',#581,#2583,$);
#4167=PLANE('',#3375);
#4959=POLY_LOOP('',(#581,#582,#583));
#5751=FACE_OUTER_BOUND('',#4959,.T.);
#6543=FACE_SURFACE('',(#5751),#4167,.T.);
#2584=DIRECTION('',(0.,0.,-1.));
#3376=AXIS2_PLACEMENT_3D('',#584,#2584,$);
#4168=PLANE('',#3376);
#4960=POLY_LOOP('',(#584,#585,#586));
#5752=FACE_OUTER_BOUND('',#4960,.T.);
#6544=FACE_SURFACE('',(#5752),#4168,.T.);
#2585=DIRECTION('',(0.,0.,-1.));
#3377=AXIS2_PLACEMENT_3D('',#587,#2585,$);
#4169=PLANE('',#3377);
#4961=POLY_LOOP('',(#587,#588,#589));
#5753=FACE_OUTER_BOUND('',#4961,.T.);
#6545=FACE_SURFACE('',(#5753),#4169,.T.);
#2586=DIRECTION('',(0.,0.,-1.));
#3378=AXIS2_PLACEMENT_3D('',#590,#2586,$);
#4170=PLANE('',#3378);
#4962=POLY_LOOP('',(#590,#591,#592));
#5754=FACE_OUTER_BOUND('',#4962,.T.);
#6546=FACE_SURFACE('',(#5754),#4170,.T.);
#2587=DIRECTION('',(0.,0.,-1.));
#3379=AXIS2_PLACEMENT_3D('',#593,#2587,$);
#4171=PLANE('',#3379);
#4963=POLY_LOOP('',(#593,#594,#595));
#5755=FACE_OUTER_BOUND('',#4963,.T.);
#6547=FACE_SURFACE('',(#5755),#4171,.T.);
#2588=DIRECTION('',(0.,0.,-1.));
#3380=AXIS2_PLACEMENT_3D('',#596,#2588,$);
#4172=PLANE('',#3380);
#4964=POLY_LOOP('',(#596,#597,#598));
#5756=FACE_OUTER_BOUND('',#4964,.T.);
#6548=FACE_SURFACE('',(#5756),#4172,.T.);
#2589=DIRECTION('',(0.,0.,-1.));
#3381=AXIS2_PLACEMENT_3D('',#599,#2589,$);
#4173=PLANE('',#3381);
#4965=POLY_LOOP('',(#599,#600,#601));
#5757=FACE_OUTER_BOUND('',#4965,.T.);
#6549=FACE_SURFACE('',(#5757),#4173,.T.);
#2590=DIRECTION('',(0.,0.,-1.));
#3382=AXIS2_PLACEMENT_3D('',#602,#2590,$);
#4174=PLANE('',#3382);
#4966=POLY_LOOP('',(#602,#603,#604));
#5758=FACE_OUTER_BOUND('',#4966,.T.);
#6550=FACE_SURFACE('',(#5758),#4174,.T.);
#2591=DIRECTION('',(0.,0.,-1.));
#3383=AXIS2_PLACEMENT_3D('',#605,#2591,$);
#4175=PLANE('',#3383);
#4967=POLY_LOOP('',(#605,#606,#607));
#5759=FACE_OUTER_BOUND('',#4967,.T.);
#6551=FACE_SURFACE('',(#5759),#4175,.T.);
#2592=DIRECTION('',(0.,0.,-1.));
#3384=AXIS2_PLACEMENT_3D('',#608,#2592,$);
#4176=PLANE('',#3384);
#4968=POLY_LOOP('',(#608,#609,#610));
#5760=FACE_OUTER_BOUND('',#4968,.T.);
#6552=FACE_SURFACE('',(#5760),#4176,.T.);
#2593=DIRECTION('',(0.,0.,-1.));
#3385=AXIS2_PLACEMENT_3D('',#611,#2593,$);
#4177=PLANE('',#3385);
#4969=POLY_LOOP('',(#611,#612,#613));
#5761=FACE_OUTER_BOUND('',#4969,.T.);
#6553=FACE_SURFACE('',(#5761),#4177,.T.);
#2594=DIRECTION('',(0.,0.,-1.));
#3386=AXIS2_PLACEMENT_3D('',#614,#2594,$);
#4178=PLANE('',#3386);
#4970=POLY_LOOP('',(#614,#615,#616));
#5762=FACE_OUTER_BOUND('',#4970,.T.);
#6554=FACE_SURFACE('',(#5762),#4178,.T.);
#2595=DIRECTION('',(0.,0.,-1.));
#3387=AXIS2_PLACEMENT_3D('',#617,#2595,$);
#4179=PLANE('',#3387);
#4971=POLY_LOOP('',(#617,#618,#619));
#5763=FACE_OUTER_BOUND('',#4971,.T.);
#6555=FACE_SURFACE('',(#5763),#4179,.T.);
#2596=DIRECTION('',(0.,0.,-1.));
#3388=AXIS2_PLACEMENT_3D('',#620,#2596,$);
#4180=PLANE('',#3388);
#4972=POLY_LOOP('',(#620,#621,#622));
#5764=FACE_OUTER_BOUND('',#4972,.T.);
#6556=FACE_SURFACE('',(#5764),#4180,.T.);
#2597=DIRECTION('',(0.,0.,-1.));
#3389=AXIS2_PLACEMENT_3D('',#623,#2597,$);
#4181=PLANE('',#3389);
#4973=POLY_LOOP('',(#623,#624,#625));
#5765=FACE_OUTER_BOUND('',#4973,.T.);
#6557=FACE_SURFACE('',(#5765),#4181,.T.);
#2598=DIRECTION('',(0.,0.,-1.));
#3390=AXIS2_PLACEMENT_3D('',#626,#2598,$);
#4182=PLANE('',#3390);
#4974=POLY_LOOP('',(#626,#627,#628));
#5766=FACE_OUTER_BOUND('',#4974,.T.);
#6558=FACE_SURFACE('',(#5766),#4182,.T.);
#2599=DIRECTION('',(0.,0.,-1.));
#3391=AXIS2_PLACEMENT_3D('',#629,#2599,$);
#4183=PLANE('',#3391);
#4975=POLY_LOOP('',(#629,#630,#631));
#5767=FACE_OUTER_BOUND('',#4975,.T.);
#6559=FACE_SURFACE('',(#5767),#4183,.T.);
#2600=DIRECTION('',(0.,0.,-1.));
#3392=AXIS2_PLACEMENT_3D('',#632,#2600,$);
#4184=PLANE('',#3392);
#4976=POLY_LOOP('',(#632,#633,#634));
#5768=FACE_OUTER_BOUND('',#4976,.T.);
#6560=FACE_SURFACE('',(#5768),#4184,.T.);
#2601=DIRECTION('',(0.,0.,-1.));
#3393=AXIS2_PLACEMENT_3D('',#635,#2601,$);
#4185=PLANE('',#3393);
#4977=POLY_LOOP('',(#635,#636,#637));
#5769=FACE_OUTER_BOUND('',#4977,.T.);
#6561=FACE_SURFACE('',(#5769),#4185,.T.);
#2602=DIRECTION('',(0.,0.,-1.));
#3394=AXIS2_PLACEMENT_3D('',#638,#2602,$);
#4186=PLANE('',#3394);
#4978=POLY_LOOP('',(#638,#639,#640));
#5770=FACE_OUTER_BOUND('',#4978,.T.);
#6562=FACE_SURFACE('',(#5770),#4186,.T.);
#2603=DIRECTION('',(0.,0.,-1.));
#3395=AXIS2_PLACEMENT_3D('',#641,#2603,$);
#4187=PLANE('',#3395);
#4979=POLY_LOOP('',(#641,#642,#643));
#5771=FACE_OUTER_BOUND('',#4979,.T.);
#6563=FACE_SURFACE('',(#5771),#4187,.T.);
#2604=DIRECTION('',(0.,0.,-1.));
#3396=AXIS2_PLACEMENT_3D('',#644,#2604,$);
#4188=PLANE('',#3396);
#4980=POLY_LOOP('',(#644,#645,#646));
#5772=FACE_OUTER_BOUND('',#4980,.T.);
#6564=FACE_SURFACE('',(#5772),#4188,.T.);
#2605=DIRECTION('',(0.,0.,-1.));
#3397=AXIS2_PLACEMENT_3D('',#647,#2605,$);
#4189=PLANE('',#3397);
#4981=POLY_LOOP('',(#647,#648,#649));
#5773=FACE_OUTER_BOUND('',#4981,.T.);
#6565=FACE_SURFACE('',(#5773),#4189,.T.);
#2606=DIRECTION('',(0.,0.,1.));
#3398=AXIS2_PLACEMENT_3D('',#650,#2606,$);
#4190=PLANE('',#3398);
#4982=POLY_LOOP('',(#650,#651,#652));
#5774=FACE_OUTER_BOUND('',#4982,.T.);
#6566=FACE_SURFACE('',(#5774),#4190,.T.);
#2607=DIRECTION('',(0.,0.,1.));
#3399=AXIS2_PLACEMENT_3D('',#653,#2607,$);
#4191=PLANE('',#3399);
#4983=POLY_LOOP('',(#653,#654,#655));
#5775=FACE_OUTER_BOUND('',#4983,.T.);
#6567=FACE_SURFACE('',(#5775),#4191,.T.);
#2608=DIRECTION('',(0.,0.,1.));
#3400=AXIS2_PLACEMENT_3D('',#656,#2608,$);
#4192=PLANE('',#3400);
#4984=POLY_LOOP('',(#656,#657,#658));
#5776=FACE_OUTER_BOUND('',#4984,.T.);
#6568=FACE_SURFACE('',(#5776),#4192,.T.);
#2609=DIRECTION('',(0.,0.,1.));
#3401=AXIS2_PLACEMENT_3D('',#659,#2609,$);
#4193=PLANE('',#3401);
#4985=POLY_LOOP('',(#659,#660,#661));
#5777=FACE_OUTER_BOUND('',#4985,.T.);
#6569=FACE_SURFACE('',(#5777),#4193,.T.);
#2610=DIRECTION('',(0.,0.,1.));
#3402=AXIS2_PLACEMENT_3D('',#662,#2610,$);
#4194=PLANE('',#3402);
#4986=POLY_LOOP('',(#662,#663,#664));
#5778=FACE_OUTER_BOUND('',#4986,.T.);
#6570=FACE_SURFACE('',(#5778),#4194,.T.);
#2611=DIRECTION('',(0.,0.,1.));
#3403=AXIS2_PLACEMENT_3D('',#665,#2611,$);
#4195=PLANE('',#3403);
#4987=POLY_LOOP('',(#665,#666,#667));
#5779=FACE_OUTER_BOUND('',#4987,.T.);
#6571=FACE_SURFACE('',(#5779),#4195,.T.);
#2612=DIRECTION('',(0.,0.,1.));
#3404=AXIS2_PLACEMENT_3D('',#668,#2612,$);
#4196=PLANE('',#3404);
#4988=POLY_LOOP('',(#668,#669,#670));
#5780=FACE_OUTER_BOUND('',#4988,.T.);
#6572=FACE_SURFACE('',(#5780),#4196,.T.);
#2613=DIRECTION('',(0.,0.,1.));
#3405=AXIS2_PLACEMENT_3D('',#671,#2613,$);
#4197=PLANE('',#3405);
#4989=POLY_LOOP('',(#671,#672,#673));
#5781=FACE_OUTER_BOUND('',#4989,.T.);
#6573=FACE_SURFACE('',(#5781),#4197,.T.);
#2614=DIRECTION('',(0.,0.,1.));
#3406=AXIS2_PLACEMENT_3D('',#674,#2614,$);
#4198=PLANE('',#3406);
#4990=POLY_LOOP('',(#674,#675,#676));
#5782=FACE_OUTER_BOUND('',#4990,.T.);
#6574=FACE_SURFACE('',(#5782),#4198,.T.);
#2615=DIRECTION('',(0.,0.,1.));
#3407=AXIS2_PLACEMENT_3D('',#677,#2615,$);
#4199=PLANE('',#3407);
#4991=POLY_LOOP('',(#677,#678,#679));
#5783=FACE_OUTER_BOUND('',#4991,.T.);
#6575=FACE_SURFACE('',(#5783),#4199,.T.);
#2616=DIRECTION('',(0.,0.,1.));
#3408=AXIS2_PLACEMENT_3D('',#680,#2616,$);
#4200=PLANE('',#3408);
#4992=POLY_LOOP('',(#680,#681,#682));
#5784=FACE_OUTER_BOUND('',#4992,.T.);
#6576=FACE_SURFACE('',(#5784),#4200,.T.);
#2617=DIRECTION('',(0.,0.,1.));
#3409=AXIS2_PLACEMENT_3D('',#683,#2617,$);
#4201=PLANE('',#3409);
#4993=POLY_LOOP('',(#683,#684,#685));
#5785=FACE_OUTER_BOUND('',#4993,.T.);
#6577=FACE_SURFACE('',(#5785),#4201,.T.);
#2618=DIRECTION('',(0.,0.,1.));
#3410=AXIS2_PLACEMENT_3D('',#686,#2618,$);
#4202=PLANE('',#3410);
#4994=POLY_LOOP('',(#686,#687,#688));
#5786=FACE_OUTER_BOUND('',#4994,.T.);
#6578=FACE_SURFACE('',(#5786),#4202,.T.);
#2619=DIRECTION('',(0.,0.,1.));
#3411=AXIS2_PLACEMENT_3D('',#689,#2619,$);
#4203=PLANE('',#3411);
#4995=POLY_LOOP('',(#689,#690,#691));
#5787=FACE_OUTER_BOUND('',#4995,.T.);
#6579=FACE_SURFACE('',(#5787),#4203,.T.);
#2620=DIRECTION('',(0.,0.,1.));
#3412=AXIS2_PLACEMENT_3D('',#692,#2620,$);
#4204=PLANE('',#3412);
#4996=POLY_LOOP('',(#692,#693,#694));
#5788=FACE_OUTER_BOUND('',#4996,.T.);
#6580=FACE_SURFACE('',(#5788),#4204,.T.);
#2621=DIRECTION('',(0.,0.,1.));
#3413=AXIS2_PLACEMENT_3D('',#695,#2621,$);
#4205=PLANE('',#3413);
#4997=POLY_LOOP('',(#695,#696,#697));
#5789=FACE_OUTER_BOUND('',#4997,.T.);
#6581=FACE_SURFACE('',(#5789),#4205,.T.);
#2622=DIRECTION('',(0.,0.,1.));
#3414=AXIS2_PLACEMENT_3D('',#698,#2622,$);
#4206=PLANE('',#3414);
#4998=POLY_LOOP('',(#698,#699,#700));
#5790=FACE_OUTER_BOUND('',#4998,.T.);
#6582=FACE_SURFACE('',(#5790),#4206,.T.);
#2623=DIRECTION('',(0.,0.,1.));
#3415=AXIS2_PLACEMENT_3D('',#701,#2623,$);
#4207=PLANE('',#3415);
#4999=POLY_LOOP('',(#701,#702,#703));
#5791=FACE_OUTER_BOUND('',#4999,.T.);
#6583=FACE_SURFACE('',(#5791),#4207,.T.);
#2624=DIRECTION('',(0.,0.,1.));
#3416=AXIS2_PLACEMENT_3D('',#704,#2624,$);
#4208=PLANE('',#3416);
#5000=POLY_LOOP('',(#704,#705,#706));
#5792=FACE_OUTER_BOUND('',#5000,.T.);
#6584=FACE_SURFACE('',(#5792),#4208,.T.);
#2625=DIRECTION('',(0.,0.,1.));
#3417=AXIS2_PLACEMENT_3D('',#707,#2625,$);
#4209=PLANE('',#3417);
#5001=POLY_LOOP('',(#707,#708,#709));
#5793=FACE_OUTER_BOUND('',#5001,.T.);
#6585=FACE_SURFACE('',(#5793),#4209,.T.);
#2626=DIRECTION('',(0.,0.,1.));
#3418=AXIS2_PLACEMENT_3D('',#710,#2626,$);
#4210=PLANE('',#3418);
#5002=POLY_LOOP('',(#710,#711,#712));
#5794=FACE_OUTER_BOUND('',#5002,.T.);
#6586=FACE_SURFACE('',(#5794),#4210,.T.);
#2627=DIRECTION('',(0.,0.,1.));
#3419=AXIS2_PLACEMENT_3D('',#713,#2627,$);
#4211=PLANE('',#3419);
#5003=POLY_LOOP('',(#713,#714,#715));
#5795=FACE_OUTER_BOUND('',#5003,.T.);
#6587=FACE_SURFACE('',(#5795),#4211,.T.);
#2628=DIRECTION('',(0.,0.,1.));
#3420=AXIS2_PLACEMENT_3D('',#716,#2628,$);
#4212=PLANE('',#3420);
#5004=POLY_LOOP('',(#716,#717,#718));
#5796=FACE_OUTER_BOUND('',#5004,.T.);
#6588=FACE_SURFACE('',(#5796),#4212,.T.);
#2629=DIRECTION('',(0.,0.,1.));
#3421=AXIS2_PLACEMENT_3D('',#719,#2629,$);
#4213=PLANE('',#3421);
#5005=POLY_LOOP('',(#719,#720,#721));
#5797=FACE_OUTER_BOUND('',#5005,.T.);
#6589=FACE_SURFACE('',(#5797),#4213,.T.);
#2630=DIRECTION('',(0.,0.,1.));
#3422=AXIS2_PLACEMENT_3D('',#722,#2630,$);
#4214=PLANE('',#3422);
#5006=POLY_LOOP('',(#722,#723,#724));
#5798=FACE_OUTER_BOUND('',#5006,.T.);
#6590=FACE_SURFACE('',(#5798),#4214,.T.);
#2631=DIRECTION('',(0.,0.,1.));
#3423=AXIS2_PLACEMENT_3D('',#725,#2631,$);
#4215=PLANE('',#3423);
#5007=POLY_LOOP('',(#725,#726,#727));
#5799=FACE_OUTER_BOUND('',#5007,.T.);
#6591=FACE_SURFACE('',(#5799),#4215,.T.);
#2632=DIRECTION('',(0.,0.,1.));
#3424=AXIS2_PLACEMENT_3D('',#728,#2632,$);
#4216=PLANE('',#3424);
#5008=POLY_LOOP('',(#728,#729,#730));
#5800=FACE_OUTER_BOUND('',#5008,.T.);
#6592=FACE_SURFACE('',(#5800),#4216,.T.);
#2633=DIRECTION('',(0.,0.,1.));
#3425=AXIS2_PLACEMENT_3D('',#731,#2633,$);
#4217=PLANE('',#3425);
#5009=POLY_LOOP('',(#731,#732,#733));
#5801=FACE_OUTER_BOUND('',#5009,.T.);
#6593=FACE_SURFACE('',(#5801),#4217,.T.);
#2634=DIRECTION('',(0.,0.,1.));
#3426=AXIS2_PLACEMENT_3D('',#734,#2634,$);
#4218=PLANE('',#3426);
#5010=POLY_LOOP('',(#734,#735,#736));
#5802=FACE_OUTER_BOUND('',#5010,.T.);
#6594=FACE_SURFACE('',(#5802),#4218,.T.);
#2635=DIRECTION('',(0.,0.,1.));
#3427=AXIS2_PLACEMENT_3D('',#737,#2635,$);
#4219=PLANE('',#3427);
#5011=POLY_LOOP('',(#737,#738,#739));
#5803=FACE_OUTER_BOUND('',#5011,.T.);
#6595=FACE_SURFACE('',(#5803),#4219,.T.);
#2636=DIRECTION('',(0.,0.,1.));
#3428=AXIS2_PLACEMENT_3D('',#740,#2636,$);
#4220=PLANE('',#3428);
#5012=POLY_LOOP('',(#740,#741,#742));
#5804=FACE_OUTER_BOUND('',#5012,.T.);
#6596=FACE_SURFACE('',(#5804),#4220,.T.);
#2637=DIRECTION('',(0.,0.,1.));
#3429=AXIS2_PLACEMENT_3D('',#743,#2637,$);
#4221=PLANE('',#3429);
#5013=POLY_LOOP('',(#743,#744,#745));
#5805=FACE_OUTER_BOUND('',#5013,.T.);
#6597=FACE_SURFACE('',(#5805),#4221,.T.);
#2638=DIRECTION('',(0.,0.,1.));
#3430=AXIS2_PLACEMENT_3D('',#746,#2638,$);
#4222=PLANE('',#3430);
#5014=POLY_LOOP('',(#746,#747,#748));
#5806=FACE_OUTER_BOUND('',#5014,.T.);
#6598=FACE_SURFACE('',(#5806),#4222,.T.);
#2639=DIRECTION('',(0.,0.,1.));
#3431=AXIS2_PLACEMENT_3D('',#749,#2639,$);
#4223=PLANE('',#3431);
#5015=POLY_LOOP('',(#749,#750,#751));
#5807=FACE_OUTER_BOUND('',#5015,.T.);
#6599=FACE_SURFACE('',(#5807),#4223,.T.);
#2640=DIRECTION('',(0.,0.,1.));
#3432=AXIS2_PLACEMENT_3D('',#752,#2640,$);
#4224=PLANE('',#3432);
#5016=POLY_LOOP('',(#752,#753,#754));
#5808=FACE_OUTER_BOUND('',#5016,.T.);
#6600=FACE_SURFACE('',(#5808),#4224,.T.);
#2641=DIRECTION('',(0.,0.,1.));
#3433=AXIS2_PLACEMENT_3D('',#755,#2641,$);
#4225=PLANE('',#3433);
#5017=POLY_LOOP('',(#755,#756,#757));
#5809=FACE_OUTER_BOUND('',#5017,.T.);
#6601=FACE_SURFACE('',(#5809),#4225,.T.);
#2642=DIRECTION('',(0.,0.,1.));
#3434=AXIS2_PLACEMENT_3D('',#758,#2642,$);
#4226=PLANE('',#3434);
#5018=POLY_LOOP('',(#758,#759,#760));
#5810=FACE_OUTER_BOUND('',#5018,.T.);
#6602=FACE_SURFACE('',(#5810),#4226,.T.);
#2643=DIRECTION('',(0.,0.,1.));
#3435=AXIS2_PLACEMENT_3D('',#761,#2643,$);
#4227=PLANE('',#3435);
#5019=POLY_LOOP('',(#761,#762,#763));
#5811=FACE_OUTER_BOUND('',#5019,.T.);
#6603=FACE_SURFACE('',(#5811),#4227,.T.);
#2644=DIRECTION('',(0.,0.,1.));
#3436=AXIS2_PLACEMENT_3D('',#764,#2644,$);
#4228=PLANE('',#3436);
#5020=POLY_LOOP('',(#764,#765,#766));
#5812=FACE_OUTER_BOUND('',#5020,.T.);
#6604=FACE_SURFACE('',(#5812),#4228,.T.);
#2645=DIRECTION('',(0.,0.,1.));
#3437=AXIS2_PLACEMENT_3D('',#767,#2645,$);
#4229=PLANE('',#3437);
#5021=POLY_LOOP('',(#767,#768,#769));
#5813=FACE_OUTER_BOUND('',#5021,.T.);
#6605=FACE_SURFACE('',(#5813),#4229,.T.);
#2646=DIRECTION('',(0.,0.,1.));
#3438=AXIS2_PLACEMENT_3D('',#770,#2646,$);
#4230=PLANE('',#3438);
#5022=POLY_LOOP('',(#770,#771,#772));
#5814=FACE_OUTER_BOUND('',#5022,.T.);
#6606=FACE_SURFACE('',(#5814),#4230,.T.);
#2647=DIRECTION('',(0.,0.,1.));
#3439=AXIS2_PLACEMENT_3D('',#773,#2647,$);
#4231=PLANE('',#3439);
#5023=POLY_LOOP('',(#773,#774,#775));
#5815=FACE_OUTER_BOUND('',#5023,.T.);
#6607=FACE_SURFACE('',(#5815),#4231,.T.);
#2648=DIRECTION('',(0.,0.,1.));
#3440=AXIS2_PLACEMENT_3D('',#776,#2648,$);
#4232=PLANE('',#3440);
#5024=POLY_LOOP('',(#776,#777,#778));
#5816=FACE_OUTER_BOUND('',#5024,.T.);
#6608=FACE_SURFACE('',(#5816),#4232,.T.);
#2649=DIRECTION('',(0.,0.,1.));
#3441=AXIS2_PLACEMENT_3D('',#779,#2649,$);
#4233=PLANE('',#3441);
#5025=POLY_LOOP('',(#779,#780,#781));
#5817=FACE_OUTER_BOUND('',#5025,.T.);
#6609=FACE_SURFACE('',(#5817),#4233,.T.);
#2650=DIRECTION('',(0.,0.,1.));
#3442=AXIS2_PLACEMENT_3D('',#782,#2650,$);
#4234=PLANE('',#3442);
#5026=POLY_LOOP('',(#782,#783,#784));
#5818=FACE_OUTER_BOUND('',#5026,.T.);
#6610=FACE_SURFACE('',(#5818),#4234,.T.);
#2651=DIRECTION('',(0.,0.,1.));
#3443=AXIS2_PLACEMENT_3D('',#785,#2651,$);
#4235=PLANE('',#3443);
#5027=POLY_LOOP('',(#785,#786,#787));
#5819=FACE_OUTER_BOUND('',#5027,.T.);
#6611=FACE_SURFACE('',(#5819),#4235,.T.);
#2652=DIRECTION('',(0.,0.,1.));
#3444=AXIS2_PLACEMENT_3D('',#788,#2652,$);
#4236=PLANE('',#3444);
#5028=POLY_LOOP('',(#788,#789,#790));
#5820=FACE_OUTER_BOUND('',#5028,.T.);
#6612=FACE_SURFACE('',(#5820),#4236,.T.);
#2653=DIRECTION('',(0.,0.,1.));
#3445=AXIS2_PLACEMENT_3D('',#791,#2653,$);
#4237=PLANE('',#3445);
#5029=POLY_LOOP('',(#791,#792,#793));
#5821=FACE_OUTER_BOUND('',#5029,.T.);
#6613=FACE_SURFACE('',(#5821),#4237,.T.);
#2654=DIRECTION('',(0.,0.,1.));
#3446=AXIS2_PLACEMENT_3D('',#794,#2654,$);
#4238=PLANE('',#3446);
#5030=POLY_LOOP('',(#794,#795,#796));
#5822=FACE_OUTER_BOUND('',#5030,.T.);
#6614=FACE_SURFACE('',(#5822),#4238,.T.);
#2655=DIRECTION('',(0.,0.,1.));
#3447=AXIS2_PLACEMENT_3D('',#797,#2655,$);
#4239=PLANE('',#3447);
#5031=POLY_LOOP('',(#797,#798,#799));
#5823=FACE_OUTER_BOUND('',#5031,.T.);
#6615=FACE_SURFACE('',(#5823),#4239,.T.);
#2656=DIRECTION('',(0.,0.,1.));
#3448=AXIS2_PLACEMENT_3D('',#800,#2656,$);
#4240=PLANE('',#3448);
#5032=POLY_LOOP('',(#800,#801,#802));
#5824=FACE_OUTER_BOUND('',#5032,.T.);
#6616=FACE_SURFACE('',(#5824),#4240,.T.);
#2657=DIRECTION('',(0.,0.,1.));
#3449=AXIS2_PLACEMENT_3D('',#803,#2657,$);
#4241=PLANE('',#3449);
#5033=POLY_LOOP('',(#803,#804,#805));
#5825=FACE_OUTER_BOUND('',#5033,.T.);
#6617=FACE_SURFACE('',(#5825),#4241,.T.);
#2658=DIRECTION('',(0.,0.,1.));
#3450=AXIS2_PLACEMENT_3D('',#806,#2658,$);
#4242=PLANE('',#3450);
#5034=POLY_LOOP('',(#806,#807,#808));
#5826=FACE_OUTER_BOUND('',#5034,.T.);
#6618=FACE_SURFACE('',(#5826),#4242,.T.);
#2659=DIRECTION('',(0.,0.,1.));
#3451=AXIS2_PLACEMENT_3D('',#809,#2659,$);
#4243=PLANE('',#3451);
#5035=POLY_LOOP('',(#809,#810,#811));
#5827=FACE_OUTER_BOUND('',#5035,.T.);
#6619=FACE_SURFACE('',(#5827),#4243,.T.);
#2660=DIRECTION('',(0.,0.,1.));
#3452=AXIS2_PLACEMENT_3D('',#812,#2660,$);
#4244=PLANE('',#3452);
#5036=POLY_LOOP('',(#812,#813,#814));
#5828=FACE_OUTER_BOUND('',#5036,.T.);
#6620=FACE_SURFACE('',(#5828),#4244,.T.);
#2661=DIRECTION('',(0.,0.,1.));
#3453=AXIS2_PLACEMENT_3D('',#815,#2661,$);
#4245=PLANE('',#3453);
#5037=POLY_LOOP('',(#815,#816,#817));
#5829=FACE_OUTER_BOUND('',#5037,.T.);
#6621=FACE_SURFACE('',(#5829),#4245,.T.);
#2662=DIRECTION('',(0.,0.,1.));
#3454=AXIS2_PLACEMENT_3D('',#818,#2662,$);
#4246=PLANE('',#3454);
#5038=POLY_LOOP('',(#818,#819,#820));
#5830=FACE_OUTER_BOUND('',#5038,.T.);
#6622=FACE_SURFACE('',(#5830),#4246,.T.);
#2663=DIRECTION('',(0.,0.,1.));
#3455=AXIS2_PLACEMENT_3D('',#821,#2663,$);
#4247=PLANE('',#3455);
#5039=POLY_LOOP('',(#821,#822,#823));
#5831=FACE_OUTER_BOUND('',#5039,.T.);
#6623=FACE_SURFACE('',(#5831),#4247,.T.);
#2664=DIRECTION('',(0.,0.,1.));
#3456=AXIS2_PLACEMENT_3D('',#824,#2664,$);
#4248=PLANE('',#3456);
#5040=POLY_LOOP('',(#824,#825,#826));
#5832=FACE_OUTER_BOUND('',#5040,.T.);
#6624=FACE_SURFACE('',(#5832),#4248,.T.);
#2665=DIRECTION('',(0.,0.,1.));
#3457=AXIS2_PLACEMENT_3D('',#827,#2665,$);
#4249=PLANE('',#3457);
#5041=POLY_LOOP('',(#827,#828,#829));
#5833=FACE_OUTER_BOUND('',#5041,.T.);
#6625=FACE_SURFACE('',(#5833),#4249,.T.);
#2666=DIRECTION('',(0.,0.,1.));
#3458=AXIS2_PLACEMENT_3D('',#830,#2666,$);
#4250=PLANE('',#3458);
#5042=POLY_LOOP('',(#830,#831,#832));
#5834=FACE_OUTER_BOUND('',#5042,.T.);
#6626=FACE_SURFACE('',(#5834),#4250,.T.);
#2667=DIRECTION('',(0.,0.,1.));
#3459=AXIS2_PLACEMENT_3D('',#833,#2667,$);
#4251=PLANE('',#3459);
#5043=POLY_LOOP('',(#833,#834,#835));
#5835=FACE_OUTER_BOUND('',#5043,.T.);
#6627=FACE_SURFACE('',(#5835),#4251,.T.);
#2668=DIRECTION('',(0.,0.,1.));
#3460=AXIS2_PLACEMENT_3D('',#836,#2668,$);
#4252=PLANE('',#3460);
#5044=POLY_LOOP('',(#836,#837,#838));
#5836=FACE_OUTER_BOUND('',#5044,.T.);
#6628=FACE_SURFACE('',(#5836),#4252,.T.);
#2669=DIRECTION('',(0.,0.,1.));
#3461=AXIS2_PLACEMENT_3D('',#839,#2669,$);
#4253=PLANE('',#3461);
#5045=POLY_LOOP('',(#839,#840,#841));
#5837=FACE_OUTER_BOUND('',#5045,.T.);
#6629=FACE_SURFACE('',(#5837),#4253,.T.);
#2670=DIRECTION('',(0.,0.,1.));
#3462=AXIS2_PLACEMENT_3D('',#842,#2670,$);
#4254=PLANE('',#3462);
#5046=POLY_LOOP('',(#842,#843,#844));
#5838=FACE_OUTER_BOUND('',#5046,.T.);
#6630=FACE_SURFACE('',(#5838),#4254,.T.);
#2671=DIRECTION('',(0.,0.,1.));
#3463=AXIS2_PLACEMENT_3D('',#845,#2671,$);
#4255=PLANE('',#3463);
#5047=POLY_LOOP('',(#845,#846,#847));
#5839=FACE_OUTER_BOUND('',#5047,.T.);
#6631=FACE_SURFACE('',(#5839),#4255,.T.);
#2672=DIRECTION('',(0.,0.,1.));
#3464=AXIS2_PLACEMENT_3D('',#848,#2672,$);
#4256=PLANE('',#3464);
#5048=POLY_LOOP('',(#848,#849,#850));
#5840=FACE_OUTER_BOUND('',#5048,.T.);
#6632=FACE_SURFACE('',(#5840),#4256,.T.);
#2673=DIRECTION('',(0.,0.,1.));
#3465=AXIS2_PLACEMENT_3D('',#851,#2673,$);
#4257=PLANE('',#3465);
#5049=POLY_LOOP('',(#851,#852,#853));
#5841=FACE_OUTER_BOUND('',#5049,.T.);
#6633=FACE_SURFACE('',(#5841),#4257,.T.);
#2674=DIRECTION('',(0.,0.,1.));
#3466=AXIS2_PLACEMENT_3D('',#854,#2674,$);
#4258=PLANE('',#3466);
#5050=POLY_LOOP('',(#854,#855,#856));
#5842=FACE_OUTER_BOUND('',#5050,.T.);
#6634=FACE_SURFACE('',(#5842),#4258,.T.);
#2675=DIRECTION('',(0.,0.,1.));
#3467=AXIS2_PLACEMENT_3D('',#857,#2675,$);
#4259=PLANE('',#3467);
#5051=POLY_LOOP('',(#857,#858,#859));
#5843=FACE_OUTER_BOUND('',#5051,.T.);
#6635=FACE_SURFACE('',(#5843),#4259,.T.);
#2676=DIRECTION('',(0.,0.,1.));
#3468=AXIS2_PLACEMENT_3D('',#860,#2676,$);
#4260=PLANE('',#3468);
#5052=POLY_LOOP('',(#860,#861,#862));
#5844=FACE_OUTER_BOUND('',#5052,.T.);
#6636=FACE_SURFACE('',(#5844),#4260,.T.);
#2677=DIRECTION('',(0.,0.,1.));
#3469=AXIS2_PLACEMENT_3D('',#863,#2677,$);
#4261=PLANE('',#3469);
#5053=POLY_LOOP('',(#863,#864,#865));
#5845=FACE_OUTER_BOUND('',#5053,.T.);
#6637=FACE_SURFACE('',(#5845),#4261,.T.);
#2678=DIRECTION('',(0.,0.,1.));
#3470=AXIS2_PLACEMENT_3D('',#866,#2678,$);
#4262=PLANE('',#3470);
#5054=POLY_LOOP('',(#866,#867,#868));
#5846=FACE_OUTER_BOUND('',#5054,.T.);
#6638=FACE_SURFACE('',(#5846),#4262,.T.);
#2679=DIRECTION('',(0.,0.,1.));
#3471=AXIS2_PLACEMENT_3D('',#869,#2679,$);
#4263=PLANE('',#3471);
#5055=POLY_LOOP('',(#869,#870,#871));
#5847=FACE_OUTER_BOUND('',#5055,.T.);
#6639=FACE_SURFACE('',(#5847),#4263,.T.);
#2680=DIRECTION('',(0.,0.,1.));
#3472=AXIS2_PLACEMENT_3D('',#872,#2680,$);
#4264=PLANE('',#3472);
#5056=POLY_LOOP('',(#872,#873,#874));
#5848=FACE_OUTER_BOUND('',#5056,.T.);
#6640=FACE_SURFACE('',(#5848),#4264,.T.);
#2681=DIRECTION('',(0.,0.,1.));
#3473=AXIS2_PLACEMENT_3D('',#875,#2681,$);
#4265=PLANE('',#3473);
#5057=POLY_LOOP('',(#875,#876,#877));
#5849=FACE_OUTER_BOUND('',#5057,.T.);
#6641=FACE_SURFACE('',(#5849),#4265,.T.);
#2682=DIRECTION('',(0.,0.,1.));
#3474=AXIS2_PLACEMENT_3D('',#878,#2682,$);
#4266=PLANE('',#3474);
#5058=POLY_LOOP('',(#878,#879,#880));
#5850=FACE_OUTER_BOUND('',#5058,.T.);
#6642=FACE_SURFACE('',(#5850),#4266,.T.);
#2683=DIRECTION('',(0.,0.,1.));
#3475=AXIS2_PLACEMENT_3D('',#881,#2683,$);
#4267=PLANE('',#3475);
#5059=POLY_LOOP('',(#881,#882,#883));
#5851=FACE_OUTER_BOUND('',#5059,.T.);
#6643=FACE_SURFACE('',(#5851),#4267,.T.);
#2684=DIRECTION('',(0.,0.,1.));
#3476=AXIS2_PLACEMENT_3D('',#884,#2684,$);
#4268=PLANE('',#3476);
#5060=POLY_LOOP('',(#884,#885,#886));
#5852=FACE_OUTER_BOUND('',#5060,.T.);
#6644=FACE_SURFACE('',(#5852),#4268,.T.);
#2685=DIRECTION('',(0.,0.,1.));
#3477=AXIS2_PLACEMENT_3D('',#887,#2685,$);
#4269=PLANE('',#3477);
#5061=POLY_LOOP('',(#887,#888,#889));
#5853=FACE_OUTER_BOUND('',#5061,.T.);
#6645=FACE_SURFACE('',(#5853),#4269,.T.);
#2686=DIRECTION('',(0.,0.,1.));
#3478=AXIS2_PLACEMENT_3D('',#890,#2686,$);
#4270=PLANE('',#3478);
#5062=POLY_LOOP('',(#890,#891,#892));
#5854=FACE_OUTER_BOUND('',#5062,.T.);
#6646=FACE_SURFACE('',(#5854),#4270,.T.);
#2687=DIRECTION('',(0.,0.,1.));
#3479=AXIS2_PLACEMENT_3D('',#893,#2687,$);
#4271=PLANE('',#3479);
#5063=POLY_LOOP('',(#893,#894,#895));
#5855=FACE_OUTER_BOUND('',#5063,.T.);
#6647=FACE_SURFACE('',(#5855),#4271,.T.);
#2688=DIRECTION('',(0.,0.,1.));
#3480=AXIS2_PLACEMENT_3D('',#896,#2688,$);
#4272=PLANE('',#3480);
#5064=POLY_LOOP('',(#896,#897,#898));
#5856=FACE_OUTER_BOUND('',#5064,.T.);
#6648=FACE_SURFACE('',(#5856),#4272,.T.);
#2689=DIRECTION('',(0.,0.,1.));
#3481=AXIS2_PLACEMENT_3D('',#899,#2689,$);
#4273=PLANE('',#3481);
#5065=POLY_LOOP('',(#899,#900,#901));
#5857=FACE_OUTER_BOUND('',#5065,.T.);
#6649=FACE_SURFACE('',(#5857),#4273,.T.);
#2690=DIRECTION('',(0.,0.,1.));
#3482=AXIS2_PLACEMENT_3D('',#902,#2690,$);
#4274=PLANE('',#3482);
#5066=POLY_LOOP('',(#902,#903,#904));
#5858=FACE_OUTER_BOUND('',#5066,.T.);
#6650=FACE_SURFACE('',(#5858),#4274,.T.);
#2691=DIRECTION('',(0.,0.,1.));
#3483=AXIS2_PLACEMENT_3D('',#905,#2691,$);
#4275=PLANE('',#3483);
#5067=POLY_LOOP('',(#905,#906,#907));
#5859=FACE_OUTER_BOUND('',#5067,.T.);
#6651=FACE_SURFACE('',(#5859),#4275,.T.);
#2692=DIRECTION('',(0.,0.,1.));
#3484=AXIS2_PLACEMENT_3D('',#908,#2692,$);
#4276=PLANE('',#3484);
#5068=POLY_LOOP('',(#908,#909,#910));
#5860=FACE_OUTER_BOUND('',#5068,.T.);
#6652=FACE_SURFACE('',(#5860),#4276,.T.);
#2693=DIRECTION('',(0.,0.,1.));
#3485=AXIS2_PLACEMENT_3D('',#911,#2693,$);
#4277=PLANE('',#3485);
#5069=POLY_LOOP('',(#911,#912,#913));
#5861=FACE_OUTER_BOUND('',#5069,.T.);
#6653=FACE_SURFACE('',(#5861),#4277,.T.);
#2694=DIRECTION('',(0.,0.,1.));
#3486=AXIS2_PLACEMENT_3D('',#914,#2694,$);
#4278=PLANE('',#3486);
#5070=POLY_LOOP('',(#914,#915,#916));
#5862=FACE_OUTER_BOUND('',#5070,.T.);
#6654=FACE_SURFACE('',(#5862),#4278,.T.);
#2695=DIRECTION('',(0.,0.,1.));
#3487=AXIS2_PLACEMENT_3D('',#917,#2695,$);
#4279=PLANE('',#3487);
#5071=POLY_LOOP('',(#917,#918,#919));
#5863=FACE_OUTER_BOUND('',#5071,.T.);
#6655=FACE_SURFACE('',(#5863),#4279,.T.);
#2696=DIRECTION('',(0.,0.,1.));
#3488=AXIS2_PLACEMENT_3D('',#920,#2696,$);
#4280=PLANE('',#3488);
#5072=POLY_LOOP('',(#920,#921,#922));
#5864=FACE_OUTER_BOUND('',#5072,.T.);
#6656=FACE_SURFACE('',(#5864),#4280,.T.);
#2697=DIRECTION('',(0.,0.,1.));
#3489=AXIS2_PLACEMENT_3D('',#923,#2697,$);
#4281=PLANE('',#3489);
#5073=POLY_LOOP('',(#923,#924,#925));
#5865=FACE_OUTER_BOUND('',#5073,.T.);
#6657=FACE_SURFACE('',(#5865),#4281,.T.);
#2698=DIRECTION('',(0.,0.,1.));
#3490=AXIS2_PLACEMENT_3D('',#926,#2698,$);
#4282=PLANE('',#3490);
#5074=POLY_LOOP('',(#926,#927,#928));
#5866=FACE_OUTER_BOUND('',#5074,.T.);
#6658=FACE_SURFACE('',(#5866),#4282,.T.);
#2699=DIRECTION('',(0.,0.,1.));
#3491=AXIS2_PLACEMENT_3D('',#929,#2699,$);
#4283=PLANE('',#3491);
#5075=POLY_LOOP('',(#929,#930,#931));
#5867=FACE_OUTER_BOUND('',#5075,.T.);
#6659=FACE_SURFACE('',(#5867),#4283,.T.);
#2700=DIRECTION('',(0.,0.,1.));
#3492=AXIS2_PLACEMENT_3D('',#932,#2700,$);
#4284=PLANE('',#3492);
#5076=POLY_LOOP('',(#932,#933,#934));
#5868=FACE_OUTER_BOUND('',#5076,.T.);
#6660=FACE_SURFACE('',(#5868),#4284,.T.);
#2701=DIRECTION('',(0.,0.,1.));
#3493=AXIS2_PLACEMENT_3D('',#935,#2701,$);
#4285=PLANE('',#3493);
#5077=POLY_LOOP('',(#935,#936,#937));
#5869=FACE_OUTER_BOUND('',#5077,.T.);
#6661=FACE_SURFACE('',(#5869),#4285,.T.);
#2702=DIRECTION('',(0.,0.,1.));
#3494=AXIS2_PLACEMENT_3D('',#938,#2702,$);
#4286=PLANE('',#3494);
#5078=POLY_LOOP('',(#938,#939,#940));
#5870=FACE_OUTER_BOUND('',#5078,.T.);
#6662=FACE_SURFACE('',(#5870),#4286,.T.);
#2703=DIRECTION('',(0.,0.,1.));
#3495=AXIS2_PLACEMENT_3D('',#941,#2703,$);
#4287=PLANE('',#3495);
#5079=POLY_LOOP('',(#941,#942,#943));
#5871=FACE_OUTER_BOUND('',#5079,.T.);
#6663=FACE_SURFACE('',(#5871),#4287,.T.);
#2704=DIRECTION('',(0.,0.,1.));
#3496=AXIS2_PLACEMENT_3D('',#944,#2704,$);
#4288=PLANE('',#3496);
#5080=POLY_LOOP('',(#944,#945,#946));
#5872=FACE_OUTER_BOUND('',#5080,.T.);
#6664=FACE_SURFACE('',(#5872),#4288,.T.);
#2705=DIRECTION('',(0.,0.,1.));
#3497=AXIS2_PLACEMENT_3D('',#947,#2705,$);
#4289=PLANE('',#3497);
#5081=POLY_LOOP('',(#947,#948,#949));
#5873=FACE_OUTER_BOUND('',#5081,.T.);
#6665=FACE_SURFACE('',(#5873),#4289,.T.);
#2706=DIRECTION('',(0.,0.,1.));
#3498=AXIS2_PLACEMENT_3D('',#950,#2706,$);
#4290=PLANE('',#3498);
#5082=POLY_LOOP('',(#950,#951,#952));
#5874=FACE_OUTER_BOUND('',#5082,.T.);
#6666=FACE_SURFACE('',(#5874),#4290,.T.);
#2707=DIRECTION('',(0.,0.,1.));
#3499=AXIS2_PLACEMENT_3D('',#953,#2707,$);
#4291=PLANE('',#3499);
#5083=POLY_LOOP('',(#953,#954,#955));
#5875=FACE_OUTER_BOUND('',#5083,.T.);
#6667=FACE_SURFACE('',(#5875),#4291,.T.);
#2708=DIRECTION('',(0.,0.,1.));
#3500=AXIS2_PLACEMENT_3D('',#956,#2708,$);
#4292=PLANE('',#3500);
#5084=POLY_LOOP('',(#956,#957,#958));
#5876=FACE_OUTER_BOUND('',#5084,.T.);
#6668=FACE_SURFACE('',(#5876),#4292,.T.);
#2709=DIRECTION('',(0.,0.,1.));
#3501=AXIS2_PLACEMENT_3D('',#959,#2709,$);
#4293=PLANE('',#3501);
#5085=POLY_LOOP('',(#959,#960,#961));
#5877=FACE_OUTER_BOUND('',#5085,.T.);
#6669=FACE_SURFACE('',(#5877),#4293,.T.);
#2710=DIRECTION('',(0.,0.,1.));
#3502=AXIS2_PLACEMENT_3D('',#962,#2710,$);
#4294=PLANE('',#3502);
#5086=POLY_LOOP('',(#962,#963,#964));
#5878=FACE_OUTER_BOUND('',#5086,.T.);
#6670=FACE_SURFACE('',(#5878),#4294,.T.);
#2711=DIRECTION('',(0.,0.,1.));
#3503=AXIS2_PLACEMENT_3D('',#965,#2711,$);
#4295=PLANE('',#3503);
#5087=POLY_LOOP('',(#965,#966,#967));
#5879=FACE_OUTER_BOUND('',#5087,.T.);
#6671=FACE_SURFACE('',(#5879),#4295,.T.);
#2712=DIRECTION('',(0.,0.,1.));
#3504=AXIS2_PLACEMENT_3D('',#968,#2712,$);
#4296=PLANE('',#3504);
#5088=POLY_LOOP('',(#968,#969,#970));
#5880=FACE_OUTER_BOUND('',#5088,.T.);
#6672=FACE_SURFACE('',(#5880),#4296,.T.);
#2713=DIRECTION('',(0.,0.,1.));
#3505=AXIS2_PLACEMENT_3D('',#971,#2713,$);
#4297=PLANE('',#3505);
#5089=POLY_LOOP('',(#971,#972,#973));
#5881=FACE_OUTER_BOUND('',#5089,.T.);
#6673=FACE_SURFACE('',(#5881),#4297,.T.);
#2714=DIRECTION('',(0.,0.,1.));
#3506=AXIS2_PLACEMENT_3D('',#974,#2714,$);
#4298=PLANE('',#3506);
#5090=POLY_LOOP('',(#974,#975,#976));
#5882=FACE_OUTER_BOUND('',#5090,.T.);
#6674=FACE_SURFACE('',(#5882),#4298,.T.);
#2715=DIRECTION('',(0.,0.,1.));
#3507=AXIS2_PLACEMENT_3D('',#977,#2715,$);
#4299=PLANE('',#3507);
#5091=POLY_LOOP('',(#977,#978,#979));
#5883=FACE_OUTER_BOUND('',#5091,.T.);
#6675=FACE_SURFACE('',(#5883),#4299,.T.);
#2716=DIRECTION('',(0.,0.,1.));
#3508=AXIS2_PLACEMENT_3D('',#980,#2716,$);
#4300=PLANE('',#3508);
#5092=POLY_LOOP('',(#980,#981,#982));
#5884=FACE_OUTER_BOUND('',#5092,.T.);
#6676=FACE_SURFACE('',(#5884),#4300,.T.);
#2717=DIRECTION('',(0.,0.,1.));
#3509=AXIS2_PLACEMENT_3D('',#983,#2717,$);
#4301=PLANE('',#3509);
#5093=POLY_LOOP('',(#983,#984,#985));
#5885=FACE_OUTER_BOUND('',#5093,.T.);
#6677=FACE_SURFACE('',(#5885),#4301,.T.);
#2718=DIRECTION('',(0.,0.,1.));
#3510=AXIS2_PLACEMENT_3D('',#986,#2718,$);
#4302=PLANE('',#3510);
#5094=POLY_LOOP('',(#986,#987,#988));
#5886=FACE_OUTER_BOUND('',#5094,.T.);
#6678=FACE_SURFACE('',(#5886),#4302,.T.);
#2719=DIRECTION('',(0.,0.,1.));
#3511=AXIS2_PLACEMENT_3D('',#989,#2719,$);
#4303=PLANE('',#3511);
#5095=POLY_LOOP('',(#989,#990,#991));
#5887=FACE_OUTER_BOUND('',#5095,.T.);
#6679=FACE_SURFACE('',(#5887),#4303,.T.);
#2720=DIRECTION('',(0.,0.,1.));
#3512=AXIS2_PLACEMENT_3D('',#992,#2720,$);
#4304=PLANE('',#3512);
#5096=POLY_LOOP('',(#992,#993,#994));
#5888=FACE_OUTER_BOUND('',#5096,.T.);
#6680=FACE_SURFACE('',(#5888),#4304,.T.);
#2721=DIRECTION('',(0.,0.,1.));
#3513=AXIS2_PLACEMENT_3D('',#995,#2721,$);
#4305=PLANE('',#3513);
#5097=POLY_LOOP('',(#995,#996,#997));
#5889=FACE_OUTER_BOUND('',#5097,.T.);
#6681=FACE_SURFACE('',(#5889),#4305,.T.);
#2722=DIRECTION('',(0.,0.,1.));
#3514=AXIS2_PLACEMENT_3D('',#998,#2722,$);
#4306=PLANE('',#3514);
#5098=POLY_LOOP('',(#998,#999,#1000));
#5890=FACE_OUTER_BOUND('',#5098,.T.);
#6682=FACE_SURFACE('',(#5890),#4306,.T.);
#2723=DIRECTION('',(0.,0.,1.));
#3515=AXIS2_PLACEMENT_3D('',#1001,#2723,$);
#4307=PLANE('',#3515);
#5099=POLY_LOOP('',(#1001,#1002,#1003));
#5891=FACE_OUTER_BOUND('',#5099,.T.);
#6683=FACE_SURFACE('',(#5891),#4307,.T.);
#2724=DIRECTION('',(0.,0.,1.));
#3516=AXIS2_PLACEMENT_3D('',#1004,#2724,$);
#4308=PLANE('',#3516);
#5100=POLY_LOOP('',(#1004,#1005,#1006));
#5892=FACE_OUTER_BOUND('',#5100,.T.);
#6684=FACE_SURFACE('',(#5892),#4308,.T.);
#2725=DIRECTION('',(0.,0.,1.));
#3517=AXIS2_PLACEMENT_3D('',#1007,#2725,$);
#4309=PLANE('',#3517);
#5101=POLY_LOOP('',(#1007,#1008,#1009));
#5893=FACE_OUTER_BOUND('',#5101,.T.);
#6685=FACE_SURFACE('',(#5893),#4309,.T.);
#2726=DIRECTION('',(0.,0.,1.));
#3518=AXIS2_PLACEMENT_3D('',#1010,#2726,$);
#4310=PLANE('',#3518);
#5102=POLY_LOOP('',(#1010,#1011,#1012));
#5894=FACE_OUTER_BOUND('',#5102,.T.);
#6686=FACE_SURFACE('',(#5894),#4310,.T.);
#2727=DIRECTION('',(0.,0.,1.));
#3519=AXIS2_PLACEMENT_3D('',#1013,#2727,$);
#4311=PLANE('',#3519);
#5103=POLY_LOOP('',(#1013,#1014,#1015));
#5895=FACE_OUTER_BOUND('',#5103,.T.);
#6687=FACE_SURFACE('',(#5895),#4311,.T.);
#2728=DIRECTION('',(0.,0.,1.));
#3520=AXIS2_PLACEMENT_3D('',#1016,#2728,$);
#4312=PLANE('',#3520);
#5104=POLY_LOOP('',(#1016,#1017,#1018));
#5896=FACE_OUTER_BOUND('',#5104,.T.);
#6688=FACE_SURFACE('',(#5896),#4312,.T.);
#2729=DIRECTION('',(0.,0.,1.));
#3521=AXIS2_PLACEMENT_3D('',#1019,#2729,$);
#4313=PLANE('',#3521);
#5105=POLY_LOOP('',(#1019,#1020,#1021));
#5897=FACE_OUTER_BOUND('',#5105,.T.);
#6689=FACE_SURFACE('',(#5897),#4313,.T.);
#2730=DIRECTION('',(0.,0.,1.));
#3522=AXIS2_PLACEMENT_3D('',#1022,#2730,$);
#4314=PLANE('',#3522);
#5106=POLY_LOOP('',(#1022,#1023,#1024));
#5898=FACE_OUTER_BOUND('',#5106,.T.);
#6690=FACE_SURFACE('',(#5898),#4314,.T.);
#2731=DIRECTION('',(0.,0.,1.));
#3523=AXIS2_PLACEMENT_3D('',#1025,#2731,$);
#4315=PLANE('',#3523);
#5107=POLY_LOOP('',(#1025,#1026,#1027));
#5899=FACE_OUTER_BOUND('',#5107,.T.);
#6691=FACE_SURFACE('',(#5899),#4315,.T.);
#2732=DIRECTION('',(0.,0.,1.));
#3524=AXIS2_PLACEMENT_3D('',#1028,#2732,$);
#4316=PLANE('',#3524);
#5108=POLY_LOOP('',(#1028,#1029,#1030));
#5900=FACE_OUTER_BOUND('',#5108,.T.);
#6692=FACE_SURFACE('',(#5900),#4316,.T.);
#2733=DIRECTION('',(0.,0.,1.));
#3525=AXIS2_PLACEMENT_3D('',#1031,#2733,$);
#4317=PLANE('',#3525);
#5109=POLY_LOOP('',(#1031,#1032,#1033));
#5901=FACE_OUTER_BOUND('',#5109,.T.);
#6693=FACE_SURFACE('',(#5901),#4317,.T.);
#2734=DIRECTION('',(0.,0.,1.));
#3526=AXIS2_PLACEMENT_3D('',#1034,#2734,$);
#4318=PLANE('',#3526);
#5110=POLY_LOOP('',(#1034,#1035,#1036));
#5902=FACE_OUTER_BOUND('',#5110,.T.);
#6694=FACE_SURFACE('',(#5902),#4318,.T.);
#2735=DIRECTION('',(0.,0.,1.));
#3527=AXIS2_PLACEMENT_3D('',#1037,#2735,$);
#4319=PLANE('',#3527);
#5111=POLY_LOOP('',(#1037,#1038,#1039));
#5903=FACE_OUTER_BOUND('',#5111,.T.);
#6695=FACE_SURFACE('',(#5903),#4319,.T.);
#2736=DIRECTION('',(0.,0.,1.));
#3528=AXIS2_PLACEMENT_3D('',#1040,#2736,$);
#4320=PLANE('',#3528);
#5112=POLY_LOOP('',(#1040,#1041,#1042));
#5904=FACE_OUTER_BOUND('',#5112,.T.);
#6696=FACE_SURFACE('',(#5904),#4320,.T.);
#2737=DIRECTION('',(0.,0.,1.));
#3529=AXIS2_PLACEMENT_3D('',#1043,#2737,$);
#4321=PLANE('',#3529);
#5113=POLY_LOOP('',(#1043,#1044,#1045));
#5905=FACE_OUTER_BOUND('',#5113,.T.);
#6697=FACE_SURFACE('',(#5905),#4321,.T.);
#2738=DIRECTION('',(-0.4587866,0.8885465,0.));
#3530=AXIS2_PLACEMENT_3D('',#1046,#2738,$);
#4322=PLANE('',#3530);
#5114=POLY_LOOP('',(#1046,#1047,#1048));
#5906=FACE_OUTER_BOUND('',#5114,.T.);
#6698=FACE_SURFACE('',(#5906),#4322,.T.);
#2739=DIRECTION('',(-0.4587866,0.8885465,0.));
#3531=AXIS2_PLACEMENT_3D('',#1049,#2739,$);
#4323=PLANE('',#3531);
#5115=POLY_LOOP('',(#1049,#1050,#1051));
#5907=FACE_OUTER_BOUND('',#5115,.T.);
#6699=FACE_SURFACE('',(#5907),#4323,.T.);
#2740=DIRECTION('',(0.5301646,-0.8478948,0.));
#3532=AXIS2_PLACEMENT_3D('',#1052,#2740,$);
#4324=PLANE('',#3532);
#5116=POLY_LOOP('',(#1052,#1053,#1054));
#5908=FACE_OUTER_BOUND('',#5116,.T.);
#6700=FACE_SURFACE('',(#5908),#4324,.T.);
#2741=DIRECTION('',(0.5301646,-0.8478948,0.));
#3533=AXIS2_PLACEMENT_3D('',#1055,#2741,$);
#4325=PLANE('',#3533);
#5117=POLY_LOOP('',(#1055,#1056,#1057));
#5909=FACE_OUTER_BOUND('',#5117,.T.);
#6701=FACE_SURFACE('',(#5909),#4325,.T.);
#2742=DIRECTION('',(-0.3073453,0.951598,0.));
#3534=AXIS2_PLACEMENT_3D('',#1058,#2742,$);
#4326=PLANE('',#3534);
#5118=POLY_LOOP('',(#1058,#1059,#1060));
#5910=FACE_OUTER_BOUND('',#5118,.T.);
#6702=FACE_SURFACE('',(#5910),#4326,.T.);
#2743=DIRECTION('',(-0.3073453,0.951598,0.));
#3535=AXIS2_PLACEMENT_3D('',#1061,#2743,$);
#4327=PLANE('',#3535);
#5119=POLY_LOOP('',(#1061,#1062,#1063));
#5911=FACE_OUTER_BOUND('',#5119,.T.);
#6703=FACE_SURFACE('',(#5911),#4327,.T.);
#2744=DIRECTION('',(0.4587859,-0.8885468,0.));
#3536=AXIS2_PLACEMENT_3D('',#1064,#2744,$);
#4328=PLANE('',#3536);
#5120=POLY_LOOP('',(#1064,#1065,#1066));
#5912=FACE_OUTER_BOUND('',#5120,.T.);
#6704=FACE_SURFACE('',(#5912),#4328,.T.);
#2745=DIRECTION('',(0.4587859,-0.8885468,0.));
#3537=AXIS2_PLACEMENT_3D('',#1067,#2745,$);
#4329=PLANE('',#3537);
#5121=POLY_LOOP('',(#1067,#1068,#1069));
#5913=FACE_OUTER_BOUND('',#5121,.T.);
#6705=FACE_SURFACE('',(#5913),#4329,.T.);
#2746=DIRECTION('',(-0.1464434,0.9892191,0.));
#3538=AXIS2_PLACEMENT_3D('',#1070,#2746,$);
#4330=PLANE('',#3538);
#5122=POLY_LOOP('',(#1070,#1071,#1072));
#5914=FACE_OUTER_BOUND('',#5122,.T.);
#6706=FACE_SURFACE('',(#5914),#4330,.T.);
#2747=DIRECTION('',(-0.1464434,0.9892191,0.));
#3539=AXIS2_PLACEMENT_3D('',#1073,#2747,$);
#4331=PLANE('',#3539);
#5123=POLY_LOOP('',(#1073,#1074,#1075));
#5915=FACE_OUTER_BOUND('',#5123,.T.);
#6707=FACE_SURFACE('',(#5915),#4331,.T.);
#2748=DIRECTION('',(0.1464431,-0.9892191,0.));
#3540=AXIS2_PLACEMENT_3D('',#1076,#2748,$);
#4332=PLANE('',#3540);
#5124=POLY_LOOP('',(#1076,#1077,#1078));
#5916=FACE_OUTER_BOUND('',#5124,.T.);
#6708=FACE_SURFACE('',(#5916),#4332,.T.);
#2749=DIRECTION('',(0.1464431,-0.9892191,0.));
#3541=AXIS2_PLACEMENT_3D('',#1079,#2749,$);
#4333=PLANE('',#3541);
#5125=POLY_LOOP('',(#1079,#1080,#1081));
#5917=FACE_OUTER_BOUND('',#5125,.T.);
#6709=FACE_SURFACE('',(#5917),#4333,.T.);
#2750=DIRECTION('',(-0.06335731,0.9979909,0.));
#3542=AXIS2_PLACEMENT_3D('',#1082,#2750,$);
#4334=PLANE('',#3542);
#5126=POLY_LOOP('',(#1082,#1083,#1084));
#5918=FACE_OUTER_BOUND('',#5126,.T.);
#6710=FACE_SURFACE('',(#5918),#4334,.T.);
#2751=DIRECTION('',(-0.06335731,0.9979909,0.));
#3543=AXIS2_PLACEMENT_3D('',#1085,#2751,$);
#4335=PLANE('',#3543);
#5127=POLY_LOOP('',(#1085,#1086,#1087));
#5919=FACE_OUTER_BOUND('',#5127,.T.);
#6711=FACE_SURFACE('',(#5919),#4335,.T.);
#2752=DIRECTION('',(0.3844092,-0.9231628,0.));
#3544=AXIS2_PLACEMENT_3D('',#1088,#2752,$);
#4336=PLANE('',#3544);
#5128=POLY_LOOP('',(#1088,#1089,#1090));
#5920=FACE_OUTER_BOUND('',#5128,.T.);
#6712=FACE_SURFACE('',(#5920),#4336,.T.);
#2753=DIRECTION('',(0.3844092,-0.9231628,0.));
#3545=AXIS2_PLACEMENT_3D('',#1091,#2753,$);
#4337=PLANE('',#3545);
#5129=POLY_LOOP('',(#1091,#1092,#1093));
#5921=FACE_OUTER_BOUND('',#5129,.T.);
#6713=FACE_SURFACE('',(#5921),#4337,.T.);
#2754=DIRECTION('',(0.4640607,0.8858034,0.));
#3546=AXIS2_PLACEMENT_3D('',#1094,#2754,$);
#4338=PLANE('',#3546);
#5130=POLY_LOOP('',(#1094,#1095,#1096));
#5922=FACE_OUTER_BOUND('',#5130,.T.);
#6714=FACE_SURFACE('',(#5922),#4338,.T.);
#2755=DIRECTION('',(0.4640607,0.8858034,0.));
#3547=AXIS2_PLACEMENT_3D('',#1097,#2755,$);
#4339=PLANE('',#3547);
#5131=POLY_LOOP('',(#1097,#1098,#1099));
#5923=FACE_OUTER_BOUND('',#5131,.T.);
#6715=FACE_SURFACE('',(#5923),#4339,.T.);
#2756=DIRECTION('',(0.3073451,-0.9515981,0.));
#3548=AXIS2_PLACEMENT_3D('',#1100,#2756,$);
#4340=PLANE('',#3548);
#5132=POLY_LOOP('',(#1100,#1101,#1102));
#5924=FACE_OUTER_BOUND('',#5132,.T.);
#6716=FACE_SURFACE('',(#5924),#4340,.T.);
#2757=DIRECTION('',(0.3073451,-0.9515981,0.));
#3549=AXIS2_PLACEMENT_3D('',#1103,#2757,$);
#4341=PLANE('',#3549);
#5133=POLY_LOOP('',(#1103,#1104,#1105));
#5925=FACE_OUTER_BOUND('',#5133,.T.);
#6717=FACE_SURFACE('',(#5925),#4341,.T.);
#2758=DIRECTION('',(0.1056156,0.994407,0.));
#3550=AXIS2_PLACEMENT_3D('',#1106,#2758,$);
#4342=PLANE('',#3550);
#5134=POLY_LOOP('',(#1106,#1107,#1108));
#5926=FACE_OUTER_BOUND('',#5134,.T.);
#6718=FACE_SURFACE('',(#5926),#4342,.T.);
#2759=DIRECTION('',(0.1056156,0.994407,0.));
#3551=AXIS2_PLACEMENT_3D('',#1109,#2759,$);
#4343=PLANE('',#3551);
#5135=POLY_LOOP('',(#1109,#1110,#1111));
#5927=FACE_OUTER_BOUND('',#5135,.T.);
#6719=FACE_SURFACE('',(#5927),#4343,.T.);
#2760=DIRECTION('',(0.2279084,-0.9736826,0.));
#3552=AXIS2_PLACEMENT_3D('',#1112,#2760,$);
#4344=PLANE('',#3552);
#5136=POLY_LOOP('',(#1112,#1113,#1114));
#5928=FACE_OUTER_BOUND('',#5136,.T.);
#6720=FACE_SURFACE('',(#5928),#4344,.T.);
#2761=DIRECTION('',(0.2279084,-0.9736826,0.));
#3553=AXIS2_PLACEMENT_3D('',#1115,#2761,$);
#4345=PLANE('',#3553);
#5137=POLY_LOOP('',(#1115,#1116,#1117));
#5929=FACE_OUTER_BOUND('',#5137,.T.);
#6721=FACE_SURFACE('',(#5929),#4345,.T.);
#2762=DIRECTION('',(0.06335616,-0.997991,0.));
#3554=AXIS2_PLACEMENT_3D('',#1118,#2762,$);
#4346=PLANE('',#3554);
#5138=POLY_LOOP('',(#1118,#1119,#1120));
#5930=FACE_OUTER_BOUND('',#5138,.T.);
#6722=FACE_SURFACE('',(#5930),#4346,.T.);
#2763=DIRECTION('',(0.06335616,-0.997991,0.));
#3555=AXIS2_PLACEMENT_3D('',#1121,#2763,$);
#4347=PLANE('',#3555);
#5139=POLY_LOOP('',(#1121,#1122,#1123));
#5931=FACE_OUTER_BOUND('',#5139,.T.);
#6723=FACE_SURFACE('',(#5931),#4347,.T.);
#2764=DIRECTION('',(0.2734849,0.9618763,0.));
#3556=AXIS2_PLACEMENT_3D('',#1124,#2764,$);
#4348=PLANE('',#3556);
#5140=POLY_LOOP('',(#1124,#1125,#1126));
#5932=FACE_OUTER_BOUND('',#5140,.T.);
#6724=FACE_SURFACE('',(#5932),#4348,.T.);
#2765=DIRECTION('',(0.2734849,0.9618763,0.));
#3557=AXIS2_PLACEMENT_3D('',#1127,#2765,$);
#4349=PLANE('',#3557);
#5141=POLY_LOOP('',(#1127,#1128,#1129));
#5933=FACE_OUTER_BOUND('',#5141,.T.);
#6725=FACE_SURFACE('',(#5933),#4349,.T.);
#2766=DIRECTION('',(0.5351966,0.8447275,0.));
#3558=AXIS2_PLACEMENT_3D('',#1130,#2766,$);
#4350=PLANE('',#3558);
#5142=POLY_LOOP('',(#1130,#1131,#1132));
#5934=FACE_OUTER_BOUND('',#5142,.T.);
#6726=FACE_SURFACE('',(#5934),#4350,.T.);
#2767=DIRECTION('',(0.5351966,0.8447275,0.));
#3559=AXIS2_PLACEMENT_3D('',#1133,#2767,$);
#4351=PLANE('',#3559);
#5143=POLY_LOOP('',(#1133,#1134,#1135));
#5935=FACE_OUTER_BOUND('',#5143,.T.);
#6727=FACE_SURFACE('',(#5935),#4351,.T.);
#2768=DIRECTION('',(0.1464436,-0.989219,0.));
#3560=AXIS2_PLACEMENT_3D('',#1136,#2768,$);
#4352=PLANE('',#3560);
#5144=POLY_LOOP('',(#1136,#1137,#1138));
#5936=FACE_OUTER_BOUND('',#5144,.T.);
#6728=FACE_SURFACE('',(#5936),#4352,.T.);
#2769=DIRECTION('',(0.1464436,-0.989219,0.));
#3561=AXIS2_PLACEMENT_3D('',#1139,#2769,$);
#4353=PLANE('',#3561);
#5145=POLY_LOOP('',(#1139,#1140,#1141));
#5937=FACE_OUTER_BOUND('',#5145,.T.);
#6729=FACE_SURFACE('',(#5937),#4353,.T.);
#2770=DIRECTION('',(0.4327309,0.9015231,0.));
#3562=AXIS2_PLACEMENT_3D('',#1142,#2770,$);
#4354=PLANE('',#3562);
#5146=POLY_LOOP('',(#1142,#1143,#1144));
#5938=FACE_OUTER_BOUND('',#5146,.T.);
#6730=FACE_SURFACE('',(#5938),#4354,.T.);
#2771=DIRECTION('',(0.4327309,0.9015231,0.));
#3563=AXIS2_PLACEMENT_3D('',#1145,#2771,$);
#4355=PLANE('',#3563);
#5147=POLY_LOOP('',(#1145,#1146,#1147));
#5939=FACE_OUTER_BOUND('',#5147,.T.);
#6731=FACE_SURFACE('',(#5939),#4355,.T.);
#2772=DIRECTION('',(0.06335654,-0.997991,0.));
#3564=AXIS2_PLACEMENT_3D('',#1148,#2772,$);
#4356=PLANE('',#3564);
#5148=POLY_LOOP('',(#1148,#1149,#1150));
#5940=FACE_OUTER_BOUND('',#5148,.T.);
#6732=FACE_SURFACE('',(#5940),#4356,.T.);
#2773=DIRECTION('',(0.06335654,-0.997991,0.));
#3565=AXIS2_PLACEMENT_3D('',#1151,#2773,$);
#4357=PLANE('',#3565);
#5149=POLY_LOOP('',(#1151,#1152,#1153));
#5941=FACE_OUTER_BOUND('',#5149,.T.);
#6733=FACE_SURFACE('',(#5941),#4357,.T.);
#2774=DIRECTION('',(-0.0208592,-0.9997824,0.));
#3566=AXIS2_PLACEMENT_3D('',#1154,#2774,$);
#4358=PLANE('',#3566);
#5150=POLY_LOOP('',(#1154,#1155,#1156));
#5942=FACE_OUTER_BOUND('',#5150,.T.);
#6734=FACE_SURFACE('',(#5942),#4358,.T.);
#2775=DIRECTION('',(-0.0208592,-0.9997824,0.));
#3567=AXIS2_PLACEMENT_3D('',#1157,#2775,$);
#4359=PLANE('',#3567);
#5151=POLY_LOOP('',(#1157,#1158,#1159));
#5943=FACE_OUTER_BOUND('',#5151,.T.);
#6735=FACE_SURFACE('',(#5943),#4359,.T.);
#2776=DIRECTION('',(0.5772475,0.8165692,0.));
#3568=AXIS2_PLACEMENT_3D('',#1160,#2776,$);
#4360=PLANE('',#3568);
#5152=POLY_LOOP('',(#1160,#1161,#1162));
#5944=FACE_OUTER_BOUND('',#5152,.T.);
#6736=FACE_SURFACE('',(#5944),#4360,.T.);
#2777=DIRECTION('',(0.5772475,0.8165692,0.));
#3569=AXIS2_PLACEMENT_3D('',#1163,#2777,$);
#4361=PLANE('',#3569);
#5153=POLY_LOOP('',(#1163,#1164,#1165));
#5945=FACE_OUTER_BOUND('',#5153,.T.);
#6737=FACE_SURFACE('',(#5945),#4361,.T.);
#2778=DIRECTION('',(0.6029663,0.7977667,0.));
#3570=AXIS2_PLACEMENT_3D('',#1166,#2778,$);
#4362=PLANE('',#3570);
#5154=POLY_LOOP('',(#1166,#1167,#1168));
#5946=FACE_OUTER_BOUND('',#5154,.T.);
#6738=FACE_SURFACE('',(#5946),#4362,.T.);
#2779=DIRECTION('',(0.6029663,0.7977667,0.));
#3571=AXIS2_PLACEMENT_3D('',#1169,#2779,$);
#4363=PLANE('',#3571);
#5155=POLY_LOOP('',(#1169,#1170,#1171));
#5947=FACE_OUTER_BOUND('',#5155,.T.);
#6739=FACE_SURFACE('',(#5947),#4363,.T.);
#2780=DIRECTION('',(-0.02086055,-0.9997824,0.));
#3572=AXIS2_PLACEMENT_3D('',#1172,#2780,$);
#4364=PLANE('',#3572);
#5156=POLY_LOOP('',(#1172,#1173,#1174));
#5948=FACE_OUTER_BOUND('',#5156,.T.);
#6740=FACE_SURFACE('',(#5948),#4364,.T.);
#2781=DIRECTION('',(-0.02086055,-0.9997824,0.));
#3573=AXIS2_PLACEMENT_3D('',#1175,#2781,$);
#4365=PLANE('',#3573);
#5157=POLY_LOOP('',(#1175,#1176,#1177));
#5949=FACE_OUTER_BOUND('',#5157,.T.);
#6741=FACE_SURFACE('',(#5949),#4365,.T.);
#2782=DIRECTION('',(0.7038368,0.7103617,0.));
#3574=AXIS2_PLACEMENT_3D('',#1178,#2782,$);
#4366=PLANE('',#3574);
#5158=POLY_LOOP('',(#1178,#1179,#1180));
#5950=FACE_OUTER_BOUND('',#5158,.T.);
#6742=FACE_SURFACE('',(#5950),#4366,.T.);
#2783=DIRECTION('',(0.7038368,0.7103617,0.));
#3575=AXIS2_PLACEMENT_3D('',#1181,#2783,$);
#4367=PLANE('',#3575);
#5159=POLY_LOOP('',(#1181,#1182,#1183));
#5951=FACE_OUTER_BOUND('',#5159,.T.);
#6743=FACE_SURFACE('',(#5951),#4367,.T.);
#2784=DIRECTION('',(-0.1056162,-0.994407,0.));
#3576=AXIS2_PLACEMENT_3D('',#1184,#2784,$);
#4368=PLANE('',#3576);
#5160=POLY_LOOP('',(#1184,#1185,#1186));
#5952=FACE_OUTER_BOUND('',#5160,.T.);
#6744=FACE_SURFACE('',(#5952),#4368,.T.);
#2785=DIRECTION('',(-0.1056162,-0.994407,0.));
#3577=AXIS2_PLACEMENT_3D('',#1187,#2785,$);
#4369=PLANE('',#3577);
#5161=POLY_LOOP('',(#1187,#1188,#1189));
#5953=FACE_OUTER_BOUND('',#5161,.T.);
#6745=FACE_SURFACE('',(#5953),#4369,.T.);
#2786=DIRECTION('',(-0.1056165,-0.9944069,0.));
#3578=AXIS2_PLACEMENT_3D('',#1190,#2786,$);
#4370=PLANE('',#3578);
#5162=POLY_LOOP('',(#1190,#1191,#1192));
#5954=FACE_OUTER_BOUND('',#5162,.T.);
#6746=FACE_SURFACE('',(#5954),#4370,.T.);
#2787=DIRECTION('',(-0.1056165,-0.9944069,0.));
#3579=AXIS2_PLACEMENT_3D('',#1193,#2787,$);
#4371=PLANE('',#3579);
#5163=POLY_LOOP('',(#1193,#1194,#1195));
#5955=FACE_OUTER_BOUND('',#5163,.T.);
#6747=FACE_SURFACE('',(#5955),#4371,.T.);
#2788=DIRECTION('',(0.8105031,0.5857343,0.));
#3580=AXIS2_PLACEMENT_3D('',#1196,#2788,$);
#4372=PLANE('',#3580);
#5164=POLY_LOOP('',(#1196,#1197,#1198));
#5956=FACE_OUTER_BOUND('',#5164,.T.);
#6748=FACE_SURFACE('',(#5956),#4372,.T.);
#2789=DIRECTION('',(0.8105031,0.5857343,0.));
#3581=AXIS2_PLACEMENT_3D('',#1199,#2789,$);
#4373=PLANE('',#3581);
#5165=POLY_LOOP('',(#1199,#1200,#1201));
#5957=FACE_OUTER_BOUND('',#5165,.T.);
#6749=FACE_SURFACE('',(#5957),#4373,.T.);
#2790=DIRECTION('',(0.6669958,0.7450615,0.));
#3582=AXIS2_PLACEMENT_3D('',#1202,#2790,$);
#4374=PLANE('',#3582);
#5166=POLY_LOOP('',(#1202,#1203,#1204));
#5958=FACE_OUTER_BOUND('',#5166,.T.);
#6750=FACE_SURFACE('',(#5958),#4374,.T.);
#2791=DIRECTION('',(0.6669958,0.7450615,0.));
#3583=AXIS2_PLACEMENT_3D('',#1205,#2791,$);
#4375=PLANE('',#3583);
#5167=POLY_LOOP('',(#1205,#1206,#1207));
#5959=FACE_OUTER_BOUND('',#5167,.T.);
#6751=FACE_SURFACE('',(#5959),#4375,.T.);
#2792=DIRECTION('',(-0.1902014,-0.9817451,0.));
#3584=AXIS2_PLACEMENT_3D('',#1208,#2792,$);
#4376=PLANE('',#3584);
#5168=POLY_LOOP('',(#1208,#1209,#1210));
#5960=FACE_OUTER_BOUND('',#5168,.T.);
#6752=FACE_SURFACE('',(#5960),#4376,.T.);
#2793=DIRECTION('',(-0.1902014,-0.9817451,0.));
#3585=AXIS2_PLACEMENT_3D('',#1211,#2793,$);
#4377=PLANE('',#3585);
#5169=POLY_LOOP('',(#1211,#1212,#1213));
#5961=FACE_OUTER_BOUND('',#5169,.T.);
#6753=FACE_SURFACE('',(#5961),#4377,.T.);
#2794=DIRECTION('',(0.8955429,0.4449752,0.));
#3586=AXIS2_PLACEMENT_3D('',#1214,#2794,$);
#4378=PLANE('',#3586);
#5170=POLY_LOOP('',(#1214,#1215,#1216));
#5962=FACE_OUTER_BOUND('',#5170,.T.);
#6754=FACE_SURFACE('',(#5962),#4378,.T.);
#2795=DIRECTION('',(0.8955429,0.4449752,0.));
#3587=AXIS2_PLACEMENT_3D('',#1217,#2795,$);
#4379=PLANE('',#3587);
#5171=POLY_LOOP('',(#1217,#1218,#1219));
#5963=FACE_OUTER_BOUND('',#5171,.T.);
#6755=FACE_SURFACE('',(#5963),#4379,.T.);
#2796=DIRECTION('',(-0.2734849,-0.9618763,0.));
#3588=AXIS2_PLACEMENT_3D('',#1220,#2796,$);
#4380=PLANE('',#3588);
#5172=POLY_LOOP('',(#1220,#1221,#1222));
#5964=FACE_OUTER_BOUND('',#5172,.T.);
#6756=FACE_SURFACE('',(#5964),#4380,.T.);
#2797=DIRECTION('',(-0.2734849,-0.9618763,0.));
#3589=AXIS2_PLACEMENT_3D('',#1223,#2797,$);
#4381=PLANE('',#3589);
#5173=POLY_LOOP('',(#1223,#1224,#1225));
#5965=FACE_OUTER_BOUND('',#5173,.T.);
#6757=FACE_SURFACE('',(#5965),#4381,.T.);
#2798=DIRECTION('',(-0.1902016,-0.9817451,0.));
#3590=AXIS2_PLACEMENT_3D('',#1226,#2798,$);
#4382=PLANE('',#3590);
#5174=POLY_LOOP('',(#1226,#1227,#1228));
#5966=FACE_OUTER_BOUND('',#5174,.T.);
#6758=FACE_SURFACE('',(#5966),#4382,.T.);
#2799=DIRECTION('',(-0.1902016,-0.9817451,0.));
#3591=AXIS2_PLACEMENT_3D('',#1229,#2799,$);
#4383=PLANE('',#3591);
#5175=POLY_LOOP('',(#1229,#1230,#1231));
#5967=FACE_OUTER_BOUND('',#5175,.T.);
#6759=FACE_SURFACE('',(#5967),#4383,.T.);
#2800=DIRECTION('',(0.9569133,0.2903737,0.));
#3592=AXIS2_PLACEMENT_3D('',#1232,#2800,$);
#4384=PLANE('',#3592);
#5176=POLY_LOOP('',(#1232,#1233,#1234));
#5968=FACE_OUTER_BOUND('',#5176,.T.);
#6760=FACE_SURFACE('',(#5968),#4384,.T.);
#2801=DIRECTION('',(0.9569133,0.2903737,0.));
#3593=AXIS2_PLACEMENT_3D('',#1235,#2801,$);
#4385=PLANE('',#3593);
#5177=POLY_LOOP('',(#1235,#1236,#1237));
#5969=FACE_OUTER_BOUND('',#5177,.T.);
#6761=FACE_SURFACE('',(#5969),#4385,.T.);
#2802=DIRECTION('',(0.7268634,0.6867821,0.));
#3594=AXIS2_PLACEMENT_3D('',#1238,#2802,$);
#4386=PLANE('',#3594);
#5178=POLY_LOOP('',(#1238,#1239,#1240));
#5970=FACE_OUTER_BOUND('',#5178,.T.);
#6762=FACE_SURFACE('',(#5970),#4386,.T.);
#2803=DIRECTION('',(0.7268634,0.6867821,0.));
#3595=AXIS2_PLACEMENT_3D('',#1241,#2803,$);
#4387=PLANE('',#3595);
#5179=POLY_LOOP('',(#1241,#1242,#1243));
#5971=FACE_OUTER_BOUND('',#5179,.T.);
#6763=FACE_SURFACE('',(#5971),#4387,.T.);
#2804=DIRECTION('',(-0.3546772,-0.9349888,0.));
#3596=AXIS2_PLACEMENT_3D('',#1244,#2804,$);
#4388=PLANE('',#3596);
#5180=POLY_LOOP('',(#1244,#1245,#1246));
#5972=FACE_OUTER_BOUND('',#5180,.T.);
#6764=FACE_SURFACE('',(#5972),#4388,.T.);
#2805=DIRECTION('',(-0.3546772,-0.9349888,0.));
#3597=AXIS2_PLACEMENT_3D('',#1247,#2805,$);
#4389=PLANE('',#3597);
#5181=POLY_LOOP('',(#1247,#1248,#1249));
#5973=FACE_OUTER_BOUND('',#5181,.T.);
#6765=FACE_SURFACE('',(#5973),#4389,.T.);
#2806=DIRECTION('',(0.9921471,0.1250765,0.));
#3598=AXIS2_PLACEMENT_3D('',#1250,#2806,$);
#4390=PLANE('',#3598);
#5182=POLY_LOOP('',(#1250,#1251,#1252));
#5974=FACE_OUTER_BOUND('',#5182,.T.);
#6766=FACE_SURFACE('',(#5974),#4390,.T.);
#2807=DIRECTION('',(0.9921471,0.1250765,0.));
#3599=AXIS2_PLACEMENT_3D('',#1253,#2807,$);
#4391=PLANE('',#3599);
#5183=POLY_LOOP('',(#1253,#1254,#1255));
#5975=FACE_OUTER_BOUND('',#5183,.T.);
#6767=FACE_SURFACE('',(#5975),#4391,.T.);
#2808=DIRECTION('',(-0.4327307,-0.9015232,0.));
#3600=AXIS2_PLACEMENT_3D('',#1256,#2808,$);
#4392=PLANE('',#3600);
#5184=POLY_LOOP('',(#1256,#1257,#1258));
#5976=FACE_OUTER_BOUND('',#5184,.T.);
#6768=FACE_SURFACE('',(#5976),#4392,.T.);
#2809=DIRECTION('',(-0.4327307,-0.9015232,0.));
#3601=AXIS2_PLACEMENT_3D('',#1259,#2809,$);
#4393=PLANE('',#3601);
#5185=POLY_LOOP('',(#1259,#1260,#1261));
#5977=FACE_OUTER_BOUND('',#5185,.T.);
#6769=FACE_SURFACE('',(#5977),#4393,.T.);
#2810=DIRECTION('',(-0.2734847,-0.9618763,0.));
#3602=AXIS2_PLACEMENT_3D('',#1262,#2810,$);
#4394=PLANE('',#3602);
#5186=POLY_LOOP('',(#1262,#1263,#1264));
#5978=FACE_OUTER_BOUND('',#5186,.T.);
#6770=FACE_SURFACE('',(#5978),#4394,.T.);
#2811=DIRECTION('',(-0.2734847,-0.9618763,0.));
#3603=AXIS2_PLACEMENT_3D('',#1265,#2811,$);
#4395=PLANE('',#3603);
#5187=POLY_LOOP('',(#1265,#1266,#1267));
#5979=FACE_OUTER_BOUND('',#5187,.T.);
#6771=FACE_SURFACE('',(#5979),#4395,.T.);
#2812=DIRECTION('',(0.9989516,-0.04577905,0.));
#3604=AXIS2_PLACEMENT_3D('',#1268,#2812,$);
#4396=PLANE('',#3604);
#5188=POLY_LOOP('',(#1268,#1269,#1270));
#5980=FACE_OUTER_BOUND('',#5188,.T.);
#6772=FACE_SURFACE('',(#5980),#4396,.T.);
#2813=DIRECTION('',(0.9989516,-0.04577905,0.));
#3605=AXIS2_PLACEMENT_3D('',#1271,#2813,$);
#4397=PLANE('',#3605);
#5189=POLY_LOOP('',(#1271,#1272,#1273));
#5981=FACE_OUTER_BOUND('',#5189,.T.);
#6773=FACE_SURFACE('',(#5981),#4397,.T.);
#2814=DIRECTION('',(0.7820846,0.6231722,0.));
#3606=AXIS2_PLACEMENT_3D('',#1274,#2814,$);
#4398=PLANE('',#3606);
#5190=POLY_LOOP('',(#1274,#1275,#1276));
#5982=FACE_OUTER_BOUND('',#5190,.T.);
#6774=FACE_SURFACE('',(#5982),#4398,.T.);
#2815=DIRECTION('',(0.7820846,0.6231722,0.));
#3607=AXIS2_PLACEMENT_3D('',#1277,#2815,$);
#4399=PLANE('',#3607);
#5191=POLY_LOOP('',(#1277,#1278,#1279));
#5983=FACE_OUTER_BOUND('',#5191,.T.);
#6775=FACE_SURFACE('',(#5983),#4399,.T.);
#2816=DIRECTION('',(-0.5070686,-0.8619057,0.));
#3608=AXIS2_PLACEMENT_3D('',#1280,#2816,$);
#4400=PLANE('',#3608);
#5192=POLY_LOOP('',(#1280,#1281,#1282));
#5984=FACE_OUTER_BOUND('',#5192,.T.);
#6776=FACE_SURFACE('',(#5984),#4400,.T.);
#2817=DIRECTION('',(-0.5070686,-0.8619057,0.));
#3609=AXIS2_PLACEMENT_3D('',#1283,#2817,$);
#4401=PLANE('',#3609);
#5193=POLY_LOOP('',(#1283,#1284,#1285));
#5985=FACE_OUTER_BOUND('',#5193,.T.);
#6777=FACE_SURFACE('',(#5985),#4401,.T.);
#2818=DIRECTION('',(0.976698,-0.2146185,0.));
#3610=AXIS2_PLACEMENT_3D('',#1286,#2818,$);
#4402=PLANE('',#3610);
#5194=POLY_LOOP('',(#1286,#1287,#1288));
#5986=FACE_OUTER_BOUND('',#5194,.T.);
#6778=FACE_SURFACE('',(#5986),#4402,.T.);
#2819=DIRECTION('',(0.976698,-0.2146185,0.));
#3611=AXIS2_PLACEMENT_3D('',#1289,#2819,$);
#4403=PLANE('',#3611);
#5195=POLY_LOOP('',(#1289,#1290,#1291));
#5987=FACE_OUTER_BOUND('',#5195,.T.);
#6779=FACE_SURFACE('',(#5987),#4403,.T.);
#2820=DIRECTION('',(-0.5772474,-0.8165693,0.));
#3612=AXIS2_PLACEMENT_3D('',#1292,#2820,$);
#4404=PLANE('',#3612);
#5196=POLY_LOOP('',(#1292,#1293,#1294));
#5988=FACE_OUTER_BOUND('',#5196,.T.);
#6780=FACE_SURFACE('',(#5988),#4404,.T.);
#2821=DIRECTION('',(-0.5772474,-0.8165693,0.));
#3613=AXIS2_PLACEMENT_3D('',#1295,#2821,$);
#4405=PLANE('',#3613);
#5197=POLY_LOOP('',(#1295,#1296,#1297));
#5989=FACE_OUTER_BOUND('',#5197,.T.);
#6781=FACE_SURFACE('',(#5989),#4405,.T.);
#2822=DIRECTION('',(-0.3546772,-0.9349888,0.));
#3614=AXIS2_PLACEMENT_3D('',#1298,#2822,$);
#4406=PLANE('',#3614);
#5198=POLY_LOOP('',(#1298,#1299,#1300));
#5990=FACE_OUTER_BOUND('',#5198,.T.);
#6782=FACE_SURFACE('',(#5990),#4406,.T.);
#2823=DIRECTION('',(-0.3546772,-0.9349888,0.));
#3615=AXIS2_PLACEMENT_3D('',#1301,#2823,$);
#4407=PLANE('',#3615);
#5199=POLY_LOOP('',(#1301,#1302,#1303));
#5991=FACE_OUTER_BOUND('',#5199,.T.);
#6783=FACE_SURFACE('',(#5991),#4407,.T.);
#2824=DIRECTION('',(0.9271232,-0.3747568,0.));
#3616=AXIS2_PLACEMENT_3D('',#1304,#2824,$);
#4408=PLANE('',#3616);
#5200=POLY_LOOP('',(#1304,#1305,#1306));
#5992=FACE_OUTER_BOUND('',#5200,.T.);
#6784=FACE_SURFACE('',(#5992),#4408,.T.);
#2825=DIRECTION('',(0.9271232,-0.3747568,0.));
#3617=AXIS2_PLACEMENT_3D('',#1307,#2825,$);
#4409=PLANE('',#3617);
#5201=POLY_LOOP('',(#1307,#1308,#1309));
#5993=FACE_OUTER_BOUND('',#5201,.T.);
#6785=FACE_SURFACE('',(#5993),#4409,.T.);
#2826=DIRECTION('',(-0.2336926,-0.9723105,0.));
#3618=AXIS2_PLACEMENT_3D('',#1310,#2826,$);
#4410=PLANE('',#3618);
#5202=POLY_LOOP('',(#1310,#1311,#1312));
#5994=FACE_OUTER_BOUND('',#5202,.T.);
#6786=FACE_SURFACE('',(#5994),#4410,.T.);
#2827=DIRECTION('',(-0.2336926,-0.9723105,0.));
#3619=AXIS2_PLACEMENT_3D('',#1313,#2827,$);
#4411=PLANE('',#3619);
#5203=POLY_LOOP('',(#1313,#1314,#1315));
#5995=FACE_OUTER_BOUND('',#5203,.T.);
#6787=FACE_SURFACE('',(#5995),#4411,.T.);
#2828=DIRECTION('',(-0.9779565,-0.2088085,0.));
#3620=AXIS2_PLACEMENT_3D('',#1316,#2828,$);
#4412=PLANE('',#3620);
#5204=POLY_LOOP('',(#1316,#1317,#1318));
#5996=FACE_OUTER_BOUND('',#5204,.T.);
#6788=FACE_SURFACE('',(#5996),#4412,.T.);
#2829=DIRECTION('',(-0.9779565,-0.2088085,0.));
#3621=AXIS2_PLACEMENT_3D('',#1319,#2829,$);
#4413=PLANE('',#3621);
#5205=POLY_LOOP('',(#1319,#1320,#1321));
#5997=FACE_OUTER_BOUND('',#5205,.T.);
#6789=FACE_SURFACE('',(#5997),#4413,.T.);
#2830=DIRECTION('',(-0.3129981,-0.9497537,0.));
#3622=AXIS2_PLACEMENT_3D('',#1322,#2830,$);
#4414=PLANE('',#3622);
#5206=POLY_LOOP('',(#1322,#1323,#1324));
#5998=FACE_OUTER_BOUND('',#5206,.T.);
#6790=FACE_SURFACE('',(#5998),#4414,.T.);
#2831=DIRECTION('',(-0.3129981,-0.9497537,0.));
#3623=AXIS2_PLACEMENT_3D('',#1325,#2831,$);
#4415=PLANE('',#3623);
#5207=POLY_LOOP('',(#1325,#1326,#1327));
#5999=FACE_OUTER_BOUND('',#5207,.T.);
#6791=FACE_SURFACE('',(#5999),#4415,.T.);
#2832=DIRECTION('',(-0.3898912,-0.9208609,0.));
#3624=AXIS2_PLACEMENT_3D('',#1328,#2832,$);
#4416=PLANE('',#3624);
#5208=POLY_LOOP('',(#1328,#1329,#1330));
#6000=FACE_OUTER_BOUND('',#5208,.T.);
#6792=FACE_SURFACE('',(#6000),#4416,.T.);
#2833=DIRECTION('',(-0.3898912,-0.9208609,0.));
#3625=AXIS2_PLACEMENT_3D('',#1331,#2833,$);
#4417=PLANE('',#3625);
#5209=POLY_LOOP('',(#1331,#1332,#1333));
#6001=FACE_OUTER_BOUND('',#5209,.T.);
#6793=FACE_SURFACE('',(#6001),#4417,.T.);
#2834=DIRECTION('',(-0.9921471,-0.1250764,0.));
#3626=AXIS2_PLACEMENT_3D('',#1334,#2834,$);
#4418=PLANE('',#3626);
#5210=POLY_LOOP('',(#1334,#1335,#1336));
#6002=FACE_OUTER_BOUND('',#5210,.T.);
#6794=FACE_SURFACE('',(#6002),#4418,.T.);
#2835=DIRECTION('',(-0.9921471,-0.1250764,0.));
#3627=AXIS2_PLACEMENT_3D('',#1337,#2835,$);
#4419=PLANE('',#3627);
#5211=POLY_LOOP('',(#1337,#1338,#1339));
#6003=FACE_OUTER_BOUND('',#5211,.T.);
#6795=FACE_SURFACE('',(#6003),#4419,.T.);
#2836=DIRECTION('',(-0.7038362,-0.7103623,0.));
#3628=AXIS2_PLACEMENT_3D('',#1340,#2836,$);
#4420=PLANE('',#3628);
#5212=POLY_LOOP('',(#1340,#1341,#1342));
#6004=FACE_OUTER_BOUND('',#5212,.T.);
#6796=FACE_SURFACE('',(#6004),#4420,.T.);
#2837=DIRECTION('',(-0.7038362,-0.7103623,0.));
#3629=AXIS2_PLACEMENT_3D('',#1343,#2837,$);
#4421=PLANE('',#3629);
#5213=POLY_LOOP('',(#1343,#1344,#1345));
#6005=FACE_OUTER_BOUND('',#5213,.T.);
#6797=FACE_SURFACE('',(#6005),#4421,.T.);
#2838=DIRECTION('',(-0.4640605,-0.8858035,0.));
#3630=AXIS2_PLACEMENT_3D('',#1346,#2838,$);
#4422=PLANE('',#3630);
#5214=POLY_LOOP('',(#1346,#1347,#1348));
#6006=FACE_OUTER_BOUND('',#5214,.T.);
#6798=FACE_SURFACE('',(#6006),#4422,.T.);
#2839=DIRECTION('',(-0.4640605,-0.8858035,0.));
#3631=AXIS2_PLACEMENT_3D('',#1349,#2839,$);
#4423=PLANE('',#3631);
#5215=POLY_LOOP('',(#1349,#1350,#1351));
#6007=FACE_OUTER_BOUND('',#5215,.T.);
#6799=FACE_SURFACE('',(#6007),#4423,.T.);
#2840=DIRECTION('',(-0.5351966,-0.8447275,0.));
#3632=AXIS2_PLACEMENT_3D('',#1352,#2840,$);
#4424=PLANE('',#3632);
#5216=POLY_LOOP('',(#1352,#1353,#1354));
#6008=FACE_OUTER_BOUND('',#5216,.T.);
#6800=FACE_SURFACE('',(#6008),#4424,.T.);
#2841=DIRECTION('',(-0.5351966,-0.8447275,0.));
#3633=AXIS2_PLACEMENT_3D('',#1355,#2841,$);
#4425=PLANE('',#3633);
#5217=POLY_LOOP('',(#1355,#1356,#1357));
#6009=FACE_OUTER_BOUND('',#5217,.T.);
#6801=FACE_SURFACE('',(#6009),#4425,.T.);
#2842=DIRECTION('',(-0.9992061,-0.03983966,0.));
#3634=AXIS2_PLACEMENT_3D('',#1358,#2842,$);
#4426=PLANE('',#3634);
#5218=POLY_LOOP('',(#1358,#1359,#1360));
#6010=FACE_OUTER_BOUND('',#5218,.T.);
#6802=FACE_SURFACE('',(#6010),#4426,.T.);
#2843=DIRECTION('',(-0.9992061,-0.03983966,0.));
#3635=AXIS2_PLACEMENT_3D('',#1361,#2843,$);
#4427=PLANE('',#3635);
#5219=POLY_LOOP('',(#1361,#1362,#1363));
#6011=FACE_OUTER_BOUND('',#5219,.T.);
#6803=FACE_SURFACE('',(#6011),#4427,.T.);
#2844=DIRECTION('',(-0.6029655,-0.7977673,0.));
#3636=AXIS2_PLACEMENT_3D('',#1364,#2844,$);
#4428=PLANE('',#3636);
#5220=POLY_LOOP('',(#1364,#1365,#1366));
#6012=FACE_OUTER_BOUND('',#5220,.T.);
#6804=FACE_SURFACE('',(#6012),#4428,.T.);
#2845=DIRECTION('',(-0.6029655,-0.7977673,0.));
#3637=AXIS2_PLACEMENT_3D('',#1367,#2845,$);
#4429=PLANE('',#3637);
#5221=POLY_LOOP('',(#1367,#1368,#1369));
#6013=FACE_OUTER_BOUND('',#5221,.T.);
#6805=FACE_SURFACE('',(#6013),#4429,.T.);
#2846=DIRECTION('',(-0.6669963,-0.745061,0.));
#3638=AXIS2_PLACEMENT_3D('',#1370,#2846,$);
#4430=PLANE('',#3638);
#5222=POLY_LOOP('',(#1370,#1371,#1372));
#6014=FACE_OUTER_BOUND('',#5222,.T.);
#6806=FACE_SURFACE('',(#6014),#4430,.T.);
#2847=DIRECTION('',(-0.6669963,-0.745061,0.));
#3639=AXIS2_PLACEMENT_3D('',#1373,#2847,$);
#4431=PLANE('',#3639);
#5223=POLY_LOOP('',(#1373,#1374,#1375));
#6015=FACE_OUTER_BOUND('',#5223,.T.);
#6807=FACE_SURFACE('',(#6015),#4431,.T.);
#2848=DIRECTION('',(-0.9989516,0.04577944,0.));
#3640=AXIS2_PLACEMENT_3D('',#1376,#2848,$);
#4432=PLANE('',#3640);
#5224=POLY_LOOP('',(#1376,#1377,#1378));
#6016=FACE_OUTER_BOUND('',#5224,.T.);
#6808=FACE_SURFACE('',(#6016),#4432,.T.);
#2849=DIRECTION('',(-0.9989516,0.04577944,0.));
#3641=AXIS2_PLACEMENT_3D('',#1379,#2849,$);
#4433=PLANE('',#3641);
#5225=POLY_LOOP('',(#1379,#1380,#1381));
#6017=FACE_OUTER_BOUND('',#5225,.T.);
#6809=FACE_SURFACE('',(#6017),#4433,.T.);
#2850=DIRECTION('',(-0.759764,-0.6501989,0.));
#3642=AXIS2_PLACEMENT_3D('',#1382,#2850,$);
#4434=PLANE('',#3642);
#5226=POLY_LOOP('',(#1382,#1383,#1384));
#6018=FACE_OUTER_BOUND('',#5226,.T.);
#6810=FACE_SURFACE('',(#6018),#4434,.T.);
#2851=DIRECTION('',(-0.759764,-0.6501989,0.));
#3643=AXIS2_PLACEMENT_3D('',#1385,#2851,$);
#4435=PLANE('',#3643);
#5227=POLY_LOOP('',(#1385,#1386,#1387));
#6019=FACE_OUTER_BOUND('',#5227,.T.);
#6811=FACE_SURFACE('',(#6019),#4435,.T.);
#2852=DIRECTION('',(-0.7268634,-0.6867821,0.));
#3644=AXIS2_PLACEMENT_3D('',#1388,#2852,$);
#4436=PLANE('',#3644);
#5228=POLY_LOOP('',(#1388,#1389,#1390));
#6020=FACE_OUTER_BOUND('',#5228,.T.);
#6812=FACE_SURFACE('',(#6020),#4436,.T.);
#2853=DIRECTION('',(-0.7268634,-0.6867821,0.));
#3645=AXIS2_PLACEMENT_3D('',#1391,#2853,$);
#4437=PLANE('',#3645);
#5229=POLY_LOOP('',(#1391,#1392,#1393));
#6021=FACE_OUTER_BOUND('',#5229,.T.);
#6813=FACE_SURFACE('',(#6021),#4437,.T.);
#2854=DIRECTION('',(-0.7820846,-0.6231722,0.));
#3646=AXIS2_PLACEMENT_3D('',#1394,#2854,$);
#4438=PLANE('',#3646);
#5230=POLY_LOOP('',(#1394,#1395,#1396));
#6022=FACE_OUTER_BOUND('',#5230,.T.);
#6814=FACE_SURFACE('',(#6022),#4438,.T.);
#2855=DIRECTION('',(-0.7820846,-0.6231722,0.));
#3647=AXIS2_PLACEMENT_3D('',#1397,#2855,$);
#4439=PLANE('',#3647);
#5231=POLY_LOOP('',(#1397,#1398,#1399));
#6023=FACE_OUTER_BOUND('',#5231,.T.);
#6815=FACE_SURFACE('',(#6023),#4439,.T.);
#2856=DIRECTION('',(-0.9913858,0.1309741,0.));
#3648=AXIS2_PLACEMENT_3D('',#1400,#2856,$);
#4440=PLANE('',#3648);
#5232=POLY_LOOP('',(#1400,#1401,#1402));
#6024=FACE_OUTER_BOUND('',#5232,.T.);
#6816=FACE_SURFACE('',(#6024),#4440,.T.);
#2857=DIRECTION('',(-0.9913858,0.1309741,0.));
#3649=AXIS2_PLACEMENT_3D('',#1403,#2857,$);
#4441=PLANE('',#3649);
#5233=POLY_LOOP('',(#1403,#1404,#1405));
#6025=FACE_OUTER_BOUND('',#5233,.T.);
#6817=FACE_SURFACE('',(#6025),#4441,.T.);
#2858=DIRECTION('',(-0.8321396,-0.5545662,0.));
#3650=AXIS2_PLACEMENT_3D('',#1406,#2858,$);
#4442=PLANE('',#3650);
#5234=POLY_LOOP('',(#1406,#1407,#1408));
#6026=FACE_OUTER_BOUND('',#5234,.T.);
#6818=FACE_SURFACE('',(#6026),#4442,.T.);
#2859=DIRECTION('',(-0.8321396,-0.5545662,0.));
#3651=AXIS2_PLACEMENT_3D('',#1409,#2859,$);
#4443=PLANE('',#3651);
#5235=POLY_LOOP('',(#1409,#1410,#1411));
#6027=FACE_OUTER_BOUND('',#5235,.T.);
#6819=FACE_SURFACE('',(#6027),#4443,.T.);
#2860=DIRECTION('',(-0.8764845,-0.4814301,0.));
#3652=AXIS2_PLACEMENT_3D('',#1412,#2860,$);
#4444=PLANE('',#3652);
#5236=POLY_LOOP('',(#1412,#1413,#1414));
#6028=FACE_OUTER_BOUND('',#5236,.T.);
#6820=FACE_SURFACE('',(#6028),#4444,.T.);
#2861=DIRECTION('',(-0.8764845,-0.4814301,0.));
#3653=AXIS2_PLACEMENT_3D('',#1415,#2861,$);
#4445=PLANE('',#3653);
#5237=POLY_LOOP('',(#1415,#1416,#1417));
#6029=FACE_OUTER_BOUND('',#5237,.T.);
#6821=FACE_SURFACE('',(#6029),#4445,.T.);
#2862=DIRECTION('',(-0.9766981,0.2146179,0.));
#3654=AXIS2_PLACEMENT_3D('',#1418,#2862,$);
#4446=PLANE('',#3654);
#5238=POLY_LOOP('',(#1418,#1419,#1420));
#6030=FACE_OUTER_BOUND('',#5238,.T.);
#6822=FACE_SURFACE('',(#6030),#4446,.T.);
#2863=DIRECTION('',(-0.9766981,0.2146179,0.));
#3655=AXIS2_PLACEMENT_3D('',#1421,#2863,$);
#4447=PLANE('',#3655);
#5239=POLY_LOOP('',(#1421,#1422,#1423));
#6031=FACE_OUTER_BOUND('',#5239,.T.);
#6823=FACE_SURFACE('',(#6031),#4447,.T.);
#2864=DIRECTION('',(-0.8105025,-0.5857351,0.));
#3656=AXIS2_PLACEMENT_3D('',#1424,#2864,$);
#4448=PLANE('',#3656);
#5240=POLY_LOOP('',(#1424,#1425,#1426));
#6032=FACE_OUTER_BOUND('',#5240,.T.);
#6824=FACE_SURFACE('',(#6032),#4448,.T.);
#2865=DIRECTION('',(-0.8105025,-0.5857351,0.));
#3657=AXIS2_PLACEMENT_3D('',#1427,#2865,$);
#4449=PLANE('',#3657);
#5241=POLY_LOOP('',(#1427,#1428,#1429));
#6033=FACE_OUTER_BOUND('',#5241,.T.);
#6825=FACE_SURFACE('',(#6033),#4449,.T.);
#2866=DIRECTION('',(-0.4435364,0.8962564,0.));
#3658=AXIS2_PLACEMENT_3D('',#1430,#2866,$);
#4450=PLANE('',#3658);
#5242=POLY_LOOP('',(#1430,#1431,#1432));
#6034=FACE_OUTER_BOUND('',#5242,.T.);
#6826=FACE_SURFACE('',(#6034),#4450,.T.);
#2867=DIRECTION('',(-0.4435364,0.8962564,0.));
#3659=AXIS2_PLACEMENT_3D('',#1433,#2867,$);
#4451=PLANE('',#3659);
#5243=POLY_LOOP('',(#1433,#1434,#1435));
#6035=FACE_OUTER_BOUND('',#5243,.T.);
#6827=FACE_SURFACE('',(#6035),#4451,.T.);
#2868=DIRECTION('',(-0.4488509,-0.8936067,0.));
#3660=AXIS2_PLACEMENT_3D('',#1436,#2868,$);
#4452=PLANE('',#3660);
#5244=POLY_LOOP('',(#1436,#1437,#1438));
#6036=FACE_OUTER_BOUND('',#5244,.T.);
#6828=FACE_SURFACE('',(#6036),#4452,.T.);
#2869=DIRECTION('',(-0.4488509,-0.8936067,0.));
#3661=AXIS2_PLACEMENT_3D('',#1439,#2869,$);
#4453=PLANE('',#3661);
#5245=POLY_LOOP('',(#1439,#1440,#1441));
#6037=FACE_OUTER_BOUND('',#5245,.T.);
#6829=FACE_SURFACE('',(#6037),#4453,.T.);
#2870=DIRECTION('',(-0.9551698,0.2960584,0.));
#3662=AXIS2_PLACEMENT_3D('',#1442,#2870,$);
#4454=PLANE('',#3662);
#5246=POLY_LOOP('',(#1442,#1443,#1444));
#6038=FACE_OUTER_BOUND('',#5246,.T.);
#6830=FACE_SURFACE('',(#6038),#4454,.T.);
#2871=DIRECTION('',(-0.9551698,0.2960584,0.));
#3663=AXIS2_PLACEMENT_3D('',#1445,#2871,$);
#4455=PLANE('',#3663);
#5247=POLY_LOOP('',(#1445,#1446,#1447));
#6039=FACE_OUTER_BOUND('',#5247,.T.);
#6831=FACE_SURFACE('',(#6039),#4455,.T.);
#2872=DIRECTION('',(-0.6429247,-0.7659294,0.));
#3664=AXIS2_PLACEMENT_3D('',#1448,#2872,$);
#4456=PLANE('',#3664);
#5248=POLY_LOOP('',(#1448,#1449,#1450));
#6040=FACE_OUTER_BOUND('',#5248,.T.);
#6832=FACE_SURFACE('',(#6040),#4456,.T.);
#2873=DIRECTION('',(-0.6429247,-0.7659294,0.));
#3665=AXIS2_PLACEMENT_3D('',#1451,#2873,$);
#4457=PLANE('',#3665);
#5249=POLY_LOOP('',(#1451,#1452,#1453));
#6041=FACE_OUTER_BOUND('',#5249,.T.);
#6833=FACE_SURFACE('',(#6041),#4457,.T.);
#2874=DIRECTION('',(0.,0.,-1.));
#3666=AXIS2_PLACEMENT_3D('',#1454,#2874,$);
#4458=PLANE('',#3666);
#5250=POLY_LOOP('',(#1454,#1455,#1456));
#6042=FACE_OUTER_BOUND('',#5250,.T.);
#6834=FACE_SURFACE('',(#6042),#4458,.T.);
#2875=DIRECTION('',(0.,0.,-1.));
#3667=AXIS2_PLACEMENT_3D('',#1457,#2875,$);
#4459=PLANE('',#3667);
#5251=POLY_LOOP('',(#1457,#1458,#1459));
#6043=FACE_OUTER_BOUND('',#5251,.T.);
#6835=FACE_SURFACE('',(#6043),#4459,.T.);
#2876=DIRECTION('',(0.,0.,-1.));
#3668=AXIS2_PLACEMENT_3D('',#1460,#2876,$);
#4460=PLANE('',#3668);
#5252=POLY_LOOP('',(#1460,#1461,#1462));
#6044=FACE_OUTER_BOUND('',#5252,.T.);
#6836=FACE_SURFACE('',(#6044),#4460,.T.);
#2877=DIRECTION('',(0.,0.,-1.));
#3669=AXIS2_PLACEMENT_3D('',#1463,#2877,$);
#4461=PLANE('',#3669);
#5253=POLY_LOOP('',(#1463,#1464,#1465));
#6045=FACE_OUTER_BOUND('',#5253,.T.);
#6837=FACE_SURFACE('',(#6045),#4461,.T.);
#2878=DIRECTION('',(0.,0.,-1.));
#3670=AXIS2_PLACEMENT_3D('',#1466,#2878,$);
#4462=PLANE('',#3670);
#5254=POLY_LOOP('',(#1466,#1467,#1468));
#6046=FACE_OUTER_BOUND('',#5254,.T.);
#6838=FACE_SURFACE('',(#6046),#4462,.T.);
#2879=DIRECTION('',(0.,0.,-1.));
#3671=AXIS2_PLACEMENT_3D('',#1469,#2879,$);
#4463=PLANE('',#3671);
#5255=POLY_LOOP('',(#1469,#1470,#1471));
#6047=FACE_OUTER_BOUND('',#5255,.T.);
#6839=FACE_SURFACE('',(#6047),#4463,.T.);
#2880=DIRECTION('',(0.,0.,-1.));
#3672=AXIS2_PLACEMENT_3D('',#1472,#2880,$);
#4464=PLANE('',#3672);
#5256=POLY_LOOP('',(#1472,#1473,#1474));
#6048=FACE_OUTER_BOUND('',#5256,.T.);
#6840=FACE_SURFACE('',(#6048),#4464,.T.);
#2881=DIRECTION('',(0.,0.,-1.));
#3673=AXIS2_PLACEMENT_3D('',#1475,#2881,$);
#4465=PLANE('',#3673);
#5257=POLY_LOOP('',(#1475,#1476,#1477));
#6049=FACE_OUTER_BOUND('',#5257,.T.);
#6841=FACE_SURFACE('',(#6049),#4465,.T.);
#2882=DIRECTION('',(0.,0.,-1.));
#3674=AXIS2_PLACEMENT_3D('',#1478,#2882,$);
#4466=PLANE('',#3674);
#5258=POLY_LOOP('',(#1478,#1479,#1480));
#6050=FACE_OUTER_BOUND('',#5258,.T.);
#6842=FACE_SURFACE('',(#6050),#4466,.T.);
#2883=DIRECTION('',(0.,0.,-1.));
#3675=AXIS2_PLACEMENT_3D('',#1481,#2883,$);
#4467=PLANE('',#3675);
#5259=POLY_LOOP('',(#1481,#1482,#1483));
#6051=FACE_OUTER_BOUND('',#5259,.T.);
#6843=FACE_SURFACE('',(#6051),#4467,.T.);
#2884=DIRECTION('',(0.,0.,-1.));
#3676=AXIS2_PLACEMENT_3D('',#1484,#2884,$);
#4468=PLANE('',#3676);
#5260=POLY_LOOP('',(#1484,#1485,#1486));
#6052=FACE_OUTER_BOUND('',#5260,.T.);
#6844=FACE_SURFACE('',(#6052),#4468,.T.);
#2885=DIRECTION('',(0.,0.,-1.));
#3677=AXIS2_PLACEMENT_3D('',#1487,#2885,$);
#4469=PLANE('',#3677);
#5261=POLY_LOOP('',(#1487,#1488,#1489));
#6053=FACE_OUTER_BOUND('',#5261,.T.);
#6845=FACE_SURFACE('',(#6053),#4469,.T.);
#2886=DIRECTION('',(0.,0.,-1.));
#3678=AXIS2_PLACEMENT_3D('',#1490,#2886,$);
#4470=PLANE('',#3678);
#5262=POLY_LOOP('',(#1490,#1491,#1492));
#6054=FACE_OUTER_BOUND('',#5262,.T.);
#6846=FACE_SURFACE('',(#6054),#4470,.T.);
#2887=DIRECTION('',(0.,0.,-1.));
#3679=AXIS2_PLACEMENT_3D('',#1493,#2887,$);
#4471=PLANE('',#3679);
#5263=POLY_LOOP('',(#1493,#1494,#1495));
#6055=FACE_OUTER_BOUND('',#5263,.T.);
#6847=FACE_SURFACE('',(#6055),#4471,.T.);
#2888=DIRECTION('',(0.,0.,-1.));
#3680=AXIS2_PLACEMENT_3D('',#1496,#2888,$);
#4472=PLANE('',#3680);
#5264=POLY_LOOP('',(#1496,#1497,#1498));
#6056=FACE_OUTER_BOUND('',#5264,.T.);
#6848=FACE_SURFACE('',(#6056),#4472,.T.);
#2889=DIRECTION('',(0.,0.,-1.));
#3681=AXIS2_PLACEMENT_3D('',#1499,#2889,$);
#4473=PLANE('',#3681);
#5265=POLY_LOOP('',(#1499,#1500,#1501));
#6057=FACE_OUTER_BOUND('',#5265,.T.);
#6849=FACE_SURFACE('',(#6057),#4473,.T.);
#2890=DIRECTION('',(0.,0.,-1.));
#3682=AXIS2_PLACEMENT_3D('',#1502,#2890,$);
#4474=PLANE('',#3682);
#5266=POLY_LOOP('',(#1502,#1503,#1504));
#6058=FACE_OUTER_BOUND('',#5266,.T.);
#6850=FACE_SURFACE('',(#6058),#4474,.T.);
#2891=DIRECTION('',(0.,0.,-1.));
#3683=AXIS2_PLACEMENT_3D('',#1505,#2891,$);
#4475=PLANE('',#3683);
#5267=POLY_LOOP('',(#1505,#1506,#1507));
#6059=FACE_OUTER_BOUND('',#5267,.T.);
#6851=FACE_SURFACE('',(#6059),#4475,.T.);
#2892=DIRECTION('',(0.,0.,-1.));
#3684=AXIS2_PLACEMENT_3D('',#1508,#2892,$);
#4476=PLANE('',#3684);
#5268=POLY_LOOP('',(#1508,#1509,#1510));
#6060=FACE_OUTER_BOUND('',#5268,.T.);
#6852=FACE_SURFACE('',(#6060),#4476,.T.);
#2893=DIRECTION('',(0.,0.,-1.));
#3685=AXIS2_PLACEMENT_3D('',#1511,#2893,$);
#4477=PLANE('',#3685);
#5269=POLY_LOOP('',(#1511,#1512,#1513));
#6061=FACE_OUTER_BOUND('',#5269,.T.);
#6853=FACE_SURFACE('',(#6061),#4477,.T.);
#2894=DIRECTION('',(0.,0.,-1.));
#3686=AXIS2_PLACEMENT_3D('',#1514,#2894,$);
#4478=PLANE('',#3686);
#5270=POLY_LOOP('',(#1514,#1515,#1516));
#6062=FACE_OUTER_BOUND('',#5270,.T.);
#6854=FACE_SURFACE('',(#6062),#4478,.T.);
#2895=DIRECTION('',(0.,0.,-1.));
#3687=AXIS2_PLACEMENT_3D('',#1517,#2895,$);
#4479=PLANE('',#3687);
#5271=POLY_LOOP('',(#1517,#1518,#1519));
#6063=FACE_OUTER_BOUND('',#5271,.T.);
#6855=FACE_SURFACE('',(#6063),#4479,.T.);
#2896=DIRECTION('',(0.,0.,-1.));
#3688=AXIS2_PLACEMENT_3D('',#1520,#2896,$);
#4480=PLANE('',#3688);
#5272=POLY_LOOP('',(#1520,#1521,#1522));
#6064=FACE_OUTER_BOUND('',#5272,.T.);
#6856=FACE_SURFACE('',(#6064),#4480,.T.);
#2897=DIRECTION('',(0.,0.,-1.));
#3689=AXIS2_PLACEMENT_3D('',#1523,#2897,$);
#4481=PLANE('',#3689);
#5273=POLY_LOOP('',(#1523,#1524,#1525));
#6065=FACE_OUTER_BOUND('',#5273,.T.);
#6857=FACE_SURFACE('',(#6065),#4481,.T.);
#2898=DIRECTION('',(0.,0.,-1.));
#3690=AXIS2_PLACEMENT_3D('',#1526,#2898,$);
#4482=PLANE('',#3690);
#5274=POLY_LOOP('',(#1526,#1527,#1528));
#6066=FACE_OUTER_BOUND('',#5274,.T.);
#6858=FACE_SURFACE('',(#6066),#4482,.T.);
#2899=DIRECTION('',(0.,0.,-1.));
#3691=AXIS2_PLACEMENT_3D('',#1529,#2899,$);
#4483=PLANE('',#3691);
#5275=POLY_LOOP('',(#1529,#1530,#1531));
#6067=FACE_OUTER_BOUND('',#5275,.T.);
#6859=FACE_SURFACE('',(#6067),#4483,.T.);
#2900=DIRECTION('',(0.,0.,-1.));
#3692=AXIS2_PLACEMENT_3D('',#1532,#2900,$);
#4484=PLANE('',#3692);
#5276=POLY_LOOP('',(#1532,#1533,#1534));
#6068=FACE_OUTER_BOUND('',#5276,.T.);
#6860=FACE_SURFACE('',(#6068),#4484,.T.);
#2901=DIRECTION('',(0.,0.,-1.));
#3693=AXIS2_PLACEMENT_3D('',#1535,#2901,$);
#4485=PLANE('',#3693);
#5277=POLY_LOOP('',(#1535,#1536,#1537));
#6069=FACE_OUTER_BOUND('',#5277,.T.);
#6861=FACE_SURFACE('',(#6069),#4485,.T.);
#2902=DIRECTION('',(0.,0.,-1.));
#3694=AXIS2_PLACEMENT_3D('',#1538,#2902,$);
#4486=PLANE('',#3694);
#5278=POLY_LOOP('',(#1538,#1539,#1540));
#6070=FACE_OUTER_BOUND('',#5278,.T.);
#6862=FACE_SURFACE('',(#6070),#4486,.T.);
#2903=DIRECTION('',(0.,0.,-1.));
#3695=AXIS2_PLACEMENT_3D('',#1541,#2903,$);
#4487=PLANE('',#3695);
#5279=POLY_LOOP('',(#1541,#1542,#1543));
#6071=FACE_OUTER_BOUND('',#5279,.T.);
#6863=FACE_SURFACE('',(#6071),#4487,.T.);
#2904=DIRECTION('',(0.,0.,-1.));
#3696=AXIS2_PLACEMENT_3D('',#1544,#2904,$);
#4488=PLANE('',#3696);
#5280=POLY_LOOP('',(#1544,#1545,#1546));
#6072=FACE_OUTER_BOUND('',#5280,.T.);
#6864=FACE_SURFACE('',(#6072),#4488,.T.);
#2905=DIRECTION('',(0.,0.,-1.));
#3697=AXIS2_PLACEMENT_3D('',#1547,#2905,$);
#4489=PLANE('',#3697);
#5281=POLY_LOOP('',(#1547,#1548,#1549));
#6073=FACE_OUTER_BOUND('',#5281,.T.);
#6865=FACE_SURFACE('',(#6073),#4489,.T.);
#2906=DIRECTION('',(0.,0.,-1.));
#3698=AXIS2_PLACEMENT_3D('',#1550,#2906,$);
#4490=PLANE('',#3698);
#5282=POLY_LOOP('',(#1550,#1551,#1552));
#6074=FACE_OUTER_BOUND('',#5282,.T.);
#6866=FACE_SURFACE('',(#6074),#4490,.T.);
#2907=DIRECTION('',(0.,0.,-1.));
#3699=AXIS2_PLACEMENT_3D('',#1553,#2907,$);
#4491=PLANE('',#3699);
#5283=POLY_LOOP('',(#1553,#1554,#1555));
#6075=FACE_OUTER_BOUND('',#5283,.T.);
#6867=FACE_SURFACE('',(#6075),#4491,.T.);
#2908=DIRECTION('',(0.,0.,-1.));
#3700=AXIS2_PLACEMENT_3D('',#1556,#2908,$);
#4492=PLANE('',#3700);
#5284=POLY_LOOP('',(#1556,#1557,#1558));
#6076=FACE_OUTER_BOUND('',#5284,.T.);
#6868=FACE_SURFACE('',(#6076),#4492,.T.);
#2909=DIRECTION('',(0.,0.,-1.));
#3701=AXIS2_PLACEMENT_3D('',#1559,#2909,$);
#4493=PLANE('',#3701);
#5285=POLY_LOOP('',(#1559,#1560,#1561));
#6077=FACE_OUTER_BOUND('',#5285,.T.);
#6869=FACE_SURFACE('',(#6077),#4493,.T.);
#2910=DIRECTION('',(0.,0.,-1.));
#3702=AXIS2_PLACEMENT_3D('',#1562,#2910,$);
#4494=PLANE('',#3702);
#5286=POLY_LOOP('',(#1562,#1563,#1564));
#6078=FACE_OUTER_BOUND('',#5286,.T.);
#6870=FACE_SURFACE('',(#6078),#4494,.T.);
#2911=DIRECTION('',(0.,0.,-1.));
#3703=AXIS2_PLACEMENT_3D('',#1565,#2911,$);
#4495=PLANE('',#3703);
#5287=POLY_LOOP('',(#1565,#1566,#1567));
#6079=FACE_OUTER_BOUND('',#5287,.T.);
#6871=FACE_SURFACE('',(#6079),#4495,.T.);
#2912=DIRECTION('',(0.,0.,-1.));
#3704=AXIS2_PLACEMENT_3D('',#1568,#2912,$);
#4496=PLANE('',#3704);
#5288=POLY_LOOP('',(#1568,#1569,#1570));
#6080=FACE_OUTER_BOUND('',#5288,.T.);
#6872=FACE_SURFACE('',(#6080),#4496,.T.);
#2913=DIRECTION('',(0.,0.,-1.));
#3705=AXIS2_PLACEMENT_3D('',#1571,#2913,$);
#4497=PLANE('',#3705);
#5289=POLY_LOOP('',(#1571,#1572,#1573));
#6081=FACE_OUTER_BOUND('',#5289,.T.);
#6873=FACE_SURFACE('',(#6081),#4497,.T.);
#2914=DIRECTION('',(0.,0.,-1.));
#3706=AXIS2_PLACEMENT_3D('',#1574,#2914,$);
#4498=PLANE('',#3706);
#5290=POLY_LOOP('',(#1574,#1575,#1576));
#6082=FACE_OUTER_BOUND('',#5290,.T.);
#6874=FACE_SURFACE('',(#6082),#4498,.T.);
#2915=DIRECTION('',(0.,0.,-1.));
#3707=AXIS2_PLACEMENT_3D('',#1577,#2915,$);
#4499=PLANE('',#3707);
#5291=POLY_LOOP('',(#1577,#1578,#1579));
#6083=FACE_OUTER_BOUND('',#5291,.T.);
#6875=FACE_SURFACE('',(#6083),#4499,.T.);
#2916=DIRECTION('',(0.,0.,-1.));
#3708=AXIS2_PLACEMENT_3D('',#1580,#2916,$);
#4500=PLANE('',#3708);
#5292=POLY_LOOP('',(#1580,#1581,#1582));
#6084=FACE_OUTER_BOUND('',#5292,.T.);
#6876=FACE_SURFACE('',(#6084),#4500,.T.);
#2917=DIRECTION('',(0.,0.,-1.));
#3709=AXIS2_PLACEMENT_3D('',#1583,#2917,$);
#4501=PLANE('',#3709);
#5293=POLY_LOOP('',(#1583,#1584,#1585));
#6085=FACE_OUTER_BOUND('',#5293,.T.);
#6877=FACE_SURFACE('',(#6085),#4501,.T.);
#2918=DIRECTION('',(0.,0.,-1.));
#3710=AXIS2_PLACEMENT_3D('',#1586,#2918,$);
#4502=PLANE('',#3710);
#5294=POLY_LOOP('',(#1586,#1587,#1588));
#6086=FACE_OUTER_BOUND('',#5294,.T.);
#6878=FACE_SURFACE('',(#6086),#4502,.T.);
#2919=DIRECTION('',(0.,0.,-1.));
#3711=AXIS2_PLACEMENT_3D('',#1589,#2919,$);
#4503=PLANE('',#3711);
#5295=POLY_LOOP('',(#1589,#1590,#1591));
#6087=FACE_OUTER_BOUND('',#5295,.T.);
#6879=FACE_SURFACE('',(#6087),#4503,.T.);
#2920=DIRECTION('',(0.,0.,-1.));
#3712=AXIS2_PLACEMENT_3D('',#1592,#2920,$);
#4504=PLANE('',#3712);
#5296=POLY_LOOP('',(#1592,#1593,#1594));
#6088=FACE_OUTER_BOUND('',#5296,.T.);
#6880=FACE_SURFACE('',(#6088),#4504,.T.);
#2921=DIRECTION('',(0.,0.,-1.));
#3713=AXIS2_PLACEMENT_3D('',#1595,#2921,$);
#4505=PLANE('',#3713);
#5297=POLY_LOOP('',(#1595,#1596,#1597));
#6089=FACE_OUTER_BOUND('',#5297,.T.);
#6881=FACE_SURFACE('',(#6089),#4505,.T.);
#2922=DIRECTION('',(0.,0.,-1.));
#3714=AXIS2_PLACEMENT_3D('',#1598,#2922,$);
#4506=PLANE('',#3714);
#5298=POLY_LOOP('',(#1598,#1599,#1600));
#6090=FACE_OUTER_BOUND('',#5298,.T.);
#6882=FACE_SURFACE('',(#6090),#4506,.T.);
#2923=DIRECTION('',(0.,0.,-1.));
#3715=AXIS2_PLACEMENT_3D('',#1601,#2923,$);
#4507=PLANE('',#3715);
#5299=POLY_LOOP('',(#1601,#1602,#1603));
#6091=FACE_OUTER_BOUND('',#5299,.T.);
#6883=FACE_SURFACE('',(#6091),#4507,.T.);
#2924=DIRECTION('',(0.,0.,-1.));
#3716=AXIS2_PLACEMENT_3D('',#1604,#2924,$);
#4508=PLANE('',#3716);
#5300=POLY_LOOP('',(#1604,#1605,#1606));
#6092=FACE_OUTER_BOUND('',#5300,.T.);
#6884=FACE_SURFACE('',(#6092),#4508,.T.);
#2925=DIRECTION('',(0.,0.,-1.));
#3717=AXIS2_PLACEMENT_3D('',#1607,#2925,$);
#4509=PLANE('',#3717);
#5301=POLY_LOOP('',(#1607,#1608,#1609));
#6093=FACE_OUTER_BOUND('',#5301,.T.);
#6885=FACE_SURFACE('',(#6093),#4509,.T.);
#2926=DIRECTION('',(0.,0.,-1.));
#3718=AXIS2_PLACEMENT_3D('',#1610,#2926,$);
#4510=PLANE('',#3718);
#5302=POLY_LOOP('',(#1610,#1611,#1612));
#6094=FACE_OUTER_BOUND('',#5302,.T.);
#6886=FACE_SURFACE('',(#6094),#4510,.T.);
#2927=DIRECTION('',(0.,0.,-1.));
#3719=AXIS2_PLACEMENT_3D('',#1613,#2927,$);
#4511=PLANE('',#3719);
#5303=POLY_LOOP('',(#1613,#1614,#1615));
#6095=FACE_OUTER_BOUND('',#5303,.T.);
#6887=FACE_SURFACE('',(#6095),#4511,.T.);
#2928=DIRECTION('',(0.,0.,-1.));
#3720=AXIS2_PLACEMENT_3D('',#1616,#2928,$);
#4512=PLANE('',#3720);
#5304=POLY_LOOP('',(#1616,#1617,#1618));
#6096=FACE_OUTER_BOUND('',#5304,.T.);
#6888=FACE_SURFACE('',(#6096),#4512,.T.);
#2929=DIRECTION('',(0.,0.,-1.));
#3721=AXIS2_PLACEMENT_3D('',#1619,#2929,$);
#4513=PLANE('',#3721);
#5305=POLY_LOOP('',(#1619,#1620,#1621));
#6097=FACE_OUTER_BOUND('',#5305,.T.);
#6889=FACE_SURFACE('',(#6097),#4513,.T.);
#2930=DIRECTION('',(0.,0.,-1.));
#3722=AXIS2_PLACEMENT_3D('',#1622,#2930,$);
#4514=PLANE('',#3722);
#5306=POLY_LOOP('',(#1622,#1623,#1624));
#6098=FACE_OUTER_BOUND('',#5306,.T.);
#6890=FACE_SURFACE('',(#6098),#4514,.T.);
#2931=DIRECTION('',(0.,0.,-1.));
#3723=AXIS2_PLACEMENT_3D('',#1625,#2931,$);
#4515=PLANE('',#3723);
#5307=POLY_LOOP('',(#1625,#1626,#1627));
#6099=FACE_OUTER_BOUND('',#5307,.T.);
#6891=FACE_SURFACE('',(#6099),#4515,.T.);
#2932=DIRECTION('',(0.,0.,-1.));
#3724=AXIS2_PLACEMENT_3D('',#1628,#2932,$);
#4516=PLANE('',#3724);
#5308=POLY_LOOP('',(#1628,#1629,#1630));
#6100=FACE_OUTER_BOUND('',#5308,.T.);
#6892=FACE_SURFACE('',(#6100),#4516,.T.);
#2933=DIRECTION('',(0.,0.,-1.));
#3725=AXIS2_PLACEMENT_3D('',#1631,#2933,$);
#4517=PLANE('',#3725);
#5309=POLY_LOOP('',(#1631,#1632,#1633));
#6101=FACE_OUTER_BOUND('',#5309,.T.);
#6893=FACE_SURFACE('',(#6101),#4517,.T.);
#2934=DIRECTION('',(0.,0.,-1.));
#3726=AXIS2_PLACEMENT_3D('',#1634,#2934,$);
#4518=PLANE('',#3726);
#5310=POLY_LOOP('',(#1634,#1635,#1636));
#6102=FACE_OUTER_BOUND('',#5310,.T.);
#6894=FACE_SURFACE('',(#6102),#4518,.T.);
#2935=DIRECTION('',(0.,0.,-1.));
#3727=AXIS2_PLACEMENT_3D('',#1637,#2935,$);
#4519=PLANE('',#3727);
#5311=POLY_LOOP('',(#1637,#1638,#1639));
#6103=FACE_OUTER_BOUND('',#5311,.T.);
#6895=FACE_SURFACE('',(#6103),#4519,.T.);
#2936=DIRECTION('',(0.,0.,-1.));
#3728=AXIS2_PLACEMENT_3D('',#1640,#2936,$);
#4520=PLANE('',#3728);
#5312=POLY_LOOP('',(#1640,#1641,#1642));
#6104=FACE_OUTER_BOUND('',#5312,.T.);
#6896=FACE_SURFACE('',(#6104),#4520,.T.);
#2937=DIRECTION('',(0.,0.,-1.));
#3729=AXIS2_PLACEMENT_3D('',#1643,#2937,$);
#4521=PLANE('',#3729);
#5313=POLY_LOOP('',(#1643,#1644,#1645));
#6105=FACE_OUTER_BOUND('',#5313,.T.);
#6897=FACE_SURFACE('',(#6105),#4521,.T.);
#2938=DIRECTION('',(0.,0.,-1.));
#3730=AXIS2_PLACEMENT_3D('',#1646,#2938,$);
#4522=PLANE('',#3730);
#5314=POLY_LOOP('',(#1646,#1647,#1648));
#6106=FACE_OUTER_BOUND('',#5314,.T.);
#6898=FACE_SURFACE('',(#6106),#4522,.T.);
#2939=DIRECTION('',(0.,0.,-1.));
#3731=AXIS2_PLACEMENT_3D('',#1649,#2939,$);
#4523=PLANE('',#3731);
#5315=POLY_LOOP('',(#1649,#1650,#1651));
#6107=FACE_OUTER_BOUND('',#5315,.T.);
#6899=FACE_SURFACE('',(#6107),#4523,.T.);
#2940=DIRECTION('',(0.,0.,-1.));
#3732=AXIS2_PLACEMENT_3D('',#1652,#2940,$);
#4524=PLANE('',#3732);
#5316=POLY_LOOP('',(#1652,#1653,#1654));
#6108=FACE_OUTER_BOUND('',#5316,.T.);
#6900=FACE_SURFACE('',(#6108),#4524,.T.);
#2941=DIRECTION('',(0.,0.,-1.));
#3733=AXIS2_PLACEMENT_3D('',#1655,#2941,$);
#4525=PLANE('',#3733);
#5317=POLY_LOOP('',(#1655,#1656,#1657));
#6109=FACE_OUTER_BOUND('',#5317,.T.);
#6901=FACE_SURFACE('',(#6109),#4525,.T.);
#2942=DIRECTION('',(0.,0.,-1.));
#3734=AXIS2_PLACEMENT_3D('',#1658,#2942,$);
#4526=PLANE('',#3734);
#5318=POLY_LOOP('',(#1658,#1659,#1660));
#6110=FACE_OUTER_BOUND('',#5318,.T.);
#6902=FACE_SURFACE('',(#6110),#4526,.T.);
#2943=DIRECTION('',(0.,0.,-1.));
#3735=AXIS2_PLACEMENT_3D('',#1661,#2943,$);
#4527=PLANE('',#3735);
#5319=POLY_LOOP('',(#1661,#1662,#1663));
#6111=FACE_OUTER_BOUND('',#5319,.T.);
#6903=FACE_SURFACE('',(#6111),#4527,.T.);
#2944=DIRECTION('',(0.,0.,-1.));
#3736=AXIS2_PLACEMENT_3D('',#1664,#2944,$);
#4528=PLANE('',#3736);
#5320=POLY_LOOP('',(#1664,#1665,#1666));
#6112=FACE_OUTER_BOUND('',#5320,.T.);
#6904=FACE_SURFACE('',(#6112),#4528,.T.);
#2945=DIRECTION('',(0.,0.,-1.));
#3737=AXIS2_PLACEMENT_3D('',#1667,#2945,$);
#4529=PLANE('',#3737);
#5321=POLY_LOOP('',(#1667,#1668,#1669));
#6113=FACE_OUTER_BOUND('',#5321,.T.);
#6905=FACE_SURFACE('',(#6113),#4529,.T.);
#2946=DIRECTION('',(0.,0.,-1.));
#3738=AXIS2_PLACEMENT_3D('',#1670,#2946,$);
#4530=PLANE('',#3738);
#5322=POLY_LOOP('',(#1670,#1671,#1672));
#6114=FACE_OUTER_BOUND('',#5322,.T.);
#6906=FACE_SURFACE('',(#6114),#4530,.T.);
#2947=DIRECTION('',(0.,0.,-1.));
#3739=AXIS2_PLACEMENT_3D('',#1673,#2947,$);
#4531=PLANE('',#3739);
#5323=POLY_LOOP('',(#1673,#1674,#1675));
#6115=FACE_OUTER_BOUND('',#5323,.T.);
#6907=FACE_SURFACE('',(#6115),#4531,.T.);
#2948=DIRECTION('',(0.,0.,-1.));
#3740=AXIS2_PLACEMENT_3D('',#1676,#2948,$);
#4532=PLANE('',#3740);
#5324=POLY_LOOP('',(#1676,#1677,#1678));
#6116=FACE_OUTER_BOUND('',#5324,.T.);
#6908=FACE_SURFACE('',(#6116),#4532,.T.);
#2949=DIRECTION('',(0.,0.,-1.));
#3741=AXIS2_PLACEMENT_3D('',#1679,#2949,$);
#4533=PLANE('',#3741);
#5325=POLY_LOOP('',(#1679,#1680,#1681));
#6117=FACE_OUTER_BOUND('',#5325,.T.);
#6909=FACE_SURFACE('',(#6117),#4533,.T.);
#2950=DIRECTION('',(0.,0.,-1.));
#3742=AXIS2_PLACEMENT_3D('',#1682,#2950,$);
#4534=PLANE('',#3742);
#5326=POLY_LOOP('',(#1682,#1683,#1684));
#6118=FACE_OUTER_BOUND('',#5326,.T.);
#6910=FACE_SURFACE('',(#6118),#4534,.T.);
#2951=DIRECTION('',(0.,0.,-1.));
#3743=AXIS2_PLACEMENT_3D('',#1685,#2951,$);
#4535=PLANE('',#3743);
#5327=POLY_LOOP('',(#1685,#1686,#1687));
#6119=FACE_OUTER_BOUND('',#5327,.T.);
#6911=FACE_SURFACE('',(#6119),#4535,.T.);
#2952=DIRECTION('',(0.,0.,-1.));
#3744=AXIS2_PLACEMENT_3D('',#1688,#2952,$);
#4536=PLANE('',#3744);
#5328=POLY_LOOP('',(#1688,#1689,#1690));
#6120=FACE_OUTER_BOUND('',#5328,.T.);
#6912=FACE_SURFACE('',(#6120),#4536,.T.);
#2953=DIRECTION('',(0.,0.,-1.));
#3745=AXIS2_PLACEMENT_3D('',#1691,#2953,$);
#4537=PLANE('',#3745);
#5329=POLY_LOOP('',(#1691,#1692,#1693));
#6121=FACE_OUTER_BOUND('',#5329,.T.);
#6913=FACE_SURFACE('',(#6121),#4537,.T.);
#2954=DIRECTION('',(0.,0.,-1.));
#3746=AXIS2_PLACEMENT_3D('',#1694,#2954,$);
#4538=PLANE('',#3746);
#5330=POLY_LOOP('',(#1694,#1695,#1696));
#6122=FACE_OUTER_BOUND('',#5330,.T.);
#6914=FACE_SURFACE('',(#6122),#4538,.T.);
#2955=DIRECTION('',(0.,0.,-1.));
#3747=AXIS2_PLACEMENT_3D('',#1697,#2955,$);
#4539=PLANE('',#3747);
#5331=POLY_LOOP('',(#1697,#1698,#1699));
#6123=FACE_OUTER_BOUND('',#5331,.T.);
#6915=FACE_SURFACE('',(#6123),#4539,.T.);
#2956=DIRECTION('',(0.,0.,-1.));
#3748=AXIS2_PLACEMENT_3D('',#1700,#2956,$);
#4540=PLANE('',#3748);
#5332=POLY_LOOP('',(#1700,#1701,#1702));
#6124=FACE_OUTER_BOUND('',#5332,.T.);
#6916=FACE_SURFACE('',(#6124),#4540,.T.);
#2957=DIRECTION('',(0.,0.,-1.));
#3749=AXIS2_PLACEMENT_3D('',#1703,#2957,$);
#4541=PLANE('',#3749);
#5333=POLY_LOOP('',(#1703,#1704,#1705));
#6125=FACE_OUTER_BOUND('',#5333,.T.);
#6917=FACE_SURFACE('',(#6125),#4541,.T.);
#2958=DIRECTION('',(0.,0.,-1.));
#3750=AXIS2_PLACEMENT_3D('',#1706,#2958,$);
#4542=PLANE('',#3750);
#5334=POLY_LOOP('',(#1706,#1707,#1708));
#6126=FACE_OUTER_BOUND('',#5334,.T.);
#6918=FACE_SURFACE('',(#6126),#4542,.T.);
#2959=DIRECTION('',(0.,0.,-1.));
#3751=AXIS2_PLACEMENT_3D('',#1709,#2959,$);
#4543=PLANE('',#3751);
#5335=POLY_LOOP('',(#1709,#1710,#1711));
#6127=FACE_OUTER_BOUND('',#5335,.T.);
#6919=FACE_SURFACE('',(#6127),#4543,.T.);
#2960=DIRECTION('',(0.,0.,-1.));
#3752=AXIS2_PLACEMENT_3D('',#1712,#2960,$);
#4544=PLANE('',#3752);
#5336=POLY_LOOP('',(#1712,#1713,#1714));
#6128=FACE_OUTER_BOUND('',#5336,.T.);
#6920=FACE_SURFACE('',(#6128),#4544,.T.);
#2961=DIRECTION('',(0.,0.,-1.));
#3753=AXIS2_PLACEMENT_3D('',#1715,#2961,$);
#4545=PLANE('',#3753);
#5337=POLY_LOOP('',(#1715,#1716,#1717));
#6129=FACE_OUTER_BOUND('',#5337,.T.);
#6921=FACE_SURFACE('',(#6129),#4545,.T.);
#2962=DIRECTION('',(0.,0.,-1.));
#3754=AXIS2_PLACEMENT_3D('',#1718,#2962,$);
#4546=PLANE('',#3754);
#5338=POLY_LOOP('',(#1718,#1719,#1720));
#6130=FACE_OUTER_BOUND('',#5338,.T.);
#6922=FACE_SURFACE('',(#6130),#4546,.T.);
#2963=DIRECTION('',(0.,0.,-1.));
#3755=AXIS2_PLACEMENT_3D('',#1721,#2963,$);
#4547=PLANE('',#3755);
#5339=POLY_LOOP('',(#1721,#1722,#1723));
#6131=FACE_OUTER_BOUND('',#5339,.T.);
#6923=FACE_SURFACE('',(#6131),#4547,.T.);
#2964=DIRECTION('',(0.,0.,-1.));
#3756=AXIS2_PLACEMENT_3D('',#1724,#2964,$);
#4548=PLANE('',#3756);
#5340=POLY_LOOP('',(#1724,#1725,#1726));
#6132=FACE_OUTER_BOUND('',#5340,.T.);
#6924=FACE_SURFACE('',(#6132),#4548,.T.);
#2965=DIRECTION('',(0.,0.,-1.));
#3757=AXIS2_PLACEMENT_3D('',#1727,#2965,$);
#4549=PLANE('',#3757);
#5341=POLY_LOOP('',(#1727,#1728,#1729));
#6133=FACE_OUTER_BOUND('',#5341,.T.);
#6925=FACE_SURFACE('',(#6133),#4549,.T.);
#2966=DIRECTION('',(0.,0.,-1.));
#3758=AXIS2_PLACEMENT_3D('',#1730,#2966,$);
#4550=PLANE('',#3758);
#5342=POLY_LOOP('',(#1730,#1731,#1732));
#6134=FACE_OUTER_BOUND('',#5342,.T.);
#6926=FACE_SURFACE('',(#6134),#4550,.T.);
#2967=DIRECTION('',(0.,0.,-1.));
#3759=AXIS2_PLACEMENT_3D('',#1733,#2967,$);
#4551=PLANE('',#3759);
#5343=POLY_LOOP('',(#1733,#1734,#1735));
#6135=FACE_OUTER_BOUND('',#5343,.T.);
#6927=FACE_SURFACE('',(#6135),#4551,.T.);
#2968=DIRECTION('',(0.,0.,-1.));
#3760=AXIS2_PLACEMENT_3D('',#1736,#2968,$);
#4552=PLANE('',#3760);
#5344=POLY_LOOP('',(#1736,#1737,#1738));
#6136=FACE_OUTER_BOUND('',#5344,.T.);
#6928=FACE_SURFACE('',(#6136),#4552,.T.);
#2969=DIRECTION('',(0.,0.,-1.));
#3761=AXIS2_PLACEMENT_3D('',#1739,#2969,$);
#4553=PLANE('',#3761);
#5345=POLY_LOOP('',(#1739,#1740,#1741));
#6137=FACE_OUTER_BOUND('',#5345,.T.);
#6929=FACE_SURFACE('',(#6137),#4553,.T.);
#2970=DIRECTION('',(0.,0.,-1.));
#3762=AXIS2_PLACEMENT_3D('',#1742,#2970,$);
#4554=PLANE('',#3762);
#5346=POLY_LOOP('',(#1742,#1743,#1744));
#6138=FACE_OUTER_BOUND('',#5346,.T.);
#6930=FACE_SURFACE('',(#6138),#4554,.T.);
#2971=DIRECTION('',(0.,0.,-1.));
#3763=AXIS2_PLACEMENT_3D('',#1745,#2971,$);
#4555=PLANE('',#3763);
#5347=POLY_LOOP('',(#1745,#1746,#1747));
#6139=FACE_OUTER_BOUND('',#5347,.T.);
#6931=FACE_SURFACE('',(#6139),#4555,.T.);
#2972=DIRECTION('',(0.,0.,-1.));
#3764=AXIS2_PLACEMENT_3D('',#1748,#2972,$);
#4556=PLANE('',#3764);
#5348=POLY_LOOP('',(#1748,#1749,#1750));
#6140=FACE_OUTER_BOUND('',#5348,.T.);
#6932=FACE_SURFACE('',(#6140),#4556,.T.);
#2973=DIRECTION('',(0.,0.,-1.));
#3765=AXIS2_PLACEMENT_3D('',#1751,#2973,$);
#4557=PLANE('',#3765);
#5349=POLY_LOOP('',(#1751,#1752,#1753));
#6141=FACE_OUTER_BOUND('',#5349,.T.);
#6933=FACE_SURFACE('',(#6141),#4557,.T.);
#2974=DIRECTION('',(0.,0.,-1.));
#3766=AXIS2_PLACEMENT_3D('',#1754,#2974,$);
#4558=PLANE('',#3766);
#5350=POLY_LOOP('',(#1754,#1755,#1756));
#6142=FACE_OUTER_BOUND('',#5350,.T.);
#6934=FACE_SURFACE('',(#6142),#4558,.T.);
#2975=DIRECTION('',(0.,0.,-1.));
#3767=AXIS2_PLACEMENT_3D('',#1757,#2975,$);
#4559=PLANE('',#3767);
#5351=POLY_LOOP('',(#1757,#1758,#1759));
#6143=FACE_OUTER_BOUND('',#5351,.T.);
#6935=FACE_SURFACE('',(#6143),#4559,.T.);
#2976=DIRECTION('',(0.,0.,-1.));
#3768=AXIS2_PLACEMENT_3D('',#1760,#2976,$);
#4560=PLANE('',#3768);
#5352=POLY_LOOP('',(#1760,#1761,#1762));
#6144=FACE_OUTER_BOUND('',#5352,.T.);
#6936=FACE_SURFACE('',(#6144),#4560,.T.);
#2977=DIRECTION('',(0.,0.,-1.));
#3769=AXIS2_PLACEMENT_3D('',#1763,#2977,$);
#4561=PLANE('',#3769);
#5353=POLY_LOOP('',(#1763,#1764,#1765));
#6145=FACE_OUTER_BOUND('',#5353,.T.);
#6937=FACE_SURFACE('',(#6145),#4561,.T.);
#2978=DIRECTION('',(0.,0.,-1.));
#3770=AXIS2_PLACEMENT_3D('',#1766,#2978,$);
#4562=PLANE('',#3770);
#5354=POLY_LOOP('',(#1766,#1767,#1768));
#6146=FACE_OUTER_BOUND('',#5354,.T.);
#6938=FACE_SURFACE('',(#6146),#4562,.T.);
#2979=DIRECTION('',(0.,0.,-1.));
#3771=AXIS2_PLACEMENT_3D('',#1769,#2979,$);
#4563=PLANE('',#3771);
#5355=POLY_LOOP('',(#1769,#1770,#1771));
#6147=FACE_OUTER_BOUND('',#5355,.T.);
#6939=FACE_SURFACE('',(#6147),#4563,.T.);
#2980=DIRECTION('',(0.,0.,-1.));
#3772=AXIS2_PLACEMENT_3D('',#1772,#2980,$);
#4564=PLANE('',#3772);
#5356=POLY_LOOP('',(#1772,#1773,#1774));
#6148=FACE_OUTER_BOUND('',#5356,.T.);
#6940=FACE_SURFACE('',(#6148),#4564,.T.);
#2981=DIRECTION('',(0.,0.,-1.));
#3773=AXIS2_PLACEMENT_3D('',#1775,#2981,$);
#4565=PLANE('',#3773);
#5357=POLY_LOOP('',(#1775,#1776,#1777));
#6149=FACE_OUTER_BOUND('',#5357,.T.);
#6941=FACE_SURFACE('',(#6149),#4565,.T.);
#2982=DIRECTION('',(0.,0.,-1.));
#3774=AXIS2_PLACEMENT_3D('',#1778,#2982,$);
#4566=PLANE('',#3774);
#5358=POLY_LOOP('',(#1778,#1779,#1780));
#6150=FACE_OUTER_BOUND('',#5358,.T.);
#6942=FACE_SURFACE('',(#6150),#4566,.T.);
#2983=DIRECTION('',(0.,0.,-1.));
#3775=AXIS2_PLACEMENT_3D('',#1781,#2983,$);
#4567=PLANE('',#3775);
#5359=POLY_LOOP('',(#1781,#1782,#1783));
#6151=FACE_OUTER_BOUND('',#5359,.T.);
#6943=FACE_SURFACE('',(#6151),#4567,.T.);
#2984=DIRECTION('',(0.,0.,-1.));
#3776=AXIS2_PLACEMENT_3D('',#1784,#2984,$);
#4568=PLANE('',#3776);
#5360=POLY_LOOP('',(#1784,#1785,#1786));
#6152=FACE_OUTER_BOUND('',#5360,.T.);
#6944=FACE_SURFACE('',(#6152),#4568,.T.);
#2985=DIRECTION('',(0.,0.,-1.));
#3777=AXIS2_PLACEMENT_3D('',#1787,#2985,$);
#4569=PLANE('',#3777);
#5361=POLY_LOOP('',(#1787,#1788,#1789));
#6153=FACE_OUTER_BOUND('',#5361,.T.);
#6945=FACE_SURFACE('',(#6153),#4569,.T.);
#2986=DIRECTION('',(0.,0.,-1.));
#3778=AXIS2_PLACEMENT_3D('',#1790,#2986,$);
#4570=PLANE('',#3778);
#5362=POLY_LOOP('',(#1790,#1791,#1792));
#6154=FACE_OUTER_BOUND('',#5362,.T.);
#6946=FACE_SURFACE('',(#6154),#4570,.T.);
#2987=DIRECTION('',(0.,0.,-1.));
#3779=AXIS2_PLACEMENT_3D('',#1793,#2987,$);
#4571=PLANE('',#3779);
#5363=POLY_LOOP('',(#1793,#1794,#1795));
#6155=FACE_OUTER_BOUND('',#5363,.T.);
#6947=FACE_SURFACE('',(#6155),#4571,.T.);
#2988=DIRECTION('',(0.,0.,-1.));
#3780=AXIS2_PLACEMENT_3D('',#1796,#2988,$);
#4572=PLANE('',#3780);
#5364=POLY_LOOP('',(#1796,#1797,#1798));
#6156=FACE_OUTER_BOUND('',#5364,.T.);
#6948=FACE_SURFACE('',(#6156),#4572,.T.);
#2989=DIRECTION('',(0.,0.,-1.));
#3781=AXIS2_PLACEMENT_3D('',#1799,#2989,$);
#4573=PLANE('',#3781);
#5365=POLY_LOOP('',(#1799,#1800,#1801));
#6157=FACE_OUTER_BOUND('',#5365,.T.);
#6949=FACE_SURFACE('',(#6157),#4573,.T.);
#2990=DIRECTION('',(0.,0.,-1.));
#3782=AXIS2_PLACEMENT_3D('',#1802,#2990,$);
#4574=PLANE('',#3782);
#5366=POLY_LOOP('',(#1802,#1803,#1804));
#6158=FACE_OUTER_BOUND('',#5366,.T.);
#6950=FACE_SURFACE('',(#6158),#4574,.T.);
#2991=DIRECTION('',(0.,0.,-1.));
#3783=AXIS2_PLACEMENT_3D('',#1805,#2991,$);
#4575=PLANE('',#3783);
#5367=POLY_LOOP('',(#1805,#1806,#1807));
#6159=FACE_OUTER_BOUND('',#5367,.T.);
#6951=FACE_SURFACE('',(#6159),#4575,.T.);
#2992=DIRECTION('',(0.,0.,-1.));
#3784=AXIS2_PLACEMENT_3D('',#1808,#2992,$);
#4576=PLANE('',#3784);
#5368=POLY_LOOP('',(#1808,#1809,#1810));
#6160=FACE_OUTER_BOUND('',#5368,.T.);
#6952=FACE_SURFACE('',(#6160),#4576,.T.);
#2993=DIRECTION('',(0.,0.,-1.));
#3785=AXIS2_PLACEMENT_3D('',#1811,#2993,$);
#4577=PLANE('',#3785);
#5369=POLY_LOOP('',(#1811,#1812,#1813));
#6161=FACE_OUTER_BOUND('',#5369,.T.);
#6953=FACE_SURFACE('',(#6161),#4577,.T.);
#2994=DIRECTION('',(0.,0.,-1.));
#3786=AXIS2_PLACEMENT_3D('',#1814,#2994,$);
#4578=PLANE('',#3786);
#5370=POLY_LOOP('',(#1814,#1815,#1816));
#6162=FACE_OUTER_BOUND('',#5370,.T.);
#6954=FACE_SURFACE('',(#6162),#4578,.T.);
#2995=DIRECTION('',(0.,0.,-1.));
#3787=AXIS2_PLACEMENT_3D('',#1817,#2995,$);
#4579=PLANE('',#3787);
#5371=POLY_LOOP('',(#1817,#1818,#1819));
#6163=FACE_OUTER_BOUND('',#5371,.T.);
#6955=FACE_SURFACE('',(#6163),#4579,.T.);
#2996=DIRECTION('',(0.,0.,-1.));
#3788=AXIS2_PLACEMENT_3D('',#1820,#2996,$);
#4580=PLANE('',#3788);
#5372=POLY_LOOP('',(#1820,#1821,#1822));
#6164=FACE_OUTER_BOUND('',#5372,.T.);
#6956=FACE_SURFACE('',(#6164),#4580,.T.);
#2997=DIRECTION('',(0.,0.,-1.));
#3789=AXIS2_PLACEMENT_3D('',#1823,#2997,$);
#4581=PLANE('',#3789);
#5373=POLY_LOOP('',(#1823,#1824,#1825));
#6165=FACE_OUTER_BOUND('',#5373,.T.);
#6957=FACE_SURFACE('',(#6165),#4581,.T.);
#2998=DIRECTION('',(0.,0.,-1.));
#3790=AXIS2_PLACEMENT_3D('',#1826,#2998,$);
#4582=PLANE('',#3790);
#5374=POLY_LOOP('',(#1826,#1827,#1828));
#6166=FACE_OUTER_BOUND('',#5374,.T.);
#6958=FACE_SURFACE('',(#6166),#4582,.T.);
#2999=DIRECTION('',(0.,0.,-1.));
#3791=AXIS2_PLACEMENT_3D('',#1829,#2999,$);
#4583=PLANE('',#3791);
#5375=POLY_LOOP('',(#1829,#1830,#1831));
#6167=FACE_OUTER_BOUND('',#5375,.T.);
#6959=FACE_SURFACE('',(#6167),#4583,.T.);
#3000=DIRECTION('',(0.,0.,-1.));
#3792=AXIS2_PLACEMENT_3D('',#1832,#3000,$);
#4584=PLANE('',#3792);
#5376=POLY_LOOP('',(#1832,#1833,#1834));
#6168=FACE_OUTER_BOUND('',#5376,.T.);
#6960=FACE_SURFACE('',(#6168),#4584,.T.);
#3001=DIRECTION('',(0.,0.,-1.));
#3793=AXIS2_PLACEMENT_3D('',#1835,#3001,$);
#4585=PLANE('',#3793);
#5377=POLY_LOOP('',(#1835,#1836,#1837));
#6169=FACE_OUTER_BOUND('',#5377,.T.);
#6961=FACE_SURFACE('',(#6169),#4585,.T.);
#3002=DIRECTION('',(0.,0.,-1.));
#3794=AXIS2_PLACEMENT_3D('',#1838,#3002,$);
#4586=PLANE('',#3794);
#5378=POLY_LOOP('',(#1838,#1839,#1840));
#6170=FACE_OUTER_BOUND('',#5378,.T.);
#6962=FACE_SURFACE('',(#6170),#4586,.T.);
#3003=DIRECTION('',(0.,0.,-1.));
#3795=AXIS2_PLACEMENT_3D('',#1841,#3003,$);
#4587=PLANE('',#3795);
#5379=POLY_LOOP('',(#1841,#1842,#1843));
#6171=FACE_OUTER_BOUND('',#5379,.T.);
#6963=FACE_SURFACE('',(#6171),#4587,.T.);
#3004=DIRECTION('',(0.,0.,-1.));
#3796=AXIS2_PLACEMENT_3D('',#1844,#3004,$);
#4588=PLANE('',#3796);
#5380=POLY_LOOP('',(#1844,#1845,#1846));
#6172=FACE_OUTER_BOUND('',#5380,.T.);
#6964=FACE_SURFACE('',(#6172),#4588,.T.);
#3005=DIRECTION('',(0.,0.,-1.));
#3797=AXIS2_PLACEMENT_3D('',#1847,#3005,$);
#4589=PLANE('',#3797);
#5381=POLY_LOOP('',(#1847,#1848,#1849));
#6173=FACE_OUTER_BOUND('',#5381,.T.);
#6965=FACE_SURFACE('',(#6173),#4589,.T.);
#3006=DIRECTION('',(-0.1523228,-0.9883308,0.));
#3798=AXIS2_PLACEMENT_3D('',#1850,#3006,$);
#4590=PLANE('',#3798);
#5382=POLY_LOOP('',(#1850,#1851,#1852));
#6174=FACE_OUTER_BOUND('',#5382,.T.);
#6966=FACE_SURFACE('',(#6174),#4590,.T.);
#3007=DIRECTION('',(-0.1523228,-0.9883308,0.));
#3799=AXIS2_PLACEMENT_3D('',#1853,#3007,$);
#4591=PLANE('',#3799);
#5383=POLY_LOOP('',(#1853,#1854,#1855));
#6175=FACE_OUTER_BOUND('',#5383,.T.);
#6967=FACE_SURFACE('',(#6175),#4591,.T.);
#3008=DIRECTION('',(-0.9569136,-0.290373,0.));
#3800=AXIS2_PLACEMENT_3D('',#1856,#3008,$);
#4592=PLANE('',#3800);
#5384=POLY_LOOP('',(#1856,#1857,#1858));
#6176=FACE_OUTER_BOUND('',#5384,.T.);
#6968=FACE_SURFACE('',(#6176),#4592,.T.);
#3009=DIRECTION('',(-0.9569136,-0.290373,0.));
#3801=AXIS2_PLACEMENT_3D('',#1859,#3009,$);
#4593=PLANE('',#3801);
#5385=POLY_LOOP('',(#1859,#1860,#1861));
#6177=FACE_OUTER_BOUND('',#5385,.T.);
#6969=FACE_SURFACE('',(#6177),#4593,.T.);
#3010=DIRECTION('',(0.0149171,-0.9998887,0.));
#3802=AXIS2_PLACEMENT_3D('',#1862,#3010,$);
#4594=PLANE('',#3802);
#5386=POLY_LOOP('',(#1862,#1863,#1864));
#6178=FACE_OUTER_BOUND('',#5386,.T.);
#6970=FACE_SURFACE('',(#6178),#4594,.T.);
#3011=DIRECTION('',(0.0149171,-0.9998887,0.));
#3803=AXIS2_PLACEMENT_3D('',#1865,#3011,$);
#4595=PLANE('',#3803);
#5387=POLY_LOOP('',(#1865,#1866,#1867));
#6179=FACE_OUTER_BOUND('',#5387,.T.);
#6971=FACE_SURFACE('',(#6179),#4595,.T.);
#3012=DIRECTION('',(0.4435364,-0.8962564,0.));
#3804=AXIS2_PLACEMENT_3D('',#1868,#3012,$);
#4596=PLANE('',#3804);
#5388=POLY_LOOP('',(#1868,#1869,#1870));
#6180=FACE_OUTER_BOUND('',#5388,.T.);
#6972=FACE_SURFACE('',(#6180),#4596,.T.);
#3013=DIRECTION('',(0.4435364,-0.8962564,0.));
#3805=AXIS2_PLACEMENT_3D('',#1871,#3013,$);
#4597=PLANE('',#3805);
#5389=POLY_LOOP('',(#1871,#1872,#1873));
#6181=FACE_OUTER_BOUND('',#5389,.T.);
#6973=FACE_SURFACE('',(#6181),#4597,.T.);
#3014=DIRECTION('',(0.09970139,-0.9950174,0.));
#3806=AXIS2_PLACEMENT_3D('',#1874,#3014,$);
#4598=PLANE('',#3806);
#5390=POLY_LOOP('',(#1874,#1875,#1876));
#6182=FACE_OUTER_BOUND('',#5390,.T.);
#6974=FACE_SURFACE('',(#6182),#4598,.T.);
#3015=DIRECTION('',(0.09970139,-0.9950174,0.));
#3807=AXIS2_PLACEMENT_3D('',#1877,#3015,$);
#4599=PLANE('',#3807);
#5391=POLY_LOOP('',(#1877,#1878,#1879));
#6183=FACE_OUTER_BOUND('',#5391,.T.);
#6975=FACE_SURFACE('',(#6183),#4599,.T.);
#3016=DIRECTION('',(0.4488509,0.8936067,0.));
#3808=AXIS2_PLACEMENT_3D('',#1880,#3016,$);
#4600=PLANE('',#3808);
#5392=POLY_LOOP('',(#1880,#1881,#1882));
#6184=FACE_OUTER_BOUND('',#5392,.T.);
#6976=FACE_SURFACE('',(#6184),#4600,.T.);
#3017=DIRECTION('',(0.4488509,0.8936067,0.));
#3809=AXIS2_PLACEMENT_3D('',#1883,#3017,$);
#4601=PLANE('',#3809);
#5393=POLY_LOOP('',(#1883,#1884,#1885));
#6185=FACE_OUTER_BOUND('',#5393,.T.);
#6977=FACE_SURFACE('',(#6185),#4601,.T.);
#3018=DIRECTION('',(-0.9293345,-0.369239,0.));
#3810=AXIS2_PLACEMENT_3D('',#1886,#3018,$);
#4602=PLANE('',#3810);
#5394=POLY_LOOP('',(#1886,#1887,#1888));
#6186=FACE_OUTER_BOUND('',#5394,.T.);
#6978=FACE_SURFACE('',(#6186),#4602,.T.);
#3019=DIRECTION('',(-0.9293345,-0.369239,0.));
#3811=AXIS2_PLACEMENT_3D('',#1889,#3019,$);
#4603=PLANE('',#3811);
#5395=POLY_LOOP('',(#1889,#1890,#1891));
#6187=FACE_OUTER_BOUND('',#5395,.T.);
#6979=FACE_SURFACE('',(#6187),#4603,.T.);
#3020=DIRECTION('',(-0.5772469,-0.8165697,0.));
#3812=AXIS2_PLACEMENT_3D('',#1892,#3020,$);
#4604=PLANE('',#3812);
#5396=POLY_LOOP('',(#1892,#1893,#1894));
#6188=FACE_OUTER_BOUND('',#5396,.T.);
#6980=FACE_SURFACE('',(#6188),#4604,.T.);
#3021=DIRECTION('',(-0.5772469,-0.8165697,0.));
#3813=AXIS2_PLACEMENT_3D('',#1895,#3021,$);
#4605=PLANE('',#3813);
#5397=POLY_LOOP('',(#1895,#1896,#1897));
#6189=FACE_OUTER_BOUND('',#5397,.T.);
#6981=FACE_SURFACE('',(#6189),#4605,.T.);
#3022=DIRECTION('',(0.1843613,-0.9828585,0.));
#3814=AXIS2_PLACEMENT_3D('',#1898,#3022,$);
#4606=PLANE('',#3814);
#5398=POLY_LOOP('',(#1898,#1899,#1900));
#6190=FACE_OUTER_BOUND('',#5398,.T.);
#6982=FACE_SURFACE('',(#6190),#4606,.T.);
#3023=DIRECTION('',(0.1843613,-0.9828585,0.));
#3815=AXIS2_PLACEMENT_3D('',#1901,#3023,$);
#4607=PLANE('',#3815);
#5399=POLY_LOOP('',(#1901,#1902,#1903));
#6191=FACE_OUTER_BOUND('',#5399,.T.);
#6983=FACE_SURFACE('',(#6191),#4607,.T.);
#3024=DIRECTION('',(0.8764843,0.4814304,0.));
#3816=AXIS2_PLACEMENT_3D('',#1904,#3024,$);
#4608=PLANE('',#3816);
#5400=POLY_LOOP('',(#1904,#1905,#1906));
#6192=FACE_OUTER_BOUND('',#5400,.T.);
#6984=FACE_SURFACE('',(#6192),#4608,.T.);
#3025=DIRECTION('',(0.8764843,0.4814304,0.));
#3817=AXIS2_PLACEMENT_3D('',#1907,#3025,$);
#4609=PLANE('',#3817);
#5401=POLY_LOOP('',(#1907,#1908,#1909));
#6193=FACE_OUTER_BOUND('',#5401,.T.);
#6985=FACE_SURFACE('',(#6193),#4609,.T.);
#3026=DIRECTION('',(0.2677613,-0.9634853,0.));
#3818=AXIS2_PLACEMENT_3D('',#1910,#3026,$);
#4610=PLANE('',#3818);
#5402=POLY_LOOP('',(#1910,#1911,#1912));
#6194=FACE_OUTER_BOUND('',#5402,.T.);
#6986=FACE_SURFACE('',(#6194),#4610,.T.);
#3027=DIRECTION('',(0.2677613,-0.9634853,0.));
#3819=AXIS2_PLACEMENT_3D('',#1913,#3027,$);
#4611=PLANE('',#3819);
#5403=POLY_LOOP('',(#1913,#1914,#1915));
#6195=FACE_OUTER_BOUND('',#5403,.T.);
#6987=FACE_SURFACE('',(#6195),#4611,.T.);
#3028=DIRECTION('',(-0.8955429,-0.4449752,0.));
#3820=AXIS2_PLACEMENT_3D('',#1916,#3028,$);
#4612=PLANE('',#3820);
#5404=POLY_LOOP('',(#1916,#1917,#1918));
#6196=FACE_OUTER_BOUND('',#5404,.T.);
#6988=FACE_SURFACE('',(#6196),#4612,.T.);
#3029=DIRECTION('',(-0.8955429,-0.4449752,0.));
#3821=AXIS2_PLACEMENT_3D('',#1919,#3029,$);
#4613=PLANE('',#3821);
#5405=POLY_LOOP('',(#1919,#1920,#1921));
#6197=FACE_OUTER_BOUND('',#5405,.T.);
#6989=FACE_SURFACE('',(#6197),#4613,.T.);
#3030=DIRECTION('',(0.3491119,-0.937081,0.));
#3822=AXIS2_PLACEMENT_3D('',#1922,#3030,$);
#4614=PLANE('',#3822);
#5406=POLY_LOOP('',(#1922,#1923,#1924));
#6198=FACE_OUTER_BOUND('',#5406,.T.);
#6990=FACE_SURFACE('',(#6198),#4614,.T.);
#3031=DIRECTION('',(0.3491119,-0.937081,0.));
#3823=AXIS2_PLACEMENT_3D('',#1925,#3031,$);
#4615=PLANE('',#3823);
#5407=POLY_LOOP('',(#1925,#1926,#1927));
#6199=FACE_OUTER_BOUND('',#5407,.T.);
#6991=FACE_SURFACE('',(#6199),#4615,.T.);
#3032=DIRECTION('',(0.8321398,0.5545659,0.));
#3824=AXIS2_PLACEMENT_3D('',#1928,#3032,$);
#4616=PLANE('',#3824);
#5408=POLY_LOOP('',(#1928,#1929,#1930));
#6200=FACE_OUTER_BOUND('',#5408,.T.);
#6992=FACE_SURFACE('',(#6200),#4616,.T.);
#3033=DIRECTION('',(0.8321398,0.5545659,0.));
#3825=AXIS2_PLACEMENT_3D('',#1931,#3033,$);
#4617=PLANE('',#3825);
#5409=POLY_LOOP('',(#1931,#1932,#1933));
#6201=FACE_OUTER_BOUND('',#5409,.T.);
#6993=FACE_SURFACE('',(#6201),#4617,.T.);
#3034=DIRECTION('',(0.4273624,-0.9040804,0.));
#3826=AXIS2_PLACEMENT_3D('',#1934,#3034,$);
#4618=PLANE('',#3826);
#5410=POLY_LOOP('',(#1934,#1935,#1936));
#6202=FACE_OUTER_BOUND('',#5410,.T.);
#6994=FACE_SURFACE('',(#6202),#4618,.T.);
#3035=DIRECTION('',(0.4273624,-0.9040804,0.));
#3827=AXIS2_PLACEMENT_3D('',#1937,#3035,$);
#4619=PLANE('',#3827);
#5411=POLY_LOOP('',(#1937,#1938,#1939));
#6203=FACE_OUTER_BOUND('',#5411,.T.);
#6995=FACE_SURFACE('',(#6203),#4619,.T.);
#3036=DIRECTION('',(0.4435364,-0.8962563,0.));
#3828=AXIS2_PLACEMENT_3D('',#1940,#3036,$);
#4620=PLANE('',#3828);
#5412=POLY_LOOP('',(#1940,#1941,#1942));
#6204=FACE_OUTER_BOUND('',#5412,.T.);
#6996=FACE_SURFACE('',(#6204),#4620,.T.);
#3037=DIRECTION('',(0.4435364,-0.8962563,0.));
#3829=AXIS2_PLACEMENT_3D('',#1943,#3037,$);
#4621=PLANE('',#3829);
#5413=POLY_LOOP('',(#1943,#1944,#1945));
#6205=FACE_OUTER_BOUND('',#5413,.T.);
#6997=FACE_SURFACE('',(#6205),#4621,.T.);
#3038=DIRECTION('',(-0.8558414,-0.5172383,0.));
#3830=AXIS2_PLACEMENT_3D('',#1946,#3038,$);
#4622=PLANE('',#3830);
#5414=POLY_LOOP('',(#1946,#1947,#1948));
#6206=FACE_OUTER_BOUND('',#5414,.T.);
#6998=FACE_SURFACE('',(#6206),#4622,.T.);
#3039=DIRECTION('',(-0.8558414,-0.5172383,0.));
#3831=AXIS2_PLACEMENT_3D('',#1949,#3039,$);
#4623=PLANE('',#3831);
#5415=POLY_LOOP('',(#1949,#1950,#1951));
#6207=FACE_OUTER_BOUND('',#5415,.T.);
#6999=FACE_SURFACE('',(#6207),#4623,.T.);
#3040=DIRECTION('',(-0.5070692,-0.8619053,0.));
#3832=AXIS2_PLACEMENT_3D('',#1952,#3040,$);
#4624=PLANE('',#3832);
#5416=POLY_LOOP('',(#1952,#1953,#1954));
#6208=FACE_OUTER_BOUND('',#5416,.T.);
#7000=FACE_SURFACE('',(#6208),#4624,.T.);
#3041=DIRECTION('',(-0.5070692,-0.8619053,0.));
#3833=AXIS2_PLACEMENT_3D('',#1955,#3041,$);
#4625=PLANE('',#3833);
#5417=POLY_LOOP('',(#1955,#1956,#1957));
#6209=FACE_OUTER_BOUND('',#5417,.T.);
#7001=FACE_SURFACE('',(#6209),#4625,.T.);
#3042=DIRECTION('',(0.501936,-0.8649048,0.));
#3834=AXIS2_PLACEMENT_3D('',#1958,#3042,$);
#4626=PLANE('',#3834);
#5418=POLY_LOOP('',(#1958,#1959,#1960));
#6210=FACE_OUTER_BOUND('',#5418,.T.);
#7002=FACE_SURFACE('',(#6210),#4626,.T.);
#3043=DIRECTION('',(0.501936,-0.8649048,0.));
#3835=AXIS2_PLACEMENT_3D('',#1961,#3043,$);
#4627=PLANE('',#3835);
#5419=POLY_LOOP('',(#1961,#1962,#1963));
#6211=FACE_OUTER_BOUND('',#5419,.T.);
#7003=FACE_SURFACE('',(#6211),#4627,.T.);
#3044=DIRECTION('',(0.7820846,0.6231723,0.));
#3836=AXIS2_PLACEMENT_3D('',#1964,#3044,$);
#4628=PLANE('',#3836);
#5420=POLY_LOOP('',(#1964,#1965,#1966));
#6212=FACE_OUTER_BOUND('',#5420,.T.);
#7004=FACE_SURFACE('',(#6212),#4628,.T.);
#3045=DIRECTION('',(0.7820846,0.6231723,0.));
#3837=AXIS2_PLACEMENT_3D('',#1967,#3045,$);
#4629=PLANE('',#3837);
#5421=POLY_LOOP('',(#1967,#1968,#1969));
#6213=FACE_OUTER_BOUND('',#5421,.T.);
#7005=FACE_SURFACE('',(#6213),#4629,.T.);
#3046=DIRECTION('',(0.5723816,-0.8199874,0.));
#3838=AXIS2_PLACEMENT_3D('',#1970,#3046,$);
#4630=PLANE('',#3838);
#5422=POLY_LOOP('',(#1970,#1971,#1972));
#6214=FACE_OUTER_BOUND('',#5422,.T.);
#7006=FACE_SURFACE('',(#6214),#4630,.T.);
#3047=DIRECTION('',(0.5723816,-0.8199874,0.));
#3839=AXIS2_PLACEMENT_3D('',#1973,#3047,$);
#4631=PLANE('',#3839);
#5423=POLY_LOOP('',(#1973,#1974,#1975));
#6215=FACE_OUTER_BOUND('',#5423,.T.);
#7007=FACE_SURFACE('',(#6215),#4631,.T.);
#3048=DIRECTION('',(-0.8105032,-0.5857343,0.));
#3840=AXIS2_PLACEMENT_3D('',#1976,#3048,$);
#4632=PLANE('',#3840);
#5424=POLY_LOOP('',(#1976,#1977,#1978));
#6216=FACE_OUTER_BOUND('',#5424,.T.);
#7008=FACE_SURFACE('',(#6216),#4632,.T.);
#3049=DIRECTION('',(-0.8105032,-0.5857343,0.));
#3841=AXIS2_PLACEMENT_3D('',#1979,#3049,$);
#4633=PLANE('',#3841);
#5425=POLY_LOOP('',(#1979,#1980,#1981));
#6217=FACE_OUTER_BOUND('',#5425,.T.);
#7009=FACE_SURFACE('',(#6217),#4633,.T.);
#3050=DIRECTION('',(0.6383598,-0.7697381,0.));
#3842=AXIS2_PLACEMENT_3D('',#1982,#3050,$);
#4634=PLANE('',#3842);
#5426=POLY_LOOP('',(#1982,#1983,#1984));
#6218=FACE_OUTER_BOUND('',#5426,.T.);
#7010=FACE_SURFACE('',(#6218),#4634,.T.);
#3051=DIRECTION('',(0.6383598,-0.7697381,0.));
#3843=AXIS2_PLACEMENT_3D('',#1985,#3051,$);
#4635=PLANE('',#3843);
#5427=POLY_LOOP('',(#1985,#1986,#1987));
#6219=FACE_OUTER_BOUND('',#5427,.T.);
#7011=FACE_SURFACE('',(#6219),#4635,.T.);
#3052=DIRECTION('',(0.8764845,0.4814301,0.));
#3844=AXIS2_PLACEMENT_3D('',#1988,#3052,$);
#4636=PLANE('',#3844);
#5428=POLY_LOOP('',(#1988,#1989,#1990));
#6220=FACE_OUTER_BOUND('',#5428,.T.);
#7012=FACE_SURFACE('',(#6220),#4636,.T.);
#3053=DIRECTION('',(0.8764845,0.4814301,0.));
#3845=AXIS2_PLACEMENT_3D('',#1991,#3053,$);
#4637=PLANE('',#3845);
#5429=POLY_LOOP('',(#1991,#1992,#1993));
#6221=FACE_OUTER_BOUND('',#5429,.T.);
#7013=FACE_SURFACE('',(#6221),#4637,.T.);
#3054=DIRECTION('',(-0.7597639,-0.650199,0.));
#3846=AXIS2_PLACEMENT_3D('',#1994,#3054,$);
#4638=PLANE('',#3846);
#5430=POLY_LOOP('',(#1994,#1995,#1996));
#6222=FACE_OUTER_BOUND('',#5430,.T.);
#7014=FACE_SURFACE('',(#6222),#4638,.T.);
#3055=DIRECTION('',(-0.7597639,-0.650199,0.));
#3847=AXIS2_PLACEMENT_3D('',#1997,#3055,$);
#4639=PLANE('',#3847);
#5431=POLY_LOOP('',(#1997,#1998,#1999));
#6223=FACE_OUTER_BOUND('',#5431,.T.);
#7015=FACE_SURFACE('',(#6223),#4639,.T.);
#3056=DIRECTION('',(-0.4327307,-0.9015232,0.));
#3848=AXIS2_PLACEMENT_3D('',#2000,#3056,$);
#4640=PLANE('',#3848);
#5432=POLY_LOOP('',(#2000,#2001,#2002));
#6224=FACE_OUTER_BOUND('',#5432,.T.);
#7016=FACE_SURFACE('',(#6224),#4640,.T.);
#3057=DIRECTION('',(-0.4327307,-0.9015232,0.));
#3849=AXIS2_PLACEMENT_3D('',#2003,#3057,$);
#4641=PLANE('',#3849);
#5433=POLY_LOOP('',(#2003,#2004,#2005));
#6225=FACE_OUTER_BOUND('',#5433,.T.);
#7017=FACE_SURFACE('',(#6225),#4641,.T.);
#3058=DIRECTION('',(0.7558848,-0.6547047,0.));
#3850=AXIS2_PLACEMENT_3D('',#2006,#3058,$);
#4642=PLANE('',#3850);
#5434=POLY_LOOP('',(#2006,#2007,#2008));
#6226=FACE_OUTER_BOUND('',#5434,.T.);
#7018=FACE_SURFACE('',(#6226),#4642,.T.);
#3059=DIRECTION('',(0.7558848,-0.6547047,0.));
#3851=AXIS2_PLACEMENT_3D('',#2009,#3059,$);
#4643=PLANE('',#3851);
#5435=POLY_LOOP('',(#2009,#2010,#2011));
#6227=FACE_OUTER_BOUND('',#5435,.T.);
#7019=FACE_SURFACE('',(#6227),#4643,.T.);
#3060=DIRECTION('',(-0.703836,-0.7103625,0.));
#3852=AXIS2_PLACEMENT_3D('',#2012,#3060,$);
#4644=PLANE('',#3852);
#5436=POLY_LOOP('',(#2012,#2013,#2014));
#6228=FACE_OUTER_BOUND('',#5436,.T.);
#7020=FACE_SURFACE('',(#6228),#4644,.T.);
#3061=DIRECTION('',(-0.703836,-0.7103625,0.));
#3853=AXIS2_PLACEMENT_3D('',#2015,#3061,$);
#4645=PLANE('',#3853);
#5437=POLY_LOOP('',(#2015,#2016,#2017));
#6229=FACE_OUTER_BOUND('',#5437,.T.);
#7021=FACE_SURFACE('',(#6229),#4645,.T.);
#3062=DIRECTION('',(0.8527515,-0.5223168,0.));
#3854=AXIS2_PLACEMENT_3D('',#2018,#3062,$);
#4646=PLANE('',#3854);
#5438=POLY_LOOP('',(#2018,#2019,#2020));
#6230=FACE_OUTER_BOUND('',#5438,.T.);
#7022=FACE_SURFACE('',(#6230),#4646,.T.);
#3063=DIRECTION('',(0.8527515,-0.5223168,0.));
#3855=AXIS2_PLACEMENT_3D('',#2021,#3063,$);
#4647=PLANE('',#3855);
#5439=POLY_LOOP('',(#2021,#2022,#2023));
#6231=FACE_OUTER_BOUND('',#5439,.T.);
#7023=FACE_SURFACE('',(#6231),#4647,.T.);
#3064=DIRECTION('',(0.8321393,0.5545666,0.));
#3856=AXIS2_PLACEMENT_3D('',#2024,#3064,$);
#4648=PLANE('',#3856);
#5440=POLY_LOOP('',(#2024,#2025,#2026));
#6232=FACE_OUTER_BOUND('',#5440,.T.);
#7024=FACE_SURFACE('',(#6232),#4648,.T.);
#3065=DIRECTION('',(0.8321393,0.5545666,0.));
#3857=AXIS2_PLACEMENT_3D('',#2027,#3065,$);
#4649=PLANE('',#3857);
#5441=POLY_LOOP('',(#2027,#2028,#2029));
#6233=FACE_OUTER_BOUND('',#5441,.T.);
#7025=FACE_SURFACE('',(#6233),#4649,.T.);
#3066=DIRECTION('',(-0.642925,-0.7659292,0.));
#3858=AXIS2_PLACEMENT_3D('',#2030,#3066,$);
#4650=PLANE('',#3858);
#5442=POLY_LOOP('',(#2030,#2031,#2032));
#6234=FACE_OUTER_BOUND('',#5442,.T.);
#7026=FACE_SURFACE('',(#6234),#4650,.T.);
#3067=DIRECTION('',(-0.642925,-0.7659292,0.));
#3859=AXIS2_PLACEMENT_3D('',#2033,#3067,$);
#4651=PLANE('',#3859);
#5443=POLY_LOOP('',(#2033,#2034,#2035));
#6235=FACE_OUTER_BOUND('',#5443,.T.);
#7027=FACE_SURFACE('',(#6235),#4651,.T.);
#3068=DIRECTION('',(0.5982123,-0.8013376,0.));
#3860=AXIS2_PLACEMENT_3D('',#2036,#3068,$);
#4652=PLANE('',#3860);
#5444=POLY_LOOP('',(#2036,#2037,#2038));
#6236=FACE_OUTER_BOUND('',#5444,.T.);
#7028=FACE_SURFACE('',(#6236),#4652,.T.);
#3069=DIRECTION('',(0.5982123,-0.8013376,0.));
#3861=AXIS2_PLACEMENT_3D('',#2039,#3069,$);
#4653=PLANE('',#3861);
#5445=POLY_LOOP('',(#2039,#2040,#2041));
#6237=FACE_OUTER_BOUND('',#5445,.T.);
#7029=FACE_SURFACE('',(#6237),#4653,.T.);
#3070=DIRECTION('',(-0.5982121,0.8013378,0.));
#3862=AXIS2_PLACEMENT_3D('',#2042,#3070,$);
#4654=PLANE('',#3862);
#5446=POLY_LOOP('',(#2042,#2043,#2044));
#6238=FACE_OUTER_BOUND('',#5446,.T.);
#7030=FACE_SURFACE('',(#6238),#4654,.T.);
#3071=DIRECTION('',(-0.5982121,0.8013378,0.));
#3863=AXIS2_PLACEMENT_3D('',#2045,#3071,$);
#4655=PLANE('',#3863);
#5447=POLY_LOOP('',(#2045,#2046,#2047));
#6239=FACE_OUTER_BOUND('',#5447,.T.);
#7031=FACE_SURFACE('',(#6239),#4655,.T.);
#3072=DIRECTION('',(0.6625549,-0.7490133,0.));
#3864=AXIS2_PLACEMENT_3D('',#2048,#3072,$);
#4656=PLANE('',#3864);
#5448=POLY_LOOP('',(#2048,#2049,#2050));
#6240=FACE_OUTER_BOUND('',#5448,.T.);
#7032=FACE_SURFACE('',(#6240),#4656,.T.);
#3073=DIRECTION('',(0.6625549,-0.7490133,0.));
#3865=AXIS2_PLACEMENT_3D('',#2051,#3073,$);
#4657=PLANE('',#3865);
#5449=POLY_LOOP('',(#2051,#2052,#2053));
#6241=FACE_OUTER_BOUND('',#5449,.T.);
#7033=FACE_SURFACE('',(#6241),#4657,.T.);
#3074=DIRECTION('',(0.3844106,-0.9231622,0.));
#3866=AXIS2_PLACEMENT_3D('',#2054,#3074,$);
#4658=PLANE('',#3866);
#5450=POLY_LOOP('',(#2054,#2055,#2056));
#6242=FACE_OUTER_BOUND('',#5450,.T.);
#7034=FACE_SURFACE('',(#6242),#4658,.T.);
#3075=DIRECTION('',(0.3844106,-0.9231622,0.));
#3867=AXIS2_PLACEMENT_3D('',#2057,#3075,$);
#4659=PLANE('',#3867);
#5451=POLY_LOOP('',(#2057,#2058,#2059));
#6243=FACE_OUTER_BOUND('',#5451,.T.);
#7035=FACE_SURFACE('',(#6243),#4659,.T.);
#3076=DIRECTION('',(-0.7227664,0.6910924,0.));
#3868=AXIS2_PLACEMENT_3D('',#2060,#3076,$);
#4660=PLANE('',#3868);
#5452=POLY_LOOP('',(#2060,#2061,#2062));
#6244=FACE_OUTER_BOUND('',#5452,.T.);
#7036=FACE_SURFACE('',(#6244),#4660,.T.);
#3077=DIRECTION('',(-0.7227664,0.6910924,0.));
#3869=AXIS2_PLACEMENT_3D('',#2063,#3077,$);
#4661=PLANE('',#3869);
#5453=POLY_LOOP('',(#2063,#2064,#2065));
#6245=FACE_OUTER_BOUND('',#5453,.T.);
#7037=FACE_SURFACE('',(#6245),#4661,.T.);
#3078=DIRECTION('',(0.7227665,-0.6910923,0.));
#3870=AXIS2_PLACEMENT_3D('',#2066,#3078,$);
#4662=PLANE('',#3870);
#5454=POLY_LOOP('',(#2066,#2067,#2068));
#6246=FACE_OUTER_BOUND('',#5454,.T.);
#7038=FACE_SURFACE('',(#6246),#4662,.T.);
#3079=DIRECTION('',(0.7227665,-0.6910923,0.));
#3871=AXIS2_PLACEMENT_3D('',#2069,#3079,$);
#4663=PLANE('',#3871);
#5455=POLY_LOOP('',(#2069,#2070,#2071));
#6247=FACE_OUTER_BOUND('',#5455,.T.);
#7039=FACE_SURFACE('',(#6247),#4663,.T.);
#3080=DIRECTION('',(-0.8288275,0.5595042,0.));
#3872=AXIS2_PLACEMENT_3D('',#2072,#3080,$);
#4664=PLANE('',#3872);
#5456=POLY_LOOP('',(#2072,#2073,#2074));
#6248=FACE_OUTER_BOUND('',#5456,.T.);
#7040=FACE_SURFACE('',(#6248),#4664,.T.);
#3081=DIRECTION('',(-0.8288275,0.5595042,0.));
#3873=AXIS2_PLACEMENT_3D('',#2075,#3081,$);
#4665=PLANE('',#3873);
#5457=POLY_LOOP('',(#2075,#2076,#2077));
#6249=FACE_OUTER_BOUND('',#5457,.T.);
#7041=FACE_SURFACE('',(#6249),#4665,.T.);
#3082=DIRECTION('',(-0.06928953,-0.9975966,0.));
#3874=AXIS2_PLACEMENT_3D('',#2078,#3082,$);
#4666=PLANE('',#3874);
#5458=POLY_LOOP('',(#2078,#2079,#2080));
#6250=FACE_OUTER_BOUND('',#5458,.T.);
#7042=FACE_SURFACE('',(#6250),#4666,.T.);
#3083=DIRECTION('',(-0.06928953,-0.9975966,0.));
#3875=AXIS2_PLACEMENT_3D('',#2081,#3083,$);
#4667=PLANE('',#3875);
#5459=POLY_LOOP('',(#2081,#2082,#2083));
#6251=FACE_OUTER_BOUND('',#5459,.T.);
#7043=FACE_SURFACE('',(#6251),#4667,.T.);
#3084=DIRECTION('',(0.4488509,0.8936067,0.));
#3876=AXIS2_PLACEMENT_3D('',#2084,#3084,$);
#4668=PLANE('',#3876);
#5460=POLY_LOOP('',(#2084,#2085,#2086));
#6252=FACE_OUTER_BOUND('',#5460,.T.);
#7044=FACE_SURFACE('',(#6252),#4668,.T.);
#3085=DIRECTION('',(0.4488509,0.8936067,0.));
#3877=AXIS2_PLACEMENT_3D('',#2087,#3085,$);
#4669=PLANE('',#3877);
#5461=POLY_LOOP('',(#2087,#2088,#2089));
#6253=FACE_OUTER_BOUND('',#5461,.T.);
#7045=FACE_SURFACE('',(#6253),#4669,.T.);
#3086=DIRECTION('',(0.8736063,-0.4866334,0.));
#3878=AXIS2_PLACEMENT_3D('',#2090,#3086,$);
#4670=PLANE('',#3878);
#5462=POLY_LOOP('',(#2090,#2091,#2092));
#6254=FACE_OUTER_BOUND('',#5462,.T.);
#7046=FACE_SURFACE('',(#6254),#4670,.T.);
#3087=DIRECTION('',(0.8736063,-0.4866334,0.));
#3879=AXIS2_PLACEMENT_3D('',#2093,#3087,$);
#4671=PLANE('',#3879);
#5463=POLY_LOOP('',(#2093,#2094,#2095));
#6255=FACE_OUTER_BOUND('',#5463,.T.);
#7047=FACE_SURFACE('',(#6255),#4671,.T.);
#3088=DIRECTION('',(0.8288278,-0.5595038,0.));
#3880=AXIS2_PLACEMENT_3D('',#2096,#3088,$);
#4672=PLANE('',#3880);
#5464=POLY_LOOP('',(#2096,#2097,#2098));
#6256=FACE_OUTER_BOUND('',#5464,.T.);
#7048=FACE_SURFACE('',(#6256),#4672,.T.);
#3089=DIRECTION('',(0.8288278,-0.5595038,0.));
#3881=AXIS2_PLACEMENT_3D('',#2099,#3089,$);
#4673=PLANE('',#3881);
#5465=POLY_LOOP('',(#2099,#2100,#2101));
#6257=FACE_OUTER_BOUND('',#5465,.T.);
#7049=FACE_SURFACE('',(#6257),#4673,.T.);
#3090=DIRECTION('',(0.778366,-0.6278108,0.));
#3882=AXIS2_PLACEMENT_3D('',#2102,#3090,$);
#4674=PLANE('',#3882);
#5466=POLY_LOOP('',(#2102,#2103,#2104));
#6258=FACE_OUTER_BOUND('',#5466,.T.);
#7050=FACE_SURFACE('',(#6258),#4674,.T.);
#3091=DIRECTION('',(0.778366,-0.6278108,0.));
#3883=AXIS2_PLACEMENT_3D('',#2105,#3091,$);
#4675=PLANE('',#3883);
#5467=POLY_LOOP('',(#2105,#2106,#2107));
#6259=FACE_OUTER_BOUND('',#5467,.T.);
#7051=FACE_SURFACE('',(#6259),#4675,.T.);
#3092=DIRECTION('',(-0.9271228,0.3747576,0.));
#3884=AXIS2_PLACEMENT_3D('',#2108,#3092,$);
#4676=PLANE('',#3884);
#5468=POLY_LOOP('',(#2108,#2109,#2110));
#6260=FACE_OUTER_BOUND('',#5468,.T.);
#7052=FACE_SURFACE('',(#6260),#4676,.T.);
#3093=DIRECTION('',(-0.9271228,0.3747576,0.));
#3885=AXIS2_PLACEMENT_3D('',#2111,#3093,$);
#4677=PLANE('',#3885);
#5469=POLY_LOOP('',(#2111,#2112,#2113));
#6261=FACE_OUTER_BOUND('',#5469,.T.);
#7053=FACE_SURFACE('',(#6261),#4677,.T.);
#3094=DIRECTION('',(-0.8928815,0.4502917,0.));
#3886=AXIS2_PLACEMENT_3D('',#2114,#3094,$);
#4678=PLANE('',#3886);
#5470=POLY_LOOP('',(#2114,#2115,#2116));
#6262=FACE_OUTER_BOUND('',#5470,.T.);
#7054=FACE_SURFACE('',(#6262),#4678,.T.);
#3095=DIRECTION('',(-0.8928815,0.4502917,0.));
#3887=AXIS2_PLACEMENT_3D('',#2117,#3095,$);
#4679=PLANE('',#3887);
#5471=POLY_LOOP('',(#2117,#2118,#2119));
#6263=FACE_OUTER_BOUND('',#5471,.T.);
#7055=FACE_SURFACE('',(#6263),#4679,.T.);
#3096=DIRECTION('',(-0.8527513,0.5223172,0.));
#3888=AXIS2_PLACEMENT_3D('',#2120,#3096,$);
#4680=PLANE('',#3888);
#5472=POLY_LOOP('',(#2120,#2121,#2122));
#6264=FACE_OUTER_BOUND('',#5472,.T.);
#7056=FACE_SURFACE('',(#6264),#4680,.T.);
#3097=DIRECTION('',(-0.8527513,0.5223172,0.));
#3889=AXIS2_PLACEMENT_3D('',#2123,#3097,$);
#4681=PLANE('',#3889);
#5473=POLY_LOOP('',(#2123,#2124,#2125));
#6265=FACE_OUTER_BOUND('',#5473,.T.);
#7057=FACE_SURFACE('',(#6265),#4681,.T.);
#3098=DIRECTION('',(-0.807006,0.5905433,0.));
#3890=AXIS2_PLACEMENT_3D('',#2126,#3098,$);
#4682=PLANE('',#3890);
#5474=POLY_LOOP('',(#2126,#2127,#2128));
#6266=FACE_OUTER_BOUND('',#5474,.T.);
#7058=FACE_SURFACE('',(#6266),#4682,.T.);
#3099=DIRECTION('',(-0.807006,0.5905433,0.));
#3891=AXIS2_PLACEMENT_3D('',#2129,#3099,$);
#4683=PLANE('',#3891);
#5475=POLY_LOOP('',(#2129,#2130,#2131));
#6267=FACE_OUTER_BOUND('',#5475,.T.);
#7059=FACE_SURFACE('',(#6267),#4683,.T.);
#3100=DIRECTION('',(-0.8736064,0.4866331,0.));
#3892=AXIS2_PLACEMENT_3D('',#2132,#3100,$);
#4684=PLANE('',#3892);
#5476=POLY_LOOP('',(#2132,#2133,#2134));
#6268=FACE_OUTER_BOUND('',#5476,.T.);
#7060=FACE_SURFACE('',(#6268),#4684,.T.);
#3101=DIRECTION('',(-0.8736064,0.4866331,0.));
#3893=AXIS2_PLACEMENT_3D('',#2135,#3101,$);
#4685=PLANE('',#3893);
#5477=POLY_LOOP('',(#2135,#2136,#2137));
#6269=FACE_OUTER_BOUND('',#5477,.T.);
#7061=FACE_SURFACE('',(#6269),#4685,.T.);
#3102=DIRECTION('',(-0.7558849,0.6547046,0.));
#3894=AXIS2_PLACEMENT_3D('',#2138,#3102,$);
#4686=PLANE('',#3894);
#5478=POLY_LOOP('',(#2138,#2139,#2140));
#6270=FACE_OUTER_BOUND('',#5478,.T.);
#7062=FACE_SURFACE('',(#6270),#4686,.T.);
#3103=DIRECTION('',(-0.7558849,0.6547046,0.));
#3895=AXIS2_PLACEMENT_3D('',#2141,#3103,$);
#4687=PLANE('',#3895);
#5479=POLY_LOOP('',(#2141,#2142,#2143));
#6271=FACE_OUTER_BOUND('',#5479,.T.);
#7063=FACE_SURFACE('',(#6271),#4687,.T.);
#3104=DIRECTION('',(-0.7783661,0.6278106,0.));
#3896=AXIS2_PLACEMENT_3D('',#2144,#3104,$);
#4688=PLANE('',#3896);
#5480=POLY_LOOP('',(#2144,#2145,#2146));
#6272=FACE_OUTER_BOUND('',#5480,.T.);
#7064=FACE_SURFACE('',(#6272),#4688,.T.);
#3105=DIRECTION('',(-0.7783661,0.6278106,0.));
#3897=AXIS2_PLACEMENT_3D('',#2147,#3105,$);
#4689=PLANE('',#3897);
#5481=POLY_LOOP('',(#2147,#2148,#2149));
#6273=FACE_OUTER_BOUND('',#5481,.T.);
#7065=FACE_SURFACE('',(#6273),#4689,.T.);
#3106=DIRECTION('',(-0.6996008,0.7145339,0.));
#3898=AXIS2_PLACEMENT_3D('',#2150,#3106,$);
#4690=PLANE('',#3898);
#5482=POLY_LOOP('',(#2150,#2151,#2152));
#6274=FACE_OUTER_BOUND('',#5482,.T.);
#7066=FACE_SURFACE('',(#6274),#4690,.T.);
#3107=DIRECTION('',(-0.6996008,0.7145339,0.));
#3899=AXIS2_PLACEMENT_3D('',#2153,#3107,$);
#4691=PLANE('',#3899);
#5483=POLY_LOOP('',(#2153,#2154,#2155));
#6275=FACE_OUTER_BOUND('',#5483,.T.);
#7067=FACE_SURFACE('',(#6275),#4691,.T.);
#3108=DIRECTION('',(0.3073454,-0.951598,0.));
#3900=AXIS2_PLACEMENT_3D('',#2156,#3108,$);
#4692=PLANE('',#3900);
#5484=POLY_LOOP('',(#2156,#2157,#2158));
#6276=FACE_OUTER_BOUND('',#5484,.T.);
#7068=FACE_SURFACE('',(#6276),#4692,.T.);
#3109=DIRECTION('',(0.3073454,-0.951598,0.));
#3901=AXIS2_PLACEMENT_3D('',#2159,#3109,$);
#4693=PLANE('',#3901);
#5485=POLY_LOOP('',(#2159,#2160,#2161));
#6277=FACE_OUTER_BOUND('',#5485,.T.);
#7069=FACE_SURFACE('',(#6277),#4693,.T.);
#3110=DIRECTION('',(-0.6625553,0.749013,0.));
#3902=AXIS2_PLACEMENT_3D('',#2162,#3110,$);
#4694=PLANE('',#3902);
#5486=POLY_LOOP('',(#2162,#2163,#2164));
#6278=FACE_OUTER_BOUND('',#5486,.T.);
#7070=FACE_SURFACE('',(#6278),#4694,.T.);
#3111=DIRECTION('',(-0.6625553,0.749013,0.));
#3903=AXIS2_PLACEMENT_3D('',#2165,#3111,$);
#4695=PLANE('',#3903);
#5487=POLY_LOOP('',(#2165,#2166,#2167));
#6279=FACE_OUTER_BOUND('',#5487,.T.);
#7071=FACE_SURFACE('',(#6279),#4695,.T.);
#3112=DIRECTION('',(-0.638359,0.7697388,0.));
#3904=AXIS2_PLACEMENT_3D('',#2168,#3112,$);
#4696=PLANE('',#3904);
#5488=POLY_LOOP('',(#2168,#2169,#2170));
#6280=FACE_OUTER_BOUND('',#5488,.T.);
#7072=FACE_SURFACE('',(#6280),#4696,.T.);
#3113=DIRECTION('',(-0.638359,0.7697388,0.));
#3905=AXIS2_PLACEMENT_3D('',#2171,#3113,$);
#4697=PLANE('',#3905);
#5489=POLY_LOOP('',(#2171,#2172,#2173));
#6281=FACE_OUTER_BOUND('',#5489,.T.);
#7073=FACE_SURFACE('',(#6281),#4697,.T.);
#3114=DIRECTION('',(-0.530164,0.8478951,0.));
#3906=AXIS2_PLACEMENT_3D('',#2174,#3114,$);
#4698=PLANE('',#3906);
#5490=POLY_LOOP('',(#2174,#2175,#2176));
#6282=FACE_OUTER_BOUND('',#5490,.T.);
#7074=FACE_SURFACE('',(#6282),#4698,.T.);
#3115=DIRECTION('',(-0.530164,0.8478951,0.));
#3907=AXIS2_PLACEMENT_3D('',#2177,#3115,$);
#4699=PLANE('',#3907);
#5491=POLY_LOOP('',(#2177,#2178,#2179));
#6283=FACE_OUTER_BOUND('',#5491,.T.);
#7075=FACE_SURFACE('',(#6283),#4699,.T.);
#3116=DIRECTION('',(-0.5723815,0.8199874,0.));
#3908=AXIS2_PLACEMENT_3D('',#2180,#3116,$);
#4700=PLANE('',#3908);
#5492=POLY_LOOP('',(#2180,#2181,#2182));
#6284=FACE_OUTER_BOUND('',#5492,.T.);
#7076=FACE_SURFACE('',(#6284),#4700,.T.);
#3117=DIRECTION('',(-0.5723815,0.8199874,0.));
#3909=AXIS2_PLACEMENT_3D('',#2183,#3117,$);
#4701=PLANE('',#3909);
#5493=POLY_LOOP('',(#2183,#2184,#2185));
#6285=FACE_OUTER_BOUND('',#5493,.T.);
#7077=FACE_SURFACE('',(#6285),#4701,.T.);
#3118=DIRECTION('',(0.2279076,-0.9736828,0.));
#3910=AXIS2_PLACEMENT_3D('',#2186,#3118,$);
#4702=PLANE('',#3910);
#5494=POLY_LOOP('',(#2186,#2187,#2188));
#6286=FACE_OUTER_BOUND('',#5494,.T.);
#7078=FACE_SURFACE('',(#6286),#4702,.T.);
#3119=DIRECTION('',(0.2279076,-0.9736828,0.));
#3911=AXIS2_PLACEMENT_3D('',#2189,#3119,$);
#4703=PLANE('',#3911);
#5495=POLY_LOOP('',(#2189,#2190,#2191));
#6287=FACE_OUTER_BOUND('',#5495,.T.);
#7079=FACE_SURFACE('',(#6287),#4703,.T.);
#3120=DIRECTION('',(-0.3844095,0.9231627,0.));
#3912=AXIS2_PLACEMENT_3D('',#2192,#3120,$);
#4704=PLANE('',#3912);
#5496=POLY_LOOP('',(#2192,#2193,#2194));
#6288=FACE_OUTER_BOUND('',#5496,.T.);
#7080=FACE_SURFACE('',(#6288),#4704,.T.);
#3121=DIRECTION('',(-0.3844095,0.9231627,0.));
#3913=AXIS2_PLACEMENT_3D('',#2195,#3121,$);
#4705=PLANE('',#3913);
#5497=POLY_LOOP('',(#2195,#2196,#2197));
#6289=FACE_OUTER_BOUND('',#5497,.T.);
#7081=FACE_SURFACE('',(#6289),#4705,.T.);
#3122=DIRECTION('',(-0.5019357,0.8649049,0.));
#3914=AXIS2_PLACEMENT_3D('',#2198,#3122,$);
#4706=PLANE('',#3914);
#5498=POLY_LOOP('',(#2198,#2199,#2200));
#6290=FACE_OUTER_BOUND('',#5498,.T.);
#7082=FACE_SURFACE('',(#6290),#4706,.T.);
#3123=DIRECTION('',(-0.5019357,0.8649049,0.));
#3915=AXIS2_PLACEMENT_3D('',#2201,#3123,$);
#4707=PLANE('',#3915);
#5499=POLY_LOOP('',(#2201,#2202,#2203));
#6291=FACE_OUTER_BOUND('',#5499,.T.);
#7083=FACE_SURFACE('',(#6291),#4707,.T.);
#3124=DIRECTION('',(-0.2279078,0.9736827,0.));
#3916=AXIS2_PLACEMENT_3D('',#2204,#3124,$);
#4708=PLANE('',#3916);
#5500=POLY_LOOP('',(#2204,#2205,#2206));
#6292=FACE_OUTER_BOUND('',#5500,.T.);
#7084=FACE_SURFACE('',(#6292),#4708,.T.);
#3125=DIRECTION('',(-0.2279078,0.9736827,0.));
#3917=AXIS2_PLACEMENT_3D('',#2207,#3125,$);
#4709=PLANE('',#3917);
#5501=POLY_LOOP('',(#2207,#2208,#2209));
#6293=FACE_OUTER_BOUND('',#5501,.T.);
#7085=FACE_SURFACE('',(#6293),#4709,.T.);
#3126=DIRECTION('',(-0.4273635,0.9040799,0.));
#3918=AXIS2_PLACEMENT_3D('',#2210,#3126,$);
#4710=PLANE('',#3918);
#5502=POLY_LOOP('',(#2210,#2211,#2212));
#6294=FACE_OUTER_BOUND('',#5502,.T.);
#7086=FACE_SURFACE('',(#6294),#4710,.T.);
#3127=DIRECTION('',(-0.4273635,0.9040799,0.));
#3919=AXIS2_PLACEMENT_3D('',#2213,#3127,$);
#4711=PLANE('',#3919);
#5503=POLY_LOOP('',(#2213,#2214,#2215));
#6295=FACE_OUTER_BOUND('',#5503,.T.);
#7087=FACE_SURFACE('',(#6295),#4711,.T.);
#3128=DIRECTION('',(0.02086134,0.9997824,0.));
#3920=AXIS2_PLACEMENT_3D('',#2216,#3128,$);
#4712=PLANE('',#3920);
#5504=POLY_LOOP('',(#2216,#2217,#2218));
#6296=FACE_OUTER_BOUND('',#5504,.T.);
#7088=FACE_SURFACE('',(#6296),#4712,.T.);
#3129=DIRECTION('',(0.02086134,0.9997824,0.));
#3921=AXIS2_PLACEMENT_3D('',#2219,#3129,$);
#4713=PLANE('',#3921);
#5505=POLY_LOOP('',(#2219,#2220,#2221));
#6297=FACE_OUTER_BOUND('',#5505,.T.);
#7089=FACE_SURFACE('',(#6297),#4713,.T.);
#3130=DIRECTION('',(-0.3491115,0.9370812,0.));
#3922=AXIS2_PLACEMENT_3D('',#2222,#3130,$);
#4714=PLANE('',#3922);
#5506=POLY_LOOP('',(#2222,#2223,#2224));
#6298=FACE_OUTER_BOUND('',#5506,.T.);
#7090=FACE_SURFACE('',(#6298),#4714,.T.);
#3131=DIRECTION('',(-0.3491115,0.9370812,0.));
#3923=AXIS2_PLACEMENT_3D('',#2225,#3131,$);
#4715=PLANE('',#3923);
#5507=POLY_LOOP('',(#2225,#2226,#2227));
#6299=FACE_OUTER_BOUND('',#5507,.T.);
#7091=FACE_SURFACE('',(#6299),#4715,.T.);
#3132=DIRECTION('',(0.190202,0.981745,0.));
#3924=AXIS2_PLACEMENT_3D('',#2228,#3132,$);
#4716=PLANE('',#3924);
#5508=POLY_LOOP('',(#2228,#2229,#2230));
#6300=FACE_OUTER_BOUND('',#5508,.T.);
#7092=FACE_SURFACE('',(#6300),#4716,.T.);
#3133=DIRECTION('',(0.190202,0.981745,0.));
#3925=AXIS2_PLACEMENT_3D('',#2231,#3133,$);
#4717=PLANE('',#3925);
#5509=POLY_LOOP('',(#2231,#2232,#2233));
#6301=FACE_OUTER_BOUND('',#5509,.T.);
#7093=FACE_SURFACE('',(#6301),#4717,.T.);
#3134=DIRECTION('',(-0.2677619,0.9634851,0.));
#3926=AXIS2_PLACEMENT_3D('',#2234,#3134,$);
#4718=PLANE('',#3926);
#5510=POLY_LOOP('',(#2234,#2235,#2236));
#6302=FACE_OUTER_BOUND('',#5510,.T.);
#7094=FACE_SURFACE('',(#6302),#4718,.T.);
#3135=DIRECTION('',(-0.2677619,0.9634851,0.));
#3927=AXIS2_PLACEMENT_3D('',#2237,#3135,$);
#4719=PLANE('',#3927);
#5511=POLY_LOOP('',(#2237,#2238,#2239));
#6303=FACE_OUTER_BOUND('',#5511,.T.);
#7095=FACE_SURFACE('',(#6303),#4719,.T.);
#3136=DIRECTION('',(0.3546768,0.934989,0.));
#3928=AXIS2_PLACEMENT_3D('',#2240,#3136,$);
#4720=PLANE('',#3928);
#5512=POLY_LOOP('',(#2240,#2241,#2242));
#6304=FACE_OUTER_BOUND('',#5512,.T.);
#7096=FACE_SURFACE('',(#6304),#4720,.T.);
#3137=DIRECTION('',(0.3546768,0.934989,0.));
#3929=AXIS2_PLACEMENT_3D('',#2243,#3137,$);
#4721=PLANE('',#3929);
#5513=POLY_LOOP('',(#2243,#2244,#2245));
#6305=FACE_OUTER_BOUND('',#5513,.T.);
#7097=FACE_SURFACE('',(#6305),#4721,.T.);
#3138=DIRECTION('',(-0.1843605,0.9828587,0.));
#3930=AXIS2_PLACEMENT_3D('',#2246,#3138,$);
#4722=PLANE('',#3930);
#5514=POLY_LOOP('',(#2246,#2247,#2248));
#6306=FACE_OUTER_BOUND('',#5514,.T.);
#7098=FACE_SURFACE('',(#6306),#4722,.T.);
#3139=DIRECTION('',(-0.1843605,0.9828587,0.));
#3931=AXIS2_PLACEMENT_3D('',#2249,#3139,$);
#4723=PLANE('',#3931);
#5515=POLY_LOOP('',(#2249,#2250,#2251));
#6307=FACE_OUTER_BOUND('',#5515,.T.);
#7099=FACE_SURFACE('',(#6307),#4723,.T.);
#3140=DIRECTION('',(0.5070687,0.8619057,0.));
#3932=AXIS2_PLACEMENT_3D('',#2252,#3140,$);
#4724=PLANE('',#3932);
#5516=POLY_LOOP('',(#2252,#2253,#2254));
#6308=FACE_OUTER_BOUND('',#5516,.T.);
#7100=FACE_SURFACE('',(#6308),#4724,.T.);
#3141=DIRECTION('',(0.5070687,0.8619057,0.));
#3933=AXIS2_PLACEMENT_3D('',#2255,#3141,$);
#4725=PLANE('',#3933);
#5517=POLY_LOOP('',(#2255,#2256,#2257));
#6309=FACE_OUTER_BOUND('',#5517,.T.);
#7101=FACE_SURFACE('',(#6309),#4725,.T.);
#3142=DIRECTION('',(-0.099701,0.9950174,0.));
#3934=AXIS2_PLACEMENT_3D('',#2258,#3142,$);
#4726=PLANE('',#3934);
#5518=POLY_LOOP('',(#2258,#2259,#2260));
#6310=FACE_OUTER_BOUND('',#5518,.T.);
#7102=FACE_SURFACE('',(#6310),#4726,.T.);
#3143=DIRECTION('',(-0.099701,0.9950174,0.));
#3935=AXIS2_PLACEMENT_3D('',#2261,#3143,$);
#4727=PLANE('',#3935);
#5519=POLY_LOOP('',(#2261,#2262,#2263));
#6311=FACE_OUTER_BOUND('',#5519,.T.);
#7103=FACE_SURFACE('',(#6311),#4727,.T.);
#3144=DIRECTION('',(0.6429243,0.7659297,0.));
#3936=AXIS2_PLACEMENT_3D('',#2264,#3144,$);
#4728=PLANE('',#3936);
#5520=POLY_LOOP('',(#2264,#2265,#2266));
#6312=FACE_OUTER_BOUND('',#5520,.T.);
#7104=FACE_SURFACE('',(#6312),#4728,.T.);
#3145=DIRECTION('',(0.6429243,0.7659297,0.));
#3937=AXIS2_PLACEMENT_3D('',#2267,#3145,$);
#4729=PLANE('',#3937);
#5521=POLY_LOOP('',(#2267,#2268,#2269));
#6313=FACE_OUTER_BOUND('',#5521,.T.);
#7105=FACE_SURFACE('',(#6313),#4729,.T.);
#3146=DIRECTION('',(-0.01491611,0.9998887,0.));
#3938=AXIS2_PLACEMENT_3D('',#2270,#3146,$);
#4730=PLANE('',#3938);
#5522=POLY_LOOP('',(#2270,#2271,#2272));
#6314=FACE_OUTER_BOUND('',#5522,.T.);
#7106=FACE_SURFACE('',(#6314),#4730,.T.);
#3147=DIRECTION('',(-0.01491611,0.9998887,0.));
#3939=AXIS2_PLACEMENT_3D('',#2273,#3147,$);
#4731=PLANE('',#3939);
#5523=POLY_LOOP('',(#2273,#2274,#2275));
#6315=FACE_OUTER_BOUND('',#5523,.T.);
#7107=FACE_SURFACE('',(#6315),#4731,.T.);
#3148=DIRECTION('',(0.7597633,0.6501998,0.));
#3940=AXIS2_PLACEMENT_3D('',#2276,#3148,$);
#4732=PLANE('',#3940);
#5524=POLY_LOOP('',(#2276,#2277,#2278));
#6316=FACE_OUTER_BOUND('',#5524,.T.);
#7108=FACE_SURFACE('',(#6316),#4732,.T.);
#3149=DIRECTION('',(0.7597633,0.6501998,0.));
#3941=AXIS2_PLACEMENT_3D('',#2279,#3149,$);
#4733=PLANE('',#3941);
#5525=POLY_LOOP('',(#2279,#2280,#2281));
#6317=FACE_OUTER_BOUND('',#5525,.T.);
#7109=FACE_SURFACE('',(#6317),#4733,.T.);
#3150=DIRECTION('',(0.06928792,0.9975967,0.));
#3942=AXIS2_PLACEMENT_3D('',#2282,#3150,$);
#4734=PLANE('',#3942);
#5526=POLY_LOOP('',(#2282,#2283,#2284));
#6318=FACE_OUTER_BOUND('',#5526,.T.);
#7110=FACE_SURFACE('',(#6318),#4734,.T.);
#3151=DIRECTION('',(0.06928792,0.9975967,0.));
#3943=AXIS2_PLACEMENT_3D('',#2285,#3151,$);
#4735=PLANE('',#3943);
#5527=POLY_LOOP('',(#2285,#2286,#2287));
#6319=FACE_OUTER_BOUND('',#5527,.T.);
#7111=FACE_SURFACE('',(#6319),#4735,.T.);
#3152=DIRECTION('',(0.8558417,0.5172379,0.));
#3944=AXIS2_PLACEMENT_3D('',#2288,#3152,$);
#4736=PLANE('',#3944);
#5528=POLY_LOOP('',(#2288,#2289,#2290));
#6320=FACE_OUTER_BOUND('',#5528,.T.);
#7112=FACE_SURFACE('',(#6320),#4736,.T.);
#3153=DIRECTION('',(0.8558417,0.5172379,0.));
#3945=AXIS2_PLACEMENT_3D('',#2291,#3153,$);
#4737=PLANE('',#3945);
#5529=POLY_LOOP('',(#2291,#2292,#2293));
#6321=FACE_OUTER_BOUND('',#5529,.T.);
#7113=FACE_SURFACE('',(#6321),#4737,.T.);
#3154=DIRECTION('',(0.1523232,0.9883307,0.));
#3946=AXIS2_PLACEMENT_3D('',#2294,#3154,$);
#4738=PLANE('',#3946);
#5530=POLY_LOOP('',(#2294,#2295,#2296));
#6322=FACE_OUTER_BOUND('',#5530,.T.);
#7114=FACE_SURFACE('',(#6322),#4738,.T.);
#3155=DIRECTION('',(0.1523232,0.9883307,0.));
#3947=AXIS2_PLACEMENT_3D('',#2297,#3155,$);
#4739=PLANE('',#3947);
#5531=POLY_LOOP('',(#2297,#2298,#2299));
#6323=FACE_OUTER_BOUND('',#5531,.T.);
#7115=FACE_SURFACE('',(#6323),#4739,.T.);
#3156=DIRECTION('',(0.9293346,0.3692387,0.));
#3948=AXIS2_PLACEMENT_3D('',#2300,#3156,$);
#4740=PLANE('',#3948);
#5532=POLY_LOOP('',(#2300,#2301,#2302));
#6324=FACE_OUTER_BOUND('',#5532,.T.);
#7116=FACE_SURFACE('',(#6324),#4740,.T.);
#3157=DIRECTION('',(0.9293346,0.3692387,0.));
#3949=AXIS2_PLACEMENT_3D('',#2303,#3157,$);
#4741=PLANE('',#3949);
#5533=POLY_LOOP('',(#2303,#2304,#2305));
#6325=FACE_OUTER_BOUND('',#5533,.T.);
#7117=FACE_SURFACE('',(#6325),#4741,.T.);
#3158=DIRECTION('',(0.233693,0.9723104,0.));
#3950=AXIS2_PLACEMENT_3D('',#2306,#3158,$);
#4742=PLANE('',#3950);
#5534=POLY_LOOP('',(#2306,#2307,#2308));
#6326=FACE_OUTER_BOUND('',#5534,.T.);
#7118=FACE_SURFACE('',(#6326),#4742,.T.);
#3159=DIRECTION('',(0.233693,0.9723104,0.));
#3951=AXIS2_PLACEMENT_3D('',#2309,#3159,$);
#4743=PLANE('',#3951);
#5535=POLY_LOOP('',(#2309,#2310,#2311));
#6327=FACE_OUTER_BOUND('',#5535,.T.);
#7119=FACE_SURFACE('',(#6327),#4743,.T.);
#3160=DIRECTION('',(0.9779566,0.2088084,0.));
#3952=AXIS2_PLACEMENT_3D('',#2312,#3160,$);
#4744=PLANE('',#3952);
#5536=POLY_LOOP('',(#2312,#2313,#2314));
#6328=FACE_OUTER_BOUND('',#5536,.T.);
#7120=FACE_SURFACE('',(#6328),#4744,.T.);
#3161=DIRECTION('',(0.9779566,0.2088084,0.));
#3953=AXIS2_PLACEMENT_3D('',#2315,#3161,$);
#4745=PLANE('',#3953);
#5537=POLY_LOOP('',(#2315,#2316,#2317));
#6329=FACE_OUTER_BOUND('',#5537,.T.);
#7121=FACE_SURFACE('',(#6329),#4745,.T.);
#3162=DIRECTION('',(0.3129968,0.9497542,0.));
#3954=AXIS2_PLACEMENT_3D('',#2318,#3162,$);
#4746=PLANE('',#3954);
#5538=POLY_LOOP('',(#2318,#2319,#2320));
#6330=FACE_OUTER_BOUND('',#5538,.T.);
#7122=FACE_SURFACE('',(#6330),#4746,.T.);
#3163=DIRECTION('',(0.3129968,0.9497542,0.));
#3955=AXIS2_PLACEMENT_3D('',#2321,#3163,$);
#4747=PLANE('',#3955);
#5539=POLY_LOOP('',(#2321,#2322,#2323));
#6331=FACE_OUTER_BOUND('',#5539,.T.);
#7123=FACE_SURFACE('',(#6331),#4747,.T.);
#3164=DIRECTION('',(0.9992061,0.03983898,0.));
#3956=AXIS2_PLACEMENT_3D('',#2324,#3164,$);
#4748=PLANE('',#3956);
#5540=POLY_LOOP('',(#2324,#2325,#2326));
#6332=FACE_OUTER_BOUND('',#5540,.T.);
#7124=FACE_SURFACE('',(#6332),#4748,.T.);
#3165=DIRECTION('',(0.9992061,0.03983898,0.));
#3957=AXIS2_PLACEMENT_3D('',#2327,#3165,$);
#4749=PLANE('',#3957);
#5541=POLY_LOOP('',(#2327,#2328,#2329));
#6333=FACE_OUTER_BOUND('',#5541,.T.);
#7125=FACE_SURFACE('',(#6333),#4749,.T.);
#3166=DIRECTION('',(0.3898917,0.9208607,0.));
#3958=AXIS2_PLACEMENT_3D('',#2330,#3166,$);
#4750=PLANE('',#3958);
#5542=POLY_LOOP('',(#2330,#2331,#2332));
#6334=FACE_OUTER_BOUND('',#5542,.T.);
#7126=FACE_SURFACE('',(#6334),#4750,.T.);
#3167=DIRECTION('',(0.3898917,0.9208607,0.));
#3959=AXIS2_PLACEMENT_3D('',#2333,#3167,$);
#4751=PLANE('',#3959);
#5543=POLY_LOOP('',(#2333,#2334,#2335));
#6335=FACE_OUTER_BOUND('',#5543,.T.);
#7127=FACE_SURFACE('',(#6335),#4751,.T.);
#3168=DIRECTION('',(0.9913858,-0.130974,0.));
#3960=AXIS2_PLACEMENT_3D('',#2336,#3168,$);
#4752=PLANE('',#3960);
#5544=POLY_LOOP('',(#2336,#2337,#2338));
#6336=FACE_OUTER_BOUND('',#5544,.T.);
#7128=FACE_SURFACE('',(#6336),#4752,.T.);
#3169=DIRECTION('',(0.9913858,-0.130974,0.));
#3961=AXIS2_PLACEMENT_3D('',#2339,#3169,$);
#4753=PLANE('',#3961);
#5545=POLY_LOOP('',(#2339,#2340,#2341));
#6337=FACE_OUTER_BOUND('',#5545,.T.);
#7129=FACE_SURFACE('',(#6337),#4753,.T.);
#3170=DIRECTION('',(0.4640607,0.8858034,0.));
#3962=AXIS2_PLACEMENT_3D('',#2342,#3170,$);
#4754=PLANE('',#3962);
#5546=POLY_LOOP('',(#2342,#2343,#2344));
#6338=FACE_OUTER_BOUND('',#5546,.T.);
#7130=FACE_SURFACE('',(#6338),#4754,.T.);
#3171=DIRECTION('',(0.4640607,0.8858034,0.));
#3963=AXIS2_PLACEMENT_3D('',#2345,#3171,$);
#4755=PLANE('',#3963);
#5547=POLY_LOOP('',(#2345,#2346,#2347));
#6339=FACE_OUTER_BOUND('',#5547,.T.);
#7131=FACE_SURFACE('',(#6339),#4755,.T.);
#3172=DIRECTION('',(0.9551699,-0.2960581,0.));
#3964=AXIS2_PLACEMENT_3D('',#2348,#3172,$);
#4756=PLANE('',#3964);
#5548=POLY_LOOP('',(#2348,#2349,#2350));
#6340=FACE_OUTER_BOUND('',#5548,.T.);
#7132=FACE_SURFACE('',(#6340),#4756,.T.);
#3173=DIRECTION('',(0.9551699,-0.2960581,0.));
#3965=AXIS2_PLACEMENT_3D('',#2351,#3173,$);
#4757=PLANE('',#3965);
#5549=POLY_LOOP('',(#2351,#2352,#2353));
#6341=FACE_OUTER_BOUND('',#5549,.T.);
#7133=FACE_SURFACE('',(#6341),#4757,.T.);
#3174=DIRECTION('',(0.5351967,0.8447275,0.));
#3966=AXIS2_PLACEMENT_3D('',#2354,#3174,$);
#4758=PLANE('',#3966);
#5550=POLY_LOOP('',(#2354,#2355,#2356));
#6342=FACE_OUTER_BOUND('',#5550,.T.);
#7134=FACE_SURFACE('',(#6342),#4758,.T.);
#3175=DIRECTION('',(0.5351967,0.8447275,0.));
#3967=AXIS2_PLACEMENT_3D('',#2357,#3175,$);
#4759=PLANE('',#3967);
#5551=POLY_LOOP('',(#2357,#2358,#2359));
#6343=FACE_OUTER_BOUND('',#5551,.T.);
#7135=FACE_SURFACE('',(#6343),#4759,.T.);
#3176=DIRECTION('',(0.892881,-0.4502928,0.));
#3968=AXIS2_PLACEMENT_3D('',#2360,#3176,$);
#4760=PLANE('',#3968);
#5552=POLY_LOOP('',(#2360,#2361,#2362));
#6344=FACE_OUTER_BOUND('',#5552,.T.);
#7136=FACE_SURFACE('',(#6344),#4760,.T.);
#3177=DIRECTION('',(0.892881,-0.4502928,0.));
#3969=AXIS2_PLACEMENT_3D('',#2363,#3177,$);
#4761=PLANE('',#3969);
#5553=POLY_LOOP('',(#2363,#2364,#2365));
#6345=FACE_OUTER_BOUND('',#5553,.T.);
#7137=FACE_SURFACE('',(#6345),#4761,.T.);
#3178=DIRECTION('',(0.6029653,0.7977674,0.));
#3970=AXIS2_PLACEMENT_3D('',#2366,#3178,$);
#4762=PLANE('',#3970);
#5554=POLY_LOOP('',(#2366,#2367,#2368));
#6346=FACE_OUTER_BOUND('',#5554,.T.);
#7138=FACE_SURFACE('',(#6346),#4762,.T.);
#3179=DIRECTION('',(0.6029653,0.7977674,0.));
#3971=AXIS2_PLACEMENT_3D('',#2369,#3179,$);
#4763=PLANE('',#3971);
#5555=POLY_LOOP('',(#2369,#2370,#2371));
#6347=FACE_OUTER_BOUND('',#5555,.T.);
#7139=FACE_SURFACE('',(#6347),#4763,.T.);
#3180=DIRECTION('',(0.8070059,-0.5905433,0.));
#3972=AXIS2_PLACEMENT_3D('',#2372,#3180,$);
#4764=PLANE('',#3972);
#5556=POLY_LOOP('',(#2372,#2373,#2374));
#6348=FACE_OUTER_BOUND('',#5556,.T.);
#7140=FACE_SURFACE('',(#6348),#4764,.T.);
#3181=DIRECTION('',(0.8070059,-0.5905433,0.));
#3973=AXIS2_PLACEMENT_3D('',#2375,#3181,$);
#4765=PLANE('',#3973);
#5557=POLY_LOOP('',(#2375,#2376,#2377));
#6349=FACE_OUTER_BOUND('',#5557,.T.);
#7141=FACE_SURFACE('',(#6349),#4765,.T.);
#3182=DIRECTION('',(0.6669965,0.7450608,0.));
#3974=AXIS2_PLACEMENT_3D('',#2378,#3182,$);
#4766=PLANE('',#3974);
#5558=POLY_LOOP('',(#2378,#2379,#2380));
#6350=FACE_OUTER_BOUND('',#5558,.T.);
#7142=FACE_SURFACE('',(#6350),#4766,.T.);
#3183=DIRECTION('',(0.6669965,0.7450608,0.));
#3975=AXIS2_PLACEMENT_3D('',#2381,#3183,$);
#4767=PLANE('',#3975);
#5559=POLY_LOOP('',(#2381,#2382,#2383));
#6351=FACE_OUTER_BOUND('',#5559,.T.);
#7143=FACE_SURFACE('',(#6351),#4767,.T.);
#3184=DIRECTION('',(0.6996003,-0.7145344,0.));
#3976=AXIS2_PLACEMENT_3D('',#2384,#3184,$);
#4768=PLANE('',#3976);
#5560=POLY_LOOP('',(#2384,#2385,#2386));
#6352=FACE_OUTER_BOUND('',#5560,.T.);
#7144=FACE_SURFACE('',(#6352),#4768,.T.);
#3185=DIRECTION('',(0.6996003,-0.7145344,0.));
#3977=AXIS2_PLACEMENT_3D('',#2387,#3185,$);
#4769=PLANE('',#3977);
#5561=POLY_LOOP('',(#2387,#2388,#2389));
#6353=FACE_OUTER_BOUND('',#5561,.T.);
#7145=FACE_SURFACE('',(#6353),#4769,.T.);
#3186=DIRECTION('',(0.7268632,0.6867823,0.));
#3978=AXIS2_PLACEMENT_3D('',#2390,#3186,$);
#4770=PLANE('',#3978);
#5562=POLY_LOOP('',(#2390,#2391,#2392));
#6354=FACE_OUTER_BOUND('',#5562,.T.);
#7146=FACE_SURFACE('',(#6354),#4770,.T.);
#3187=DIRECTION('',(0.7268632,0.6867823,0.));
#3979=AXIS2_PLACEMENT_3D('',#2393,#3187,$);
#4771=PLANE('',#3979);
#5563=POLY_LOOP('',(#2393,#2394,#2395));
#6355=FACE_OUTER_BOUND('',#5563,.T.);
#7147=FACE_SURFACE('',(#6355),#4771,.T.);
#7148=CLOSED_SHELL('',(#6356,#6357,#6358,#6359,#6360,#6361,#6362,#6363,#6364,#6365,#6366,#6367,#6368,#6369,#6370,#6371,#6372,#6373,#6374,#6375,#6376,#6377,#6378,#6379,#6380,#6381,#6382,#6383,#6384,#6385,#6386,#6387,#6388,#6389,#6390,#6391,#6392,#6393,#6394,#6395,#6396,#6397,#6398,#6399,#6400,#6401,#6402,#6403,#6404,#6405,#6406,#6407,#6408,#6409,#6410,#6411,#6412,#6413,#6414,#6415,#6416,#6417,#6418,#6419,#6420,#6421,#6422,#6423,#6424,#6425,#6426,#6427,#6428,#6429,#6430,#6431,#6432,#6433,#6434,#6435,#6436,#6437,#6438,#6439,#6440,#6441,#6442,#6443,#6444,#6445,#6446,#6447,#6448,#6449,#6450,#6451,#6452,#6453,#6454,#6455,#6456,#6457,#6458,#6459,#6460,#6461,#6462,#6463,#6464,#6465,#6466,#6467,#6468,#6469,#6470,#6471,#6472,#6473,#6474,#6475,#6476,#6477,#6478,#6479,#6480,#6481,#6482,#6483,#6484,#6485,#6486,#6487,#6488,#6489,#6490,#6491,#6492,#6493,#6494,#6495,#6496,#6497,#6498,#6499,#6500,#6501,#6502,#6503,#6504,#6505,#6506,#6507,#6508,#6509,#6510,#6511,#6512,#6513,#6514,#6515,#6516,#6517,#6518,#6519,#6520,#6521,#6522,#6523,#6524,#6525,#6526,#6527,#6528,#6529,#6530,#6531,#6532,#6533,#6534,#6535,#6536,#6537,#6538,#6539,#6540,#6541,#6542,#6543,#6544,#6545,#6546,#6547,#6548,#6549,#6550,#6551,#6552,#6553,#6554,#6555
,#6556,#6557,#6558,#6559,#6560,#6561,#6562,#6563,#6564,#6565,#6566,#6567,#6568,#6569,#6570,#6571,#6572,#6573,#6574,#6575,#6576,#6577,#6578,#6579,#6580,#6581,#6582,#6583,#6584,#6585,#6586,#6587,#6588,#6589,#6590,#6591,#6592,#6593,#6594,#6595,#6596,#6597,#6598,#6599,#6600,#6601,#6602,#6603,#6604,#6605,#6606,#6607,#6608,#6609,#6610,#6611,#6612,#6613,#6614,#6615,#6616,#6617,#6618,#6619,#6620,#6621,#6622,#6623,#6624,#6625,#6626,#6627,#6628,#6629,#6630,#6631,#6632,#6633,#6634,#6635,#6636,#6637,#6638,#6639,#6640,#6641,#6642,#6643,#6644,#6645,#6646,#6647,#6648,#6649,#6650,#6651,#6652,#6653,#6654,#6655,#6656,#6657,#6658,#6659,#6660,#6661,#6662,#6663,#6664,#6665,#6666,#6667,#6668,#6669,#6670,#6671,#6672,#6673,#6674,#6675,#6676,#6677,#6678,#6679,#6680,#6681,#6682,#6683,#6684,#6685,#6686,#6687,#6688,#6689,#6690,#6691,#6692,#6693,#6694,#6695,#6696,#6697,#6698,#6699,#6700,#6701,#6702,#6703,#6704,#6705,#6706,#6707,#6708,#6709,#6710,#6711,#6712,#6713,#6714,#6715,#6716,#6717,#6718,#6719,#6720,#6721,#6722,#6723,#6724,#6725,#6726,#6727,#6728,#6729,#6730,#6731,#6732,#6733,#6734,#6735,#6736,#6737,#6738,#6739,#6740,#6741,#6742,#6743,#6744,#6745,#6746,#6747,#6748,#6749,#6750,#6751,#6752,#6753,#6754,#6755
,#6756,#6757,#6758,#6759,#6760,#6761,#6762,#6763,#6764,#6765,#6766,#6767,#6768,#6769,#6770,#6771,#6772,#6773,#6774,#6775,#6776,#6777,#6778,#6779,#6780,#6781,#6782,#6783,#6784,#6785,#6786,#6787,#6788,#6789,#6790,#6791,#6792,#6793,#6794,#6795,#6796,#6797,#6798,#6799,#6800,#6801,#6802,#6803,#6804,#6805,#6806,#6807,#6808,#6809,#6810,#6811,#6812,#6813,#6814,#6815,#6816,#6817,#6818,#6819,#6820,#6821,#6822,#6823,#6824,#6825,#6826,#6827,#6828,#6829,#6830,#6831,#6832,#6833,#6834,#6835,#6836,#6837,#6838,#6839,#6840,#6841,#6842,#6843,#6844,#6845,#6846,#6847,#6848,#6849,#6850,#6851,#6852,#6853,#6854,#6855,#6856,#6857,#6858,#6859,#6860,#6861,#6862,#6863,#6864,#6865,#6866,#6867,#6868,#6869,#6870,#6871,#6872,#6873,#6874,#6875,#6876,#6877,#6878,#6879,#6880,#6881,#6882,#6883,#6884,#6885,#6886,#6887,#6888,#6889,#6890,#6891,#6892,#6893,#6894,#6895,#6896,#6897,#6898,#6899,#6900,#6901,#6902,#6903,#6904,#6905,#6906,#6907,#6908,#6909,#6910,#6911,#6912,#6913,#6914,#6915,#6916,#6917,#6918,#6919,#6920,#6921,#6922,#6923,#6924,#6925,#6926,#6927,#6928,#6929,#6930,#6931,#6932,#6933,#6934,#6935,#6936,#6937,#6938,#6939,#6940,#6941,#6942,#6943,#6944,#6945,#6946,#6947,#6948,#6949,#6950,#6951,#6952,#6953,#6954,#6955
,#6956,#6957,#6958,#6959,#6960,#6961,#6962,#6963,#6964,#6965,#6966,#6967,#6968,#6969,#6970,#6971,#6972,#6973,#6974,#6975,#6976,#6977,#6978,#6979,#6980,#6981,#6982,#6983,#6984,#6985,#6986,#6987,#6988,#6989,#6990,#6991,#6992,#6993,#6994,#6995,#6996,#6997,#6998,#6999,#7000,#7001,#7002,#7003,#7004,#7005,#7006,#7007,#7008,#7009,#7010,#7011,#7012,#7013,#7014,#7015,#7016,#7017,#7018,#7019,#7020,#7021,#7022,#7023,#7024,#7025,#7026,#7027,#7028,#7029,#7030,#7031,#7032,#7033,#7034,#7035,#7036,#7037,#7038,#7039,#7040,#7041,#7042,#7043,#7044,#7045,#7046,#7047,#7048,#7049,#7050,#7051,#7052,#7053,#7054,#7055,#7056,#7057,#7058,#7059,#7060,#7061,#7062,#7063,#7064,#7065,#7066,#7067,#7068,#7069,#7070,#7071,#7072,#7073,#7074,#7075,#7076,#7077,#7078,#7079,#7080,#7081,#7082,#7083,#7084,#7085,#7086,#7087,#7088,#7089,#7090,#7091,#7092,#7093,#7094,#7095,#7096,#7097,#7098,#7099,#7100,#7101,#7102,#7103,#7104,#7105,#7106,#7107,#7108,#7109,#7110,#7111,#7112,#7113,#7114,#7115,#7116,#7117,#7118,#7119,#7120,#7121,#7122,#7123,#7124,#7125,#7126,#7127,#7128,#7129,#7130,#7131,#7132,#7133,#7134,#7135,#7136,#7137,#7138,#7139,#7140,#7141,#7142,#7143,#7144,#7145,#7146,#7147));
#7149=FACETED_BREP('',#7148);
#7159=ADVANCED_BREP_SHAPE_REPRESENTATION('',(#7153,#7149),#7158);
ENDSEC;
END-ISO-10303-21;
