ISO-10303-21;
HEADER;
/* Generated by software containing ST-Developer
 * from STEP Tools, Inc. (www.steptools.com) 
 */
/* OPTION: using custom renumber hook */

FILE_DESCRIPTION(
/* description */ ('STEP AP242 Edition 2',
'CAx-IF Rec.Pracs.---Representation and Presentation of Product Manufa
cturing Information (PMI)---4.0---2014-10-13',
'CAx-IF Rec.Pracs.---3D Tessellated Geometry---0.4---2014-09-14','2;1',
'CAx-IF Rec.Pracs.---User Defined Attributes---1.5---2016-08-15'),
/* implementation_level */ '2;1');

FILE_NAME(
/* name */ 'Part Studio 1',
/* time_stamp */ '2026-10-07T02:12:29Z',
/* author */ (''),
/* organization */ (''),
/* preprocessor_version */ 'ST-DEVELOPER v20',
/* originating_system */ 'ONSHAPE BY PTC INC, 1.221',
/* authorisation */ '  ');

FILE_SCHEMA (('AP242_MANAGED_MODEL_BASED_3D_ENGINEERING_MIM_LF { 1 0 10303 442 3 1 4 }'));
ENDSEC;

DATA;
#10=SHAPE_REPRESENTATION_RELATIONSHIP('','',#209,#11);
#11=ADVANCED_BREP_SHAPE_REPRESENTATION('',(#207),#1801);
#12=PLANE('',#211);
#13=PLANE('',#212);
#14=PLANE('',#213);
#15=LINE('',#374,#23);
#16=LINE('',#440,#24);
#17=LINE('',#695,#25);
#18=LINE('',#1597,#26);
#19=LINE('',#1598,#27);
#20=LINE('',#1697,#28);
#21=LINE('',#1768,#29);
#22=LINE('',#1781,#30);
#23=VECTOR('',#216,1.);
#24=VECTOR('',#217,1.);
#25=VECTOR('',#218,1.);
#26=VECTOR('',#225,1.);
#27=VECTOR('',#226,1.);
#28=VECTOR('',#227,1.);
#29=VECTOR('',#228,1.);
#30=VECTOR('',#229,1.);
#31=ORIENTED_EDGE('',*,*,#83,.F.);
#32=ORIENTED_EDGE('',*,*,#84,.F.);
#33=ORIENTED_EDGE('',*,*,#85,.T.);
#34=ORIENTED_EDGE('',*,*,#86,.T.);
#35=ORIENTED_EDGE('',*,*,#87,.F.);
#36=ORIENTED_EDGE('',*,*,#86,.F.);
#37=ORIENTED_EDGE('',*,*,#88,.T.);
#38=ORIENTED_EDGE('',*,*,#89,.T.);
#39=ORIENTED_EDGE('',*,*,#90,.F.);
#40=ORIENTED_EDGE('',*,*,#89,.F.);
#41=ORIENTED_EDGE('',*,*,#91,.T.);
#42=ORIENTED_EDGE('',*,*,#84,.T.);
#43=ORIENTED_EDGE('',*,*,#92,.F.);
#44=ORIENTED_EDGE('',*,*,#93,.T.);
#45=ORIENTED_EDGE('',*,*,#85,.F.);
#46=ORIENTED_EDGE('',*,*,#91,.F.);
#47=ORIENTED_EDGE('',*,*,#88,.F.);
#48=ORIENTED_EDGE('',*,*,#92,.T.);
#49=ORIENTED_EDGE('',*,*,#94,.F.);
#50=ORIENTED_EDGE('',*,*,#95,.F.);
#51=ORIENTED_EDGE('',*,*,#96,.F.);
#52=ORIENTED_EDGE('',*,*,#97,.F.);
#53=ORIENTED_EDGE('',*,*,#98,.F.);
#54=ORIENTED_EDGE('',*,*,#90,.T.);
#55=ORIENTED_EDGE('',*,*,#83,.T.);
#56=ORIENTED_EDGE('',*,*,#87,.T.);
#57=ORIENTED_EDGE('',*,*,#93,.F.);
#58=ORIENTED_EDGE('',*,*,#99,.T.);
#59=ORIENTED_EDGE('',*,*,#100,.T.);
#60=ORIENTED_EDGE('',*,*,#101,.T.);
#61=ORIENTED_EDGE('',*,*,#102,.T.);
#62=ORIENTED_EDGE('',*,*,#103,.T.);
#63=ORIENTED_EDGE('',*,*,#94,.T.);
#64=ORIENTED_EDGE('',*,*,#104,.F.);
#65=ORIENTED_EDGE('',*,*,#99,.F.);
#66=ORIENTED_EDGE('',*,*,#105,.T.);
#67=ORIENTED_EDGE('',*,*,#98,.T.);
#68=ORIENTED_EDGE('',*,*,#106,.F.);
#69=ORIENTED_EDGE('',*,*,#100,.F.);
#70=ORIENTED_EDGE('',*,*,#104,.T.);
#71=ORIENTED_EDGE('',*,*,#97,.T.);
#72=ORIENTED_EDGE('',*,*,#107,.F.);
#73=ORIENTED_EDGE('',*,*,#101,.F.);
#74=ORIENTED_EDGE('',*,*,#106,.T.);
#75=ORIENTED_EDGE('',*,*,#96,.T.);
#76=ORIENTED_EDGE('',*,*,#108,.F.);
#77=ORIENTED_EDGE('',*,*,#102,.F.);
#78=ORIENTED_EDGE('',*,*,#107,.T.);
#79=ORIENTED_EDGE('',*,*,#95,.T.);
#80=ORIENTED_EDGE('',*,*,#105,.F.);
#81=ORIENTED_EDGE('',*,*,#103,.F.);
#82=ORIENTED_EDGE('',*,*,#108,.T.);
#83=EDGE_CURVE('',#109,#110,#127,.T.);
#84=EDGE_CURVE('',#111,#109,#15,.T.);
#85=EDGE_CURVE('',#111,#112,#128,.T.);
#86=EDGE_CURVE('',#112,#110,#16,.T.);
#87=EDGE_CURVE('',#110,#113,#129,.T.);
#88=EDGE_CURVE('',#112,#114,#130,.T.);
#89=EDGE_CURVE('',#114,#113,#17,.T.);
#90=EDGE_CURVE('',#113,#109,#131,.T.);
#91=EDGE_CURVE('',#114,#111,#132,.T.);
#92=EDGE_CURVE('',#115,#115,#133,.T.);
#93=EDGE_CURVE('',#116,#116,#134,.T.);
#94=EDGE_CURVE('',#117,#118,#135,.T.);
#95=EDGE_CURVE('',#119,#117,#136,.T.);
#96=EDGE_CURVE('',#120,#119,#137,.T.);
#97=EDGE_CURVE('',#121,#120,#138,.T.);
#98=EDGE_CURVE('',#118,#121,#139,.T.);
#99=EDGE_CURVE('',#122,#123,#140,.T.);
#100=EDGE_CURVE('',#123,#124,#141,.T.);
#101=EDGE_CURVE('',#124,#125,#142,.T.);
#102=EDGE_CURVE('',#125,#126,#143,.T.);
#103=EDGE_CURVE('',#126,#122,#144,.T.);
#104=EDGE_CURVE('',#123,#118,#18,.T.);
#105=EDGE_CURVE('',#122,#117,#19,.T.);
#106=EDGE_CURVE('',#124,#121,#20,.T.);
#107=EDGE_CURVE('',#125,#120,#21,.T.);
#108=EDGE_CURVE('',#126,#119,#22,.T.);
#109=VERTEX_POINT('',#372);
#110=VERTEX_POINT('',#373);
#111=VERTEX_POINT('',#375);
#112=VERTEX_POINT('',#439);
#113=VERTEX_POINT('',#609);
#114=VERTEX_POINT('',#694);
#115=VERTEX_POINT('',#967);
#116=VERTEX_POINT('',#991);
#117=VERTEX_POINT('',#1071);
#118=VERTEX_POINT('',#1072);
#119=VERTEX_POINT('',#1090);
#120=VERTEX_POINT('',#1099);
#121=VERTEX_POINT('',#1173);
#122=VERTEX_POINT('',#1338);
#123=VERTEX_POINT('',#1339);
#124=VERTEX_POINT('',#1426);
#125=VERTEX_POINT('',#1500);
#126=VERTEX_POINT('',#1509);
#127=B_SPLINE_CURVE_WITH_KNOTS('',3,(#309,#310,#311,#312,#313,#314,#315,
#316,#317,#318,#319,#320,#321,#322,#323,#324,#325,#326,#327,#328,#329,#330,
#331,#332,#333,#334,#335,#336,#337,#338,#339,#340,#341,#342,#343,#344,#345,
#346,#347,#348,#349,#350,#351,#352,#353,#354,#355,#356,#357,#358,#359,#360,
#361,#362,#363,#364,#365,#366,#367,#368,#369,#370,#371),.UNSPECIFIED.,.F.,
 .F.,(4,1,1,1,1,1,1,1,1,1,1,1,1,1,1,1,1,1,1,1,1,1,1,1,1,1,1,1,1,1,1,1,1,
1,1,1,1,1,1,1,1,1,1,1,1,1,1,1,1,1,1,1,1,1,1,1,1,1,1,1,4),(0.161147679568182,
0.163209809177418,0.165271938786654,0.167334068395891,0.169396198005128,
0.1735204572236,0.177644716442073,0.185893234879018,0.194141753315964,0.20239027175291,
0.206514530971382,0.210638790189855,0.212700919799092,0.214763049408328,
0.218887308626801,0.223011567845273,0.227135827063746,0.235384345500691,
0.243632863937637,0.251881382374582,0.260129900811528,0.268378419248473,
0.272502678466946,0.276626937685419,0.284875456122365,0.29312397455931,
0.297248233777782,0.301372492996256,0.305496752214728,0.309621011433201,
0.313745270651674,0.317869529870146,0.319931659479382,0.321993789088619,
0.324055918697855,0.326118048307092,0.328180177916328,0.329211242720947,
0.330242307525564,0.332304437134801,0.334366566744037,0.336428696353274,
0.33849082596251,0.342615085180983,0.346739344399456,0.350863603617929,
0.354987862836401,0.359112122054874,0.367360640491819,0.375609158928765,
0.38385767736571,0.387981936584183,0.392106195802655,0.396230455021128,
0.398292584630365,0.400354714239602,0.404478973458074,0.408603232676547,
0.416851751113492,0.420976010331965,0.425100269550438),.UNSPECIFIED.);
#128=B_SPLINE_CURVE_WITH_KNOTS('',3,(#376,#377,#378,#379,#380,#381,#382,
#383,#384,#385,#386,#387,#388,#389,#390,#391,#392,#393,#394,#395,#396,#397,
#398,#399,#400,#401,#402,#403,#404,#405,#406,#407,#408,#409,#410,#411,#412,
#413,#414,#415,#416,#417,#418,#419,#420,#421,#422,#423,#424,#425,#426,#427,
#428,#429,#430,#431,#432,#433,#434,#435,#436,#437,#438),.UNSPECIFIED.,.F.,
 .F.,(4,1,1,1,1,1,1,1,1,1,1,1,1,1,1,1,1,1,1,1,1,1,1,1,1,1,1,1,1,1,1,1,1,
1,1,1,1,1,1,1,1,1,1,1,1,1,1,1,1,1,1,1,1,1,1,1,1,1,1,1,4),(0.161147679568182,
0.163209809177418,0.165271938786654,0.167334068395891,0.169396198005128,
0.1735204572236,0.177644716442073,0.185893234879018,0.194141753315964,0.20239027175291,
0.206514530971382,0.210638790189855,0.212700919799092,0.214763049408328,
0.218887308626801,0.223011567845273,0.227135827063746,0.235384345500691,
0.243632863937637,0.251881382374582,0.260129900811528,0.268378419248473,
0.272502678466946,0.276626937685419,0.284875456122365,0.29312397455931,
0.297248233777782,0.301372492996256,0.305496752214728,0.309621011433201,
0.313745270651674,0.317869529870146,0.319931659479382,0.321993789088619,
0.324055918697855,0.326118048307092,0.328180177916328,0.329211242720947,
0.330242307525564,0.332304437134801,0.334366566744037,0.336428696353274,
0.33849082596251,0.342615085180983,0.346739344399456,0.350863603617929,
0.354987862836401,0.359112122054874,0.367360640491819,0.375609158928765,
0.38385767736571,0.387981936584183,0.392106195802655,0.396230455021128,
0.398292584630365,0.400354714239602,0.404478973458074,0.408603232676547,
0.416851751113492,0.420976010331965,0.425100269550438),.UNSPECIFIED.);
#129=B_SPLINE_CURVE_WITH_KNOTS('',3,(#525,#526,#527,#528,#529,#530,#531,
#532,#533,#534,#535,#536,#537,#538,#539,#540,#541,#542,#543,#544,#545,#546,
#547,#548,#549,#550,#551,#552,#553,#554,#555,#556,#557,#558,#559,#560,#561,
#562,#563,#564,#565,#566,#567,#568,#569,#570,#571,#572,#573,#574,#575,#576,
#577,#578,#579,#580,#581,#582,#583,#584,#585,#586,#587,#588,#589,#590,#591,
#592,#593,#594,#595,#596,#597,#598,#599,#600,#601,#602,#603,#604,#605,#606,
#607,#608),.UNSPECIFIED.,.F.,.F.,(4,1,1,1,1,1,1,1,1,1,1,1,1,1,1,1,1,1,1,
1,1,1,1,1,1,1,1,1,1,1,1,1,1,1,1,1,1,1,1,1,1,1,1,1,1,1,1,1,1,1,1,1,1,1,1,
1,1,1,1,1,1,1,1,1,1,1,1,1,1,1,1,1,1,1,1,1,1,1,1,1,1,4),(0.449046233780758,
0.455727123330591,0.459067568105507,0.462408012880423,0.46574845765534,
0.467418680042798,0.469088902430256,0.470759124817714,0.472429347205173,
0.475769791980089,0.479110236755005,0.482450681529922,0.489131571079755,
0.495812460629587,0.50249335017942,0.505833794954337,0.509174239729253,
0.51251468450417,0.515855129279086,0.519195574054002,0.522536018828919,
0.529216908378752,0.535897797928584,0.542578687478417,0.545919132253334,
0.54925957702825,0.552600021803166,0.555940466578083,0.559280911352999,
0.562621356127916,0.569302245677749,0.575983135227581,0.582664024777414,
0.589344914327247,0.59602580387708,0.602706693426913,0.606047138201829,
0.609387582976745,0.616068472526578,0.622749362076411,0.636111141176077,
0.649472920275742,0.656153809825575,0.662834699375408,0.676196478475074,
0.689558257574739,0.702920036674405,0.709600926224238,0.716281815774071,
0.719622260548987,0.722962705323903,0.729643594873736,0.736324484423569,
0.743005373973402,0.749686263523235,0.756367153073068,0.7630480426229,0.769728932172733,
0.77306937694765,0.776409821722566,0.783090711272399,0.789771600822232,
0.796452490372064,0.803133379921897,0.80981426947173,0.813154714246646,
0.816495159021563,0.819835603796479,0.823176048571396,0.829856938121229,
0.836537827671061,0.843218717220894,0.846559161995811,0.849899606770727,
0.853240051545643,0.85658049632056,0.858250718708018,0.859920941095476,
0.863261385870393,0.866601830645309,0.869942275420226,0.876623164970058),
 .UNSPECIFIED.);
#130=B_SPLINE_CURVE_WITH_KNOTS('',3,(#610,#611,#612,#613,#614,#615,#616,
#617,#618,#619,#620,#621,#622,#623,#624,#625,#626,#627,#628,#629,#630,#631,
#632,#633,#634,#635,#636,#637,#638,#639,#640,#641,#642,#643,#644,#645,#646,
#647,#648,#649,#650,#651,#652,#653,#654,#655,#656,#657,#658,#659,#660,#661,
#662,#663,#664,#665,#666,#667,#668,#669,#670,#671,#672,#673,#674,#675,#676,
#677,#678,#679,#680,#681,#682,#683,#684,#685,#686,#687,#688,#689,#690,#691,
#692,#693),.UNSPECIFIED.,.F.,.F.,(4,1,1,1,1,1,1,1,1,1,1,1,1,1,1,1,1,1,1,
1,1,1,1,1,1,1,1,1,1,1,1,1,1,1,1,1,1,1,1,1,1,1,1,1,1,1,1,1,1,1,1,1,1,1,1,
1,1,1,1,1,1,1,1,1,1,1,1,1,1,1,1,1,1,1,1,1,1,1,1,1,1,4),(0.449046233780758,
0.455727123330591,0.459067568105507,0.462408012880423,0.46574845765534,
0.467418680042798,0.469088902430256,0.470759124817714,0.472429347205173,
0.475769791980089,0.479110236755005,0.482450681529922,0.489131571079755,
0.495812460629587,0.50249335017942,0.505833794954337,0.509174239729253,
0.51251468450417,0.515855129279086,0.519195574054002,0.522536018828919,
0.529216908378752,0.535897797928584,0.542578687478417,0.545919132253334,
0.54925957702825,0.552600021803166,0.555940466578083,0.559280911352999,
0.562621356127916,0.569302245677749,0.575983135227581,0.582664024777414,
0.589344914327247,0.59602580387708,0.602706693426913,0.606047138201829,
0.609387582976745,0.616068472526578,0.622749362076411,0.636111141176077,
0.649472920275742,0.656153809825575,0.662834699375408,0.676196478475074,
0.689558257574739,0.702920036674405,0.709600926224238,0.716281815774071,
0.719622260548987,0.722962705323903,0.729643594873736,0.736324484423569,
0.743005373973402,0.749686263523235,0.756367153073068,0.7630480426229,0.769728932172733,
0.77306937694765,0.776409821722566,0.783090711272399,0.789771600822232,
0.796452490372064,0.803133379921897,0.80981426947173,0.813154714246646,
0.816495159021563,0.819835603796479,0.823176048571396,0.829856938121229,
0.836537827671061,0.843218717220894,0.846559161995811,0.849899606770727,
0.853240051545643,0.85658049632056,0.858250718708018,0.859920941095476,
0.863261385870393,0.866601830645309,0.869942275420226,0.876623164970058),
 .UNSPECIFIED.);
#131=B_SPLINE_CURVE_WITH_KNOTS('',3,(#776,#777,#778,#779,#780,#781,#782,
#783,#784,#785,#786,#787,#788,#789,#790,#791,#792,#793,#794,#795,#796,#797,
#798,#799,#800,#801,#802,#803,#804,#805,#806,#807,#808,#809,#810,#811,#812,
#813,#814,#815,#816,#817,#818,#819,#820,#821,#822,#823,#824,#825,#826,#827,
#828,#829,#830,#831,#832,#833,#834,#835,#836),.UNSPECIFIED.,.F.,.F.,(4,
1,1,1,1,1,1,1,1,1,1,1,1,1,1,1,1,1,1,1,1,1,1,1,1,1,1,1,1,1,1,1,1,1,1,1,1,
1,1,1,1,1,1,1,1,1,1,1,1,1,1,1,1,1,1,1,1,1,4),(0.895665789970956,0.899813944495913,
0.903962099020869,0.912258408070783,0.920554717120696,0.924702871645653,
0.928851026170609,0.932999180695566,0.937147335220523,0.941295489745479,
0.945443644270436,0.953739953320349,0.962036262370263,0.966184416895219,
0.970332571420176,0.974480725945133,0.978628880470089,0.982777034995046,
0.986925189520003,0.991073344044959,0.993147421307438,0.995221498569916,
0.997295575832394,0.999369653094873,1.00040669172611,1.00144373035735,1.00351780761983,
1.00559188488231,1.00766596214479,1.01181411666974,1.0159622711947,1.02011042571966,
1.02425858024461,1.02840673476957,1.03255488929453,1.03670304381948,1.0449993528694,
1.05329566191931,1.05744381644427,1.06159197096922,1.06574012549418,1.06988828001914,
1.07403643454409,1.07818458906905,1.08648089811896,1.09477720716888,1.09892536169383,
1.10307351621879,1.10722167074375,1.1113698252687,1.11551797979366,1.11966613431861,
1.12381428884357,1.12796244336853,1.13211059789348,1.13625875241844,1.14455506146835,
1.15285137051827,1.16114767956818),.UNSPECIFIED.);
#132=B_SPLINE_CURVE_WITH_KNOTS('',3,(#837,#838,#839,#840,#841,#842,#843,
#844,#845,#846,#847,#848,#849,#850,#851,#852,#853,#854,#855,#856,#857,#858,
#859,#860,#861,#862,#863,#864,#865,#866,#867,#868,#869,#870,#871,#872,#873,
#874,#875,#876,#877,#878,#879,#880,#881,#882,#883,#884,#885,#886,#887,#888,
#889,#890,#891,#892,#893,#894,#895,#896,#897),.UNSPECIFIED.,.F.,.F.,(4,
1,1,1,1,1,1,1,1,1,1,1,1,1,1,1,1,1,1,1,1,1,1,1,1,1,1,1,1,1,1,1,1,1,1,1,1,
1,1,1,1,1,1,1,1,1,1,1,1,1,1,1,1,1,1,1,1,1,4),(0.895665789970956,0.899813944495913,
0.903962099020869,0.912258408070783,0.920554717120696,0.924702871645653,
0.928851026170609,0.932999180695566,0.937147335220523,0.941295489745479,
0.945443644270436,0.953739953320349,0.962036262370263,0.966184416895219,
0.970332571420176,0.974480725945133,0.978628880470089,0.982777034995046,
0.986925189520003,0.991073344044959,0.993147421307438,0.995221498569916,
0.997295575832394,0.999369653094873,1.00040669172611,1.00144373035735,1.00351780761983,
1.00559188488231,1.00766596214479,1.01181411666974,1.0159622711947,1.02011042571966,
1.02425858024461,1.02840673476957,1.03255488929453,1.03670304381948,1.0449993528694,
1.05329566191931,1.05744381644427,1.06159197096922,1.06574012549418,1.06988828001914,
1.07403643454409,1.07818458906905,1.08648089811896,1.09477720716888,1.09892536169383,
1.10307351621879,1.10722167074375,1.1113698252687,1.11551797979366,1.11966613431861,
1.12381428884357,1.12796244336853,1.13211059789348,1.13625875241844,1.14455506146835,
1.15285137051827,1.16114767956818),.UNSPECIFIED.);
#133=B_SPLINE_CURVE_WITH_KNOTS('',3,(#944,#945,#946,#947,#948,#949,#950,
#951,#952,#953,#954,#955,#956,#957,#958,#959,#960,#961,#962,#963,#964,#965,
#966),.UNSPECIFIED.,.T.,.F.,(1,1,1,1,1,1,1,1,1,1,1,1,1,1,1,1,1,1,1,1,1,
1,1,1,1,1,1),(-0.142751452894806,-0.112922500394639,-0.0632937805734963,
0.,0.0628825871736216,0.113658912867885,0.165080838620648,0.213204101809943,
0.270756244022869,0.329003167490469,0.397146159678542,0.437540779338648,
0.468913040468827,0.513701932184562,0.550436272031045,0.603797181708736,
0.661477996205712,0.722521104993387,0.770810724724824,0.811707370573665,
0.857248547105194,0.887077499605361,0.936706219426504,1.,1.06288258717362,
1.11365891286788,1.16508083862065),.UNSPECIFIED.);
#134=B_SPLINE_CURVE_WITH_KNOTS('',3,(#968,#969,#970,#971,#972,#973,#974,
#975,#976,#977,#978,#979,#980,#981,#982,#983,#984,#985,#986,#987,#988,#989,
#990),.UNSPECIFIED.,.T.,.F.,(1,1,1,1,1,1,1,1,1,1,1,1,1,1,1,1,1,1,1,1,1,
1,1,1,1,1,1),(-0.142751452894806,-0.112922500394639,-0.0632937805734963,
0.,0.0628825871736216,0.113658912867885,0.165080838620648,0.213204101809943,
0.270756244022869,0.329003167490469,0.397146159678542,0.437540779338648,
0.468913040468827,0.513701932184562,0.550436272031045,0.603797181708736,
0.661477996205712,0.722521104993387,0.770810724724824,0.811707370573665,
0.857248547105194,0.887077499605361,0.936706219426504,1.,1.06288258717362,
1.11365891286788,1.16508083862065),.UNSPECIFIED.);
#135=B_SPLINE_CURVE_WITH_KNOTS('',3,(#994,#995,#996,#997,#998,#999,#1000,
#1001,#1002,#1003,#1004,#1005,#1006,#1007,#1008,#1009,#1010,#1011,#1012,
#1013,#1014,#1015,#1016,#1017,#1018,#1019,#1020,#1021,#1022,#1023,#1024,
#1025,#1026,#1027,#1028,#1029,#1030,#1031,#1032,#1033,#1034,#1035,#1036,
#1037,#1038,#1039,#1040,#1041,#1042,#1043,#1044,#1045,#1046,#1047,#1048,
#1049,#1050,#1051,#1052,#1053,#1054,#1055,#1056,#1057,#1058,#1059,#1060,
#1061,#1062,#1063,#1064,#1065,#1066,#1067,#1068,#1069,#1070),
 .UNSPECIFIED.,.F.,.F.,(4,1,1,1,1,1,1,1,1,1,1,1,1,1,1,1,1,1,1,1,1,1,1,1,
1,1,1,1,1,1,1,1,1,1,1,1,1,1,1,1,1,1,1,1,1,1,1,1,1,1,1,1,1,1,1,1,1,1,1,1,
1,1,1,1,1,1,1,1,1,1,1,1,1,1,4),(0.229577196260999,0.232340175145169,0.235103154029341,
0.237866132913511,0.240629111797683,0.246155069566025,0.251681027334367,
0.25720698510271,0.262732942871052,0.268258900639394,0.273784858407737,
0.279310816176079,0.284836773944421,0.290362731712763,0.295888689481105,
0.301414647249447,0.304177626133618,0.306940605017789,0.308322094459875,
0.309703583901961,0.311085073344047,0.312466562786132,0.313848052228217,
0.315229541670303,0.316611031112388,0.317301775833431,0.317992520554474,
0.31937400999656,0.320755499438646,0.321446244159688,0.322136988880731,
0.322827733601774,0.323518478322816,0.324209223043859,0.324899967764902,
0.325590712485945,0.325936084846466,0.326281457206987,0.326972201928031,
0.327662946649073,0.328008319009594,0.328353691370116,0.329044436091159,
0.329735180812201,0.330425925533244,0.33180741497533,0.332498159696373,
0.333188904417415,0.333879649138458,0.334570393859501,0.335951883301586,
0.337333372743672,0.338024117464715,0.338714862185758,0.340096351627843,
0.341477841069929,0.342859330512015,0.3442408199541,0.345622309396185,0.348385288280357,
0.351148267164528,0.35667422493287,0.362200182701212,0.367726140469554,
0.373252098237896,0.378778056006239,0.384304013774581,0.389829971542923,
0.392592950427095,0.395355929311266,0.398118908195436,0.399500397637522,
0.400881887079607,0.403644865963779,0.40640784484795),.UNSPECIFIED.);
#136=B_SPLINE_CURVE_WITH_KNOTS('',3,(#1073,#1074,#1075,#1076,#1077,#1078,
#1079,#1080,#1081,#1082,#1083,#1084,#1085,#1086,#1087,#1088,#1089),
 .UNSPECIFIED.,.F.,.F.,(4,1,1,1,1,1,1,1,1,1,1,1,1,1,4),(0.161147679568182,
0.16352077850104,0.16470732796747,0.165893877433898,0.168266976366757,0.170640075299616,
0.175386273165332,0.180132471031048,0.184878668896766,0.187251767829623,
0.189624866762482,0.191997965695341,0.194371064628199,0.196744163561057,
0.199117262493915),.UNSPECIFIED.);
#137=B_SPLINE_CURVE_WITH_KNOTS('',3,(#1091,#1092,#1093,#1094,#1095,#1096,
#1097,#1098),.UNSPECIFIED.,.F.,.F.,(4,1,1,1,1,4),(1.12567446363761,1.13454276762025,
1.14341107160289,1.15227937558554,1.15671352757686,1.16114767956818),
 .UNSPECIFIED.);
#138=B_SPLINE_CURVE_WITH_KNOTS('',3,(#1100,#1101,#1102,#1103,#1104,#1105,
#1106,#1107,#1108,#1109,#1110,#1111,#1112,#1113,#1114,#1115,#1116,#1117,
#1118,#1119,#1120,#1121,#1122,#1123,#1124,#1125,#1126,#1127,#1128,#1129,
#1130,#1131,#1132,#1133,#1134,#1135,#1136,#1137,#1138,#1139,#1140,#1141,
#1142,#1143,#1144,#1145,#1146,#1147,#1148,#1149,#1150,#1151,#1152,#1153,
#1154,#1155,#1156,#1157,#1158,#1159,#1160,#1161,#1162,#1163,#1164,#1165,
#1166,#1167,#1168,#1169,#1170,#1171,#1172),.UNSPECIFIED.,.F.,.F.,(4,1,1,
1,1,1,1,1,1,1,1,1,1,1,1,1,1,1,1,1,1,1,1,1,1,1,1,1,1,1,1,1,1,1,1,1,1,1,1,
1,1,1,1,1,1,1,1,1,1,1,1,1,1,1,1,1,1,1,1,1,1,1,1,1,1,1,1,1,1,1,4),(0.917037088628609,
0.922544856400874,0.928052624173139,0.933560391945404,0.936314275831537,
0.939068159717669,0.944575927489934,0.9500836952622,0.955591463034465,0.96109923080673,
0.966606998578995,0.97211476635126,0.977622534123526,0.980376418009658,
0.981753359952724,0.983130301895791,0.984507243838857,0.985884185781923,
0.987261127724989,0.988638069668056,0.990015011611122,0.990703482582655,
0.991391953554188,0.992768895497255,0.993457366468788,0.994145837440321,
0.994834308411854,0.995522779383387,0.99621125035492,0.996899721326453,
0.997588192297987,0.99827666326952,0.998965134241053,0.999653605212586,
1.00034207618412,1.00068631166989,1.00103054715565,1.00171901812719,1.00240748909872,
1.00378443104178,1.00516137298485,1.00584984395638,1.00653831492792,1.00722678589945,
1.00791525687098,1.00929219881405,1.01066914075712,1.01135761172865,1.01204608270018,
1.01342302464325,1.01479996658631,1.01617690852938,1.01755385047245,1.01893079241551,
1.02168467630165,1.02719244407391,1.03270021184618,1.03820797961844,1.04371574739071,
1.04922351516297,1.05473128293524,1.0602390507075,1.06299293459363,1.06574681847977,
1.0685007023659,1.07125458625203,1.0767623540243,1.08227012179656,1.0850240056827,
1.08777788956883,1.09328565734109),.UNSPECIFIED.);
#139=B_SPLINE_CURVE_WITH_KNOTS('',3,(#1174,#1175,#1176,#1177,#1178,#1179,
#1180,#1181,#1182,#1183,#1184,#1185,#1186,#1187,#1188,#1189,#1190,#1191,
#1192,#1193,#1194,#1195,#1196,#1197,#1198,#1199,#1200,#1201,#1202,#1203,
#1204,#1205,#1206,#1207,#1208,#1209,#1210,#1211,#1212,#1213,#1214,#1215,
#1216,#1217,#1218,#1219,#1220,#1221,#1222,#1223,#1224,#1225,#1226,#1227,
#1228,#1229,#1230,#1231,#1232,#1233,#1234,#1235,#1236,#1237,#1238,#1239,
#1240,#1241,#1242,#1243,#1244,#1245,#1246,#1247,#1248,#1249,#1250,#1251,
#1252,#1253,#1254,#1255,#1256,#1257,#1258,#1259),.UNSPECIFIED.,.F.,.F.,
(4,1,1,1,1,1,1,1,1,1,1,1,1,1,1,1,1,1,1,1,1,1,1,1,1,1,1,1,1,1,1,1,1,1,1,
1,1,1,1,1,1,1,1,1,1,1,1,1,1,1,1,1,1,1,1,1,1,1,1,1,1,1,1,1,1,1,1,1,1,1,1,
1,1,1,1,1,1,1,1,1,1,1,1,4),(0.468893553806242,0.470407850270187,0.471922146734131,
0.474950739662021,0.4810079255178,0.48706511137358,0.493122297229359,0.499179483085138,
0.505236668940917,0.508265261868807,0.511293854796697,0.512808151260641,
0.514322447724586,0.515836744188531,0.517351040652476,0.520379633580365,
0.523408226508255,0.526436819436145,0.529465412364034,0.532494005291924,
0.535522598219814,0.538551191147703,0.541579784075593,0.544608377003482,
0.547636969931372,0.550665562859262,0.552179859323206,0.553694155787151,
0.556722748715041,0.559751341642931,0.56580852749871,0.571865713354489,
0.577922899210268,0.583980085066048,0.590037270921827,0.596094456777606,
0.602151642633385,0.608208828489165,0.614266014344944,0.620323200200723,
0.626380386056502,0.638494757768061,0.650609129479619,0.656666315335398,
0.662723501191178,0.668780687046957,0.674837872902736,0.686952244614295,
0.693009430470074,0.699066616325853,0.705123802181633,0.711180988037412,
0.714209580965301,0.717238173893191,0.720266766821081,0.72329535974897,
0.72632395267686,0.72935254560475,0.735409731460529,0.741466917316308,0.747524103172087,
0.753581289027867,0.759638474883646,0.765695660739425,0.768724253667315,
0.771752846595204,0.774781439523094,0.777810032450984,0.783867218306763,
0.789924404162542,0.795981590018321,0.802038775874101,0.80506736880199,
0.80809596172988,0.811124554657769,0.814153147585659,0.817181740513549,
0.820210333441438,0.826267519297218,0.832324705152997,0.838381891008776,
0.844439076864555,0.850496262720335,0.856553448576114),.UNSPECIFIED.);
#140=B_SPLINE_CURVE_WITH_KNOTS('',3,(#1261,#1262,#1263,#1264,#1265,#1266,
#1267,#1268,#1269,#1270,#1271,#1272,#1273,#1274,#1275,#1276,#1277,#1278,
#1279,#1280,#1281,#1282,#1283,#1284,#1285,#1286,#1287,#1288,#1289,#1290,
#1291,#1292,#1293,#1294,#1295,#1296,#1297,#1298,#1299,#1300,#1301,#1302,
#1303,#1304,#1305,#1306,#1307,#1308,#1309,#1310,#1311,#1312,#1313,#1314,
#1315,#1316,#1317,#1318,#1319,#1320,#1321,#1322,#1323,#1324,#1325,#1326,
#1327,#1328,#1329,#1330,#1331,#1332,#1333,#1334,#1335,#1336,#1337),
 .UNSPECIFIED.,.F.,.F.,(4,1,1,1,1,1,1,1,1,1,1,1,1,1,1,1,1,1,1,1,1,1,1,1,
1,1,1,1,1,1,1,1,1,1,1,1,1,1,1,1,1,1,1,1,1,1,1,1,1,1,1,1,1,1,1,1,1,1,1,1,
1,1,1,1,1,1,1,1,1,1,1,1,1,1,4),(0.229577196260999,0.232340175145169,0.235103154029341,
0.237866132913511,0.240629111797683,0.246155069566025,0.251681027334367,
0.25720698510271,0.262732942871052,0.268258900639394,0.273784858407737,
0.279310816176079,0.284836773944421,0.290362731712763,0.295888689481105,
0.301414647249447,0.304177626133618,0.306940605017789,0.308322094459875,
0.309703583901961,0.311085073344047,0.312466562786132,0.313848052228217,
0.315229541670303,0.316611031112388,0.317301775833431,0.317992520554474,
0.31937400999656,0.320755499438646,0.321446244159688,0.322136988880731,
0.322827733601774,0.323518478322816,0.324209223043859,0.324899967764902,
0.325590712485945,0.325936084846466,0.326281457206987,0.326972201928031,
0.327662946649073,0.328008319009594,0.328353691370116,0.329044436091159,
0.329735180812201,0.330425925533244,0.33180741497533,0.332498159696373,
0.333188904417415,0.333879649138458,0.334570393859501,0.335951883301586,
0.337333372743672,0.338024117464715,0.338714862185758,0.340096351627843,
0.341477841069929,0.342859330512015,0.3442408199541,0.345622309396185,0.348385288280357,
0.351148267164528,0.35667422493287,0.362200182701212,0.367726140469554,
0.373252098237896,0.378778056006239,0.384304013774581,0.389829971542923,
0.392592950427095,0.395355929311266,0.398118908195436,0.399500397637522,
0.400881887079607,0.403644865963779,0.40640784484795),.UNSPECIFIED.);
#141=B_SPLINE_CURVE_WITH_KNOTS('',3,(#1340,#1341,#1342,#1343,#1344,#1345,
#1346,#1347,#1348,#1349,#1350,#1351,#1352,#1353,#1354,#1355,#1356,#1357,
#1358,#1359,#1360,#1361,#1362,#1363,#1364,#1365,#1366,#1367,#1368,#1369,
#1370,#1371,#1372,#1373,#1374,#1375,#1376,#1377,#1378,#1379,#1380,#1381,
#1382,#1383,#1384,#1385,#1386,#1387,#1388,#1389,#1390,#1391,#1392,#1393,
#1394,#1395,#1396,#1397,#1398,#1399,#1400,#1401,#1402,#1403,#1404,#1405,
#1406,#1407,#1408,#1409,#1410,#1411,#1412,#1413,#1414,#1415,#1416,#1417,
#1418,#1419,#1420,#1421,#1422,#1423,#1424,#1425),.UNSPECIFIED.,.F.,.F.,
(4,1,1,1,1,1,1,1,1,1,1,1,1,1,1,1,1,1,1,1,1,1,1,1,1,1,1,1,1,1,1,1,1,1,1,
1,1,1,1,1,1,1,1,1,1,1,1,1,1,1,1,1,1,1,1,1,1,1,1,1,1,1,1,1,1,1,1,1,1,1,1,
1,1,1,1,1,1,1,1,1,1,1,1,4),(0.468893553806242,0.470407850270187,0.471922146734131,
0.474950739662021,0.4810079255178,0.48706511137358,0.493122297229359,0.499179483085138,
0.505236668940917,0.508265261868807,0.511293854796697,0.512808151260641,
0.514322447724586,0.515836744188531,0.517351040652476,0.520379633580365,
0.523408226508255,0.526436819436145,0.529465412364034,0.532494005291924,
0.535522598219814,0.538551191147703,0.541579784075593,0.544608377003482,
0.547636969931372,0.550665562859262,0.552179859323206,0.553694155787151,
0.556722748715041,0.559751341642931,0.56580852749871,0.571865713354489,
0.577922899210268,0.583980085066048,0.590037270921827,0.596094456777606,
0.602151642633385,0.608208828489165,0.614266014344944,0.620323200200723,
0.626380386056502,0.638494757768061,0.650609129479619,0.656666315335398,
0.662723501191178,0.668780687046957,0.674837872902736,0.686952244614295,
0.693009430470074,0.699066616325853,0.705123802181633,0.711180988037412,
0.714209580965301,0.717238173893191,0.720266766821081,0.72329535974897,
0.72632395267686,0.72935254560475,0.735409731460529,0.741466917316308,0.747524103172087,
0.753581289027867,0.759638474883646,0.765695660739425,0.768724253667315,
0.771752846595204,0.774781439523094,0.777810032450984,0.783867218306763,
0.789924404162542,0.795981590018321,0.802038775874101,0.80506736880199,
0.80809596172988,0.811124554657769,0.814153147585659,0.817181740513549,
0.820210333441438,0.826267519297218,0.832324705152997,0.838381891008776,
0.844439076864555,0.850496262720335,0.856553448576114),.UNSPECIFIED.);
#142=B_SPLINE_CURVE_WITH_KNOTS('',3,(#1427,#1428,#1429,#1430,#1431,#1432,
#1433,#1434,#1435,#1436,#1437,#1438,#1439,#1440,#1441,#1442,#1443,#1444,
#1445,#1446,#1447,#1448,#1449,#1450,#1451,#1452,#1453,#1454,#1455,#1456,
#1457,#1458,#1459,#1460,#1461,#1462,#1463,#1464,#1465,#1466,#1467,#1468,
#1469,#1470,#1471,#1472,#1473,#1474,#1475,#1476,#1477,#1478,#1479,#1480,
#1481,#1482,#1483,#1484,#1485,#1486,#1487,#1488,#1489,#1490,#1491,#1492,
#1493,#1494,#1495,#1496,#1497,#1498,#1499),.UNSPECIFIED.,.F.,.F.,(4,1,1,
1,1,1,1,1,1,1,1,1,1,1,1,1,1,1,1,1,1,1,1,1,1,1,1,1,1,1,1,1,1,1,1,1,1,1,1,
1,1,1,1,1,1,1,1,1,1,1,1,1,1,1,1,1,1,1,1,1,1,1,1,1,1,1,1,1,1,1,4),(0.917037088628609,
0.922544856400874,0.928052624173139,0.933560391945404,0.936314275831537,
0.939068159717669,0.944575927489934,0.9500836952622,0.955591463034465,0.96109923080673,
0.966606998578995,0.97211476635126,0.977622534123526,0.980376418009658,
0.981753359952724,0.983130301895791,0.984507243838857,0.985884185781923,
0.987261127724989,0.988638069668056,0.990015011611122,0.990703482582655,
0.991391953554188,0.992768895497255,0.993457366468788,0.994145837440321,
0.994834308411854,0.995522779383387,0.99621125035492,0.996899721326453,
0.997588192297987,0.99827666326952,0.998965134241053,0.999653605212586,
1.00034207618412,1.00068631166989,1.00103054715565,1.00171901812719,1.00240748909872,
1.00378443104178,1.00516137298485,1.00584984395638,1.00653831492792,1.00722678589945,
1.00791525687098,1.00929219881405,1.01066914075712,1.01135761172865,1.01204608270018,
1.01342302464325,1.01479996658631,1.01617690852938,1.01755385047245,1.01893079241551,
1.02168467630165,1.02719244407391,1.03270021184618,1.03820797961844,1.04371574739071,
1.04922351516297,1.05473128293524,1.0602390507075,1.06299293459363,1.06574681847977,
1.0685007023659,1.07125458625203,1.0767623540243,1.08227012179656,1.0850240056827,
1.08777788956883,1.09328565734109),.UNSPECIFIED.);
#143=B_SPLINE_CURVE_WITH_KNOTS('',3,(#1501,#1502,#1503,#1504,#1505,#1506,
#1507,#1508),.UNSPECIFIED.,.F.,.F.,(4,1,1,1,1,4),(1.12567446363761,1.13454276762025,
1.14341107160289,1.15227937558554,1.15671352757686,1.16114767956818),
 .UNSPECIFIED.);
#144=B_SPLINE_CURVE_WITH_KNOTS('',3,(#1510,#1511,#1512,#1513,#1514,#1515,
#1516,#1517,#1518,#1519,#1520,#1521,#1522,#1523,#1524,#1525,#1526),
 .UNSPECIFIED.,.F.,.F.,(4,1,1,1,1,1,1,1,1,1,1,1,1,1,4),(0.161147679568182,
0.16352077850104,0.16470732796747,0.165893877433898,0.168266976366757,0.170640075299616,
0.175386273165332,0.180132471031048,0.184878668896766,0.187251767829623,
0.189624866762482,0.191997965695341,0.194371064628199,0.196744163561057,
0.199117262493915),.UNSPECIFIED.);
#145=EDGE_LOOP('',(#31,#32,#33,#34));
#146=EDGE_LOOP('',(#35,#36,#37,#38));
#147=EDGE_LOOP('',(#39,#40,#41,#42));
#148=EDGE_LOOP('',(#43));
#149=EDGE_LOOP('',(#44));
#150=EDGE_LOOP('',(#45,#46,#47));
#151=EDGE_LOOP('',(#48));
#152=EDGE_LOOP('',(#49,#50,#51,#52,#53));
#153=EDGE_LOOP('',(#54,#55,#56));
#154=EDGE_LOOP('',(#57));
#155=EDGE_LOOP('',(#58,#59,#60,#61,#62));
#156=EDGE_LOOP('',(#63,#64,#65,#66));
#157=EDGE_LOOP('',(#67,#68,#69,#70));
#158=EDGE_LOOP('',(#71,#72,#73,#74));
#159=EDGE_LOOP('',(#75,#76,#77,#78));
#160=EDGE_LOOP('',(#79,#80,#81,#82));
#161=FACE_BOUND('',#145,.T.);
#162=FACE_BOUND('',#146,.T.);
#163=FACE_BOUND('',#147,.T.);
#164=FACE_BOUND('',#148,.T.);
#165=FACE_BOUND('',#149,.T.);
#166=FACE_BOUND('',#150,.T.);
#167=FACE_BOUND('',#151,.T.);
#168=FACE_BOUND('',#152,.T.);
#169=FACE_BOUND('',#153,.T.);
#170=FACE_BOUND('',#154,.T.);
#171=FACE_BOUND('',#155,.T.);
#172=FACE_BOUND('',#156,.T.);
#173=FACE_BOUND('',#157,.T.);
#174=FACE_BOUND('',#158,.T.);
#175=FACE_BOUND('',#159,.T.);
#176=FACE_BOUND('',#160,.T.);
#177=B_SPLINE_SURFACE_WITH_KNOTS('',3,1,((#231,#232),(#233,#234),(#235,
#236),(#237,#238),(#239,#240),(#241,#242),(#243,#244),(#245,#246),(#247,
#248),(#249,#250),(#251,#252),(#253,#254),(#255,#256),(#257,#258),(#259,
#260),(#261,#262),(#263,#264),(#265,#266),(#267,#268),(#269,#270),(#271,
#272),(#273,#274),(#275,#276),(#277,#278),(#279,#280),(#281,#282),(#283,
#284),(#285,#286),(#287,#288),(#289,#290),(#291,#292),(#293,#294),(#295,
#296),(#297,#298),(#299,#300),(#301,#302),(#303,#304),(#305,#306),(#307,
#308)),.SURF_OF_LINEAR_EXTRUSION.,.F.,.F.,.F.,(4,1,1,1,1,1,1,1,1,1,1,1,
1,1,1,1,1,1,1,1,1,1,1,1,1,1,1,1,1,1,1,1,1,1,1,1,4),(2,2),(0.161147679568182,
0.169396198005127,0.177644716442073,0.185893234879018,0.194141753315964,
0.202390271752909,0.210638790189855,0.2188873086268,0.227135827063746,0.235384345500691,
0.243632863937637,0.260129900811528,0.268378419248473,0.276626937685419,
0.284875456122364,0.29312397455931,0.301372492996255,0.309621011433201,
0.313745270651674,0.317869529870146,0.321993789088619,0.326118048307092,
0.330242307525565,0.334366566744037,0.33849082596251,0.342615085180983,
0.346739344399456,0.350863603617928,0.359112122054874,0.367360640491819,
0.375609158928765,0.38385767736571,0.392106195802656,0.400354714239601,
0.408603232676547,0.416851751113492,0.425100269550438),(0.,1.),
 .UNSPECIFIED.);
#178=B_SPLINE_SURFACE_WITH_KNOTS('',3,1,((#441,#442),(#443,#444),(#445,
#446),(#447,#448),(#449,#450),(#451,#452),(#453,#454),(#455,#456),(#457,
#458),(#459,#460),(#461,#462),(#463,#464),(#465,#466),(#467,#468),(#469,
#470),(#471,#472),(#473,#474),(#475,#476),(#477,#478),(#479,#480),(#481,
#482),(#483,#484),(#485,#486),(#487,#488),(#489,#490),(#491,#492),(#493,
#494),(#495,#496),(#497,#498),(#499,#500),(#501,#502),(#503,#504),(#505,
#506),(#507,#508),(#509,#510),(#511,#512),(#513,#514),(#515,#516),(#517,
#518),(#519,#520),(#521,#522),(#523,#524)),.SURF_OF_LINEAR_EXTRUSION.,.F.,
 .F.,.F.,(4,1,1,1,1,1,1,1,1,1,1,1,1,1,1,1,1,1,1,1,1,1,1,1,1,1,1,1,1,1,1,
1,1,1,1,1,1,1,1,4),(2,2),(0.449046233780758,0.45572712333059,0.462408012880423,
0.469088902430256,0.475769791980089,0.482450681529922,0.489131571079754,
0.50249335017942,0.509174239729253,0.515855129279086,0.522536018828919,
0.529216908378751,0.542578687478417,0.54925957702825,0.555940466578083,
0.569302245677748,0.582664024777414,0.59602580387708,0.609387582976745,
0.636111141176076,0.662834699375408,0.689558257574739,0.702920036674405,
0.71628181577407,0.729643594873736,0.743005373973401,0.756367153073067,
0.769728932172733,0.783090711272399,0.796452490372064,0.80981426947173,
0.816495159021563,0.823176048571395,0.836537827671061,0.843218717220894,
0.849899606770727,0.85658049632056,0.863261385870392,0.869942275420225,
0.876623164970058),(0.,1.),.UNSPECIFIED.);
#179=B_SPLINE_SURFACE_WITH_KNOTS('',3,1,((#696,#697),(#698,#699),(#700,
#701),(#702,#703),(#704,#705),(#706,#707),(#708,#709),(#710,#711),(#712,
#713),(#714,#715),(#716,#717),(#718,#719),(#720,#721),(#722,#723),(#724,
#725),(#726,#727),(#728,#729),(#730,#731),(#732,#733),(#734,#735),(#736,
#737),(#738,#739),(#740,#741),(#742,#743),(#744,#745),(#746,#747),(#748,
#749),(#750,#751),(#752,#753),(#754,#755),(#756,#757),(#758,#759),(#760,
#761),(#762,#763),(#764,#765),(#766,#767),(#768,#769),(#770,#771),(#772,
#773),(#774,#775)),.SURF_OF_LINEAR_EXTRUSION.,.F.,.F.,.F.,(4,1,1,1,1,1,
1,1,1,1,1,1,1,1,1,1,1,1,1,1,1,1,1,1,1,1,1,1,1,1,1,1,1,1,1,1,1,4),(2,2),
(0.895665789970956,0.903962099020869,0.912258408070783,0.928851026170609,
0.937147335220523,0.945443644270436,0.953739953320349,0.962036262370263,
0.970332571420176,0.978628880470089,0.982777034995046,0.986925189520002,
0.991073344044959,0.995221498569916,0.999369653094872,1.00144373035735,
1.00351780761983,1.00766596214479,1.01181411666974,1.0159622711947,1.02011042571966,
1.02840673476957,1.03670304381948,1.0449993528694,1.05329566191931,1.06159197096922,
1.06988828001914,1.07818458906905,1.08648089811896,1.09477720716888,1.10307351621879,
1.1113698252687,1.11551797979366,1.11966613431862,1.12796244336853,1.13625875241844,
1.14455506146836,1.16114767956818),(0.,1.),.UNSPECIFIED.);
#180=B_SPLINE_SURFACE_WITH_KNOTS('',3,1,((#898,#899),(#900,#901),(#902,
#903),(#904,#905),(#906,#907),(#908,#909),(#910,#911),(#912,#913),(#914,
#915),(#916,#917),(#918,#919),(#920,#921),(#922,#923),(#924,#925),(#926,
#927),(#928,#929),(#930,#931),(#932,#933),(#934,#935),(#936,#937),(#938,
#939),(#940,#941),(#942,#943)),.SURF_OF_LINEAR_EXTRUSION.,.T.,.F.,.F.,(1,
1,1,1,1,1,1,1,1,1,1,1,1,1,1,1,1,1,1,1,1,1,1,1,1,1,1),(2,2),(-0.142751452894806,
-0.112922500394639,-0.0632937805734963,0.,0.0628825871736216,0.113658912867885,
0.165080838620648,0.213204101809943,0.270756244022869,0.329003167490469,
0.397146159678542,0.437540779338648,0.468913040468827,0.513701932184562,
0.550436272031045,0.603797181708736,0.661477996205712,0.722521104993387,
0.770810724724824,0.811707370573665,0.857248547105194,0.887077499605361,
0.936706219426504,1.,1.06288258717362,1.11365891286788,1.16508083862065),
(0.,1.),.UNSPECIFIED.);
#181=B_SPLINE_SURFACE_WITH_KNOTS('',3,1,((#1527,#1528),(#1529,#1530),(#1531,
#1532),(#1533,#1534),(#1535,#1536),(#1537,#1538),(#1539,#1540),(#1541,#1542),
(#1543,#1544),(#1545,#1546),(#1547,#1548),(#1549,#1550),(#1551,#1552),(#1553,
#1554),(#1555,#1556),(#1557,#1558),(#1559,#1560),(#1561,#1562),(#1563,#1564),
(#1565,#1566),(#1567,#1568),(#1569,#1570),(#1571,#1572),(#1573,#1574),(#1575,
#1576),(#1577,#1578),(#1579,#1580),(#1581,#1582),(#1583,#1584),(#1585,#1586),
(#1587,#1588),(#1589,#1590),(#1591,#1592),(#1593,#1594),(#1595,#1596)),
 .SURF_OF_LINEAR_EXTRUSION.,.F.,.F.,.F.,(4,1,1,1,1,1,1,1,1,1,1,1,1,1,1,
1,1,1,1,1,1,1,1,1,1,1,1,1,1,1,1,1,4),(2,2),(0.229577196260999,0.240629111797683,
0.251681027334367,0.262732942871052,0.268258900639394,0.273784858407736,
0.284836773944421,0.290362731712763,0.295888689481105,0.301414647249448,
0.30694060501779,0.312466562786132,0.315229541670303,0.317992520554474,
0.320755499438645,0.323518478322816,0.326281457206988,0.327662946649073,
0.329044436091159,0.33180741497533,0.334570393859501,0.337333372743672,
0.340096351627843,0.345622309396185,0.351148267164528,0.35667422493287,
0.362200182701212,0.367726140469554,0.373252098237897,0.384304013774581,
0.395355929311266,0.400881887079608,0.40640784484795),(0.,1.),
 .UNSPECIFIED.);
#182=B_SPLINE_SURFACE_WITH_KNOTS('',3,1,((#1599,#1600),(#1601,#1602),(#1603,
#1604),(#1605,#1606),(#1607,#1608),(#1609,#1610),(#1611,#1612),(#1613,#1614),
(#1615,#1616),(#1617,#1618),(#1619,#1620),(#1621,#1622),(#1623,#1624),(#1625,
#1626),(#1627,#1628),(#1629,#1630),(#1631,#1632),(#1633,#1634),(#1635,#1636),
(#1637,#1638),(#1639,#1640),(#1641,#1642),(#1643,#1644),(#1645,#1646),(#1647,
#1648),(#1649,#1650),(#1651,#1652),(#1653,#1654),(#1655,#1656),(#1657,#1658),
(#1659,#1660),(#1661,#1662),(#1663,#1664),(#1665,#1666),(#1667,#1668),(#1669,
#1670),(#1671,#1672),(#1673,#1674),(#1675,#1676),(#1677,#1678),(#1679,#1680),
(#1681,#1682),(#1683,#1684),(#1685,#1686),(#1687,#1688),(#1689,#1690),(#1691,
#1692),(#1693,#1694),(#1695,#1696)),.SURF_OF_LINEAR_EXTRUSION.,.F.,.F.,
 .F.,(4,1,1,1,1,1,1,1,1,1,1,1,1,1,1,1,1,1,1,1,1,1,1,1,1,1,1,1,1,1,1,1,1,
1,1,1,1,1,1,1,1,1,1,1,1,1,4),(2,2),(0.468893553806242,0.481007925517801,
0.493122297229359,0.499179483085138,0.505236668940918,0.511293854796697,
0.517351040652476,0.523408226508255,0.529465412364035,0.535522598219814,
0.541579784075593,0.547636969931372,0.553694155787152,0.559751341642931,
0.56580852749871,0.577922899210269,0.590037270921827,0.602151642633386,
0.608208828489165,0.614266014344944,0.626380386056503,0.638494757768061,
0.65060912947962,0.662723501191178,0.674837872902737,0.686952244614295,
0.699066616325854,0.711180988037412,0.717238173893191,0.723295359748971,
0.72935254560475,0.735409731460529,0.747524103172088,0.759638474883646,
0.765695660739425,0.771752846595204,0.777810032450984,0.783867218306763,
0.795981590018321,0.802038775874101,0.80809596172988,0.814153147585659,
0.820210333441438,0.826267519297218,0.832324705152997,0.844439076864556,
0.856553448576114),(0.,1.),.UNSPECIFIED.);
#183=B_SPLINE_SURFACE_WITH_KNOTS('',3,1,((#1698,#1699),(#1700,#1701),(#1702,
#1703),(#1704,#1705),(#1706,#1707),(#1708,#1709),(#1710,#1711),(#1712,#1713),
(#1714,#1715),(#1716,#1717),(#1718,#1719),(#1720,#1721),(#1722,#1723),(#1724,
#1725),(#1726,#1727),(#1728,#1729),(#1730,#1731),(#1732,#1733),(#1734,#1735),
(#1736,#1737),(#1738,#1739),(#1740,#1741),(#1742,#1743),(#1744,#1745),(#1746,
#1747),(#1748,#1749),(#1750,#1751),(#1752,#1753),(#1754,#1755),(#1756,#1757),
(#1758,#1759),(#1760,#1761),(#1762,#1763),(#1764,#1765),(#1766,#1767)),
 .SURF_OF_LINEAR_EXTRUSION.,.F.,.F.,.F.,(4,1,1,1,1,1,1,1,1,1,1,1,1,1,1,
1,1,1,1,1,1,1,1,1,1,1,1,1,1,1,1,1,4),(2,2),(0.917037088628609,0.928052624173139,
0.933560391945405,0.93906815971767,0.9500836952622,0.96109923080673,0.966606998578995,
0.972114766351261,0.977622534123526,0.983130301895791,0.988638069668056,
0.991391953554189,0.994145837440321,0.996899721326454,0.99827666326952,
0.999653605212587,1.00103054715565,1.00240748909872,1.00516137298485,1.00791525687098,
1.01066914075712,1.01342302464325,1.01617690852938,1.02168467630165,1.02719244407391,
1.03270021184618,1.03820797961844,1.04922351516297,1.0602390507075,1.06574681847977,
1.07125458625203,1.08227012179656,1.09328565734109),(0.,1.),
 .UNSPECIFIED.);
#184=B_SPLINE_SURFACE_WITH_KNOTS('',3,1,((#1769,#1770),(#1771,#1772),(#1773,
#1774),(#1775,#1776),(#1777,#1778),(#1779,#1780)),
 .SURF_OF_LINEAR_EXTRUSION.,.F.,.F.,.F.,(4,1,1,4),(2,2),(1.12567446363761,
1.13454276762025,1.14341107160289,1.16114767956818),(0.,1.),
 .UNSPECIFIED.);
#185=B_SPLINE_SURFACE_WITH_KNOTS('',3,1,((#1782,#1783),(#1784,#1785),(#1786,
#1787),(#1788,#1789),(#1790,#1791),(#1792,#1793),(#1794,#1795),(#1796,#1797),
(#1798,#1799)),.SURF_OF_LINEAR_EXTRUSION.,.F.,.F.,.F.,(4,1,1,1,1,1,4),(2,
2),(0.161147679568182,0.165893877433899,0.170640075299615,0.175386273165332,
0.180132471031049,0.189624866762482,0.199117262493915),(0.,1.),
 .UNSPECIFIED.);
#186=ADVANCED_FACE('',(#161),#177,.T.);
#187=ADVANCED_FACE('',(#162),#178,.T.);
#188=ADVANCED_FACE('',(#163),#179,.T.);
#189=ADVANCED_FACE('',(#164,#165),#180,.F.);
#190=ADVANCED_FACE('',(#166,#167),#12,.T.);
#191=ADVANCED_FACE('',(#168,#169),#13,.F.);
#192=ADVANCED_FACE('',(#170,#171),#14,.T.);
#193=ADVANCED_FACE('',(#172),#181,.F.);
#194=ADVANCED_FACE('',(#173),#182,.F.);
#195=ADVANCED_FACE('',(#174),#183,.F.);
#196=ADVANCED_FACE('',(#175),#184,.F.);
#197=ADVANCED_FACE('',(#176),#185,.F.);
#198=CLOSED_SHELL('',(#186,#187,#188,#189,#190,#191,#192,#193,#194,#195,
#196,#197));
#199=STYLED_ITEM('',(#200),#207);
#200=PRESENTATION_STYLE_ASSIGNMENT((#201));
#201=SURFACE_STYLE_USAGE(.BOTH.,#202);
#202=SURFACE_SIDE_STYLE('',(#203));
#203=SURFACE_STYLE_FILL_AREA(#204);
#204=FILL_AREA_STYLE('',(#205));
#205=FILL_AREA_STYLE_COLOUR('',#206);
#206=COLOUR_RGB('',0.615686274509804,0.811764705882353,0.929411764705882);
#207=MANIFOLD_SOLID_BREP('Part 1',#198);
#208=SHAPE_DEFINITION_REPRESENTATION(#1806,#209);
#209=SHAPE_REPRESENTATION('Part 1',(#210),#1801);
#210=AXIS2_PLACEMENT_3D('',#230,#214,#215);
#211=AXIS2_PLACEMENT_3D('',#992,#219,#220);
#212=AXIS2_PLACEMENT_3D('',#993,#221,#222);
#213=AXIS2_PLACEMENT_3D('',#1260,#223,#224);
#214=DIRECTION('',(0.,0.,1.));
#215=DIRECTION('',(1.,0.,0.));
#216=DIRECTION('',(0.,0.,-1.));
#217=DIRECTION('',(0.,0.,-1.));
#218=DIRECTION('',(0.,0.,-1.));
#219=DIRECTION('',(0.,0.,1.));
#220=DIRECTION('',(1.,0.,0.));
#221=DIRECTION('',(0.,0.,-1.));
#222=DIRECTION('',(-1.,0.,0.));
#223=DIRECTION('',(0.,0.,-1.));
#224=DIRECTION('',(-1.,0.,0.));
#225=DIRECTION('',(0.,0.,1.));
#226=DIRECTION('',(0.,0.,1.));
#227=DIRECTION('',(0.,0.,1.));
#228=DIRECTION('',(0.,0.,1.));
#229=DIRECTION('',(0.,0.,1.));
#230=CARTESIAN_POINT('',(0.,0.,0.));
#231=CARTESIAN_POINT('',(-0.00116221407546482,0.0214067271941477,0.0127));
#232=CARTESIAN_POINT('',(-0.00116221407546482,0.0214067271941477,1.04083408558608E-17));
#233=CARTESIAN_POINT('',(-0.000309579375999237,0.0214552919054953,0.0127));
#234=CARTESIAN_POINT('',(-0.000309579375999237,0.0214552919054953,1.04083408558608E-17));
#235=CARTESIAN_POINT('',(0.00144998854876137,0.0213791272006513,0.0127));
#236=CARTESIAN_POINT('',(0.00144998854876137,0.0213791272006513,1.04083408558608E-17));
#237=CARTESIAN_POINT('',(0.00380409729673718,0.020835046840968,0.0127));
#238=CARTESIAN_POINT('',(0.00380409729673718,0.020835046840968,1.04083408558608E-17));
#239=CARTESIAN_POINT('',(0.00592913687035478,0.0201371728919157,0.0127));
#240=CARTESIAN_POINT('',(0.00592913687035478,0.0201371728919157,1.21430643318376E-17));
#241=CARTESIAN_POINT('',(0.00781268297118756,0.0194792674948176,0.0127));
#242=CARTESIAN_POINT('',(0.00781268297118756,0.0194792674948176,1.38777878078145E-17));
#243=CARTESIAN_POINT('',(0.00942490570935271,0.0190411348240891,0.0127));
#244=CARTESIAN_POINT('',(0.00942490570935271,0.0190411348240891,5.20417042793042E-18));
#245=CARTESIAN_POINT('',(0.0106549343608123,0.0189487050727146,0.0127));
#246=CARTESIAN_POINT('',(0.0106549343608123,0.0189487050727146,1.04083408558608E-17));
#247=CARTESIAN_POINT('',(0.0115316161847919,0.0191533556761052,0.0127));
#248=CARTESIAN_POINT('',(0.0115316161847919,0.0191533556761052,1.38777878078145E-17));
#249=CARTESIAN_POINT('',(0.0126920747234506,0.0197987946063739,0.0127));
#250=CARTESIAN_POINT('',(0.0126920747234506,0.0197987946063739,1.04083408558608E-17));
#251=CARTESIAN_POINT('',(0.0140426252831194,0.0209508367647861,0.0127));
#252=CARTESIAN_POINT('',(0.0140426252831194,0.0209508367647861,1.21430643318376E-17));
#253=CARTESIAN_POINT('',(0.0160756267547742,0.023055985136919,0.0127));
#254=CARTESIAN_POINT('',(0.0160756267547742,0.023055985136919,1.21430643318376E-17));
#255=CARTESIAN_POINT('',(0.0184706407350721,0.0258014834669887,0.0127));
#256=CARTESIAN_POINT('',(0.0184706407350721,0.0258014834669887,8.67361737988404E-18));
#257=CARTESIAN_POINT('',(0.0214129882330023,0.0287716271306554,0.0127));
#258=CARTESIAN_POINT('',(0.0214129882330023,0.0287716271306554,1.04083408558608E-17));
#259=CARTESIAN_POINT('',(0.0239680427621725,0.031002856807599,0.0127));
#260=CARTESIAN_POINT('',(0.0239680427621725,0.031002856807599,8.67361737988404E-18));
#261=CARTESIAN_POINT('',(0.0267150171030123,0.0330841467335175,0.0127));
#262=CARTESIAN_POINT('',(0.0267150171030123,0.0330841467335175,8.67361737988404E-18));
#263=CARTESIAN_POINT('',(0.0295129766453903,0.0349299561087578,0.0127));
#264=CARTESIAN_POINT('',(0.0295129766453903,0.0349299561087578,1.04083408558608E-17));
#265=CARTESIAN_POINT('',(0.0322289263498823,0.0364354120776319,0.0127));
#266=CARTESIAN_POINT('',(0.0322289263498823,0.0364354120776319,8.67361737988404E-18));
#267=CARTESIAN_POINT('',(0.0343328654744153,0.0373254627337526,0.0127));
#268=CARTESIAN_POINT('',(0.0343328654744153,0.0373254627337526,1.21430643318376E-17));
#269=CARTESIAN_POINT('',(0.0359246350209068,0.0377609456811516,0.0127));
#270=CARTESIAN_POINT('',(0.0359246350209068,0.0377609456811516,6.93889390390723E-18));
#271=CARTESIAN_POINT('',(0.0371087482204321,0.0379182924909502,0.0127));
#272=CARTESIAN_POINT('',(0.0371087482204321,0.0379182924909502,8.67361737988404E-18));
#273=CARTESIAN_POINT('',(0.0383497070236414,0.0378339277273959,0.0127));
#274=CARTESIAN_POINT('',(0.0383497070236414,0.0378339277273959,1.04083408558608E-17));
#275=CARTESIAN_POINT('',(0.0397301714387953,0.0372501580550519,0.0127));
#276=CARTESIAN_POINT('',(0.0397301714387953,0.0372501580550519,8.67361737988404E-18));
#277=CARTESIAN_POINT('',(0.0407363591080257,0.0358926331664758,0.0127));
#278=CARTESIAN_POINT('',(0.0407363591080257,0.0358926331664758,1.04083408558608E-17));
#279=CARTESIAN_POINT('',(0.0409705400670153,0.0345505162425976,0.0127));
#280=CARTESIAN_POINT('',(0.0409705400670153,0.0345505162425976,8.67361737988404E-18));
#281=CARTESIAN_POINT('',(0.0409025729194803,0.033326393080464,0.0127));
#282=CARTESIAN_POINT('',(0.0409025729194803,0.033326393080464,1.21430643318376E-17));
#283=CARTESIAN_POINT('',(0.0406379403546852,0.0320892151843482,0.0127));
#284=CARTESIAN_POINT('',(0.0406379403546852,0.0320892151843482,6.93889390390723E-18));
#285=CARTESIAN_POINT('',(0.0402217384275786,0.0307990261669308,0.0127));
#286=CARTESIAN_POINT('',(0.0402217384275786,0.0307990261669308,1.56125112837913E-17));
#287=CARTESIAN_POINT('',(0.0394879991868452,0.0289888716072913,0.0127));
#288=CARTESIAN_POINT('',(0.0394879991868452,0.0289888716072913,1.04083408558608E-17));
#289=CARTESIAN_POINT('',(0.0382717705539323,0.0265662213519885,0.0127));
#290=CARTESIAN_POINT('',(0.0382717705539323,0.0265662213519885,8.67361737988404E-18));
#291=CARTESIAN_POINT('',(0.0364378823630585,0.0235152581676789,0.0127));
#292=CARTESIAN_POINT('',(0.0364378823630585,0.0235152581676789,1.04083408558608E-17));
#293=CARTESIAN_POINT('',(0.0343357698467276,0.0204740726235089,0.0127));
#294=CARTESIAN_POINT('',(0.0343357698467276,0.0204740726235089,1.21430643318376E-17));
#295=CARTESIAN_POINT('',(0.0320668503254925,0.0176042877843506,0.0127));
#296=CARTESIAN_POINT('',(0.0320668503254925,0.0176042877843506,6.93889390390723E-18));
#297=CARTESIAN_POINT('',(0.0297387085264729,0.0150674039674267,0.0127));
#298=CARTESIAN_POINT('',(0.0297387085264729,0.0150674039674267,1.04083408558608E-17));
#299=CARTESIAN_POINT('',(0.0273841573295637,0.0130186997150607,0.0127));
#300=CARTESIAN_POINT('',(0.0273841573295637,0.0130186997150607,1.21430643318376E-17));
#301=CARTESIAN_POINT('',(0.0252262261125618,0.01163103612221,0.0127));
#302=CARTESIAN_POINT('',(0.0252262261125618,0.01163103612221,8.67361737988404E-18));
#303=CARTESIAN_POINT('',(0.0234399074423551,0.0107040408190995,0.0127));
#304=CARTESIAN_POINT('',(0.0234399074423551,0.0107040408190995,1.56125112837913E-17));
#305=CARTESIAN_POINT('',(0.0226308408553297,0.0102892766311538,0.0127));
#306=CARTESIAN_POINT('',(0.0226308408553297,0.0102892766311538,1.04083408558608E-17));
#307=CARTESIAN_POINT('',(0.0223777281985407,0.0101365407143846,0.0127));
#308=CARTESIAN_POINT('',(0.0223777281985407,0.0101365407143846,1.04083408558608E-17));
#309=CARTESIAN_POINT('',(-0.00116221407546482,0.0214067271941477,0.));
#310=CARTESIAN_POINT('',(-0.000949055400598409,0.0214188683719846,0.));
#311=CARTESIAN_POINT('',(-0.00052092969740715,0.0214341522933718,0.));
#312=CARTESIAN_POINT('',(0.000131319466381606,0.0214258595454922,0.));
#313=CARTESIAN_POINT('',(0.000776365651209166,0.0213834161559758,0.));
#314=CARTESIAN_POINT('',(0.00161444206364781,0.0212877944770692,0.));
#315=CARTESIAN_POINT('',(0.00262491355463154,0.021105093680225,0.));
#316=CARTESIAN_POINT('',(0.00415952328134428,0.0207198738664884,0.));
#317=CARTESIAN_POINT('',(0.00592850920990556,0.0201368854415766,0.));
#318=CARTESIAN_POINT('',(0.00781356481408979,0.0194789925856708,0.));
#319=CARTESIAN_POINT('',(0.00915393246750907,0.0191152670234578,0.));
#320=CARTESIAN_POINT('',(0.0100438286803711,0.018992976772586,0.));
#321=CARTESIAN_POINT('',(0.0105170922476274,0.0189867266648283,0.));
#322=CARTESIAN_POINT('',(0.0108485978868933,0.0190199520443183,0.));
#323=CARTESIAN_POINT('',(0.0111589236527539,0.0190781010087539,0.));
#324=CARTESIAN_POINT('',(0.0115705810044862,0.0192086326582666,0.));
#325=CARTESIAN_POINT('',(0.0121145576230782,0.0194743970715917,0.));
#326=CARTESIAN_POINT('',(0.0129155936726161,0.019991765776684,0.));
#327=CARTESIAN_POINT('',(0.0140432197353487,0.0209505498178532,0.));
#328=CARTESIAN_POINT('',(0.0155670048413244,0.0225296314695413,0.));
#329=CARTESIAN_POINT('',(0.0172740254748381,0.0244292875462649,0.));
#330=CARTESIAN_POINT('',(0.019205966556812,0.0265443063463495,0.));
#331=CARTESIAN_POINT('',(0.0210452783545167,0.028398989418198,0.));
#332=CARTESIAN_POINT('',(0.0226904173023757,0.0298896501345368,0.));
#333=CARTESIAN_POINT('',(0.0244259285284075,0.0313483460537671,0.));
#334=CARTESIAN_POINT('',(0.0267149976942153,0.033084637579834,0.));
#335=CARTESIAN_POINT('',(0.0290466515719566,0.0346222410820864,0.));
#336=CARTESIAN_POINT('',(0.0308709526488629,0.0356827301593679,0.));
#337=CARTESIAN_POINT('',(0.0322046610663059,0.0363808170107125,0.));
#338=CARTESIAN_POINT('',(0.0334927384301549,0.0369690790820444,0.));
#339=CARTESIAN_POINT('',(0.0347303820927198,0.0374345380125602,0.));
#340=CARTESIAN_POINT('',(0.0359248894886274,0.0377604909025804,0.));
#341=CARTESIAN_POINT('',(0.0369109450129943,0.0378933377031612,0.));
#342=CARTESIAN_POINT('',(0.0377299885420231,0.0378739156399679,0.));
#343=CARTESIAN_POINT('',(0.0383691379752183,0.0377714334748272,0.));
#344=CARTESIAN_POINT('',(0.0390312073108968,0.0375445119163088,0.));
#345=CARTESIAN_POINT('',(0.0396828399778263,0.0371503423233596,0.));
#346=CARTESIAN_POINT('',(0.0401506272168429,0.0366761503075035,0.));
#347=CARTESIAN_POINT('',(0.040443498740184,0.0362359558539103,0.));
#348=CARTESIAN_POINT('',(0.0406722630612315,0.0357813995876142,0.));
#349=CARTESIAN_POINT('',(0.0408475085927806,0.0352156418508038,0.));
#350=CARTESIAN_POINT('',(0.0409341745221568,0.0345663181061135,0.));
#351=CARTESIAN_POINT('',(0.0409368856141595,0.0339401769420724,0.));
#352=CARTESIAN_POINT('',(0.0408582774661499,0.0331192035192203,0.));
#353=CARTESIAN_POINT('',(0.0406380049829075,0.0320895429886609,0.));
#354=CARTESIAN_POINT('',(0.040221720871371,0.0307989724048114,0.));
#355=CARTESIAN_POINT('',(0.0396714395936366,0.0294412974913664,0.));
#356=CARTESIAN_POINT('',(0.0390015029034555,0.0280203162906283,0.));
#357=CARTESIAN_POINT('',(0.0379661129225925,0.0260574360937879,0.));
#358=CARTESIAN_POINT('',(0.0364379929099295,0.0235153567877301,0.));
#359=CARTESIAN_POINT('',(0.0343353612880509,0.0204740475402929,0.));
#360=CARTESIAN_POINT('',(0.0324462052257818,0.0180825825043515,0.));
#361=CARTESIAN_POINT('',(0.0309006981735681,0.0163358558482779,0.));
#362=CARTESIAN_POINT('',(0.0297341701454806,0.0151285137551058,0.));
#363=CARTESIAN_POINT('',(0.0287627475287951,0.0142236627095322,0.));
#364=CARTESIAN_POINT('',(0.0279858967426444,0.0135694971854495,0.));
#365=CARTESIAN_POINT('',(0.0272244217436921,0.0129732422855577,0.));
#366=CARTESIAN_POINT('',(0.0263046304867731,0.0123264308774315,0.));
#367=CARTESIAN_POINT('',(0.0249289096505723,0.0114758528048884,0.));
#368=CARTESIAN_POINT('',(0.0237370489432327,0.0108570769020555,0.));
#369=CARTESIAN_POINT('',(0.0228340186585992,0.0103956991880753,0.));
#370=CARTESIAN_POINT('',(0.0225042845269352,0.0102129086727692,0.));
#371=CARTESIAN_POINT('',(0.0223777281985407,0.0101365407143846,0.));
#372=CARTESIAN_POINT('',(-0.00116221407546481,0.0214067271941477,0.));
#373=CARTESIAN_POINT('',(0.0223777281985407,0.0101365407143846,0.));
#374=CARTESIAN_POINT('',(-0.00116221407546481,0.0214067271941477,0.0127));
#375=CARTESIAN_POINT('',(-0.00116221407546481,0.0214067271941477,0.0127));
#376=CARTESIAN_POINT('',(-0.00116221407546482,0.0214067271941477,0.0127));
#377=CARTESIAN_POINT('',(-0.000949055400598409,0.0214188683719846,0.0127));
#378=CARTESIAN_POINT('',(-0.00052092969740715,0.0214341522933718,0.0127));
#379=CARTESIAN_POINT('',(0.000131319466381606,0.0214258595454922,0.0127));
#380=CARTESIAN_POINT('',(0.000776365651209166,0.0213834161559758,0.0127));
#381=CARTESIAN_POINT('',(0.00161444206364781,0.0212877944770692,0.0127));
#382=CARTESIAN_POINT('',(0.00262491355463154,0.021105093680225,0.0127));
#383=CARTESIAN_POINT('',(0.00415952328134428,0.0207198738664884,0.0127));
#384=CARTESIAN_POINT('',(0.00592850920990556,0.0201368854415766,0.0127));
#385=CARTESIAN_POINT('',(0.00781356481408979,0.0194789925856708,0.0127));
#386=CARTESIAN_POINT('',(0.00915393246750907,0.0191152670234578,0.0127));
#387=CARTESIAN_POINT('',(0.0100438286803711,0.018992976772586,0.0127));
#388=CARTESIAN_POINT('',(0.0105170922476274,0.0189867266648283,0.0127));
#389=CARTESIAN_POINT('',(0.0108485978868933,0.0190199520443183,0.0127));
#390=CARTESIAN_POINT('',(0.0111589236527539,0.0190781010087539,0.0127));
#391=CARTESIAN_POINT('',(0.0115705810044862,0.0192086326582666,0.0127));
#392=CARTESIAN_POINT('',(0.0121145576230782,0.0194743970715917,0.0127));
#393=CARTESIAN_POINT('',(0.0129155936726161,0.019991765776684,0.0127));
#394=CARTESIAN_POINT('',(0.0140432197353487,0.0209505498178532,0.0127));
#395=CARTESIAN_POINT('',(0.0155670048413244,0.0225296314695413,0.0127));
#396=CARTESIAN_POINT('',(0.0172740254748381,0.0244292875462649,0.0127));
#397=CARTESIAN_POINT('',(0.019205966556812,0.0265443063463495,0.0127));
#398=CARTESIAN_POINT('',(0.0210452783545167,0.028398989418198,0.0127));
#399=CARTESIAN_POINT('',(0.0226904173023757,0.0298896501345368,0.0127));
#400=CARTESIAN_POINT('',(0.0244259285284075,0.0313483460537671,0.0127));
#401=CARTESIAN_POINT('',(0.0267149976942153,0.033084637579834,0.0127));
#402=CARTESIAN_POINT('',(0.0290466515719566,0.0346222410820864,0.0127));
#403=CARTESIAN_POINT('',(0.0308709526488629,0.0356827301593679,0.0127));
#404=CARTESIAN_POINT('',(0.0322046610663059,0.0363808170107125,0.0127));
#405=CARTESIAN_POINT('',(0.0334927384301549,0.0369690790820444,0.0127));
#406=CARTESIAN_POINT('',(0.0347303820927198,0.0374345380125602,0.0127));
#407=CARTESIAN_POINT('',(0.0359248894886274,0.0377604909025804,0.0127));
#408=CARTESIAN_POINT('',(0.0369109450129943,0.0378933377031612,0.0127));
#409=CARTESIAN_POINT('',(0.0377299885420231,0.0378739156399679,0.0127));
#410=CARTESIAN_POINT('',(0.0383691379752183,0.0377714334748272,0.0127));
#411=CARTESIAN_POINT('',(0.0390312073108968,0.0375445119163088,0.0127));
#412=CARTESIAN_POINT('',(0.0396828399778263,0.0371503423233596,0.0127));
#413=CARTESIAN_POINT('',(0.0401506272168429,0.0366761503075035,0.0127));
#414=CARTESIAN_POINT('',(0.040443498740184,0.0362359558539103,0.0127));
#415=CARTESIAN_POINT('',(0.0406722630612315,0.0357813995876142,0.0127));
#416=CARTESIAN_POINT('',(0.0408475085927806,0.0352156418508038,0.0127));
#417=CARTESIAN_POINT('',(0.0409341745221568,0.0345663181061135,0.0127));
#418=CARTESIAN_POINT('',(0.0409368856141595,0.0339401769420724,0.0127));
#419=CARTESIAN_POINT('',(0.0408582774661499,0.0331192035192203,0.0127));
#420=CARTESIAN_POINT('',(0.0406380049829075,0.0320895429886609,0.0127));
#421=CARTESIAN_POINT('',(0.040221720871371,0.0307989724048114,0.0127));
#422=CARTESIAN_POINT('',(0.0396714395936366,0.0294412974913664,0.0127));
#423=CARTESIAN_POINT('',(0.0390015029034555,0.0280203162906283,0.0127));
#424=CARTESIAN_POINT('',(0.0379661129225925,0.0260574360937879,0.0127));
#425=CARTESIAN_POINT('',(0.0364379929099295,0.0235153567877301,0.0127));
#426=CARTESIAN_POINT('',(0.0343353612880509,0.0204740475402929,0.0127));
#427=CARTESIAN_POINT('',(0.0324462052257818,0.0180825825043515,0.0127));
#428=CARTESIAN_POINT('',(0.0309006981735681,0.0163358558482779,0.0127));
#429=CARTESIAN_POINT('',(0.0297341701454806,0.0151285137551058,0.0127));
#430=CARTESIAN_POINT('',(0.0287627475287951,0.0142236627095322,0.0127));
#431=CARTESIAN_POINT('',(0.0279858967426444,0.0135694971854495,0.0127));
#432=CARTESIAN_POINT('',(0.0272244217436921,0.0129732422855577,0.0127));
#433=CARTESIAN_POINT('',(0.0263046304867731,0.0123264308774315,0.0127));
#434=CARTESIAN_POINT('',(0.0249289096505723,0.0114758528048884,0.0127));
#435=CARTESIAN_POINT('',(0.0237370489432327,0.0108570769020555,0.0127));
#436=CARTESIAN_POINT('',(0.0228340186585992,0.0103956991880753,0.0127));
#437=CARTESIAN_POINT('',(0.0225042845269352,0.0102129086727692,0.0127));
#438=CARTESIAN_POINT('',(0.0223777281985407,0.0101365407143846,0.0127));
#439=CARTESIAN_POINT('',(0.0223777281985407,0.0101365407143846,0.0127));
#440=CARTESIAN_POINT('',(0.0223777281985407,0.0101365407143846,0.0127));
#441=CARTESIAN_POINT('',(0.0223777281985407,0.0101365407143846,0.0127));
#442=CARTESIAN_POINT('',(0.0223777281985407,0.0101365407143846,6.93889390390723E-18));
#443=CARTESIAN_POINT('',(0.0224489690682665,0.00992068841092877,0.0127));
#444=CARTESIAN_POINT('',(0.0224489690682665,0.00992068841092877,6.93889390390723E-18));
#445=CARTESIAN_POINT('',(0.022683046281851,0.0093266333125558,0.0127));
#446=CARTESIAN_POINT('',(0.022683046281851,0.0093266333125558,8.67361737988404E-18));
#447=CARTESIAN_POINT('',(0.0231759890853987,0.00812536016233835,0.0127));
#448=CARTESIAN_POINT('',(0.0231759890853987,0.00812536016233835,6.93889390390723E-18));
#449=CARTESIAN_POINT('',(0.0236606508102991,0.00660249737905718,0.0127));
#450=CARTESIAN_POINT('',(0.0236606508102991,0.00660249737905718,8.67361737988404E-18));
#451=CARTESIAN_POINT('',(0.0239282182205942,0.00493836804506776,0.0127));
#452=CARTESIAN_POINT('',(0.0239282182205942,0.00493836804506776,6.93889390390723E-18));
#453=CARTESIAN_POINT('',(0.0240345472447018,0.00329814870738097,0.0127));
#454=CARTESIAN_POINT('',(0.0240345472447018,0.00329814870738097,1.04083408558608E-17));
#455=CARTESIAN_POINT('',(0.0240556823476924,0.001121816132324,0.0127));
#456=CARTESIAN_POINT('',(0.0240556823476924,0.001121816132324,8.67361737988404E-18));
#457=CARTESIAN_POINT('',(0.0239995163841037,-0.000955232790073368,0.0127));
#458=CARTESIAN_POINT('',(0.0239995163841037,-0.000955232790073368,1.04083408558608E-17));
#459=CARTESIAN_POINT('',(0.0240450023097022,-0.00277766535031326,0.0127));
#460=CARTESIAN_POINT('',(0.0240450023097022,-0.00277766535031326,3.46944695195361E-18));
#461=CARTESIAN_POINT('',(0.0241597675060876,-0.00390368484449551,0.0127));
#462=CARTESIAN_POINT('',(0.0241597675060876,-0.00390368484449551,8.67361737988404E-18));
#463=CARTESIAN_POINT('',(0.0243786652423019,-0.00497145392531173,0.0127));
#464=CARTESIAN_POINT('',(0.0243786652423019,-0.00497145392531173,6.93889390390723E-18));
#465=CARTESIAN_POINT('',(0.0247522925891766,-0.00646810502436789,0.0127));
#466=CARTESIAN_POINT('',(0.0247522925891766,-0.00646810502436789,8.67361737988404E-18));
#467=CARTESIAN_POINT('',(0.0251453391396388,-0.00820535963194174,0.0127));
#468=CARTESIAN_POINT('',(0.0251453391396388,-0.00820535963194174,1.73472347597681E-18));
#469=CARTESIAN_POINT('',(0.0251537423685448,-0.0103198946885631,0.0127));
#470=CARTESIAN_POINT('',(0.0251537423685448,-0.0103198946885631,1.38777878078145E-17));
#471=CARTESIAN_POINT('',(0.0247734289256839,-0.0125954658290473,0.0127));
#472=CARTESIAN_POINT('',(0.0247734289256839,-0.0125954658290473,1.73472347597681E-18));
#473=CARTESIAN_POINT('',(0.0237003597102332,-0.0155157841868386,0.0127));
#474=CARTESIAN_POINT('',(0.0237003597102332,-0.0155157841868386,1.04083408558608E-17));
#475=CARTESIAN_POINT('',(0.0216436070316488,-0.0190743775211216,0.0127));
#476=CARTESIAN_POINT('',(0.0216436070316488,-0.0190743775211216,5.20417042793042E-18));
#477=CARTESIAN_POINT('',(0.0189434352150642,-0.0224169461611967,0.0127));
#478=CARTESIAN_POINT('',(0.0189434352150642,-0.0224169461611967,1.04083408558608E-17));
#479=CARTESIAN_POINT('',(0.0145887532964237,-0.0261765727242218,0.0127));
#480=CARTESIAN_POINT('',(0.0145887532964237,-0.0261765727242218,8.67361737988404E-18));
#481=CARTESIAN_POINT('',(0.00819233379385934,-0.0289017992062572,0.0127));
#482=CARTESIAN_POINT('',(0.00819233379385934,-0.0289017992062572,5.20417042793042E-18));
#483=CARTESIAN_POINT('',(-0.000326549054942339,-0.0297554741398682,0.0127));
#484=CARTESIAN_POINT('',(-0.000326549054942339,-0.0297554741398682,8.67361737988404E-18));
#485=CARTESIAN_POINT('',(-0.00793472976520793,-0.0290173427293394,0.0127));
#486=CARTESIAN_POINT('',(-0.00793472976520793,-0.0290173427293394,5.20417042793042E-18));
#487=CARTESIAN_POINT('',(-0.0136438630396748,-0.0273663028339622,0.0127));
#488=CARTESIAN_POINT('',(-0.0136438630396748,-0.0273663028339622,8.67361737988404E-18));
#489=CARTESIAN_POINT('',(-0.0175541270198456,-0.0255418674054862,0.0127));
#490=CARTESIAN_POINT('',(-0.0175541270198456,-0.0255418674054862,3.46944695195361E-18));
#491=CARTESIAN_POINT('',(-0.0208813930010039,-0.022979344118765,0.0127));
#492=CARTESIAN_POINT('',(-0.0208813930010039,-0.022979344118765,1.04083408558608E-17));
#493=CARTESIAN_POINT('',(-0.0233347971943402,-0.019906088556323,0.0127));
#494=CARTESIAN_POINT('',(-0.0233347971943402,-0.019906088556323,3.46944695195361E-18));
#495=CARTESIAN_POINT('',(-0.0249890268600686,-0.0166060036963009,0.0127));
#496=CARTESIAN_POINT('',(-0.0249890268600686,-0.0166060036963009,5.20417042793042E-18));
#497=CARTESIAN_POINT('',(-0.0258762404853294,-0.0132634895594749,0.0127));
#498=CARTESIAN_POINT('',(-0.0258762404853294,-0.0132634895594749,3.46944695195361E-18));
#499=CARTESIAN_POINT('',(-0.0259629358145427,-0.0101555225821624,0.0127));
#500=CARTESIAN_POINT('',(-0.0259629358145427,-0.0101555225821624,6.93889390390723E-18));
#501=CARTESIAN_POINT('',(-0.0256323219322965,-0.00741128135898805,0.0127));
#502=CARTESIAN_POINT('',(-0.0256323219322965,-0.00741128135898805,5.20417042793042E-18));
#503=CARTESIAN_POINT('',(-0.0253544385848451,-0.00523643973607932,0.0127));
#504=CARTESIAN_POINT('',(-0.0253544385848451,-0.00523643973607932,1.04083408558608E-17));
#505=CARTESIAN_POINT('',(-0.0252761393769083,-0.00338878992865545,0.0127));
#506=CARTESIAN_POINT('',(-0.0252761393769083,-0.00338878992865545,5.20417042793042E-18));
#507=CARTESIAN_POINT('',(-0.0252692640247816,-0.00133627498730519,0.0127));
#508=CARTESIAN_POINT('',(-0.0252692640247816,-0.00133627498730519,1.04083408558608E-17));
#509=CARTESIAN_POINT('',(-0.0252965891893086,0.000857643730468533,0.0127));
#510=CARTESIAN_POINT('',(-0.0252965891893086,0.000857643730468533,6.93889390390723E-18));
#511=CARTESIAN_POINT('',(-0.0251954091386165,0.00306100185581843,0.0127));
#512=CARTESIAN_POINT('',(-0.0251954091386165,0.00306100185581843,1.21430643318376E-17));
#513=CARTESIAN_POINT('',(-0.0250063013530799,0.00468386683121188,0.0127));
#514=CARTESIAN_POINT('',(-0.0250063013530799,0.00468386683121188,3.46944695195361E-18));
#515=CARTESIAN_POINT('',(-0.0246339538862959,0.0062955184149939,0.0127));
#516=CARTESIAN_POINT('',(-0.0246339538862959,0.0062955184149939,8.67361737988404E-18));
#517=CARTESIAN_POINT('',(-0.0240074166895739,0.00774506888642313,0.0127));
#518=CARTESIAN_POINT('',(-0.0240074166895739,0.00774506888642313,5.20417042793042E-18));
#519=CARTESIAN_POINT('',(-0.0234123917043868,0.00880472627481401,0.0127));
#520=CARTESIAN_POINT('',(-0.0234123917043868,0.00880472627481401,1.04083408558608E-17));
#521=CARTESIAN_POINT('',(-0.0231628931604435,0.00929094663335515,0.0127));
#522=CARTESIAN_POINT('',(-0.0231628931604435,0.00929094663335515,6.93889390390723E-18));
#523=CARTESIAN_POINT('',(-0.0230975389903484,0.00944661792641617,0.0127));
#524=CARTESIAN_POINT('',(-0.0230975389903484,0.00944661792641617,6.93889390390723E-18));
#525=CARTESIAN_POINT('',(0.0223777281985407,0.0101365407143846,0.));
#526=CARTESIAN_POINT('',(0.0224489690682665,0.00992068841092875,0.));
#527=CARTESIAN_POINT('',(0.0226241928699122,0.0094765378169147,0.));
#528=CARTESIAN_POINT('',(0.0229300745311962,0.00872367885450414,0.));
#529=CARTESIAN_POINT('',(0.0231752601598642,0.00808375556399912,0.));
#530=CARTESIAN_POINT('',(0.0233763252458874,0.0074905177860547,0.));
#531=CARTESIAN_POINT('',(0.0235243546448035,0.0069817121294332,0.));
#532=CARTESIAN_POINT('',(0.0236268250203206,0.00658010627252109,0.));
#533=CARTESIAN_POINT('',(0.0237151558211038,0.00617158050411709,0.));
#534=CARTESIAN_POINT('',(0.0238143627687607,0.00562678912773706,0.));
#535=CARTESIAN_POINT('',(0.0239078724717518,0.0049425787069698,0.));
#536=CARTESIAN_POINT('',(0.0239809202222082,0.00412017222693916,0.));
#537=CARTESIAN_POINT('',(0.0240374363877864,0.00302500106934904,0.));
#538=CARTESIAN_POINT('',(0.0240504858272468,0.00166628461786154,0.));
#539=CARTESIAN_POINT('',(0.0240269710894974,8.31546517660143E-5,0.));
#540=CARTESIAN_POINT('',(0.0240137928856661,-0.00116327508467008,0.));
#541=CARTESIAN_POINT('',(0.0240278551567082,-0.00209160447780777,0.));
#542=CARTESIAN_POINT('',(0.0240550914943066,-0.00274585384993128,0.));
#543=CARTESIAN_POINT('',(0.024102443476465,-0.00335016729834904,0.));
#544=CARTESIAN_POINT('',(0.0241727305224576,-0.00389440067123578,0.));
#545=CARTESIAN_POINT('',(0.0242693720100589,-0.00443608867031535,0.));
#546=CARTESIAN_POINT('',(0.0244252061386495,-0.00515927541961292,0.));
#547=CARTESIAN_POINT('',(0.0246595702712429,-0.00609468486027264,0.));
#548=CARTESIAN_POINT('',(0.0249464097194391,-0.00733302227931107,0.));
#549=CARTESIAN_POINT('',(0.0251144360361341,-0.00850237088733454,0.));
#550=CARTESIAN_POINT('',(0.0251508922012777,-0.00952542824748897,0.));
#551=CARTESIAN_POINT('',(0.0251172217060682,-0.0103338864427018,0.));
#552=CARTESIAN_POINT('',(0.0250111376818932,-0.0111791711759794,0.));
#553=CARTESIAN_POINT('',(0.0248387298533317,-0.012029725089748,0.));
#554=CARTESIAN_POINT('',(0.024605915658425,-0.0128917085014606,0.));
#555=CARTESIAN_POINT('',(0.0242200455766204,-0.0140529075385233,0.));
#556=CARTESIAN_POINT('',(0.0236043972487119,-0.0155234913855688,0.));
#557=CARTESIAN_POINT('',(0.0226723244043054,-0.0172961601145769,0.));
#558=CARTESIAN_POINT('',(0.0215633960266136,-0.0190474487491271,0.));
#559=CARTESIAN_POINT('',(0.0202923145411331,-0.020744285321436,0.));
#560=CARTESIAN_POINT('',(0.0188721740845573,-0.0223509520997498,0.));
#561=CARTESIAN_POINT('',(0.0175734963379484,-0.0235841041240744,0.));
#562=CARTESIAN_POINT('',(0.0164699729053673,-0.024485925157464,0.));
#563=CARTESIAN_POINT('',(0.015333885114866,-0.0253219274402923,0.));
#564=CARTESIAN_POINT('',(0.013853458976363,-0.0262487117802862,0.));
#565=CARTESIAN_POINT('',(0.0113725588323905,-0.0274873406805697,0.));
#566=CARTESIAN_POINT('',(0.00808853520990056,-0.0286004913860324,0.));
#567=CARTESIAN_POINT('',(0.00462085496909979,-0.0292063504885932,0.));
#568=CARTESIAN_POINT('',(0.0017603016787472,-0.0294323533863615,0.));
#569=CARTESIAN_POINT('',(-0.00114879340570863,-0.0295010911114594,0.));
#570=CARTESIAN_POINT('',(-0.00488793857528797,-0.0293119435974673,0.));
#571=CARTESIAN_POINT('',(-0.00936277205225367,-0.0286042730692962,0.));
#572=CARTESIAN_POINT('',(-0.0129307504018539,-0.0275742065739168,0.));
#573=CARTESIAN_POINT('',(-0.0155978909973975,-0.0264514043015054,0.));
#574=CARTESIAN_POINT('',(-0.0171672601997772,-0.0256150548478769,0.));
#575=CARTESIAN_POINT('',(-0.0183502355009523,-0.0248591787008563,0.));
#576=CARTESIAN_POINT('',(-0.019482669871052,-0.0240404741596433,0.));
#577=CARTESIAN_POINT('',(-0.0207709280204638,-0.0229144661752241,0.));
#578=CARTESIAN_POINT('',(-0.022105765895177,-0.0214417919794449,0.));
#579=CARTESIAN_POINT('',(-0.0232352196887196,-0.0198782442599493,0.));
#580=CARTESIAN_POINT('',(-0.0241629639883787,-0.0182549330211146,0.));
#581=CARTESIAN_POINT('',(-0.0248935121338877,-0.0165998645167513,0.));
#582=CARTESIAN_POINT('',(-0.0254301325960153,-0.0149392018128806,0.));
#583=CARTESIAN_POINT('',(-0.025717764584401,-0.0135696883325375,0.));
#584=CARTESIAN_POINT('',(-0.0258504595368398,-0.0124944628970375,0.));
#585=CARTESIAN_POINT('',(-0.0259209053894026,-0.0114514341490469,0.));
#586=CARTESIAN_POINT('',(-0.0259104193504565,-0.0102025335554778,0.));
#587=CARTESIAN_POINT('',(-0.0257956256767787,-0.00878551275743958,0.));
#588=CARTESIAN_POINT('',(-0.0256322963217268,-0.00742846023588406,0.));
#589=CARTESIAN_POINT('',(-0.0254662744953975,-0.00610276572863661,0.));
#590=CARTESIAN_POINT('',(-0.0253569337165975,-0.00499329485537277,0.));
#591=CARTESIAN_POINT('',(-0.0253048576271338,-0.0040881538399974,0.));
#592=CARTESIAN_POINT('',(-0.0252829558594362,-0.00336838419889353,0.));
#593=CARTESIAN_POINT('',(-0.025273723088429,-0.00261740008591676,0.));
#594=CARTESIAN_POINT('',(-0.02527294949168,-0.00158201058155939,0.));
#595=CARTESIAN_POINT('',(-0.0252823327207512,-0.000239205455492001,0.));
#596=CARTESIAN_POINT('',(-0.0252713796465867,0.00140877190495986,0.));
#597=CARTESIAN_POINT('',(-0.0252082808953527,0.00278457624272447,0.));
#598=CARTESIAN_POINT('',(-0.0251004345011385,0.00387418714024971,0.));
#599=CARTESIAN_POINT('',(-0.0249832901878554,0.0046836243689703,0.));
#600=CARTESIAN_POINT('',(-0.0248209731846714,0.00548330297952996,0.));
#601=CARTESIAN_POINT('',(-0.0246396023140466,0.00613967328440858,0.));
#602=CARTESIAN_POINT('',(-0.0244592879917005,0.00665743218096376,0.));
#603=CARTESIAN_POINT('',(-0.0242669144362749,0.00714216716176801,0.));
#604=CARTESIAN_POINT('',(-0.0240118233416278,0.0076943175927241,0.));
#605=CARTESIAN_POINT('',(-0.0237107863272625,0.00827151278902787,0.));
#606=CARTESIAN_POINT('',(-0.0233494877902317,0.00892831223940372,0.));
#607=CARTESIAN_POINT('',(-0.0231628931604435,0.00929094663335518,0.));
#608=CARTESIAN_POINT('',(-0.0230975389903484,0.00944661792641617,0.));
#609=CARTESIAN_POINT('',(-0.0230975389903485,0.00944661792641615,0.));
#610=CARTESIAN_POINT('',(0.0223777281985407,0.0101365407143846,0.0127));
#611=CARTESIAN_POINT('',(0.0224489690682665,0.00992068841092875,0.0127));
#612=CARTESIAN_POINT('',(0.0226241928699122,0.0094765378169147,0.0127));
#613=CARTESIAN_POINT('',(0.0229300745311962,0.00872367885450414,0.0127));
#614=CARTESIAN_POINT('',(0.0231752601598642,0.00808375556399912,0.0127));
#615=CARTESIAN_POINT('',(0.0233763252458874,0.0074905177860547,0.0127));
#616=CARTESIAN_POINT('',(0.0235243546448035,0.0069817121294332,0.0127));
#617=CARTESIAN_POINT('',(0.0236268250203206,0.00658010627252109,0.0127));
#618=CARTESIAN_POINT('',(0.0237151558211038,0.00617158050411709,0.0127));
#619=CARTESIAN_POINT('',(0.0238143627687607,0.00562678912773706,0.0127));
#620=CARTESIAN_POINT('',(0.0239078724717518,0.0049425787069698,0.0127));
#621=CARTESIAN_POINT('',(0.0239809202222082,0.00412017222693916,0.0127));
#622=CARTESIAN_POINT('',(0.0240374363877864,0.00302500106934904,0.0127));
#623=CARTESIAN_POINT('',(0.0240504858272468,0.00166628461786154,0.0127));
#624=CARTESIAN_POINT('',(0.0240269710894974,8.31546517660143E-5,0.0127));
#625=CARTESIAN_POINT('',(0.0240137928856661,-0.00116327508467008,0.0127));
#626=CARTESIAN_POINT('',(0.0240278551567082,-0.00209160447780777,0.0127));
#627=CARTESIAN_POINT('',(0.0240550914943066,-0.00274585384993128,0.0127));
#628=CARTESIAN_POINT('',(0.024102443476465,-0.00335016729834904,0.0127));
#629=CARTESIAN_POINT('',(0.0241727305224576,-0.00389440067123578,0.0127));
#630=CARTESIAN_POINT('',(0.0242693720100589,-0.00443608867031535,0.0127));
#631=CARTESIAN_POINT('',(0.0244252061386495,-0.00515927541961292,0.0127));
#632=CARTESIAN_POINT('',(0.0246595702712429,-0.00609468486027264,0.0127));
#633=CARTESIAN_POINT('',(0.0249464097194391,-0.00733302227931107,0.0127));
#634=CARTESIAN_POINT('',(0.0251144360361341,-0.00850237088733454,0.0127));
#635=CARTESIAN_POINT('',(0.0251508922012777,-0.00952542824748897,0.0127));
#636=CARTESIAN_POINT('',(0.0251172217060682,-0.0103338864427018,0.0127));
#637=CARTESIAN_POINT('',(0.0250111376818932,-0.0111791711759794,0.0127));
#638=CARTESIAN_POINT('',(0.0248387298533317,-0.012029725089748,0.0127));
#639=CARTESIAN_POINT('',(0.024605915658425,-0.0128917085014606,0.0127));
#640=CARTESIAN_POINT('',(0.0242200455766204,-0.0140529075385233,0.0127));
#641=CARTESIAN_POINT('',(0.0236043972487119,-0.0155234913855688,0.0127));
#642=CARTESIAN_POINT('',(0.0226723244043054,-0.0172961601145769,0.0127));
#643=CARTESIAN_POINT('',(0.0215633960266136,-0.0190474487491271,0.0127));
#644=CARTESIAN_POINT('',(0.0202923145411331,-0.020744285321436,0.0127));
#645=CARTESIAN_POINT('',(0.0188721740845573,-0.0223509520997498,0.0127));
#646=CARTESIAN_POINT('',(0.0175734963379484,-0.0235841041240744,0.0127));
#647=CARTESIAN_POINT('',(0.0164699729053673,-0.024485925157464,0.0127));
#648=CARTESIAN_POINT('',(0.015333885114866,-0.0253219274402923,0.0127));
#649=CARTESIAN_POINT('',(0.013853458976363,-0.0262487117802862,0.0127));
#650=CARTESIAN_POINT('',(0.0113725588323905,-0.0274873406805697,0.0127));
#651=CARTESIAN_POINT('',(0.00808853520990056,-0.0286004913860324,0.0127));
#652=CARTESIAN_POINT('',(0.00462085496909979,-0.0292063504885932,0.0127));
#653=CARTESIAN_POINT('',(0.0017603016787472,-0.0294323533863615,0.0127));
#654=CARTESIAN_POINT('',(-0.00114879340570863,-0.0295010911114594,0.0127));
#655=CARTESIAN_POINT('',(-0.00488793857528797,-0.0293119435974673,0.0127));
#656=CARTESIAN_POINT('',(-0.00936277205225367,-0.0286042730692962,0.0127));
#657=CARTESIAN_POINT('',(-0.0129307504018539,-0.0275742065739168,0.0127));
#658=CARTESIAN_POINT('',(-0.0155978909973975,-0.0264514043015054,0.0127));
#659=CARTESIAN_POINT('',(-0.0171672601997772,-0.0256150548478769,0.0127));
#660=CARTESIAN_POINT('',(-0.0183502355009523,-0.0248591787008563,0.0127));
#661=CARTESIAN_POINT('',(-0.019482669871052,-0.0240404741596433,0.0127));
#662=CARTESIAN_POINT('',(-0.0207709280204638,-0.0229144661752241,0.0127));
#663=CARTESIAN_POINT('',(-0.022105765895177,-0.0214417919794449,0.0127));
#664=CARTESIAN_POINT('',(-0.0232352196887196,-0.0198782442599493,0.0127));
#665=CARTESIAN_POINT('',(-0.0241629639883787,-0.0182549330211146,0.0127));
#666=CARTESIAN_POINT('',(-0.0248935121338877,-0.0165998645167513,0.0127));
#667=CARTESIAN_POINT('',(-0.0254301325960153,-0.0149392018128806,0.0127));
#668=CARTESIAN_POINT('',(-0.025717764584401,-0.0135696883325375,0.0127));
#669=CARTESIAN_POINT('',(-0.0258504595368398,-0.0124944628970375,0.0127));
#670=CARTESIAN_POINT('',(-0.0259209053894026,-0.0114514341490469,0.0127));
#671=CARTESIAN_POINT('',(-0.0259104193504565,-0.0102025335554778,0.0127));
#672=CARTESIAN_POINT('',(-0.0257956256767787,-0.00878551275743958,0.0127));
#673=CARTESIAN_POINT('',(-0.0256322963217268,-0.00742846023588406,0.0127));
#674=CARTESIAN_POINT('',(-0.0254662744953975,-0.00610276572863661,0.0127));
#675=CARTESIAN_POINT('',(-0.0253569337165975,-0.00499329485537277,0.0127));
#676=CARTESIAN_POINT('',(-0.0253048576271338,-0.0040881538399974,0.0127));
#677=CARTESIAN_POINT('',(-0.0252829558594362,-0.00336838419889353,0.0127));
#678=CARTESIAN_POINT('',(-0.025273723088429,-0.00261740008591676,0.0127));
#679=CARTESIAN_POINT('',(-0.02527294949168,-0.00158201058155939,0.0127));
#680=CARTESIAN_POINT('',(-0.0252823327207512,-0.000239205455492001,0.0127));
#681=CARTESIAN_POINT('',(-0.0252713796465867,0.00140877190495986,0.0127));
#682=CARTESIAN_POINT('',(-0.0252082808953527,0.00278457624272447,0.0127));
#683=CARTESIAN_POINT('',(-0.0251004345011385,0.00387418714024971,0.0127));
#684=CARTESIAN_POINT('',(-0.0249832901878554,0.0046836243689703,0.0127));
#685=CARTESIAN_POINT('',(-0.0248209731846714,0.00548330297952996,0.0127));
#686=CARTESIAN_POINT('',(-0.0246396023140466,0.00613967328440858,0.0127));
#687=CARTESIAN_POINT('',(-0.0244592879917005,0.00665743218096376,0.0127));
#688=CARTESIAN_POINT('',(-0.0242669144362749,0.00714216716176801,0.0127));
#689=CARTESIAN_POINT('',(-0.0240118233416278,0.0076943175927241,0.0127));
#690=CARTESIAN_POINT('',(-0.0237107863272625,0.00827151278902787,0.0127));
#691=CARTESIAN_POINT('',(-0.0233494877902317,0.00892831223940372,0.0127));
#692=CARTESIAN_POINT('',(-0.0231628931604435,0.00929094663335518,0.0127));
#693=CARTESIAN_POINT('',(-0.0230975389903484,0.00944661792641617,0.0127));
#694=CARTESIAN_POINT('',(-0.0230975389903485,0.00944661792641615,0.0127));
#695=CARTESIAN_POINT('',(-0.0230975389903485,0.00944661792641615,0.0127));
#696=CARTESIAN_POINT('',(-0.0230975389903484,0.00944661792641617,0.0127));
#697=CARTESIAN_POINT('',(-0.0230975389903484,0.00944661792641617,1.04083408558608E-17));
#698=CARTESIAN_POINT('',(-0.0232457746255438,0.00960515005158896,0.0127));
#699=CARTESIAN_POINT('',(-0.0232457746255438,0.00960515005158896,1.04083408558608E-17));
#700=CARTESIAN_POINT('',(-0.0238383020742715,0.0101137190957278,0.0127));
#701=CARTESIAN_POINT('',(-0.0238383020742715,0.0101137190957278,8.67361737988404E-18));
#702=CARTESIAN_POINT('',(-0.0258915721392501,0.0114980310963076,0.0127));
#703=CARTESIAN_POINT('',(-0.0258915721392501,0.0114980310963076,1.21430643318376E-17));
#704=CARTESIAN_POINT('',(-0.0288054044034595,0.0134395363036117,0.0127));
#705=CARTESIAN_POINT('',(-0.0288054044034595,0.0134395363036117,1.21430643318376E-17));
#706=CARTESIAN_POINT('',(-0.0320043576885307,0.0162699211098893,0.0127));
#707=CARTESIAN_POINT('',(-0.0320043576885307,0.0162699211098893,1.21430643318376E-17));
#708=CARTESIAN_POINT('',(-0.0343526214486037,0.0188600066903475,0.0127));
#709=CARTESIAN_POINT('',(-0.0343526214486037,0.0188600066903475,8.67361737988404E-18));
#710=CARTESIAN_POINT('',(-0.0365411319824947,0.0217090650638547,0.0127));
#711=CARTESIAN_POINT('',(-0.0365411319824947,0.0217090650638547,1.38777878078145E-17));
#712=CARTESIAN_POINT('',(-0.0384984118479228,0.0246772990604303,0.0127));
#713=CARTESIAN_POINT('',(-0.0384984118479228,0.0246772990604303,1.21430643318376E-17));
#714=CARTESIAN_POINT('',(-0.0401319421344762,0.0276098193591854,0.0127));
#715=CARTESIAN_POINT('',(-0.0401319421344762,0.0276098193591854,8.67361737988404E-18));
#716=CARTESIAN_POINT('',(-0.0411494010537911,0.0299099079761001,0.0127));
#717=CARTESIAN_POINT('',(-0.0411494010537911,0.0299099079761001,1.38777878078145E-17));
#718=CARTESIAN_POINT('',(-0.0417090547842419,0.03162614915228,0.0127));
#719=CARTESIAN_POINT('',(-0.0417090547842419,0.03162614915228,1.56125112837913E-17));
#720=CARTESIAN_POINT('',(-0.0419860094702975,0.0328591763347538,0.0127));
#721=CARTESIAN_POINT('',(-0.0419860094702975,0.0328591763347538,1.21430643318376E-17));
#722=CARTESIAN_POINT('',(-0.0420870846343664,0.0340689290618315,0.0127));
#723=CARTESIAN_POINT('',(-0.0420870846343664,0.0340689290618315,1.38777878078145E-17));
#724=CARTESIAN_POINT('',(-0.0419389669414453,0.0353269456628921,0.0127));
#725=CARTESIAN_POINT('',(-0.0419389669414453,0.0353269456628921,1.21430643318376E-17));
#726=CARTESIAN_POINT('',(-0.0413614226404596,0.0364647119940221,0.0127));
#727=CARTESIAN_POINT('',(-0.0413614226404596,0.0364647119940221,1.38777878078145E-17));
#728=CARTESIAN_POINT('',(-0.0405294181602458,0.0371673186560569,0.0127));
#729=CARTESIAN_POINT('',(-0.0405294181602458,0.0371673186560569,6.93889390390723E-18));
#730=CARTESIAN_POINT('',(-0.0396260814917547,0.0376038278733287,0.0127));
#731=CARTESIAN_POINT('',(-0.0396260814917547,0.0376038278733287,1.38777878078145E-17));
#732=CARTESIAN_POINT('',(-0.0385325568140517,0.037761901004773,0.0127));
#733=CARTESIAN_POINT('',(-0.0385325568140517,0.037761901004773,1.04083408558608E-17));
#734=CARTESIAN_POINT('',(-0.0373301596385388,0.0376480581731925,0.0127));
#735=CARTESIAN_POINT('',(-0.0373301596385388,0.0376480581731925,1.04083408558608E-17));
#736=CARTESIAN_POINT('',(-0.0361295106707741,0.0373496931132569,0.0127));
#737=CARTESIAN_POINT('',(-0.0361295106707741,0.0373496931132569,1.38777878078145E-17));
#738=CARTESIAN_POINT('',(-0.0344769607661733,0.0367543648230014,0.0127));
#739=CARTESIAN_POINT('',(-0.0344769607661733,0.0367543648230014,6.93889390390723E-18));
#740=CARTESIAN_POINT('',(-0.0322728832072656,0.0356885072614549,0.0127));
#741=CARTESIAN_POINT('',(-0.0322728832072656,0.0356885072614549,1.04083408558608E-17));
#742=CARTESIAN_POINT('',(-0.029455777606115,0.0340064111695017,0.0127));
#743=CARTESIAN_POINT('',(-0.029455777606115,0.0340064111695017,1.38777878078145E-17));
#744=CARTESIAN_POINT('',(-0.0265902892690542,0.0320300060787619,0.0127));
#745=CARTESIAN_POINT('',(-0.0265902892690542,0.0320300060787619,1.38777878078145E-17));
#746=CARTESIAN_POINT('',(-0.0238198396946797,0.0298722886677301,0.0127));
#747=CARTESIAN_POINT('',(-0.0238198396946797,0.0298722886677301,1.04083408558608E-17));
#748=CARTESIAN_POINT('',(-0.0212793393874804,0.0276367903188608,0.0127));
#749=CARTESIAN_POINT('',(-0.0212793393874804,0.0276367903188608,1.21430643318376E-17));
#750=CARTESIAN_POINT('',(-0.019152260054214,0.0254416143355653,0.0127));
#751=CARTESIAN_POINT('',(-0.019152260054214,0.0254416143355653,1.21430643318376E-17));
#752=CARTESIAN_POINT('',(-0.0174333006428427,0.0234492490647074,0.0127));
#753=CARTESIAN_POINT('',(-0.0174333006428427,0.0234492490647074,6.93889390390723E-18));
#754=CARTESIAN_POINT('',(-0.0160001964723258,0.0217481927989979,0.0127));
#755=CARTESIAN_POINT('',(-0.0160001964723258,0.0217481927989979,1.38777878078145E-17));
#756=CARTESIAN_POINT('',(-0.014782176443289,0.0204482104815896,0.0127));
#757=CARTESIAN_POINT('',(-0.014782176443289,0.0204482104815896,8.67361737988404E-18));
#758=CARTESIAN_POINT('',(-0.0137499100679728,0.0196400737785661,0.0127));
#759=CARTESIAN_POINT('',(-0.0137499100679728,0.0196400737785661,1.21430643318376E-17));
#760=CARTESIAN_POINT('',(-0.0130355129778077,0.0193353156118503,0.0127));
#761=CARTESIAN_POINT('',(-0.0130355129778077,0.0193353156118503,1.21430643318376E-17));
#762=CARTESIAN_POINT('',(-0.0124161247917892,0.0192299036413243,0.0127));
#763=CARTESIAN_POINT('',(-0.0124161247917892,0.0192299036413243,1.04083408558608E-17));
#764=CARTESIAN_POINT('',(-0.0115919241696535,0.0192153446136851,0.0127));
#765=CARTESIAN_POINT('',(-0.0115919241696535,0.0192153446136851,1.21430643318376E-17));
#766=CARTESIAN_POINT('',(-0.0102430033793728,0.0194067297065279,0.0127));
#767=CARTESIAN_POINT('',(-0.0102430033793728,0.0194067297065279,1.21430643318376E-17));
#768=CARTESIAN_POINT('',(-0.00827482536144287,0.0199082280936952,0.0127));
#769=CARTESIAN_POINT('',(-0.00827482536144287,0.0199082280936952,6.93889390390723E-18));
#770=CARTESIAN_POINT('',(-0.00533587573656891,0.0207387309699088,0.0127));
#771=CARTESIAN_POINT('',(-0.00533587573656891,0.0207387309699088,6.93889390390723E-18));
#772=CARTESIAN_POINT('',(-0.00287736353594604,0.0213090350189191,0.0127));
#773=CARTESIAN_POINT('',(-0.00287736353594604,0.0213090350189191,1.04083408558608E-17));
#774=CARTESIAN_POINT('',(-0.00116221407546481,0.0214067271941477,0.0127));
#775=CARTESIAN_POINT('',(-0.00116221407546481,0.0214067271941477,1.04083408558608E-17));
#776=CARTESIAN_POINT('',(-0.0230975389903484,0.00944661792641617,0.));
#777=CARTESIAN_POINT('',(-0.0231716568079461,0.00952588398900257,0.));
#778=CARTESIAN_POINT('',(-0.0233928913945201,0.00973589628753196,0.));
#779=CARTESIAN_POINT('',(-0.0240956516203924,0.0102848188008536,0.));
#780=CARTESIAN_POINT('',(-0.0253771129970471,0.0111513868761422,0.));
#781=CARTESIAN_POINT('',(-0.0270228500865065,0.0122529498876683,0.));
#782=CARTESIAN_POINT('',(-0.0284790847156806,0.0133108354432362,0.));
#783=CARTESIAN_POINT('',(-0.0296233820598648,0.0142031699510166,0.));
#784=CARTESIAN_POINT('',(-0.0308008039036549,0.015203719583271,0.));
#785=CARTESIAN_POINT('',(-0.0319984119485546,0.01632876994908,0.));
#786=CARTESIAN_POINT('',(-0.0331807432295806,0.017568024255495,0.));
#787=CARTESIAN_POINT('',(-0.0347160710803047,0.0193330823969349,0.));
#788=CARTESIAN_POINT('',(-0.036541582792956,0.0217096694879457,0.));
#789=CARTESIAN_POINT('',(-0.0381721482295818,0.0241825474777254,0.));
#790=CARTESIAN_POINT('',(-0.0393151773824926,0.0261435209748862,0.));
#791=CARTESIAN_POINT('',(-0.0400804020251624,0.0275880812769095,0.));
#792=CARTESIAN_POINT('',(-0.04074228774034,0.0289906561141315,0.));
#793=CARTESIAN_POINT('',(-0.0412893065976922,0.0303387580554783,0.));
#794=CARTESIAN_POINT('',(-0.0417092160848136,0.0316262064261505,0.));
#795=CARTESIAN_POINT('',(-0.0419853721567219,0.032859157453938,0.));
#796=CARTESIAN_POINT('',(-0.0420721225162013,0.0338673156683436,0.));
#797=CARTESIAN_POINT('',(-0.0420097625140975,0.0346979194286799,0.));
#798=CARTESIAN_POINT('',(-0.0418701601441891,0.035341955403022,0.));
#799=CARTESIAN_POINT('',(-0.0415984630895559,0.0360032359328808,0.));
#800=CARTESIAN_POINT('',(-0.0412267490365428,0.0365343870800561,0.));
#801=CARTESIAN_POINT('',(-0.0408399314176739,0.0369066454471979,0.));
#802=CARTESIAN_POINT('',(-0.0404172486447975,0.0372202405845246,0.));
#803=CARTESIAN_POINT('',(-0.0398526296591159,0.0374954546352145,0.));
#804=CARTESIAN_POINT('',(-0.0391850613380311,0.0376661617427619,0.));
#805=CARTESIAN_POINT('',(-0.0383342436675673,0.0377434439485963,0.));
#806=CARTESIAN_POINT('',(-0.0373294336068414,0.0376478843471345,0.));
#807=CARTESIAN_POINT('',(-0.0361297659319025,0.0373497335533732,0.));
#808=CARTESIAN_POINT('',(-0.0348898032295077,0.036903208961158,0.));
#809=CARTESIAN_POINT('',(-0.0335962545327457,0.0363279330958959,0.));
#810=CARTESIAN_POINT('',(-0.0322511305493049,0.0356381389933566,0.));
#811=CARTESIAN_POINT('',(-0.0308643099831663,0.0348474874813092,0.));
#812=CARTESIAN_POINT('',(-0.0289781611680342,0.033676973453614,0.));
#813=CARTESIAN_POINT('',(-0.026590706823813,0.0320301965564887,0.));
#814=CARTESIAN_POINT('',(-0.0242803636747022,0.0302313736704856,0.));
#815=CARTESIAN_POINT('',(-0.0225516977384006,0.0287554636161003,0.));
#816=CARTESIAN_POINT('',(-0.0213317893559227,0.0276424164649968,0.));
#817=CARTESIAN_POINT('',(-0.020210602136723,0.0265359348026506,0.));
#818=CARTESIAN_POINT('',(-0.019204282633372,0.025467596797807,0.));
#819=CARTESIAN_POINT('',(-0.0182939475769686,0.0244461747319516,0.));
#820=CARTESIAN_POINT('',(-0.0171937818441572,0.0231653502240707,0.));
#821=CARTESIAN_POINT('',(-0.0160003732625169,0.0217479828070868,0.));
#822=CARTESIAN_POINT('',(-0.0149853175144884,0.0206658936399098,0.));
#823=CARTESIAN_POINT('',(-0.0142657599781446,0.0200423491387061,0.));
#824=CARTESIAN_POINT('',(-0.0137723292740262,0.0196955353644785,0.));
#825=CARTESIAN_POINT('',(-0.0133193732007057,0.0194583789777412,0.));
#826=CARTESIAN_POINT('',(-0.0128811690255194,0.0193086690176347,0.));
#827=CARTESIAN_POINT('',(-0.0124160110280918,0.0192299179484565,0.));
#828=CARTESIAN_POINT('',(-0.0117979262857611,0.0192192207436505,0.));
#829=CARTESIAN_POINT('',(-0.0110526617749448,0.0192909388514673,0.));
#830=CARTESIAN_POINT('',(-0.0101993597796345,0.0194409711596344,0.));
#831=CARTESIAN_POINT('',(-0.00925844631316075,0.0196573910249183,0.));
#832=CARTESIAN_POINT('',(-0.00790769012561278,0.0200119844131405,0.));
#833=CARTESIAN_POINT('',(-0.00607085222351581,0.020532053487553,0.));
#834=CARTESIAN_POINT('',(-0.00369567893531759,0.021115398217896,0.));
#835=CARTESIAN_POINT('',(-0.00201978880570524,0.0213578811065334,0.));
#836=CARTESIAN_POINT('',(-0.00116221407546481,0.0214067271941477,0.));
#837=CARTESIAN_POINT('',(-0.0230975389903484,0.00944661792641617,0.0127));
#838=CARTESIAN_POINT('',(-0.0231716568079461,0.00952588398900257,0.0127));
#839=CARTESIAN_POINT('',(-0.0233928913945201,0.00973589628753196,0.0127));
#840=CARTESIAN_POINT('',(-0.0240956516203924,0.0102848188008536,0.0127));
#841=CARTESIAN_POINT('',(-0.0253771129970471,0.0111513868761422,0.0127));
#842=CARTESIAN_POINT('',(-0.0270228500865065,0.0122529498876683,0.0127));
#843=CARTESIAN_POINT('',(-0.0284790847156806,0.0133108354432362,0.0127));
#844=CARTESIAN_POINT('',(-0.0296233820598648,0.0142031699510166,0.0127));
#845=CARTESIAN_POINT('',(-0.0308008039036549,0.015203719583271,0.0127));
#846=CARTESIAN_POINT('',(-0.0319984119485546,0.01632876994908,0.0127));
#847=CARTESIAN_POINT('',(-0.0331807432295806,0.017568024255495,0.0127));
#848=CARTESIAN_POINT('',(-0.0347160710803047,0.0193330823969349,0.0127));
#849=CARTESIAN_POINT('',(-0.036541582792956,0.0217096694879457,0.0127));
#850=CARTESIAN_POINT('',(-0.0381721482295818,0.0241825474777254,0.0127));
#851=CARTESIAN_POINT('',(-0.0393151773824926,0.0261435209748862,0.0127));
#852=CARTESIAN_POINT('',(-0.0400804020251624,0.0275880812769095,0.0127));
#853=CARTESIAN_POINT('',(-0.04074228774034,0.0289906561141315,0.0127));
#854=CARTESIAN_POINT('',(-0.0412893065976922,0.0303387580554783,0.0127));
#855=CARTESIAN_POINT('',(-0.0417092160848136,0.0316262064261505,0.0127));
#856=CARTESIAN_POINT('',(-0.0419853721567219,0.032859157453938,0.0127));
#857=CARTESIAN_POINT('',(-0.0420721225162013,0.0338673156683436,0.0127));
#858=CARTESIAN_POINT('',(-0.0420097625140975,0.0346979194286799,0.0127));
#859=CARTESIAN_POINT('',(-0.0418701601441891,0.035341955403022,0.0127));
#860=CARTESIAN_POINT('',(-0.0415984630895559,0.0360032359328808,0.0127));
#861=CARTESIAN_POINT('',(-0.0412267490365428,0.0365343870800561,0.0127));
#862=CARTESIAN_POINT('',(-0.0408399314176739,0.0369066454471979,0.0127));
#863=CARTESIAN_POINT('',(-0.0404172486447975,0.0372202405845246,0.0127));
#864=CARTESIAN_POINT('',(-0.0398526296591159,0.0374954546352145,0.0127));
#865=CARTESIAN_POINT('',(-0.0391850613380311,0.0376661617427619,0.0127));
#866=CARTESIAN_POINT('',(-0.0383342436675673,0.0377434439485963,0.0127));
#867=CARTESIAN_POINT('',(-0.0373294336068414,0.0376478843471345,0.0127));
#868=CARTESIAN_POINT('',(-0.0361297659319025,0.0373497335533732,0.0127));
#869=CARTESIAN_POINT('',(-0.0348898032295077,0.036903208961158,0.0127));
#870=CARTESIAN_POINT('',(-0.0335962545327457,0.0363279330958959,0.0127));
#871=CARTESIAN_POINT('',(-0.0322511305493049,0.0356381389933566,0.0127));
#872=CARTESIAN_POINT('',(-0.0308643099831663,0.0348474874813092,0.0127));
#873=CARTESIAN_POINT('',(-0.0289781611680342,0.033676973453614,0.0127));
#874=CARTESIAN_POINT('',(-0.026590706823813,0.0320301965564887,0.0127));
#875=CARTESIAN_POINT('',(-0.0242803636747022,0.0302313736704856,0.0127));
#876=CARTESIAN_POINT('',(-0.0225516977384006,0.0287554636161003,0.0127));
#877=CARTESIAN_POINT('',(-0.0213317893559227,0.0276424164649968,0.0127));
#878=CARTESIAN_POINT('',(-0.020210602136723,0.0265359348026506,0.0127));
#879=CARTESIAN_POINT('',(-0.019204282633372,0.025467596797807,0.0127));
#880=CARTESIAN_POINT('',(-0.0182939475769686,0.0244461747319516,0.0127));
#881=CARTESIAN_POINT('',(-0.0171937818441572,0.0231653502240707,0.0127));
#882=CARTESIAN_POINT('',(-0.0160003732625169,0.0217479828070868,0.0127));
#883=CARTESIAN_POINT('',(-0.0149853175144884,0.0206658936399098,0.0127));
#884=CARTESIAN_POINT('',(-0.0142657599781446,0.0200423491387061,0.0127));
#885=CARTESIAN_POINT('',(-0.0137723292740262,0.0196955353644785,0.0127));
#886=CARTESIAN_POINT('',(-0.0133193732007057,0.0194583789777412,0.0127));
#887=CARTESIAN_POINT('',(-0.0128811690255194,0.0193086690176347,0.0127));
#888=CARTESIAN_POINT('',(-0.0124160110280918,0.0192299179484565,0.0127));
#889=CARTESIAN_POINT('',(-0.0117979262857611,0.0192192207436505,0.0127));
#890=CARTESIAN_POINT('',(-0.0110526617749448,0.0192909388514673,0.0127));
#891=CARTESIAN_POINT('',(-0.0101993597796345,0.0194409711596344,0.0127));
#892=CARTESIAN_POINT('',(-0.00925844631316075,0.0196573910249183,0.0127));
#893=CARTESIAN_POINT('',(-0.00790769012561278,0.0200119844131405,0.0127));
#894=CARTESIAN_POINT('',(-0.00607085222351581,0.020532053487553,0.0127));
#895=CARTESIAN_POINT('',(-0.00369567893531759,0.021115398217896,0.0127));
#896=CARTESIAN_POINT('',(-0.00201978880570524,0.0213578811065334,0.0127));
#897=CARTESIAN_POINT('',(-0.00116221407546481,0.0214067271941477,0.0127));
#898=CARTESIAN_POINT('',(-0.031769579403662,0.0153121610347088,0.0127));
#899=CARTESIAN_POINT('',(-0.031769579403662,0.0153121610347088,-0.002));
#900=CARTESIAN_POINT('',(-0.0471594603882344,0.0434011535223024,0.0127));
#901=CARTESIAN_POINT('',(-0.0471594603882344,0.0434011535223024,-0.002));
#902=CARTESIAN_POINT('',(-0.0201153278836707,0.0262229454464301,0.0127));
#903=CARTESIAN_POINT('',(-0.0201153278836707,0.0262229454464301,-0.002));
#904=CARTESIAN_POINT('',(-0.0145236723756867,0.0139588719151064,0.0127));
#905=CARTESIAN_POINT('',(-0.0145236723756867,0.0139588719151064,-0.002));
#906=CARTESIAN_POINT('',(0.000180122595392335,0.0221785101326724,0.0127));
#907=CARTESIAN_POINT('',(0.000180122595392335,0.0221785101326724,-0.002));
#908=CARTESIAN_POINT('',(0.0125731615534955,0.0132196181472504,0.0127));
#909=CARTESIAN_POINT('',(0.0125731615534955,0.0132196181472504,-0.002));
#910=CARTESIAN_POINT('',(0.0210434657810285,0.0283268914321173,0.0127));
#911=CARTESIAN_POINT('',(0.0210434657810285,0.0283268914321173,-0.002));
#912=CARTESIAN_POINT('',(0.0467696682834981,0.0429776677892385,0.0127));
#913=CARTESIAN_POINT('',(0.0467696682834981,0.0429776677892385,-0.002));
#914=CARTESIAN_POINT('',(0.0283386899792107,0.0130575377217308,0.0127));
#915=CARTESIAN_POINT('',(0.0283386899792107,0.0130575377217308,-0.002));
#916=CARTESIAN_POINT('',(0.0185208078491659,0.0118831581711994,0.0127));
#917=CARTESIAN_POINT('',(0.0185208078491659,0.0118831581711994,-0.002));
#918=CARTESIAN_POINT('',(0.0227710722607775,0.00596323554236968,0.0127));
#919=CARTESIAN_POINT('',(0.0227710722607775,0.00596323554236968,-0.002));
#920=CARTESIAN_POINT('',(0.0212648162919451,-0.00410494535201318,0.0127));
#921=CARTESIAN_POINT('',(0.0212648162919451,-0.00410494535201318,-0.002));
#922=CARTESIAN_POINT('',(0.0246933947094353,-0.0104358517717936,0.0127));
#923=CARTESIAN_POINT('',(0.0246933947094353,-0.0104358517717936,-0.002));
#924=CARTESIAN_POINT('',(0.0164747516765992,-0.024769457603503,0.0127));
#925=CARTESIAN_POINT('',(0.0164747516765992,-0.024769457603503,-0.002));
#926=CARTESIAN_POINT('',(0.00026771605745557,-0.0288136029934027,0.0127));
#927=CARTESIAN_POINT('',(0.00026771605745557,-0.0288136029934027,-0.002));
#928=CARTESIAN_POINT('',(-0.0189444463159031,-0.0249755028033111,0.0127));
#929=CARTESIAN_POINT('',(-0.0189444463159031,-0.0249755028033111,-0.002));
#930=CARTESIAN_POINT('',(-0.024954522514262,-0.0127951502926278,0.0127));
#931=CARTESIAN_POINT('',(-0.024954522514262,-0.0127951502926278,-0.002));
#932=CARTESIAN_POINT('',(-0.0226988116405369,-0.00483108989216188,0.0127));
#933=CARTESIAN_POINT('',(-0.0226988116405369,-0.00483108989216188,-0.002));
#934=CARTESIAN_POINT('',(-0.023858574719773,0.00572187544582294,0.0127));
#935=CARTESIAN_POINT('',(-0.023858574719773,0.00572187544582294,-0.002));
#936=CARTESIAN_POINT('',(-0.0187564786647644,0.0107848782090189,0.0127));
#937=CARTESIAN_POINT('',(-0.0187564786647644,0.0107848782090189,-0.002));
#938=CARTESIAN_POINT('',(-0.031769579403662,0.0153121610347088,0.0127));
#939=CARTESIAN_POINT('',(-0.031769579403662,0.0153121610347088,-0.002));
#940=CARTESIAN_POINT('',(-0.0471594603882344,0.0434011535223024,0.0127));
#941=CARTESIAN_POINT('',(-0.0471594603882344,0.0434011535223024,-0.002));
#942=CARTESIAN_POINT('',(-0.0201153278836707,0.0262229454464301,0.0127));
#943=CARTESIAN_POINT('',(-0.0201153278836707,0.0262229454464301,-0.002));
#944=CARTESIAN_POINT('',(-0.031769579403662,0.0153121610347088,0.0127));
#945=CARTESIAN_POINT('',(-0.0471594603882344,0.0434011535223024,0.0127));
#946=CARTESIAN_POINT('',(-0.0201153278836707,0.0262229454464301,0.0127));
#947=CARTESIAN_POINT('',(-0.0145236723756867,0.0139588719151064,0.0127));
#948=CARTESIAN_POINT('',(0.000180122595392335,0.0221785101326724,0.0127));
#949=CARTESIAN_POINT('',(0.0125731615534955,0.0132196181472504,0.0127));
#950=CARTESIAN_POINT('',(0.0210434657810285,0.0283268914321173,0.0127));
#951=CARTESIAN_POINT('',(0.0467696682834981,0.0429776677892385,0.0127));
#952=CARTESIAN_POINT('',(0.0283386899792107,0.0130575377217308,0.0127));
#953=CARTESIAN_POINT('',(0.0185208078491659,0.0118831581711994,0.0127));
#954=CARTESIAN_POINT('',(0.0227710722607775,0.00596323554236968,0.0127));
#955=CARTESIAN_POINT('',(0.0212648162919451,-0.00410494535201318,0.0127));
#956=CARTESIAN_POINT('',(0.0246933947094353,-0.0104358517717936,0.0127));
#957=CARTESIAN_POINT('',(0.0164747516765992,-0.024769457603503,0.0127));
#958=CARTESIAN_POINT('',(0.00026771605745557,-0.0288136029934027,0.0127));
#959=CARTESIAN_POINT('',(-0.0189444463159031,-0.0249755028033111,0.0127));
#960=CARTESIAN_POINT('',(-0.024954522514262,-0.0127951502926278,0.0127));
#961=CARTESIAN_POINT('',(-0.0226988116405369,-0.00483108989216188,0.0127));
#962=CARTESIAN_POINT('',(-0.023858574719773,0.00572187544582294,0.0127));
#963=CARTESIAN_POINT('',(-0.0187564786647644,0.0107848782090189,0.0127));
#964=CARTESIAN_POINT('',(-0.031769579403662,0.0153121610347088,0.0127));
#965=CARTESIAN_POINT('',(-0.0471594603882344,0.0434011535223024,0.0127));
#966=CARTESIAN_POINT('',(-0.0201153278836707,0.0262229454464301,0.0127));
#967=CARTESIAN_POINT('',(-0.0395636390894652,0.0353118114173412,0.0127));
#968=CARTESIAN_POINT('',(-0.031769579403662,0.0153121610347088,-0.002));
#969=CARTESIAN_POINT('',(-0.0471594603882344,0.0434011535223024,-0.002));
#970=CARTESIAN_POINT('',(-0.0201153278836707,0.0262229454464301,-0.002));
#971=CARTESIAN_POINT('',(-0.0145236723756867,0.0139588719151064,-0.002));
#972=CARTESIAN_POINT('',(0.000180122595392335,0.0221785101326724,-0.002));
#973=CARTESIAN_POINT('',(0.0125731615534955,0.0132196181472504,-0.002));
#974=CARTESIAN_POINT('',(0.0210434657810285,0.0283268914321173,-0.002));
#975=CARTESIAN_POINT('',(0.0467696682834981,0.0429776677892385,-0.002));
#976=CARTESIAN_POINT('',(0.0283386899792107,0.0130575377217308,-0.002));
#977=CARTESIAN_POINT('',(0.0185208078491659,0.0118831581711994,-0.002));
#978=CARTESIAN_POINT('',(0.0227710722607775,0.00596323554236968,-0.002));
#979=CARTESIAN_POINT('',(0.0212648162919451,-0.00410494535201318,-0.002));
#980=CARTESIAN_POINT('',(0.0246933947094353,-0.0104358517717936,-0.002));
#981=CARTESIAN_POINT('',(0.0164747516765992,-0.024769457603503,-0.002));
#982=CARTESIAN_POINT('',(0.00026771605745557,-0.0288136029934027,-0.002));
#983=CARTESIAN_POINT('',(-0.0189444463159031,-0.0249755028033111,-0.002));
#984=CARTESIAN_POINT('',(-0.024954522514262,-0.0127951502926278,-0.002));
#985=CARTESIAN_POINT('',(-0.0226988116405369,-0.00483108989216188,-0.002));
#986=CARTESIAN_POINT('',(-0.023858574719773,0.00572187544582294,-0.002));
#987=CARTESIAN_POINT('',(-0.0187564786647644,0.0107848782090189,-0.002));
#988=CARTESIAN_POINT('',(-0.031769579403662,0.0153121610347088,-0.002));
#989=CARTESIAN_POINT('',(-0.0471594603882344,0.0434011535223024,-0.002));
#990=CARTESIAN_POINT('',(-0.0201153278836707,0.0262229454464301,-0.002));
#991=CARTESIAN_POINT('',(-0.0395636390894652,0.0353118114173412,-0.002));
#992=CARTESIAN_POINT('',(0.0294993083390759,0.0348732305410301,0.0127));
#993=CARTESIAN_POINT('',(0.0354673754122937,0.0406680028269438,0.));
#994=CARTESIAN_POINT('',(0.00998478667900858,0.0240799313154741,0.));
#995=CARTESIAN_POINT('',(0.0100650767957378,0.0241439883368408,0.));
#996=CARTESIAN_POINT('',(0.0102504918214137,0.0242987748974612,0.));
#997=CARTESIAN_POINT('',(0.0105850878492527,0.0246026949044314,0.));
#998=CARTESIAN_POINT('',(0.0109699932765917,0.024976923252502,0.));
#999=CARTESIAN_POINT('',(0.0115513078976637,0.025571331841227,0.));
#1000=CARTESIAN_POINT('',(0.0123817764124032,0.0264666536175436,0.));
#1001=CARTESIAN_POINT('',(0.0135362019841687,0.0277472877179348,0.));
#1002=CARTESIAN_POINT('',(0.0148461702931635,0.0291865625789033,0.));
#1003=CARTESIAN_POINT('',(0.0163199479188362,0.0307416266657602,0.));
#1004=CARTESIAN_POINT('',(0.0179793849801816,0.0323785635001035,0.));
#1005=CARTESIAN_POINT('',(0.0198393764575719,0.0340466777184917,0.));
#1006=CARTESIAN_POINT('',(0.0217932381223041,0.0356332419212236,0.));
#1007=CARTESIAN_POINT('',(0.0238124797038674,0.0371327604362869,0.));
#1008=CARTESIAN_POINT('',(0.0258687213175491,0.0385229924750689,0.));
#1009=CARTESIAN_POINT('',(0.0279370509905842,0.0397816802820696,0.));
#1010=CARTESIAN_POINT('',(0.029661448823581,0.0407035486476022,0.));
#1011=CARTESIAN_POINT('',(0.0310535872690892,0.0413546080177464,0.));
#1012=CARTESIAN_POINT('',(0.0319342426656233,0.041722122538307,0.));
#1013=CARTESIAN_POINT('',(0.0326565349172616,0.041991536219059,0.));
#1014=CARTESIAN_POINT('',(0.0332068313483284,0.0421791004170447,0.));
#1015=CARTESIAN_POINT('',(0.0337720659859663,0.0423522159449657,0.));
#1016=CARTESIAN_POINT('',(0.0343592878439841,0.04250908510815,0.));
#1017=CARTESIAN_POINT('',(0.0349623673777908,0.0426445110914355,0.));
#1018=CARTESIAN_POINT('',(0.0356049990186392,0.0427589483257396,0.));
#1019=CARTESIAN_POINT('',(0.0361843165211531,0.0428296792112672,0.));
#1020=CARTESIAN_POINT('',(0.0366708988607483,0.0428651732798941,0.));
#1021=CARTESIAN_POINT('',(0.0371677101616761,0.0428848830939954,0.));
#1022=CARTESIAN_POINT('',(0.0378404481870582,0.0428763559003339,0.));
#1023=CARTESIAN_POINT('',(0.0385735826240674,0.0428046189770986,0.));
#1024=CARTESIAN_POINT('',(0.0392087830973942,0.0426921541842256,0.));
#1025=CARTESIAN_POINT('',(0.0396998159884114,0.042577114724405,0.));
#1026=CARTESIAN_POINT('',(0.0402122044069455,0.042425158521833,0.));
#1027=CARTESIAN_POINT('',(0.040743256451158,0.0422301768951373,0.));
#1028=CARTESIAN_POINT('',(0.0412875187312549,0.0419866885600517,0.));
#1029=CARTESIAN_POINT('',(0.0418306839616404,0.041694794908637,0.));
#1030=CARTESIAN_POINT('',(0.0422807483289969,0.041407401580362,0.));
#1031=CARTESIAN_POINT('',(0.0426373747437635,0.0411482305875409,0.));
#1032=CARTESIAN_POINT('',(0.0429916969201158,0.0408675744565123,0.));
#1033=CARTESIAN_POINT('',(0.0434089202091282,0.0404923860313233,0.));
#1034=CARTESIAN_POINT('',(0.0437968349413451,0.0400814809110154,0.));
#1035=CARTESIAN_POINT('',(0.0440894745805852,0.0397297460157096,0.));
#1036=CARTESIAN_POINT('',(0.0443706960783889,0.0393604716733242,0.));
#1037=CARTESIAN_POINT('',(0.0446815215850467,0.0388933755345046,0.));
#1038=CARTESIAN_POINT('',(0.0450012180386239,0.0383161950851133,0.));
#1039=CARTESIAN_POINT('',(0.0453434986925061,0.0375677355262567,0.));
#1040=CARTESIAN_POINT('',(0.0455843814468556,0.036839087823367,0.));
#1041=CARTESIAN_POINT('',(0.0457416197666077,0.0361697283589523,0.));
#1042=CARTESIAN_POINT('',(0.0458276909067069,0.0356862069771406,0.));
#1043=CARTESIAN_POINT('',(0.0458853962988488,0.0352237383645293,0.));
#1044=CARTESIAN_POINT('',(0.0459303604849446,0.0346471236344168,0.));
#1045=CARTESIAN_POINT('',(0.0459392725740149,0.0339664684559918,0.));
#1046=CARTESIAN_POINT('',(0.0459032463952911,0.0333507183969401,0.));
#1047=CARTESIAN_POINT('',(0.0458549525806881,0.0328811490330722,0.));
#1048=CARTESIAN_POINT('',(0.0457961434785651,0.0324324865316479,0.));
#1049=CARTESIAN_POINT('',(0.0457037673325871,0.0318898360012867,0.));
#1050=CARTESIAN_POINT('',(0.0455682843286012,0.031266590183105,0.));
#1051=CARTESIAN_POINT('',(0.0454150812883385,0.0306736562820078,0.));
#1052=CARTESIAN_POINT('',(0.0452451191204786,0.0300952283239585,0.));
#1053=CARTESIAN_POINT('',(0.0449970831878242,0.0293363323611529,0.));
#1054=CARTESIAN_POINT('',(0.0446524301820075,0.0284090890889213,0.));
#1055=CARTESIAN_POINT('',(0.0440323092739556,0.0269392864213335,0.));
#1056=CARTESIAN_POINT('',(0.0431390097487592,0.0251051520543731,0.));
#1057=CARTESIAN_POINT('',(0.0419002493075729,0.0228824457013469,0.));
#1058=CARTESIAN_POINT('',(0.0405175630613243,0.0206528713640424,0.));
#1059=CARTESIAN_POINT('',(0.0390150215332161,0.018444925208715,0.));
#1060=CARTESIAN_POINT('',(0.0374154367694774,0.0162938514021377,0.));
#1061=CARTESIAN_POINT('',(0.0357376226995869,0.0142361673377157,0.));
#1062=CARTESIAN_POINT('',(0.0342831573025759,0.0126274319748317,0.));
#1063=CARTESIAN_POINT('',(0.033083751869007,0.0114203198496588,0.));
#1064=CARTESIAN_POINT('',(0.0321597355412993,0.0105549952310192,0.));
#1065=CARTESIAN_POINT('',(0.0313607482851056,0.0098695068304767,0.));
#1066=CARTESIAN_POINT('',(0.030724043808027,0.00936157935485344,0.));
#1067=CARTESIAN_POINT('',(0.0300995528119573,0.00888652226529594,0.));
#1068=CARTESIAN_POINT('',(0.0293378633116256,0.00834656652841996,0.));
#1069=CARTESIAN_POINT('',(0.0287563550536578,0.00796907428434774,0.));
#1070=CARTESIAN_POINT('',(0.0284751078734772,0.00779332582137609,0.));
#1071=CARTESIAN_POINT('',(0.00998478667900851,0.024079931315474,0.));
#1072=CARTESIAN_POINT('',(0.0284751078734772,0.00779332582137607,0.));
#1073=CARTESIAN_POINT('',(-0.00144654524492744,0.0263986362263789,0.));
#1074=CARTESIAN_POINT('',(-0.00111974449939806,0.0264172502751442,0.));
#1075=CARTESIAN_POINT('',(-0.000615472643324994,0.0264337563943901,0.));
#1076=CARTESIAN_POINT('',(7.48256951122176E-5,0.0264269586323014,0.));
#1077=CARTESIAN_POINT('',(0.000777185094478455,0.0263989321803272,0.));
#1078=CARTESIAN_POINT('',(0.00162066122992794,0.0263269754512717,0.));
#1079=CARTESIAN_POINT('',(0.00290053404412572,0.0261498595588322,0.));
#1080=CARTESIAN_POINT('',(0.00436800974738001,0.0258389375155418,0.));
#1081=CARTESIAN_POINT('',(0.00591471506979329,0.025402322703454,0.));
#1082=CARTESIAN_POINT('',(0.00704139505371773,0.0250333294109598,0.));
#1083=CARTESIAN_POINT('',(0.00783674193081219,0.0247628207673934,0.));
#1084=CARTESIAN_POINT('',(0.00838461923297793,0.0245756372282913,0.));
#1085=CARTESIAN_POINT('',(0.00887911648978013,0.0244094981699595,0.));
#1086=CARTESIAN_POINT('',(0.00931079380157515,0.0242705322222663,0.));
#1087=CARTESIAN_POINT('',(0.00968446929605053,0.0241589252461431,0.));
#1088=CARTESIAN_POINT('',(0.00989316872514973,0.0241029272594736,0.));
#1089=CARTESIAN_POINT('',(0.00998478667900842,0.0240799313154741,0.));
#1090=CARTESIAN_POINT('',(-0.0014465452449275,0.0263986362263789,0.));
#1091=CARTESIAN_POINT('',(-0.0115094825667966,0.0242896907878398,0.));
#1092=CARTESIAN_POINT('',(-0.0111329145831319,0.024354165844141,0.));
#1093=CARTESIAN_POINT('',(-0.0100423246565341,0.0246044397994209,0.));
#1094=CARTESIAN_POINT('',(-0.00773917205492276,0.0252597554490298,0.));
#1095=CARTESIAN_POINT('',(-0.00538402186974795,0.0258617496884267,0.));
#1096=CARTESIAN_POINT('',(-0.00323241534373018,0.0262410267539398,0.));
#1097=CARTESIAN_POINT('',(-0.00205687658797809,0.0263638727274031,0.));
#1098=CARTESIAN_POINT('',(-0.0014465452449275,0.0263986362263789,0.));
#1099=CARTESIAN_POINT('',(-0.0115094825667966,0.0242896907878398,0.));
#1100=CARTESIAN_POINT('',(-0.029351209749926,0.00780019252193244,0.));
#1101=CARTESIAN_POINT('',(-0.0298169069847176,0.00811861102810683,0.));
#1102=CARTESIAN_POINT('',(-0.0308285876710395,0.00882369784225834,0.));
#1103=CARTESIAN_POINT('',(-0.0325159439376597,0.0100999531125938,0.));
#1104=CARTESIAN_POINT('',(-0.0340158022150571,0.0113676521601247,0.));
#1105=CARTESIAN_POINT('',(-0.0352422215899813,0.0125171094316944,0.));
#1106=CARTESIAN_POINT('',(-0.0364646434896105,0.0137492815455639,0.));
#1107=CARTESIAN_POINT('',(-0.0379157249494425,0.0153663590098861,0.));
#1108=CARTESIAN_POINT('',(-0.0395611450538369,0.0174159571118433,0.));
#1109=CARTESIAN_POINT('',(-0.0410974183473818,0.0195378446683286,0.));
#1110=CARTESIAN_POINT('',(-0.042512326930401,0.0217011732588805,0.));
#1111=CARTESIAN_POINT('',(-0.0437873159177645,0.0238755119769125,0.));
#1112=CARTESIAN_POINT('',(-0.0449045310595667,0.0260418577902973,0.));
#1113=CARTESIAN_POINT('',(-0.0456887918216817,0.0278414306548495,0.));
#1114=CARTESIAN_POINT('',(-0.0461496433543835,0.0291177365753526,0.));
#1115=CARTESIAN_POINT('',(-0.0463859137103992,0.029863566060297,0.));
#1116=CARTESIAN_POINT('',(-0.0465473461618889,0.0304302617284145,0.));
#1117=CARTESIAN_POINT('',(-0.046693140438261,0.0310128733930479,0.));
#1118=CARTESIAN_POINT('',(-0.0468203159393908,0.0316159905107133,0.));
#1119=CARTESIAN_POINT('',(-0.046924278764767,0.0322328995017324,0.));
#1120=CARTESIAN_POINT('',(-0.0470045416822875,0.0328953131455011,0.));
#1121=CARTESIAN_POINT('',(-0.0470423177400076,0.0334883375037355,0.));
#1122=CARTESIAN_POINT('',(-0.0470490764124611,0.0339842390452677,0.));
#1123=CARTESIAN_POINT('',(-0.0470388090495184,0.0344905965380194,0.));
#1124=CARTESIAN_POINT('',(-0.0469975688693185,0.035042492462643,0.));
#1125=CARTESIAN_POINT('',(-0.046913893133189,0.0356246835563433,0.));
#1126=CARTESIAN_POINT('',(-0.0468248413685887,0.0360863452316655,0.));
#1127=CARTESIAN_POINT('',(-0.046704947309078,0.0365682337265432,0.));
#1128=CARTESIAN_POINT('',(-0.0465516768103461,0.0370632070439601,0.));
#1129=CARTESIAN_POINT('',(-0.0463571426074387,0.0375786518673589,0.));
#1130=CARTESIAN_POINT('',(-0.0461160761510318,0.038108503557515,0.));
#1131=CARTESIAN_POINT('',(-0.0458233250802126,0.038646688724481,0.));
#1132=CARTESIAN_POINT('',(-0.0454803248814979,0.0391781347391456,0.));
#1133=CARTESIAN_POINT('',(-0.0450829681339258,0.0397007717686917,0.));
#1134=CARTESIAN_POINT('',(-0.0446212390061332,0.0402129213389212,0.));
#1135=CARTESIAN_POINT('',(-0.0442072328235569,0.0406006461053487,0.));
#1136=CARTESIAN_POINT('',(-0.0438529470080398,0.0408928765806542,0.));
#1137=CARTESIAN_POINT('',(-0.0434951103288335,0.0411635820101144,0.));
#1138=CARTESIAN_POINT('',(-0.0430339978913365,0.0414694852162511,0.));
#1139=CARTESIAN_POINT('',(-0.0422951609886065,0.0418792998913825,0.));
#1140=CARTESIAN_POINT('',(-0.0413827606486434,0.0422582196402693,0.));
#1141=CARTESIAN_POINT('',(-0.0405125725131339,0.0424906512250249,0.));
#1142=CARTESIAN_POINT('',(-0.0398714918828474,0.0426063744692056,0.));
#1143=CARTESIAN_POINT('',(-0.0394090684354897,0.0426655719458249,0.));
#1144=CARTESIAN_POINT('',(-0.0389685363503254,0.0427003522405639,0.));
#1145=CARTESIAN_POINT('',(-0.0384201810405225,0.042720036437633,0.));
#1146=CARTESIAN_POINT('',(-0.0377626655483206,0.042704116471256,0.));
#1147=CARTESIAN_POINT('',(-0.0371535662356724,0.0426456520916116,0.));
#1148=CARTESIAN_POINT('',(-0.0366985122751638,0.0425816194793687,0.));
#1149=CARTESIAN_POINT('',(-0.0362680061344649,0.0425093185138089,0.));
#1150=CARTESIAN_POINT('',(-0.035746527283248,0.0424020490945369,0.));
#1151=CARTESIAN_POINT('',(-0.0351459533729719,0.0422507099728354,0.));
#1152=CARTESIAN_POINT('',(-0.034572485848368,0.0420826025939258,0.));
#1153=CARTESIAN_POINT('',(-0.0340148773470878,0.0418989139482983,0.));
#1154=CARTESIAN_POINT('',(-0.0332865062293923,0.0416344517975504,0.));
#1155=CARTESIAN_POINT('',(-0.0320490656910652,0.0411283543073042,0.));
#1156=CARTESIAN_POINT('',(-0.0303180800844442,0.0402878130074973,0.));
#1157=CARTESIAN_POINT('',(-0.0282467164501898,0.0391192062734703,0.));
#1158=CARTESIAN_POINT('',(-0.0261736275863353,0.037812036602806,0.));
#1159=CARTESIAN_POINT('',(-0.0241153186105617,0.0363903263241447,0.));
#1160=CARTESIAN_POINT('',(-0.0220997483442034,0.0348801323312998,0.));
#1161=CARTESIAN_POINT('',(-0.020156279069883,0.0333031153396496,0.));
#1162=CARTESIAN_POINT('',(-0.0186260893156932,0.0319544662217337,0.));
#1163=CARTESIAN_POINT('',(-0.0174626578160067,0.0308510414658779,0.));
#1164=CARTESIAN_POINT('',(-0.0166437013440062,0.0300330973874022,0.));
#1165=CARTESIAN_POINT('',(-0.0158842971801435,0.0292371858544196,0.));
#1166=CARTESIAN_POINT('',(-0.0149544462605488,0.0282218665766135,0.));
#1167=CARTESIAN_POINT('',(-0.0139281601829054,0.027042466552789,0.));
#1168=CARTESIAN_POINT('',(-0.0130739370960941,0.0260326778387184,0.));
#1169=CARTESIAN_POINT('',(-0.012489633108633,0.0253524925924985,0.));
#1170=CARTESIAN_POINT('',(-0.01197899667543,0.0247733123617275,0.));
#1171=CARTESIAN_POINT('',(-0.0116686804383604,0.0244465284853044,0.));
#1172=CARTESIAN_POINT('',(-0.0115094825667966,0.0242896907878398,0.));
#1173=CARTESIAN_POINT('',(-0.0293512097499259,0.00780019252193265,0.));
#1174=CARTESIAN_POINT('',(0.0284751078734772,0.00779332582137619,0.));
#1175=CARTESIAN_POINT('',(0.0285172286479061,0.00761785163125516,0.));
#1176=CARTESIAN_POINT('',(0.0285954899714288,0.00726560947865297,0.));
#1177=CARTESIAN_POINT('',(0.0287255018341986,0.00658251891435734,0.));
#1178=CARTESIAN_POINT('',(0.0288958418929362,0.00542521672621379,0.));
#1179=CARTESIAN_POINT('',(0.0290154503644775,0.00388084123085278,0.));
#1180=CARTESIAN_POINT('',(0.0290512601702936,0.00218060741150129,0.));
#1181=CARTESIAN_POINT('',(0.0290370704630282,0.000634997498292792,0.));
#1182=CARTESIAN_POINT('',(0.0290159949707405,-0.000737164460644077,0.));
#1183=CARTESIAN_POINT('',(0.0290188730535005,-0.00170099240188627,0.));
#1184=CARTESIAN_POINT('',(0.0290412888975528,-0.00232948440307272,0.));
#1185=CARTESIAN_POINT('',(0.0290631591353233,-0.00265583280805147,0.));
#1186=CARTESIAN_POINT('',(0.0290829863500599,-0.0028621273090699,0.));
#1187=CARTESIAN_POINT('',(0.0290991232348514,-0.00299762158644886,0.));
#1188=CARTESIAN_POINT('',(0.0291180273400803,-0.00313081353805661,0.));
#1189=CARTESIAN_POINT('',(0.0291495482773509,-0.00332283633627911,0.));
#1190=CARTESIAN_POINT('',(0.0292021299174607,-0.00359513673114046,0.));
#1191=CARTESIAN_POINT('',(0.0292871600190351,-0.00397621788922562,0.));
#1192=CARTESIAN_POINT('',(0.0293984759791991,-0.00443778410637469,0.));
#1193=CARTESIAN_POINT('',(0.0295303105849871,-0.00497606017916709,0.));
#1194=CARTESIAN_POINT('',(0.029679216908155,-0.00560834539589698,0.));
#1195=CARTESIAN_POINT('',(0.0298326907481893,-0.00633888279686449,0.));
#1196=CARTESIAN_POINT('',(0.0299742568402105,-0.00716288046767601,0.));
#1197=CARTESIAN_POINT('',(0.0300861610460868,-0.00808243268121593,0.));
#1198=CARTESIAN_POINT('',(0.0301470650816049,-0.00908722687132735,0.));
#1199=CARTESIAN_POINT('',(0.03013998863,-0.0101550315202105,0.));
#1200=CARTESIAN_POINT('',(0.0300631858740689,-0.0110973036042005,0.));
#1201=CARTESIAN_POINT('',(0.0299615778865468,-0.0118374806035072,0.));
#1202=CARTESIAN_POINT('',(0.0298349434289755,-0.0125726261351835,0.));
#1203=CARTESIAN_POINT('',(0.0296371019788262,-0.0134594054879852,0.));
#1204=CARTESIAN_POINT('',(0.0292453319724346,-0.0148462950542185,0.));
#1205=CARTESIAN_POINT('',(0.0286291233968721,-0.0165280127072621,0.));
#1206=CARTESIAN_POINT('',(0.0277131097586418,-0.0184945010116974,0.));
#1207=CARTESIAN_POINT('',(0.0266327354357645,-0.020416949377234,0.));
#1208=CARTESIAN_POINT('',(0.0253951158092133,-0.0222906071488142,0.));
#1209=CARTESIAN_POINT('',(0.024002690143146,-0.0241037902895001,0.));
#1210=CARTESIAN_POINT('',(0.022455958077037,-0.025837016340293,0.));
#1211=CARTESIAN_POINT('',(0.0207448029208337,-0.0274740176181539,0.));
#1212=CARTESIAN_POINT('',(0.0188662773384973,-0.0289720726303483,0.));
#1213=CARTESIAN_POINT('',(0.0169004797094833,-0.0302628773397987,0.));
#1214=CARTESIAN_POINT('',(0.0148538276126577,-0.0313628189839424,0.));
#1215=CARTESIAN_POINT('',(0.0120486593064809,-0.0325771622517202,0.));
#1216=CARTESIAN_POINT('',(0.00844017782705661,-0.0336509058499211,0.));
#1217=CARTESIAN_POINT('',(0.00477031777600874,-0.0342222384816587,0.));
#1218=CARTESIAN_POINT('',(0.00182275029766732,-0.0344336527109991,0.));
#1219=CARTESIAN_POINT('',(-0.000391481402101218,-0.0344823891927438,0.));
#1220=CARTESIAN_POINT('',(-0.00262933200383488,-0.034430448645777,0.));
#1221=CARTESIAN_POINT('',(-0.00564829905557684,-0.0342212183918133,0.));
#1222=CARTESIAN_POINT('',(-0.0086890205321004,-0.033791937723766,0.));
#1223=CARTESIAN_POINT('',(-0.0117025537124769,-0.0331129358951705,0.));
#1224=CARTESIAN_POINT('',(-0.0139403078834699,-0.0324662586973014,0.));
#1225=CARTESIAN_POINT('',(-0.0161394788042805,-0.0316689142366701,0.));
#1226=CARTESIAN_POINT('',(-0.0179317263500109,-0.0308629090991993,0.));
#1227=CARTESIAN_POINT('',(-0.0193325780953078,-0.0301211272144919,0.));
#1228=CARTESIAN_POINT('',(-0.0203628573841807,-0.0295136687145802,0.));
#1229=CARTESIAN_POINT('',(-0.0213725615673508,-0.0288495680077058,0.));
#1230=CARTESIAN_POINT('',(-0.0223563203784014,-0.0281252420529584,0.));
#1231=CARTESIAN_POINT('',(-0.0232895239316156,-0.0273546354504019,0.));
#1232=CARTESIAN_POINT('',(-0.0244557828686776,-0.0262807336381714,0.));
#1233=CARTESIAN_POINT('',(-0.0257719077218021,-0.0248589241337008,0.));
#1234=CARTESIAN_POINT('',(-0.0271279413511589,-0.0230591709352176,0.));
#1235=CARTESIAN_POINT('',(-0.0282692209761102,-0.0211915474885222,0.));
#1236=CARTESIAN_POINT('',(-0.029202994897921,-0.0192786024708985,0.));
#1237=CARTESIAN_POINT('',(-0.0299362093451968,-0.0173353952451421,0.));
#1238=CARTESIAN_POINT('',(-0.0303826772561593,-0.0157023763583798,0.));
#1239=CARTESIAN_POINT('',(-0.0306412041632315,-0.0143857848983328,0.));
#1240=CARTESIAN_POINT('',(-0.0307834446251829,-0.0133957786758346,0.));
#1241=CARTESIAN_POINT('',(-0.0308723368891014,-0.0124266786726282,0.));
#1242=CARTESIAN_POINT('',(-0.0309259879512024,-0.011191305123904,0.));
#1243=CARTESIAN_POINT('',(-0.0308937838724641,-0.00975519281088602,0.));
#1244=CARTESIAN_POINT('',(-0.0307639162206404,-0.00822869016816579,0.));
#1245=CARTESIAN_POINT('',(-0.0306043109268603,-0.00689377188835497,0.));
#1246=CARTESIAN_POINT('',(-0.0304819883354241,-0.00591837373649467,0.));
#1247=CARTESIAN_POINT('',(-0.0304025556758876,-0.0052007774032188,0.));
#1248=CARTESIAN_POINT('',(-0.0303539629124949,-0.00468777840606709,0.));
#1249=CARTESIAN_POINT('',(-0.0303184220191649,-0.00420104012702416,0.));
#1250=CARTESIAN_POINT('',(-0.0302945877609921,-0.00370320354670792,0.));
#1251=CARTESIAN_POINT('',(-0.0302799966813874,-0.00313203975432015,0.));
#1252=CARTESIAN_POINT('',(-0.0302714158122585,-0.00230163740906094,0.));
#1253=CARTESIAN_POINT('',(-0.0302762938567945,-0.00114676257244473,0.));
#1254=CARTESIAN_POINT('',(-0.0302822050697554,0.000384301743975743,0.));
#1255=CARTESIAN_POINT('',(-0.030255104021299,0.00203627699038016,0.));
#1256=CARTESIAN_POINT('',(-0.030151326390399,0.00380527446834723,0.));
#1257=CARTESIAN_POINT('',(-0.0299072044694424,0.00570531138542581,0.));
#1258=CARTESIAN_POINT('',(-0.02958464132897,0.00707811095149569,0.));
#1259=CARTESIAN_POINT('',(-0.0293512097499259,0.00780019252193265,0.));
#1260=CARTESIAN_POINT('',(0.0354673754122937,0.0406680028269438,-0.002));
#1261=CARTESIAN_POINT('',(0.00998478667900858,0.0240799313154741,-0.002));
#1262=CARTESIAN_POINT('',(0.0100650767957378,0.0241439883368408,-0.002));
#1263=CARTESIAN_POINT('',(0.0102504918214137,0.0242987748974612,-0.002));
#1264=CARTESIAN_POINT('',(0.0105850878492527,0.0246026949044314,-0.002));
#1265=CARTESIAN_POINT('',(0.0109699932765917,0.024976923252502,-0.002));
#1266=CARTESIAN_POINT('',(0.0115513078976637,0.025571331841227,-0.002));
#1267=CARTESIAN_POINT('',(0.0123817764124032,0.0264666536175436,-0.002));
#1268=CARTESIAN_POINT('',(0.0135362019841687,0.0277472877179348,-0.002));
#1269=CARTESIAN_POINT('',(0.0148461702931635,0.0291865625789033,-0.002));
#1270=CARTESIAN_POINT('',(0.0163199479188362,0.0307416266657602,-0.002));
#1271=CARTESIAN_POINT('',(0.0179793849801816,0.0323785635001035,-0.002));
#1272=CARTESIAN_POINT('',(0.0198393764575719,0.0340466777184917,-0.002));
#1273=CARTESIAN_POINT('',(0.0217932381223041,0.0356332419212236,-0.002));
#1274=CARTESIAN_POINT('',(0.0238124797038674,0.0371327604362869,-0.002));
#1275=CARTESIAN_POINT('',(0.0258687213175491,0.0385229924750689,-0.002));
#1276=CARTESIAN_POINT('',(0.0279370509905842,0.0397816802820696,-0.002));
#1277=CARTESIAN_POINT('',(0.029661448823581,0.0407035486476022,-0.002));
#1278=CARTESIAN_POINT('',(0.0310535872690892,0.0413546080177464,-0.002));
#1279=CARTESIAN_POINT('',(0.0319342426656233,0.041722122538307,-0.002));
#1280=CARTESIAN_POINT('',(0.0326565349172616,0.041991536219059,-0.002));
#1281=CARTESIAN_POINT('',(0.0332068313483284,0.0421791004170447,-0.002));
#1282=CARTESIAN_POINT('',(0.0337720659859663,0.0423522159449657,-0.002));
#1283=CARTESIAN_POINT('',(0.0343592878439841,0.04250908510815,-0.002));
#1284=CARTESIAN_POINT('',(0.0349623673777908,0.0426445110914355,-0.002));
#1285=CARTESIAN_POINT('',(0.0356049990186392,0.0427589483257396,-0.002));
#1286=CARTESIAN_POINT('',(0.0361843165211531,0.0428296792112672,-0.002));
#1287=CARTESIAN_POINT('',(0.0366708988607483,0.0428651732798941,-0.002));
#1288=CARTESIAN_POINT('',(0.0371677101616761,0.0428848830939954,-0.002));
#1289=CARTESIAN_POINT('',(0.0378404481870582,0.0428763559003339,-0.002));
#1290=CARTESIAN_POINT('',(0.0385735826240674,0.0428046189770986,-0.002));
#1291=CARTESIAN_POINT('',(0.0392087830973942,0.0426921541842256,-0.002));
#1292=CARTESIAN_POINT('',(0.0396998159884114,0.042577114724405,-0.002));
#1293=CARTESIAN_POINT('',(0.0402122044069455,0.042425158521833,-0.002));
#1294=CARTESIAN_POINT('',(0.040743256451158,0.0422301768951373,-0.002));
#1295=CARTESIAN_POINT('',(0.0412875187312549,0.0419866885600517,-0.002));
#1296=CARTESIAN_POINT('',(0.0418306839616404,0.041694794908637,-0.002));
#1297=CARTESIAN_POINT('',(0.0422807483289969,0.041407401580362,-0.002));
#1298=CARTESIAN_POINT('',(0.0426373747437635,0.0411482305875409,-0.002));
#1299=CARTESIAN_POINT('',(0.0429916969201158,0.0408675744565123,-0.002));
#1300=CARTESIAN_POINT('',(0.0434089202091282,0.0404923860313233,-0.002));
#1301=CARTESIAN_POINT('',(0.0437968349413451,0.0400814809110154,-0.002));
#1302=CARTESIAN_POINT('',(0.0440894745805852,0.0397297460157096,-0.002));
#1303=CARTESIAN_POINT('',(0.0443706960783889,0.0393604716733242,-0.002));
#1304=CARTESIAN_POINT('',(0.0446815215850467,0.0388933755345046,-0.002));
#1305=CARTESIAN_POINT('',(0.0450012180386239,0.0383161950851133,-0.002));
#1306=CARTESIAN_POINT('',(0.0453434986925061,0.0375677355262567,-0.002));
#1307=CARTESIAN_POINT('',(0.0455843814468556,0.036839087823367,-0.002));
#1308=CARTESIAN_POINT('',(0.0457416197666077,0.0361697283589523,-0.002));
#1309=CARTESIAN_POINT('',(0.0458276909067069,0.0356862069771406,-0.002));
#1310=CARTESIAN_POINT('',(0.0458853962988488,0.0352237383645293,-0.002));
#1311=CARTESIAN_POINT('',(0.0459303604849446,0.0346471236344168,-0.002));
#1312=CARTESIAN_POINT('',(0.0459392725740149,0.0339664684559918,-0.002));
#1313=CARTESIAN_POINT('',(0.0459032463952911,0.0333507183969401,-0.002));
#1314=CARTESIAN_POINT('',(0.0458549525806881,0.0328811490330722,-0.002));
#1315=CARTESIAN_POINT('',(0.0457961434785651,0.0324324865316479,-0.002));
#1316=CARTESIAN_POINT('',(0.0457037673325871,0.0318898360012867,-0.002));
#1317=CARTESIAN_POINT('',(0.0455682843286012,0.031266590183105,-0.002));
#1318=CARTESIAN_POINT('',(0.0454150812883385,0.0306736562820078,-0.002));
#1319=CARTESIAN_POINT('',(0.0452451191204786,0.0300952283239585,-0.002));
#1320=CARTESIAN_POINT('',(0.0449970831878242,0.0293363323611529,-0.002));
#1321=CARTESIAN_POINT('',(0.0446524301820075,0.0284090890889213,-0.002));
#1322=CARTESIAN_POINT('',(0.0440323092739556,0.0269392864213335,-0.002));
#1323=CARTESIAN_POINT('',(0.0431390097487592,0.0251051520543731,-0.002));
#1324=CARTESIAN_POINT('',(0.0419002493075729,0.0228824457013469,-0.002));
#1325=CARTESIAN_POINT('',(0.0405175630613243,0.0206528713640424,-0.002));
#1326=CARTESIAN_POINT('',(0.0390150215332161,0.018444925208715,-0.002));
#1327=CARTESIAN_POINT('',(0.0374154367694774,0.0162938514021377,-0.002));
#1328=CARTESIAN_POINT('',(0.0357376226995869,0.0142361673377157,-0.002));
#1329=CARTESIAN_POINT('',(0.0342831573025759,0.0126274319748317,-0.002));
#1330=CARTESIAN_POINT('',(0.033083751869007,0.0114203198496588,-0.002));
#1331=CARTESIAN_POINT('',(0.0321597355412993,0.0105549952310192,-0.002));
#1332=CARTESIAN_POINT('',(0.0313607482851056,0.0098695068304767,-0.002));
#1333=CARTESIAN_POINT('',(0.030724043808027,0.00936157935485344,-0.002));
#1334=CARTESIAN_POINT('',(0.0300995528119573,0.00888652226529594,-0.002));
#1335=CARTESIAN_POINT('',(0.0293378633116256,0.00834656652841996,-0.002));
#1336=CARTESIAN_POINT('',(0.0287563550536578,0.00796907428434774,-0.002));
#1337=CARTESIAN_POINT('',(0.0284751078734772,0.00779332582137609,-0.002));
#1338=CARTESIAN_POINT('',(0.00998478667900851,0.024079931315474,-0.002));
#1339=CARTESIAN_POINT('',(0.0284751078734772,0.00779332582137607,-0.002));
#1340=CARTESIAN_POINT('',(0.0284751078734772,0.00779332582137619,-0.002));
#1341=CARTESIAN_POINT('',(0.0285172286479061,0.00761785163125516,-0.002));
#1342=CARTESIAN_POINT('',(0.0285954899714288,0.00726560947865297,-0.002));
#1343=CARTESIAN_POINT('',(0.0287255018341986,0.00658251891435734,-0.002));
#1344=CARTESIAN_POINT('',(0.0288958418929362,0.00542521672621379,-0.002));
#1345=CARTESIAN_POINT('',(0.0290154503644775,0.00388084123085278,-0.002));
#1346=CARTESIAN_POINT('',(0.0290512601702936,0.00218060741150129,-0.002));
#1347=CARTESIAN_POINT('',(0.0290370704630282,0.000634997498292792,-0.002));
#1348=CARTESIAN_POINT('',(0.0290159949707405,-0.000737164460644077,-0.002));
#1349=CARTESIAN_POINT('',(0.0290188730535005,-0.00170099240188627,-0.002));
#1350=CARTESIAN_POINT('',(0.0290412888975528,-0.00232948440307272,-0.002));
#1351=CARTESIAN_POINT('',(0.0290631591353233,-0.00265583280805147,-0.002));
#1352=CARTESIAN_POINT('',(0.0290829863500599,-0.0028621273090699,-0.002));
#1353=CARTESIAN_POINT('',(0.0290991232348514,-0.00299762158644886,-0.002));
#1354=CARTESIAN_POINT('',(0.0291180273400803,-0.00313081353805661,-0.002));
#1355=CARTESIAN_POINT('',(0.0291495482773509,-0.00332283633627911,-0.002));
#1356=CARTESIAN_POINT('',(0.0292021299174607,-0.00359513673114046,-0.002));
#1357=CARTESIAN_POINT('',(0.0292871600190351,-0.00397621788922562,-0.002));
#1358=CARTESIAN_POINT('',(0.0293984759791991,-0.00443778410637469,-0.002));
#1359=CARTESIAN_POINT('',(0.0295303105849871,-0.00497606017916709,-0.002));
#1360=CARTESIAN_POINT('',(0.029679216908155,-0.00560834539589698,-0.002));
#1361=CARTESIAN_POINT('',(0.0298326907481893,-0.00633888279686449,-0.002));
#1362=CARTESIAN_POINT('',(0.0299742568402105,-0.00716288046767601,-0.002));
#1363=CARTESIAN_POINT('',(0.0300861610460868,-0.00808243268121593,-0.002));
#1364=CARTESIAN_POINT('',(0.0301470650816049,-0.00908722687132735,-0.002));
#1365=CARTESIAN_POINT('',(0.03013998863,-0.0101550315202105,-0.002));
#1366=CARTESIAN_POINT('',(0.0300631858740689,-0.0110973036042005,-0.002));
#1367=CARTESIAN_POINT('',(0.0299615778865468,-0.0118374806035072,-0.002));
#1368=CARTESIAN_POINT('',(0.0298349434289755,-0.0125726261351835,-0.002));
#1369=CARTESIAN_POINT('',(0.0296371019788262,-0.0134594054879852,-0.002));
#1370=CARTESIAN_POINT('',(0.0292453319724346,-0.0148462950542185,-0.002));
#1371=CARTESIAN_POINT('',(0.0286291233968721,-0.0165280127072621,-0.002));
#1372=CARTESIAN_POINT('',(0.0277131097586418,-0.0184945010116974,-0.002));
#1373=CARTESIAN_POINT('',(0.0266327354357645,-0.020416949377234,-0.002));
#1374=CARTESIAN_POINT('',(0.0253951158092133,-0.0222906071488142,-0.002));
#1375=CARTESIAN_POINT('',(0.024002690143146,-0.0241037902895001,-0.002));
#1376=CARTESIAN_POINT('',(0.022455958077037,-0.025837016340293,-0.002));
#1377=CARTESIAN_POINT('',(0.0207448029208337,-0.0274740176181539,-0.002));
#1378=CARTESIAN_POINT('',(0.0188662773384973,-0.0289720726303483,-0.002));
#1379=CARTESIAN_POINT('',(0.0169004797094833,-0.0302628773397987,-0.002));
#1380=CARTESIAN_POINT('',(0.0148538276126577,-0.0313628189839424,-0.002));
#1381=CARTESIAN_POINT('',(0.0120486593064809,-0.0325771622517202,-0.002));
#1382=CARTESIAN_POINT('',(0.00844017782705661,-0.0336509058499211,-0.002));
#1383=CARTESIAN_POINT('',(0.00477031777600874,-0.0342222384816587,-0.002));
#1384=CARTESIAN_POINT('',(0.00182275029766732,-0.0344336527109991,-0.002));
#1385=CARTESIAN_POINT('',(-0.000391481402101218,-0.0344823891927438,-0.002));
#1386=CARTESIAN_POINT('',(-0.00262933200383488,-0.034430448645777,-0.002));
#1387=CARTESIAN_POINT('',(-0.00564829905557684,-0.0342212183918133,-0.002));
#1388=CARTESIAN_POINT('',(-0.0086890205321004,-0.033791937723766,-0.002));
#1389=CARTESIAN_POINT('',(-0.0117025537124769,-0.0331129358951705,-0.002));
#1390=CARTESIAN_POINT('',(-0.0139403078834699,-0.0324662586973014,-0.002));
#1391=CARTESIAN_POINT('',(-0.0161394788042805,-0.0316689142366701,-0.002));
#1392=CARTESIAN_POINT('',(-0.0179317263500109,-0.0308629090991993,-0.002));
#1393=CARTESIAN_POINT('',(-0.0193325780953078,-0.0301211272144919,-0.002));
#1394=CARTESIAN_POINT('',(-0.0203628573841807,-0.0295136687145802,-0.002));
#1395=CARTESIAN_POINT('',(-0.0213725615673508,-0.0288495680077058,-0.002));
#1396=CARTESIAN_POINT('',(-0.0223563203784014,-0.0281252420529584,-0.002));
#1397=CARTESIAN_POINT('',(-0.0232895239316156,-0.0273546354504019,-0.002));
#1398=CARTESIAN_POINT('',(-0.0244557828686776,-0.0262807336381714,-0.002));
#1399=CARTESIAN_POINT('',(-0.0257719077218021,-0.0248589241337008,-0.002));
#1400=CARTESIAN_POINT('',(-0.0271279413511589,-0.0230591709352176,-0.002));
#1401=CARTESIAN_POINT('',(-0.0282692209761102,-0.0211915474885222,-0.002));
#1402=CARTESIAN_POINT('',(-0.029202994897921,-0.0192786024708985,-0.002));
#1403=CARTESIAN_POINT('',(-0.0299362093451968,-0.0173353952451421,-0.002));
#1404=CARTESIAN_POINT('',(-0.0303826772561593,-0.0157023763583798,-0.002));
#1405=CARTESIAN_POINT('',(-0.0306412041632315,-0.0143857848983328,-0.002));
#1406=CARTESIAN_POINT('',(-0.0307834446251829,-0.0133957786758346,-0.002));
#1407=CARTESIAN_POINT('',(-0.0308723368891014,-0.0124266786726282,-0.002));
#1408=CARTESIAN_POINT('',(-0.0309259879512024,-0.011191305123904,-0.002));
#1409=CARTESIAN_POINT('',(-0.0308937838724641,-0.00975519281088602,-0.002));
#1410=CARTESIAN_POINT('',(-0.0307639162206404,-0.00822869016816579,-0.002));
#1411=CARTESIAN_POINT('',(-0.0306043109268603,-0.00689377188835497,-0.002));
#1412=CARTESIAN_POINT('',(-0.0304819883354241,-0.00591837373649467,-0.002));
#1413=CARTESIAN_POINT('',(-0.0304025556758876,-0.0052007774032188,-0.002));
#1414=CARTESIAN_POINT('',(-0.0303539629124949,-0.00468777840606709,-0.002));
#1415=CARTESIAN_POINT('',(-0.0303184220191649,-0.00420104012702416,-0.002));
#1416=CARTESIAN_POINT('',(-0.0302945877609921,-0.00370320354670792,-0.002));
#1417=CARTESIAN_POINT('',(-0.0302799966813874,-0.00313203975432015,-0.002));
#1418=CARTESIAN_POINT('',(-0.0302714158122585,-0.00230163740906094,-0.002));
#1419=CARTESIAN_POINT('',(-0.0302762938567945,-0.00114676257244473,-0.002));
#1420=CARTESIAN_POINT('',(-0.0302822050697554,0.000384301743975743,-0.002));
#1421=CARTESIAN_POINT('',(-0.030255104021299,0.00203627699038016,-0.002));
#1422=CARTESIAN_POINT('',(-0.030151326390399,0.00380527446834723,-0.002));
#1423=CARTESIAN_POINT('',(-0.0299072044694424,0.00570531138542581,-0.002));
#1424=CARTESIAN_POINT('',(-0.02958464132897,0.00707811095149569,-0.002));
#1425=CARTESIAN_POINT('',(-0.0293512097499259,0.00780019252193265,-0.002));
#1426=CARTESIAN_POINT('',(-0.0293512097499259,0.00780019252193265,-0.002));
#1427=CARTESIAN_POINT('',(-0.029351209749926,0.00780019252193244,-0.002));
#1428=CARTESIAN_POINT('',(-0.0298169069847176,0.00811861102810683,-0.002));
#1429=CARTESIAN_POINT('',(-0.0308285876710395,0.00882369784225834,-0.002));
#1430=CARTESIAN_POINT('',(-0.0325159439376597,0.0100999531125938,-0.002));
#1431=CARTESIAN_POINT('',(-0.0340158022150571,0.0113676521601247,-0.002));
#1432=CARTESIAN_POINT('',(-0.0352422215899813,0.0125171094316944,-0.002));
#1433=CARTESIAN_POINT('',(-0.0364646434896105,0.0137492815455639,-0.002));
#1434=CARTESIAN_POINT('',(-0.0379157249494425,0.0153663590098861,-0.002));
#1435=CARTESIAN_POINT('',(-0.0395611450538369,0.0174159571118433,-0.002));
#1436=CARTESIAN_POINT('',(-0.0410974183473818,0.0195378446683286,-0.002));
#1437=CARTESIAN_POINT('',(-0.042512326930401,0.0217011732588805,-0.002));
#1438=CARTESIAN_POINT('',(-0.0437873159177645,0.0238755119769125,-0.002));
#1439=CARTESIAN_POINT('',(-0.0449045310595667,0.0260418577902973,-0.002));
#1440=CARTESIAN_POINT('',(-0.0456887918216817,0.0278414306548495,-0.002));
#1441=CARTESIAN_POINT('',(-0.0461496433543835,0.0291177365753526,-0.002));
#1442=CARTESIAN_POINT('',(-0.0463859137103992,0.029863566060297,-0.002));
#1443=CARTESIAN_POINT('',(-0.0465473461618889,0.0304302617284145,-0.002));
#1444=CARTESIAN_POINT('',(-0.046693140438261,0.0310128733930479,-0.002));
#1445=CARTESIAN_POINT('',(-0.0468203159393908,0.0316159905107133,-0.002));
#1446=CARTESIAN_POINT('',(-0.046924278764767,0.0322328995017324,-0.002));
#1447=CARTESIAN_POINT('',(-0.0470045416822875,0.0328953131455011,-0.002));
#1448=CARTESIAN_POINT('',(-0.0470423177400076,0.0334883375037355,-0.002));
#1449=CARTESIAN_POINT('',(-0.0470490764124611,0.0339842390452677,-0.002));
#1450=CARTESIAN_POINT('',(-0.0470388090495184,0.0344905965380194,-0.002));
#1451=CARTESIAN_POINT('',(-0.0469975688693185,0.035042492462643,-0.002));
#1452=CARTESIAN_POINT('',(-0.046913893133189,0.0356246835563433,-0.002));
#1453=CARTESIAN_POINT('',(-0.0468248413685887,0.0360863452316655,-0.002));
#1454=CARTESIAN_POINT('',(-0.046704947309078,0.0365682337265432,-0.002));
#1455=CARTESIAN_POINT('',(-0.0465516768103461,0.0370632070439601,-0.002));
#1456=CARTESIAN_POINT('',(-0.0463571426074387,0.0375786518673589,-0.002));
#1457=CARTESIAN_POINT('',(-0.0461160761510318,0.038108503557515,-0.002));
#1458=CARTESIAN_POINT('',(-0.0458233250802126,0.038646688724481,-0.002));
#1459=CARTESIAN_POINT('',(-0.0454803248814979,0.0391781347391456,-0.002));
#1460=CARTESIAN_POINT('',(-0.0450829681339258,0.0397007717686917,-0.002));
#1461=CARTESIAN_POINT('',(-0.0446212390061332,0.0402129213389212,-0.002));
#1462=CARTESIAN_POINT('',(-0.0442072328235569,0.0406006461053487,-0.002));
#1463=CARTESIAN_POINT('',(-0.0438529470080398,0.0408928765806542,-0.002));
#1464=CARTESIAN_POINT('',(-0.0434951103288335,0.0411635820101144,-0.002));
#1465=CARTESIAN_POINT('',(-0.0430339978913365,0.0414694852162511,-0.002));
#1466=CARTESIAN_POINT('',(-0.0422951609886065,0.0418792998913825,-0.002));
#1467=CARTESIAN_POINT('',(-0.0413827606486434,0.0422582196402693,-0.002));
#1468=CARTESIAN_POINT('',(-0.0405125725131339,0.0424906512250249,-0.002));
#1469=CARTESIAN_POINT('',(-0.0398714918828474,0.0426063744692056,-0.002));
#1470=CARTESIAN_POINT('',(-0.0394090684354897,0.0426655719458249,-0.002));
#1471=CARTESIAN_POINT('',(-0.0389685363503254,0.0427003522405639,-0.002));
#1472=CARTESIAN_POINT('',(-0.0384201810405225,0.042720036437633,-0.002));
#1473=CARTESIAN_POINT('',(-0.0377626655483206,0.042704116471256,-0.002));
#1474=CARTESIAN_POINT('',(-0.0371535662356724,0.0426456520916116,-0.002));
#1475=CARTESIAN_POINT('',(-0.0366985122751638,0.0425816194793687,-0.002));
#1476=CARTESIAN_POINT('',(-0.0362680061344649,0.0425093185138089,-0.002));
#1477=CARTESIAN_POINT('',(-0.035746527283248,0.0424020490945369,-0.002));
#1478=CARTESIAN_POINT('',(-0.0351459533729719,0.0422507099728354,-0.002));
#1479=CARTESIAN_POINT('',(-0.034572485848368,0.0420826025939258,-0.002));
#1480=CARTESIAN_POINT('',(-0.0340148773470878,0.0418989139482983,-0.002));
#1481=CARTESIAN_POINT('',(-0.0332865062293923,0.0416344517975504,-0.002));
#1482=CARTESIAN_POINT('',(-0.0320490656910652,0.0411283543073042,-0.002));
#1483=CARTESIAN_POINT('',(-0.0303180800844442,0.0402878130074973,-0.002));
#1484=CARTESIAN_POINT('',(-0.0282467164501898,0.0391192062734703,-0.002));
#1485=CARTESIAN_POINT('',(-0.0261736275863353,0.037812036602806,-0.002));
#1486=CARTESIAN_POINT('',(-0.0241153186105617,0.0363903263241447,-0.002));
#1487=CARTESIAN_POINT('',(-0.0220997483442034,0.0348801323312998,-0.002));
#1488=CARTESIAN_POINT('',(-0.020156279069883,0.0333031153396496,-0.002));
#1489=CARTESIAN_POINT('',(-0.0186260893156932,0.0319544662217337,-0.002));
#1490=CARTESIAN_POINT('',(-0.0174626578160067,0.0308510414658779,-0.002));
#1491=CARTESIAN_POINT('',(-0.0166437013440062,0.0300330973874022,-0.002));
#1492=CARTESIAN_POINT('',(-0.0158842971801435,0.0292371858544196,-0.002));
#1493=CARTESIAN_POINT('',(-0.0149544462605488,0.0282218665766135,-0.002));
#1494=CARTESIAN_POINT('',(-0.0139281601829054,0.027042466552789,-0.002));
#1495=CARTESIAN_POINT('',(-0.0130739370960941,0.0260326778387184,-0.002));
#1496=CARTESIAN_POINT('',(-0.012489633108633,0.0253524925924985,-0.002));
#1497=CARTESIAN_POINT('',(-0.01197899667543,0.0247733123617275,-0.002));
#1498=CARTESIAN_POINT('',(-0.0116686804383604,0.0244465284853044,-0.002));
#1499=CARTESIAN_POINT('',(-0.0115094825667966,0.0242896907878398,-0.002));
#1500=CARTESIAN_POINT('',(-0.0115094825667966,0.0242896907878398,-0.002));
#1501=CARTESIAN_POINT('',(-0.0115094825667966,0.0242896907878398,-0.002));
#1502=CARTESIAN_POINT('',(-0.0111329145831319,0.024354165844141,-0.002));
#1503=CARTESIAN_POINT('',(-0.0100423246565341,0.0246044397994209,-0.002));
#1504=CARTESIAN_POINT('',(-0.00773917205492276,0.0252597554490298,-0.002));
#1505=CARTESIAN_POINT('',(-0.00538402186974795,0.0258617496884267,-0.002));
#1506=CARTESIAN_POINT('',(-0.00323241534373018,0.0262410267539398,-0.002));
#1507=CARTESIAN_POINT('',(-0.00205687658797809,0.0263638727274031,-0.002));
#1508=CARTESIAN_POINT('',(-0.0014465452449275,0.0263986362263789,-0.002));
#1509=CARTESIAN_POINT('',(-0.0014465452449275,0.0263986362263789,-0.002));
#1510=CARTESIAN_POINT('',(-0.00144654524492744,0.0263986362263789,-0.002));
#1511=CARTESIAN_POINT('',(-0.00111974449939806,0.0264172502751442,-0.002));
#1512=CARTESIAN_POINT('',(-0.000615472643324994,0.0264337563943901,-0.002));
#1513=CARTESIAN_POINT('',(7.48256951122176E-5,0.0264269586323014,-0.002));
#1514=CARTESIAN_POINT('',(0.000777185094478455,0.0263989321803272,-0.002));
#1515=CARTESIAN_POINT('',(0.00162066122992794,0.0263269754512717,-0.002));
#1516=CARTESIAN_POINT('',(0.00290053404412572,0.0261498595588322,-0.002));
#1517=CARTESIAN_POINT('',(0.00436800974738001,0.0258389375155418,-0.002));
#1518=CARTESIAN_POINT('',(0.00591471506979329,0.025402322703454,-0.002));
#1519=CARTESIAN_POINT('',(0.00704139505371773,0.0250333294109598,-0.002));
#1520=CARTESIAN_POINT('',(0.00783674193081219,0.0247628207673934,-0.002));
#1521=CARTESIAN_POINT('',(0.00838461923297793,0.0245756372282913,-0.002));
#1522=CARTESIAN_POINT('',(0.00887911648978013,0.0244094981699595,-0.002));
#1523=CARTESIAN_POINT('',(0.00931079380157515,0.0242705322222663,-0.002));
#1524=CARTESIAN_POINT('',(0.00968446929605053,0.0241589252461431,-0.002));
#1525=CARTESIAN_POINT('',(0.00989316872514973,0.0241029272594736,-0.002));
#1526=CARTESIAN_POINT('',(0.00998478667900842,0.0240799313154741,-0.002));
#1527=CARTESIAN_POINT('',(0.00998478667900858,0.0240799313154741,-0.002));
#1528=CARTESIAN_POINT('',(0.00998478667900858,0.0240799313154741,9.97465998686664E-18));
#1529=CARTESIAN_POINT('',(0.0103059471459255,0.0243361594009408,-0.002));
#1530=CARTESIAN_POINT('',(0.0103059471459255,0.0243361594009408,9.97465998686664E-18));
#1531=CARTESIAN_POINT('',(0.0113023062146697,0.0252639710123482,-0.002));
#1532=CARTESIAN_POINT('',(0.0113023062146697,0.0252639710123482,9.97465998686664E-18));
#1533=CARTESIAN_POINT('',(0.0134604130795019,0.0276691649358086,-0.002));
#1534=CARTESIAN_POINT('',(0.0134604130795019,0.0276691649358086,1.04083408558608E-17));
#1535=CARTESIAN_POINT('',(0.015767398937887,0.0301963077498044,-0.002));
#1536=CARTESIAN_POINT('',(0.015767398937887,0.0301963077498044,9.10729824887824E-18));
#1537=CARTESIAN_POINT('',(0.0179792727702478,0.0323786294342141,-0.002));
#1538=CARTESIAN_POINT('',(0.0179792727702478,0.0323786294342141,1.0842021724855E-17));
#1539=CARTESIAN_POINT('',(0.0204594501701391,0.0346019934911328,-0.002));
#1540=CARTESIAN_POINT('',(0.0204594501701391,0.0346019934911328,9.54097911787244E-18));
#1541=CARTESIAN_POINT('',(0.0231270155935813,0.0366685604158022,-0.002));
#1542=CARTESIAN_POINT('',(0.0231270155935813,0.0366685604158022,9.97465998686664E-18));
#1543=CARTESIAN_POINT('',(0.025868799296359,0.0385231589702829,-0.002));
#1544=CARTESIAN_POINT('',(0.025868799296359,0.0385231589702829,9.97465998686664E-18));
#1545=CARTESIAN_POINT('',(0.0279367572599365,0.0397815646830785,-0.002));
#1546=CARTESIAN_POINT('',(0.0279367572599365,0.0397815646830785,9.54097911787244E-18));
#1547=CARTESIAN_POINT('',(0.0300074253339611,0.0408882182214591,-0.002));
#1548=CARTESIAN_POINT('',(0.0300074253339611,0.0408882182214591,9.97465998686664E-18));
#1549=CARTESIAN_POINT('',(0.0320967521035236,0.0418202257107744,-0.002));
#1550=CARTESIAN_POINT('',(0.0320967521035236,0.0418202257107744,9.10729824887824E-18));
#1551=CARTESIAN_POINT('',(0.033935579175877,0.042432900717267,-0.002));
#1552=CARTESIAN_POINT('',(0.033935579175877,0.042432900717267,1.0842021724855E-17));
#1553=CARTESIAN_POINT('',(0.0355823994325635,0.0427732673012652,-0.002));
#1554=CARTESIAN_POINT('',(0.0355823994325635,0.0427732673012652,9.54097911787244E-18));
#1555=CARTESIAN_POINT('',(0.0370056615037012,0.0429130682144394,-0.002));
#1556=CARTESIAN_POINT('',(0.0370056615037012,0.0429130682144394,9.97465998686664E-18));
#1557=CARTESIAN_POINT('',(0.0386766881309854,0.0428409278992828,-0.002));
#1558=CARTESIAN_POINT('',(0.0386766881309854,0.0428409278992828,9.97465998686664E-18));
#1559=CARTESIAN_POINT('',(0.0407062288886124,0.0423546992345691,-0.002));
#1560=CARTESIAN_POINT('',(0.0407062288886124,0.0423546992345691,9.54097911787244E-18));
#1561=CARTESIAN_POINT('',(0.0425936591959344,0.0412864747264897,-0.002));
#1562=CARTESIAN_POINT('',(0.0425936591959344,0.0412864747264897,1.12757025938492E-17));
#1563=CARTESIAN_POINT('',(0.0438943809113933,0.040021747460932,-0.002));
#1564=CARTESIAN_POINT('',(0.0438943809113933,0.040021747460932,9.54097911787244E-18));
#1565=CARTESIAN_POINT('',(0.0449882193805905,0.0385160774727238,-0.002));
#1566=CARTESIAN_POINT('',(0.0449882193805905,0.0385160774727238,1.0842021724855E-17));
#1567=CARTESIAN_POINT('',(0.0457237094073882,0.0366055357513755,-0.002));
#1568=CARTESIAN_POINT('',(0.0457237094073882,0.0366055357513755,9.97465998686664E-18));
#1569=CARTESIAN_POINT('',(0.0459643649386794,0.0347398030403214,-0.002));
#1570=CARTESIAN_POINT('',(0.0459643649386794,0.0347398030403214,1.04083408558608E-17));
#1571=CARTESIAN_POINT('',(0.0459146302109985,0.0331989612826937,-0.002));
#1572=CARTESIAN_POINT('',(0.0459146302109985,0.0331989612826937,9.97465998686664E-18));
#1573=CARTESIAN_POINT('',(0.0456476771714759,0.031434777581007,-0.002));
#1574=CARTESIAN_POINT('',(0.0456476771714759,0.031434777581007,9.97465998686664E-18));
#1575=CARTESIAN_POINT('',(0.0450926853185001,0.0295095724223986,-0.002));
#1576=CARTESIAN_POINT('',(0.0450926853185001,0.0295095724223986,9.54097911787244E-18));
#1577=CARTESIAN_POINT('',(0.044211292973856,0.0273067804813126,-0.002));
#1578=CARTESIAN_POINT('',(0.044211292973856,0.0273067804813126,1.0842021724855E-17));
#1579=CARTESIAN_POINT('',(0.0431389204358346,0.0251049757687438,-0.002));
#1580=CARTESIAN_POINT('',(0.0431389204358346,0.0251049757687438,9.54097911787244E-18));
#1581=CARTESIAN_POINT('',(0.04190028276441,0.0228824836572767,-0.002));
#1582=CARTESIAN_POINT('',(0.04190028276441,0.0228824836572767,1.04083408558608E-17));
#1583=CARTESIAN_POINT('',(0.0405175185469003,0.0206528958259523,-0.002));
#1584=CARTESIAN_POINT('',(0.0405175185469003,0.0206528958259523,9.54097911787244E-18));
#1585=CARTESIAN_POINT('',(0.0385143819964664,0.0177087539315426,-0.002));
#1586=CARTESIAN_POINT('',(0.0385143819964664,0.0177087539315426,1.04083408558608E-17));
#1587=CARTESIAN_POINT('',(0.0357656842064671,0.014172794488956,-0.002));
#1588=CARTESIAN_POINT('',(0.0357656842064671,0.014172794488956,9.54097911787244E-18));
#1589=CARTESIAN_POINT('',(0.0328203918766318,0.0110597006476361,-0.002));
#1590=CARTESIAN_POINT('',(0.0328203918766318,0.0110597006476361,1.04083408558608E-17));
#1591=CARTESIAN_POINT('',(0.0302319802148048,0.00894433489851562,-0.002));
#1592=CARTESIAN_POINT('',(0.0302319802148048,0.00894433489851562,9.10729824887824E-18));
#1593=CARTESIAN_POINT('',(0.0290376022338385,0.00814482274731941,-0.002));
#1594=CARTESIAN_POINT('',(0.0290376022338385,0.00814482274731941,9.97465998686664E-18));
#1595=CARTESIAN_POINT('',(0.0284751078734772,0.00779332582137609,-0.002));
#1596=CARTESIAN_POINT('',(0.0284751078734772,0.00779332582137609,9.97465998686664E-18));
#1597=CARTESIAN_POINT('',(0.0284751078734772,0.00779332582137607,-0.002));
#1598=CARTESIAN_POINT('',(0.00998478667900851,0.024079931315474,-0.002));
#1599=CARTESIAN_POINT('',(0.0284751078734772,0.00779332582137619,-0.002));
#1600=CARTESIAN_POINT('',(0.0284751078734772,0.00779332582137619,0.));
#1601=CARTESIAN_POINT('',(0.0288120740689076,0.00638953230040809,-0.002));
#1602=CARTESIAN_POINT('',(0.0288120740689076,0.00638953230040809,0.));
#1603=CARTESIAN_POINT('',(0.0290650049987626,0.0038002082639192,-0.002));
#1604=CARTESIAN_POINT('',(0.0290650049987626,0.0038002082639192,-1.30104260698261E-18));
#1605=CARTESIAN_POINT('',(0.0290436285229614,0.00109423203221062,-0.002));
#1606=CARTESIAN_POINT('',(0.0290436285229614,0.00109423203221062,1.30104260698261E-18));
#1607=CARTESIAN_POINT('',(0.0290162361554906,-0.000737942838748997,-0.002));
#1608=CARTESIAN_POINT('',(0.0290162361554906,-0.000737942838748997,-4.33680868994202E-19));
#1609=CARTESIAN_POINT('',(0.0290187739629867,-0.00189183529389353,-0.002));
#1610=CARTESIAN_POINT('',(0.0290187739629867,-0.00189183529389353,4.33680868994202E-19));
#1611=CARTESIAN_POINT('',(0.029065586768566,-0.0027721232228709,-0.002));
#1612=CARTESIAN_POINT('',(0.029065586768566,-0.0027721232228709,0.));
#1613=CARTESIAN_POINT('',(0.0291287401090543,-0.00323671830297705,-0.002));
#1614=CARTESIAN_POINT('',(0.0291287401090543,-0.00323671830297705,0.));
#1615=CARTESIAN_POINT('',(0.029274733240825,-0.0039428961443954,-0.002));
#1616=CARTESIAN_POINT('',(0.029274733240825,-0.0039428961443954,4.33680868994202E-19));
#1617=CARTESIAN_POINT('',(0.0295215729004458,-0.00492948951385898,-0.002));
#1618=CARTESIAN_POINT('',(0.0295215729004458,-0.00492948951385898,-8.67361737988404E-19));
#1619=CARTESIAN_POINT('',(0.0298379103846947,-0.00628951601910934,-0.002));
#1620=CARTESIAN_POINT('',(0.0298379103846947,-0.00628951601910934,4.33680868994202E-19));
#1621=CARTESIAN_POINT('',(0.0301110223018977,-0.00803920346073446,-0.002));
#1622=CARTESIAN_POINT('',(0.0301110223018977,-0.00803920346073446,4.33680868994202E-19));
#1623=CARTESIAN_POINT('',(0.030183966513877,-0.0101335082018201,-0.002));
#1624=CARTESIAN_POINT('',(0.030183966513877,-0.0101335082018201,0.));
#1625=CARTESIAN_POINT('',(0.0299079565670815,-0.0124198747051529,-0.002));
#1626=CARTESIAN_POINT('',(0.0299079565670815,-0.0124198747051529,4.33680868994202E-19));
#1627=CARTESIAN_POINT('',(0.0293680001267326,-0.014507170466439,-0.002));
#1628=CARTESIAN_POINT('',(0.0293680001267326,-0.014507170466439,-4.33680868994202E-19));
#1629=CARTESIAN_POINT('',(0.0283827884152945,-0.0172017720887238,-0.002));
#1630=CARTESIAN_POINT('',(0.0283827884152945,-0.0172017720887238,4.33680868994202E-19));
#1631=CARTESIAN_POINT('',(0.02671034621288,-0.0204394572801805,-0.002));
#1632=CARTESIAN_POINT('',(0.02671034621288,-0.0204394572801805,-4.33680868994202E-19));
#1633=CARTESIAN_POINT('',(0.0240805056036151,-0.0241408414982946,-0.002));
#1634=CARTESIAN_POINT('',(0.0240805056036151,-0.0241408414982946,-4.33680868994202E-19));
#1635=CARTESIAN_POINT('',(0.0213713057935144,-0.0269734413945063,-0.002));
#1636=CARTESIAN_POINT('',(0.0213713057935144,-0.0269734413945063,4.33680868994202E-19));
#1637=CARTESIAN_POINT('',(0.0188662720003851,-0.0289722169118587,-0.002));
#1638=CARTESIAN_POINT('',(0.0188662720003851,-0.0289722169118587,0.));
#1639=CARTESIAN_POINT('',(0.0162449181832499,-0.0306935044401357,-0.002));
#1640=CARTESIAN_POINT('',(0.0162449181832499,-0.0306935044401357,-4.33680868994202E-19));
#1641=CARTESIAN_POINT('',(0.0127694358215429,-0.0323633779132,-0.002));
#1642=CARTESIAN_POINT('',(0.0127694358215429,-0.0323633779132,8.67361737988404E-19));
#1643=CARTESIAN_POINT('',(0.00844114191770521,-0.0336507430157236,-0.002));
#1644=CARTESIAN_POINT('',(0.00844114191770521,-0.0336507430157236,0.));
#1645=CARTESIAN_POINT('',(0.00403340918402728,-0.0343361919636766,-0.002));
#1646=CARTESIAN_POINT('',(0.00403340918402728,-0.0343361919636766,4.33680868994202E-19));
#1647=CARTESIAN_POINT('',(-0.000380062934027362,-0.0345322154255085,-0.002));
#1648=CARTESIAN_POINT('',(-0.000380062934027362,-0.0345322154255085,0.));
#1649=CARTESIAN_POINT('',(-0.00488566476249091,-0.0343286044620406,-0.002));
#1650=CARTESIAN_POINT('',(-0.00488566476249091,-0.0343286044620406,4.33680868994202E-19));
#1651=CARTESIAN_POINT('',(-0.00944949898424935,-0.0336844972511123,-0.002));
#1652=CARTESIAN_POINT('',(-0.00944949898424935,-0.0336844972511123,4.33680868994202E-19));
#1653=CARTESIAN_POINT('',(-0.0139571681156055,-0.0325416695529387,-0.002));
#1654=CARTESIAN_POINT('',(-0.0139571681156055,-0.0325416695529387,4.33680868994202E-19));
#1655=CARTESIAN_POINT('',(-0.0175971051892399,-0.0310867028073054,-0.002));
#1656=CARTESIAN_POINT('',(-0.0175971051892399,-0.0310867028073054,-8.67361737988404E-19));
#1657=CARTESIAN_POINT('',(-0.0203713583224303,-0.0295437474766473,-0.002));
#1658=CARTESIAN_POINT('',(-0.0203713583224303,-0.0295437474766473,4.33680868994202E-19));
#1659=CARTESIAN_POINT('',(-0.0223804674371229,-0.0281494161992885,-0.002));
#1660=CARTESIAN_POINT('',(-0.0223804674371229,-0.0281494161992885,-1.30104260698261E-18));
#1661=CARTESIAN_POINT('',(-0.0241941389416511,-0.0265637593961391,-0.002));
#1662=CARTESIAN_POINT('',(-0.0241941389416511,-0.0265637593961391,4.33680868994202E-19));
#1663=CARTESIAN_POINT('',(-0.0262974284534014,-0.0242907840250961,-0.002));
#1664=CARTESIAN_POINT('',(-0.0262974284534014,-0.0242907840250961,-1.30104260698261E-18));
#1665=CARTESIAN_POINT('',(-0.0283727745521824,-0.0212140543161569,-0.002));
#1666=CARTESIAN_POINT('',(-0.0283727745521824,-0.0212140543161569,4.33680868994202E-19));
#1667=CARTESIAN_POINT('',(-0.0297574313513193,-0.0179870224932698,-0.002));
#1668=CARTESIAN_POINT('',(-0.0297574313513193,-0.0179870224932698,-4.33680868994202E-19));
#1669=CARTESIAN_POINT('',(-0.0304719702157189,-0.01537852666513,-0.002));
#1670=CARTESIAN_POINT('',(-0.0304719702157189,-0.01537852666513,4.33680868994202E-19));
#1671=CARTESIAN_POINT('',(-0.0308105832564202,-0.013385277588135,-0.002));
#1672=CARTESIAN_POINT('',(-0.0308105832564202,-0.013385277588135,-8.67361737988404E-19));
#1673=CARTESIAN_POINT('',(-0.0309330163116646,-0.0114759412566287,-0.002));
#1674=CARTESIAN_POINT('',(-0.0309330163116646,-0.0114759412566287,4.33680868994202E-19));
#1675=CARTESIAN_POINT('',(-0.0308797884940301,-0.00918147331581181,-0.002));
#1676=CARTESIAN_POINT('',(-0.0308797884940301,-0.00918147331581181,-8.67361737988404E-19));
#1677=CARTESIAN_POINT('',(-0.0306523762500252,-0.00728189975923802,-0.002));
#1678=CARTESIAN_POINT('',(-0.0306523762500252,-0.00728189975923802,0.));
#1679=CARTESIAN_POINT('',(-0.0304577363115576,-0.00572484300623434,-0.002));
#1680=CARTESIAN_POINT('',(-0.0304577363115576,-0.00572484300623434,-8.67361737988404E-19));
#1681=CARTESIAN_POINT('',(-0.0303473322184079,-0.00467320141723617,-0.002));
#1682=CARTESIAN_POINT('',(-0.0303473322184079,-0.00467320141723617,0.));
#1683=CARTESIAN_POINT('',(-0.0302897641598432,-0.00373528247933252,-0.002));
#1684=CARTESIAN_POINT('',(-0.0302897641598432,-0.00373528247933252,4.33680868994202E-19));
#1685=CARTESIAN_POINT('',(-0.0302703808867401,-0.00253156273360972,-0.002));
#1686=CARTESIAN_POINT('',(-0.0302703808867401,-0.00253156273360972,-8.67361737988404E-19));
#1687=CARTESIAN_POINT('',(-0.0302763201228193,-0.00114714579646567,-0.002));
#1688=CARTESIAN_POINT('',(-0.0302763201228193,-0.00114714579646567,-4.33680868994202E-19));
#1689=CARTESIAN_POINT('',(-0.0302841057220829,0.000895428595201426,-0.002));
#1690=CARTESIAN_POINT('',(-0.0302841057220829,0.000895428595201426,-4.33680868994202E-19));
#1691=CARTESIAN_POINT('',(-0.0302119932799445,0.0037436751101109,-0.002));
#1692=CARTESIAN_POINT('',(-0.0302119932799445,0.0037436751101109,8.67361737988404E-19));
#1693=CARTESIAN_POINT('',(-0.0298180729080141,0.00635602938105864,-0.002));
#1694=CARTESIAN_POINT('',(-0.0298180729080141,0.00635602938105864,0.));
#1695=CARTESIAN_POINT('',(-0.0293512097499259,0.00780019252193265,-0.002));
#1696=CARTESIAN_POINT('',(-0.0293512097499259,0.00780019252193265,0.));
#1697=CARTESIAN_POINT('',(-0.0293512097499259,0.00780019252193265,-0.002));
#1698=CARTESIAN_POINT('',(-0.029351209749926,0.00780019252193244,-0.002));
#1699=CARTESIAN_POINT('',(-0.029351209749926,0.00780019252193244,0.));
#1700=CARTESIAN_POINT('',(-0.0302826042195093,0.00843702953428123,-0.002));
#1701=CARTESIAN_POINT('',(-0.0302826042195093,0.00843702953428123,0.));
#1702=CARTESIAN_POINT('',(-0.0319170775624478,0.00959495360752954,-0.002));
#1703=CARTESIAN_POINT('',(-0.0319170775624478,0.00959495360752954,0.));
#1704=CARTESIAN_POINT('',(-0.034314737968858,0.0116184186071559,-0.002));
#1705=CARTESIAN_POINT('',(-0.034314737968858,0.0116184186071559,0.));
#1706=CARTESIAN_POINT('',(-0.0367914395967139,0.0140248652627023,-0.002));
#1707=CARTESIAN_POINT('',(-0.0367914395967139,0.0140248652627023,-4.33680868994202E-19));
#1708=CARTESIAN_POINT('',(-0.0396119780911323,0.017379559678337,-0.002));
#1709=CARTESIAN_POINT('',(-0.0396119780911323,0.017379559678337,0.));
#1710=CARTESIAN_POINT('',(-0.0420873957233657,0.0209764824736097,-0.002));
#1711=CARTESIAN_POINT('',(-0.0420873957233657,0.0209764824736097,4.33680868994202E-19));
#1712=CARTESIAN_POINT('',(-0.0437873130730905,0.0238754444522169,-0.002));
#1713=CARTESIAN_POINT('',(-0.0437873130730905,0.0238754444522169,-4.33680868994202E-19));
#1714=CARTESIAN_POINT('',(-0.0449044943078673,0.0260420781796997,-0.002));
#1715=CARTESIAN_POINT('',(-0.0449044943078673,0.0260420781796997,4.33680868994202E-19));
#1716=CARTESIAN_POINT('',(-0.0458457938255766,0.0282005311948461,-0.002));
#1717=CARTESIAN_POINT('',(-0.0458457938255766,0.0282005311948461,-8.67361737988404E-19));
#1718=CARTESIAN_POINT('',(-0.0465847519469603,0.0304018224996276,-0.002));
#1719=CARTESIAN_POINT('',(-0.0465847519469603,0.0304018224996276,8.67361737988404E-19));
#1720=CARTESIAN_POINT('',(-0.0470004896434919,0.0323916913946449,-0.002));
#1721=CARTESIAN_POINT('',(-0.0470004896434919,0.0323916913946449,4.33680868994202E-19));
#1722=CARTESIAN_POINT('',(-0.0470783274750569,0.0343251382192739,-0.002));
#1723=CARTESIAN_POINT('',(-0.0470783274750569,0.0343251382192739,-4.33680868994202E-19));
#1724=CARTESIAN_POINT('',(-0.0468995099312852,0.0360312062270287,-0.002));
#1725=CARTESIAN_POINT('',(-0.0468995099312852,0.0360312062270287,-8.67361737988404E-19));
#1726=CARTESIAN_POINT('',(-0.0463514505855678,0.0377454802729714,-0.002));
#1727=CARTESIAN_POINT('',(-0.0463514505855678,0.0377454802729714,4.33680868994202E-19));
#1728=CARTESIAN_POINT('',(-0.0455098731056095,0.0391815716741969,-0.002));
#1729=CARTESIAN_POINT('',(-0.0455098731056095,0.0391815716741969,-4.33680868994202E-19));
#1730=CARTESIAN_POINT('',(-0.0446470441021129,0.040229209629691,-0.002));
#1731=CARTESIAN_POINT('',(-0.0446470441021129,0.040229209629691,0.));
#1732=CARTESIAN_POINT('',(-0.0435943062314386,0.0411322379900506,-0.002));
#1733=CARTESIAN_POINT('',(-0.0435943062314386,0.0411322379900506,0.));
#1734=CARTESIAN_POINT('',(-0.0421053930275817,0.0420282951957548,-0.002));
#1735=CARTESIAN_POINT('',(-0.0421053930275817,0.0420282951957548,-4.33680868994202E-19));
#1736=CARTESIAN_POINT('',(-0.0402891305973547,0.0426034980319223,-0.002));
#1737=CARTESIAN_POINT('',(-0.0402891305973547,0.0426034980319223,-4.33680868994202E-19));
#1738=CARTESIAN_POINT('',(-0.0385161811693854,0.0427551344483982,-0.002));
#1739=CARTESIAN_POINT('',(-0.0385161811693854,0.0427551344483982,0.));
#1740=CARTESIAN_POINT('',(-0.0370009353909617,0.0426504464195941,-0.002));
#1741=CARTESIAN_POINT('',(-0.0370009353909617,0.0426504464195941,0.));
#1742=CARTESIAN_POINT('',(-0.0357350064848429,0.0424123129502671,-0.002));
#1743=CARTESIAN_POINT('',(-0.0357350064848429,0.0424123129502671,0.));
#1744=CARTESIAN_POINT('',(-0.0341728686121688,0.0419825363872224,-0.002));
#1745=CARTESIAN_POINT('',(-0.0341728686121688,0.0419825363872224,-4.33680868994202E-19));
#1746=CARTESIAN_POINT('',(-0.032396085350095,0.0412956935057553,-0.002));
#1747=CARTESIAN_POINT('',(-0.032396085350095,0.0412956935057553,0.));
#1748=CARTESIAN_POINT('',(-0.0303178687549546,0.040288024600785,-0.002));
#1749=CARTESIAN_POINT('',(-0.0303178687549546,0.040288024600785,4.33680868994202E-19));
#1750=CARTESIAN_POINT('',(-0.0282467392304419,0.0391191289618295,-0.002));
#1751=CARTESIAN_POINT('',(-0.0282467392304419,0.0391191289618295,0.));
#1752=CARTESIAN_POINT('',(-0.025482750649606,0.0373764693541642,-0.002));
#1753=CARTESIAN_POINT('',(-0.025482750649606,0.0373764693541642,-8.67361737988404E-19));
#1754=CARTESIAN_POINT('',(-0.0220629115165642,0.034910328525469,-0.002));
#1755=CARTESIAN_POINT('',(-0.0220629115165642,0.034910328525469,4.33680868994202E-19));
#1756=CARTESIAN_POINT('',(-0.0188873406817506,0.0322375208935905,-0.002));
#1757=CARTESIAN_POINT('',(-0.0188873406817506,0.0322375208935905,0.));
#1758=CARTESIAN_POINT('',(-0.0166110788677666,0.0300201004193713,-0.002));
#1759=CARTESIAN_POINT('',(-0.0166110788677666,0.0300201004193713,-4.33680868994202E-19));
#1760=CARTESIAN_POINT('',(-0.0146751999412147,0.0279360324167217,-0.002));
#1761=CARTESIAN_POINT('',(-0.0146751999412147,0.0279360324167217,0.));
#1762=CARTESIAN_POINT('',(-0.0128074686187948,0.0257004011670545,-0.002));
#1763=CARTESIAN_POINT('',(-0.0128074686187948,0.0257004011670545,0.));
#1764=CARTESIAN_POINT('',(-0.0118278783099243,0.024603366182769,-0.002));
#1765=CARTESIAN_POINT('',(-0.0118278783099243,0.024603366182769,0.));
#1766=CARTESIAN_POINT('',(-0.0115094825667966,0.0242896907878398,-0.002));
#1767=CARTESIAN_POINT('',(-0.0115094825667966,0.0242896907878398,0.));
#1768=CARTESIAN_POINT('',(-0.0115094825667966,0.0242896907878398,-0.002));
#1769=CARTESIAN_POINT('',(-0.0115094825667966,0.0242896907878398,-0.002));
#1770=CARTESIAN_POINT('',(-0.0115094825667966,0.0242896907878398,0.));
#1771=CARTESIAN_POINT('',(-0.0111329145831319,0.024354165844141,-0.002));
#1772=CARTESIAN_POINT('',(-0.0111329145831319,0.024354165844141,0.));
#1773=CARTESIAN_POINT('',(-0.0100425114805611,0.0246055969096692,-0.002));
#1774=CARTESIAN_POINT('',(-0.0100425114805611,0.0246055969096692,-4.33680868994202E-19));
#1775=CARTESIAN_POINT('',(-0.00697052040091881,0.0254724084476572,-0.002));
#1776=CARTESIAN_POINT('',(-0.00697052040091881,0.0254724084476572,4.33680868994202E-19));
#1777=CARTESIAN_POINT('',(-0.00388787061712973,0.0262595822304757,-0.002));
#1778=CARTESIAN_POINT('',(-0.00388787061712973,0.0262595822304757,0.));
#1779=CARTESIAN_POINT('',(-0.0014465452449275,0.0263986362263789,-0.002));
#1780=CARTESIAN_POINT('',(-0.0014465452449275,0.0263986362263789,0.));
#1781=CARTESIAN_POINT('',(-0.0014465452449275,0.0263986362263789,-0.002));
#1782=CARTESIAN_POINT('',(-0.00144654524492744,0.0263986362263789,-0.002));
#1783=CARTESIAN_POINT('',(-0.00144654524492744,0.0263986362263789,0.));
#1784=CARTESIAN_POINT('',(-0.000792943753868594,0.0264358643239095,-0.002));
#1785=CARTESIAN_POINT('',(-0.000792943753868594,0.0264358643239095,0.));
#1786=CARTESIAN_POINT('',(0.000621336147310611,0.0264444975355779,-0.002));
#1787=CARTESIAN_POINT('',(0.000621336147310611,0.0264444975355779,1.30104260698261E-18));
#1788=CARTESIAN_POINT('',(0.0026105213375339,0.0262113254339027,-0.002));
#1789=CARTESIAN_POINT('',(0.0026105213375339,0.0262113254339027,4.33680868994202E-19));
#1790=CARTESIAN_POINT('',(0.00436702742021445,0.0258392210493672,-0.002));
#1791=CARTESIAN_POINT('',(0.00436702742021445,0.0258392210493672,-4.33680868994202E-19));
#1792=CARTESIAN_POINT('',(0.00643120678579047,0.0252561357858645,-0.002));
#1793=CARTESIAN_POINT('',(0.00643120678579047,0.0252561357858645,1.73472347597681E-18));
#1794=CARTESIAN_POINT('',(0.00851800451945311,0.024518070384931,-0.002));
#1795=CARTESIAN_POINT('',(0.00851800451945311,0.024518070384931,-8.67361737988404E-19));
#1796=CARTESIAN_POINT('',(0.00961831486357365,0.0241719150914721,-0.002));
#1797=CARTESIAN_POINT('',(0.00961831486357365,0.0241719150914721,0.));
#1798=CARTESIAN_POINT('',(0.00998478667900842,0.0240799313154741,-0.002));
#1799=CARTESIAN_POINT('',(0.00998478667900842,0.0240799313154741,0.));
#1800=MECHANICAL_DESIGN_GEOMETRIC_PRESENTATION_REPRESENTATION('',(#199),
#1801);
#1801=(
GEOMETRIC_REPRESENTATION_CONTEXT(3)
GLOBAL_UNCERTAINTY_ASSIGNED_CONTEXT((#1802))
GLOBAL_UNIT_ASSIGNED_CONTEXT((#1805,#1804,#1803))
REPRESENTATION_CONTEXT('Part 1','TOP_LEVEL_ASSEMBLY_PART')
);
#1802=UNCERTAINTY_MEASURE_WITH_UNIT(LENGTH_MEASURE(2.E-5),#1805,
'DISTANCE_ACCURACY_VALUE','Maximum Tolerance applied to model');
#1803=(
NAMED_UNIT(*)
SI_UNIT($,.STERADIAN.)
SOLID_ANGLE_UNIT()
);
#1804=(
NAMED_UNIT(*)
PLANE_ANGLE_UNIT()
SI_UNIT($,.RADIAN.)
);
#1805=(
LENGTH_UNIT()
NAMED_UNIT(*)
SI_UNIT($,.METRE.)
);
#1806=PRODUCT_DEFINITION_SHAPE('','',#1807);
#1807=PRODUCT_DEFINITION('','',#1809,#1808);
#1808=PRODUCT_DEFINITION_CONTEXT('',#1815,'design');
#1809=PRODUCT_DEFINITION_FORMATION_WITH_SPECIFIED_SOURCE('','',#1811,
 .NOT_KNOWN.);
#1810=PRODUCT_RELATED_PRODUCT_CATEGORY('','',(#1811));
#1811=PRODUCT('Part 1','Part 1','Part 1',(#1813));
#1812=PRODUCT_CATEGORY('','');
#1813=PRODUCT_CONTEXT('',#1815,'mechanical');
#1814=APPLICATION_PROTOCOL_DEFINITION('international standard',
'ap242_managed_model_based_3d_engineering',2020,#1815);
#1815=APPLICATION_CONTEXT('managed model based 3d engineering');
ENDSEC;
END-ISO-10303-21;
